Date,Open,High,Low,Close,Adj Close,Volume,Market Cap,Delta,DeltaPercent
2007-03-14,7.46,8.3,7.15,7.46,7.46,45900,768007000.0,0.0,0.0
2007-03-15,7.47,7.6,7.44,7.47,7.47,15800,769036500.0,0.0,0.0
2007-03-16,7.77,7.88,7.67,7.77,7.77,44800,799921500.0,0.0,0.0
2007-03-19,7.8,8.01,7.71,7.8,7.8,16400,803010000.0,0.0,0.0
2007-03-20,7.88,8.1,7.87,7.88,7.88,106300,811246000.0,0.0,0.0
2007-03-21,7.93,7.94,7.84,7.93,7.93,26100,816393500.0,0.0,0.0
2007-03-22,8.14,8.14,7.85,8.14,8.14,13900,838013000.0,0.0,0.0
2007-03-23,8.14,8.25,8.01,8.2,8.2,25600,838013000.0,0.05999999999999872,0.7371007371007213
2007-03-26,8.1,8.22,7.96,8.1,8.1,13300,833895000.0,0.0,0.0
2007-03-27,7.85,8.08,7.79,7.85,7.85,86000,808157500.0,0.0,0.0
2007-03-28,7.9,7.97,7.8,7.9,7.9,12200,813305000.0,0.0,0.0
2007-03-29,7.93,7.96,7.89,7.93,7.93,6300,816393500.0,0.0,0.0
2007-03-30,7.97,8.04,7.91,7.97,7.97,11600,820511500.0,0.0,0.0
2007-04-02,7.82,8.01,7.82,7.82,7.82,3300,805069000.0,0.0,0.0
2007-04-03,7.36,7.75,6.93,7.36,7.36,76400,757712000.0,0.0,0.0
2007-04-04,7.2,7.33,7.13,7.2,7.2,45800,741240000.0,0.0,0.0
2007-04-05,7.36,7.36,7.04,7.36,7.36,10800,757712000.0,0.0,0.0
2007-04-09,7.27,7.3,7.18,7.27,7.27,8700,748446500.0,0.0,0.0
2007-04-10,7.4,7.55,7.09,7.4,7.4,65400,761830000.0,0.0,0.0
2007-04-11,7.2,7.57,7.2,7.2,7.2,14700,741240000.0,0.0,0.0
2007-04-12,7.44,7.44,7.31,7.44,7.44,4700,765948000.0,0.0,0.0
2007-04-13,7.01,7.45,7.0,7.01,7.01,26300,721679500.0,0.0,0.0
2007-04-16,7.11,7.11,6.85,7.11,7.11,49900,731974500.0,0.0,0.0
2007-04-17,7.25,7.25,7.02,7.25,7.25,32400,746387500.0,0.0,0.0
2007-04-18,7.29,7.33,7.23,7.29,7.29,3600,750505500.0,0.0,0.0
2007-04-19,7.26,7.26,7.02,7.26,7.26,2100,747417000.0,0.0,0.0
2007-04-20,8.16,8.16,7.32,8.16,8.16,73200,840072000.0,0.0,0.0
2007-04-23,8.14,8.28,7.88,8.14,8.14,18800,838013000.0,0.0,0.0
2007-04-24,8.39,8.51,8.25,8.39,8.39,27600,863750500.0,0.0,0.0
2007-04-25,8.65,8.65,8.48,8.65,8.65,14500,890517500.0,0.0,0.0
2007-04-26,8.55,8.61,8.29,8.55,8.55,7200,880222500.0000001,0.0,0.0
2007-04-27,8.42,8.6,8.42,8.42,8.42,86800,866839000.0,0.0,0.0
2007-04-30,8.21,8.35,7.87,8.21,8.21,8300,845219500.0000001,0.0,0.0
2007-05-01,8.19,8.34,8.13,8.19,8.19,14000,843160500.0,0.0,0.0
2007-05-02,9.14,9.18,8.46,9.14,9.14,24400,940963000.0,0.0,0.0
2007-05-03,9.46,9.52,9.22,9.46,9.46,17300,973907000.0000001,0.0,0.0
2007-05-04,9.64,9.83,9.57,9.64,9.64,26300,992438000.0,0.0,0.0
2007-05-07,9.79,9.79,9.51,9.79,9.79,20300,1007880499.9999999,0.0,0.0
2007-05-08,9.77,9.89,9.68,9.77,9.77,41900,1005821500.0,0.0,0.0
2007-05-09,10.0,10.0,9.63,10.0,10.0,14200,1029500000.0,0.0,0.0
2007-05-10,10.02,10.32,9.76,10.02,10.02,44300,1031559000.0,0.0,0.0
2007-05-11,10.36,10.36,9.89,10.36,10.36,18500,1066562000.0,0.0,0.0
2007-05-14,10.28,10.31,10.02,10.28,10.28,8500,1058325999.9999999,0.0,0.0
2007-05-15,10.17,10.34,10.05,10.17,10.17,17800,1047001500.0,0.0,0.0
2007-05-16,10.27,10.27,9.76,10.27,10.27,19600,1057296500.0,0.0,0.0
2007-05-17,10.25,10.25,9.81,10.25,10.25,9200,1055237500.0,0.0,0.0
2007-05-18,11.37,11.4,10.25,11.37,11.37,39200,1170541500.0,0.0,0.0
2007-05-21,11.37,11.37,11.37,11.37,11.37,0,1170541500.0,0.0,0.0
2007-05-22,11.24,11.31,10.46,11.24,11.24,65700,1157158000.0,0.0,0.0
2007-05-23,10.9,11.31,10.86,10.9,10.9,21500,1122155000.0,0.0,0.0
2007-05-24,9.75,10.19,9.31,9.75,9.75,64200,1003762500.0,0.0,0.0
2007-05-25,9.92,10.1,9.7,9.92,9.92,52600,1021264000.0,0.0,0.0
2007-05-29,9.8,9.99,9.8,9.8,9.8,49900,1008910000.0000001,0.0,0.0
2007-05-30,9.72,9.8,9.51,9.72,9.72,16800,1000674000.0000001,0.0,0.0
2007-05-31,9.8,9.84,9.55,9.8,9.8,46900,1008910000.0000001,0.0,0.0
2007-06-01,9.78,9.93,9.62,9.78,9.78,18800,1006850999.9999999,0.0,0.0
2007-06-04,9.98,9.98,9.67,9.98,9.98,54100,1027441000.0,0.0,0.0
2007-06-05,10.5,10.5,9.94,10.5,10.5,18800,1080975000.0,0.0,0.0
2007-06-06,10.45,10.5,10.1,10.45,10.45,26000,1075827500.0,0.0,0.0
2007-06-07,10.51,10.56,10.12,10.51,10.51,6000,1082004500.0,0.0,0.0
2007-06-08,9.86,9.88,9.49,9.86,9.86,15500,1015087000.0,0.0,0.0
2007-06-11,10.02,10.25,9.91,10.02,10.02,10600,1031559000.0,0.0,0.0
2007-06-12,9.75,9.88,9.57,9.75,9.75,39700,1003762500.0,0.0,0.0
2007-06-13,9.65,9.82,9.58,9.65,9.65,14400,993467500.0,0.0,0.0
2007-06-14,9.98,9.98,9.59,9.98,9.98,47900,1027441000.0,0.0,0.0
2007-06-15,9.88,9.94,9.65,9.88,9.88,10800,1017146000.0000001,0.0,0.0
2007-06-18,9.91,9.91,9.73,9.91,9.91,38700,1020234500.0,0.0,0.0
2007-06-19,10.98,11.0,9.97,10.98,10.98,21600,1130391000.0,0.0,0.0
2007-06-20,11.53,11.71,11.12,11.53,11.53,43200,1187013500.0,0.0,0.0
2007-06-21,11.21,11.21,11.13,11.21,11.21,3100,1154069500.0,0.0,0.0
2007-06-22,11.53,11.53,11.21,11.53,11.53,19900,1187013500.0,0.0,0.0
2007-06-25,11.23,11.39,11.23,11.23,11.23,3600,1156128500.0,0.0,0.0
2007-06-26,10.64,11.05,10.64,10.64,10.64,18700,1095388000.0,0.0,0.0
2007-06-27,10.61,10.93,10.5,10.61,10.61,15800,1092299500.0,0.0,0.0
2007-06-28,10.81,10.9,10.7,10.81,10.81,11100,1112889500.0,0.0,0.0
2007-06-29,10.97,10.97,10.85,10.97,10.97,11300,1129361500.0,0.0,0.0
2007-07-02,10.97,10.97,10.97,10.97,10.97,0,1129361500.0,0.0,0.0
2007-07-03,11.0,11.05,10.85,11.0,11.0,18100,1132450000.0,0.0,0.0
2007-07-05,11.25,11.25,11.03,11.25,11.25,2700,1158187500.0,0.0,0.0
2007-07-06,11.0,11.51,11.0,11.0,11.0,24500,1132450000.0,0.0,0.0
2007-07-09,11.0,11.38,11.0,11.37,11.37,60000,1132450000.0,0.3699999999999992,3.3636363636363567
2007-07-10,11.5,13.18,11.5,13.02,13.02,106900,1183925000.0,1.5199999999999996,13.217391304347823
2007-07-11,13.09,13.1,12.75,12.76,12.76,54600,1347615500.0,-0.33000000000000007,-2.521008403361345
2007-07-12,12.89,12.96,12.8,12.93,12.93,41100,1327025500.0,0.03999999999999915,0.310318076027922
2007-07-13,12.95,13.02,12.8,13.02,13.02,46900,1333202500.0,0.07000000000000028,0.5405405405405428
2007-07-16,13.02,13.99,13.02,13.92,13.92,65500,1340409000.0,0.9000000000000004,6.912442396313367
2007-07-17,13.8,13.8,13.41,13.7,13.7,38400,1420710000.0,-0.10000000000000142,-0.7246376811594305
2007-07-18,13.61,14.45,13.52,13.84,13.84,36900,1401149500.0,0.23000000000000043,1.6899338721528319
2007-07-19,13.75,14.6,13.75,14.36,14.36,44900,1415562500.0,0.6099999999999994,4.436363636363632
2007-07-20,14.31,15.55,14.3,15.55,15.55,55100,1473214500.0,1.2400000000000002,8.665269042627534
2007-07-23,15.53,15.75,14.8,15.18,15.18,44800,1598813500.0,-0.34999999999999964,-2.2537025112685103
2007-07-24,15.02,15.1,14.55,14.55,14.55,27400,1546309000.0,-0.46999999999999886,-3.1291611185086476
2007-07-25,14.83,14.83,13.7,14.5,14.5,50500,1526748500.0,-0.33000000000000007,-2.2252191503708705
2007-07-26,14.5,15.01,13.53,14.0,14.0,45900,1492775000.0,-0.5,-3.4482758620689653
2007-07-27,14.1,14.1,13.5,13.95,13.95,31100,1451595000.0,-0.15000000000000036,-1.0638297872340452
2007-07-30,13.9,13.92,13.5,13.8,13.8,23300,1431005000.0,-0.09999999999999964,-0.7194244604316521
2007-07-31,13.89,13.89,13.4,13.65,13.65,50600,1429975500.0,-0.2400000000000002,-1.7278617710583168
2007-08-01,13.75,13.75,13.25,13.39,13.39,25300,1415562500.0,-0.35999999999999943,-2.6181818181818137
2007-08-02,12.83,13.35,12.83,13.35,13.35,43100,1320848500.0,0.5199999999999996,4.053000779423224
2007-08-03,13.42,13.55,13.26,13.55,13.55,21300,1381589000.0,0.13000000000000078,0.968703427719827
2007-08-06,13.45,13.59,13.1,13.4,13.4,14000,1384677500.0,-0.049999999999998934,-0.3717472118959029
2007-08-07,13.4,13.4,12.87,13.0,13.0,44700,1379530000.0,-0.40000000000000036,-2.9850746268656745
2007-08-08,13.0,13.67,12.87,13.65,13.65,34900,1338350000.0,0.6500000000000004,5.000000000000003
2007-08-09,13.5,13.64,12.95,13.19,13.19,32900,1389825000.0,-0.3100000000000005,-2.2962962962963003
2007-08-10,13.06,13.08,12.74,13.08,13.08,48700,1344527000.0,0.019999999999999574,0.15313935681469812
2007-08-13,13.2,13.2,12.83,13.09,13.09,17600,1358940000.0,-0.10999999999999943,-0.8333333333333292
2007-08-14,13.1,13.1,12.0,12.65,12.65,36400,1348645000.0,-0.4499999999999993,-3.4351145038167887
2007-08-15,12.15,12.35,11.56,12.11,12.11,101600,1250842500.0,-0.040000000000000924,-0.3292181069958924
2007-08-16,11.55,11.55,9.11,11.5,11.5,224000,1189072500.0,-0.05000000000000071,-0.43290043290043906
2007-08-17,11.6,12.38,9.25,11.32,11.32,50000,1194220000.0,-0.27999999999999936,-2.4137931034482705
2007-08-20,11.29,11.43,10.92,11.2,11.2,52100,1162305500.0,-0.08999999999999986,-0.7971656333038075
2007-08-21,11.1,11.28,10.9,11.0,11.0,13100,1142745000.0,-0.09999999999999964,-0.9009009009008978
2007-08-22,11.06,11.6,11.0,11.6,11.6,18200,1138627000.0,0.5399999999999991,4.882459312839052
2007-08-23,11.8,12.4,11.64,11.7,11.7,63900,1214810000.0,-0.10000000000000142,-0.847457627118656
2007-08-24,11.8,11.92,11.55,11.76,11.76,38100,1214810000.0,-0.040000000000000924,-0.33898305084746544
2007-08-27,11.82,11.82,11.0,11.63,11.63,32900,1216869000.0,-0.1899999999999995,-1.6074450084602325
2007-08-28,11.71,11.71,11.04,11.58,11.58,19600,1205544500.0,-0.13000000000000078,-1.110162254483354
2007-08-29,11.54,11.81,11.5,11.69,11.69,11600,1188043000.0,0.15000000000000036,1.2998266897747
2007-08-30,11.6,11.77,11.54,11.72,11.72,6100,1194220000.0,0.120000000000001,1.0344827586206984
2007-08-31,11.97,12.4,11.8,12.4,12.4,23900,1232311500.0,0.4299999999999997,3.592314118629906
2007-09-04,12.35,13.25,12.15,13.25,13.25,36800,1271432500.0,0.9000000000000004,7.2874493927125545
2007-09-05,13.24,13.62,12.8,13.08,13.08,31500,1363058000.0,-0.16000000000000014,-1.2084592145015116
2007-09-06,13.06,13.45,12.65,13.43,13.43,27700,1344527000.0,0.3699999999999992,2.8330781010719694
2007-09-07,13.43,13.46,13.24,13.44,13.44,13800,1382618500.0,0.009999999999999787,0.0744601638123588
2007-09-10,13.15,13.22,13.08,13.2,13.2,6800,1353792500.0,0.049999999999998934,0.38022813688212115
2007-09-11,13.2,13.5,13.2,13.5,13.5,9400,1358940000.0,0.3000000000000007,2.2727272727272783
2007-09-12,13.49,13.78,13.48,13.78,13.78,14100,1388795500.0,0.28999999999999915,2.1497405485544787
2007-09-13,13.7,14.16,13.7,14.0,14.0,11100,1410415000.0,0.3000000000000007,2.1897810218978155
2007-09-14,14.01,14.4,13.9,14.06,14.06,19900,1442329500.0,0.05000000000000071,0.3568879371877281
2007-09-17,14.11,14.11,13.7,13.93,13.93,22700,1452624500.0,-0.17999999999999972,-1.2756909992912808
2007-09-18,13.89,14.3,13.51,14.3,14.3,33900,1429975500.0,0.41000000000000014,2.95176385889129
2007-09-19,14.3,14.3,13.9,14.0,14.0,8000,1472185000.0,-0.3000000000000007,-2.097902097902103
2007-09-20,14.05,14.46,14.0,14.2,14.2,22000,1446447500.0,0.14999999999999858,1.0676156583629792
2007-09-21,14.45,14.55,14.37,14.54,14.54,22800,1487627500.0,0.08999999999999986,0.6228373702422135
2007-09-24,14.54,14.54,14.19,14.29,14.29,32000,1496893000.0,-0.25,-1.7193947730398902
2007-09-25,14.24,14.33,13.91,13.91,13.91,33500,1466008000.0,-0.33000000000000007,-2.3174157303370793
2007-09-26,14.15,14.15,13.6,13.8,13.8,21000,1456742500.0,-0.34999999999999964,-2.4734982332155453
2007-09-27,13.84,13.92,13.63,13.71,13.71,12600,1424828000.0,-0.129999999999999,-0.9393063583814957
2007-09-28,13.72,14.13,13.72,14.04,14.04,12500,1412474000.0,0.3199999999999985,2.3323615160349744
2007-10-01,13.85,14.03,13.8,13.9,13.9,14900,1425857500.0,0.05000000000000071,0.3610108303249149
2007-10-02,13.86,13.86,13.1,13.65,13.65,23000,1426887000.0,-0.20999999999999908,-1.5151515151515087
2007-10-03,13.65,13.7,13.35,13.5,13.5,13800,1405267500.0,-0.15000000000000036,-1.0989010989011014
2007-10-04,13.35,13.75,13.35,13.65,13.65,3500,1374382500.0,0.3000000000000007,2.2471910112359605
2007-10-05,13.5,14.01,13.5,13.81,13.81,18200,1389825000.0,0.3100000000000005,2.2962962962963003
2007-10-08,13.8,13.8,13.32,13.54,13.54,5800,1420710000.0,-0.26000000000000156,-1.884057971014504
2007-10-09,13.5,14.18,13.48,14.18,14.18,23200,1389825000.0,0.6799999999999997,5.037037037037035
2007-10-10,14.17,14.39,14.15,14.38,14.38,27200,1458801500.0,0.21000000000000085,1.4820042342978184
2007-10-11,14.38,14.79,14.38,14.75,14.75,34700,1480421000.0,0.3699999999999992,2.5730180806675884
2007-10-12,14.63,14.87,14.63,14.63,14.63,5400,1506158500.0,0.0,0.0
2007-10-15,14.61,14.65,14.25,14.42,14.42,17900,1504099500.0,-0.1899999999999995,-1.3004791238877447
2007-10-16,14.4,14.4,13.71,14.1,14.1,17100,1482480000.0,-0.3000000000000007,-2.083333333333338
2007-10-17,14.2,14.2,13.84,14.05,14.05,8900,1461890000.0,-0.14999999999999858,-1.0563380281690042
2007-10-18,14.05,14.35,13.95,14.33,14.33,5300,1446447500.0,0.27999999999999936,1.9928825622775754
2007-10-19,14.45,14.65,14.2,14.42,14.42,21900,1487627500.0,-0.02999999999999936,-0.20761245674740045
2007-10-22,14.0,14.1,13.65,14.1,14.1,20900,1441300000.0,0.09999999999999964,0.7142857142857117
2007-10-23,14.15,14.45,13.85,14.35,14.35,22900,1456742500.0,0.1999999999999993,1.4134275618374508
2007-10-24,14.1,14.17,13.9,14.05,14.05,3900,1451595000.0,-0.049999999999998934,-0.35460992907800665
2007-10-25,14.25,14.5,13.5,14.45,14.45,42500,1467037500.0,0.1999999999999993,1.4035087719298196
2007-10-26,14.75,15.52,14.5,15.52,15.52,37800,1518512500.0,0.7699999999999996,5.220338983050844
2007-10-29,15.4,15.83,15.25,15.65,15.65,32700,1585430000.0,0.25,1.6233766233766231
2007-10-30,15.6,15.66,15.0,15.32,15.32,67600,1606020000.0,-0.27999999999999936,-1.794871794871791
2007-10-31,15.25,15.8,15.25,15.72,15.72,28200,1569987500.0,0.47000000000000064,3.081967213114758
2007-11-01,15.65,15.7,15.45,15.5,15.5,73500,1611167500.0,-0.15000000000000036,-0.9584664536741236
2007-11-02,15.69,16.27,15.69,16.15,16.15,44900,1615285500.0,0.4599999999999991,2.931803696622046
2007-11-05,15.24,16.48,15.24,16.459999,16.459999,34000,1568958000.0,1.2199989999999996,8.005242782152228
2007-11-06,17.15,17.76,17.0,17.379999,17.379999,101200,1765592499.9999998,0.22999900000000295,1.3411020408163439
2007-11-07,17.450001,17.719999,16.9,16.92,16.92,91600,1796477602.95,-0.5300009999999986,-3.037254840271921
2007-11-08,16.91,17.1,16.6,16.700001,16.700001,36400,1740884500.0,-0.20999899999999982,-1.2418628030751024
2007-11-09,18.0,18.0,16.51,16.57,16.57,18500,1853100000.0,-1.4299999999999997,-7.944444444444443
2007-11-12,15.21,15.85,15.21,15.49,15.49,34200,1565869500.0,0.27999999999999936,1.840894148586452
2007-11-13,15.33,15.56,14.34,15.56,15.56,47600,1578223500.0,0.23000000000000043,1.5003261578604072
2007-11-14,15.75,16.35,15.72,16.299999,16.299999,9800,1621462500.0,0.5499989999999997,3.4920571428571403
2007-11-15,16.49,16.49,15.69,15.8,15.8,10400,1697645499.9999998,-0.6899999999999977,-4.184354154032734
2007-11-16,15.82,16.040001,15.74,16.040001,16.040001,3000,1628669000.0,0.2200009999999999,1.390651074589127
2007-11-19,15.99,15.99,15.43,15.53,15.53,8500,1646170500.0,-0.46000000000000085,-2.8767979987492236
2007-11-20,15.46,15.75,14.95,15.37,15.37,21600,1591607000.0,-0.09000000000000163,-0.582147477360942
2007-11-21,15.5,15.5,14.62,14.97,14.97,32800,1595725000.0,-0.5299999999999994,-3.4193548387096735
2007-11-23,15.25,15.75,15.25,15.75,15.75,4200,1569987500.0,0.5,3.278688524590164
2007-11-26,15.78,15.9,15.7,15.74,15.74,41500,1624551000.0,-0.03999999999999915,-0.25348542458808077
2007-11-27,15.43,15.91,15.43,15.9,15.9,30000,1588518500.0,0.47000000000000064,3.046014257939084
2007-11-28,15.5,16.0,15.37,16.0,16.0,41500,1595725000.0,0.5,3.225806451612903
2007-11-29,15.63,15.63,15.25,15.43,15.43,7300,1609108500.0,-0.20000000000000107,-1.279590531030077
2007-11-30,15.3,15.45,15.06,15.45,15.45,13500,1575135000.0,0.14999999999999858,0.9803921568627357
2007-12-03,15.27,15.44,15.0,15.4,15.4,31400,1572046500.0,0.13000000000000078,0.8513425016372024
2007-12-04,14.94,15.09,14.49,15.09,15.09,17800,1538073000.0,0.15000000000000036,1.0040160642570306
2007-12-05,14.87,15.2,14.79,15.2,15.2,14700,1530866500.0,0.33000000000000007,2.2192333557498323
2007-12-06,14.96,15.33,14.69,15.33,15.33,19500,1540132000.0,0.3699999999999992,2.473262032085556
2007-12-07,15.21,15.22,14.92,15.15,15.15,17900,1565869500.0,-0.0600000000000005,-0.39447731755424387
2007-12-10,15.06,15.33,15.0,15.33,15.33,11600,1550427000.0,0.2699999999999996,1.7928286852589612
2007-12-11,15.16,15.16,14.33,14.7,14.7,96700,1560722000.0,-0.46000000000000085,-3.034300791556734
2007-12-12,14.66,15.0,14.62,14.99,14.99,21400,1509247000.0,0.33000000000000007,2.2510231923601642
2007-12-13,13.79,14.78,13.79,14.6,14.6,14400,1419680500.0,0.8100000000000005,5.873821609862223
2007-12-14,14.44,14.6,14.27,14.58,14.58,27500,1486598000.0,0.14000000000000057,0.9695290858725801
2007-12-17,14.51,14.54,14.07,14.26,14.26,24000,1493804500.0,-0.25,-1.722949689869056
2007-12-18,14.32,14.41,14.12,14.35,14.35,2600,1474244000.0,0.02999999999999936,0.20949720670390615
2007-12-19,14.27,14.45,14.21,14.44,14.44,7000,1469096500.0,0.16999999999999993,1.1913104414856337
2007-12-20,14.5,14.5,13.79,14.24,14.24,19000,1492775000.0,-0.2599999999999998,-1.7931034482758605
2007-12-21,14.35,14.43,14.25,14.41,14.41,19800,1477332500.0,0.0600000000000005,0.41811846689895815
2007-12-24,14.49,14.9,14.49,14.9,14.9,5300,1491745500.0,0.41000000000000014,2.8295376121463085
2007-12-26,16.09,16.09,14.95,15.2,15.2,11700,1656465500.0,-0.8900000000000006,-5.531385954008704
2007-12-27,14.89,14.96,14.77,14.95,14.95,9500,1532925500.0,0.05999999999999872,0.40295500335794976
2007-12-28,14.99,15.24,14.97,15.2,15.2,8800,1543220500.0,0.20999999999999908,1.4009339559706409
2007-12-31,15.1,15.21,14.87,14.87,14.87,10600,1554545000.0,-0.23000000000000043,-1.5231788079470228
2008-01-02,14.8,15.25,14.58,15.25,15.25,17500,1523660000.0,0.4499999999999993,3.0405405405405355
2008-01-03,15.19,15.55,15.14,15.55,15.55,21400,1563810500.0,0.3600000000000012,2.36998025016459
2008-01-04,14.79,15.51,14.79,15.35,15.35,19900,1522630500.0,0.5600000000000005,3.7863421230561225
2008-01-07,15.95,15.95,14.99,15.31,15.31,26800,1642052500.0,-0.6399999999999988,-4.012539184952971
2008-01-08,15.35,15.43,15.0,15.2,15.2,23300,1580282500.0,-0.15000000000000036,-0.9771986970684062
2008-01-09,15.47,15.47,14.9,15.16,15.16,9700,1592636500.0,-0.3100000000000005,-2.003878474466713
2008-01-10,14.84,15.1,14.83,15.1,15.1,7800,1527778000.0,0.2599999999999998,1.7520215633423166
2008-01-11,14.88,14.95,14.74,14.95,14.95,8600,1531896000.0,0.06999999999999851,0.4704301075268717
2008-01-14,14.85,15.05,14.83,14.99,14.99,27300,1528807500.0,0.14000000000000057,0.9427609427609467
2008-01-15,14.26,14.99,14.26,14.8,14.8,13500,1468067000.0,0.5400000000000009,3.7868162692847194
2008-01-16,14.95,14.95,14.56,14.67,14.67,11400,1539102500.0,-0.27999999999999936,-1.8729096989966512
2008-01-17,14.69,14.72,14.0,14.29,14.29,58100,1512335500.0,-0.40000000000000036,-2.722940776038124
2008-01-18,14.27,14.29,13.65,13.95,13.95,50800,1469096500.0,-0.3200000000000003,-2.2424667133847254
2008-01-22,12.83,13.5,12.7,13.26,13.26,86000,1320848500.0,0.4299999999999997,3.351519875292282
2008-01-23,12.94,13.18,12.08,13.15,13.15,47800,1332173000.0,0.21000000000000085,1.6228748068006247
2008-01-24,13.19,13.68,13.13,13.2,13.2,13900,1357910500.0,0.009999999999999787,0.0758150113722501
2008-01-25,14.29,14.75,13.41,13.47,13.47,16300,1471155500.0,-0.8199999999999985,-5.738278516445057
2008-01-28,13.3,13.67,13.3,13.45,13.45,17900,1369235000.0,0.14999999999999858,1.1278195488721696
2008-01-29,13.5,13.5,13.41,13.5,13.5,3700,1389825000.0,0.0,0.0
2008-01-30,13.48,13.65,13.41,13.59,13.59,20400,1387766000.0,0.10999999999999943,0.8160237388723993
2008-01-31,13.38,13.4,13.01,13.36,13.36,22000,1377471000.0,-0.02000000000000135,-0.14947683109119095
2008-02-01,13.4,13.59,13.14,13.53,13.53,8700,1379530000.0,0.129999999999999,0.9701492537313358
2008-02-04,13.5,13.5,13.0,13.32,13.32,37100,1389825000.0,-0.17999999999999972,-1.3333333333333313
2008-02-05,13.14,13.14,12.7,12.7,12.7,13600,1352763000.0,-0.4400000000000013,-3.34855403348555
2008-02-06,12.85,12.97,12.5,12.59,12.59,17600,1322907500.0,-0.2599999999999998,-2.0233463035019437
2008-02-07,12.62,12.62,11.72,12.5,12.5,90300,1299229000.0,-0.11999999999999922,-0.9508716323296293
2008-02-08,12.74,13.11,12.58,12.99,12.99,20600,1311583000.0,0.25,1.9623233908948194
2008-02-11,13.01,13.01,12.75,12.93,12.93,23400,1339379500.0,-0.08000000000000007,-0.6149116064565724
2008-02-12,14.04,14.04,12.6,12.6,12.6,13100,1445418000.0,-1.4399999999999995,-10.256410256410254
2008-02-13,12.6,12.79,12.55,12.79,12.79,2400,1297170000.0,0.1899999999999995,1.507936507936504
2008-02-14,12.6,12.7,12.32,12.56,12.56,10500,1297170000.0,-0.03999999999999915,-0.31746031746031067
2008-02-15,12.38,12.38,12.05,12.31,12.31,36800,1274521000.0,-0.07000000000000028,-0.5654281098546065
2008-02-19,12.41,12.41,11.9,12.2,12.2,33100,1277609500.0,-0.21000000000000085,-1.692183722804197
2008-02-20,11.9,12.1,11.72,12.05,12.05,27600,1225105000.0,0.15000000000000036,1.2605042016806753
2008-02-21,12.0,12.0,11.8,11.89,11.89,45500,1235400000.0,-0.10999999999999943,-0.916666666666662
2008-02-22,11.98,12.05,11.83,12.04,12.04,20200,1233341000.0,0.05999999999999872,0.5008347245408908
2008-02-25,12.1,12.2,12.1,12.2,12.2,26600,1245695000.0,0.09999999999999964,0.8264462809917326
2008-02-26,12.25,14.58,12.25,14.34,14.34,66700,1261137500.0,2.09,17.06122448979592
2008-02-27,14.79,15.78,14.58,15.07,15.07,98700,1522630500.0,0.28000000000000114,1.8931710615280675
2008-02-28,15.1,15.23,14.7,14.77,14.77,29600,1554545000.0,-0.33000000000000007,-2.1854304635761594
2008-02-29,14.58,15.21,14.22,14.89,14.89,61300,1501011000.0,0.3100000000000005,2.126200274348426
2008-03-03,14.5,15.17,14.5,14.82,14.82,52400,1492775000.0,0.3200000000000003,2.2068965517241397
2008-03-04,13.55,14.6,13.55,14.34,14.34,29400,1394972500.0,0.7899999999999991,5.830258302583019
2008-03-05,14.5,14.72,14.3,14.4,14.4,23200,1492775000.0,-0.09999999999999964,-0.6896551724137907
2008-03-06,14.3,14.38,14.1,14.24,14.24,26500,1472185000.0,-0.0600000000000005,-0.419580419580423
2008-03-07,13.92,14.22,13.9,14.14,14.14,21900,1433064000.0,0.22000000000000064,1.5804597701149472
2008-03-10,13.94,13.94,13.62,13.79,13.79,6600,1435123000.0,-0.15000000000000036,-1.07604017216643
2008-03-11,13.99,13.99,13.45,13.87,13.87,11900,1440270500.0,-0.120000000000001,-0.8577555396712008
2008-03-12,13.67,14.05,13.67,13.97,13.97,30800,1407326500.0,0.3000000000000007,2.194586686174109
2008-03-13,13.01,14.25,13.01,14.23,14.23,24900,1339379500.0,1.2200000000000006,9.377401998462725
2008-03-14,14.1,14.25,13.77,14.09,14.09,31000,1451595000.0,-0.009999999999999787,-0.07092198581560133
2008-03-17,12.83,14.0,12.83,13.89,13.89,42700,1320848500.0,1.0600000000000005,8.261886204208889
2008-03-18,13.85,13.89,13.5,13.68,13.68,22800,1425857500.0,-0.16999999999999993,-1.2274368231046928
2008-03-19,13.22,13.45,12.59,12.83,12.83,43100,1360999000.0,-0.39000000000000057,-2.9500756429652086
2008-03-20,12.5,12.7,11.68,12.7,12.7,39900,1286875000.0,0.1999999999999993,1.5999999999999945
2008-03-24,13.0,13.0,12.7,12.8,12.8,20400,1338350000.0,-0.1999999999999993,-1.538461538461533
2008-03-25,12.75,13.13,12.71,13.13,13.13,24800,1312612500.0,0.3800000000000008,2.9803921568627514
2008-03-26,13.24,13.25,13.0,13.25,13.25,24900,1363058000.0,0.009999999999999787,0.0755287009063428
2008-03-27,12.94,13.16,12.83,12.86,12.86,12400,1332173000.0,-0.08000000000000007,-0.6182380216383313
2008-03-28,12.51,13.25,12.51,12.8,12.8,18700,1287904500.0,0.2900000000000009,2.318145483613117
2008-03-31,12.75,12.75,12.52,12.74,12.74,8400,1312612500.0,-0.009999999999999787,-0.07843137254901794
2008-04-01,12.43,12.7,12.35,12.67,12.67,9900,1279668500.0,0.2400000000000002,1.9308125502815785
2008-04-02,12.7,12.86,12.5,12.66,12.66,29100,1307465000.0,-0.03999999999999915,-0.3149606299212532
2008-04-03,12.7,12.9,12.55,12.83,12.83,22800,1307465000.0,0.13000000000000078,1.0236220472441007
2008-04-04,12.81,12.88,12.65,12.78,12.78,2300,1318789500.0,-0.030000000000001137,-0.23419203747073483
2008-04-07,12.87,12.94,12.52,12.69,12.69,7900,1324966500.0,-0.17999999999999972,-1.3986013986013965
2008-04-08,12.46,12.47,12.1,12.19,12.19,19700,1282757000.0,-0.27000000000000135,-2.1669341894061103
2008-04-09,12.1,12.6,12.06,12.35,12.35,24400,1245695000.0,0.25,2.066115702479339
2008-04-10,12.1,12.4,11.83,12.31,12.31,38700,1245695000.0,0.21000000000000085,1.735537190082652
2008-04-11,12.19,12.25,12.1,12.1,12.1,23700,1254960500.0,-0.08999999999999986,-0.7383100902378987
2008-04-14,11.95,11.97,11.76,11.76,11.76,20500,1230252500.0,-0.1899999999999995,-1.589958158995812
2008-04-15,11.43,11.8,11.43,11.74,11.74,43900,1176718500.0,0.3100000000000005,2.7121609798775195
2008-04-16,11.6,12.23,11.6,12.18,12.18,41000,1194220000.0,0.5800000000000001,5.000000000000001
2008-04-17,12.08,12.08,11.92,11.97,11.97,3600,1243636000.0,-0.10999999999999943,-0.9105960264900615
2008-04-18,12.06,12.15,11.8,12.0,12.0,29000,1241577000.0,-0.0600000000000005,-0.49751243781094934
2008-04-21,12.12,12.12,11.77,11.83,11.83,8900,1247754000.0,-0.28999999999999915,-2.392739273927386
2008-04-22,12.01,12.02,11.7,11.85,11.85,25900,1236429500.0,-0.16000000000000014,-1.3322231473771868
2008-04-23,11.67,11.9,11.15,11.54,11.54,30100,1201426500.0,-0.13000000000000078,-1.1139674378748996
2008-04-24,11.2,11.5,10.89,11.5,11.5,42900,1153040000.0,0.3000000000000007,2.678571428571435
2008-04-25,11.6,11.66,11.15,11.21,11.21,21800,1194220000.0,-0.3899999999999988,-3.362068965517231
2008-04-28,11.03,11.25,10.91,11.2,11.2,25400,1135538500.0,0.16999999999999993,1.5412511332728915
2008-04-29,10.97,11.08,10.62,10.73,10.73,18200,1129361500.0,-0.2400000000000002,-2.1877848678213327
2008-04-30,10.54,10.73,10.53,10.64,10.64,16400,1085093000.0,0.10000000000000142,0.9487666034155733
2008-05-01,10.44,10.53,10.27,10.39,10.39,25400,1074798000.0,-0.049999999999998934,-0.47892720306512393
2008-05-02,10.41,10.75,10.3,10.75,10.75,20400,1071709500.0,0.33999999999999986,3.2660902977905844
2008-05-05,10.83,11.49,10.83,11.35,11.35,45500,1114948500.0,0.5199999999999996,4.801477377654659
2008-05-06,11.46,11.49,11.28,11.3,11.3,24100,1179807000.0,-0.16000000000000014,-1.3961605584642245
2008-05-07,11.22,11.31,10.95,11.02,11.02,29000,1155099000.0,-0.20000000000000107,-1.7825311942959097
2008-05-08,10.95,11.81,10.95,11.65,11.65,32300,1127302500.0,0.7000000000000011,6.392694063926951
2008-05-09,11.76,13.14,11.73,12.84,12.84,138500,1210692000.0,1.08,9.183673469387756
2008-05-12,12.76,12.86,12.62,12.71,12.71,13800,1313642000.0,-0.049999999999998934,-0.39184952978055587
2008-05-13,12.54,12.54,12.17,12.36,12.36,72000,1290993000.0,-0.17999999999999972,-1.435406698564591
2008-05-14,12.35,12.4,11.8,11.98,11.98,31000,1271432500.0,-0.3699999999999992,-2.995951417004042
2008-05-15,11.8,12.2,11.8,11.97,11.97,21100,1214810000.0,0.16999999999999993,1.4406779661016942
2008-05-16,12.0,12.17,11.9,12.17,12.17,44000,1235400000.0,0.16999999999999993,1.416666666666666
2008-05-19,12.39,12.39,12.25,12.25,12.25,15300,1275550500.0,-0.14000000000000057,-1.1299435028248632
2008-05-20,12.1,12.15,11.83,12.15,12.15,20900,1245695000.0,0.05000000000000071,0.41322314049587366
2008-05-21,12.0,12.21,11.99,12.09,12.09,23000,1235400000.0,0.08999999999999986,0.7499999999999989
2008-05-22,12.09,12.09,11.8,11.91,11.91,15700,1244665500.0,-0.17999999999999972,-1.4888337468982609
2008-05-23,12.04,12.04,11.63,11.85,11.85,30200,1239518000.0,-0.1899999999999995,-1.5780730897009927
2008-05-27,11.7,11.7,10.98,11.14,11.14,67000,1204515000.0,-0.5599999999999987,-4.7863247863247755
2008-05-28,11.44,11.44,10.77,11.15,11.15,36500,1177748000.0,-0.28999999999999915,-2.5349650349650275
2008-05-29,11.09,11.18,10.97,11.03,11.03,14600,1141715500.0,-0.0600000000000005,-0.5410279531109152
2008-05-30,11.0,11.69,11.0,11.65,11.65,41700,1132450000.0,0.6500000000000004,5.909090909090913
2008-06-02,11.91,11.91,11.41,11.5,11.5,20700,1226134500.0,-0.41000000000000014,-3.442485306465157
2008-06-03,11.51,11.53,11.1,11.2,11.2,28000,1184954500.0,-0.3100000000000005,-2.6933101650738536
2008-06-04,11.21,11.21,11.0,11.02,11.02,20300,1154069500.0,-0.19000000000000128,-1.6949152542372996
2008-06-05,11.02,11.21,11.02,11.2,11.2,15300,1134509000.0,0.17999999999999972,1.6333938294010864
2008-06-06,11.3,11.3,11.14,11.19,11.19,20100,1163335000.0,-0.11000000000000121,-0.9734513274336389
2008-06-09,11.19,11.25,11.15,11.15,11.15,44500,1152010500.0,-0.03999999999999915,-0.3574620196604035
2008-06-10,11.15,11.16,10.9,10.9,10.9,24800,1147892500.0,-0.25,-2.242152466367713
2008-06-11,11.0,11.0,10.5,10.53,10.53,22200,1132450000.0,-0.47000000000000064,-4.272727272727279
2008-06-12,10.46,10.46,9.82,10.11,10.11,45800,1076857000.0,-0.3500000000000014,-3.3460803059273556
2008-06-13,10.01,10.03,9.83,9.95,9.95,14500,1030529500.0,-0.0600000000000005,-0.5994005994006043
2008-06-16,10.0,10.1,10.0,10.03,10.03,14800,1029500000.0,0.02999999999999936,0.2999999999999936
2008-06-17,10.1,10.15,9.94,10.03,10.03,5400,1039795000.0,-0.07000000000000028,-0.6930693069306959
2008-06-18,10.3,10.31,9.9,10.05,10.05,29600,1060385000.0000001,-0.25,-2.4271844660194173
2008-06-19,10.12,10.26,10.1,10.19,10.19,24000,1041853999.9999999,0.07000000000000028,0.6916996047430859
2008-06-20,10.2,10.29,10.1,10.28,10.28,48600,1050089999.9999999,0.08000000000000007,0.7843137254901967
2008-06-23,10.25,10.25,10.0,10.19,10.19,36200,1055237500.0,-0.0600000000000005,-0.5853658536585414
2008-06-24,10.01,10.18,9.9,9.93,9.93,30700,1030529500.0,-0.08000000000000007,-0.7992007992007999
2008-06-25,9.94,9.94,9.55,9.69,9.69,39100,1023323000.0,-0.25,-2.5150905432595576
2008-06-26,9.75,9.9,9.65,9.87,9.87,53300,1003762500.0,0.11999999999999922,1.2307692307692228
2008-06-27,9.95,10.0,9.65,9.9,9.9,30700,1024352499.9999999,-0.049999999999998934,-0.5025125628140596
2008-06-30,9.93,10.0,9.5,9.84,9.84,56300,1022293500.0,-0.08999999999999986,-0.9063444108761315
2008-07-01,9.9,9.91,9.75,9.84,9.84,18500,1019205000.0,-0.0600000000000005,-0.6060606060606111
2008-07-02,9.88,9.94,9.76,9.86,9.86,32700,1017146000.0000001,-0.02000000000000135,-0.2024291497975845
2008-07-03,9.81,9.81,9.54,9.75,9.75,33800,1009939500.0,-0.0600000000000005,-0.6116207951070387
2008-07-07,9.81,9.81,9.45,9.76,9.76,29100,1009939500.0,-0.05000000000000071,-0.5096839959225352
2008-07-08,9.06,9.51,9.0,9.32,9.32,48100,932727000.0,0.2599999999999998,2.8697571743929338
2008-07-09,9.1,9.35,9.07,9.07,9.07,38800,936845000.0,-0.02999999999999936,-0.32967032967032267
2008-07-10,8.98,9.06,8.63,8.77,8.77,86000,924491000.0,-0.21000000000000085,-2.3385300668151543
2008-07-11,8.7,8.9,8.7,8.7,8.7,43700,895664999.9999999,0.0,0.0
2008-07-14,8.7,10.45,8.7,10.02,10.02,101200,895664999.9999999,1.3200000000000003,15.172413793103454
2008-07-15,10.15,10.3,9.15,9.9,9.9,96400,1044942500.0,-0.25,-2.463054187192118
2008-07-16,9.7,10.0,9.6,9.98,9.98,29000,998614999.9999999,0.28000000000000114,2.886597938144342
2008-07-17,10.03,10.03,9.66,9.67,9.67,6700,1032588499.9999999,-0.35999999999999943,-3.5892323030907223
2008-07-18,9.62,9.9,9.61,9.75,9.75,6900,990378999.9999999,0.13000000000000078,1.3513513513513595
2008-07-21,9.85,9.9,9.65,9.69,9.69,8000,1014057500.0,-0.16000000000000014,-1.624365482233504
2008-07-22,9.5,9.51,8.95,9.11,9.11,25800,978025000.0,-0.39000000000000057,-4.105263157894743
2008-07-23,8.96,8.96,8.73,8.75,8.75,8100,922432000.0000001,-0.21000000000000085,-2.3437500000000093
2008-07-24,8.9,9.02,8.82,8.84,8.84,29800,916255000.0,-0.0600000000000005,-0.674157303370792
2008-07-25,8.76,9.23,8.76,9.18,9.18,39500,901842000.0,0.41999999999999993,4.794520547945204
2008-07-28,8.79,9.45,8.79,9.14,9.14,17500,904930499.9999999,0.3500000000000014,3.981797497155876
2008-07-29,9.04,9.23,9.0,9.03,9.03,9600,930667999.9999999,-0.009999999999999787,-0.11061946902654633
2008-07-30,9.0,9.26,9.0,9.25,9.25,23600,926550000.0,0.25,2.7777777777777777
2008-07-31,9.28,9.45,9.28,9.44,9.44,6800,955375999.9999999,0.16000000000000014,1.7241379310344844
2008-08-01,9.21,9.71,9.21,9.64,9.64,10000,948169500.0000001,0.4299999999999997,4.668838219326815
2008-08-04,9.55,9.55,9.41,9.44,9.44,3200,983172500.0000001,-0.11000000000000121,-1.1518324607329968
2008-08-05,9.44,9.44,8.69,8.74,8.74,40700,971848000.0,-0.6999999999999993,-7.415254237288129
2008-08-06,8.8,8.8,8.58,8.66,8.66,33600,905960000.0000001,-0.14000000000000057,-1.5909090909090973
2008-08-07,8.69,8.69,8.47,8.47,8.47,9200,894635500.0,-0.21999999999999886,-2.5316455696202405
2008-08-08,7.23,8.95,7.23,8.24,8.24,55600,744328500.0,1.0099999999999998,13.969571230982018
2008-08-11,8.2,8.23,7.92,7.94,7.94,40800,844189999.9999999,-0.2599999999999989,-3.17073170731706
2008-08-12,7.71,8.3,7.6,8.24,8.24,52200,793744500.0,0.5300000000000002,6.874189364461741
2008-08-13,8.2,8.45,8.06,8.39,8.39,32300,844189999.9999999,0.19000000000000128,2.317073170731723
2008-08-14,8.2,8.2,7.65,7.94,7.94,24000,844189999.9999999,-0.2599999999999989,-3.17073170731706
2008-08-15,7.71,7.85,7.0,7.2,7.2,66200,793744500.0,-0.5099999999999998,-6.614785992217896
2008-08-18,7.0,7.33,7.0,7.06,7.06,34800,720650000.0,0.05999999999999961,0.8571428571428517
2008-08-19,7.14,7.28,7.01,7.18,7.18,28900,735063000.0,0.040000000000000036,0.5602240896358549
2008-08-20,7.35,7.38,7.0,7.33,7.33,14300,756682500.0,-0.019999999999999574,-0.27210884353740916
2008-08-21,7.41,7.67,7.4,7.49,7.49,34500,762859500.0,0.08000000000000007,1.0796221322537123
2008-08-22,7.55,7.64,7.34,7.56,7.56,20800,777272500.0,0.009999999999999787,0.132450331125825
2008-08-25,7.43,7.6,7.33,7.33,7.33,23100,764918500.0,-0.09999999999999964,-1.3458950201884206
2008-08-26,7.3,7.37,7.2,7.3,7.3,11900,751535000.0,0.0,0.0
2008-08-27,7.44,7.44,7.21,7.36,7.36,10500,765948000.0,-0.08000000000000007,-1.0752688172043021
2008-08-28,7.45,7.48,7.11,7.28,7.28,19000,766977500.0,-0.16999999999999993,-2.2818791946308714
2008-08-29,7.3,7.45,7.3,7.45,7.45,7200,751535000.0,0.15000000000000036,2.0547945205479503
2008-09-02,7.18,7.25,6.82,6.82,6.82,41300,739181000.0,-0.35999999999999943,-5.013927576601664
2008-09-03,6.89,6.93,6.65,6.84,6.84,50000,709325500.0,-0.04999999999999982,-0.7256894049346854
2008-09-04,6.76,6.77,6.25,6.62,6.62,59400,695942000.0,-0.13999999999999968,-2.071005917159759
2008-09-05,6.68,6.68,5.97,6.6,6.6,63500,687706000.0,-0.08000000000000007,-1.1976047904191627
2008-09-08,6.65,6.66,6.3,6.3,6.3,53000,684617500.0,-0.35000000000000053,-5.2631578947368505
2008-09-09,6.26,6.26,5.0,5.5,5.5,135500,644467000.0,-0.7599999999999998,-12.140575079872201
2008-09-10,5.36,5.47,5.15,5.42,5.42,81100,551812000.0,0.05999999999999961,1.1194029850746194
2008-09-11,5.49,5.49,4.9,5.07,5.07,60600,565195500.0,-0.41999999999999993,-7.650273224043715
2008-09-12,5.14,5.17,4.92,5.05,5.05,32900,529162999.99999994,-0.08999999999999986,-1.7509727626459117
2008-09-15,4.99,4.99,3.27,4.15,4.15,132400,513720500.0,-0.8399999999999999,-16.833667334669336
2008-09-16,3.86,4.32,3.85,4.04,4.04,139800,397387000.0,0.18000000000000016,4.663212435233165
2008-09-17,4.0,4.4,3.8,4.15,4.15,87500,411800000.0,0.15000000000000036,3.750000000000009
2008-09-18,4.52,5.18,4.3,4.59,4.59,131900,465333999.99999994,0.07000000000000028,1.5486725663716878
2008-09-19,5.0,5.08,4.5,4.8,4.8,46500,514750000.0,-0.20000000000000018,-4.0000000000000036
2008-09-22,5.44,5.5,5.03,5.5,5.5,79600,560048000.0,0.05999999999999961,1.102941176470581
2008-09-23,5.98,6.76,5.67,6.5,6.5,183700,615641000.0,0.5199999999999996,8.695652173913036
2008-09-24,6.99,7.61,6.65,6.75,6.75,196600,719620500.0,-0.2400000000000002,-3.433476394849788
2008-09-25,6.61,6.93,6.18,6.56,6.56,60300,680499500.0,-0.05000000000000071,-0.7564296520423708
2008-09-26,7.07,7.07,5.97,6.3,6.3,57800,727856500.0,-0.7700000000000005,-10.891089108910897
2008-09-29,6.02,6.35,5.45,5.58,5.58,51200,619759000.0,-0.4399999999999995,-7.308970099667766
2008-09-30,6.07,6.07,5.22,5.63,5.63,88900,624906500.0,-0.4400000000000004,-7.248764415156514
2008-10-01,5.74,5.75,5.3,5.66,5.66,31500,590933000.0,-0.08000000000000007,-1.3937282229965169
2008-10-02,5.65,5.69,4.81,4.87,4.87,64900,581667500.0,-0.7800000000000002,-13.805309734513276
2008-10-03,4.76,5.29,4.75,4.8,4.8,49600,490042000.0,0.040000000000000036,0.8403361344537823
2008-10-06,4.5,4.76,3.95,4.23,4.23,96000,463275000.0,-0.2699999999999996,-5.999999999999991
2008-10-07,4.31,4.88,4.17,4.27,4.27,43000,443714499.99999994,-0.040000000000000036,-0.928074245939676
2008-10-08,4.2,4.81,4.2,4.77,4.77,98500,432390000.0,0.5699999999999994,13.571428571428557
2008-10-09,4.91,4.91,4.35,4.47,4.47,66400,505484500.0,-0.4400000000000004,-8.9613034623218
2008-10-10,4.11,4.75,3.5,4.1,4.1,120200,423124500.00000006,-0.010000000000000675,-0.24330900243310644
2008-10-13,4.15,4.5,4.15,4.35,4.35,60800,427242500.00000006,0.1999999999999993,4.819277108433717
2008-10-14,4.71,4.71,4.37,4.5,4.5,50900,484894500.0,-0.20999999999999996,-4.458598726114649
2008-10-15,4.6,4.62,4.05,4.51,4.51,80100,473569999.99999994,-0.08999999999999986,-1.956521739130432
2008-10-16,4.92,4.92,3.85,4.2,4.2,74200,506514000.0,-0.7199999999999998,-14.634146341463412
2008-10-17,4.2,4.5,3.85,4.0,4.0,116300,432390000.0,-0.20000000000000018,-4.761904761904765
2008-10-20,4.25,4.82,4.25,4.4,4.4,122800,437537500.0,0.15000000000000036,3.5294117647058907
2008-10-21,4.25,4.38,4.1,4.35,4.35,39300,437537500.0,0.09999999999999964,2.35294117647058
2008-10-22,4.25,4.25,3.8,3.83,3.83,68900,437537500.0,-0.41999999999999993,-9.88235294117647
2008-10-23,3.78,3.88,3.28,3.57,3.57,116200,389151000.0,-0.20999999999999996,-5.555555555555555
2008-10-24,3.36,3.9,3.25,3.71,3.71,77600,345912000.0,0.3500000000000001,10.41666666666667
2008-10-27,3.5,3.69,3.3,3.3,3.3,44900,360325000.0,-0.20000000000000018,-5.71428571428572
2008-10-28,3.5,3.5,3.12,3.16,3.16,74600,360325000.0,-0.33999999999999986,-9.71428571428571
2008-10-29,3.42,3.75,3.24,3.71,3.71,110500,352089000.0,0.29000000000000004,8.479532163742691
2008-10-30,4.02,4.05,3.5,3.61,3.61,46500,413858999.99999994,-0.4099999999999997,-10.199004975124373
2008-10-31,3.91,4.24,3.5,4.15,4.15,60100,402534500.0,0.2400000000000002,6.138107416879801
2008-11-03,4.15,4.36,4.01,4.21,4.21,27700,427242500.00000006,0.05999999999999961,1.445783132530111
2008-11-04,4.45,4.69,3.87,4.65,4.65,67500,458127500.0,0.20000000000000018,4.494382022471914
2008-11-05,4.43,4.62,4.15,4.15,4.15,28700,456068500.0,-0.27999999999999936,-6.320541760722334
2008-11-06,4.16,4.27,3.97,4.25,4.25,37700,428272000.0,0.08999999999999986,2.1634615384615348
2008-11-07,4.2,4.25,4.1,4.16,4.16,29800,432390000.0,-0.040000000000000036,-0.9523809523809532
2008-11-10,4.25,4.47,4.25,4.25,4.25,13300,437537500.0,0.0,0.0
2008-11-11,4.24,4.24,4.01,4.07,4.07,18200,436508000.0,-0.16999999999999993,-4.00943396226415
2008-11-12,4.05,4.05,3.6,3.6,3.6,26900,416947500.0,-0.44999999999999973,-11.111111111111105
2008-11-13,3.9,4.02,3.54,3.9,3.9,53500,401505000.0,0.0,0.0
2008-11-14,3.85,4.05,3.8,4.03,4.03,19200,396357500.0,0.18000000000000016,4.6753246753246795
2008-11-17,4.0,4.0,3.75,3.76,3.76,23700,411800000.0,-0.2400000000000002,-6.000000000000005
2008-11-18,3.8,3.85,3.69,3.74,3.74,18500,391210000.0,-0.05999999999999961,-1.5789473684210422
2008-11-19,3.75,3.9,3.69,3.69,3.69,32600,386062500.0,-0.06000000000000005,-1.6000000000000014
2008-11-20,3.77,3.77,3.36,3.48,3.48,53200,388121500.0,-0.29000000000000004,-7.6923076923076925
2008-11-21,3.55,3.96,3.5,3.8,3.8,89100,365472500.0,0.25,7.042253521126761
2008-11-24,3.85,4.33,3.85,4.3,4.3,70200,396357500.0,0.44999999999999973,11.688311688311682
2008-11-25,4.42,4.42,4.06,4.33,4.33,22100,455039000.0,-0.08999999999999986,-2.036199095022621
2008-11-26,4.34,4.76,4.11,4.76,4.76,66100,446803000.0,0.41999999999999993,9.677419354838708
2008-11-28,4.56,4.9,4.5,4.75,4.75,28000,469451999.99999994,0.1900000000000004,4.166666666666676
2008-12-01,5.24,5.24,4.0,4.02,4.02,62600,539458000.0,-1.2200000000000006,-23.282442748091615
2008-12-02,4.25,4.73,4.25,4.65,4.65,211500,437537500.0,0.40000000000000036,9.41176470588236
2008-12-03,4.75,4.78,4.57,4.6,4.6,85000,489012500.0,-0.15000000000000036,-3.157894736842113
2008-12-04,4.57,4.77,4.57,4.58,4.58,44400,470481500.0,0.009999999999999787,0.2188183807439778
2008-12-05,4.69,4.69,4.3,4.54,4.54,66500,482835500.00000006,-0.15000000000000036,-3.1982942430703694
2008-12-08,4.62,4.75,4.59,4.6,4.6,37300,475629000.0,-0.020000000000000462,-0.4329004329004429
2008-12-09,4.5,4.63,4.28,4.36,4.36,36300,463275000.0,-0.13999999999999968,-3.111111111111104
2008-12-10,4.45,4.6,4.3,4.41,4.41,110300,458127500.0,-0.040000000000000036,-0.8988764044943828
2008-12-11,4.75,4.75,4.36,4.42,4.42,64600,489012500.0,-0.33000000000000007,-6.947368421052633
2008-12-12,4.29,4.46,4.29,4.38,4.38,46200,441655500.0,0.08999999999999986,2.0979020979020944
2008-12-15,4.33,4.59,4.33,4.5,4.5,98000,445773500.0,0.16999999999999993,3.926096997690529
2008-12-16,4.54,4.6,4.43,4.54,4.54,24500,467393000.0,0.0,0.0
2008-12-17,4.52,4.94,4.5,4.55,4.55,98700,465333999.99999994,0.03000000000000025,0.6637168141592976
2008-12-18,4.61,4.61,4.31,4.38,4.38,35100,474599500.00000006,-0.23000000000000043,-4.9891540130151935
2008-12-19,4.37,4.5,4.31,4.5,4.5,24300,449891500.0,0.1299999999999999,2.9748283752860387
2008-12-22,4.73,4.73,4.4,4.4,4.4,52100,486953500.00000006,-0.33000000000000007,-6.976744186046513
2008-12-23,4.45,4.5,4.36,4.45,4.45,107100,458127500.0,0.0,0.0
2008-12-24,4.51,4.51,4.41,4.47,4.47,36200,464304500.0,-0.040000000000000036,-0.8869179600886926
2008-12-26,4.46,4.59,4.45,4.53,4.53,22400,459157000.0,0.07000000000000028,1.5695067264574054
2008-12-29,4.65,4.65,4.4,4.45,4.45,76100,478717500.00000006,-0.20000000000000018,-4.3010752688172085
2008-12-30,4.5,4.5,4.4,4.47,4.47,42900,463275000.0,-0.03000000000000025,-0.6666666666666722
2008-12-31,4.45,4.51,4.4,4.5,4.5,62700,458127500.0,0.04999999999999982,1.1235955056179736
2009-01-02,4.45,4.55,4.45,4.54,4.54,136700,458127500.0,0.08999999999999986,2.0224719101123565
2009-01-05,4.54,4.6,4.41,4.55,4.55,40900,467393000.0,0.009999999999999787,0.22026431718061204
2009-01-06,4.47,4.72,4.47,4.6,4.6,54000,460186500.0,0.1299999999999999,2.908277404921698
2009-01-07,4.65,4.65,4.49,4.49,4.49,26300,478717500.00000006,-0.16000000000000014,-3.440860215053766
2009-01-08,4.66,5.22,4.6,5.15,5.15,100300,479747000.0,0.4900000000000002,10.515021459227473
2009-01-09,5.6,5.91,5.17,5.4,5.4,162800,576520000.0,-0.1999999999999993,-3.5714285714285587
2009-01-12,5.44,5.53,5.05,5.11,5.11,99100,560048000.0,-0.33000000000000007,-6.0661764705882355
2009-01-13,5.02,5.13,4.97,5.04,5.04,62500,516808999.99999994,0.020000000000000462,0.3984063745020013
2009-01-14,4.76,4.97,4.74,4.86,4.86,41500,490042000.0,0.10000000000000053,2.100840336134465
2009-01-15,4.85,4.98,4.82,4.93,4.93,40300,499307499.99999994,0.08000000000000007,1.6494845360824757
2009-01-16,5.13,5.28,5.02,5.26,5.26,95700,528133500.0,0.1299999999999999,2.534113060428848
2009-01-20,5.42,5.66,5.25,5.4,5.4,100800,557989000.0,-0.019999999999999574,-0.3690036900368925
2009-01-21,5.7,5.7,5.11,5.62,5.62,66100,586815000.0,-0.08000000000000007,-1.4035087719298258
2009-01-22,5.64,5.7,5.5,5.55,5.55,32400,580638000.0,-0.08999999999999986,-1.5957446808510614
2009-01-23,5.6,5.81,5.6,5.78,5.78,94700,576520000.0,0.1800000000000006,3.214285714285725
2009-01-26,5.9,5.99,5.7,5.75,5.75,79800,607405000.0,-0.15000000000000036,-2.542372881355938
2009-01-27,5.76,5.85,5.73,5.85,5.85,25800,592992000.0,0.08999999999999986,1.5624999999999976
2009-01-28,5.81,5.96,5.8,5.82,5.82,37100,598139500.0,0.010000000000000675,0.17211703958693073
2009-01-29,5.8,6.0,5.74,6.0,6.0,86400,597110000.0,0.20000000000000018,3.448275862068969
2009-01-30,6.01,6.5,5.9,6.2,6.2,123300,618729500.0,0.1900000000000004,3.161397670549092
2009-02-02,5.98,5.98,5.7,5.78,5.78,82800,615641000.0,-0.20000000000000018,-3.3444816053511732
2009-02-03,5.85,5.91,5.7,5.8,5.8,52900,602257500.0,-0.04999999999999982,-0.8547008547008517
2009-02-04,5.85,6.06,5.85,5.89,5.89,53600,602257500.0,0.040000000000000036,0.6837606837606843
2009-02-05,5.96,6.07,5.92,6.02,6.02,60500,613582000.0,0.05999999999999961,1.0067114093959666
2009-02-06,6.06,6.27,6.0,6.17,6.17,37200,623877000.0,0.11000000000000032,1.8151815181518205
2009-02-09,6.17,6.49,5.96,6.08,6.08,48600,635201500.0,-0.08999999999999986,-1.458670988654779
2009-02-10,6.17,6.18,5.75,5.86,5.86,51700,635201500.0,-0.3099999999999996,-5.02431118314424
2009-02-11,5.8,5.95,5.8,5.9,5.9,36800,597110000.0,0.10000000000000053,1.7241379310344922
2009-02-12,5.95,5.95,5.41,5.47,5.47,82000,612552500.0,-0.4800000000000004,-8.06722689075631
2009-02-13,5.45,5.47,5.3,5.35,5.35,32000,561077500.0,-0.10000000000000053,-1.8348623853211108
2009-02-17,5.4,5.54,5.21,5.41,5.41,82100,555930000.0,0.009999999999999787,0.18518518518518123
2009-02-18,5.36,5.5,5.31,5.47,5.47,77600,551812000.0,0.10999999999999943,2.0522388059701386
2009-02-19,5.5,5.52,5.43,5.5,5.5,49400,566225000.0,0.0,0.0
2009-02-20,5.89,5.89,5.46,5.68,5.68,96100,606375500.0,-0.20999999999999996,-3.5653650254668925
2009-02-23,5.82,5.82,5.35,5.36,5.36,75300,599169000.0,-0.45999999999999996,-7.903780068728522
2009-02-24,5.5,5.5,4.87,4.99,4.99,65200,566225000.0,-0.5099999999999998,-9.272727272727268
2009-02-25,5.04,5.04,4.65,4.74,4.74,144300,518868000.0,-0.2999999999999998,-5.952380952380949
2009-02-26,4.51,4.78,4.5,4.56,4.56,103000,464304500.0,0.04999999999999982,1.1086474501108607
2009-02-27,4.67,4.69,4.53,4.6,4.6,36200,480776500.0,-0.07000000000000028,-1.498929336188443
2009-03-02,4.6,4.6,4.4,4.41,4.41,35900,473569999.99999994,-0.1899999999999995,-4.130434782608685
2009-03-03,4.4,4.54,4.4,4.5,4.5,25600,452980000.00000006,0.09999999999999964,2.2727272727272645
2009-03-04,4.44,4.5,4.01,4.15,4.15,102100,457098000.00000006,-0.29000000000000004,-6.531531531531531
2009-03-05,4.1,4.11,3.8,3.9,3.9,121600,422094999.99999994,-0.19999999999999973,-4.8780487804877986
2009-03-06,4.03,4.3,3.9,4.25,4.25,211500,414888500.0,0.21999999999999975,5.459057071960291
2009-03-09,4.39,4.39,4.02,4.13,4.13,23400,451950499.99999994,-0.2599999999999998,-5.922551252847376
2009-03-10,4.04,4.17,3.93,4.02,4.02,39200,415918000.0,-0.020000000000000462,-0.4950495049505065
2009-03-11,4.03,4.1,4.0,4.04,4.04,33600,414888500.0,0.009999999999999787,0.24813895781637188
2009-03-12,4.09,4.11,4.0,4.11,4.11,75800,421065500.0,0.020000000000000462,0.4889975550122362
2009-03-13,4.35,4.35,4.1,4.29,4.29,54500,447832499.99999994,-0.05999999999999961,-1.3793103448275774
2009-03-16,4.22,4.22,4.03,4.15,4.15,70200,434449000.0,-0.0699999999999994,-1.6587677725118342
2009-03-17,4.14,4.23,4.1,4.23,4.23,13400,426212999.99999994,0.09000000000000075,2.1739130434782794
2009-03-18,4.24,4.53,4.15,4.5,4.5,53700,436508000.0,0.2599999999999998,6.132075471698108
2009-03-19,4.65,4.99,4.65,4.84,4.84,92200,478717500.00000006,0.1899999999999995,4.086021505376333
2009-03-20,4.85,5.1,4.79,5.0,5.0,49300,499307499.99999994,0.15000000000000036,3.0927835051546464
2009-03-23,4.91,5.18,4.91,5.01,5.01,47700,505484500.0,0.09999999999999964,2.0366598778004
2009-03-24,4.95,4.95,4.76,4.8,4.8,32900,509602500.0,-0.15000000000000036,-3.0303030303030374
2009-03-25,4.79,4.95,4.79,4.88,4.88,20300,493130500.0,0.08999999999999986,1.8789144050104356
2009-03-26,4.87,4.88,4.78,4.86,4.86,27100,501366500.0,-0.009999999999999787,-0.20533880903490323
2009-03-27,4.86,4.86,4.68,4.7,4.7,11100,500337000.00000006,-0.16000000000000014,-3.29218106995885
2009-03-30,4.6,4.6,4.4,4.41,4.41,28100,473569999.99999994,-0.1899999999999995,-4.130434782608685
2009-03-31,4.36,4.55,4.33,4.48,4.48,108300,448862000.00000006,0.1200000000000001,2.7522935779816535
2009-04-01,4.56,4.75,4.43,4.64,4.64,87500,469451999.99999994,0.08000000000000007,1.7543859649122824
2009-04-02,4.74,4.82,4.62,4.71,4.71,72200,487983000.0,-0.03000000000000025,-0.6329113924050684
2009-04-03,4.72,4.8,4.6,4.62,4.62,44400,485924000.0,-0.09999999999999964,-2.1186440677966027
2009-04-06,4.53,4.6,4.45,4.57,4.57,76300,466363500.0,0.040000000000000036,0.8830022075055195
2009-04-07,4.51,4.62,4.51,4.54,4.54,54500,464304500.0,0.03000000000000025,0.6651884700665244
2009-04-08,4.55,4.57,4.52,4.52,4.52,25700,468422500.0,-0.03000000000000025,-0.6593406593406648
2009-04-09,4.62,4.89,4.6,4.87,4.87,38400,475629000.0,0.25,5.411255411255411
2009-04-13,4.95,4.96,4.82,4.93,4.93,40100,509602500.0,-0.020000000000000462,-0.4040404040404133
2009-04-14,4.85,4.85,4.7,4.75,4.75,36100,499307499.99999994,-0.09999999999999964,-2.0618556701030855
2009-04-15,4.75,4.85,4.75,4.82,4.82,17700,489012500.0,0.07000000000000028,1.473684210526322
2009-04-16,4.85,4.85,4.55,4.55,4.55,46800,499307499.99999994,-0.2999999999999998,-6.185567010309275
2009-04-17,4.51,4.55,4.38,4.4,4.4,69000,464304500.0,-0.10999999999999943,-2.43902439024389
2009-04-20,4.45,4.45,4.3,4.32,4.32,36800,458127500.0,-0.1299999999999999,-2.921348314606739
2009-04-21,4.32,4.38,4.3,4.3,4.3,50700,444744000.0,-0.020000000000000462,-0.4629629629629736
2009-04-22,4.3,4.44,4.3,4.37,4.37,27100,442685000.0,0.07000000000000028,1.6279069767441927
2009-04-23,4.47,4.84,4.41,4.76,4.76,67300,460186500.0,0.29000000000000004,6.487695749440717
2009-04-24,4.89,5.13,4.85,5.05,5.05,56900,503425499.99999994,0.16000000000000014,3.2719836400818028
2009-04-27,5.1,5.1,4.9,5.04,5.04,60600,525044999.99999994,-0.05999999999999961,-1.1764705882352864
2009-04-28,4.84,5.03,4.84,4.96,4.96,24300,498278000.0,0.1200000000000001,2.4793388429752086
2009-04-29,5.03,5.09,5.0,5.05,5.05,39600,517838500.0,0.019999999999999574,0.3976143141152997
2009-04-30,5.05,5.06,4.9,4.96,4.96,56900,519897500.0,-0.08999999999999986,-1.7821782178217795
2009-05-01,5.0,5.1,4.9,5.07,5.07,48900,514750000.0,0.07000000000000028,1.4000000000000057
2009-05-04,5.11,5.13,4.97,5.09,5.09,73100,526074500.00000006,-0.020000000000000462,-0.39138943248533187
2009-05-05,5.1,5.14,5.05,5.09,5.09,57300,525044999.99999994,-0.009999999999999787,-0.19607843137254485
2009-05-06,5.02,5.15,5.02,5.11,5.11,58900,516808999.99999994,0.09000000000000075,1.7928286852589792
2009-05-07,5.16,5.19,4.98,5.06,5.06,57300,531222000.0,-0.10000000000000053,-1.9379844961240413
2009-05-08,5.02,5.47,5.02,5.47,5.47,67100,516808999.99999994,0.4500000000000002,8.964143426294825
2009-05-11,5.48,5.48,5.24,5.24,5.24,32300,564166000.0,-0.2400000000000002,-4.379562043795624
2009-05-12,5.25,5.65,5.25,5.45,5.45,87600,540487500.0,0.20000000000000018,3.809523809523813
2009-05-13,5.5,5.5,5.2,5.28,5.28,55300,566225000.0,-0.21999999999999975,-3.999999999999995
2009-05-14,5.18,5.3,5.15,5.2,5.2,54900,533281000.0,0.020000000000000462,0.38610038610039504
2009-05-15,5.21,5.22,5.07,5.13,5.13,46900,536369500.0,-0.08000000000000007,-1.5355086372360858
2009-05-18,5.05,5.28,5.05,5.16,5.16,24800,519897500.0,0.11000000000000032,2.1782178217821846
2009-05-19,5.2,5.27,5.13,5.23,5.23,52100,535340000.0,0.03000000000000025,0.5769230769230818
2009-05-20,5.32,5.54,5.32,5.5,5.5,85400,547694000.0,0.17999999999999972,3.3834586466165355
2009-05-21,5.62,5.62,5.33,5.4,5.4,79100,578579000.0,-0.21999999999999975,-3.9145907473309567
2009-05-22,5.48,5.58,5.41,5.51,5.51,68100,564166000.0,0.02999999999999936,0.5474452554744409
2009-05-26,5.29,5.49,5.25,5.25,5.25,80500,544605500.0,-0.040000000000000036,-0.7561436672967871
2009-05-27,5.25,5.26,5.03,5.05,5.05,107600,540487500.0,-0.20000000000000018,-3.809523809523813
2009-05-28,5.14,5.3,4.99,5.3,5.3,104600,529162999.99999994,0.16000000000000014,3.1128404669260727
2009-05-29,5.73,5.77,5.5,5.7,5.7,159600,589903500.0,-0.03000000000000025,-0.5235602094240881
2009-06-01,5.87,5.94,5.53,5.65,5.65,67600,604316500.0,-0.21999999999999975,-3.7478705281090248
2009-06-02,5.93,5.93,5.63,5.69,5.69,82300,610493500.0,-0.23999999999999932,-4.047217537942653
2009-06-03,5.69,5.72,5.25,5.29,5.29,127800,585785500.0,-0.40000000000000036,-7.029876977152906
2009-06-04,5.46,5.5,5.25,5.37,5.37,58000,562107000.0,-0.08999999999999986,-1.6483516483516456
2009-06-05,5.8,5.8,5.17,5.19,5.19,96800,597110000.0,-0.6099999999999994,-10.517241379310335
2009-06-08,5.2,5.23,4.99,5.23,5.23,55300,535340000.0,0.03000000000000025,0.5769230769230818
2009-06-09,5.39,5.39,5.25,5.28,5.28,28600,554900500.0,-0.10999999999999943,-2.0408163265306016
2009-06-10,5.26,5.26,5.1,5.16,5.16,50200,541517000.0,-0.09999999999999964,-1.9011406844106398
2009-06-11,5.01,5.23,5.01,5.13,5.13,51600,515779500.0,0.1200000000000001,2.3952095808383254
2009-06-12,5.05,5.2,4.81,5.13,5.13,95900,519897500.0,0.08000000000000007,1.5841584158415856
2009-06-15,4.95,5.1,4.85,4.9,4.9,86200,509602500.0,-0.04999999999999982,-1.0101010101010066
2009-06-16,4.98,5.05,4.75,4.82,4.82,71200,512691000.00000006,-0.16000000000000014,-3.2128514056224926
2009-06-17,4.84,4.84,4.56,4.72,4.72,66600,498278000.0,-0.1200000000000001,-2.4793388429752086
2009-06-18,4.65,4.88,4.65,4.85,4.85,48400,478717500.00000006,0.1999999999999993,4.301075268817189
2009-06-19,4.89,4.92,4.82,4.9,4.9,26200,503425499.99999994,0.010000000000000675,0.20449897750512627
2009-06-22,4.9,4.9,4.52,4.64,4.64,132900,504455000.00000006,-0.2600000000000007,-5.306122448979606
2009-06-23,4.76,4.85,4.36,4.58,4.58,135400,490042000.0,-0.17999999999999972,-3.781512605042011
2009-06-24,4.74,4.95,4.54,4.69,4.69,100200,487983000.0,-0.04999999999999982,-1.0548523206751017
2009-06-25,4.72,4.97,4.63,4.95,4.95,79300,485924000.0,0.23000000000000043,4.872881355932213
2009-06-26,5.17,5.17,4.8,4.82,4.82,84700,532251500.0,-0.34999999999999964,-6.7698259187620815
2009-06-29,4.84,4.85,4.56,4.58,4.58,62800,498278000.0,-0.2599999999999998,-5.371900826446277
2009-06-30,4.57,4.61,4.43,4.59,4.59,25700,470481500.0,0.019999999999999574,0.4376367614879556
2009-07-01,4.53,4.7,4.5,4.6,4.6,24600,466363500.0,0.0699999999999994,1.5452538631346444
2009-07-02,4.53,4.6,4.4,4.44,4.44,42700,466363500.0,-0.08999999999999986,-1.9867549668874138
2009-07-06,4.41,4.5,4.36,4.5,4.5,51200,454009500.0,0.08999999999999986,2.040816326530609
2009-07-07,4.45,4.48,4.37,4.42,4.42,30000,458127500.0,-0.03000000000000025,-0.674157303370792
2009-07-08,4.33,4.4,4.17,4.38,4.38,71100,445773500.0,0.04999999999999982,1.1547344110854463
2009-07-09,4.66,4.82,4.5,4.66,4.66,372600,479747000.0,0.0,0.0
2009-07-10,4.7,4.8,4.56,4.73,4.73,141100,483865000.0,0.03000000000000025,0.6382978723404308
2009-07-13,4.78,4.91,4.6,4.77,4.77,101200,492101000.0,-0.010000000000000675,-0.2092050209205162
2009-07-14,4.89,4.95,4.76,4.91,4.91,82600,503425499.99999994,0.020000000000000462,0.40899795501023445
2009-07-15,5.08,5.18,4.96,5.15,5.15,124000,522986000.0,0.07000000000000028,1.3779527559055174
2009-07-16,5.2,5.2,5.0,5.1,5.1,53800,535340000.0,-0.10000000000000053,-1.9230769230769333
2009-07-17,5.1,5.16,4.97,5.16,5.16,78000,525044999.99999994,0.0600000000000005,1.176470588235304
2009-07-20,5.2,5.21,5.16,5.2,5.2,69200,535340000.0,0.0,0.0
2009-07-21,5.28,5.28,4.92,5.1,5.1,86800,543576000.0,-0.1800000000000006,-3.4090909090909207
2009-07-22,4.88,5.18,4.88,5.06,5.06,29700,502396000.0,0.17999999999999972,3.688524590163929
2009-07-23,5.06,5.16,5.0,5.16,5.16,35000,520926999.99999994,0.10000000000000053,1.976284584980248
2009-07-24,5.15,5.18,5.04,5.17,5.17,28700,530192500.00000006,0.019999999999999574,0.3883495145630985
2009-07-27,5.27,5.29,5.11,5.16,5.16,20300,542546500.0,-0.10999999999999943,-2.087286527514221
2009-07-28,5.14,5.2,4.77,4.8,4.8,84300,529162999.99999994,-0.33999999999999986,-6.614785992217896
2009-07-29,4.76,4.82,4.55,4.59,4.59,168800,490042000.0,-0.16999999999999993,-3.57142857142857
2009-07-30,4.72,4.82,4.56,4.57,4.57,189000,485924000.0,-0.14999999999999947,-3.177966101694904
2009-07-31,4.64,4.89,4.55,4.88,4.88,124300,477687999.99999994,0.2400000000000002,5.172413793103453
2009-08-03,4.96,5.5,4.9,5.05,5.05,219100,510632000.0,0.08999999999999986,1.8145161290322551
2009-08-04,5.08,5.08,4.9,4.91,4.91,63400,522986000.0,-0.16999999999999993,-3.346456692913384
2009-08-05,4.95,5.0,4.86,4.92,4.92,70700,509602500.0,-0.03000000000000025,-0.6060606060606111
2009-08-06,5.0,5.0,4.8,4.91,4.91,66200,514750000.0,-0.08999999999999986,-1.7999999999999972
2009-08-07,4.95,4.95,4.8,4.85,4.85,50900,509602500.0,-0.10000000000000053,-2.020202020202031
2009-08-10,4.81,4.84,4.75,4.76,4.76,76500,495189499.99999994,-0.04999999999999982,-1.039501039501036
2009-08-11,4.75,4.8,4.68,4.72,4.72,83400,489012500.0,-0.03000000000000025,-0.6315789473684263
2009-08-12,4.9,4.95,4.72,4.9,4.9,79800,504455000.00000006,0.0,0.0
2009-08-13,5.0,5.0,4.84,4.86,4.86,85700,514750000.0,-0.13999999999999968,-2.7999999999999936
2009-08-14,4.8,4.9,4.8,4.85,4.85,55200,494160000.0,0.04999999999999982,1.041666666666663
2009-08-17,4.8,4.84,4.71,4.77,4.77,186600,494160000.0,-0.03000000000000025,-0.6250000000000052
2009-08-18,4.87,4.87,4.75,4.77,4.77,94900,501366500.0,-0.10000000000000053,-2.053388090349087
2009-08-19,4.73,4.8,4.58,4.7,4.7,72600,486953500.00000006,-0.03000000000000025,-0.634249471458779
2009-08-20,4.65,4.7,4.52,4.6,4.6,138900,478717500.00000006,-0.05000000000000071,-1.0752688172043163
2009-08-21,4.62,4.68,4.59,4.61,4.61,146700,475629000.0,-0.009999999999999787,-0.2164502164502118
2009-08-24,4.64,4.67,4.56,4.59,4.59,118100,477687999.99999994,-0.04999999999999982,-1.077586206896548
2009-08-25,4.65,4.65,4.5,4.58,4.58,126000,478717500.00000006,-0.07000000000000028,-1.5053763440860275
2009-08-26,4.56,4.57,4.45,4.5,4.5,84400,469451999.99999994,-0.05999999999999961,-1.3157894736842022
2009-08-27,4.5,4.65,4.45,4.6,4.6,75600,463275000.0,0.09999999999999964,2.2222222222222143
2009-08-28,4.65,4.71,4.59,4.64,4.64,71700,478717500.00000006,-0.010000000000000675,-0.2150537634408747
2009-08-31,4.79,4.79,4.52,4.52,4.52,73200,493130500.0,-0.27000000000000046,-5.636743215031325
2009-09-01,4.52,4.55,4.46,4.47,4.47,58800,465333999.99999994,-0.04999999999999982,-1.106194690265483
2009-09-02,4.56,4.85,4.48,4.81,4.81,192000,469451999.99999994,0.25,5.482456140350878
2009-09-03,4.84,5.04,4.81,4.97,4.97,309000,498278000.0,0.1299999999999999,2.6859504132231384
2009-09-04,4.9,5.15,4.9,5.12,5.12,205200,504455000.00000006,0.21999999999999975,4.489795918367342
2009-09-08,5.3,5.3,5.1,5.11,5.11,148700,545635000.0,-0.1899999999999995,-3.5849056603773493
2009-09-09,5.2,5.35,5.05,5.08,5.08,238500,535340000.0,-0.1200000000000001,-2.3076923076923097
2009-09-10,5.0,5.17,4.9,5.12,5.12,164200,514750000.0,0.1200000000000001,2.400000000000002
2009-09-11,5.16,5.49,5.16,5.34,5.34,269400,531222000.0,0.17999999999999972,3.48837209302325
2009-09-14,5.4,5.45,5.29,5.34,5.34,163700,555930000.0,-0.0600000000000005,-1.1111111111111203
2009-09-15,5.34,5.55,5.34,5.5,5.5,183900,549753000.0,0.16000000000000014,2.996254681647943
2009-09-16,5.55,5.71,5.48,5.5,5.5,224500,571372500.0,-0.04999999999999982,-0.9009009009008978
2009-09-17,5.54,5.54,5.15,5.21,5.21,218700,570343000.0,-0.33000000000000007,-5.956678700361012
2009-09-18,5.18,5.25,5.0,5.05,5.05,142400,533281000.0,-0.1299999999999999,-2.5096525096525077
2009-09-21,5.01,5.09,4.89,4.98,4.98,189000,515779500.0,-0.02999999999999936,-0.5988023952095681
2009-09-22,5.1,5.35,5.06,5.21,5.21,183400,525044999.99999994,0.11000000000000032,2.1568627450980458
2009-09-23,5.25,5.56,5.25,5.49,5.49,390000,540487500.0,0.2400000000000002,4.571428571428576
2009-09-24,5.52,5.55,5.27,5.42,5.42,190500,568284000.0,-0.09999999999999964,-1.8115942028985446
2009-09-25,5.33,5.73,5.25,5.72,5.72,240700,548723500.0,0.3899999999999997,7.317073170731701
2009-09-28,5.76,5.86,5.75,5.78,5.78,209700,592992000.0,0.020000000000000462,0.34722222222223026
2009-09-29,5.84,5.84,5.5,5.72,5.72,176300,601228000.0,-0.1200000000000001,-2.054794520547947
2009-09-30,5.82,5.99,5.72,5.82,5.82,255400,599169000.0,0.0,0.0
2009-10-01,5.65,5.85,5.4,5.42,5.42,144700,581667500.0,-0.23000000000000043,-4.070796460176998
2009-10-02,5.37,5.5,5.1,5.43,5.43,142500,552841500.0,0.05999999999999961,1.1173184357541828
2009-10-05,5.45,5.69,5.43,5.67,5.67,84100,561077500.0,0.21999999999999975,4.036697247706417
2009-10-06,6.0,6.13,5.74,5.95,5.95,280000,617700000.0,-0.04999999999999982,-0.8333333333333304
2009-10-07,5.93,6.11,5.85,5.9,5.9,268800,610493500.0,-0.02999999999999936,-0.5059021922428223
2009-10-08,5.94,6.4,5.94,6.23,6.23,357200,611523000.0,0.29000000000000004,4.882154882154882
2009-10-09,6.2,6.25,5.98,6.02,6.02,112300,638290000.0,-0.1800000000000006,-2.9032258064516223
2009-10-12,6.23,6.35,5.98,6.02,6.02,118500,641378500.0,-0.21000000000000085,-3.370786516853946
2009-10-13,6.09,6.33,5.96,6.07,6.07,215600,626965500.0,-0.019999999999999574,-0.3284072249589421
2009-10-14,6.42,6.47,6.13,6.35,6.35,223100,660939000.0,-0.07000000000000028,-1.0903426791277304
2009-10-15,6.46,6.46,6.14,6.19,6.19,156200,665057000.0,-0.2699999999999996,-4.1795665634674855
2009-10-16,6.35,6.35,6.15,6.26,6.26,126300,653732500.0,-0.08999999999999986,-1.4173228346456672
2009-10-19,6.39,6.55,6.28,6.47,6.47,260600,657850500.0,0.08000000000000007,1.2519561815336475
2009-10-20,6.47,6.52,6.02,6.03,6.03,268000,666086500.0,-0.4399999999999995,-6.800618238021632
2009-10-21,6.06,6.22,6.0,6.04,6.04,154100,623877000.0,-0.019999999999999574,-0.33003300330032304
2009-10-22,5.98,6.06,5.7,5.83,5.83,183500,615641000.0,-0.15000000000000036,-2.5083612040133834
2009-10-23,5.94,5.94,5.63,5.73,5.73,183300,611523000.0,-0.20999999999999996,-3.5353535353535346
2009-10-26,5.64,5.75,5.36,5.4,5.4,320000,580638000.0,-0.23999999999999932,-4.255319148936159
2009-10-27,5.35,5.53,5.35,5.46,5.46,124200,550782500.0,0.11000000000000032,2.0560747663551466
2009-10-28,5.4,5.41,5.07,5.1,5.1,260100,555930000.0,-0.3000000000000007,-5.555555555555569
2009-10-29,5.05,5.5,5.05,5.41,5.41,175900,519897500.0,0.3600000000000003,7.128712871287135
2009-10-30,5.56,5.56,5.09,5.22,5.22,130400,572402000.0,-0.33999999999999986,-6.115107913669063
2009-11-02,5.31,5.44,5.09,5.17,5.17,131700,546664500.0,-0.13999999999999968,-2.6365348399246646
2009-11-03,5.35,5.59,5.09,5.59,5.59,147900,550782500.0,0.2400000000000002,4.48598130841122
2009-11-04,5.84,5.87,5.57,5.69,5.69,149300,601228000.0,-0.14999999999999947,-2.5684931506849225
2009-11-05,5.7,5.8,5.6,5.64,5.64,63100,586815000.0,-0.0600000000000005,-1.052631578947377
2009-11-06,5.72,5.72,5.47,5.53,5.53,69400,588874000.0,-0.1899999999999995,-3.3216783216783132
2009-11-09,5.6,5.81,5.59,5.6,5.6,104500,576520000.0,0.0,0.0
2009-11-10,5.6,5.72,5.57,5.7,5.7,164800,576520000.0,0.10000000000000053,1.7857142857142954
2009-11-11,5.76,5.76,5.53,5.6,5.6,149200,592992000.0,-0.16000000000000014,-2.7777777777777803
2009-11-12,5.59,5.63,5.25,5.27,5.27,144100,575490500.0,-0.3200000000000003,-5.72450805008945
2009-11-13,5.32,5.52,5.26,5.42,5.42,90300,547694000.0,0.09999999999999964,1.879699248120294
2009-11-16,5.63,5.75,5.49,5.69,5.69,214300,579608500.0,0.0600000000000005,1.0657193605683926
2009-11-17,5.68,5.68,5.35,5.59,5.59,141200,584756000.0,-0.08999999999999986,-1.5845070422535186
2009-11-18,5.6,5.74,5.52,5.7,5.7,159600,576520000.0,0.10000000000000053,1.7857142857142954
2009-11-19,5.55,5.66,5.43,5.54,5.54,126900,571372500.0,-0.009999999999999787,-0.18018018018017634
2009-11-20,5.49,5.6,5.41,5.53,5.53,87500,565195500.0,0.040000000000000036,0.7285974499089259
2009-11-23,5.58,5.77,5.57,5.68,5.68,204500,574461000.0,0.09999999999999964,1.7921146953404954
2009-11-24,5.63,5.7,5.53,5.68,5.68,72500,579608500.0,0.04999999999999982,0.8880994671403165
2009-11-25,5.73,6.25,5.73,6.2,6.2,266200,589903500.0,0.46999999999999975,8.202443280977308
2009-11-27,5.73,6.09,5.69,5.81,5.81,200600,589903500.0,0.07999999999999918,1.396160558464209
2009-11-30,5.77,6.16,5.75,6.04,6.04,219500,594021500.0,0.27000000000000046,4.679376083188917
2009-12-01,6.25,6.91,6.12,6.66,6.66,601700,643437500.0,0.41000000000000014,6.560000000000002
2009-12-02,6.68,7.38,6.68,6.85,6.85,577100,687706000.0,0.16999999999999993,2.5449101796407176
2009-12-03,6.95,7.04,6.5,6.8,6.8,394000,715502500.0,-0.15000000000000036,-2.158273381294969
2009-12-04,6.88,6.88,6.42,6.68,6.68,293200,708296000.0,-0.20000000000000018,-2.9069767441860495
2009-12-07,6.58,6.74,6.49,6.65,6.65,194100,677411000.0,0.07000000000000028,1.063829787234047
2009-12-08,6.7,6.7,6.17,6.2,6.2,265000,689765000.0,-0.5,-7.462686567164178
2009-12-09,6.21,6.26,6.0,6.25,6.25,287400,639319500.0,0.040000000000000036,0.6441223832528187
2009-12-10,6.3,6.5,6.1,6.18,6.18,153800,648585000.0,-0.1200000000000001,-1.9047619047619067
2009-12-11,6.3,6.3,5.92,5.97,5.97,184900,648585000.0,-0.33000000000000007,-5.23809523809524
2009-12-14,6.0,6.29,5.98,6.15,6.15,110100,617700000.0,0.15000000000000036,2.500000000000006
2009-12-15,6.09,6.24,5.96,6.1,6.1,138700,626965500.0,0.009999999999999787,0.16420361247947104
2009-12-16,6.21,6.21,6.01,6.11,6.11,149600,639319500.0,-0.09999999999999964,-1.6103059581320394
2009-12-17,6.15,6.15,5.84,5.85,5.85,164700,633142500.0,-0.3000000000000007,-4.878048780487816
2009-12-18,5.99,6.05,5.8,5.93,5.93,162100,616670500.0,-0.0600000000000005,-1.0016694490818112
2009-12-21,5.95,6.01,5.79,5.82,5.82,111300,612552500.0,-0.1299999999999999,-2.18487394957983
2009-12-22,5.91,5.91,5.69,5.88,5.88,95200,608434500.0,-0.03000000000000025,-0.5076142131979737
2009-12-23,6.05,6.19,5.91,6.12,6.12,136900,622847500.0,0.07000000000000028,1.1570247933884346
2009-12-24,6.17,6.19,6.05,6.1,6.1,52900,635201500.0,-0.07000000000000028,-1.1345218800648345
2009-12-28,6.28,6.28,6.0,6.07,6.07,59400,646526000.0,-0.20999999999999996,-3.3439490445859867
2009-12-29,6.17,6.18,6.0,6.04,6.04,103300,635201500.0,-0.1299999999999999,-2.106969205834682
2009-12-30,6.01,6.1,5.91,6.08,6.08,81600,618729500.0,0.07000000000000028,1.1647254575707202
2009-12-31,6.04,6.25,5.91,5.99,5.99,93900,621818000.0,-0.04999999999999982,-0.827814569536421
2010-01-04,6.23,6.23,6.05,6.09,6.09,129300,641378500.0,-0.14000000000000057,-2.247191011235964
2010-01-05,6.2,6.2,6.06,6.09,6.09,97900,638290000.0,-0.11000000000000032,-1.774193548387102
2010-01-06,6.22,6.52,6.03,6.48,6.48,230700,640349000.0,0.2600000000000007,4.180064308681683
2010-01-07,6.67,6.67,6.12,6.46,6.46,145500,686676500.0,-0.20999999999999996,-3.1484257871064467
2010-01-08,6.53,6.75,6.38,6.7,6.7,167600,672263500.0,0.16999999999999993,2.6033690658499222
2010-01-11,6.71,6.94,6.71,6.75,6.75,180000,690794500.0,0.040000000000000036,0.5961251862891213
2010-01-12,6.83,6.83,6.31,6.48,6.48,179900,703148500.0,-0.34999999999999964,-5.124450951683743
2010-01-13,6.53,6.9,6.46,6.8,6.8,162200,672263500.0,0.2699999999999996,4.134762633996931
2010-01-14,6.84,6.99,6.67,6.95,6.95,215500,704178000.0,0.11000000000000032,1.6081871345029288
2010-01-15,6.84,6.94,6.59,6.68,6.68,107700,704178000.0,-0.16000000000000014,-2.3391812865497097
2010-01-19,6.6,6.93,6.6,6.89,6.89,172800,679470000.0,0.29000000000000004,4.3939393939393945
2010-01-20,6.89,6.89,6.46,6.63,6.63,162000,709325500.0,-0.2599999999999998,-3.7735849056603743
2010-01-21,6.63,6.63,6.22,6.31,6.31,300100,682558500.0,-0.3200000000000003,-4.826546003016595
2010-01-22,6.24,6.39,6.05,6.17,6.17,187700,642408000.0,-0.07000000000000028,-1.1217948717948762
2010-01-25,6.2,6.27,5.95,6.2,6.2,166800,638290000.0,0.0,0.0
2010-01-26,6.12,6.33,6.08,6.2,6.2,69800,630054000.0,0.08000000000000007,1.3071895424836613
2010-01-27,6.19,6.24,5.95,6.05,6.05,98200,637260500.0,-0.14000000000000057,-2.261712439418426
2010-01-28,6.08,6.16,5.8,5.87,5.87,128000,625936000.0,-0.20999999999999996,-3.453947368421052
2010-01-29,5.85,5.96,5.51,5.62,5.62,195300,602257500.0,-0.22999999999999954,-3.931623931623924
2010-02-01,5.56,5.99,5.56,5.93,5.93,154800,572402000.0,0.3700000000000001,6.654676258992809
2010-02-02,5.96,5.99,5.84,5.9,5.9,67100,613582000.0,-0.05999999999999961,-1.0067114093959666
2010-02-03,5.79,6.0,5.78,5.96,5.96,62300,596080500.0,0.16999999999999993,2.936096718480137
2010-02-04,5.73,5.76,5.25,5.26,5.26,214300,589903500.0,-0.47000000000000064,-8.202443280977324
2010-02-05,5.26,5.44,5.05,5.4,5.4,279900,541517000.0,0.14000000000000057,2.6615969581749157
2010-02-08,5.4,5.46,5.15,5.18,5.18,131700,555930000.0,-0.22000000000000064,-4.074074074074085
2010-02-09,5.25,5.48,5.16,5.42,5.42,121300,540487500.0,0.16999999999999993,3.2380952380952364
2010-02-10,5.4,5.48,5.22,5.42,5.42,66400,555930000.0,0.019999999999999574,0.37037037037036247
2010-02-11,5.57,5.71,5.39,5.66,5.66,123200,573431500.0,0.08999999999999986,1.6157989228007157
2010-02-12,5.66,5.78,5.5,5.75,5.75,55300,582697000.0,0.08999999999999986,1.5901060070671353
2010-02-16,5.86,6.05,5.86,5.93,5.93,123000,603287000.0,0.0699999999999994,1.1945392491467473
2010-02-17,6.0,6.0,5.79,5.8,5.8,99400,617700000.0,-0.20000000000000018,-3.333333333333336
2010-02-18,5.73,5.88,5.53,5.82,5.82,86000,589903500.0,0.08999999999999986,1.5706806282722487
2010-02-19,5.76,6.05,5.71,5.92,5.92,138700,592992000.0,0.16000000000000014,2.7777777777777803
2010-02-22,6.04,6.39,5.99,6.22,6.22,190900,621818000.0,0.17999999999999972,2.980132450331121
2010-02-23,6.16,6.2,5.94,6.0,6.0,122200,634172000.0,-0.16000000000000014,-2.5974025974025996
2010-02-24,6.1,6.1,5.95,6.04,6.04,59900,627995000.0,-0.05999999999999961,-0.9836065573770428
2010-02-25,5.92,6.3,5.9,6.27,6.27,107900,609464000.0,0.34999999999999964,5.912162162162156
2010-02-26,6.27,6.39,6.16,6.35,6.35,85500,645496500.0,0.08000000000000007,1.2759170653907508
2010-03-01,6.4,6.69,6.39,6.68,6.68,123200,658880000.0,0.27999999999999936,4.37499999999999
2010-03-02,6.68,6.91,6.68,6.91,6.91,173100,687706000.0,0.23000000000000043,3.443113772455096
2010-03-03,7.0,7.0,6.78,6.8,6.8,109600,720650000.0,-0.20000000000000018,-2.85714285714286
2010-03-04,6.75,6.89,6.61,6.76,6.76,80000,694912500.0,0.009999999999999787,0.148148148148145
2010-03-05,6.99,6.99,6.79,6.99,6.99,134500,719620500.0,0.0,0.0
2010-03-08,7.0,7.08,6.92,7.03,7.03,168100,720650000.0,0.03000000000000025,0.42857142857143216
2010-03-09,6.92,7.03,6.72,6.97,6.97,139100,712414000.0,0.04999999999999982,0.7225433526011535
2010-03-10,6.9,7.34,6.9,7.29,7.29,290900,710355000.0,0.3899999999999997,5.652173913043473
2010-03-11,7.3,7.54,7.22,7.35,7.35,228400,751535000.0,0.04999999999999982,0.6849315068493127
2010-03-12,7.54,7.58,7.3,7.38,7.38,140400,776243000.0,-0.16000000000000014,-2.1220159151193654
2010-03-15,7.35,7.44,7.28,7.36,7.36,80000,756682500.0,0.010000000000000675,0.13605442176871665
2010-03-16,7.46,7.54,7.33,7.48,7.48,107000,768007000.0,0.020000000000000462,0.26809651474531454
2010-03-17,7.55,7.55,7.35,7.54,7.54,128100,777272500.0,-0.009999999999999787,-0.132450331125825
2010-03-18,7.57,7.67,7.4,7.49,7.49,93100,779331500.0,-0.08000000000000007,-1.0568031704095122
2010-03-19,7.26,7.51,7.15,7.26,7.26,142800,747417000.0,0.0,0.0
2010-03-22,7.23,7.33,7.12,7.33,7.33,100700,744328500.0,0.09999999999999964,1.3831258644536604
2010-03-23,7.28,7.66,7.27,7.65,7.65,117900,749476000.0,0.3700000000000001,5.082417582417584
2010-03-24,7.62,7.89,7.39,7.76,7.76,263200,784479000.0,0.13999999999999968,1.8372703412073448
2010-03-25,7.81,8.06,7.58,7.73,7.73,198700,804039500.0,-0.07999999999999918,-1.0243277848911547
2010-03-26,7.73,7.75,7.34,7.45,7.45,192300,795803500.0,-0.28000000000000025,-3.6222509702457986
2010-03-29,7.5,7.68,7.16,7.25,7.25,226100,772125000.0,-0.25,-3.3333333333333335
2010-03-30,7.06,7.29,7.06,7.29,7.29,181500,726827000.0,0.23000000000000043,3.257790368271961
2010-03-31,7.34,7.5,7.3,7.42,7.42,134500,755653000.0,0.08000000000000007,1.0899182561307912
2010-04-01,7.5,7.84,7.45,7.77,7.77,145000,772125000.0,0.2699999999999996,3.5999999999999943
2010-04-05,7.92,7.99,7.79,7.94,7.94,196200,815364000.0,0.020000000000000462,0.25252525252525837
2010-04-06,8.0,8.13,7.94,8.02,8.02,203700,823600000.0,0.019999999999999574,0.24999999999999467
2010-04-07,8.09,8.15,7.87,7.9,7.9,200700,832865500.0,-0.1899999999999995,-2.348578491965383
2010-04-08,7.87,7.88,7.75,7.85,7.85,105900,810216500.0,-0.020000000000000462,-0.2541296060991164
2010-04-09,7.9,7.95,7.74,7.87,7.87,209500,813305000.0,-0.03000000000000025,-0.3797468354430411
2010-04-12,7.96,7.96,7.65,7.66,7.66,71400,819482000.0,-0.2999999999999998,-3.768844221105525
2010-04-13,7.6,7.74,7.26,7.52,7.52,173500,782420000.0,-0.08000000000000007,-1.0526315789473695
2010-04-14,7.57,7.82,7.51,7.65,7.65,115000,779331500.0,0.08000000000000007,1.0568031704095122
2010-04-15,7.54,7.66,7.49,7.5,7.5,87800,776243000.0,-0.040000000000000036,-0.5305039787798413
2010-04-16,7.54,7.65,7.2,7.51,7.51,183900,776243000.0,-0.03000000000000025,-0.39787798408488395
2010-04-19,7.37,7.61,7.36,7.49,7.49,144000,758741500.0,0.1200000000000001,1.628222523744913
2010-04-20,7.53,7.87,7.53,7.55,7.55,139000,775213500.0,0.019999999999999574,0.265604249667989
2010-04-21,7.49,7.75,7.49,7.64,7.64,95600,771095500.0,0.14999999999999947,2.0026702269692853
2010-04-22,7.61,7.78,7.61,7.77,7.77,46000,783449500.0,0.15999999999999925,2.102496714848873
2010-04-23,7.71,7.96,7.69,7.94,7.94,90900,793744500.0,0.23000000000000043,2.9831387808041563
2010-04-26,8.0,8.28,7.95,8.05,8.05,218200,823600000.0,0.05000000000000071,0.6250000000000089
2010-04-27,7.69,7.85,7.55,7.62,7.62,335200,791685500.0,-0.07000000000000028,-0.910273081924581
2010-04-28,7.58,7.7,7.56,7.65,7.65,141700,780361000.0,0.07000000000000028,0.9234828496042254
2010-04-29,7.68,7.76,7.64,7.66,7.66,125000,790656000.0,-0.019999999999999574,-0.26041666666666113
2010-04-30,7.7,7.85,7.6,7.64,7.64,203500,792715000.0,-0.0600000000000005,-0.7792207792207856
2010-05-03,7.68,7.8,7.54,7.63,7.63,94000,790656000.0,-0.04999999999999982,-0.6510416666666643
2010-05-04,7.44,7.7,7.32,7.41,7.41,164900,765948000.0,-0.03000000000000025,-0.4032258064516162
2010-05-05,7.15,7.48,7.09,7.38,7.38,185200,736092500.0,0.22999999999999954,3.2167832167832104
2010-05-06,7.42,7.51,6.6,7.2,7.2,187700,763889000.0,-0.21999999999999975,-2.9649595687331503
2010-05-07,7.02,7.35,6.91,7.15,7.15,136200,722709000.0,0.13000000000000078,1.8518518518518632
2010-05-10,7.25,7.29,6.95,7.29,7.29,172500,746387500.0,0.040000000000000036,0.5517241379310349
2010-05-11,7.32,7.63,7.29,7.46,7.46,341000,753594000.0,0.13999999999999968,1.9125683060109244
2010-05-12,7.53,7.83,7.49,7.75,7.75,188100,775213500.0,0.21999999999999975,2.921646746347938
2010-05-13,7.64,7.84,7.61,7.71,7.71,124900,786538000.0,0.07000000000000028,0.9162303664921503
2010-05-14,7.7,7.7,7.35,7.44,7.44,82500,792715000.0,-0.2599999999999998,-3.3766233766233738
2010-05-17,7.41,7.54,7.15,7.29,7.29,152700,762859500.0,-0.1200000000000001,-1.6194331983805683
2010-05-18,7.21,7.33,6.83,6.92,6.92,139900,742269500.0,-0.29000000000000004,-4.0221914008321775
2010-05-19,6.94,6.95,6.5,6.76,6.76,289000,714473000.0,-0.1800000000000006,-2.593659942363121
2010-05-20,6.6,6.67,6.4,6.41,6.41,218800,679470000.0,-0.1899999999999995,-2.8787878787878713
2010-05-21,6.29,6.62,6.28,6.33,6.33,207000,647555500.0,0.040000000000000036,0.6359300476947541
2010-05-24,6.45,6.65,6.18,6.35,6.35,146300,664027500.0,-0.10000000000000053,-1.5503875968992331
2010-05-25,6.32,6.33,5.9,6.2,6.2,280700,650644000.0,-0.1200000000000001,-1.8987341772151913
2010-05-26,6.28,6.74,6.25,6.52,6.52,170700,646526000.0,0.23999999999999932,3.8216560509554034
2010-05-27,6.71,6.93,6.55,6.93,6.93,133400,690794500.0,0.21999999999999975,3.27868852459016
2010-05-28,7.0,7.0,6.72,6.81,6.81,81300,720650000.0,-0.1900000000000004,-2.7142857142857197
2010-06-01,6.68,7.02,6.68,6.83,6.83,94900,687706000.0,0.15000000000000036,2.2455089820359335
2010-06-02,6.88,6.88,6.75,6.83,6.83,71900,708296000.0,-0.04999999999999982,-0.726744186046509
2010-06-03,6.9,6.9,6.46,6.62,6.62,76400,710355000.0,-0.28000000000000025,-4.0579710144927565
2010-06-04,6.36,6.5,6.34,6.5,6.5,106900,654762000.0,0.13999999999999968,2.201257861635215
2010-06-07,6.43,6.75,6.27,6.54,6.54,93800,661968500.0,0.11000000000000032,1.7107309486780766
2010-06-08,6.61,6.64,6.41,6.54,6.54,99500,680499500.0,-0.07000000000000028,-1.0590015128593084
2010-06-09,6.53,6.56,6.28,6.29,6.29,53500,672263500.0,-0.2400000000000002,-3.6753445635528363
2010-06-10,6.35,6.52,6.35,6.52,6.52,52800,653732500.0,0.16999999999999993,2.6771653543307075
2010-06-11,6.4,6.64,6.4,6.62,6.62,89900,658880000.0,0.21999999999999975,3.437499999999996
2010-06-14,6.61,6.63,6.32,6.36,6.36,57000,680499500.0,-0.25,-3.7821482602118
2010-06-15,6.36,6.61,6.36,6.61,6.61,89600,654762000.0,0.25,3.930817610062893
2010-06-16,6.6,6.64,6.56,6.62,6.62,76400,679470000.0,0.020000000000000462,0.30303030303031003
2010-06-17,6.64,6.76,6.55,6.65,6.65,116600,683588000.0,0.010000000000000675,0.1506024096385644
2010-06-18,6.7,6.9,6.62,6.87,6.87,140900,689765000.0,0.16999999999999993,2.53731343283582
2010-06-21,6.91,6.94,6.67,6.67,6.67,69300,711384500.0,-0.2400000000000002,-3.4732272069464574
2010-06-22,6.67,6.75,6.51,6.51,6.51,72200,686676500.0,-0.16000000000000014,-2.398800599700152
2010-06-23,6.51,6.62,6.4,6.6,6.6,91400,670204500.0,0.08999999999999986,1.3824884792626706
2010-06-24,6.6,6.64,6.52,6.59,6.59,133100,679470000.0,-0.009999999999999787,-0.15151515151514827
2010-06-25,6.54,6.67,6.43,6.64,6.64,100700,673293000.0,0.09999999999999964,1.5290519877675788
2010-06-28,6.68,6.75,6.38,6.41,6.41,142600,687706000.0,-0.2699999999999996,-4.041916167664664
2010-06-29,6.35,6.38,6.0,6.09,6.09,139500,653732500.0,-0.2599999999999998,-4.094488188976375
2010-06-30,6.05,6.18,6.05,6.08,6.08,53000,622847500.0,0.03000000000000025,0.49586776859504544
2010-07-01,6.1,6.1,5.69,5.76,5.76,100200,627995000.0,-0.33999999999999986,-5.573770491803277
2010-07-02,5.86,6.03,5.78,6.03,6.03,78000,603287000.0,0.16999999999999993,2.9010238907849817
2010-07-06,5.98,5.98,5.81,5.82,5.82,82300,615641000.0,-0.16000000000000014,-2.6755852842809387
2010-07-07,5.78,6.01,5.78,6.01,6.01,89600,595051000.0,0.22999999999999954,3.979238754325251
2010-07-08,6.02,6.13,5.96,6.08,6.08,63200,619759000.0,0.0600000000000005,0.9966777408637957
2010-07-09,6.12,6.4,6.11,6.4,6.4,81000,630054000.0,0.28000000000000025,4.575163398692815
2010-07-12,6.36,6.36,6.03,6.14,6.14,51100,654762000.0,-0.22000000000000064,-3.4591194968553554
2010-07-13,6.2,6.26,6.06,6.13,6.13,41700,638290000.0,-0.07000000000000028,-1.1290322580645207
2010-07-14,6.06,6.2,6.04,6.09,6.09,51700,623877000.0,0.03000000000000025,0.4950495049504992
2010-07-15,6.08,6.31,6.0,6.3,6.3,88300,625936000.0,0.21999999999999975,3.6184210526315748
2010-07-16,6.27,6.27,6.15,6.16,6.16,67500,645496500.0,-0.10999999999999943,-1.7543859649122715
2010-07-19,6.14,6.17,6.01,6.12,6.12,87900,632113000.0,-0.019999999999999574,-0.3257328990227944
2010-07-20,6.16,6.37,6.08,6.34,6.34,50200,634172000.0,0.17999999999999972,2.9220779220779174
2010-07-21,6.37,6.45,6.21,6.23,6.23,30900,655791500.0,-0.13999999999999968,-2.1978021978021927
2010-07-22,6.23,6.34,6.21,6.21,6.21,60200,641378500.0,-0.020000000000000462,-0.32102728731942953
2010-07-23,6.2,6.24,6.0,6.07,6.07,89800,638290000.0,-0.1299999999999999,-2.0967741935483852
2010-07-26,6.07,6.19,5.97,5.99,5.99,114100,624906500.0,-0.08000000000000007,-1.3179571663920933
2010-07-27,5.98,5.98,5.74,5.75,5.75,99700,615641000.0,-0.23000000000000043,-3.8461538461538534
2010-07-28,5.75,5.88,5.66,5.82,5.82,48700,591962500.0,0.07000000000000028,1.217391304347831
2010-07-29,5.8,5.94,5.8,5.94,5.94,42100,597110000.0,0.14000000000000057,2.413793103448286
2010-07-30,5.88,6.04,5.88,6.01,6.01,36300,605346000.0,0.1299999999999999,2.210884353741495
2010-08-02,6.08,6.4,6.04,6.27,6.27,69200,625936000.0,0.1899999999999995,3.1249999999999916
2010-08-03,6.29,6.34,6.21,6.34,6.34,53900,647555500.0,0.04999999999999982,0.7949125596184391
2010-08-04,6.41,6.83,6.35,6.78,6.78,177700,659909500.0,0.3700000000000001,5.772230889235571
2010-08-05,6.86,6.94,6.63,6.82,6.82,91600,706237000.0,-0.040000000000000036,-0.5830903790087468
2010-08-06,6.75,6.79,6.63,6.73,6.73,67800,694912500.0,-0.019999999999999574,-0.29629629629629
2010-08-09,6.73,6.73,6.63,6.72,6.72,19400,692853500.0,-0.010000000000000675,-0.1485884101040219
2010-08-10,6.6,6.67,6.35,6.62,6.62,159400,679470000.0,0.020000000000000462,0.30303030303031003
2010-08-11,6.48,6.59,6.37,6.56,6.56,61700,667116000.0,0.07999999999999918,1.2345679012345552
2010-08-12,6.56,6.68,6.48,6.58,6.58,116300,675352000.0,0.020000000000000462,0.3048780487804949
2010-08-13,6.55,6.75,6.52,6.62,6.62,46800,674322500.0,0.07000000000000028,1.0687022900763403
2010-08-16,6.62,6.65,6.56,6.65,6.65,38900,681529000.0,0.03000000000000025,0.45317220543807024
2010-08-17,6.68,6.82,6.68,6.73,6.73,76300,687706000.0,0.05000000000000071,0.7485029940119867
2010-08-18,6.7,6.87,6.62,6.82,6.82,54300,689765000.0,0.1200000000000001,1.7910447761194044
2010-08-19,6.79,6.87,6.67,6.78,6.78,68200,699030500.0,-0.009999999999999787,-0.1472754050073606
2010-08-20,6.68,7.32,6.68,7.31,7.31,153400,687706000.0,0.6299999999999999,9.431137724550897
2010-08-23,7.33,7.4,6.98,7.1,7.1,201900,754623500.0,-0.23000000000000043,-3.137789904502052
2010-08-24,7.0,7.25,6.9,7.1,7.1,57500,720650000.0,0.09999999999999964,1.4285714285714235
2010-08-25,7.5,7.5,7.04,7.17,7.17,134900,772125000.0,-0.33000000000000007,-4.400000000000001
2010-08-26,7.15,7.32,7.1,7.15,7.15,60700,736092500.0,0.0,0.0
2010-08-27,7.2,7.6,7.11,7.6,7.6,91600,741240000.0,0.39999999999999947,5.555555555555548
2010-08-30,7.64,7.76,7.48,7.68,7.68,104800,786538000.0,0.040000000000000036,0.5235602094240842
2010-08-31,7.65,7.76,7.26,7.48,7.48,143900,787567500.0,-0.16999999999999993,-2.2222222222222214
2010-09-01,7.6,7.76,7.43,7.49,7.49,119900,782420000.0,-0.10999999999999943,-1.447368421052624
2010-09-02,7.5,7.73,7.5,7.66,7.66,89800,772125000.0,0.16000000000000014,2.1333333333333355
2010-09-03,7.65,7.74,7.59,7.7,7.7,65500,787567500.0,0.04999999999999982,0.6535947712418277
2010-09-07,7.7,7.79,7.6,7.78,7.78,72600,792715000.0,0.08000000000000007,1.0389610389610398
2010-09-08,7.83,8.0,7.8,7.91,7.91,171800,806098500.0,0.08000000000000007,1.0217113665389537
2010-09-09,8.1,8.1,7.64,7.69,7.69,99000,833895000.0,-0.40999999999999925,-5.06172839506172
2010-09-10,7.68,7.91,7.65,7.89,7.89,65500,790656000.0,0.20999999999999996,2.7343749999999996
2010-09-13,7.94,8.06,7.83,8.06,8.06,127300,817423000.0,0.1200000000000001,1.5113350125944598
2010-09-14,8.14,8.23,7.96,7.96,7.96,123100,838013000.0,-0.1800000000000006,-2.2113022113022183
2010-09-15,7.86,8.08,7.73,7.73,7.73,131200,809187000.0,-0.1299999999999999,-1.6539440203562326
2010-09-16,7.82,8.19,7.8,8.18,8.18,156300,805069000.0,0.35999999999999943,4.603580562659839
2010-09-17,8.18,8.2,7.9,8.19,8.19,159800,842131000.0,0.009999999999999787,0.12224938875305363
2010-09-20,8.02,8.19,7.91,7.98,7.98,135000,825659000.0,-0.03999999999999915,-0.49875311720697196
2010-09-21,7.94,7.98,7.51,7.82,7.82,117300,817423000.0,-0.1200000000000001,-1.5113350125944598
2010-09-22,7.83,8.0,7.82,8.0,8.0,92700,806098500.0,0.16999999999999993,2.1711366538952737
2010-09-23,7.88,7.98,7.59,7.83,7.83,95200,811246000.0,-0.04999999999999982,-0.6345177664974597
2010-09-24,7.99,7.99,7.53,7.67,7.67,150700,822570500.0,-0.3200000000000003,-4.005006257822282
2010-09-27,7.68,7.76,7.63,7.71,7.71,54100,790656000.0,0.03000000000000025,0.3906250000000033
2010-09-28,7.65,7.83,7.51,7.72,7.72,104300,787567500.0,0.0699999999999994,0.9150326797385542
2010-09-29,7.75,7.78,7.56,7.75,7.75,129300,797862500.0,0.0,0.0
2010-09-30,7.75,7.78,7.54,7.68,7.68,62600,797862500.0,-0.07000000000000028,-0.9032258064516167
2010-10-01,7.67,7.78,7.67,7.75,7.75,43100,789626500.0,0.08000000000000007,1.043024771838332
2010-10-04,7.75,7.75,7.51,7.68,7.68,76700,797862500.0,-0.07000000000000028,-0.9032258064516167
2010-10-05,7.76,8.06,7.75,7.92,7.92,128600,798892000.0,0.16000000000000014,2.061855670103095
2010-10-06,8.19,8.19,7.89,7.93,7.93,114200,843160500.0,-0.2599999999999998,-3.174603174603172
2010-10-07,7.95,7.95,7.44,7.67,7.67,173200,818452500.0,-0.28000000000000025,-3.5220125786163554
2010-10-08,7.67,7.81,7.61,7.79,7.79,47200,789626500.0,0.1200000000000001,1.5645371577574982
2010-10-11,7.71,8.2,7.71,8.04,8.04,66300,793744500.0,0.3299999999999992,4.2801556420233355
2010-10-12,7.81,8.04,7.7,7.96,7.96,185200,804039500.0,0.15000000000000036,1.9206145966709394
2010-10-13,8.0,8.31,8.0,8.15,8.15,167800,823600000.0,0.15000000000000036,1.8750000000000044
2010-10-14,8.23,8.4,7.95,8.27,8.27,344600,847278500.0,0.03999999999999915,0.4860267314702205
2010-10-15,8.38,8.38,7.95,8.05,8.05,90300,862721000.0000001,-0.33000000000000007,-3.9379474940334136
2010-10-18,7.92,8.0,7.78,7.96,7.96,71900,815364000.0,0.040000000000000036,0.5050505050505055
2010-10-19,7.77,7.77,7.48,7.54,7.54,122200,799921500.0,-0.22999999999999954,-2.9601029601029545
2010-10-20,7.8,7.86,7.57,7.82,7.82,40700,803010000.0,0.020000000000000462,0.2564102564102623
2010-10-21,7.87,7.95,7.67,7.7,7.7,77000,810216500.0,-0.16999999999999993,-2.1601016518424387
2010-10-22,7.77,7.8,7.7,7.75,7.75,37000,799921500.0,-0.019999999999999574,-0.2574002574002519
2010-10-25,7.87,8.07,7.84,7.93,7.93,86300,810216500.0,0.05999999999999961,0.7623888182973266
2010-10-26,7.79,7.97,7.78,7.89,7.89,58000,801980500.0,0.09999999999999964,1.2836970474967861
2010-10-27,7.79,7.86,7.74,7.86,7.86,49400,801980500.0,0.07000000000000028,0.8985879332477572
2010-10-28,7.9,7.98,7.82,7.93,7.93,48600,813305000.0,0.02999999999999936,0.37974683544302984
2010-10-29,7.92,8.35,7.92,8.32,8.32,115900,815364000.0,0.40000000000000036,5.0505050505050555
2010-11-01,8.38,9.0,8.38,8.89,8.89,448300,862721000.0000001,0.5099999999999998,6.085918854415271
2010-11-02,9.09,9.57,8.96,9.45,9.45,441100,935815500.0,0.35999999999999943,3.960396039603954
2010-11-03,9.4,9.43,8.96,9.43,9.43,224400,967730000.0,0.02999999999999936,0.31914893617020595
2010-11-04,9.75,9.87,9.5,9.67,9.67,302500,1003762500.0,-0.08000000000000007,-0.8205128205128212
2010-11-05,9.66,10.03,9.3,9.47,9.47,442500,994497000.0,-0.1899999999999995,-1.9668737060041357
2010-11-08,9.53,10.18,9.43,10.0,10.0,401900,981113499.9999999,0.47000000000000064,4.931794333683113
2010-11-09,10.05,10.82,9.4,9.54,9.54,529100,1034647500.0000001,-0.5100000000000016,-5.074626865671656
2010-11-10,9.71,9.87,9.19,9.85,9.85,164700,999644500.0000001,0.1399999999999988,1.4418125643666198
2010-11-11,9.84,10.02,9.77,9.96,9.96,108800,1013028000.0,0.120000000000001,1.2195121951219614
2010-11-12,9.92,9.92,9.08,9.51,9.51,216100,1021264000.0,-0.41000000000000014,-4.133064516129034
2010-11-15,9.46,9.52,8.89,8.92,8.92,224400,973907000.0000001,-0.5400000000000009,-5.708245243128973
2010-11-16,8.8,8.86,8.41,8.58,8.58,236800,905960000.0000001,-0.22000000000000064,-2.500000000000007
2010-11-17,8.68,8.98,8.47,8.87,8.87,130300,893606000.0,0.1899999999999995,2.188940092165893
2010-11-18,9.14,9.29,9.05,9.19,9.19,117600,940963000.0,0.049999999999998934,0.5470459518599445
2010-11-19,9.06,9.5,9.06,9.5,9.5,203800,932727000.0,0.4399999999999995,4.856512141280348
2010-11-22,9.63,9.88,9.38,9.87,9.87,215300,991408500.0000001,0.23999999999999844,2.492211838006214
2010-11-23,9.89,10.5,9.89,10.32,10.32,272200,1018175500.0,0.4299999999999997,4.347826086956519
2010-11-24,10.43,10.43,10.14,10.17,10.17,100100,1073768500.0,-0.2599999999999998,-2.4928092042185983
2010-11-26,10.3,10.42,10.2,10.35,10.35,79500,1060385000.0000001,0.049999999999998934,0.4854368932038731
2010-11-29,10.42,10.78,10.18,10.68,10.68,169700,1072739000.0,0.2599999999999998,2.4952015355086354
2010-11-30,10.45,11.38,10.38,11.18,11.18,279300,1075827500.0,0.7300000000000004,6.985645933014359
2010-12-01,12.03,12.03,11.35,11.49,11.49,316200,1238488500.0,-0.5399999999999991,-4.488778054862836
2010-12-02,11.74,11.93,11.49,11.54,11.54,263500,1208633000.0,-0.20000000000000107,-1.7035775127768402
2010-12-03,11.73,11.82,11.59,11.77,11.77,162300,1207603500.0,0.03999999999999915,0.3410059676044258
2010-12-06,11.97,12.24,11.82,12.24,12.24,298700,1232311500.0,0.2699999999999996,2.2556390977443574
2010-12-07,12.5,12.6,11.8,11.83,11.83,288700,1286875000.0,-0.6699999999999999,-5.359999999999999
2010-12-08,11.66,11.78,11.0,11.44,11.44,334600,1200397000.0,-0.22000000000000064,-1.8867924528301943
2010-12-09,11.51,11.6,11.26,11.6,11.6,148900,1184954500.0,0.08999999999999986,0.781928757602084
2010-12-10,11.58,11.63,11.34,11.59,11.59,101300,1192161000.0,0.009999999999999787,0.08635578583764929
2010-12-13,11.8,11.87,11.4,11.56,11.56,158300,1214810000.0,-0.2400000000000002,-2.0338983050847474
2010-12-14,11.39,11.65,11.31,11.47,11.47,109100,1172600500.0,0.08000000000000007,0.7023705004389822
2010-12-15,11.15,11.54,11.15,11.26,11.26,88800,1147892500.0,0.10999999999999943,0.9865470852017886
2010-12-16,11.12,11.28,10.77,11.24,11.24,142100,1144804000.0,0.120000000000001,1.079136690647491
2010-12-17,11.27,11.72,11.2,11.67,11.67,138000,1160246500.0,0.40000000000000036,3.5492457852706334
2010-12-20,11.75,11.75,11.35,11.55,11.55,136400,1209662500.0,-0.1999999999999993,-1.7021276595744619
2010-12-21,11.48,11.63,11.38,11.4,11.4,71600,1181866000.0,-0.08000000000000007,-0.6968641114982584
2010-12-22,11.29,11.42,11.18,11.2,11.2,106100,1162305500.0,-0.08999999999999986,-0.7971656333038075
2010-12-23,11.0,11.41,10.81,11.38,11.38,124500,1132450000.0,0.3800000000000008,3.4545454545454617
2010-12-27,11.34,11.49,11.19,11.28,11.28,41900,1167453000.0,-0.0600000000000005,-0.5291005291005335
2010-12-28,11.46,13.1,11.38,12.69,12.69,371700,1179807000.0,1.2299999999999986,10.732984293193706
2010-12-29,12.25,12.61,12.12,12.44,12.44,267200,1261137500.0,0.1899999999999995,1.5510204081632613
2010-12-30,12.43,12.67,12.3,12.38,12.38,137400,1279668500.0,-0.049999999999998934,-0.4022526146419866
2010-12-31,12.54,12.58,12.35,12.44,12.44,76900,1290993000.0,-0.09999999999999964,-0.7974481658692156
2011-01-03,12.7,12.95,12.52,12.53,12.53,172900,1307465000.0,-0.16999999999999993,-1.3385826771653537
2011-01-04,12.03,12.21,11.22,12.12,12.12,244700,1238488500.0,0.08999999999999986,0.7481296758104726
2011-01-05,11.95,12.23,11.77,12.0,12.0,112800,1230252500.0,0.05000000000000071,0.41841004184101016
2011-01-06,12.15,12.15,11.45,11.5,11.5,158100,1250842500.0,-0.6500000000000004,-5.34979423868313
2011-01-07,11.45,11.59,11.0,11.07,11.07,179700,1178777500.0,-0.379999999999999,-3.318777292576411
2011-01-10,11.03,11.13,10.8,11.11,11.11,187200,1135538500.0,0.08000000000000007,0.7252946509519499
2011-01-11,11.14,11.5,11.12,11.49,11.49,98900,1146863000.0,0.34999999999999964,3.1418312387791705
2011-01-12,11.56,11.72,11.4,11.45,11.45,101600,1190102000.0,-0.11000000000000121,-0.9515570934256159
2011-01-13,11.46,11.46,10.83,10.88,10.88,156600,1179807000.0,-0.5800000000000001,-5.06108202443281
2011-01-14,10.89,10.89,10.16,10.28,10.28,342300,1121125500.0,-0.6100000000000012,-5.601469237832886
2011-01-18,10.55,10.71,10.35,10.46,10.46,178300,1086122500.0,-0.08999999999999986,-0.8530805687203777
2011-01-19,10.58,10.7,10.3,10.42,10.42,148600,1089211000.0,-0.16000000000000014,-1.5122873345935741
2011-01-20,10.17,10.17,9.77,9.99,9.99,152600,1047001500.0,-0.17999999999999972,-1.769911504424776
2011-01-21,9.9,10.05,9.77,9.8,9.8,108300,1019205000.0,-0.09999999999999964,-1.0101010101010066
2011-01-24,10.0,10.75,9.72,9.78,9.78,167300,1029500000.0,-0.22000000000000064,-2.2000000000000064
2011-01-25,9.77,9.77,9.21,9.5,9.5,200100,1005821500.0,-0.2699999999999996,-2.763561924257928
2011-01-26,9.5,10.05,9.42,10.0,10.0,140800,978025000.0,0.5,5.263157894736842
2011-01-27,10.02,10.05,9.64,9.7,9.7,75600,1031559000.0,-0.3200000000000003,-3.193612774451101
2011-01-28,9.66,9.95,9.66,9.92,9.92,128400,994497000.0,0.2599999999999998,2.6915113871635588
2011-01-31,9.96,9.99,9.62,9.71,9.71,113800,1025382000.0000001,-0.25,-2.51004016064257
2011-02-01,9.75,10.06,9.71,9.94,9.94,130900,1003762500.0,0.1899999999999995,1.9487179487179436
2011-02-02,9.9,10.05,9.82,9.98,9.98,84600,1019205000.0,0.08000000000000007,0.8080808080808087
2011-02-03,10.01,10.52,9.82,10.51,10.51,207100,1030529500.0,0.5,4.9950049950049955
2011-02-04,10.9,11.13,10.66,10.86,10.86,359800,1122155000.0,-0.040000000000000924,-0.36697247706422864
2011-02-07,10.81,11.09,10.58,10.62,10.62,145400,1112889500.0,-0.19000000000000128,-1.757631822386691
2011-02-08,10.73,11.07,10.72,10.75,10.75,144600,1104653500.0,0.019999999999999574,0.18639328984156173
2011-02-09,10.88,10.88,10.42,10.64,10.64,165500,1120096000.0,-0.2400000000000002,-2.2058823529411784
2011-02-10,10.43,10.8,10.3,10.6,10.6,107800,1073768500.0,0.16999999999999993,1.6299137104506225
2011-02-11,10.71,10.82,10.3,10.31,10.31,94800,1102594500.0,-0.40000000000000036,-3.7348272642390317
2011-02-14,10.37,10.68,10.37,10.52,10.52,74400,1067591499.9999999,0.15000000000000036,1.4464802314368406
2011-02-15,10.73,10.95,10.66,10.75,10.75,111600,1104653500.0,0.019999999999999574,0.18639328984156173
2011-02-16,10.82,10.9,10.5,10.75,10.75,73600,1113919000.0,-0.07000000000000028,-0.6469500924214444
2011-02-17,10.99,11.11,10.76,11.1,11.1,243900,1131420500.0,0.10999999999999943,1.000909918107365
2011-02-18,11.14,11.56,11.12,11.34,11.34,355500,1146863000.0,0.1999999999999993,1.795332136445236
2011-02-22,11.53,11.65,10.8,10.8,10.8,274400,1187013500.0,-0.7299999999999986,-6.331309627059832
2011-02-23,10.87,11.17,10.78,11.0,11.0,124500,1119066500.0,0.13000000000000078,1.1959521619135307
2011-02-24,11.01,11.01,10.2,10.36,10.36,133800,1133479500.0,-0.6500000000000004,-5.903723887375117
2011-02-25,10.52,10.82,10.35,10.79,10.79,89600,1083034000.0,0.2699999999999996,2.5665399239543687
2011-02-28,11.11,11.38,10.94,11.38,11.38,248400,1143774500.0,0.27000000000000135,2.4302430243024427
2011-03-01,11.57,11.77,11.44,11.62,11.62,200400,1191131500.0,0.049999999999998934,0.43215211754536675
2011-03-02,11.74,11.77,11.41,11.55,11.55,223500,1208633000.0,-0.1899999999999995,-1.6183986371379855
2011-03-03,11.43,11.63,11.14,11.5,11.5,160700,1176718500.0,0.07000000000000028,0.6124234470691189
2011-03-04,11.55,12.48,11.44,12.48,12.48,319600,1189072500.0,0.9299999999999997,8.051948051948049
2011-03-07,12.82,13.36,12.51,12.69,12.69,545600,1319819000.0,-0.13000000000000078,-1.014040561622471
2011-03-08,12.65,12.86,12.02,12.84,12.84,339600,1302317500.0,0.1899999999999995,1.5019762845849762
2011-03-09,12.83,12.91,12.59,12.65,12.65,209000,1320848500.0,-0.17999999999999972,-1.402961808261884
2011-03-10,12.25,12.28,11.2,11.89,11.89,334400,1261137500.0,-0.35999999999999943,-2.938775510204077
2011-03-11,11.72,12.16,11.11,11.95,11.95,199800,1206574000.0,0.22999999999999865,1.9624573378839474
2011-03-14,11.86,11.95,11.34,11.43,11.43,175300,1220987000.0,-0.4299999999999997,-3.625632377740301
2011-03-15,10.61,10.85,10.01,10.75,10.75,322300,1092299500.0,0.14000000000000057,1.3195098963242278
2011-03-16,10.76,11.0,10.5,10.75,10.75,201400,1107742000.0,-0.009999999999999787,-0.09293680297397572
2011-03-17,10.85,10.99,10.72,10.81,10.81,96600,1117007500.0,-0.03999999999999915,-0.3686635944700382
2011-03-18,11.06,11.34,11.05,11.21,11.21,126400,1138627000.0,0.15000000000000036,1.356238698010853
2011-03-21,11.37,11.7,11.37,11.65,11.65,114500,1170541500.0,0.28000000000000114,2.4626209322779347
2011-03-22,11.59,11.84,11.49,11.73,11.73,78000,1193190500.0,0.14000000000000057,1.2079378774805916
2011-03-23,11.75,12.42,11.69,12.33,12.33,198400,1209662500.0,0.5800000000000001,4.9361702127659575
2011-03-24,12.6,13.12,12.37,12.56,12.56,355700,1297170000.0,-0.03999999999999915,-0.31746031746031067
2011-03-25,12.62,12.75,12.21,12.22,12.22,149800,1299229000.0,-0.3999999999999986,-3.1695721077654406
2011-03-28,11.99,12.25,11.82,11.86,11.86,102800,1234370500.0,-0.13000000000000078,-1.0842368640533844
2011-03-29,11.82,12.16,11.62,11.87,11.87,123200,1216869000.0,0.049999999999998934,0.42301184433163225
2011-03-30,12.2,12.2,11.63,11.97,11.97,110000,1255990000.0,-0.22999999999999865,-1.8852459016393333
2011-03-31,12.11,12.17,11.92,11.93,11.93,76600,1246724500.0,-0.17999999999999972,-1.4863748967795187
2011-04-01,11.63,11.89,11.24,11.8,11.8,123100,1197308500.0,0.16999999999999993,1.4617368873602745
2011-04-04,11.84,12.12,11.7,11.71,11.71,110500,1218928000.0,-0.129999999999999,-1.0979729729729646
2011-04-05,11.69,13.26,11.59,13.1,13.1,388500,1203485500.0,1.4100000000000001,12.061591103507272
2011-04-06,13.2,14.78,13.05,13.75,13.75,819500,1358940000.0,0.5500000000000007,4.166666666666672
2011-04-07,13.75,14.14,13.54,13.73,13.73,227000,1415562500.0,-0.019999999999999574,-0.14545454545454234
2011-04-08,14.11,14.75,14.11,14.48,14.48,420500,1452624500.0,0.370000000000001,2.6222537207654217
2011-04-11,14.48,14.53,13.13,13.56,13.56,355400,1490716000.0,-0.9199999999999999,-6.353591160220994
2011-04-12,13.56,13.59,12.63,13.06,13.06,297400,1396002000.0,-0.5,-3.687315634218289
2011-04-13,13.39,13.86,13.3,13.6,13.6,209500,1378500500.0,0.20999999999999908,1.5683345780433091
2011-04-14,13.62,13.7,13.21,13.47,13.47,220200,1402179000.0,-0.14999999999999858,-1.1013215859030734
2011-04-15,13.44,13.73,13.09,13.18,13.18,196700,1383648000.0,-0.2599999999999998,-1.9345238095238078
2011-04-18,13.0,13.24,12.19,12.92,12.92,204000,1338350000.0,-0.08000000000000007,-0.6153846153846159
2011-04-19,12.97,13.06,12.63,12.9,12.9,136700,1335261500.0,-0.07000000000000028,-0.5397070161912126
2011-04-20,13.27,13.62,13.07,13.32,13.32,202500,1366146500.0,0.05000000000000071,0.3767897513187695
2011-04-21,13.31,13.49,13.06,13.13,13.13,139600,1370264500.0,-0.17999999999999972,-1.352366641622838
2011-04-25,13.28,13.38,12.58,12.73,12.73,174500,1367176000.0,-0.5499999999999989,-4.141566265060233
2011-04-26,12.58,12.76,12.33,12.46,12.46,179800,1295111000.0,-0.11999999999999922,-0.9538950715421243
2011-04-27,12.54,13.47,12.1,13.31,13.31,318500,1290993000.0,0.7700000000000014,6.1403508771929936
2011-04-28,13.41,13.48,12.57,12.76,12.76,301400,1380559500.0,-0.6500000000000004,-4.847129008202836
2011-04-29,12.75,12.79,12.06,12.06,12.06,429000,1312612500.0,-0.6899999999999995,-5.41176470588235
2011-05-02,11.51,12.03,11.26,11.83,11.83,432600,1184954500.0,0.3200000000000003,2.78019113814075
2011-05-03,11.64,11.85,11.25,11.58,11.58,232700,1198338000.0,-0.0600000000000005,-0.5154639175257775
2011-05-04,11.48,11.5,10.5,11.09,11.09,544400,1181866000.0,-0.39000000000000057,-3.3972125435540117
2011-05-05,11.2,11.6,10.75,11.0,11.0,537200,1153040000.0,-0.1999999999999993,-1.7857142857142794
2011-05-06,11.2,11.48,10.88,11.0,11.0,416600,1153040000.0,-0.1999999999999993,-1.7857142857142794
2011-05-09,11.09,11.34,11.0,11.07,11.07,160200,1141715500.0,-0.019999999999999574,-0.1803426510369664
2011-05-10,11.08,11.17,10.75,10.79,10.79,130800,1140686000.0,-0.2900000000000009,-2.617328519855604
2011-05-11,10.76,10.83,10.15,10.17,10.17,218900,1107742000.0,-0.5899999999999999,-5.483271375464683
2011-05-12,10.04,10.45,9.6,10.13,10.13,291300,1033617999.9999999,0.09000000000000163,0.8964143426294985
2011-05-13,10.22,10.32,9.57,9.57,9.57,204500,1052149000.0000001,-0.6500000000000004,-6.360078277886499
2011-05-16,8.92,9.82,8.9,9.37,9.37,281000,918314000.0,0.4499999999999993,5.044843049327347
2011-05-17,9.27,9.44,8.97,9.28,9.28,148100,954346500.0,0.009999999999999787,0.10787486515641627
2011-05-18,9.3,9.7,9.3,9.45,9.45,143200,957435000.0000001,0.14999999999999858,1.6129032258064364
2011-05-19,9.63,9.65,9.25,9.47,9.47,118700,991408500.0000001,-0.16000000000000014,-1.6614745586708217
2011-05-20,9.45,9.62,9.12,9.37,9.37,105400,972877499.9999999,-0.08000000000000007,-0.8465608465608473
2011-05-23,9.36,9.36,9.04,9.12,9.12,76700,963612000.0,-0.2400000000000002,-2.5641025641025665
2011-05-24,9.41,9.6,9.21,9.56,9.56,308500,968759500.0,0.15000000000000036,1.5940488841657847
2011-05-25,9.66,9.98,9.58,9.93,9.93,170600,994497000.0,0.2699999999999996,2.795031055900617
2011-05-26,9.89,9.95,9.7,9.82,9.82,118700,1018175500.0,-0.07000000000000028,-0.7077856420626925
2011-05-27,9.96,10.24,9.91,10.06,10.06,133900,1025382000.0000001,0.09999999999999964,1.0040160642570244
2011-05-31,10.2,10.28,10.0,10.16,10.16,121500,1050089999.9999999,-0.03999999999999915,-0.3921568627450897
2011-06-01,10.15,10.19,9.61,9.76,9.76,114700,1044942500.0,-0.39000000000000057,-3.84236453201971
2011-06-02,9.79,9.95,9.43,9.49,9.49,161600,1007880499.9999999,-0.29999999999999893,-3.06435137895811
2011-06-03,9.43,9.6,9.27,9.48,9.48,102500,970818500.0,0.05000000000000071,0.5302226935312907
2011-06-06,9.5,9.62,8.84,8.87,8.87,139700,978025000.0,-0.6300000000000008,-6.631578947368428
2011-06-07,8.96,9.19,8.89,8.91,8.91,124800,922432000.0000001,-0.05000000000000071,-0.5580357142857222
2011-06-08,8.8,8.89,8.28,8.44,8.44,188000,905960000.0000001,-0.3600000000000012,-4.090909090909104
2011-06-09,8.43,8.74,8.39,8.63,8.63,81600,867868500.0,0.20000000000000107,2.3724792408066557
2011-06-10,8.53,8.54,8.37,8.44,8.44,78300,878163499.9999999,-0.08999999999999986,-1.0550996483001156
2011-06-13,8.57,9.98,8.57,9.3,9.3,536500,882281500.0,0.7300000000000004,8.518086347724624
2011-06-14,9.36,9.6,9.22,9.4,9.4,237200,963612000.0,0.040000000000000924,0.42735042735043727
2011-06-15,9.34,9.9,9.33,9.59,9.59,256700,961553000.0,0.25,2.676659528907923
2011-06-16,9.53,9.63,9.1,9.29,9.29,202500,981113499.9999999,-0.2400000000000002,-2.518363064008397
2011-06-17,9.29,9.46,8.77,9.14,9.14,220700,956405499.9999999,-0.14999999999999858,-1.6146393972012767
2011-06-20,9.2,9.59,9.12,9.58,9.58,111900,947139999.9999999,0.3800000000000008,4.130434782608704
2011-06-21,9.74,10.47,9.74,10.38,10.38,170700,1002733000.0,0.6400000000000006,6.570841889117049
2011-06-22,10.43,10.79,10.27,10.32,10.32,129200,1073768500.0,-0.10999999999999943,-1.0546500479386332
2011-06-23,10.03,10.25,9.56,10.17,10.17,144400,1032588499.9999999,0.14000000000000057,1.3958125623130666
2011-06-24,10.17,10.17,9.66,9.79,9.79,64400,1047001500.0,-0.3800000000000008,-3.736479842674541
2011-06-27,9.53,9.64,9.31,9.47,9.47,109100,981113499.9999999,-0.05999999999999872,-0.6295907660020853
2011-06-28,9.52,9.71,9.37,9.64,9.64,118900,980084000.0,0.120000000000001,1.2605042016806827
2011-06-29,9.79,10.25,9.75,10.17,10.17,127500,1007880499.9999999,0.3800000000000008,3.8815117466802946
2011-06-30,10.2,10.3,9.96,9.98,9.98,90100,1050089999.9999999,-0.21999999999999886,-2.156862745098028
2011-07-01,9.89,9.89,9.55,9.7,9.7,49400,1018175500.0,-0.19000000000000128,-1.9211324570273132
2011-07-05,10.16,10.58,9.9,10.53,10.53,147900,1045972000.0,0.3699999999999992,3.641732283464559
2011-07-06,10.5,10.8,10.32,10.51,10.51,97600,1080975000.0,0.009999999999999787,0.0952380952380932
2011-07-07,10.75,11.06,10.65,10.95,10.95,124400,1106712500.0,0.1999999999999993,1.860465116279063
2011-07-08,11.0,11.14,10.64,10.66,10.66,116000,1132450000.0,-0.33999999999999986,-3.0909090909090895
2011-07-11,10.63,10.63,10.1,10.49,10.49,166200,1094358500.0,-0.14000000000000057,-1.3170272812794033
2011-07-12,10.43,11.05,10.42,10.85,10.85,122500,1073768500.0,0.41999999999999993,4.026845637583892
2011-07-13,11.13,11.74,11.06,11.26,11.26,234500,1145833500.0,0.129999999999999,1.1680143755615364
2011-07-14,11.39,11.72,11.12,11.27,11.27,147900,1172600500.0,-0.120000000000001,-1.053555750658481
2011-07-15,11.27,11.51,11.02,11.16,11.16,82200,1160246500.0,-0.10999999999999943,-0.9760425909494183
2011-07-18,11.49,11.74,11.35,11.66,11.66,220400,1182895500.0,0.16999999999999993,1.4795474325500428
2011-07-19,11.96,11.96,11.32,11.43,11.43,144900,1231282000.0,-0.5300000000000011,-4.43143812709031
2011-07-20,11.2,11.82,11.08,11.74,11.74,104500,1153040000.0,0.5400000000000009,4.82142857142858
2011-07-21,11.79,11.87,11.22,11.25,11.25,111300,1213780500.0,-0.5399999999999991,-4.580152671755719
2011-07-22,11.44,11.58,11.26,11.35,11.35,81400,1177748000.0,-0.08999999999999986,-0.7867132867132856
2011-07-25,11.57,11.73,11.17,11.23,11.23,65100,1191131500.0,-0.33999999999999986,-2.9386343993085555
2011-07-26,11.19,11.19,11.06,11.15,11.15,60600,1152010500.0,-0.03999999999999915,-0.3574620196604035
2011-07-27,11.15,11.23,10.38,10.46,10.46,79600,1147892500.0,-0.6899999999999995,-6.188340807174883
2011-07-28,10.35,10.37,10.02,10.24,10.24,69100,1065532500.0,-0.10999999999999943,-1.0628019323671443
2011-07-29,10.17,10.18,9.8,10.01,10.01,70100,1047001500.0,-0.16000000000000014,-1.5732546705998047
2011-08-01,10.01,10.91,10.01,10.52,10.52,80000,1030529500.0,0.5099999999999998,5.094905094905093
2011-08-02,10.68,10.98,10.52,10.74,10.74,97400,1099506000.0,0.0600000000000005,0.5617977528089935
2011-08-03,10.78,10.92,10.5,10.55,10.55,81700,1109801000.0,-0.22999999999999865,-2.133580705009264
2011-08-04,10.59,10.59,9.36,9.72,9.72,169200,1090240500.0,-0.8699999999999992,-8.215297450424922
2011-08-05,9.75,9.75,8.8,9.09,9.09,174200,1003762500.0,-0.6600000000000001,-6.76923076923077
2011-08-08,9.2,9.5,8.75,9.21,9.21,183400,947139999.9999999,0.010000000000001563,0.10869565217393004
2011-08-09,9.27,9.38,8.67,9.38,9.38,177500,954346500.0,0.11000000000000121,1.1866235167206172
2011-08-10,9.26,9.98,9.1,9.72,9.72,86100,953317000.0,0.46000000000000085,4.967602591792666
2011-08-11,9.76,10.09,9.61,9.78,9.78,96200,1004792000.0,0.019999999999999574,0.20491803278688087
2011-08-12,9.69,9.82,9.51,9.68,9.68,58900,997585500.0,-0.009999999999999787,-0.10319917440660255
2011-08-15,9.67,10.15,9.55,10.03,10.03,66400,995526500.0,0.35999999999999943,3.7228541882109556
2011-08-16,9.85,10.16,9.8,9.91,9.91,74400,1014057500.0,0.0600000000000005,0.6091370558375686
2011-08-17,9.95,10.31,9.9,9.97,9.97,33300,1024352499.9999999,0.02000000000000135,0.20100502512564172
2011-08-18,9.97,9.97,9.4,9.49,9.49,91300,1026411500.0000001,-0.4800000000000004,-4.814443329989974
2011-08-19,9.65,9.99,9.56,9.75,9.75,53100,993467500.0,0.09999999999999964,1.0362694300518096
2011-08-22,9.82,10.45,9.82,10.14,10.14,128200,1010969000.0,0.3200000000000003,3.258655804480654
2011-08-23,10.24,10.24,9.6,9.65,9.65,111600,1054208000.0,-0.5899999999999999,-5.761718749999998
2011-08-24,9.51,9.52,8.98,9.29,9.29,127800,979054500.0,-0.22000000000000064,-2.313354363827557
2011-08-25,9.32,9.63,9.11,9.51,9.51,103400,959494000.0,0.1899999999999995,2.038626609442055
2011-08-26,9.47,9.95,9.35,9.91,9.91,98700,974936500.0000001,0.4399999999999995,4.646251319957756
2011-08-29,9.95,10.74,9.88,10.56,10.56,239500,1024352499.9999999,0.6100000000000012,6.130653266331671
2011-08-30,10.65,10.84,10.54,10.69,10.69,119300,1096417500.0,0.03999999999999915,0.3755868544600859
2011-08-31,10.8,11.12,10.69,10.87,10.87,149200,1111860000.0,0.06999999999999851,0.6481481481481343
2011-09-01,10.89,11.15,10.78,11.03,11.03,65300,1121125500.0,0.1399999999999988,1.2855831037649108
2011-09-02,11.06,11.67,11.01,11.23,11.23,113300,1138627000.0,0.16999999999999993,1.5370705244122957
2011-09-06,11.16,11.53,11.1,11.33,11.33,123800,1148922000.0,0.16999999999999993,1.523297491039426
2011-09-07,11.17,11.23,10.95,10.98,10.98,104700,1149951500.0,-0.1899999999999995,-1.7009847806624845
2011-09-08,11.24,11.51,11.09,11.36,11.36,88400,1157158000.0,0.11999999999999922,1.0676156583629823
2011-09-09,11.3,11.48,11.05,11.35,11.35,88000,1163335000.0,0.049999999999998934,0.4424778761061852
2011-09-12,11.18,11.19,10.4,10.67,10.67,101900,1150981000.0,-0.5099999999999998,-4.561717352415025
2011-09-13,10.76,10.9,10.36,10.8,10.8,129500,1107742000.0,0.040000000000000924,0.3717472118959194
2011-09-14,10.64,11.0,10.56,10.8,10.8,73800,1095388000.0,0.16000000000000014,1.5037593984962419
2011-09-15,10.52,10.75,10.16,10.67,10.67,91100,1083034000.0,0.15000000000000036,1.4258555133079882
2011-09-16,10.71,11.04,10.63,10.78,10.78,79900,1102594500.0,0.06999999999999851,0.6535947712418161
2011-09-19,10.93,11.12,10.43,10.51,10.51,82800,1125243500.0,-0.41999999999999993,-3.8426349496797796
2011-09-20,10.51,11.21,10.47,10.8,10.8,79200,1082004500.0,0.2900000000000009,2.759276879162711
2011-09-21,10.92,11.32,10.77,10.81,10.81,90200,1124214000.0,-0.10999999999999943,-1.0073260073260022
2011-09-22,10.22,10.22,9.71,9.91,9.91,245300,1052149000.0000001,-0.3100000000000005,-3.0332681017612573
2011-09-23,9.72,9.72,8.64,8.81,8.81,250400,1000674000.0000001,-0.9100000000000001,-9.362139917695474
2011-09-26,8.63,8.72,8.06,8.45,8.45,223600,888458500.0000001,-0.1800000000000015,-2.085747392815776
2011-09-27,8.77,8.96,8.25,8.35,8.35,148700,902871500.0,-0.41999999999999993,-4.789053591790193
2011-09-28,8.5,8.51,8.05,8.13,8.13,102400,875075000.0,-0.3699999999999992,-4.352941176470579
2011-09-29,8.28,8.31,7.82,7.88,7.88,88900,852425999.9999999,-0.39999999999999947,-4.830917874396129
2011-09-30,7.69,8.16,7.59,7.84,7.84,174600,791685500.0,0.14999999999999947,1.9505851755526586
2011-10-03,7.84,7.98,7.45,7.47,7.47,112400,807128000.0,-0.3700000000000001,-4.7193877551020424
2011-10-04,7.43,7.43,6.83,7.36,7.36,174300,764918500.0,-0.0699999999999994,-0.9421265141318895
2011-10-05,7.32,7.65,7.12,7.57,7.57,124600,753594000.0,0.25,3.415300546448087
2011-10-06,7.71,8.1,7.64,8.08,8.08,152900,793744500.0,0.3700000000000001,4.798962386511026
2011-10-07,8.11,8.28,7.7,7.96,7.96,91900,834924500.0,-0.14999999999999947,-1.8495684340320526
2011-10-10,8.05,8.3,7.98,8.28,8.28,48800,828747500.0000001,0.22999999999999865,2.85714285714284
2011-10-11,8.31,8.38,8.08,8.22,8.22,61000,855514500.0,-0.08999999999999986,-1.0830324909747275
2011-10-12,8.3,8.68,8.27,8.54,8.54,86400,854485000.0000001,0.23999999999999844,2.891566265060222
2011-10-13,8.52,8.52,8.11,8.3,8.3,35500,877134000.0,-0.21999999999999886,-2.582159624413132
2011-10-14,8.47,8.68,8.43,8.57,8.57,36600,871986500.0000001,0.09999999999999964,1.1806375442739037
2011-10-17,8.67,8.67,8.12,8.25,8.25,72400,892576500.0,-0.41999999999999993,-4.844290657439446
2011-10-18,8.12,8.51,7.8,8.33,8.33,74200,835953999.9999999,0.21000000000000085,2.586206896551735
2011-10-19,8.35,8.37,7.8,7.81,7.81,55200,859632500.0,-0.54,-6.467065868263473
2011-10-20,7.84,8.0,7.5,7.7,7.7,80500,807128000.0,-0.13999999999999968,-1.7857142857142818
2011-10-21,7.8,8.0,7.72,7.93,7.93,57200,803010000.0,0.1299999999999999,1.6666666666666652
2011-10-24,8.05,8.62,8.05,8.6,8.6,47400,828747500.0000001,0.5499999999999989,6.832298136645949
2011-10-25,8.34,8.99,8.3,8.7,8.7,82600,858603000.0,0.35999999999999943,4.316546762589922
2011-10-26,8.81,9.2,8.74,9.18,9.18,86500,906989500.0,0.3699999999999992,4.1997729852440315
2011-10-27,9.51,10.04,9.26,9.91,9.91,84500,979054500.0,0.40000000000000036,4.206098843322822
2011-10-28,9.93,10.18,9.79,9.93,9.93,46200,1022293500.0,0.0,0.0
2011-10-31,9.9,9.92,9.39,9.39,9.39,116100,1019205000.0,-0.5099999999999998,-5.15151515151515
2011-11-01,8.57,9.62,8.53,9.49,9.49,84800,882281500.0,0.9199999999999999,10.735122520420068
2011-11-02,9.6,9.97,9.37,9.69,9.69,54600,988320000.0,0.08999999999999986,0.9374999999999986
2011-11-03,9.96,9.96,9.56,9.8,9.8,58900,1025382000.0000001,-0.16000000000000014,-1.6064257028112463
2011-11-04,9.73,9.85,9.49,9.79,9.79,75100,1001703500.0,0.05999999999999872,0.6166495375128337
2011-11-07,9.78,9.87,9.65,9.82,9.82,80800,1006850999.9999999,0.040000000000000924,0.40899795501023445
2011-11-08,9.85,9.87,9.49,9.59,9.59,58800,1014057500.0,-0.2599999999999998,-2.6395939086294398
2011-11-09,9.56,9.7,9.2,9.27,9.27,63700,984202000.0,-0.2900000000000009,-3.03347280334729
2011-11-10,9.36,9.51,8.79,9.12,9.12,78800,963612000.0,-0.2400000000000002,-2.5641025641025665
2011-11-11,9.1,9.27,8.99,9.05,9.05,50400,936845000.0,-0.049999999999998934,-0.5494505494505377
2011-11-14,9.04,9.1,8.89,9.04,9.04,48000,930667999.9999999,0.0,0.0
2011-11-15,8.99,9.16,8.9,9.05,9.05,44800,925520500.0,0.0600000000000005,0.6674082313681924
2011-11-16,8.97,9.03,8.67,8.75,8.75,49700,923461500.0000001,-0.22000000000000064,-2.4526198439241984
2011-11-17,8.75,8.83,8.39,8.44,8.44,67100,900812500.0,-0.3100000000000005,-3.5428571428571485
2011-11-18,8.47,8.54,8.06,8.23,8.23,60900,871986500.0000001,-0.2400000000000002,-2.833530106257381
2011-11-21,8.03,8.05,7.53,7.85,7.85,106400,826688499.9999999,-0.17999999999999972,-2.2415940224159367
2011-11-22,7.92,8.28,7.82,8.18,8.18,58400,815364000.0,0.2599999999999998,3.28282828282828
2011-11-23,7.88,8.06,7.5,7.75,7.75,80600,811246000.0,-0.1299999999999999,-1.6497461928933996
2011-11-25,7.63,7.84,7.44,7.56,7.56,24000,785508500.0,-0.07000000000000028,-0.9174311926605542
2011-11-28,7.94,8.44,7.91,8.12,8.12,106300,817423000.0,0.17999999999999883,2.267002518891673
2011-11-29,8.1,8.45,7.8,7.91,7.91,61900,833895000.0,-0.1899999999999995,-2.345679012345673
2011-11-30,8.19,8.4,8.14,8.3,8.3,53900,843160500.0,0.11000000000000121,1.3431013431013579
2011-12-01,8.21,8.47,8.08,8.33,8.33,43200,845219500.0000001,0.11999999999999922,1.4616321559074203
2011-12-02,8.18,8.38,8.06,8.15,8.15,31700,842131000.0,-0.02999999999999936,-0.3667481662591609
2011-12-05,8.13,8.29,7.98,8.01,8.01,49800,836983500.0000001,-0.120000000000001,-1.4760147601476137
2011-12-06,8.04,8.04,7.6,7.81,7.81,105800,827717999.9999999,-0.22999999999999954,-2.8606965174129297
2011-12-07,7.7,7.8,7.54,7.65,7.65,82700,792715000.0,-0.04999999999999982,-0.649350649350647
2011-12-08,7.56,7.8,7.2,7.52,7.52,165700,778302000.0,-0.040000000000000036,-0.5291005291005296
2011-12-09,7.57,7.87,7.35,7.5,7.5,186400,779331500.0,-0.07000000000000028,-0.924702774108326
2011-12-12,7.35,7.37,6.99,7.06,7.06,181700,756682500.0,-0.29000000000000004,-3.9455782312925174
2011-12-13,7.04,7.14,6.69,6.91,6.91,220700,724768000.0,-0.1299999999999999,-1.8465909090909074
2011-12-14,6.74,6.78,6.15,6.35,6.35,229300,693883000.0,-0.39000000000000057,-5.786350148367961
2011-12-15,6.37,6.53,6.08,6.29,6.29,206700,655791500.0,-0.08000000000000007,-1.2558869701726856
2011-12-16,6.42,6.56,6.22,6.22,6.22,95500,660939000.0,-0.20000000000000018,-3.1152647975077907
2011-12-19,6.27,6.48,5.95,6.21,6.21,138600,645496500.0,-0.05999999999999961,-0.9569377990430561
2011-12-20,6.44,6.91,6.41,6.77,6.77,147500,662998000.0,0.3299999999999992,5.1242236024844585
2011-12-21,6.8,6.82,6.38,6.39,6.39,104900,700060000.0,-0.41000000000000014,-6.029411764705885
2011-12-22,6.46,6.61,6.38,6.45,6.45,102100,665057000.0,-0.009999999999999787,-0.1547987616099038
2011-12-23,6.47,6.66,6.47,6.55,6.55,57400,666086500.0,0.08000000000000007,1.2364760432766626
2011-12-27,6.54,6.82,6.36,6.43,6.43,88100,673293000.0,-0.11000000000000032,-1.6819571865443472
2011-12-28,6.44,6.68,6.19,6.21,6.21,152500,662998000.0,-0.23000000000000043,-3.5714285714285783
2011-12-29,6.17,6.38,6.07,6.31,6.31,184300,635201500.0,0.13999999999999968,2.2690437601296543
2011-12-30,6.49,6.66,6.28,6.66,6.66,246700,668145500.0,0.16999999999999993,2.6194144838212625
2012-01-03,7.18,7.21,6.92,7.18,7.18,111400,739181000.0,0.0,0.0
2012-01-04,7.14,7.32,7.04,7.06,7.06,56800,735063000.0,-0.08000000000000007,-1.1204481792717098
2012-01-05,7.08,7.2,6.88,7.15,7.15,49200,728886000.0,0.07000000000000028,0.9887005649717555
2012-01-06,7.08,7.18,7.0,7.15,7.15,110900,728886000.0,0.07000000000000028,0.9887005649717555
2012-01-09,7.18,7.37,7.04,7.31,7.31,48900,739181000.0,0.1299999999999999,1.8105849582172688
2012-01-10,7.52,7.6,7.29,7.33,7.33,71700,774184000.0,-0.1899999999999995,-2.5265957446808445
2012-01-11,7.31,7.31,7.07,7.11,7.11,46900,752564500.0,-0.1999999999999993,-2.735978112175093
2012-01-12,7.16,7.37,7.08,7.12,7.12,74200,737122000.0,-0.040000000000000036,-0.5586592178770954
2012-01-13,7.04,7.04,6.74,6.99,6.99,87200,724768000.0,-0.04999999999999982,-0.7102272727272702
2012-01-17,7.04,7.3,6.95,6.98,6.98,54000,724768000.0,-0.05999999999999961,-0.8522727272727216
2012-01-18,6.96,7.05,6.76,6.93,6.93,71000,716532000.0,-0.03000000000000025,-0.4310344827586242
2012-01-19,6.94,7.32,6.94,7.15,7.15,95800,714473000.0,0.20999999999999996,3.0259365994236305
2012-01-20,7.13,7.81,7.13,7.81,7.81,190200,734033500.0,0.6799999999999997,9.537166900420752
2012-01-23,7.85,8.24,7.8,7.85,7.85,189200,808157500.0,0.0,0.0
2012-01-24,7.81,7.81,7.45,7.66,7.66,100400,804039500.0,-0.14999999999999947,-1.920614596670928
2012-01-25,7.75,8.3,7.64,8.29,8.29,109300,797862500.0,0.5399999999999991,6.9677419354838595
2012-01-26,8.39,8.46,8.0,8.18,8.18,162500,863750500.0,-0.21000000000000085,-2.502979737783085
2012-01-27,8.16,8.62,8.16,8.52,8.52,47300,840072000.0,0.35999999999999943,4.411764705882345
2012-01-30,8.51,8.51,8.23,8.48,8.48,73700,876104500.0,-0.02999999999999936,-0.3525264394829537
2012-01-31,8.55,8.58,8.3,8.32,8.32,77400,880222500.0000001,-0.23000000000000043,-2.6900584795321687
2012-02-01,8.3,8.53,8.12,8.18,8.18,231000,854485000.0000001,-0.120000000000001,-1.4457831325301322
2012-02-02,8.25,8.75,8.25,8.67,8.67,83200,849337500.0,0.41999999999999993,5.09090909090909
2012-02-03,8.64,8.76,8.51,8.6,8.6,45400,889488000.0,-0.040000000000000924,-0.4629629629629736
2012-02-06,8.51,8.51,8.33,8.5,8.5,57800,876104500.0,-0.009999999999999787,-0.11750881316098458
2012-02-07,8.45,8.63,8.3,8.6,8.6,60900,869927499.9999999,0.15000000000000036,1.775147928994087
2012-02-08,8.64,8.77,8.23,8.37,8.37,84200,889488000.0,-0.27000000000000135,-3.125000000000015
2012-02-09,8.43,8.57,8.16,8.2,8.2,42500,867868500.0,-0.23000000000000043,-2.7283511269276444
2012-02-10,8.09,8.14,7.85,8.06,8.06,72800,832865500.0,-0.02999999999999936,-0.3708281829418957
2012-02-13,8.2,8.51,8.17,8.37,8.37,86200,844189999.9999999,0.16999999999999993,2.0731707317073167
2012-02-14,8.34,8.41,8.24,8.3,8.3,32500,858603000.0,-0.03999999999999915,-0.47961630695442625
2012-02-15,8.53,9.38,8.48,8.72,8.72,256100,878163499.9999999,0.19000000000000128,2.227432590855818
2012-02-16,8.73,8.9,8.61,8.75,8.75,96400,898753500.0,0.019999999999999574,0.2290950744558943
2012-02-17,8.77,9.33,8.77,9.25,9.25,102100,902871500.0,0.4800000000000004,5.4732041049030835
2012-02-21,9.36,9.81,9.36,9.68,9.68,174600,963612000.0,0.3200000000000003,3.4188034188034218
2012-02-22,9.63,9.84,9.42,9.64,9.64,156700,991408500.0000001,0.009999999999999787,0.10384215991692405
2012-02-23,9.71,9.83,9.55,9.6,9.6,119000,999644500.0000001,-0.11000000000000121,-1.1328527291452235
2012-02-24,9.61,9.75,9.42,9.55,9.55,48500,989349500.0,-0.05999999999999872,-0.6243496357960325
2012-02-27,9.56,9.95,9.51,9.73,9.73,81300,984202000.0,0.16999999999999993,1.7782426778242668
2012-02-28,9.91,10.16,9.83,10.14,10.14,139300,1020234500.0,0.23000000000000043,2.3208879919273504
2012-02-29,10.24,10.62,9.49,9.62,9.62,254600,1054208000.0,-0.620000000000001,-6.05468750000001
2012-03-01,9.81,10.37,9.58,10.27,10.27,108600,1009939500.0,0.4599999999999991,4.689092762487248
2012-03-02,10.17,10.64,10.17,10.28,10.28,169200,1047001500.0,0.10999999999999943,1.0816125860373593
2012-03-05,10.2,10.21,9.7,9.72,9.72,100500,1050089999.9999999,-0.47999999999999865,-4.705882352941163
2012-03-06,9.43,9.48,9.05,9.29,9.29,128400,970818500.0,-0.14000000000000057,-1.4846235418875988
2012-03-07,9.35,9.72,9.25,9.71,9.71,64800,962582500.0,0.3600000000000012,3.850267379679157
2012-03-08,9.82,10.49,9.8,10.36,10.36,177800,1010969000.0,0.5399999999999991,5.498981670061091
2012-03-09,10.24,10.45,10.03,10.03,10.03,83800,1054208000.0,-0.21000000000000085,-2.0507812500000084
2012-03-12,9.85,9.96,9.58,9.9,9.9,158000,1014057500.0,0.05000000000000071,0.5076142131979768
2012-03-13,9.84,10.08,9.75,9.8,9.8,71700,1013028000.0,-0.03999999999999915,-0.4065040650406418
2012-03-14,9.68,9.68,9.23,9.46,9.46,86400,996556000.0,-0.21999999999999886,-2.272727272727261
2012-03-15,9.5,9.59,9.2,9.46,9.46,264100,978025000.0,-0.03999999999999915,-0.4210526315789384
2012-03-16,9.41,9.61,9.33,9.6,9.6,133800,968759500.0,0.1899999999999995,2.019128586609984
2012-03-19,9.59,9.87,9.51,9.79,9.79,90300,987290500.0,0.1999999999999993,2.085505735140764
2012-03-20,9.68,9.98,9.5,9.98,9.98,115800,996556000.0,0.3000000000000007,3.0991735537190155
2012-03-21,10.0,10.12,9.78,9.79,9.79,55700,1029500000.0,-0.21000000000000085,-2.1000000000000085
2012-03-22,9.65,9.8,9.58,9.74,9.74,41100,993467500.0,0.08999999999999986,0.9326424870466307
2012-03-23,9.84,10.2,9.65,9.68,9.68,99500,1013028000.0,-0.16000000000000014,-1.6260162601626031
2012-03-26,9.85,10.44,9.85,10.35,10.35,88500,1014057500.0,0.5,5.0761421319796955
2012-03-27,10.41,10.7,10.28,10.29,10.29,76900,1071709500.0,-0.120000000000001,-1.1527377521613928
2012-03-28,10.29,10.36,9.73,9.94,9.94,86300,1059355499.9999999,-0.34999999999999964,-3.4013605442176837
2012-03-29,9.8,10.05,9.78,9.98,9.98,57600,1008910000.0000001,0.17999999999999972,1.8367346938775482
2012-03-30,9.87,10.17,9.84,10.1,10.1,77300,1016116499.9999999,0.23000000000000043,2.3302938196555263
2012-04-02,10.13,10.54,9.92,10.36,10.36,183400,1042883500.0000001,0.22999999999999865,2.270483711747272
2012-04-03,10.37,10.38,10.02,10.35,10.35,82400,1067591499.9999999,-0.019999999999999574,-0.19286403085824083
2012-04-04,10.01,10.25,9.88,10.14,10.14,130100,1030529500.0,0.13000000000000078,1.2987012987013067
2012-04-05,10.16,10.2,9.88,9.92,9.92,51000,1045972000.0,-0.2400000000000002,-2.362204724409451
2012-04-09,9.94,10.13,9.64,9.8,9.8,88500,1023323000.0,-0.1399999999999988,-1.40845070422534
2012-04-10,9.74,9.86,9.35,9.74,9.74,288000,1002733000.0,0.0,0.0
2012-04-11,9.8,10.14,9.72,10.0,10.0,55500,1008910000.0000001,0.1999999999999993,2.0408163265306047
2012-04-12,10.02,10.34,9.96,10.06,10.06,88400,1031559000.0,0.040000000000000924,0.3992015968063965
2012-04-13,9.99,10.0,9.64,9.95,9.95,51000,1028470500.0,-0.040000000000000924,-0.4004004004004097
2012-04-16,9.93,10.07,9.37,9.47,9.47,131100,1022293500.0,-0.4599999999999991,-4.632426988922448
2012-04-17,9.63,9.84,9.51,9.75,9.75,25000,991408500.0000001,0.11999999999999922,1.246105919003107
2012-04-18,9.64,9.72,9.34,9.45,9.45,37400,992438000.0,-0.19000000000000128,-1.9709543568464862
2012-04-19,9.45,9.75,9.35,9.4,9.4,37900,972877499.9999999,-0.049999999999998934,-0.5291005291005179
2012-04-20,9.43,9.43,9.13,9.21,9.21,62800,970818500.0,-0.21999999999999886,-2.3329798515376337
2012-04-23,9.08,9.08,8.68,8.92,8.92,69300,934786000.0,-0.16000000000000014,-1.7621145374449354
2012-04-24,8.89,9.05,8.75,8.83,8.83,39000,915225500.0,-0.0600000000000005,-0.6749156355455623
2012-04-25,9.01,9.44,8.82,9.35,9.35,56300,927579500.0,0.33999999999999986,3.7735849056603756
2012-04-26,9.33,9.54,9.33,9.4,9.4,50900,960523500.0,0.07000000000000028,0.7502679528403031
2012-04-27,9.51,9.71,9.47,9.68,9.68,47200,979054500.0,0.16999999999999993,1.787592008412197
2012-04-30,9.57,10.03,9.41,10.03,10.03,165200,985231500.0,0.4599999999999991,4.806687565308245
2012-05-01,9.99,10.08,9.87,9.9,9.9,56000,1028470500.0,-0.08999999999999986,-0.9009009009008995
2012-05-02,9.87,10.05,9.72,9.82,9.82,53400,1016116499.9999999,-0.049999999999998934,-0.506585612968581
2012-05-03,9.77,9.84,9.35,9.4,9.4,107800,1005821500.0,-0.3699999999999992,-3.7871033776867886
2012-05-04,9.32,9.7,9.23,9.32,9.32,69600,959494000.0,0.0,0.0
2012-05-07,9.26,9.36,8.7,8.96,8.96,130300,953317000.0,-0.29999999999999893,-3.2397408207343297
2012-05-08,8.76,8.8,8.36,8.51,8.51,91500,901842000.0,-0.25,-2.853881278538813
2012-05-09,8.26,8.95,8.21,8.93,8.93,91800,850367000.0,0.6699999999999999,8.111380145278451
2012-05-10,9.01,9.34,8.89,8.95,8.95,78800,927579500.0,-0.0600000000000005,-0.6659267480577191
2012-05-11,8.82,9.06,8.6,8.7,8.7,26000,908019000.0,-0.120000000000001,-1.360544217687086
2012-05-14,8.5,8.64,7.62,7.72,7.72,188000,875075000.0,-0.7800000000000002,-9.176470588235297
2012-05-15,7.72,7.92,7.17,7.22,7.22,135700,794774000.0,-0.5,-6.476683937823835
2012-05-16,7.2,7.39,6.63,7.05,7.05,172800,741240000.0,-0.15000000000000036,-2.083333333333338
2012-05-17,7.17,7.57,7.12,7.18,7.18,105100,738151500.0,0.009999999999999787,0.13947001394699843
2012-05-18,7.37,7.45,6.75,6.97,6.97,136000,758741500.0,-0.40000000000000036,-5.427408412483044
2012-05-21,7.09,7.58,7.01,7.5,7.5,65500,729915500.0,0.41000000000000014,5.782792665726378
2012-05-22,7.36,7.5,7.1,7.19,7.19,80700,757712000.0,-0.16999999999999993,-2.309782608695651
2012-05-23,7.07,7.94,7.0,7.9,7.9,80300,727856500.0,0.8300000000000001,11.73974540311174
2012-05-24,8.07,8.31,7.81,8.07,8.07,64600,830806500.0,0.0,0.0
2012-05-25,8.07,8.4,7.99,8.37,8.37,45700,830806500.0,0.29999999999999893,3.717472118959095
2012-05-29,8.57,8.59,7.9,7.97,7.97,84800,882281500.0,-0.6000000000000005,-7.00116686114353
2012-05-30,7.78,8.2,7.58,8.07,8.07,58900,800951000.0,0.29000000000000004,3.7275064267352187
2012-05-31,8.1,8.1,7.42,7.7,7.7,63900,833895000.0,-0.39999999999999947,-4.938271604938265
2012-06-01,8.07,8.5,7.85,8.5,8.5,98100,830806500.0,0.4299999999999997,5.328376703841385
2012-06-04,8.47,9.0,8.29,8.92,8.92,118400,871986500.0000001,0.4499999999999993,5.312868949232577
2012-06-05,8.92,9.42,8.9,9.33,9.33,113000,918314000.0,0.41000000000000014,4.596412556053813
2012-06-06,9.64,9.64,9.0,9.11,9.11,87200,992438000.0,-0.5300000000000011,-5.497925311203331
2012-06-07,9.2,9.2,8.66,8.82,8.82,92000,947139999.9999999,-0.379999999999999,-4.130434782608685
2012-06-08,8.66,8.96,8.39,8.84,8.84,36800,891547000.0,0.17999999999999972,2.0785219399538075
2012-06-11,8.94,9.04,8.55,8.62,8.62,51800,920373000.0,-0.3200000000000003,-3.579418344519019
2012-06-12,8.65,9.0,8.65,8.87,8.87,60800,890517500.0,0.21999999999999886,2.543352601156056
2012-06-13,8.89,9.17,8.84,8.92,8.92,70300,915225500.0,0.02999999999999936,0.3374578177727712
2012-06-14,8.98,9.03,8.67,8.68,8.68,34900,924491000.0,-0.3000000000000007,-3.340757238307358
2012-06-15,8.78,8.8,8.15,8.15,8.15,93200,903900999.9999999,-0.629999999999999,-7.175398633257392
2012-06-18,8.2,8.62,7.95,8.53,8.53,115500,844189999.9999999,0.33000000000000007,4.024390243902441
2012-06-19,8.6,8.84,8.47,8.59,8.59,71200,885370000.0,-0.009999999999999787,-0.11627906976743939
2012-06-20,8.48,9.06,8.29,8.5,8.5,122800,873016000.0,0.019999999999999574,0.23584905660376854
2012-06-21,8.33,8.39,7.82,7.82,7.82,113800,857573500.0,-0.5099999999999998,-6.122448979591834
2012-06-22,7.87,7.92,7.63,7.89,7.89,53800,810216500.0,0.019999999999999574,0.2541296060991051
2012-06-25,7.79,7.97,7.67,7.85,7.85,46900,801980500.0,0.05999999999999961,0.7702182284980694
2012-06-26,7.77,7.79,7.45,7.69,7.69,69200,799921500.0,-0.07999999999999918,-1.0296010296010192
2012-06-27,7.8,8.0,7.43,8.0,8.0,70800,803010000.0,0.20000000000000018,2.5641025641025665
2012-06-28,7.86,8.21,7.74,8.16,8.16,82300,809187000.0,0.2999999999999998,3.8167938931297685
2012-06-29,8.62,8.82,8.48,8.7,8.7,96900,887428999.9999999,0.08000000000000007,0.928074245939676
2012-07-02,8.68,8.87,8.37,8.44,8.44,15900,893606000.0,-0.2400000000000002,-2.7649769585253483
2012-07-03,8.6,9.41,8.6,9.38,9.38,127800,885370000.0,0.7800000000000011,9.069767441860478
2012-07-05,9.21,9.33,9.01,9.12,9.12,133600,948169500.0000001,-0.09000000000000163,-0.9771986970684216
2012-07-06,8.95,9.17,8.84,9.04,9.04,50800,921402499.9999999,0.08999999999999986,1.0055865921787694
2012-07-09,9.1,9.24,8.99,9.23,9.23,52200,936845000.0,0.13000000000000078,1.4285714285714373
2012-07-10,9.31,9.46,8.88,9.01,9.01,66100,958464500.0,-0.3000000000000007,-3.222341568206237
2012-07-11,9.01,9.06,8.69,8.89,8.89,40900,927579500.0,-0.11999999999999922,-1.3318534961154187
2012-07-12,8.7,8.74,8.37,8.71,8.71,74500,895664999.9999999,0.010000000000001563,0.11494252873565015
2012-07-13,8.81,9.04,8.77,9.02,9.02,64600,906989500.0,0.20999999999999908,2.3836549375709315
2012-07-16,9.03,9.54,9.03,9.37,9.37,90700,929638499.9999999,0.33999999999999986,3.7652270210409733
2012-07-17,9.45,9.62,9.0,9.27,9.27,54400,972877499.9999999,-0.17999999999999972,-1.9047619047619018
2012-07-18,9.27,9.49,9.19,9.25,9.25,23400,954346500.0,-0.019999999999999574,-0.21574973031283254
2012-07-19,9.35,9.59,9.23,9.34,9.34,38300,962582500.0,-0.009999999999999787,-0.10695187165775173
2012-07-20,9.28,9.35,8.9,9.04,9.04,51700,955375999.9999999,-0.2400000000000002,-2.5862068965517264
2012-07-23,9.05,9.3,8.76,9.02,9.02,84400,931697500.0000001,-0.030000000000001137,-0.33149171270719485
2012-07-24,9.14,9.21,8.58,8.81,8.81,81300,940963000.0,-0.33000000000000007,-3.6105032822757113
2012-07-25,9.0,9.17,8.86,9.03,9.03,62800,926550000.0,0.02999999999999936,0.33333333333332626
2012-07-26,9.1,9.2,8.97,9.16,9.16,38300,936845000.0,0.0600000000000005,0.6593406593406648
2012-07-27,9.2,9.26,9.03,9.16,9.16,42600,947139999.9999999,-0.03999999999999915,-0.4347826086956429
2012-07-30,9.16,9.32,9.09,9.15,9.15,87400,943022000.0,-0.009999999999999787,-0.10917030567685357
2012-07-31,9.2,9.25,8.95,9.18,9.18,28700,947139999.9999999,-0.019999999999999574,-0.21739130434782145
2012-08-01,9.17,9.17,8.8,9.14,9.14,46400,944051500.0,-0.02999999999999936,-0.3271537622682591
2012-08-02,9.03,9.33,9.03,9.12,9.12,62100,929638499.9999999,0.08999999999999986,0.9966777408637859
2012-08-03,9.26,9.47,9.12,9.33,9.33,99400,953317000.0,0.07000000000000028,0.7559395248380161
2012-08-06,9.31,9.66,9.31,9.55,9.55,48100,958464500.0,0.2400000000000002,2.5778732545649863
2012-08-07,9.56,9.72,9.52,9.52,9.52,60000,984202000.0,-0.040000000000000924,-0.4184100418410139
2012-08-08,9.51,9.73,9.35,9.36,9.36,34300,979054500.0,-0.15000000000000036,-1.5772870662460605
2012-08-09,9.43,9.54,9.3,9.44,9.44,26700,970818500.0,0.009999999999999787,0.10604453870625435
2012-08-10,9.61,9.61,9.35,9.41,9.41,41700,989349500.0,-0.1999999999999993,-2.0811654526534786
2012-08-13,9.42,9.62,9.32,9.41,9.41,80600,969789000.0,-0.009999999999999787,-0.10615711252653702
2012-08-14,9.37,9.39,9.12,9.24,9.24,73300,964641499.9999999,-0.129999999999999,-1.3874066168623163
2012-08-15,9.31,9.41,9.22,9.34,9.34,87300,958464500.0,0.02999999999999936,0.3222341568206161
2012-08-16,9.37,9.66,9.32,9.43,9.43,160100,964641499.9999999,0.0600000000000005,0.6403415154749253
2012-08-17,9.47,9.62,9.43,9.44,9.44,65200,974936500.0000001,-0.030000000000001137,-0.3167898627244048
2012-08-20,9.5,9.6,9.42,9.43,9.43,144600,978025000.0,-0.07000000000000028,-0.736842105263161
2012-08-21,9.63,10.1,9.63,10.02,10.02,172500,991408500.0000001,0.3899999999999988,4.049844236760112
2012-08-22,10.01,10.5,10.01,10.35,10.35,150600,1030529500.0,0.33999999999999986,3.3966033966033953
2012-08-23,10.05,10.06,9.77,9.92,9.92,430800,1034647500.0000001,-0.13000000000000078,-1.2935323383084654
2012-08-24,9.91,10.23,9.91,10.21,10.21,87400,1020234500.0,0.3000000000000007,3.027245206861763
2012-08-27,10.23,10.31,10.1,10.19,10.19,109400,1053178500.0,-0.040000000000000924,-0.3910068426197549
2012-08-28,10.25,10.33,10.11,10.18,10.18,168100,1055237500.0,-0.07000000000000028,-0.6829268292682955
2012-08-29,10.19,10.24,10.1,10.13,10.13,62100,1049060500.0,-0.05999999999999872,-0.5888125613346293
2012-08-30,10.17,10.21,9.67,9.75,9.75,40500,1047001500.0,-0.41999999999999993,-4.129793510324483
2012-08-31,9.89,10.3,9.68,10.27,10.27,58400,1018175500.0,0.379999999999999,3.8422649140545904
2012-09-04,10.29,10.82,10.27,10.72,10.72,233600,1059355499.9999999,0.4300000000000015,4.1788143828960305
2012-09-05,10.75,10.82,10.51,10.74,10.74,45000,1106712500.0,-0.009999999999999787,-0.09302325581395152
2012-09-06,10.86,11.2,10.75,10.86,10.86,86400,1118037000.0,0.0,0.0
2012-09-07,10.99,11.43,10.98,11.29,11.29,131200,1131420500.0,0.29999999999999893,2.7297543221110003
2012-09-10,11.27,11.4,11.19,11.28,11.28,85000,1160246500.0,0.009999999999999787,0.08873114463176386
2012-09-11,11.35,11.42,11.25,11.29,11.29,138400,1168482500.0,-0.0600000000000005,-0.5286343612334846
2012-09-12,11.39,11.74,11.26,11.56,11.56,88300,1172600500.0,0.16999999999999993,1.492537313432835
2012-09-13,11.55,12.1,11.2,11.72,11.72,186700,1189072500.0,0.16999999999999993,1.471861471861471
2012-09-14,11.78,12.15,11.72,12.1,12.1,105300,1212751000.0,0.3200000000000003,2.716468590831921
2012-09-17,12.1,12.25,11.85,11.95,11.95,86200,1245695000.0,-0.15000000000000036,-1.2396694214876063
2012-09-18,11.95,12.3,11.79,12.17,12.17,91600,1230252500.0,0.22000000000000064,1.8410041841004237
2012-09-19,12.24,12.29,12.06,12.18,12.18,64600,1260108000.0,-0.0600000000000005,-0.49019607843137664
2012-09-20,11.93,12.09,11.78,11.92,11.92,97800,1228193500.0,-0.009999999999999787,-0.08382229673092864
2012-09-21,12.09,12.11,11.79,11.88,11.88,58300,1244665500.0,-0.20999999999999908,-1.7369727047146326
2012-09-24,11.78,11.78,11.16,11.19,11.19,106600,1212751000.0,-0.5899999999999999,-5.008488964346349
2012-09-25,11.35,11.5,11.08,11.18,11.18,204100,1168482500.0,-0.16999999999999993,-1.4977973568281933
2012-09-26,10.99,11.85,10.73,11.83,11.83,212300,1131420500.0,0.8399999999999999,7.643312101910826
2012-09-27,11.88,12.38,11.77,12.27,12.27,94900,1223046000.0,0.3899999999999988,3.2828282828282727
2012-09-28,12.17,12.41,12.1,12.18,12.18,51500,1252901500.0,0.009999999999999787,0.08216926869350688
2012-10-01,12.43,12.48,12.31,12.38,12.38,137000,1279668500.0,-0.049999999999998934,-0.4022526146419866
2012-10-02,12.43,12.47,12.18,12.4,12.4,131800,1279668500.0,-0.02999999999999936,-0.24135156878519198
2012-10-03,12.44,12.44,12.09,12.09,12.09,54900,1280698000.0,-0.34999999999999964,-2.813504823151123
2012-10-04,12.29,12.52,12.29,12.43,12.43,91400,1265255500.0,0.14000000000000057,1.1391375101708754
2012-10-05,12.47,12.64,12.41,12.51,12.51,69300,1283786500.0,0.03999999999999915,0.32076984763431554
2012-10-08,12.32,12.39,12.18,12.28,12.28,25400,1268344000.0,-0.040000000000000924,-0.32467532467533217
2012-10-09,12.38,12.45,12.1,12.23,12.23,94800,1274521000.0,-0.15000000000000036,-1.2116316639741547
2012-10-10,12.11,12.38,12.03,12.05,12.05,57000,1246724500.0,-0.05999999999999872,-0.4954582989264965
2012-10-11,12.14,12.25,11.94,11.97,11.97,70400,1249813000.0,-0.16999999999999993,-1.4003294892915974
2012-10-12,11.97,12.15,11.81,11.83,11.83,109500,1232311500.0,-0.14000000000000057,-1.1695906432748584
2012-10-15,11.73,11.82,11.49,11.7,11.7,51800,1207603500.0,-0.030000000000001137,-0.2557544757033345
2012-10-16,11.7,11.8,11.59,11.77,11.77,29900,1204515000.0,0.07000000000000028,0.5982905982906007
2012-10-17,11.82,12.04,11.79,11.97,11.97,40500,1216869000.0,0.15000000000000036,1.2690355329949268
2012-10-18,11.85,11.95,11.5,11.5,11.5,62300,1219957500.0,-0.34999999999999964,-2.9535864978902926
2012-10-19,11.47,11.53,10.97,11.31,11.31,105700,1180836500.0,-0.16000000000000014,-1.3949433304272025
2012-10-22,11.43,11.6,11.24,11.45,11.45,68200,1176718500.0,0.019999999999999574,0.17497812773402951
2012-10-23,11.28,11.69,11.23,11.69,11.69,159200,1161276000.0,0.41000000000000014,3.634751773049647
2012-10-24,11.75,11.82,11.51,11.79,11.79,177200,1209662500.0,0.03999999999999915,0.3404255319148864
2012-10-25,11.87,12.24,11.66,12.16,12.16,267100,1222016500.0,0.2900000000000009,2.443133951137329
2012-10-26,12.27,12.31,12.06,12.26,12.26,124800,1263196500.0,-0.009999999999999787,-0.08149959250203576
2012-10-31,12.4,13.11,12.2,12.8,12.8,200400,1276580000.0,0.40000000000000036,3.2258064516129057
2012-11-01,12.8,13.18,12.77,13.17,13.17,150600,1317760000.0,0.3699999999999992,2.890624999999994
2012-11-02,13.12,13.17,12.69,13.0,13.0,147600,1350704000.0,-0.11999999999999922,-0.9146341463414575
2012-11-05,12.82,13.09,12.69,12.71,12.71,54100,1319819000.0,-0.10999999999999943,-0.8580343213728504
2012-11-06,12.95,13.42,12.82,13.36,13.36,161000,1333202500.0,0.41000000000000014,3.1660231660231672
2012-11-07,13.34,13.39,12.55,13.23,13.23,152000,1373353000.0,-0.10999999999999943,-0.8245877061469222
2012-11-08,13.11,13.28,12.92,13.28,13.28,65700,1349674500.0,0.16999999999999993,1.29672006102212
2012-11-09,13.22,13.25,12.66,12.73,12.73,67600,1360999000.0,-0.4900000000000002,-3.706505295007566
2012-11-12,12.8,12.83,12.4,12.59,12.59,69400,1317760000.0,-0.21000000000000085,-1.6406250000000067
2012-11-13,12.44,12.47,12.26,12.33,12.33,79700,1280698000.0,-0.10999999999999943,-0.8842443729903492
2012-11-14,12.48,12.48,11.63,11.72,11.72,90500,1284816000.0,-0.7599999999999998,-6.089743589743588
2012-11-15,11.7,11.7,11.09,11.12,11.12,156200,1204515000.0,-0.5800000000000001,-4.957264957264958
2012-11-16,11.06,11.29,10.61,11.23,11.23,154200,1138627000.0,0.16999999999999993,1.5370705244122957
2012-11-19,11.3,11.54,9.71,10.13,10.13,529600,1163335000.0,-1.17,-10.353982300884955
2012-11-20,10.0,10.29,9.75,9.87,9.87,262100,1029500000.0,-0.13000000000000078,-1.3000000000000078
2012-11-21,9.84,10.32,9.81,10.17,10.17,147000,1013028000.0,0.33000000000000007,3.3536585365853666
2012-11-23,10.15,10.52,10.12,10.2,10.2,74000,1044942500.0,0.049999999999998934,0.49261083743841316
2012-11-26,10.33,10.46,10.16,10.4,10.4,87000,1063473500.0,0.07000000000000028,0.6776379477250754
2012-11-27,10.36,10.39,10.06,10.13,10.13,57400,1066562000.0,-0.22999999999999865,-2.2200772200772074
2012-11-28,9.92,9.99,9.59,9.66,9.66,91800,1021264000.0,-0.2599999999999998,-2.6209677419354818
2012-11-29,9.64,9.79,9.5,9.68,9.68,89000,992438000.0,0.03999999999999915,0.41493775933609073
2012-11-30,9.65,9.76,9.54,9.74,9.74,55900,993467500.0,0.08999999999999986,0.9326424870466307
2012-12-03,9.74,9.76,9.59,9.66,9.66,38300,1002733000.0,-0.08000000000000007,-0.8213552361396311
2012-12-04,9.55,9.95,9.52,9.88,9.88,65700,983172500.0000001,0.33000000000000007,3.4554973821989536
2012-12-05,9.99,10.35,9.88,9.97,9.97,102100,1028470500.0,-0.019999999999999574,-0.20020020020019594
2012-12-06,9.92,10.01,9.51,9.67,9.67,79700,1021264000.0,-0.25,-2.520161290322581
2012-12-07,9.71,9.92,9.63,9.68,9.68,70800,999644500.0000001,-0.030000000000001137,-0.3089598352214329
2012-12-10,9.75,9.99,9.73,9.92,9.92,31600,1003762500.0,0.16999999999999993,1.7435897435897427
2012-12-11,9.94,10.07,9.92,9.99,9.99,19500,1023323000.0,0.05000000000000071,0.5030181086519186
2012-12-12,10.11,10.35,10.05,10.18,10.18,76100,1040824500.0,0.07000000000000028,0.6923837784371938
2012-12-13,10.09,10.09,9.75,9.95,9.95,24100,1038765500.0,-0.14000000000000057,-1.3875123885034746
2012-12-14,9.93,10.14,9.91,9.97,9.97,28500,1022293500.0,0.040000000000000924,0.4028197381671795
2012-12-17,9.94,10.01,9.77,9.92,9.92,37700,1023323000.0,-0.019999999999999574,-0.2012072434607603
2012-12-18,9.95,10.03,9.7,9.77,9.77,89100,1024352499.9999999,-0.17999999999999972,-1.8090452261306504
2012-12-19,9.73,9.82,9.62,9.66,9.66,33700,1001703500.0,-0.07000000000000028,-0.7194244604316575
2012-12-20,9.61,9.84,9.51,9.75,9.75,78800,989349500.0,0.14000000000000057,1.456815816857446
2012-12-21,9.51,9.9,9.51,9.82,9.82,44900,979054500.0,0.3100000000000005,3.2597266035751895
2012-12-24,9.7,10.22,9.7,10.03,10.03,42900,998614999.9999999,0.33000000000000007,3.4020618556701043
2012-12-26,10.03,10.04,9.74,9.87,9.87,26800,1032588499.9999999,-0.16000000000000014,-1.5952143569292139
2012-12-27,9.98,10.25,9.86,10.13,10.13,61800,1027441000.0,0.15000000000000036,1.5030060120240516
2012-12-28,10.08,10.08,9.76,9.86,9.86,23500,1037736000.0,-0.22000000000000064,-2.182539682539689
2012-12-31,9.94,10.31,9.94,10.29,10.29,45500,1023323000.0,0.34999999999999964,3.521126760563377
2013-01-02,10.45,10.59,10.39,10.49,10.49,52600,1075827500.0,0.040000000000000924,0.38277511961723376
2013-01-03,10.42,10.83,10.2,10.26,10.26,54900,1072739000.0,-0.16000000000000014,-1.5355086372360858
2013-01-04,10.17,10.31,9.83,10.16,10.16,93400,1047001500.0,-0.009999999999999787,-0.09832841691248562
2013-01-07,10.13,10.36,10.13,10.31,10.31,56400,1042883500.0000001,0.17999999999999972,1.7769002961500464
2013-01-08,10.35,10.4,10.2,10.28,10.28,29600,1065532500.0,-0.07000000000000028,-0.6763285024154617
2013-01-09,10.32,10.34,10.2,10.31,10.31,15700,1062444000.0,-0.009999999999999787,-0.09689922480619947
2013-01-10,10.49,10.69,10.39,10.65,10.65,33100,1079945500.0,0.16000000000000014,1.5252621544327944
2013-01-11,10.67,10.77,10.46,10.61,10.61,37100,1098476500.0,-0.0600000000000005,-0.5623242736644846
2013-01-14,10.74,10.91,10.64,10.9,10.9,111900,1105683000.0,0.16000000000000014,1.4897579143389212
2013-01-15,10.87,11.17,10.87,11.11,11.11,55600,1119066500.0,0.2400000000000002,2.207911683532661
2013-01-16,11.08,11.14,10.87,10.88,10.88,91900,1140686000.0,-0.1999999999999993,-1.8050541516245424
2013-01-17,10.87,11.1,10.72,11.0,11.0,63500,1119066500.0,0.13000000000000078,1.1959521619135307
2013-01-18,11.03,11.18,10.9,11.16,11.16,29000,1135538500.0,0.13000000000000078,1.1786038077969245
2013-01-22,11.06,11.46,10.99,11.06,11.06,52200,1138627000.0,0.0,0.0
2013-01-23,11.08,11.1,10.98,11.1,11.1,468400,1140686000.0,0.019999999999999574,0.18050541516245103
2013-01-24,11.04,11.07,10.85,10.91,10.91,90100,1136568000.0,-0.129999999999999,-1.177536231884049
2013-01-25,10.92,10.92,10.48,10.64,10.64,82000,1124214000.0,-0.27999999999999936,-2.564102564102558
2013-01-28,10.6,10.7,10.27,10.41,10.41,70000,1091270000.0,-0.1899999999999995,-1.7924528301886746
2013-01-29,10.64,10.78,10.43,10.75,10.75,62400,1095388000.0,0.10999999999999943,1.03383458646616
2013-01-30,10.84,11.18,10.82,10.94,10.94,103700,1115978000.0,0.09999999999999964,0.9225092250922476
2013-01-31,10.93,11.23,10.77,11.14,11.14,38700,1125243500.0,0.21000000000000085,1.9213174748398982
2013-02-01,11.26,11.27,11.07,11.1,11.1,32900,1159217000.0,-0.16000000000000014,-1.420959147424513
2013-02-04,11.07,11.17,10.94,11.03,11.03,108000,1139656500.0,-0.040000000000000924,-0.3613369467028087
2013-02-05,11.02,11.06,10.5,10.6,10.6,50000,1134509000.0,-0.41999999999999993,-3.8112522686025407
2013-02-06,10.66,10.73,10.51,10.72,10.72,130800,1097447000.0,0.0600000000000005,0.5628517823639821
2013-02-07,10.74,11.0,10.65,10.75,10.75,63700,1105683000.0,0.009999999999999787,0.09310986964618051
2013-02-08,10.73,10.75,10.51,10.66,10.66,48500,1104653500.0,-0.07000000000000028,-0.6523765144454826
2013-02-11,10.67,10.67,10.37,10.61,10.61,70600,1098476500.0,-0.0600000000000005,-0.5623242736644846
2013-02-12,10.58,10.58,10.22,10.44,10.44,80400,1089211000.0,-0.14000000000000057,-1.3232514177693815
2013-02-13,10.46,10.55,10.25,10.26,10.26,61700,1076857000.0,-0.20000000000000107,-1.9120458891013485
2013-02-14,10.31,10.68,10.31,10.66,10.66,137100,1061414500.0,0.34999999999999964,3.394762366634332
2013-02-15,10.45,10.58,10.3,10.5,10.5,641400,1075827500.0,0.05000000000000071,0.4784688995215379
2013-02-19,10.59,10.59,10.35,10.35,10.35,118000,1090240500.0,-0.2400000000000002,-2.266288951841362
2013-02-20,10.19,10.29,9.62,9.7,9.7,142000,1049060500.0,-0.4900000000000002,-4.808635917566244
2013-02-21,9.71,9.89,9.62,9.71,9.71,54100,999644500.0000001,0.0,0.0
2013-02-22,9.7,9.78,9.6,9.73,9.73,37800,998614999.9999999,0.030000000000001137,0.30927835051547564
2013-02-25,9.82,10.0,9.81,9.91,9.91,26100,1010969000.0,0.08999999999999986,0.9164969450101819
2013-02-26,9.92,10.05,9.75,9.89,9.89,36400,1021264000.0,-0.02999999999999936,-0.30241935483870325
2013-02-27,9.87,9.87,9.57,9.75,9.75,33600,1016116499.9999999,-0.11999999999999922,-1.2158054711246122
2013-02-28,9.74,9.75,9.28,9.5,9.5,74200,1002733000.0,-0.2400000000000002,-2.4640657084188935
2013-03-01,9.65,9.65,9.3,9.36,9.36,28200,993467500.0,-0.2900000000000009,-3.0051813471502684
2013-03-04,9.26,9.26,8.93,8.98,8.98,37000,953317000.0,-0.27999999999999936,-3.023758099352045
2013-03-05,9.03,9.13,8.86,8.97,8.97,19200,929638499.9999999,-0.05999999999999872,-0.6644518272425108
2013-03-06,8.94,9.51,8.86,9.5,9.5,30300,920373000.0,0.5600000000000005,6.263982102908283
2013-03-07,9.52,9.61,9.28,9.51,9.51,26000,980084000.0,-0.009999999999999787,-0.10504201680672046
2013-03-08,9.46,9.92,9.35,9.5,9.5,38400,973907000.0000001,0.03999999999999915,0.42283298097250677
2013-03-11,9.43,9.63,9.38,9.47,9.47,18200,970818500.0,0.040000000000000924,0.42417815482503635
2013-03-12,9.62,10.09,9.62,9.8,9.8,55800,990378999.9999999,0.1800000000000015,1.8711018711018867
2013-03-13,9.79,9.8,9.59,9.59,9.59,34100,1007880499.9999999,-0.1999999999999993,-2.042900919305407
2013-03-14,9.62,9.8,9.6,9.73,9.73,18400,990378999.9999999,0.11000000000000121,1.1434511434511563
2013-03-15,9.7,9.8,9.54,9.63,9.63,14900,998614999.9999999,-0.06999999999999851,-0.7216494845360671
2013-03-18,9.66,9.7,9.57,9.67,9.67,23500,994497000.0,0.009999999999999787,0.10351966873705784
2013-03-19,9.62,9.66,9.36,9.44,9.44,33100,990378999.9999999,-0.17999999999999972,-1.8711018711018683
2013-03-20,9.42,9.46,9.23,9.38,9.38,24600,969789000.0,-0.03999999999999915,-0.4246284501061481
2013-03-21,9.32,9.66,9.32,9.59,9.59,27500,959494000.0,0.2699999999999996,2.8969957081545017
2013-03-22,9.51,9.64,9.4,9.48,9.48,19100,979054500.0,-0.02999999999999936,-0.3154574132492046
2013-03-25,9.41,9.52,9.21,9.39,9.39,23700,968759500.0,-0.019999999999999574,-0.21253985122209962
2013-03-26,9.34,9.57,9.33,9.52,9.52,31600,961553000.0,0.17999999999999972,1.9271948608137013
2013-03-27,9.5,9.64,9.29,9.54,9.54,59100,978025000.0,0.03999999999999915,0.4210526315789384
2013-03-28,9.47,9.67,9.4,9.49,9.49,48100,974936500.0000001,0.019999999999999574,0.21119324181625734
2013-04-01,9.4,9.41,9.02,9.18,9.18,39800,967730000.0,-0.22000000000000064,-2.3404255319149003
2013-04-02,9.1,9.1,8.36,8.38,8.38,82800,936845000.0,-0.7199999999999989,-7.912087912087899
2013-04-03,8.37,8.57,7.66,8.12,8.12,85700,861691499.9999999,-0.25,-2.9868578255675033
2013-04-04,8.12,8.29,7.79,8.16,8.16,58400,835953999.9999999,0.040000000000000924,0.4926108374384351
2013-04-05,8.27,8.77,8.19,8.65,8.65,53600,851396500.0,0.3800000000000008,4.594921402660227
2013-04-08,8.66,8.66,8.37,8.56,8.56,51800,891547000.0,-0.09999999999999964,-1.1547344110854463
2013-04-09,8.56,9.2,8.56,9.03,9.03,37400,881252000.0,0.46999999999999886,5.490654205607464
2013-04-10,8.8,8.97,8.61,8.79,8.79,57300,905960000.0000001,-0.010000000000001563,-0.1136363636363814
2013-04-11,8.76,8.86,8.34,8.35,8.35,40100,901842000.0,-0.41000000000000014,-4.680365296803655
2013-04-12,8.18,8.18,7.44,7.76,7.76,69800,842131000.0,-0.41999999999999993,-5.134474327628361
2013-04-15,7.11,7.21,6.78,7.1,7.1,189000,731974500.0,-0.010000000000000675,-0.14064697609002355
2013-04-16,7.37,7.37,6.88,7.0,7.0,62600,758741500.0,-0.3700000000000001,-5.020352781546813
2013-04-17,6.99,7.06,6.39,6.55,6.55,119000,719620500.0,-0.4400000000000004,-6.294706723891279
2013-04-18,6.58,6.96,6.58,6.71,6.71,82400,677411000.0,0.1299999999999999,1.9756838905775058
2013-04-19,6.81,6.93,6.56,6.92,6.92,65800,701089500.0,0.11000000000000032,1.6152716593245278
2013-04-22,7.04,7.09,6.57,6.84,6.84,74500,724768000.0,-0.20000000000000018,-2.8409090909090935
2013-04-23,6.74,6.96,6.74,6.83,6.83,63300,693883000.0,0.08999999999999986,1.3353115727002947
2013-04-24,6.9,7.38,6.84,7.32,7.32,87800,710355000.0,0.41999999999999993,6.086956521739129
2013-04-25,7.52,8.22,7.5,7.97,7.97,119600,774184000.0,0.4500000000000002,5.984042553191491
2013-04-26,7.98,8.08,7.65,7.75,7.75,55600,821541000.0,-0.23000000000000043,-2.882205513784466
2013-04-29,7.9,8.24,7.85,7.96,7.96,90800,813305000.0,0.05999999999999961,0.759493670886071
2013-04-30,7.91,7.97,7.48,7.56,7.56,77000,814334500.0,-0.35000000000000053,-4.424778761061954
2013-05-01,7.43,7.73,7.21,7.62,7.62,51400,764918500.0,0.1900000000000004,2.5572005383580136
2013-05-02,7.67,8.04,7.44,7.74,7.74,67000,789626500.0,0.07000000000000028,0.9126466753585435
2013-05-03,7.78,8.0,7.59,7.65,7.65,53800,800951000.0,-0.1299999999999999,-1.6709511568123379
2013-05-06,7.69,7.82,7.64,7.74,7.74,20400,791685500.0,0.04999999999999982,0.6501950585175529
2013-05-07,7.62,7.7,7.5,7.52,7.52,36700,784479000.0,-0.10000000000000053,-1.3123359580052563
2013-05-08,7.65,7.79,7.36,7.77,7.77,29300,787567500.0,0.11999999999999922,1.5686274509803817
2013-05-09,7.66,7.97,7.45,7.57,7.57,21900,788597000.0,-0.08999999999999986,-1.174934725848562
2013-05-10,7.49,7.61,7.19,7.47,7.47,34200,771095500.0,-0.020000000000000462,-0.26702269692924513
2013-05-13,7.46,7.46,7.16,7.16,7.16,20000,768007000.0,-0.2999999999999998,-4.021447721179623
2013-05-14,7.08,7.08,6.86,7.08,7.08,96300,728886000.0,0.0,0.0
2013-05-15,6.27,6.89,6.27,6.45,6.45,78400,645496500.0,0.1800000000000006,2.8708133971291963
2013-05-16,6.33,6.82,6.18,6.73,6.73,127700,651673500.0,0.40000000000000036,6.319115323854666
2013-05-17,6.66,6.71,6.33,6.53,6.53,96600,685647000.0,-0.1299999999999999,-1.9519519519519504
2013-05-20,6.65,7.09,6.55,7.06,7.06,75700,684617500.0,0.40999999999999925,6.165413533834575
2013-05-21,6.95,7.42,6.86,7.1,7.1,86500,715502500.0,0.14999999999999947,2.158273381294956
2013-05-22,7.25,7.3,6.91,6.94,6.94,39400,746387500.0,-0.3099999999999996,-4.2758620689655125
2013-05-23,7.07,7.16,6.96,7.08,7.08,88500,727856500.0,0.009999999999999787,0.14144271570013842
2013-05-24,7.09,7.24,6.9,7.03,7.03,36300,729915500.0,-0.05999999999999961,-0.8462623413258055
2013-05-28,7.03,7.15,6.88,6.94,6.94,85600,723738500.0,-0.08999999999999986,-1.2802275960170675
2013-05-29,7.02,7.1,6.82,7.07,7.07,50100,722709000.0,0.05000000000000071,0.7122507122507225
2013-05-30,7.13,7.38,6.95,7.32,7.32,70600,734033500.0,0.1900000000000004,2.6647966339410996
2013-05-31,7.25,7.43,7.02,7.35,7.35,61800,746387500.0,0.09999999999999964,1.3793103448275814
2013-06-03,7.47,7.72,7.44,7.53,7.53,29100,769036500.0,0.0600000000000005,0.8032128514056291
2013-06-04,7.5,7.65,7.4,7.63,7.63,28400,772125000.0,0.1299999999999999,1.7333333333333318
2013-06-05,7.6,7.66,7.34,7.46,7.46,17100,782420000.0,-0.13999999999999968,-1.8421052631578907
2013-06-06,7.46,7.69,7.36,7.56,7.56,29000,768007000.0,0.09999999999999964,1.3404825737265367
2013-06-07,7.46,7.8,7.44,7.46,7.46,20200,768007000.0,0.0,0.0
2013-06-10,7.46,7.62,7.44,7.53,7.53,16600,768007000.0,0.07000000000000028,0.9383378016085828
2013-06-11,7.36,7.65,7.36,7.63,7.63,96400,757712000.0,0.2699999999999996,3.668478260869559
2013-06-12,7.72,7.73,7.46,7.57,7.57,38100,794774000.0,-0.14999999999999947,-1.9430051813471434
2013-06-13,7.51,7.68,7.51,7.63,7.63,51800,773154500.0,0.1200000000000001,1.59786950732357
2013-06-14,7.67,7.72,7.55,7.59,7.59,26500,789626500.0,-0.08000000000000007,-1.043024771838332
2013-06-17,7.54,7.58,6.95,7.02,7.02,268400,776243000.0,-0.5200000000000005,-6.896551724137937
2013-06-18,6.89,6.96,6.6,6.62,6.62,154500,709325500.0,-0.2699999999999996,-3.9187227866473093
2013-06-19,6.65,6.93,6.21,6.24,6.24,102400,684617500.0,-0.41000000000000014,-6.165413533834588
2013-06-20,6.0,6.04,5.53,5.78,5.78,122900,617700000.0,-0.21999999999999975,-3.6666666666666625
2013-06-21,5.82,6.03,5.65,5.8,5.8,1245600,599169000.0,-0.020000000000000462,-0.34364261168385674
2013-06-24,5.46,5.58,5.29,5.35,5.35,120900,562107000.0,-0.11000000000000032,-2.014652014652021
2013-06-25,5.38,5.51,5.16,5.39,5.39,86500,553871000.0,0.009999999999999787,0.18587360594795144
2013-06-26,5.18,5.22,5.1,5.14,5.14,59900,533281000.0,-0.040000000000000036,-0.7722007722007729
2013-06-27,5.21,5.23,5.1,5.11,5.11,87000,536369500.0,-0.09999999999999964,-1.9193857965450989
2013-06-28,5.14,5.91,5.12,5.84,5.84,93600,529162999.99999994,0.7000000000000002,13.618677042801561
2013-07-01,6.08,6.08,5.62,5.74,5.74,65800,625936000.0,-0.33999999999999986,-5.592105263157892
2013-07-02,5.76,5.76,5.36,5.42,5.42,54800,592992000.0,-0.33999999999999986,-5.902777777777776
2013-07-03,5.5,5.61,5.42,5.47,5.47,16200,566225000.0,-0.03000000000000025,-0.54545454545455
2013-07-05,5.37,5.37,5.07,5.15,5.15,105200,552841500.0,-0.21999999999999975,-4.096834264432025
2013-07-08,5.16,5.27,5.0,5.05,5.05,82000,531222000.0,-0.11000000000000032,-2.13178294573644
2013-07-09,5.08,5.46,5.08,5.43,5.43,98400,522986000.0,0.34999999999999964,6.889763779527552
2013-07-10,5.42,5.57,5.27,5.48,5.48,53100,557989000.0,0.0600000000000005,1.1070110701107103
2013-07-11,5.8,5.9,5.53,5.54,5.54,134900,597110000.0,-0.2599999999999998,-4.482758620689651
2013-07-12,5.54,5.73,5.52,5.55,5.55,60200,570343000.0,0.009999999999999787,0.18050541516245103
2013-07-15,5.61,5.64,5.46,5.5,5.5,33200,577549500.0,-0.11000000000000032,-1.9607843137254957
2013-07-16,5.53,5.7,5.52,5.61,5.61,119300,569313500.0,0.08000000000000007,1.4466546112115743
2013-07-17,5.61,5.62,5.4,5.51,5.51,109200,577549500.0,-0.10000000000000053,-1.7825311942959097
2013-07-18,5.51,5.51,5.36,5.41,5.41,36700,567254500.0,-0.09999999999999964,-1.81488203266787
2013-07-19,5.46,5.71,5.46,5.65,5.65,41100,562107000.0,0.1900000000000004,3.479853479853487
2013-07-22,5.89,6.25,5.82,6.2,6.2,111000,606375500.0,0.3100000000000005,5.2631578947368505
2013-07-23,6.25,6.51,6.09,6.45,6.45,72000,643437500.0,0.20000000000000018,3.200000000000003
2013-07-24,6.43,6.43,6.06,6.23,6.23,57500,661968500.0,-0.1999999999999993,-3.1104199066873917
2013-07-25,6.18,6.39,6.13,6.16,6.16,48300,636231000.0,-0.019999999999999574,-0.32362459546924877
2013-07-26,6.14,6.4,6.0,6.38,6.38,30800,632113000.0,0.2400000000000002,3.9087947882736196
2013-07-29,6.38,6.43,6.25,6.32,6.32,39300,656821000.0,-0.05999999999999961,-0.940438871473348
2013-07-30,6.26,6.26,6.01,6.06,6.06,81900,644467000.0,-0.20000000000000018,-3.1948881789137404
2013-07-31,5.97,6.03,5.67,6.01,6.01,90400,614611500.0,0.040000000000000036,0.6700167504187611
2013-08-01,6.0,6.0,5.76,5.8,5.8,31500,617700000.0,-0.20000000000000018,-3.333333333333336
2013-08-02,5.76,5.87,5.58,5.65,5.65,36300,592992000.0,-0.10999999999999943,-1.9097222222222123
2013-08-05,5.62,5.8,5.62,5.62,5.62,9000,578579000.0,0.0,0.0
2013-08-06,5.59,5.59,5.28,5.33,5.33,63000,575490500.0,-0.2599999999999998,-4.651162790697671
2013-08-07,5.27,5.33,5.16,5.23,5.23,39500,542546500.0,-0.03999999999999915,-0.7590132827324317
2013-08-08,5.3,5.67,5.3,5.61,5.61,43100,545635000.0,0.3100000000000005,5.849056603773595
2013-08-09,5.63,5.93,5.63,5.86,5.86,32300,579608500.0,0.23000000000000043,4.085257548845479
2013-08-12,6.06,6.39,6.04,6.32,6.32,61600,623877000.0,0.2600000000000007,4.290429042904302
2013-08-13,6.28,6.78,6.21,6.77,6.77,146600,646526000.0,0.4899999999999993,7.802547770700626
2013-08-14,6.63,7.08,6.63,7.04,7.04,122000,682558500.0,0.41000000000000014,6.1840120663650096
2013-08-15,7.05,7.27,6.78,6.93,6.93,100900,725797500.0,-0.1200000000000001,-1.7021276595744694
2013-08-16,7.01,7.46,6.93,7.3,7.3,126300,721679500.0,0.29000000000000004,4.13694721825963
2013-08-19,7.32,7.44,7.0,7.0,7.0,58100,753594000.0,-0.3200000000000003,-4.371584699453555
2013-08-20,7.02,7.52,7.02,7.49,7.49,94400,722709000.0,0.47000000000000064,6.695156695156705
2013-08-21,7.43,7.54,7.21,7.22,7.22,55500,764918500.0,-0.20999999999999996,-2.8263795423956926
2013-08-22,7.31,7.64,7.29,7.51,7.51,41100,752564500.0,0.20000000000000018,2.7359781121751054
2013-08-23,7.51,7.7,7.46,7.63,7.63,93000,773154500.0,0.1200000000000001,1.59786950732357
2013-08-26,7.69,7.74,7.4,7.74,7.74,114400,791685500.0,0.04999999999999982,0.6501950585175529
2013-08-27,7.74,7.81,7.18,7.29,7.29,131400,796833000.0,-0.4500000000000002,-5.813953488372095
2013-08-28,7.34,7.52,6.94,6.98,6.98,76900,755653000.0,-0.35999999999999943,-4.904632152588548
2013-08-29,6.92,7.59,6.8,7.35,7.35,122100,712414000.0,0.4299999999999997,6.213872832369939
2013-08-30,7.25,7.54,7.06,7.32,7.32,44900,746387500.0,0.07000000000000028,0.9655172413793143
2013-09-03,7.31,7.67,7.21,7.44,7.44,106700,752564500.0,0.13000000000000078,1.7783857729138275
2013-09-04,7.29,7.54,7.08,7.54,7.54,79600,750505500.0,0.25,3.4293552812071333
2013-09-05,7.47,7.52,7.15,7.18,7.18,43000,769036500.0,-0.29000000000000004,-3.882195448460509
2013-09-06,7.27,7.56,7.27,7.45,7.45,39300,748446500.0,0.1800000000000006,2.4759284731774502
2013-09-09,7.47,7.55,7.28,7.36,7.36,30200,769036500.0,-0.10999999999999943,-1.4725568942436338
2013-09-10,7.2,7.2,6.9,7.09,7.09,86800,741240000.0,-0.11000000000000032,-1.5277777777777823
2013-09-11,7.09,7.25,7.07,7.22,7.22,25500,729915500.0,0.1299999999999999,1.8335684062059223
2013-09-12,6.88,7.02,6.75,6.88,6.88,127700,708296000.0,0.0,0.0
2013-09-13,6.82,6.97,6.66,6.78,6.78,53200,702119000.0,-0.040000000000000036,-0.5865102639296192
2013-09-16,6.72,6.76,6.44,6.57,6.57,68900,691824000.0,-0.14999999999999947,-2.232142857142849
2013-09-17,6.62,6.62,6.44,6.5,6.5,22300,681529000.0,-0.1200000000000001,-1.8126888217522674
2013-09-18,6.59,7.0,6.19,6.92,6.92,105300,678440500.0,0.33000000000000007,5.007587253414266
2013-09-19,6.73,6.98,6.56,6.98,6.98,92700,692853500.0,0.25,3.7147102526002973
2013-09-20,6.71,6.95,6.12,6.13,6.13,164200,690794500.0,-0.5800000000000001,-8.64381520119225
2013-09-23,6.03,6.21,5.79,5.81,5.81,81200,620788500.0,-0.22000000000000064,-3.6484245439469425
2013-09-24,5.73,5.93,5.59,5.78,5.78,85900,589903500.0,0.04999999999999982,0.8726003490401365
2013-09-25,5.88,6.1,5.79,5.98,5.98,49400,605346000.0,0.10000000000000053,1.7006802721088528
2013-09-26,5.99,5.99,5.8,5.82,5.82,28200,616670500.0,-0.16999999999999993,-2.8380634390651074
2013-09-27,5.94,6.23,5.89,5.94,5.94,33700,611523000.0,0.0,0.0
2013-09-30,5.86,5.92,5.8,5.88,5.88,33000,603287000.0,0.019999999999999574,0.34129692832763775
2013-10-01,5.54,5.79,5.46,5.75,5.75,35900,570343000.0,0.20999999999999996,3.7906137184115516
2013-10-02,5.78,5.94,5.77,5.83,5.83,28000,595051000.0,0.04999999999999982,0.8650519031141838
2013-10-03,5.87,6.09,5.83,5.89,5.89,49400,604316500.0,0.019999999999999574,0.340715502555359
2013-10-04,5.97,6.1,5.77,5.82,5.82,34700,614611500.0,-0.14999999999999947,-2.5125628140703427
2013-10-07,5.83,6.06,5.8,5.86,5.86,65000,600198500.0,0.03000000000000025,0.514579759862783
2013-10-08,5.86,5.95,5.52,5.61,5.61,51800,603287000.0,-0.25,-4.266211604095563
2013-10-09,5.51,5.52,5.34,5.45,5.45,43800,567254500.0,-0.05999999999999961,-1.088929219600719
2013-10-10,5.5,5.51,5.26,5.27,5.27,36900,566225000.0,-0.23000000000000043,-4.18181818181819
2013-10-11,5.21,5.3,5.05,5.21,5.21,92900,536369500.0,0.0,0.0
2013-10-14,5.21,5.41,5.18,5.25,5.25,8800,536369500.0,0.040000000000000036,0.7677543186180429
2013-10-15,5.14,5.41,5.14,5.35,5.35,45800,529162999.99999994,0.20999999999999996,4.085603112840467
2013-10-16,5.34,5.34,5.08,5.14,5.14,22900,549753000.0,-0.20000000000000018,-3.745318352059929
2013-10-17,5.4,5.54,5.24,5.3,5.3,55700,555930000.0,-0.10000000000000053,-1.8518518518518614
2013-10-18,5.28,5.36,5.2,5.26,5.26,70000,543576000.0,-0.020000000000000462,-0.3787878787878875
2013-10-21,5.29,5.35,5.21,5.31,5.31,37200,544605500.0,0.019999999999999574,0.37807183364838515
2013-10-22,5.38,5.5,5.3,5.33,5.33,137100,553871000.0,-0.04999999999999982,-0.9293680297397737
2013-10-23,5.33,5.37,5.12,5.17,5.17,120200,548723500.0,-0.16000000000000014,-3.001876172607883
2013-10-24,5.25,5.51,5.15,5.44,5.44,142300,540487500.0,0.1900000000000004,3.6190476190476266
2013-10-25,5.39,5.72,5.31,5.71,5.71,108900,554900500.0,0.3200000000000003,5.936920222634514
2013-10-28,5.78,5.86,5.65,5.82,5.82,94900,595051000.0,0.040000000000000036,0.6920415224913501
2013-10-29,5.83,5.86,5.64,5.64,5.64,132800,600198500.0,-0.1900000000000004,-3.2590051457976053
2013-10-30,5.82,5.93,5.65,5.79,5.79,64900,599169000.0,-0.03000000000000025,-0.5154639175257775
2013-10-31,5.72,5.72,5.4,5.7,5.7,124900,588874000.0,-0.019999999999999574,-0.3496503496503422
2013-11-01,5.51,5.52,5.18,5.24,5.24,124300,567254500.0,-0.2699999999999996,-4.900181488203259
2013-11-04,5.35,5.45,5.27,5.4,5.4,150400,550782500.0,0.05000000000000071,0.9345794392523498
2013-11-05,5.4,5.41,5.3,5.32,5.32,78200,555930000.0,-0.08000000000000007,-1.4814814814814827
2013-11-06,5.4,5.48,5.37,5.38,5.38,60500,555930000.0,-0.020000000000000462,-0.3703703703703789
2013-11-07,5.38,5.38,5.16,5.22,5.22,65900,553871000.0,-0.16000000000000014,-2.9739776951672887
2013-11-08,5.16,5.26,5.12,5.21,5.21,62200,531222000.0,0.04999999999999982,0.968992248062012
2013-11-11,5.15,5.33,5.1,5.21,5.21,63200,530192500.00000006,0.05999999999999961,1.1650485436893128
2013-11-12,5.21,5.31,5.19,5.23,5.23,24200,536369500.0,0.020000000000000462,0.38387715930903
2013-11-13,5.31,5.32,5.2,5.23,5.23,42500,546664500.0,-0.07999999999999918,-1.5065913370997963
2013-11-14,5.33,5.49,5.21,5.46,5.46,60500,548723500.0,0.1299999999999999,2.4390243902439006
2013-11-15,5.49,5.49,5.31,5.41,5.41,49500,565195500.0,-0.08000000000000007,-1.4571948998178519
2013-11-18,5.37,5.59,5.27,5.59,5.59,115500,552841500.0,0.21999999999999975,4.096834264432025
2013-11-19,5.57,5.7,5.53,5.61,5.61,76600,573431500.0,0.040000000000000036,0.7181328545780976
2013-11-20,5.53,5.64,5.46,5.55,5.55,78200,569313500.0,0.019999999999999574,0.3616636528028856
2013-11-21,5.51,5.76,5.44,5.54,5.54,81400,567254500.0,0.03000000000000025,0.5444646098003676
2013-11-22,5.55,5.8,5.55,5.71,5.71,57700,571372500.0,0.16000000000000014,2.882882882882886
2013-11-25,5.64,5.71,5.39,5.63,5.63,68600,580638000.0,-0.009999999999999787,-0.17730496453900332
2013-11-26,5.67,5.76,5.46,5.55,5.55,58900,583726500.0,-0.1200000000000001,-2.1164021164021185
2013-11-27,5.63,5.69,5.48,5.55,5.55,81600,579608500.0,-0.08000000000000007,-1.420959147424513
2013-11-29,5.77,6.06,5.77,6.03,6.03,53400,594021500.0,0.2600000000000007,4.506065857885627
2013-12-02,5.89,5.93,5.59,5.68,5.68,91700,606375500.0,-0.20999999999999996,-3.5653650254668925
2013-12-03,5.63,5.72,5.28,5.41,5.41,102000,579608500.0,-0.21999999999999975,-3.9076376554174024
2013-12-04,5.45,5.52,5.31,5.34,5.34,93500,561077500.0,-0.11000000000000032,-2.0183486238532167
2013-12-05,5.3,5.31,5.12,5.14,5.14,83300,545635000.0,-0.16000000000000014,-3.0188679245283048
2013-12-06,5.14,5.2,5.07,5.13,5.13,44100,529162999.99999994,-0.009999999999999787,-0.19455252918287524
2013-12-09,5.11,5.27,5.11,5.17,5.17,54100,526074500.00000006,0.05999999999999961,1.174168297455961
2013-12-10,5.44,5.63,5.4,5.44,5.44,102100,560048000.0,0.0,0.0
2013-12-11,5.47,5.47,5.28,5.28,5.28,29000,563136500.0,-0.1899999999999995,-3.473491773308949
2013-12-12,5.21,5.21,5.1,5.2,5.2,77100,536369500.0,-0.009999999999999787,-0.19193857965450647
2013-12-13,5.2,5.25,5.13,5.22,5.22,52000,535340000.0,0.019999999999999574,0.3846153846153764
2013-12-16,5.24,5.24,5.14,5.18,5.18,48800,539458000.0,-0.0600000000000005,-1.1450381679389408
2013-12-17,5.19,5.19,5.09,5.09,5.09,45000,534310500.00000006,-0.10000000000000053,-1.926782273603093
2013-12-18,5.11,5.22,5.03,5.03,5.03,76200,526074500.00000006,-0.08000000000000007,-1.5655577299412928
2013-12-19,5.0,5.01,4.88,4.95,4.95,77200,514750000.0,-0.04999999999999982,-0.9999999999999963
2013-12-20,4.9,5.0,4.89,4.95,4.95,74100,504455000.00000006,0.04999999999999982,1.0204081632653024
2013-12-23,4.97,5.05,4.87,4.89,4.89,66600,511661500.0,-0.08000000000000007,-1.6096579476861181
2013-12-24,4.93,5.2,4.87,5.13,5.13,46000,507543500.0,0.20000000000000018,4.0567951318458455
2013-12-26,5.2,5.32,5.1,5.22,5.22,31900,535340000.0,0.019999999999999574,0.3846153846153764
2013-12-27,5.26,5.41,5.16,5.41,5.41,77200,541517000.0,0.15000000000000036,2.8517110266159764
2013-12-30,5.36,5.49,5.18,5.28,5.28,73200,551812000.0,-0.08000000000000007,-1.492537313432837
2013-12-31,5.23,5.33,5.11,5.16,5.16,52200,538428500.0,-0.07000000000000028,-1.3384321223709421
2014-01-02,5.26,5.39,5.2,5.26,5.26,86800,541517000.0,0.0,0.0
2014-01-03,5.33,5.5,5.26,5.4,5.4,58100,548723500.0,0.07000000000000028,1.3133208255159527
2014-01-06,5.45,5.58,5.39,5.43,5.43,55000,561077500.0,-0.020000000000000462,-0.36697247706422864
2014-01-07,5.38,5.53,5.26,5.5,5.5,40000,553871000.0,0.1200000000000001,2.2304832713754665
2014-01-08,5.41,5.64,5.25,5.6,5.6,44900,556959500.0,0.1899999999999995,3.512014787430675
2014-01-09,5.52,5.6,5.48,5.54,5.54,47400,568284000.0,0.020000000000000462,0.3623188405797185
2014-01-10,5.62,5.88,5.62,5.78,5.78,59600,578579000.0,0.16000000000000014,2.8469750889679744
2014-01-13,5.81,6.0,5.7,5.84,5.84,159900,598139500.0,0.03000000000000025,0.5163511187607616
2014-01-14,5.8,5.92,5.76,5.86,5.86,83200,597110000.0,0.0600000000000005,1.0344827586206984
2014-01-15,5.8,6.0,5.61,5.93,5.93,78900,597110000.0,0.1299999999999999,2.2413793103448256
2014-01-16,5.98,6.14,5.89,6.1,6.1,63800,615641000.0,0.11999999999999922,2.006688963210689
2014-01-17,6.17,6.68,6.17,6.58,6.58,123700,635201500.0,0.41000000000000014,6.645056726094005
2014-01-21,6.57,6.71,6.36,6.64,6.64,117900,676381500.0,0.0699999999999994,1.065449010654481
2014-01-22,6.62,6.67,6.41,6.5,6.5,74400,681529000.0,-0.1200000000000001,-1.8126888217522674
2014-01-23,6.6,6.97,6.6,6.73,6.73,61600,679470000.0,0.13000000000000078,1.9696969696969817
2014-01-24,6.78,6.84,6.38,6.53,6.53,53300,698001000.0,-0.25,-3.687315634218289
2014-01-27,6.48,6.48,6.05,6.05,6.05,166300,667116000.0,-0.4300000000000006,-6.635802469135811
2014-01-28,6.11,6.24,6.06,6.17,6.17,62700,629024500.0,0.05999999999999961,0.9819967266775713
2014-01-29,6.23,6.48,6.17,6.48,6.48,70000,641378500.0,0.25,4.012841091492777
2014-01-30,6.33,6.33,6.03,6.11,6.11,113700,651673500.0,-0.21999999999999975,-3.4755134281200593
2014-01-31,6.16,6.25,5.92,6.17,6.17,72100,634172000.0,0.009999999999999787,0.16233766233765887
2014-02-03,6.27,6.45,6.18,6.26,6.26,16800,645496500.0,-0.009999999999999787,-0.15948963317384032
2014-02-04,6.24,6.44,6.22,6.42,6.42,23000,642408000.0,0.17999999999999972,2.8846153846153797
2014-02-05,6.48,6.62,6.23,6.42,6.42,20700,667116000.0,-0.0600000000000005,-0.9259259259259335
2014-02-06,6.45,6.55,6.3,6.52,6.52,31200,664027500.0,0.0699999999999994,1.085271317829448
2014-02-07,6.52,6.9,6.52,6.86,6.86,45500,671234000.0,0.34000000000000075,5.21472392638038
2014-02-10,6.9,7.15,6.9,7.05,7.05,71600,710355000.0,0.14999999999999947,2.173913043478253
2014-02-11,7.15,7.24,7.02,7.2,7.2,79500,736092500.0,0.04999999999999982,0.6993006993006968
2014-02-12,7.21,7.36,7.1,7.22,7.22,35700,742269500.0,0.009999999999999787,0.13869625520110662
2014-02-13,7.19,7.8,7.19,7.66,7.66,91100,740210500.0,0.46999999999999975,6.53685674547983
2014-02-14,7.78,8.08,7.55,7.61,7.61,119900,800951000.0,-0.16999999999999993,-2.1850899742930583
2014-02-18,7.7,7.93,7.63,7.78,7.78,93700,792715000.0,0.08000000000000007,1.0389610389610398
2014-02-19,7.68,7.87,7.38,7.41,7.41,125900,790656000.0,-0.2699999999999996,-3.5156249999999947
2014-02-20,7.33,7.78,7.26,7.74,7.74,133400,754623500.0,0.41000000000000014,5.593451568894954
2014-02-21,7.8,7.86,7.71,7.82,7.82,122800,803010000.0,0.020000000000000462,0.2564102564102623
2014-02-24,7.94,8.35,7.92,8.27,8.27,141700,817423000.0,0.3299999999999992,4.15617128463475
2014-02-25,8.25,8.25,7.9,7.92,7.92,193700,849337500.0,-0.33000000000000007,-4.000000000000001
2014-02-26,7.87,7.96,7.49,7.79,7.79,200200,810216500.0,-0.08000000000000007,-1.0165184243964431
2014-02-27,7.89,8.19,7.79,7.91,7.91,115500,812275500.0,0.020000000000000462,0.2534854245880921
2014-02-28,7.96,8.2,7.94,8.19,8.19,89300,819482000.0,0.22999999999999954,2.8894472361808985
2014-03-03,8.44,8.69,8.3,8.43,8.43,135500,868898000.0,-0.009999999999999787,-0.11848341232227236
2014-03-04,8.32,8.37,8.15,8.15,8.15,53100,856544000.0,-0.16999999999999993,-2.04326923076923
2014-03-05,8.17,8.4,8.17,8.34,8.34,49300,841101500.0,0.16999999999999993,2.0807833537331692
2014-03-06,8.47,8.47,8.28,8.36,8.36,24500,871986500.0000001,-0.11000000000000121,-1.298701298701313
2014-03-07,8.08,8.29,8.04,8.12,8.12,69900,831836000.0,0.03999999999999915,0.4950495049504845
2014-03-10,8.05,8.17,7.91,8.0,8.0,58200,828747500.0000001,-0.05000000000000071,-0.6211180124223691
2014-03-11,8.07,8.3,7.87,7.99,7.99,44900,830806500.0,-0.08000000000000007,-0.9913258983890962
2014-03-12,8.11,8.37,8.11,8.3,8.3,123400,834924500.0,0.19000000000000128,2.342786683107291
2014-03-13,8.33,8.75,8.25,8.56,8.56,81900,857573500.0,0.23000000000000043,2.761104441776716
2014-03-14,8.64,8.99,8.55,8.62,8.62,110600,889488000.0,-0.02000000000000135,-0.23148148148149708
2014-03-17,8.64,8.95,8.33,8.36,8.36,116900,889488000.0,-0.28000000000000114,-3.240740740740754
2014-03-18,8.26,8.34,8.0,8.04,8.04,93700,850367000.0,-0.22000000000000064,-2.6634382566586035
2014-03-19,8.0,8.04,7.71,7.73,7.73,90100,823600000.0,-0.2699999999999996,-3.3749999999999947
2014-03-20,7.69,8.24,7.55,8.1,8.1,116900,791685500.0,0.40999999999999925,5.331599479843943
2014-03-21,8.11,8.14,7.67,7.75,7.75,62300,834924500.0,-0.35999999999999943,-4.438964241676936
2014-03-24,7.62,7.66,7.2,7.21,7.21,96500,784479000.0,-0.41000000000000014,-5.380577427821525
2014-03-25,7.3,7.52,7.28,7.48,7.48,68700,751535000.0,0.1800000000000006,2.4657534246575423
2014-03-26,7.5,7.63,6.9,6.98,6.98,107100,772125000.0,-0.5199999999999996,-6.933333333333327
2014-03-27,6.93,7.22,6.72,7.18,7.18,62600,713443500.0,0.25,3.6075036075036078
2014-03-28,7.19,7.52,7.11,7.32,7.32,39500,740210500.0,0.1299999999999999,1.8080667593880373
2014-03-31,7.23,7.25,6.89,6.9,6.9,34200,744328500.0,-0.33000000000000007,-4.564315352697096
2014-04-01,6.91,7.32,6.91,7.05,7.05,31100,711384500.0,0.13999999999999968,2.026049204052094
2014-04-02,7.35,7.81,7.3,7.79,7.79,89300,756682500.0,0.4400000000000004,5.986394557823135
2014-04-03,7.7,7.7,7.3,7.44,7.44,50700,792715000.0,-0.2599999999999998,-3.3766233766233738
2014-04-04,7.59,7.86,7.53,7.59,7.59,55900,781390500.0,0.0,0.0
2014-04-07,7.5,7.86,7.34,7.39,7.39,44400,772125000.0,-0.11000000000000032,-1.466666666666671
2014-04-08,7.5,7.7,7.23,7.35,7.35,41200,772125000.0,-0.15000000000000036,-2.000000000000005
2014-04-09,7.2,7.68,7.13,7.56,7.56,34900,741240000.0,0.35999999999999943,4.999999999999992
2014-04-10,7.59,7.69,7.37,7.43,7.43,34800,781390500.0,-0.16000000000000014,-2.108036890645588
2014-04-11,7.4,7.55,7.21,7.24,7.24,35400,761830000.0,-0.16000000000000014,-2.162162162162164
2014-04-14,7.4,7.58,7.3,7.42,7.42,19500,761830000.0,0.019999999999999574,0.2702702702702645
2014-04-15,7.13,7.26,6.92,7.15,7.15,46700,734033500.0,0.020000000000000462,0.2805049088359111
2014-04-16,7.19,7.19,6.92,7.08,7.08,18100,740210500.0,-0.11000000000000032,-1.5299026425591142
2014-04-17,7.05,7.2,6.55,6.55,6.55,37800,725797500.0,-0.5,-7.092198581560284
2014-04-21,6.56,6.58,6.27,6.52,6.52,43500,675352000.0,-0.040000000000000036,-0.6097560975609762
2014-04-22,6.52,6.8,6.39,6.75,6.75,44700,671234000.0,0.23000000000000043,3.527607361963197
2014-04-23,6.79,7.34,6.75,7.22,7.22,67100,699030500.0,0.4299999999999997,6.332842415316637
2014-04-24,7.15,7.43,6.99,7.23,7.23,33300,736092500.0,0.08000000000000007,1.1188811188811199
2014-04-25,7.28,7.39,7.11,7.32,7.32,15500,749476000.0,0.040000000000000036,0.5494505494505499
2014-04-28,7.28,7.85,7.27,7.38,7.38,70500,749476000.0,0.09999999999999964,1.3736263736263687
2014-04-29,7.37,7.76,7.35,7.72,7.72,38100,758741500.0,0.34999999999999964,4.748982360922654
2014-04-30,7.64,7.75,7.46,7.61,7.61,48200,786538000.0,-0.02999999999999936,-0.39267015706805447
2014-05-01,7.5,7.59,7.2,7.45,7.45,40200,772125000.0,-0.04999999999999982,-0.6666666666666643
2014-05-02,7.44,7.7,7.37,7.68,7.68,25400,765948000.0,0.23999999999999932,3.225806451612894
2014-05-05,7.76,7.81,7.54,7.68,7.68,51800,798892000.0,-0.08000000000000007,-1.0309278350515474
2014-05-06,7.68,7.71,7.56,7.65,7.65,19300,790656000.0,-0.02999999999999936,-0.3906249999999917
2014-05-07,7.58,7.58,7.05,7.11,7.11,56300,780361000.0,-0.46999999999999975,-6.200527704485484
2014-05-08,7.11,7.26,7.03,7.2,7.2,23600,731974500.0,0.08999999999999986,1.2658227848101244
2014-05-09,7.18,7.22,6.92,7.08,7.08,31300,739181000.0,-0.09999999999999964,-1.392757660167126
2014-05-12,7.18,7.34,7.0,7.11,7.11,22000,739181000.0,-0.0699999999999994,-0.9749303621169834
2014-05-13,7.08,7.17,6.98,7.01,7.01,13900,728886000.0,-0.07000000000000028,-0.9887005649717555
2014-05-14,7.2,7.42,7.08,7.4,7.4,39100,741240000.0,0.20000000000000018,2.77777777777778
2014-05-15,7.31,7.35,7.15,7.3,7.3,17200,752564500.0,-0.009999999999999787,-0.1367989056087522
2014-05-16,7.22,7.22,6.98,7.09,7.09,34400,743299000.0,-0.1299999999999999,-1.800554016620497
2014-05-19,7.1,7.26,7.1,7.22,7.22,39200,730945000.0,0.1200000000000001,1.690140845070424
2014-05-20,7.11,7.31,7.1,7.3,7.3,61000,731974500.0,0.1899999999999995,2.67229254571026
2014-05-21,7.3,7.55,7.18,7.55,7.55,67900,751535000.0,0.25,3.4246575342465753
2014-05-22,7.65,7.69,7.27,7.35,7.35,31200,787567500.0,-0.3000000000000007,-3.9215686274509896
2014-05-23,7.38,7.39,7.26,7.34,7.34,28400,759771000.0,-0.040000000000000036,-0.542005420054201
2014-05-27,7.26,7.39,6.78,6.96,6.96,42200,747417000.0,-0.2999999999999998,-4.1322314049586755
2014-05-28,6.89,6.89,6.55,6.62,6.62,44800,709325500.0,-0.2699999999999996,-3.9187227866473093
2014-05-29,6.62,7.03,6.62,6.97,6.97,20200,681529000.0,0.34999999999999964,5.287009063444104
2014-05-30,6.96,7.11,6.89,7.11,7.11,45800,716532000.0,0.15000000000000036,2.1551724137931085
2014-06-02,7.07,7.22,7.03,7.1,7.1,20400,727856500.0,0.02999999999999936,0.4243281471004153
2014-06-03,7.15,7.3,7.0,7.28,7.28,26100,736092500.0,0.1299999999999999,1.8181818181818168
2014-06-04,7.31,7.6,7.27,7.5,7.5,28500,752564500.0,0.1900000000000004,2.599179206566353
2014-06-05,7.57,7.83,7.55,7.83,7.83,57400,779331500.0,0.2599999999999998,3.4346103038309086
2014-06-06,7.84,8.22,7.78,8.08,8.08,67300,807128000.0,0.2400000000000002,3.061224489795921
2014-06-09,8.12,8.17,7.99,8.09,8.09,23400,835953999.9999999,-0.02999999999999936,-0.3694581280788099
2014-06-10,8.16,8.17,8.06,8.14,8.14,32600,840072000.0,-0.019999999999999574,-0.24509803921568107
2014-06-11,8.15,8.52,8.15,8.3,8.3,57900,839042500.0,0.15000000000000036,1.8404907975460165
2014-06-12,8.38,8.69,8.38,8.67,8.67,74000,862721000.0000001,0.28999999999999915,3.4606205250596553
2014-06-13,8.67,8.77,8.41,8.75,8.75,58700,892576500.0,0.08000000000000007,0.9227220299884669
2014-06-16,8.77,9.11,8.68,9.11,9.11,92400,902871500.0,0.33999999999999986,3.8768529076396794
2014-06-17,9.02,9.2,8.78,9.05,9.05,56300,928609000.0,0.030000000000001137,0.33259423503327207
2014-06-18,9.08,9.44,9.06,9.4,9.4,55500,934786000.0,0.3200000000000003,3.524229074889871
2014-06-19,9.67,10.39,9.57,10.33,10.33,153600,995526500.0,0.6600000000000001,6.825232678386765
2014-06-20,10.28,10.33,9.87,9.95,9.95,517200,1058325999.9999999,-0.33000000000000007,-3.2101167315175108
2014-06-23,10.13,10.55,10.13,10.48,10.48,133300,1042883500.0000001,0.34999999999999964,3.455083909180648
2014-06-24,10.5,10.64,10.04,10.2,10.2,97900,1080975000.0,-0.3000000000000007,-2.857142857142864
2014-06-25,10.23,10.44,10.13,10.44,10.44,61000,1053178500.0,0.20999999999999908,2.0527859237536568
2014-06-26,10.33,10.61,10.23,10.6,10.6,63300,1063473500.0,0.2699999999999996,2.6137463697967043
2014-06-27,9.88,9.88,9.34,9.46,9.46,167900,1017146000.0000001,-0.41999999999999993,-4.251012145748987
2014-06-30,9.3,9.56,9.2,9.46,9.46,51600,957435000.0000001,0.16000000000000014,1.720430107526883
2014-07-01,9.46,9.57,9.35,9.39,9.39,19200,973907000.0000001,-0.07000000000000028,-0.7399577167019057
2014-07-02,9.41,9.54,9.39,9.42,9.42,28300,968759500.0,0.009999999999999787,0.10626992561104981
2014-07-03,9.36,9.55,9.26,9.55,9.55,24000,963612000.0,0.19000000000000128,2.029914529914544
2014-07-07,9.44,9.49,9.35,9.41,9.41,25200,971848000.0,-0.02999999999999936,-0.3177966101694848
2014-07-08,9.43,9.52,9.35,9.48,9.48,38300,970818500.0,0.05000000000000071,0.5302226935312907
2014-07-09,9.52,9.59,9.45,9.51,9.51,45600,980084000.0,-0.009999999999999787,-0.10504201680672046
2014-07-10,9.6,9.7,9.3,9.33,9.33,45200,988320000.0,-0.2699999999999996,-2.8124999999999956
2014-07-11,9.28,9.49,9.2,9.47,9.47,35300,955375999.9999999,0.19000000000000128,2.047413793103462
2014-07-14,9.31,9.45,9.25,9.3,9.3,58800,958464500.0,-0.009999999999999787,-0.10741138560687202
2014-07-15,9.31,9.38,8.76,8.91,8.91,64100,958464500.0,-0.40000000000000036,-4.296455424274977
2014-07-16,8.98,9.13,8.83,8.84,8.84,33200,924491000.0,-0.14000000000000057,-1.5590200445434361
2014-07-17,8.79,9.34,8.79,9.31,9.31,138500,904930499.9999999,0.5200000000000014,5.915813424345863
2014-07-18,9.24,9.29,9.03,9.13,9.13,182500,951258000.0,-0.10999999999999943,-1.1904761904761842
2014-07-21,9.14,9.39,9.12,9.33,9.33,60700,940963000.0,0.1899999999999995,2.078774617067828
2014-07-22,9.35,9.35,9.09,9.09,9.09,47700,962582500.0,-0.2599999999999998,-2.780748663101602
2014-07-23,9.06,9.17,8.82,8.83,8.83,45400,932727000.0,-0.23000000000000043,-2.538631346578371
2014-07-24,8.75,8.85,8.68,8.83,8.83,20400,900812500.0,0.08000000000000007,0.914285714285715
2014-07-25,8.92,9.15,8.89,9.14,9.14,29500,918314000.0,0.22000000000000064,2.4663677130044914
2014-07-28,9.16,9.36,9.16,9.33,9.33,46700,943022000.0,0.16999999999999993,1.8558951965065493
2014-07-29,9.3,9.3,9.14,9.19,9.19,33600,957435000.0000001,-0.11000000000000121,-1.1827956989247441
2014-07-30,9.16,9.22,8.96,9.17,9.17,40400,943022000.0,0.009999999999999787,0.10917030567685357
2014-07-31,9.11,9.15,8.89,9.06,9.06,25500,937874500.0,-0.049999999999998934,-0.5488474204171123
2014-08-01,9.13,9.18,9.0,9.07,9.07,18900,939933500.0000001,-0.0600000000000005,-0.6571741511500602
2014-08-04,9.07,9.08,8.73,8.76,8.76,19100,933756500.0,-0.3100000000000005,-3.417861080485121
2014-08-05,8.74,9.02,8.6,8.92,8.92,42500,899783000.0,0.17999999999999972,2.0594965675057177
2014-08-06,9.08,9.16,9.02,9.09,9.09,51800,934786000.0,0.009999999999999787,0.11013215859030602
2014-08-07,9.06,9.21,8.92,9.11,9.11,37600,932727000.0,0.049999999999998934,0.5518763796909375
2014-08-08,9.11,9.17,8.94,8.95,8.95,33300,937874500.0,-0.16000000000000014,-1.7563117453347987
2014-08-11,9.02,9.21,9.02,9.14,9.14,31100,928609000.0,0.120000000000001,1.3303769401330487
2014-08-12,9.16,9.44,9.16,9.36,9.36,73300,943022000.0,0.1999999999999993,2.18340611353711
2014-08-13,9.39,9.65,9.33,9.6,9.6,50100,966700500.0,0.20999999999999908,2.236421725239607
2014-08-14,9.5,9.53,9.33,9.38,9.38,24000,978025000.0,-0.11999999999999922,-1.2631578947368338
2014-08-15,9.29,9.41,9.17,9.36,9.36,17200,956405499.9999999,0.07000000000000028,0.753498385360606
2014-08-18,9.28,9.31,9.07,9.24,9.24,26900,955375999.9999999,-0.03999999999999915,-0.4310344827586115
2014-08-19,9.24,9.26,9.0,9.04,9.04,21400,951258000.0,-0.20000000000000107,-2.164502164502176
2014-08-20,8.95,9.16,8.93,9.09,9.09,17200,921402499.9999999,0.14000000000000057,1.5642458100558723
2014-08-21,9.01,9.06,8.79,8.95,8.95,19900,927579500.0,-0.0600000000000005,-0.6659267480577191
2014-08-22,8.94,8.99,8.8,8.82,8.82,12600,920373000.0,-0.11999999999999922,-1.3422818791946223
2014-08-25,8.8,8.89,8.52,8.54,8.54,29800,905960000.0000001,-0.26000000000000156,-2.9545454545454723
2014-08-26,8.62,8.72,8.43,8.56,8.56,50600,887428999.9999999,-0.05999999999999872,-0.6960556844547416
2014-08-27,8.54,8.6,8.41,8.51,8.51,38100,879192999.9999999,-0.02999999999999936,-0.35128805620608156
2014-08-28,8.64,8.64,8.28,8.3,8.3,28800,889488000.0,-0.33999999999999986,-3.9351851851851833
2014-08-29,8.25,8.38,8.15,8.35,8.35,169400,849337500.0,0.09999999999999964,1.2121212121212077
2014-09-02,8.16,8.49,8.12,8.4,8.4,37300,840072000.0,0.2400000000000002,2.9411764705882377
2014-09-03,8.44,8.64,8.37,8.64,8.64,53100,868898000.0,0.20000000000000107,2.36966824644551
2014-09-04,8.67,8.73,8.18,8.19,8.19,46600,892576500.0,-0.4800000000000004,-5.536332179930801
2014-09-05,8.24,8.44,8.18,8.39,8.39,39000,848308000.0,0.15000000000000036,1.8203883495145674
2014-09-08,8.32,8.36,8.27,8.3,8.3,29900,856544000.0,-0.019999999999999574,-0.24038461538461023
2014-09-09,8.25,8.82,8.25,8.54,8.54,39400,849337500.0,0.28999999999999915,3.5151515151515045
2014-09-10,8.65,8.7,8.44,8.55,8.55,17600,890517500.0,-0.09999999999999964,-1.1560693641618456
2014-09-11,8.44,8.86,8.4,8.78,8.78,42000,868898000.0,0.33999999999999986,4.028436018957344
2014-09-12,8.72,8.75,8.53,8.6,8.6,21500,897724000.0000001,-0.120000000000001,-1.376146788990837
2014-09-15,8.69,8.86,8.5,8.81,8.81,13600,894635500.0,0.120000000000001,1.3808975834292405
2014-09-16,8.86,8.91,8.39,8.71,8.71,30800,912137000.0,-0.14999999999999858,-1.6930022573363273
2014-09-17,8.61,8.74,8.28,8.34,8.34,18100,886399500.0,-0.2699999999999996,-3.1358885017421554
2014-09-18,8.33,8.5,8.31,8.43,8.43,15800,857573500.0,0.09999999999999964,1.2004801920768264
2014-09-19,8.41,8.54,7.97,8.04,8.04,230200,865809500.0,-0.370000000000001,-4.399524375743175
2014-09-22,7.77,7.77,7.55,7.74,7.74,65800,799921500.0,-0.02999999999999936,-0.3861003861003779
2014-09-23,7.7,7.98,7.52,7.84,7.84,49000,792715000.0,0.13999999999999968,1.818181818181814
2014-09-24,7.79,7.83,7.64,7.71,7.71,25700,801980500.0,-0.08000000000000007,-1.0269576379974337
2014-09-25,7.51,7.79,7.42,7.74,7.74,38100,773154500.0,0.23000000000000043,3.0625832223701788
2014-09-26,7.7,7.74,7.52,7.59,7.59,10100,792715000.0,-0.11000000000000032,-1.4285714285714326
2014-09-29,7.64,7.77,7.61,7.67,7.67,12700,786538000.0,0.03000000000000025,0.39267015706806613
2014-09-30,7.65,7.65,7.37,7.44,7.44,21300,787567500.0,-0.20999999999999996,-2.7450980392156854
2014-10-01,7.31,7.51,7.2,7.28,7.28,48000,752564500.0,-0.02999999999999936,-0.4103967168262566
2014-10-02,7.27,7.45,7.2,7.41,7.41,18000,748446500.0,0.14000000000000057,1.925722145804685
2014-10-03,7.32,7.41,7.16,7.21,7.21,29800,753594000.0,-0.11000000000000032,-1.5027322404371628
2014-10-06,7.22,7.82,7.22,7.69,7.69,38500,743299000.0,0.47000000000000064,6.509695290858734
2014-10-07,7.77,7.77,7.37,7.43,7.43,24500,799921500.0,-0.33999999999999986,-4.375804375804374
2014-10-08,7.53,8.08,7.1,8.04,8.04,46500,775213500.0,0.5099999999999989,6.7729083665338505
2014-10-09,8.04,8.06,7.45,7.75,7.75,49200,827717999.9999999,-0.28999999999999915,-3.606965174129343
2014-10-10,7.72,8.04,7.45,7.83,7.83,32500,794774000.0,0.11000000000000032,1.4248704663212477
2014-10-13,7.94,8.29,7.84,8.05,8.05,46400,817423000.0,0.11000000000000032,1.385390428211591
2014-10-14,8.16,8.24,7.84,7.84,7.84,78900,840072000.0,-0.3200000000000003,-3.921568627450984
2014-10-15,7.98,8.28,7.95,8.04,8.04,62600,821541000.0,0.05999999999999872,0.7518796992481042
2014-10-16,7.97,8.38,7.92,8.16,8.16,41500,820511500.0,0.1900000000000004,2.383939774153079
2014-10-17,8.32,8.32,7.78,7.78,7.78,95300,856544000.0,-0.54,-6.490384615384616
2014-10-20,7.84,8.04,7.76,7.98,7.98,26500,807128000.0,0.14000000000000057,1.785714285714293
2014-10-21,8.16,8.19,7.95,8.02,8.02,49200,840072000.0,-0.14000000000000057,-1.715686274509811
2014-10-22,7.92,7.97,7.47,7.47,7.47,40000,815364000.0,-0.4500000000000002,-5.681818181818184
2014-10-23,7.38,7.45,6.97,7.41,7.41,51800,759771000.0,0.03000000000000025,0.40650406504065373
2014-10-24,7.46,7.5,7.26,7.37,7.37,27700,768007000.0,-0.08999999999999986,-1.2064343163538855
2014-10-27,7.24,7.24,6.93,6.93,6.93,26300,745358000.0,-0.3100000000000005,-4.2817679558011115
2014-10-28,6.98,7.33,6.92,7.3,7.3,37700,718591000.0,0.3199999999999994,4.584527220630363
2014-10-29,7.23,7.3,6.76,6.88,6.88,40600,744328500.0,-0.35000000000000053,-4.840940525587835
2014-10-30,6.81,6.89,6.37,6.38,6.38,31300,701089500.0,-0.4299999999999997,-6.3142437591776766
2014-10-31,6.01,6.27,5.81,6.04,6.04,187400,618729500.0,0.03000000000000025,0.4991680532445965
2014-11-03,6.09,6.46,5.97,6.42,6.42,98900,626965500.0,0.33000000000000007,5.418719211822661
2014-11-04,6.36,6.64,6.16,6.34,6.34,87800,654762000.0,-0.020000000000000462,-0.3144654088050387
2014-11-05,5.98,6.22,5.85,5.9,5.9,149300,615641000.0,-0.08000000000000007,-1.3377926421404693
2014-11-06,5.98,6.3,5.98,6.09,6.09,59600,615641000.0,0.10999999999999943,1.8394648829431341
2014-11-07,6.3,6.89,6.3,6.84,6.84,98400,648585000.0,0.54,8.571428571428573
2014-11-10,6.73,6.73,6.19,6.38,6.38,87500,692853500.0,-0.35000000000000053,-5.200594353640424
2014-11-11,6.4,7.1,6.39,6.88,6.88,81600,658880000.0,0.47999999999999954,7.499999999999993
2014-11-12,6.96,7.24,6.62,6.73,6.73,89900,716532000.0,-0.22999999999999954,-3.3045977011494183
2014-11-13,6.83,7.08,6.6,6.78,6.78,55300,703148500.0,-0.04999999999999982,-0.7320644216691043
2014-11-14,6.49,7.39,6.43,7.24,7.24,81000,668145500.0,0.75,11.556240369799692
2014-11-17,7.17,7.67,6.91,7.41,7.41,59400,738151500.0,0.2400000000000002,3.347280334728037
2014-11-18,7.47,7.96,7.47,7.94,7.94,51900,769036500.0,0.47000000000000064,6.291834002677385
2014-11-19,7.9,8.03,7.22,7.3,7.3,116600,813305000.0,-0.6000000000000005,-7.594936708860765
2014-11-20,7.43,7.67,7.16,7.52,7.52,37900,764918500.0,0.08999999999999986,1.2113055181695809
2014-11-21,7.65,7.72,7.27,7.32,7.32,53000,787567500.0,-0.33000000000000007,-4.313725490196079
2014-11-24,7.31,7.46,7.18,7.36,7.36,20900,752564500.0,0.05000000000000071,0.6839945280437855
2014-11-25,7.36,7.57,7.23,7.48,7.48,36900,757712000.0,0.1200000000000001,1.630434782608697
2014-11-26,7.35,7.39,7.19,7.24,7.24,22800,756682500.0,-0.10999999999999943,-1.4965986394557746
2014-11-28,6.96,6.96,6.36,6.36,6.36,171600,716532000.0,-0.5999999999999996,-8.62068965517241
2014-12-01,6.76,7.11,6.38,7.07,7.07,70000,695942000.0,0.3100000000000005,4.5857988165680545
2014-12-02,6.95,7.05,6.47,6.57,6.57,35400,715502500.0,-0.3799999999999999,-5.4676258992805735
2014-12-03,6.64,6.93,6.64,6.84,6.84,25000,683588000.0,0.20000000000000018,3.012048192771087
2014-12-04,6.9,6.98,6.69,6.85,6.85,66400,710355000.0,-0.05000000000000071,-0.7246376811594305
2014-12-05,6.7,6.99,6.57,6.82,6.82,53400,689765000.0,0.1200000000000001,1.7910447761194044
2014-12-08,6.82,6.96,6.4,6.84,6.84,60000,702119000.0,0.019999999999999574,0.29325513196480313
2014-12-09,6.9,7.62,6.9,7.52,7.52,107100,710355000.0,0.6199999999999992,8.9855072463768
2014-12-10,7.5,7.5,7.14,7.33,7.33,63300,772125000.0,-0.16999999999999993,-2.2666666666666657
2014-12-11,7.3,7.34,6.94,7.06,7.06,38500,751535000.0,-0.2400000000000002,-3.2876712328767157
2014-12-12,7.0,7.0,6.69,6.98,6.98,50000,720650000.0,-0.019999999999999574,-0.28571428571427965
2014-12-15,6.86,7.31,6.35,6.36,6.36,90200,706237000.0,-0.5,-7.2886297376093285
2014-12-16,6.48,6.68,6.01,6.14,6.14,117000,667116000.0,-0.34000000000000075,-5.246913580246925
2014-12-17,6.05,7.05,6.05,7.01,7.01,58400,622847500.0,0.96,15.867768595041323
2014-12-18,7.15,7.47,6.96,7.33,7.33,102900,736092500.0,0.17999999999999972,2.5174825174825135
2014-12-19,7.34,8.04,7.09,7.63,7.63,249200,755653000.0,0.29000000000000004,3.9509536784741153
2014-12-22,7.63,7.65,6.52,6.6,6.6,159600,785508500.0,-1.0300000000000002,-13.499344692005247
2014-12-23,6.58,7.0,6.47,6.52,6.52,51900,677411000.0,-0.0600000000000005,-0.9118541033434726
2014-12-24,6.52,6.94,6.47,6.83,6.83,25500,671234000.0,0.3100000000000005,4.754601226993873
2014-12-26,7.05,7.17,6.82,6.82,6.82,35600,725797500.0,-0.22999999999999954,-3.262411347517724
2014-12-29,6.82,6.99,6.61,6.91,6.91,25500,702119000.0,0.08999999999999986,1.31964809384164
2014-12-30,7.06,7.5,7.0,7.38,7.38,199900,726827000.0,0.3200000000000003,4.532577903682724
2014-12-31,7.39,8.4,7.34,8.15,8.15,192100,760800500.0,0.7600000000000007,10.284167794316653
2015-01-02,7.91,8.35,7.83,8.29,8.29,93300,814334500.0,0.379999999999999,4.8040455120101
2015-01-05,8.37,8.51,8.01,8.46,8.46,95300,861691499.9999999,0.09000000000000163,1.0752688172043208
2015-01-06,8.46,8.84,8.28,8.7,8.7,143000,870957000.0000001,0.23999999999999844,2.8368794326240945
2015-01-07,8.49,8.77,8.36,8.4,8.4,65100,874045500.0,-0.08999999999999986,-1.0600706713780903
2015-01-08,8.42,8.7,8.13,8.23,8.23,41900,866839000.0,-0.1899999999999995,-2.2565320665083077
2015-01-09,8.29,8.52,8.18,8.39,8.39,68200,853455499.9999999,0.10000000000000142,1.2062726176115974
2015-01-12,8.44,8.99,8.41,8.92,8.92,70600,868898000.0,0.4800000000000004,5.6872037914692
2015-01-13,8.89,9.2,8.25,8.25,8.25,95900,915225500.0,-0.6400000000000006,-7.1991001124859455
2015-01-14,8.41,8.78,8.14,8.34,8.34,43500,865809500.0,-0.07000000000000028,-0.832342449464926
2015-01-15,8.69,8.69,8.34,8.44,8.44,44800,894635500.0,-0.25,-2.8768699654775607
2015-01-16,8.49,8.51,8.33,8.4,8.4,73800,874045500.0,-0.08999999999999986,-1.0600706713780903
2015-01-20,8.44,8.64,8.39,8.47,8.47,109700,868898000.0,0.030000000000001137,0.35545023696683814
2015-01-21,8.63,8.65,8.06,8.16,8.16,45600,888458500.0000001,-0.47000000000000064,-5.446118192352267
2015-01-22,8.15,8.28,8.03,8.04,8.04,36400,839042500.0,-0.11000000000000121,-1.3496932515337572
2015-01-23,8.04,8.07,7.6,7.9,7.9,41600,827717999.9999999,-0.1399999999999988,-1.7412935323382936
2015-01-26,7.62,7.93,7.58,7.89,7.89,28800,784479000.0,0.2699999999999996,3.543307086614168
2015-01-27,7.98,8.36,7.95,8.25,8.25,31300,821541000.0,0.2699999999999996,3.3834586466165355
2015-01-28,8.12,8.13,7.6,7.69,7.69,58800,835953999.9999999,-0.4299999999999988,-5.29556650246304
2015-01-29,7.58,7.61,7.09,7.28,7.28,72000,780361000.0,-0.2999999999999998,-3.9577836411609475
2015-01-30,7.28,7.47,7.11,7.46,7.46,31000,749476000.0,0.17999999999999972,2.4725274725274686
2015-02-02,7.35,7.59,7.22,7.41,7.41,35300,756682500.0,0.0600000000000005,0.8163265306122517
2015-02-03,7.41,7.43,7.2,7.24,7.24,61300,762859500.0,-0.16999999999999993,-2.2941970310391353
2015-02-04,7.3,7.42,7.14,7.38,7.38,26100,751535000.0,0.08000000000000007,1.0958904109589052
2015-02-05,7.35,7.48,7.3,7.42,7.42,20600,756682500.0,0.07000000000000028,0.9523809523809563
2015-02-06,7.27,7.36,7.08,7.13,7.13,42500,748446500.0,-0.13999999999999968,-1.9257221458046723
2015-02-09,7.33,7.51,7.17,7.27,7.27,28100,754623500.0,-0.0600000000000005,-0.8185538881309753
2015-02-10,7.17,7.22,7.06,7.1,7.1,20900,738151500.0,-0.07000000000000028,-0.9762900976290136
2015-02-11,7.12,7.13,6.91,6.96,6.96,34400,733004000.0,-0.16000000000000014,-2.247191011235957
2015-02-12,7.06,7.18,6.87,6.97,6.97,44600,726827000.0,-0.08999999999999986,-1.274787535410763
2015-02-13,7.06,7.19,6.94,6.94,6.94,18900,726827000.0,-0.11999999999999922,-1.699716713881009
2015-02-17,6.85,7.0,6.71,6.78,6.78,46600,705207500.0,-0.0699999999999994,-1.0218978102189693
2015-02-18,6.75,6.98,6.56,6.98,6.98,32100,694912500.0,0.23000000000000043,3.4074074074074137
2015-02-19,6.97,7.05,6.73,6.78,6.78,13400,717561500.0,-0.1899999999999995,-2.7259684361549428
2015-02-20,6.83,6.92,6.54,6.54,6.54,69600,703148500.0,-0.29000000000000004,-4.245973645680821
2015-02-23,6.53,6.58,6.3,6.43,6.43,76500,672263500.0,-0.10000000000000053,-1.5313935681470219
2015-02-24,6.37,7.02,6.37,6.98,6.98,66600,655791500.0,0.6100000000000003,9.576138147566724
2015-02-25,7.09,7.39,7.03,7.03,7.03,80900,729915500.0,-0.05999999999999961,-0.8462623413258055
2015-02-26,7.28,7.38,7.03,7.06,7.06,36100,749476000.0,-0.22000000000000064,-3.021978021978031
2015-02-27,7.09,7.31,7.08,7.18,7.18,23700,729915500.0,0.08999999999999986,1.2693935119887145
2015-03-02,7.34,7.34,7.01,7.18,7.18,39700,755653000.0,-0.16000000000000014,-2.1798365122615824
2015-03-03,7.18,7.24,6.81,6.81,6.81,23800,739181000.0,-0.3700000000000001,-5.1532033426183865
2015-03-04,6.8,6.92,6.75,6.84,6.84,30400,700060000.0,0.040000000000000036,0.5882352941176475
2015-03-05,6.8,6.87,6.71,6.79,6.79,49800,700060000.0,-0.009999999999999787,-0.14705882352940863
2015-03-06,6.55,6.62,6.46,6.61,6.61,58500,674322500.0,0.0600000000000005,0.9160305343511527
2015-03-09,6.65,6.65,6.4,6.45,6.45,35400,684617500.0,-0.20000000000000018,-3.0075187969924837
2015-03-10,6.45,6.49,5.89,6.11,6.11,124300,664027500.0,-0.33999999999999986,-5.271317829457362
2015-03-11,6.1,6.83,6.0,6.73,6.73,118100,627995000.0,0.6300000000000008,10.32786885245903
2015-03-12,6.78,6.95,6.55,6.59,6.59,56300,698001000.0,-0.1900000000000004,-2.8023598820059052
2015-03-13,6.64,6.7,6.38,6.58,6.58,69000,683588000.0,-0.05999999999999961,-0.9036144578313196
2015-03-16,6.62,6.62,6.02,6.05,6.05,88800,681529000.0,-0.5700000000000003,-8.610271903323268
2015-03-17,5.88,6.19,5.85,5.97,5.97,65800,605346000.0,0.08999999999999986,1.5306122448979567
2015-03-18,5.92,6.27,5.83,6.25,6.25,82700,609464000.0,0.33000000000000007,5.5743243243243255
2015-03-19,6.17,6.49,6.13,6.49,6.49,40800,635201500.0,0.3200000000000003,5.186385737439227
2015-03-20,6.54,6.83,6.54,6.77,6.77,479200,673293000.0,0.22999999999999954,3.5168195718654363
2015-03-23,6.81,7.06,6.77,7.03,7.03,59500,701089500.0,0.22000000000000064,3.2305433186490555
2015-03-24,7.2,7.22,6.99,7.14,7.14,41600,741240000.0,-0.0600000000000005,-0.8333333333333403
2015-03-25,7.1,7.25,6.94,6.94,6.94,62700,730945000.0,-0.15999999999999925,-2.2535211267605533
2015-03-26,7.11,7.16,6.65,6.72,6.72,60300,731974500.0,-0.39000000000000057,-5.485232067510556
2015-03-27,6.69,6.93,6.45,6.85,6.85,27500,688735500.0,0.15999999999999925,2.3916292974588824
2015-03-30,6.67,6.67,6.3,6.36,6.36,69300,686676500.0,-0.3099999999999996,-4.647676161919035
2015-03-31,6.34,6.34,6.0,6.15,6.15,73400,652703000.0,-0.1899999999999995,-2.9968454258675
2015-04-01,6.26,6.43,6.15,6.24,6.24,64800,644467000.0,-0.019999999999999574,-0.319488817891367
2015-04-02,6.23,6.28,6.12,6.23,6.23,36000,641378500.0,0.0,0.0
2015-04-06,6.38,6.5,6.22,6.24,6.24,79600,656821000.0,-0.13999999999999968,-2.194357366771155
2015-04-07,6.11,6.2,6.02,6.09,6.09,39600,629024500.0,-0.020000000000000462,-0.3273322422258668
2015-04-08,6.1,6.14,5.9,5.9,5.9,93800,627995000.0,-0.1999999999999993,-3.2786885245901525
2015-04-09,5.85,5.96,5.83,5.85,5.85,60100,602257500.0,0.0,0.0
2015-04-10,5.98,6.01,5.76,5.78,5.78,64200,615641000.0,-0.20000000000000018,-3.3444816053511732
2015-04-13,5.76,5.81,5.57,5.6,5.6,96200,592992000.0,-0.16000000000000014,-2.7777777777777803
2015-04-14,5.7,5.74,5.59,5.72,5.72,40600,586815000.0,0.019999999999999574,0.3508771929824486
2015-04-15,5.71,6.03,5.71,6.02,6.02,57100,587844500.0,0.3099999999999996,5.4290718038528825
2015-04-16,6.04,6.04,5.82,5.9,5.9,27300,621818000.0,-0.13999999999999968,-2.3178807947019817
2015-04-17,5.94,5.95,5.79,5.86,5.86,44700,611523000.0,-0.08000000000000007,-1.346801346801348
2015-04-20,5.84,5.91,5.68,5.82,5.82,61000,601228000.0,-0.019999999999999574,-0.34246575342465024
2015-04-21,5.73,5.79,5.69,5.77,5.77,36700,589903500.0,0.03999999999999915,0.6980802792320968
2015-04-22,5.74,5.74,5.65,5.68,5.68,55300,590933000.0,-0.0600000000000005,-1.0452961672473953
2015-04-23,5.67,6.36,5.67,6.36,6.36,129100,583726500.0,0.6900000000000004,12.169312169312176
2015-04-24,6.48,6.81,6.24,6.28,6.28,105200,667116000.0,-0.20000000000000018,-3.0864197530864224
2015-04-27,6.38,6.64,6.28,6.31,6.31,110300,656821000.0,-0.07000000000000028,-1.0971786833855846
2015-04-28,6.36,6.96,6.36,6.95,6.95,161500,654762000.0,0.5899999999999999,9.276729559748425
2015-04-29,6.94,7.34,6.83,7.04,7.04,106300,714473000.0,0.09999999999999964,1.4409221902017237
2015-04-30,6.88,7.05,6.85,6.97,6.97,30000,708296000.0,0.08999999999999986,1.3081395348837188
2015-05-01,6.9,7.0,6.82,6.94,6.94,40800,710355000.0,0.040000000000000036,0.5797101449275368
2015-05-04,7.05,7.26,6.97,7.0,7.0,48700,725797500.0,-0.04999999999999982,-0.7092198581560258
2015-05-05,7.0,7.08,6.8,7.0,7.0,48000,720650000.0,0.0,0.0
2015-05-06,7.01,7.09,6.92,7.09,7.09,24500,721679500.0,0.08000000000000007,1.1412268188302437
2015-05-07,7.16,7.16,6.71,6.77,6.77,43100,737122000.0,-0.39000000000000057,-5.446927374301684
2015-05-08,6.85,7.08,6.79,7.04,7.04,43900,705207500.0,0.1900000000000004,2.7737226277372318
2015-05-11,6.98,7.14,6.85,6.95,6.95,27300,718591000.0,-0.03000000000000025,-0.429799426934101
2015-05-12,6.96,7.18,6.95,7.11,7.11,38400,716532000.0,0.15000000000000036,2.1551724137931085
2015-05-13,7.2,7.52,7.2,7.48,7.48,105100,741240000.0,0.28000000000000025,3.8888888888888924
2015-05-14,7.52,7.81,7.36,7.4,7.4,80900,774184000.0,-0.11999999999999922,-1.5957446808510536
2015-05-15,7.27,7.66,7.27,7.53,7.53,48000,748446500.0,0.2600000000000007,3.576341127922981
2015-05-18,7.57,7.66,7.43,7.5,7.5,47900,779331500.0,-0.07000000000000028,-0.924702774108326
2015-05-19,7.46,7.46,7.19,7.4,7.4,69500,768007000.0,-0.05999999999999961,-0.8042895442359197
2015-05-20,7.33,7.49,7.33,7.36,7.36,22500,754623500.0,0.03000000000000025,0.40927694406548765
2015-05-21,7.34,7.38,7.22,7.33,7.33,18000,755653000.0,-0.009999999999999787,-0.13623978201634587
2015-05-22,7.36,7.44,7.24,7.42,7.42,40800,757712000.0,0.05999999999999961,0.8152173913043425
2015-05-26,7.13,7.13,6.97,7.05,7.05,40200,734033500.0,-0.08000000000000007,-1.1220196353436196
2015-05-27,6.97,7.21,6.96,7.21,7.21,27300,717561500.0,0.2400000000000002,3.4433285509325713
2015-05-28,7.15,7.3,7.1,7.23,7.23,29700,736092500.0,0.08000000000000007,1.1188811188811199
2015-05-29,7.27,7.48,7.27,7.48,7.48,56400,748446500.0,0.21000000000000085,2.888583218707027
2015-06-01,7.5,7.55,7.37,7.4,7.4,14900,772125000.0,-0.09999999999999964,-1.3333333333333286
2015-06-02,7.34,7.44,7.22,7.25,7.25,35600,755653000.0,-0.08999999999999986,-1.226158038147137
2015-06-03,7.17,7.35,7.17,7.34,7.34,18600,738151500.0,0.16999999999999993,2.3709902370990226
2015-06-04,7.3,7.3,7.08,7.08,7.08,18100,751535000.0,-0.21999999999999975,-3.013698630136983
2015-06-05,7.03,7.21,6.97,7.1,7.1,14100,723738500.0,0.0699999999999994,0.9957325746799344
2015-06-08,7.04,7.13,6.9,7.12,7.12,38300,724768000.0,0.08000000000000007,1.1363636363636374
2015-06-09,7.15,7.24,7.03,7.07,7.07,12500,736092500.0,-0.08000000000000007,-1.1188811188811199
2015-06-10,7.2,7.48,7.2,7.41,7.41,33300,741240000.0,0.20999999999999996,2.916666666666666
2015-06-11,7.4,7.42,7.31,7.35,7.35,28300,761830000.0,-0.05000000000000071,-0.6756756756756852
2015-06-12,7.36,7.49,7.34,7.46,7.46,13900,757712000.0,0.09999999999999964,1.3586956521739082
2015-06-15,7.43,7.82,7.38,7.55,7.55,80100,764918500.0,0.1200000000000001,1.6150740242261117
2015-06-16,7.54,7.7,7.4,7.59,7.59,88700,776243000.0,0.04999999999999982,0.6631299734747986
2015-06-17,7.57,7.95,7.57,7.91,7.91,30000,779331500.0,0.33999999999999986,4.491413474240421
2015-06-18,8.0,8.45,8.0,8.43,8.43,97100,823600000.0,0.4299999999999997,5.3749999999999964
2015-06-19,8.25,8.42,8.14,8.41,8.41,135700,849337500.0,0.16000000000000014,1.9393939393939412
2015-06-22,8.22,8.35,8.03,8.11,8.11,126000,846249000.0000001,-0.11000000000000121,-1.3381995133820097
2015-06-23,8.03,8.4,8.02,8.12,8.12,68100,826688499.9999999,0.08999999999999986,1.1207970112079684
2015-06-24,8.06,8.36,8.06,8.1,8.1,21100,829777000.0,0.03999999999999915,0.49627791563274376
2015-06-25,8.14,8.26,8.1,8.22,8.22,31600,838013000.0,0.08000000000000007,0.9828009828009836
2015-06-26,8.19,8.28,8.15,8.25,8.25,50800,843160500.0,0.0600000000000005,0.7326007326007388
2015-06-29,8.19,8.31,7.99,8.0,8.0,64600,843160500.0,-0.1899999999999995,-2.319902319902314
2015-06-30,7.94,7.94,7.77,7.84,7.84,75300,817423000.0,-0.10000000000000053,-1.259445843828722
2015-07-01,7.86,7.86,7.53,7.55,7.55,20200,809187000.0,-0.3100000000000005,-3.9440203562341027
2015-07-02,7.61,7.96,7.6,7.93,7.93,32100,783449500.0,0.3199999999999994,4.204993429697758
2015-07-06,7.73,8.06,7.72,7.75,7.75,36900,795803500.0,0.019999999999999574,0.2587322121604084
2015-07-07,7.75,7.75,7.27,7.6,7.6,57000,797862500.0,-0.15000000000000036,-1.9354838709677464
2015-07-08,7.62,7.64,7.26,7.29,7.29,45900,784479000.0,-0.33000000000000007,-4.330708661417323
2015-07-09,7.3,7.42,7.21,7.33,7.33,29600,751535000.0,0.03000000000000025,0.41095890410959246
2015-07-10,7.33,7.4,7.19,7.33,7.33,17800,754623500.0,0.0,0.0
2015-07-13,7.25,7.59,7.13,7.5,7.5,20500,746387500.0,0.25,3.4482758620689653
2015-07-14,7.42,7.7,7.38,7.38,7.38,25000,763889000.0,-0.040000000000000036,-0.539083557951483
2015-07-15,7.31,7.32,7.01,7.21,7.21,40800,752564500.0,-0.09999999999999964,-1.3679890560875465
2015-07-16,7.16,7.27,7.1,7.1,7.1,11100,737122000.0,-0.0600000000000005,-0.8379888268156493
2015-07-17,7.07,7.12,6.94,6.96,6.96,30100,727856500.0,-0.11000000000000032,-1.5558698727015603
2015-07-20,6.81,6.81,6.27,6.35,6.35,60200,701089500.0,-0.45999999999999996,-6.7547723935389135
2015-07-21,6.39,6.69,6.35,6.59,6.59,28900,657850500.0,0.20000000000000018,3.129890453834119
2015-07-22,6.32,6.72,6.21,6.57,6.57,65700,650644000.0,0.25,3.9556962025316453
2015-07-23,6.54,6.71,6.39,6.43,6.43,24000,673293000.0,-0.11000000000000032,-1.6819571865443472
2015-07-24,6.35,6.88,6.3,6.83,6.83,66600,653732500.0,0.4800000000000004,7.559055118110243
2015-07-27,6.73,7.01,6.59,6.67,6.67,77300,692853500.0,-0.0600000000000005,-0.8915304606240787
2015-07-28,6.68,6.83,6.67,6.75,6.75,35400,687706000.0,0.07000000000000028,1.0479041916167708
2015-07-29,6.74,7.04,6.66,6.91,6.91,59200,693883000.0,0.16999999999999993,2.522255192878337
2015-07-30,6.82,7.1,6.79,6.98,6.98,50900,702119000.0,0.16000000000000014,2.346041055718477
2015-07-31,7.04,7.27,7.02,7.12,7.12,43200,724768000.0,0.08000000000000007,1.1363636363636374
2015-08-03,7.02,7.05,6.82,6.85,6.85,10300,722709000.0,-0.16999999999999993,-2.421652421652421
2015-08-04,6.92,7.14,6.87,6.88,6.88,25000,712414000.0,-0.040000000000000036,-0.5780346820809253
2015-08-05,6.91,7.0,6.76,6.76,6.76,31700,711384500.0,-0.15000000000000036,-2.1707670043415392
2015-08-06,6.82,7.08,6.82,6.98,6.98,25000,702119000.0,0.16000000000000014,2.346041055718477
2015-08-07,6.96,7.24,6.91,7.24,7.24,45200,716532000.0,0.28000000000000025,4.02298850574713
2015-08-10,7.32,7.58,7.22,7.52,7.52,51200,753594000.0,0.1999999999999993,2.73224043715846
2015-08-11,7.52,7.64,7.35,7.64,7.64,38900,774184000.0,0.1200000000000001,1.5957446808510654
2015-08-12,7.73,7.98,7.63,7.94,7.94,55800,795803500.0,0.20999999999999996,2.716688227684346
2015-08-13,7.83,7.98,7.68,7.88,7.88,46200,806098500.0,0.04999999999999982,0.6385696040868432
2015-08-14,7.88,7.95,7.66,7.8,7.8,28800,811246000.0,-0.08000000000000007,-1.0152284263959401
2015-08-17,7.79,7.91,7.61,7.91,7.91,21400,801980500.0,0.1200000000000001,1.5404364569961502
2015-08-18,7.75,7.8,7.5,7.8,7.8,32700,797862500.0,0.04999999999999982,0.6451612903225784
2015-08-19,7.8,7.95,7.67,7.95,7.95,34400,803010000.0,0.15000000000000036,1.9230769230769278
2015-08-20,7.95,7.98,7.84,7.85,7.85,57400,818452500.0,-0.10000000000000053,-1.2578616352201324
2015-08-21,7.9,7.9,7.45,7.47,7.47,38200,813305000.0,-0.4300000000000006,-5.443037974683552
2015-08-24,7.23,7.25,7.02,7.22,7.22,61800,744328500.0,-0.010000000000000675,-0.13831258644537586
2015-08-25,7.24,7.34,6.82,7.06,7.06,42300,745358000.0,-0.1800000000000006,-2.4861878453038755
2015-08-26,7.0,7.0,6.74,6.75,6.75,62000,720650000.0,-0.25,-3.571428571428571
2015-08-27,6.8,7.03,6.74,6.92,6.92,50000,700060000.0,0.1200000000000001,1.764705882352943
2015-08-28,6.83,7.55,6.83,7.49,7.49,29100,703148500.0,0.6600000000000001,9.663250366032212
2015-08-31,7.36,7.4,6.95,7.34,7.34,32100,757712000.0,-0.020000000000000462,-0.27173913043478887
2015-09-01,7.38,7.52,7.25,7.29,7.29,32400,759771000.0,-0.08999999999999986,-1.2195121951219494
2015-09-02,7.13,7.39,6.88,6.99,6.99,46200,734033500.0,-0.13999999999999968,-1.963534361851328
2015-09-03,6.95,7.3,6.83,6.83,6.83,19300,715502500.0,-0.1200000000000001,-1.7266187050359725
2015-09-04,6.86,6.94,6.66,6.9,6.9,21000,706237000.0,0.040000000000000036,0.5830903790087468
2015-09-08,6.9,7.01,6.65,6.85,6.85,13200,710355000.0,-0.05000000000000071,-0.7246376811594305
2015-09-09,6.77,6.85,6.6,6.67,6.67,66100,696971500.0,-0.09999999999999964,-1.4771048744460806
2015-09-10,6.77,6.83,6.61,6.63,6.63,97400,696971500.0,-0.13999999999999968,-2.0679468242245154
2015-09-11,6.55,6.97,6.47,6.96,6.96,31800,674322500.0,0.41000000000000014,6.259541984732826
2015-09-14,6.9,6.96,6.72,6.9,6.9,28100,710355000.0,0.0,0.0
2015-09-15,6.92,7.12,6.63,6.65,6.65,120900,712414000.0,-0.2699999999999996,-3.9017341040462368
2015-09-16,6.73,7.05,6.73,7.0,7.0,46700,692853500.0,0.2699999999999996,4.011887072808315
2015-09-17,6.92,7.32,6.9,7.31,7.31,31400,712414000.0,0.3899999999999997,5.635838150289012
2015-09-18,7.36,7.44,7.27,7.31,7.31,22800,757712000.0,-0.05000000000000071,-0.6793478260869661
2015-09-21,7.3,7.49,7.03,7.37,7.37,59300,751535000.0,0.07000000000000028,0.9589041095890449
2015-09-22,7.25,7.29,6.98,7.08,7.08,24600,746387500.0,-0.16999999999999993,-2.3448275862068955
2015-09-23,7.08,7.14,6.98,7.0,7.0,18100,728886000.0,-0.08000000000000007,-1.12994350282486
2015-09-24,7.06,7.46,7.06,7.32,7.32,55100,726827000.0,0.2600000000000007,3.682719546742219
2015-09-25,7.32,7.49,7.32,7.4,7.4,42000,753594000.0,0.08000000000000007,1.0928961748633887
2015-09-28,7.3,7.3,6.96,6.99,6.99,34100,751535000.0,-0.3099999999999996,-4.246575342465748
2015-09-29,7.0,7.1,6.81,6.96,6.96,21200,720650000.0,-0.040000000000000036,-0.571428571428572
2015-09-30,6.9,7.12,6.84,7.12,7.12,42900,710355000.0,0.21999999999999975,3.1884057971014457
2015-10-01,7.22,7.35,6.92,7.0,7.0,19000,743299000.0,-0.21999999999999975,-3.047091412742379
2015-10-02,7.02,7.7,7.02,7.66,7.66,72700,722709000.0,0.6400000000000006,9.116809116809126
2015-10-05,7.7,8.0,7.65,7.86,7.86,77400,792715000.0,0.16000000000000014,2.0779220779220795
2015-10-06,7.96,8.14,7.79,7.92,7.92,33200,819482000.0,-0.040000000000000036,-0.5025125628140708
2015-10-07,7.96,7.99,7.61,7.98,7.98,22500,819482000.0,0.020000000000000462,0.251256281407041
2015-10-08,7.75,7.89,7.55,7.55,7.55,40600,797862500.0,-0.20000000000000018,-2.580645161290325
2015-10-09,7.82,8.04,7.71,8.04,8.04,32500,805069000.0,0.21999999999999886,2.8132992327365582
2015-10-12,8.1,8.16,7.69,7.85,7.85,27500,833895000.0,-0.25,-3.08641975308642
2015-10-13,7.91,8.0,7.81,7.85,7.85,46100,814334500.0,-0.0600000000000005,-0.7585335018963401
2015-10-14,7.97,8.35,7.97,8.35,8.35,119900,820511500.0,0.3799999999999999,4.767879548306147
2015-10-15,8.24,8.3,8.05,8.22,8.22,31200,848308000.0,-0.019999999999999574,-0.24271844660193656
2015-10-16,8.15,8.26,7.95,8.0,8.0,19000,839042500.0,-0.15000000000000036,-1.8404907975460165
2015-10-19,7.94,8.09,7.58,7.59,7.59,40000,817423000.0,-0.35000000000000053,-4.40806045340051
2015-10-20,7.65,8.04,7.59,7.86,7.86,37500,787567500.0,0.20999999999999996,2.7450980392156854
2015-10-21,7.93,7.93,7.51,7.6,7.6,25300,816393500.0,-0.33000000000000007,-4.161412358133671
2015-10-22,7.53,7.85,7.53,7.68,7.68,25700,775213500.0,0.14999999999999947,1.9920318725099533
2015-10-23,7.75,7.82,7.56,7.78,7.78,22500,797862500.0,0.03000000000000025,0.3870967741935516
2015-10-26,7.7,7.71,7.45,7.46,7.46,20900,792715000.0,-0.2400000000000002,-3.1168831168831197
2015-10-27,7.51,7.62,7.36,7.49,7.49,29300,773154500.0,-0.019999999999999574,-0.26631158455392245
2015-10-28,7.58,7.82,7.34,7.44,7.44,60500,780361000.0,-0.13999999999999968,-1.8469656992084391
2015-10-29,7.41,7.54,7.24,7.3,7.3,75000,762859500.0,-0.11000000000000032,-1.4844804318488571
2015-10-30,7.25,7.35,7.07,7.16,7.16,24500,746387500.0,-0.08999999999999986,-1.2413793103448256
2015-11-02,7.05,7.17,6.95,7.11,7.11,75100,725797500.0,0.0600000000000005,0.8510638297872412
2015-11-03,7.1,7.26,6.96,7.25,7.25,51700,730945000.0,0.15000000000000036,2.1126760563380333
2015-11-04,7.14,7.28,6.91,7.15,7.15,53300,735063000.0,0.010000000000000675,0.14005602240897305
2015-11-05,7.08,7.08,6.68,6.87,6.87,33500,728886000.0,-0.20999999999999996,-2.9661016949152534
2015-11-06,6.71,6.79,6.68,6.71,6.71,30400,690794500.0,0.0,0.0
2015-11-09,6.7,6.93,6.66,6.89,6.89,29500,689765000.0,0.1899999999999995,2.8358208955223807
2015-11-10,6.78,6.95,6.71,6.74,6.74,31700,698001000.0,-0.040000000000000036,-0.5899705014749268
2015-11-11,6.75,6.92,6.71,6.89,6.89,17600,694912500.0,0.13999999999999968,2.0740740740740695
2015-11-12,6.81,7.1,6.77,6.9,6.9,26000,701089500.0,0.09000000000000075,1.3215859030837114
2015-11-13,6.9,7.07,6.83,6.94,6.94,36500,710355000.0,0.040000000000000036,0.5797101449275368
2015-11-16,6.93,7.13,6.74,6.75,6.75,121800,713443500.0,-0.17999999999999972,-2.5974025974025934
2015-11-17,6.74,6.74,6.5,6.68,6.68,39500,693883000.0,-0.0600000000000005,-0.8902077151335385
2015-11-18,6.6,6.95,6.6,6.94,6.94,43600,679470000.0,0.34000000000000075,5.151515151515163
2015-11-19,6.98,7.25,6.98,7.07,7.07,69000,718591000.0,0.08999999999999986,1.2893982808022901
2015-11-20,6.97,7.2,6.82,6.85,6.85,16200,717561500.0,-0.1200000000000001,-1.7216642754662856
2015-11-23,6.77,6.91,6.75,6.81,6.81,33100,696971500.0,0.040000000000000036,0.5908419497784348
2015-11-24,6.88,7.03,6.8,6.85,6.85,85900,708296000.0,-0.03000000000000025,-0.43604651162791064
2015-11-25,6.81,7.02,6.79,6.93,6.93,28300,701089500.0,0.1200000000000001,1.7621145374449354
2015-11-27,6.83,7.02,6.82,6.88,6.88,25400,703148500.0,0.04999999999999982,0.7320644216691043
2015-11-30,6.9,7.05,6.9,6.93,6.93,107300,710355000.0,0.02999999999999936,0.4347826086956429
2015-12-01,7.01,7.07,6.9,7.01,7.01,62200,721679500.0,0.0,0.0
2015-12-02,6.92,7.03,6.82,7.01,7.01,50900,712414000.0,0.08999999999999986,1.3005780346820788
2015-12-03,7.07,7.08,6.82,6.92,6.92,33800,727856500.0,-0.15000000000000036,-2.1216407355021265
2015-12-04,6.99,7.26,6.99,7.25,7.25,83400,719620500.0,0.2599999999999998,3.7195994277539306
2015-12-07,7.2,7.2,6.84,6.94,6.94,67300,741240000.0,-0.2599999999999998,-3.611111111111108
2015-12-08,6.86,6.87,6.69,6.73,6.73,56400,706237000.0,-0.1299999999999999,-1.8950437317784241
2015-12-09,6.83,6.91,6.6,6.65,6.65,62800,703148500.0,-0.17999999999999972,-2.6354319180087806
2015-12-10,6.65,6.68,6.56,6.56,6.56,48400,684617500.0,-0.09000000000000075,-1.3533834586466276
2015-12-11,6.55,6.65,6.45,6.56,6.56,75500,674322500.0,0.009999999999999787,0.1526717557251876
2015-12-14,6.5,6.53,6.4,6.44,6.44,42500,669175000.0,-0.05999999999999961,-0.9230769230769171
2015-12-15,6.49,6.56,6.41,6.51,6.51,20000,668145500.0,0.019999999999999574,0.30816640986131855
2015-12-16,6.62,6.69,6.5,6.5,6.5,94100,681529000.0,-0.1200000000000001,-1.8126888217522674
2015-12-17,6.32,6.5,6.32,6.46,6.46,53300,650644000.0,0.13999999999999968,2.2151898734177164
2015-12-18,6.5,6.76,6.5,6.63,6.63,154500,669175000.0,0.1299999999999999,1.9999999999999982
2015-12-21,6.7,6.9,6.7,6.82,6.82,39900,689765000.0,0.1200000000000001,1.7910447761194044
2015-12-22,6.89,7.09,6.89,7.04,7.04,51900,709325500.0,0.15000000000000036,2.177068214804069
2015-12-23,7.04,7.27,7.04,7.21,7.21,38500,724768000.0,0.16999999999999993,2.414772727272726
2015-12-24,7.31,7.38,7.2,7.26,7.26,38600,752564500.0,-0.04999999999999982,-0.6839945280437733
2015-12-28,7.15,7.15,6.94,6.96,6.96,13600,736092500.0,-0.1900000000000004,-2.657342657342663
2015-12-29,7.06,7.31,7.06,7.29,7.29,73700,726827000.0,0.23000000000000043,3.257790368271961
2015-12-30,7.19,7.27,7.04,7.07,7.07,18300,740210500.0,-0.1200000000000001,-1.6689847009735759
2015-12-31,7.06,7.19,6.99,7.06,7.06,82800,726827000.0,0.0,0.0
2016-01-04,7.08,7.24,7.0,7.09,7.09,50000,728886000.0,0.009999999999999787,0.14124293785310432
2016-01-05,7.13,7.18,7.04,7.13,7.13,33300,734033500.0,0.0,0.0
2016-01-06,7.21,7.21,6.96,7.0,7.0,46900,742269500.0,-0.20999999999999996,-2.9126213592233006
2016-01-07,7.1,7.1,6.86,6.87,6.87,46100,730945000.0,-0.22999999999999954,-3.2394366197183033
2016-01-08,6.81,6.98,6.75,6.82,6.82,32400,701089500.0,0.010000000000000675,0.14684287812042107
2016-01-11,6.86,6.86,6.49,6.6,6.6,42600,706237000.0,-0.2600000000000007,-3.790087463556861
2016-01-12,6.6,6.73,6.48,6.71,6.71,38600,679470000.0,0.11000000000000032,1.6666666666666714
2016-01-13,6.72,7.05,6.68,7.05,7.05,25900,691824000.0,0.33000000000000007,4.910714285714287
2016-01-14,6.85,6.85,6.58,6.7,6.7,32500,705207500.0,-0.14999999999999947,-2.1897810218978027
2016-01-15,6.79,6.79,6.53,6.55,6.55,60500,699030500.0,-0.2400000000000002,-3.534609720176734
2016-01-19,6.57,6.62,6.31,6.34,6.34,41400,676381500.0,-0.23000000000000043,-3.5007610350076166
2016-01-20,6.36,6.44,6.2,6.29,6.29,83400,654762000.0,-0.07000000000000028,-1.1006289308176145
2016-01-21,6.27,6.4,6.12,6.35,6.35,28300,645496500.0,0.08000000000000007,1.2759170653907508
2016-01-22,6.34,6.59,6.29,6.36,6.36,32400,652703000.0,0.020000000000000462,0.3154574132492186
2016-01-25,6.46,6.54,6.34,6.41,6.41,46400,665057000.0,-0.04999999999999982,-0.7739938080495329
2016-01-26,6.43,6.69,6.43,6.57,6.57,50200,661968500.0,0.14000000000000057,2.1772939346811913
2016-01-27,6.57,6.59,6.45,6.54,6.54,26500,676381500.0,-0.03000000000000025,-0.45662100456621385
2016-01-28,6.46,6.56,6.38,6.47,6.47,44300,665057000.0,0.009999999999999787,0.1547987616099038
2016-01-29,6.48,6.58,6.41,6.57,6.57,40100,667116000.0,0.08999999999999986,1.3888888888888866
2016-02-01,6.57,6.72,6.52,6.71,6.71,51200,676381500.0,0.13999999999999968,2.130898021308975
2016-02-02,6.7,6.76,6.52,6.58,6.58,18700,689765000.0,-0.1200000000000001,-1.7910447761194044
2016-02-03,6.66,7.08,6.66,7.08,7.08,39300,685647000.0,0.41999999999999993,6.306306306306306
2016-02-04,7.18,7.38,7.15,7.17,7.17,47100,739181000.0,-0.009999999999999787,-0.13927576601671013
2016-02-05,7.03,7.37,7.0,7.36,7.36,27000,723738500.0,0.33000000000000007,4.69416785206259
2016-02-08,7.49,7.8,7.49,7.8,7.8,110400,771095500.0,0.3099999999999996,4.138851802403199
2016-02-09,7.7,7.81,7.38,7.38,7.38,45400,792715000.0,-0.3200000000000003,-4.155844155844159
2016-02-10,7.33,7.34,7.15,7.26,7.26,47900,754623500.0,-0.07000000000000028,-0.9549795361528005
2016-02-11,7.52,7.65,7.39,7.53,7.53,82000,774184000.0,0.010000000000000675,0.13297872340426428
2016-02-12,7.44,7.83,7.44,7.8,7.8,51800,765948000.0,0.35999999999999943,4.838709677419347
2016-02-16,7.62,7.89,7.61,7.75,7.75,42700,784479000.0,0.1299999999999999,1.7060367454068228
2016-02-17,7.8,8.06,7.72,7.88,7.88,31600,803010000.0,0.08000000000000007,1.0256410256410264
2016-02-18,7.86,8.25,7.83,8.23,8.23,120400,809187000.0,0.3700000000000001,4.707379134860052
2016-02-19,8.22,8.25,8.03,8.11,8.11,40400,846249000.0000001,-0.11000000000000121,-1.3381995133820097
2016-02-22,7.98,8.11,7.92,7.99,7.99,53300,821541000.0,0.009999999999999787,0.12531328320801738
2016-02-23,7.24,7.4,7.18,7.3,7.3,1332100,745358000.0,0.05999999999999961,0.8287292817679504
2016-02-24,7.35,7.44,7.2,7.2,7.2,634100,756682500.0,-0.14999999999999947,-2.040816326530605
2016-02-25,7.2,7.32,7.16,7.2,7.2,222900,741240000.0,0.0,0.0
2016-02-26,7.1,7.21,6.97,7.02,7.02,150200,730945000.0,-0.08000000000000007,-1.1267605633802829
2016-02-29,6.99,7.16,6.99,7.11,7.11,143300,719620500.0,0.1200000000000001,1.716738197424894
2016-03-01,7.09,7.15,6.93,6.97,6.97,97000,729915500.0,-0.1200000000000001,-1.6925246826516236
2016-03-02,6.96,7.21,6.93,7.18,7.18,204300,716532000.0,0.21999999999999975,3.160919540229881
2016-03-03,7.2,7.44,7.2,7.39,7.39,591900,741240000.0,0.1899999999999995,2.6388888888888817
2016-03-04,7.43,7.98,7.38,7.79,7.79,476800,764918500.0,0.3600000000000003,4.845222072678335
2016-03-07,7.81,7.99,7.81,7.87,7.87,349200,804039500.0,0.0600000000000005,0.7682458386683803
2016-03-08,7.84,8.06,7.82,7.97,7.97,257800,807128000.0,0.1299999999999999,1.6581632653061211
2016-03-09,7.89,8.3,7.86,8.24,8.24,270200,812275500.0,0.35000000000000053,4.435994930291516
2016-03-10,8.34,8.97,8.28,8.9,8.9,282600,858603000.0,0.5600000000000005,6.714628297362116
2016-03-11,8.98,9.05,8.57,8.62,8.62,130400,924491000.0,-0.3600000000000012,-4.008908685968833
2016-03-14,8.74,8.78,8.56,8.59,8.59,131000,899783000.0,-0.15000000000000036,-1.716247139588105
2016-03-15,8.5,8.72,8.44,8.71,8.71,107200,875075000.0,0.21000000000000085,2.4705882352941275
2016-03-16,8.66,9.22,8.52,9.16,9.16,116600,891547000.0,0.5,5.773672055427252
2016-03-17,9.42,9.66,9.21,9.32,9.32,159300,969789000.0,-0.09999999999999964,-1.061571125265389
2016-03-18,9.31,9.64,9.21,9.55,9.55,633400,958464500.0,0.2400000000000002,2.5778732545649863
2016-03-21,9.47,9.73,9.46,9.7,9.7,247200,974936500.0000001,0.22999999999999865,2.4287222808869973
2016-03-22,9.82,9.82,9.53,9.57,9.57,118300,1010969000.0,-0.25,-2.545824847250509
2016-03-23,9.33,9.52,9.02,9.31,9.31,169800,960523500.0,-0.019999999999999574,-0.2143622722400812
2016-03-24,9.26,9.52,9.2,9.29,9.29,122700,953317000.0,0.02999999999999936,0.3239740820734272
2016-03-28,9.24,9.26,8.94,9.14,9.14,93500,951258000.0,-0.09999999999999964,-1.0822510822510785
2016-03-29,9.19,9.91,9.19,9.84,9.84,104700,946110500.0,0.6500000000000004,7.0729053318824855
2016-03-30,9.83,9.95,9.52,9.62,9.62,75300,1011998500.0,-0.21000000000000085,-2.136317395727374
2016-03-31,9.61,9.76,9.38,9.44,9.44,89700,989349500.0,-0.16999999999999993,-1.7689906347554625
2016-04-01,9.1,9.51,9.1,9.51,9.51,97900,936845000.0,0.41000000000000014,4.505494505494507
2016-04-04,9.45,9.58,9.23,9.33,9.33,67600,972877499.9999999,-0.11999999999999922,-1.2698412698412618
2016-04-05,9.34,9.8,9.29,9.8,9.8,113600,961553000.0,0.46000000000000085,4.925053533190588
2016-04-06,9.81,9.81,9.44,9.51,9.51,88500,1009939500.0,-0.3000000000000007,-3.0581039755351753
2016-04-07,9.69,9.89,9.59,9.8,9.8,47900,997585500.0,0.11000000000000121,1.1351909184726647
2016-04-08,9.81,9.88,9.59,9.62,9.62,87300,1009939500.0,-0.19000000000000128,-1.9367991845056196
2016-04-11,9.77,10.36,9.72,10.25,10.25,153700,1005821500.0,0.4800000000000004,4.912998976458551
2016-04-12,10.42,10.76,10.12,10.71,10.71,125500,1072739000.0,0.2900000000000009,2.783109404990412
2016-04-13,10.66,10.71,10.29,10.29,10.29,108100,1097447000.0,-0.370000000000001,-3.4709193245778702
2016-04-14,10.26,10.52,9.97,10.22,10.22,76000,1056267000.0,-0.03999999999999915,-0.3898635477582763
2016-04-15,10.18,10.88,10.11,10.87,10.87,104200,1048031000.0,0.6899999999999995,6.7779960707269105
2016-04-18,10.88,11.09,10.7,10.9,10.9,97200,1120096000.0,0.019999999999999574,0.18382352941176078
2016-04-19,11.59,12.12,11.44,12.11,12.11,247800,1193190500.0,0.5199999999999996,4.486626402070748
2016-04-20,12.15,12.47,11.61,11.66,11.66,214800,1250842500.0,-0.4900000000000002,-4.03292181069959
2016-04-21,11.93,11.99,11.55,11.82,11.82,147700,1228193500.0,-0.10999999999999943,-0.9220452640402299
2016-04-22,11.89,12.3,11.61,12.01,12.01,233800,1224075500.0,0.11999999999999922,1.0092514718250565
2016-04-25,11.92,11.95,11.51,11.6,11.6,111100,1227164000.0,-0.3200000000000003,-2.684563758389264
2016-04-26,11.73,11.95,11.39,11.9,11.9,127000,1207603500.0,0.16999999999999993,1.44927536231884
2016-04-27,11.96,12.28,11.77,12.05,12.05,85900,1231282000.0,0.08999999999999986,0.7525083612040121
2016-04-28,12.14,12.78,12.05,12.53,12.53,205000,1249813000.0,0.3899999999999988,3.2125205930807152
2016-04-29,12.77,13.03,12.67,13.0,13.0,257800,1314671500.0,0.23000000000000043,1.8010963194988288
2016-05-02,13.14,13.18,12.32,12.49,12.49,183600,1352763000.0,-0.6500000000000004,-4.946727549467278
2016-05-03,12.44,12.62,12.15,12.46,12.46,182700,1280698000.0,0.02000000000000135,0.16077170418007516
2016-05-04,12.35,12.6,11.94,12.13,12.13,130600,1271432500.0,-0.21999999999999886,-1.7813765182186143
2016-05-05,12.39,12.6,12.14,12.44,12.44,130000,1275550500.0,0.049999999999998934,0.4035512510088695
2016-05-06,12.55,13.25,12.55,13.21,13.21,142800,1292022500.0,0.6600000000000001,5.2589641434262955
2016-05-09,12.82,12.82,12.06,12.06,12.06,137500,1319819000.0,-0.7599999999999998,-5.9282371294851774
2016-05-10,12.06,12.53,11.84,12.4,12.4,72600,1241577000.0,0.33999999999999986,2.8192371475953553
2016-05-11,12.66,13.09,12.23,12.43,12.43,107100,1303347000.0,-0.23000000000000043,-1.8167456556082182
2016-05-12,12.58,12.81,12.39,12.61,12.61,86400,1295111000.0,0.02999999999999936,0.2384737678855275
2016-05-13,12.61,13.61,12.45,13.61,13.61,193800,1298199500.0,1.0,7.930214115781127
2016-05-16,13.87,14.27,13.8,13.91,13.91,211300,1427916500.0,0.040000000000000924,0.28839221341024457
2016-05-17,13.96,14.4,13.63,14.31,14.31,153800,1437182000.0,0.34999999999999964,2.5071633237822324
2016-05-18,13.94,14.21,13.24,13.35,13.35,278900,1435123000.0,-0.5899999999999999,-4.2324246771879475
2016-05-19,12.99,13.54,12.85,13.18,13.18,181600,1337320500.0,0.1899999999999995,1.4626635873748999
2016-05-20,13.45,13.72,12.98,13.72,13.72,185100,1384677500.0,0.27000000000000135,2.0074349442379282
2016-05-23,13.59,13.79,13.3,13.52,13.52,58700,1399090500.0,-0.07000000000000028,-0.5150846210448881
2016-05-24,13.36,13.36,12.45,12.45,12.45,170400,1375412000.0,-0.9100000000000001,-6.811377245508983
2016-05-25,12.34,12.83,11.95,12.74,12.74,211900,1270403000.0,0.40000000000000036,3.2414910858995163
2016-05-26,12.94,13.22,12.25,12.35,12.35,140000,1332173000.0,-0.5899999999999999,-4.559505409582688
2016-05-27,12.29,12.34,11.73,11.95,11.95,162400,1265255500.0,-0.33999999999999986,-2.7664768104149706
2016-05-31,11.83,12.67,11.83,12.24,12.24,190600,1217898500.0,0.41000000000000014,3.4657650042265438
2016-06-01,12.36,12.39,11.9,12.25,12.25,71500,1272462000.0,-0.10999999999999943,-0.8899676375404486
2016-06-02,12.08,12.48,11.94,12.36,12.36,103100,1243636000.0,0.27999999999999936,2.3178807947019817
2016-06-03,12.76,13.65,12.76,13.4,13.4,189900,1313642000.0,0.6400000000000006,5.015673981191227
2016-06-06,13.49,13.63,13.12,13.63,13.63,130500,1388795500.0,0.14000000000000057,1.03780578206079
2016-06-07,13.42,13.49,13.13,13.13,13.13,62300,1381589000.0,-0.28999999999999915,-2.160953800298056
2016-06-08,13.69,14.01,13.52,13.63,13.63,103400,1409385500.0,-0.05999999999999872,-0.43827611395178034
2016-06-09,13.68,14.07,13.51,14.0,14.0,91500,1408356000.0,0.3200000000000003,2.3391812865497097
2016-06-10,14.0,14.4,13.63,13.76,13.76,107800,1441300000.0,-0.2400000000000002,-1.7142857142857157
2016-06-13,13.97,14.05,12.85,13.18,13.18,208200,1438211500.0,-0.7900000000000009,-5.654974946313535
2016-06-14,13.23,13.47,12.72,12.88,12.88,75600,1362028500.0,-0.34999999999999964,-2.6455026455026425
2016-06-15,12.84,13.55,12.71,13.42,13.42,216900,1321878000.0,0.5800000000000001,4.517133956386293
2016-06-16,13.72,13.79,12.71,12.96,12.96,177700,1412474000.0,-0.7599999999999998,-5.539358600583089
2016-06-17,13.1,13.5,12.99,13.08,13.08,117200,1348645000.0,-0.019999999999999574,-0.1526717557251876
2016-06-20,12.95,13.71,12.74,13.48,13.48,140600,1333202500.0,0.5300000000000011,4.092664092664101
2016-06-21,13.38,13.38,12.69,12.73,12.73,176300,1377471000.0,-0.6500000000000004,-4.8579970104633805
2016-06-22,12.57,12.64,11.85,12.28,12.28,252700,1294081500.0,-0.2900000000000009,-2.3070803500397847
2016-06-23,12.12,12.68,12.09,12.37,12.37,147700,1247754000.0,0.25,2.0627062706270625
2016-06-24,13.1,13.16,12.37,12.52,12.52,172300,1348645000.0,-0.5800000000000001,-4.427480916030535
2016-06-27,12.67,12.89,11.74,11.97,11.97,163200,1304376500.0,-0.6999999999999993,-5.524861878453033
2016-06-28,12.01,12.27,11.51,12.0,12.0,139000,1236429500.0,-0.009999999999999787,-0.08326394671107233
2016-06-29,12.18,12.57,12.13,12.3,12.3,136900,1253931000.0,0.120000000000001,0.9852216748768554
2016-06-30,12.36,12.61,12.21,12.61,12.61,135500,1272462000.0,0.25,2.022653721682848
2016-07-01,12.69,14.44,12.69,14.29,14.29,327400,1306435500.0,1.5999999999999996,12.608353033884947
2016-07-05,14.12,14.65,13.85,14.21,14.21,241100,1453654000.0,0.09000000000000163,0.637393767705394
2016-07-06,14.5,14.62,14.0,14.52,14.52,131600,1492775000.0,0.019999999999999574,0.13793103448275568
2016-07-07,14.42,14.5,14.03,14.15,14.15,120100,1484539000.0,-0.2699999999999996,-1.8723994452149764
2016-07-08,14.33,14.78,14.08,14.73,14.73,127200,1475273500.0,0.40000000000000036,2.7913468248429893
2016-07-11,14.57,15.01,14.51,14.91,14.91,120500,1499981500.0,0.33999999999999986,2.333562113932737
2016-07-12,14.99,14.99,14.61,14.8,14.8,176600,1543220500.0,-0.1899999999999995,-1.2675116744496298
2016-07-13,15.0,15.89,14.96,15.7,15.7,166600,1544250000.0,0.6999999999999993,4.666666666666662
2016-07-14,15.54,15.93,15.31,15.89,15.89,207300,1599843000.0,0.3500000000000014,2.2522522522522617
2016-07-15,15.8,15.99,15.62,15.72,15.72,125800,1626610000.0,-0.08000000000000007,-0.5063291139240511
2016-07-18,15.58,15.75,15.42,15.66,15.66,62300,1603961000.0,0.08000000000000007,0.5134788189987168
2016-07-19,15.52,15.69,15.3,15.4,15.4,158000,1597784000.0,-0.11999999999999922,-0.7731958762886548
2016-07-20,15.07,15.16,14.63,14.71,14.71,147500,1551456500.0,-0.35999999999999943,-2.3888520238885165
2016-07-21,14.75,15.0,14.75,14.87,14.87,94700,1518512500.0,0.11999999999999922,0.8135593220338929
2016-07-22,14.67,15.0,14.51,14.92,14.92,61100,1510276500.0,0.25,1.7041581458759374
2016-07-25,14.8,14.8,14.18,14.47,14.47,95900,1523660000.0,-0.33000000000000007,-2.2297297297297303
2016-07-26,14.68,15.11,14.45,14.93,14.93,93500,1511306000.0,0.25,1.7029972752043598
2016-07-27,15.15,15.43,14.67,15.26,15.26,76800,1559692500.0,0.10999999999999943,0.7260726072607223
2016-07-28,15.27,15.51,15.0,15.42,15.42,90700,1572046500.0,0.15000000000000036,0.9823182711198453
2016-07-29,15.5,15.89,15.47,15.67,15.67,85900,1595725000.0,0.16999999999999993,1.0967741935483868
2016-08-01,15.7,16.33,15.5,16.25,16.25,73900,1616315000.0,0.5500000000000007,3.503184713375801
2016-08-02,16.360001,16.77,16.200001,16.290001,16.290001,157900,1684262102.95,-0.07000000000000028,-0.42787283448210234
2016-08-03,16.17,16.4,15.88,16.01,16.01,59900,1664701500.0000002,-0.16000000000000014,-0.9894867037724189
2016-08-04,16.02,16.18,15.79,16.07,16.07,49600,1649259000.0,0.05000000000000071,0.31210986267166485
2016-08-05,15.68,16.030001,15.37,15.95,15.95,149400,1614256000.0,0.2699999999999996,1.7219387755102016
2016-08-08,15.88,16.41,15.74,15.89,15.89,60300,1634846000.0,0.009999999999999787,0.06297229219143442
2016-08-09,15.94,16.42,15.94,16.299999,16.299999,98200,1641023000.0,0.3599990000000002,2.2584629861982446
2016-08-10,16.66,17.16,16.66,16.959999,16.959999,144100,1715147000.0,0.2999989999999997,1.800714285714284
2016-08-11,17.040001,17.15,16.870001,16.870001,16.870001,129200,1754268102.95,-0.1700000000000017,-0.9976525236119511
2016-08-12,17.129999,17.290001,16.370001,16.690001,16.690001,109300,1763533397.0500002,-0.4399980000000028,-2.568581586023459
2016-08-15,16.799999,17.139999,16.43,16.52,16.52,136300,1729559897.05,-0.2799990000000001,-1.6666608134917156
2016-08-16,16.540001,17.559999,16.49,17.41,17.41,145700,1702793102.95,0.869999,5.259969452238847
2016-08-17,16.77,17.1,16.290001,16.77,16.77,126700,1726471500.0,0.0,0.0
2016-08-18,16.809999,16.9,16.610001,16.780001,16.780001,96600,1730589397.0500002,-0.029998000000002634,-0.17845331222210442
2016-08-19,16.67,16.83,16.209999,16.370001,16.370001,87700,1716176500.0000002,-0.29999900000000324,-1.799634073185382
2016-08-22,16.120001,16.280001,15.86,15.97,15.97,67200,1659554102.9499998,-0.15000099999999783,-0.9305272375603317
2016-08-23,15.98,16.17,15.66,15.71,15.71,99200,1645141000.0,-0.2699999999999996,-1.6896120150187706
2016-08-24,15.52,15.52,14.81,14.96,14.96,185300,1597784000.0,-0.5599999999999987,-3.6082474226804044
2016-08-25,14.59,15.49,14.59,15.31,15.31,103500,1502040500.0,0.7200000000000006,4.934886908841677
2016-08-26,15.55,16.24,15.07,15.69,15.69,185000,1600872500.0,0.1399999999999988,0.9003215434083522
2016-08-29,15.42,16.08,15.14,15.85,15.85,151800,1587489000.0,0.4299999999999997,2.788586251621269
2016-08-30,15.88,15.99,14.97,15.24,15.24,94200,1634846000.0,-0.6400000000000006,-4.030226700251893
2016-08-31,15.13,15.13,14.4,14.74,14.74,130400,1557633500.0,-0.39000000000000057,-2.577660277594187
2016-09-01,14.59,15.38,14.48,15.36,15.36,82400,1502040500.0,0.7699999999999996,5.277587388622342
2016-09-02,15.84,16.719999,15.84,16.719999,16.719999,199500,1630728000.0,0.8799990000000015,5.555549242424252
2016-09-06,16.91,17.68,16.91,17.5,17.5,119600,1740884500.0,0.5899999999999999,3.4890597279716133
2016-09-07,17.57,18.049999,17.209999,17.85,17.85,144400,1808831500.0,0.28000000000000114,1.5936254980079747
2016-09-08,17.91,18.120001,17.26,17.530001,17.530001,104500,1843834500.0,-0.37999900000000153,-2.1217141261864967
2016-09-09,17.290001,17.459999,16.280001,16.440001,16.440001,131700,1780005602.95,-0.8500000000000014,-4.9161362107497935
2016-09-12,16.209999,16.85,15.87,16.68,16.68,153700,1668819397.05,0.4700009999999999,2.899451135067929
2016-09-13,16.48,16.48,15.38,15.55,15.55,212600,1696616000.0,-0.9299999999999997,-5.6432038834951435
2016-09-14,15.7,15.94,15.17,15.27,15.27,146700,1616315000.0,-0.4299999999999997,-2.738853503184712
2016-09-15,15.25,16.190001,15.13,15.82,15.82,186800,1569987500.0,0.5700000000000003,3.737704918032789
2016-09-16,15.67,15.8,15.07,15.32,15.32,121100,1613226500.0,-0.34999999999999964,-2.2335673261008275
2016-09-19,15.67,15.76,15.36,15.58,15.58,59400,1613226500.0,-0.08999999999999986,-0.5743458838544981
2016-09-20,15.7,15.74,15.17,15.67,15.67,58900,1616315000.0,-0.02999999999999936,-0.19108280254776663
2016-09-21,15.94,17.0,15.84,16.93,16.93,234000,1641023000.0,0.9900000000000002,6.210790464240905
2016-09-22,17.120001,17.35,16.66,16.82,16.82,238200,1762504102.9499998,-0.3000009999999982,-1.7523421873631797
2016-09-23,16.74,16.74,15.8,15.97,15.97,99100,1723382999.9999998,-0.7699999999999978,-4.599761051373942
2016-09-26,15.94,16.35,15.37,15.41,15.41,106300,1641023000.0,-0.5299999999999994,-3.324968632371389
2016-09-27,15.21,15.37,14.87,15.16,15.16,85600,1565869500.0,-0.05000000000000071,-0.32873109796187183
2016-09-28,15.04,15.47,14.67,15.32,15.32,94900,1548368000.0,0.28000000000000114,1.861702127659582
2016-09-29,15.2,15.48,14.97,15.34,15.34,76500,1564840000.0,0.14000000000000057,0.9210526315789511
2016-09-30,15.72,15.77,14.96,15.08,15.08,66400,1618374000.0,-0.6400000000000006,-4.071246819338426
2016-10-03,15.41,16.049999,15.08,15.45,15.45,102100,1586459500.0,0.03999999999999915,0.2595717066839659
2016-10-04,15.25,15.35,13.53,13.7,13.7,240900,1569987500.0,-1.5500000000000007,-10.163934426229511
2016-10-05,13.99,14.28,13.53,14.05,14.05,131700,1440270500.0,0.0600000000000005,0.4288777698356004
2016-10-06,13.87,13.92,13.23,13.47,13.47,184500,1427916500.0,-0.3999999999999986,-2.883922134102369
2016-10-07,13.8,14.17,13.16,13.58,13.58,156000,1420710000.0,-0.22000000000000064,-1.594202898550729
2016-10-10,13.58,13.75,13.58,13.6,13.6,21300,1398061000.0,0.019999999999999574,0.1472754050073606
2016-10-11,13.42,13.7,13.18,13.39,13.39,122600,1381589000.0,-0.02999999999999936,-0.2235469448584155
2016-10-12,13.39,13.6,13.22,13.45,13.45,238100,1378500500.0,0.05999999999999872,0.44809559372665214
2016-10-13,13.4,13.74,13.25,13.52,13.52,215900,1379530000.0,0.11999999999999922,0.8955223880596956
2016-10-14,13.43,13.79,13.24,13.32,13.32,51100,1382618500.0,-0.10999999999999943,-0.8190618019359601
2016-10-17,13.42,13.82,13.42,13.77,13.77,60100,1381589000.0,0.34999999999999964,2.6080476900149008
2016-10-18,13.94,14.55,13.76,14.08,14.08,120300,1435123000.0,0.14000000000000057,1.0043041606886698
2016-10-19,14.29,14.48,14.03,14.38,14.38,80400,1471155500.0,0.09000000000000163,0.6298110566830065
2016-10-20,14.49,14.92,14.47,14.9,14.9,100900,1491745500.0,0.41000000000000014,2.8295376121463085
2016-10-21,14.9,15.41,14.89,15.41,15.41,281600,1533955000.0,0.5099999999999998,3.4228187919463076
2016-10-24,15.52,15.59,14.51,14.76,14.76,212000,1597784000.0,-0.7599999999999998,-4.896907216494844
2016-10-25,15.09,15.22,14.57,14.89,14.89,137600,1553515500.0,-0.1999999999999993,-1.3253810470510223
2016-10-26,15.07,15.07,14.35,14.45,14.45,83800,1551456500.0,-0.620000000000001,-4.114134041141347
2016-10-27,14.54,14.64,14.23,14.32,14.32,50500,1496893000.0,-0.21999999999999886,-1.5130674002750955
2016-10-28,14.3,14.7,14.13,14.42,14.42,76300,1472185000.0,0.11999999999999922,0.8391608391608336
2016-10-31,14.7,14.7,14.26,14.63,14.63,121700,1513365000.0,-0.06999999999999851,-0.47619047619046606
2016-11-01,14.84,15.54,14.84,15.23,15.23,172800,1527778000.0,0.39000000000000057,2.628032345013481
2016-11-02,15.54,16.27,15.08,15.14,15.14,183500,1599843000.0,-0.3999999999999986,-2.574002574002565
2016-11-03,14.96,15.56,14.96,15.56,15.56,120800,1540132000.0,0.5999999999999996,4.010695187165773
2016-11-04,15.56,15.56,14.54,14.71,14.71,117700,1601902000.0,-0.8499999999999996,-5.462724935732646
2016-11-07,14.65,14.65,13.9,14.36,14.36,96300,1508217500.0,-0.2900000000000009,-1.9795221843003474
2016-11-08,14.4,14.93,14.07,14.42,14.42,128700,1482480000.0,0.019999999999999574,0.13888888888888593
2016-11-09,14.81,15.21,14.2,14.51,14.51,155000,1524689500.0,-0.3000000000000007,-2.025658338960167
2016-11-10,14.61,14.63,13.42,13.55,13.55,160000,1504099500.0,-1.0599999999999987,-7.255304585900061
2016-11-11,13.41,13.54,11.5,11.57,11.57,366900,1380559500.0,-1.8399999999999999,-13.721103653989559
2016-11-14,11.7,12.12,11.15,11.88,11.88,137700,1204515000.0,0.1800000000000015,1.5384615384615514
2016-11-15,11.9,12.64,11.84,12.6,12.6,134400,1225105000.0,0.6999999999999993,5.882352941176464
2016-11-16,12.61,12.61,11.94,12.15,12.15,101300,1298199500.0,-0.4599999999999991,-3.6478984932593104
2016-11-17,12.41,12.5,11.63,11.78,11.78,143000,1277609500.0,-0.6300000000000008,-5.076551168412577
2016-11-18,11.72,11.93,11.35,11.69,11.69,150200,1206574000.0,-0.030000000000001137,-0.2559726962457435
2016-11-21,11.68,12.17,11.68,11.95,11.95,131100,1202456000.0,0.2699999999999996,2.311643835616435
2016-11-22,12.31,12.9,12.07,12.76,12.76,630400,1267314500.0,0.4499999999999993,3.6555645816409363
2016-11-23,12.44,12.48,11.93,12.07,12.07,320500,1280698000.0,-0.3699999999999992,-2.9742765273311838
2016-11-25,12.03,12.31,11.89,12.02,12.02,107600,1238488500.0,-0.009999999999999787,-0.08312551953449532
2016-11-28,12.18,12.52,11.93,12.4,12.4,157700,1253931000.0,0.22000000000000064,1.8062397372742254
2016-11-29,12.31,13.06,12.22,12.93,12.93,141200,1267314500.0,0.6199999999999992,5.036555645816403
2016-11-30,12.93,12.98,12.36,12.43,12.43,143700,1331143500.0,-0.5,-3.8669760247486464
2016-12-01,12.38,12.82,12.03,12.38,12.38,177300,1274521000.0,0.0,0.0
2016-12-02,13.38,13.38,12.46,13.18,13.18,161800,1377471000.0,-0.20000000000000107,-1.4947683109118166
2016-12-05,13.04,13.54,12.7,13.24,13.24,182800,1342468000.0,0.20000000000000107,1.5337423312883518
2016-12-06,13.28,13.67,13.1,13.33,13.33,145900,1367176000.0,0.05000000000000071,0.3765060240963909
2016-12-07,13.54,13.73,13.13,13.22,13.22,120800,1393943000.0,-0.3199999999999985,-2.363367799113726
2016-12-08,13.26,13.26,12.5,12.71,12.71,134400,1365117000.0,-0.5499999999999989,-4.1478129713423755
2016-12-09,12.57,12.69,11.6,11.6,11.6,321900,1294081500.0,-0.9700000000000006,-7.716785998408914
2016-12-12,11.7,12.3,11.55,11.73,11.73,337000,1204515000.0,0.030000000000001137,0.2564102564102661
2016-12-13,11.74,12.26,11.73,12.15,12.15,225300,1208633000.0,0.41000000000000014,3.4923339011925054
2016-12-14,12.4,12.4,11.24,11.37,11.37,187700,1276580000.0,-1.0300000000000011,-8.306451612903235
2016-12-15,11.11,11.11,10.12,10.41,10.41,224200,1143774500.0,-0.6999999999999993,-6.300630063006294
2016-12-16,10.5,10.69,9.94,10.12,10.12,297800,1080975000.0,-0.3800000000000008,-3.6190476190476266
2016-12-19,9.93,10.19,9.5,9.94,9.94,281200,1022293500.0,0.009999999999999787,0.1007049345417904
2016-12-20,9.64,9.95,9.54,9.74,9.74,336600,992438000.0,0.09999999999999964,1.0373443983402453
2016-12-21,9.78,9.84,9.54,9.58,9.58,155300,1006850999.9999999,-0.1999999999999993,-2.0449897750511177
2016-12-22,9.82,10.01,9.62,9.7,9.7,235800,1010969000.0,-0.120000000000001,-1.2219959266802545
2016-12-23,9.76,10.39,9.75,10.39,10.39,242600,1004792000.0,0.6300000000000008,6.454918032786894
2016-12-27,10.52,10.72,10.29,10.43,10.43,131400,1083034000.0,-0.08999999999999986,-0.8555133079847895
2016-12-28,10.43,10.81,10.28,10.74,10.74,286300,1073768500.0,0.3100000000000005,2.972195589645259
2016-12-29,10.8,11.69,10.79,11.67,11.67,388900,1111860000.0,0.8699999999999992,8.055555555555548
2016-12-30,11.87,12.22,10.9,11.03,11.03,309100,1222016500.0,-0.8399999999999999,-7.0766638584667225
2017-01-03,11.06,11.61,11.03,11.58,11.58,234700,1138627000.0,0.5199999999999996,4.701627486437609
2017-01-04,11.76,12.1,11.44,11.94,11.94,246000,1210692000.0,0.17999999999999972,1.5306122448979567
2017-01-05,12.27,12.99,12.12,12.85,12.85,387200,1263196500.0,0.5800000000000001,4.726976365118175
2017-01-06,12.46,12.57,11.57,11.93,11.93,360800,1282757000.0,-0.5300000000000011,-4.253611556982352
2017-01-09,12.26,12.54,11.93,12.12,12.12,449200,1262167000.0,-0.14000000000000057,-1.1419249592169702
2017-01-10,12.38,13.01,12.35,12.73,12.73,245900,1274521000.0,0.34999999999999964,2.8271405492730177
2017-01-11,12.78,13.1,12.27,12.86,12.86,282000,1315701000.0,0.08000000000000007,0.6259780907668238
2017-01-12,13.12,13.28,12.48,12.7,12.7,244700,1350704000.0,-0.41999999999999993,-3.2012195121951215
2017-01-13,12.6,12.95,12.42,12.88,12.88,327300,1297170000.0,0.28000000000000114,2.222222222222231
2017-01-17,13.49,13.57,12.99,13.17,13.17,280600,1388795500.0,-0.3200000000000003,-2.3721275018532264
2017-01-18,13.08,13.42,12.87,13.08,13.08,298100,1346586000.0,0.0,0.0
2017-01-19,12.86,13.21,12.71,13.07,13.07,230700,1323937000.0,0.21000000000000085,1.632970451010893
2017-01-20,13.05,13.54,12.89,13.27,13.27,285600,1343497500.0,0.21999999999999886,1.6858237547892632
2017-01-23,13.47,13.84,13.45,13.78,13.78,260500,1386736500.0,0.3099999999999987,2.3014105419450535
2017-01-24,13.78,14.16,13.4,13.65,13.65,371600,1418651000.0,-0.129999999999999,-0.9433962264150872
2017-01-25,13.39,13.72,13.16,13.72,13.72,205500,1378500500.0,0.33000000000000007,2.46452576549664
2017-01-26,13.37,13.48,13.08,13.37,13.37,269100,1376441500.0,0.0,0.0
2017-01-27,13.37,13.87,13.28,13.79,13.79,179800,1376441500.0,0.41999999999999993,3.1413612565445024
2017-01-30,13.81,14.02,13.65,13.76,13.76,270700,1421739500.0,-0.05000000000000071,-0.3620564808110116
2017-01-31,14.17,14.3,13.99,14.22,14.22,190800,1458801500.0,0.05000000000000071,0.35285815102329365
2017-02-01,14.09,14.68,13.92,14.63,14.63,227400,1450565500.0,0.5400000000000009,3.832505322924066
2017-02-02,14.93,15.31,14.9,15.29,15.29,326400,1537043500.0,0.35999999999999943,2.411252511721363
2017-02-03,15.17,15.25,14.86,14.99,14.99,217100,1561751500.0,-0.17999999999999972,-1.1865524060645993
2017-02-06,15.18,15.99,14.9,15.93,15.93,538600,1562781000.0,0.75,4.940711462450593
2017-02-07,15.76,16.450001,15.63,16.08,16.08,395700,1622492000.0,0.3199999999999985,2.0304568527918687
2017-02-08,16.200001,16.469999,15.65,15.99,15.99,228400,1667790102.95,-0.2100010000000001,-1.2963023891171372
2017-02-09,15.91,15.97,15.5,15.83,15.83,231000,1637934500.0,-0.08000000000000007,-0.5028284098051544
2017-02-10,15.55,16.469999,15.54,16.23,16.23,197300,1600872500.0,0.6799999999999997,4.372990353697747
2017-02-13,16.23,16.299999,15.88,16.18,16.18,205300,1670878500.0,-0.05000000000000071,-0.3080714725816433
2017-02-14,16.610001,16.780001,15.98,16.59,16.59,274500,1709999602.95,-0.0200010000000006,-0.12041540515259812
2017-02-15,16.049999,16.17,15.45,16.08,16.08,330200,1652347397.05,0.030000999999998612,0.1869221300262923
2017-02-16,16.299999,16.41,15.91,16.25,16.25,289000,1678084897.05,-0.04999899999999968,-0.3067423501068907
2017-02-17,16.08,16.34,15.91,16.049999,16.049999,263700,1655435999.9999998,-0.030000999999998612,-0.1865733830845685
2017-02-21,16.0,16.459999,15.68,15.93,15.93,362600,1647200000.0,-0.07000000000000028,-0.4375000000000018
2017-02-22,15.82,16.129999,15.46,16.08,16.08,299500,1628669000.0,0.259999999999998,1.6434892541087105
2017-02-23,16.309999,16.5,16.139999,16.219999,16.219999,433400,1679114397.0500002,-0.08999999999999986,-0.5518087401476839
2017-02-24,16.549999,16.549999,15.44,15.54,15.54,420100,1703822397.05,-1.0099990000000005,-6.1027133596805685
2017-02-27,15.49,15.93,14.15,14.25,14.25,639600,1594695500.0,-1.2400000000000002,-8.005164622336993
2017-02-28,14.35,14.75,14.09,14.38,14.38,518400,1477332500.0,0.030000000000001137,0.2090592334494853
2017-03-01,14.36,15.55,14.02,15.48,15.48,558900,1478362000.0,1.120000000000001,7.799442896935941
2017-03-02,15.13,15.4,14.1,14.16,14.16,431400,1557633500.0,-0.9700000000000006,-6.4111037673496405
2017-03-03,14.0,14.39,13.56,14.16,14.16,569100,1441300000.0,0.16000000000000014,1.142857142857144
2017-03-06,13.94,14.13,13.1,13.3,13.3,529700,1435123000.0,-0.6399999999999988,-4.591104734576748
2017-03-07,13.15,13.48,12.87,13.3,13.3,296700,1353792500.0,0.15000000000000036,1.1406844106463905
2017-03-08,13.09,13.34,13.0,13.0,13.0,272200,1347615500.0,-0.08999999999999986,-0.6875477463712747
2017-03-09,12.99,13.25,12.9,13.12,13.12,166400,1337320500.0,0.129999999999999,1.0007698229407158
2017-03-10,13.23,13.83,13.05,13.76,13.76,311200,1362028500.0,0.5299999999999994,4.006046863189716
2017-03-13,13.79,14.41,13.53,14.22,14.22,502100,1419680500.0,0.4300000000000015,3.118201595358967
2017-03-14,14.15,14.2,13.26,13.33,13.33,492500,1456742500.0,-0.8200000000000003,-5.795053003533571
2017-03-15,13.56,14.39,13.25,14.26,14.26,993200,1396002000.0,0.6999999999999993,5.162241887905599
2017-03-16,14.63,14.87,14.15,14.39,14.39,427600,1506158500.0,-0.2400000000000002,-1.6404647983595366
2017-03-17,14.45,14.76,13.86,13.97,13.97,975100,1487627500.0,-0.47999999999999865,-3.321799307958468
2017-03-20,14.09,14.45,13.91,14.41,14.41,321300,1450565500.0,0.3200000000000003,2.271114265436482
2017-03-21,14.51,14.91,14.43,14.5,14.5,313400,1493804500.0,-0.009999999999999787,-0.06891798759476077
2017-03-22,14.65,14.67,14.2,14.2,14.2,293600,1508217500.0,-0.45000000000000107,-3.0716723549488125
2017-03-23,14.29,14.34,13.63,14.04,14.04,399400,1471155500.0,-0.25,-1.7494751574527643
2017-03-24,14.04,14.15,13.84,13.93,13.93,252200,1445418000.0,-0.10999999999999943,-0.7834757834757795
2017-03-27,14.25,14.27,13.98,14.17,14.17,269200,1467037500.0,-0.08000000000000007,-0.5614035087719303
2017-03-28,14.12,14.26,13.59,13.72,13.72,286700,1453654000.0,-0.3999999999999986,-2.8328611898016898
2017-03-29,13.69,13.84,13.4,13.77,13.77,240400,1409385500.0,0.08000000000000007,0.58436815193572
2017-03-30,13.58,13.79,13.37,13.44,13.44,212200,1398061000.0,-0.14000000000000057,-1.0309278350515505
2017-03-31,13.25,13.38,12.93,13.13,13.13,541900,1364087500.0,-0.11999999999999922,-0.9056603773584847
2017-04-03,13.12,13.68,13.07,13.55,13.55,238900,1350704000.0,0.4300000000000015,3.2774390243902554
2017-04-04,13.6,13.84,13.56,13.82,13.82,279700,1400120000.0,0.22000000000000064,1.617647058823534
2017-04-05,13.61,13.91,13.35,13.87,13.87,403200,1401149500.0,0.2599999999999998,1.9103600293901526
2017-04-06,13.88,14.09,13.69,14.0,14.0,358700,1428946000.0,0.11999999999999922,0.8645533141210318
2017-04-07,14.34,14.47,13.77,13.89,13.89,328300,1476303000.0,-0.4499999999999993,-3.1380753138075264
2017-04-10,13.82,14.19,13.82,13.96,13.96,278700,1422769000.0,0.14000000000000057,1.0130246020260534
2017-04-11,14.11,14.48,14.05,14.13,14.13,345600,1452624500.0,0.02000000000000135,0.14174344436570765
2017-04-12,14.13,14.31,13.77,14.03,14.03,287400,1454683500.0,-0.10000000000000142,-0.7077140835102719
2017-04-13,14.12,14.13,13.63,13.73,13.73,423700,1453654000.0,-0.3899999999999988,-2.7620396600566486
2017-04-17,13.72,13.73,13.02,13.23,13.23,410800,1412474000.0,-0.4900000000000002,-3.5714285714285725
2017-04-18,13.11,13.25,12.94,13.22,13.22,482600,1349674500.0,0.11000000000000121,0.8390541571319696
2017-04-19,13.05,13.11,12.21,12.9,12.9,761600,1343497500.0,-0.15000000000000036,-1.1494252873563244
2017-04-20,12.78,12.78,12.42,12.49,12.49,591200,1315701000.0,-0.28999999999999915,-2.2691705790297276
2017-04-21,12.52,12.67,12.28,12.58,12.58,474900,1288934000.0,0.0600000000000005,0.47923322683706465
2017-04-24,12.39,12.41,12.16,12.23,12.23,544800,1275550500.0,-0.16000000000000014,-1.2913640032284113
2017-04-25,12.03,12.17,11.34,12.17,12.17,927800,1238488500.0,0.14000000000000057,1.163757273482964
2017-04-26,11.79,12.3,11.47,12.3,12.3,862800,1213780500.0,0.5100000000000016,4.325699745547087
2017-04-27,12.08,12.08,11.59,11.92,11.92,663900,1243636000.0,-0.16000000000000014,-1.3245033112582794
2017-04-28,11.92,12.4,11.8,12.22,12.22,787100,1227164000.0,0.3000000000000007,2.516778523489939
2017-05-01,12.1,12.14,11.56,11.62,11.62,493900,1245695000.0,-0.4800000000000004,-3.9669421487603342
2017-05-02,11.6,11.83,11.52,11.73,11.73,656800,1194220000.0,0.13000000000000078,1.1206896551724206
2017-05-03,11.73,11.93,11.54,11.66,11.66,633900,1207603500.0,-0.07000000000000028,-0.5967604433077602
2017-05-04,11.42,11.5,11.11,11.11,11.11,657000,1175689000.0,-0.3100000000000005,-2.7145359019264492
2017-05-05,11.22,11.5,11.09,11.31,11.31,448600,1155099000.0,0.08999999999999986,0.8021390374331537
2017-05-08,11.35,11.37,10.97,11.25,11.25,301600,1168482500.0,-0.09999999999999964,-0.8810572687224639
2017-05-09,11.2,11.22,10.93,11.0,11.0,410400,1153040000.0,-0.1999999999999993,-1.7857142857142794
2017-05-10,11.12,11.26,10.99,11.04,11.04,376400,1144804000.0,-0.08000000000000007,-0.7194244604316554
2017-05-11,11.08,11.82,11.02,11.78,11.78,624800,1140686000.0,0.6999999999999993,6.317689530685914
2017-05-12,11.87,12.05,11.78,11.95,11.95,550500,1222016500.0,0.08000000000000007,0.6739679865206409
2017-05-15,12.26,12.26,11.59,11.84,11.84,417800,1262167000.0,-0.41999999999999993,-3.4257748776508965
2017-05-16,11.9,12.25,11.79,12.24,12.24,400400,1225105000.0,0.33999999999999986,2.857142857142856
2017-05-17,12.45,12.61,12.25,12.37,12.37,487400,1281727500.0,-0.08000000000000007,-0.6425702811244987
2017-05-18,12.18,12.35,11.95,12.15,12.15,397100,1253931000.0,-0.02999999999999936,-0.24630541871920658
2017-05-19,12.25,12.26,11.87,12.04,12.04,572500,1261137500.0,-0.21000000000000085,-1.7142857142857213
2017-05-22,12.18,12.27,11.92,12.19,12.19,263900,1253931000.0,0.009999999999999787,0.08210180623973552
2017-05-23,12.21,12.21,11.57,11.65,11.65,576500,1257019500.0,-0.5600000000000005,-4.586404586404591
2017-05-24,11.56,11.69,11.02,11.59,11.59,822400,1190102000.0,0.02999999999999936,0.25951557093425054
2017-05-25,11.48,11.56,11.2,11.48,11.48,525100,1181866000.0,0.0,0.0
2017-05-26,11.89,12.12,11.89,11.94,11.94,477700,1224075500.0,0.049999999999998934,0.4205214465937673
2017-05-30,11.95,12.08,11.82,11.84,11.84,273200,1230252500.0,-0.10999999999999943,-0.9205020920502046
2017-05-31,11.89,12.14,11.65,12.01,12.01,388900,1224075500.0,0.11999999999999922,1.0092514718250565
2017-06-01,11.93,12.23,11.69,12.19,12.19,551600,1228193500.0,0.2599999999999998,2.179379715004189
2017-06-02,12.34,12.44,12.1,12.26,12.26,280700,1270403000.0,-0.08000000000000007,-0.6482982171799033
2017-06-05,12.32,12.33,12.02,12.16,12.16,478700,1268344000.0,-0.16000000000000014,-1.2987012987012998
2017-06-06,12.45,12.99,12.39,12.93,12.93,897900,1281727500.0,0.4800000000000004,3.855421686746992
2017-06-07,12.71,13.05,12.57,12.78,12.78,527300,1308494500.0,0.06999999999999851,0.5507474429582887
2017-06-08,12.63,12.83,12.21,12.7,12.7,581900,1300258500.0,0.06999999999999851,0.5542359461599248
2017-06-09,12.41,12.55,12.16,12.22,12.22,380700,1277609500.0,-0.1899999999999995,-1.5310233682514063
2017-06-12,12.1,12.64,11.97,12.5,12.5,725700,1245695000.0,0.40000000000000036,3.305785123966945
2017-06-13,12.41,12.92,12.36,12.62,12.62,696100,1277609500.0,0.20999999999999908,1.6921837228041827
2017-06-14,12.91,12.94,11.8,11.95,11.95,1603300,1329084500.0,-0.9600000000000009,-7.43609604957398
2017-06-15,11.76,12.17,11.75,12.02,12.02,754700,1210692000.0,0.2599999999999998,2.210884353741495
2017-06-16,12.08,12.32,12.05,12.07,12.07,4066600,1243636000.0,-0.009999999999999787,-0.08278145695364061
2017-06-19,12.07,12.69,12.05,12.31,12.31,563600,1242606500.0,0.2400000000000002,1.988400994200499
2017-06-20,12.28,12.46,12.25,12.36,12.36,260600,1264226000.0,0.08000000000000007,0.6514657980456032
2017-06-21,12.3,12.66,12.3,12.62,12.62,319500,1266285000.0,0.3199999999999985,2.6016260162601506
2017-06-22,12.72,12.83,12.55,12.7,12.7,413100,1309524000.0,-0.02000000000000135,-0.15723270440252635
2017-06-23,12.85,13.16,12.64,13.08,13.08,452700,1322907500.0,0.23000000000000043,1.7898832684824937
2017-06-26,12.86,13.3,12.82,13.19,13.19,343100,1323937000.0,0.33000000000000007,2.566096423017108
2017-06-27,13.33,13.33,13.05,13.17,13.17,375000,1372323500.0,-0.16000000000000014,-1.2003000750187558
2017-06-28,13.23,13.36,13.08,13.29,13.29,219100,1362028500.0,0.05999999999999872,0.45351473922901525
2017-06-29,13.11,13.27,12.81,13.01,13.01,247100,1349674500.0,-0.09999999999999964,-0.7627765064835976
2017-06-30,12.98,13.17,12.85,13.04,13.04,318400,1336291000.0,0.05999999999999872,0.46224961479197785
2017-07-03,12.8,12.92,12.44,12.5,12.5,89000,1317760000.0,-0.3000000000000007,-2.3437500000000053
2017-07-05,12.43,12.72,12.42,12.66,12.66,381500,1279668500.0,0.23000000000000043,1.8503620273531813
2017-07-06,12.7,12.8,12.53,12.53,12.53,390400,1307465000.0,-0.16999999999999993,-1.3385826771653537
2017-07-07,12.45,12.63,12.34,12.37,12.37,278200,1281727500.0,-0.08000000000000007,-0.6425702811244987
2017-07-10,12.28,12.9,12.28,12.9,12.9,614900,1264226000.0,0.620000000000001,5.048859934853429
2017-07-11,12.9,12.9,12.58,12.81,12.81,447700,1328055000.0,-0.08999999999999986,-0.6976744186046501
2017-07-12,12.96,12.96,12.57,12.62,12.62,602600,1334232000.0,-0.34000000000000163,-2.6234567901234693
2017-07-13,12.64,12.71,12.47,12.61,12.61,215900,1301288000.0,-0.030000000000001137,-0.23734177215190772
2017-07-14,12.9,13.26,12.78,13.17,13.17,288800,1328055000.0,0.2699999999999996,2.09302325581395
2017-07-17,13.37,13.47,13.14,13.24,13.24,382500,1376441500.0,-0.129999999999999,-0.9723261032161482
2017-07-18,13.43,13.48,13.24,13.34,13.34,246400,1382618500.0,-0.08999999999999986,-0.6701414743112424
2017-07-19,13.32,13.48,13.29,13.43,13.43,169600,1371294000.0,0.10999999999999943,0.8258258258258216
2017-07-20,13.29,13.63,13.29,13.52,13.52,148500,1368205500.0,0.23000000000000043,1.7306245297215985
2017-07-21,13.61,13.61,13.42,13.47,13.47,122500,1401149500.0,-0.1399999999999988,-1.0286554004408435
2017-07-24,13.5,13.51,13.15,13.15,13.15,227500,1389825000.0,-0.34999999999999964,-2.59259259259259
2017-07-25,13.31,13.45,13.09,13.19,13.19,240200,1370264500.0,-0.120000000000001,-0.9015777610819007
2017-07-26,13.05,13.78,13.04,13.78,13.78,412700,1343497500.0,0.7299999999999986,5.593869731800756
2017-07-27,13.76,13.76,13.14,13.14,13.14,387400,1416592000.0,-0.6199999999999992,-4.505813953488366
2017-07-28,13.41,13.58,13.31,13.52,13.52,180600,1380559500.0,0.10999999999999943,0.8202833706189369
2017-07-31,13.52,13.82,13.49,13.78,13.78,271300,1391884000.0,0.2599999999999998,1.9230769230769214
2017-08-01,13.7,13.84,13.07,13.17,13.17,507400,1410415000.0,-0.5299999999999994,-3.868613138686127
2017-08-02,13.04,13.26,12.78,12.78,12.78,349600,1342468000.0,-0.2599999999999998,-1.993865030674845
2017-08-03,12.81,12.89,12.62,12.73,12.73,250600,1318789500.0,-0.08000000000000007,-0.6245120999219365
2017-08-04,12.48,12.72,12.24,12.24,12.24,547300,1284816000.0,-0.2400000000000002,-1.9230769230769247
2017-08-07,12.42,12.57,12.14,12.19,12.19,180200,1278639000.0,-0.23000000000000043,-1.8518518518518552
2017-08-08,12.19,12.68,12.19,12.51,12.51,411700,1254960500.0,0.3200000000000003,2.625102543068091
2017-08-09,12.76,12.97,12.61,12.81,12.81,261500,1313642000.0,0.05000000000000071,0.39184952978056986
2017-08-10,13.13,13.13,12.78,12.85,12.85,252500,1351733500.0,-0.28000000000000114,-2.132520944402141
2017-08-11,12.92,12.99,12.73,12.81,12.81,346000,1330114000.0,-0.10999999999999943,-0.8513931888544848
2017-08-14,12.56,12.97,12.56,12.88,12.88,166000,1293052000.0,0.3200000000000003,2.5477707006369448
2017-08-15,12.66,12.88,12.6,12.6,12.6,289600,1303347000.0,-0.0600000000000005,-0.4739336492891035
2017-08-16,12.56,13.05,12.52,12.97,12.97,327300,1293052000.0,0.41000000000000014,3.2643312101910835
2017-08-17,13.04,13.14,12.86,13.01,13.01,322300,1342468000.0,-0.02999999999999936,-0.23006134969324665
2017-08-18,13.29,13.29,12.72,12.77,12.77,221000,1368205500.0,-0.5199999999999996,-3.9127163280662125
2017-08-21,12.86,12.98,12.74,12.82,12.82,172500,1323937000.0,-0.03999999999999915,-0.31104199066873367
2017-08-22,12.76,12.77,12.32,12.33,12.33,211500,1313642000.0,-0.4299999999999997,-3.369905956112851
2017-08-23,12.44,12.44,11.99,12.17,12.17,292100,1280698000.0,-0.2699999999999996,-2.170418006430865
2017-08-24,12.15,12.57,12.08,12.37,12.37,213100,1250842500.0,0.21999999999999886,1.8106995884773567
2017-08-25,12.4,12.45,12.17,12.22,12.22,196800,1276580000.0,-0.17999999999999972,-1.451612903225804
2017-08-28,12.28,12.84,12.23,12.84,12.84,271500,1264226000.0,0.5600000000000005,4.560260586319222
2017-08-29,13.08,13.08,12.59,12.69,12.69,227000,1346586000.0,-0.39000000000000057,-2.981651376146793
2017-08-30,12.65,12.69,12.28,12.37,12.37,158700,1302317500.0,-0.28000000000000114,-2.2134387351778746
2017-08-31,12.35,12.57,12.35,12.56,12.56,265400,1271432500.0,0.21000000000000085,1.700404858299602
2017-09-01,12.6,12.77,12.6,12.71,12.71,187600,1297170000.0,0.11000000000000121,0.8730158730158826
2017-09-05,12.8,13.05,12.78,13.05,13.05,236500,1317760000.0,0.25,1.953125
2017-09-06,12.98,13.09,12.37,12.67,12.67,274500,1336291000.0,-0.3100000000000005,-2.3882896764252735
2017-09-07,12.79,12.93,12.74,12.82,12.82,241200,1316730500.0,0.030000000000001137,0.23455824863175245
2017-09-08,12.76,12.79,12.48,12.7,12.7,242100,1313642000.0,-0.0600000000000005,-0.47021943573668107
2017-09-11,12.43,12.73,12.35,12.37,12.37,336100,1279668500.0,-0.0600000000000005,-0.48270313757039823
2017-09-12,12.3,12.66,12.3,12.61,12.61,205100,1266285000.0,0.3099999999999987,2.520325203252022
2017-09-13,12.6,12.6,12.43,12.47,12.47,349200,1297170000.0,-0.129999999999999,-1.0317460317460239
2017-09-14,12.45,12.5,12.23,12.38,12.38,200100,1281727500.0,-0.06999999999999851,-0.5622489959839239
2017-09-15,12.37,12.4,12.13,12.17,12.17,356200,1273491500.0,-0.1999999999999993,-1.6168148746968414
2017-09-18,12.01,12.01,11.77,11.77,11.77,350700,1236429500.0,-0.2400000000000002,-1.9983347210657803
2017-09-19,11.77,12.04,11.75,11.96,11.96,210200,1211721500.0,0.19000000000000128,1.6142735768904102
2017-09-20,11.97,12.23,11.77,11.88,11.88,393000,1232311500.0,-0.08999999999999986,-0.751879699248119
2017-09-21,11.73,11.96,11.52,11.66,11.66,316900,1207603500.0,-0.07000000000000028,-0.5967604433077602
2017-09-22,11.68,12.04,11.68,11.96,11.96,205300,1202456000.0,0.28000000000000114,2.3972602739726128
2017-09-25,11.93,12.29,11.93,12.22,12.22,291700,1228193500.0,0.2900000000000009,2.43084660519699
2017-09-26,12.04,12.24,11.83,11.83,11.83,203100,1239518000.0,-0.20999999999999908,-1.7441860465116203
2017-09-27,11.76,11.83,11.36,11.37,11.37,267200,1210692000.0,-0.39000000000000057,-3.31632653061225
2017-09-28,11.39,11.55,11.34,11.42,11.42,167400,1172600500.0,0.02999999999999936,0.26338893766461247
2017-09-29,11.39,11.4,11.19,11.23,11.23,267800,1172600500.0,-0.16000000000000014,-1.4047410008779644
2017-10-02,11.15,11.23,10.99,11.12,11.12,403000,1147892500.0,-0.030000000000001137,-0.2690582959641358
2017-10-03,11.2,11.26,11.07,11.11,11.11,246200,1153040000.0,-0.08999999999999986,-0.8035714285714273
2017-10-04,11.17,11.58,11.02,11.53,11.53,339300,1149951500.0,0.35999999999999943,3.2229185317815525
2017-10-05,11.52,11.7,11.49,11.62,11.62,213500,1185984000.0,0.09999999999999964,0.8680555555555525
2017-10-06,11.54,12.03,11.46,12.0,12.0,309700,1188043000.0,0.46000000000000085,3.9861351819757447
2017-10-09,12.15,12.17,11.94,12.14,12.14,76300,1250842500.0,-0.009999999999999787,-0.08230452674896943
2017-10-10,12.14,12.18,11.62,11.76,11.76,265300,1249813000.0,-0.3800000000000008,-3.130148270181225
2017-10-11,11.77,11.85,11.38,11.71,11.71,279600,1211721500.0,-0.05999999999999872,-0.5097706032285363
2017-10-12,11.6,11.74,11.41,11.64,11.64,205600,1194220000.0,0.040000000000000924,0.3448275862069045
2017-10-13,11.68,11.73,11.51,11.68,11.68,218500,1202456000.0,0.0,0.0
2017-10-16,11.71,11.71,11.21,11.25,11.25,287700,1205544500.0,-0.46000000000000085,-3.9282664389410833
2017-10-17,11.13,11.35,11.13,11.23,11.23,310500,1145833500.0,0.09999999999999964,0.8984725965858009
2017-10-18,11.2,11.29,11.02,11.02,11.02,158000,1153040000.0,-0.17999999999999972,-1.6071428571428545
2017-10-19,11.09,11.12,10.91,10.96,10.96,171000,1141715500.0,-0.129999999999999,-1.1722272317402975
2017-10-20,10.85,11.26,10.64,11.21,11.21,218600,1117007500.0,0.3600000000000012,3.317972350230426
2017-10-23,11.07,11.26,11.03,11.16,11.16,192800,1139656500.0,0.08999999999999986,0.8130081300812995
2017-10-24,11.05,11.21,10.92,10.93,10.93,261900,1137597500.0,-0.120000000000001,-1.085972850678742
2017-10-25,10.88,11.08,10.86,10.88,10.88,426100,1120096000.0,0.0,0.0
2017-10-26,10.88,11.02,10.6,10.6,10.6,258200,1120096000.0,-0.28000000000000114,-2.5735294117647163
2017-10-27,10.5,10.87,10.5,10.73,10.73,305200,1080975000.0,0.23000000000000043,2.1904761904761942
2017-10-30,10.5,10.97,10.5,10.82,10.82,170900,1080975000.0,0.3200000000000003,3.0476190476190506
2017-10-31,10.75,10.79,10.54,10.62,10.62,254000,1106712500.0,-0.13000000000000078,-1.2093023255814026
2017-11-01,10.78,11.07,10.74,11.07,11.07,608800,1109801000.0,0.2900000000000009,2.6901669758812705
2017-11-02,11.0,11.17,10.88,10.88,10.88,280900,1132450000.0,-0.11999999999999922,-1.090909090909084
2017-11-03,10.84,11.06,10.69,10.76,10.76,253300,1115978000.0,-0.08000000000000007,-0.7380073800738014
2017-11-06,10.75,11.06,10.75,10.98,10.98,338700,1106712500.0,0.23000000000000043,2.139534883720934
2017-11-07,10.94,10.94,10.7,10.84,10.84,134200,1126273000.0,-0.09999999999999964,-0.9140767824497225
2017-11-08,12.0,12.5,11.15,11.64,11.64,621100,1235400000.0,-0.35999999999999943,-2.9999999999999956
2017-11-09,11.58,11.66,11.32,11.43,11.43,473800,1192161000.0,-0.15000000000000036,-1.2953367875647699
2017-11-10,11.43,11.45,10.9,10.9,10.9,425100,1176718500.0,-0.5299999999999994,-4.636920384951876
2017-11-13,10.97,11.05,10.61,10.78,10.78,279800,1129361500.0,-0.19000000000000128,-1.7319963536918985
2017-11-14,10.67,10.88,10.36,10.47,10.47,467600,1098476500.0,-0.1999999999999993,-1.8744142455482595
2017-11-15,10.42,10.78,10.05,10.71,10.71,431400,1072739000.0,0.2900000000000009,2.783109404990412
2017-11-16,10.76,10.84,10.65,10.76,10.76,246100,1107742000.0,0.0,0.0
2017-11-17,10.94,11.2,10.75,11.05,11.05,344900,1126273000.0,0.11000000000000121,1.0054844606947093
2017-11-20,11.1,11.2,10.91,10.98,10.98,358900,1142745000.0,-0.11999999999999922,-1.081081081081074
2017-11-21,10.71,11.01,10.51,10.75,10.75,253300,1102594500.0,0.03999999999999915,0.3734827264238949
2017-11-22,10.82,10.85,10.47,10.85,10.85,436900,1113919000.0,0.02999999999999936,0.2772643253234691
2017-11-24,10.89,11.2,10.79,11.15,11.15,329300,1121125500.0,0.2599999999999998,2.387511478420567
2017-11-27,11.25,11.25,10.93,11.15,11.15,262800,1158187500.0,-0.09999999999999964,-0.8888888888888857
2017-11-28,11.13,11.18,10.91,11.01,11.01,212600,1145833500.0,-0.120000000000001,-1.0781671159029738
2017-11-29,10.9,10.92,10.59,10.66,10.66,233400,1122155000.0,-0.2400000000000002,-2.201834862385323
2017-11-30,10.55,10.7,10.45,10.56,10.56,242500,1086122500.0,0.009999999999999787,0.09478672985781789
2017-12-01,10.6,10.76,10.55,10.65,10.65,200400,1091270000.0,0.05000000000000071,0.4716981132075539
2017-12-04,10.63,10.99,10.6,10.93,10.93,169800,1094358500.0,0.29999999999999893,2.822201317027271
2017-12-05,10.79,10.9,10.64,10.77,10.77,231500,1110830500.0,-0.019999999999999574,-0.185356811862832
2017-12-06,10.74,10.99,10.7,10.81,10.81,331300,1105683000.0,0.07000000000000028,0.6517690875232801
2017-12-07,10.62,10.82,10.61,10.68,10.68,189700,1093329000.0,0.0600000000000005,0.564971751412434
2017-12-08,10.62,11.0,10.62,10.81,10.81,250100,1093329000.0,0.19000000000000128,1.7890772128060384
2017-12-11,10.86,11.47,10.86,11.35,11.35,520200,1118037000.0,0.4900000000000002,4.511970534069984
2017-12-12,11.3,11.43,11.18,11.33,11.33,306400,1163335000.0,0.02999999999999936,0.2654867256637111
2017-12-13,11.41,12.15,11.4,12.08,12.08,417000,1174659500.0,0.6699999999999999,5.872042068361086
2017-12-14,12.23,12.24,11.89,12.07,12.07,307500,1259078500.0,-0.16000000000000014,-1.3082583810302546
2017-12-15,12.21,12.23,11.63,11.77,11.77,855700,1257019500.0,-0.4400000000000013,-3.603603603603614
2017-12-18,11.93,11.96,11.76,11.86,11.86,169900,1228193500.0,-0.07000000000000028,-0.5867560771165155
2017-12-19,11.9,12.14,11.74,12.11,12.11,255900,1225105000.0,0.20999999999999908,1.7647058823529336
2017-12-20,12.2,12.44,12.12,12.35,12.35,263400,1255990000.0,0.15000000000000036,1.2295081967213144
2017-12-21,12.41,12.44,12.12,12.29,12.29,207600,1277609500.0,-0.120000000000001,-0.9669621273166882
2017-12-22,12.23,12.4,12.12,12.33,12.33,209300,1259078500.0,0.09999999999999964,0.8176614881439054
2017-12-26,12.42,12.7,12.35,12.66,12.66,135900,1278639000.0,0.2400000000000002,1.9323671497584558
2017-12-27,12.72,12.72,12.29,12.35,12.35,229300,1309524000.0,-0.370000000000001,-2.9088050314465486
2017-12-28,12.39,12.39,12.15,12.31,12.31,235100,1275550500.0,-0.08000000000000007,-0.6456820016142056
2017-12-29,12.43,12.45,12.14,12.36,12.36,183100,1279668500.0,-0.07000000000000028,-0.5631536604987954
2018-01-02,12.63,12.78,12.4,12.78,12.78,291200,1300258500.0,0.14999999999999858,1.1876484560569958
2018-01-03,12.78,12.78,12.34,12.56,12.56,295500,1315701000.0,-0.21999999999999886,-1.7214397496087548
2018-01-04,12.47,12.64,12.41,12.61,12.61,266100,1283786500.0,0.1399999999999988,1.1226944667201186
2018-01-05,12.55,12.7,12.41,12.45,12.45,120500,1292022500.0,-0.10000000000000142,-0.7968127490039953
2018-01-08,12.34,12.72,12.34,12.46,12.46,247600,1270403000.0,0.120000000000001,0.9724473257698621
2018-01-09,12.24,12.45,12.09,12.25,12.25,182700,1260108000.0,0.009999999999999787,0.08169934640522701
2018-01-10,12.32,12.42,12.01,12.39,12.39,215300,1268344000.0,0.07000000000000028,0.5681818181818205
2018-01-11,12.61,12.61,11.69,12.08,12.08,255000,1298199500.0,-0.5299999999999994,-4.203013481363992
2018-01-12,12.21,12.29,12.04,12.21,12.21,502500,1257019500.0,0.0,0.0
2018-01-16,12.37,12.37,12.08,12.32,12.32,218200,1273491500.0,-0.049999999999998934,-0.40420371867420324
2018-01-17,12.16,12.34,12.07,12.15,12.15,218500,1251872000.0,-0.009999999999999787,-0.0822368421052614
2018-01-18,12.24,12.24,11.52,11.55,11.55,347800,1260108000.0,-0.6899999999999995,-5.63725490196078
2018-01-19,11.61,11.82,11.51,11.63,11.63,301700,1195249500.0,0.02000000000000135,0.17226528854436995
2018-01-22,11.66,11.73,11.4,11.45,11.45,186900,1200397000.0,-0.21000000000000085,-1.801029159519733
2018-01-23,11.4,11.66,11.29,11.63,11.63,188600,1173630000.0,0.23000000000000043,2.017543859649127
2018-01-24,11.99,12.21,11.74,12.17,12.17,461000,1234370500.0,0.17999999999999972,1.501251042535444
2018-01-25,12.31,12.31,11.61,11.61,11.61,420700,1267314500.0,-0.7000000000000011,-5.686433793663697
2018-01-26,11.61,11.77,11.11,11.42,11.42,175600,1195249500.0,-0.1899999999999995,-1.6365202411714
2018-01-29,11.29,11.45,10.85,10.85,10.85,547700,1162305500.0,-0.4399999999999995,-3.8972542072630607
2018-01-30,10.9,11.09,10.63,10.68,10.68,401100,1122155000.0,-0.22000000000000064,-2.0183486238532167
2018-01-31,10.79,10.86,10.46,10.72,10.72,294700,1110830500.0,-0.06999999999999851,-0.6487488415199121
2018-02-01,10.53,10.81,10.52,10.62,10.62,425700,1084063500.0,0.08999999999999986,0.8547008547008534
2018-02-02,10.49,10.53,10.17,10.18,10.18,325600,1079945500.0,-0.3100000000000005,-2.9551954242135414
2018-02-05,10.15,10.68,10.15,10.57,10.57,476500,1044942500.0,0.41999999999999993,4.137931034482758
2018-02-06,10.51,10.7,10.21,10.21,10.21,424200,1082004500.0,-0.29999999999999893,-2.8544243577545094
2018-02-07,10.11,10.36,10.0,10.07,10.07,322100,1040824500.0,-0.03999999999999915,-0.3956478733926721
2018-02-08,10.09,10.17,9.85,9.85,9.85,298500,1038765500.0,-0.2400000000000002,-2.3785926660059484
2018-02-09,9.81,9.9,9.29,9.49,9.49,476800,1009939500.0,-0.3200000000000003,-3.2619775739041823
2018-02-12,9.43,10.2,9.43,9.99,9.99,448200,970818500.0,0.5600000000000005,5.938494167550377
2018-02-13,10.02,10.32,9.95,10.17,10.17,192700,1031559000.0,0.15000000000000036,1.4970059880239557
2018-02-14,10.25,10.88,10.15,10.74,10.74,344200,1055237500.0,0.4900000000000002,4.780487804878051
2018-02-15,10.74,10.92,10.6,10.91,10.91,331500,1105683000.0,0.16999999999999993,1.5828677839851018
2018-02-16,10.84,10.93,10.55,10.71,10.71,301900,1115978000.0,-0.129999999999999,-1.199261992619917
2018-02-20,10.45,10.73,10.35,10.59,10.59,342400,1075827500.0,0.14000000000000057,1.3397129186602927
2018-02-21,10.68,10.91,10.31,10.34,10.34,390100,1099506000.0,-0.33999999999999986,-3.1835205992509352
2018-02-22,10.35,10.47,10.22,10.3,10.3,171800,1065532500.0,-0.049999999999998934,-0.4830917874396033
2018-02-23,10.25,10.49,10.24,10.36,10.36,165300,1055237500.0,0.10999999999999943,1.0731707317073116
2018-02-26,10.5,10.51,10.27,10.38,10.38,124200,1080975000.0,-0.11999999999999922,-1.1428571428571355
2018-02-27,10.27,10.35,10.11,10.34,10.34,189400,1057296500.0,0.07000000000000028,0.6815968841285325
2018-02-28,10.36,10.7,10.33,10.47,10.47,310600,1066562000.0,0.11000000000000121,1.0617760617760736
2018-03-01,10.4,10.51,10.15,10.38,10.38,411300,1070680000.0,-0.019999999999999574,-0.1923076923076882
2018-03-02,10.42,10.51,10.08,10.11,10.11,223200,1072739000.0,-0.3100000000000005,-2.9750479846449185
2018-03-05,10.22,10.22,9.94,10.03,10.03,228000,1052149000.0000001,-0.19000000000000128,-1.8590998043052962
2018-03-06,10.24,10.48,10.17,10.4,10.4,230300,1054208000.0,0.16000000000000014,1.5625000000000013
2018-03-07,10.3,10.4,10.03,10.09,10.09,143000,1060385000.0000001,-0.21000000000000085,-2.0388349514563187
2018-03-08,10.08,10.12,9.98,10.01,10.01,178400,1037736000.0,-0.07000000000000028,-0.6944444444444473
2018-03-09,9.9,10.1,9.85,9.94,9.94,257900,1019205000.0,0.03999999999999915,0.40404040404039543
2018-03-12,9.94,10.72,9.94,10.6,10.6,298600,1023323000.0,0.6600000000000001,6.639839034205234
2018-03-13,10.63,10.84,10.58,10.84,10.84,191000,1094358500.0,0.20999999999999908,1.9755409219190883
2018-03-14,10.89,10.94,10.71,10.81,10.81,196200,1121125500.0,-0.08000000000000007,-0.7346189164370989
2018-03-15,10.81,10.81,10.58,10.64,10.64,179200,1112889500.0,-0.16999999999999993,-1.5726179463459753
2018-03-16,10.57,10.63,10.3,10.4,10.4,518400,1088181500.0,-0.16999999999999993,-1.6083254493850514
2018-03-19,10.31,10.58,10.23,10.46,10.46,208300,1061414500.0,0.15000000000000036,1.4548981571290043
2018-03-20,10.42,10.43,10.09,10.16,10.16,168500,1072739000.0,-0.2599999999999998,-2.4952015355086354
2018-03-21,10.25,10.64,10.17,10.59,10.59,211800,1055237500.0,0.33999999999999986,3.3170731707317063
2018-03-22,10.56,10.7,10.48,10.55,10.55,199800,1087152000.0,-0.009999999999999787,-0.09469696969696767
2018-03-23,10.82,10.85,10.62,10.79,10.79,504400,1113919000.0,-0.030000000000001137,-0.27726432532348555
2018-03-26,10.92,10.92,10.6,10.67,10.67,183800,1124214000.0,-0.25,-2.2893772893772892
2018-03-27,10.44,10.56,10.29,10.42,10.42,345500,1074798000.0,-0.019999999999999574,-0.19157088122604957
2018-03-28,10.3,10.3,9.96,9.99,9.99,470700,1060385000.0000001,-0.3100000000000005,-3.009708737864082
2018-03-29,9.96,10.01,9.73,9.75,9.75,328800,1025382000.0000001,-0.21000000000000085,-2.1084337349397675
2018-04-02,9.79,10.45,9.79,10.31,10.31,255600,1007880499.9999999,0.5200000000000014,5.31154239019409
2018-04-03,10.29,10.34,10.07,10.28,10.28,221800,1059355499.9999999,-0.009999999999999787,-0.097181729834789
2018-04-04,10.39,10.39,10.16,10.28,10.28,160000,1069650500.0,-0.11000000000000121,-1.058710298363823
2018-04-05,10.24,10.6,10.21,10.51,10.51,197500,1054208000.0,0.2699999999999996,2.636718749999996
2018-04-06,10.62,10.62,10.45,10.59,10.59,186700,1093329000.0,-0.02999999999999936,-0.2824858757062087
2018-04-09,10.54,10.83,10.4,10.77,10.77,190300,1085093000.0,0.23000000000000043,2.182163187855792
2018-04-10,10.84,11.0,10.69,10.98,10.98,219200,1115978000.0,0.14000000000000057,1.2915129151291564
2018-04-11,11.07,11.26,10.85,10.94,10.94,373400,1139656500.0,-0.13000000000000078,-1.1743450767841082
2018-04-12,10.77,10.85,10.64,10.7,10.7,188700,1108771500.0,-0.07000000000000028,-0.6499535747446638
2018-04-13,10.84,10.99,10.65,10.98,10.98,144600,1115978000.0,0.14000000000000057,1.2915129151291564
2018-04-16,11.03,11.1,10.85,11.04,11.04,152900,1135538500.0,0.009999999999999787,0.09066183136899172
2018-04-17,10.93,11.16,10.93,11.11,11.11,175400,1125243500.0,0.17999999999999972,1.6468435498627605
2018-04-18,11.18,11.64,11.18,11.55,11.55,440300,1150981000.0,0.370000000000001,3.3094812164579697
2018-04-19,11.55,11.63,11.4,11.62,11.62,193900,1189072500.0,0.06999999999999851,0.6060606060605931
2018-04-20,11.46,11.92,11.42,11.62,11.62,193700,1179807000.0,0.15999999999999837,1.396160558464209
2018-04-23,11.56,11.56,11.26,11.26,11.26,151700,1190102000.0,-0.3000000000000007,-2.5951557093425666
2018-04-24,11.41,11.43,11.24,11.37,11.37,123100,1174659500.0,-0.040000000000000924,-0.350569675723058
2018-04-25,11.3,11.41,11.1,11.11,11.11,157400,1163335000.0,-0.19000000000000128,-1.6814159292035509
2018-04-26,11.09,11.29,11.08,11.2,11.2,115500,1141715500.0,0.10999999999999943,0.9918845807033313
2018-04-27,11.28,11.3,11.15,11.21,11.21,80300,1161276000.0,-0.06999999999999851,-0.6205673758865117
2018-04-30,11.0,11.33,10.7,11.13,11.13,225100,1132450000.0,0.13000000000000078,1.181818181818189
2018-05-01,10.94,11.14,10.94,11.11,11.11,157200,1126273000.0,0.16999999999999993,1.5539305301645332
2018-05-02,11.24,11.33,11.04,11.14,11.14,239900,1157158000.0,-0.09999999999999964,-0.8896797153024879
2018-05-03,11.37,11.37,10.96,11.05,11.05,129400,1170541500.0,-0.3199999999999985,-2.814423922603329
2018-05-04,10.97,11.14,10.68,11.04,11.04,113200,1129361500.0,0.06999999999999851,0.638103919781208
2018-05-07,11.04,11.13,10.98,11.06,11.06,184000,1136568000.0,0.02000000000000135,0.1811594202898673
2018-05-08,11.07,11.14,10.84,11.05,11.05,156500,1139656500.0,-0.019999999999999574,-0.18066847335139632
2018-05-09,11.13,11.13,10.95,11.0,11.0,111700,1145833500.0,-0.13000000000000078,-1.1680143755615524
2018-05-10,11.1,11.27,11.0,11.03,11.03,245100,1142745000.0,-0.07000000000000028,-0.6306306306306332
2018-05-11,11.14,11.21,11.07,11.12,11.12,120500,1146863000.0,-0.02000000000000135,-0.17953321364453634
2018-05-14,11.0,11.33,11.0,11.11,11.11,154600,1132450000.0,0.10999999999999943,0.9999999999999948
2018-05-15,10.87,11.22,10.78,10.99,10.99,244600,1119066500.0,0.120000000000001,1.1039558417663387
2018-05-16,11.4,11.4,11.05,11.33,11.33,204800,1173630000.0,-0.07000000000000028,-0.6140350877193007
2018-05-17,11.39,11.47,11.28,11.43,11.43,172500,1172600500.0,0.03999999999999915,0.35118525021948327
2018-05-18,11.3,11.58,11.3,11.52,11.52,125300,1163335000.0,0.21999999999999886,1.9469026548672466
2018-05-21,11.44,11.74,11.44,11.68,11.68,104400,1177748000.0,0.2400000000000002,2.0979020979020997
2018-05-22,11.75,11.8,11.57,11.61,11.61,200100,1209662500.0,-0.14000000000000057,-1.1914893617021325
2018-05-23,11.58,11.91,11.54,11.91,11.91,185700,1192161000.0,0.33000000000000007,2.849740932642488
2018-05-24,11.87,12.0,11.83,11.88,11.88,119300,1222016500.0,0.010000000000001563,0.08424599831509322
2018-05-25,11.78,12.0,11.78,11.93,11.93,177300,1212751000.0,0.15000000000000036,1.273344651952465
2018-05-29,11.7,11.97,11.46,11.81,11.81,144100,1204515000.0,0.11000000000000121,0.9401709401709505
2018-05-30,11.83,12.0,11.76,11.93,11.93,130200,1217898500.0,0.09999999999999964,0.8453085376162269
2018-05-31,11.88,11.88,11.64,11.67,11.67,132900,1223046000.0,-0.21000000000000085,-1.7676767676767748
2018-06-01,11.59,11.67,11.52,11.58,11.58,116600,1193190500.0,-0.009999999999999787,-0.08628127696289721
2018-06-04,11.71,11.71,11.38,11.39,11.39,141800,1205544500.0,-0.3200000000000003,-2.7327070879590116
2018-06-05,11.37,11.46,11.25,11.37,11.37,145900,1170541500.0,0.0,0.0
2018-06-06,11.32,11.53,11.32,11.47,11.47,191000,1165394000.0,0.15000000000000036,1.325088339222618
2018-06-07,11.39,11.51,11.32,11.38,11.38,176300,1172600500.0,-0.009999999999999787,-0.08779631255487082
2018-06-08,11.38,11.38,11.19,11.22,11.22,129700,1171571000.0,-0.16000000000000014,-1.4059753954305811
2018-06-11,11.13,11.22,11.04,11.13,11.13,271500,1145833500.0,0.0,0.0
2018-06-12,11.02,11.15,10.97,11.03,11.03,313600,1134509000.0,0.009999999999999787,0.0907441016333919
2018-06-13,11.05,11.27,10.96,11.2,11.2,274000,1137597500.0,0.14999999999999858,1.3574660633484033
2018-06-14,11.19,11.35,11.11,11.31,11.31,284900,1152010500.0,0.120000000000001,1.0723860589812422
2018-06-15,11.11,11.35,10.98,11.25,11.25,1333800,1143774500.0,0.14000000000000057,1.2601260126012652
2018-06-18,11.14,11.27,11.1,11.22,11.22,107000,1146863000.0,0.08000000000000007,0.7181328545780976
2018-06-19,11.15,11.25,11.07,11.18,11.18,116200,1147892500.0,0.02999999999999936,0.2690582959641198
2018-06-20,11.14,11.3,11.02,11.02,11.02,114700,1146863000.0,-0.120000000000001,-1.0771992818671543
2018-06-21,11.04,11.15,10.99,11.03,11.03,136200,1136568000.0,-0.009999999999999787,-0.09057971014492561
2018-06-22,10.99,11.27,10.99,11.22,11.22,135500,1131420500.0,0.23000000000000043,2.092811646951778
2018-06-25,11.18,11.26,10.97,10.99,10.99,201800,1150981000.0,-0.1899999999999995,-1.6994633273702997
2018-06-26,10.95,11.18,10.69,11.0,11.0,197500,1127302500.0,0.05000000000000071,0.4566210045662165
2018-06-27,10.91,11.06,10.77,10.78,10.78,137800,1123184500.0,-0.13000000000000078,-1.1915673693858917
2018-06-28,10.75,10.79,10.55,10.55,10.55,90200,1106712500.0,-0.1999999999999993,-1.860465116279063
2018-06-29,10.54,10.86,10.54,10.81,10.81,267100,1085093000.0,0.27000000000000135,2.5616698292220246
2018-07-02,10.8,10.83,10.56,10.74,10.74,115800,1111860000.0,-0.0600000000000005,-0.5555555555555601
2018-07-03,10.84,10.98,10.78,10.89,10.89,136300,1115978000.0,0.05000000000000071,0.46125461254613204
2018-07-05,10.92,10.96,10.73,10.82,10.82,139800,1124214000.0,-0.09999999999999964,-0.9157509157509125
2018-07-06,10.86,11.03,10.76,11.01,11.01,259500,1118037000.0,0.15000000000000036,1.381215469613263
2018-07-09,11.06,11.19,10.74,10.78,10.78,242800,1138627000.0,-0.28000000000000114,-2.531645569620263
2018-07-10,10.67,10.78,10.54,10.56,10.56,183800,1098476500.0,-0.10999999999999943,-1.030927835051541
2018-07-11,10.56,10.56,10.06,10.09,10.09,344900,1087152000.0,-0.47000000000000064,-4.4507575757575815
2018-07-12,10.12,10.15,9.94,9.96,9.96,183700,1041853999.9999999,-0.15999999999999837,-1.5810276679841737
2018-07-13,9.84,10.0,9.81,9.81,9.81,121000,1013028000.0,-0.02999999999999936,-0.3048780487804813
2018-07-16,9.45,9.9,9.45,9.67,9.67,331700,972877499.9999999,0.22000000000000064,2.328042328042335
2018-07-17,9.58,9.74,9.53,9.61,9.61,288300,986261000.0,0.02999999999999936,0.3131524008350664
2018-07-18,9.6,9.75,9.49,9.49,9.49,197200,988320000.0,-0.10999999999999943,-1.1458333333333275
2018-07-19,9.39,9.56,9.3,9.36,9.36,220900,966700500.0,-0.030000000000001137,-0.3194888178913859
2018-07-20,9.37,9.61,9.37,9.51,9.51,184400,964641499.9999999,0.14000000000000057,1.4941302027748193
2018-07-23,9.51,9.52,9.34,9.46,9.46,213000,979054500.0,-0.049999999999998934,-0.5257623554153411
2018-07-24,9.46,9.6,9.46,9.55,9.55,238100,973907000.0000001,0.08999999999999986,0.9513742071881591
2018-07-25,9.55,9.78,9.55,9.69,9.69,151800,983172500.0000001,0.1399999999999988,1.4659685863874217
2018-07-26,9.69,9.73,9.48,9.48,9.48,356500,997585500.0,-0.20999999999999908,-2.1671826625386905
2018-07-27,9.42,9.6,9.42,9.51,9.51,185400,969789000.0,0.08999999999999986,0.9554140127388521
2018-07-30,9.51,9.59,9.34,9.34,9.34,189500,979054500.0,-0.16999999999999993,-1.787592008412197
2018-07-31,9.39,9.39,9.23,9.33,9.33,219500,966700500.0,-0.0600000000000005,-0.6389776357827529
2018-08-01,9.24,9.38,9.16,9.16,9.16,252300,951258000.0,-0.08000000000000007,-0.8658008658008665
2018-08-02,9.15,9.34,9.14,9.27,9.27,117800,941992500.0,0.11999999999999922,1.3114754098360568
2018-08-03,9.35,9.5,9.29,9.4,9.4,188300,962582500.0,0.05000000000000071,0.5347593582887776
2018-08-06,9.41,9.41,9.15,9.17,9.17,222500,968759500.0,-0.2400000000000002,-2.550478214665252
2018-08-07,9.3,9.3,8.91,8.95,8.95,280200,957435000.0000001,-0.3500000000000014,-3.7634408602150686
2018-08-08,8.9,9.03,8.81,8.92,8.92,221800,916255000.0,0.019999999999999574,0.22471910112359073
2018-08-09,8.99,9.09,8.88,8.95,8.95,196400,925520500.0,-0.040000000000000924,-0.4449388209121348
2018-08-10,8.9,9.26,8.9,9.07,9.07,224400,916255000.0,0.16999999999999993,1.9101123595505607
2018-08-13,9.05,9.36,8.47,8.57,8.57,410900,931697500.0000001,-0.4800000000000004,-5.303867403314921
2018-08-14,8.68,8.78,8.53,8.64,8.64,184100,893606000.0,-0.03999999999999915,-0.4608294930875478
2018-08-15,8.38,8.45,7.83,7.87,7.87,530700,862721000.0000001,-0.5100000000000007,-6.085918854415282
2018-08-16,7.9,8.13,7.8,7.83,7.83,278200,813305000.0,-0.07000000000000028,-0.8860759493670921
2018-08-17,7.88,8.29,7.82,8.18,8.18,218300,811246000.0,0.2999999999999998,3.807106598984769
2018-08-20,8.27,8.35,8.01,8.12,8.12,203400,851396500.0,-0.15000000000000036,-1.813784764207985
2018-08-21,8.17,8.2,8.04,8.07,8.07,194800,841101500.0,-0.09999999999999964,-1.2239902080783311
2018-08-22,8.11,8.16,7.87,7.89,7.89,207600,834924500.0,-0.21999999999999975,-2.712700369913684
2018-08-23,7.86,7.86,7.37,7.38,7.38,344100,809187000.0,-0.4800000000000004,-6.106870229007639
2018-08-24,7.44,8.03,7.44,7.93,7.93,235400,765948000.0,0.4899999999999993,6.586021505376334
2018-08-27,8.02,8.11,7.94,8.03,8.03,170700,825659000.0,0.009999999999999787,0.12468827930174299
2018-08-28,8.14,8.14,7.81,7.85,7.85,152600,838013000.0,-0.2900000000000009,-3.562653562653574
2018-08-29,7.92,7.95,7.8,7.85,7.85,116400,815364000.0,-0.07000000000000028,-0.8838383838383874
2018-08-30,7.81,7.83,7.6,7.64,7.64,150700,804039500.0,-0.16999999999999993,-2.1766965428937253
2018-08-31,7.69,7.75,7.58,7.65,7.65,97600,791685500.0,-0.040000000000000036,-0.5201560468140447
2018-09-04,7.43,7.65,7.43,7.55,7.55,246500,764918500.0,0.1200000000000001,1.6150740242261117
2018-09-05,7.6,7.65,7.43,7.43,7.43,180400,782420000.0,-0.16999999999999993,-2.236842105263157
2018-09-06,7.55,7.68,7.42,7.42,7.42,163000,777272500.0,-0.1299999999999999,-1.7218543046357602
2018-09-07,7.41,7.55,7.31,7.43,7.43,192300,762859500.0,0.019999999999999574,0.269905533063422
2018-09-10,7.5,7.53,7.24,7.24,7.24,258200,772125000.0,-0.2599999999999998,-3.4666666666666637
2018-09-11,7.15,7.22,7.04,7.17,7.17,151100,736092500.0,0.019999999999999574,0.27972027972027375
2018-09-12,7.15,7.58,7.06,7.49,7.49,195300,736092500.0,0.33999999999999986,4.755244755244753
2018-09-13,7.65,7.79,7.38,7.41,7.41,266100,787567500.0,-0.2400000000000002,-3.137254901960787
2018-09-14,7.41,7.54,7.35,7.45,7.45,277500,762859500.0,0.040000000000000036,0.5398110661268561
2018-09-17,7.53,7.92,7.46,7.82,7.82,328700,775213500.0,0.29000000000000004,3.851261620185923
2018-09-18,7.84,7.94,7.8,7.85,7.85,246000,807128000.0,0.009999999999999787,0.12755102040816055
2018-09-19,7.9,8.29,7.85,8.22,8.22,181400,813305000.0,0.3200000000000003,4.050632911392409
2018-09-20,8.27,8.27,7.94,8.16,8.16,196500,851396500.0,-0.10999999999999943,-1.3301088270858457
2018-09-21,8.09,8.11,7.93,8.07,8.07,664300,832865500.0,-0.019999999999999574,-0.24721878862793045
2018-09-24,8.07,8.22,7.98,8.03,8.03,358800,830806500.0,-0.040000000000000924,-0.49566294919455917
2018-09-25,8.05,8.23,7.94,7.94,7.94,345300,828747500.0000001,-0.11000000000000032,-1.3664596273291965
2018-09-26,7.96,7.99,7.5,7.66,7.66,434200,819482000.0,-0.2999999999999998,-3.768844221105525
2018-09-27,7.58,7.77,7.47,7.72,7.72,234000,780361000.0,0.13999999999999968,1.8469656992084391
2018-09-28,7.85,8.19,7.73,8.11,8.11,209700,808157500.0,0.2599999999999998,3.3121019108280225
2018-10-01,8.11,8.54,8.07,8.15,8.15,684100,834924500.0,0.040000000000000924,0.49321824907522727
2018-10-02,8.26,8.35,7.87,7.88,7.88,491200,850367000.0,-0.3799999999999999,-4.60048426150121
2018-10-03,7.89,7.97,7.68,7.7,7.7,335700,812275500.0,-0.1899999999999995,-2.4081115335868124
2018-10-04,7.73,7.94,7.62,7.76,7.76,259500,795803500.0,0.02999999999999936,0.3880983182406127
2018-10-05,7.84,7.89,7.6,7.63,7.63,136600,807128000.0,-0.20999999999999996,-2.678571428571428
2018-10-08,7.58,7.88,7.46,7.83,7.83,301600,780361000.0,0.25,3.2981530343007917
2018-10-09,7.79,7.79,7.49,7.53,7.53,267100,801980500.0,-0.2599999999999998,-3.337612323491653
2018-10-10,7.56,7.75,7.45,7.7,7.7,279500,778302000.0,0.14000000000000057,1.8518518518518594
2018-10-11,7.86,8.05,7.66,8.0,8.0,443300,809187000.0,0.13999999999999968,1.7811704834605555
2018-10-12,8.0,8.05,7.66,8.04,8.04,199800,823600000.0,0.03999999999999915,0.49999999999998934
2018-10-15,8.05,8.32,8.04,8.25,8.25,434500,828747500.0000001,0.1999999999999993,2.484472049689432
2018-10-16,8.29,8.3,7.88,7.94,7.94,280700,853455499.9999999,-0.34999999999999876,-4.221954161640516
2018-10-17,7.96,8.11,7.84,7.99,7.99,367700,819482000.0,0.03000000000000025,0.3768844221105559
2018-10-18,7.9,8.13,7.86,8.0,8.0,157900,813305000.0,0.09999999999999964,1.265822784810122
2018-10-19,8.03,8.12,7.9,8.1,8.1,269100,826688499.9999999,0.07000000000000028,0.8717310087173138
2018-10-22,8.08,8.08,7.74,7.81,7.81,139100,831836000.0,-0.27000000000000046,-3.341584158415847
2018-10-23,7.97,8.0,7.65,7.74,7.74,268400,820511500.0,-0.22999999999999954,-2.8858218318695052
2018-10-24,7.67,7.76,7.47,7.61,7.61,213800,789626500.0,-0.05999999999999961,-0.7822685788787432
2018-10-25,7.55,7.7,7.35,7.35,7.35,548800,777272500.0,-0.20000000000000018,-2.6490066225165587
2018-10-26,7.36,7.62,7.3,7.3,7.3,356700,757712000.0,-0.0600000000000005,-0.8152173913043546
2018-10-29,7.19,7.4,7.13,7.22,7.22,325600,740210500.0,0.02999999999999936,0.4172461752433847
2018-10-30,7.22,7.44,7.1,7.23,7.23,354900,743299000.0,0.010000000000000675,0.13850415512466308
2018-10-31,7.16,7.29,6.98,7.15,7.15,595400,737122000.0,-0.009999999999999787,-0.13966480446927076
2018-11-01,7.26,7.61,7.25,7.38,7.38,366500,747417000.0,0.1200000000000001,1.6528925619834725
2018-11-02,7.4,7.55,7.31,7.44,7.44,270900,761830000.0,0.040000000000000036,0.540540540540541
2018-11-05,7.37,7.57,7.21,7.21,7.21,307800,758741500.0,-0.16000000000000014,-2.170963364993218
2018-11-06,7.28,7.42,7.05,7.08,7.08,153400,749476000.0,-0.20000000000000018,-2.7472527472527495
2018-11-07,7.1,7.1,6.94,7.05,7.05,466600,730945000.0,-0.04999999999999982,-0.7042253521126736
2018-11-08,7.05,7.17,6.9,7.0,7.0,679600,725797500.0,-0.04999999999999982,-0.7092198581560258
2018-11-09,6.91,7.02,6.71,6.72,6.72,610900,711384500.0,-0.1900000000000004,-2.749638205499282
2018-11-12,6.66,6.77,6.27,6.32,6.32,367200,685647000.0,-0.33999999999999986,-5.105105105105103
2018-11-13,6.29,6.38,6.12,6.15,6.15,383700,647555500.0,-0.13999999999999968,-2.2257551669316324
2018-11-14,6.24,6.87,6.15,6.78,6.78,331700,642408000.0,0.54,8.653846153846153
2018-11-15,6.76,7.26,6.76,7.17,7.17,279400,695942000.0,0.41000000000000014,6.0650887573964525
2018-11-16,7.37,7.69,7.27,7.47,7.47,296800,758741500.0,0.09999999999999964,1.356852103120755
2018-11-19,7.49,7.51,7.26,7.32,7.32,240300,771095500.0,-0.16999999999999993,-2.2696929238985306
2018-11-20,7.45,7.45,7.15,7.27,7.27,257600,766977500.0,-0.1800000000000006,-2.4161073825503436
2018-11-21,7.31,7.63,7.22,7.42,7.42,194700,752564500.0,0.11000000000000032,1.504787961696311
2018-11-23,7.12,7.15,6.68,6.71,6.71,336000,733004000.0,-0.41000000000000014,-5.758426966292136
2018-11-26,6.77,7.16,6.67,6.67,6.67,264800,696971500.0,-0.09999999999999964,-1.4771048744460806
2018-11-27,6.57,6.76,6.51,6.66,6.66,349700,676381500.0,0.08999999999999986,1.369863013698628
2018-11-28,6.66,6.94,6.6,6.71,6.71,217300,685647000.0,0.04999999999999982,0.750750750750748
2018-11-29,6.71,6.79,6.62,6.71,6.71,381200,690794500.0,0.0,0.0
2018-11-30,6.65,6.79,6.5,6.76,6.76,230500,684617500.0,0.10999999999999943,1.6541353383458561
2018-12-03,6.93,7.04,6.7,6.79,6.79,367100,713443500.0,-0.13999999999999968,-2.0202020202020154
2018-12-04,6.85,6.98,6.74,6.81,6.81,314100,705207500.0,-0.040000000000000036,-0.5839416058394167
2018-12-06,6.86,6.87,6.62,6.7,6.7,371100,706237000.0,-0.16000000000000014,-2.3323615160349873
2018-12-07,6.77,7.05,6.71,6.98,6.98,263500,696971500.0,0.21000000000000085,3.101920236336793
2018-12-10,6.95,6.95,6.66,6.72,6.72,259900,715502500.0,-0.23000000000000043,-3.3093525179856176
2018-12-11,6.8,6.86,6.66,6.72,6.72,150100,700060000.0,-0.08000000000000007,-1.176470588235295
2018-12-12,6.81,6.88,6.72,6.8,6.8,192500,701089500.0,-0.009999999999999787,-0.14684287812040803
2018-12-13,6.8,6.98,6.76,6.96,6.96,225400,700060000.0,0.16000000000000014,2.35294117647059
2018-12-14,6.8,6.93,6.77,6.89,6.89,306400,700060000.0,0.08999999999999986,1.3235294117647038
2018-12-17,6.82,6.97,6.75,6.9,6.9,326600,702119000.0,0.08000000000000007,1.1730205278592385
2018-12-18,6.93,7.24,6.85,7.17,7.17,379400,713443500.0,0.2400000000000002,3.4632034632034667
2018-12-19,7.17,7.28,6.75,6.75,6.75,987400,738151500.0,-0.41999999999999993,-5.857740585774058
2018-12-20,6.93,7.2,6.8,7.16,7.16,626400,713443500.0,0.23000000000000043,3.3189033189033252
2018-12-21,7.2,7.4,7.0,7.11,7.11,879300,741240000.0,-0.08999999999999986,-1.249999999999998
2018-12-24,7.17,7.19,7.0,7.0,7.0,385100,738151500.0,-0.16999999999999993,-2.3709902370990226
2018-12-26,7.01,7.34,6.97,7.1,7.1,281300,721679500.0,0.08999999999999986,1.2838801711840209
2018-12-27,7.16,7.33,6.99,7.31,7.31,390100,737122000.0,0.14999999999999947,2.0949720670390986
2018-12-28,7.35,7.44,7.04,7.29,7.29,317900,756682500.0,-0.05999999999999961,-0.8163265306122396
2018-12-31,7.3,7.32,7.14,7.3,7.3,219900,751535000.0,0.0,0.0
2019-01-02,7.31,7.69,7.25,7.62,7.62,264200,752564500.0,0.3100000000000005,4.240766073871416
2019-01-03,7.69,7.95,7.55,7.81,7.81,395900,791685500.0,0.11999999999999922,1.5604681404421223
2019-01-04,7.73,8.07,7.6,8.0,8.0,239100,795803500.0,0.2699999999999996,3.492884864165583
2019-01-07,8.03,8.09,7.92,8.02,8.02,340500,826688499.9999999,-0.009999999999999787,-0.12453300124532736
2019-01-08,7.99,8.16,7.93,8.14,8.14,215500,822570500.0,0.15000000000000036,1.877346683354197
2019-01-09,8.17,8.36,8.12,8.29,8.29,286200,841101500.0,0.11999999999999922,1.468788249693993
2019-01-10,8.32,8.41,8.17,8.24,8.24,302500,856544000.0,-0.08000000000000007,-0.9615384615384623
2019-01-11,8.32,8.44,8.13,8.3,8.3,236400,856544000.0,-0.019999999999999574,-0.24038461538461023
2019-01-14,8.35,8.44,8.17,8.28,8.28,270600,859632500.0,-0.07000000000000028,-0.8383233532934166
2019-01-15,8.25,8.36,7.97,8.07,8.07,368400,849337500.0,-0.17999999999999972,-2.1818181818181785
2019-01-16,8.09,8.22,7.89,7.94,7.94,230900,832865500.0,-0.14999999999999947,-1.8541409147095111
2019-01-17,7.89,7.96,7.65,7.69,7.69,192400,812275500.0,-0.1999999999999993,-2.534854245880853
2019-01-18,7.56,7.67,7.35,7.42,7.42,270900,778302000.0,-0.13999999999999968,-1.8518518518518476
2019-01-22,7.42,7.51,7.24,7.5,7.5,282600,763889000.0,0.08000000000000007,1.078167115902966
2019-01-23,7.49,7.86,7.44,7.83,7.83,236700,771095500.0,0.33999999999999986,4.539385847797061
2019-01-24,7.78,7.92,7.78,7.89,7.89,117500,800951000.0,0.10999999999999943,1.413881748071972
2019-01-25,8.05,8.35,7.95,8.35,8.35,280400,828747500.0000001,0.29999999999999893,3.7267080745341477
2019-01-28,8.35,8.69,8.3,8.69,8.69,480700,859632500.0,0.33999999999999986,4.071856287425148
2019-01-29,8.86,8.86,8.49,8.61,8.61,313000,912137000.0,-0.25,-2.8216704288939054
2019-01-30,8.7,8.86,8.46,8.7,8.7,279700,895664999.9999999,0.0,0.0
2019-01-31,8.86,9.01,8.75,9.01,9.01,309900,912137000.0,0.15000000000000036,1.693002257336347
2019-02-01,9.0,9.0,8.75,8.94,8.94,210400,926550000.0,-0.0600000000000005,-0.6666666666666722
2019-02-04,8.92,8.92,8.74,8.83,8.83,257200,918314000.0,-0.08999999999999986,-1.0089686098654693
2019-02-05,8.91,8.91,8.68,8.79,8.79,222900,917284500.0,-0.120000000000001,-1.346801346801358
2019-02-06,8.77,9.06,8.72,8.9,8.9,400900,902871500.0,0.13000000000000078,1.482326111744593
2019-02-07,8.98,8.98,8.68,8.71,8.71,194200,924491000.0,-0.2699999999999996,-3.0066815144766097
2019-02-08,8.76,8.88,8.64,8.84,8.84,203700,901842000.0,0.08000000000000007,0.9132420091324209
2019-02-11,8.68,8.79,8.56,8.59,8.59,131900,893606000.0,-0.08999999999999986,-1.0368663594470031
2019-02-12,8.64,8.72,8.54,8.64,8.64,125800,889488000.0,0.0,0.0
2019-02-13,8.6,8.88,8.54,8.79,8.79,167200,885370000.0,0.1899999999999995,2.20930232558139
2019-02-14,8.77,9.02,8.65,8.92,8.92,449500,902871500.0,0.15000000000000036,1.7103762827822162
2019-02-15,9.02,9.35,8.94,9.06,9.06,541100,928609000.0,0.040000000000000924,0.44345898004435613
2019-02-19,9.2,9.46,9.13,9.34,9.34,260100,947139999.9999999,0.14000000000000057,1.521739130434789
2019-02-20,9.49,9.63,9.3,9.43,9.43,354500,976995500.0,-0.0600000000000005,-0.6322444678609114
2019-02-21,9.42,9.64,9.29,9.58,9.58,287600,969789000.0,0.16000000000000014,1.6985138004246298
2019-02-22,9.61,9.84,9.61,9.82,9.82,277700,989349500.0,0.21000000000000085,2.1852237252861695
2019-02-25,9.75,10.13,9.75,9.98,9.98,376200,1003762500.0,0.23000000000000043,2.358974358974363
2019-02-26,10.1,10.17,9.81,10.02,10.02,315500,1039795000.0,-0.08000000000000007,-0.7920792079207928
2019-02-27,9.94,10.01,9.77,9.8,9.8,290500,1023323000.0,-0.1399999999999988,-1.40845070422534
2019-02-28,9.63,9.86,9.55,9.79,9.79,181700,991408500.0000001,0.15999999999999837,1.6614745586708033
2019-03-01,9.63,9.8,9.42,9.45,9.45,318300,991408500.0000001,-0.1800000000000015,-1.8691588785046884
2019-03-04,9.37,9.44,9.13,9.4,9.4,176700,964641499.9999999,0.030000000000001137,0.3201707577374721
2019-03-05,9.63,10.38,9.42,9.52,9.52,446300,991408500.0000001,-0.11000000000000121,-1.1422637590862015
2019-03-06,9.55,9.78,9.23,9.23,9.23,143400,983172500.0000001,-0.3200000000000003,-3.3507853403141388
2019-03-07,9.18,9.51,9.11,9.44,9.44,235100,945081000.0,0.2599999999999998,2.8322440087145946
2019-03-08,9.71,10.33,9.61,10.3,10.3,520100,999644500.0000001,0.5899999999999999,6.0762100926879485
2019-03-11,10.49,10.49,10.1,10.39,10.39,414800,1079945500.0,-0.09999999999999964,-0.9532888465204923
2019-03-12,10.6,10.71,10.31,10.5,10.5,335800,1091270000.0,-0.09999999999999964,-0.943396226415091
2019-03-13,10.51,10.71,10.36,10.6,10.6,285000,1082004500.0,0.08999999999999986,0.8563273073263546
2019-03-14,10.49,10.69,10.28,10.53,10.53,336700,1079945500.0,0.03999999999999915,0.3813155386081902
2019-03-15,10.68,10.97,10.62,10.92,10.92,1107000,1099506000.0,0.2400000000000002,2.247191011235957
2019-03-18,10.98,11.09,10.6,10.79,10.79,402900,1130391000.0,-0.19000000000000128,-1.7304189435337094
2019-03-19,10.84,11.0,10.79,10.85,10.85,149500,1115978000.0,0.009999999999999787,0.09225092250922312
2019-03-20,10.83,11.02,10.55,10.92,10.92,169700,1114948500.0,0.08999999999999986,0.831024930747921
2019-03-21,11.01,11.15,10.82,11.1,11.1,307200,1133479500.0,0.08999999999999986,0.8174386920980914
2019-03-22,11.04,11.35,11.03,11.21,11.21,286500,1136568000.0,0.1700000000000017,1.5398550724637836
2019-03-25,11.17,11.52,11.06,11.5,11.5,349100,1149951500.0,0.33000000000000007,2.9543419874664285
2019-03-26,11.58,11.58,11.2,11.34,11.34,613500,1192161000.0,-0.2400000000000002,-2.072538860103629
2019-03-27,11.32,11.42,10.85,11.09,11.09,361600,1165394000.0,-0.23000000000000043,-2.0318021201413465
2019-03-28,10.83,10.95,10.31,10.39,10.39,513700,1114948500.0,-0.4399999999999995,-4.062788550323171
2019-03-29,10.39,10.81,10.39,10.66,10.66,309300,1069650500.0,0.2699999999999996,2.598652550529351
2019-04-01,10.7,10.75,9.81,9.95,9.95,532100,1101565000.0,-0.75,-7.009345794392524
2019-04-02,9.82,10.06,9.72,9.83,9.83,267600,1010969000.0,0.009999999999999787,0.1018329938900182
2019-04-03,9.84,9.93,9.62,9.87,9.87,250800,1013028000.0,0.02999999999999936,0.3048780487804813
2019-04-04,9.87,10.26,9.72,10.19,10.19,254300,1016116499.9999999,0.3200000000000003,3.24214792299899
2019-04-05,10.21,10.24,10.0,10.08,10.08,123700,1051119500.0000001,-0.13000000000000078,-1.273261508325179
2019-04-08,10.27,10.46,10.23,10.32,10.32,194300,1057296500.0,0.05000000000000071,0.48685491723467106
2019-04-09,10.44,10.6,10.27,10.32,10.32,154300,1074798000.0,-0.11999999999999922,-1.1494252873563144
2019-04-10,10.25,10.38,10.25,10.34,10.34,139800,1055237500.0,0.08999999999999986,0.8780487804878035
2019-04-11,10.16,10.26,9.98,10.07,10.07,216200,1045972000.0,-0.08999999999999986,-0.885826771653542
2019-04-12,10.05,10.05,9.67,9.73,9.73,190800,1034647500.0000001,-0.3200000000000003,-3.184079601990052
2019-04-15,9.66,9.87,9.52,9.74,9.74,254800,994497000.0,0.08000000000000007,0.828157349896481
2019-04-16,9.57,9.75,9.41,9.43,9.43,312500,985231500.0,-0.14000000000000057,-1.4629049111807793
2019-04-17,9.41,9.61,9.22,9.33,9.33,179200,968759500.0,-0.08000000000000007,-0.8501594048884173
2019-04-18,9.26,9.38,9.07,9.18,9.18,233900,953317000.0,-0.08000000000000007,-0.8639308855291584
2019-04-22,9.29,9.31,8.94,9.03,9.03,188800,956405499.9999999,-0.2599999999999998,-2.7987082884822367
2019-04-23,8.9,9.33,8.89,9.16,9.16,251700,916255000.0,0.2599999999999998,2.921348314606739
2019-04-24,9.2,9.44,9.05,9.24,9.24,256400,947139999.9999999,0.040000000000000924,0.43478260869566226
2019-04-25,9.19,9.53,9.19,9.33,9.33,264000,946110500.0,0.14000000000000057,1.52339499455931
2019-04-26,9.41,10.34,9.41,10.17,10.17,408400,968759500.0,0.7599999999999998,8.076514346439954
2019-04-29,10.07,10.07,9.72,9.77,9.77,179700,1036706500.0,-0.3000000000000007,-2.9791459781529364
2019-04-30,9.7,9.85,9.64,9.83,9.83,148500,998614999.9999999,0.13000000000000078,1.3402061855670184
2019-05-01,9.83,9.89,9.46,9.52,9.52,176400,1011998500.0,-0.3100000000000005,-3.1536113936927825
2019-05-02,9.4,9.58,9.24,9.41,9.41,233200,967730000.0,0.009999999999999787,0.10638297872340198
2019-05-03,9.53,9.74,9.46,9.53,9.53,181900,981113499.9999999,0.0,0.0
2019-05-06,9.5,9.56,9.34,9.43,9.43,148100,978025000.0,-0.07000000000000028,-0.736842105263161
2019-05-07,9.42,9.79,9.35,9.77,9.77,183600,969789000.0,0.34999999999999964,3.7154989384288712
2019-05-08,9.91,9.91,9.47,9.47,9.47,176700,1020234500.0,-0.4399999999999995,-4.43995963673057
2019-05-09,9.45,9.66,9.44,9.46,9.46,143700,972877499.9999999,0.010000000000001563,0.10582010582012237
2019-05-10,9.46,9.46,9.27,9.29,9.29,121100,973907000.0000001,-0.1700000000000017,-1.7970401691332103
2019-05-13,9.75,9.92,9.42,9.89,9.89,304800,1003762500.0,0.14000000000000057,1.435897435897442
2019-05-14,9.9,9.9,9.45,9.54,9.54,226500,1019205000.0,-0.3600000000000012,-3.6363636363636487
2019-05-15,9.57,9.68,9.4,9.44,9.44,310600,985231500.0,-0.13000000000000078,-1.3584117032392975
2019-05-16,9.44,9.44,9.23,9.29,9.29,186000,971848000.0,-0.15000000000000036,-1.5889830508474614
2019-05-17,9.16,9.26,9.07,9.22,9.22,299000,943022000.0,0.0600000000000005,0.6550218340611408
2019-05-20,9.17,9.26,9.09,9.14,9.14,42200,944051500.0,-0.02999999999999936,-0.3271537622682591
2019-05-21,9.01,9.29,9.0,9.26,9.26,92100,927579500.0,0.25,2.774694783573807
2019-05-22,9.36,9.36,9.1,9.17,9.17,105100,963612000.0,-0.1899999999999995,-2.029914529914525
2019-05-23,9.25,9.57,9.16,9.26,9.26,145100,952287500.0,0.009999999999999787,0.10810810810810581
2019-05-24,9.24,9.31,9.15,9.22,9.22,57800,951258000.0,-0.019999999999999574,-0.2164502164502118
2019-05-28,9.11,9.34,9.11,9.31,9.31,125200,937874500.0,0.20000000000000107,2.195389681668508
2019-05-29,9.38,9.41,9.17,9.17,9.17,105300,965671000.0000001,-0.21000000000000085,-2.2388059701492624
2019-05-30,9.1,9.58,9.1,9.54,9.54,131200,936845000.0,0.4399999999999995,4.8351648351648295
2019-05-31,9.6,9.89,9.6,9.77,9.77,218800,988320000.0,0.16999999999999993,1.7708333333333326
2019-06-03,9.92,10.79,9.88,10.6,10.6,485100,1021264000.0,0.6799999999999997,6.854838709677416
2019-06-04,10.62,11.23,10.36,11.14,11.14,546900,1093329000.0,0.5200000000000014,4.896421845574401
2019-06-05,11.36,11.46,10.97,11.13,11.13,550600,1169512000.0,-0.22999999999999865,-2.024647887323932
2019-06-06,11.11,11.34,11.06,11.18,11.18,238600,1143774500.0,0.07000000000000028,0.6300630063006326
2019-06-07,11.18,11.25,10.87,10.97,10.97,205600,1150981000.0,-0.20999999999999908,-1.8783542039355912
2019-06-10,10.68,10.8,10.52,10.55,10.55,171700,1099506000.0,-0.129999999999999,-1.2172284644194664
2019-06-11,10.49,10.69,10.4,10.53,10.53,201400,1079945500.0,0.03999999999999915,0.3813155386081902
2019-06-12,10.7,10.85,10.57,10.67,10.67,262800,1101565000.0,-0.02999999999999936,-0.28037383177569497
2019-06-13,10.6,11.09,10.6,11.05,11.05,190900,1091270000.0,0.45000000000000107,4.2452830188679345
2019-06-14,11.3,11.3,10.62,10.9,10.9,380400,1163335000.0,-0.40000000000000036,-3.5398230088495604
2019-06-17,10.98,11.19,10.91,11.15,11.15,276900,1130391000.0,0.16999999999999993,1.5482695810564657
2019-06-18,11.39,11.39,10.72,10.95,10.95,438600,1172600500.0,-0.4400000000000013,-3.8630377524144097
2019-06-19,10.82,11.39,10.8,11.25,11.25,332200,1113919000.0,0.4299999999999997,3.97412199630314
2019-06-20,11.58,11.95,11.4,11.46,11.46,786700,1192161000.0,-0.11999999999999922,-1.0362694300518067
2019-06-21,11.44,11.54,11.1,11.48,11.48,897800,1177748000.0,0.040000000000000924,0.34965034965035774
2019-06-24,11.5,11.66,11.34,11.62,11.62,526700,1183925000.0,0.11999999999999922,1.0434782608695583
2019-06-25,11.58,11.75,10.85,10.88,10.88,510400,1192161000.0,-0.6999999999999993,-6.044905008635572
2019-06-26,10.72,10.86,10.58,10.77,10.77,285400,1103624000.0,0.049999999999998934,0.46641791044775127
2019-06-27,10.57,10.75,10.57,10.66,10.66,147400,1088181500.0,0.08999999999999986,0.8514664143803203
2019-06-28,10.64,10.76,10.43,10.54,10.54,165800,1095388000.0,-0.10000000000000142,-0.9398496240601637
2019-07-01,10.35,10.53,10.25,10.37,10.37,141700,1065532500.0,0.019999999999999574,0.1932367149758413
2019-07-02,10.49,10.73,10.31,10.69,10.69,389800,1079945500.0,0.1999999999999993,1.9065776930409846
2019-07-03,10.71,10.73,10.44,10.56,10.56,155600,1102594500.0,-0.15000000000000036,-1.400560224089639
2019-07-05,10.3,10.49,10.12,10.37,10.37,318100,1060385000.0000001,0.06999999999999851,0.6796116504854224
2019-07-08,10.37,10.53,10.16,10.29,10.29,149500,1067591499.9999999,-0.08000000000000007,-0.7714561234329804
2019-07-09,10.2,10.38,10.18,10.27,10.27,177700,1050089999.9999999,0.07000000000000028,0.6862745098039245
2019-07-10,10.52,10.61,10.28,10.52,10.52,225600,1083034000.0,0.0,0.0
2019-07-11,10.59,10.6,10.2,10.22,10.22,166300,1090240500.0,-0.3699999999999992,-3.4938621340887557
2019-07-12,10.21,10.3,10.11,10.24,10.24,234500,1051119500.0000001,0.02999999999999936,0.293829578844264
2019-07-15,10.33,10.33,10.06,10.25,10.25,133100,1063473500.0,-0.08000000000000007,-0.7744433688286552
2019-07-16,10.25,10.89,10.19,10.7,10.7,376600,1055237500.0,0.4499999999999993,4.390243902439018
2019-07-17,10.87,11.3,10.81,11.25,11.25,921100,1119066500.0,0.3800000000000008,3.4958601655933834
2019-07-18,11.63,11.75,11.1,11.68,11.68,1136100,1197308500.0,0.049999999999998934,0.4299226139294835
2019-07-19,11.68,11.75,11.16,11.37,11.37,512300,1202456000.0,-0.3100000000000005,-2.6541095890411004
2019-07-22,11.53,11.53,11.27,11.41,11.41,419600,1187013500.0,-0.11999999999999922,-1.040763226365995
2019-07-23,11.39,11.5,10.99,11.19,11.19,425200,1172600500.0,-0.20000000000000107,-1.7559262510974634
2019-07-24,11.39,11.5,11.22,11.42,11.42,536000,1172600500.0,0.02999999999999936,0.26338893766461247
2019-07-25,11.34,11.5,11.12,11.2,11.2,454900,1167453000.0,-0.14000000000000057,-1.234567901234573
2019-07-26,11.24,11.4,11.15,11.34,11.34,270300,1157158000.0,0.09999999999999964,0.8896797153024879
2019-07-29,11.34,11.85,11.11,11.83,11.83,739500,1167453000.0,0.4900000000000002,4.320987654320989
2019-07-30,11.85,12.36,11.66,12.28,12.28,750200,1219957500.0,0.4299999999999997,3.6286919831223603
2019-07-31,12.27,12.27,11.1,11.12,11.12,645100,1263196500.0,-1.1500000000000004,-9.372453137734315
2019-08-01,11.0,11.78,10.75,11.73,11.73,403000,1132450000.0,0.7300000000000004,6.63636363636364
2019-08-02,11.7,11.76,11.27,11.31,11.31,313900,1204515000.0,-0.3899999999999988,-3.333333333333323
2019-08-05,11.64,12.06,11.64,11.8,11.8,343100,1198338000.0,0.16000000000000014,1.3745704467353963
2019-08-06,11.89,11.89,11.41,11.61,11.61,360700,1224075500.0,-0.28000000000000114,-2.3549201009251566
2019-08-07,12.03,12.29,11.86,11.92,11.92,523700,1238488500.0,-0.10999999999999943,-0.9143807148794634
2019-08-08,11.86,12.31,11.63,12.21,12.21,373100,1220987000.0,0.3500000000000014,2.9510961214165383
2019-08-09,12.17,12.25,11.98,11.99,11.99,342900,1252901500.0,-0.17999999999999972,-1.4790468364831528
2019-08-12,12.01,12.95,12.01,12.44,12.44,629000,1236429500.0,0.4299999999999997,3.580349708576184
2019-08-13,12.79,12.88,11.74,11.79,11.79,603200,1316730500.0,-1.0,-7.818608287724786
2019-08-14,12.23,12.25,11.87,12.09,12.09,653700,1259078500.0,-0.14000000000000057,-1.1447260834014765
2019-08-15,12.15,12.46,11.96,12.17,12.17,294200,1250842500.0,0.019999999999999574,0.16460905349793886
2019-08-16,12.1,12.1,11.56,11.6,11.6,335400,1245695000.0,-0.5,-4.132231404958678
2019-08-19,11.5,11.84,11.13,11.47,11.47,521000,1183925000.0,-0.02999999999999936,-0.26086956521738575
2019-08-20,11.55,12.08,11.51,11.94,11.94,203300,1189072500.0,0.3899999999999988,3.3766233766233658
2019-08-21,11.84,12.16,11.82,11.97,11.97,152100,1218928000.0,0.13000000000000078,1.0979729729729797
2019-08-22,12.0,12.09,11.67,11.85,11.85,359500,1235400000.0,-0.15000000000000036,-1.250000000000003
2019-08-23,12.0,12.52,11.86,12.49,12.49,567300,1235400000.0,0.4900000000000002,4.083333333333336
2019-08-26,12.8,13.0,12.17,12.28,12.28,489400,1317760000.0,-0.5200000000000014,-4.062500000000011
2019-08-27,12.72,13.22,12.38,13.22,13.22,903200,1309524000.0,0.5,3.930817610062893
2019-08-28,13.69,14.0,13.16,13.24,13.24,958100,1409385500.0,-0.4499999999999993,-3.2870708546384173
2019-08-29,13.28,13.53,12.68,12.82,12.82,640700,1367176000.0,-0.4599999999999991,-3.4638554216867403
2019-08-30,12.85,13.2,12.6,12.75,12.75,352600,1322907500.0,-0.09999999999999964,-0.7782101167315147
2019-09-03,13.09,13.6,12.97,13.19,13.19,569900,1347615500.0,0.09999999999999964,0.7639419404125259
2019-09-04,13.2,13.49,13.0,13.49,13.49,419400,1358940000.0,0.2900000000000009,2.1969696969697043
2019-09-05,13.06,13.18,12.3,12.34,12.34,584500,1344527000.0,-0.7200000000000006,-5.513016845329254
2019-09-06,12.32,12.63,11.69,11.69,11.69,614300,1268344000.0,-0.6300000000000008,-5.11363636363637
2019-09-09,11.72,11.94,11.04,11.4,11.4,824000,1206574000.0,-0.3200000000000003,-2.7303754266211624
2019-09-10,11.24,11.61,11.19,11.37,11.37,407400,1157158000.0,0.129999999999999,1.1565836298932295
2019-09-11,11.64,11.85,11.35,11.71,11.71,456500,1198338000.0,0.07000000000000028,0.6013745704467378
2019-09-12,12.04,12.14,11.24,11.27,11.27,602300,1239518000.0,-0.7699999999999996,-6.3953488372092995
2019-09-13,11.23,11.58,11.04,11.09,11.09,442500,1156128500.0,-0.14000000000000057,-1.246660730187004
2019-09-16,11.43,11.44,10.95,11.15,11.15,447500,1176718500.0,-0.27999999999999936,-2.4496937882764596
2019-09-17,11.23,11.76,11.15,11.74,11.74,459600,1156128500.0,0.5099999999999998,4.541406945681209
2019-09-18,11.68,11.73,10.94,11.27,11.27,429300,1202456000.0,-0.41000000000000014,-3.510273972602741
2019-09-19,11.4,11.5,11.24,11.37,11.37,208100,1173630000.0,-0.030000000000001137,-0.2631578947368521
2019-09-20,11.38,11.49,11.1,11.23,11.23,722900,1171571000.0,-0.15000000000000036,-1.3181019332161716
2019-09-23,11.53,12.06,11.48,12.01,12.01,532400,1187013500.0,0.4800000000000004,4.163052905464011
2019-09-24,11.96,12.47,11.68,12.43,12.43,595300,1231282000.0,0.46999999999999886,3.929765886287616
2019-09-25,12.43,12.43,11.36,11.66,11.66,585500,1279668500.0,-0.7699999999999996,-6.194690265486722
2019-09-26,11.67,11.88,11.37,11.37,11.37,319700,1201426500.0,-0.3000000000000007,-2.570694087403605
2019-09-27,11.14,11.32,10.99,11.09,11.09,342000,1146863000.0,-0.05000000000000071,-0.4488330341113169
2019-09-30,10.89,11.02,10.41,10.61,10.61,626300,1121125500.0,-0.28000000000000114,-2.571166207529854
2019-10-01,10.54,10.92,10.47,10.6,10.6,415100,1085093000.0,0.0600000000000005,0.5692599620493406
2019-10-02,10.79,10.83,10.49,10.7,10.7,388600,1110830500.0,-0.08999999999999986,-0.8341056533827604
2019-10-03,10.67,10.98,10.56,10.64,10.64,234000,1098476500.0,-0.02999999999999936,-0.28116213683223396
2019-10-04,10.51,10.8,10.51,10.77,10.77,224500,1082004500.0,0.2599999999999998,2.4738344433872483
2019-10-07,10.66,10.77,10.48,10.54,10.54,170200,1097447000.0,-0.120000000000001,-1.1257035647279643
2019-10-08,10.69,10.79,10.42,10.7,10.7,446000,1100535500.0,0.009999999999999787,0.09354536950420755
2019-10-09,10.74,10.74,10.32,10.36,10.36,328200,1105683000.0,-0.3800000000000008,-3.538175046554942
2019-10-10,10.44,10.45,10.09,10.25,10.25,386400,1074798000.0,-0.1899999999999995,-1.8199233716475047
2019-10-11,10.15,10.23,9.88,9.96,9.96,1334800,1044942500.0,-0.1899999999999995,-1.8719211822660047
2019-10-14,9.91,10.16,9.9,10.05,10.05,149100,1020234500.0,0.14000000000000057,1.412714429868825
2019-10-15,9.91,10.0,9.56,9.57,9.57,385900,1020234500.0,-0.33999999999999986,-3.430877901109988
2019-10-16,9.6,9.7,9.48,9.63,9.63,487600,988320000.0,0.030000000000001137,0.3125000000000119
2019-10-17,9.6,9.86,9.6,9.75,9.75,813600,988320000.0,0.15000000000000036,1.5625000000000038
2019-10-18,9.66,9.99,9.61,9.71,9.71,628500,994497000.0,0.05000000000000071,0.5175983436853075
2019-10-21,9.8,9.88,9.42,9.44,9.44,384700,1008910000.0000001,-0.3600000000000012,-3.673469387755114
2019-10-22,9.42,9.51,9.26,9.43,9.43,304300,969789000.0,0.009999999999999787,0.10615711252653702
2019-10-23,9.44,9.49,9.32,9.45,9.45,286900,971848000.0,0.009999999999999787,0.10593220338982826
2019-10-24,9.5,9.61,9.45,9.6,9.6,450700,978025000.0,0.09999999999999964,1.0526315789473648
2019-10-25,9.81,9.92,9.44,9.58,9.58,659900,1009939500.0,-0.23000000000000043,-2.3445463812436333
2019-10-28,9.53,9.6,9.25,9.32,9.32,318400,981113499.9999999,-0.20999999999999908,-2.2035676810073355
2019-10-29,9.28,9.34,9.11,9.27,9.27,414400,955375999.9999999,-0.009999999999999787,-0.10775862068965288
2019-10-30,9.25,9.54,9.16,9.54,9.54,547200,952287500.0,0.28999999999999915,3.135135135135126
2019-10-31,9.73,10.0,9.64,9.86,9.86,560700,1001703500.0,0.129999999999999,1.3360739979444913
2019-11-01,9.82,10.07,9.72,9.91,9.91,434500,1010969000.0,0.08999999999999986,0.9164969450101819
2019-11-04,9.9,9.95,9.62,9.69,9.69,493700,1019205000.0,-0.21000000000000085,-2.1212121212121295
2019-11-05,9.51,9.61,9.31,9.42,9.42,471300,979054500.0,-0.08999999999999986,-0.9463722397476325
2019-11-06,9.38,9.68,9.38,9.6,9.6,321800,965671000.0000001,0.21999999999999886,2.3454157782515868
2019-11-07,9.5,9.7,9.43,9.56,9.56,550600,978025000.0,0.0600000000000005,0.6315789473684263
2019-11-08,9.54,9.86,9.42,9.76,9.76,508200,982142999.9999999,0.22000000000000064,2.3060796645702375
2019-11-11,9.62,10.31,9.54,9.66,9.66,426500,990378999.9999999,0.040000000000000924,0.4158004158004254
2019-11-12,9.59,9.99,9.46,9.98,9.98,458000,987290500.0,0.39000000000000057,4.066736183524511
2019-11-13,10.12,10.25,9.96,10.03,10.03,304700,1041853999.9999999,-0.08999999999999986,-0.8893280632411054
2019-11-14,10.02,10.29,10.02,10.18,10.18,262700,1031559000.0,0.16000000000000014,1.5968063872255505
2019-11-15,10.15,10.19,9.97,10.02,10.02,123500,1044942500.0,-0.13000000000000078,-1.2807881773399092
2019-11-18,10.06,10.33,10.04,10.26,10.26,219400,1035677000.0,0.1999999999999993,1.9880715705765335
2019-11-19,10.34,10.59,10.21,10.37,10.37,342400,1064503000.0,0.02999999999999936,0.29013539651836906
2019-11-20,10.4,10.6,10.33,10.37,10.37,356500,1070680000.0,-0.030000000000001137,-0.28846153846154937
2019-11-21,10.42,10.47,9.9,9.94,9.94,480400,1072739000.0,-0.4800000000000004,-4.606525911708258
2019-11-22,10.0,10.1,9.78,9.98,9.98,291000,1029500000.0,-0.019999999999999574,-0.19999999999999576
2019-11-25,9.89,10.04,9.69,9.69,9.69,265400,1018175500.0,-0.20000000000000107,-2.0222446916076953
2019-11-26,9.81,10.3,9.75,10.27,10.27,364800,1009939500.0,0.4599999999999991,4.689092762487248
2019-11-27,10.23,10.25,10.01,10.23,10.23,251600,1053178500.0,0.0,0.0
2019-11-29,10.2,10.72,10.2,10.69,10.69,285700,1050089999.9999999,0.4900000000000002,4.8039215686274535
2019-12-02,10.73,10.75,10.62,10.67,10.67,367300,1104653500.0,-0.0600000000000005,-0.5591798695247018
2019-12-03,10.84,11.08,10.6,10.71,10.71,621800,1115978000.0,-0.129999999999999,-1.199261992619917
2019-12-04,10.76,10.76,10.39,10.57,10.57,384700,1107742000.0,-0.1899999999999995,-1.7657992565055716
2019-12-05,10.57,10.75,10.56,10.71,10.71,452800,1088181500.0,0.14000000000000057,1.3245033112582836
2019-12-06,10.56,10.68,10.39,10.39,10.39,436200,1087152000.0,-0.16999999999999993,-1.6098484848484842
2019-12-09,10.41,10.48,10.28,10.43,10.43,181000,1071709500.0,0.019999999999999574,0.19212295869355978
2019-12-10,10.49,10.63,10.47,10.63,10.63,214000,1079945500.0,0.14000000000000057,1.3346043851286995
2019-12-11,10.65,10.9,10.59,10.78,10.78,522200,1096417500.0,0.129999999999999,1.2206572769952957
2019-12-12,10.92,11.19,10.78,10.84,10.84,415700,1124214000.0,-0.08000000000000007,-0.7326007326007333
2019-12-13,10.87,11.08,10.8,11.0,11.0,368300,1119066500.0,0.13000000000000078,1.1959521619135307
2019-12-16,11.31,11.31,10.95,11.06,11.06,373700,1164364500.0,-0.25,-2.210433244916003
2019-12-17,11.05,11.1,10.92,10.96,10.96,257500,1137597500.0,-0.08999999999999986,-0.8144796380090484
2019-12-18,11.03,11.05,10.8,11.01,11.01,317700,1135538500.0,-0.019999999999999574,-0.18132366273798345
2019-12-19,10.98,10.99,10.68,10.72,10.72,380000,1130391000.0,-0.2599999999999998,-2.367941712204005
2019-12-20,10.75,10.9,10.52,10.56,10.56,916200,1106712500.0,-0.1899999999999995,-1.7674418604651119
2019-12-23,10.62,11.14,10.62,11.14,11.14,452000,1093329000.0,0.5200000000000014,4.896421845574401
2019-12-24,11.2,11.94,11.17,11.94,11.94,461400,1153040000.0,0.7400000000000002,6.60714285714286
2019-12-26,12.19,12.5,11.94,12.02,12.02,494100,1254960500.0,-0.16999999999999993,-1.3945857260049215
2019-12-27,12.0,12.0,11.76,11.79,11.79,375600,1235400000.0,-0.21000000000000085,-1.750000000000007
2019-12-30,11.8,12.0,11.78,11.85,11.85,456300,1214810000.0,0.049999999999998934,0.423728813559313
2019-12-31,12.0,12.0,11.79,11.84,11.84,405500,1235400000.0,-0.16000000000000014,-1.3333333333333344
2020-01-02,11.93,11.93,11.39,11.55,11.55,537700,1228193500.0,-0.379999999999999,-3.185247275775348
2020-01-03,11.68,11.78,11.34,11.42,11.42,472300,1202456000.0,-0.2599999999999998,-2.226027397260272
2020-01-06,11.82,11.82,11.1,11.31,11.31,648800,1216869000.0,-0.5099999999999998,-4.314720812182739
2020-01-07,11.33,11.49,11.12,11.32,11.32,458800,1166423500.0,-0.009999999999999787,-0.08826125330979512
2020-01-08,11.33,11.49,10.89,10.91,10.91,631400,1166423500.0,-0.41999999999999993,-3.7069726390114734
2020-01-09,10.81,10.98,10.75,10.76,10.76,344200,1112889500.0,-0.05000000000000071,-0.46253469010176423
2020-01-10,10.77,10.97,10.76,10.83,10.83,531800,1108771500.0,0.0600000000000005,0.557103064066857
2020-01-13,10.8,10.92,10.52,10.52,10.52,385300,1111860000.0,-0.28000000000000114,-2.5925925925926028
2020-01-14,10.48,10.82,10.44,10.78,10.78,336700,1078916000.0,0.29999999999999893,2.862595419847318
2020-01-15,10.91,10.97,10.62,10.89,10.89,306300,1123184500.0,-0.019999999999999574,-0.1833180568285937
2020-01-16,10.9,10.98,10.78,10.88,10.88,198700,1122155000.0,-0.019999999999999574,-0.1834862385321062
2020-01-17,10.89,10.89,10.53,10.54,10.54,419000,1121125500.0,-0.3500000000000014,-3.2139577594123176
2020-01-21,10.49,11.02,10.49,10.99,10.99,542700,1079945500.0,0.5,4.7664442326024785
2020-01-22,11.0,11.3,11.0,11.08,11.08,360900,1132450000.0,0.08000000000000007,0.7272727272727278
2020-01-23,11.02,11.21,10.91,10.94,10.94,245700,1134509000.0,-0.08000000000000007,-0.7259528130671513
2020-01-24,10.94,11.2,10.91,11.13,11.13,289200,1126273000.0,0.19000000000000128,1.7367458866544907
2020-01-27,11.36,11.42,10.93,10.97,10.97,446900,1169512000.0,-0.3899999999999988,-3.4330985915492858
2020-01-28,10.93,10.97,10.37,10.5,10.5,726200,1125243500.0,-0.4299999999999997,-3.9341262580054868
2020-01-29,10.6,10.94,10.5,10.92,10.92,377400,1091270000.0,0.3200000000000003,3.0188679245283048
2020-01-30,10.89,10.98,10.64,10.77,10.77,536000,1121125500.0,-0.120000000000001,-1.1019283746556565
2020-01-31,10.87,10.96,10.77,10.92,10.92,379200,1119066500.0,0.05000000000000071,0.4599816007359771
2020-02-03,10.8,10.9,10.44,10.66,10.66,352500,1111860000.0,-0.14000000000000057,-1.2962962962963014
2020-02-04,10.4,10.54,10.04,10.34,10.34,696900,1070680000.0,-0.0600000000000005,-0.5769230769230818
2020-02-05,10.32,10.51,10.2,10.37,10.37,288400,1062444000.0,0.049999999999998934,0.4844961240309974
2020-02-06,10.46,10.61,10.33,10.61,10.61,342500,1076857000.0,0.14999999999999858,1.43403441682599
2020-02-07,10.65,10.73,10.33,10.33,10.33,296900,1096417500.0,-0.3200000000000003,-3.0046948356807537
2020-02-10,10.38,10.56,10.28,10.46,10.46,281000,1068621000.0000001,0.08000000000000007,0.7707129094412337
2020-02-11,10.51,10.59,10.33,10.4,10.4,201500,1082004500.0,-0.10999999999999943,-1.0466222645099852
2020-02-12,10.4,10.47,10.3,10.32,10.32,210400,1070680000.0,-0.08000000000000007,-0.7692307692307698
2020-02-13,10.36,10.58,10.24,10.26,10.26,308300,1066562000.0,-0.09999999999999964,-0.965250965250962
2020-02-14,10.26,10.45,10.1,10.17,10.17,331600,1056267000.0,-0.08999999999999986,-0.8771929824561389
2020-02-18,10.26,10.72,10.22,10.61,10.61,450400,1056267000.0,0.34999999999999964,3.4113060428849864
2020-02-19,10.75,10.8,10.54,10.79,10.79,292500,1106712500.0,0.03999999999999915,0.37209302325580607
2020-02-20,10.78,10.96,10.51,10.69,10.69,415600,1109801000.0,-0.08999999999999986,-0.8348794063079765
2020-02-21,10.93,11.47,10.84,11.42,11.42,688500,1125243500.0,0.4900000000000002,4.483074107959746
2020-02-24,12.01,12.24,11.5,11.97,11.97,1040900,1236429500.0,-0.03999999999999915,-0.3330557868442893
2020-02-25,11.9,12.03,11.22,11.24,11.24,728600,1225105000.0,-0.6600000000000001,-5.546218487394959
2020-02-26,11.13,11.18,10.72,10.77,10.77,536900,1145833500.0,-0.3600000000000012,-3.2345013477089055
2020-02-27,10.86,10.86,9.56,9.58,9.58,1099500,1118037000.0,-1.2799999999999994,-11.786372007366477
2020-02-28,8.99,9.07,8.31,8.41,8.41,1158100,925520500.0,-0.5800000000000001,-6.451612903225808
2020-03-02,8.7,9.21,8.7,9.21,9.21,782900,895664999.9999999,0.5100000000000016,5.86206896551726
2020-03-03,9.45,10.03,9.2,9.64,9.64,1065600,972877499.9999999,0.19000000000000128,2.010582010582024
2020-03-04,9.64,9.69,8.93,9.13,9.13,755300,992438000.0,-0.5099999999999998,-5.290456431535267
2020-03-05,9.25,9.29,8.91,9.16,9.16,648800,952287500.0,-0.08999999999999986,-0.9729729729729714
2020-03-06,9.21,9.21,8.41,8.61,8.61,913100,948169500.0000001,-0.6000000000000014,-6.514657980456041
2020-03-09,8.1,8.22,7.6,7.62,7.62,648200,833895000.0,-0.47999999999999954,-5.92592592592592
2020-03-10,7.73,7.96,7.26,7.76,7.76,804500,795803500.0,0.02999999999999936,0.3880983182406127
2020-03-11,7.76,7.76,6.71,6.78,6.78,798100,798892000.0,-0.9799999999999995,-12.628865979381438
2020-03-12,5.7,6.35,5.32,5.34,5.34,1426300,586815000.0,-0.3600000000000003,-6.315789473684216
2020-03-13,5.59,5.75,4.9,4.97,4.97,1415900,575490500.0,-0.6200000000000001,-11.091234347048303
2020-03-16,4.3,6.33,3.84,5.82,5.82,1886800,442685000.0,1.5200000000000005,35.34883720930234
2020-03-17,5.71,7.53,5.6,7.49,7.49,1761900,587844500.0,1.7800000000000002,31.173380035026277
2020-03-18,6.7,8.63,6.7,7.21,7.21,1850800,689765000.0,0.5099999999999998,7.611940298507459
2020-03-19,7.22,8.98,6.7,8.07,8.07,1094800,743299000.0,0.8500000000000005,11.772853185595576
2020-03-20,9.18,9.18,7.61,7.82,7.82,1408900,945081000.0,-1.3599999999999994,-14.814814814814808
2020-03-23,8.35,8.5,7.44,8.03,8.03,1114600,859632500.0,-0.3200000000000003,-3.832335329341321
2020-03-24,9.34,9.54,8.68,9.3,9.3,1148100,961553000.0,-0.03999999999999915,-0.4282655246252586
2020-03-25,9.67,10.11,9.05,9.83,9.83,999300,995526500.0,0.16000000000000014,1.6546018614270956
2020-03-26,9.92,10.63,9.07,9.33,9.33,755800,1021264000.0,-0.5899999999999999,-5.947580645161289
2020-03-27,9.0,9.44,8.43,8.65,8.65,955000,926550000.0,-0.34999999999999964,-3.888888888888885
2020-03-30,8.05,8.75,7.45,7.71,7.71,810800,828747500.0000001,-0.34000000000000075,-4.2236024844720585
2020-03-31,7.36,8.24,7.35,7.68,7.68,531000,757712000.0,0.3199999999999994,4.3478260869565135
2020-04-01,7.44,7.82,7.26,7.67,7.67,659800,765948000.0,0.22999999999999954,3.0913978494623593
2020-04-02,7.71,8.3,7.57,7.59,7.59,619800,793744500.0,-0.1200000000000001,-1.5564202334630364
2020-04-03,7.58,7.9,7.42,7.49,7.49,272800,780361000.0,-0.08999999999999986,-1.187335092348283
2020-04-06,7.85,8.36,7.68,8.21,8.21,696500,808157500.0,0.3600000000000012,4.585987261146513
2020-04-07,8.93,9.16,8.33,8.74,8.74,559000,919343500.0,-0.1899999999999995,-2.1276595744680793
2020-04-08,8.65,8.94,8.37,8.46,8.46,450600,890517500.0,-0.1899999999999995,-2.1965317919075087
2020-04-09,8.97,9.66,8.77,9.64,9.64,793900,923461500.0000001,0.6699999999999999,7.469342251950946
2020-04-13,9.66,10.59,9.17,10.45,10.45,839100,994497000.0,0.7899999999999991,8.178053830227734
2020-04-14,10.94,11.64,9.76,10.21,10.21,1010600,1126273000.0,-0.7299999999999986,-6.672760511882986
2020-04-15,9.65,10.31,9.45,9.86,9.86,557900,993467500.0,0.20999999999999908,2.1761658031087987
2020-04-16,9.91,10.22,9.8,9.99,9.99,493400,1020234500.0,0.08000000000000007,0.8072653884964689
2020-04-17,9.59,9.95,9.53,9.57,9.57,659700,987290500.0,-0.019999999999999574,-0.2085505735140727
2020-04-20,9.56,9.99,9.46,9.83,9.83,558900,984202000.0,0.2699999999999996,2.8242677824267735
2020-04-21,9.49,9.83,9.37,9.71,9.71,496000,976995500.0,0.22000000000000064,2.3182297154899962
2020-04-22,10.06,10.06,9.52,9.87,9.87,674200,1035677000.0,-0.19000000000000128,-1.8886679920477263
2020-04-23,9.91,10.56,9.9,10.1,10.1,580100,1020234500.0,0.1899999999999995,1.917255297679107
2020-04-24,10.21,10.4,9.55,9.63,9.63,509000,1051119500.0000001,-0.5800000000000001,-5.680705190989226
2020-04-27,10.15,11.73,10.15,11.64,11.64,1582300,1044942500.0,1.4900000000000002,14.679802955665025
2020-04-28,11.79,12.34,11.13,12.07,12.07,1156700,1213780500.0,0.28000000000000114,2.3748939779474227
2020-04-29,12.47,12.83,11.71,12.31,12.31,1134300,1283786500.0,-0.16000000000000014,-1.2830793905372906
2020-04-30,12.3,12.32,11.38,11.49,11.49,694500,1266285000.0,-0.8100000000000005,-6.58536585365854
2020-05-01,11.26,11.49,11.03,11.49,11.49,753300,1159217000.0,0.23000000000000043,2.0426287744227394
2020-05-04,11.75,11.81,11.27,11.62,11.62,685100,1209662500.0,-0.13000000000000078,-1.1063829787234107
2020-05-05,11.66,11.8,11.26,11.61,11.61,644800,1200397000.0,-0.05000000000000071,-0.4288164665523217
2020-05-06,11.58,11.6,11.21,11.26,11.26,622900,1192161000.0,-0.3200000000000003,-2.763385146804838
2020-05-07,11.58,12.46,11.25,12.23,12.23,1314700,1192161000.0,0.6500000000000004,5.613126079447326
2020-05-08,12.48,12.68,11.99,12.12,12.12,564500,1284816000.0,-0.3600000000000012,-2.8846153846153944
2020-05-11,12.03,12.21,11.16,11.37,11.37,783600,1238488500.0,-0.6600000000000001,-5.48628428927681
2020-05-12,11.48,11.71,11.24,11.24,11.24,437600,1181866000.0,-0.2400000000000002,-2.0905923344947754
2020-05-13,11.5,11.63,10.7,11.41,11.41,780900,1183925000.0,-0.08999999999999986,-0.7826086956521727
2020-05-14,11.25,12.06,11.07,11.48,11.48,1014000,1158187500.0,0.23000000000000043,2.0444444444444483
2020-05-15,12.12,12.84,12.0,12.46,12.46,1858500,1247754000.0,0.34000000000000163,2.805280528052819
2020-05-18,13.88,14.0,12.85,13.36,13.36,1269700,1428946000.0,-0.5200000000000014,-3.746397694524505
2020-05-19,13.48,13.76,13.02,13.15,13.15,1240200,1387766000.0,-0.33000000000000007,-2.4480712166172114
2020-05-20,13.44,13.46,12.88,13.14,13.14,867500,1383648000.0,-0.29999999999999893,-2.232142857142849
2020-05-21,12.9,13.0,12.31,12.65,12.65,707100,1328055000.0,-0.25,-1.937984496124031
2020-05-22,12.74,13.11,12.55,12.71,12.71,436100,1311583000.0,-0.02999999999999936,-0.23547880690737333
2020-05-26,12.85,12.85,11.85,11.86,11.86,615800,1322907500.0,-0.9900000000000002,-7.704280155642025
2020-05-27,11.64,12.02,11.44,11.95,11.95,869800,1198338000.0,0.3099999999999987,2.663230240549817
2020-05-28,12.27,12.36,11.59,11.84,11.84,722100,1263196500.0,-0.4299999999999997,-3.5044824775876102
2020-05-29,12.38,12.68,12.01,12.47,12.47,995000,1274521000.0,0.08999999999999986,0.7269789983844899
2020-06-01,12.78,13.65,12.62,13.64,13.64,913300,1315701000.0,0.8600000000000012,6.729264475743359
2020-06-02,13.84,13.84,12.6,12.74,12.74,824900,1424828000.0,-1.0999999999999996,-7.947976878612714
2020-06-03,12.56,12.56,11.74,11.99,11.99,869600,1293052000.0,-0.5700000000000003,-4.5382165605095555
2020-06-04,12.17,12.61,11.98,12.39,12.39,601600,1252901500.0,0.22000000000000064,1.807723911257195
2020-06-05,11.85,12.44,11.69,12.4,12.4,752200,1219957500.0,0.5500000000000007,4.6413502109704705
2020-06-08,12.5,12.58,12.09,12.42,12.42,398200,1286875000.0,-0.08000000000000007,-0.6400000000000006
2020-06-09,12.44,12.82,12.23,12.36,12.36,348700,1280698000.0,-0.08000000000000007,-0.6430868167202578
2020-06-10,12.58,13.06,12.09,13.01,13.01,704400,1295111000.0,0.4299999999999997,3.418124006359298
2020-06-11,12.87,12.99,11.62,11.86,11.86,852000,1324966500.0,-1.0099999999999998,-7.847707847707847
2020-06-12,12.22,12.59,11.87,12.0,12.0,384700,1258049000.0,-0.22000000000000064,-1.800327332242231
2020-06-15,11.5,12.54,11.24,12.4,12.4,547700,1183925000.0,0.9000000000000004,7.826086956521743
2020-06-16,12.48,12.56,11.99,12.03,12.03,359900,1284816000.0,-0.45000000000000107,-3.6057692307692393
2020-06-17,12.05,12.31,12.02,12.12,12.12,255000,1240547500.0,0.06999999999999851,0.580912863070527
2020-06-18,11.88,12.09,11.73,11.79,11.79,335500,1223046000.0,-0.09000000000000163,-0.7575757575757713
2020-06-19,11.89,12.75,11.89,12.31,12.31,724000,1224075500.0,0.41999999999999993,3.53238015138772
2020-06-22,12.61,13.16,12.55,12.76,12.76,608500,1298199500.0,0.15000000000000036,1.1895321173671718
2020-06-23,12.99,13.41,12.93,13.2,13.2,494800,1337320500.0,0.20999999999999908,1.6166281755196232
2020-06-24,13.0,13.28,12.51,12.81,12.81,678300,1338350000.0,-0.1899999999999995,-1.4615384615384577
2020-06-25,12.83,13.21,12.45,13.16,13.16,501000,1320848500.0,0.33000000000000007,2.5720966484801253
2020-06-26,13.0,13.24,12.57,13.22,13.22,385000,1338350000.0,0.22000000000000064,1.6923076923076972
2020-06-29,13.31,13.52,13.11,13.45,13.45,432900,1370264500.0,0.1399999999999988,1.0518407212621996
2020-06-30,13.22,14.33,13.22,14.1,14.1,1158300,1360999000.0,0.879999999999999,6.65658093797276
2020-07-01,14.08,14.22,13.63,14.11,14.11,403400,1449536000.0,0.02999999999999936,0.2130681818181773
2020-07-02,14.11,14.28,13.7,13.75,13.75,433200,1452624500.0,-0.35999999999999943,-2.5513819985825616
2020-07-06,14.16,14.32,13.82,14.05,14.05,510300,1457772000.0,-0.10999999999999943,-0.7768361581920864
2020-07-07,13.92,14.24,13.85,14.22,14.22,663700,1433064000.0,0.3000000000000007,2.1551724137931085
2020-07-08,14.63,15.2,14.35,14.84,14.84,979200,1506158500.0,0.20999999999999908,1.435406698564587
2020-07-09,15.23,15.24,14.37,15.01,15.01,701800,1567928500.0,-0.22000000000000064,-1.4445173998686844
2020-07-10,15.24,15.24,14.58,14.85,14.85,533800,1568958000.0,-0.39000000000000057,-2.55905511811024
2020-07-13,15.49,15.72,14.42,14.43,14.43,872200,1594695500.0,-1.0600000000000005,-6.843124596513883
2020-07-14,14.4,15.02,14.32,15.02,15.02,496500,1482480000.0,0.6199999999999992,4.30555555555555
2020-07-15,15.06,15.22,14.67,15.22,15.22,461200,1550427000.0,0.16000000000000014,1.0624169986719798
2020-07-16,15.1,15.24,14.74,14.96,14.96,386300,1554545000.0,-0.1399999999999988,-0.9271523178807868
2020-07-17,15.19,15.4,15.0,15.28,15.28,528800,1563810500.0,0.08999999999999986,0.5924950625411446
2020-07-20,15.75,16.16,15.47,15.98,15.98,1136800,1621462500.0,0.23000000000000043,1.460317460317463
2020-07-21,17.25,17.48,16.719999,16.879999,16.879999,1453300,1775887500.0,-0.37000099999999847,-2.1449333333333245
2020-07-22,17.75,17.75,16.91,17.16,17.16,1441600,1827362500.0,-0.5899999999999999,-3.32394366197183
2020-07-23,17.110001,17.25,16.209999,16.65,16.65,957200,1761474602.95,-0.4600010000000019,-2.6884919527474125
2020-07-24,16.83,17.0,16.57,16.84,16.84,821200,1732648499.9999998,0.010000000000001563,0.0594177064765393
2020-07-27,17.99,18.0,17.57,17.809999,17.809999,1320400,1852070499.9999998,-0.1800009999999972,-1.0005614230127695
2020-07-28,17.610001,17.74,17.1,17.16,17.16,851700,1812949602.95,-0.4500010000000003,-2.5553718026478265
2020-07-29,17.24,17.299999,16.540001,16.84,16.84,651800,1774857999.9999998,-0.3999999999999986,-2.32018561484918
2020-07-30,16.51,16.809999,16.09,16.370001,16.370001,569400,1699704500.0000002,-0.1399990000000031,-0.8479648697759121
2020-07-31,16.9,17.17,16.58,16.889999,16.889999,546100,1739854999.9999998,-0.010000999999999038,-0.05917751479289372
2020-08-03,17.200001,17.200001,16.49,16.780001,16.780001,358100,1770740102.95,-0.4200000000000017,-2.441860323147665
2020-08-04,16.83,17.620001,16.540001,17.610001,17.610001,1003300,1732648499.9999998,0.7800010000000022,4.634587046940002
2020-08-05,18.25,18.25,16.92,17.01,17.01,1067100,1878837500.0,-1.2399999999999984,-6.794520547945197
2020-08-06,17.459999,17.59,16.49,16.9,16.9,724100,1797506897.05,-0.5599990000000012,-3.207325498701353
2020-08-07,16.290001,16.629999,15.96,16.42,16.42,719500,1677055602.95,0.12999900000000153,0.7980294169411133
2020-08-10,16.860001,17.639999,16.450001,16.530001,16.530001,718700,1735737102.95,-0.33000000000000185,-1.9572952575744322
2020-08-11,15.55,15.96,15.16,15.31,15.31,1011700,1600872500.0,-0.2400000000000002,-1.5434083601286186
2020-08-12,15.87,16.219999,15.48,15.64,15.64,633800,1633816500.0,-0.22999999999999865,-1.4492753623188321
2020-08-13,15.96,16.73,15.79,16.02,16.02,984700,1643082000.0,0.05999999999999872,0.3759398496240521
2020-08-14,15.96,16.059999,15.59,15.86,15.86,426400,1643082000.0,-0.10000000000000142,-0.6265664160401091
2020-08-17,16.5,16.59,16.209999,16.530001,16.530001,493600,1698675000.0,0.030000999999998612,0.181824242424234
2020-08-18,17.1,17.120001,16.459999,16.67,16.67,509300,1760445000.0000002,-0.4299999999999997,-2.514619883040934
2020-08-19,16.389999,16.629999,15.89,15.95,15.95,454100,1687350397.05,-0.43999900000000025,-2.6845578209004177
2020-08-20,15.91,16.309999,15.69,16.02,16.02,560500,1637934500.0,0.10999999999999943,0.6913890634820832
2020-08-21,15.56,15.81,15.33,15.53,15.53,335200,1601902000.0,-0.030000000000001137,-0.19280205655527724
2020-08-24,15.73,15.78,15.07,15.22,15.22,379900,1619403500.0,-0.5099999999999998,-3.2422123331214228
2020-08-25,15.16,15.37,14.78,15.13,15.13,487000,1560722000.0,-0.02999999999999936,-0.19788918205804326
2020-08-26,14.92,15.79,14.88,15.78,15.78,499700,1536014000.0,0.8599999999999994,5.764075067024125
2020-08-27,16.02,16.07,15.35,15.74,15.74,323900,1649259000.0,-0.27999999999999936,-1.7478152309612942
2020-08-28,16.15,16.709999,15.99,16.629999,16.629999,620500,1662642499.9999998,0.47999900000000295,2.9721300309597707
2020-08-31,16.67,17.190001,16.620001,16.93,16.93,656300,1716176500.0000002,0.259999999999998,1.5596880623875105
2020-09-01,17.200001,17.27,16.51,16.74,16.74,585200,1770740102.95,-0.4600010000000019,-2.6744242631148794
2020-09-02,16.559999,16.559999,15.75,16.32,16.32,483200,1704851897.0500002,-0.23999900000000096,-1.4492694111877722
2020-09-03,16.09,16.27,15.55,16.09,16.09,519000,1656465500.0,0.0,0.0
2020-09-04,15.93,16.0,15.09,15.78,15.78,622700,1639993500.0,-0.15000000000000036,-0.9416195856873845
2020-09-08,15.33,15.77,14.78,15.44,15.44,498400,1578223500.0,0.10999999999999943,0.7175472928897549
2020-09-09,15.42,15.94,15.42,15.71,15.71,423100,1587489000.0,0.2900000000000009,1.8806744487678402
2020-09-10,15.82,16.200001,15.66,15.84,15.84,371800,1628669000.0,0.019999999999999574,0.12642225031605292
2020-09-11,15.91,16.309999,15.61,15.74,15.74,322500,1637934500.0,-0.16999999999999993,-1.0685103708359518
2020-09-14,15.91,17.309999,15.9,17.280001,17.280001,820300,1637934500.0,1.3700009999999985,8.610942803268374
2020-09-15,17.299999,17.469999,16.65,17.16,17.16,606800,1781034897.05,-0.13999899999999954,-0.8092428213435131
2020-09-16,17.309999,17.83,17.15,17.51,17.51,693200,1782064397.0500002,0.20000100000000032,1.1554073457774336
2020-09-17,17.08,17.969999,17.040001,17.85,17.85,602900,1758385999.9999998,0.7700000000000031,4.508196721311494
2020-09-18,17.85,18.219999,17.559999,17.709999,17.709999,779600,1837657500.0000002,-0.1400010000000016,-0.7843193277311012
2020-09-21,17.09,17.34,15.59,16.370001,16.370001,1093500,1759415500.0,-0.7199990000000014,-4.212984201287311
2020-09-22,16.35,16.66,15.78,16.139999,16.139999,562900,1683232500.0000002,-0.21000100000000188,-1.284409785932733
2020-09-23,15.72,15.79,14.23,14.35,14.35,1076400,1618374000.0,-1.370000000000001,-8.715012722646316
2020-09-24,14.12,15.65,14.01,15.48,15.48,1012600,1453654000.0,1.3600000000000012,9.631728045325788
2020-09-25,15.24,15.6,15.04,15.48,15.48,479900,1568958000.0,0.2400000000000002,1.5748031496063006
2020-09-28,15.89,15.89,15.05,15.18,15.18,445300,1635875500.0,-0.7100000000000009,-4.468219005663944
2020-09-29,16.059999,16.82,15.5,16.57,16.57,1150900,1653376897.0500002,0.510000999999999,3.1755979561393435
2020-09-30,16.5,16.639999,15.96,16.26,16.26,545500,1698675000.0,-0.23999999999999844,-1.454545454545445
2020-10-01,16.5,16.969999,16.379999,16.780001,16.780001,499800,1698675000.0,0.2800009999999986,1.6969757575757491
2020-10-02,16.51,17.139999,16.450001,16.809999,16.809999,369400,1699704500.0000002,0.2999989999999997,1.8170745003028448
2020-10-05,17.030001,17.469999,16.959999,17.290001,17.290001,349400,1753238602.9499998,0.26000000000000156,1.5267174676032114
2020-10-06,17.42,17.43,16.309999,16.440001,16.440001,431900,1793389000.0000002,-0.979999000000003,-5.6257118254879614
2020-10-07,16.57,16.93,16.370001,16.530001,16.530001,264600,1705881500.0,-0.03999900000000167,-0.24139408569705295
2020-10-08,16.77,17.1,16.68,17.02,17.02,278200,1726471500.0,0.25,1.4907573047107932
2020-10-09,17.43,18.5,17.41,18.43,18.43,790600,1794418500.0,1.0,5.737234652897303
2020-10-12,18.67,18.99,18.190001,18.6,18.6,543100,1922076500.0000002,-0.07000000000000028,-0.3749330476700604
2020-10-13,18.360001,18.49,17.700001,18.15,18.15,518300,1890162102.95,-0.21000100000000188,-1.1437962339980365
2020-10-14,18.540001,18.83,18.1,18.469999,18.469999,491000,1908693102.95,-0.07000199999999879,-0.3775727951686669
2020-10-15,18.0,18.200001,17.76,18.1,18.1,280800,1853100000.0,0.10000000000000142,0.5555555555555635
2020-10-16,18.219999,18.299999,17.57,17.65,17.65,318200,1875748897.0500002,-0.5699990000000028,-3.128424979606216
2020-10-19,17.83,17.91,17.07,17.16,17.16,420600,1835598499.9999998,-0.6699999999999982,-3.7577117218171523
2020-10-20,17.139999,17.709999,17.08,17.59,17.59,203700,1764562897.05,0.4500010000000003,2.6254435604109445
2020-10-21,17.68,18.809999,17.65,18.43,18.43,561700,1820156000.0,0.75,4.242081447963801
2020-10-22,18.120001,18.35,17.9,18.299999,18.299999,453800,1865454102.9499998,0.1799980000000012,0.9933663910945767
2020-10-23,18.32,18.32,17.67,17.870001,17.870001,332000,1886044000.0,-0.4499990000000018,-2.4563264192139838
2020-10-26,17.709999,18.200001,17.32,17.389999,17.389999,403700,1823244397.05,-0.3200000000000003,-1.806888865436979
2020-10-27,17.77,18.08,17.43,17.82,17.82,636500,1829421500.0,0.05000000000000071,0.28137310073157407
2020-10-28,16.98,17.09,16.059999,16.219999,16.219999,832000,1748091000.0,-0.760000999999999,-4.475859835100112
2020-10-29,15.81,16.77,15.77,16.51,16.51,466900,1627639500.0,0.7000000000000011,4.427577482605952
2020-10-30,16.799999,16.959999,16.139999,16.940001,16.940001,462700,1729559897.05,0.14000199999999907,0.8333452876991188
2020-11-02,17.16,17.51,16.58,17.5,17.5,415900,1766622000.0,0.33999999999999986,1.9813519813519804
2020-11-03,17.879999,18.1,17.639999,17.85,17.85,434000,1840745897.0500002,-0.02999900000000011,-0.16777965144181556
2020-11-04,17.85,17.85,16.76,17.040001,17.040001,519200,1837657500.0000002,-0.8099990000000012,-4.537809523809531
2020-11-05,17.719999,19.65,17.719999,19.540001,19.540001,1015800,1824273897.0500002,1.8200019999999988,10.27089222747698
2020-11-06,19.799999,20.15,19.42,19.860001,19.860001,658600,2038409897.05,0.06000200000000078,0.30304041934547965
2020-11-09,18.92,19.219999,17.940001,18.690001,18.690001,846200,1947814000.0000002,-0.22999900000000295,-1.2156395348837363
2020-11-10,18.68,18.68,17.09,17.110001,17.110001,687100,1923106000.0,-1.5699989999999993,-8.404705567451815
2020-11-11,17.1,17.120001,16.709999,16.82,16.82,589900,1760445000.0000002,-0.28000000000000114,-1.6374269005848017
2020-11-12,16.98,17.66,16.98,17.09,17.09,401400,1748091000.0,0.10999999999999943,0.6478209658421639
2020-11-13,17.67,17.75,17.040001,17.15,17.15,335300,1819126500.0000002,-0.5200000000000031,-2.9428409734012626
2020-11-16,17.129999,17.24,16.35,16.549999,16.549999,686600,1763533397.0500002,-0.5800000000000018,-3.3858729355442567
2020-11-17,16.309999,16.559999,15.94,16.02,16.02,743500,1679114397.0500002,-0.28999900000000167,-1.7780442537121042
2020-11-18,16.030001,16.09,15.26,15.39,15.39,720500,1650288602.9499998,-0.640000999999998,-3.9925200254198248
2020-11-19,15.06,15.68,15.01,15.4,15.4,562100,1550427000.0,0.33999999999999986,2.2576361221779537
2020-11-20,15.67,16.07,15.59,15.73,15.73,716600,1613226500.0,0.0600000000000005,0.38289725590300255
2020-11-23,15.53,15.55,14.75,14.9,14.9,757000,1598813500.0,-0.629999999999999,-4.0566645202833165
2020-11-24,14.55,14.75,14.32,14.48,14.48,880300,1497922500.0,-0.07000000000000028,-0.48109965635739027
2020-11-25,14.77,15.07,14.57,14.71,14.71,493400,1520571500.0,-0.05999999999999872,-0.40622884224779093
2020-11-27,14.35,14.97,14.34,14.89,14.89,419700,1477332500.0,0.5400000000000009,3.7630662020905987
2020-11-30,14.57,15.26,14.39,15.24,15.24,858800,1499981500.0,0.6699999999999999,4.598490048043925
2020-12-01,16.24,16.73,15.48,16.68,16.68,1146300,1671907999.9999998,0.4400000000000013,2.709359605911338
2020-12-02,16.74,16.969999,16.49,16.74,16.74,531900,1723382999.9999998,0.0,0.0
2020-12-03,16.780001,17.09,16.49,16.68,16.68,432400,1727501102.9499998,-0.1000009999999989,-0.5959534805748754
2020-12-04,16.6,16.799999,16.23,16.4,16.4,530200,1708970000.0000002,-0.20000000000000284,-1.2048192771084507
2020-12-07,16.4,17.059999,16.4,16.870001,16.870001,383700,1688379999.9999998,0.4700009999999999,2.865859756097561
2020-12-08,17.01,17.15,16.6,16.83,16.83,231000,1751179500.0000002,-0.18000000000000327,-1.0582010582010775
2020-12-09,16.639999,16.65,15.75,16.15,16.15,626200,1713087897.05,-0.48999900000000096,-2.944705705811647
2020-12-10,16.1,16.549999,15.9,16.129999,16.129999,344400,1657495000.0000002,0.02999900000000011,0.1863291925465845
2020-12-11,16.129999,16.42,15.83,16.200001,16.200001,392500,1660583397.0500002,0.07000199999999879,0.43398638772388504
2020-12-14,16.25,16.43,15.31,15.36,15.36,587600,1672937500.0,-0.8900000000000006,-5.476923076923081
2020-12-15,15.7,16.219999,15.7,16.200001,16.200001,671100,1616315000.0,0.500001000000001,3.1847197452229365
2020-12-16,16.42,16.92,16.290001,16.889999,16.889999,978400,1690439000.0000002,0.46999899999999784,2.862356881851387
2020-12-17,17.620001,18.360001,17.360001,18.25,18.25,924000,1813979102.9499998,0.6299990000000015,3.5754765280660408
2020-12-18,18.290001,18.290001,17.68,17.790001,17.790001,1199700,1882955602.95,-0.5,-2.73373413156183
2020-12-21,18.049999,19.0,17.92,18.82,18.82,843500,1858247397.05,0.7700010000000006,4.2659337543453635
2020-12-22,18.85,18.93,17.6,17.700001,17.700001,786500,1940607500.0000002,-1.149999000000001,-6.100790450928387
2020-12-23,17.870001,18.41,17.799999,18.360001,18.360001,567900,1839716602.9499998,0.490000000000002,2.7420255880232016
2020-12-24,18.309999,18.790001,18.23,18.639999,18.639999,281000,1885014397.0500002,0.3299999999999983,1.802293926941221
2020-12-28,19.120001,19.719999,18.9,19.200001,19.200001,643900,1968404102.9499998,0.08000000000000185,0.4184100199576446
2020-12-29,19.5,19.889999,19.08,19.379999,19.379999,924100,2007525000.0,-0.12000099999999847,-0.6153897435897357
2020-12-30,19.6,20.73,19.5,20.690001,20.690001,818900,2017820000.0000002,1.0900009999999973,5.561229591836721
2020-12-31,20.969999,20.99,20.25,20.52,20.52,663500,2158861397.05,-0.4499990000000018,-2.145918080396674
2021-01-04,22.1,22.559999,21.57,21.780001,21.780001,1135600,2275195000.0,-0.3199990000000028,-1.4479592760181121
2021-01-05,22.219999,22.59,21.41,22.190001,22.190001,779800,2287548897.05,-0.029998000000002634,-0.1350045065258672
2021-01-06,22.15,22.610001,21.59,22.59,22.59,593400,2280342500.0,0.4400000000000013,1.9864559819413152
2021-01-07,22.639999,23.0,21.959999,22.17,22.17,521100,2330787897.05,-0.46999899999999784,-2.0759674061822966
2021-01-08,21.42,21.709999,20.120001,20.99,20.99,1348100,2205189000.0,-0.43000000000000327,-2.007469654528493
2021-01-11,20.34,20.98,20.139999,20.65,20.65,495300,2094003000.0,0.3099999999999987,1.5240904621435534
2021-01-12,20.66,20.799999,19.77,20.67,20.67,518000,2126947000.0,0.010000000000001563,0.04840271055179846
2021-01-13,20.610001,20.65,19.629999,19.629999,19.629999,442200,2121799602.95,-0.9800019999999989,-4.754982787240034
2021-01-14,19.66,20.299999,19.540001,19.83,19.83,382500,2023997000.0,0.16999999999999815,0.8646998982705908
2021-01-15,19.459999,19.68,18.41,18.43,18.43,763500,2003406897.05,-1.029999,-5.29290366356134
2021-01-19,18.5,18.799999,17.92,18.129999,18.129999,664600,1904575000.0,-0.37000099999999847,-2.000005405405397
2021-01-20,18.5,19.530001,18.309999,19.299999,19.299999,592100,1904575000.0,0.7999989999999997,4.324318918918917
2021-01-21,19.4,19.4,18.5,18.77,18.77,467700,1997229999.9999998,-0.629999999999999,-3.2474226804123667
2021-01-22,18.09,18.67,17.870001,18.42,18.42,335800,1862365500.0,0.33000000000000185,1.8242122719734761
2021-01-25,18.5,18.74,17.65,18.01,18.01,591200,1904575000.0,-0.48999999999999844,-2.6486486486486402
2021-01-26,18.33,18.360001,17.92,18.110001,18.110001,424900,1887073499.9999998,-0.21999899999999784,-1.200212765957435
2021-01-27,17.65,17.67,16.6,16.73,16.73,981400,1817067499.9999998,-0.9199999999999982,-5.212464589235117
2021-01-28,18.76,19.129999,17.17,17.870001,17.870001,1662900,1931342000.0000002,-0.8899990000000031,-4.744131130063982
2021-01-29,20.110001,21.040001,18.889999,19.66,19.66,1935600,2070324602.95,-0.4500010000000003,-2.237697551581426
2021-02-01,24.0,24.43,20.610001,22.1,22.1,2893900,2470800000.0,-1.8999999999999986,-7.916666666666661
2021-02-02,19.799999,20.610001,18.92,19.16,19.16,1346900,2038409897.05,-0.6399989999999995,-3.232318345066581
2021-02-03,19.65,19.65,18.68,18.84,18.84,536300,2022967499.9999998,-0.8099999999999987,-4.122137404580147
2021-02-04,18.25,18.309999,17.57,18.01,18.01,1313700,1878837500.0,-0.23999999999999844,-1.3150684931506764
2021-02-05,18.18,18.42,17.950001,18.190001,18.190001,975200,1871631000.0,0.010000999999999038,0.05501100110010472
2021-02-08,18.84,19.18,18.51,19.08,19.08,709100,1939578000.0,0.23999999999999844,1.273885350318463
2021-02-09,19.440001,19.440001,18.67,18.969999,18.969999,516600,2001348102.9499998,-0.47000199999999737,-2.417705636949285
2021-02-10,19.200001,19.23,18.33,18.799999,18.799999,429300,1976640102.95,-0.40000200000000063,-2.083343641492522
2021-02-11,18.84,19.49,18.4,18.469999,18.469999,707300,1939578000.0,-0.37000099999999847,-1.9639118895965948
2021-02-12,18.24,19.58,18.030001,19.139999,19.139999,810800,1877807999.9999998,0.8999990000000011,4.934205043859655
2021-02-16,19.049999,20.280001,18.84,19.9,19.9,883200,1961197397.05,0.8500009999999989,4.461947740784653
2021-02-17,19.459999,19.93,18.9,19.610001,19.610001,564400,2003406897.05,0.15000200000000063,0.7708222389939517
2021-02-18,19.530001,19.870001,18.940001,19.26,19.26,429400,2010613602.9499998,-0.27000099999999705,-1.3824935288021596
2021-02-19,19.719999,20.25,19.65,20.110001,20.110001,666600,2030173897.0500002,0.39000199999999907,1.9776978690516114
2021-02-22,20.540001,21.719999,20.030001,21.48,21.48,1134400,2114593102.95,0.9399990000000003,4.576431130650871
2021-02-23,21.32,21.58,20.43,21.48,21.48,737400,2194894000.0,0.16000000000000014,0.7504690431519707
2021-02-24,21.41,22.450001,20.9,22.34,22.34,578100,2204159500.0,0.9299999999999997,4.343764595983184
2021-02-25,22.23,22.68,21.0,21.120001,21.120001,716200,2288578500.0,-1.109999000000002,-4.993247863247872
2021-02-26,20.18,20.58,18.700001,19.129999,19.129999,1132600,2077531000.0,-1.0500009999999982,-5.203176412289387
2021-03-01,19.360001,19.809999,18.27,18.360001,18.360001,761700,1993112102.95,-1.0,-5.16528898939623
2021-03-02,18.34,19.209999,18.27,18.73,18.73,610700,1888103000.0,0.39000000000000057,2.126499454743733
2021-03-03,18.07,18.299999,17.27,17.5,17.5,1017600,1860306500.0,-0.5700000000000003,-3.1543995572772565
2021-03-04,17.49,17.76,16.33,17.0,17.0,1041800,1800595499.9999998,-0.48999999999999844,-2.801600914808453
2021-03-05,16.98,17.059999,16.09,16.709999,16.709999,891000,1748091000.0,-0.2700010000000006,-1.5901118963486491
2021-03-08,16.629999,16.860001,16.120001,16.379999,16.379999,740100,1712058397.0500002,-0.25,-1.5033073664045318
2021-03-09,17.959999,17.99,16.719999,17.059999,17.059999,912300,1848981897.05,-0.8999999999999986,-5.011136136477505
2021-03-10,17.35,17.379999,16.08,16.440001,16.440001,1409700,1786182500.0000002,-0.9099990000000027,-5.244951008645548
2021-03-11,16.799999,16.84,16.08,16.709999,16.709999,1078600,1729559897.05,-0.08999999999999986,-0.5357143176020419
2021-03-12,16.23,16.75,15.9,16.629999,16.629999,1069900,1670878500.0,0.3999990000000011,2.4645656192236665
2021-03-15,16.9,17.049999,16.139999,16.48,16.48,1374800,1739854999.9999998,-0.41999999999999815,-2.485207100591705
2021-03-16,16.41,16.41,15.82,16.09,16.09,1043700,1689409500.0,-0.3200000000000003,-1.9500304692260835
2021-03-17,15.97,16.559999,15.75,16.42,16.42,873600,1644111500.0,0.45000000000000107,2.8177833437695745
2021-03-18,16.1,16.950001,15.89,16.290001,16.290001,1061900,1657495000.0000002,0.19000099999999875,1.1801304347826007
2021-03-19,16.450001,16.58,16.049999,16.440001,16.440001,897700,1693527602.95,-0.010000000000001563,-0.06079026986078337
2021-03-22,16.24,16.540001,16.139999,16.17,16.17,562600,1671907999.9999998,-0.06999999999999673,-0.4310344827586006
2021-03-23,16.0,16.07,15.33,15.43,15.43,839500,1647200000.0,-0.5700000000000003,-3.5625000000000018
2021-03-24,15.5,15.63,15.09,15.16,15.16,538300,1595725000.0,-0.33999999999999986,-2.1935483870967736
2021-03-25,14.73,15.42,14.7,15.18,15.18,738400,1516453500.0,0.4499999999999993,3.054989816700606
2021-03-26,15.21,15.37,15.01,15.3,15.3,459100,1565869500.0,0.08999999999999986,0.59171597633136
2021-03-29,15.05,15.18,14.44,14.88,14.88,578400,1549397500.0,-0.16999999999999993,-1.1295681063122918
2021-03-30,14.3,14.7,14.15,14.4,14.4,854100,1472185000.0,0.09999999999999964,0.6993006993006968
2021-03-31,14.36,15.31,14.29,15.01,15.01,723400,1478362000.0,0.6500000000000004,4.526462395543178
2021-04-01,15.15,16.08,15.15,16.059999,16.059999,673800,1559692500.0,0.9099990000000009,6.006594059405947
2021-04-05,16.219999,16.389999,15.84,15.86,15.86,593600,1669848897.0500002,-0.35999900000000196,-2.2194760924461336
2021-04-06,16.129999,17.0,16.1,16.790001,16.790001,841200,1660583397.0500002,0.6600019999999986,4.091767147660694
2021-04-07,16.58,16.68,16.07,16.209999,16.209999,547900,1706910999.9999998,-0.37000099999999847,-2.2316103739445023
2021-04-08,16.6,17.09,16.58,16.99,16.99,595500,1708970000.0000002,0.389999999999997,2.349397590361428
2021-04-09,16.5,17.549999,16.5,17.370001,17.370001,700200,1698675000.0,0.8700009999999985,5.272733333333324
2021-04-12,17.299999,17.299999,16.639999,16.77,16.77,424300,1781034897.05,-0.5299990000000001,-3.063578211767527
2021-04-13,17.120001,17.469999,16.98,17.02,17.02,473000,1762504102.9499998,-0.1000009999999989,-0.5841179565351597
2021-04-14,17.0,17.049999,16.51,16.52,16.52,565800,1750150000.0,-0.4800000000000004,-2.8235294117647083
2021-04-15,16.82,17.57,16.77,17.309999,17.309999,470700,1731619000.0,0.48999900000000096,2.9131926278240248
2021-04-16,17.6,17.67,17.25,17.51,17.51,489100,1811920000.0000002,-0.08999999999999986,-0.5113636363636355
2021-04-19,17.42,17.549999,17.139999,17.379999,17.379999,384900,1793389000.0000002,-0.040001000000000175,-0.22962686567164278
2021-04-20,17.33,17.67,17.15,17.559999,17.559999,371400,1784123499.9999998,0.22999900000000295,1.3271725331794748
2021-04-21,17.690001,18.48,17.639999,18.43,18.43,523600,1821185602.9499998,0.739999000000001,4.183148435096194
2021-04-22,18.280001,18.450001,17.860001,17.99,17.99,443700,1881926102.9499998,-0.2900010000000002,-1.5864386440679088
2021-04-23,18.32,18.52,17.959999,18.059999,18.059999,315700,1886044000.0,-0.26000099999999904,-1.4192194323144052
2021-04-26,18.25,18.25,17.950001,18.09,18.09,432400,1878837500.0,-0.16000000000000014,-0.8767123287671241
2021-04-27,18.26,18.389999,17.82,17.860001,17.860001,379200,1879867000.0000002,-0.3999990000000011,-2.190575027382262
2021-04-28,17.6,18.389999,17.309999,18.209999,18.209999,429800,1811920000.0000002,0.6099989999999984,3.4659034090909002
2021-04-29,18.07,18.07,17.370001,17.68,17.68,470000,1860306500.0,-0.39000000000000057,-2.1582733812949675
2021-04-30,17.549999,17.82,17.190001,17.26,17.26,364200,1806772397.05,-0.2899989999999981,-1.6524160485707045
2021-05-03,17.65,19.049999,17.6,19.0,19.0,927500,1817067499.9999998,1.3500000000000014,7.648725212464598
2021-05-04,19.0,19.93,18.57,18.65,18.65,1135300,1956050000.0,-0.3500000000000014,-1.8421052631579022
2021-05-05,18.75,18.75,18.25,18.49,18.49,286400,1930312500.0,-0.26000000000000156,-1.386666666666675
2021-05-06,18.84,19.809999,18.799999,19.5,19.5,782500,1939578000.0,0.6600000000000001,3.5031847133757967
2021-05-07,19.83,19.91,19.23,19.370001,19.370001,445200,2041498499.9999998,-0.4599989999999998,-2.3197125567322234
2021-05-10,19.73,19.98,18.91,18.91,18.91,465100,2031203500.0,-0.8200000000000003,-4.15610745058287
2021-05-11,18.41,19.68,18.27,19.68,19.68,418100,1895309500.0,1.2699999999999996,6.8984247691472005
2021-05-12,19.540001,19.860001,18.940001,19.02,19.02,342800,2011643102.95,-0.5200010000000006,-2.6612127604292377
2021-05-13,18.809999,18.98,18.030001,18.290001,18.290001,524500,1936489397.0500002,-0.5199980000000011,-2.7644764893395317
2021-05-14,18.530001,19.290001,18.530001,19.23,19.23,398500,1907663602.9499998,0.6999990000000018,3.7776522516107898
2021-05-17,19.379999,20.91,19.32,20.860001,20.860001,715600,1995170897.0500002,1.480001999999999,7.636749620059313
2021-05-18,21.0,21.0,20.280001,20.48,20.48,497700,2161950000.0,-0.5199999999999996,-2.476190476190474
2021-05-19,20.09,20.360001,19.57,19.9,19.9,471800,2068265500.0,-0.19000000000000128,-0.9457441513190705
2021-05-20,20.1,20.360001,19.83,20.030001,20.030001,407800,2069295000.0000002,-0.06999900000000281,-0.3482537313432975
2021-05-21,20.139999,20.309999,19.74,20.030001,20.030001,413500,2073412897.05,-0.10999800000000093,-0.5461668592932946
2021-05-24,20.02,20.459999,20.02,20.42,20.42,275600,2061059000.0,0.40000000000000213,1.9980019980020087
2021-05-25,20.5,21.049999,19.92,20.889999,20.889999,439800,2110475000.0,0.38999899999999954,1.9024341463414611
2021-05-26,21.059999,21.309999,20.76,20.83,20.83,546700,2168126897.05,-0.22999900000000295,-1.0921130623035782
2021-05-27,20.700001,21.33,20.309999,21.25,21.25,436800,2131065102.95,0.5499989999999997,2.6569998716425167
2021-05-28,21.0,21.549999,21.0,21.49,21.49,340300,2161950000.0,0.48999999999999844,2.333333333333326
2021-06-01,21.639999,22.32,21.639999,22.02,22.02,531500,2227837897.05,0.38000100000000003,1.7560120959340157
2021-06-02,22.190001,22.65,21.85,22.309999,22.309999,492900,2284460602.95,0.11999800000000249,0.5407750995594931
2021-06-03,21.639999,21.9,21.219999,21.610001,21.610001,523100,2227837897.05,-0.02999799999999908,-0.1386229269234212
2021-06-04,21.790001,22.42,21.77,22.09,22.09,351400,2243280602.95,0.2999989999999997,1.3767736862426014
2021-06-07,21.860001,22.75,21.709999,22.549999,22.549999,420000,2250487102.95,0.6899979999999992,3.156440843712675
2021-06-08,22.219999,22.83,22.209999,22.52,22.52,750600,2287548897.05,0.3000009999999982,1.350139574713744
2021-06-09,22.68,23.059999,22.48,22.700001,22.700001,486400,2334906000.0,0.0200010000000006,0.08818783068783334
2021-06-10,22.76,23.67,22.559999,23.610001,23.610001,400800,2343142000.0,0.8500009999999989,3.734626537785583
2021-06-11,23.620001,23.700001,23.1,23.43,23.43,367400,2431679102.95,-0.19000099999999875,-0.80440724790824
2021-06-14,22.93,24.129999,22.82,23.700001,23.700001,605400,2360643500.0,0.7700010000000006,3.3580505887483674
2021-06-15,23.52,23.809999,23.18,23.67,23.67,524300,2421384000.0,0.15000000000000213,0.6377551020408254
2021-06-16,23.6,23.940001,23.32,23.52,23.52,641700,2429620000.0,-0.08000000000000185,-0.33898305084746544
2021-06-17,21.98,23.5,21.610001,22.459999,22.459999,2300900,2262841000.0,0.4799989999999994,2.1837989080982685
2021-06-18,22.360001,22.75,21.860001,21.93,21.93,1701500,2301962102.95,-0.43000100000000074,-1.9230813093434151
2021-06-21,22.0,22.309999,20.98,21.48,21.48,648400,2264900000.0,-0.5199999999999996,-2.363636363636362
2021-06-22,21.27,22.0,20.91,21.879999,21.879999,795200,2189746500.0,0.609999000000002,2.867884344146695
2021-06-23,22.32,22.57,21.91,21.91,21.91,667600,2297844000.0,-0.41000000000000014,-1.836917562724015
2021-06-24,22.120001,22.200001,21.68,21.83,21.83,179500,2277254102.95,-0.2900010000000002,-1.3110352029369265
2021-06-25,22.0,22.09,21.34,21.450001,21.450001,243900,2264900000.0,-0.5499989999999997,-2.499995454545453
2021-06-28,21.6,21.6,20.360001,20.68,20.68,665800,2223720000.0,-0.9200000000000017,-4.259259259259267
2021-06-29,20.25,20.690001,19.959999,20.16,20.16,460800,2084737500.0,-0.08999999999999986,-0.44444444444444375
2021-06-30,20.15,20.99,20.129999,20.92,20.92,607700,2074442499.9999998,0.7700000000000031,3.821339950372224
2021-07-01,20.66,21.23,20.6,20.969999,20.969999,348200,2126947000.0,0.30999900000000125,1.5004791868344687
2021-07-02,21.43,21.610001,20.969999,21.59,21.59,508300,2206218500.0,0.16000000000000014,0.7466168922071869
2021-07-06,21.9,22.209999,21.110001,21.23,21.23,418300,2254605000.0,-0.6699999999999982,-3.059360730593599
2021-07-07,21.4,21.440001,20.92,21.360001,21.360001,211700,2203130000.0,-0.03999899999999812,-0.18691121495326224
2021-07-08,21.129999,21.360001,20.110001,20.190001,20.190001,495400,2175333397.05,-0.9399980000000028,-4.448641952136404
2021-07-09,20.18,20.9,20.15,20.889999,20.889999,273800,2077531000.0,0.7099989999999998,3.5183300297324074
2021-07-12,20.76,21.08,20.459999,20.559999,20.559999,342700,2137242000.0000002,-0.20000100000000032,-0.9633959537572269
2021-07-13,20.540001,20.969999,20.459999,20.620001,20.620001,312700,2114593102.95,0.0799999999999983,0.38948391482550704
2021-07-14,21.110001,21.290001,20.58,20.610001,20.610001,309000,2173274602.95,-0.5,-2.368545600732089
2021-07-15,20.65,20.809999,20.110001,20.450001,20.450001,300300,2125917499.9999998,-0.19999899999999826,-0.9685181598062871
2021-07-16,20.4,20.42,18.690001,18.690001,18.690001,687700,2100179999.9999998,-1.7099989999999998,-8.382348039215685
2021-07-19,18.280001,18.639999,17.4,17.799999,17.799999,802400,1881926102.9499998,-0.48000199999999893,-2.62583136620178
2021-07-20,17.860001,18.059999,17.469999,17.74,17.74,373100,1838687102.95,-0.12000100000000202,-0.6718980586843305
2021-07-21,17.67,18.6,17.639999,18.559999,18.559999,322300,1819126500.0000002,0.8899989999999995,5.036779852857949
2021-07-22,18.610001,18.799999,18.18,18.42,18.42,349200,1915899602.95,-0.19000099999999875,-1.0209617936076347
2021-07-23,18.280001,18.559999,18.08,18.43,18.43,269300,1881926102.9499998,0.1499990000000011,0.8205634124418326
2021-07-26,18.6,19.469999,18.5,18.98,18.98,287000,1914870000.0000002,0.379999999999999,2.0430107526881667
2021-07-27,19.1,19.1,18.42,18.690001,18.690001,300100,1966345000.0000002,-0.40999900000000267,-2.146591623036663
2021-07-28,18.610001,19.549999,18.6,19.459999,19.459999,334000,1915899602.95,0.8499979999999994,4.5674258695633565
2021-07-29,20.08,20.549999,19.860001,20.08,20.08,370000,2067235999.9999998,0.0,0.0
2021-07-30,20.0,20.200001,19.540001,19.879999,19.879999,255600,2059000000.0,-0.12000099999999847,-0.6000049999999924
2021-08-02,19.780001,19.85,19.360001,19.49,19.49,152000,2036351102.9499998,-0.2900010000000002,-1.4661323829053405
2021-08-03,19.41,20.0,19.370001,19.93,19.93,306700,1998259500.0,0.5199999999999996,2.679031427099431
2021-08-04,20.309999,20.68,19.26,19.389999,19.389999,306100,2090914397.0500002,-0.9200000000000017,-4.529788504667094
2021-08-05,19.379999,19.620001,18.940001,19.33,19.33,181400,1995170897.0500002,-0.049999000000003235,-0.25799278937012965
2021-08-06,18.6,19.450001,18.5,19.34,19.34,331000,1914870000.0000002,0.7399999999999984,3.978494623655905
2021-08-09,18.889999,19.07,18.139999,18.209999,18.209999,514500,1944725397.05,-0.6799999999999997,-3.599788438315956
2021-08-10,18.59,19.01,18.23,18.690001,18.690001,464600,1913840500.0,0.1000009999999989,0.5379289940828343
2021-08-11,18.969999,19.209999,18.700001,19.09,19.09,334300,1952961397.0500002,0.12000099999999847,0.6325830591767478
2021-08-12,19.0,19.0,18.0,18.459999,18.459999,511300,1956050000.0,-0.5400010000000002,-2.8421105263157904
2021-08-13,18.780001,19.33,18.76,19.129999,19.129999,449700,1933401102.9499998,0.3499980000000029,1.8636740221685981
2021-08-16,19.18,19.450001,18.75,18.83,18.83,306200,1974581000.0,-0.3500000000000014,-1.8248175182481827
2021-08-17,18.780001,18.91,17.719999,17.99,17.99,566000,1933401102.9499998,-0.7900010000000002,-4.206607869722692
2021-08-18,18.129999,18.129999,17.27,17.530001,17.530001,349900,1866483397.0500002,-0.5999980000000029,-3.3094210319592565
2021-08-19,17.309999,17.790001,17.110001,17.34,17.34,456700,1782064397.0500002,0.030000999999998612,0.17331601232327404
2021-08-20,17.15,17.32,16.74,16.969999,16.969999,661900,1765592499.9999998,-0.1800009999999972,-1.0495685131195172
2021-08-23,17.370001,18.860001,17.370001,18.67,18.67,551900,1788241602.9499998,1.2999990000000032,7.4841619180102725
2021-08-24,18.940001,18.959999,18.4,18.65,18.65,255900,1949873102.9499998,-0.2900010000000002,-1.5311562021564846
2021-08-25,18.459999,18.67,18.24,18.440001,18.440001,387500,1900456897.05,-0.01999800000000107,-0.10833153349575518
2021-08-26,18.42,18.719999,18.24,18.370001,18.370001,370800,1896339000.0000002,-0.049999000000003235,-0.27143865363736824
2021-08-27,18.469999,19.57,18.34,19.4,19.4,487500,1901486397.0500002,0.9300009999999972,5.035197890373449
2021-08-30,19.4,19.51,18.68,18.91,18.91,300300,1997229999.9999998,-0.48999999999999844,-2.5257731958762806
2021-08-31,18.709999,19.280001,18.709999,19.190001,19.190001,245800,1926194397.05,0.48000199999999893,2.5654838356752396
2021-09-01,19.24,19.49,18.91,18.98,18.98,280400,1980757999.9999998,-0.259999999999998,-1.351351351351341
2021-09-02,18.870001,19.219999,18.74,18.9,18.9,277500,1942666602.9499998,0.02999900000000011,0.15897720408175978
2021-09-03,19.35,20.040001,19.35,19.66,19.66,544400,1992082500.0000002,0.3099999999999987,1.6020671834625255
2021-09-07,19.41,19.690001,18.93,19.030001,19.030001,386400,1998259500.0,-0.37999900000000153,-1.9577485832045418
2021-09-08,19.07,19.110001,18.24,18.389999,18.389999,513200,1963256500.0,-0.6800010000000007,-3.565815416885164
2021-09-09,18.799999,18.82,17.940001,18.110001,18.110001,378500,1935459897.05,-0.6899979999999992,-3.6702023228830982
2021-09-10,18.120001,18.52,17.85,17.85,17.85,377800,1865454102.9499998,-0.27000099999999705,-1.4900716616958083
2021-09-13,17.67,18.959999,17.65,18.67,18.67,589700,1819126500.0000002,1.0,5.659309564233163
2021-09-14,18.639999,19.16,18.219999,18.91,18.91,477900,1918987897.05,0.2700010000000006,1.4485032965935278
2021-09-15,18.700001,19.389999,18.700001,19.120001,19.120001,308500,1925165102.95,0.41999999999999815,2.245989184706451
2021-09-16,18.440001,18.5,17.58,17.969999,17.969999,814100,1898398102.9499998,-0.47000199999999737,-2.548817649196426
2021-09-17,17.85,17.85,17.299999,17.34,17.34,738000,1837657500.0000002,-0.5100000000000016,-2.8571428571428656
2021-09-20,17.0,17.15,16.26,16.780001,16.780001,567600,1750150000.0,-0.2199990000000014,-1.2941117647058904
2021-09-21,17.08,17.370001,16.65,16.76,16.76,524900,1758385999.9999998,-0.31999999999999673,-1.873536299765789
2021-09-22,17.01,17.33,16.77,16.790001,16.790001,414300,1751179500.0000002,-0.2199990000000014,-1.2933509700176447
2021-09-23,16.639999,16.799999,16.4,16.469999,16.469999,346500,1713087897.05,-0.16999999999999815,-1.021634676780919
2021-09-24,16.209999,16.610001,16.110001,16.27,16.27,360300,1668819397.05,0.06000099999999975,0.3701480795896394
2021-09-27,16.129999,16.790001,16.07,16.33,16.33,282900,1660583397.0500002,0.20000099999999676,1.2399318809628987
2021-09-28,16.01,16.67,15.82,16.67,16.67,474800,1648229500.0000002,0.6600000000000001,4.122423485321675
2021-09-29,16.469999,16.469999,15.55,15.58,15.58,650000,1695586397.0500002,-0.8899990000000013,-5.40375867660952
2021-09-30,15.93,16.57,15.73,16.200001,16.200001,491300,1639993500.0,0.2700010000000006,1.6949215317011965
2021-10-01,16.41,16.440001,16.09,16.26,16.26,409200,1689409500.0,-0.14999999999999858,-0.9140767824497171
2021-10-04,16.120001,16.450001,15.82,15.89,15.89,427200,1659554102.9499998,-0.2300009999999979,-1.4268051224066172
2021-10-05,15.77,15.86,15.21,15.58,15.58,446900,1623521500.0,-0.1899999999999995,-1.2048192771084307
2021-10-06,15.33,15.82,15.27,15.79,15.79,511500,1578223500.0,0.4599999999999991,3.000652315720803
2021-10-07,15.69,16.58,15.32,16.120001,16.120001,425900,1615285500.0,0.43000099999999897,2.740605481198209
2021-10-08,16.75,16.99,16.219999,16.27,16.27,452100,1724412500.0,-0.4800000000000004,-2.8656716417910473
2021-10-11,16.24,16.57,16.07,16.07,16.07,192200,1671907999.9999998,-0.16999999999999815,-1.0467980295566388
2021-10-12,16.200001,16.559999,16.040001,16.52,16.52,290500,1667790102.95,0.31999899999999926,1.975302347203554
2021-10-13,16.790001,17.75,16.700001,17.450001,17.450001,379600,1728530602.95,0.6600000000000001,3.93091102257826
2021-10-14,17.860001,17.99,17.700001,17.879999,17.879999,320100,1838687102.95,0.01999800000000107,0.11197087838909454
2021-10-15,17.48,17.91,17.18,17.620001,17.620001,314000,1799566000.0,0.14000099999999804,0.8009210526315678
2021-10-18,17.49,17.700001,17.120001,17.120001,17.120001,288600,1800595499.9999998,-0.36999899999999997,-2.11548885077187
2021-10-19,17.719999,18.01,17.6,17.709999,17.709999,418800,1824273897.0500002,-0.010000000000001563,-0.0564334117626167
2021-10-20,17.91,19.02,17.799999,18.77,18.77,502400,1843834500.0,0.8599999999999994,4.801786711334447
2021-10-21,18.700001,19.030001,18.49,18.559999,18.559999,325300,1925165102.95,-0.14000199999999907,-0.748673756755409
2021-10-22,18.93,19.4,18.52,18.700001,18.700001,468000,1948843500.0,-0.2299989999999994,-1.214997358689907
2021-10-25,18.9,19.58,18.9,19.33,19.33,529800,1945754999.9999998,0.4299999999999997,2.2751322751322736
2021-10-26,19.16,19.790001,19.030001,19.719999,19.719999,418700,1972522000.0,0.5599990000000012,2.9227505219206744
2021-10-27,19.540001,20.309999,19.4,20.0,20.0,330100,2011643102.95,0.4599989999999998,2.35414010470112
2021-10-28,20.0,20.309999,19.709999,19.780001,19.780001,298900,2059000000.0,-0.2199990000000014,-1.099995000000007
2021-10-29,19.41,20.25,19.200001,19.98,19.98,590000,1998259500.0,0.5700000000000003,2.9366306027820728
2021-11-01,19.9,20.190001,19.799999,19.940001,19.940001,261400,2048704999.9999998,0.040001000000000175,0.20101005025125718
2021-11-02,19.73,20.129999,19.440001,20.110001,20.110001,387700,2031203500.0,0.38000100000000003,1.9260060821084644
2021-11-03,19.629999,20.51,19.5,20.299999,20.299999,386200,2020908397.0500002,0.6699999999999982,3.4131433221163086
2021-11-04,20.889999,21.15,20.190001,20.209999,20.209999,332300,2150625397.05,-0.6799999999999997,-3.255146158695363
2021-11-05,20.41,20.780001,20.030001,20.77,20.77,310200,2101209500.0,0.35999999999999943,1.7638412542871116
2021-11-08,21.18,21.18,20.690001,20.950001,20.950001,250400,2180481000.0,-0.2299989999999994,-1.085925401321999
2021-11-09,21.17,21.17,20.41,20.879999,20.879999,247800,2179451500.0,-0.2900010000000002,-1.3698677373641954
2021-11-10,21.280001,21.73,20.66,20.77,20.77,448100,2190776102.95,-0.510000999999999,-2.396621127978326
2021-11-11,21.360001,21.360001,20.91,20.950001,20.950001,345900,2199012102.95,-0.41000000000000014,-1.9194755655676239
2021-11-12,20.889999,21.02,20.58,21.0,21.0,328200,2150625397.05,0.11000100000000046,0.5265725479450739
2021-11-15,20.91,20.950001,20.559999,20.860001,20.860001,243500,2152684500.0,-0.04999899999999968,-0.2391152558584394
2021-11-16,20.76,20.870001,19.92,20.059999,20.059999,412900,2137242000.0000002,-0.7000010000000003,-3.37187379576108
2021-11-17,20.15,20.48,19.83,19.84,19.84,265200,2074442499.9999998,-0.3099999999999987,-1.5384615384615323
2021-11-18,20.049999,20.049999,19.200001,19.440001,19.440001,310700,2064147397.05,-0.6099980000000009,-3.0423841916401138
2021-11-19,19.16,19.610001,18.57,18.610001,18.610001,375700,1972522000.0,-0.5499989999999997,-2.870558455114821
2021-11-22,18.43,18.43,17.610001,18.07,18.07,606800,1897368500.0,-0.35999999999999943,-1.9533369506239795
2021-11-23,17.059999,17.49,17.049999,17.299999,17.299999,1233700,1756326897.0500002,0.23999999999999844,1.4067996135286902
2021-11-24,17.200001,17.389999,17.0,17.25,17.25,553000,1770740102.95,0.04999899999999968,0.29069184356442584
2021-11-26,16.799999,17.24,15.84,16.309999,16.309999,650600,1729559897.05,-0.48999999999999844,-2.916666840277779
2021-11-29,16.309999,16.42,15.97,16.35,16.35,573600,1679114397.0500002,0.040001000000000175,0.24525446016275151
2021-11-30,16.620001,17.450001,16.33,16.610001,16.610001,838100,1711029102.9499998,-0.00999999999999801,-0.06016846810056155
2021-12-01,16.83,16.92,15.49,15.54,15.54,739900,1732648499.9999998,-1.2899999999999991,-7.6648841354723665
2021-12-02,15.56,15.62,14.89,15.33,15.33,660400,1601902000.0,-0.23000000000000043,-1.4781491002570721
2021-12-03,15.34,15.46,14.93,15.1,15.1,522100,1579253000.0,-0.2400000000000002,-1.5645371577574982
2021-12-06,15.17,15.34,14.59,15.29,15.29,452000,1561751500.0,0.11999999999999922,0.7910349373763956
2021-12-07,15.5,15.92,15.34,15.58,15.58,382800,1595725000.0,0.08000000000000007,0.516129032258065
2021-12-08,15.61,15.76,15.45,15.58,15.58,237400,1607049500.0,-0.02999999999999936,-0.19218449711722846
2021-12-09,15.4,15.4,14.9,15.0,15.0,424700,1585430000.0,-0.40000000000000036,-2.5974025974025996
2021-12-10,15.07,15.25,14.72,14.76,14.76,340000,1551456500.0,-0.3100000000000005,-2.0570670205706736
2021-12-13,14.8,15.19,14.68,15.01,15.01,544600,1523660000.0,0.20999999999999908,1.4189189189189126
2021-12-14,14.75,15.37,14.59,14.99,14.99,729300,1518512500.0,0.2400000000000002,1.627118644067798
2021-12-15,14.98,14.98,14.19,14.86,14.86,892700,1542191000.0,-0.120000000000001,-0.8010680907877236
2021-12-16,15.26,16.280001,15.26,16.129999,16.129999,843600,1571017000.0,0.8699990000000017,5.701173001310628
2021-12-17,16.26,16.469999,15.98,16.15,16.15,1300600,1673967000.0000002,-0.11000000000000298,-0.6765067650676689
2021-12-20,15.92,16.370001,15.7,16.23,16.23,416400,1638964000.0,0.3100000000000005,1.9472361809045258
2021-12-21,16.5,16.6,16.23,16.469999,16.469999,496700,1698675000.0,-0.030000999999998612,-0.181824242424234
2021-12-22,16.440001,16.77,16.370001,16.74,16.74,291200,1692498102.9499998,0.2999989999999997,1.8248113245248567
2021-12-23,16.85,16.959999,16.48,16.809999,16.809999,211600,1734707500.0000002,-0.040001000000000175,-0.23739465875371024
2021-12-27,16.450001,16.5,15.21,15.33,15.33,1030900,1693527602.95,-1.1200010000000002,-6.80851630343366
2021-12-28,15.4,15.71,15.18,15.25,15.25,580900,1585430000.0,-0.15000000000000036,-0.9740259740259762
2021-12-29,14.77,15.23,14.38,15.07,15.07,901500,1520571500.0,0.3000000000000007,2.0311442112390026
2021-12-30,14.99,15.58,14.99,15.52,15.52,507600,1543220500.0,0.5299999999999994,3.5356904603068666
2021-12-31,15.38,15.73,15.22,15.67,15.67,387800,1583371000.0,0.28999999999999915,1.8855656697009047
2022-01-03,15.44,15.7,15.11,15.52,15.52,269300,1589548000.0,0.08000000000000007,0.5181347150259072
2022-01-04,15.59,15.88,15.42,15.52,15.52,458300,1604990500.0,-0.07000000000000028,-0.4490057729313681
2022-01-05,15.64,15.96,15.01,15.09,15.09,559500,1610138000.0,-0.5500000000000007,-3.5166240409207203
2022-01-06,14.86,15.05,14.44,14.57,14.57,628600,1529837000.0,-0.28999999999999915,-1.951547779273211
2022-01-07,14.66,14.79,14.43,14.66,14.66,288000,1509247000.0,0.0,0.0
2022-01-10,14.51,14.78,14.34,14.78,14.78,322200,1493804500.0,0.2699999999999996,1.8607856650585775
2022-01-11,14.83,15.27,14.54,15.25,15.25,309100,1526748500.0,0.41999999999999993,2.8320971004720157
2022-01-12,15.25,15.71,15.25,15.68,15.68,301600,1569987500.0,0.4299999999999997,2.8196721311475392
2022-01-13,15.55,15.68,15.19,15.23,15.23,217700,1600872500.0,-0.3200000000000003,-2.057877813504825
2022-01-14,15.12,15.23,14.85,15.01,15.01,276900,1556604000.0,-0.10999999999999943,-0.7275132275132238
2022-01-18,14.95,15.76,14.95,15.38,15.38,570400,1539102500.0,0.4300000000000015,2.8762541806020168
2022-01-19,15.78,17.110001,15.74,16.639999,16.639999,823400,1624551000.0,0.8599990000000002,5.44993029150824
2022-01-20,16.85,16.98,16.32,16.33,16.33,601800,1734707500.0000002,-0.5200000000000031,-3.086053412462926
2022-01-21,16.34,16.360001,14.99,15.03,15.03,868300,1682203000.0,-1.3100000000000005,-8.017135862913099
2022-01-24,14.88,14.99,14.05,14.57,14.57,962300,1531896000.0,-0.3100000000000005,-2.0833333333333366
2022-01-25,14.43,14.81,14.21,14.61,14.61,415200,1485568500.0,0.17999999999999972,1.2474012474012455
2022-01-26,14.36,15.03,14.12,14.27,14.27,664500,1478362000.0,-0.08999999999999986,-0.626740947075208
2022-01-27,14.0,14.2,13.37,13.58,13.58,948400,1441300000.0,-0.41999999999999993,-2.9999999999999996
2022-01-28,13.35,13.46,13.09,13.32,13.32,490800,1374382500.0,-0.02999999999999936,-0.22471910112359073
2022-01-31,13.42,13.77,13.36,13.62,13.62,452000,1381589000.0,0.1999999999999993,1.4903129657227965
2022-02-01,13.84,14.28,13.65,14.17,14.17,429700,1424828000.0,0.33000000000000007,2.3843930635838158
2022-02-02,14.18,14.49,14.11,14.28,14.28,405300,1459831000.0,0.09999999999999964,0.7052186177715067
2022-02-03,14.05,14.16,13.57,13.73,13.73,390200,1446447500.0,-0.3200000000000003,-2.277580071174379
2022-02-04,13.57,14.06,13.52,13.74,13.74,269800,1397031500.0,0.16999999999999993,1.252763448784082
2022-02-07,13.89,14.63,13.89,14.63,14.63,516000,1429975500.0,0.7400000000000002,5.327573794096473
2022-02-08,14.5,14.82,14.4,14.71,14.71,294300,1492775000.0,0.21000000000000085,1.4482758620689713
2022-02-09,14.79,15.06,14.69,14.82,14.82,243900,1522630500.0,0.030000000000001137,0.2028397565922998
2022-02-10,14.8,15.28,14.58,14.79,14.79,410700,1523660000.0,-0.010000000000001563,-0.06756756756757813
2022-02-11,14.8,15.54,14.76,15.4,15.4,653700,1523660000.0,0.5999999999999996,4.054054054054052
2022-02-14,15.62,16.049999,15.53,15.86,15.86,489300,1608079000.0,0.2400000000000002,1.5364916773367492
2022-02-15,15.41,15.9,15.3,15.85,15.85,331000,1586459500.0,0.4399999999999995,2.8552887735236827
2022-02-16,16.02,16.27,15.8,16.030001,16.030001,263300,1649259000.0,0.010000999999999038,0.062428214731579515
2022-02-17,16.48,16.5,16.07,16.25,16.25,425300,1696616000.0,-0.23000000000000043,-1.3956310679611676
2022-02-18,16.25,16.440001,15.69,15.75,15.75,359300,1672937500.0,-0.5,-3.076923076923077
2022-02-22,15.75,16.09,15.62,15.75,15.75,507900,1621462500.0,0.0,0.0
2022-02-23,15.86,17.16,15.81,16.74,16.74,666700,1632787000.0,0.879999999999999,5.548549810844887
2022-02-24,17.77,17.85,16.15,16.530001,16.530001,728300,1829421500.0,-1.239999000000001,-6.9780472706809284
2022-02-25,16.23,16.870001,15.96,16.870001,16.870001,306300,1670878500.0,0.640000999999998,3.9433210104744183
2022-02-28,17.200001,17.290001,16.74,16.950001,16.950001,368700,1770740102.95,-0.25,-1.4534882875878903
2022-03-01,17.08,17.809999,17.08,17.5,17.5,780800,1758385999.9999998,0.4200000000000017,2.4590163934426332
2022-03-02,17.32,17.52,16.98,17.35,17.35,553100,1783094000.0,0.030000000000001137,0.1732101616628241
2022-03-03,17.34,17.610001,16.99,17.389999,17.389999,293500,1785153000.0,0.04999899999999968,0.28834486735870635
2022-03-04,17.309999,18.01,17.309999,17.709999,17.709999,589500,1782064397.0500002,0.3999999999999986,2.3108031375391676
2022-03-07,17.940001,18.24,17.440001,18.16,18.16,590700,1846923102.9499998,0.2199990000000014,1.2263042794702264
2022-03-08,18.790001,19.58,17.889999,18.41,18.41,1214100,1934430602.95,-0.38000100000000003,-2.022357529411521
2022-03-09,17.719999,18.620001,17.24,18.559999,18.559999,472500,1824273897.0500002,0.8399999999999999,4.740406588059062
2022-03-10,18.469999,18.91,18.24,18.51,18.51,522800,1901486397.0500002,0.040001000000000175,0.21657283251612613
2022-03-11,17.799999,18.17,17.66,17.66,17.66,438400,1832509897.05,-0.13999899999999954,-0.7865112801410806
2022-03-14,17.299999,17.469999,16.57,16.790001,16.790001,691400,1781034897.05,-0.5099979999999995,-2.9479654883217017
2022-03-15,16.389999,17.67,16.35,17.25,17.25,466300,1687350397.05,0.8600010000000005,5.247108312819302
2022-03-16,17.25,17.360001,16.629999,17.25,17.25,453500,1775887500.0,0.0,0.0
2022-03-17,17.58,18.26,17.52,17.639999,17.639999,515400,1809860999.9999998,0.059999000000001246,0.34129124004551337
2022-03-18,17.57,17.780001,15.99,16.450001,16.450001,1709300,1808831500.0,-1.119999,-6.374496300512236
2022-03-21,16.200001,16.959999,16.18,16.85,16.85,692700,1667790102.95,0.6499990000000011,4.012339258497583
2022-03-22,16.860001,16.950001,16.18,16.549999,16.549999,501700,1735737102.95,-0.3100020000000008,-1.838683164965416
2022-03-23,16.709999,17.07,16.559999,16.969999,16.969999,354000,1720294397.05,0.26000000000000156,1.5559546113677298
2022-03-24,17.08,17.75,17.01,17.07,17.07,450900,1758385999.9999998,-0.00999999999999801,-0.05854800936766985
2022-03-25,17.040001,17.049999,16.629999,17.02,17.02,245000,1754268102.95,-0.0200010000000006,-0.11737675367507668
2022-03-28,16.67,16.76,15.8,15.83,15.83,640000,1716176500.0000002,-0.8400000000000016,-5.038992201559697
2022-03-29,15.69,15.96,15.12,15.94,15.94,899900,1615285500.0,0.25,1.5933715742511154
2022-03-30,16.0,16.67,15.97,16.129999,16.129999,390000,1647200000.0,0.12999900000000153,0.8124937500000096
2022-03-31,16.129999,16.530001,16.08,16.17,16.17,331000,1660583397.0500002,0.040001000000000175,0.2479913358953102
2022-04-01,16.290001,16.84,16.15,16.77,16.77,478500,1677055602.95,0.4799989999999994,2.946586682223036
2022-04-04,16.91,17.16,16.469999,16.84,16.84,331800,1740884500.0,-0.07000000000000028,-0.41395623891188815
2022-04-05,16.93,17.27,16.129999,16.17,16.17,376900,1742943500.0,-0.759999999999998,-4.489072652096858
2022-04-06,16.18,16.51,15.9,16.07,16.07,399800,1665731000.0,-0.10999999999999943,-0.6798516687268197
2022-04-07,16.0,16.540001,15.96,16.34,16.34,305300,1647200000.0,0.33999999999999986,2.124999999999999
2022-04-08,16.530001,17.25,16.309999,16.98,16.98,481100,1701763602.9499998,0.4499990000000018,2.722316834705587
2022-04-11,17.25,17.59,16.75,17.120001,17.120001,494000,1775887500.0,-0.12999900000000153,-0.7536173913043567
2022-04-12,17.48,17.92,17.0,17.4,17.4,579900,1799566000.0,-0.08000000000000185,-0.45766590389017076
2022-04-13,17.77,18.18,17.51,18.01,18.01,452400,1829421500.0,0.240000000000002,1.3505908835115477
2022-04-14,18.0,18.24,17.790001,18.049999,18.049999,299900,1853100000.0,0.04999899999999968,0.2777722222222204
2022-04-18,18.299999,18.469999,17.809999,17.809999,17.809999,478600,1883984897.05,-0.48999999999999844,-2.677595774732001
2022-04-19,17.52,17.790001,17.110001,17.23,17.23,357200,1803684000.0,-0.28999999999999915,-1.6552511415525064
2022-04-20,17.139999,17.6,16.93,17.450001,17.450001,299200,1764562897.05,0.3100020000000008,1.8086465465954857
2022-04-21,17.219999,17.26,16.219999,16.459999,16.459999,592600,1772798897.0500002,-0.7600000000000016,-4.413472962454885
2022-04-22,16.08,16.299999,15.46,15.51,15.51,540900,1655435999.9999998,-0.5699999999999985,-3.544776119402976
2022-04-25,14.79,15.12,14.31,14.94,14.94,770600,1522630500.0,0.15000000000000036,1.014198782961463
2022-04-26,15.1,15.11,14.1,14.13,14.13,485800,1554545000.0,-0.9699999999999989,-6.423841059602642
2022-04-27,14.13,14.4,13.89,14.03,14.03,590300,1454683500.0,-0.10000000000000142,-0.7077140835102719
2022-04-28,14.07,15.15,14.06,14.98,14.98,442700,1448506500.0,0.9100000000000001,6.46766169154229
2022-04-29,15.08,15.47,14.74,14.74,14.74,536100,1552486000.0,-0.33999999999999986,-2.254641909814323
2022-05-02,14.29,14.54,14.08,14.51,14.51,421900,1471155500.0,0.22000000000000064,1.539538138558437
2022-05-03,14.54,15.14,14.46,14.91,14.91,256000,1496893000.0,0.370000000000001,2.5447042640990443
2022-05-04,14.85,15.81,14.75,15.7,15.7,489400,1528807500.0,0.8499999999999996,5.723905723905721
2022-05-05,15.85,15.85,14.61,14.89,14.89,630600,1631757500.0,-0.9599999999999991,-6.056782334384852
2022-05-06,14.81,14.93,14.61,14.66,14.66,294600,1524689500.0,-0.15000000000000036,-1.0128291694800835
2022-05-09,14.05,14.22,12.91,12.92,12.92,870000,1446447500.0,-1.1300000000000008,-8.042704626334524
2022-05-10,13.14,13.56,12.44,12.8,12.8,673200,1352763000.0,-0.33999999999999986,-2.587519025875189
2022-05-11,12.92,13.49,12.92,13.06,13.06,819800,1330114000.0,0.14000000000000057,1.0835913312693541
2022-05-12,12.68,12.81,12.05,12.45,12.45,860500,1305406000.0,-0.23000000000000043,-1.8138801261829687
2022-05-13,12.12,13.57,12.12,13.34,13.34,562000,1247754000.0,1.2200000000000006,10.06600660066007
2022-05-16,13.38,13.51,13.04,13.15,13.15,555000,1377471000.0,-0.23000000000000043,-1.718983557548583
2022-05-17,13.24,13.85,13.24,13.63,13.63,371500,1363058000.0,0.39000000000000057,2.9456193353474363
2022-05-18,13.42,13.63,13.08,13.17,13.17,348600,1381589000.0,-0.25,-1.8628912071535022
2022-05-19,13.59,14.66,13.54,14.51,14.51,760500,1399090500.0,0.9199999999999999,6.769683590875643
2022-05-20,14.6,14.6,14.12,14.41,14.41,386500,1503070000.0,-0.1899999999999995,-1.3013698630136952
2022-05-23,14.69,14.78,14.36,14.41,14.41,307200,1512335500.0,-0.27999999999999936,-1.9060585432266803
2022-05-24,14.53,15.09,14.23,14.87,14.87,547400,1495863500.0,0.33999999999999986,2.3399862353750853
2022-05-25,14.66,14.86,14.49,14.74,14.74,362500,1509247000.0,0.08000000000000007,0.5457025920873129
2022-05-26,14.6,14.82,14.59,14.78,14.78,406800,1503070000.0,0.17999999999999972,1.2328767123287652
2022-05-27,14.88,15.04,14.67,14.85,14.85,246700,1531896000.0,-0.030000000000001137,-0.20161290322581407
2022-05-31,14.79,15.04,13.8,14.15,14.15,552200,1522630500.0,-0.6399999999999988,-4.3272481406355565
2022-06-01,14.3,14.69,14.17,14.17,14.17,317500,1472185000.0,-0.13000000000000078,-0.9090909090909146
2022-06-02,14.36,15.77,14.34,15.66,15.66,594400,1478362000.0,1.3000000000000007,9.052924791086356
2022-06-03,15.4,15.53,14.97,15.07,15.07,296500,1585430000.0,-0.33000000000000007,-2.1428571428571432
2022-06-06,15.36,15.58,14.78,14.97,14.97,321300,1581312000.0,-0.3899999999999988,-2.5390624999999925
2022-06-07,14.91,15.09,14.6,14.78,14.78,320300,1534984500.0,-0.13000000000000078,-0.8718980549966517
2022-06-08,14.64,14.77,14.37,14.69,14.69,254200,1507188000.0,0.049999999999998934,0.34153005464480146
2022-06-09,14.66,14.66,13.98,13.99,13.99,275800,1509247000.0,-0.6699999999999999,-4.57025920873124
2022-06-10,13.66,14.8,13.53,14.79,14.79,563700,1406297000.0,1.129999999999999,8.272327964860901
2022-06-13,13.98,14.21,13.17,13.19,13.19,749300,1439241000.0,-0.7900000000000009,-5.650929899856945
2022-06-14,13.16,13.28,12.53,12.74,12.74,486900,1354822000.0,-0.41999999999999993,-3.1914893617021276
2022-06-15,13.21,13.28,12.61,13.15,13.15,649600,1359969500.0,-0.0600000000000005,-0.45420136260409155
2022-06-16,13.05,13.39,12.54,13.12,13.12,585000,1343497500.0,0.06999999999999851,0.5363984674329387
2022-06-17,13.1,13.1,12.5,12.56,12.56,1728600,1348645000.0,-0.5399999999999991,-4.122137404580147
2022-06-21,12.6,13.3,12.59,13.13,13.13,660200,1297170000.0,0.5300000000000011,4.206349206349215
2022-06-22,12.94,13.26,12.72,12.79,12.79,363000,1332173000.0,-0.15000000000000036,-1.159196290571873
2022-06-23,12.67,12.83,12.11,12.25,12.25,535600,1304376500.0,-0.41999999999999993,-3.3149171270718223
2022-06-24,12.25,12.95,12.25,12.93,12.93,325500,1261137500.0,0.6799999999999997,5.5510204081632635
2022-06-27,12.93,13.21,12.8,13.06,13.06,251300,1331143500.0,0.13000000000000078,1.0054137664346543
2022-06-28,13.17,13.2,12.55,12.63,12.63,352600,1355851500.0,-0.5399999999999991,-4.100227790432796
2022-06-29,12.66,12.76,12.36,12.57,12.57,419200,1303347000.0,-0.08999999999999986,-0.7109004739336481
2022-06-30,12.26,12.49,12.08,12.17,12.17,580100,1262167000.0,-0.08999999999999986,-0.7340946166394768
2022-07-01,11.88,12.8,11.83,12.56,12.56,498700,1223046000.0,0.6799999999999997,5.723905723905721
2022-07-05,12.2,12.25,11.18,11.48,11.48,729300,1255990000.0,-0.7199999999999989,-5.9016393442622865
2022-07-06,11.37,11.45,10.71,11.04,11.04,747900,1170541500.0,-0.33000000000000007,-2.902374670184697
2022-07-07,11.14,11.74,11.11,11.32,11.32,470900,1146863000.0,0.17999999999999972,1.6157989228007157
2022-07-08,11.25,11.45,10.94,11.12,11.12,257800,1158187500.0,-0.13000000000000078,-1.1555555555555626
2022-07-11,10.9,11.31,10.86,10.95,10.95,366900,1122155000.0,0.049999999999998934,0.45871559633026543
2022-07-12,10.78,11.18,10.58,10.77,10.77,361400,1109801000.0,-0.009999999999999787,-0.09276437847866222
2022-07-13,10.61,11.5,10.56,11.19,11.19,457800,1092299500.0,0.5800000000000001,5.466540999057494
2022-07-14,10.57,10.81,10.32,10.74,10.74,614900,1088181500.0,0.16999999999999993,1.6083254493850514
2022-07-15,10.89,10.89,10.43,10.77,10.77,302800,1121125500.0,-0.120000000000001,-1.1019283746556565
2022-07-18,10.96,11.37,10.96,11.14,11.14,498500,1128332000.0,0.17999999999999972,1.6423357664233549
2022-07-19,11.17,11.8,11.15,11.34,11.34,557200,1149951500.0,0.16999999999999993,1.5219337511190683
2022-07-20,11.23,11.67,11.22,11.27,11.27,430400,1156128500.0,0.03999999999999915,0.3561887800534207
2022-07-21,11.26,11.84,11.21,11.67,11.67,671400,1159217000.0,0.41000000000000014,3.6412078152753122
2022-07-22,11.82,12.35,11.6,11.6,11.6,614700,1216869000.0,-0.22000000000000064,-1.8612521150592272
2022-07-25,11.54,11.6,11.09,11.35,11.35,531900,1188043000.0,-0.1899999999999995,-1.6464471403812784
2022-07-26,11.29,11.75,11.29,11.71,11.71,405800,1162305500.0,0.4200000000000017,3.7201062887511225
2022-07-27,11.85,12.57,11.59,12.45,12.45,609100,1219957500.0,0.5999999999999996,5.063291139240503
2022-07-28,12.94,14.0,12.63,13.78,13.78,1046200,1332173000.0,0.8399999999999999,6.491499227202473
2022-07-29,13.92,14.13,13.43,13.92,13.92,597300,1433064000.0,0.0,0.0
2022-08-01,14.0,14.0,13.52,13.83,13.83,306600,1441300000.0,-0.16999999999999993,-1.2142857142857137
2022-08-02,13.86,14.02,13.42,13.42,13.42,498000,1426887000.0,-0.4399999999999995,-3.174603174603171
2022-08-03,13.55,13.55,13.01,13.13,13.13,570400,1394972500.0,-0.41999999999999993,-3.0996309963099624
2022-08-04,13.3,14.16,13.23,13.9,13.9,432700,1369235000.0,0.5999999999999996,4.5112781954887184
2022-08-05,13.39,13.52,13.02,13.46,13.46,448300,1378500500.0,0.07000000000000028,0.5227781926811074
2022-08-08,13.77,14.27,13.77,14.05,14.05,663600,1417621500.0,0.28000000000000114,2.0334059549745906
2022-08-09,14.08,14.09,13.61,13.91,13.91,291200,1449536000.0,-0.16999999999999993,-1.207386363636363
2022-08-10,14.24,14.37,13.82,13.95,13.95,327200,1466008000.0,-0.2900000000000009,-2.0365168539325906
2022-08-11,13.96,14.14,13.67,13.71,13.71,464700,1437182000.0,-0.25,-1.7908309455587392
2022-08-12,13.76,14.23,13.76,14.02,14.02,321900,1416592000.0,0.2599999999999998,1.8895348837209287
2022-08-15,13.46,14.0,13.38,13.88,13.88,306000,1385707000.0,0.41999999999999993,3.1203566121842488
2022-08-16,13.76,13.89,13.62,13.79,13.79,283000,1416592000.0,0.02999999999999936,0.21802325581394885
2022-08-17,13.49,13.56,12.87,13.13,13.13,508100,1388795500.0,-0.35999999999999943,-2.6686434395848733
2022-08-18,13.13,13.29,12.84,13.07,13.07,385900,1351733500.0,-0.0600000000000005,-0.45696877380046075
2022-08-19,12.87,12.97,12.67,12.74,12.74,450800,1324966500.0,-0.129999999999999,-1.0101010101010024
2022-08-22,12.42,12.66,12.31,12.65,12.65,420200,1278639000.0,0.23000000000000043,1.8518518518518552
2022-08-23,12.72,13.12,12.66,12.8,12.8,420000,1309524000.0,0.08000000000000007,0.6289308176100634
2022-08-24,12.74,13.23,12.63,13.18,13.18,357900,1311583000.0,0.4399999999999995,3.4536891679748787
2022-08-25,13.36,13.45,13.1,13.33,13.33,233100,1375412000.0,-0.02999999999999936,-0.22455089820358803
2022-08-26,13.36,13.5,12.65,12.8,12.8,413800,1375412000.0,-0.5599999999999987,-4.191616766467057
2022-08-29,12.5,12.91,12.47,12.61,12.61,301700,1286875000.0,0.10999999999999943,0.8799999999999953
2022-08-30,12.67,12.67,12.25,12.29,12.29,300700,1304376500.0,-0.3800000000000008,-2.9992107340173697
2022-08-31,12.28,12.28,11.83,11.85,11.85,600500,1264226000.0,-0.4299999999999997,-3.501628664495112
2022-09-01,11.8,11.8,11.06,11.21,11.21,501800,1214810000.0,-0.5899999999999999,-4.999999999999998
2022-09-02,11.34,11.94,11.28,11.64,11.64,525400,1167453000.0,0.3000000000000007,2.645502645502652
2022-09-06,11.76,12.09,11.58,11.64,11.64,267200,1210692000.0,-0.11999999999999922,-1.0204081632652995
2022-09-07,11.58,12.53,11.41,12.41,12.41,472400,1192161000.0,0.8300000000000001,7.167530224525044
2022-09-08,12.27,12.63,12.2,12.54,12.54,311300,1263196500.0,0.2699999999999996,2.200488997555009
2022-09-09,12.93,13.16,12.74,13.09,13.09,447600,1331143500.0,0.16000000000000014,1.237432327919568
2022-09-12,13.57,13.89,13.39,13.46,13.46,733200,1397031500.0,-0.10999999999999943,-0.8106116433308728
2022-09-13,13.0,13.45,12.63,12.7,12.7,469300,1338350000.0,-0.3000000000000007,-2.307692307692313
2022-09-14,12.88,13.05,12.54,12.57,12.57,351800,1325996000.0,-0.3100000000000005,-2.4068322981366497
2022-09-15,12.43,12.61,11.99,12.19,12.19,813400,1279668500.0,-0.2400000000000002,-1.9308125502815785
2022-09-16,11.95,12.53,11.76,12.2,12.2,899800,1230252500.0,0.25,2.0920502092050213
2022-09-19,11.96,12.5,11.91,12.48,12.48,382100,1231282000.0,0.5199999999999996,4.347826086956518
2022-09-20,12.29,12.35,11.9,12.28,12.28,340500,1265255500.0,-0.009999999999999787,-0.08136696501220332
2022-09-21,12.4,13.03,12.2,12.5,12.5,820100,1276580000.0,0.09999999999999964,0.8064516129032229
2022-09-22,12.51,12.67,12.1,12.2,12.2,331400,1287904500.0,-0.3100000000000005,-2.478017585931259
2022-09-23,11.8,11.9,11.31,11.77,11.77,1241900,1214810000.0,-0.030000000000001137,-0.2542372881356028
2022-09-26,11.63,11.7,10.76,10.86,10.86,898500,1197308500.0,-0.7700000000000014,-6.620808254514198
2022-09-27,11.15,11.26,10.64,10.67,10.67,1072600,1147892500.0,-0.4800000000000004,-4.3049327354260125
2022-09-28,10.72,11.67,10.72,11.62,11.62,931100,1103624000.0,0.8999999999999986,8.395522388059689
2022-09-29,11.54,12.07,11.47,12.02,12.02,526100,1188043000.0,0.4800000000000004,4.1594454072790334
2022-09-30,12.05,12.82,11.92,12.48,12.48,600300,1240547500.0,0.4299999999999997,3.568464730290454
2022-10-03,12.91,13.52,12.79,13.42,13.42,718100,1329084500.0,0.5099999999999998,3.950426026336172
2022-10-04,13.96,14.02,13.52,13.69,13.69,747500,1437182000.0,-0.27000000000000135,-1.934097421203448
2022-10-05,13.24,13.48,12.87,13.48,13.48,508200,1363058000.0,0.2400000000000002,1.8126888217522674
2022-10-06,13.35,13.95,13.3,13.8,13.8,512900,1374382500.0,0.45000000000000107,3.370786516853941
2022-10-07,13.52,13.72,13.11,13.15,13.15,440000,1391884000.0,-0.3699999999999992,-2.7366863905325385
2022-10-10,12.9,13.26,12.73,12.89,12.89,303000,1328055000.0,-0.009999999999999787,-0.07751937984495957
2022-10-11,12.85,13.17,12.5,12.71,12.71,543000,1322907500.0,-0.1399999999999988,-1.089494163424115
2022-10-12,12.7,12.95,12.4,12.93,12.93,370100,1307465000.0,0.23000000000000043,1.8110236220472475
2022-10-13,12.38,13.08,12.02,13.01,13.01,492800,1274521000.0,0.629999999999999,5.088852988691429
2022-10-14,12.94,12.94,12.1,12.22,12.22,464200,1332173000.0,-0.7199999999999989,-5.564142194744968
2022-10-17,12.58,12.88,12.41,12.42,12.42,330200,1295111000.0,-0.16000000000000014,-1.2718600953895083
2022-10-18,12.47,12.7,12.29,12.48,12.48,271600,1283786500.0,0.009999999999999787,0.08019246190857889
2022-10-19,12.19,12.33,11.91,12.01,12.01,259600,1254960500.0,-0.17999999999999972,-1.4766201804757975
2022-10-20,12.27,12.58,11.96,12.29,12.29,288200,1263196500.0,0.019999999999999574,0.1629991850040715
2022-10-21,12.35,12.77,12.2,12.73,12.73,478700,1271432500.0,0.3800000000000008,3.0769230769230833
2022-10-24,12.65,12.68,12.24,12.5,12.5,354800,1302317500.0,-0.15000000000000036,-1.185770750988145
2022-10-25,12.55,12.97,12.52,12.69,12.69,335900,1292022500.0,0.1399999999999988,1.115537848605568
2022-10-26,12.92,13.71,12.92,13.29,13.29,693500,1330114000.0,0.3699999999999992,2.8637770897832757
2022-10-27,13.35,13.43,12.94,13.01,13.01,374100,1374382500.0,-0.33999999999999986,-2.5468164794007477
2022-10-28,12.86,13.07,12.54,13.04,13.04,261100,1323937000.0,0.17999999999999972,1.399688958009329
2022-10-31,12.84,13.43,12.74,13.29,13.29,402100,1321878000.0,0.4499999999999993,3.5046728971962566
2022-11-01,14.0,14.23,13.63,13.66,13.66,555200,1441300000.0,-0.33999999999999986,-2.4285714285714275
2022-11-02,13.85,14.09,13.1,13.14,13.14,533000,1425857500.0,-0.7099999999999991,-5.126353790613712
2022-11-03,12.81,13.46,12.64,13.22,13.22,347400,1318789500.0,0.41000000000000014,3.200624512099923
2022-11-04,13.93,14.8,13.93,14.68,14.68,830800,1434093500.0,0.75,5.384063173007897
2022-11-07,14.71,14.96,14.35,14.56,14.56,507400,1514394500.0,-0.15000000000000036,-1.0197144799456177
2022-11-08,14.58,15.82,14.51,15.19,15.19,849800,1501011000.0,0.6099999999999994,4.183813443072698
2022-11-09,15.19,15.22,14.61,14.77,14.77,480800,1563810500.0,-0.41999999999999993,-2.764976958525345
2022-11-10,15.85,16.120001,15.24,15.85,15.85,717500,1631757500.0,0.0,0.0
2022-11-11,15.81,16.200001,15.65,16.139999,16.139999,552900,1627639500.0,0.32999899999999904,2.087280202403536
2022-11-14,15.95,16.200001,15.6,15.7,15.7,556500,1642052500.0,-0.25,-1.5673981191222572
2022-11-15,15.6,15.88,15.28,15.43,15.43,358800,1606020000.0,-0.16999999999999993,-1.0897435897435894
2022-11-16,15.33,15.64,15.22,15.55,15.55,291100,1578223500.0,0.22000000000000064,1.4350945857795214
2022-11-17,14.9,15.38,14.74,15.33,15.33,312800,1533955000.0,0.4299999999999997,2.8859060402684547
2022-11-18,15.79,15.79,15.09,15.14,15.14,452300,1625580500.0,-0.6499999999999986,-4.1165294490183575
2022-11-21,15.04,15.15,14.71,15.11,15.11,247600,1548368000.0,0.07000000000000028,0.4654255319148955
2022-11-22,15.3,15.6,15.29,15.53,15.53,265600,1575135000.0,0.22999999999999865,1.5032679738562003
2022-11-23,15.56,16.02,15.41,16.0,16.0,267500,1601902000.0,0.4399999999999995,2.8277634961439557
2022-11-25,15.87,15.87,15.54,15.73,15.73,195100,1633816500.0,-0.1399999999999988,-0.8821676118462431
2022-11-28,15.64,15.67,14.54,14.56,14.56,314500,1610138000.0,-1.08,-6.905370843989771
2022-11-29,14.54,15.16,14.54,14.89,14.89,240700,1496893000.0,0.3500000000000014,2.4071526822558558
2022-11-30,15.2,15.82,15.03,15.74,15.74,416600,1564840000.0,0.5400000000000009,3.552631578947375
2022-12-01,16.1,16.32,15.69,16.32,16.32,416200,1657495000.0000002,0.21999999999999886,1.3664596273291854
2022-12-02,16.01,16.799999,15.82,16.57,16.57,405700,1648229500.0000002,0.5599999999999987,3.497813866333533
2022-12-05,16.6,16.73,15.47,15.56,15.56,478400,1708970000.0000002,-1.040000000000001,-6.2650602409638605
2022-12-06,15.72,15.91,15.12,15.16,15.16,409800,1618374000.0,-0.5600000000000005,-3.562340966921122
2022-12-07,15.25,16.01,15.25,15.79,15.79,343800,1569987500.0,0.5399999999999991,3.540983606557371
2022-12-08,15.89,16.17,15.68,15.68,15.68,279700,1635875500.0,-0.21000000000000085,-1.3215859030837056
2022-12-09,15.73,16.120001,15.47,15.54,15.54,307600,1619403500.0,-0.19000000000000128,-1.2078830260648523
2022-12-12,15.45,15.6,14.96,15.27,15.27,395800,1590577500.0,-0.17999999999999972,-1.1650485436893185
2022-12-13,15.9,16.379999,15.66,15.92,15.92,572400,1636905000.0,0.019999999999999574,0.12578616352200991
2022-12-14,16.040001,16.040001,15.46,15.69,15.69,323700,1651318102.95,-0.3500010000000007,-2.1820509861564266
2022-12-15,15.27,15.45,15.1,15.19,15.19,375700,1572046500.0,-0.08000000000000007,-0.5239030779305833
2022-12-16,15.13,16.620001,14.87,16.309999,16.309999,1006600,1557633500.0,1.1799990000000005,7.799068076668872
2022-12-19,16.309999,16.309999,14.62,14.7,14.7,912100,1679114397.0500002,-1.609999000000002,-9.871239109211484
2022-12-20,15.01,15.64,14.98,15.41,15.41,460000,1545279500.0,0.40000000000000036,2.6648900732844796
2022-12-21,15.47,15.77,15.46,15.49,15.49,240900,1592636500.0,0.019999999999999574,0.12928248222365593
2022-12-22,15.3,15.55,14.91,15.55,15.55,260400,1575135000.0,0.25,1.6339869281045754
2022-12-23,15.58,16.040001,15.12,15.99,15.99,403600,1603961000.0,0.41000000000000014,2.631578947368422
2022-12-27,16.43,16.530001,16.049999,16.41,16.41,297500,1691468500.0,-0.019999999999999574,-0.12172854534388054
2022-12-28,16.389999,16.450001,16.049999,16.32,16.32,373100,1687350397.05,-0.06999899999999926,-0.4270836136109542
2022-12-29,16.32,16.48,15.83,15.91,15.91,438800,1680144000.0,-0.41000000000000014,-2.512254901960785
2022-12-30,15.94,15.96,15.47,15.63,15.63,212000,1641023000.0,-0.3099999999999987,-1.944792973651184
2023-01-03,15.88,16.49,15.77,15.86,15.86,319800,1634846000.0,-0.02000000000000135,-0.12594458438288003
2023-01-04,16.190001,16.700001,16.049999,16.690001,16.690001,557400,1666760602.9499998,0.5,3.088325936483883
2023-01-05,16.440001,16.440001,15.76,16.309999,16.309999,467100,1692498102.9499998,-0.1300019999999975,-0.7907663752575046
2023-01-06,16.58,16.99,16.280001,16.719999,16.719999,461900,1706910999.9999998,0.1399990000000031,0.8443848009650368
2023-01-09,17.0,17.02,16.6,16.709999,16.709999,536400,1750150000.0,-0.2900010000000002,-1.7058882352941187
2023-01-10,16.780001,16.889999,16.51,16.700001,16.700001,487400,1727501102.9499998,-0.0799999999999983,-0.47675801687972663
2023-01-11,16.799999,16.879999,16.18,16.280001,16.280001,363000,1729559897.05,-0.5199980000000011,-3.095226374715862
2023-01-12,16.700001,16.870001,16.059999,16.280001,16.280001,362500,1719265102.95,-0.4200000000000017,-2.5149699092832494
2023-01-13,16.040001,16.440001,16.0,16.23,16.23,477800,1651318102.95,0.18999900000000025,1.18453234510397
2023-01-17,16.16,16.27,15.47,15.61,15.61,515400,1663672000.0,-0.5500000000000007,-3.403465346534658
2023-01-18,15.87,16.139999,15.13,15.17,15.17,383500,1633816500.0,-0.6999999999999993,-4.41083805923125
2023-01-19,15.06,15.43,15.06,15.31,15.31,323400,1550427000.0,0.25,1.6600265604249667
2023-01-20,15.23,15.61,15.16,15.57,15.57,332200,1567928500.0,0.33999999999999986,2.232435981615232
2023-01-23,15.26,15.53,15.08,15.48,15.48,457100,1571017000.0,0.22000000000000064,1.4416775884665836
2023-01-24,15.4,15.83,15.2,15.76,15.76,486800,1585430000.0,0.35999999999999943,2.337662337662334
2023-01-25,15.58,15.86,15.4,15.61,15.61,522400,1603961000.0,0.02999999999999936,0.1925545571245145
2023-01-26,14.83,15.13,14.46,14.63,14.63,2233800,1526748500.0,-0.1999999999999993,-1.3486176668914316
2023-01-27,14.61,14.61,13.77,13.77,13.77,1429500,1504099500.0,-0.8399999999999999,-5.749486652977412
2023-01-30,13.75,13.75,13.44,13.66,13.66,794300,1415562500.0,-0.08999999999999986,-0.6545454545454534
2023-01-31,13.59,13.79,13.5,13.71,13.71,559000,1399090500.0,0.120000000000001,0.883002207505526
2023-02-01,13.7,14.05,13.38,13.91,13.91,583500,1410415000.0,0.21000000000000085,1.5328467153284735
2023-02-02,14.01,14.34,13.68,14.04,14.04,817400,1442329500.0,0.02999999999999936,0.2141327623126293
2023-02-03,13.87,13.95,13.56,13.72,13.72,618200,1427916500.0,-0.14999999999999858,-1.0814708002883822
2023-02-06,13.6,13.64,13.2,13.33,13.33,753400,1400120000.0,-0.2699999999999996,-1.9852941176470555
2023-02-07,13.52,13.84,13.3,13.41,13.41,734000,1391884000.0,-0.10999999999999943,-0.8136094674556171
2023-02-08,13.57,13.57,13.28,13.33,13.33,406000,1397031500.0,-0.2400000000000002,-1.768607221812824
2023-02-09,13.5,13.66,12.91,13.05,13.05,628100,1389825000.0,-0.4499999999999993,-3.3333333333333277
2023-02-10,13.11,13.16,12.82,12.94,12.94,368000,1349674500.0,-0.16999999999999993,-1.29672006102212
2023-02-13,12.94,13.1,12.82,12.97,12.97,353900,1332173000.0,0.030000000000001137,0.23183925811438283
2023-02-14,12.91,13.17,12.72,13.1,13.1,461500,1329084500.0,0.1899999999999995,1.4717273431448452
2023-02-15,12.8,12.83,12.61,12.83,12.83,494300,1317760000.0,0.02999999999999936,0.234374999999995
2023-02-16,12.73,12.95,12.46,12.73,12.73,519500,1310553500.0,0.0,0.0
2023-02-17,12.55,12.7,12.37,12.6,12.6,695300,1292022500.0,0.049999999999998934,0.3984063745019835
2023-02-21,12.55,12.63,12.22,12.28,12.28,549500,1292022500.0,-0.27000000000000135,-2.1513944223107675
2023-02-22,12.24,12.24,11.98,12.09,12.09,472500,1260108000.0,-0.15000000000000036,-1.2254901960784343
2023-02-23,12.0,12.13,11.88,11.94,11.94,368900,1235400000.0,-0.0600000000000005,-0.5000000000000042
2023-02-24,11.74,11.75,11.5,11.55,11.55,496500,1208633000.0,-0.1899999999999995,-1.6183986371379855
2023-02-27,11.65,11.97,11.6,11.76,11.76,350800,1199367500.0,0.10999999999999943,0.9442060085836861
2023-02-28,11.78,11.97,11.61,11.94,11.94,491300,1212751000.0,0.16000000000000014,1.3582342954159605
2023-03-01,11.99,12.23,11.91,12.18,12.18,446700,1234370500.0,0.1899999999999995,1.5846538782318558
2023-03-02,12.07,12.17,11.99,12.04,12.04,272000,1242606500.0,-0.030000000000001137,-0.24855012427507156
2023-03-03,12.27,12.35,12.16,12.33,12.33,501300,1263196500.0,0.0600000000000005,0.488997555012229
2023-03-06,12.27,12.27,11.9,11.96,11.96,520000,1263196500.0,-0.3099999999999987,-2.526487367563152
2023-03-07,11.88,11.88,11.27,11.35,11.35,664300,1223046000.0,-0.5300000000000011,-4.461279461279471
2023-03-08,11.38,11.51,11.12,11.22,11.22,423000,1171571000.0,-0.16000000000000014,-1.4059753954305811
2023-03-09,11.28,11.53,11.08,11.13,11.13,558500,1161276000.0,-0.14999999999999858,-1.3297872340425407
2023-03-10,11.21,11.57,10.97,11.04,11.04,945200,1154069500.0,-0.1700000000000017,-1.5165031222123255
2023-03-13,11.57,11.94,11.53,11.65,11.65,1163900,1191131500.0,0.08000000000000007,0.6914433880726022
2023-03-14,11.75,11.99,11.45,11.89,11.89,691300,1209662500.0,0.14000000000000057,1.1914893617021325
2023-03-15,12.05,12.35,11.61,11.87,11.87,888700,1240547500.0,-0.1800000000000015,-1.4937759336099707
2023-03-16,11.87,11.93,11.56,11.78,11.78,637900,1222016500.0,-0.08999999999999986,-0.7582139848357192
2023-03-17,11.9,12.33,11.76,12.11,12.11,1976900,1225105000.0,0.20999999999999908,1.7647058823529336
2023-03-20,12.46,12.56,12.09,12.17,12.17,755100,1282757000.0,-0.2900000000000009,-2.327447833065818
2023-03-21,12.08,12.08,11.63,11.94,11.94,816300,1243636000.0,-0.14000000000000057,-1.1589403973509982
2023-03-22,11.93,12.69,11.86,12.41,12.41,853000,1228193500.0,0.4800000000000004,4.023470243084664
2023-03-23,12.52,12.9,12.27,12.54,12.54,780600,1288934000.0,0.019999999999999574,0.1597444089456835
2023-03-24,12.63,12.75,12.19,12.38,12.38,707400,1300258500.0,-0.25,-1.979414093428345
2023-03-27,12.12,12.35,11.68,12.09,12.09,741000,1247754000.0,-0.02999999999999936,-0.24752475247524228
2023-03-28,12.09,12.17,11.79,12.17,12.17,577100,1244665500.0,0.08000000000000007,0.6617038875103397
2023-03-29,12.1,12.38,11.97,12.08,12.08,391900,1245695000.0,-0.019999999999999574,-0.1652892561983436
2023-03-30,12.28,12.64,12.18,12.61,12.61,923300,1264226000.0,0.33000000000000007,2.6872964169381115
2023-03-31,12.75,13.06,12.58,12.67,12.67,668100,1312612500.0,-0.08000000000000007,-0.6274509803921574
2023-04-03,12.66,12.99,12.55,12.72,12.72,902900,1303347000.0,0.0600000000000005,0.4739336492891035
2023-04-04,12.77,13.61,12.57,13.55,13.55,1001300,1314671500.0,0.7800000000000011,6.108065779169938
2023-04-05,13.66,13.7,13.12,13.32,13.32,690300,1406297000.0,-0.33999999999999986,-2.4890190336749622
2023-04-06,13.3,13.75,13.09,13.75,13.75,667100,1369235000.0,0.4499999999999993,3.3834586466165355
2023-04-10,13.6,13.6,13.22,13.42,13.42,618600,1400120000.0,-0.17999999999999972,-1.3235294117647038
2023-04-11,13.51,13.85,13.5,13.63,13.63,694900,1390854500.0,0.120000000000001,0.8882309400444189
2023-04-12,13.88,14.0,13.63,13.99,13.99,732000,1428946000.0,0.10999999999999943,0.7925072046109469
2023-04-13,14.31,14.42,14.03,14.1,14.1,697800,1473214500.0,-0.21000000000000085,-1.4675052410901528
2023-04-14,13.99,14.15,13.54,13.83,13.83,832900,1440270500.0,-0.16000000000000014,-1.143674052894926
2023-04-17,13.7,13.7,13.09,13.2,13.2,833500,1410415000.0,-0.5,-3.649635036496351
2023-04-18,13.21,13.7,13.21,13.43,13.43,525800,1359969500.0,0.21999999999999886,1.6654049962149797
2023-04-19,13.16,13.35,13.02,13.13,13.13,567400,1354822000.0,-0.02999999999999936,-0.22796352583586138
2023-04-20,13.22,13.32,12.99,13.05,13.05,501400,1360999000.0,-0.16999999999999993,-1.2859304084720116
2023-04-21,12.92,13.08,12.6,12.84,12.84,578100,1330114000.0,-0.08000000000000007,-0.6191950464396291
2023-04-24,12.8,12.98,12.66,12.88,12.88,406000,1317760000.0,0.08000000000000007,0.6250000000000006
2023-04-25,12.78,12.86,12.47,12.82,12.82,372800,1315701000.0,0.040000000000000924,0.3129890453834188
2023-04-26,13.0,13.07,12.84,12.89,12.89,550800,1338350000.0,-0.10999999999999943,-0.8461538461538418
2023-04-27,12.82,13.09,12.72,13.02,13.02,496500,1319819000.0,0.1999999999999993,1.5600624024960943
2023-04-28,13.0,13.08,12.76,12.98,12.98,406700,1338350000.0,-0.019999999999999574,-0.15384615384615058
2023-05-01,13.27,13.43,12.91,13.01,13.01,328600,1366146500.0,-0.2599999999999998,-1.959306706857572
2023-05-02,12.78,13.3,12.78,13.25,13.25,545100,1315701000.0,0.47000000000000064,3.677621283255091
2023-05-03,13.31,13.33,13.09,13.29,13.29,549800,1370264500.0,-0.02000000000000135,-0.1502629601803257
2023-05-04,13.38,13.62,13.31,13.38,13.38,672300,1377471000.0,0.0,0.0
2023-05-05,13.11,13.38,12.85,13.34,13.34,645100,1349674500.0,0.23000000000000043,1.7543859649122842
2023-05-08,13.4,13.4,13.05,13.06,13.06,321000,1379530000.0,-0.33999999999999986,-2.53731343283582
2023-05-09,13.05,13.26,13.0,13.25,13.25,355900,1343497500.0,0.1999999999999993,1.5325670498084236
2023-05-10,13.02,13.28,12.26,12.38,12.38,678300,1340409000.0,-0.6399999999999988,-4.915514592933938
2023-05-11,12.21,12.26,11.49,11.5,11.5,995000,1257019500.0,-0.7100000000000009,-5.8149058149058215
2023-05-12,11.51,11.86,11.5,11.66,11.66,464700,1184954500.0,0.15000000000000036,1.3032145960034782
2023-05-15,11.81,12.06,11.8,11.95,11.95,546100,1215839500.0,0.1399999999999988,1.185436071126154
2023-05-16,11.84,11.95,11.61,11.68,11.68,457500,1218928000.0,-0.16000000000000014,-1.3513513513513526
2023-05-17,11.77,11.9,11.38,11.9,11.9,460800,1211721500.0,0.13000000000000078,1.1045029736618588
2023-05-18,11.68,11.75,11.49,11.65,11.65,608500,1202456000.0,-0.02999999999999936,-0.2568493150684877
2023-05-19,11.63,12.02,11.63,11.8,11.8,540500,1197308500.0,0.16999999999999993,1.4617368873602745
2023-05-22,11.81,11.99,11.71,11.83,11.83,300000,1215839500.0,0.019999999999999574,0.16934801016087697
2023-05-23,11.76,11.9,11.66,11.83,11.83,452500,1210692000.0,0.07000000000000028,0.5952380952380977
2023-05-24,11.9,11.9,11.45,11.65,11.65,465400,1225105000.0,-0.25,-2.1008403361344534
2023-05-25,11.51,11.6,11.4,11.47,11.47,575900,1184954500.0,-0.03999999999999915,-0.347523892267586
2023-05-26,11.69,11.74,11.49,11.68,11.68,325300,1203485500.0,-0.009999999999999787,-0.08554319931565259
2023-05-30,11.69,11.85,11.6,11.76,11.76,325100,1203485500.0,0.07000000000000028,0.5988023952095833
2023-05-31,11.75,12.18,11.75,12.11,12.11,478800,1209662500.0,0.35999999999999943,3.063829787234038
2023-06-01,12.21,12.87,12.19,12.74,12.74,509500,1257019500.0,0.5299999999999994,4.340704340704335
2023-06-02,12.85,12.97,12.39,12.51,12.51,310900,1322907500.0,-0.33999999999999986,-2.6459143968871586
2023-06-05,12.51,13.08,12.37,12.81,12.81,522200,1287904500.0,0.3000000000000007,2.3980815347721878
2023-06-06,12.87,12.89,12.64,12.83,12.83,285700,1324966500.0,-0.03999999999999915,-0.31080031080030424
2023-06-07,12.9,13.03,12.43,12.48,12.48,439300,1328055000.0,-0.41999999999999993,-3.255813953488371
2023-06-08,12.71,12.81,12.47,12.55,12.55,470000,1308494500.0,-0.16000000000000014,-1.2588512981904023
2023-06-09,12.32,12.48,12.22,12.39,12.39,512300,1268344000.0,0.07000000000000028,0.5681818181818205
2023-06-12,12.08,12.39,12.0,12.3,12.3,631700,1243636000.0,0.22000000000000064,1.8211920529801375
2023-06-13,12.98,13.39,12.74,12.87,12.87,1847100,1336291000.0,-0.11000000000000121,-0.8474576271186535
2023-06-14,12.87,13.25,12.27,12.37,12.37,1424900,1324966500.0,-0.5,-3.8850038850038855
2023-06-15,12.36,12.61,12.32,12.53,12.53,1531200,1272462000.0,0.16999999999999993,1.375404530744336
2023-06-16,12.53,12.74,12.07,12.32,12.32,14627800,1289963500.0,-0.20999999999999908,-1.6759776536312776
2023-06-20,11.85,11.96,11.28,11.28,11.28,1840100,1219957500.0,-0.5700000000000003,-4.8101265822784836
2023-06-21,11.11,11.27,11.01,11.23,11.23,837500,1143774500.0,0.120000000000001,1.0801080108010892
2023-06-22,11.05,11.17,10.79,10.85,10.85,937300,1137597500.0,-0.20000000000000107,-1.8099547511312313
2023-06-23,10.92,11.05,10.79,10.86,10.86,540000,1124214000.0,-0.0600000000000005,-0.549450549450554
2023-06-26,10.98,11.1,10.88,11.04,11.04,663800,1130391000.0,0.05999999999999872,0.5464480874316823
2023-06-27,11.05,11.13,10.8,10.91,10.91,585600,1137597500.0,-0.14000000000000057,-1.2669683257918603
2023-06-28,10.83,10.86,10.72,10.83,10.83,487500,1114948500.0,0.0,0.0
2023-06-29,10.72,10.96,10.67,10.92,10.92,375100,1103624000.0,0.1999999999999993,1.865671641791038
2023-06-30,10.98,11.16,10.87,11.14,11.14,636700,1130391000.0,0.16000000000000014,1.4571948998178519
2023-07-03,11.19,11.41,11.15,11.35,11.35,248100,1152010500.0,0.16000000000000014,1.4298480786416456
2023-07-05,11.36,11.36,10.85,10.85,10.85,908900,1169512000.0,-0.5099999999999998,-4.489436619718308
2023-07-06,10.8,10.8,10.51,10.54,10.54,982300,1111860000.0,-0.26000000000000156,-2.4074074074074217
2023-07-07,10.56,10.85,10.54,10.7,10.7,600700,1087152000.0,0.1399999999999988,1.3257575757575641
2023-07-10,10.59,10.99,10.48,10.85,10.85,991100,1090240500.0,0.2599999999999998,2.4551463644948046
2023-07-11,10.99,11.01,10.76,10.89,10.89,441800,1131420500.0,-0.09999999999999964,-0.9099181073703335
2023-07-12,11.18,11.76,11.15,11.66,11.66,748900,1150981000.0,0.4800000000000004,4.293381037567088
2023-07-13,11.84,11.85,11.38,11.43,11.43,1643300,1218928000.0,-0.41000000000000014,-3.462837837837839
2023-07-14,11.43,11.47,11.21,11.37,11.37,2023800,1176718500.0,-0.0600000000000005,-0.5249343832021041
2023-07-17,11.33,11.42,11.11,11.41,11.41,558100,1166423500.0,0.08000000000000007,0.7060900264783766
2023-07-18,11.51,11.85,11.48,11.83,11.83,1087000,1184954500.0,0.3200000000000003,2.78019113814075
2023-07-19,11.75,11.98,11.73,11.91,11.91,695500,1209662500.0,0.16000000000000014,1.3617021276595758
2023-07-20,11.86,11.94,11.39,11.39,11.39,682700,1220987000.0,-0.46999999999999886,-3.962900505902183
2023-07-21,11.39,11.42,11.2,11.28,11.28,440300,1172600500.0,-0.11000000000000121,-0.9657594381036102
2023-07-24,11.29,11.36,11.04,11.1,11.1,419800,1162305500.0,-0.1899999999999995,-1.682905225863592
2023-07-25,11.08,11.31,11.08,11.26,11.26,569300,1140686000.0,0.17999999999999972,1.6245487364620912
2023-07-26,11.55,12.42,11.39,12.42,12.42,1964800,1189072500.0,0.8699999999999992,7.532467532467526
2023-07-27,12.5,12.5,11.43,11.44,11.44,1416000,1286875000.0,-1.0600000000000005,-8.480000000000004
2023-07-28,11.77,11.77,11.4,11.54,11.54,567800,1211721500.0,-0.23000000000000043,-1.9541206457094344
2023-07-31,11.71,12.33,11.7,12.06,12.06,671200,1205544500.0,0.34999999999999964,2.9888983774551634
2023-08-01,11.54,11.78,11.42,11.44,11.44,686700,1188043000.0,-0.09999999999999964,-0.8665511265164615
2023-08-02,11.45,11.45,10.95,11.09,11.09,768500,1178777500.0,-0.35999999999999943,-3.144104803493445
2023-08-03,11.13,11.28,10.99,11.18,11.18,470600,1145833500.0,0.049999999999998934,0.44923629829289247
2023-08-04,11.44,11.61,11.34,11.46,11.46,552600,1177748000.0,0.02000000000000135,0.17482517482518664
2023-08-07,11.39,11.48,11.21,11.38,11.38,333500,1172600500.0,-0.009999999999999787,-0.08779631255487082
2023-08-08,11.35,11.65,11.11,11.53,11.53,608600,1168482500.0,0.17999999999999972,1.5859030837004382
2023-08-09,11.5,11.55,11.23,11.36,11.36,430300,1183925000.0,-0.14000000000000057,-1.217391304347831
2023-08-10,11.53,11.67,11.29,11.45,11.45,568000,1187013500.0,-0.08000000000000007,-0.6938421509106685
2023-08-11,11.39,11.63,11.36,11.56,11.56,387800,1172600500.0,0.16999999999999993,1.492537313432835
2023-08-14,11.46,11.56,11.16,11.3,11.3,356000,1179807000.0,-0.16000000000000014,-1.3961605584642245
2023-08-15,11.31,11.31,11.04,11.08,11.08,485700,1164364500.0,-0.23000000000000043,-2.033598585322727
2023-08-16,11.11,11.16,10.9,10.97,10.97,559400,1143774500.0,-0.1399999999999988,-1.2601260126012492
2023-08-17,11.08,11.23,10.87,10.95,10.95,386100,1140686000.0,-0.13000000000000078,-1.1732851985559638
2023-08-18,10.87,10.87,10.68,10.81,10.81,374800,1119066500.0,-0.05999999999999872,-0.5519779208831529
2023-08-21,10.94,10.96,10.66,10.88,10.88,496400,1126273000.0,-0.05999999999999872,-0.5484460694698238
2023-08-22,10.91,10.92,10.64,10.9,10.9,558000,1123184500.0,-0.009999999999999787,-0.09165902841429685
2023-08-23,11.05,11.33,11.02,11.25,11.25,1120300,1137597500.0,0.1999999999999993,1.8099547511312153
2023-08-24,11.19,11.44,10.97,11.15,11.15,498000,1152010500.0,-0.03999999999999915,-0.3574620196604035
2023-08-25,11.12,11.18,10.85,10.97,10.97,457100,1144804000.0,-0.14999999999999858,-1.3489208633093397
2023-08-28,10.97,11.44,10.92,11.35,11.35,463000,1129361500.0,0.379999999999999,3.4639927073837646
2023-08-29,11.3,11.6,11.19,11.6,11.6,493300,1163335000.0,0.29999999999999893,2.6548672566371585
2023-08-30,11.67,11.85,11.5,11.59,11.59,595300,1201426500.0,-0.08000000000000007,-0.685518423307627
2023-08-31,11.58,11.65,11.37,11.42,11.42,478300,1192161000.0,-0.16000000000000014,-1.381692573402419
2023-09-01,11.61,11.71,10.99,11.02,11.02,474900,1195249500.0,-0.5899999999999999,-5.081826012058569
2023-09-05,10.94,10.98,10.68,10.68,10.68,527900,1126273000.0,-0.2599999999999998,-2.3765996343692852
2023-09-06,10.61,10.73,10.51,10.56,10.56,508700,1092299500.0,-0.049999999999998934,-0.471253534401498
2023-09-07,10.52,10.52,10.26,10.33,10.33,501400,1083034000.0,-0.1899999999999995,-1.8060836501901094
2023-09-08,10.39,10.52,10.31,10.35,10.35,518300,1069650500.0,-0.040000000000000924,-0.3849855630413948
2023-09-11,10.51,10.72,10.51,10.64,10.64,473500,1082004500.0,0.13000000000000078,1.2369172216936326
2023-09-12,10.55,10.79,10.5,10.57,10.57,373700,1086122500.0,0.019999999999999574,0.18957345971563577
2023-09-13,10.57,10.68,10.53,10.6,10.6,419500,1088181500.0,0.02999999999999936,0.2838221381267678
2023-09-14,10.7,11.38,10.7,11.29,11.29,876800,1101565000.0,0.5899999999999999,5.514018691588784
2023-09-15,11.38,11.95,11.38,11.91,11.91,1630100,1171571000.0,0.5299999999999994,4.65729349736379
2023-09-18,11.91,11.91,11.52,11.57,11.57,523800,1226134500.0,-0.33999999999999986,-2.85474391267842
2023-09-19,11.59,11.6,11.18,11.18,11.18,377500,1193190500.0,-0.41000000000000014,-3.5375323554788625
2023-09-20,11.18,11.39,11.16,11.16,11.16,300500,1150981000.0,-0.019999999999999574,-0.17889087656529135
2023-09-21,10.91,11.0,10.69,10.81,10.81,615700,1123184500.0,-0.09999999999999964,-0.9165902841429848
2023-09-22,10.87,11.11,10.6,10.6,10.6,628200,1119066500.0,-0.2699999999999996,-2.4839006439742373
2023-09-25,10.61,10.61,10.39,10.46,10.46,515800,1092299500.0,-0.14999999999999858,-1.4137606032045107
2023-09-26,10.37,10.42,10.1,10.14,10.14,751400,1067591499.9999999,-0.22999999999999865,-2.2179363548698037
2023-09-27,10.1,10.14,9.89,10.06,10.06,700300,1039795000.0,-0.03999999999999915,-0.3960396039603876
2023-09-28,10.04,10.42,10.04,10.39,10.39,744300,1033617999.9999999,0.3500000000000014,3.4860557768924445
2023-09-29,10.65,10.9,10.25,10.37,10.37,685000,1096417500.0,-0.28000000000000114,-2.6291079812206677
2023-10-02,10.18,10.22,9.9,9.98,9.98,588700,1048031000.0,-0.1999999999999993,-1.9646365422396788
2023-10-03,9.9,10.21,9.87,10.08,10.08,556100,1019205000.0,0.17999999999999972,1.8181818181818152
2023-10-04,10.09,10.18,9.78,9.88,9.88,679500,1038765500.0,-0.20999999999999908,-2.081268582755194
2023-10-05,9.9,10.11,9.87,10.06,10.06,359900,1019205000.0,0.16000000000000014,1.6161616161616175
2023-10-06,10.05,10.38,10.05,10.3,10.3,515900,1034647500.0000001,0.25,2.487562189054726
2023-10-09,10.5,10.59,10.34,10.53,10.53,396500,1080975000.0,0.02999999999999936,0.28571428571427965
2023-10-10,10.55,10.67,10.49,10.57,10.57,583100,1086122500.0,0.019999999999999574,0.18957345971563577
2023-10-11,10.73,10.8,10.44,10.67,10.67,656200,1104653500.0,-0.0600000000000005,-0.5591798695247018
2023-10-12,10.6,10.75,10.25,10.25,10.25,430600,1091270000.0,-0.34999999999999964,-3.3018867924528266
2023-10-13,10.68,11.0,10.63,10.94,10.94,837000,1099506000.0,0.2599999999999998,2.4344569288389493
2023-10-16,10.81,11.12,10.69,10.92,10.92,507500,1112889500.0,0.10999999999999943,1.0175763182238615
2023-10-17,10.86,11.23,10.82,11.23,11.23,485700,1118037000.0,0.370000000000001,3.406998158379383
2023-10-18,11.44,11.56,10.98,11.05,11.05,662100,1177748000.0,-0.3899999999999988,-3.4090909090908985
2023-10-19,11.12,11.12,10.74,11.0,11.0,772700,1144804000.0,-0.11999999999999922,-1.079136690647475
2023-10-20,11.06,11.5,11.0,11.08,11.08,638800,1138627000.0,0.019999999999999574,0.1808318264014428
2023-10-23,10.98,11.03,10.55,10.83,10.83,819700,1130391000.0,-0.15000000000000036,-1.3661202185792383
2023-10-24,10.72,11.04,10.68,10.91,10.91,569600,1103624000.0,0.1899999999999995,1.772388059701488
2023-10-25,10.78,11.06,10.59,10.59,10.59,484100,1109801000.0,-0.1899999999999995,-1.762523191094615
2023-10-26,10.48,10.69,10.27,10.62,10.62,563800,1078916000.0,0.1399999999999988,1.3358778625954082
2023-10-27,10.69,10.77,10.31,10.68,10.68,402700,1100535500.0,-0.009999999999999787,-0.09354536950420755
2023-10-30,10.75,10.91,10.39,10.45,10.45,598400,1106712500.0,-0.3000000000000007,-2.7906976744186114
2023-10-31,10.36,10.37,9.93,10.01,10.01,827400,1066562000.0,-0.34999999999999964,-3.378378378378375
2023-11-01,10.03,10.22,9.9,10.12,10.12,862000,1032588499.9999999,0.08999999999999986,0.8973080757726806
2023-11-02,10.28,10.37,9.93,10.32,10.32,1413200,1058325999.9999999,0.040000000000000924,0.3891050583657678
2023-11-03,10.47,11.01,10.47,10.82,10.82,895800,1077886500.0,0.34999999999999964,3.3428844317096433
2023-11-06,10.8,10.96,10.64,10.66,10.66,552800,1111860000.0,-0.14000000000000057,-1.2962962962963014
2023-11-07,10.5,10.56,10.13,10.51,10.51,709900,1080975000.0,0.009999999999999787,0.0952380952380932
2023-11-08,10.41,10.56,10.07,10.07,10.07,522900,1071709500.0,-0.33999999999999986,-3.2660902977905844
2023-11-09,10.17,10.52,10.05,10.09,10.09,421200,1047001500.0,-0.08000000000000007,-0.7866273352999024
2023-11-10,10.1,10.35,9.61,9.89,9.89,1044800,1039795000.0,-0.20999999999999908,-2.0792079207920704
2023-11-13,10.08,10.08,9.64,9.66,9.66,646300,1037736000.0,-0.41999999999999993,-4.166666666666666
2023-11-14,9.97,10.45,9.82,10.4,10.4,648900,1026411500.0000001,0.4299999999999997,4.312938816449345
2023-11-15,10.41,10.56,10.27,10.36,10.36,511500,1071709500.0,-0.05000000000000071,-0.48030739673391654
2023-11-16,10.51,10.88,10.49,10.63,10.63,757000,1082004500.0,0.120000000000001,1.1417697431018174
2023-11-17,10.92,10.92,10.34,10.5,10.5,790400,1124214000.0,-0.41999999999999993,-3.846153846153846
2023-11-20,10.39,10.58,10.27,10.53,10.53,421700,1069650500.0,0.1399999999999988,1.3474494706448392
2023-11-21,10.64,10.9,10.64,10.72,10.72,505300,1095388000.0,0.08000000000000007,0.7518796992481209
2023-11-22,10.61,10.75,10.51,10.71,10.71,437800,1092299500.0,0.10000000000000142,0.9425070688030295
2023-11-24,10.75,11.24,10.75,10.97,10.97,588800,1106712500.0,0.22000000000000064,2.046511627906983
2023-11-27,11.11,11.48,11.01,11.34,11.34,934200,1143774500.0,0.23000000000000043,2.070207020702074
2023-11-28,11.47,11.78,11.28,11.78,11.78,772300,1180836500.0,0.3099999999999987,2.7027027027026915
2023-11-29,11.78,11.86,11.59,11.8,11.8,513000,1212751000.0,0.02000000000000135,0.16977928692700636
2023-11-30,11.71,11.92,11.56,11.87,11.87,464800,1205544500.0,0.15999999999999837,1.3663535439794907
2023-12-01,11.83,12.19,11.75,12.16,12.16,857800,1217898500.0,0.33000000000000007,2.7895181741335593
2023-12-04,11.86,12.02,11.67,11.72,11.72,676700,1220987000.0,-0.1399999999999988,-1.1804384485666004
2023-12-05,11.58,11.68,11.35,11.4,11.4,618200,1192161000.0,-0.17999999999999972,-1.5544041450777177
2023-12-06,11.61,11.61,11.22,11.22,11.22,391300,1195249500.0,-0.3899999999999988,-3.359173126614977
2023-12-07,11.34,11.34,10.97,11.17,11.17,397600,1167453000.0,-0.16999999999999993,-1.4991181657848318
2023-12-08,10.91,11.12,10.8,10.84,10.84,944100,1123184500.0,-0.07000000000000028,-0.6416131989000942
2023-12-11,10.71,10.71,10.4,10.5,10.5,1024000,1102594500.0,-0.21000000000000085,-1.960784313725498
2023-12-12,10.52,10.59,10.04,10.06,10.06,1078500,1083034000.0,-0.4599999999999991,-4.3726235741444786
2023-12-13,10.07,10.74,10.01,10.71,10.71,1381500,1036706500.0,0.6400000000000006,6.355511420059588
2023-12-14,11.12,11.2,10.59,10.8,10.8,1449500,1144804000.0,-0.3199999999999985,-2.8776978417266053
2023-12-15,10.71,10.84,10.44,10.47,10.47,2780700,1102594500.0,-0.2400000000000002,-2.240896358543419
