Date,Open,High,Low,Close,Adj Close,Volume,Market Cap,Delta,DeltaPercent
1962-01-02,0.0,0.19184,0.189236,0.189236,0.002888,345600,0.0,0.189236,inf
1962-01-03,0.0,0.186198,0.184896,0.185764,0.002835,1209600,0.0,0.185764,inf
1962-01-04,0.0,0.1875,0.184462,0.187066,0.002855,2592000,0.0,0.187066,inf
1962-01-05,0.0,0.195313,0.184028,0.189236,0.002888,2937600,0.0,0.189236,inf
1962-01-08,0.0,0.189236,0.186632,0.187934,0.002868,1382400,0.0,0.187934,inf
1962-01-09,0.0,0.189236,0.184462,0.184462,0.002815,460800,0.0,0.184462,inf
1962-01-10,0.0,0.186632,0.18099,0.183594,0.002802,4089600,0.0,0.183594,inf
1962-01-11,0.0,0.18316,0.181424,0.18316,0.002795,691200,0.0,0.18316,inf
1962-01-12,0.0,0.184028,0.183594,0.183594,0.002802,460800,0.0,0.183594,inf
1962-01-15,0.0,0.184028,0.182292,0.182292,0.002782,633600,0.0,0.182292,inf
1962-01-16,0.0,0.180556,0.171875,0.174479,0.002663,2592000,0.0,0.174479,inf
1962-01-17,0.0,0.175781,0.171875,0.173611,0.00265,1382400,0.0,0.173611,inf
1962-01-18,0.0,0.174913,0.173611,0.173611,0.00265,1094400,0.0,0.173611,inf
1962-01-19,0.0,0.177083,0.174045,0.177083,0.002703,748800,0.0,0.177083,inf
1962-01-22,0.0,0.180122,0.176649,0.177083,0.002703,1497600,0.0,0.177083,inf
1962-01-23,0.0,0.177517,0.173611,0.174045,0.002656,576000,0.0,0.174045,inf
1962-01-24,0.0,0.173611,0.172743,0.173611,0.00265,518400,0.0,0.173611,inf
1962-01-25,0.0,0.177083,0.172743,0.176866,0.002699,633600,0.0,0.176866,inf
1962-01-26,0.0,0.177083,0.175347,0.175347,0.002676,230400,0.0,0.175347,inf
1962-01-29,0.0,0.174479,0.17296,0.17296,0.00264,403200,0.0,0.17296,inf
1962-01-30,0.0,0.176215,0.17296,0.176215,0.002689,518400,0.0,0.176215,inf
1962-01-31,0.0,0.176215,0.174045,0.176215,0.002689,1152000,0.0,0.176215,inf
1962-02-01,0.0,0.177734,0.176215,0.177734,0.002712,979200,0.0,0.177734,inf
1962-02-02,0.0,0.177951,0.175781,0.177083,0.002703,1094400,0.0,0.177083,inf
1962-02-05,0.0,0.180122,0.177951,0.177951,0.002716,864000,0.0,0.177951,inf
1962-02-06,0.0,0.179253,0.177517,0.177517,0.002709,518400,0.0,0.177517,inf
1962-02-07,0.0,0.178602,0.176215,0.178602,0.002726,518400,0.0,0.178602,inf
1962-02-08,0.0,0.179253,0.177951,0.178385,0.002722,633600,0.0,0.178385,inf
1962-02-09,0.0,0.178819,0.176215,0.178602,0.002726,864000,0.0,0.178602,inf
1962-02-12,0.0,0.178819,0.177083,0.178819,0.002729,345600,0.0,0.178819,inf
1962-02-13,0.0,0.177951,0.176215,0.177951,0.002716,518400,0.0,0.177951,inf
1962-02-14,0.0,0.177083,0.176215,0.176215,0.002689,172800,0.0,0.176215,inf
1962-02-15,0.0,0.177951,0.176649,0.177951,0.002716,403200,0.0,0.177951,inf
1962-02-16,0.0,0.180556,0.178385,0.179688,0.002742,864000,0.0,0.179688,inf
1962-02-19,0.0,0.178819,0.176215,0.177083,0.002703,460800,0.0,0.177083,inf
1962-02-20,0.0,0.177951,0.177083,0.177083,0.002703,230400,0.0,0.177083,inf
1962-02-21,0.0,0.179688,0.177083,0.177083,0.002703,691200,0.0,0.177083,inf
1962-02-23,0.0,0.177951,0.176215,0.177951,0.002716,403200,0.0,0.177951,inf
1962-02-26,0.0,0.177083,0.176215,0.176215,0.002689,403200,0.0,0.176215,inf
1962-02-27,0.0,0.175781,0.175347,0.175347,0.002676,345600,0.0,0.175347,inf
1962-02-28,0.0,0.176215,0.174045,0.174045,0.002656,288000,0.0,0.174045,inf
1962-03-01,0.0,0.174479,0.173611,0.174045,0.002656,288000,0.0,0.174045,inf
1962-03-02,0.0,0.174913,0.173177,0.174696,0.002666,979200,0.0,0.174696,inf
1962-03-05,0.0,0.174913,0.170139,0.171875,0.002623,921600,0.0,0.171875,inf
1962-03-06,0.0,0.171875,0.168403,0.171007,0.00261,864000,0.0,0.171007,inf
1962-03-07,0.0,0.170139,0.169705,0.169705,0.00259,1440000,0.0,0.169705,inf
1962-03-08,0.0,0.171875,0.169705,0.171875,0.002623,864000,0.0,0.171875,inf
1962-03-09,0.0,0.171875,0.170139,0.170356,0.0026,1497600,0.0,0.170356,inf
1962-03-12,0.0,0.170573,0.169271,0.169705,0.00259,518400,0.0,0.169705,inf
1962-03-13,0.0,0.169705,0.168403,0.169271,0.002583,748800,0.0,0.169271,inf
1962-03-14,0.0,0.172743,0.169271,0.171007,0.002634,1497600,0.0,0.171007,inf
1962-03-15,0.0,0.171441,0.170573,0.170573,0.002627,172800,0.0,0.170573,inf
1962-03-16,0.0,0.171007,0.170139,0.170139,0.002621,576000,0.0,0.170139,inf
1962-03-19,0.0,0.171007,0.169705,0.169705,0.002614,691200,0.0,0.169705,inf
1962-03-20,0.0,0.170139,0.169705,0.170139,0.002621,460800,0.0,0.170139,inf
1962-03-21,0.0,0.170139,0.169705,0.170139,0.002621,576000,0.0,0.170139,inf
1962-03-22,0.0,0.170139,0.169705,0.169705,0.002614,691200,0.0,0.169705,inf
1962-03-23,0.0,0.169705,0.168837,0.168837,0.002601,921600,0.0,0.168837,inf
1962-03-26,0.0,0.167969,0.159722,0.160156,0.002467,2361600,0.0,0.160156,inf
1962-03-27,0.0,0.157986,0.152127,0.156467,0.00241,7545600,0.0,0.156467,inf
1962-03-28,0.0,0.157118,0.155816,0.156901,0.002417,3513600,0.0,0.156901,inf
1962-03-29,0.0,0.157986,0.156684,0.156684,0.002414,2016000,0.0,0.156684,inf
1962-03-30,0.0,0.156684,0.155599,0.15625,0.002407,2649600,0.0,0.15625,inf
1962-04-02,0.0,0.15625,0.154948,0.154948,0.002387,1152000,0.0,0.154948,inf
1962-04-03,0.0,0.154514,0.151042,0.151476,0.002333,2995200,0.0,0.151476,inf
1962-04-04,0.0,0.151042,0.146267,0.147135,0.002266,3744000,0.0,0.147135,inf
1962-04-05,0.0,0.147569,0.143446,0.146701,0.00226,4550400,0.0,0.146701,inf
1962-04-06,0.0,0.148872,0.146701,0.146701,0.00226,2592000,0.0,0.146701,inf
1962-04-09,0.0,0.146918,0.140625,0.146701,0.00226,3628800,0.0,0.146701,inf
1962-04-10,0.0,0.146701,0.138889,0.14605,0.00225,7545600,0.0,0.14605,inf
1962-04-11,0.0,0.148003,0.144965,0.147569,0.002273,4262400,0.0,0.147569,inf
1962-04-12,0.0,0.148438,0.146267,0.146701,0.00226,2476800,0.0,0.146701,inf
1962-04-13,0.0,0.147569,0.14605,0.146701,0.00226,1324800,0.0,0.146701,inf
1962-04-16,0.0,0.148003,0.146701,0.146701,0.00226,864000,0.0,0.146701,inf
1962-04-17,0.0,0.147569,0.146267,0.147135,0.002266,1382400,0.0,0.147135,inf
1962-04-18,0.0,0.149523,0.146701,0.149523,0.002303,2304000,0.0,0.149523,inf
1962-04-19,0.0,0.150174,0.148438,0.150174,0.002313,979200,0.0,0.150174,inf
1962-04-23,0.0,0.153646,0.151042,0.152778,0.002353,1324800,0.0,0.152778,inf
1962-04-24,0.0,0.154297,0.153212,0.153212,0.00236,806400,0.0,0.153212,inf
1962-04-25,0.0,0.153646,0.150174,0.150174,0.002313,1785600,0.0,0.150174,inf
1962-04-26,0.0,0.149306,0.145833,0.145833,0.002246,806400,0.0,0.145833,inf
1962-04-27,0.0,0.144965,0.143229,0.143663,0.002213,1843200,0.0,0.143663,inf
1962-04-30,0.0,0.145833,0.143663,0.144097,0.00222,864000,0.0,0.144097,inf
1962-05-01,0.0,0.146267,0.144531,0.145833,0.002246,1036800,0.0,0.145833,inf
1962-05-02,0.0,0.148438,0.146701,0.147569,0.002273,1267200,0.0,0.147569,inf
1962-05-03,0.0,0.151042,0.148438,0.150174,0.002313,979200,0.0,0.150174,inf
1962-05-04,0.0,0.151042,0.150174,0.150608,0.00232,864000,0.0,0.150608,inf
1962-05-07,0.0,0.150608,0.149306,0.150174,0.002313,1209600,0.0,0.150174,inf
1962-05-08,0.0,0.151042,0.148872,0.14974,0.002307,633600,0.0,0.14974,inf
1962-05-09,0.0,0.150174,0.148872,0.149089,0.002297,1324800,0.0,0.149089,inf
1962-05-10,0.0,0.14974,0.147786,0.147786,0.002276,1958400,0.0,0.147786,inf
1962-05-11,0.0,0.148438,0.142578,0.142578,0.002196,2649600,0.0,0.142578,inf
1962-05-14,0.0,0.144097,0.139323,0.144097,0.00222,2131200,0.0,0.144097,inf
1962-05-15,0.0,0.149306,0.146267,0.149089,0.002297,1843200,0.0,0.149089,inf
1962-05-16,0.0,0.149523,0.146701,0.146701,0.00226,691200,0.0,0.146701,inf
1962-05-17,0.0,0.146701,0.143663,0.143663,0.002213,1728000,0.0,0.143663,inf
1962-05-18,0.0,0.143446,0.137587,0.138889,0.002139,3398400,0.0,0.138889,inf
1962-05-21,0.0,0.138889,0.135634,0.136719,0.002106,2361600,0.0,0.136719,inf
1962-05-22,0.0,0.136285,0.135417,0.136285,0.002099,2880000,0.0,0.136285,inf
1962-05-23,0.0,0.141059,0.137153,0.137153,0.002113,2822400,0.0,0.137153,inf
1962-05-24,0.0,0.138455,0.137153,0.137153,0.002113,1728000,0.0,0.137153,inf
1962-05-25,0.0,0.141493,0.13737,0.138455,0.002133,2707200,0.0,0.138455,inf
1962-05-28,0.0,0.135634,0.118924,0.124132,0.001912,8524800,0.0,0.124132,inf
1962-05-29,0.0,0.123264,0.115017,0.121528,0.001872,8294400,0.0,0.121528,inf
1962-05-31,0.0,0.125,0.122396,0.123264,0.001899,5184000,0.0,0.123264,inf
1962-06-01,0.0,0.124566,0.122613,0.123698,0.001905,2534400,0.0,0.123698,inf
1962-06-04,0.0,0.123481,0.121962,0.121962,0.001879,2476800,0.0,0.121962,inf
1962-06-05,0.0,0.125868,0.121745,0.123264,0.001899,5414400,0.0,0.123264,inf
1962-06-06,0.0,0.12934,0.123915,0.129123,0.001989,3744000,0.0,0.129123,inf
1962-06-07,0.0,0.128689,0.126085,0.126085,0.001942,1152000,0.0,0.126085,inf
1962-06-08,0.0,0.128038,0.124132,0.124132,0.001912,2822400,0.0,0.124132,inf
1962-06-11,0.0,0.126736,0.123481,0.125868,0.001939,1843200,0.0,0.125868,inf
1962-06-12,0.0,0.126085,0.123698,0.124132,0.001912,2419200,0.0,0.124132,inf
1962-06-13,0.0,0.125,0.121745,0.121962,0.001879,2707200,0.0,0.121962,inf
1962-06-14,0.0,0.123264,0.119792,0.122396,0.00191,1843200,0.0,0.122396,inf
1962-06-15,0.0,0.124783,0.121528,0.124783,0.001947,1728000,0.0,0.124783,inf
1962-06-18,0.0,0.126302,0.124132,0.125651,0.001961,1324800,0.0,0.125651,inf
1962-06-19,0.0,0.128472,0.125651,0.128472,0.002005,1728000,0.0,0.128472,inf
1962-06-20,0.0,0.13151,0.12934,0.12934,0.002018,2592000,0.0,0.12934,inf
1962-06-21,0.0,0.131076,0.127604,0.127604,0.001991,1382400,0.0,0.127604,inf
1962-06-22,0.0,0.126953,0.125434,0.125434,0.001957,979200,0.0,0.125434,inf
1962-06-25,0.0,0.125,0.12283,0.124566,0.001944,2764800,0.0,0.124566,inf
1962-06-26,0.0,0.125,0.122396,0.122396,0.00191,1958400,0.0,0.122396,inf
1962-06-27,0.0,0.121745,0.118924,0.119792,0.001869,1382400,0.0,0.119792,inf
1962-06-28,0.0,0.125,0.121528,0.125,0.00195,1843200,0.0,0.125,inf
1962-06-29,0.0,0.127604,0.126519,0.126519,0.001974,1267200,0.0,0.126519,inf
1962-07-02,0.0,0.13151,0.126519,0.130642,0.002039,1440000,0.0,0.130642,inf
1962-07-03,0.0,0.133681,0.130642,0.132595,0.002069,4147200,0.0,0.132595,inf
1962-07-05,0.0,0.132813,0.132595,0.132595,0.002069,864000,0.0,0.132595,inf
1962-07-06,0.0,0.131293,0.128906,0.128906,0.002011,806400,0.0,0.128906,inf
1962-07-09,0.0,0.129123,0.126736,0.128472,0.002005,921600,0.0,0.128472,inf
1962-07-10,0.0,0.129991,0.126736,0.126736,0.001978,2073600,0.0,0.126736,inf
1962-07-11,0.0,0.127604,0.126736,0.127387,0.001988,1152000,0.0,0.127387,inf
1962-07-12,0.0,0.127387,0.124566,0.124566,0.001944,864000,0.0,0.124566,inf
1962-07-13,0.0,0.125,0.123698,0.123698,0.00193,518400,0.0,0.123698,inf
1962-07-16,0.0,0.123264,0.122179,0.122396,0.00191,1555200,0.0,0.122396,inf
1962-07-17,0.0,0.12283,0.120009,0.120009,0.001873,2246400,0.0,0.120009,inf
1962-07-18,0.0,0.119358,0.117188,0.118924,0.001856,1267200,0.0,0.118924,inf
1962-07-19,0.0,0.121094,0.11849,0.120443,0.001879,1094400,0.0,0.120443,inf
1962-07-20,0.0,0.123264,0.120877,0.121094,0.00189,1267200,0.0,0.121094,inf
1962-07-23,0.0,0.12283,0.120877,0.121094,0.00189,748800,0.0,0.121094,inf
1962-07-24,0.0,0.121745,0.120877,0.121094,0.00189,576000,0.0,0.121094,inf
1962-07-25,0.0,0.12066,0.119792,0.119792,0.001869,806400,0.0,0.119792,inf
1962-07-26,0.0,0.122396,0.119792,0.121962,0.001903,691200,0.0,0.121962,inf
1962-07-27,0.0,0.121528,0.120009,0.120009,0.001873,979200,0.0,0.120009,inf
1962-07-30,0.0,0.121528,0.120009,0.12066,0.001883,748800,0.0,0.12066,inf
1962-07-31,0.0,0.122396,0.12066,0.121094,0.00189,1209600,0.0,0.121094,inf
1962-08-01,0.0,0.122396,0.121528,0.121962,0.001903,460800,0.0,0.121962,inf
1962-08-02,0.0,0.124132,0.121528,0.123264,0.001923,2476800,0.0,0.123264,inf
1962-08-03,0.0,0.124132,0.12283,0.123481,0.001927,518400,0.0,0.123481,inf
1962-08-06,0.0,0.123264,0.122396,0.122396,0.00191,4089600,0.0,0.122396,inf
1962-08-07,0.0,0.121962,0.118924,0.118924,0.001856,460800,0.0,0.118924,inf
1962-08-08,0.0,0.121528,0.119792,0.121528,0.001896,979200,0.0,0.121528,inf
1962-08-09,0.0,0.121528,0.120226,0.120226,0.001876,288000,0.0,0.120226,inf
1962-08-10,0.0,0.123264,0.120226,0.122396,0.00191,979200,0.0,0.122396,inf
1962-08-13,0.0,0.123264,0.122396,0.122396,0.00191,576000,0.0,0.122396,inf
1962-08-14,0.0,0.12283,0.121311,0.121962,0.001903,748800,0.0,0.121962,inf
1962-08-15,0.0,0.123264,0.121962,0.12283,0.001917,1612800,0.0,0.12283,inf
1962-08-16,0.0,0.123264,0.122179,0.122179,0.001906,1209600,0.0,0.122179,inf
1962-08-17,0.0,0.123047,0.122396,0.12283,0.001917,576000,0.0,0.12283,inf
1962-08-20,0.0,0.123264,0.12283,0.12283,0.001917,5241600,0.0,0.12283,inf
1962-08-21,0.0,0.123047,0.121528,0.121528,0.001896,403200,0.0,0.121528,inf
1962-08-22,0.0,0.121528,0.120226,0.121094,0.00189,864000,0.0,0.121094,inf
1962-08-23,0.0,0.123264,0.121528,0.121528,0.001896,921600,0.0,0.121528,inf
1962-08-24,0.0,0.121528,0.12066,0.121094,0.00189,633600,0.0,0.121094,inf
1962-08-27,0.0,0.122179,0.120226,0.122179,0.001906,288000,0.0,0.122179,inf
1962-08-28,0.0,0.122179,0.121094,0.122179,0.001906,288000,0.0,0.122179,inf
1962-08-29,0.0,0.121745,0.120226,0.121528,0.001896,979200,0.0,0.121528,inf
1962-08-30,0.0,0.121528,0.120877,0.121528,0.001896,288000,0.0,0.121528,inf
1962-08-31,0.0,0.122396,0.121962,0.122396,0.00191,460800,0.0,0.122396,inf
1962-09-04,0.0,0.122396,0.121528,0.121528,0.001896,518400,0.0,0.121528,inf
1962-09-05,0.0,0.121094,0.118924,0.119358,0.001862,576000,0.0,0.119358,inf
1962-09-06,0.0,0.12283,0.119358,0.12283,0.001917,921600,0.0,0.12283,inf
1962-09-07,0.0,0.123264,0.120226,0.121528,0.001896,748800,0.0,0.121528,inf
1962-09-10,0.0,0.121094,0.120226,0.120226,0.001876,518400,0.0,0.120226,inf
1962-09-11,0.0,0.12066,0.119792,0.119792,0.001869,345600,0.0,0.119792,inf
1962-09-12,0.0,0.121528,0.120443,0.121528,0.001896,864000,0.0,0.121528,inf
1962-09-13,0.0,0.122396,0.12066,0.121528,0.001896,691200,0.0,0.121528,inf
1962-09-14,0.0,0.120226,0.11849,0.119792,0.001894,806400,0.0,0.119792,inf
1962-09-17,0.0,0.12066,0.119358,0.120226,0.0019,921600,0.0,0.120226,inf
1962-09-18,0.0,0.121962,0.120226,0.12066,0.001907,460800,0.0,0.12066,inf
1962-09-19,0.0,0.121094,0.118924,0.118924,0.00188,633600,0.0,0.118924,inf
1962-09-20,0.0,0.12066,0.119358,0.119792,0.001894,518400,0.0,0.119792,inf
1962-09-21,0.0,0.118707,0.116319,0.116319,0.001839,1497600,0.0,0.116319,inf
1962-09-24,0.0,0.116319,0.115451,0.115885,0.001832,1497600,0.0,0.115885,inf
1962-09-25,0.0,0.116319,0.114583,0.116319,0.001839,864000,0.0,0.116319,inf
1962-09-26,0.0,0.116753,0.115017,0.115668,0.001828,1209600,0.0,0.115668,inf
1962-09-27,0.0,0.116319,0.115017,0.115668,0.001828,1152000,0.0,0.115668,inf
1962-09-28,0.0,0.118924,0.116753,0.118056,0.001866,864000,0.0,0.118056,inf
1962-10-01,0.0,0.119792,0.116753,0.116753,0.001846,921600,0.0,0.116753,inf
1962-10-02,0.0,0.118924,0.117622,0.118707,0.001876,921600,0.0,0.118707,inf
1962-10-03,0.0,0.118924,0.117839,0.117839,0.001863,979200,0.0,0.117839,inf
1962-10-04,0.0,0.118056,0.116753,0.116753,0.001846,403200,0.0,0.116753,inf
1962-10-05,0.0,0.11849,0.117188,0.118056,0.001866,633600,0.0,0.118056,inf
1962-10-08,0.0,0.117405,0.115668,0.115668,0.001828,1324800,0.0,0.115668,inf
1962-10-09,0.0,0.116753,0.115668,0.116319,0.001839,748800,0.0,0.116319,inf
1962-10-10,0.0,0.11697,0.116102,0.116319,0.001839,1036800,0.0,0.116319,inf
1962-10-11,0.0,0.116753,0.116319,0.116319,0.001839,576000,0.0,0.116319,inf
1962-10-12,0.0,0.117622,0.115668,0.11697,0.001849,1036800,0.0,0.11697,inf
1962-10-15,0.0,0.117622,0.115885,0.116536,0.001842,864000,0.0,0.116536,inf
1962-10-16,0.0,0.117405,0.116319,0.116319,0.001839,576000,0.0,0.116319,inf
1962-10-17,0.0,0.116319,0.115451,0.116319,0.001839,1094400,0.0,0.116319,inf
1962-10-18,0.0,0.115451,0.113932,0.114583,0.001811,1728000,0.0,0.114583,inf
1962-10-19,0.0,0.115017,0.113064,0.115017,0.001818,2822400,0.0,0.115017,inf
1962-10-22,0.0,0.114366,0.111762,0.111979,0.00177,2937600,0.0,0.111979,inf
1962-10-23,0.0,0.111979,0.106337,0.108073,0.001708,2361600,0.0,0.108073,inf
1962-10-24,0.0,0.109809,0.10612,0.109375,0.001729,1958400,0.0,0.109375,inf
1962-10-25,0.0,0.109375,0.107639,0.108507,0.001715,5068800,0.0,0.108507,inf
1962-10-26,0.0,0.109375,0.108507,0.109375,0.001729,748800,0.0,0.109375,inf
1962-10-29,0.0,0.112413,0.110677,0.110677,0.001749,979200,0.0,0.110677,inf
1962-10-30,0.0,0.10612,0.110677,0.111111,0.001756,1382400,0.0,0.111111,inf
1962-10-31,0.0,0.114149,0.111762,0.112847,0.001784,1209600,0.0,0.112847,inf
1962-11-01,0.0,0.114583,0.112847,0.113715,0.001797,1209600,0.0,0.113715,inf
1962-11-02,0.0,0.117839,0.115017,0.117622,0.001859,2592000,0.0,0.117622,inf
1962-11-05,0.0,0.120443,0.118056,0.120443,0.001904,1612800,0.0,0.120443,inf
1962-11-07,0.0,0.124132,0.121094,0.12283,0.001942,2419200,0.0,0.12283,inf
1962-11-08,0.0,0.125434,0.124132,0.124349,0.001966,1670400,0.0,0.124349,inf
1962-11-09,0.0,0.123698,0.121528,0.123698,0.001955,1440000,0.0,0.123698,inf
1962-11-12,0.0,0.126736,0.125434,0.125651,0.001986,864000,0.0,0.125651,inf
1962-11-13,0.0,0.126519,0.124566,0.124566,0.001969,1152000,0.0,0.124566,inf
1962-11-14,0.0,0.125,0.124566,0.125,0.001976,864000,0.0,0.125,inf
1962-11-15,0.0,0.125868,0.124132,0.124783,0.001972,1036800,0.0,0.124783,inf
1962-11-16,0.0,0.124349,0.123698,0.123698,0.001955,1843200,0.0,0.123698,inf
1962-11-19,0.0,0.123915,0.121528,0.121528,0.001921,864000,0.0,0.121528,inf
1962-11-20,0.0,0.123264,0.121528,0.123264,0.001948,691200,0.0,0.123264,inf
1962-11-21,0.0,0.125868,0.123698,0.125868,0.00199,1497600,0.0,0.125868,inf
1962-11-23,0.0,0.128906,0.125217,0.126736,0.002003,1612800,0.0,0.126736,inf
1962-11-26,0.0,0.130859,0.128038,0.130208,0.002058,1670400,0.0,0.130208,inf
1962-11-27,0.0,0.134332,0.130208,0.134332,0.002123,1728000,0.0,0.134332,inf
1962-11-28,0.0,0.138672,0.134549,0.134549,0.002127,1670400,0.0,0.134549,inf
1962-11-29,0.0,0.134983,0.132161,0.134983,0.002134,1728000,0.0,0.134983,inf
1962-11-30,0.0,0.134983,0.133681,0.133681,0.002113,345600,0.0,0.133681,inf
1962-12-03,0.0,0.133681,0.132595,0.133681,0.002113,633600,0.0,0.133681,inf
1962-12-04,0.0,0.1352,0.132378,0.1352,0.002137,691200,0.0,0.1352,inf
1962-12-05,0.0,0.136285,0.133247,0.133247,0.002106,1728000,0.0,0.133247,inf
1962-12-06,0.0,0.132595,0.131076,0.13151,0.002079,864000,0.0,0.13151,inf
1962-12-07,0.0,0.131727,0.130859,0.130859,0.002068,691200,0.0,0.130859,inf
1962-12-10,0.0,0.130425,0.127604,0.127604,0.002017,1670400,0.0,0.127604,inf
1962-12-11,0.0,0.129774,0.125868,0.129774,0.002051,1440000,0.0,0.129774,inf
1962-12-12,0.0,0.12934,0.128472,0.12934,0.002044,1267200,0.0,0.12934,inf
1962-12-13,0.0,0.130208,0.128906,0.12934,0.002044,576000,0.0,0.12934,inf
1962-12-14,0.0,0.128906,0.127387,0.128906,0.002063,576000,0.0,0.128906,inf
1962-12-17,0.0,0.130642,0.12934,0.129557,0.002073,748800,0.0,0.129557,inf
1962-12-18,0.0,0.130208,0.12934,0.129774,0.002076,806400,0.0,0.129774,inf
1962-12-19,0.0,0.130208,0.129123,0.130208,0.002083,1324800,0.0,0.130208,inf
1962-12-20,0.0,0.133681,0.129774,0.13303,0.002129,1209600,0.0,0.13303,inf
1962-12-21,0.0,0.133681,0.13151,0.132378,0.002118,518400,0.0,0.132378,inf
1962-12-24,0.0,0.132161,0.130425,0.131076,0.002097,864000,0.0,0.131076,inf
1962-12-26,0.0,0.13151,0.130642,0.130642,0.00209,288000,0.0,0.130642,inf
1962-12-27,0.0,0.13151,0.130425,0.130425,0.002087,460800,0.0,0.130425,inf
1962-12-28,0.0,0.130208,0.129774,0.129991,0.00208,691200,0.0,0.129991,inf
1962-12-31,0.0,0.128472,0.126736,0.127387,0.002038,1440000,0.0,0.127387,inf
1963-01-02,0.0,0.130208,0.127604,0.129123,0.002066,806400,0.0,0.129123,inf
1963-01-03,0.0,0.130642,0.129123,0.130208,0.002083,4953600,0.0,0.130208,inf
1963-01-04,0.0,0.132813,0.13151,0.132161,0.002115,1324800,0.0,0.132161,inf
1963-01-07,0.0,0.132161,0.13151,0.13151,0.002104,403200,0.0,0.13151,inf
1963-01-08,0.0,0.132595,0.13151,0.13151,0.002104,1728000,0.0,0.13151,inf
1963-01-09,0.0,0.132161,0.130208,0.130208,0.002083,1670400,0.0,0.130208,inf
1963-01-10,0.0,0.131076,0.130208,0.130208,0.002083,1612800,0.0,0.130208,inf
1963-01-11,0.0,0.130642,0.129774,0.130642,0.00209,2995200,0.0,0.130642,inf
1963-01-14,0.0,0.13151,0.130208,0.130859,0.002094,1555200,0.0,0.130859,inf
1963-01-15,0.0,0.130859,0.128472,0.128472,0.002056,1900800,0.0,0.128472,inf
1963-01-16,0.0,0.131076,0.128472,0.130859,0.002094,2995200,0.0,0.130859,inf
1963-01-17,0.0,0.130642,0.12934,0.12934,0.002069,633600,0.0,0.12934,inf
1963-01-18,0.0,0.130859,0.129557,0.129557,0.002073,1382400,0.0,0.129557,inf
1963-01-21,0.0,0.129557,0.128472,0.129557,0.002073,1843200,0.0,0.129557,inf
1963-01-22,0.0,0.130208,0.128689,0.128689,0.002059,921600,0.0,0.128689,inf
1963-01-23,0.0,0.128689,0.128472,0.128472,0.002056,576000,0.0,0.128472,inf
1963-01-24,0.0,0.128472,0.126736,0.126736,0.002028,1324800,0.0,0.126736,inf
1963-01-25,0.0,0.126736,0.124566,0.126302,0.002021,2476800,0.0,0.126302,inf
1963-01-28,0.0,0.128906,0.126736,0.127604,0.002042,2476800,0.0,0.127604,inf
1963-01-29,0.0,0.127604,0.126302,0.127604,0.002042,691200,0.0,0.127604,inf
1963-01-30,0.0,0.12717,0.125651,0.126736,0.002028,748800,0.0,0.126736,inf
1963-01-31,0.0,0.128472,0.126302,0.128472,0.002056,979200,0.0,0.128472,inf
1963-02-01,0.0,0.131944,0.128689,0.130208,0.002083,1209600,0.0,0.130208,inf
1963-02-04,0.0,0.132378,0.129557,0.132378,0.002118,1382400,0.0,0.132378,inf
1963-02-05,0.0,0.133681,0.13151,0.131727,0.002108,6508800,0.0,0.131727,inf
1963-02-06,0.0,0.136285,0.133681,0.136285,0.002181,2649600,0.0,0.136285,inf
1963-02-07,0.0,0.136502,0.133898,0.133898,0.002142,2016000,0.0,0.133898,inf
1963-02-08,0.0,0.134115,0.133681,0.133681,0.002139,1900800,0.0,0.133681,inf
1963-02-11,0.0,0.134115,0.133247,0.133681,0.002139,1209600,0.0,0.133681,inf
1963-02-12,0.0,0.133247,0.132161,0.13303,0.002129,1209600,0.0,0.13303,inf
1963-02-13,0.0,0.132813,0.132378,0.132813,0.002125,1382400,0.0,0.132813,inf
1963-02-14,0.0,0.132813,0.131727,0.132378,0.002118,3628800,0.0,0.132378,inf
1963-02-15,0.0,0.132378,0.130208,0.130208,0.002083,13766400,0.0,0.130208,inf
1963-02-18,0.0,0.130208,0.128689,0.12934,0.002069,1267200,0.0,0.12934,inf
1963-02-19,0.0,0.128689,0.125868,0.126302,0.002021,1152000,0.0,0.126302,inf
1963-02-20,0.0,0.12717,0.125868,0.12717,0.002035,1670400,0.0,0.12717,inf
1963-02-21,0.0,0.127387,0.126736,0.126736,0.002028,864000,0.0,0.126736,inf
1963-02-25,0.0,0.126953,0.126302,0.126302,0.002021,748800,0.0,0.126302,inf
1963-02-26,0.0,0.12717,0.125868,0.12717,0.002035,633600,0.0,0.12717,inf
1963-02-27,0.0,0.127387,0.125868,0.125868,0.002014,864000,0.0,0.125868,inf
1963-02-28,0.0,0.128038,0.125868,0.128038,0.002049,1497600,0.0,0.128038,inf
1963-03-01,0.0,0.127821,0.126736,0.126736,0.002028,5932800,0.0,0.126736,inf
1963-03-04,0.0,0.126736,0.126519,0.126736,0.002028,1036800,0.0,0.126736,inf
1963-03-05,0.0,0.127387,0.126085,0.126736,0.002028,1094400,0.0,0.126736,inf
1963-03-06,0.0,0.128038,0.126085,0.128038,0.002049,1209600,0.0,0.128038,inf
1963-03-07,0.0,0.12934,0.126736,0.12934,0.002069,3628800,0.0,0.12934,inf
1963-03-08,0.0,0.13151,0.12934,0.130642,0.00209,3052800,0.0,0.130642,inf
1963-03-11,0.0,0.134983,0.130859,0.134766,0.002156,3398400,0.0,0.134766,inf
1963-03-12,0.0,0.137153,0.134549,0.136285,0.002181,4550400,0.0,0.136285,inf
1963-03-13,0.0,0.138889,0.137587,0.137587,0.002201,4089600,0.0,0.137587,inf
1963-03-14,0.0,0.137153,0.135417,0.135417,0.002192,1267200,0.0,0.135417,inf
1963-03-15,0.0,0.1352,0.134332,0.134332,0.002174,864000,0.0,0.134332,inf
1963-03-18,0.0,0.134332,0.132378,0.133898,0.002167,1267200,0.0,0.133898,inf
1963-03-19,0.0,0.133898,0.133247,0.133247,0.002157,3225600,0.0,0.133247,inf
1963-03-20,0.0,0.134766,0.13303,0.134766,0.002181,460800,0.0,0.134766,inf
1963-03-21,0.0,0.134549,0.133681,0.134332,0.002174,864000,0.0,0.134332,inf
1963-03-22,0.0,0.134549,0.133247,0.134549,0.002178,1036800,0.0,0.134549,inf
1963-03-25,0.0,0.134983,0.134332,0.134332,0.002174,576000,0.0,0.134332,inf
1963-03-26,0.0,0.138021,0.134549,0.137153,0.00222,1324800,0.0,0.137153,inf
1963-03-27,0.0,0.138672,0.13737,0.13737,0.002223,1900800,0.0,0.13737,inf
1963-03-28,0.0,0.138455,0.135417,0.13737,0.002223,3052800,0.0,0.13737,inf
1963-03-29,0.0,0.138021,0.137153,0.137153,0.00222,3225600,0.0,0.137153,inf
1963-04-01,0.0,0.139757,0.138021,0.139323,0.002255,2764800,0.0,0.139323,inf
1963-04-02,0.0,0.140191,0.139757,0.140191,0.002269,1152000,0.0,0.140191,inf
1963-04-03,0.0,0.142144,0.139757,0.141927,0.002297,1612800,0.0,0.141927,inf
1963-04-04,0.0,0.145182,0.141059,0.144965,0.002346,2419200,0.0,0.144965,inf
1963-04-05,0.0,0.145399,0.142361,0.142361,0.002304,921600,0.0,0.142361,inf
1963-04-08,0.0,0.145833,0.144097,0.144748,0.002343,1324800,0.0,0.144748,inf
1963-04-09,0.0,0.147786,0.145399,0.146701,0.002374,3052800,0.0,0.146701,inf
1963-04-10,0.0,0.149089,0.145833,0.145833,0.00236,1900800,0.0,0.145833,inf
1963-04-11,0.0,0.147135,0.145833,0.146267,0.002367,691200,0.0,0.146267,inf
1963-04-15,0.0,0.148872,0.147135,0.148003,0.002395,1612800,0.0,0.148003,inf
1963-04-16,0.0,0.149306,0.147786,0.149306,0.002416,1670400,0.0,0.149306,inf
1963-04-17,0.0,0.153212,0.148003,0.153212,0.00248,2188800,0.0,0.153212,inf
1963-04-18,0.0,0.153212,0.151476,0.152778,0.002473,1497600,0.0,0.152778,inf
1963-04-19,0.0,0.155382,0.152344,0.154514,0.002501,2016000,0.0,0.154514,inf
1963-04-22,0.0,0.157118,0.154514,0.15625,0.002529,2707200,0.0,0.15625,inf
1963-04-23,0.0,0.15625,0.155382,0.15625,0.002529,1785600,0.0,0.15625,inf
1963-04-24,0.0,0.15625,0.154731,0.154731,0.002504,748800,0.0,0.154731,inf
1963-04-25,0.0,0.156033,0.152344,0.15408,0.002494,691200,0.0,0.15408,inf
1963-04-26,0.0,0.154514,0.15191,0.153646,0.002487,1094400,0.0,0.153646,inf
1963-04-29,0.0,0.154948,0.151476,0.152778,0.002473,1440000,0.0,0.152778,inf
1963-04-30,0.0,0.152778,0.14974,0.151476,0.002452,1958400,0.0,0.151476,inf
1963-05-01,0.0,0.152127,0.151259,0.151476,0.002452,864000,0.0,0.151476,inf
1963-05-02,0.0,0.151476,0.14822,0.148655,0.002406,2073600,0.0,0.148655,inf
1963-05-03,0.0,0.149957,0.14822,0.149306,0.002416,2131200,0.0,0.149306,inf
1963-05-06,0.0,0.151259,0.149306,0.14974,0.002423,921600,0.0,0.14974,inf
1963-05-07,0.0,0.150391,0.149306,0.150174,0.00243,1209600,0.0,0.150174,inf
1963-05-08,0.0,0.150608,0.14974,0.14974,0.002423,576000,0.0,0.14974,inf
1963-05-09,0.0,0.150391,0.149089,0.149089,0.002413,806400,0.0,0.149089,inf
1963-05-10,0.0,0.149523,0.146701,0.146701,0.002374,921600,0.0,0.146701,inf
1963-05-13,0.0,0.14822,0.147135,0.147135,0.002381,1555200,0.0,0.147135,inf
1963-05-14,0.0,0.14974,0.148438,0.148872,0.002409,518400,0.0,0.148872,inf
1963-05-15,0.0,0.148655,0.147786,0.148438,0.002402,1324800,0.0,0.148438,inf
1963-05-16,0.0,0.146484,0.144531,0.145833,0.00236,2764800,0.0,0.145833,inf
1963-05-17,0.0,0.145833,0.144965,0.145182,0.00235,1785600,0.0,0.145182,inf
1963-05-20,0.0,0.146267,0.144965,0.144965,0.002346,1324800,0.0,0.144965,inf
1963-05-21,0.0,0.146701,0.145182,0.145399,0.002353,1728000,0.0,0.145399,inf
1963-05-22,0.0,0.147569,0.14605,0.147135,0.002381,1324800,0.0,0.147135,inf
1963-05-23,0.0,0.148438,0.14822,0.148438,0.002402,1036800,0.0,0.148438,inf
1963-05-24,0.0,0.148872,0.148438,0.148438,0.002402,518400,0.0,0.148438,inf
1963-05-27,0.0,0.149089,0.148655,0.148872,0.002409,1152000,0.0,0.148872,inf
1963-05-28,0.0,0.14974,0.148872,0.149089,0.002413,1094400,0.0,0.149089,inf
1963-05-29,0.0,0.149523,0.148655,0.149523,0.00242,864000,0.0,0.149523,inf
1963-05-31,0.0,0.149957,0.149089,0.149957,0.002427,1094400,0.0,0.149957,inf
1963-06-03,0.0,0.150174,0.148872,0.149089,0.002413,1900800,0.0,0.149089,inf
1963-06-04,0.0,0.149957,0.149089,0.149957,0.002427,1209600,0.0,0.149957,inf
1963-06-05,0.0,0.149957,0.148872,0.148872,0.002409,1497600,0.0,0.148872,inf
1963-06-06,0.0,0.14605,0.142361,0.145399,0.002353,6278400,0.0,0.145399,inf
1963-06-07,0.0,0.146701,0.145399,0.14605,0.002364,2534400,0.0,0.14605,inf
1963-06-10,0.0,0.143663,0.140191,0.141059,0.002283,7488000,0.0,0.141059,inf
1963-06-11,0.0,0.141059,0.138672,0.138672,0.002244,4665600,0.0,0.138672,inf
1963-06-12,0.0,0.138889,0.13151,0.132161,0.002139,6912000,0.0,0.132161,inf
1963-06-13,0.0,0.138672,0.132595,0.135851,0.002199,10483200,0.0,0.135851,inf
1963-06-14,0.0,0.135417,0.134115,0.134983,0.00221,1440000,0.0,0.134983,inf
1963-06-17,0.0,0.138021,0.135851,0.136285,0.002231,2649600,0.0,0.136285,inf
1963-06-18,0.0,0.138021,0.135417,0.135417,0.002217,2592000,0.0,0.135417,inf
1963-06-19,0.0,0.136285,0.135417,0.136068,0.002228,1728000,0.0,0.136068,inf
1963-06-20,0.0,0.136719,0.134549,0.134766,0.002206,2592000,0.0,0.134766,inf
1963-06-21,0.0,0.135851,0.134549,0.134549,0.002203,864000,0.0,0.134549,inf
1963-06-24,0.0,0.136068,0.134766,0.135417,0.002217,1382400,0.0,0.135417,inf
1963-06-25,0.0,0.136936,0.1352,0.136936,0.002242,1555200,0.0,0.136936,inf
1963-06-26,0.0,0.138672,0.137153,0.137153,0.002246,1900800,0.0,0.137153,inf
1963-06-27,0.0,0.138238,0.13737,0.137804,0.002256,921600,0.0,0.137804,inf
1963-06-28,0.0,0.138889,0.137587,0.137587,0.002253,1785600,0.0,0.137587,inf
1963-07-01,0.0,0.137804,0.134983,0.134983,0.00221,2188800,0.0,0.134983,inf
1963-07-02,0.0,0.135417,0.134766,0.135417,0.002217,1382400,0.0,0.135417,inf
1963-07-03,0.0,0.137153,0.136068,0.136068,0.002228,1036800,0.0,0.136068,inf
1963-07-05,0.0,0.138455,0.136068,0.137587,0.002253,2764800,0.0,0.137587,inf
1963-07-08,0.0,0.138021,0.136502,0.137153,0.002246,1209600,0.0,0.137153,inf
1963-07-09,0.0,0.138455,0.13737,0.138238,0.002263,1094400,0.0,0.138238,inf
1963-07-10,0.0,0.138889,0.138238,0.138672,0.00227,2131200,0.0,0.138672,inf
1963-07-11,0.0,0.139974,0.138455,0.138455,0.002267,633600,0.0,0.138455,inf
1963-07-12,0.0,0.137153,0.135851,0.135851,0.002224,1094400,0.0,0.135851,inf
1963-07-15,0.0,0.136719,0.134983,0.134983,0.00221,3398400,0.0,0.134983,inf
1963-07-16,0.0,0.134766,0.132813,0.132813,0.002174,1382400,0.0,0.132813,inf
1963-07-17,0.0,0.131944,0.128472,0.12934,0.002118,1670400,0.0,0.12934,inf
1963-07-18,0.0,0.12934,0.128255,0.128255,0.0021,1382400,0.0,0.128255,inf
1963-07-19,0.0,0.128472,0.12717,0.12717,0.002082,1555200,0.0,0.12717,inf
1963-07-22,0.0,0.12717,0.125,0.125,0.002047,1958400,0.0,0.125,inf
1963-07-23,0.0,0.124349,0.123047,0.124132,0.002032,748800,0.0,0.124132,inf
1963-07-24,0.0,0.125,0.124132,0.124349,0.002036,1094400,0.0,0.124349,inf
1963-07-25,0.0,0.128472,0.125434,0.126736,0.002075,1612800,0.0,0.126736,inf
1963-07-26,0.0,0.128038,0.126302,0.127604,0.002089,748800,0.0,0.127604,inf
1963-07-29,0.0,0.128906,0.128038,0.128038,0.002096,403200,0.0,0.128038,inf
1963-07-30,0.0,0.129123,0.128472,0.128906,0.002111,403200,0.0,0.128906,inf
1963-07-31,0.0,0.128906,0.128038,0.128472,0.002103,288000,0.0,0.128472,inf
1963-08-01,0.0,0.128472,0.127604,0.128472,0.002103,921600,0.0,0.128472,inf
1963-08-02,0.0,0.12934,0.128038,0.128472,0.002103,633600,0.0,0.128472,inf
1963-08-05,0.0,0.131076,0.129557,0.131076,0.002146,1036800,0.0,0.131076,inf
1963-08-06,0.0,0.135417,0.13151,0.1352,0.002214,2073600,0.0,0.1352,inf
1963-08-07,0.0,0.136285,0.132378,0.132378,0.002167,864000,0.0,0.132378,inf
1963-08-08,0.0,0.132378,0.129557,0.130208,0.002132,1958400,0.0,0.130208,inf
1963-08-09,0.0,0.130642,0.129774,0.129774,0.002125,1382400,0.0,0.129774,inf
1963-08-12,0.0,0.130859,0.129991,0.129991,0.002128,921600,0.0,0.129991,inf
1963-08-13,0.0,0.130425,0.129991,0.130208,0.002132,748800,0.0,0.130208,inf
1963-08-14,0.0,0.130642,0.130208,0.130642,0.002139,345600,0.0,0.130642,inf
1963-08-15,0.0,0.131727,0.130208,0.131727,0.002157,1324800,0.0,0.131727,inf
1963-08-16,0.0,0.130642,0.130208,0.130208,0.002132,3398400,0.0,0.130208,inf
1963-08-19,0.0,0.130208,0.12717,0.12717,0.002082,518400,0.0,0.12717,inf
1963-08-20,0.0,0.128038,0.125434,0.126736,0.002075,979200,0.0,0.126736,inf
1963-08-21,0.0,0.12717,0.126085,0.126736,0.002075,576000,0.0,0.126736,inf
1963-08-22,0.0,0.126736,0.126085,0.126736,0.002075,921600,0.0,0.126736,inf
1963-08-23,0.0,0.12934,0.127604,0.128472,0.002103,921600,0.0,0.128472,inf
1963-08-26,0.0,0.128472,0.127604,0.128472,0.002103,691200,0.0,0.128472,inf
1963-08-27,0.0,0.128906,0.128038,0.128038,0.002096,979200,0.0,0.128038,inf
1963-08-28,0.0,0.133681,0.128472,0.132378,0.002167,2361600,0.0,0.132378,inf
1963-08-29,0.0,0.133681,0.13151,0.132378,0.002167,1497600,0.0,0.132378,inf
1963-08-30,0.0,0.134549,0.13151,0.134115,0.002196,1497600,0.0,0.134115,inf
1963-09-03,0.0,0.136719,0.134115,0.136719,0.002238,3110400,0.0,0.136719,inf
1963-09-04,0.0,0.138021,0.135851,0.135851,0.002224,1267200,0.0,0.135851,inf
1963-09-05,0.0,0.136719,0.134983,0.135851,0.002224,921600,0.0,0.135851,inf
1963-09-06,0.0,0.135851,0.133898,0.134549,0.002203,1036800,0.0,0.134549,inf
1963-09-09,0.0,0.134115,0.133247,0.134115,0.002196,691200,0.0,0.134115,inf
1963-09-10,0.0,0.134115,0.132378,0.132813,0.002174,979200,0.0,0.132813,inf
1963-09-11,0.0,0.133681,0.132813,0.133681,0.002189,576000,0.0,0.133681,inf
1963-09-12,0.0,0.13303,0.130859,0.130859,0.002143,921600,0.0,0.130859,inf
1963-09-13,0.0,0.131727,0.130425,0.131727,0.002157,864000,0.0,0.131727,inf
1963-09-16,0.0,0.130642,0.12717,0.128472,0.002129,2592000,0.0,0.128472,inf
1963-09-17,0.0,0.12717,0.125434,0.125868,0.002086,4089600,0.0,0.125868,inf
1963-09-18,0.0,0.12717,0.125868,0.126953,0.002104,2188800,0.0,0.126953,inf
1963-09-19,0.0,0.128255,0.126736,0.128255,0.002125,2073600,0.0,0.128255,inf
1963-09-20,0.0,0.128906,0.12717,0.12717,0.002107,1670400,0.0,0.12717,inf
1963-09-23,0.0,0.127821,0.126085,0.126302,0.002093,1324800,0.0,0.126302,inf
1963-09-24,0.0,0.12717,0.126085,0.12717,0.002107,1036800,0.0,0.12717,inf
1963-09-25,0.0,0.129123,0.125868,0.127604,0.002114,2764800,0.0,0.127604,inf
1963-09-26,0.0,0.127604,0.126736,0.127604,0.002114,1324800,0.0,0.127604,inf
1963-09-27,0.0,0.128038,0.127387,0.127387,0.002111,806400,0.0,0.127387,inf
1963-09-30,0.0,0.127604,0.126736,0.12717,0.002107,691200,0.0,0.12717,inf
1963-10-01,0.0,0.127604,0.12717,0.12717,0.002107,979200,0.0,0.12717,inf
1963-10-02,0.0,0.128038,0.126953,0.127604,0.002114,1209600,0.0,0.127604,inf
1963-10-03,0.0,0.130642,0.128472,0.130425,0.002161,3513600,0.0,0.130425,inf
1963-10-04,0.0,0.137153,0.130208,0.134549,0.002229,5068800,0.0,0.134549,inf
1963-10-07,0.0,0.134549,0.132595,0.13303,0.002204,1382400,0.0,0.13303,inf
1963-10-08,0.0,0.132813,0.131076,0.131076,0.002172,460800,0.0,0.131076,inf
1963-10-09,0.0,0.131944,0.131076,0.131727,0.002183,518400,0.0,0.131727,inf
1963-10-10,0.0,0.132813,0.131076,0.132595,0.002197,1094400,0.0,0.132595,inf
1963-10-11,0.0,0.135417,0.131944,0.131944,0.002186,2131200,0.0,0.131944,inf
1963-10-14,0.0,0.132813,0.131944,0.131944,0.002186,2188800,0.0,0.131944,inf
1963-10-15,0.0,0.132595,0.131076,0.131076,0.002172,921600,0.0,0.131076,inf
1963-10-16,0.0,0.132813,0.131076,0.131076,0.002172,1670400,0.0,0.131076,inf
1963-10-17,0.0,0.132378,0.130425,0.13151,0.002179,1670400,0.0,0.13151,inf
1963-10-18,0.0,0.135417,0.13151,0.134549,0.002229,3571200,0.0,0.134549,inf
1963-10-21,0.0,0.136285,0.1352,0.1352,0.00224,2016000,0.0,0.1352,inf
1963-10-22,0.0,0.135417,0.13303,0.134983,0.002237,1382400,0.0,0.134983,inf
1963-10-23,0.0,0.135634,0.134115,0.134983,0.002237,1497600,0.0,0.134983,inf
1963-10-24,0.0,0.136719,0.134115,0.134983,0.002237,1555200,0.0,0.134983,inf
1963-10-25,0.0,0.1352,0.134115,0.134115,0.002222,864000,0.0,0.134115,inf
1963-10-28,0.0,0.134983,0.132378,0.133898,0.002219,1670400,0.0,0.133898,inf
1963-10-29,0.0,0.134115,0.131944,0.131944,0.002186,576000,0.0,0.131944,inf
1963-10-30,0.0,0.133681,0.131076,0.13303,0.002204,864000,0.0,0.13303,inf
1963-10-31,0.0,0.133464,0.132378,0.133247,0.002208,633600,0.0,0.133247,inf
1963-11-01,0.0,0.133681,0.130642,0.130642,0.002165,1728000,0.0,0.130642,inf
1963-11-04,0.0,0.130642,0.128906,0.12934,0.002143,2822400,0.0,0.12934,inf
1963-11-06,0.0,0.130425,0.127387,0.127821,0.002118,2016000,0.0,0.127821,inf
1963-11-07,0.0,0.128689,0.126953,0.127387,0.002111,3744000,0.0,0.127387,inf
1963-11-08,0.0,0.127604,0.12717,0.127387,0.002111,691200,0.0,0.127387,inf
1963-11-11,0.0,0.126953,0.126302,0.126302,0.002093,1094400,0.0,0.126302,inf
1963-11-12,0.0,0.126736,0.124132,0.124783,0.002068,4320000,0.0,0.124783,inf
1963-11-13,0.0,0.125,0.123264,0.123915,0.002053,1785600,0.0,0.123915,inf
1963-11-14,0.0,0.124349,0.123264,0.123481,0.002046,1555200,0.0,0.123481,inf
1963-11-15,0.0,0.124566,0.123481,0.123481,0.002046,1094400,0.0,0.123481,inf
1963-11-18,0.0,0.123481,0.122396,0.122396,0.002028,1324800,0.0,0.122396,inf
1963-11-19,0.0,0.122396,0.120877,0.122396,0.002028,1555200,0.0,0.122396,inf
1963-11-20,0.0,0.123698,0.121745,0.122613,0.002032,1440000,0.0,0.122613,inf
1963-11-21,0.0,0.123264,0.121528,0.121528,0.002014,3513600,0.0,0.121528,inf
1963-11-22,0.0,0.121962,0.12066,0.12066,0.001999,1382400,0.0,0.12066,inf
1963-11-26,0.0,0.124783,0.121962,0.124783,0.002068,1152000,0.0,0.124783,inf
1963-11-27,0.0,0.124132,0.122396,0.122396,0.002028,806400,0.0,0.122396,inf
1963-11-29,0.0,0.125,0.123698,0.124349,0.00206,403200,0.0,0.124349,inf
1963-12-02,0.0,0.123915,0.121745,0.121745,0.002017,2880000,0.0,0.121745,inf
1963-12-03,0.0,0.122396,0.121094,0.122396,0.002028,1900800,0.0,0.122396,inf
1963-12-04,0.0,0.123698,0.121745,0.12283,0.002035,2419200,0.0,0.12283,inf
1963-12-05,0.0,0.122179,0.12066,0.121528,0.002014,2995200,0.0,0.121528,inf
1963-12-06,0.0,0.120877,0.119141,0.119141,0.001974,3283200,0.0,0.119141,inf
1963-12-09,0.0,0.119792,0.116319,0.119792,0.001985,3744000,0.0,0.119792,inf
1963-12-10,0.0,0.121528,0.120009,0.12066,0.001999,2649600,0.0,0.12066,inf
1963-12-11,0.0,0.121311,0.119358,0.119358,0.001978,1440000,0.0,0.119358,inf
1963-12-12,0.0,0.121094,0.118924,0.119792,0.001985,1670400,0.0,0.119792,inf
1963-12-13,0.0,0.121311,0.120226,0.121094,0.002006,806400,0.0,0.121094,inf
1963-12-16,0.0,0.124349,0.120226,0.123264,0.002069,2649600,0.0,0.123264,inf
1963-12-17,0.0,0.12934,0.125434,0.12934,0.002171,3686400,0.0,0.12934,inf
1963-12-18,0.0,0.128689,0.126302,0.127604,0.002142,1785600,0.0,0.127604,inf
1963-12-19,0.0,0.127604,0.125434,0.125868,0.002113,1209600,0.0,0.125868,inf
1963-12-20,0.0,0.12717,0.126302,0.126302,0.00212,576000,0.0,0.126302,inf
1963-12-23,0.0,0.126519,0.125217,0.125868,0.002113,1209600,0.0,0.125868,inf
1963-12-24,0.0,0.127604,0.125434,0.127604,0.002142,2188800,0.0,0.127604,inf
1963-12-26,0.0,0.128472,0.127604,0.128472,0.002157,748800,0.0,0.128472,inf
1963-12-27,0.0,0.129123,0.128472,0.128472,0.002157,2937600,0.0,0.128472,inf
1963-12-30,0.0,0.129123,0.126302,0.126302,0.00212,576000,0.0,0.126302,inf
1963-12-31,0.0,0.128255,0.126302,0.128255,0.002153,691200,0.0,0.128255,inf
1964-01-02,0.0,0.128689,0.127604,0.127604,0.002142,1267200,0.0,0.127604,inf
1964-01-03,0.0,0.12934,0.127604,0.129123,0.002167,1670400,0.0,0.129123,inf
1964-01-06,0.0,0.129774,0.128472,0.128472,0.002157,2476800,0.0,0.128472,inf
1964-01-07,0.0,0.128906,0.126736,0.126953,0.002131,6854400,0.0,0.126953,inf
1964-01-08,0.0,0.130208,0.12717,0.128906,0.002164,3513600,0.0,0.128906,inf
1964-01-09,0.0,0.130642,0.129557,0.130208,0.002186,3110400,0.0,0.130208,inf
1964-01-10,0.0,0.130642,0.129123,0.130208,0.002186,4377600,0.0,0.130208,inf
1964-01-13,0.0,0.130208,0.127821,0.128689,0.00216,7084800,0.0,0.128689,inf
1964-01-14,0.0,0.129774,0.127604,0.128038,0.002149,3110400,0.0,0.128038,inf
1964-01-15,0.0,0.128472,0.127604,0.128038,0.002149,2476800,0.0,0.128038,inf
1964-01-16,0.0,0.128906,0.128038,0.128472,0.002157,2880000,0.0,0.128472,inf
1964-01-17,0.0,0.128906,0.126085,0.126736,0.002127,2995200,0.0,0.126736,inf
1964-01-20,0.0,0.126736,0.121311,0.12283,0.002062,7948800,0.0,0.12283,inf
1964-01-21,0.0,0.122396,0.120226,0.121528,0.00204,4608000,0.0,0.121528,inf
1964-01-22,0.0,0.12283,0.121528,0.122396,0.002055,2476800,0.0,0.122396,inf
1964-01-23,0.0,0.121528,0.118056,0.118056,0.001982,3283200,0.0,0.118056,inf
1964-01-24,0.0,0.119358,0.118056,0.119358,0.002004,2188800,0.0,0.119358,inf
1964-01-27,0.0,0.119358,0.118924,0.118924,0.001996,1900800,0.0,0.118924,inf
1964-01-28,0.0,0.119141,0.118056,0.118707,0.001993,1900800,0.0,0.118707,inf
1964-01-29,0.0,0.119792,0.117622,0.119358,0.002004,2419200,0.0,0.119358,inf
1964-01-30,0.0,0.120877,0.119358,0.12066,0.002025,1324800,0.0,0.12066,inf
1964-01-31,0.0,0.122613,0.121094,0.122613,0.002058,1555200,0.0,0.122613,inf
1964-02-03,0.0,0.123698,0.121528,0.123047,0.002065,2016000,0.0,0.123047,inf
1964-02-04,0.0,0.123698,0.122396,0.123264,0.002069,1036800,0.0,0.123264,inf
1964-02-05,0.0,0.126519,0.122396,0.126302,0.00212,1612800,0.0,0.126302,inf
1964-02-06,0.0,0.12717,0.123915,0.123915,0.00208,1843200,0.0,0.123915,inf
1964-02-07,0.0,0.123698,0.123698,0.123698,0.002076,460800,0.0,0.123698,inf
1964-02-10,0.0,0.124566,0.123264,0.124566,0.002091,1152000,0.0,0.124566,inf
1964-02-11,0.0,0.124566,0.122396,0.122396,0.002055,1440000,0.0,0.122396,inf
1964-02-12,0.0,0.123047,0.121962,0.12283,0.002062,1152000,0.0,0.12283,inf
1964-02-13,0.0,0.122396,0.121962,0.122396,0.002055,633600,0.0,0.122396,inf
1964-02-14,0.0,0.123264,0.121962,0.123047,0.002065,2534400,0.0,0.123047,inf
1964-02-17,0.0,0.123264,0.121962,0.123264,0.002069,1152000,0.0,0.123264,inf
1964-02-18,0.0,0.125868,0.12283,0.125,0.002098,2188800,0.0,0.125,inf
1964-02-19,0.0,0.125868,0.123698,0.125868,0.002113,1152000,0.0,0.125868,inf
1964-02-20,0.0,0.127821,0.125868,0.127821,0.002146,1440000,0.0,0.127821,inf
1964-02-24,0.0,0.127604,0.12717,0.12717,0.002135,1209600,0.0,0.12717,inf
1964-02-25,0.0,0.128472,0.12717,0.128472,0.002157,979200,0.0,0.128472,inf
1964-02-26,0.0,0.12934,0.127604,0.12934,0.002171,1324800,0.0,0.12934,inf
1964-02-27,0.0,0.12934,0.128906,0.129123,0.002167,691200,0.0,0.129123,inf
1964-02-28,0.0,0.128689,0.127821,0.128689,0.00216,2246400,0.0,0.128689,inf
1964-03-02,0.0,0.127604,0.12717,0.12717,0.002135,748800,0.0,0.12717,inf
1964-03-03,0.0,0.128038,0.12717,0.12717,0.002135,1036800,0.0,0.12717,inf
1964-03-04,0.0,0.128255,0.12717,0.12717,0.002135,1843200,0.0,0.12717,inf
1964-03-05,0.0,0.127604,0.126953,0.127387,0.002138,1555200,0.0,0.127387,inf
1964-03-06,0.0,0.126736,0.126736,0.126736,0.002127,518400,0.0,0.126736,inf
1964-03-09,0.0,0.126736,0.126302,0.126736,0.002127,1094400,0.0,0.126736,inf
1964-03-10,0.0,0.126953,0.126302,0.126953,0.002131,403200,0.0,0.126953,inf
1964-03-11,0.0,0.127604,0.126302,0.126953,0.002131,1670400,0.0,0.126953,inf
1964-03-12,0.0,0.126302,0.125651,0.125868,0.002139,691200,0.0,0.125868,inf
1964-03-13,0.0,0.126519,0.126085,0.126302,0.002147,1670400,0.0,0.126302,inf
1964-03-16,0.0,0.128906,0.126736,0.12717,0.002161,2246400,0.0,0.12717,inf
1964-03-17,0.0,0.129123,0.127821,0.129123,0.002194,633600,0.0,0.129123,inf
1964-03-18,0.0,0.128038,0.127821,0.127821,0.002172,864000,0.0,0.127821,inf
1964-03-19,0.0,0.127821,0.126085,0.126736,0.002154,2822400,0.0,0.126736,inf
1964-03-20,0.0,0.127604,0.125868,0.125868,0.002139,345600,0.0,0.125868,inf
1964-03-23,0.0,0.126736,0.126085,0.126085,0.002143,864000,0.0,0.126085,inf
1964-03-24,0.0,0.12717,0.126736,0.126953,0.002158,1209600,0.0,0.126953,inf
1964-03-25,0.0,0.12717,0.126302,0.126736,0.002154,576000,0.0,0.126736,inf
1964-03-26,0.0,0.128472,0.126736,0.128255,0.00218,1670400,0.0,0.128255,inf
1964-03-30,0.0,0.131076,0.128906,0.131076,0.002228,4723200,0.0,0.131076,inf
1964-03-31,0.0,0.136719,0.133247,0.134983,0.002294,8812800,0.0,0.134983,inf
1964-04-01,0.0,0.136285,0.134983,0.136285,0.002316,3398400,0.0,0.136285,inf
1964-04-02,0.0,0.140191,0.137153,0.139106,0.002364,3571200,0.0,0.139106,inf
1964-04-03,0.0,0.139323,0.138021,0.138238,0.002349,2361600,0.0,0.138238,inf
1964-04-06,0.0,0.138889,0.137153,0.137153,0.002331,1670400,0.0,0.137153,inf
1964-04-07,0.0,0.137153,0.136285,0.136285,0.002316,2534400,0.0,0.136285,inf
1964-04-08,0.0,0.138889,0.136502,0.138455,0.002353,2304000,0.0,0.138455,inf
1964-04-09,0.0,0.141493,0.139757,0.140842,0.002394,2995200,0.0,0.140842,inf
1964-04-10,0.0,0.142361,0.140625,0.141059,0.002397,1728000,0.0,0.141059,inf
1964-04-13,0.0,0.142361,0.141276,0.142361,0.002419,2073600,0.0,0.142361,inf
1964-04-14,0.0,0.145616,0.142361,0.145399,0.002471,2764800,0.0,0.145399,inf
1964-04-15,0.0,0.147569,0.145399,0.147352,0.002504,3110400,0.0,0.147352,inf
1964-04-16,0.0,0.145833,0.144965,0.145616,0.002475,1152000,0.0,0.145616,inf
1964-04-17,0.0,0.144965,0.143663,0.143663,0.002442,1209600,0.0,0.143663,inf
1964-04-20,0.0,0.143663,0.142795,0.143663,0.002442,1152000,0.0,0.143663,inf
1964-04-21,0.0,0.142795,0.142361,0.142578,0.002423,1843200,0.0,0.142578,inf
1964-04-22,0.0,0.143229,0.142578,0.142578,0.002423,1267200,0.0,0.142578,inf
1964-04-23,0.0,0.142578,0.141927,0.141927,0.002412,1382400,0.0,0.141927,inf
1964-04-24,0.0,0.142361,0.142144,0.142144,0.002416,288000,0.0,0.142144,inf
1964-04-27,0.0,0.142144,0.14171,0.14171,0.002408,1958400,0.0,0.14171,inf
1964-04-28,0.0,0.142795,0.14171,0.14171,0.002408,1094400,0.0,0.14171,inf
1964-04-29,0.0,0.143229,0.141493,0.141493,0.002405,2188800,0.0,0.141493,inf
1964-04-30,0.0,0.14171,0.140625,0.140625,0.00239,2073600,0.0,0.140625,inf
1964-05-01,0.0,0.141059,0.140191,0.140191,0.002383,1094400,0.0,0.140191,inf
1964-05-04,0.0,0.141059,0.140408,0.140625,0.00239,403200,0.0,0.140625,inf
1964-05-05,0.0,0.140408,0.139323,0.139974,0.002379,1094400,0.0,0.139974,inf
1964-05-06,0.0,0.141059,0.140625,0.140625,0.00239,403200,0.0,0.140625,inf
1964-05-07,0.0,0.141493,0.140625,0.140625,0.00239,748800,0.0,0.140625,inf
1964-05-08,0.0,0.140842,0.140625,0.140842,0.002394,1843200,0.0,0.140842,inf
1964-05-11,0.0,0.141059,0.140191,0.141059,0.002397,979200,0.0,0.141059,inf
1964-05-12,0.0,0.141493,0.141059,0.141493,0.002405,345600,0.0,0.141493,inf
1964-05-13,0.0,0.140625,0.140191,0.140625,0.00239,1094400,0.0,0.140625,inf
1964-05-14,0.0,0.140625,0.140625,0.140625,0.00239,2016000,0.0,0.140625,inf
1964-05-15,0.0,0.141493,0.140191,0.140842,0.002394,979200,0.0,0.140842,inf
1964-05-18,0.0,0.140408,0.140191,0.140408,0.002386,288000,0.0,0.140408,inf
1964-05-19,0.0,0.140842,0.139757,0.139757,0.002375,864000,0.0,0.139757,inf
1964-05-20,0.0,0.140842,0.139757,0.139757,0.002375,1036800,0.0,0.139757,inf
1964-05-21,0.0,0.140625,0.139974,0.140625,0.00239,748800,0.0,0.140625,inf
1964-05-22,0.0,0.140625,0.140191,0.140191,0.002383,403200,0.0,0.140191,inf
1964-05-25,0.0,0.140408,0.140191,0.140191,0.002383,460800,0.0,0.140191,inf
1964-05-26,0.0,0.141059,0.140625,0.140625,0.00239,1094400,0.0,0.140625,inf
1964-05-27,0.0,0.140408,0.138889,0.139323,0.002368,1036800,0.0,0.139323,inf
1964-05-28,0.0,0.139323,0.138455,0.138889,0.00236,806400,0.0,0.138889,inf
1964-06-01,0.0,0.138889,0.138455,0.138889,0.00236,1670400,0.0,0.138889,inf
1964-06-02,0.0,0.138889,0.138889,0.138889,0.00236,518400,0.0,0.138889,inf
1964-06-03,0.0,0.138889,0.138889,0.138889,0.00236,172800,0.0,0.138889,inf
1964-06-04,0.0,0.139323,0.138889,0.138889,0.00236,460800,0.0,0.138889,inf
1964-06-05,0.0,0.139757,0.138889,0.139757,0.002375,748800,0.0,0.139757,inf
1964-06-08,0.0,0.139323,0.138021,0.138021,0.002346,1267200,0.0,0.138021,inf
1964-06-09,0.0,0.139323,0.138889,0.139323,0.002368,172800,0.0,0.139323,inf
1964-06-10,0.0,0.140625,0.139323,0.139757,0.002375,1440000,0.0,0.139757,inf
1964-06-11,0.0,0.141493,0.139757,0.140191,0.002383,806400,0.0,0.140191,inf
1964-06-12,0.0,0.141493,0.140625,0.141493,0.002405,1728000,0.0,0.141493,inf
1964-06-15,0.0,0.141927,0.141059,0.141059,0.002397,345600,0.0,0.141059,inf
1964-06-16,0.0,0.140191,0.138455,0.139323,0.002394,576000,0.0,0.139323,inf
1964-06-17,0.0,0.139757,0.139323,0.139323,0.002394,979200,0.0,0.139323,inf
1964-06-18,0.0,0.138889,0.138889,0.138889,0.002387,172800,0.0,0.138889,inf
1964-06-19,0.0,0.138455,0.138021,0.138455,0.002379,172800,0.0,0.138455,inf
1964-06-22,0.0,0.138889,0.137804,0.138238,0.002376,576000,0.0,0.138238,inf
1964-06-23,0.0,0.138672,0.137587,0.138021,0.002372,576000,0.0,0.138021,inf
1964-06-24,0.0,0.138021,0.135417,0.135417,0.002327,1900800,0.0,0.135417,inf
1964-06-25,0.0,0.135851,0.133247,0.134115,0.002305,2534400,0.0,0.134115,inf
1964-06-26,0.0,0.134549,0.133464,0.134549,0.002312,1267200,0.0,0.134549,inf
1964-06-29,0.0,0.135417,0.134766,0.134766,0.002316,691200,0.0,0.134766,inf
1964-06-30,0.0,0.1352,0.134766,0.134766,0.002316,288000,0.0,0.134766,inf
1964-07-01,0.0,0.135417,0.134983,0.1352,0.002323,691200,0.0,0.1352,inf
1964-07-02,0.0,0.136285,0.134983,0.134983,0.00232,806400,0.0,0.134983,inf
1964-07-06,0.0,0.136719,0.135417,0.135417,0.002327,1670400,0.0,0.135417,inf
1964-07-07,0.0,0.136068,0.135417,0.135417,0.002327,1094400,0.0,0.135417,inf
1964-07-08,0.0,0.136719,0.135417,0.136719,0.00235,1094400,0.0,0.136719,inf
1964-07-09,0.0,0.136719,0.135851,0.135851,0.002335,518400,0.0,0.135851,inf
1964-07-10,0.0,0.135417,0.134983,0.134983,0.00232,518400,0.0,0.134983,inf
1964-07-13,0.0,0.134983,0.133681,0.134549,0.002312,691200,0.0,0.134549,inf
1964-07-14,0.0,0.134332,0.133681,0.133681,0.002297,1209600,0.0,0.133681,inf
1964-07-15,0.0,0.134983,0.133681,0.134983,0.00232,1152000,0.0,0.134983,inf
1964-07-16,0.0,0.1352,0.134115,0.134115,0.002305,576000,0.0,0.134115,inf
1964-07-17,0.0,0.134115,0.133464,0.133464,0.002294,518400,0.0,0.133464,inf
1964-07-20,0.0,0.133681,0.133247,0.133464,0.002294,748800,0.0,0.133464,inf
1964-07-21,0.0,0.132813,0.132161,0.132161,0.002271,172800,0.0,0.132161,inf
1964-07-22,0.0,0.131944,0.130642,0.131944,0.002268,979200,0.0,0.131944,inf
1964-07-23,0.0,0.13151,0.131076,0.131076,0.002253,576000,0.0,0.131076,inf
1964-07-24,0.0,0.131944,0.131076,0.131076,0.002253,288000,0.0,0.131076,inf
1964-07-27,0.0,0.131944,0.130642,0.13151,0.00226,518400,0.0,0.13151,inf
1964-07-28,0.0,0.131076,0.130425,0.130425,0.002241,345600,0.0,0.130425,inf
1964-07-29,0.0,0.130859,0.130208,0.130208,0.002238,518400,0.0,0.130208,inf
1964-07-30,0.0,0.129774,0.12934,0.129774,0.00223,518400,0.0,0.129774,inf
1964-07-31,0.0,0.128472,0.127604,0.128255,0.002204,748800,0.0,0.128255,inf
1964-08-03,0.0,0.128255,0.127604,0.128255,0.002204,403200,0.0,0.128255,inf
1964-08-04,0.0,0.127821,0.127387,0.127387,0.002189,633600,0.0,0.127387,inf
1964-08-05,0.0,0.128038,0.126736,0.127387,0.002189,288000,0.0,0.127387,inf
1964-08-06,0.0,0.128255,0.126953,0.126953,0.002182,921600,0.0,0.126953,inf
1964-08-07,0.0,0.127604,0.126736,0.127387,0.002189,403200,0.0,0.127387,inf
1964-08-10,0.0,0.12717,0.126736,0.126953,0.002182,460800,0.0,0.126953,inf
1964-08-11,0.0,0.12934,0.126736,0.12934,0.002223,1209600,0.0,0.12934,inf
1964-08-12,0.0,0.132595,0.129123,0.132595,0.002279,979200,0.0,0.132595,inf
1964-08-13,0.0,0.134549,0.13303,0.13303,0.002286,460800,0.0,0.13303,inf
1964-08-14,0.0,0.133464,0.132378,0.132813,0.002282,1267200,0.0,0.132813,inf
1964-08-17,0.0,0.134549,0.132813,0.134549,0.002312,345600,0.0,0.134549,inf
1964-08-18,0.0,0.134983,0.134549,0.134549,0.002312,518400,0.0,0.134549,inf
1964-08-19,0.0,0.138021,0.135417,0.138021,0.002372,1152000,0.0,0.138021,inf
1964-08-20,0.0,0.139323,0.137153,0.138889,0.002387,1440000,0.0,0.138889,inf
1964-08-21,0.0,0.140191,0.139323,0.139323,0.002394,806400,0.0,0.139323,inf
1964-08-24,0.0,0.139757,0.138455,0.13954,0.002398,1209600,0.0,0.13954,inf
1964-08-25,0.0,0.138672,0.137587,0.137587,0.002365,345600,0.0,0.137587,inf
1964-08-26,0.0,0.138889,0.138021,0.138238,0.002376,691200,0.0,0.138238,inf
1964-08-27,0.0,0.13954,0.138238,0.13954,0.002398,921600,0.0,0.13954,inf
1964-08-28,0.0,0.139757,0.138889,0.138889,0.002387,921600,0.0,0.138889,inf
1964-08-31,0.0,0.139757,0.137153,0.139757,0.002402,748800,0.0,0.139757,inf
1964-09-01,0.0,0.142144,0.138889,0.139757,0.002402,2016000,0.0,0.139757,inf
1964-09-02,0.0,0.141493,0.139757,0.141276,0.002428,691200,0.0,0.141276,inf
1964-09-03,0.0,0.140625,0.139323,0.140625,0.002417,806400,0.0,0.140625,inf
1964-09-04,0.0,0.141059,0.139757,0.140625,0.002417,576000,0.0,0.140625,inf
1964-09-08,0.0,0.140625,0.140408,0.140625,0.002417,576000,0.0,0.140625,inf
1964-09-09,0.0,0.142795,0.140191,0.142795,0.002454,2073600,0.0,0.142795,inf
1964-09-10,0.0,0.14388,0.141927,0.14388,0.002473,1324800,0.0,0.14388,inf
1964-09-11,0.0,0.143663,0.142795,0.143663,0.002469,1036800,0.0,0.143663,inf
1964-09-14,0.0,0.144097,0.142361,0.144097,0.002476,633600,0.0,0.144097,inf
1964-09-15,0.0,0.143229,0.142361,0.142795,0.002481,748800,0.0,0.142795,inf
1964-09-16,0.0,0.142795,0.141927,0.142144,0.00247,518400,0.0,0.142144,inf
1964-09-17,0.0,0.142144,0.141276,0.141276,0.002455,1958400,0.0,0.141276,inf
1964-09-18,0.0,0.142361,0.141059,0.141927,0.002466,1036800,0.0,0.141927,inf
1964-09-21,0.0,0.141059,0.138455,0.138889,0.002413,1267200,0.0,0.138889,inf
1964-09-22,0.0,0.139323,0.138238,0.138889,0.002413,1036800,0.0,0.138889,inf
1964-09-23,0.0,0.137153,0.136068,0.137153,0.002383,979200,0.0,0.137153,inf
1964-09-24,0.0,0.137153,0.135417,0.136285,0.002368,921600,0.0,0.136285,inf
1964-09-25,0.0,0.136719,0.136502,0.136719,0.002375,230400,0.0,0.136719,inf
1964-09-28,0.0,0.136285,0.135851,0.136285,0.002368,979200,0.0,0.136285,inf
1964-09-29,0.0,0.137153,0.136502,0.137153,0.002383,345600,0.0,0.137153,inf
1964-09-30,0.0,0.138455,0.137587,0.138455,0.002406,460800,0.0,0.138455,inf
1964-10-01,0.0,0.138889,0.138021,0.138889,0.002413,748800,0.0,0.138889,inf
1964-10-02,0.0,0.139106,0.137804,0.137804,0.002394,921600,0.0,0.137804,inf
1964-10-05,0.0,0.137587,0.137587,0.137587,0.00239,57600,0.0,0.137587,inf
1964-10-06,0.0,0.138672,0.137587,0.137587,0.00239,345600,0.0,0.137587,inf
1964-10-07,0.0,0.138021,0.137153,0.137153,0.002383,1094400,0.0,0.137153,inf
1964-10-08,0.0,0.138021,0.137153,0.138021,0.002398,288000,0.0,0.138021,inf
1964-10-09,0.0,0.138238,0.13737,0.13737,0.002387,576000,0.0,0.13737,inf
1964-10-12,0.0,0.137587,0.137587,0.137587,0.00239,288000,0.0,0.137587,inf
1964-10-13,0.0,0.138021,0.137587,0.137587,0.00239,345600,0.0,0.137587,inf
1964-10-14,0.0,0.138021,0.13737,0.138021,0.002398,403200,0.0,0.138021,inf
1964-10-15,0.0,0.138021,0.137153,0.137153,0.002383,921600,0.0,0.137153,inf
1964-10-16,0.0,0.137587,0.136719,0.136719,0.002375,345600,0.0,0.136719,inf
1964-10-19,0.0,0.137153,0.135417,0.135417,0.002353,460800,0.0,0.135417,inf
1964-10-20,0.0,0.137587,0.135417,0.136719,0.002375,576000,0.0,0.136719,inf
1964-10-21,0.0,0.138455,0.13737,0.13737,0.002387,2016000,0.0,0.13737,inf
1964-10-22,0.0,0.136285,0.135417,0.136285,0.002368,1094400,0.0,0.136285,inf
1964-10-23,0.0,0.136719,0.135851,0.135851,0.00236,288000,0.0,0.135851,inf
1964-10-26,0.0,0.135851,0.135417,0.135851,0.00236,403200,0.0,0.135851,inf
1964-10-27,0.0,0.135417,0.135417,0.135417,0.002353,57600,0.0,0.135417,inf
1964-10-28,0.0,0.135851,0.134983,0.135634,0.002357,460800,0.0,0.135634,inf
1964-10-29,0.0,0.136285,0.135417,0.135851,0.00236,1209600,0.0,0.135851,inf
1964-10-30,0.0,0.135851,0.135417,0.135851,0.00236,633600,0.0,0.135851,inf
1964-11-02,0.0,0.136285,0.135417,0.136285,0.002368,921600,0.0,0.136285,inf
1964-11-04,0.0,0.136068,0.135417,0.135417,0.002353,518400,0.0,0.135417,inf
1964-11-05,0.0,0.136285,0.134983,0.135851,0.00236,979200,0.0,0.135851,inf
1964-11-06,0.0,0.1352,0.134549,0.134549,0.002338,633600,0.0,0.134549,inf
1964-11-09,0.0,0.134115,0.132378,0.133681,0.002323,518400,0.0,0.133681,inf
1964-11-10,0.0,0.134549,0.132813,0.132813,0.002307,460800,0.0,0.132813,inf
1964-11-11,0.0,0.133681,0.131944,0.133681,0.002323,0,0.0,0.133681,inf
1964-11-12,0.0,0.134549,0.13151,0.13151,0.002285,1440000,0.0,0.13151,inf
1964-11-13,0.0,0.133464,0.132161,0.133464,0.002319,806400,0.0,0.133464,inf
1964-11-16,0.0,0.133681,0.132813,0.133681,0.002323,230400,0.0,0.133681,inf
1964-11-17,0.0,0.134115,0.132813,0.133681,0.002323,1382400,0.0,0.133681,inf
1964-11-18,0.0,0.134115,0.133247,0.133681,0.002323,230400,0.0,0.133681,inf
1964-11-19,0.0,0.134115,0.131944,0.131944,0.002292,576000,0.0,0.131944,inf
1964-11-20,0.0,0.13151,0.130642,0.131293,0.002281,518400,0.0,0.131293,inf
1964-11-23,0.0,0.132161,0.130642,0.130642,0.00227,691200,0.0,0.130642,inf
1964-11-24,0.0,0.13151,0.130425,0.130859,0.002274,576000,0.0,0.130859,inf
1964-11-25,0.0,0.130425,0.12934,0.12934,0.002247,1036800,0.0,0.12934,inf
1964-11-27,0.0,0.129774,0.128906,0.129123,0.002243,345600,0.0,0.129123,inf
1964-11-30,0.0,0.13151,0.131293,0.131293,0.002281,748800,0.0,0.131293,inf
1964-12-01,0.0,0.131076,0.130208,0.130208,0.002262,460800,0.0,0.130208,inf
1964-12-02,0.0,0.13151,0.129557,0.13151,0.002285,3859200,0.0,0.13151,inf
1964-12-03,0.0,0.132813,0.131944,0.132813,0.002307,288000,0.0,0.132813,inf
1964-12-04,0.0,0.134115,0.132813,0.134115,0.00233,3974400,0.0,0.134115,inf
1964-12-07,0.0,0.134549,0.133247,0.133898,0.002326,1267200,0.0,0.133898,inf
1964-12-08,0.0,0.134115,0.132595,0.134115,0.00233,4550400,0.0,0.134115,inf
1964-12-09,0.0,0.134115,0.132595,0.132813,0.002307,576000,0.0,0.132813,inf
1964-12-10,0.0,0.134549,0.13303,0.133681,0.002323,3456000,0.0,0.133681,inf
1964-12-11,0.0,0.1352,0.130642,0.130642,0.00227,1036800,0.0,0.130642,inf
1964-12-14,0.0,0.131944,0.130208,0.131076,0.002277,806400,0.0,0.131076,inf
1964-12-15,0.0,0.129774,0.128472,0.12934,0.002274,460800,0.0,0.12934,inf
1964-12-16,0.0,0.131076,0.130208,0.131076,0.002305,403200,0.0,0.131076,inf
1964-12-17,0.0,0.130642,0.130642,0.130642,0.002297,1094400,0.0,0.130642,inf
1964-12-18,0.0,0.130642,0.130208,0.130425,0.002293,518400,0.0,0.130425,inf
1964-12-21,0.0,0.130642,0.128472,0.128472,0.002259,979200,0.0,0.128472,inf
1964-12-22,0.0,0.12934,0.128472,0.128472,0.002259,518400,0.0,0.128472,inf
1964-12-23,0.0,0.128472,0.126736,0.126736,0.002228,518400,0.0,0.126736,inf
1964-12-24,0.0,0.126736,0.125434,0.125868,0.002213,1209600,0.0,0.125868,inf
1964-12-28,0.0,0.126302,0.125,0.126302,0.002221,748800,0.0,0.126302,inf
1964-12-29,0.0,0.127604,0.126302,0.126953,0.002232,748800,0.0,0.126953,inf
1964-12-30,0.0,0.128038,0.12717,0.127604,0.002244,806400,0.0,0.127604,inf
1964-12-31,0.0,0.128472,0.126736,0.12717,0.002236,2304000,0.0,0.12717,inf
1965-01-04,0.0,0.12934,0.126736,0.128689,0.002263,806400,0.0,0.128689,inf
1965-01-05,0.0,0.129991,0.12934,0.12934,0.002274,345600,0.0,0.12934,inf
1965-01-06,0.0,0.129774,0.128472,0.128472,0.002259,518400,0.0,0.128472,inf
1965-01-07,0.0,0.128906,0.12717,0.127604,0.002244,864000,0.0,0.127604,inf
1965-01-08,0.0,0.127604,0.12717,0.127604,0.002244,1440000,0.0,0.127604,inf
1965-01-11,0.0,0.128472,0.126302,0.128472,0.002259,1094400,0.0,0.128472,inf
1965-01-12,0.0,0.133247,0.130208,0.131944,0.00232,2937600,0.0,0.131944,inf
1965-01-13,0.0,0.132813,0.131076,0.131076,0.002305,864000,0.0,0.131076,inf
1965-01-14,0.0,0.130859,0.12934,0.129991,0.002286,691200,0.0,0.129991,inf
1965-01-15,0.0,0.131076,0.129774,0.131076,0.002305,2304000,0.0,0.131076,inf
1965-01-18,0.0,0.132813,0.131076,0.132378,0.002328,2361600,0.0,0.132378,inf
1965-01-19,0.0,0.134549,0.133247,0.133898,0.002354,2073600,0.0,0.133898,inf
1965-01-20,0.0,0.135417,0.133681,0.133681,0.002351,1152000,0.0,0.133681,inf
1965-01-21,0.0,0.134549,0.133681,0.134549,0.002366,864000,0.0,0.134549,inf
1965-01-22,0.0,0.136285,0.134549,0.135417,0.002381,2304000,0.0,0.135417,inf
1965-01-25,0.0,0.136719,0.134549,0.134983,0.002373,979200,0.0,0.134983,inf
1965-01-26,0.0,0.135851,0.134983,0.134983,0.002373,1958400,0.0,0.134983,inf
1965-01-27,0.0,0.135851,0.134549,0.134549,0.002366,633600,0.0,0.134549,inf
1965-01-28,0.0,0.136719,0.135851,0.136719,0.002404,1382400,0.0,0.136719,inf
1965-01-29,0.0,0.136285,0.134549,0.135417,0.002381,1440000,0.0,0.135417,inf
1965-02-01,0.0,0.134766,0.133464,0.133464,0.002347,806400,0.0,0.133464,inf
1965-02-02,0.0,0.135851,0.133247,0.135417,0.002381,1152000,0.0,0.135417,inf
1965-02-03,0.0,0.138021,0.135851,0.138021,0.002427,2534400,0.0,0.138021,inf
1965-02-04,0.0,0.139323,0.138889,0.138889,0.002442,1958400,0.0,0.138889,inf
1965-02-05,0.0,0.138021,0.137153,0.137153,0.002412,576000,0.0,0.137153,inf
1965-02-08,0.0,0.137153,0.136285,0.136285,0.002396,1382400,0.0,0.136285,inf
1965-02-09,0.0,0.137153,0.136285,0.136285,0.002396,921600,0.0,0.136285,inf
1965-02-10,0.0,0.137153,0.136502,0.136719,0.002404,1036800,0.0,0.136719,inf
1965-02-11,0.0,0.137153,0.136285,0.136285,0.002396,1324800,0.0,0.136285,inf
1965-02-12,0.0,0.137153,0.136285,0.136719,0.002404,691200,0.0,0.136719,inf
1965-02-15,0.0,0.137153,0.136285,0.137153,0.002412,979200,0.0,0.137153,inf
1965-02-16,0.0,0.13737,0.136285,0.13737,0.002415,921600,0.0,0.13737,inf
1965-02-17,0.0,0.13737,0.137153,0.13737,0.002415,345600,0.0,0.13737,inf
1965-02-18,0.0,0.138238,0.136719,0.138021,0.002427,1209600,0.0,0.138021,inf
1965-02-19,0.0,0.138238,0.137587,0.137587,0.002419,691200,0.0,0.137587,inf
1965-02-23,0.0,0.138238,0.136936,0.138021,0.002427,2073600,0.0,0.138021,inf
1965-02-24,0.0,0.138889,0.138021,0.138889,0.002442,1440000,0.0,0.138889,inf
1965-02-25,0.0,0.139757,0.138021,0.139757,0.002457,1670400,0.0,0.139757,inf
1965-02-26,0.0,0.140191,0.13954,0.139757,0.002457,633600,0.0,0.139757,inf
1965-03-01,0.0,0.141927,0.140191,0.141059,0.00248,1555200,0.0,0.141059,inf
1965-03-02,0.0,0.141927,0.141059,0.141493,0.002488,1209600,0.0,0.141493,inf
1965-03-03,0.0,0.142144,0.141493,0.142144,0.002499,1267200,0.0,0.142144,inf
1965-03-04,0.0,0.143012,0.142144,0.142361,0.002503,1958400,0.0,0.142361,inf
1965-03-05,0.0,0.143012,0.141493,0.141927,0.002496,1382400,0.0,0.141927,inf
1965-03-08,0.0,0.142361,0.141493,0.142361,0.002503,979200,0.0,0.142361,inf
1965-03-09,0.0,0.145833,0.142578,0.145833,0.002564,1612800,0.0,0.145833,inf
1965-03-10,0.0,0.145833,0.144097,0.144097,0.002534,1382400,0.0,0.144097,inf
1965-03-11,0.0,0.145616,0.144531,0.144748,0.002545,1036800,0.0,0.144748,inf
1965-03-12,0.0,0.145616,0.143663,0.145616,0.002588,2649600,0.0,0.145616,inf
1965-03-15,0.0,0.149306,0.145833,0.148438,0.002639,2304000,0.0,0.148438,inf
1965-03-16,0.0,0.149306,0.148438,0.148872,0.002646,748800,0.0,0.148872,inf
1965-03-17,0.0,0.148438,0.147569,0.147786,0.002627,4204800,0.0,0.147786,inf
1965-03-18,0.0,0.148003,0.146267,0.146267,0.0026,2534400,0.0,0.146267,inf
1965-03-19,0.0,0.145833,0.144314,0.145616,0.002588,1094400,0.0,0.145616,inf
1965-03-22,0.0,0.145833,0.144965,0.145833,0.002592,979200,0.0,0.145833,inf
1965-03-23,0.0,0.147569,0.145833,0.145833,0.002592,1555200,0.0,0.145833,inf
1965-03-24,0.0,0.146701,0.14605,0.146267,0.0026,1497600,0.0,0.146267,inf
1965-03-25,0.0,0.14605,0.144531,0.144531,0.002569,2304000,0.0,0.144531,inf
1965-03-26,0.0,0.144531,0.141927,0.141927,0.002523,1497600,0.0,0.141927,inf
1965-03-29,0.0,0.144097,0.141493,0.144097,0.002561,13536000,0.0,0.144097,inf
1965-03-30,0.0,0.144097,0.143663,0.143663,0.002554,864000,0.0,0.143663,inf
1965-03-31,0.0,0.146267,0.143446,0.145833,0.002592,1555200,0.0,0.145833,inf
1965-04-01,0.0,0.146701,0.145182,0.146267,0.0026,1497600,0.0,0.146267,inf
1965-04-02,0.0,0.146701,0.144097,0.144531,0.002569,1036800,0.0,0.144531,inf
1965-04-05,0.0,0.146701,0.145833,0.146701,0.002608,806400,0.0,0.146701,inf
1965-04-06,0.0,0.146701,0.145182,0.145833,0.002592,1670400,0.0,0.145833,inf
1965-04-07,0.0,0.146267,0.144531,0.146267,0.0026,691200,0.0,0.146267,inf
1965-04-08,0.0,0.146701,0.14605,0.14605,0.002596,518400,0.0,0.14605,inf
1965-04-09,0.0,0.148438,0.146267,0.148438,0.002639,6739200,0.0,0.148438,inf
1965-04-12,0.0,0.150174,0.148438,0.150174,0.002669,3456000,0.0,0.150174,inf
1965-04-13,0.0,0.151042,0.14974,0.14974,0.002662,1612800,0.0,0.14974,inf
1965-04-14,0.0,0.150608,0.149306,0.149306,0.002654,1440000,0.0,0.149306,inf
1965-04-15,0.0,0.152778,0.150174,0.152778,0.002716,2073600,0.0,0.152778,inf
1965-04-19,0.0,0.154948,0.153212,0.153212,0.002723,1612800,0.0,0.153212,inf
1965-04-20,0.0,0.155816,0.153212,0.154948,0.002754,2073600,0.0,0.154948,inf
1965-04-21,0.0,0.156901,0.154514,0.154948,0.002754,2073600,0.0,0.154948,inf
1965-04-22,0.0,0.15625,0.154514,0.15625,0.002777,979200,0.0,0.15625,inf
1965-04-23,0.0,0.157118,0.15625,0.156467,0.002781,1036800,0.0,0.156467,inf
1965-04-26,0.0,0.157986,0.156684,0.157986,0.002808,1728000,0.0,0.157986,inf
1965-04-27,0.0,0.157986,0.156467,0.157118,0.002793,1843200,0.0,0.157118,inf
1965-04-28,0.0,0.157552,0.157118,0.157118,0.002793,1209600,0.0,0.157118,inf
1965-04-29,0.0,0.157986,0.157118,0.157552,0.002801,1728000,0.0,0.157552,inf
1965-04-30,0.0,0.157986,0.15625,0.157986,0.002808,2880000,0.0,0.157986,inf
1965-05-03,0.0,0.160156,0.159288,0.159722,0.002839,345600,0.0,0.159722,inf
1965-05-04,0.0,0.160156,0.159722,0.159722,0.002839,979200,0.0,0.159722,inf
1965-05-05,0.0,0.161024,0.159722,0.160156,0.002847,691200,0.0,0.160156,inf
1965-05-06,0.0,0.16059,0.159722,0.16059,0.002855,1440000,0.0,0.16059,inf
1965-05-07,0.0,0.161241,0.159939,0.160156,0.002847,979200,0.0,0.160156,inf
1965-05-10,0.0,0.160156,0.159939,0.160156,0.002847,748800,0.0,0.160156,inf
1965-05-11,0.0,0.162326,0.160373,0.16059,0.002855,2764800,0.0,0.16059,inf
1965-05-12,0.0,0.161024,0.16059,0.160807,0.002858,748800,0.0,0.160807,inf
1965-05-13,0.0,0.161458,0.16059,0.16059,0.002855,921600,0.0,0.16059,inf
1965-05-14,0.0,0.16276,0.161024,0.161892,0.002878,1152000,0.0,0.161892,inf
1965-05-17,0.0,0.16276,0.161892,0.162109,0.002882,1036800,0.0,0.162109,inf
1965-05-18,0.0,0.162543,0.161892,0.162543,0.002889,1036800,0.0,0.162543,inf
1965-05-19,0.0,0.162543,0.161458,0.161458,0.00287,345600,0.0,0.161458,inf
1965-05-20,0.0,0.161458,0.16059,0.16059,0.002855,979200,0.0,0.16059,inf
1965-05-21,0.0,0.160373,0.15842,0.158854,0.002824,2131200,0.0,0.158854,inf
1965-05-24,0.0,0.159071,0.157986,0.157986,0.002808,691200,0.0,0.157986,inf
1965-05-25,0.0,0.158854,0.157769,0.157769,0.002804,403200,0.0,0.157769,inf
1965-05-26,0.0,0.157986,0.15625,0.15625,0.002777,2016000,0.0,0.15625,inf
1965-05-27,0.0,0.156033,0.151042,0.151042,0.002685,921600,0.0,0.151042,inf
1965-05-28,0.0,0.152778,0.151042,0.152778,0.002716,1382400,0.0,0.152778,inf
1965-06-01,0.0,0.15191,0.151476,0.151476,0.002693,403200,0.0,0.151476,inf
1965-06-02,0.0,0.152778,0.15191,0.15191,0.0027,576000,0.0,0.15191,inf
1965-06-03,0.0,0.152778,0.151042,0.151042,0.002685,1382400,0.0,0.151042,inf
1965-06-04,0.0,0.149957,0.149957,0.149957,0.002666,230400,0.0,0.149957,inf
1965-06-07,0.0,0.14974,0.148438,0.149306,0.002654,633600,0.0,0.149306,inf
1965-06-08,0.0,0.150174,0.149306,0.150174,0.002669,864000,0.0,0.150174,inf
1965-06-09,0.0,0.14974,0.148438,0.148438,0.002639,460800,0.0,0.148438,inf
1965-06-10,0.0,0.148438,0.148438,0.148438,0.002639,2534400,0.0,0.148438,inf
1965-06-11,0.0,0.147569,0.146701,0.146701,0.002608,691200,0.0,0.146701,inf
1965-06-14,0.0,0.147569,0.146267,0.147135,0.002615,806400,0.0,0.147135,inf
1965-06-15,0.0,0.145833,0.144965,0.145833,0.00262,1036800,0.0,0.145833,inf
1965-06-16,0.0,0.147135,0.144531,0.146701,0.002636,979200,0.0,0.146701,inf
1965-06-17,0.0,0.146701,0.145399,0.145399,0.002612,1036800,0.0,0.145399,inf
1965-06-18,0.0,0.145833,0.144531,0.145833,0.00262,633600,0.0,0.145833,inf
1965-06-21,0.0,0.145833,0.144531,0.145833,0.00262,864000,0.0,0.145833,inf
1965-06-22,0.0,0.145833,0.145399,0.145399,0.002612,748800,0.0,0.145399,inf
1965-06-23,0.0,0.144965,0.144097,0.144097,0.002589,403200,0.0,0.144097,inf
1965-06-24,0.0,0.145399,0.144097,0.144097,0.002589,518400,0.0,0.144097,inf
1965-06-25,0.0,0.144531,0.14388,0.14388,0.002585,576000,0.0,0.14388,inf
1965-06-28,0.0,0.144531,0.14388,0.14388,0.002585,633600,0.0,0.14388,inf
1965-06-29,0.0,0.146701,0.144531,0.144965,0.002605,2937600,0.0,0.144965,inf
1965-06-30,0.0,0.145399,0.144531,0.144965,0.002605,230400,0.0,0.144965,inf
1965-07-01,0.0,0.144965,0.144097,0.144531,0.002597,345600,0.0,0.144531,inf
1965-07-02,0.0,0.145616,0.144097,0.144097,0.002589,1267200,0.0,0.144097,inf
1965-07-06,0.0,0.144097,0.144097,0.144097,0.002589,230400,0.0,0.144097,inf
1965-07-07,0.0,0.144531,0.14388,0.144531,0.002597,806400,0.0,0.144531,inf
1965-07-08,0.0,0.14388,0.142361,0.142795,0.002566,979200,0.0,0.142795,inf
1965-07-09,0.0,0.144965,0.143446,0.144965,0.002605,518400,0.0,0.144965,inf
1965-07-12,0.0,0.144748,0.144314,0.144531,0.002597,172800,0.0,0.144531,inf
1965-07-13,0.0,0.144965,0.144531,0.144531,0.002597,230400,0.0,0.144531,inf
1965-07-14,0.0,0.144531,0.143663,0.144531,0.002597,288000,0.0,0.144531,inf
1965-07-15,0.0,0.145182,0.143663,0.143663,0.002581,460800,0.0,0.143663,inf
1965-07-16,0.0,0.143229,0.142578,0.142578,0.002562,345600,0.0,0.142578,inf
1965-07-19,0.0,0.142795,0.141927,0.141927,0.00255,288000,0.0,0.141927,inf
1965-07-20,0.0,0.142361,0.141059,0.142361,0.002558,691200,0.0,0.142361,inf
1965-07-21,0.0,0.143663,0.143229,0.143663,0.002581,979200,0.0,0.143663,inf
1965-07-22,0.0,0.142795,0.142795,0.142795,0.002566,57600,0.0,0.142795,inf
1965-07-23,0.0,0.143229,0.142361,0.142361,0.002558,979200,0.0,0.142361,inf
1965-07-26,0.0,0.143229,0.142361,0.143229,0.002573,345600,0.0,0.143229,inf
1965-07-27,0.0,0.146701,0.143663,0.143663,0.002581,2188800,0.0,0.143663,inf
1965-07-28,0.0,0.148438,0.146701,0.148438,0.002667,633600,0.0,0.148438,inf
1965-07-29,0.0,0.148003,0.145833,0.146701,0.002636,403200,0.0,0.146701,inf
1965-07-30,0.0,0.148438,0.146267,0.147135,0.002643,1555200,0.0,0.147135,inf
1965-08-02,0.0,0.147352,0.147135,0.147135,0.002643,345600,0.0,0.147135,inf
1965-08-03,0.0,0.147135,0.146267,0.147135,0.002643,288000,0.0,0.147135,inf
1965-08-04,0.0,0.147135,0.146267,0.146267,0.002628,403200,0.0,0.146267,inf
1965-08-05,0.0,0.147135,0.145833,0.145833,0.00262,345600,0.0,0.145833,inf
1965-08-06,0.0,0.146267,0.144965,0.146267,0.002628,460800,0.0,0.146267,inf
1965-08-09,0.0,0.146267,0.145399,0.145399,0.002612,115200,0.0,0.145399,inf
1965-08-10,0.0,0.146267,0.144097,0.144097,0.002589,1209600,0.0,0.144097,inf
1965-08-11,0.0,0.146701,0.145399,0.145399,0.002612,1036800,0.0,0.145399,inf
1965-08-12,0.0,0.148003,0.147135,0.148003,0.002659,633600,0.0,0.148003,inf
1965-08-13,0.0,0.149306,0.147569,0.149306,0.002683,518400,0.0,0.149306,inf
1965-08-16,0.0,0.15191,0.150608,0.15191,0.002729,518400,0.0,0.15191,inf
1965-08-17,0.0,0.159722,0.153646,0.159722,0.00287,2822400,0.0,0.159722,inf
1965-08-18,0.0,0.161458,0.158854,0.158854,0.002854,806400,0.0,0.158854,inf
1965-08-19,0.0,0.159288,0.157118,0.157986,0.002838,1209600,0.0,0.157986,inf
1965-08-20,0.0,0.157552,0.157118,0.157118,0.002823,403200,0.0,0.157118,inf
1965-08-23,0.0,0.157986,0.157118,0.157118,0.002823,921600,0.0,0.157118,inf
1965-08-24,0.0,0.157986,0.157118,0.157986,0.002838,460800,0.0,0.157986,inf
1965-08-25,0.0,0.157552,0.157118,0.157118,0.002823,230400,0.0,0.157118,inf
1965-08-26,0.0,0.157552,0.157118,0.157118,0.002823,288000,0.0,0.157118,inf
1965-08-27,0.0,0.158854,0.157986,0.158854,0.002854,1094400,0.0,0.158854,inf
1965-08-30,0.0,0.158854,0.157986,0.157986,0.002838,576000,0.0,0.157986,inf
1965-08-31,0.0,0.15842,0.157118,0.157118,0.002823,1094400,0.0,0.157118,inf
1965-09-01,0.0,0.158637,0.157986,0.15842,0.002846,748800,0.0,0.15842,inf
1965-09-02,0.0,0.158854,0.15842,0.158854,0.002854,403200,0.0,0.158854,inf
1965-09-03,0.0,0.159722,0.159071,0.159722,0.00287,1382400,0.0,0.159722,inf
1965-09-07,0.0,0.161458,0.159939,0.161458,0.002901,1152000,0.0,0.161458,inf
1965-09-08,0.0,0.162109,0.159288,0.161241,0.002897,864000,0.0,0.161241,inf
1965-09-09,0.0,0.162326,0.161024,0.162326,0.002916,864000,0.0,0.162326,inf
1965-09-10,0.0,0.164063,0.162326,0.164063,0.002948,1094400,0.0,0.164063,inf
1965-09-13,0.0,0.164497,0.163628,0.164497,0.002955,921600,0.0,0.164497,inf
1965-09-14,0.0,0.164931,0.162109,0.162109,0.00294,1440000,0.0,0.162109,inf
1965-09-15,0.0,0.161024,0.159722,0.159722,0.002897,518400,0.0,0.159722,inf
1965-09-16,0.0,0.162326,0.160156,0.162326,0.002944,1324800,0.0,0.162326,inf
1965-09-17,0.0,0.161892,0.161458,0.161458,0.002929,864000,0.0,0.161458,inf
1965-09-20,0.0,0.162326,0.161458,0.162326,0.002944,633600,0.0,0.162326,inf
1965-09-21,0.0,0.164931,0.162977,0.164497,0.002984,2649600,0.0,0.164497,inf
1965-09-22,0.0,0.164497,0.16276,0.163628,0.002968,518400,0.0,0.163628,inf
1965-09-23,0.0,0.164063,0.163194,0.163194,0.00296,1094400,0.0,0.163194,inf
1965-09-24,0.0,0.163628,0.161892,0.161892,0.002937,748800,0.0,0.161892,inf
1965-09-27,0.0,0.163628,0.16276,0.163194,0.00296,691200,0.0,0.163194,inf
1965-09-28,0.0,0.164931,0.163194,0.164931,0.002992,1440000,0.0,0.164931,inf
1965-09-29,0.0,0.167101,0.164931,0.16645,0.003019,1094400,0.0,0.16645,inf
1965-09-30,0.0,0.167101,0.164931,0.164931,0.002992,979200,0.0,0.164931,inf
1965-10-01,0.0,0.166233,0.164497,0.164497,0.002984,748800,0.0,0.164497,inf
1965-10-04,0.0,0.166667,0.165799,0.166667,0.003023,921600,0.0,0.166667,inf
1965-10-05,0.0,0.167969,0.166233,0.166233,0.003015,460800,0.0,0.166233,inf
1965-10-06,0.0,0.166233,0.166233,0.166233,0.003015,230400,0.0,0.166233,inf
1965-10-07,0.0,0.167535,0.166667,0.166667,0.003023,979200,0.0,0.166667,inf
1965-10-08,0.0,0.167101,0.166233,0.166233,0.003015,1267200,0.0,0.166233,inf
1965-10-11,0.0,0.166667,0.166667,0.166667,0.003023,230400,0.0,0.166667,inf
1965-10-12,0.0,0.167535,0.166667,0.166667,0.003023,748800,0.0,0.166667,inf
1965-10-13,0.0,0.166667,0.166233,0.166233,0.003015,230400,0.0,0.166233,inf
1965-10-14,0.0,0.167101,0.166233,0.166667,0.003023,921600,0.0,0.166667,inf
1965-10-15,0.0,0.166884,0.166667,0.166667,0.003023,403200,0.0,0.166667,inf
1965-10-18,0.0,0.166667,0.166667,0.166667,0.003023,288000,0.0,0.166667,inf
1965-10-19,0.0,0.166667,0.166667,0.166667,0.003023,230400,0.0,0.166667,inf
1965-10-20,0.0,0.166233,0.165799,0.166233,0.003015,403200,0.0,0.166233,inf
1965-10-21,0.0,0.166667,0.166667,0.166667,0.003023,460800,0.0,0.166667,inf
1965-10-22,0.0,0.166667,0.164931,0.164931,0.002992,1324800,0.0,0.164931,inf
1965-10-25,0.0,0.165799,0.164063,0.165799,0.003007,345600,0.0,0.165799,inf
1965-10-26,0.0,0.164931,0.163628,0.164931,0.002992,633600,0.0,0.164931,inf
1965-10-27,0.0,0.165148,0.164063,0.164063,0.002976,748800,0.0,0.164063,inf
1965-10-28,0.0,0.164931,0.164063,0.164714,0.002988,518400,0.0,0.164714,inf
1965-10-29,0.0,0.166667,0.164714,0.166667,0.003023,1267200,0.0,0.166667,inf
1965-11-01,0.0,0.166667,0.165799,0.165799,0.003007,691200,0.0,0.165799,inf
1965-11-03,0.0,0.166667,0.164931,0.166667,0.003023,403200,0.0,0.166667,inf
1965-11-04,0.0,0.16645,0.166233,0.16645,0.003019,288000,0.0,0.16645,inf
1965-11-05,0.0,0.166233,0.164931,0.165365,0.003,633600,0.0,0.165365,inf
1965-11-08,0.0,0.164931,0.164497,0.164497,0.002984,460800,0.0,0.164497,inf
1965-11-09,0.0,0.164497,0.162326,0.162326,0.002944,864000,0.0,0.162326,inf
1965-11-10,0.0,0.161458,0.16059,0.16059,0.002913,518400,0.0,0.16059,inf
1965-11-11,0.0,0.159722,0.159722,0.159722,0.002897,403200,0.0,0.159722,inf
1965-11-12,0.0,0.159505,0.157986,0.158854,0.002881,518400,0.0,0.158854,inf
1965-11-15,0.0,0.16059,0.157986,0.16059,0.002913,1440000,0.0,0.16059,inf
1965-11-16,0.0,0.161458,0.159722,0.161458,0.002929,921600,0.0,0.161458,inf
1965-11-17,0.0,0.161892,0.16059,0.16059,0.002913,403200,0.0,0.16059,inf
1965-11-18,0.0,0.161024,0.160156,0.160156,0.002905,115200,0.0,0.160156,inf
1965-11-19,0.0,0.161024,0.160156,0.160156,0.002905,460800,0.0,0.160156,inf
1965-11-22,0.0,0.158854,0.157986,0.158854,0.002881,691200,0.0,0.158854,inf
1965-11-23,0.0,0.161458,0.16059,0.161458,0.002929,576000,0.0,0.161458,inf
1965-11-24,0.0,0.164931,0.162326,0.163194,0.00296,2188800,0.0,0.163194,inf
1965-11-26,0.0,0.163194,0.162326,0.162977,0.002956,345600,0.0,0.162977,inf
1965-11-29,0.0,0.161892,0.16059,0.161892,0.002937,1267200,0.0,0.161892,inf
1965-11-30,0.0,0.161458,0.160156,0.160156,0.002905,460800,0.0,0.160156,inf
1965-12-01,0.0,0.159722,0.158854,0.159722,0.002897,345600,0.0,0.159722,inf
1965-12-02,0.0,0.159288,0.157986,0.158854,0.002881,518400,0.0,0.158854,inf
1965-12-03,0.0,0.158854,0.15625,0.15625,0.002834,518400,0.0,0.15625,inf
1965-12-06,0.0,0.15625,0.154514,0.15625,0.002834,1152000,0.0,0.15625,inf
1965-12-07,0.0,0.157118,0.155382,0.155382,0.002818,518400,0.0,0.155382,inf
1965-12-08,0.0,0.156684,0.155382,0.155382,0.002818,691200,0.0,0.155382,inf
1965-12-09,0.0,0.154514,0.154514,0.154514,0.002803,172800,0.0,0.154514,inf
1965-12-10,0.0,0.153646,0.151476,0.151476,0.002748,633600,0.0,0.151476,inf
1965-12-13,0.0,0.151042,0.148438,0.151042,0.00274,1324800,0.0,0.151042,inf
1965-12-14,0.0,0.15191,0.150174,0.15191,0.002784,576000,0.0,0.15191,inf
1965-12-15,0.0,0.153646,0.15191,0.153646,0.002816,864000,0.0,0.153646,inf
1965-12-16,0.0,0.154514,0.152344,0.152778,0.0028,5126400,0.0,0.152778,inf
1965-12-17,0.0,0.155816,0.15408,0.154948,0.00284,633600,0.0,0.154948,inf
1965-12-20,0.0,0.15625,0.155382,0.155816,0.002856,921600,0.0,0.155816,inf
1965-12-21,0.0,0.156467,0.155816,0.15625,0.002864,460800,0.0,0.15625,inf
1965-12-22,0.0,0.157552,0.155382,0.155382,0.002848,1324800,0.0,0.155382,inf
1965-12-23,0.0,0.156684,0.155382,0.155816,0.002856,864000,0.0,0.155816,inf
1965-12-27,0.0,0.155816,0.154514,0.155382,0.002848,345600,0.0,0.155382,inf
1965-12-28,0.0,0.15625,0.154948,0.15625,0.002864,633600,0.0,0.15625,inf
1965-12-29,0.0,0.157552,0.155816,0.155816,0.002856,864000,0.0,0.155816,inf
1965-12-30,0.0,0.156684,0.154514,0.154514,0.002832,403200,0.0,0.154514,inf
1965-12-31,0.0,0.154948,0.153646,0.153646,0.002816,345600,0.0,0.153646,inf
1966-01-03,0.0,0.15408,0.153646,0.15408,0.002824,460800,0.0,0.15408,inf
1966-01-04,0.0,0.153212,0.152344,0.152344,0.002792,518400,0.0,0.152344,inf
1966-01-05,0.0,0.152344,0.151476,0.151476,0.002776,288000,0.0,0.151476,inf
1966-01-06,0.0,0.152344,0.150174,0.150174,0.002752,979200,0.0,0.150174,inf
1966-01-07,0.0,0.149523,0.149306,0.149306,0.002737,403200,0.0,0.149306,inf
1966-01-10,0.0,0.14974,0.148438,0.148438,0.002721,2419200,0.0,0.148438,inf
1966-01-11,0.0,0.148438,0.147569,0.147569,0.002705,748800,0.0,0.147569,inf
1966-01-12,0.0,0.150174,0.147352,0.149306,0.002737,2246400,0.0,0.149306,inf
1966-01-13,0.0,0.149957,0.147569,0.14822,0.002717,2073600,0.0,0.14822,inf
1966-01-14,0.0,0.148655,0.147569,0.148655,0.002725,1612800,0.0,0.148655,inf
1966-01-17,0.0,0.148872,0.148003,0.148872,0.002729,2476800,0.0,0.148872,inf
1966-01-18,0.0,0.14974,0.149306,0.14974,0.002745,460800,0.0,0.14974,inf
1966-01-19,0.0,0.155816,0.150174,0.155816,0.002856,1209600,0.0,0.155816,inf
1966-01-20,0.0,0.157986,0.152778,0.157986,0.002896,1785600,0.0,0.157986,inf
1966-01-21,0.0,0.159505,0.157986,0.158203,0.0029,1152000,0.0,0.158203,inf
1966-01-24,0.0,0.159722,0.158854,0.159722,0.002927,633600,0.0,0.159722,inf
1966-01-25,0.0,0.161458,0.159722,0.161458,0.002959,806400,0.0,0.161458,inf
1966-01-26,0.0,0.171007,0.166667,0.171007,0.003134,3513600,0.0,0.171007,inf
1966-01-27,0.0,0.177083,0.171875,0.176215,0.00323,1555200,0.0,0.176215,inf
1966-01-28,0.0,0.177517,0.174045,0.175347,0.003214,4665600,0.0,0.175347,inf
1966-01-31,0.0,0.175781,0.173177,0.174913,0.003206,1555200,0.0,0.174913,inf
1966-02-01,0.0,0.175347,0.173611,0.173611,0.003182,1728000,0.0,0.173611,inf
1966-02-02,0.0,0.176215,0.174045,0.176215,0.00323,1036800,0.0,0.176215,inf
1966-02-03,0.0,0.175347,0.173611,0.173611,0.003182,37728000,0.0,0.173611,inf
1966-02-04,0.0,0.173177,0.171875,0.171875,0.00315,3571200,0.0,0.171875,inf
1966-02-07,0.0,0.171658,0.171007,0.171007,0.003134,2534400,0.0,0.171007,inf
1966-02-08,0.0,0.169705,0.167752,0.16862,0.003091,2016000,0.0,0.16862,inf
1966-02-09,0.0,0.171441,0.16862,0.169922,0.003114,2073600,0.0,0.169922,inf
1966-02-10,0.0,0.169922,0.168837,0.169054,0.003099,633600,0.0,0.169054,inf
1966-02-11,0.0,0.168837,0.167535,0.167969,0.003079,460800,0.0,0.167969,inf
1966-02-14,0.0,0.167969,0.165365,0.165365,0.003031,1900800,0.0,0.165365,inf
1966-02-15,0.0,0.16645,0.164931,0.165799,0.003039,1555200,0.0,0.165799,inf
1966-02-16,0.0,0.16645,0.165365,0.16645,0.003051,864000,0.0,0.16645,inf
1966-02-17,0.0,0.16645,0.164931,0.165799,0.003039,1209600,0.0,0.165799,inf
1966-02-18,0.0,0.165365,0.164063,0.164063,0.003007,1036800,0.0,0.164063,inf
1966-02-21,0.0,0.165148,0.164063,0.164063,0.003007,1440000,0.0,0.164063,inf
1966-02-23,0.0,0.164931,0.163628,0.164063,0.003007,345600,0.0,0.164063,inf
1966-02-24,0.0,0.164714,0.163194,0.164714,0.003019,1267200,0.0,0.164714,inf
1966-02-25,0.0,0.164714,0.163194,0.163194,0.002991,230400,0.0,0.163194,inf
1966-02-28,0.0,0.163194,0.16276,0.162977,0.002987,748800,0.0,0.162977,inf
1966-03-01,0.0,0.164714,0.162326,0.163194,0.002991,979200,0.0,0.163194,inf
1966-03-02,0.0,0.16276,0.16059,0.161458,0.002959,1267200,0.0,0.161458,inf
1966-03-03,0.0,0.161458,0.161458,0.161458,0.002959,576000,0.0,0.161458,inf
1966-03-04,0.0,0.162109,0.160373,0.160373,0.002939,230400,0.0,0.160373,inf
1966-03-07,0.0,0.160373,0.157986,0.157986,0.002896,518400,0.0,0.157986,inf
1966-03-08,0.0,0.157552,0.15625,0.156684,0.002872,806400,0.0,0.156684,inf
1966-03-09,0.0,0.159288,0.157118,0.158854,0.002912,576000,0.0,0.158854,inf
1966-03-10,0.0,0.157986,0.15625,0.15625,0.002897,1209600,0.0,0.15625,inf
1966-03-11,0.0,0.157986,0.156901,0.157986,0.002929,864000,0.0,0.157986,inf
1966-03-14,0.0,0.167101,0.163194,0.164931,0.003058,9388800,0.0,0.164931,inf
1966-03-15,0.0,0.177951,0.164063,0.177083,0.003283,5875200,0.0,0.177083,inf
1966-03-16,0.0,0.177083,0.171007,0.176649,0.003275,4608000,0.0,0.176649,inf
1966-03-17,0.0,0.177517,0.175347,0.1773,0.003287,1555200,0.0,0.1773,inf
1966-03-18,0.0,0.185764,0.170139,0.170139,0.003155,16876800,0.0,0.170139,inf
1966-03-21,0.0,0.172309,0.169705,0.172309,0.003195,2304000,0.0,0.172309,inf
1966-03-22,0.0,0.178385,0.174045,0.176215,0.003267,1958400,0.0,0.176215,inf
1966-03-23,0.0,0.176215,0.175347,0.176215,0.003267,576000,0.0,0.176215,inf
1966-03-24,0.0,0.176649,0.175347,0.176649,0.003275,288000,0.0,0.176649,inf
1966-03-25,0.0,0.175347,0.171007,0.171007,0.003171,1728000,0.0,0.171007,inf
1966-03-28,0.0,0.172743,0.171007,0.171875,0.003187,921600,0.0,0.171875,inf
1966-03-29,0.0,0.171441,0.170139,0.171007,0.003171,576000,0.0,0.171007,inf
1966-03-30,0.0,0.170139,0.166667,0.166667,0.00309,864000,0.0,0.166667,inf
1966-03-31,0.0,0.165799,0.163194,0.163628,0.003034,806400,0.0,0.163628,inf
1966-04-01,0.0,0.165799,0.164063,0.164931,0.003058,633600,0.0,0.164931,inf
1966-04-04,0.0,0.167535,0.164931,0.164931,0.003058,633600,0.0,0.164931,inf
1966-04-05,0.0,0.168837,0.167101,0.167535,0.003106,633600,0.0,0.167535,inf
1966-04-06,0.0,0.168403,0.167535,0.167969,0.003114,288000,0.0,0.167969,inf
1966-04-07,0.0,0.165799,0.165799,0.165799,0.003074,3340800,0.0,0.165799,inf
1966-04-11,0.0,0.166233,0.164931,0.166233,0.003082,576000,0.0,0.166233,inf
1966-04-12,0.0,0.169271,0.167535,0.168403,0.003122,3628800,0.0,0.168403,inf
1966-04-13,0.0,0.169271,0.167969,0.169271,0.003138,1728000,0.0,0.169271,inf
1966-04-14,0.0,0.170139,0.168403,0.169488,0.003143,1728000,0.0,0.169488,inf
1966-04-15,0.0,0.171007,0.170139,0.170139,0.003155,3571200,0.0,0.170139,inf
1966-04-18,0.0,0.171007,0.170573,0.171007,0.003171,691200,0.0,0.171007,inf
1966-04-19,0.0,0.171007,0.170139,0.171007,0.003171,633600,0.0,0.171007,inf
1966-04-20,0.0,0.172309,0.17079,0.172309,0.003195,691200,0.0,0.172309,inf
1966-04-21,0.0,0.171875,0.171441,0.171441,0.003179,576000,0.0,0.171441,inf
1966-04-22,0.0,0.171224,0.171007,0.171007,0.003171,979200,0.0,0.171007,inf
1966-04-25,0.0,0.171875,0.170573,0.171875,0.003187,1036800,0.0,0.171875,inf
1966-04-26,0.0,0.174913,0.171441,0.174913,0.003243,1843200,0.0,0.174913,inf
1966-04-27,0.0,0.176215,0.174045,0.175347,0.003251,979200,0.0,0.175347,inf
1966-04-28,0.0,0.175347,0.174045,0.174913,0.003243,1497600,0.0,0.174913,inf
1966-04-29,0.0,0.175347,0.174045,0.174913,0.003243,633600,0.0,0.174913,inf
1966-05-02,0.0,0.175781,0.174913,0.174913,0.003243,403200,0.0,0.174913,inf
1966-05-03,0.0,0.175347,0.174479,0.174479,0.003235,403200,0.0,0.174479,inf
1966-05-04,0.0,0.17513,0.173611,0.173828,0.003223,691200,0.0,0.173828,inf
1966-05-05,0.0,0.173611,0.172309,0.172309,0.003195,864000,0.0,0.172309,inf
1966-05-06,0.0,0.171875,0.171441,0.171441,0.003179,691200,0.0,0.171441,inf
1966-05-09,0.0,0.173611,0.171441,0.173611,0.003219,864000,0.0,0.173611,inf
1966-05-10,0.0,0.173611,0.171875,0.173611,0.003219,576000,0.0,0.173611,inf
1966-05-11,0.0,0.176215,0.173611,0.173611,0.003219,921600,0.0,0.173611,inf
1966-05-12,0.0,0.172743,0.169271,0.169271,0.003138,864000,0.0,0.169271,inf
1966-05-13,0.0,0.169271,0.167535,0.167535,0.003106,403200,0.0,0.167535,inf
1966-05-16,0.0,0.168403,0.164931,0.164931,0.003058,345600,0.0,0.164931,inf
1966-05-17,0.0,0.166667,0.162326,0.162326,0.00301,1267200,0.0,0.162326,inf
1966-05-18,0.0,0.164063,0.161458,0.161675,0.002998,518400,0.0,0.161675,inf
1966-05-19,0.0,0.164714,0.161458,0.163411,0.00303,364800,0.0,0.163411,inf
1966-05-20,0.0,0.16276,0.160156,0.161458,0.002994,192000,0.0,0.161458,inf
1966-05-23,0.0,0.16276,0.160156,0.160156,0.002969,384000,0.0,0.160156,inf
1966-05-24,0.0,0.163411,0.158854,0.161458,0.002994,403200,0.0,0.161458,inf
1966-05-25,0.0,0.166667,0.162109,0.164714,0.003054,211200,0.0,0.164714,inf
1966-05-26,0.0,0.16862,0.166016,0.16862,0.003126,422400,0.0,0.16862,inf
1966-05-27,0.0,0.170573,0.16862,0.169271,0.003138,326400,0.0,0.169271,inf
1966-05-31,0.0,0.170573,0.165365,0.165365,0.003066,576000,0.0,0.165365,inf
1966-06-01,0.0,0.167969,0.164714,0.167969,0.003114,211200,0.0,0.167969,inf
1966-06-02,0.0,0.16862,0.166667,0.167969,0.003114,172800,0.0,0.167969,inf
1966-06-03,0.0,0.169271,0.166016,0.166016,0.003078,460800,0.0,0.166016,inf
1966-06-06,0.0,0.165365,0.16276,0.164063,0.003042,249600,0.0,0.164063,inf
1966-06-07,0.0,0.164063,0.157552,0.158854,0.002945,576000,0.0,0.158854,inf
1966-06-08,0.0,0.161458,0.158854,0.160156,0.002969,345600,0.0,0.160156,inf
1966-06-09,0.0,0.16276,0.161458,0.16276,0.003018,307200,0.0,0.16276,inf
1966-06-10,0.0,0.162109,0.160156,0.162109,0.003006,998400,0.0,0.162109,inf
1966-06-13,0.0,0.16276,0.160156,0.160156,0.002969,384000,0.0,0.160156,inf
1966-06-14,0.0,0.157552,0.154948,0.156901,0.002943,384000,0.0,0.156901,inf
1966-06-15,0.0,0.15625,0.154297,0.154297,0.002894,652800,0.0,0.154297,inf
1966-06-16,0.0,0.15625,0.14974,0.151042,0.002833,691200,0.0,0.151042,inf
1966-06-17,0.0,0.154297,0.151693,0.154297,0.002894,134400,0.0,0.154297,inf
1966-06-20,0.0,0.154948,0.154948,0.154948,0.002906,192000,0.0,0.154948,inf
1966-06-21,0.0,0.154297,0.151693,0.152344,0.002857,326400,0.0,0.152344,inf
1966-06-22,0.0,0.154297,0.152344,0.152344,0.002857,307200,0.0,0.152344,inf
1966-06-23,0.0,0.154297,0.151042,0.151042,0.002833,364800,0.0,0.151042,inf
1966-06-24,0.0,0.153646,0.151693,0.152344,0.002857,518400,0.0,0.152344,inf
1966-06-27,0.0,0.154297,0.152995,0.152995,0.002869,115200,0.0,0.152995,inf
1966-06-28,0.0,0.152995,0.151042,0.151042,0.002833,441600,0.0,0.151042,inf
1966-06-29,0.0,0.152344,0.151042,0.151042,0.002833,825600,0.0,0.151042,inf
1966-06-30,0.0,0.151693,0.151042,0.151042,0.002833,1036800,0.0,0.151042,inf
1966-07-01,0.0,0.151693,0.151042,0.151042,0.002833,307200,0.0,0.151042,inf
1966-07-05,0.0,0.153646,0.151042,0.152344,0.002857,1670400,0.0,0.152344,inf
1966-07-06,0.0,0.152344,0.150391,0.151042,0.002833,940800,0.0,0.151042,inf
1966-07-07,0.0,0.151042,0.14974,0.14974,0.002808,1190400,0.0,0.14974,inf
1966-07-08,0.0,0.150391,0.147135,0.14974,0.002808,998400,0.0,0.14974,inf
1966-07-11,0.0,0.151042,0.149089,0.149089,0.002796,595200,0.0,0.149089,inf
1966-07-12,0.0,0.151042,0.149089,0.151042,0.002833,556800,0.0,0.151042,inf
1966-07-13,0.0,0.151042,0.149089,0.149089,0.002796,480000,0.0,0.149089,inf
1966-07-14,0.0,0.151042,0.149089,0.14974,0.002808,211200,0.0,0.14974,inf
1966-07-15,0.0,0.151042,0.14974,0.151042,0.002833,249600,0.0,0.151042,inf
1966-07-18,0.0,0.151042,0.14974,0.14974,0.002808,556800,0.0,0.14974,inf
1966-07-19,0.0,0.150391,0.148438,0.14974,0.002808,326400,0.0,0.14974,inf
1966-07-20,0.0,0.151042,0.149089,0.151042,0.002833,499200,0.0,0.151042,inf
1966-07-21,0.0,0.151042,0.14974,0.150391,0.002821,345600,0.0,0.150391,inf
1966-07-22,0.0,0.151042,0.14974,0.14974,0.002808,384000,0.0,0.14974,inf
1966-07-25,0.0,0.151042,0.147135,0.147135,0.002759,403200,0.0,0.147135,inf
1966-07-26,0.0,0.148438,0.147135,0.148438,0.002784,230400,0.0,0.148438,inf
1966-07-27,0.0,0.151042,0.148438,0.148438,0.002784,556800,0.0,0.148438,inf
1966-07-28,0.0,0.151042,0.149089,0.150391,0.002821,652800,0.0,0.150391,inf
1966-07-29,0.0,0.150391,0.148438,0.148438,0.002784,326400,0.0,0.148438,inf
1966-08-01,0.0,0.150391,0.146484,0.147135,0.002759,211200,0.0,0.147135,inf
1966-08-02,0.0,0.148438,0.147786,0.147786,0.002772,230400,0.0,0.147786,inf
1966-08-03,0.0,0.148438,0.145833,0.146484,0.002747,460800,0.0,0.146484,inf
1966-08-04,0.0,0.14974,0.147135,0.14974,0.002808,499200,0.0,0.14974,inf
1966-08-05,0.0,0.151693,0.14974,0.150391,0.002821,691200,0.0,0.150391,inf
1966-08-08,0.0,0.148438,0.145833,0.145833,0.002735,633600,0.0,0.145833,inf
1966-08-09,0.0,0.148438,0.146484,0.146484,0.002747,1536000,0.0,0.146484,inf
1966-08-10,0.0,0.147135,0.145833,0.147135,0.002759,422400,0.0,0.147135,inf
1966-08-11,0.0,0.149089,0.146484,0.146484,0.002747,576000,0.0,0.146484,inf
1966-08-12,0.0,0.14974,0.147135,0.147786,0.002772,403200,0.0,0.147786,inf
1966-08-15,0.0,0.148438,0.146484,0.148438,0.002784,211200,0.0,0.148438,inf
1966-08-16,0.0,0.149089,0.147135,0.148438,0.002784,268800,0.0,0.148438,inf
1966-08-17,0.0,0.147135,0.141276,0.141276,0.00265,441600,0.0,0.141276,inf
1966-08-18,0.0,0.141276,0.133464,0.135417,0.00254,960000,0.0,0.135417,inf
1966-08-19,0.0,0.135417,0.13151,0.132813,0.002491,787200,0.0,0.132813,inf
1966-08-22,0.0,0.134766,0.130208,0.133464,0.002503,1267200,0.0,0.133464,inf
1966-08-23,0.0,0.138021,0.133464,0.135417,0.00254,518400,0.0,0.135417,inf
1966-08-24,0.0,0.13737,0.132161,0.13737,0.002576,556800,0.0,0.13737,inf
1966-08-25,0.0,0.138021,0.132813,0.132813,0.002491,710400,0.0,0.132813,inf
1966-08-26,0.0,0.135417,0.130859,0.13151,0.002466,595200,0.0,0.13151,inf
1966-08-29,0.0,0.132813,0.128906,0.129557,0.00243,979200,0.0,0.129557,inf
1966-08-30,0.0,0.132813,0.128906,0.128906,0.002418,614400,0.0,0.128906,inf
1966-08-31,0.0,0.135417,0.132161,0.135417,0.00254,1555200,0.0,0.135417,inf
1966-09-01,0.0,0.139323,0.135417,0.13737,0.002576,825600,0.0,0.13737,inf
1966-09-02,0.0,0.140625,0.138021,0.138021,0.002589,326400,0.0,0.138021,inf
1966-09-06,0.0,0.139974,0.138021,0.139323,0.002613,480000,0.0,0.139323,inf
1966-09-07,0.0,0.138021,0.134115,0.134115,0.002515,345600,0.0,0.134115,inf
1966-09-08,0.0,0.13737,0.128255,0.13737,0.002576,1094400,0.0,0.13737,inf
1966-09-09,0.0,0.138672,0.135417,0.135417,0.00254,921600,0.0,0.135417,inf
1966-09-12,0.0,0.141276,0.138672,0.141276,0.00265,921600,0.0,0.141276,inf
1966-09-13,0.0,0.142578,0.134115,0.136068,0.002585,6547200,0.0,0.136068,inf
1966-09-14,0.0,0.136719,0.134766,0.136719,0.002598,403200,0.0,0.136719,inf
1966-09-15,0.0,0.138672,0.136068,0.13737,0.00261,364800,0.0,0.13737,inf
1966-09-16,0.0,0.138021,0.136068,0.138021,0.002622,633600,0.0,0.138021,inf
1966-09-19,0.0,0.138021,0.135417,0.135417,0.002573,806400,0.0,0.135417,inf
1966-09-20,0.0,0.135417,0.132813,0.132813,0.002523,672000,0.0,0.132813,inf
1966-09-21,0.0,0.132813,0.129557,0.130208,0.002474,748800,0.0,0.130208,inf
1966-09-22,0.0,0.130208,0.128906,0.130208,0.002474,691200,0.0,0.130208,inf
1966-09-23,0.0,0.130208,0.129557,0.130208,0.002474,307200,0.0,0.130208,inf
1966-09-26,0.0,0.130859,0.129557,0.130859,0.002486,672000,0.0,0.130859,inf
1966-09-27,0.0,0.133464,0.130208,0.13151,0.002499,1267200,0.0,0.13151,inf
1966-09-28,0.0,0.132161,0.129557,0.129557,0.002462,1228800,0.0,0.129557,inf
1966-09-29,0.0,0.132161,0.129557,0.132161,0.002511,576000,0.0,0.132161,inf
1966-09-30,0.0,0.132161,0.130208,0.13151,0.002499,556800,0.0,0.13151,inf
1966-10-03,0.0,0.13151,0.130208,0.130208,0.002474,691200,0.0,0.130208,inf
1966-10-04,0.0,0.13151,0.130208,0.13151,0.002499,576000,0.0,0.13151,inf
1966-10-05,0.0,0.138021,0.13151,0.136719,0.002598,537600,0.0,0.136719,inf
1966-10-06,0.0,0.138021,0.132813,0.135417,0.002573,1478400,0.0,0.135417,inf
1966-10-07,0.0,0.140625,0.136719,0.13737,0.00261,1478400,0.0,0.13737,inf
1966-10-10,0.0,0.147786,0.138672,0.147135,0.002796,1862400,0.0,0.147135,inf
1966-10-11,0.0,0.147786,0.144531,0.144531,0.002746,1497600,0.0,0.144531,inf
1966-10-12,0.0,0.146484,0.144531,0.145833,0.002771,345600,0.0,0.145833,inf
1966-10-13,0.0,0.14974,0.145833,0.145833,0.002771,1094400,0.0,0.145833,inf
1966-10-14,0.0,0.161458,0.151042,0.154948,0.002944,10137600,0.0,0.154948,inf
1966-10-17,0.0,0.160156,0.153646,0.157552,0.002993,2553600,0.0,0.157552,inf
1966-10-18,0.0,0.160156,0.156901,0.160156,0.003043,595200,0.0,0.160156,inf
1966-10-19,0.0,0.165365,0.158854,0.160807,0.003055,1612800,0.0,0.160807,inf
1966-10-20,0.0,0.164063,0.158854,0.162109,0.00308,1152000,0.0,0.162109,inf
1966-10-21,0.0,0.161458,0.158203,0.158854,0.003018,921600,0.0,0.158854,inf
1966-10-24,0.0,0.16276,0.158854,0.159505,0.003031,940800,0.0,0.159505,inf
1966-10-25,0.0,0.160807,0.157552,0.158203,0.003006,883200,0.0,0.158203,inf
1966-10-26,0.0,0.16276,0.158854,0.161458,0.003068,729600,0.0,0.161458,inf
1966-10-27,0.0,0.162109,0.158203,0.159505,0.003031,1382400,0.0,0.159505,inf
1966-10-28,0.0,0.160807,0.157552,0.160807,0.003055,998400,0.0,0.160807,inf
1966-10-31,0.0,0.161458,0.158854,0.161458,0.003068,768000,0.0,0.161458,inf
1966-11-01,0.0,0.165365,0.162109,0.165365,0.003142,729600,0.0,0.165365,inf
1966-11-02,0.0,0.166016,0.164063,0.166016,0.003154,480000,0.0,0.166016,inf
1966-11-03,0.0,0.167969,0.16276,0.16276,0.003092,1420800,0.0,0.16276,inf
1966-11-04,0.0,0.166667,0.159505,0.166667,0.003167,1344000,0.0,0.166667,inf
1966-11-07,0.0,0.169271,0.165365,0.169271,0.003216,1036800,0.0,0.169271,inf
1966-11-09,0.0,0.170573,0.167969,0.169271,0.003216,1190400,0.0,0.169271,inf
1966-11-10,0.0,0.171224,0.169271,0.170573,0.003241,768000,0.0,0.170573,inf
1966-11-11,0.0,0.171224,0.169922,0.170573,0.003241,518400,0.0,0.170573,inf
1966-11-14,0.0,0.170573,0.167969,0.167969,0.003191,422400,0.0,0.167969,inf
1966-11-15,0.0,0.170573,0.167318,0.170573,0.003241,633600,0.0,0.170573,inf
1966-11-16,0.0,0.171224,0.167969,0.170573,0.003241,1036800,0.0,0.170573,inf
1966-11-17,0.0,0.173177,0.170573,0.170573,0.003241,883200,0.0,0.170573,inf
1966-11-18,0.0,0.172526,0.169922,0.169922,0.003229,768000,0.0,0.169922,inf
1966-11-21,0.0,0.171224,0.169271,0.169271,0.003216,864000,0.0,0.169271,inf
1966-11-22,0.0,0.170573,0.169271,0.169271,0.003216,1228800,0.0,0.169271,inf
1966-11-23,0.0,0.170573,0.16862,0.169922,0.003229,576000,0.0,0.169922,inf
1966-11-25,0.0,0.170573,0.169271,0.170573,0.003241,288000,0.0,0.170573,inf
1966-11-28,0.0,0.171875,0.169922,0.170573,0.003241,1632000,0.0,0.170573,inf
1966-11-29,0.0,0.171224,0.166667,0.167318,0.003179,1228800,0.0,0.167318,inf
1966-11-30,0.0,0.167969,0.165365,0.166667,0.003167,2150400,0.0,0.166667,inf
1966-12-01,0.0,0.167969,0.166667,0.166667,0.003167,844800,0.0,0.166667,inf
1966-12-02,0.0,0.167969,0.166667,0.166667,0.003167,403200,0.0,0.166667,inf
1966-12-05,0.0,0.171875,0.16862,0.171224,0.003253,1190400,0.0,0.171224,inf
1966-12-06,0.0,0.174479,0.172526,0.174479,0.003315,979200,0.0,0.174479,inf
1966-12-07,0.0,0.17513,0.172526,0.172526,0.003278,672000,0.0,0.172526,inf
1966-12-08,0.0,0.174479,0.172526,0.172526,0.003278,268800,0.0,0.172526,inf
1966-12-09,0.0,0.174479,0.170573,0.174479,0.003315,1766400,0.0,0.174479,inf
1966-12-12,0.0,0.175781,0.171875,0.174479,0.003315,940800,0.0,0.174479,inf
1966-12-13,0.0,0.17513,0.171224,0.171224,0.003253,940800,0.0,0.171224,inf
1966-12-14,0.0,0.169922,0.167318,0.167318,0.003213,825600,0.0,0.167318,inf
1966-12-15,0.0,0.173177,0.167318,0.172526,0.003313,768000,0.0,0.172526,inf
1966-12-16,0.0,0.173828,0.171875,0.171875,0.003301,921600,0.0,0.171875,inf
1966-12-19,0.0,0.173177,0.171875,0.173177,0.003326,1171200,0.0,0.173177,inf
1966-12-20,0.0,0.173828,0.171875,0.173177,0.003326,326400,0.0,0.173177,inf
1966-12-21,0.0,0.173828,0.171224,0.172526,0.003313,364800,0.0,0.172526,inf
1966-12-22,0.0,0.177083,0.172526,0.175781,0.003376,1324800,0.0,0.175781,inf
1966-12-23,0.0,0.183594,0.175781,0.182292,0.003501,4320000,0.0,0.182292,inf
1966-12-27,0.0,0.184896,0.182292,0.182292,0.003501,4396800,0.0,0.182292,inf
1966-12-28,0.0,0.182943,0.179688,0.179688,0.003451,1574400,0.0,0.179688,inf
1966-12-29,0.0,0.179688,0.177083,0.177083,0.003401,499200,0.0,0.177083,inf
1966-12-30,0.0,0.179688,0.177083,0.177734,0.003413,518400,0.0,0.177734,inf
1967-01-03,0.0,0.18099,0.175781,0.175781,0.003376,1363200,0.0,0.175781,inf
1967-01-04,0.0,0.177083,0.174479,0.177083,0.003401,211200,0.0,0.177083,inf
1967-01-05,0.0,0.176432,0.173828,0.176432,0.003388,441600,0.0,0.176432,inf
1967-01-06,0.0,0.177083,0.17513,0.175781,0.003376,883200,0.0,0.175781,inf
1967-01-09,0.0,0.177083,0.175781,0.176432,0.003388,1075200,0.0,0.176432,inf
1967-01-10,0.0,0.177083,0.174479,0.175781,0.003376,1305600,0.0,0.175781,inf
1967-01-11,0.0,0.177083,0.167969,0.177083,0.003401,1708800,0.0,0.177083,inf
1967-01-12,0.0,0.177083,0.173177,0.176432,0.003388,1516800,0.0,0.176432,inf
1967-01-13,0.0,0.174479,0.169271,0.173177,0.003326,768000,0.0,0.173177,inf
1967-01-16,0.0,0.173177,0.169271,0.169271,0.003251,1459200,0.0,0.169271,inf
1967-01-17,0.0,0.171224,0.167969,0.167969,0.003226,403200,0.0,0.167969,inf
1967-01-18,0.0,0.169922,0.165365,0.166667,0.003201,518400,0.0,0.166667,inf
1967-01-19,0.0,0.167969,0.165365,0.166667,0.003201,288000,0.0,0.166667,inf
1967-01-20,0.0,0.167969,0.164063,0.167969,0.003226,633600,0.0,0.167969,inf
1967-01-23,0.0,0.173828,0.169271,0.173828,0.003338,556800,0.0,0.173828,inf
1967-01-24,0.0,0.175781,0.173177,0.175781,0.003376,1152000,0.0,0.175781,inf
1967-01-25,0.0,0.175781,0.173828,0.175781,0.003376,1017600,0.0,0.175781,inf
1967-01-26,0.0,0.179036,0.173828,0.179036,0.003438,1977600,0.0,0.179036,inf
1967-01-27,0.0,0.185547,0.18099,0.184245,0.003538,3148800,0.0,0.184245,inf
1967-01-30,0.0,0.188802,0.185547,0.188802,0.003626,1708800,0.0,0.188802,inf
1967-01-31,0.0,0.191406,0.188802,0.190104,0.003651,1190400,0.0,0.190104,inf
1967-02-01,0.0,0.194661,0.188802,0.194661,0.003738,3110400,0.0,0.194661,inf
1967-02-02,0.0,0.198568,0.192708,0.192708,0.003701,921600,0.0,0.192708,inf
1967-02-03,0.0,0.192057,0.188802,0.189453,0.003638,633600,0.0,0.189453,inf
1967-02-06,0.0,0.192708,0.190104,0.190104,0.003651,460800,0.0,0.190104,inf
1967-02-07,0.0,0.190755,0.190104,0.190104,0.003651,172800,0.0,0.190104,inf
1967-02-08,0.0,0.195313,0.190755,0.194661,0.003738,480000,0.0,0.194661,inf
1967-02-09,0.0,0.197917,0.192708,0.19401,0.003726,1939200,0.0,0.19401,inf
1967-02-10,0.0,0.192708,0.190755,0.191406,0.003676,192000,0.0,0.191406,inf
1967-02-13,0.0,0.191406,0.190755,0.190755,0.003663,345600,0.0,0.190755,inf
1967-02-14,0.0,0.191406,0.190104,0.191406,0.003676,460800,0.0,0.191406,inf
1967-02-15,0.0,0.193359,0.190755,0.193359,0.003713,960000,0.0,0.193359,inf
1967-02-16,0.0,0.194661,0.193359,0.193359,0.003713,345600,0.0,0.193359,inf
1967-02-17,0.0,0.192708,0.192057,0.192057,0.003688,364800,0.0,0.192057,inf
1967-02-20,0.0,0.193359,0.190755,0.192708,0.003701,633600,0.0,0.192708,inf
1967-02-21,0.0,0.193359,0.191406,0.191406,0.003676,499200,0.0,0.191406,inf
1967-02-23,0.0,0.194661,0.192708,0.193359,0.003713,307200,0.0,0.193359,inf
1967-02-24,0.0,0.19401,0.190104,0.190104,0.003651,614400,0.0,0.190104,inf
1967-02-27,0.0,0.190104,0.186198,0.186849,0.003588,364800,0.0,0.186849,inf
1967-02-28,0.0,0.190104,0.186849,0.190104,0.003651,460800,0.0,0.190104,inf
1967-03-01,0.0,0.191406,0.188802,0.189453,0.003638,268800,0.0,0.189453,inf
1967-03-02,0.0,0.194661,0.191406,0.192708,0.003701,1420800,0.0,0.192708,inf
1967-03-03,0.0,0.195313,0.192708,0.192708,0.003701,691200,0.0,0.192708,inf
1967-03-06,0.0,0.195964,0.190755,0.190755,0.003663,576000,0.0,0.190755,inf
1967-03-07,0.0,0.190755,0.1875,0.189453,0.003638,403200,0.0,0.189453,inf
1967-03-08,0.0,0.192708,0.188151,0.192708,0.003701,729600,0.0,0.192708,inf
1967-03-09,0.0,0.200521,0.192708,0.199219,0.003826,1459200,0.0,0.199219,inf
1967-03-10,0.0,0.201172,0.196615,0.199219,0.003861,1190400,0.0,0.199219,inf
1967-03-13,0.0,0.201172,0.199219,0.200521,0.003886,1862400,0.0,0.200521,inf
1967-03-14,0.0,0.207682,0.200521,0.205078,0.003975,1190400,0.0,0.205078,inf
1967-03-15,0.0,0.202474,0.199219,0.201172,0.003899,422400,0.0,0.201172,inf
1967-03-16,0.0,0.201823,0.199219,0.19987,0.003874,326400,0.0,0.19987,inf
1967-03-17,0.0,0.202474,0.19987,0.200521,0.003886,364800,0.0,0.200521,inf
1967-03-20,0.0,0.201823,0.19987,0.200521,0.003886,595200,0.0,0.200521,inf
1967-03-21,0.0,0.205729,0.203125,0.204427,0.003962,595200,0.0,0.204427,inf
1967-03-22,0.0,0.205078,0.202474,0.204427,0.003962,825600,0.0,0.204427,inf
1967-03-23,0.0,0.207031,0.203776,0.205078,0.003975,672000,0.0,0.205078,inf
1967-03-27,0.0,0.201823,0.197917,0.201172,0.003899,748800,0.0,0.201172,inf
1967-03-28,0.0,0.205729,0.203125,0.205078,0.003975,768000,0.0,0.205078,inf
1967-03-29,0.0,0.209635,0.205078,0.205078,0.003975,2246400,0.0,0.205078,inf
1967-03-30,0.0,0.207031,0.205078,0.205078,0.003975,268800,0.0,0.205078,inf
1967-03-31,0.0,0.20638,0.203776,0.203776,0.00395,556800,0.0,0.203776,inf
1967-04-03,0.0,0.205078,0.201823,0.201823,0.003912,787200,0.0,0.201823,inf
1967-04-04,0.0,0.204427,0.203125,0.204427,0.003962,1228800,0.0,0.204427,inf
1967-04-05,0.0,0.205078,0.200521,0.200521,0.003886,806400,0.0,0.200521,inf
1967-04-06,0.0,0.203125,0.200521,0.200521,0.003886,345600,0.0,0.200521,inf
1967-04-07,0.0,0.201823,0.200521,0.201823,0.003912,1209600,0.0,0.201823,inf
1967-04-10,0.0,0.19987,0.197917,0.197917,0.003836,691200,0.0,0.197917,inf
1967-04-11,0.0,0.19987,0.197917,0.197917,0.003836,288000,0.0,0.197917,inf
1967-04-12,0.0,0.19987,0.197917,0.197917,0.003836,710400,0.0,0.197917,inf
1967-04-13,0.0,0.197917,0.19401,0.197917,0.003836,1036800,0.0,0.197917,inf
1967-04-14,0.0,0.197917,0.196615,0.197266,0.003823,288000,0.0,0.197266,inf
1967-04-17,0.0,0.199219,0.193359,0.193359,0.003748,1017600,0.0,0.193359,inf
1967-04-18,0.0,0.19401,0.190104,0.19401,0.00376,403200,0.0,0.19401,inf
1967-04-19,0.0,0.199219,0.197266,0.197266,0.003823,595200,0.0,0.197266,inf
1967-04-20,0.0,0.201823,0.196615,0.201823,0.003912,691200,0.0,0.201823,inf
1967-04-21,0.0,0.205078,0.201172,0.204427,0.003962,1689600,0.0,0.204427,inf
1967-04-24,0.0,0.205729,0.203125,0.203776,0.00395,748800,0.0,0.203776,inf
1967-04-25,0.0,0.205729,0.203125,0.205729,0.003987,1036800,0.0,0.205729,inf
1967-04-26,0.0,0.21224,0.205729,0.210938,0.004088,1900800,0.0,0.210938,inf
1967-04-27,0.0,0.210938,0.207682,0.210938,0.004088,1555200,0.0,0.210938,inf
1967-04-28,0.0,0.21875,0.212891,0.217448,0.004215,1516800,0.0,0.217448,inf
1967-05-01,0.0,0.220052,0.216797,0.21875,0.00424,729600,0.0,0.21875,inf
1967-05-02,0.0,0.220703,0.21875,0.220052,0.004265,1075200,0.0,0.220052,inf
1967-05-03,0.0,0.223958,0.217448,0.223307,0.004328,1766400,0.0,0.223307,inf
1967-05-04,0.0,0.230469,0.225911,0.229818,0.004454,1516800,0.0,0.229818,inf
1967-05-05,0.0,0.231771,0.223958,0.22526,0.004366,1209600,0.0,0.22526,inf
1967-05-08,0.0,0.227214,0.221354,0.225911,0.004379,960000,0.0,0.225911,inf
1967-05-09,0.0,0.228516,0.217448,0.217448,0.004215,979200,0.0,0.217448,inf
1967-05-10,0.0,0.217448,0.211589,0.211589,0.004101,499200,0.0,0.211589,inf
1967-05-11,0.0,0.217448,0.21224,0.217448,0.004215,691200,0.0,0.217448,inf
1967-05-12,0.0,0.222656,0.218099,0.222656,0.004315,326400,0.0,0.222656,inf
1967-05-15,0.0,0.222656,0.216146,0.216797,0.004202,288000,0.0,0.216797,inf
1967-05-16,0.0,0.217448,0.214844,0.217448,0.004215,441600,0.0,0.217448,inf
1967-05-17,0.0,0.220052,0.216146,0.216797,0.004202,249600,0.0,0.216797,inf
1967-05-18,0.0,0.219401,0.216146,0.217448,0.004215,326400,0.0,0.217448,inf
1967-05-19,0.0,0.219401,0.216146,0.216146,0.004189,403200,0.0,0.216146,inf
1967-05-22,0.0,0.218099,0.214844,0.216146,0.004189,441600,0.0,0.216146,inf
1967-05-23,0.0,0.218099,0.216797,0.217448,0.004215,326400,0.0,0.217448,inf
1967-05-24,0.0,0.218099,0.213542,0.213542,0.004139,403200,0.0,0.213542,inf
1967-05-25,0.0,0.215495,0.21224,0.213542,0.004139,384000,0.0,0.213542,inf
1967-05-26,0.0,0.211589,0.208333,0.209635,0.004063,691200,0.0,0.209635,inf
1967-05-29,0.0,0.210286,0.207682,0.208984,0.00405,787200,0.0,0.208984,inf
1967-05-31,0.0,0.208333,0.203125,0.203125,0.003937,902400,0.0,0.203125,inf
1967-06-01,0.0,0.214844,0.205729,0.21224,0.004114,2284800,0.0,0.21224,inf
1967-06-02,0.0,0.221354,0.210938,0.216146,0.004189,1132800,0.0,0.216146,inf
1967-06-05,0.0,0.215495,0.204427,0.213542,0.004139,1017600,0.0,0.213542,inf
1967-06-06,0.0,0.222656,0.213542,0.219401,0.004252,1459200,0.0,0.219401,inf
1967-06-07,0.0,0.223958,0.220703,0.223958,0.004341,806400,0.0,0.223958,inf
1967-06-08,0.0,0.233073,0.223958,0.233073,0.004517,748800,0.0,0.233073,inf
1967-06-09,0.0,0.241536,0.234375,0.236979,0.004593,3763200,0.0,0.236979,inf
1967-06-12,0.0,0.240885,0.235026,0.236328,0.00458,1248000,0.0,0.236328,inf
1967-06-13,0.0,0.236979,0.231771,0.234375,0.004578,1286400,0.0,0.234375,inf
1967-06-14,0.0,0.242188,0.235026,0.242188,0.004731,979200,0.0,0.242188,inf
1967-06-15,0.0,0.247396,0.240885,0.244141,0.004769,1267200,0.0,0.244141,inf
1967-06-16,0.0,0.246094,0.242839,0.246094,0.004807,902400,0.0,0.246094,inf
1967-06-19,0.0,0.247396,0.241536,0.242188,0.004731,960000,0.0,0.242188,inf
1967-06-20,0.0,0.239583,0.233073,0.238281,0.004654,1094400,0.0,0.238281,inf
1967-06-21,0.0,0.242188,0.239583,0.239583,0.00468,1478400,0.0,0.239583,inf
1967-06-22,0.0,0.240885,0.238281,0.240885,0.004705,480000,0.0,0.240885,inf
1967-06-23,0.0,0.239583,0.238281,0.239583,0.00468,307200,0.0,0.239583,inf
1967-06-26,0.0,0.245443,0.240885,0.244792,0.004781,652800,0.0,0.244792,inf
1967-06-27,0.0,0.244792,0.240885,0.241536,0.004718,672000,0.0,0.241536,inf
1967-06-28,0.0,0.242839,0.240885,0.240885,0.004705,576000,0.0,0.240885,inf
1967-06-29,0.0,0.242839,0.240885,0.240885,0.004705,1382400,0.0,0.240885,inf
1967-06-30,0.0,0.247396,0.244792,0.244792,0.004781,2649600,0.0,0.244792,inf
1967-07-03,0.0,0.246745,0.240885,0.246745,0.00482,902400,0.0,0.246745,inf
1967-07-05,0.0,0.246745,0.24349,0.246094,0.004807,576000,0.0,0.246094,inf
1967-07-06,0.0,0.246094,0.240885,0.242188,0.004731,614400,0.0,0.242188,inf
1967-07-07,0.0,0.247396,0.240885,0.247396,0.004832,1171200,0.0,0.247396,inf
1967-07-10,0.0,0.261719,0.247396,0.259766,0.005074,6662400,0.0,0.259766,inf
1967-07-11,0.0,0.26237,0.257161,0.26237,0.005125,4896000,0.0,0.26237,inf
1967-07-12,0.0,0.285156,0.272135,0.279948,0.005468,13497600,0.0,0.279948,inf
1967-07-13,0.0,0.299479,0.28125,0.28125,0.005493,22579200,0.0,0.28125,inf
1967-07-14,0.0,0.278646,0.266927,0.269531,0.005265,4684800,0.0,0.269531,inf
1967-07-17,0.0,0.268229,0.258464,0.263021,0.005137,3648000,0.0,0.263021,inf
1967-07-18,0.0,0.282552,0.26237,0.28125,0.005493,4780800,0.0,0.28125,inf
1967-07-19,0.0,0.285807,0.270833,0.270833,0.00529,3859200,0.0,0.270833,inf
1967-07-20,0.0,0.280599,0.269531,0.280599,0.005481,3244800,0.0,0.280599,inf
1967-07-21,0.0,0.279948,0.276042,0.277344,0.005417,2400000,0.0,0.277344,inf
1967-07-24,0.0,0.275391,0.269531,0.273438,0.005341,1497600,0.0,0.273438,inf
1967-07-25,0.0,0.275391,0.270833,0.273438,0.005341,1651200,0.0,0.273438,inf
1967-07-26,0.0,0.273438,0.264323,0.265625,0.005188,1401600,0.0,0.265625,inf
1967-07-27,0.0,0.272786,0.265625,0.269531,0.005265,2688000,0.0,0.269531,inf
1967-07-28,0.0,0.274089,0.269531,0.274089,0.005354,2112000,0.0,0.274089,inf
1967-07-31,0.0,0.279297,0.272786,0.277344,0.005417,2592000,0.0,0.277344,inf
1967-08-01,0.0,0.278646,0.276042,0.276693,0.005404,768000,0.0,0.276693,inf
1967-08-02,0.0,0.277344,0.273438,0.276042,0.005392,2112000,0.0,0.276042,inf
1967-08-03,0.0,0.27474,0.26888,0.270833,0.00529,1420800,0.0,0.270833,inf
1967-08-04,0.0,0.271484,0.268229,0.271484,0.005303,1267200,0.0,0.271484,inf
1967-08-07,0.0,0.270833,0.268229,0.26888,0.005252,576000,0.0,0.26888,inf
1967-08-08,0.0,0.270182,0.267578,0.267578,0.005226,768000,0.0,0.267578,inf
1967-08-09,0.0,0.270182,0.267578,0.270182,0.005277,902400,0.0,0.270182,inf
1967-08-10,0.0,0.272786,0.269531,0.269531,0.005265,1363200,0.0,0.269531,inf
1967-08-11,0.0,0.272786,0.269531,0.269531,0.005265,518400,0.0,0.269531,inf
1967-08-14,0.0,0.268229,0.259115,0.260417,0.005087,1286400,0.0,0.260417,inf
1967-08-15,0.0,0.261719,0.259115,0.259115,0.005061,556800,0.0,0.259115,inf
1967-08-16,0.0,0.259766,0.255859,0.25651,0.00501,710400,0.0,0.25651,inf
1967-08-17,0.0,0.257813,0.253906,0.253906,0.004959,960000,0.0,0.253906,inf
1967-08-18,0.0,0.255208,0.251953,0.255208,0.004985,979200,0.0,0.255208,inf
1967-08-21,0.0,0.249349,0.246094,0.249349,0.00487,864000,0.0,0.249349,inf
1967-08-22,0.0,0.250651,0.247396,0.247396,0.004832,633600,0.0,0.247396,inf
1967-08-23,0.0,0.253255,0.25,0.250651,0.004896,595200,0.0,0.250651,inf
1967-08-24,0.0,0.253906,0.247396,0.25,0.004883,576000,0.0,0.25,inf
1967-08-25,0.0,0.245443,0.240885,0.242839,0.004743,1209600,0.0,0.242839,inf
1967-08-28,0.0,0.241536,0.236979,0.23763,0.004641,1420800,0.0,0.23763,inf
1967-08-29,0.0,0.240885,0.238281,0.239583,0.00468,652800,0.0,0.239583,inf
1967-08-30,0.0,0.242188,0.238932,0.242188,0.004731,633600,0.0,0.242188,inf
1967-08-31,0.0,0.250651,0.244792,0.250651,0.004896,326400,0.0,0.250651,inf
1967-09-01,0.0,0.250651,0.247396,0.250651,0.004896,1286400,0.0,0.250651,inf
1967-09-05,0.0,0.255208,0.25,0.25,0.004883,806400,0.0,0.25,inf
1967-09-06,0.0,0.248698,0.244792,0.246745,0.00482,633600,0.0,0.246745,inf
1967-09-07,0.0,0.248698,0.245443,0.245443,0.004794,326400,0.0,0.245443,inf
1967-09-08,0.0,0.247396,0.242188,0.247396,0.004832,1209600,0.0,0.247396,inf
1967-09-11,0.0,0.253255,0.247396,0.25,0.004883,864000,0.0,0.25,inf
1967-09-12,0.0,0.249349,0.242188,0.24349,0.004756,729600,0.0,0.24349,inf
1967-09-13,0.0,0.25,0.242188,0.25,0.00492,2496000,0.0,0.25,inf
1967-09-14,0.0,0.247396,0.242839,0.242839,0.004779,729600,0.0,0.242839,inf
1967-09-15,0.0,0.242839,0.240885,0.240885,0.004741,480000,0.0,0.240885,inf
1967-09-18,0.0,0.240234,0.234375,0.236979,0.004664,1286400,0.0,0.236979,inf
1967-09-19,0.0,0.235026,0.223958,0.227865,0.004484,2169600,0.0,0.227865,inf
1967-09-20,0.0,0.233724,0.226563,0.233724,0.0046,3609600,0.0,0.233724,inf
1967-09-21,0.0,0.242188,0.235677,0.242188,0.004766,6220800,0.0,0.242188,inf
1967-09-22,0.0,0.252604,0.242839,0.252604,0.004971,3993600,0.0,0.252604,inf
1967-09-25,0.0,0.25651,0.251953,0.252604,0.004971,1152000,0.0,0.252604,inf
1967-09-26,0.0,0.251302,0.24349,0.24349,0.004792,1516800,0.0,0.24349,inf
1967-09-27,0.0,0.241536,0.238281,0.240885,0.004741,748800,0.0,0.240885,inf
1967-09-28,0.0,0.240885,0.236979,0.239583,0.004715,480000,0.0,0.239583,inf
1967-09-29,0.0,0.238932,0.233073,0.233724,0.0046,614400,0.0,0.233724,inf
1967-10-02,0.0,0.236979,0.233073,0.235677,0.004638,787200,0.0,0.235677,inf
1967-10-03,0.0,0.239583,0.235026,0.238281,0.004689,825600,0.0,0.238281,inf
1967-10-04,0.0,0.254557,0.248698,0.248698,0.004894,3801600,0.0,0.248698,inf
1967-10-05,0.0,0.25,0.248047,0.248047,0.004882,1113600,0.0,0.248047,inf
1967-10-06,0.0,0.249349,0.245443,0.247396,0.004869,1036800,0.0,0.247396,inf
1967-10-09,0.0,0.257161,0.251302,0.257161,0.005061,2112000,0.0,0.257161,inf
1967-10-10,0.0,0.260417,0.253906,0.255208,0.005022,2611200,0.0,0.255208,inf
1967-10-11,0.0,0.253906,0.246094,0.251953,0.004958,1747200,0.0,0.251953,inf
1967-10-12,0.0,0.250651,0.248047,0.248698,0.004894,268800,0.0,0.248698,inf
1967-10-13,0.0,0.251302,0.25,0.25,0.00492,595200,0.0,0.25,inf
1967-10-16,0.0,0.252604,0.246094,0.246094,0.004843,691200,0.0,0.246094,inf
1967-10-17,0.0,0.25,0.244792,0.247396,0.004869,729600,0.0,0.247396,inf
1967-10-18,0.0,0.252604,0.247396,0.251302,0.004946,902400,0.0,0.251302,inf
1967-10-19,0.0,0.25651,0.252604,0.253906,0.004997,787200,0.0,0.253906,inf
1967-10-20,0.0,0.252604,0.25,0.251953,0.004958,326400,0.0,0.251953,inf
1967-10-23,0.0,0.25,0.248698,0.248698,0.004894,921600,0.0,0.248698,inf
1967-10-24,0.0,0.25,0.244792,0.244792,0.004817,652800,0.0,0.244792,inf
1967-10-25,0.0,0.246094,0.24349,0.246094,0.004843,480000,0.0,0.246094,inf
1967-10-26,0.0,0.246745,0.244792,0.245443,0.00483,595200,0.0,0.245443,inf
1967-10-27,0.0,0.246745,0.24349,0.244792,0.004817,422400,0.0,0.244792,inf
1967-10-30,0.0,0.246745,0.242188,0.242188,0.004766,326400,0.0,0.242188,inf
1967-10-31,0.0,0.244792,0.242188,0.242188,0.004766,384000,0.0,0.242188,inf
1967-11-01,0.0,0.247396,0.236979,0.240885,0.004741,940800,0.0,0.240885,inf
1967-11-02,0.0,0.240885,0.231771,0.236979,0.004664,1286400,0.0,0.236979,inf
1967-11-03,0.0,0.238281,0.230469,0.231771,0.004561,422400,0.0,0.231771,inf
1967-11-06,0.0,0.234375,0.230469,0.231771,0.004561,422400,0.0,0.231771,inf
1967-11-08,0.0,0.236979,0.22526,0.22526,0.004433,998400,0.0,0.22526,inf
1967-11-09,0.0,0.230469,0.22526,0.227865,0.004484,768000,0.0,0.227865,inf
1967-11-10,0.0,0.235026,0.231771,0.233724,0.0046,614400,0.0,0.233724,inf
1967-11-13,0.0,0.238281,0.230469,0.230469,0.004536,864000,0.0,0.230469,inf
1967-11-14,0.0,0.230469,0.222656,0.223958,0.004407,403200,0.0,0.223958,inf
1967-11-15,0.0,0.22526,0.21875,0.222656,0.004382,806400,0.0,0.222656,inf
1967-11-16,0.0,0.229167,0.224609,0.229167,0.00451,480000,0.0,0.229167,inf
1967-11-17,0.0,0.230469,0.226563,0.227865,0.004484,940800,0.0,0.227865,inf
1967-11-20,0.0,0.224609,0.220052,0.224609,0.00442,1075200,0.0,0.224609,inf
1967-11-21,0.0,0.231771,0.223958,0.231771,0.004561,729600,0.0,0.231771,inf
1967-11-22,0.0,0.236328,0.233073,0.234375,0.004612,768000,0.0,0.234375,inf
1967-11-24,0.0,0.233073,0.231771,0.231771,0.004561,748800,0.0,0.231771,inf
1967-11-27,0.0,0.233724,0.231771,0.231771,0.004561,595200,0.0,0.231771,inf
1967-11-28,0.0,0.232422,0.227865,0.231771,0.004561,576000,0.0,0.231771,inf
1967-11-29,0.0,0.231771,0.222656,0.223958,0.004407,1152000,0.0,0.223958,inf
1967-11-30,0.0,0.221354,0.219401,0.219401,0.004318,614400,0.0,0.219401,inf
1967-12-01,0.0,0.221354,0.216146,0.219401,0.004318,1036800,0.0,0.219401,inf
1967-12-04,0.0,0.220703,0.216146,0.216797,0.004267,1132800,0.0,0.216797,inf
1967-12-05,0.0,0.219401,0.216797,0.219401,0.004318,1132800,0.0,0.219401,inf
1967-12-06,0.0,0.22526,0.221354,0.222005,0.004369,768000,0.0,0.222005,inf
1967-12-07,0.0,0.229167,0.222005,0.222005,0.004369,1824000,0.0,0.222005,inf
1967-12-08,0.0,0.225911,0.222656,0.223958,0.004407,825600,0.0,0.223958,inf
1967-12-11,0.0,0.226563,0.222656,0.222656,0.004382,1190400,0.0,0.222656,inf
1967-12-12,0.0,0.223958,0.220052,0.220052,0.004331,902400,0.0,0.220052,inf
1967-12-13,0.0,0.223958,0.222005,0.223307,0.004395,768000,0.0,0.223307,inf
1967-12-14,0.0,0.223307,0.220703,0.220703,0.004379,556800,0.0,0.220703,inf
1967-12-15,0.0,0.221354,0.216797,0.216797,0.004302,1209600,0.0,0.216797,inf
1967-12-18,0.0,0.21875,0.215495,0.216797,0.004302,1286400,0.0,0.216797,inf
1967-12-19,0.0,0.221354,0.216797,0.219401,0.004353,2092800,0.0,0.219401,inf
1967-12-20,0.0,0.224609,0.220703,0.224609,0.004457,729600,0.0,0.224609,inf
1967-12-21,0.0,0.235677,0.229167,0.234375,0.00465,3955200,0.0,0.234375,inf
1967-12-22,0.0,0.235677,0.231771,0.234375,0.00465,1766400,0.0,0.234375,inf
1967-12-26,0.0,0.235677,0.233073,0.234375,0.00465,844800,0.0,0.234375,inf
1967-12-27,0.0,0.235677,0.234375,0.235677,0.004676,537600,0.0,0.235677,inf
1967-12-28,0.0,0.236979,0.232422,0.234375,0.00465,1209600,0.0,0.234375,inf
1967-12-29,0.0,0.236979,0.229167,0.231771,0.004599,2227200,0.0,0.231771,inf
1968-01-02,0.0,0.233724,0.230469,0.233073,0.004625,748800,0.0,0.233073,inf
1968-01-03,0.0,0.236328,0.231771,0.235677,0.004676,595200,0.0,0.235677,inf
1968-01-04,0.0,0.235677,0.231771,0.233073,0.004625,480000,0.0,0.233073,inf
1968-01-05,0.0,0.234375,0.229818,0.233073,0.004625,1497600,0.0,0.233073,inf
1968-01-08,0.0,0.24349,0.236328,0.24349,0.004831,1670400,0.0,0.24349,inf
1968-01-09,0.0,0.25,0.245443,0.248047,0.004922,2227200,0.0,0.248047,inf
1968-01-10,0.0,0.260417,0.250651,0.255859,0.005077,4876800,0.0,0.255859,inf
1968-01-11,0.0,0.259115,0.253906,0.259115,0.005141,1190400,0.0,0.259115,inf
1968-01-12,0.0,0.261719,0.257813,0.260417,0.005167,1862400,0.0,0.260417,inf
1968-01-15,0.0,0.261719,0.253906,0.255859,0.005077,2092800,0.0,0.255859,inf
1968-01-16,0.0,0.25651,0.252604,0.253906,0.005038,1958400,0.0,0.253906,inf
1968-01-17,0.0,0.257161,0.253906,0.253906,0.005038,556800,0.0,0.253906,inf
1968-01-18,0.0,0.257813,0.253906,0.255208,0.005064,768000,0.0,0.255208,inf
1968-01-19,0.0,0.254557,0.248698,0.253906,0.005038,537600,0.0,0.253906,inf
1968-01-22,0.0,0.255208,0.248047,0.251953,0.004999,1036800,0.0,0.251953,inf
1968-01-23,0.0,0.25,0.247396,0.247396,0.004909,806400,0.0,0.247396,inf
1968-01-24,0.0,0.246094,0.244792,0.244792,0.004857,595200,0.0,0.244792,inf
1968-01-25,0.0,0.24349,0.240885,0.242188,0.004805,864000,0.0,0.242188,inf
1968-01-26,0.0,0.248698,0.24349,0.244141,0.004844,1785600,0.0,0.244141,inf
1968-01-29,0.0,0.248698,0.244792,0.245443,0.00487,2745600,0.0,0.245443,inf
1968-01-30,0.0,0.252604,0.247396,0.251302,0.004986,748800,0.0,0.251302,inf
1968-01-31,0.0,0.259115,0.250651,0.257161,0.005103,1056000,0.0,0.257161,inf
1968-02-01,0.0,0.255208,0.252604,0.255208,0.005064,1152000,0.0,0.255208,inf
1968-02-02,0.0,0.257161,0.254557,0.257161,0.005103,1171200,0.0,0.257161,inf
1968-02-05,0.0,0.257813,0.253255,0.253906,0.005038,979200,0.0,0.253906,inf
1968-02-06,0.0,0.257813,0.253906,0.25651,0.00509,672000,0.0,0.25651,inf
1968-02-07,0.0,0.260417,0.255859,0.260417,0.005167,1209600,0.0,0.260417,inf
1968-02-08,0.0,0.259766,0.253906,0.253906,0.005038,691200,0.0,0.253906,inf
1968-02-09,0.0,0.25651,0.250651,0.250651,0.004973,1420800,0.0,0.250651,inf
1968-02-13,0.0,0.253255,0.251953,0.252604,0.005012,499200,0.0,0.252604,inf
1968-02-14,0.0,0.255208,0.252604,0.252604,0.005012,2476800,0.0,0.252604,inf
1968-02-15,0.0,0.253906,0.251953,0.251953,0.004999,633600,0.0,0.251953,inf
1968-02-16,0.0,0.253906,0.251302,0.251302,0.004986,768000,0.0,0.251302,inf
1968-02-19,0.0,0.253906,0.25,0.252604,0.005012,960000,0.0,0.252604,inf
1968-02-20,0.0,0.253906,0.250651,0.250651,0.004973,710400,0.0,0.250651,inf
1968-02-21,0.0,0.254557,0.253255,0.254557,0.005051,595200,0.0,0.254557,inf
1968-02-23,0.0,0.255208,0.254557,0.254557,0.005051,364800,0.0,0.254557,inf
1968-02-26,0.0,0.253906,0.25,0.25,0.00496,1267200,0.0,0.25,inf
1968-02-27,0.0,0.251302,0.247396,0.247396,0.004909,672000,0.0,0.247396,inf
1968-02-28,0.0,0.247396,0.24349,0.24349,0.004831,403200,0.0,0.24349,inf
1968-02-29,0.0,0.242188,0.238281,0.238281,0.004728,787200,0.0,0.238281,inf
1968-03-01,0.0,0.240885,0.235677,0.236979,0.004702,825600,0.0,0.236979,inf
1968-03-04,0.0,0.239583,0.234375,0.238281,0.004728,576000,0.0,0.238281,inf
1968-03-05,0.0,0.238281,0.236979,0.236979,0.004702,403200,0.0,0.236979,inf
1968-03-06,0.0,0.239583,0.236979,0.239583,0.004754,422400,0.0,0.239583,inf
1968-03-07,0.0,0.244141,0.240885,0.24349,0.004831,537600,0.0,0.24349,inf
1968-03-08,0.0,0.244141,0.238281,0.24349,0.004868,998400,0.0,0.24349,inf
1968-03-11,0.0,0.249349,0.24349,0.249349,0.004985,1536000,0.0,0.249349,inf
1968-03-12,0.0,0.249349,0.244792,0.249349,0.004985,2323200,0.0,0.249349,inf
1968-03-13,0.0,0.25,0.247396,0.248698,0.004972,518400,0.0,0.248698,inf
1968-03-14,0.0,0.248698,0.240234,0.242188,0.004842,556800,0.0,0.242188,inf
1968-03-15,0.0,0.247396,0.240885,0.246094,0.00492,537600,0.0,0.246094,inf
1968-03-18,0.0,0.252604,0.247396,0.251302,0.005024,556800,0.0,0.251302,inf
1968-03-19,0.0,0.252604,0.247396,0.247396,0.004946,268800,0.0,0.247396,inf
1968-03-20,0.0,0.248698,0.244141,0.244792,0.004894,556800,0.0,0.244792,inf
1968-03-21,0.0,0.248698,0.244792,0.246745,0.004933,249600,0.0,0.246745,inf
1968-03-22,0.0,0.248047,0.246745,0.247396,0.004946,518400,0.0,0.247396,inf
1968-03-25,0.0,0.248698,0.247396,0.247396,0.004946,384000,0.0,0.247396,inf
1968-03-26,0.0,0.248698,0.242188,0.242188,0.004842,787200,0.0,0.242188,inf
1968-03-27,0.0,0.244792,0.239583,0.244792,0.004894,2035200,0.0,0.244792,inf
1968-03-28,0.0,0.246094,0.236979,0.23763,0.004751,460800,0.0,0.23763,inf
1968-03-29,0.0,0.24349,0.239583,0.24349,0.004868,1612800,0.0,0.24349,inf
1968-04-01,0.0,0.252604,0.244792,0.248698,0.004972,6758400,0.0,0.248698,inf
1968-04-02,0.0,0.248698,0.245443,0.247396,0.004946,518400,0.0,0.247396,inf
1968-04-03,0.0,0.259115,0.247396,0.249349,0.004985,4204800,0.0,0.249349,inf
1968-04-04,0.0,0.253906,0.248698,0.253906,0.005076,595200,0.0,0.253906,inf
1968-04-05,0.0,0.253906,0.250651,0.252604,0.00505,441600,0.0,0.252604,inf
1968-04-08,0.0,0.255208,0.250651,0.253906,0.005076,595200,0.0,0.253906,inf
1968-04-10,0.0,0.260417,0.255208,0.260417,0.005206,2150400,0.0,0.260417,inf
1968-04-11,0.0,0.265625,0.260417,0.265625,0.00531,18912000,0.0,0.265625,inf
1968-04-15,0.0,0.272135,0.266927,0.272135,0.00544,5452800,0.0,0.272135,inf
1968-04-16,0.0,0.276042,0.272135,0.272786,0.005453,902400,0.0,0.272786,inf
1968-04-17,0.0,0.27474,0.269531,0.269531,0.005388,960000,0.0,0.269531,inf
1968-04-18,0.0,0.270833,0.264974,0.266927,0.005336,902400,0.0,0.266927,inf
1968-04-19,0.0,0.266276,0.263021,0.264323,0.005284,883200,0.0,0.264323,inf
1968-04-22,0.0,0.264974,0.259766,0.263672,0.005271,902400,0.0,0.263672,inf
1968-04-23,0.0,0.275391,0.266927,0.272786,0.005453,2208000,0.0,0.272786,inf
1968-04-24,0.0,0.283854,0.273438,0.283203,0.005662,2688000,0.0,0.283203,inf
1968-04-25,0.0,0.283203,0.277995,0.278646,0.005571,864000,0.0,0.278646,inf
1968-04-26,0.0,0.280599,0.277344,0.280599,0.00561,672000,0.0,0.280599,inf
1968-04-29,0.0,0.28125,0.277995,0.280599,0.00561,614400,0.0,0.280599,inf
1968-04-30,0.0,0.282552,0.279297,0.282552,0.005649,768000,0.0,0.282552,inf
1968-05-01,0.0,0.285156,0.28125,0.285156,0.005701,1344000,0.0,0.285156,inf
1968-05-02,0.0,0.302083,0.285807,0.299479,0.005987,6048000,0.0,0.299479,inf
1968-05-03,0.0,0.308594,0.299479,0.299479,0.005987,2784000,0.0,0.299479,inf
1968-05-06,0.0,0.300781,0.290365,0.292969,0.005857,1228800,0.0,0.292969,inf
1968-05-07,0.0,0.296875,0.292318,0.295573,0.005909,1248000,0.0,0.295573,inf
1968-05-08,0.0,0.296875,0.292969,0.295573,0.005909,1363200,0.0,0.295573,inf
1968-05-09,0.0,0.295573,0.294271,0.294271,0.005883,364800,0.0,0.294271,inf
1968-05-10,0.0,0.294271,0.289714,0.292969,0.005857,1036800,0.0,0.292969,inf
1968-05-13,0.0,0.291667,0.28776,0.290365,0.005805,1036800,0.0,0.290365,inf
1968-05-14,0.0,0.292969,0.286458,0.292969,0.005857,1056000,0.0,0.292969,inf
1968-05-15,0.0,0.292969,0.291667,0.286458,0.005727,422400,0.0,0.286458,inf
1968-05-16,0.0,0.28776,0.282552,0.282552,0.005649,537600,0.0,0.282552,inf
1968-05-17,0.0,0.284505,0.276693,0.284505,0.005688,748800,0.0,0.284505,inf
1968-05-20,0.0,0.290365,0.283854,0.288411,0.005766,1324800,0.0,0.288411,inf
1968-05-21,0.0,0.289063,0.278646,0.283203,0.005662,883200,0.0,0.283203,inf
1968-05-22,0.0,0.283854,0.279948,0.283854,0.005675,576000,0.0,0.283854,inf
1968-05-23,0.0,0.286458,0.283854,0.285156,0.005701,460800,0.0,0.285156,inf
1968-05-24,0.0,0.286458,0.283854,0.286458,0.005727,441600,0.0,0.286458,inf
1968-05-27,0.0,0.290365,0.287109,0.287109,0.00574,422400,0.0,0.287109,inf
1968-05-28,0.0,0.289063,0.285156,0.286458,0.005727,1286400,0.0,0.286458,inf
1968-05-29,0.0,0.291667,0.286458,0.287109,0.00574,1075200,0.0,0.287109,inf
1968-05-31,0.0,0.291016,0.28776,0.288411,0.005766,576000,0.0,0.288411,inf
1968-06-03,0.0,0.291016,0.285156,0.28776,0.005753,556800,0.0,0.28776,inf
1968-06-04,0.0,0.294271,0.289063,0.290365,0.005805,1344000,0.0,0.290365,inf
1968-06-05,0.0,0.292969,0.28776,0.289063,0.005779,537600,0.0,0.289063,inf
1968-06-06,0.0,0.295573,0.290365,0.29362,0.00587,1593600,0.0,0.29362,inf
1968-06-07,0.0,0.296875,0.29362,0.295573,0.005909,864000,0.0,0.295573,inf
1968-06-10,0.0,0.296224,0.292318,0.292318,0.005844,480000,0.0,0.292318,inf
1968-06-11,0.0,0.294271,0.291667,0.292318,0.005844,576000,0.0,0.292318,inf
1968-06-13,0.0,0.295573,0.28776,0.28776,0.005799,1900800,0.0,0.28776,inf
1968-06-14,0.0,0.28776,0.286458,0.286458,0.005773,652800,0.0,0.286458,inf
1968-06-17,0.0,0.289714,0.283854,0.283854,0.005721,1209600,0.0,0.283854,inf
1968-06-18,0.0,0.289063,0.284505,0.289063,0.005825,614400,0.0,0.289063,inf
1968-06-20,0.0,0.291667,0.286458,0.28776,0.005799,1536000,0.0,0.28776,inf
1968-06-21,0.0,0.291667,0.287109,0.290365,0.005852,2150400,0.0,0.290365,inf
1968-06-24,0.0,0.291016,0.287109,0.291016,0.005865,441600,0.0,0.291016,inf
1968-06-25,0.0,0.294271,0.286458,0.286458,0.005773,1017600,0.0,0.286458,inf
1968-06-27,0.0,0.292969,0.286458,0.286458,0.005773,1670400,0.0,0.286458,inf
1968-06-28,0.0,0.289063,0.281901,0.285156,0.005747,1401600,0.0,0.285156,inf
1968-07-01,0.0,0.289063,0.281901,0.281901,0.005681,1075200,0.0,0.281901,inf
1968-07-02,0.0,0.285156,0.273438,0.273438,0.005511,902400,0.0,0.273438,inf
1968-07-03,0.0,0.273438,0.265625,0.272135,0.005484,1708800,0.0,0.272135,inf
1968-07-08,0.0,0.279948,0.272135,0.277995,0.005602,1593600,0.0,0.277995,inf
1968-07-09,0.0,0.286458,0.279297,0.286458,0.005773,979200,0.0,0.286458,inf
1968-07-11,0.0,0.289063,0.284505,0.285156,0.005747,1094400,0.0,0.285156,inf
1968-07-12,0.0,0.291667,0.282552,0.28776,0.005799,1017600,0.0,0.28776,inf
1968-07-15,0.0,0.291016,0.28776,0.291016,0.005865,1132800,0.0,0.291016,inf
1968-07-16,0.0,0.295573,0.290365,0.295573,0.005957,1804800,0.0,0.295573,inf
1968-07-18,0.0,0.296875,0.291667,0.296875,0.005983,2515200,0.0,0.296875,inf
1968-07-19,0.0,0.294922,0.291016,0.291667,0.005878,940800,0.0,0.291667,inf
1968-07-22,0.0,0.29362,0.289063,0.289063,0.005825,672000,0.0,0.289063,inf
1968-07-23,0.0,0.291667,0.285156,0.291667,0.005878,3091200,0.0,0.291667,inf
1968-07-25,0.0,0.29362,0.28125,0.282552,0.005694,1075200,0.0,0.282552,inf
1968-07-26,0.0,0.285156,0.283203,0.283854,0.005721,268800,0.0,0.283854,inf
1968-07-29,0.0,0.283854,0.279948,0.28125,0.005668,883200,0.0,0.28125,inf
1968-07-30,0.0,0.284505,0.279948,0.284505,0.005734,672000,0.0,0.284505,inf
1968-08-01,0.0,0.286458,0.279297,0.279297,0.005629,518400,0.0,0.279297,inf
1968-08-02,0.0,0.277344,0.276042,0.276693,0.005576,940800,0.0,0.276693,inf
1968-08-05,0.0,0.277344,0.27474,0.275391,0.00555,192000,0.0,0.275391,inf
1968-08-06,0.0,0.276693,0.275391,0.275391,0.00555,2227200,0.0,0.275391,inf
1968-08-08,0.0,0.277344,0.27474,0.276693,0.005576,480000,0.0,0.276693,inf
1968-08-09,0.0,0.277344,0.276042,0.276042,0.005563,307200,0.0,0.276042,inf
1968-08-12,0.0,0.282552,0.277995,0.28125,0.005668,883200,0.0,0.28125,inf
1968-08-13,0.0,0.283854,0.279297,0.279297,0.005629,326400,0.0,0.279297,inf
1968-08-15,0.0,0.28125,0.277995,0.278646,0.005616,537600,0.0,0.278646,inf
1968-08-16,0.0,0.282552,0.278646,0.28125,0.005668,249600,0.0,0.28125,inf
1968-08-19,0.0,0.279948,0.276693,0.276693,0.005576,499200,0.0,0.276693,inf
1968-08-20,0.0,0.276042,0.272786,0.272786,0.005497,576000,0.0,0.272786,inf
1968-08-22,0.0,0.272135,0.266927,0.268229,0.005406,672000,0.0,0.268229,inf
1968-08-23,0.0,0.268229,0.257813,0.260417,0.005248,1324800,0.0,0.260417,inf
1968-08-26,0.0,0.261719,0.258464,0.259115,0.005222,1478400,0.0,0.259115,inf
1968-08-27,0.0,0.265625,0.260417,0.263672,0.005314,787200,0.0,0.263672,inf
1968-08-29,0.0,0.269531,0.264323,0.267578,0.005393,940800,0.0,0.267578,inf
1968-08-30,0.0,0.268229,0.265625,0.265625,0.005353,537600,0.0,0.265625,inf
1968-09-03,0.0,0.264323,0.261719,0.264323,0.005327,902400,0.0,0.264323,inf
1968-09-04,0.0,0.269531,0.265625,0.269531,0.005432,537600,0.0,0.269531,inf
1968-09-05,0.0,0.270833,0.268229,0.270833,0.005458,960000,0.0,0.270833,inf
1968-09-06,0.0,0.278646,0.274089,0.274089,0.005524,902400,0.0,0.274089,inf
1968-09-09,0.0,0.278646,0.268229,0.277344,0.005589,5510400,0.0,0.277344,inf
1968-09-10,0.0,0.28125,0.27474,0.279948,0.005642,2995200,0.0,0.279948,inf
1968-09-12,0.0,0.277344,0.276042,0.277344,0.005637,1651200,0.0,0.277344,inf
1968-09-13,0.0,0.278646,0.277344,0.278646,0.005663,998400,0.0,0.278646,inf
1968-09-16,0.0,0.283854,0.279948,0.283854,0.005769,748800,0.0,0.283854,inf
1968-09-17,0.0,0.282552,0.277344,0.279948,0.005689,844800,0.0,0.279948,inf
1968-09-19,0.0,0.285156,0.279948,0.283854,0.005769,1824000,0.0,0.283854,inf
1968-09-20,0.0,0.283854,0.279948,0.279948,0.005689,403200,0.0,0.279948,inf
1968-09-23,0.0,0.280599,0.276693,0.280599,0.005703,1152000,0.0,0.280599,inf
1968-09-24,0.0,0.282552,0.278646,0.282552,0.005742,556800,0.0,0.282552,inf
1968-09-26,0.0,0.28776,0.283854,0.28776,0.005848,2246400,0.0,0.28776,inf
1968-09-27,0.0,0.292969,0.288411,0.292969,0.005954,1728000,0.0,0.292969,inf
1968-09-30,0.0,0.291667,0.28776,0.291667,0.005928,384000,0.0,0.291667,inf
1968-10-01,0.0,0.291016,0.286458,0.289063,0.005875,787200,0.0,0.289063,inf
1968-10-03,0.0,0.292969,0.289714,0.292318,0.005941,1152000,0.0,0.292318,inf
1968-10-04,0.0,0.296875,0.290365,0.296224,0.00602,825600,0.0,0.296224,inf
1968-10-07,0.0,0.304688,0.300781,0.304688,0.006192,134400,0.0,0.304688,inf
1968-10-08,0.0,0.30599,0.303385,0.303385,0.006166,960000,0.0,0.303385,inf
1968-10-10,0.0,0.311198,0.303385,0.309245,0.006285,1286400,0.0,0.309245,inf
1968-10-11,0.0,0.309896,0.302083,0.302083,0.006139,211200,0.0,0.302083,inf
1968-10-14,0.0,0.302083,0.296875,0.296875,0.006033,902400,0.0,0.296875,inf
1968-10-15,0.0,0.302083,0.294271,0.302083,0.006139,883200,0.0,0.302083,inf
1968-10-17,0.0,0.307943,0.300781,0.306641,0.006232,1152000,0.0,0.306641,inf
1968-10-18,0.0,0.3125,0.307943,0.307943,0.006258,2265600,0.0,0.307943,inf
1968-10-21,0.0,0.3125,0.308594,0.3125,0.006351,960000,0.0,0.3125,inf
1968-10-22,0.0,0.3125,0.308594,0.311198,0.006325,518400,0.0,0.311198,inf
1968-10-24,0.0,0.310547,0.306641,0.307943,0.006258,1171200,0.0,0.307943,inf
1968-10-25,0.0,0.301432,0.299479,0.299479,0.006086,499200,0.0,0.299479,inf
1968-10-28,0.0,0.299479,0.298828,0.298828,0.006073,480000,0.0,0.298828,inf
1968-10-29,0.0,0.30013,0.296875,0.30013,0.0061,480000,0.0,0.30013,inf
1968-10-31,0.0,0.30599,0.294922,0.294922,0.005994,1516800,0.0,0.294922,inf
1968-11-01,0.0,0.294922,0.289714,0.292318,0.005941,921600,0.0,0.292318,inf
1968-11-04,0.0,0.292969,0.289063,0.290365,0.005901,1075200,0.0,0.290365,inf
1968-11-06,0.0,0.294271,0.289063,0.292969,0.005954,288000,0.0,0.292969,inf
1968-11-07,0.0,0.294922,0.290365,0.291667,0.005928,710400,0.0,0.291667,inf
1968-11-08,0.0,0.290365,0.285156,0.289063,0.005875,422400,0.0,0.289063,inf
1968-11-12,0.0,0.290365,0.286458,0.28776,0.005848,883200,0.0,0.28776,inf
1968-11-13,0.0,0.294271,0.289063,0.294271,0.005981,556800,0.0,0.294271,inf
1968-11-14,0.0,0.300781,0.296224,0.298828,0.006073,595200,0.0,0.298828,inf
1968-11-15,0.0,0.307292,0.30013,0.305339,0.006205,844800,0.0,0.305339,inf
1968-11-18,0.0,0.308594,0.304688,0.30599,0.006219,633600,0.0,0.30599,inf
1968-11-19,0.0,0.311198,0.309245,0.309896,0.006298,729600,0.0,0.309896,inf
1968-11-21,0.0,0.309896,0.307292,0.309896,0.006298,691200,0.0,0.309896,inf
1968-11-22,0.0,0.307292,0.30599,0.307292,0.006245,403200,0.0,0.307292,inf
1968-11-25,0.0,0.307292,0.304688,0.307292,0.006245,499200,0.0,0.307292,inf
1968-11-26,0.0,0.307292,0.304688,0.307292,0.006245,729600,0.0,0.307292,inf
1968-11-27,0.0,0.307292,0.304688,0.30599,0.006219,192000,0.0,0.30599,inf
1968-11-29,0.0,0.307292,0.304688,0.30599,0.006219,595200,0.0,0.30599,inf
1968-12-02,0.0,0.314453,0.307292,0.314453,0.006391,2150400,0.0,0.314453,inf
1968-12-03,0.0,0.317708,0.315104,0.315755,0.006417,1420800,0.0,0.315755,inf
1968-12-05,0.0,0.320964,0.317708,0.320313,0.00651,1248000,0.0,0.320313,inf
1968-12-06,0.0,0.322917,0.317708,0.322917,0.006563,614400,0.0,0.322917,inf
1968-12-09,0.0,0.322917,0.320964,0.321615,0.006536,268800,0.0,0.321615,inf
1968-12-10,0.0,0.323568,0.322917,0.323568,0.006624,614400,0.0,0.323568,inf
1968-12-12,0.0,0.33724,0.320964,0.33724,0.006904,1651200,0.0,0.33724,inf
1968-12-13,0.0,0.351563,0.342448,0.351563,0.007197,2688000,0.0,0.351563,inf
1968-12-16,0.0,0.351563,0.344401,0.350911,0.007184,806400,0.0,0.350911,inf
1968-12-17,0.0,0.35026,0.342448,0.343099,0.007024,940800,0.0,0.343099,inf
1968-12-19,0.0,0.354167,0.339844,0.354167,0.007251,2188800,0.0,0.354167,inf
1968-12-20,0.0,0.355469,0.35026,0.351563,0.007197,806400,0.0,0.351563,inf
1968-12-23,0.0,0.35612,0.351563,0.352865,0.007224,768000,0.0,0.352865,inf
1968-12-24,0.0,0.351563,0.345052,0.351563,0.007197,1094400,0.0,0.351563,inf
1968-12-26,0.0,0.353516,0.352214,0.352865,0.007224,998400,0.0,0.352865,inf
1968-12-27,0.0,0.352865,0.34375,0.34375,0.007037,1747200,0.0,0.34375,inf
1968-12-30,0.0,0.342448,0.333333,0.333333,0.006824,672000,0.0,0.333333,inf
1968-12-31,0.0,0.335938,0.328776,0.333333,0.006824,902400,0.0,0.333333,inf
1969-01-02,0.0,0.338542,0.33138,0.338542,0.006931,518400,0.0,0.338542,inf
1969-01-03,0.0,0.341146,0.33724,0.339844,0.006957,403200,0.0,0.339844,inf
1969-01-06,0.0,0.345052,0.339844,0.34375,0.007037,1267200,0.0,0.34375,inf
1969-01-07,0.0,0.341146,0.335938,0.33724,0.006904,1728000,0.0,0.33724,inf
1969-01-08,0.0,0.33724,0.333333,0.333984,0.006837,825600,0.0,0.333984,inf
1969-01-09,0.0,0.336589,0.328125,0.328125,0.006718,1056000,0.0,0.328125,inf
1969-01-10,0.0,0.328125,0.320313,0.320313,0.006558,441600,0.0,0.320313,inf
1969-01-13,0.0,0.315104,0.309896,0.309896,0.006344,1152000,0.0,0.309896,inf
1969-01-14,0.0,0.317708,0.304688,0.315104,0.006451,1670400,0.0,0.315104,inf
1969-01-15,0.0,0.320313,0.316406,0.320313,0.006558,422400,0.0,0.320313,inf
1969-01-16,0.0,0.322917,0.317708,0.320964,0.006571,729600,0.0,0.320964,inf
1969-01-17,0.0,0.328125,0.321615,0.324219,0.006638,556800,0.0,0.324219,inf
1969-01-20,0.0,0.32487,0.317708,0.317708,0.006504,1036800,0.0,0.317708,inf
1969-01-21,0.0,0.321615,0.317708,0.321615,0.006584,268800,0.0,0.321615,inf
1969-01-22,0.0,0.321615,0.31901,0.320313,0.006558,172800,0.0,0.320313,inf
1969-01-23,0.0,0.324219,0.320313,0.324219,0.006638,652800,0.0,0.324219,inf
1969-01-24,0.0,0.328125,0.325521,0.327474,0.006704,441600,0.0,0.327474,inf
1969-01-27,0.0,0.330729,0.329427,0.330729,0.006771,633600,0.0,0.330729,inf
1969-01-28,0.0,0.335938,0.332031,0.333333,0.006824,768000,0.0,0.333333,inf
1969-01-29,0.0,0.338542,0.332682,0.338542,0.006931,1286400,0.0,0.338542,inf
1969-01-30,0.0,0.348307,0.34375,0.346354,0.007091,979200,0.0,0.346354,inf
1969-01-31,0.0,0.352865,0.347656,0.348958,0.007144,614400,0.0,0.348958,inf
1969-02-03,0.0,0.348958,0.339193,0.339193,0.006944,691200,0.0,0.339193,inf
1969-02-04,0.0,0.339844,0.332031,0.335938,0.006877,518400,0.0,0.335938,inf
1969-02-05,0.0,0.336589,0.330729,0.332031,0.006797,633600,0.0,0.332031,inf
1969-02-06,0.0,0.329427,0.326823,0.328125,0.006718,979200,0.0,0.328125,inf
1969-02-07,0.0,0.330729,0.321615,0.322917,0.006611,2400000,0.0,0.322917,inf
1969-02-11,0.0,0.326823,0.324219,0.325521,0.006664,748800,0.0,0.325521,inf
1969-02-12,0.0,0.333333,0.326823,0.326823,0.006691,1286400,0.0,0.326823,inf
1969-02-13,0.0,0.328125,0.326823,0.328125,0.006718,326400,0.0,0.328125,inf
1969-02-14,0.0,0.328125,0.323568,0.323568,0.006624,1094400,0.0,0.323568,inf
1969-02-17,0.0,0.323568,0.322266,0.322266,0.006598,595200,0.0,0.322266,inf
1969-02-18,0.0,0.317708,0.313802,0.317708,0.006504,1056000,0.0,0.317708,inf
1969-02-19,0.0,0.315104,0.3125,0.3125,0.006398,345600,0.0,0.3125,inf
1969-02-20,0.0,0.311198,0.307292,0.307292,0.006291,1094400,0.0,0.307292,inf
1969-02-24,0.0,0.308594,0.304688,0.304688,0.006238,441600,0.0,0.304688,inf
1969-02-25,0.0,0.308594,0.299479,0.302083,0.006184,422400,0.0,0.302083,inf
1969-02-26,0.0,0.299479,0.298177,0.299479,0.006131,787200,0.0,0.299479,inf
1969-02-27,0.0,0.298828,0.297526,0.298177,0.006104,230400,0.0,0.298177,inf
1969-02-28,0.0,0.301432,0.294271,0.294271,0.006024,633600,0.0,0.294271,inf
1969-03-03,0.0,0.292969,0.28776,0.292969,0.005998,268800,0.0,0.292969,inf
1969-03-04,0.0,0.299479,0.294271,0.299479,0.006131,1152000,0.0,0.299479,inf
1969-03-05,0.0,0.304036,0.300781,0.304036,0.006224,384000,0.0,0.304036,inf
1969-03-06,0.0,0.305339,0.303385,0.303385,0.006211,326400,0.0,0.303385,inf
1969-03-07,0.0,0.305339,0.298177,0.305339,0.006251,422400,0.0,0.305339,inf
1969-03-10,0.0,0.307292,0.302083,0.302083,0.006232,403200,0.0,0.302083,inf
1969-03-11,0.0,0.30599,0.302083,0.303385,0.006259,384000,0.0,0.303385,inf
1969-03-12,0.0,0.307292,0.302083,0.302083,0.006232,979200,0.0,0.302083,inf
1969-03-13,0.0,0.30599,0.302083,0.304688,0.006286,537600,0.0,0.304688,inf
1969-03-14,0.0,0.304688,0.302083,0.302083,0.006232,883200,0.0,0.302083,inf
1969-03-17,0.0,0.303385,0.301432,0.303385,0.006259,537600,0.0,0.303385,inf
1969-03-18,0.0,0.305339,0.302734,0.305339,0.006299,441600,0.0,0.305339,inf
1969-03-19,0.0,0.30599,0.302734,0.30599,0.006313,806400,0.0,0.30599,inf
1969-03-20,0.0,0.307292,0.303385,0.307292,0.00634,499200,0.0,0.307292,inf
1969-03-21,0.0,0.309896,0.308594,0.308594,0.006367,441600,0.0,0.308594,inf
1969-03-24,0.0,0.309896,0.307943,0.309896,0.006393,499200,0.0,0.309896,inf
1969-03-25,0.0,0.308594,0.304036,0.307292,0.00634,1113600,0.0,0.307292,inf
1969-03-26,0.0,0.305339,0.303385,0.305339,0.006299,288000,0.0,0.305339,inf
1969-03-27,0.0,0.303385,0.302083,0.303385,0.006259,5376000,0.0,0.303385,inf
1969-03-28,0.0,0.302734,0.298177,0.298177,0.006152,1766400,0.0,0.298177,inf
1969-04-01,0.0,0.294922,0.287109,0.289063,0.005964,1248000,0.0,0.289063,inf
1969-04-02,0.0,0.289063,0.289063,0.289063,0.005964,172800,0.0,0.289063,inf
1969-04-03,0.0,0.294271,0.289714,0.289714,0.005977,576000,0.0,0.289714,inf
1969-04-07,0.0,0.291016,0.28776,0.28776,0.005937,172800,0.0,0.28776,inf
1969-04-08,0.0,0.28776,0.286458,0.286458,0.00591,614400,0.0,0.286458,inf
1969-04-09,0.0,0.289063,0.286458,0.287109,0.005923,326400,0.0,0.287109,inf
1969-04-10,0.0,0.286458,0.281901,0.281901,0.005816,844800,0.0,0.281901,inf
1969-04-11,0.0,0.285156,0.281901,0.282552,0.005829,614400,0.0,0.282552,inf
1969-04-14,0.0,0.284505,0.281901,0.281901,0.005816,326400,0.0,0.281901,inf
1969-04-15,0.0,0.295573,0.282552,0.292969,0.006044,979200,0.0,0.292969,inf
1969-04-16,0.0,0.291667,0.291667,0.291667,0.006017,288000,0.0,0.291667,inf
1969-04-17,0.0,0.292969,0.290365,0.290365,0.00599,537600,0.0,0.290365,inf
1969-04-18,0.0,0.292969,0.291667,0.292969,0.006044,230400,0.0,0.292969,inf
1969-04-21,0.0,0.296875,0.291667,0.296875,0.006125,806400,0.0,0.296875,inf
1969-04-22,0.0,0.298177,0.295573,0.295573,0.006098,633600,0.0,0.295573,inf
1969-04-23,0.0,0.298177,0.294271,0.296875,0.006125,1017600,0.0,0.296875,inf
1969-04-24,0.0,0.299479,0.296875,0.296875,0.006125,192000,0.0,0.296875,inf
1969-04-25,0.0,0.296875,0.294271,0.294271,0.006071,1555200,0.0,0.294271,inf
1969-04-28,0.0,0.295573,0.292969,0.295573,0.006098,672000,0.0,0.295573,inf
1969-04-29,0.0,0.296875,0.294271,0.296875,0.006125,480000,0.0,0.296875,inf
1969-04-30,0.0,0.311198,0.298177,0.307292,0.00634,1920000,0.0,0.307292,inf
1969-05-01,0.0,0.307292,0.302083,0.302083,0.006232,1017600,0.0,0.302083,inf
1969-05-02,0.0,0.30013,0.296875,0.297526,0.006138,5011200,0.0,0.297526,inf
1969-05-05,0.0,0.295573,0.291667,0.291667,0.006017,249600,0.0,0.291667,inf
1969-05-06,0.0,0.292969,0.28776,0.289714,0.005977,403200,0.0,0.289714,inf
1969-05-07,0.0,0.290365,0.283854,0.283854,0.005856,729600,0.0,0.283854,inf
1969-05-08,0.0,0.285156,0.28125,0.285156,0.005883,998400,0.0,0.285156,inf
1969-05-09,0.0,0.289063,0.285156,0.285156,0.005883,441600,0.0,0.285156,inf
1969-05-12,0.0,0.292969,0.283854,0.291667,0.006017,1017600,0.0,0.291667,inf
1969-05-13,0.0,0.296875,0.291667,0.294271,0.006071,729600,0.0,0.294271,inf
1969-05-14,0.0,0.296224,0.292318,0.295573,0.006098,307200,0.0,0.295573,inf
1969-05-15,0.0,0.296875,0.294271,0.296875,0.006125,1536000,0.0,0.296875,inf
1969-05-16,0.0,0.30013,0.296875,0.30013,0.006192,2822400,0.0,0.30013,inf
1969-05-19,0.0,0.30013,0.295573,0.295573,0.006098,1286400,0.0,0.295573,inf
1969-05-20,0.0,0.296875,0.295573,0.295573,0.006098,364800,0.0,0.295573,inf
1969-05-21,0.0,0.303385,0.298828,0.303385,0.006259,3859200,0.0,0.303385,inf
1969-05-22,0.0,0.308594,0.296875,0.299479,0.006178,1584000,0.0,0.299479,inf
1969-05-23,0.0,0.300781,0.296875,0.299479,0.006178,470400,0.0,0.299479,inf
1969-05-26,0.0,0.325521,0.317708,0.322917,0.006662,1804800,0.0,0.322917,inf
1969-05-27,0.0,0.322917,0.311198,0.3125,0.006447,931200,0.0,0.3125,inf
1969-05-28,0.0,0.317708,0.309896,0.317708,0.006555,787200,0.0,0.317708,inf
1969-05-29,0.0,0.329427,0.321615,0.324219,0.006689,1209600,0.0,0.324219,inf
1969-06-02,0.0,0.324219,0.307292,0.311198,0.00642,3004800,0.0,0.311198,inf
1969-06-03,0.0,0.320313,0.3125,0.315104,0.006501,960000,0.0,0.315104,inf
1969-06-04,0.0,0.322917,0.313802,0.320313,0.006608,873600,0.0,0.320313,inf
1969-06-05,0.0,0.328125,0.31901,0.322917,0.006662,873600,0.0,0.322917,inf
1969-06-06,0.0,0.325521,0.320313,0.325521,0.006716,230400,0.0,0.325521,inf
1969-06-09,0.0,0.326823,0.317708,0.320313,0.006608,547200,0.0,0.320313,inf
1969-06-10,0.0,0.317708,0.3125,0.313802,0.006527,787200,0.0,0.313802,inf
1969-06-11,0.0,0.3125,0.307292,0.308594,0.006419,883200,0.0,0.308594,inf
1969-06-12,0.0,0.311198,0.303385,0.303385,0.00631,1718400,0.0,0.303385,inf
1969-06-13,0.0,0.3125,0.304688,0.307292,0.006392,566400,0.0,0.307292,inf
1969-06-16,0.0,0.3125,0.308594,0.308594,0.006419,403200,0.0,0.308594,inf
1969-06-17,0.0,0.311198,0.30599,0.30599,0.006365,470400,0.0,0.30599,inf
1969-06-18,0.0,0.307292,0.302083,0.302083,0.006283,556800,0.0,0.302083,inf
1969-06-19,0.0,0.304688,0.302083,0.304688,0.006337,576000,0.0,0.304688,inf
1969-06-20,0.0,0.307292,0.299479,0.303385,0.00631,518400,0.0,0.303385,inf
1969-06-23,0.0,0.302083,0.296875,0.299479,0.006229,374400,0.0,0.299479,inf
1969-06-24,0.0,0.302083,0.298177,0.302083,0.006283,384000,0.0,0.302083,inf
1969-06-25,0.0,0.304688,0.298177,0.304688,0.006337,604800,0.0,0.304688,inf
1969-06-26,0.0,0.302083,0.296875,0.299479,0.006229,720000,0.0,0.299479,inf
1969-06-27,0.0,0.302083,0.299479,0.299479,0.006229,220800,0.0,0.299479,inf
1969-06-30,0.0,0.303385,0.296875,0.299479,0.006229,777600,0.0,0.299479,inf
1969-07-01,0.0,0.299479,0.296875,0.299479,0.006229,240000,0.0,0.299479,inf
1969-07-02,0.0,0.309896,0.296875,0.309896,0.006446,1507200,0.0,0.309896,inf
1969-07-03,0.0,0.304688,0.299479,0.302083,0.006283,528000,0.0,0.302083,inf
1969-07-07,0.0,0.304688,0.299479,0.302083,0.006283,230400,0.0,0.302083,inf
1969-07-08,0.0,0.300781,0.296875,0.296875,0.006175,1353600,0.0,0.296875,inf
1969-07-09,0.0,0.294271,0.289063,0.289063,0.006012,1171200,0.0,0.289063,inf
1969-07-10,0.0,0.295573,0.289063,0.291667,0.006067,729600,0.0,0.291667,inf
1969-07-11,0.0,0.298177,0.291667,0.294271,0.006121,1622400,0.0,0.294271,inf
1969-07-14,0.0,0.294271,0.291667,0.291667,0.006067,633600,0.0,0.291667,inf
1969-07-15,0.0,0.290365,0.286458,0.286458,0.005958,499200,0.0,0.286458,inf
1969-07-16,0.0,0.291667,0.286458,0.289063,0.006012,220800,0.0,0.289063,inf
1969-07-17,0.0,0.292969,0.28776,0.28776,0.005985,691200,0.0,0.28776,inf
1969-07-18,0.0,0.285156,0.282552,0.282552,0.005877,547200,0.0,0.282552,inf
1969-07-22,0.0,0.28776,0.278646,0.278646,0.005796,758400,0.0,0.278646,inf
1969-07-23,0.0,0.28125,0.278646,0.279948,0.005823,672000,0.0,0.279948,inf
1969-07-24,0.0,0.296875,0.279948,0.296875,0.006175,883200,0.0,0.296875,inf
1969-07-25,0.0,0.296875,0.292969,0.292969,0.006094,739200,0.0,0.292969,inf
1969-07-28,0.0,0.290365,0.28125,0.28125,0.00585,1315200,0.0,0.28125,inf
1969-07-29,0.0,0.28776,0.279948,0.279948,0.005823,384000,0.0,0.279948,inf
1969-07-30,0.0,0.283854,0.276042,0.283854,0.005904,672000,0.0,0.283854,inf
1969-07-31,0.0,0.286458,0.28125,0.285156,0.005931,1708800,0.0,0.285156,inf
1969-08-01,0.0,0.291667,0.282552,0.291667,0.006067,1152000,0.0,0.291667,inf
1969-08-04,0.0,0.294271,0.28776,0.28776,0.005985,345600,0.0,0.28776,inf
1969-08-05,0.0,0.294271,0.28776,0.28776,0.005985,403200,0.0,0.28776,inf
1969-08-06,0.0,0.291667,0.283854,0.283854,0.005904,1008000,0.0,0.283854,inf
1969-08-07,0.0,0.289063,0.28125,0.28125,0.00585,988800,0.0,0.28125,inf
1969-08-08,0.0,0.28125,0.270833,0.270833,0.005633,614400,0.0,0.270833,inf
1969-08-11,0.0,0.273438,0.265625,0.272135,0.00566,422400,0.0,0.272135,inf
1969-08-12,0.0,0.276042,0.268229,0.276042,0.005742,345600,0.0,0.276042,inf
1969-08-13,0.0,0.27474,0.270833,0.27474,0.005715,326400,0.0,0.27474,inf
1969-08-14,0.0,0.273438,0.266927,0.273438,0.005687,787200,0.0,0.273438,inf
1969-08-15,0.0,0.286458,0.276042,0.283854,0.005904,259200,0.0,0.283854,inf
1969-08-18,0.0,0.286458,0.28125,0.28125,0.00585,460800,0.0,0.28125,inf
1969-08-19,0.0,0.285156,0.277344,0.28125,0.00585,720000,0.0,0.28125,inf
1969-08-20,0.0,0.285156,0.28125,0.285156,0.005931,240000,0.0,0.285156,inf
1969-08-21,0.0,0.286458,0.279948,0.28125,0.00585,576000,0.0,0.28125,inf
1969-08-22,0.0,0.283854,0.279948,0.28125,0.00585,393600,0.0,0.28125,inf
1969-08-25,0.0,0.283854,0.279948,0.28125,0.00585,268800,0.0,0.28125,inf
1969-08-26,0.0,0.279948,0.276042,0.276042,0.005742,604800,0.0,0.276042,inf
1969-08-27,0.0,0.276042,0.276042,0.276042,0.005742,182400,0.0,0.276042,inf
1969-08-28,0.0,0.278646,0.276042,0.276042,0.005742,249600,0.0,0.276042,inf
1969-08-29,0.0,0.282552,0.277344,0.277344,0.005769,556800,0.0,0.277344,inf
1969-09-02,0.0,0.283854,0.277344,0.28125,0.00585,422400,0.0,0.28125,inf
1969-09-03,0.0,0.282552,0.279948,0.282552,0.005877,67200,0.0,0.282552,inf
1969-09-04,0.0,0.285156,0.278646,0.278646,0.005796,1046400,0.0,0.278646,inf
1969-09-05,0.0,0.28125,0.278646,0.279948,0.005823,316800,0.0,0.279948,inf
1969-09-08,0.0,0.279948,0.278646,0.278646,0.005796,403200,0.0,0.278646,inf
1969-09-09,0.0,0.278646,0.276042,0.276042,0.005742,326400,0.0,0.276042,inf
1969-09-10,0.0,0.276042,0.268229,0.276042,0.005742,2390400,0.0,0.276042,inf
1969-09-11,0.0,0.27474,0.265625,0.268229,0.005632,1574400,0.0,0.268229,inf
1969-09-12,0.0,0.268229,0.265625,0.265625,0.005578,1152000,0.0,0.265625,inf
1969-09-15,0.0,0.265625,0.261719,0.261719,0.005496,595200,0.0,0.261719,inf
1969-09-16,0.0,0.268229,0.263021,0.265625,0.005578,931200,0.0,0.265625,inf
1969-09-17,0.0,0.276042,0.273438,0.273438,0.005742,7008000,0.0,0.273438,inf
1969-09-18,0.0,0.286458,0.277344,0.286458,0.006015,1795200,0.0,0.286458,inf
1969-09-19,0.0,0.294271,0.286458,0.292969,0.006152,3043200,0.0,0.292969,inf
1969-09-22,0.0,0.296875,0.292969,0.296875,0.006234,912000,0.0,0.296875,inf
1969-09-23,0.0,0.303385,0.294271,0.296875,0.006234,2678400,0.0,0.296875,inf
1969-09-24,0.0,0.303385,0.296875,0.302083,0.006343,2380800,0.0,0.302083,inf
1969-09-25,0.0,0.300781,0.298177,0.298177,0.006261,806400,0.0,0.298177,inf
1969-09-26,0.0,0.303385,0.300781,0.303385,0.00637,806400,0.0,0.303385,inf
1969-09-29,0.0,0.302083,0.299479,0.300781,0.006316,566400,0.0,0.300781,inf
1969-09-30,0.0,0.302083,0.300781,0.300781,0.006316,1113600,0.0,0.300781,inf
1969-10-01,0.0,0.303385,0.300781,0.300781,0.006316,537600,0.0,0.300781,inf
1969-10-02,0.0,0.300781,0.298177,0.298177,0.006261,403200,0.0,0.298177,inf
1969-10-03,0.0,0.299479,0.296875,0.296875,0.006234,470400,0.0,0.296875,inf
1969-10-06,0.0,0.296875,0.294271,0.294271,0.006179,720000,0.0,0.294271,inf
1969-10-07,0.0,0.295573,0.291667,0.291667,0.006124,700800,0.0,0.291667,inf
1969-10-08,0.0,0.292969,0.283854,0.283854,0.00596,585600,0.0,0.283854,inf
1969-10-09,0.0,0.289063,0.283854,0.289063,0.00607,278400,0.0,0.289063,inf
1969-10-10,0.0,0.30599,0.292969,0.302083,0.006343,2179200,0.0,0.302083,inf
1969-10-13,0.0,0.30599,0.299479,0.304688,0.006398,2841600,0.0,0.304688,inf
1969-10-14,0.0,0.30599,0.303385,0.30599,0.006425,1200000,0.0,0.30599,inf
1969-10-15,0.0,0.308594,0.303385,0.307292,0.006452,3187200,0.0,0.307292,inf
1969-10-16,0.0,0.320313,0.304688,0.315104,0.006617,6643200,0.0,0.315104,inf
1969-10-17,0.0,0.317708,0.3125,0.3125,0.006562,614400,0.0,0.3125,inf
1969-10-20,0.0,0.328125,0.317708,0.328125,0.00689,1852800,0.0,0.328125,inf
1969-10-21,0.0,0.33724,0.328125,0.332031,0.006972,1660800,0.0,0.332031,inf
1969-10-22,0.0,0.335938,0.328125,0.335938,0.007054,1152000,0.0,0.335938,inf
1969-10-23,0.0,0.334635,0.328125,0.328125,0.00689,1430400,0.0,0.328125,inf
1969-10-24,0.0,0.333333,0.328125,0.333333,0.006999,1651200,0.0,0.333333,inf
1969-10-27,0.0,0.335938,0.332031,0.335938,0.007054,2428800,0.0,0.335938,inf
1969-10-28,0.0,0.335938,0.333333,0.333333,0.006999,528000,0.0,0.333333,inf
1969-10-29,0.0,0.342448,0.333333,0.342448,0.007191,1478400,0.0,0.342448,inf
1969-10-30,0.0,0.356771,0.341146,0.356771,0.007491,10953600,0.0,0.356771,inf
1969-10-31,0.0,0.364583,0.359375,0.364583,0.007655,1756800,0.0,0.364583,inf
1969-11-03,0.0,0.364583,0.360677,0.361979,0.007601,595200,0.0,0.361979,inf
1969-11-04,0.0,0.363281,0.359375,0.360677,0.007573,2496000,0.0,0.360677,inf
1969-11-05,0.0,0.364583,0.360677,0.361979,0.007601,1036800,0.0,0.361979,inf
1969-11-06,0.0,0.36849,0.363281,0.363281,0.007628,2083200,0.0,0.363281,inf
1969-11-07,0.0,0.369792,0.364583,0.364583,0.007655,931200,0.0,0.364583,inf
1969-11-10,0.0,0.378906,0.364583,0.364583,0.007655,1881600,0.0,0.364583,inf
1969-11-11,0.0,0.367188,0.361979,0.361979,0.007601,998400,0.0,0.361979,inf
1969-11-12,0.0,0.361979,0.355469,0.355469,0.007464,1516800,0.0,0.355469,inf
1969-11-13,0.0,0.356771,0.348958,0.352865,0.007409,2025600,0.0,0.352865,inf
1969-11-14,0.0,0.36849,0.354167,0.365885,0.007683,883200,0.0,0.365885,inf
1969-11-17,0.0,0.36849,0.359375,0.360677,0.007573,681600,0.0,0.360677,inf
1969-11-18,0.0,0.360677,0.355469,0.355469,0.007464,576000,0.0,0.355469,inf
1969-11-19,0.0,0.363281,0.358073,0.360677,0.007573,960000,0.0,0.360677,inf
1969-11-20,0.0,0.360677,0.355469,0.358073,0.007519,1363200,0.0,0.358073,inf
1969-11-21,0.0,0.360677,0.358073,0.359375,0.007546,470400,0.0,0.359375,inf
1969-11-24,0.0,0.364583,0.359375,0.360677,0.007573,691200,0.0,0.360677,inf
1969-11-25,0.0,0.361979,0.354167,0.354167,0.007437,5616000,0.0,0.354167,inf
1969-11-26,0.0,0.356771,0.354167,0.355469,0.007464,787200,0.0,0.355469,inf
1969-11-28,0.0,0.360677,0.354167,0.354167,0.007437,864000,0.0,0.354167,inf
1969-12-01,0.0,0.364583,0.355469,0.360677,0.007573,912000,0.0,0.360677,inf
1969-12-02,0.0,0.361979,0.355469,0.359375,0.007546,720000,0.0,0.359375,inf
1969-12-03,0.0,0.361979,0.358073,0.361979,0.007601,662400,0.0,0.361979,inf
1969-12-04,0.0,0.369792,0.359375,0.369792,0.007765,1900800,0.0,0.369792,inf
1969-12-05,0.0,0.372396,0.365885,0.369792,0.007765,1958400,0.0,0.369792,inf
1969-12-08,0.0,0.364583,0.358073,0.361979,0.007601,2361600,0.0,0.361979,inf
1969-12-09,0.0,0.367188,0.358073,0.364583,0.007655,1641600,0.0,0.364583,inf
1969-12-10,0.0,0.364583,0.359375,0.361979,0.007601,1209600,0.0,0.361979,inf
1969-12-11,0.0,0.363281,0.358073,0.360677,0.007628,979200,0.0,0.360677,inf
1969-12-12,0.0,0.364583,0.359375,0.361979,0.007656,902400,0.0,0.361979,inf
1969-12-15,0.0,0.363281,0.361979,0.361979,0.007656,460800,0.0,0.361979,inf
1969-12-16,0.0,0.364583,0.360677,0.360677,0.007628,720000,0.0,0.360677,inf
1969-12-17,0.0,0.364583,0.359375,0.360677,0.007628,988800,0.0,0.360677,inf
1969-12-18,0.0,0.363281,0.358073,0.360677,0.007628,1219200,0.0,0.360677,inf
1969-12-19,0.0,0.361979,0.356771,0.359375,0.007601,2630400,0.0,0.359375,inf
1969-12-22,0.0,0.363281,0.356771,0.360677,0.007628,1315200,0.0,0.360677,inf
1969-12-23,0.0,0.361979,0.360677,0.361979,0.007656,470400,0.0,0.361979,inf
1969-12-24,0.0,0.369792,0.361979,0.369792,0.007821,969600,0.0,0.369792,inf
1969-12-26,0.0,0.373698,0.372396,0.373698,0.007904,268800,0.0,0.373698,inf
1969-12-29,0.0,0.372396,0.367188,0.367188,0.007766,1392000,0.0,0.367188,inf
1969-12-30,0.0,0.375,0.36849,0.372396,0.007876,1296000,0.0,0.372396,inf
1969-12-31,0.0,0.376302,0.371094,0.372396,0.007876,1459200,0.0,0.372396,inf
1970-01-02,0.372396,0.375,0.367188,0.375,0.007931,1948800,659140920.0,0.002603999999999995,0.6992556311023735
1970-01-05,0.375,0.382813,0.372396,0.382813,0.008097,1228800,663750000.0,0.007813000000000014,2.083466666666671
1970-01-06,0.382813,0.390625,0.380208,0.390625,0.008262,960000,677579010.0,0.007811999999999986,2.040683048903769
1970-01-07,0.390625,0.401042,0.388021,0.393229,0.008317,4560000,691406250.0,0.002603999999999995,0.6666239999999988
1970-01-08,0.393229,0.395833,0.380208,0.380208,0.008041,3753600,696015330.0,-0.013021000000000005,-3.311302065717433
1970-01-09,0.369792,0.369792,0.351563,0.352865,0.007463,5424000,654531840.0,-0.016927000000000025,-4.577438127379723
1970-01-12,0.351563,0.351563,0.338542,0.34375,0.00727,4185600,622266510.0,-0.007813000000000014,-2.222361283752845
1970-01-13,0.34375,0.352865,0.34375,0.34375,0.00727,2534400,608437500.0,0.0,0.0
1970-01-14,0.34375,0.347656,0.34375,0.34375,0.00727,2668800,608437500.0,0.0,0.0
1970-01-15,0.346354,0.35026,0.346354,0.347656,0.007353,1142400,613046580.0,0.0013020000000000254,0.37591597036558705
1970-01-16,0.351563,0.359375,0.351563,0.352865,0.007463,1939200,622266510.0,0.0013019999999999698,0.37034613995214793
1970-01-19,0.354167,0.361979,0.354167,0.359375,0.007601,595200,626875590.0,0.00520799999999999,1.4704927336538949
1970-01-20,0.359375,0.363281,0.358073,0.359375,0.007601,921600,636093750.0,0.0,0.0
1970-01-21,0.359375,0.361979,0.358073,0.358073,0.007573,604800,636093750.0,-0.0013020000000000254,-0.3622956521739201
1970-01-22,0.360677,0.36849,0.360677,0.361979,0.007656,1584000,638398290.0,0.0013019999999999698,0.3609878090368861
1970-01-23,0.361979,0.365885,0.359375,0.363281,0.007683,1094400,640702830.0,0.0013020000000000254,0.3596893742454743
1970-01-26,0.358073,0.358073,0.34375,0.354167,0.007491,2659200,633789210.0,-0.003905999999999965,-1.0908390188592731
1970-01-27,0.354167,0.358073,0.348958,0.358073,0.007573,950400,626875590.0,0.003905999999999965,1.1028695502404133
1970-01-28,0.358073,0.359375,0.354167,0.356771,0.007546,1113600,633789210.0,-0.0013019999999999698,-0.36361300628641924
1970-01-29,0.356771,0.358073,0.35026,0.354167,0.007491,2908800,631484670.0,-0.002603999999999995,-0.729879951004985
1970-01-30,0.354167,0.354167,0.348958,0.348958,0.00738,1488000,626875590.0,-0.005209000000000019,-1.4707750863293358
1970-02-02,0.348958,0.354167,0.348958,0.35026,0.007408,787200,617655660.0,0.0013020000000000254,0.3731108041655516
1970-02-03,0.35026,0.363281,0.35026,0.359375,0.007601,1142400,619960200.0,0.009114999999999984,2.602352538114539
1970-02-04,0.359375,0.361979,0.354167,0.354167,0.007491,547200,636093750.0,-0.00520799999999999,-1.4491826086956494
1970-02-05,0.354167,0.354167,0.328125,0.328125,0.00694,8361600,626875590.0,-0.02604200000000001,-7.353028373620357
1970-02-06,0.328125,0.333333,0.325521,0.328125,0.00694,1584000,580781250.0,0.0,0.0
1970-02-09,0.329427,0.335938,0.329427,0.335938,0.007105,5107200,583085790.0,0.006510999999999989,1.9764621600536654
1970-02-10,0.335938,0.341146,0.334635,0.335938,0.007105,1123200,594610260.0,0.0,0.0
1970-02-11,0.335938,0.348958,0.333333,0.346354,0.007325,1008000,594610260.0,0.01041599999999998,3.100572129381011
1970-02-12,0.346354,0.348958,0.341146,0.346354,0.007325,1958400,613046580.0,0.0,0.0
1970-02-13,0.346354,0.348958,0.345052,0.348958,0.00738,777600,613046580.0,0.002603999999999995,0.7518319407311581
1970-02-16,0.348958,0.352865,0.345052,0.348958,0.00738,979200,617655660.0,0.0,0.0
1970-02-17,0.35026,0.354167,0.35026,0.352865,0.007463,1536000,619960200.0,0.0026049999999999685,0.743733226745837
1970-02-18,0.352865,0.358073,0.351563,0.355469,0.007518,1449600,624571050.0,0.002603999999999995,0.7379592762104474
1970-02-19,0.355469,0.361979,0.355469,0.355469,0.007518,1526400,629180130.0,0.0,0.0
1970-02-20,0.355469,0.361979,0.354167,0.354167,0.007491,1257600,629180130.0,-0.0013019999999999698,-0.3662766654757433
1970-02-24,0.354167,0.359375,0.346354,0.348958,0.00738,1574400,626875590.0,-0.005209000000000019,-1.4707750863293358
1970-02-25,0.348958,0.356771,0.348958,0.356771,0.007546,624000,617655660.0,0.007813000000000014,2.238951392431185
1970-02-26,0.356771,0.356771,0.351563,0.355469,0.007518,643200,631484670.0,-0.0013020000000000254,-0.3649399755025003
1970-02-27,0.355469,0.359375,0.355469,0.358073,0.007573,1478400,629180130.0,0.002603999999999995,0.7325533309515022
1970-03-02,0.358073,0.360677,0.354167,0.354167,0.007491,768000,633789210.0,-0.003905999999999965,-1.0908390188592731
1970-03-03,0.355469,0.359375,0.355469,0.359375,0.007601,297600,629180130.0,0.0039060000000000206,1.0988299964272612
1970-03-04,0.359375,0.360677,0.351563,0.354167,0.007491,1900800,636093750.0,-0.00520799999999999,-1.4491826086956494
1970-03-05,0.354167,0.356771,0.352865,0.356771,0.007546,1411200,626875590.0,0.002603999999999995,0.7352463668269474
1970-03-06,0.356771,0.356771,0.351563,0.354167,0.007491,1200000,631484670.0,-0.002603999999999995,-0.729879951004985
1970-03-09,0.354167,0.354167,0.351563,0.351563,0.007436,624000,626875590.0,-0.002603999999999995,-0.7352463668269474
1970-03-10,0.351563,0.352865,0.34375,0.34375,0.00727,2976000,622266510.0,-0.007813000000000014,-2.222361283752845
1970-03-11,0.34375,0.348958,0.330729,0.333333,0.00705,1190400,608437500.0,-0.01041700000000001,-3.030400000000003
1970-03-12,0.334635,0.341146,0.334635,0.341146,0.007215,940800,592303950.0,0.006510999999999989,1.9457020335589488
1970-03-13,0.341146,0.341146,0.339844,0.339844,0.007188,451200,603828420.0,-0.0013020000000000254,-0.38165477537477366
1970-03-16,0.339844,0.339844,0.334635,0.339844,0.007188,624000,601523880.0,0.0,0.0
1970-03-17,0.339844,0.345052,0.338542,0.34375,0.00727,787200,601523880.0,0.0039060000000000206,1.14935087863844
1970-03-18,0.34375,0.35026,0.34375,0.346354,0.007325,508800,608437500.0,0.002603999999999995,0.7575272727272714
1970-03-19,0.346354,0.346354,0.342448,0.342448,0.007243,1142400,613046580.0,-0.0039060000000000206,-1.127747911096745
1970-03-20,0.342448,0.345052,0.339844,0.339844,0.007188,864000,606132960.0,-0.002603999999999995,-0.7604074195206266
1970-03-23,0.339844,0.339844,0.334635,0.334635,0.007078,816000,601523880.0,-0.005208999999999964,-1.5327620908416697
1970-03-24,0.334635,0.345052,0.334635,0.342448,0.007243,547200,592303950.0,0.007812999999999959,2.334782673659348
1970-03-25,0.342448,0.360677,0.341146,0.356771,0.007546,3811200,606132960.0,0.01432300000000003,4.182532822501528
1970-03-26,0.356771,0.361979,0.352865,0.361979,0.007656,1440000,631484670.0,0.00520799999999999,1.45975990200997
1970-03-30,0.361979,0.365885,0.360677,0.360677,0.007628,1526400,640702830.0,-0.0013019999999999698,-0.35968937424545894
1970-03-31,0.360677,0.360677,0.356771,0.356771,0.007546,355200,638398290.0,-0.0039060000000000206,-1.0829634271106892
1970-04-01,0.356771,0.358073,0.354167,0.354167,0.007491,2169600,631484670.0,-0.002603999999999995,-0.729879951004985
1970-04-02,0.354167,0.359375,0.34375,0.34375,0.00727,5452800,626875590.0,-0.01041700000000001,-2.941267819983231
1970-04-03,0.338542,0.338542,0.330729,0.335938,0.007105,14572800,599219340.0,-0.002603999999999995,-0.7691807811143063
1970-04-06,0.335938,0.335938,0.334635,0.335938,0.007105,1065600,594610260.0,0.0,0.0
1970-04-07,0.335938,0.34375,0.335938,0.34375,0.00727,652800,594610260.0,0.007811999999999986,2.3254290970357583
1970-04-08,0.34375,0.348958,0.341146,0.341146,0.007215,892800,608437500.0,-0.002603999999999995,-0.7575272727272714
1970-04-09,0.341146,0.342448,0.33724,0.33724,0.007133,1065600,603828420.0,-0.0039060000000000206,-1.1449643261243048
1970-04-10,0.333333,0.333333,0.328125,0.328125,0.00694,1507200,589999410.0,-0.00520799999999999,-1.5624015624015597
1970-04-13,0.328125,0.330729,0.31901,0.326823,0.006912,1324800,580781250.0,-0.0013020000000000254,-0.39680000000000776
1970-04-14,0.326823,0.328125,0.322917,0.322917,0.00683,1603200,578476710.0,-0.003905999999999965,-1.1951423247445758
1970-04-15,0.322917,0.328125,0.320313,0.328125,0.00694,3926400,571563090.0,0.00520799999999999,1.612798335175909
1970-04-16,0.328125,0.329427,0.322917,0.322917,0.00683,960000,580781250.0,-0.00520799999999999,-1.587199999999997
1970-04-17,0.322917,0.329427,0.322917,0.329427,0.006967,518400,571563090.0,0.006510000000000016,2.015997918969895
1970-04-20,0.329427,0.335938,0.329427,0.335938,0.007105,1718400,583085790.0,0.006510999999999989,1.9764621600536654
1970-04-21,0.335938,0.335938,0.328125,0.328125,0.00694,662400,594610260.0,-0.007813000000000014,-2.325726771011322
1970-04-22,0.328125,0.330729,0.322917,0.322917,0.00683,1257600,580781250.0,-0.00520799999999999,-1.587199999999997
1970-04-23,0.322917,0.322917,0.308594,0.3125,0.006609,700800,571563090.0,-0.01041700000000001,-3.2259063474515153
1970-04-24,0.3125,0.3125,0.307292,0.308594,0.006527,1027200,553125000.0,-0.0039060000000000206,-1.2499200000000066
1970-04-27,0.308594,0.316406,0.308594,0.309896,0.006554,1219200,546211380.0,0.0013020000000000254,0.4219135822472328
1970-04-28,0.309896,0.320313,0.309896,0.315104,0.006664,1507200,548515920.0,0.00520799999999999,1.6805638020497167
1970-04-29,0.315104,0.322917,0.315104,0.321615,0.006802,1699200,557734080.0,0.006510999999999989,2.066301919366301
1970-04-30,0.321615,0.328125,0.31901,0.326823,0.006912,518400,569258550.0,0.00520799999999999,1.6193274567417537
1970-05-01,0.326823,0.328125,0.322917,0.324219,0.006857,768000,578476710.0,-0.002603999999999995,-0.7967615498297229
1970-05-04,0.324219,0.329427,0.320313,0.320313,0.006775,1142400,573867630.0,-0.003905999999999965,-1.2047412397175876
1970-05-05,0.320313,0.321615,0.311198,0.3125,0.006609,758400,566954010.0,-0.007813000000000014,-2.4391766803095765
1970-05-06,0.3125,0.322917,0.3125,0.315104,0.006664,1516800,553125000.0,0.002603999999999995,0.8332799999999984
1970-05-07,0.315104,0.322917,0.313802,0.317708,0.00672,2515200,557734080.0,0.002603999999999995,0.8263938255306169
1970-05-08,0.317708,0.320313,0.315104,0.317708,0.00672,134400,562343160.0,0.0,0.0
1970-05-11,0.317708,0.320313,0.315104,0.317708,0.00672,441600,562343160.0,0.0,0.0
1970-05-12,0.317708,0.320313,0.313802,0.320313,0.006775,624000,562343160.0,0.002605000000000024,0.8199352864894884
1970-05-13,0.31901,0.31901,0.313802,0.316406,0.006692,1449600,564647700.0,-0.002603999999999995,-0.8162753518698458
1970-05-14,0.313802,0.313802,0.311198,0.3125,0.006609,998400,555429540.0,-0.0013020000000000254,-0.4149113135034274
1970-05-15,0.3125,0.316406,0.308594,0.316406,0.006692,768000,553125000.0,0.0039060000000000206,1.2499200000000066
1970-05-18,0.316406,0.317708,0.313802,0.317708,0.00672,355200,560038620.0,0.0013019999999999698,0.41149662142941973
1970-05-19,0.317708,0.320313,0.313802,0.317708,0.00672,979200,562343160.0,0.0,0.0
1970-05-20,0.311198,0.311198,0.302083,0.302083,0.006389,1660800,550820460.0,-0.009114999999999984,-2.9290033997647753
1970-05-21,0.302083,0.307292,0.291667,0.304688,0.006444,4963200,534686910.0,0.002605000000000024,0.8623457791401781
1970-05-22,0.304688,0.307292,0.298177,0.30599,0.006472,1200000,539297760.0,0.0013019999999999698,0.42732237567609155
1970-05-25,0.304688,0.304688,0.298177,0.298177,0.006306,873600,539297760.0,-0.006510999999999989,-2.1369400829701166
1970-05-26,0.298177,0.304688,0.298177,0.302083,0.006389,1190400,527773290.00000006,0.003905999999999965,1.3099601914299106
1970-05-27,0.303385,0.315104,0.303385,0.315104,0.006664,1171200,536991450.0,0.01171899999999998,3.8627486527020056
1970-05-28,0.320313,0.335938,0.320313,0.335938,0.007105,1651200,566954010.0,0.015625,4.878041165984521
1970-05-29,0.335938,0.359375,0.335938,0.356771,0.007546,3667200,594610260.0,0.02083299999999999,6.201441932737586
1970-06-01,0.356771,0.373698,0.352865,0.373698,0.007904,3513600,631484670.0,0.01692699999999997,4.744499973372267
1970-06-02,0.373698,0.373698,0.364583,0.372396,0.007876,3907200,661445460.0,-0.0013019999999999698,-0.34840967840340864
1970-06-03,0.372396,0.380208,0.367188,0.380208,0.008041,3916800,659140920.0,0.007811999999999986,2.0977668933071207
1970-06-04,0.38151,0.403646,0.38151,0.382813,0.008097,5452800,675272700.0,0.0013029999999999986,0.34153757437550747
1970-06-05,0.382813,0.384115,0.367188,0.378906,0.008014,7814400,677579010.0,-0.003906999999999994,-1.0206027486004898
1970-06-08,0.378906,0.391927,0.373698,0.380208,0.008041,7641600,670663620.0,0.0013019999999999698,0.34362084527560127
1970-06-09,0.380208,0.38151,0.367188,0.38151,0.008069,3513600,672968160.0,0.0013020000000000254,0.34244413584144084
1970-06-10,0.38151,0.382813,0.376302,0.377604,0.008041,1795200,675272700.0,-0.0039060000000000206,-1.0238263741448508
1970-06-11,0.373698,0.373698,0.365885,0.367188,0.007819,1315200,661445460.0,-0.00650999999999996,-1.7420483920170728
1970-06-12,0.367188,0.36849,0.359375,0.364583,0.007764,2601600,649922760.0,-0.002605000000000024,-0.7094458424567317
1970-06-15,0.364583,0.378906,0.360677,0.376302,0.008014,2025600,645311910.0,0.011719000000000035,3.2143572245551866
1970-06-16,0.376302,0.390625,0.371094,0.385417,0.008208,2544000,666054540.0,0.009114999999999984,2.4222565917800023
1970-06-17,0.388021,0.393229,0.388021,0.389323,0.008291,3292800,686797170.0,0.0013019999999999698,0.3355488491602181
1970-06-18,0.389323,0.393229,0.382813,0.389323,0.008291,3235200,689101710.0,0.0,0.0
1970-06-19,0.389323,0.39974,0.389323,0.397135,0.008457,2092800,689101710.0,0.007812000000000041,2.0065601056192524
1970-06-22,0.395833,0.395833,0.385417,0.388021,0.008263,2054400,700624410.0,-0.007811999999999986,-1.973559556681728
1970-06-23,0.385417,0.385417,0.372396,0.375,0.007986,2073600,682188090.0,-0.01041700000000001,-2.7027868516438063
1970-06-24,0.375,0.376302,0.364583,0.372396,0.00793,2419200,663750000.0,-0.002603999999999995,-0.6943999999999988
1970-06-25,0.372396,0.375,0.369792,0.372396,0.00793,2640000,659140920.0,0.0,0.0
1970-06-26,0.372396,0.375,0.371094,0.375,0.007986,1862400,659140920.0,0.002603999999999995,0.6992556311023735
1970-06-29,0.375,0.375,0.369792,0.369792,0.007875,816000,663750000.0,-0.00520799999999999,-1.3887999999999976
1970-06-30,0.371094,0.377604,0.371094,0.377604,0.008041,1152000,656836380.0,0.006510000000000016,1.754272502384845
1970-07-01,0.377604,0.385417,0.371094,0.385417,0.008208,739200,668359080.0,0.007813000000000014,2.069098844291908
1970-07-02,0.385417,0.390625,0.385417,0.385417,0.008208,2630400,682188090.0,0.0,0.0
1970-07-06,0.385417,0.385417,0.378906,0.380208,0.008097,1507200,682188090.0,-0.005209000000000019,-1.351523155439438
1970-07-07,0.380208,0.382813,0.369792,0.369792,0.007875,4022400,672968160.0,-0.01041599999999998,-2.739553086731468
1970-07-08,0.369792,0.382813,0.369792,0.382813,0.008152,2236800,654531840.0,0.013021000000000005,3.521168656974733
1970-07-09,0.382813,0.390625,0.378906,0.390625,0.008319,2054400,677579010.0,0.007811999999999986,2.040683048903769
1970-07-10,0.393229,0.401042,0.393229,0.401042,0.00854,3523200,696015330.0,0.007813000000000014,1.9868829613278813
1970-07-13,0.401042,0.401042,0.394531,0.395833,0.008429,1411200,709844340.0,-0.005209000000000019,-1.2988664528902258
1970-07-14,0.394531,0.394531,0.386719,0.394531,0.008402,1065600,698319870.0,0.0,0.0
1970-07-15,0.394531,0.401042,0.393229,0.397135,0.008457,1372800,698319870.0,0.002603999999999995,0.6600241806093805
1970-07-16,0.398438,0.41276,0.398438,0.401042,0.00854,3436800,705235260.0,0.002603999999999995,0.6535521210326312
1970-07-17,0.401042,0.404948,0.39974,0.403646,0.008596,1353600,709844340.0,0.002603999999999995,0.6493085512240602
1970-07-20,0.403646,0.407552,0.402344,0.402344,0.008568,2457600,714453420.0,-0.0013020000000000254,-0.32255986681399673
1970-07-21,0.401042,0.401042,0.390625,0.393229,0.008374,1651200,709844340.0,-0.007813000000000014,-1.9481750041142858
1970-07-22,0.393229,0.402344,0.390625,0.398438,0.008485,1152000,696015330.0,0.005209000000000019,1.3246734091331056
1970-07-23,0.398438,0.398438,0.389323,0.397135,0.008457,2380800,705235260.0,-0.0013029999999999986,-0.3270270405935173
1970-07-24,0.397135,0.397135,0.391927,0.393229,0.008374,556800,702928950.0,-0.0039060000000000206,-0.9835446384730684
1970-07-27,0.393229,0.395833,0.391927,0.394531,0.008402,816000,696015330.0,0.0013020000000000254,0.33110477609739497
1970-07-28,0.394531,0.398438,0.391927,0.398438,0.008485,7584000,698319870.0,0.003906999999999994,0.9902897364212175
1970-07-29,0.402344,0.407552,0.402344,0.403646,0.008596,4694400,712148880.0,0.0013020000000000254,0.32360368242101917
1970-07-30,0.403646,0.414063,0.403646,0.414063,0.008818,7900800,714453420.0,0.01041700000000001,2.5807266763451167
1970-07-31,0.414063,0.421875,0.408854,0.411458,0.008762,2985600,732891510.0,-0.002605000000000024,-0.6291313157659641
1970-08-03,0.408854,0.408854,0.403646,0.408854,0.008707,2515200,723671580.0,0.0,0.0
1970-08-04,0.408854,0.411458,0.401042,0.408854,0.008707,3897600,723671580.0,0.0,0.0
1970-08-05,0.408854,0.411458,0.403646,0.403646,0.008596,2544000,723671580.0,-0.00520799999999999,-1.273804340913869
1970-08-06,0.402344,0.402344,0.394531,0.39974,0.008513,5068800,712148880.0,-0.002603999999999995,-0.6472073648420246
1970-08-07,0.39974,0.403646,0.395833,0.398438,0.008485,1862400,707539800.0,-0.0013019999999999698,-0.32571171261319104
1970-08-10,0.398438,0.401042,0.390625,0.393229,0.008374,2937600,705235260.0,-0.005209000000000019,-1.3073552221424711
1970-08-11,0.393229,0.393229,0.382813,0.390625,0.008319,2937600,696015330.0,-0.002603999999999995,-0.662209552194776
1970-08-12,0.390625,0.397135,0.389323,0.395833,0.008429,3168000,691406250.0,0.00520799999999999,1.3332479999999975
1970-08-13,0.394531,0.394531,0.391927,0.394531,0.008402,1440000,698319870.0,0.0,0.0
1970-08-14,0.394531,0.395833,0.390625,0.391927,0.008346,864000,698319870.0,-0.002603999999999995,-0.6600241806093805
1970-08-17,0.391927,0.394531,0.390625,0.393229,0.008374,441600,693710790.0,0.0013019999999999698,0.33220472179767396
1970-08-18,0.393229,0.397135,0.390625,0.390625,0.008319,2083200,696015330.0,-0.002603999999999995,-0.662209552194776
1970-08-19,0.391927,0.39974,0.391927,0.398438,0.008485,3446400,693710790.0,0.006510999999999989,1.6612787585443176
1970-08-20,0.398438,0.398438,0.390625,0.393229,0.008374,931200,705235260.0,-0.005209000000000019,-1.3073552221424711
1970-08-21,0.393229,0.398438,0.393229,0.397135,0.008457,5203200,696015330.0,0.0039060000000000206,0.9933143282921709
1970-08-24,0.397135,0.404948,0.397135,0.403646,0.008596,8505600,702928950.0,0.006510999999999989,1.6394928676646454
1970-08-25,0.403646,0.410156,0.402344,0.410156,0.008734,6652800,714453420.0,0.006510000000000016,1.6127993340699562
1970-08-26,0.410156,0.410156,0.404948,0.408854,0.008707,7315200,725976120.0,-0.0013020000000000254,-0.3174401934873622
1970-08-27,0.408854,0.408854,0.402344,0.408854,0.008707,6643200,723671580.0,0.0,0.0
1970-08-28,0.408854,0.411458,0.40625,0.410156,0.008734,2995200,723671580.0,0.0013020000000000254,0.3184510852284741
1970-08-31,0.410156,0.410156,0.403646,0.40625,0.008651,979200,725976120.0,-0.0039060000000000206,-0.9523205804620731
1970-09-01,0.40625,0.40625,0.401042,0.402344,0.008568,2256000,719062500.0,-0.0039060000000000206,-0.9614769230769281
1970-09-02,0.402344,0.402344,0.395833,0.401042,0.00854,2851200,712148880.0,-0.0013019999999999698,-0.3236036824210054
1970-09-03,0.402344,0.40625,0.402344,0.403646,0.008596,1296000,712148880.0,0.0013020000000000254,0.32360368242101917
1970-09-04,0.403646,0.40625,0.402344,0.402344,0.008568,2092800,714453420.0,-0.0013020000000000254,-0.32255986681399673
1970-09-08,0.402344,0.403646,0.402344,0.402344,0.008568,1411200,712148880.0,0.0,0.0
1970-09-09,0.402344,0.404948,0.401042,0.402344,0.008568,3744000,712148880.0,0.0,0.0
1970-09-10,0.402344,0.403646,0.401042,0.401042,0.00854,5548800,712148880.0,-0.0013019999999999698,-0.3236036824210054
1970-09-11,0.401042,0.403646,0.39974,0.401042,0.008596,5769600,709844340.0,0.0,0.0
1970-09-14,0.401042,0.402344,0.395833,0.398438,0.00854,3331200,709844340.0,-0.002603999999999995,-0.6493085512240602
1970-09-15,0.398438,0.398438,0.395833,0.397135,0.008512,681600,705235260.0,-0.0013029999999999986,-0.3270270405935173
1970-09-16,0.397135,0.397135,0.393229,0.393229,0.008429,5270400,702928950.0,-0.0039060000000000206,-0.9835446384730684
1970-09-17,0.393229,0.397135,0.393229,0.397135,0.008512,3456000,696015330.0,0.0039060000000000206,0.9933143282921709
1970-09-18,0.397135,0.398438,0.393229,0.395833,0.008485,5193600,702928950.0,-0.0013020000000000254,-0.32784821282436083
1970-09-21,0.394531,0.394531,0.390625,0.390625,0.008373,3542400,698319870.0,-0.0039060000000000206,-0.9900362709140779
1970-09-22,0.390625,0.391927,0.388021,0.391927,0.008401,2457600,691406250.0,0.0013020000000000254,0.3333120000000065
1970-09-23,0.391927,0.39974,0.391927,0.398438,0.00854,21916800,693710790.0,0.006510999999999989,1.6612787585443176
1970-09-24,0.403646,0.411458,0.403646,0.411458,0.008819,11155200,714453420.0,0.007811999999999986,1.9353592008839393
1970-09-25,0.411458,0.415365,0.411458,0.41276,0.008847,5395200,728280660.0,0.0013020000000000254,0.3164356993909525
1970-09-28,0.41276,0.415365,0.410156,0.415365,0.008903,2937600,730585200.0,0.0026049999999999685,0.6311173563329703
1970-09-29,0.415365,0.416667,0.411458,0.416667,0.008931,5068800,735196050.0,0.0013020000000000254,0.3134592466866552
1970-09-30,0.416667,0.417969,0.416667,0.416667,0.008931,3609600,737500590.0,0.0,0.0
1970-10-01,0.416667,0.423177,0.414063,0.423177,0.009071,4886400,737500590.0,0.006510000000000016,1.5623987500810037
1970-10-02,0.423177,0.432292,0.421875,0.43099,0.009238,3110400,749023290.0,0.007812999999999959,1.846272363573625
1970-10-05,0.436198,0.447917,0.436198,0.442708,0.009489,21187200,772070460.0,0.006510000000000016,1.4924415059216263
1970-10-06,0.442708,0.447917,0.4375,0.441406,0.009461,10176000,783593160.0,-0.0013019999999999698,-0.2940990449686859
1970-10-07,0.440104,0.440104,0.432292,0.440104,0.009433,3571200,778984080.0,0.0,0.0
1970-10-08,0.440104,0.44401,0.434896,0.4375,0.009378,3244800,778984080.0,-0.002603999999999995,-0.5916783305764082
1970-10-09,0.4375,0.4375,0.432292,0.4375,0.009378,2889600,774375000.0,0.0,0.0
1970-10-12,0.4375,0.440104,0.436198,0.438802,0.009406,2649600,774375000.0,0.0013020000000000254,0.2976000000000058
1970-10-13,0.438802,0.442708,0.4375,0.442708,0.009489,3168000,776679540.0,0.003905999999999965,0.8901509108891857
1970-10-14,0.445313,0.449219,0.445313,0.449219,0.009629,6537600,788204010.0,0.003905999999999965,0.8771358572509593
1970-10-15,0.449219,0.457031,0.446615,0.454427,0.00974,2294400,795117630.0,0.005208000000000046,1.1593454417555904
1970-10-16,0.454427,0.457031,0.450521,0.451823,0.009685,1488000,804335790.0,-0.0026040000000000507,-0.5730293314437853
1970-10-19,0.451823,0.451823,0.442708,0.442708,0.009489,7017600,799726710.0,-0.009114999999999984,-2.0173829132204393
1970-10-20,0.442708,0.445313,0.441406,0.44401,0.009517,2553600,783593160.0,0.0013020000000000254,0.29409904496869843
1970-10-21,0.44401,0.446615,0.442708,0.445313,0.009545,2121600,785897700.0,0.0013029999999999986,0.29346185896714005
1970-10-22,0.445313,0.450521,0.438802,0.450521,0.009657,9024000,788204010.0,0.00520799999999999,1.1695144763346208
1970-10-23,0.450521,0.453125,0.445313,0.453125,0.009713,4905600,797422170.0,0.002603999999999995,0.5779974740356155
1970-10-26,0.453125,0.453125,0.447917,0.451823,0.009685,5356800,802031250.0,-0.0013020000000000254,-0.28733793103448835
1970-10-27,0.450521,0.450521,0.445313,0.450521,0.009657,1872000,797422170.0,0.0,0.0
1970-10-28,0.450521,0.453125,0.446615,0.453125,0.009713,2073600,797422170.0,0.002603999999999995,0.5779974740356155
1970-10-29,0.453125,0.453125,0.447917,0.450521,0.009657,5414400,802031250.0,-0.002603999999999995,-0.5746758620689645
1970-10-30,0.450521,0.459635,0.449219,0.458333,0.009824,4627200,797422170.0,0.007811999999999986,1.7339924221068466
1970-11-02,0.458333,0.464844,0.458333,0.464844,0.009964,1987200,811249410.0,0.006510999999999989,1.4205828513329803
1970-11-03,0.464844,0.473958,0.460938,0.473958,0.010159,4377600,822773880.0,0.009114000000000011,1.960657769058009
1970-11-04,0.473958,0.484375,0.473958,0.481771,0.010327,4291200,838905660.0,0.007813000000000014,1.6484583022124355
1970-11-05,0.479167,0.479167,0.471354,0.471354,0.010103,2851200,848125590.0,-0.007813000000000014,-1.630537996147484
1970-11-06,0.46875,0.46875,0.463542,0.463542,0.009936,2745600,829687500.0,-0.00520799999999999,-1.111039999999998
1970-11-09,0.463542,0.46875,0.46224,0.46875,0.010047,3916800,820469340.0,0.00520799999999999,1.123522787579117
1970-11-10,0.46875,0.47526,0.467448,0.47526,0.010187,4262400,829687500.0,0.006510000000000016,1.3888000000000034
1970-11-11,0.47526,0.47526,0.46875,0.471354,0.010103,3868800,841210200.0,-0.0039060000000000206,-0.8218659260194463
1970-11-12,0.471354,0.473958,0.467448,0.471354,0.010103,4195200,834296580.0,0.0,0.0
1970-11-13,0.471354,0.47526,0.463542,0.473958,0.010159,2160000,834296580.0,0.002603999999999995,0.5524510240710793
1970-11-16,0.472656,0.472656,0.466146,0.470052,0.010075,1824000,836601120.0,-0.002603999999999995,-0.5509292170204113
1970-11-17,0.470052,0.477865,0.466146,0.477865,0.010243,2812800,831992040.0,0.007812999999999959,1.662156527362921
1970-11-18,0.476563,0.476563,0.472656,0.47526,0.010187,3014400,843516510.0,-0.0013029999999999986,-0.2734161065798223
1970-11-19,0.47526,0.47526,0.46875,0.472656,0.010131,3955200,841210200.0,-0.002603999999999995,-0.5479106173462935
1970-11-20,0.472656,0.476563,0.466146,0.47526,0.010187,5126400,836601120.0,0.002603999999999995,0.5509292170204113
1970-11-23,0.47526,0.481771,0.47526,0.480469,0.010299,5049600,841210200.0,0.005208999999999964,1.0960316458359558
1970-11-24,0.480469,0.480469,0.476563,0.477865,0.010243,1286400,850430130.0,-0.002603999999999995,-0.5419704497064317
1970-11-25,0.479167,0.492188,0.479167,0.486979,0.010438,5001600,848125590.0,0.007811999999999986,1.6303293006404835
1970-11-27,0.486979,0.498698,0.486979,0.498698,0.010689,2563200,861952830.0,0.01171899999999998,2.4064692728023136
1970-11-30,0.509115,0.513021,0.509115,0.510417,0.010941,4771200,901133550.0,0.0013020000000000254,0.2557378981173262
1970-12-01,0.510417,0.514323,0.5,0.501302,0.010745,4483200,903438090.0,-0.009114999999999984,-1.7857947521340363
1970-12-02,0.5,0.5,0.494792,0.5,0.010717,2409600,885000000.0,0.0,0.0
1970-12-03,0.5,0.5,0.484375,0.489583,0.010494,8025600,885000000.0,-0.01041700000000001,-2.083400000000002
1970-12-04,0.489583,0.498698,0.485677,0.497396,0.010661,4876800,866561910.0,0.007813000000000014,1.5958478950453783
1970-12-07,0.497396,0.509115,0.492188,0.509115,0.010913,3734400,880390920.0,0.01171899999999998,2.3560704147198566
1970-12-08,0.509115,0.510417,0.503906,0.505208,0.010829,4992000,901133550.0,-0.003906999999999994,-0.7674101136285503
1970-12-09,0.498698,0.498698,0.49349,0.494792,0.010606,2227200,882695460.0,-0.003905999999999965,-0.783239555803305
1970-12-10,0.494792,0.5,0.492188,0.5,0.010717,2726400,875781840.0,0.00520799999999999,1.0525635014309023
1970-12-11,0.5,0.505208,0.497396,0.497396,0.010729,2419200,885000000.0,-0.002603999999999995,-0.520799999999999
1970-12-14,0.497396,0.5,0.490885,0.496094,0.0107,2976000,880390920.0,-0.0013020000000000254,-0.2617632630740949
1970-12-15,0.496094,0.5,0.486979,0.5,0.010785,4972800,878086380.0,0.0039060000000000206,0.787350784327168
1970-12-16,0.5,0.502604,0.492188,0.497396,0.010729,1468800,885000000.0,-0.002603999999999995,-0.520799999999999
1970-12-17,0.497396,0.502604,0.494792,0.501302,0.010813,2275200,880390920.0,0.0039060000000000206,0.7852897892222738
1970-12-18,0.501302,0.505208,0.5,0.501302,0.010813,2505600,887304540.0,0.0,0.0
1970-12-21,0.501302,0.502604,0.497396,0.502604,0.010841,3129600,887304540.0,0.0013020000000000254,0.25972367953848685
1970-12-22,0.502604,0.507813,0.497396,0.5,0.010785,3456000,889609080.0000001,-0.0026040000000000507,-0.5181017262099088
1970-12-23,0.5,0.502604,0.492188,0.5,0.010785,3120000,885000000.0,0.0,0.0
1970-12-24,0.5,0.507813,0.5,0.50651,0.010925,3888000,885000000.0,0.006510000000000016,1.3020000000000032
1970-12-28,0.50651,0.509115,0.505208,0.507813,0.010953,595200,896522700.0,0.001302999999999943,0.25725059722413046
1970-12-29,0.507813,0.523438,0.507813,0.519531,0.011206,3955200,898829009.9999999,0.011718000000000006,2.307542343342925
1970-12-30,0.519531,0.523438,0.514323,0.516927,0.01115,2476800,919569869.9999999,-0.0026039999999999397,-0.5012212938207614
1970-12-31,0.516927,0.520833,0.510417,0.515625,0.011122,2294400,914960790.0,-0.0013020000000000254,-0.2518730884631728
1971-01-04,0.515625,0.518229,0.509115,0.510417,0.011009,1843200,912656250.0,-0.00520799999999999,-1.0100363636363618
1971-01-05,0.510417,0.514323,0.507813,0.510417,0.011009,2092800,903438090.0,0.0,0.0
1971-01-06,0.510417,0.511719,0.505208,0.510417,0.011009,2908800,903438090.0,0.0,0.0
1971-01-07,0.510417,0.510417,0.50651,0.50651,0.010925,1257600,903438090.0,-0.003906999999999994,-0.7654525613371016
1971-01-08,0.50651,0.507813,0.501302,0.501302,0.010813,1065600,896522700.0,-0.00520799999999999,-1.028212671023275
1971-01-11,0.501302,0.503906,0.496094,0.502604,0.010841,1478400,887304540.0,0.0013020000000000254,0.25972367953848685
1971-01-12,0.502604,0.503906,0.497396,0.502604,0.010841,1353600,889609080.0000001,0.0,0.0
1971-01-13,0.502604,0.505208,0.494792,0.494792,0.010672,1948800,889609080.0000001,-0.007812000000000041,-1.5543051786297046
1971-01-14,0.494792,0.494792,0.486979,0.490885,0.010588,3139200,875781840.0,-0.003906999999999994,-0.7896247312001798
1971-01-15,0.490885,0.494792,0.489583,0.494792,0.010672,2361600,868866450.0,0.003906999999999994,0.7959094288886387
1971-01-18,0.494792,0.497396,0.492188,0.496094,0.0107,2505600,875781840.0,0.0013019999999999698,0.26314087535771996
1971-01-19,0.497396,0.511719,0.497396,0.511719,0.011037,3532800,880390920.0,0.01432300000000003,2.879596940868047
1971-01-20,0.511719,0.513021,0.507813,0.513021,0.011066,2380800,905742630.0000001,0.0013019999999999143,0.25443651691649405
1971-01-21,0.513021,0.520833,0.513021,0.520833,0.011234,5164800,908047169.9999999,0.007812000000000041,1.5227446829662026
1971-01-22,0.520833,0.533854,0.519531,0.528646,0.011403,6441600,921874410.0,0.007812999999999959,1.5000969600620466
1971-01-25,0.528646,0.532552,0.523438,0.53125,0.011459,1276800,935703419.9999999,0.0026040000000000507,0.492579155048946
1971-01-26,0.533854,0.554688,0.533854,0.554688,0.011964,4694400,944921580.0000001,0.020833999999999908,3.902565120800801
1971-01-27,0.552083,0.552083,0.536458,0.544271,0.01174,6086400,977186910.0,-0.007812000000000041,-1.41500462792733
1971-01-28,0.544271,0.544271,0.535156,0.539063,0.011627,2390400,963359669.9999999,-0.00520799999999999,-0.9568762620091813
1971-01-29,0.539063,0.545573,0.536458,0.545573,0.011768,3532800,954141509.9999999,0.006510000000000016,1.2076510537729386
1971-02-01,0.549479,0.558594,0.549479,0.557292,0.01202,6614400,972577830.0000001,0.007812999999999959,1.4218923744128453
1971-02-02,0.559896,0.572917,0.559896,0.567708,0.012245,9225600,991015919.9999999,0.007812000000000041,1.395259119550781
1971-02-03,0.567708,0.570313,0.563802,0.570313,0.012301,3705600,1004843160.0,0.0026049999999999685,0.4588626547450394
1971-02-04,0.570313,0.576823,0.570313,0.570313,0.012301,5836800,1009454009.9999999,0.0,0.0
1971-02-05,0.566406,0.566406,0.557292,0.558594,0.012049,2812800,1002538619.9999999,-0.00781199999999993,-1.3792226777258594
1971-02-08,0.558594,0.565104,0.55599,0.565104,0.012189,3158400,988711380.0000001,0.006510000000000016,1.1654260518372943
1971-02-09,0.565104,0.574219,0.565104,0.572917,0.012357,4492800,1000234080.0000001,0.007812999999999959,1.3825773662900915
1971-02-10,0.571615,0.571615,0.563802,0.571615,0.012329,1344000,1011758550.0,0.0,0.0
1971-02-11,0.571615,0.574219,0.566406,0.56901,0.012273,1651200,1011758550.0,-0.0026049999999999685,-0.45572631928832663
1971-02-12,0.56901,0.571615,0.567708,0.570313,0.012301,1852800,1007147700.0,0.001302999999999943,0.22899421802779268
1971-02-16,0.570313,0.572917,0.566406,0.566406,0.012217,1814400,1009454009.9999999,-0.003906999999999994,-0.6850624130959656
1971-02-17,0.566406,0.567708,0.563802,0.566406,0.012217,2448000,1002538619.9999999,0.0,0.0
1971-02-18,0.566406,0.571615,0.563802,0.566406,0.012217,1411200,1002538619.9999999,0.0,0.0
1971-02-19,0.566406,0.56901,0.563802,0.566406,0.012217,2361600,1002538619.9999999,0.0,0.0
1971-02-22,0.565104,0.565104,0.554688,0.557292,0.01202,2736000,1000234080.0000001,-0.007812000000000041,-1.3824004077125698
1971-02-23,0.557292,0.563802,0.554688,0.559896,0.012077,5779200,986406840.0,0.0026039999999999397,0.4672595336017635
1971-02-24,0.559896,0.563802,0.554688,0.561198,0.012105,4204800,991015919.9999999,0.0013020000000000254,0.23254318659180015
1971-02-25,0.561198,0.561198,0.55599,0.55599,0.011992,1104000,993320460.0,-0.00520799999999999,-0.9280147113852848
1971-02-26,0.55599,0.558594,0.553385,0.554688,0.011964,3187200,984102300.0,-0.0013020000000000254,-0.23417687368478307
1971-03-01,0.554688,0.5625,0.553385,0.559896,0.012077,2092800,981797759.9999999,0.00520799999999999,0.93890619591554
1971-03-02,0.559896,0.5625,0.554688,0.5625,0.012133,585600,991015919.9999999,0.0026040000000000507,0.4650863731836003
1971-03-03,0.5625,0.566406,0.5625,0.5625,0.012133,1804800,995625000.0,0.0,0.0
1971-03-04,0.5625,0.567708,0.558594,0.567708,0.012245,3091200,995625000.0,0.00520799999999999,0.925866666666665
1971-03-05,0.567708,0.575521,0.565104,0.575521,0.012414,7324800,1004843160.0,0.007812999999999959,1.3762356704502947
1971-03-08,0.583333,0.59375,0.583333,0.589844,0.012723,3004800,1032499410.0,0.0065110000000000445,1.1161720663840458
1971-03-09,0.597656,0.611979,0.597656,0.611979,0.01327,2582400,1057851119.9999999,0.014323000000000086,2.39652910704487
1971-03-10,0.611979,0.622396,0.610677,0.610677,0.013242,3139200,1083202830.0,-0.0013020000000000254,-0.21275239836661472
1971-03-11,0.610677,0.619792,0.605469,0.609375,0.013214,1555200,1080898290.0,-0.0013020000000000254,-0.21320599924346673
1971-03-12,0.609375,0.613281,0.604167,0.613281,0.013299,1900800,1078593750.0,0.003905999999999965,0.6409846153846097
1971-03-15,0.613281,0.621094,0.608073,0.61849,0.013412,2640000,1085507370.0,0.005209000000000019,0.8493659513338941
1971-03-16,0.621094,0.634115,0.621094,0.627604,0.013609,2908800,1099336380.0,0.006510000000000016,1.0481505214991635
1971-03-17,0.627604,0.630208,0.614583,0.625,0.013553,3052800,1110859080.0,-0.0026040000000000507,-0.4149113135034274
1971-03-18,0.625,0.640625,0.625,0.635417,0.013779,2870400,1106250000.0,0.01041700000000001,1.6667200000000013
1971-03-19,0.635417,0.640625,0.63151,0.640625,0.013892,2140800,1124688090.0,0.00520799999999999,0.8196192421669534
1971-03-22,0.635417,0.635417,0.625,0.627604,0.013609,1065600,1124688090.0,-0.007812999999999959,-1.2295862402170479
1971-03-23,0.625,0.625,0.615885,0.615885,0.013355,1948800,1106250000.0,-0.009114999999999984,-1.4583999999999975
1971-03-24,0.615885,0.615885,0.604167,0.608073,0.013186,3936000,1090116450.0,-0.007812000000000041,-1.2684186171119674
1971-03-25,0.608073,0.61849,0.60026,0.615885,0.013355,3763200,1076289210.0,0.007812000000000041,1.2847141708314695
1971-03-26,0.615885,0.625,0.611979,0.625,0.013553,2860800,1090116450.0,0.009114999999999984,1.4799840879384925
1971-03-29,0.625,0.636719,0.617188,0.617188,0.013383,2937600,1106250000.0,-0.007812000000000041,-1.2499200000000066
1971-03-30,0.617188,0.61849,0.611979,0.615885,0.013355,3072000,1092422760.0,-0.001302999999999943,-0.21111881630879784
1971-03-31,0.617188,0.634115,0.617188,0.628906,0.013637,2620800,1092422760.0,0.011718000000000006,1.8986111201125113
1971-04-01,0.628906,0.63151,0.625,0.625,0.013553,2457600,1113163620.0,-0.003905999999999965,-0.6210785077579106
1971-04-02,0.625,0.625,0.615885,0.617188,0.013383,633600,1106250000.0,-0.007812000000000041,-1.2499200000000066
1971-04-05,0.617188,0.623698,0.610677,0.61849,0.013412,960000,1092422760.0,0.0013020000000000254,0.2109567911236164
1971-04-06,0.61849,0.621094,0.611979,0.614583,0.013327,1872000,1094727300.0,-0.003906999999999994,-0.6316997849601439
1971-04-07,0.615885,0.622396,0.615885,0.622396,0.013496,1449600,1090116450.0,0.0065109999999999335,1.0571778822344973
1971-04-08,0.622396,0.622396,0.611979,0.611979,0.01327,6403200,1101640920.0,-0.010416999999999899,-1.6736932756637093
1971-04-12,0.614583,0.619792,0.614583,0.617188,0.013383,4550400,1087811910.0,0.0026049999999999685,0.4238646366723402
1971-04-13,0.622396,0.63151,0.622396,0.630208,0.013666,4080000,1101640920.0,0.007812000000000041,1.2551494546880189
1971-04-14,0.630208,0.635417,0.627604,0.635417,0.013779,3628800,1115468160.0,0.005209000000000019,0.8265525033005006
1971-04-15,0.635417,0.64974,0.635417,0.645833,0.014004,2476800,1124688090.0,0.01041599999999998,1.6392384843339067
1971-04-16,0.645833,0.653646,0.641927,0.64974,0.014089,5779200,1143124410.0,0.003906999999999994,0.6049551509445931
1971-04-19,0.64974,0.657552,0.647135,0.65625,0.01423,4953600,1150039800.0,0.006510000000000016,1.0019392372333573
1971-04-20,0.654948,0.654948,0.643229,0.643229,0.013948,1516800,1159257960.0,-0.011718999999999924,-1.7893023568283168
1971-04-21,0.643229,0.644531,0.639323,0.643229,0.013948,739200,1138515330.0,0.0,0.0
1971-04-22,0.644531,0.653646,0.644531,0.653646,0.014174,1305600,1140819870.0,0.009114999999999984,1.4142066091468037
1971-04-23,0.653646,0.671875,0.652344,0.664063,0.0144,1747200,1156953420.0,0.01041700000000001,1.5936760876682503
1971-04-26,0.664063,0.666667,0.661458,0.665365,0.014428,2313600,1175391510.0,0.0013020000000000254,0.19606573472698002
1971-04-27,0.665365,0.671875,0.664063,0.671875,0.014569,2208000,1177696050.0,0.006510000000000016,0.9784103462009598
1971-04-28,0.677083,0.697917,0.677083,0.684896,0.014851,4473600,1198436910.0,0.007812999999999959,1.153920568083966
1971-04-29,0.6875,0.695313,0.6875,0.695313,0.015077,3273600,1216875000.0,0.007812999999999959,1.1364363636363577
1971-04-30,0.695313,0.703125,0.692708,0.69401,0.015049,2659200,1230704010.0,-0.001302999999999943,-0.1873976180511429
1971-05-03,0.69401,0.695313,0.674479,0.691406,0.014993,1708800,1228397700.0,-0.0026040000000000507,-0.37521073183384257
1971-05-04,0.691406,0.695313,0.683594,0.686198,0.01488,1708800,1223788620.0,-0.00520799999999999,-0.7532477299878784
1971-05-05,0.686198,0.695313,0.683594,0.692708,0.015021,2035200,1214570460.0,0.006510000000000016,0.9487057671400989
1971-05-06,0.692708,0.697917,0.686198,0.6875,0.014908,2812800,1226093160.0,-0.00520799999999999,-0.7518319407311581
1971-05-07,0.684896,0.684896,0.667969,0.670573,0.014541,1948800,1212265920.0,-0.014322999999999975,-2.0912664112507557
1971-05-10,0.670573,0.675781,0.653646,0.657552,0.014259,2985600,1186914210.0,-0.01302099999999995,-1.941772185876847
1971-05-11,0.657552,0.667969,0.65625,0.665365,0.014428,2985600,1163867040.0,0.007812999999999959,1.1881950020682712
1971-05-12,0.665365,0.666667,0.658854,0.66276,0.014371,1276800,1177696050.0,-0.0026049999999999685,-0.3915144319283354
1971-05-13,0.66276,0.670573,0.661458,0.670573,0.014541,3120000,1173085200.0,0.007812999999999959,1.178858108515897
1971-05-14,0.670573,0.670573,0.661458,0.661458,0.014343,1372800,1186914210.0,-0.009114999999999984,-1.359285267972314
1971-05-17,0.661458,0.661458,0.645833,0.647135,0.014033,1507200,1170780660.0,-0.014322999999999975,-2.1653680203429353
1971-05-18,0.643229,0.643229,0.619792,0.634115,0.01375,7891200,1138515330.0,-0.009114000000000066,-1.4169137274594374
1971-05-19,0.634115,0.64974,0.632813,0.645833,0.014004,2928000,1122383550.0,0.011718000000000006,1.8479297919147166
1971-05-20,0.645833,0.645833,0.640625,0.644531,0.013976,4579200,1143124410.0,-0.0013020000000000254,-0.20160010405167053
1971-05-21,0.644531,0.64974,0.643229,0.644531,0.013976,1440000,1140819870.0,0.0,0.0
1971-05-24,0.643229,0.643229,0.626302,0.628906,0.013637,4108800,1138515330.0,-0.014323000000000086,-2.2267341802064404
1971-05-25,0.628906,0.63151,0.623698,0.627604,0.013609,2169600,1113163620.0,-0.0013019999999999143,-0.2070261692526251
1971-05-26,0.627604,0.628906,0.626302,0.627604,0.013609,1142400,1110859080.0,0.0,0.0
1971-05-27,0.627604,0.634115,0.621094,0.621094,0.013468,1324800,1110859080.0,-0.006510000000000016,-1.0372782837585508
1971-05-28,0.621094,0.622396,0.614583,0.615885,0.013355,2083200,1099336380.0,-0.005209000000000019,-0.8386814234238326
1971-06-01,0.617188,0.630208,0.617188,0.630208,0.013666,2035200,1092422760.0,0.013020000000000032,2.109567911236128
1971-06-02,0.630208,0.639323,0.626302,0.628906,0.013637,2265600,1115468160.0,-0.0013020000000000254,-0.20659845638265864
1971-06-03,0.635417,0.645833,0.635417,0.640625,0.013892,3235200,1124688090.0,0.00520799999999999,0.8196192421669534
1971-06-04,0.640625,0.65625,0.638021,0.648438,0.014061,2544000,1133906250.0,0.007812999999999959,1.2195902439024326
1971-06-07,0.648438,0.658854,0.645833,0.65625,0.01423,1737600,1147735260.0,0.007812000000000041,1.2047412397176047
1971-06-08,0.65625,0.661458,0.65625,0.660156,0.014315,1766400,1161562500.0,0.003905999999999965,0.5951999999999947
1971-06-09,0.660156,0.671875,0.651042,0.671875,0.014569,2025600,1168476120.0,0.011719000000000035,1.7751864710765386
1971-06-10,0.671875,0.679688,0.671875,0.679688,0.014739,2169600,1189218750.0,0.007812999999999959,1.1628651162790637
1971-06-11,0.68099,0.696615,0.68099,0.6875,0.014977,4118400,1205352300.0,0.006510000000000016,0.9559611741728976
1971-06-14,0.6875,0.6875,0.677083,0.679688,0.014807,1785600,1216875000.0,-0.007812000000000041,-1.136290909090915
1971-06-15,0.679688,0.684896,0.674479,0.682292,0.014863,1766400,1203047760.0,0.0026040000000000507,0.38311695954615216
1971-06-16,0.682292,0.690104,0.682292,0.682292,0.014863,2064000,1207656840.0,0.0,0.0
1971-06-17,0.682292,0.684896,0.677083,0.677083,0.01475,816000,1207656840.0,-0.005209000000000019,-0.7634561155634273
1971-06-18,0.677083,0.682292,0.671875,0.671875,0.014636,3004800,1198436910.0,-0.00520799999999999,-0.7691819171357117
1971-06-21,0.671875,0.674479,0.651042,0.657552,0.014324,3849600,1189218750.0,-0.014322999999999975,-2.1317953488372057
1971-06-22,0.652344,0.652344,0.630208,0.630208,0.013729,4339200,1154648880.0,-0.022136000000000045,-3.3933016935849865
1971-06-23,0.640625,0.658854,0.640625,0.651042,0.014183,4521600,1133906250.0,0.01041700000000001,1.6260682926829282
1971-06-24,0.651042,0.651042,0.635417,0.635417,0.013842,1929600,1152344340.0,-0.015625,-2.399998771200629
1971-06-25,0.635417,0.644531,0.634115,0.641927,0.013984,1286400,1124688090.0,0.006510000000000016,1.0245240527086963
1971-06-28,0.640625,0.640625,0.636719,0.638021,0.013899,403200,1133906250.0,-0.0026040000000000507,-0.40647804878049576
1971-06-29,0.638021,0.644531,0.635417,0.641927,0.013984,652800,1129297170.0,0.003906000000000076,0.6122055543626427
1971-06-30,0.644531,0.653646,0.644531,0.653646,0.014239,2150400,1140819870.0,0.009114999999999984,1.4142066091468037
1971-07-01,0.653646,0.661458,0.653646,0.658854,0.014353,1180800,1156953420.0,0.0052080000000001014,0.7967615498297399
1971-07-02,0.658854,0.666667,0.658854,0.665365,0.014495,1132800,1166171580.0,0.0065109999999999335,0.9882310800268242
1971-07-06,0.666667,0.671875,0.666667,0.667969,0.014551,1440000,1180000590.0,0.0013020000000000254,0.19529990235005262
1971-07-07,0.669271,0.683594,0.669271,0.679688,0.014807,1852800,1184609670.0,0.01041700000000001,1.55646965130717
1971-07-08,0.678385,0.682292,0.678385,0.679688,0.014807,1843200,1200741450.0,0.001302999999999943,0.19207382238698426
1971-07-09,0.682292,0.686198,0.682292,0.682292,0.014863,1824000,1207656840.0,0.0,0.0
1971-07-12,0.682292,0.686198,0.679688,0.68099,0.014835,4502400,1207656840.0,-0.0013020000000000254,-0.19082738768738683
1971-07-13,0.68099,0.686198,0.674479,0.677083,0.01475,8102400,1205352300.0,-0.003906999999999994,-0.5737235495381715
1971-07-14,0.677083,0.679688,0.661458,0.666667,0.014523,6057600,1198436910.0,-0.01041599999999998,-1.5383638342714234
1971-07-15,0.666667,0.677083,0.664063,0.674479,0.014693,1612800,1180000590.0,0.007812000000000041,1.1717994141002992
1971-07-16,0.674479,0.677083,0.666667,0.677083,0.01475,3072000,1193827830.0,0.0026039999999999397,0.38607577107662944
1971-07-19,0.677083,0.682292,0.675781,0.677083,0.01475,1180800,1198436910.0,0.0,0.0
1971-07-20,0.677083,0.682292,0.677083,0.68099,0.014835,1785600,1198436910.0,0.003906999999999994,0.5770341302321863
1971-07-21,0.68099,0.683594,0.677083,0.682292,0.014863,393600,1205352300.0,0.0013020000000000254,0.1911922348345828
1971-07-22,0.682292,0.684896,0.675781,0.675781,0.014722,1238400,1207656840.0,-0.0065110000000000445,-0.9542835032508141
1971-07-23,0.677083,0.691406,0.677083,0.691406,0.015062,3100800,1198436910.0,0.014322999999999975,2.1153979645036096
1971-07-26,0.691406,0.691406,0.682292,0.684896,0.01492,1065600,1223788620.0,-0.006510000000000016,-0.941559662484852
1971-07-27,0.682292,0.682292,0.667969,0.667969,0.014551,2016000,1207656840.0,-0.014322999999999975,-2.0992478293751025
1971-07-28,0.667969,0.670573,0.666667,0.666667,0.014523,1132800,1182305130.0,-0.0013020000000000254,-0.19491922529339317
1971-07-29,0.665365,0.665365,0.65625,0.658854,0.014353,806400,1177696050.0,-0.0065109999999999335,-0.9785606396489045
1971-07-30,0.660156,0.665365,0.660156,0.660156,0.014381,825600,1168476120.0,0.0,0.0
1971-08-02,0.660156,0.670573,0.658854,0.658854,0.014353,1180800,1168476120.0,-0.0013019999999999143,-0.19722611019212344
1971-08-03,0.658854,0.658854,0.643229,0.645833,0.014069,1497600,1166171580.0,-0.01302100000000006,-1.976310381359157
1971-08-04,0.645833,0.645833,0.635417,0.636719,0.013871,2400000,1143124410.0,-0.009113999999999955,-1.4112007283616592
1971-08-05,0.636719,0.639323,0.635417,0.639323,0.013927,1497600,1126992630.0,0.0026039999999999397,0.4089716185632814
1971-08-06,0.639323,0.648438,0.636719,0.638021,0.013899,3360000,1131601710.0,-0.0013020000000000254,-0.20365292661143514
1971-08-09,0.636719,0.636719,0.627604,0.632813,0.013785,1622400,1126992630.0,-0.003906000000000076,-0.6134574278449483
1971-08-10,0.63151,0.63151,0.606771,0.608073,0.013247,5260800,1117772700.0,-0.02343700000000004,-3.7112634795965294
1971-08-11,0.609375,0.619792,0.609375,0.619792,0.013502,4310400,1078593750.0,0.01041700000000001,1.709456410256412
1971-08-12,0.625,0.632813,0.625,0.63151,0.013757,2860800,1106250000.0,0.006510000000000016,1.0416000000000025
1971-08-13,0.63151,0.643229,0.63151,0.63151,0.013757,1900800,1117772700.0,0.0,0.0
1971-08-16,0.658854,0.669271,0.658854,0.669271,0.01458,3081600,1166171580.0,0.010416999999999899,1.5810786608262068
1971-08-17,0.671875,0.679688,0.671875,0.673177,0.014665,4492800,1189218750.0,0.0013020000000000254,0.19378604651163167
1971-08-18,0.673177,0.68099,0.669271,0.679688,0.014807,2304000,1191523290.0,0.0065109999999999335,0.9672047618976782
1971-08-19,0.679688,0.692708,0.679688,0.692708,0.01509,1622400,1203047760.0,0.013020000000000032,1.9155847977307283
1971-08-20,0.697917,0.714844,0.697917,0.697917,0.015204,2640000,1235313090.0,0.0,0.0
1971-08-23,0.701823,0.723958,0.701823,0.713542,0.015544,3628800,1242226710.0,0.011719000000000035,1.6697942358685929
1971-08-24,0.713542,0.71875,0.709635,0.71224,0.015516,1574400,1262969340.0,-0.0013020000000000254,-0.18246998775125015
1971-08-25,0.714844,0.729167,0.714844,0.721354,0.015714,2352000,1265273880.0,0.006510000000000016,0.910688206098116
1971-08-26,0.721354,0.726563,0.714844,0.720052,0.015686,1113600,1276796580.0,-0.0013020000000000254,-0.18049390451845077
1971-08-27,0.720052,0.720052,0.710938,0.714844,0.015572,825600,1274492040.0,-0.00520799999999999,-0.7232810963652612
1971-08-30,0.714844,0.714844,0.701823,0.701823,0.015289,940800,1265273880.0,-0.01302100000000006,-1.8215163028576948
1971-08-31,0.701823,0.713542,0.700521,0.703125,0.015317,5520000,1242226710.0,0.0013020000000000254,0.18551686108891066
1971-09-01,0.703125,0.705729,0.701823,0.703125,0.015317,1468800,1244531250.0,0.0,0.0
1971-09-02,0.700521,0.700521,0.688802,0.695313,0.015147,3350400,1239922170.0,-0.00520799999999999,-0.7434466632691941
1971-09-03,0.697917,0.713542,0.697917,0.709635,0.015459,1353600,1235313090.0,0.011718000000000006,1.678996213016735
1971-09-07,0.709635,0.71875,0.708333,0.71875,0.015658,2822400,1256053950.0,0.009114999999999984,1.2844631395012907
1971-09-08,0.71875,0.723958,0.713542,0.721354,0.015714,1737600,1272187500.0,0.0026040000000000507,0.3622956521739201
1971-09-09,0.721354,0.726563,0.721354,0.722656,0.015743,1632000,1276796580.0,0.0013019999999999143,0.18049390451843536
1971-09-10,0.717448,0.717448,0.710938,0.717448,0.015697,1459200,1269882960.0,0.0,0.0
1971-09-13,0.717448,0.71875,0.713542,0.717448,0.015697,931200,1269882960.0,0.0,0.0
1971-09-14,0.717448,0.721354,0.710938,0.713542,0.015612,1305600,1269882960.0,-0.003905999999999965,-0.5444297008284873
1971-09-15,0.713542,0.716146,0.708333,0.713542,0.015612,624000,1262969340.0,0.0,0.0
1971-09-16,0.714844,0.717448,0.714844,0.717448,0.015697,595200,1265273880.0,0.0026039999999999397,0.364275282439237
1971-09-17,0.717448,0.721354,0.713542,0.714844,0.01564,556800,1269882960.0,-0.0026039999999999397,-0.36295313388565303
1971-09-20,0.708333,0.708333,0.697917,0.707031,0.015469,1046400,1253749410.0,-0.0013020000000000254,-0.18381185120558063
1971-09-21,0.707031,0.708333,0.701823,0.701823,0.015355,912000,1251444870.0,-0.00520799999999999,-0.7366013654281057
1971-09-22,0.701823,0.705729,0.696615,0.697917,0.01527,2784000,1242226710.0,-0.003905999999999965,-0.5565505832667161
1971-09-23,0.69401,0.69401,0.6875,0.690104,0.015099,2025600,1228397700.0,-0.003905999999999965,-0.5628160977507478
1971-09-24,0.690104,0.69401,0.671875,0.673177,0.014728,1123200,1221484080.0,-0.016927000000000025,-2.4528187055864077
1971-09-27,0.671875,0.671875,0.658854,0.669271,0.014643,1603200,1189218750.0,-0.0026040000000000507,-0.38757209302326334
1971-09-28,0.669271,0.684896,0.669271,0.677083,0.014814,1948800,1184609670.0,0.007812000000000041,1.16724017625148
1971-09-29,0.677083,0.684896,0.677083,0.68099,0.014899,1027200,1198436910.0,0.003906999999999994,0.5770341302321863
1971-09-30,0.68099,0.682292,0.678385,0.68099,0.014899,796800,1205352300.0,0.0,0.0
1971-10-01,0.68099,0.6875,0.678385,0.686198,0.015013,844800,1205352300.0,0.00520799999999999,0.7647689393383149
1971-10-04,0.686198,0.6875,0.678385,0.679688,0.014871,1363200,1214570460.0,-0.006510000000000016,-0.9487057671400989
1971-10-05,0.679688,0.684896,0.678385,0.683594,0.014956,1104000,1203047760.0,0.003906000000000076,0.5746754393192283
1971-10-06,0.683594,0.686198,0.679688,0.682292,0.014928,1382400,1209961380.0,-0.0013020000000000254,-0.19046393034462344
1971-10-07,0.68099,0.68099,0.669271,0.677083,0.014814,2361600,1205352300.0,-0.003906999999999994,-0.5737235495381715
1971-10-08,0.677083,0.679688,0.669271,0.669271,0.014643,1084800,1198436910.0,-0.007812000000000041,-1.1537728757035757
1971-10-11,0.667969,0.667969,0.66276,0.666667,0.014586,960000,1182305130.0,-0.0013020000000000254,-0.19491922529339317
1971-10-12,0.666667,0.671875,0.666667,0.666667,0.014586,883200,1180000590.0,0.0,0.0
1971-10-13,0.666667,0.673177,0.639323,0.643229,0.014073,2064000,1180000590.0,-0.02343799999999996,-3.5156982421508727
1971-10-14,0.635417,0.635417,0.619792,0.635417,0.013902,7526400,1124688090.0,0.0,0.0
1971-10-15,0.635417,0.643229,0.630208,0.638021,0.013959,2649600,1124688090.0,0.0026039999999999397,0.40980962108346797
1971-10-18,0.638021,0.651042,0.638021,0.645833,0.01413,4243200,1129297170.0,0.007812000000000041,1.2244111087252678
1971-10-19,0.645833,0.647135,0.636719,0.639323,0.013988,5577600,1143124410.0,-0.006510000000000016,-1.0080005202583353
1971-10-20,0.639323,0.644531,0.630208,0.63151,0.013817,1939200,1131601710.0,-0.007812999999999959,-1.2220739751268075
1971-10-21,0.63151,0.635417,0.626302,0.634115,0.013874,3120000,1117772700.0,0.0026049999999999685,0.4125033649506688
1971-10-22,0.635417,0.644531,0.635417,0.636719,0.013931,2227200,1124688090.0,0.0013020000000000254,0.20490481054174273
1971-10-25,0.636719,0.636719,0.630208,0.635417,0.013902,758400,1126992630.0,-0.0013020000000000254,-0.20448580928164942
1971-10-26,0.635417,0.638021,0.634115,0.635417,0.013902,1507200,1124688090.0,0.0,0.0
1971-10-27,0.635417,0.636719,0.601563,0.614583,0.013447,3494400,1124688090.0,-0.02083400000000002,-3.278791722601067
1971-10-28,0.614583,0.623698,0.598958,0.617188,0.013504,4723200,1087811910.0,0.0026049999999999685,0.4238646366723402
1971-10-29,0.617188,0.628906,0.614583,0.627604,0.013731,2352000,1092422760.0,0.010416000000000092,1.687654328988913
1971-11-01,0.627604,0.628906,0.613281,0.617188,0.013504,1171200,1110859080.0,-0.010416000000000092,-1.659645254013692
1971-11-02,0.617188,0.625,0.610677,0.625,0.013674,2092800,1092422760.0,0.007812000000000041,1.2657407467416801
1971-11-03,0.625,0.635417,0.623698,0.626302,0.013703,2256000,1106250000.0,0.0013020000000000254,0.20832000000000406
1971-11-04,0.626302,0.634115,0.625,0.626302,0.013703,3148800,1108554540.0,0.0,0.0
1971-11-05,0.623698,0.623698,0.617188,0.623698,0.013646,4483200,1103945460.0,0.0,0.0
1971-11-08,0.623698,0.626302,0.622396,0.623698,0.013646,1555200,1103945460.0,0.0,0.0
1971-11-09,0.625,0.632813,0.625,0.63151,0.013817,2832000,1106250000.0,0.006510000000000016,1.0416000000000025
1971-11-10,0.63151,0.63151,0.625,0.625,0.013674,768000,1117772700.0,-0.006510000000000016,-1.0308625358268302
1971-11-11,0.625,0.628906,0.623698,0.625,0.013674,3244800,1106250000.0,0.0,0.0
1971-11-12,0.623698,0.623698,0.615885,0.619792,0.01356,3148800,1103945460.0,-0.003905999999999965,-0.6262646344865569
1971-11-15,0.619792,0.622396,0.617188,0.617188,0.013504,1056000,1097031840.0,-0.0026040000000000507,-0.4201409505124381
1971-11-16,0.617188,0.61849,0.610677,0.615885,0.013475,2928000,1092422760.0,-0.001302999999999943,-0.21111881630879784
1971-11-17,0.615885,0.622396,0.614583,0.614583,0.013447,1171200,1090116450.0,-0.0013020000000000254,-0.2114031028519976
1971-11-18,0.614583,0.614583,0.60026,0.602865,0.01319,2716800,1087811910.0,-0.011718000000000006,-1.9066586612385967
1971-11-19,0.595052,0.595052,0.574219,0.584635,0.012791,6633600,1053242040.0,-0.01041700000000001,-1.750603308618408
1971-11-22,0.584635,0.596354,0.579427,0.591146,0.012934,3225600,1034803950.0,0.0065109999999999335,1.1136863171038225
1971-11-23,0.588542,0.588542,0.571615,0.585938,0.01282,5299200,1041719340.0,-0.0026040000000000507,-0.4424493069313746
1971-11-24,0.585938,0.588542,0.575521,0.584635,0.012791,2505600,1037110259.9999999,-0.001302999999999943,-0.22237847690369
1971-11-26,0.585938,0.617188,0.585938,0.615885,0.013475,2256000,1037110259.9999999,0.029947000000000057,5.110950305322416
1971-11-29,0.619792,0.630208,0.619792,0.630208,0.013788,5606400,1097031840.0,0.01041599999999998,1.6805638020497167
1971-11-30,0.630208,0.63151,0.614583,0.630208,0.013788,3187200,1115468160.0,0.0,0.0
1971-12-01,0.630208,0.639323,0.627604,0.639323,0.013988,3024000,1115468160.0,0.009114999999999984,1.446347872448459
1971-12-02,0.643229,0.673177,0.643229,0.661458,0.014472,4080000,1138515330.0,0.01822899999999994,2.833982920546172
1971-12-03,0.661458,0.669271,0.661458,0.664063,0.014529,4905600,1170780660.0,0.0026049999999999685,0.39382697011752343
1971-12-06,0.664063,0.673177,0.664063,0.664063,0.014529,1900800,1175391510.0,0.0,0.0
1971-12-07,0.664063,0.677083,0.661458,0.674479,0.014757,2822400,1175391510.0,0.010416000000000092,1.5685258778158235
1971-12-08,0.675781,0.682292,0.675781,0.677083,0.014814,2025600,1196132370.0,0.0013020000000000254,0.19266596722903212
1971-12-09,0.677083,0.690104,0.673177,0.690104,0.015099,1555200,1198436910.0,0.01302100000000006,1.923102485219694
1971-12-10,0.690104,0.692708,0.686198,0.688802,0.01507,3676800,1221484080.0,-0.0013020000000000254,-0.18866721537623682
1971-12-13,0.6875,0.6875,0.677083,0.679688,0.014941,2352000,1216875000.0,-0.007812000000000041,-1.136290909090915
1971-12-14,0.679688,0.679688,0.669271,0.669271,0.014712,1996800,1203047760.0,-0.01041700000000001,-1.532614964513131
1971-12-15,0.669271,0.674479,0.661458,0.670573,0.014741,2553600,1184609670.0,0.0013020000000000254,0.1945400293752494
1971-12-16,0.674479,0.691406,0.674479,0.691406,0.015199,3724800,1193827830.0,0.016926999999999914,2.5096407745830356
1971-12-17,0.690104,0.690104,0.682292,0.690104,0.01517,3484800,1221484080.0,0.0,0.0
1971-12-20,0.704427,0.723958,0.704427,0.71875,0.0158,5443200,1246835790.0,0.014322999999999975,2.033283789519705
1971-12-21,0.71875,0.723958,0.710938,0.716146,0.015742,2851200,1272187500.0,-0.0026040000000000507,-0.3622956521739201
1971-12-22,0.716146,0.716146,0.708333,0.708333,0.015571,2515200,1267578420.0,-0.007812999999999959,-1.0909786551904164
1971-12-23,0.708333,0.713542,0.703125,0.708333,0.015571,1776000,1253749410.0,0.0,0.0
1971-12-27,0.708333,0.714844,0.707031,0.707031,0.015542,681600,1253749410.0,-0.0013020000000000254,-0.18381185120558063
1971-12-28,0.713542,0.731771,0.713542,0.731771,0.016086,2467200,1262969340.0,0.01822899999999994,2.5547199744373756
1971-12-29,0.731771,0.734375,0.723958,0.723958,0.015914,2140800,1295234670.0,-0.007812999999999959,-1.0676837425915975
1971-12-30,0.72526,0.733073,0.72526,0.733073,0.016115,2150400,1283710200.0,0.007812999999999959,1.077268841518898
1971-12-31,0.733073,0.741211,0.731771,0.731771,0.016086,2928000,1297539210.0,-0.0013020000000000254,-0.17760850556493354
1972-01-03,0.731771,0.74349,0.730469,0.736979,0.0162,1276800,1295234670.0,0.0052080000000001014,0.7116980585456518
1972-01-04,0.736979,0.739583,0.729167,0.739583,0.016258,1180800,1304452830.0,0.0026039999999999397,0.353334355524369
1972-01-05,0.751302,0.759115,0.751302,0.755208,0.016601,2428800,1329804540.0,0.003905999999999965,0.519897458012885
1972-01-06,0.755208,0.759115,0.75,0.752604,0.016544,1430400,1336718160.0,-0.0026039999999999397,-0.3448056694314599
1972-01-07,0.752604,0.755208,0.747396,0.75,0.016487,1612800,1332109080.0,-0.0026040000000000507,-0.34599869253950954
1972-01-10,0.75,0.75651,0.742188,0.75651,0.01663,1689600,1327500000.0,0.006510000000000016,0.8680000000000021
1972-01-11,0.75651,0.764323,0.75651,0.764323,0.016801,1228800,1339022700.0,0.007812999999999959,1.0327688992875121
1972-01-12,0.764323,0.772135,0.764323,0.764323,0.016801,1440000,1352851710.0,0.0,0.0
1972-01-13,0.764323,0.765625,0.75,0.75,0.016487,1737600,1352851710.0,-0.014322999999999975,-1.8739459626362123
1972-01-14,0.75,0.752604,0.739583,0.75,0.016487,2995200,1327500000.0,0.0,0.0
1972-01-17,0.75,0.752604,0.748698,0.751302,0.016515,1200000,1327500000.0,0.0013020000000000254,0.17360000000000336
1972-01-18,0.751302,0.751302,0.744792,0.746094,0.016401,2121600,1329804540.0,-0.00520799999999999,-0.6931966106838515
1972-01-19,0.746094,0.746094,0.734375,0.739583,0.016258,1382400,1320586380.0,-0.0065110000000000445,-0.8726782416156736
1972-01-20,0.738281,0.738281,0.716146,0.716146,0.015742,1756800,1306757370.0,-0.022135000000000016,-2.998180909436924
1972-01-21,0.716146,0.727865,0.714844,0.72526,0.015943,1766400,1267578420.0,0.009114000000000066,1.272645522002506
1972-01-24,0.72526,0.727865,0.716146,0.71875,0.0158,1459200,1283710200.0,-0.006510000000000016,-0.8976091332763444
1972-01-25,0.717448,0.717448,0.705729,0.705729,0.015513,1689600,1269882960.0,-0.011718999999999924,-1.6334284854093848
1972-01-26,0.705729,0.723958,0.705729,0.716146,0.015742,1104000,1249140330.0,0.010416999999999899,1.4760623412102802
1972-01-27,0.729167,0.739583,0.729167,0.735677,0.016172,1987200,1290625590.0,0.006510000000000016,0.8927995918630459
1972-01-28,0.736979,0.748698,0.736979,0.748698,0.016458,2016000,1304452830.0,0.011718999999999924,1.5901402889363092
1972-01-31,0.748698,0.748698,0.739583,0.744792,0.016372,1104000,1325195460.0,-0.003905999999999965,-0.5217056810623195
1972-02-01,0.744792,0.75,0.735677,0.75,0.016487,1660800,1318281840.0,0.00520799999999999,0.6992556311023735
1972-02-02,0.75,0.760417,0.747396,0.755208,0.016601,902400,1327500000.0,0.00520799999999999,0.6943999999999988
1972-02-03,0.755208,0.764323,0.752604,0.760417,0.016716,2275200,1336718160.0,0.005209000000000019,0.6897437527144865
1972-02-04,0.760417,0.763021,0.752604,0.760417,0.016716,2217600,1345938090.0,0.0,0.0
1972-02-07,0.760417,0.763021,0.75651,0.759115,0.016687,3100800,1345938090.0,-0.0013020000000000254,-0.17122184275207225
1972-02-08,0.759115,0.759115,0.753906,0.757813,0.016658,1593600,1343633550.0,-0.0013020000000000254,-0.1715155147770793
1972-02-09,0.757813,0.759115,0.752604,0.753906,0.016572,1670400,1341329010.0,-0.003906999999999994,-0.5155625464329583
1972-02-10,0.753906,0.755208,0.75,0.75,0.016487,2332800,1334413620.0,-0.003905999999999965,-0.5181017262098941
1972-02-11,0.75,0.752604,0.744792,0.75,0.016487,2438400,1327500000.0,0.0,0.0
1972-02-14,0.75,0.757813,0.746094,0.752604,0.016544,1248000,1327500000.0,0.0026040000000000507,0.3472000000000067
1972-02-15,0.75651,0.768229,0.75651,0.763021,0.016773,1363200,1339022700.0,0.0065109999999999335,0.8606627803994571
1972-02-16,0.768229,0.791667,0.768229,0.791667,0.017403,2016000,1359765330.0,0.02343799999999996,3.05091320426591
1972-02-17,0.791667,0.817708,0.791667,0.809896,0.017803,1785600,1401250590.0,0.01822899999999994,2.302609556795969
1972-02-18,0.809896,0.811198,0.792969,0.809896,0.017803,1180800,1433515920.0,0.0,0.0
1972-02-22,0.809896,0.811198,0.80599,0.807292,0.017746,624000,1433515920.0,-0.0026039999999999397,-0.32152276341652997
1972-02-23,0.807292,0.816406,0.802083,0.811198,0.017832,1353600,1428906840.0,0.003905999999999965,0.4838398002209814
1972-02-24,0.811198,0.811198,0.794271,0.796875,0.017517,2054400,1435820460.0,-0.014322999999999975,-1.7656601717459826
1972-02-25,0.799479,0.808594,0.799479,0.802083,0.017631,1142400,1415077830.0,0.0026039999999999397,0.32571212001815425
1972-02-28,0.802083,0.802083,0.790365,0.791667,0.017403,739200,1419686910.0,-0.01041599999999998,-1.2986187215038818
1972-02-29,0.791667,0.807292,0.789063,0.807292,0.017746,1728000,1401250590.0,0.015625,1.973683379501735
1972-03-01,0.808594,0.820313,0.808594,0.817708,0.017975,1833600,1431211380.0,0.009113999999999955,1.1271416804972527
1972-03-02,0.817708,0.822917,0.813802,0.816406,0.017946,1382400,1447343160.0,-0.0013020000000000254,-0.15922554261423705
1972-03-03,0.816406,0.820313,0.813802,0.820313,0.018032,2035200,1445038620.0,0.003906999999999994,0.47856091209520685
1972-03-06,0.817708,0.817708,0.809896,0.8125,0.01786,2428800,1447343160.0,-0.00520799999999999,-0.6369021704569345
1972-03-07,0.8125,0.817708,0.807292,0.807292,0.017817,1641600,1438125000.0,-0.00520799999999999,-0.6409846153846142
1972-03-08,0.807292,0.8125,0.803385,0.804688,0.017759,1718400,1428906840.0,-0.0026040000000000507,-0.32255986681399673
1972-03-09,0.804688,0.817708,0.804688,0.816406,0.018018,1555200,1424297760.0,0.011718000000000006,1.456216570894559
1972-03-10,0.816406,0.828125,0.815104,0.81901,0.018075,2448000,1445038620.0,0.0026040000000000507,0.3189589493462873
1972-03-13,0.817708,0.817708,0.803385,0.803385,0.017731,1257600,1447343160.0,-0.014322999999999975,-1.7516032618000525
1972-03-14,0.803385,0.804688,0.795573,0.802083,0.017702,2275200,1421991450.0,-0.0013020000000000254,-0.1620642655762835
1972-03-15,0.802083,0.809896,0.799479,0.799479,0.017644,1382400,1419686910.0,-0.0026039999999999397,-0.32465468037596357
1972-03-16,0.799479,0.800781,0.791667,0.800781,0.017673,1267200,1415077830.0,0.0013019999999999143,0.16285606000907019
1972-03-17,0.800781,0.807292,0.795573,0.80599,0.017788,1344000,1417382370.0,0.005209000000000019,0.6504899591773555
1972-03-20,0.80599,0.8125,0.802083,0.807292,0.017817,1507200,1426602300.0,0.0013020000000000254,0.16154046576260567
1972-03-21,0.807292,0.808594,0.799479,0.808594,0.017846,2908800,1428906840.0,0.0013020000000000254,0.16127993340699837
1972-03-22,0.808594,0.828125,0.804688,0.825521,0.018219,2803200,1431211380.0,0.016926999999999914,2.093386792382817
1972-03-23,0.825521,0.833333,0.824219,0.832031,0.018363,1689600,1461172170.0,0.006510000000000016,0.7885929007257255
1972-03-24,0.832031,0.83724,0.822917,0.832031,0.018363,1766400,1472694870.0,0.0,0.0
1972-03-27,0.830729,0.830729,0.815104,0.830729,0.018334,1142400,1470390330.0,0.0,0.0
1972-03-28,0.830729,0.832031,0.820313,0.829427,0.018305,1392000,1470390330.0,-0.0013020000000000254,-0.15672981200849198
1972-03-29,0.826823,0.826823,0.821615,0.825521,0.018219,499200,1463476710.0,-0.0013020000000000254,-0.15747022034946118
1972-03-30,0.825521,0.833333,0.825521,0.830729,0.018334,1392000,1461172170.0,0.0052080000000001014,0.6308743205805911
1972-04-03,0.838542,0.885417,0.838542,0.871094,0.019225,2716800,1484219340.0,0.032552000000000025,3.8819760966057784
1972-04-04,0.871094,0.878906,0.871094,0.875,0.019311,1987200,1541836380.0,0.003905999999999965,0.448401665032702
1972-04-05,0.876302,0.888021,0.876302,0.888021,0.019598,4588800,1551054540.0,0.011718999999999924,1.3373243470858134
1972-04-06,0.888021,0.893229,0.88151,0.890625,0.019656,1766400,1571797170.0,0.0026040000000000507,0.29323630860081584
1972-04-07,0.890625,0.903646,0.880208,0.903646,0.019943,2112000,1576406250.0,0.01302099999999995,1.462007017543854
1972-04-10,0.908854,0.920573,0.908854,0.908854,0.020058,1497600,1608671580.0,0.0,0.0
1972-04-11,0.908854,0.958333,0.908854,0.947917,0.02092,3379200,1608671580.0,0.03906299999999996,4.298050071848719
1972-04-12,0.947917,0.96224,0.942708,0.955729,0.021093,2198400,1677813090.0,0.007812000000000041,0.8241227871216616
1972-04-13,0.955729,0.960938,0.949219,0.958333,0.02115,2112000,1691640330.0,0.0026039999999999397,0.2724621728544325
1972-04-14,0.958333,0.960938,0.957031,0.958333,0.02115,1209600,1696249410.0,0.0,0.0
1972-04-17,0.958333,0.960938,0.954427,0.960938,0.021208,1939200,1696249410.0,0.0026049999999999685,0.2718261815047555
1972-04-18,0.960938,0.971354,0.960938,0.96875,0.02138,1891200,1700860260.0,0.007812000000000041,0.8129556745596533
1972-04-19,0.96875,0.96875,0.960938,0.96224,0.021236,873600,1714687500.0,-0.006510000000000016,-0.6720000000000016
1972-04-20,0.96224,0.96875,0.954427,0.96224,0.021236,4473600,1703164800.0,0.0,0.0
1972-04-21,0.96224,0.964844,0.951823,0.955729,0.021093,2275200,1703164800.0,-0.0065109999999999335,-0.6766503159294909
1972-04-24,0.947917,0.947917,0.936198,0.9375,0.02069,1392000,1677813090.0,-0.01041700000000001,-1.098935877297275
1972-04-25,0.929688,0.929688,0.903646,0.903646,0.019943,2947200,1645547760.0,-0.02604200000000001,-2.80115479601759
1972-04-26,0.903646,0.916667,0.895833,0.916667,0.020231,3676800,1599453420.0,0.01302100000000006,1.4409403682415527
1972-04-27,0.916667,0.953125,0.916667,0.945313,0.020863,1804800,1622500590.0,0.02864599999999995,3.1250170454483417
1972-04-28,0.947917,0.957031,0.947917,0.953125,0.021035,1363200,1677813090.0,0.00520799999999999,0.5494151914144372
1972-05-01,0.953125,0.955729,0.927083,0.9375,0.02069,1632000,1687031250.0,-0.015625,-1.639344262295082
1972-05-02,0.9375,0.966146,0.932292,0.960938,0.021208,3120000,1659375000.0,0.02343799999999996,2.500053333333329
1972-05-03,0.960938,0.963542,0.949219,0.951823,0.021007,2054400,1700860260.0,-0.009114999999999984,-0.9485523519727583
1972-05-04,0.950521,0.950521,0.933594,0.933594,0.020604,4176000,1682422170.0,-0.016926999999999914,-1.7808128384328086
1972-05-05,0.9375,0.955729,0.9375,0.953125,0.021035,1689600,1659375000.0,0.015625,1.6666666666666667
1972-05-08,0.953125,0.954427,0.9375,0.953125,0.021035,1190400,1687031250.0,0.0,0.0
1972-05-09,0.94401,0.94401,0.927083,0.929688,0.020518,3072000,1670897700.0,-0.014322000000000057,-1.5171449454984647
1972-05-10,0.929688,0.960938,0.929688,0.955729,0.021093,1036800,1645547760.0,0.026041000000000092,2.801047233050238
1972-05-11,0.955729,0.966146,0.955729,0.960938,0.021208,4521600,1691640330.0,0.005208999999999908,0.5450289778797031
1972-05-12,0.960938,0.966146,0.953125,0.963542,0.021265,1689600,1700860260.0,0.0026040000000000507,0.27098522485322163
1972-05-15,0.967448,0.979167,0.967448,0.977865,0.021581,2304000,1712382960.0,0.01041700000000001,1.0767503783149077
1972-05-16,0.979167,1.007813,0.979167,1.005208,0.022185,5462400,1733125590.0,0.026041000000000092,2.659505477615166
1972-05-17,1.005208,1.013021,1.003906,1.007813,0.022242,2841600,1779218160.0000002,0.0026049999999999685,0.25915034500322004
1972-05-18,1.015625,1.052083,1.015625,1.052083,0.023219,3273600,1797656250.0,0.0364580000000001,3.5897107692307793
1972-05-19,1.052083,1.070313,1.048177,1.070313,0.023622,2736000,1862186910.0000002,0.01822999999999997,1.732753024238579
1972-05-22,1.070313,1.078125,1.0625,1.070313,0.023622,1948800,1894454010.0000002,0.0,0.0
1972-05-23,1.070313,1.070313,1.036458,1.070313,0.023622,2448000,1894454010.0000002,0.0,0.0
1972-05-24,1.070313,1.072917,1.049479,1.049479,0.023162,1459200,1894454010.0000002,-0.02083400000000002,-1.9465333972398746
1972-05-25,1.049479,1.059896,1.03125,1.052083,0.023219,2160000,1857577830.0,0.0026040000000000507,0.2481231163272491
1972-05-26,1.052083,1.065104,1.052083,1.0625,0.023449,1545600,1862186910.0000002,0.010416999999999899,0.9901310067741707
1972-05-30,1.0625,1.078125,1.0625,1.065104,0.023507,2140800,1880625000.0,0.0026040000000000507,0.24508235294118125
1972-05-31,1.057292,1.057292,1.045573,1.045573,0.023076,1104000,1871406839.9999998,-0.011718999999999813,-1.1083976801110587
1972-06-01,1.045573,1.049479,1.041667,1.044271,0.023047,1785600,1850664210.0000002,-0.0013020000000001364,-0.1245250212084796
1972-06-02,1.044271,1.046875,1.03125,1.036458,0.022874,652800,1848359670.0,-0.007812999999999848,-0.7481774366998459
1972-06-05,1.036458,1.044271,1.033854,1.036458,0.022874,1219200,1834530660.0000002,0.0,0.0
1972-06-06,1.029948,1.029948,1.010417,1.018229,0.022472,3283200,1823007960.0000002,-0.011719000000000035,-1.1378244338549164
1972-06-07,1.018229,1.026042,1.005208,1.019531,0.022501,2409600,1802265330.0,0.0013019999999999143,0.1278690746384079
1972-06-08,1.019531,1.027344,1.019531,1.019531,0.022501,2217600,1804569870.0,0.0,0.0
1972-06-09,1.019531,1.028646,1.015625,1.028646,0.022702,1852800,1804569870.0,0.009114999999999984,0.8940385334040833
1972-06-12,1.028646,1.057292,1.028646,1.052083,0.023292,2035200,1820703420.0,0.023437000000000152,2.2784320358996344
1972-06-13,1.0625,1.078125,1.0625,1.078125,0.023869,2880000,1880625000.0,0.015625,1.4705882352941175
1972-06-14,1.080729,1.098958,1.080729,1.098958,0.02433,3033600,1912890330.0,0.01822900000000005,1.6867318263875632
1972-06-15,1.098958,1.106771,1.089844,1.092448,0.024186,2083200,1945155660.0000002,-0.006510000000000016,-0.5923793265984701
1972-06-16,1.092448,1.092448,1.067708,1.075521,0.023811,1785600,1933632960.0000002,-0.016927000000000136,-1.5494559008758435
1972-06-19,1.075521,1.080729,1.026042,1.054688,0.02335,2256000,1903672170.0,-0.02083299999999988,-1.9370147119395977
1972-06-20,1.057292,1.078125,1.057292,1.059896,0.023465,3033600,1871406839.9999998,0.0026040000000000507,0.246289577524473
1972-06-21,1.065104,1.091146,1.065104,1.082031,0.023955,2256000,1885234080.0,0.016926999999999914,1.5892344785110104
1972-06-22,1.082031,1.083333,1.065104,1.082031,0.023955,2054400,1915194870.0,0.0,0.0
1972-06-23,1.082031,1.088542,1.070313,1.080729,0.023927,1824000,1915194870.0,-0.0013019999999999143,-0.12032926967895693
1972-06-26,1.072917,1.072917,1.049479,1.0625,0.023523,1507200,1899063089.9999998,-0.010416999999999899,-0.9709045527286733
1972-06-27,1.0625,1.075521,1.057292,1.067708,0.023638,576000,1880625000.0,0.0052080000000001014,0.4901647058823625
1972-06-28,1.067708,1.072917,1.057292,1.072917,0.023754,796800,1889843160.0000002,0.005208999999999797,0.48786746938299586
1972-06-29,1.072917,1.083333,1.072917,1.072917,0.023754,1766400,1899063089.9999998,0.0,0.0
1972-06-30,1.072917,1.085938,1.072917,1.083333,0.023984,816000,1899063089.9999998,0.010416000000000203,0.970811348874163
1972-07-03,1.091146,1.114583,1.091146,1.106771,0.024503,1296000,1931328420.0,0.015625,1.4319806881938806
1972-07-05,1.119792,1.138021,1.119792,1.138021,0.025195,2160000,1982031839.9999998,0.01822900000000005,1.6278916084415724
1972-07-06,1.15625,1.175781,1.15625,1.164063,0.025772,2102400,2046562500.0,0.00781300000000007,0.675718918918925
1972-07-07,1.164063,1.190104,1.161458,1.167969,0.025858,4118400,2060391510.0000002,0.003905999999999965,0.3355488491602228
1972-07-10,1.174479,1.195313,1.174479,1.174479,0.026002,3100800,2078827830.0,0.0,0.0
1972-07-11,1.164063,1.164063,1.148438,1.154948,0.02557,1651200,2060391510.0000002,-0.009114999999999984,-0.7830332207105615
1972-07-12,1.154948,1.161458,1.098958,1.098958,0.02433,3945600,2044257960.0000002,-0.055989999999999984,-4.847837305229325
1972-07-13,1.098958,1.140625,1.085938,1.130208,0.025022,3897600,1945155660.0000002,0.03125,2.8436027582491774
1972-07-14,1.135417,1.166667,1.135417,1.153646,0.025541,1632000,2009688089.9999998,0.01822900000000005,1.6054894369205368
1972-07-17,1.153646,1.154948,1.138021,1.138021,0.025195,1200000,2041953420.0,-0.015625,-1.354401610199316
1972-07-18,1.136719,1.136719,1.122396,1.134115,0.025109,2035200,2011992630.0,-0.0026040000000000507,-0.2290803619892032
1972-07-19,1.134115,1.143229,1.127604,1.138021,0.025195,1660800,2007383550.0,0.003905999999999965,0.3444095175533315
1972-07-20,1.138021,1.143229,1.09375,1.096354,0.024273,5952000,2014297170.0,-0.0416669999999999,-3.6613559855222264
1972-07-21,1.09375,1.09375,1.041667,1.091146,0.024157,5270400,1935937500.0,-0.0026040000000000507,-0.23808000000000462
1972-07-24,1.098958,1.114583,1.098958,1.114583,0.024676,3504000,1945155660.0000002,0.015625,1.4218013791245887
1972-07-25,1.114583,1.130208,1.105469,1.111979,0.024618,1267200,1972811910.0000002,-0.0026040000000000507,-0.23362997641270777
1972-07-26,1.111979,1.140625,1.106771,1.138021,0.025195,3100800,1968202830.0,0.0260419999999999,2.341950702306419
1972-07-27,1.140625,1.153646,1.140625,1.151042,0.025483,2064000,2018906250.0,0.010416999999999899,0.9132712328767034
1972-07-28,1.151042,1.174479,1.147135,1.174479,0.026002,1315200,2037344339.9999998,0.023437000000000152,2.036155066452845
1972-07-31,1.166667,1.166667,1.151042,1.153646,0.025541,1372800,2065000589.9999998,-0.01302099999999995,-1.1160853954041685
1972-08-01,1.153646,1.164063,1.145833,1.15625,0.025599,1814400,2041953420.0,0.0026040000000000507,0.2257191547493816
1972-08-02,1.166667,1.192708,1.166667,1.188802,0.026319,1651200,2065000589.9999998,0.022135000000000016,1.8972851722042379
1972-08-03,1.188802,1.203125,1.1875,1.197917,0.026521,2572800,2104179539.9999998,0.009114999999999984,0.7667382793770523
1972-08-04,1.204427,1.216146,1.204427,1.216146,0.026925,1785600,2131835789.9999998,0.011719000000000035,0.9729937970503847
1972-08-07,1.213542,1.213542,1.197917,1.203125,0.026636,3158400,2147969340.0,-0.010416999999999899,-0.8583963307409138
1972-08-08,1.203125,1.207031,1.1875,1.203125,0.026636,1363200,2129531250.0,0.0,0.0
1972-08-09,1.203125,1.203125,1.166667,1.174479,0.026002,2294400,2129531250.0,-0.02864599999999995,-2.3809662337662294
1972-08-10,1.174479,1.184896,1.160156,1.177083,0.02606,3523200,2078827830.0,0.0026040000000000507,0.22171533079774525
1972-08-11,1.177083,1.179688,1.167969,1.175781,0.026031,2236800,2083436910.0000002,-0.0013020000000001364,-0.1106124207044139
1972-08-14,1.175781,1.179688,1.153646,1.153646,0.025541,2409600,2081132370.0,-0.022135000000000016,-1.8825784733721687
1972-08-15,1.153646,1.171875,1.141927,1.145833,0.025368,1977600,2041953420.0,-0.007812999999999848,-0.6772441459511711
1972-08-16,1.145833,1.171875,1.141927,1.158854,0.025656,1756800,2028124410.0000002,0.01302099999999995,1.1363785124010173
1972-08-17,1.161458,1.182292,1.161458,1.161458,0.025714,998400,2055780660.0000002,0.0,0.0
1972-08-18,1.161458,1.161458,1.151042,1.158854,0.025656,652800,2055780660.0000002,-0.0026040000000000507,-0.22420096120566138
1972-08-21,1.15625,1.15625,1.138021,1.138021,0.025195,1190400,2046562500.0,-0.01822900000000005,-1.5765621621621664
1972-08-22,1.138021,1.145833,1.13151,1.138021,0.025195,1670400,2014297170.0,0.0,0.0
1972-08-23,1.138021,1.139323,1.109375,1.119792,0.024791,2928000,2014297170.0,-0.01822900000000005,-1.6018157837157705
1972-08-24,1.109375,1.109375,1.067708,1.088542,0.0241,4684800,1963593750.0,-0.0208330000000001,-1.8779042253521216
1972-08-25,1.088542,1.091146,1.078125,1.078125,0.023869,2227200,1926719339.9999998,-0.010416999999999899,-0.9569681280097506
1972-08-28,1.078125,1.091146,1.072917,1.072917,0.023754,1315200,1908281250.0,-0.0052080000000001014,-0.48306086956522676
1972-08-29,1.072917,1.078125,1.057292,1.072917,0.023754,979200,1899063089.9999998,0.0,0.0
1972-08-30,1.072917,1.088542,1.067708,1.067708,0.023638,1440000,1899063089.9999998,-0.005208999999999797,-0.48549887829159183
1972-08-31,1.06901,1.080729,1.06901,1.075521,0.023811,2102400,1892147700.0,0.0065109999999999335,0.6090682032908891
1972-09-01,1.080729,1.127604,1.080729,1.127604,0.024964,2678400,1912890330.0,0.046875,4.337350066482902
1972-09-05,1.127604,1.145833,1.125,1.125,0.024907,979200,1995859080.0,-0.0026040000000000507,-0.230932135749789
1972-09-06,1.125,1.125,1.104167,1.104167,0.024446,643200,1991250000.0,-0.0208330000000001,-1.8518222222222311
1972-09-07,1.104167,1.106771,1.096354,1.104167,0.024446,1056000,1954375589.9999998,0.0,0.0
1972-09-08,1.104167,1.117188,1.10026,1.104167,0.024446,547200,1954375589.9999998,0.0,0.0
1972-09-11,1.104167,1.104167,1.089844,1.09375,0.024288,1891200,1954375589.9999998,-0.010416999999999899,-0.9434261302864422
1972-09-12,1.088542,1.088542,1.058594,1.067708,0.023709,1632000,1926719339.9999998,-0.020833999999999797,-1.9139362560195012
1972-09-13,1.067708,1.078125,1.052083,1.078125,0.023941,2083200,1889843160.0000002,0.010416999999999899,0.975641280200195
1972-09-14,1.078125,1.083333,1.059896,1.065104,0.023652,1833600,1908281250.0,-0.01302099999999995,-1.207744927536227
1972-09-15,1.065104,1.067708,1.042969,1.052083,0.023363,1612800,1885234080.0,-0.01302099999999995,-1.2225097267496834
1972-09-18,1.041667,1.041667,1.028646,1.03776,0.023044,2870400,1843750589.9999998,-0.003906999999999883,-0.3750718799769872
1972-09-19,1.033854,1.033854,1.002604,1.011719,0.022466,4320000,1829921580.0,-0.022135000000000016,-2.1410179773933278
1972-09-20,1.011719,1.015625,0.981771,1.015625,0.022553,6931200,1790742630.0,0.003905999999999965,0.38607558027475664
1972-09-21,1.018229,1.033854,1.018229,1.03125,0.0229,2745600,1802265330.0,0.01302099999999995,1.2787889561189032
1972-09-22,1.036458,1.046875,1.036458,1.039063,0.023073,3216000,1834530660.0000002,0.0026049999999999685,0.25133676424900653
1972-09-25,1.039063,1.044271,1.03776,1.039063,0.023073,1286400,1839141510.0000002,0.0,0.0
1972-09-26,1.039063,1.044271,1.033854,1.041667,0.023131,2985600,1839141510.0000002,0.0026039999999998287,0.250610405721292
1972-09-27,1.044271,1.070313,1.044271,1.070313,0.023767,1766400,1848359670.0,0.02604200000000012,2.4937971082219197
1972-09-28,1.075521,1.096354,1.075521,1.089844,0.024201,2563200,1903672170.0,0.014323000000000086,1.331726670144059
1972-09-29,1.089844,1.097656,1.070313,1.075521,0.023883,2860800,1929023880.0,-0.014323000000000086,-1.3142247881348235
1972-10-02,1.075521,1.078125,1.065104,1.075521,0.023883,1881600,1903672170.0,0.0,0.0
1972-10-03,1.075521,1.091146,1.075521,1.088542,0.024172,2956800,1903672170.0,0.01302099999999995,1.210669061784935
1972-10-04,1.092448,1.108073,1.092448,1.104167,0.024519,1968000,1933632960.0000002,0.011718999999999813,1.0727284044640855
1972-10-05,1.104167,1.125,1.096354,1.10026,0.024432,2668800,1954375589.9999998,-0.003906999999999883,-0.35384140261390556
1972-10-06,1.072917,1.072917,1.027344,1.054688,0.02342,7747200,1899063089.9999998,-0.01822899999999983,-1.699013064384275
1972-10-09,1.054688,1.065104,1.052083,1.057292,0.023478,1728000,1866797760.0000002,0.0026039999999998287,0.24689766072998162
1972-10-10,1.057292,1.078125,1.049479,1.057292,0.023478,2793600,1871406839.9999998,0.0,0.0
1972-10-11,1.057292,1.065104,1.052083,1.065104,0.023652,672000,1871406839.9999998,0.007812000000000152,0.7388687325734189
1972-10-12,1.059896,1.059896,1.032552,1.036458,0.023016,1200000,1876015920.0,-0.023437999999999848,-2.21134903801881
1972-10-13,1.003906,1.003906,0.989583,0.994792,0.02209,3638400,1776913620.0,-0.009113999999999955,-0.9078539225784042
1972-10-16,0.992188,0.992188,0.981771,0.986979,0.021917,2620800,1756172760.0,-0.005208999999999908,-0.525001310235551
1972-10-17,0.986979,0.994792,0.985677,0.985677,0.021888,3206400,1746952830.0,-0.0013020000000000254,-0.1319177003766063
1972-10-18,0.986979,1.002604,0.986979,0.992188,0.022032,3312000,1746952830.0,0.005208999999999908,0.5277721207847287
1972-10-19,0.992188,1.007813,0.992188,1.007813,0.022379,2524800,1756172760.0,0.01562500000000011,1.5748023560051232
1972-10-20,1.007813,1.03125,1.005208,1.028646,0.022842,4704000,1783829010.0000002,0.02083299999999988,2.067149362034413
1972-10-23,1.03125,1.059896,1.03125,1.033854,0.022958,2668800,1825312500.0,0.0026040000000000507,0.2525090909090958
1972-10-24,1.033854,1.049479,1.007813,1.049479,0.023305,2294400,1829921580.0,0.015625,1.5113352562354065
1972-10-25,1.049479,1.067708,1.041667,1.052083,0.023363,3753600,1857577830.0,0.0026040000000000507,0.2481231163272491
1972-10-26,1.052083,1.088542,1.052083,1.072917,0.023825,2601600,1862186910.0000002,0.020833999999999797,1.9802620135483413
1972-10-27,1.072917,1.091146,1.072917,1.084635,0.024085,2572800,1899063089.9999998,0.011718000000000117,1.092162767483423
1972-10-30,1.084635,1.092448,1.079427,1.083333,0.024056,1516800,1919803950.0,-0.0013019999999999143,-0.12004038224839825
1972-10-31,1.083333,1.088542,1.078125,1.088542,0.024172,1728000,1917499410.0000002,0.005208999999999797,0.48083091717872495
1972-11-01,1.088542,1.098958,1.088542,1.092448,0.024259,2246400,1926719339.9999998,0.003906000000000187,0.3588285982534608
1972-11-02,1.09375,1.115885,1.09375,1.106771,0.024577,2803200,1935937500.0,0.01302099999999995,1.1904914285714239
1972-11-03,1.117188,1.151042,1.117188,1.148438,0.025502,3504000,1977422760.0000002,0.03125,2.797201545308399
1972-11-06,1.148438,1.158854,1.117188,1.132813,0.025155,3782400,2032735260.0000002,-0.015625,-1.3605436253415508
1972-11-08,1.132813,1.141927,1.098958,1.104167,0.024519,3158400,2005079010.0000002,-0.02864600000000017,-2.5287492286900104
1972-11-09,1.104167,1.108073,1.091146,1.106771,0.024577,2726400,1954375589.9999998,0.0026040000000000507,0.23583389106901861
1972-11-10,1.106771,1.125,1.106771,1.111979,0.024693,2179200,1958984670.0,0.0052080000000001014,0.4705580467865621
1972-11-13,1.115885,1.122396,1.115885,1.119792,0.024866,2764800,1975116450.0,0.003906999999999883,0.350125684994411
1972-11-14,1.119792,1.123698,1.11849,1.122396,0.024924,1411200,1982031839.9999998,0.0026040000000000507,0.23254318659180015
1972-11-15,1.127604,1.132813,1.127604,1.130208,0.025097,2064000,1995859080.0,0.0026040000000000507,0.230932135749789
1972-11-16,1.130208,1.130208,1.126302,1.128906,0.025068,1478400,2000468160.0000002,-0.0013020000000001364,-0.11520003397605895
1972-11-17,1.128906,1.132813,1.127604,1.130208,0.025097,1382400,1998163620.0,0.0013020000000001364,0.11533289751317971
1972-11-20,1.130208,1.138021,1.117188,1.132813,0.025155,4118400,2000468160.0000002,0.0026049999999999685,0.23048854724085904
1972-11-21,1.138021,1.153646,1.138021,1.14974,0.025531,3340800,2014297170.0,0.011719000000000035,1.0297701009032378
1972-11-22,1.14974,1.164063,1.140625,1.164063,0.025849,2390400,2035039800.0,0.014323000000000086,1.245759910936393
1972-11-24,1.164063,1.173177,1.16276,1.173177,0.026052,1699200,2060391510.0000002,0.009113999999999844,0.7829473147071803
1972-11-27,1.173177,1.177083,1.164063,1.177083,0.026138,2534400,2076523289.9999998,0.003906000000000187,0.33294208802253944
1972-11-28,1.179688,1.190104,1.179688,1.186198,0.026341,1766400,2088047760.0000002,0.006510000000000016,0.55184082570985
1972-11-29,1.186198,1.204427,1.182292,1.190104,0.026427,2736000,2099570460.0000002,0.003905999999999965,0.3292873533760776
1972-11-30,1.190104,1.195313,1.183594,1.1875,0.02637,1296000,2106484080.0,-0.0026040000000000507,-0.2188044070098118
1972-12-01,1.1875,1.195313,1.184896,1.19401,0.026514,979200,2101875000.0,0.006510000000000016,0.5482105263157908
1972-12-04,1.19401,1.205729,1.192708,1.200521,0.026659,1142400,2113397700.0,0.0065109999999999335,0.5453053157008679
1972-12-05,1.200521,1.205729,1.196615,1.201823,0.026688,1392000,2124922170.0,0.0013020000000001364,0.10845291336012751
1972-12-06,1.201823,1.205729,1.1875,1.197917,0.026601,1440000,2127226710.0000002,-0.003906000000000187,-0.32500626132135824
1972-12-07,1.197917,1.205729,1.1875,1.205729,0.026774,1670400,2120313089.9999998,0.007812000000000152,0.652131992450241
1972-12-08,1.205729,1.216146,1.190104,1.213542,0.026948,2256000,2134140330.0,0.007812999999999848,0.6479897224002945
1972-12-11,1.213542,1.229167,1.210938,1.213542,0.027023,1392000,2147969340.0,0.0,0.0
1972-12-12,1.213542,1.22526,1.210938,1.213542,0.027023,1622400,2147969340.0,0.0,0.0
1972-12-13,1.213542,1.213542,1.184896,1.192708,0.026559,2995200,2147969340.0,-0.020833999999999797,-1.7167926614818276
1972-12-14,1.1875,1.1875,1.169271,1.179688,0.026269,1132800,2101875000.0,-0.00781199999999993,-0.6578526315789415
1972-12-15,1.179688,1.200521,1.179688,1.197917,0.026675,1113600,2088047760.0000002,0.01822899999999983,1.545239080163554
1972-12-18,1.195313,1.195313,1.1875,1.195313,0.026617,1622400,2115704010.0000002,0.0,0.0
1972-12-19,1.192708,1.192708,1.184896,1.188802,0.026472,1881600,2111093160.0000002,-0.003906000000000187,-0.3274900478574963
1972-12-20,1.188802,1.191406,1.1875,1.190104,0.026501,1161600,2104179539.9999998,0.0013020000000001364,0.10952202301141288
1972-12-21,1.190104,1.190104,1.182292,1.182292,0.026327,1171200,2106484080.0,-0.007812000000000152,-0.6564132210294354
1972-12-22,1.182292,1.208333,1.18099,1.200521,0.026733,2227200,2092656839.9999998,0.01822900000000005,1.5418356886454492
1972-12-26,1.200521,1.205729,1.197917,1.199219,0.026704,480000,2124922170.0,-0.0013019999999999143,-0.10845291336010901
1972-12-27,1.199219,1.21875,1.195313,1.210938,0.026965,1670400,2122617630.0,0.011719000000000035,0.9772193402539516
1972-12-29,1.210938,1.231771,1.210938,1.231771,0.027429,2976000,2143360260.0000002,0.02083299999999988,1.7204018702856694
1973-01-02,1.231771,1.270833,1.229167,1.260417,0.028067,3628800,2180234670.0,0.02864599999999995,2.3255946113360317
1973-01-03,1.260417,1.276042,1.25651,1.273438,0.028357,2476800,2230938090.0,0.013021000000000171,1.033070801171372
1973-01-04,1.273438,1.28125,1.261719,1.28125,0.028531,2592000,2253985260.0,0.00781199999999993,0.6134574278449308
1973-01-05,1.28125,1.296875,1.273438,1.278646,0.028473,3264000,2267812500.0,-0.0026040000000000507,-0.20323902439024788
1973-01-08,1.278646,1.291667,1.276042,1.291667,0.028763,1257600,2263203420.0,0.01302099999999995,1.0183428407862654
1973-01-09,1.291667,1.302083,1.28125,1.299479,0.028937,1977600,2286250590.0,0.007812000000000152,0.6047998439226328
1973-01-10,1.3125,1.333333,1.3125,1.315104,0.029285,1689600,2323125000.0,0.0026040000000000507,0.19840000000000388
1973-01-11,1.341146,1.354167,1.341146,1.341146,0.029864,5164800,2373828420.0,0.0,0.0
1973-01-12,1.35026,1.372396,1.35026,1.359375,0.03027,7804800,2389960200.0,0.009114999999999984,0.6750551745589727
1973-01-15,1.359375,1.364583,1.352865,1.352865,0.030125,2323200,2406093750.0,-0.006510000000000016,-0.47889655172413914
1973-01-16,1.352865,1.369792,1.341146,1.359375,0.03027,6268800,2394571050.0,0.006510000000000016,0.48120100675233785
1973-01-17,1.359375,1.364583,1.354167,1.359375,0.03027,921600,2406093750.0,0.0,0.0
1973-01-18,1.359375,1.380208,1.359375,1.375,0.030618,1507200,2406093750.0,0.015625,1.1494252873563218
1973-01-19,1.375,1.388021,1.373698,1.385417,0.03085,2505600,2433750000.0,0.010416999999999899,0.7575999999999926
1973-01-22,1.385417,1.403646,1.378906,1.395833,0.031082,1305600,2452188090.0,0.010416000000000203,0.7518313980556182
1973-01-23,1.395833,1.424479,1.388021,1.419271,0.031604,7948800,2470624410.0,0.023437999999999848,1.6791406994962752
1973-01-24,1.419271,1.419271,1.385417,1.398438,0.03114,2659200,2512109670.0,-0.02083299999999988,-1.4678662496450559
1973-01-26,1.384115,1.384115,1.341146,1.367188,0.030444,5308800,2449883550.0,-0.016926999999999914,-1.2229475151992366
1973-01-29,1.351563,1.351563,1.309896,1.315104,0.029285,2947200,2392266510.0,-0.03645900000000002,-2.69754351073535
1973-01-30,1.315104,1.320313,1.309896,1.309896,0.029169,2265600,2327734080.0,-0.0052080000000001014,-0.39601430761370215
1973-01-31,1.296875,1.296875,1.244792,1.25,0.027835,7180800,2295468750.0,-0.046875,-3.614457831325301
1973-02-01,1.252604,1.296875,1.252604,1.268229,0.028241,4387200,2217109080.0,0.015625,1.247401413375656
1973-02-02,1.268229,1.34375,1.257813,1.317708,0.029343,7852800,2244765330.0,0.04947900000000005,3.901424742692373
1973-02-05,1.322917,1.335938,1.322917,1.335938,0.029749,4464000,2341563090.0,0.013021000000000171,0.9842643189255389
1973-02-06,1.338542,1.358073,1.338542,1.348958,0.030038,4272000,2369219340.0,0.010416000000000203,0.7781601175009976
1973-02-07,1.348958,1.364583,1.335938,1.341146,0.029864,3321600,2387655660.0,-0.007812000000000152,-0.5791136566149688
1973-02-08,1.341146,1.348958,1.322917,1.335938,0.029749,2985600,2373828420.0,-0.005207999999999879,-0.38832461193634993
1973-02-09,1.356771,1.372396,1.356771,1.359375,0.03027,2092800,2401484670.0,0.0026040000000000507,0.19192627200906054
1973-02-12,1.361979,1.372396,1.361979,1.36849,0.030473,1324800,2410702830.0,0.0065109999999999335,0.4780543606032056
1973-02-13,1.378906,1.398438,1.378906,1.398438,0.03114,2342400,2440663620.0,0.019532000000000105,1.41648524264889
1973-02-14,1.395833,1.395833,1.372396,1.386719,0.030879,2083200,2470624410.0,-0.009114000000000066,-0.6529434395088858
1973-02-15,1.385417,1.385417,1.367188,1.376302,0.030647,2236800,2452188090.0,-0.009114999999999984,-0.657924653732413
1973-02-16,1.376302,1.393229,1.372396,1.385417,0.03085,1315200,2436054540.0,0.009114999999999984,0.6622819700908656
1973-02-20,1.393229,1.40625,1.393229,1.40625,0.031314,1958400,2466015330.0,0.01302099999999995,0.9345915136707569
1973-02-21,1.410156,1.420573,1.410156,1.411458,0.03143,2035200,2495976120.0,0.0013020000000001364,0.09233021027461759
1973-02-22,1.411458,1.419271,1.39974,1.39974,0.031169,2812800,2498280660.0,-0.011718000000000117,-0.8302053621149277
1973-02-23,1.39974,1.402344,1.375,1.380208,0.030734,2419200,2477539800.0,-0.019531999999999883,-1.3954020032291627
1973-02-26,1.34375,1.34375,1.3125,1.338542,0.029806,6537600,2378437500.0,-0.0052080000000001014,-0.38757209302326334
1973-02-27,1.338542,1.342448,1.315104,1.317708,0.029343,3945600,2369219340.0,-0.020833999999999797,-1.5564696513071534
1973-02-28,1.317708,1.328125,1.302083,1.315104,0.029285,4166400,2332343160.0,-0.0026040000000000507,-0.19761586026646652
1973-03-01,1.315104,1.320313,1.296875,1.298177,0.028982,2784000,2327734080.0,-0.016927000000000136,-1.2871225393581143
1973-03-02,1.298177,1.309896,1.265625,1.307292,0.029186,5078400,2297773290.0,0.009114999999999984,0.7021384603178137
1973-03-05,1.325521,1.341146,1.325521,1.338542,0.029883,3254400,2346172170.0,0.01302099999999995,0.9823307212786481
1973-03-06,1.35026,1.380208,1.35026,1.367188,0.030523,1430400,2389960200.0,0.016928000000000054,1.2536844755824843
1973-03-07,1.390625,1.416667,1.390625,1.416667,0.031627,2841600,2461406250.0,0.0260419999999999,1.8726831460674085
1973-03-08,1.416667,1.424479,1.395833,1.40625,0.031395,2198400,2507500590.0,-0.010416999999999899,-0.7353174740429401
1973-03-09,1.403646,1.403646,1.380208,1.393229,0.031104,1852800,2484453420.0,-0.010416999999999899,-0.7421386873898332
1973-03-12,1.393229,1.395833,1.377604,1.377604,0.030755,1392000,2466015330.0,-0.015625,-1.1214954612630086
1973-03-13,1.377604,1.388021,1.377604,1.385417,0.03093,1632000,2438359080.0,0.007812999999999848,0.5671441139833978
1973-03-14,1.385417,1.408854,1.385417,1.408854,0.031453,2112000,2452188090.0,0.023437000000000152,1.6916928260588802
1973-03-15,1.408854,1.411458,1.388021,1.390625,0.031046,2390400,2493671580.0,-0.01822900000000005,-1.293888507964633
1973-03-16,1.390625,1.395833,1.382813,1.388021,0.030988,2976000,2461406250.0,-0.0026040000000000507,-0.1872539325842733
1973-03-19,1.388021,1.388021,1.361979,1.372396,0.030639,1593600,2456797170.0,-0.015625,-1.1257034295590629
1973-03-20,1.367188,1.367188,1.356771,1.367188,0.030523,1881600,2419922760.0,0.0,0.0
1973-03-21,1.367188,1.385417,1.348958,1.348958,0.030116,1843200,2419922760.0,-0.01822999999999997,-1.333393798073123
1973-03-22,1.335938,1.335938,1.315104,1.317708,0.029418,4022400,2364610260.0,-0.01822999999999997,-1.3645842846000313
1973-03-23,1.317708,1.328125,1.286458,1.328125,0.029651,2563200,2332343160.0,0.010416999999999899,0.7905393304131034
1973-03-26,1.330729,1.369792,1.330729,1.369792,0.030581,1161600,2355390330.0,0.03906299999999985,2.9354586846758313
1973-03-27,1.376302,1.398438,1.376302,1.378906,0.030784,1718400,2436054540.0,0.0026040000000000507,0.18920266046260564
1973-03-28,1.378906,1.401042,1.372396,1.395833,0.031162,1632000,2440663620.0,0.016927000000000136,1.2275673613719962
1973-03-29,1.395833,1.408854,1.390625,1.40625,0.031395,2025600,2470624410.0,0.010416999999999899,0.7462927155325815
1973-03-30,1.404948,1.404948,1.385417,1.388021,0.030988,1372800,2486757960.0,-0.016927000000000136,-1.2048132742279525
1973-04-02,1.382813,1.382813,1.354167,1.358073,0.030319,1449600,2447579010.0,-0.024739999999999984,-1.7891066977241306
1973-04-03,1.358073,1.364583,1.34375,1.354167,0.030232,1516800,2403789210.0,-0.003906000000000187,-0.287613405170428
1973-04-04,1.354167,1.358073,1.333333,1.335938,0.029825,1564800,2396875590.0,-0.01822899999999983,-1.3461412071036902
1973-04-05,1.335938,1.338542,1.325521,1.330729,0.029709,1142400,2364610260.0,-0.005209000000000019,-0.38991330435993427
1973-04-06,1.338542,1.369792,1.338542,1.354167,0.030232,1094400,2369219340.0,0.015625,1.1673148844040755
1973-04-09,1.364583,1.385417,1.364583,1.380208,0.030813,1526400,2415311910.0,0.015625,1.1450384476429794
1973-04-10,1.386719,1.393229,1.386719,1.393229,0.031104,643200,2454492630.0,0.006510000000000016,0.4694534364929027
1973-04-11,1.393229,1.414063,1.385417,1.395833,0.031162,2092800,2466015330.0,0.0026040000000000507,0.18690394759225157
1973-04-12,1.393229,1.393229,1.385417,1.388021,0.030988,1180800,2466015330.0,-0.0052080000000001014,-0.37380789518450314
1973-04-13,1.382813,1.382813,1.354167,1.372396,0.030639,1843200,2447579010.0,-0.01041700000000012,-0.7533195016245956
1973-04-16,1.372396,1.382813,1.361979,1.377604,0.030755,921600,2429140920.0,0.0052080000000001014,0.37948230685604606
1973-04-17,1.372396,1.372396,1.341146,1.346354,0.030058,1708800,2429140920.0,-0.0260419999999999,-1.8975572648127728
1973-04-18,1.341146,1.341146,1.325521,1.335938,0.029825,2121600,2373828420.0,-0.005207999999999879,-0.38832461193634993
1973-04-19,1.335938,1.35026,1.333333,1.346354,0.030058,3657600,2364610260.0,0.01041599999999998,0.779676901173556
1973-04-23,1.342448,1.342448,1.338542,1.339844,0.029912,758400,2376132960.0,-0.0026040000000000507,-0.19397399377853375
1973-04-24,1.328125,1.328125,1.291667,1.296875,0.028953,1680000,2350781250.0,-0.03125,-2.3529411764705883
1973-04-25,1.296875,1.296875,1.210938,1.236979,0.027616,8726400,2295468750.0,-0.05989599999999995,-4.618486746987948
1973-04-26,1.236979,1.259115,1.231771,1.259115,0.02811,4617600,2189452830.0,0.022135999999999934,1.7895210832196775
1973-04-27,1.259115,1.263021,1.231771,1.231771,0.0275,2630400,2228633550.0,-0.027344000000000035,-2.1716840796908965
1973-04-30,1.231771,1.239583,1.221354,1.229167,0.027441,1680000,2180234670.0,-0.0026040000000000507,-0.2114029312266688
1973-05-01,1.229167,1.252604,1.21875,1.247396,0.027848,3360000,2175625590.0,0.01822900000000005,1.483036885956103
1973-05-02,1.247396,1.291667,1.236979,1.270833,0.028372,2870400,2207890920.0,0.023437000000000152,1.8788740704636022
1973-05-03,1.270833,1.325521,1.257813,1.317708,0.029418,1968000,2249374410.0,0.046875,3.6885255576460474
1973-05-04,1.317708,1.338542,1.3125,1.322917,0.029534,6403200,2332343160.0,0.005208999999999797,0.39530760988017044
1973-05-07,1.317708,1.317708,1.291667,1.291667,0.028837,1420800,2332343160.0,-0.026041000000000203,-1.9762344920119028
1973-05-08,1.291667,1.307292,1.257813,1.304688,0.029127,3820800,2286250590.0,0.013021000000000171,1.0080771592059077
1973-05-09,1.304688,1.333333,1.289063,1.289063,0.028779,2755200,2309297760.0,-0.015625,-1.1976043314570226
1973-05-10,1.289063,1.302083,1.260417,1.289063,0.028779,1632000,2281641510.0,0.0,0.0
1973-05-11,1.289063,1.291667,1.263021,1.265625,0.028255,3408000,2281641510.0,-0.02343800000000007,-1.8182199008116802
1973-05-14,1.25651,1.25651,1.221354,1.221354,0.027267,3388800,2224022700.0,-0.035155999999999965,-2.797908492570689
1973-05-15,1.221354,1.222656,1.1875,1.208333,0.026976,6105600,2161796580.0,-0.01302099999999995,-1.0661118725611043
1973-05-16,1.208333,1.216146,1.19401,1.203125,0.02686,5616000,2138749410.0000002,-0.0052080000000001014,-0.43100701545021947
1973-05-17,1.197917,1.197917,1.158854,1.158854,0.025872,5932800,2120313089.9999998,-0.03906299999999985,-3.260910396964051
1973-05-18,1.135417,1.135417,1.088542,1.115885,0.024912,7862400,2009688089.9999998,-0.019531999999999883,-1.7202490362571536
1973-05-21,1.111979,1.111979,1.091146,1.104167,0.024651,5961600,1968202830.0,-0.007812000000000152,-0.7025312528384215
1973-05-22,1.114583,1.153646,1.114583,1.132813,0.02529,4742400,1972811910.0000002,0.01822999999999997,1.63558927419492
1973-05-23,1.138021,1.182292,1.138021,1.164063,0.025988,2160000,2014297170.0,0.02604200000000012,2.288358474931493
1973-05-24,1.164063,1.239583,1.158854,1.239583,0.027674,3216000,2060391510.0000002,0.07552000000000003,6.4876213744445135
1973-05-25,1.239583,1.244792,1.203125,1.244792,0.02779,4128000,2194061910.0,0.005208999999999797,0.42022196174034304
1973-05-29,1.242188,1.242188,1.221354,1.226563,0.027383,1296000,2198672760.0,-0.015625,-1.2578611289112438
1973-05-30,1.221354,1.221354,1.192708,1.192708,0.026627,1161600,2161796580.0,-0.02864599999999995,-2.345429744365675
1973-05-31,1.192708,1.208333,1.182292,1.192708,0.026627,1862400,2111093160.0000002,0.0,0.0
1973-06-01,1.192708,1.195313,1.169271,1.195313,0.026686,1593600,2111093160.0000002,0.0026049999999999685,0.21841054138984298
1973-06-04,1.192708,1.192708,1.182292,1.1875,0.026511,1084800,2111093160.0000002,-0.0052080000000001014,-0.4366533971433159
1973-06-05,1.1875,1.229167,1.1875,1.205729,0.026918,2131200,2101875000.0,0.01822900000000005,1.5350736842105306
1973-06-06,1.205729,1.229167,1.197917,1.197917,0.026744,2870400,2134140330.0,-0.007812000000000152,-0.6479067850238446
1973-06-07,1.197917,1.21875,1.192708,1.208333,0.026976,2092800,2120313089.9999998,0.010416000000000203,0.8695093232669879
1973-06-08,1.208333,1.265625,1.208333,1.25,0.027906,2304000,2138749410.0000002,0.0416669999999999,3.448304399532239
1973-06-11,1.25,1.260417,1.231771,1.244792,0.027865,1632000,2212500000.0,-0.0052080000000001014,-0.4166400000000081
1973-06-12,1.244792,1.286458,1.244792,1.286458,0.028798,1180800,2203281840.0,0.0416660000000002,3.347225881914425
1973-06-13,1.286458,1.294271,1.265625,1.276042,0.028565,1814400,2277030660.0,-0.010416000000000203,-0.8096649871196885
1973-06-14,1.276042,1.296875,1.264323,1.276042,0.028565,1660800,2258594340.0,0.0,0.0
1973-06-15,1.276042,1.28125,1.260417,1.260417,0.028215,1977600,2258594340.0,-0.015625,-1.2244894760517286
1973-06-18,1.248698,1.248698,1.21875,1.21875,0.027282,1497600,2210195460.0,-0.029948000000000086,-2.3983381089743143
1973-06-19,1.21875,1.229167,1.205729,1.226563,0.027457,2016000,2157187500.0,0.00781300000000007,0.6410666666666724
1973-06-20,1.226563,1.231771,1.216146,1.216146,0.027224,844800,2171016510.0,-0.01041700000000012,-0.8492837302282982
1973-06-21,1.216146,1.216146,1.1875,1.1875,0.026583,2784000,2152578420.0,-0.02864599999999995,-2.3554737671299293
1973-06-22,1.209635,1.223958,1.209635,1.223958,0.027399,1622400,2141053950.0,0.014323000000000086,1.1840761882716757
1973-06-25,1.213542,1.213542,1.205729,1.207031,0.02702,1190400,2147969340.0,-0.0065109999999999335,-0.5365286079921366
1973-06-26,1.207031,1.239583,1.203125,1.239583,0.027749,1065600,2136444870.0,0.032552000000000136,2.696865283493145
1973-06-27,1.239583,1.251302,1.236979,1.247396,0.027924,470400,2194061910.0,0.007812999999999848,0.6302926064652264
1973-06-28,1.251302,1.286458,1.251302,1.28125,0.028682,1680000,2214804540.0,0.029948000000000086,2.3933470896714053
1973-06-29,1.28125,1.28125,1.260417,1.273438,0.028507,1315200,2267812500.0,-0.00781199999999993,-0.6097170731707262
1973-07-02,1.270833,1.270833,1.260417,1.261719,0.028244,1382400,2249374410.0,-0.009114000000000066,-0.7171674012242416
1973-07-03,1.257813,1.257813,1.236979,1.244792,0.027865,2112000,2226329010.0,-0.013021000000000171,-1.035209526376351
1973-07-05,1.244792,1.244792,1.226563,1.235677,0.027661,1488000,2203281840.0,-0.009114999999999984,-0.7322508499411938
1973-07-06,1.234375,1.234375,1.220052,1.220052,0.027312,566400,2184843750.0,-0.014323000000000086,-1.1603443037974754
1973-07-09,1.220052,1.234375,1.200521,1.234375,0.027632,1257600,2159492040.0,0.014323000000000086,1.1739663555323943
1973-07-10,1.234375,1.252604,1.226563,1.239583,0.027749,1152000,2184843750.0,0.0052080000000001014,0.4219139240506411
1973-07-11,1.239583,1.270833,1.236979,1.270833,0.028448,1430400,2194061910.0,0.03125,2.521009081279753
1973-07-12,1.270833,1.286458,1.257813,1.278646,0.028623,2457600,2249374410.0,0.007812999999999848,0.6147936038802775
1973-07-13,1.273438,1.273438,1.239583,1.24349,0.027836,2726400,2253985260.0,-0.029948000000000086,-2.351743861891987
1973-07-16,1.24349,1.27474,1.239583,1.273438,0.028507,1632000,2200977300.0,0.029948000000000086,2.4083828579240754
1973-07-17,1.273438,1.290365,1.265625,1.277344,0.028594,2227200,2253985260.0,0.003905999999999965,0.3067287139224654
1973-07-18,1.277344,1.294271,1.270833,1.291667,0.028915,1305600,2260898880.0,0.014322999999999864,1.1213110955232
1973-07-19,1.291667,1.300781,1.276042,1.276042,0.028565,1728000,2286250590.0,-0.015625,-1.2096771071801014
1973-07-20,1.276042,1.28125,1.270833,1.270833,0.028448,940800,2258594340.0,-0.005208999999999797,-0.4082154035682052
1973-07-23,1.263021,1.263021,1.242188,1.260417,0.028215,1449600,2235547170.0,-0.0026040000000000507,-0.20617234392777717
1973-07-24,1.260417,1.269531,1.242188,1.269531,0.028419,1718400,2230938090.0,0.009114000000000066,0.723094023644561
1973-07-25,1.286458,1.296875,1.286458,1.289063,0.028856,4224000,2277030660.0,0.0026049999999999685,0.2024939795935793
1973-07-26,1.289063,1.315104,1.286458,1.302083,0.029148,3993600,2281641510.0,0.013020000000000032,1.0100359718648375
1973-07-27,1.303385,1.316406,1.303385,1.309896,0.029323,1843200,2306991450.0,0.0065109999999999335,0.4995454144400874
1973-07-30,1.307292,1.307292,1.289063,1.307292,0.029265,1459200,2313906840.0,0.0,0.0
1973-07-31,1.307292,1.317708,1.296875,1.296875,0.029031,1776000,2313906840.0,-0.010416999999999899,-0.7968380438341166
1973-08-01,1.289063,1.289063,1.278646,1.282552,0.028711,720000,2281641510.0,-0.0065110000000001556,-0.5050955616599154
1973-08-02,1.282552,1.317708,1.276042,1.296875,0.029031,1401600,2270117040.0,0.014323000000000086,1.116757839058384
1973-08-03,1.296875,1.304688,1.278646,1.302083,0.029148,844800,2295468750.0,0.0052080000000001014,0.4015807228915741
1973-08-06,1.302083,1.304688,1.286458,1.296875,0.029031,787200,2304686910.0,-0.0052080000000001014,-0.39997450239348037
1973-08-07,1.298177,1.309896,1.298177,1.308594,0.029294,1084800,2297773290.0,0.01041700000000012,0.8024329502063372
1973-08-08,1.308594,1.309896,1.299479,1.304688,0.029206,768000,2316211380.0,-0.003905999999999965,-0.2984883011843219
1973-08-09,1.304688,1.325521,1.299479,1.304688,0.029206,1324800,2309297760.0,0.0,0.0
1973-08-10,1.304688,1.317708,1.302083,1.3125,0.029381,2476800,2309297760.0,0.00781199999999993,0.5987638423898993
1973-08-13,1.309896,1.309896,1.296875,1.300781,0.029119,1603200,2318515920.0,-0.009114999999999984,-0.6958567703084814
1973-08-14,1.296875,1.296875,1.28125,1.28125,0.028682,844800,2295468750.0,-0.015625,-1.2048192771084338
1973-08-15,1.28125,1.291667,1.277344,1.289063,0.028856,643200,2267812500.0,0.00781300000000007,0.609795121951225
1973-08-16,1.289063,1.307292,1.28125,1.28125,0.028682,2092800,2281641510.0,-0.00781300000000007,-0.6060991588463922
1973-08-17,1.273438,1.273438,1.244792,1.25,0.027982,1881600,2253985260.0,-0.02343800000000007,-1.8405293386878723
1973-08-20,1.25,1.253906,1.22526,1.230469,0.027545,662400,2212500000.0,-0.019530999999999965,-1.5624799999999972
1973-08-21,1.230469,1.244792,1.213542,1.223958,0.027399,1497600,2177930130.0,-0.0065109999999999335,-0.5291478289985309
1973-08-22,1.223958,1.239583,1.216146,1.236979,0.027691,1017600,2166405660.0,0.01302099999999995,1.0638436939829592
1973-08-23,1.236979,1.25,1.214844,1.231771,0.027574,3523200,2189452830.0,-0.0052080000000001014,-0.42102574093821327
1973-08-24,1.223958,1.223958,1.197917,1.203125,0.026933,3552000,2166405660.0,-0.0208330000000001,-1.7021008890828033
1973-08-27,1.203125,1.205729,1.192708,1.205729,0.026991,4828800,2129531250.0,0.0026040000000000507,0.21643636363636787
1973-08-28,1.208333,1.223958,1.208333,1.210938,0.027108,2908800,2138749410.0000002,0.0026049999999999685,0.2155862663686226
1973-08-29,1.210938,1.239583,1.210938,1.239583,0.027749,5558400,2143360260.0000002,0.02864500000000003,2.365521603913663
1973-08-30,1.239583,1.239583,1.208333,1.216146,0.027224,13315200,2194061910.0,-0.023437000000000152,-1.8907164748145264
1973-08-31,1.21875,1.223958,1.21875,1.223958,0.027399,1958400,2157187500.0,0.0052080000000001014,0.4273230769230853
1973-09-04,1.223958,1.226563,1.197917,1.197917,0.026816,4156800,2166405660.0,-0.026041000000000203,-2.127605685816033
1973-09-05,1.184896,1.184896,1.114583,1.114583,0.024951,7795200,2097265920.0,-0.07031299999999985,-5.934107297180499
1973-09-06,1.114583,1.161458,1.114583,1.143229,0.025592,4300800,1972811910.0000002,0.02864599999999995,2.570109179845731
1973-09-07,1.148438,1.171875,1.148438,1.158854,0.025942,4483200,2032735260.0000002,0.01041599999999998,0.9069710336996843
1973-09-10,1.153646,1.153646,1.140625,1.145833,0.025731,3667200,2041953420.0,-0.007812999999999848,-0.6772441459511711
1973-09-11,1.140625,1.140625,1.11849,1.138021,0.025556,2774400,2018906250.0,-0.0026040000000000507,-0.22829589041096335
1973-09-12,1.138021,1.151042,1.138021,1.145833,0.025731,2035200,2014297170.0,0.007812000000000152,0.6864548193750513
1973-09-13,1.145833,1.148438,1.132813,1.145833,0.025731,2572800,2028124410.0000002,0.0,0.0
1973-09-14,1.151042,1.179688,1.151042,1.179688,0.026491,2611200,2037344339.9999998,0.02864600000000017,2.4887015417335054
1973-09-17,1.179688,1.192708,1.164063,1.166667,0.026199,2688000,2088047760.0000002,-0.013021000000000171,-1.1037664195957042
1973-09-18,1.166667,1.179688,1.148438,1.174479,0.026374,3014400,2065000589.9999998,0.007812000000000152,0.6695998086857821
1973-09-19,1.174479,1.195313,1.166667,1.1875,0.026667,2486400,2078827830.0,0.01302099999999995,1.1086617981249514
1973-09-20,1.1875,1.190104,1.177083,1.177083,0.026433,1718400,2101875000.0,-0.010416999999999899,-0.8772210526315704
1973-09-21,1.177083,1.177083,1.151042,1.177083,0.026433,5529600,2083436910.0000002,0.0,0.0
1973-09-24,1.177083,1.179688,1.166667,1.169271,0.026257,1920000,2083436910.0000002,-0.007812000000000152,-0.6636745242264268
1973-09-25,1.169271,1.18099,1.161458,1.177083,0.026433,3484800,2069609670.0,0.007812000000000152,0.6681085907373185
1973-09-26,1.177083,1.182292,1.166667,1.169271,0.026257,2313600,2083436910.0000002,-0.007812000000000152,-0.6636745242264268
1973-09-27,1.169271,1.170573,1.151042,1.151042,0.025848,2563200,2069609670.0,-0.01822900000000005,-1.5590055684268276
1973-09-28,1.148438,1.148438,1.114583,1.138021,0.025556,6115200,2032735260.0000002,-0.01041700000000012,-0.9070581084917184
1973-10-01,1.132813,1.132813,1.096354,1.10026,0.024708,2361600,2005079010.0000002,-0.032553000000000054,-2.873642869564531
1973-10-02,1.10026,1.106771,1.074219,1.088542,0.024445,5020800,1947460200.0,-0.011718000000000117,-1.065020995037547
1973-10-03,1.088542,1.096354,1.015625,1.052083,0.023626,11203200,1926719339.9999998,-0.0364589999999998,-3.3493425150338525
1973-10-04,1.058594,1.09375,1.058594,1.070313,0.024035,7968000,1873711380.0,0.011719000000000035,1.1070344249070025
1973-10-05,1.074219,1.171875,1.074219,1.145833,0.025731,5395200,1901367630.0,0.07161400000000007,6.666610812134217
1973-10-08,1.145833,1.184896,1.127604,1.183594,0.026579,3369600,2028124410.0000002,0.037760999999999934,3.295506413238223
1973-10-09,1.183594,1.200521,1.174479,1.190104,0.026725,3292800,2094961380.0,0.006510000000000016,0.5500196858044242
1973-10-10,1.1875,1.1875,1.173177,1.179688,0.026491,2409600,2101875000.0,-0.00781199999999993,-0.6578526315789415
1973-10-11,1.179688,1.203125,1.177083,1.19401,0.026813,5577600,2088047760.0000002,0.014321999999999946,1.2140498165616624
1973-10-12,1.19401,1.203125,1.184896,1.197917,0.026901,1382400,2113397700.0,0.003906999999999883,0.32721668997746106
1973-10-15,1.197917,1.205729,1.191406,1.197917,0.026901,1084800,2120313089.9999998,0.0,0.0
1973-10-16,1.197917,1.21875,1.179688,1.213542,0.027252,2371200,2120313089.9999998,0.015625,1.3043474631380974
1973-10-17,1.213542,1.220052,1.195313,1.196615,0.026872,681600,2147969340.0,-0.016926999999999914,-1.3948425353222151
1973-10-18,1.196615,1.213542,1.192708,1.192708,0.026784,3120000,2118008550.0,-0.003906999999999883,-0.32650434768073966
1973-10-19,1.192708,1.203125,1.192708,1.197917,0.026901,1833600,2111093160.0000002,0.005208999999999797,0.43673723996148234
1973-10-22,1.197917,1.208333,1.179688,1.203125,0.027018,960000,2120313089.9999998,0.0052080000000001014,0.43475466163349397
1973-10-23,1.203125,1.231771,1.1875,1.207031,0.027105,1468800,2129531250.0,0.003905999999999965,0.32465454545454253
1973-10-24,1.207031,1.222656,1.197917,1.21224,0.027222,1824000,2136444870.0,0.005209000000000019,0.4315547819401506
1973-10-25,1.21224,1.252604,1.208333,1.248698,0.028041,1132800,2145664800.0,0.0364580000000001,3.007490265953945
1973-10-26,1.248698,1.263021,1.231771,1.233073,0.02769,1036800,2210195460.0,-0.015625,-1.2513033575772523
1973-10-29,1.236979,1.25,1.236979,1.239583,0.027836,1814400,2189452830.0,0.0026040000000000507,0.21051287046910663
1973-10-30,1.236979,1.236979,1.192708,1.195313,0.026842,5270400,2189452830.0,-0.04166599999999998,-3.3683676117379506
1973-10-31,1.195313,1.226563,1.177083,1.200521,0.026959,6873600,2115704010.0000002,0.005207999999999879,0.43570177852996483
1973-11-01,1.200521,1.213542,1.195313,1.196615,0.026872,556800,2124922170.0,-0.003905999999999965,-0.32535874008034554
1973-11-02,1.195313,1.195313,1.184896,1.195313,0.026842,1478400,2115704010.0000002,0.0,0.0
1973-11-05,1.1875,1.1875,1.171875,1.177083,0.026433,2563200,2101875000.0,-0.010416999999999899,-0.8772210526315704
1973-11-06,1.177083,1.1875,1.166667,1.18099,0.026521,3984000,2083436910.0000002,0.003906999999999883,0.33192221788946763
1973-11-07,1.18099,1.18099,1.171875,1.179688,0.026491,1113600,2090352300.0,-0.0013019999999999143,-0.1102464881158955
1973-11-08,1.179688,1.18099,1.174479,1.177083,0.026433,1929600,2088047760.0000002,-0.0026049999999999685,-0.2208210984599291
1973-11-09,1.174479,1.174479,1.165365,1.165365,0.02617,1747200,2078827830.0,-0.009114000000000066,-0.7760036577920989
1973-11-12,1.165365,1.166667,1.157552,1.161458,0.026082,892800,2062696050.0,-0.003906999999999883,-0.33525976839873195
1973-11-13,1.161458,1.169271,1.151042,1.15625,0.025965,3331200,2055780660.0000002,-0.0052080000000001014,-0.44840192241132276
1973-11-14,1.15625,1.184896,1.148438,1.14974,0.025819,2534400,2046562500.0,-0.006510000000000016,-0.5630270270270284
1973-11-15,1.14974,1.182292,1.147135,1.170573,0.026287,1449600,2035039800.0,0.0208330000000001,1.8119748812775152
1973-11-16,1.170573,1.229167,1.164063,1.22526,0.027515,2745600,2071914210.0000002,0.05468699999999993,4.671814572863028
1973-11-19,1.21875,1.21875,1.19401,1.195313,0.026842,902400,2157187500.0,-0.02343699999999993,-1.9230358974358917
1973-11-20,1.192708,1.192708,1.161458,1.166667,0.026199,1267200,2111093160.0000002,-0.026041000000000203,-2.183350828534746
1973-11-21,1.166667,1.203125,1.164063,1.164063,0.02614,2563200,2065000589.9999998,-0.0026039999999998287,-0.22319993622857498
1973-11-23,1.164063,1.164063,1.15625,1.15625,0.025965,566400,2060391510.0000002,-0.00781300000000007,-0.671183604323827
1973-11-26,1.145833,1.145833,1.111979,1.122396,0.025205,2736000,2028124410.0000002,-0.023437000000000152,-2.0454115041197234
1973-11-27,1.122396,1.140625,1.114583,1.127604,0.025322,1843200,1986640920.0,0.0052080000000001014,0.4640073556926523
1973-11-28,1.127604,1.15625,1.125,1.130208,0.02538,3657600,1995859080.0,0.0026040000000000507,0.230932135749789
1973-11-29,1.130208,1.148438,1.119792,1.127604,0.025322,2947200,2000468160.0000002,-0.0026040000000000507,-0.23040006795209825
1973-11-30,1.127604,1.140625,1.119792,1.126302,0.025293,1440000,1995859080.0,-0.0013020000000001364,-0.11546606787490434
1973-12-03,1.122396,1.122396,1.109375,1.111979,0.024971,1401600,1986640920.0,-0.010416999999999899,-0.9281038064996577
1973-12-04,1.114583,1.153646,1.114583,1.138021,0.025556,1689600,1972811910.0000002,0.023437999999999848,2.102849227020316
1973-12-05,1.138021,1.16276,1.130208,1.154948,0.025936,2208000,2014297170.0,0.016927000000000136,1.4874066471532719
1973-12-06,1.158854,1.203125,1.158854,1.203125,0.027018,2486400,2051171580.0,0.04427099999999995,3.820239650551316
1973-12-07,1.203125,1.21875,1.184896,1.200521,0.026959,2716800,2129531250.0,-0.0026040000000000507,-0.21643636363636787
1973-12-10,1.200521,1.221354,1.179688,1.221354,0.027511,3216000,2124922170.0,0.0208330000000001,1.7353299109303462
1973-12-11,1.221354,1.229167,1.161458,1.16276,0.026191,2380800,2161796580.0,-0.058594000000000035,-4.7974624883530925
1973-12-12,1.15625,1.15625,1.132813,1.132813,0.025516,1833600,2046562500.0,-0.02343699999999993,-2.026983783783778
1973-12-13,1.132813,1.138021,1.10026,1.111979,0.025047,4492800,2005079010.0000002,-0.02083400000000002,-1.839138498587147
1973-12-14,1.113281,1.171875,1.113281,1.148438,0.025868,1987200,1970507370.0,0.035157000000000105,3.1579628144197294
1973-12-17,1.148438,1.151042,1.117188,1.117188,0.025164,1574400,2032735260.0000002,-0.03125,-2.7210872506831016
1973-12-18,1.117188,1.153646,1.114583,1.14974,0.025898,1728000,1977422760.0000002,0.032551999999999914,2.9137441504921204
1973-12-19,1.14974,1.166667,1.117188,1.125,0.02534,1478400,2035039800.0,-0.024739999999999984,-2.1517908396680974
1973-12-20,1.125,1.153646,1.125,1.130208,0.025458,2131200,1991250000.0,0.0052080000000001014,0.46293333333334236
1973-12-21,1.130208,1.139323,1.122396,1.122396,0.025282,873600,2000468160.0000002,-0.007812000000000152,-0.6912002038562948
1973-12-24,1.122396,1.135417,1.121094,1.132813,0.025516,902400,1986640920.0,0.01041700000000012,0.9281038064996775
1973-12-26,1.138021,1.166667,1.138021,1.161458,0.026161,1718400,2014297170.0,0.023437000000000152,2.0594523299658047
1973-12-27,1.182292,1.210938,1.182292,1.200521,0.027041,3676800,2092656839.9999998,0.01822900000000005,1.5418356886454492
1973-12-28,1.200521,1.210938,1.195313,1.195313,0.026924,1104000,2124922170.0,-0.005207999999999879,-0.4338116534404545
1973-12-31,1.195313,1.205729,1.184896,1.195313,0.026924,537600,2115704010.0000002,0.0,0.0
1974-01-02,1.195313,1.205729,1.169271,1.1875,0.026748,979200,2115704010.0000002,-0.00781300000000007,-0.6536363278906921
1974-01-03,1.192708,1.216146,1.192708,1.197917,0.026983,1718400,2111093160.0000002,0.005208999999999797,0.43673723996148234
1974-01-04,1.197917,1.197917,1.179688,1.1875,0.026748,1420800,2120313089.9999998,-0.010416999999999899,-0.8695928015046034
1974-01-07,1.1875,1.1875,1.171875,1.174479,0.026455,1420800,2101875000.0,-0.01302099999999995,-1.0965052631578904
1974-01-08,1.161458,1.161458,1.138021,1.138021,0.025634,2870400,2055780660.0000002,-0.023437000000000152,-2.0178947495303445
1974-01-09,1.138021,1.139323,1.109375,1.114583,0.025106,2304000,2014297170.0,-0.023437999999999848,-2.0595402018064557
1974-01-10,1.114583,1.122396,1.046875,1.046875,0.023581,3436800,1972811910.0000002,-0.0677080000000001,-6.074738265342294
1974-01-11,1.049479,1.109375,1.049479,1.101563,0.024812,3936000,1857577830.0,0.05208400000000002,4.962843468044622
1974-01-14,1.101563,1.114583,1.098958,1.101563,0.024812,2966400,1949766510.0000002,0.0,0.0
1974-01-15,1.101563,1.143229,1.101563,1.110677,0.025018,1430400,1949766510.0000002,0.009113999999999844,0.8273698372221874
1974-01-16,1.119792,1.145833,1.119792,1.145833,0.02581,1209600,1982031839.9999998,0.026041000000000203,2.325521168216973
1974-01-17,1.15625,1.195313,1.15625,1.19401,0.026895,2611200,2046562500.0,0.037760000000000016,3.265729729729731
1974-01-18,1.179688,1.179688,1.15625,1.161458,0.026161,1708800,2088047760.0000002,-0.01822999999999997,-1.5453238483395582
1974-01-21,1.161458,1.196615,1.157552,1.192708,0.026865,1526400,2055780660.0000002,0.03125,2.690583731826721
1974-01-22,1.192708,1.195313,1.169271,1.177083,0.026513,1555200,2111093160.0000002,-0.015625,-1.310044034248114
1974-01-23,1.177083,1.18099,1.166667,1.177083,0.026513,2688000,2083436910.0000002,0.0,0.0
1974-01-24,1.175781,1.175781,1.161458,1.171875,0.026396,1814400,2081132370.0,-0.003905999999999965,-0.33220472179767874
1974-01-25,1.166667,1.166667,1.15625,1.15625,0.026044,576000,2065000589.9999998,-0.010416999999999899,-0.8928854591755745
1974-01-28,1.15625,1.164063,1.140625,1.15625,0.026044,844800,2046562500.0,0.0,0.0
1974-01-29,1.15625,1.161458,1.148438,1.151042,0.025927,1123200,2046562500.0,-0.0052080000000001014,-0.45042162162163035
1974-01-30,1.158854,1.18099,1.158854,1.18099,0.026601,1056000,2051171580.0,0.022135999999999934,1.9101629713492754
1974-01-31,1.18099,1.191406,1.153646,1.153646,0.025986,1008000,2090352300.0,-0.027344000000000035,-2.3153455998780714
1974-02-01,1.153646,1.158854,1.138021,1.158854,0.026103,902400,2041953420.0,0.0052080000000001014,0.4514383094987632
1974-02-04,1.15625,1.15625,1.130208,1.130208,0.025458,2524800,2046562500.0,-0.0260419999999999,-2.252281081081072
1974-02-05,1.130208,1.143229,1.106771,1.111979,0.025047,2131200,2000468160.0000002,-0.01822900000000005,-1.612888954953429
1974-02-06,1.114583,1.148438,1.114583,1.135417,0.025575,4339200,1972811910.0000002,0.020833999999999797,1.869219250607608
1974-02-07,1.138021,1.153646,1.138021,1.148438,0.025868,1449600,2014297170.0,0.01041700000000012,0.915360964340739
1974-02-08,1.148438,1.151042,1.125,1.126302,0.02537,1248000,2032735260.0000002,-0.022136000000000156,-1.9274875961958897
1974-02-11,1.117188,1.117188,1.10026,1.10026,0.024783,1161600,1977422760.0000002,-0.016928000000000054,-1.5152328882873833
1974-02-12,1.098958,1.098958,1.082031,1.085938,0.02446,1574400,1945155660.0000002,-0.013020000000000032,-1.1847586531969403
1974-02-13,1.085938,1.088542,1.0625,1.063802,0.023962,2918400,1922110260.0000002,-0.022136000000000156,-2.0384220830286957
1974-02-14,1.065104,1.080729,1.065104,1.076823,0.024255,1238400,1885234080.0,0.011719000000000035,1.100268142829248
1974-02-15,1.076823,1.104167,1.074219,1.088542,0.024519,2803200,1905976710.0000002,0.011718999999999813,1.0882939907486944
1974-02-19,1.088542,1.109375,1.0625,1.0625,0.023932,1766400,1926719339.9999998,-0.0260419999999999,-2.392374387024102
1974-02-20,1.0625,1.101563,1.059896,1.09375,0.024636,2688000,1880625000.0,0.03125,2.941176470588235
1974-02-21,1.09375,1.104167,1.091146,1.095052,0.024666,3974400,1935937500.0,0.0013019999999999143,0.11903999999999217
1974-02-22,1.095052,1.097656,1.072917,1.09375,0.024636,3657600,1938242039.9999998,-0.0013019999999999143,-0.11889846326931638
1974-02-25,1.09375,1.109375,1.091146,1.097656,0.024724,1468800,1935937500.0,0.003905999999999965,0.3571199999999968
1974-02-26,1.097656,1.115885,1.09375,1.115885,0.025135,1190400,1942851120.0,0.01822900000000005,1.660720662939942
1974-02-27,1.115885,1.143229,1.111979,1.117188,0.025164,2563200,1975116450.0,0.0013030000000000541,0.11676830497766831
1974-02-28,1.117188,1.126302,1.096354,1.119792,0.025223,1276800,1977422760.0000002,0.0026039999999998287,0.23308521036744292
1974-03-01,1.119792,1.125,1.101563,1.111979,0.025047,1488000,1982031839.9999998,-0.007812999999999848,-0.6977188620743717
1974-03-04,1.105469,1.105469,1.096354,1.105469,0.0249,1152000,1956680130.0,0.0,0.0
1974-03-05,1.111979,1.143229,1.111979,1.123698,0.025395,2995200,1968202830.0,0.011719000000000035,1.0538868090134828
1974-03-06,1.121094,1.121094,1.104167,1.109375,0.025071,2169600,1984336380.0,-0.011719000000000035,-1.0453182337966338
1974-03-07,1.10026,1.10026,1.080729,1.09375,0.024718,969600,1947460200.0,-0.006510000000000016,-0.5916783305764106
1974-03-08,1.09375,1.111979,1.078125,1.097656,0.024806,2284800,1935937500.0,0.003905999999999965,0.3571199999999968
1974-03-11,1.097656,1.104167,1.085938,1.10026,0.024865,1161600,1942851120.0,0.0026040000000000507,0.2372327942451962
1974-03-12,1.10026,1.108073,1.09375,1.101563,0.024894,2025600,1947460200.0,0.0013030000000000541,0.11842655372367022
1974-03-13,1.104167,1.119792,1.104167,1.109375,0.025071,3302400,1954375589.9999998,0.0052080000000001014,0.47166778213803723
1974-03-14,1.109375,1.125,1.106771,1.109375,0.025071,3321600,1963593750.0,0.0,0.0
1974-03-15,1.104167,1.104167,1.09375,1.104167,0.024953,1507200,1954375589.9999998,0.0,0.0
1974-03-18,1.104167,1.119792,1.097656,1.105469,0.024983,1526400,1954375589.9999998,0.0013020000000001364,0.11791694553451937
1974-03-19,1.104167,1.104167,1.096354,1.097656,0.024806,1113600,1954375589.9999998,-0.0065109999999999335,-0.5896752936829243
1974-03-20,1.09375,1.09375,1.088542,1.09375,0.024718,1353600,1935937500.0,0.0,0.0
1974-03-21,1.09375,1.098958,1.088542,1.088542,0.0246,585600,1935937500.0,-0.0052080000000001014,-0.47616000000000924
1974-03-22,1.085938,1.085938,1.072917,1.072917,0.024247,1756800,1922110260.0000002,-0.013021000000000171,-1.1990555630247925
1974-03-25,1.072917,1.072917,1.053385,1.067708,0.024129,2428800,1899063089.9999998,-0.005208999999999797,-0.48549887829159183
1974-03-26,1.067708,1.075521,1.0625,1.0625,0.024012,1785600,1889843160.0000002,-0.0052080000000001014,-0.48777381081719917
1974-03-27,1.057292,1.057292,1.046875,1.048177,0.023688,1267200,1871406839.9999998,-0.009114999999999984,-0.8621081025866068
1974-03-28,1.041667,1.041667,1.026042,1.028646,0.023247,3312000,1843750589.9999998,-0.01302099999999995,-1.2500155999950033
1974-03-29,1.028646,1.03125,1.020833,1.027344,0.023217,2016000,1820703420.0,-0.0013019999999999143,-0.12657415670696376
1974-04-01,1.027344,1.032552,1.023438,1.026042,0.023188,1958400,1818398880.0,-0.0013020000000001364,-0.12673456992011795
1974-04-02,1.026042,1.03125,1.023438,1.028646,0.023247,1488000,1816094339.9999998,0.0026040000000000507,0.2537907804943707
1974-04-03,1.028646,1.035156,1.026042,1.035156,0.023394,1545600,1820703420.0,0.006510000000000016,0.6328707835348619
1974-04-04,1.035156,1.044271,1.03125,1.033854,0.023364,1363200,1832226120.0,-0.0013019999999999143,-0.12577814358414716
1974-04-05,1.03125,1.03125,1.019531,1.022135,0.023099,3043200,1825312500.0,-0.009114999999999984,-0.8838787878787863
1974-04-08,1.022135,1.023438,1.013021,1.013021,0.022893,1104000,1809178950.0,-0.009114000000000066,-0.8916630386397164
1974-04-09,1.013021,1.02474,1.009115,1.011719,0.022864,3043200,1793047170.0,-0.0013019999999999143,-0.12852645700335083
1974-04-10,1.011719,1.015625,1.003906,1.003906,0.022687,950400,1790742630.0,-0.00781300000000007,-0.7722500022239446
1974-04-11,1.0,1.0,0.990885,0.99349,0.022452,902400,1770000000.0,-0.006510000000000016,-0.6510000000000016
1974-04-15,0.994792,1.013021,0.994792,1.002604,0.022658,2016000,1760781840.0,0.007812000000000041,0.7852897892222738
1974-04-16,1.002604,1.03125,1.0,1.026042,0.023188,3484800,1774609080.0,0.023437999999999848,2.337712596398962
1974-04-17,1.026042,1.035156,1.010417,1.028646,0.023247,2284800,1816094339.9999998,0.0026040000000000507,0.2537907804943707
1974-04-18,1.028646,1.049479,1.018229,1.042969,0.02357,2256000,1820703420.0,0.014323000000000086,1.3924129389508233
1974-04-19,1.042969,1.046875,1.028646,1.03776,0.023453,864000,1846055130.0,-0.005209000000000019,-0.4994395806586791
1974-04-22,1.03776,1.040365,1.033854,1.03776,0.023453,393600,1836835200.0,0.0,0.0
1974-04-23,1.033854,1.033854,1.023438,1.023438,0.023129,1200000,1829921580.0,-0.01041599999999998,-1.0074923538526697
1974-04-24,1.018229,1.018229,1.014323,1.016927,0.022982,518400,1802265330.0,-0.0013020000000001364,-0.1278690746384297
1974-04-25,1.010417,1.010417,0.992188,0.992188,0.022423,1440000,1788438089.9999998,-0.01822899999999994,-1.804106621325645
1974-04-26,0.992188,1.007813,0.990885,1.0,0.022599,3360000,1756172760.0,0.007812000000000041,0.787350784327168
1974-04-29,1.0,1.007813,0.994792,1.005208,0.022717,777600,1770000000.0,0.0052080000000001014,0.5208000000000101
1974-04-30,1.005208,1.013021,1.005208,1.011719,0.022864,1756800,1779218160.0000002,0.0065109999999999335,0.6477266396606406
1974-05-01,1.011719,1.036458,1.010417,1.033854,0.023364,3292800,1790742630.0,0.022135000000000016,2.187860463231393
1974-05-02,1.039063,1.075521,1.039063,1.054688,0.023835,2649600,1839141510.0000002,0.015625,1.5037586748830436
1974-05-03,1.054688,1.078125,1.049479,1.074219,0.024277,2640000,1866797760.0000002,0.019530999999999965,1.8518272702448462
1974-05-06,1.074219,1.098958,1.070313,1.09375,0.024718,1584000,1901367630.0,0.019530999999999965,1.818158122319561
1974-05-07,1.09375,1.135417,1.09375,1.113281,0.025159,2918400,1935937500.0,0.019530999999999965,1.7856914285714252
1974-05-08,1.119792,1.135417,1.119792,1.119792,0.025306,1651200,1982031839.9999998,0.0,0.0
1974-05-09,1.125,1.151042,1.125,1.148438,0.025954,3331200,1991250000.0,0.02343800000000007,2.083377777777784
1974-05-10,1.143229,1.143229,1.109375,1.109375,0.025071,3484800,2023515330.0,-0.03385400000000005,-2.961261479546097
1974-05-13,1.109375,1.119792,1.098958,1.109375,0.025071,700800,1963593750.0,0.0,0.0
1974-05-14,1.109375,1.125,1.109375,1.119792,0.025306,1872000,1963593750.0,0.010416999999999899,0.9389971830985824
1974-05-15,1.119792,1.122396,1.114583,1.117188,0.025248,1766400,1982031839.9999998,-0.0026039999999998287,-0.23254318659178033
1974-05-16,1.117188,1.127604,1.109375,1.111979,0.02513,576000,1977422760.0000002,-0.005209000000000019,-0.4662599311843682
1974-05-17,1.109375,1.109375,1.09375,1.096354,0.024777,835200,1963593750.0,-0.01302099999999995,-1.1737239436619673
1974-05-20,1.096354,1.106771,1.091146,1.106771,0.025012,1132800,1940546580.0,0.010416999999999899,0.9501493130868223
1974-05-21,1.106771,1.109375,1.09375,1.101563,0.024894,2236800,1958984670.0,-0.005207999999999879,-0.4705580467865421
1974-05-22,1.101563,1.104167,1.091146,1.091146,0.024659,1900800,1949766510.0000002,-0.01041700000000012,-0.9456563083545944
1974-05-23,1.091146,1.09375,1.070313,1.089844,0.02463,2265600,1931328420.0,-0.0013019999999999143,-0.11932408678581184
1974-05-24,1.096354,1.15625,1.096354,1.148438,0.025954,1824000,1940546580.0,0.05208400000000002,4.750655354018868
1974-05-28,1.148438,1.15625,1.130208,1.135417,0.02566,2688000,2032735260.0000002,-0.013021000000000171,-1.1338008669166444
1974-05-29,1.135417,1.140625,1.125,1.136719,0.025689,1612800,2009688089.9999998,0.0013020000000001364,0.1146715259680044
1974-05-30,1.136719,1.145833,1.125,1.140625,0.025777,1641600,2011992630.0,0.003905999999999965,0.343620542983795
1974-05-31,1.140625,1.166667,1.138021,1.161458,0.026248,1708800,2018906250.0,0.0208330000000001,1.826454794520557
1974-06-03,1.229167,1.229167,1.161458,1.213542,0.027425,2136000,2175625590.0,-0.015625,-1.2711860959495334
1974-06-04,1.213542,1.268229,1.213542,1.234375,0.027896,2668800,2147969340.0,0.0208330000000001,1.7167102580710105
1974-06-05,1.234375,1.257813,1.21875,1.229167,0.027778,3331200,2184843750.0,-0.0052080000000001014,-0.4219139240506411
1974-06-06,1.229167,1.260417,1.213542,1.25,0.028249,2568000,2175625590.0,0.0208330000000001,1.6948876759626725
1974-06-07,1.25,1.278646,1.229167,1.239583,0.028014,2827200,2212500000.0,-0.010416999999999899,-0.8333599999999919
1974-06-10,1.239583,1.260417,1.223958,1.257813,0.028426,2760000,2194061910.0,0.01822999999999997,1.4706558576553541
1974-06-11,1.252604,1.252604,1.234375,1.239583,0.028107,1113600,2217109080.0,-0.01302099999999995,-1.0395144834281185
1974-06-12,1.223958,1.223958,1.203125,1.213542,0.027516,2280000,2166405660.0,-0.010416000000000203,-0.8510095934664589
1974-06-13,1.213542,1.221354,1.210938,1.216146,0.027575,1804800,2147969340.0,0.0026040000000000507,0.2145784818325242
1974-06-14,1.208333,1.208333,1.182292,1.184896,0.026867,1411200,2138749410.0000002,-0.023437000000000152,-1.9396143281694822
1974-06-17,1.177083,1.177083,1.161458,1.161458,0.026335,796800,2083436910.0000002,-0.015625,-1.3274340042290984
1974-06-18,1.161458,1.171875,1.153646,1.161458,0.026335,1406400,2055780660.0000002,0.0,0.0
1974-06-19,1.161458,1.166667,1.148438,1.161458,0.026335,1483200,2055780660.0000002,0.0,0.0
1974-06-20,1.161458,1.171875,1.15625,1.171875,0.026571,1406400,2055780660.0000002,0.010416999999999899,0.8968899435020378
1974-06-21,1.166667,1.166667,1.151042,1.161458,0.026335,974400,2065000589.9999998,-0.005208999999999797,-0.4464855867183865
1974-06-24,1.161458,1.177083,1.151042,1.15625,0.026217,1017600,2055780660.0000002,-0.0052080000000001014,-0.44840192241132276
1974-06-25,1.177083,1.192708,1.177083,1.1875,0.026926,2035200,2083436910.0000002,0.010416999999999899,0.8849843214114805
1974-06-26,1.182292,1.182292,1.15625,1.161458,0.026335,1171200,2092656839.9999998,-0.020833999999999797,-1.7621704282867345
1974-06-27,1.161458,1.164063,1.143229,1.143229,0.025922,1267200,2055780660.0000002,-0.01822900000000005,-1.569492827119022
1974-06-28,1.143229,1.15625,1.132813,1.135417,0.025745,1435200,2023515330.0,-0.007812000000000152,-0.6833276622619049
1974-07-01,1.138021,1.161458,1.138021,1.15625,0.026217,1046400,2014297170.0,0.01822900000000005,1.6018157837157705
1974-07-02,1.15625,1.164063,1.09375,1.098958,0.024918,3955200,2046562500.0,-0.0572919999999999,-4.954983783783775
1974-07-03,1.101563,1.125,1.101563,1.117188,0.025331,907200,1949766510.0000002,0.015625,1.4184390724815557
1974-07-05,1.117188,1.119792,1.104167,1.111979,0.025213,1473600,1977422760.0000002,-0.005209000000000019,-0.4662599311843682
1974-07-08,1.083333,1.083333,1.052083,1.067708,0.02421,1502400,1917499410.0000002,-0.015625,-1.442308136094811
1974-07-09,1.067708,1.096354,1.052083,1.075521,0.024387,3278400,1889843160.0000002,0.007812999999999848,0.7317543747915954
1974-07-10,1.075521,1.09375,1.026042,1.026042,0.023265,2880000,1903672170.0,-0.04947900000000005,-4.600468052227716
1974-07-11,1.026042,1.036458,1.013021,1.013021,0.02297,2414400,1816094339.9999998,-0.01302099999999995,-1.269051364369095
1974-07-12,1.041667,1.088542,1.041667,1.088542,0.024682,2491200,1843750589.9999998,0.046875,4.499998560000462
1974-07-15,1.088542,1.109375,1.083333,1.104167,0.025036,3859200,1926719339.9999998,0.015625,1.4354062590143515
1974-07-16,1.104167,1.106771,1.09375,1.096354,0.024859,1550400,1954375589.9999998,-0.007812999999999848,-0.7075922392174235
1974-07-17,1.096354,1.125,1.091146,1.109375,0.025154,1473600,1940546580.0,0.01302099999999995,1.187663838504712
1974-07-18,1.109375,1.161458,1.109375,1.114583,0.025272,2088000,1963593750.0,0.0052080000000001014,0.46945352112676975
1974-07-19,1.114583,1.135417,1.109375,1.109375,0.025154,657600,1972811910.0000002,-0.0052080000000001014,-0.46725995282541555
1974-07-22,1.109375,1.111979,1.104167,1.106771,0.025095,763200,1963593750.0,-0.0026040000000000507,-0.23472676056338487
1974-07-23,1.114583,1.151042,1.114583,1.132813,0.025686,1876800,1972811910.0000002,0.01822999999999997,1.63558927419492
1974-07-24,1.132813,1.140625,1.127604,1.138021,0.025804,691200,2005079010.0000002,0.005207999999999879,0.4597404867352228
1974-07-25,1.135417,1.135417,1.109375,1.109375,0.025154,1161600,2009688089.9999998,-0.0260419999999999,-2.2936066660971166
1974-07-26,1.098958,1.098958,1.067708,1.067708,0.02421,1646400,1945155660.0000002,-0.03125,-2.8436027582491774
1974-07-29,1.046875,1.046875,1.015625,1.03125,0.023383,1857600,1852968750.0,-0.015625,-1.4925373134328357
1974-07-30,1.03125,1.039063,1.018229,1.026042,0.023265,1272000,1825312500.0,-0.0052080000000001014,-0.5050181818181916
1974-07-31,1.026042,1.036458,1.023438,1.023438,0.023206,523200,1816094339.9999998,-0.0026039999999998287,-0.25379078049434906
1974-08-01,1.023438,1.03125,0.984375,0.989583,0.022438,5217600,1811485260.0000002,-0.03385500000000008,-3.307967849542432
1974-08-02,0.989583,1.005208,0.984375,0.984375,0.02232,2121600,1751561910.0,-0.00520799999999999,-0.5262822825371889
1974-08-05,0.984375,1.005208,0.971354,1.0,0.022674,2644800,1742343750.0,0.015625,1.5873015873015872
1974-08-06,1.007813,1.046875,1.007813,1.018229,0.023088,4272000,1783829010.0000002,0.01041599999999998,1.0335250686387236
1974-08-07,1.026042,1.052083,1.026042,1.046875,0.023737,3057600,1816094339.9999998,0.0208330000000001,2.030423705852207
1974-08-08,1.046875,1.078125,1.023438,1.033854,0.023442,3379200,1852968750.0,-0.01302099999999995,-1.2437970149253683
1974-08-09,1.033854,1.033854,1.0,1.005208,0.022792,883200,1829921580.0,-0.02864599999999995,-2.7707974240076405
1974-08-12,1.002604,1.002604,0.958333,0.963542,0.021848,1171200,1774609080.0,-0.03906200000000004,-3.8960546736298713
1974-08-13,0.963542,0.963542,0.916667,0.929688,0.02108,3436800,1705469340.0,-0.03385400000000005,-3.51349500073687
1974-08-14,0.927083,0.927083,0.890625,0.911458,0.020667,2227200,1640936910.0,-0.015625,-1.6853938644112771
1974-08-15,0.911458,0.9375,0.90625,0.90625,0.020549,2112000,1613280660.0,-0.00520799999999999,-0.5713922089662925
1974-08-16,0.90625,0.927083,0.901042,0.901042,0.020431,1603200,1604062500.0,-0.00520799999999999,-0.5746758620689645
1974-08-19,0.901042,0.903646,0.877604,0.890625,0.020194,1800000,1594844340.0,-0.01041700000000001,-1.1561059306891366
1974-08-20,0.890625,0.921875,0.885417,0.914063,0.020726,1996800,1576406250.0,0.02343799999999996,2.6316350877192933
1974-08-21,0.911458,0.911458,0.872396,0.872396,0.019781,1344000,1613280660.0,-0.03906200000000004,-4.285660995898883
1974-08-22,0.872396,0.895833,0.838542,0.875,0.01984,1948800,1544140920.0,0.0026040000000000507,0.2984883011843304
1974-08-23,0.875,0.911458,0.864583,0.864583,0.019604,1444800,1548750000.0,-0.01041700000000001,-1.1905142857142867
1974-08-26,0.864583,0.90625,0.856771,0.875,0.01984,1190400,1530311910.0,0.01041700000000001,1.2048582958489826
1974-08-27,0.875,0.885417,0.851563,0.851563,0.019309,4660800,1548750000.0,-0.02343700000000004,-2.6785142857142903
1974-08-28,0.851563,0.90625,0.848958,0.880208,0.019958,1920000,1507266510.0,0.02864500000000003,3.3638145386777056
1974-08-29,0.880208,0.90625,0.875,0.893229,0.020253,1051200,1557968160.0,0.01302100000000006,1.4793094359515093
1974-08-30,0.911458,0.958333,0.911458,0.942708,0.021375,1776000,1613280660.0,0.03125,3.4285726824494387
1974-09-03,0.9375,0.9375,0.890625,0.890625,0.020194,1948800,1659375000.0,-0.046875,-5.0
1974-09-04,0.864583,0.864583,0.828125,0.851563,0.019309,4224000,1530311910.0,-0.013020000000000032,-1.5059282914422365
1974-09-05,0.875,0.927083,0.875,0.911458,0.020667,2774400,1548750000.0,0.03645799999999999,4.1666285714285705
1974-09-06,0.911458,0.921875,0.898438,0.898438,0.020371,1776000,1613280660.0,-0.013020000000000032,-1.4284805224157375
1974-09-09,0.895833,0.895833,0.872396,0.872396,0.019873,820800,1585624410.0,-0.02343700000000004,-2.616224229292741
1974-09-10,0.872396,0.885417,0.856771,0.869792,0.019814,2092800,1544140920.0,-0.0026039999999999397,-0.29848830118431763
1974-09-11,0.875,0.875,0.856771,0.859375,0.019577,1070400,1548750000.0,-0.015625,-1.7857142857142856
1974-09-12,0.854167,0.854167,0.833333,0.833333,0.018983,2784000,1511875590.0,-0.02083400000000002,-2.4391014871799097
1974-09-13,0.830729,0.830729,0.796875,0.796875,0.018153,2798400,1470390330.0,-0.03385400000000005,-4.075215864620117
1974-09-16,0.796875,0.838542,0.794271,0.830729,0.018924,1612800,1410468750.0,0.03385400000000005,4.248345098039222
1974-09-17,0.84375,0.885417,0.84375,0.848958,0.019339,1680000,1493437500.0,0.00520799999999999,0.6172444444444433
1974-09-18,0.848958,0.854167,0.830729,0.851563,0.019399,1718400,1502655660.0,0.0026049999999999685,0.3068467462465715
1974-09-19,0.854167,0.885417,0.854167,0.864583,0.019695,1891200,1511875590.0,0.01041599999999998,1.219433670464907
1974-09-20,0.864583,0.872396,0.828125,0.854167,0.019458,1281600,1530311910.0,-0.01041599999999998,-1.204742633153784
1974-09-23,0.854167,0.864583,0.841146,0.856771,0.019517,868800,1511875590.0,0.0026039999999999397,0.3048584176162202
1974-09-24,0.856771,0.861979,0.841146,0.841146,0.019161,1886400,1516484670.0,-0.015625,-1.8237078519230927
1974-09-25,0.841146,0.864583,0.822917,0.822917,0.018746,2865600,1488828420.0,-0.01822899999999994,-2.1671624188904115
1974-09-26,0.817708,0.817708,0.802083,0.804688,0.018331,1257600,1447343160.0,-0.013020000000000032,-1.5922554261423434
1974-09-27,0.802083,0.802083,0.770833,0.770833,0.01756,2068800,1419686910.0,-0.03125,-3.89610551526463
1974-09-30,0.760417,0.760417,0.710938,0.75,0.017085,2452800,1345938090.0,-0.01041700000000001,-1.369906248808221
1974-10-01,0.75,0.75,0.716146,0.739583,0.016848,2433600,1327500000.0,-0.01041700000000001,-1.3889333333333345
1974-10-02,0.739583,0.755208,0.739583,0.742188,0.016907,1224000,1309061910.0,0.0026049999999999685,0.35222551086219783
1974-10-03,0.742188,0.744792,0.729167,0.731771,0.01667,1180800,1313672760.0,-0.01041700000000001,-1.403552738659209
1974-10-04,0.731771,0.778646,0.729167,0.75,0.017085,2510400,1295234670.0,0.01822900000000005,2.4910798596828863
1974-10-07,0.75,0.783854,0.75,0.773438,0.017619,1987200,1327500000.0,0.02343799999999996,3.1250666666666613
1974-10-08,0.773438,0.8125,0.773438,0.796875,0.018153,2985600,1368985260.0,0.02343700000000004,3.0302364248976703
1974-10-09,0.796875,0.869792,0.78125,0.869792,0.019814,2822400,1410468750.0,0.07291700000000001,9.150368627450982
1974-10-10,0.890625,0.934896,0.890625,0.903646,0.020585,3120000,1576406250.0,0.01302099999999995,1.462007017543854
1974-10-11,0.903646,0.9375,0.885417,0.932292,0.021238,4286400,1599453420.0,0.02864600000000006,3.170046677570648
1974-10-14,0.9375,1.0,0.9375,0.963542,0.021949,2644800,1659375000.0,0.02604200000000001,2.7778133333333344
1974-10-15,0.955729,0.955729,0.895833,0.914063,0.020822,2284800,1691640330.0,-0.04166600000000009,-4.359604030012701
1974-10-16,0.914063,0.932292,0.880208,0.882813,0.02011,3172800,1617891510.0,-0.03125,-3.418801548689751
1974-10-17,0.882813,0.895833,0.864583,0.875,0.019932,4934400,1562579010.0,-0.007812999999999959,-0.8850118881348552
1974-10-18,0.875,0.888021,0.833333,0.833333,0.018983,5107200,1548750000.0,-0.04166700000000001,-4.761942857142858
1974-10-21,0.833333,0.859375,0.802083,0.859375,0.019577,3504000,1474999410.0,0.02604200000000001,3.1250412500165012
1974-10-22,0.869792,0.927083,0.869792,0.880208,0.020051,5328000,1539531840.0,0.01041599999999998,1.197527684779807
1974-10-23,0.880208,0.882813,0.84375,0.84375,0.019221,1684800,1557968160.0,-0.03645799999999999,-4.141975533055822
1974-10-24,0.84375,0.869792,0.828125,0.869792,0.019814,1958400,1493437500.0,0.02604200000000001,3.0864592592592603
1974-10-25,0.869792,0.898438,0.867188,0.875,0.019932,2169600,1539531840.0,0.00520799999999999,0.5987638423899035
1974-10-28,0.875,0.901042,0.864583,0.890625,0.020288,1008000,1548750000.0,0.015625,1.7857142857142856
1974-10-29,0.914063,0.947917,0.914063,0.945313,0.021534,4094400,1617891510.0,0.03125,3.418801548689751
1974-10-30,0.947917,1.028646,0.947917,0.989583,0.022543,4171200,1677813090.0,0.04166599999999998,4.395532520252299
1974-10-31,0.989583,1.020833,0.963542,0.963542,0.021949,2356800,1751561910.0,-0.02604099999999998,-2.631512465351565
1974-11-01,0.963542,0.979167,0.947917,0.953125,0.021712,3312000,1705469340.0,-0.01041700000000001,-1.081115301668221
1974-11-04,0.942708,0.942708,0.916667,0.921875,0.021,2097600,1668593160.0,-0.02083299999999999,-2.2099101736698947
1974-11-05,0.921875,0.96875,0.916667,0.96875,0.022068,3753600,1631718750.0,0.046875,5.084745762711865
1974-11-06,0.96875,1.020833,0.963542,0.96875,0.022068,4958400,1714687500.0,0.0,0.0
1974-11-07,0.96875,1.010417,0.963542,0.992188,0.022602,3547200,1714687500.0,0.02343799999999996,2.419406451612899
1974-11-08,0.992188,1.0,0.971354,0.973958,0.022187,1896000,1756172760.0,-0.01822999999999997,-1.8373534047982814
1974-11-11,0.973958,0.986979,0.963542,0.979167,0.022305,1420800,1723905660.0,0.005209000000000019,0.5348279905293677
1974-11-12,0.979167,0.984375,0.942708,0.947917,0.021594,1531200,1733125590.0,-0.03125,-3.191488275238034
1974-11-13,0.947917,0.953125,0.934896,0.945313,0.021534,1761600,1677813090.0,-0.0026040000000000507,-0.2747075957072244
1974-11-14,0.945313,0.979167,0.942708,0.942708,0.021475,3086400,1673204010.0,-0.0026049999999999685,-0.2755701021777939
1974-11-15,0.942708,0.958333,0.90625,0.90625,0.020644,1276800,1668593160.0,-0.03645799999999999,-3.86736932326871
1974-11-18,0.90625,0.911458,0.875,0.882813,0.02011,1944000,1604062500.0,-0.02343700000000004,-2.5861517241379355
1974-11-19,0.882813,0.895833,0.859375,0.872396,0.019873,1843200,1562579010.0,-0.01041700000000001,-1.1799780927557715
1974-11-20,0.872396,0.908854,0.864583,0.893229,0.020348,1497600,1544140920.0,0.0208330000000001,2.388021036318381
1974-11-21,0.893229,0.947917,0.888021,0.929688,0.021178,1440000,1581015330.0,0.03645899999999991,4.08170805023123
1974-11-22,0.942708,0.96875,0.942708,0.942708,0.021475,2832000,1668593160.0,0.0,0.0
1974-11-25,0.942708,0.950521,0.934896,0.945313,0.021534,2491200,1668593160.0,0.0026049999999999685,0.27633158942111113
1974-11-26,0.945313,0.963542,0.929688,0.947917,0.021594,1588800,1673204010.0,0.0026040000000000507,0.275464317109788
1974-11-27,0.947917,0.986979,0.942708,0.953125,0.021712,3220800,1677813090.0,0.00520799999999999,0.5494151914144372
1974-11-29,0.953125,0.955729,0.932292,0.947917,0.021594,2616000,1687031250.0,-0.00520799999999999,-0.5464131147540974
1974-12-02,0.947917,0.955729,0.9375,0.942708,0.021475,446400,1677813090.0,-0.005209000000000019,-0.5495206858828378
1974-12-03,0.9375,0.9375,0.908854,0.934896,0.021297,1372800,1659375000.0,-0.0026040000000000507,-0.2777600000000054
1974-12-04,0.934896,0.953125,0.932292,0.945313,0.021534,1113600,1654765920.0,0.01041700000000001,1.114241584090638
1974-12-05,0.945313,0.947917,0.921875,0.924479,0.02106,883200,1673204010.0,-0.020833999999999908,-2.203926107014281
1974-12-06,0.924479,0.9375,0.916667,0.921875,0.021,1080000,1636327830.0,-0.0026040000000000507,-0.2816721634563955
1974-12-09,0.921875,0.932292,0.895833,0.921875,0.021096,1756800,1631718750.0,0.0,0.0
1974-12-10,0.932292,0.955729,0.932292,0.942708,0.021572,1363200,1650156840.0,0.01041599999999998,1.1172465279118537
1974-12-11,0.953125,0.986979,0.953125,0.971354,0.022228,1718400,1687031250.0,0.01822900000000005,1.9125508196721364
1974-12-12,0.971354,0.986979,0.958333,0.966146,0.022109,1564800,1719296580.0,-0.0052080000000001014,-0.5361588051318161
1974-12-13,0.966146,0.984375,0.963542,0.973958,0.022287,1257600,1710078420.0,0.007812000000000041,0.8085734454212966
1974-12-16,0.973958,0.986979,0.966146,0.96875,0.022168,2116800,1723905660.0,-0.00520799999999999,-0.5347253166974336
1974-12-17,0.96875,0.986979,0.96875,0.986979,0.022585,902400,1714687500.0,0.01822900000000005,1.8817032258064568
1974-12-18,0.994792,1.03125,0.994792,0.994792,0.022764,2452800,1760781840.0,0.0,0.0
1974-12-19,1.0,1.026042,1.0,1.005208,0.023003,1344000,1770000000.0,0.0052080000000001014,0.5208000000000101
1974-12-20,0.997396,0.997396,0.984375,0.989583,0.022645,4603200,1765390920.0,-0.007812999999999959,-0.7833398168831597
1974-12-23,0.989583,0.994792,0.973958,0.979167,0.022407,2193600,1751561910.0,-0.01041599999999998,-1.0525645650743778
1974-12-24,0.984375,1.0,0.984375,0.994792,0.022764,518400,1742343750.0,0.01041700000000001,1.0582349206349217
1974-12-26,0.997396,1.013021,0.997396,0.997396,0.022824,964800,1765390920.0,0.0,0.0
1974-12-27,0.997396,1.002604,0.989583,0.992188,0.022705,1459200,1765390920.0,-0.00520799999999999,-0.5221597038688736
1974-12-30,0.992188,1.0,0.989583,0.989583,0.022645,710400,1756172760.0,-0.0026049999999999685,-0.2625510487931691
1974-12-31,0.989583,1.013021,0.989583,1.0,0.022883,945600,1751561910.0,0.01041700000000001,1.0526656177399987
1975-01-02,1.005208,1.028646,1.005208,1.020833,0.02336,1113600,1779218160.0000002,0.015625,1.5544046605279702
1975-01-03,1.020833,1.039063,0.994792,1.028646,0.023539,2793600,1806874410.0000002,0.007812999999999848,0.765355351952753
1975-01-06,1.033854,1.041667,1.033854,1.036458,0.023718,1867200,1829921580.0,0.0026040000000000507,0.2518730884631728
1975-01-07,1.028646,1.028646,1.010417,1.015625,0.023241,1627200,1820703420.0,-0.01302099999999995,-1.265838782243838
1975-01-08,1.015625,1.018229,1.005208,1.007813,0.023062,1905600,1797656250.0,-0.00781199999999993,-0.7691815384615316
1975-01-09,1.007813,1.020833,0.992188,1.020833,0.02336,2510400,1783829010.0000002,0.013020000000000032,1.29190633579841
1975-01-10,1.020833,1.054688,1.005208,1.018229,0.023301,6830400,1806874410.0000002,-0.0026040000000000507,-0.2550857975790409
1975-01-13,1.018229,1.018229,0.994792,1.005208,0.023003,4315200,1802265330.0,-0.01302099999999995,-1.2787889561189032
1975-01-14,0.916667,0.916667,0.893229,0.908854,0.020798,13334400,1622500590.0,-0.007812999999999959,-0.8523269627901909
1975-01-15,0.908854,0.911458,0.864583,0.90625,0.020738,5692800,1608671580.0,-0.0026040000000000507,-0.28651466572189266
1975-01-16,0.90625,0.911458,0.864583,0.885417,0.020261,4737600,1604062500.0,-0.02083299999999999,-2.298813793103447
1975-01-17,0.885417,0.890625,0.859375,0.869792,0.019904,3825600,1567188090.0,-0.015625,-1.7647052179933298
1975-01-20,0.869792,0.890625,0.851563,0.888021,0.020321,1881600,1539531840.0,0.01822899999999994,2.0957884183804794
1975-01-21,0.888021,0.901042,0.885417,0.890625,0.020381,2332800,1571797170.0,0.0026040000000000507,0.29323630860081584
1975-01-22,0.890625,0.895833,0.875,0.895833,0.0205,3979200,1576406250.0,0.00520799999999999,0.584757894736841
1975-01-23,0.895833,0.903646,0.880208,0.888021,0.020321,2649600,1585624410.0,-0.007812000000000041,-0.8720375337814125
1975-01-24,0.888021,0.90625,0.877604,0.903646,0.020679,2721600,1571797170.0,0.015625,1.7595304615544003
1975-01-27,0.916667,0.981771,0.916667,0.958333,0.02193,4766400,1622500590.0,0.04166599999999998,4.545380165316301
1975-01-28,0.958333,0.979167,0.945313,0.947917,0.021692,3230400,1696249410.0,-0.01041599999999998,-1.0868873345695058
1975-01-29,0.947917,0.973958,0.945313,0.963542,0.022049,6830400,1677813090.0,0.015625,1.648351068711712
1975-01-30,0.963542,0.986979,0.947917,0.947917,0.021692,3585600,1705469340.0,-0.015625,-1.62162106062839
1975-01-31,0.947917,0.966146,0.9375,0.953125,0.021811,4531200,1677813090.0,0.00520799999999999,0.5494151914144372
1975-02-03,0.953125,0.979167,0.945313,0.973958,0.022287,2697600,1687031250.0,0.02083299999999999,2.185757377049179
1975-02-04,0.958333,0.958333,0.932292,0.940104,0.021513,3096000,1696249410.0,-0.01822899999999994,-1.9021571833590138
1975-02-05,0.940104,0.945313,0.916667,0.9375,0.021453,4502400,1663984080.0,-0.0026040000000000507,-0.27699063082382913
1975-02-06,0.953125,0.973958,0.953125,0.953125,0.021811,4732800,1687031250.0,0.0,0.0
1975-02-07,0.953125,0.971354,0.942708,0.971354,0.022228,3403200,1687031250.0,0.01822900000000005,1.9125508196721364
1975-02-10,0.971354,0.981771,0.966146,0.973958,0.022287,1180800,1719296580.0,0.0026039999999999397,0.26807940256589663
1975-02-11,0.973958,0.976563,0.963542,0.976563,0.022347,1843200,1723905660.0,0.0026049999999999685,0.2674653321806452
1975-02-12,0.976563,1.007813,0.976563,1.007813,0.023062,2731200,1728516510.0,0.03125000000000011,3.1999983616008505
1975-02-13,1.026042,1.052083,1.026042,1.03125,0.023599,8140800,1816094339.9999998,0.0052080000000001014,0.5075815609887414
1975-02-14,1.03125,1.046875,1.020833,1.026042,0.023479,7752000,1825312500.0,-0.0052080000000001014,-0.5050181818181916
1975-02-18,1.026042,1.03125,1.007813,1.010417,0.023122,4228800,1816094339.9999998,-0.015625,-1.5228421448634657
1975-02-19,1.007813,1.007813,0.979167,1.0,0.022883,3355200,1783829010.0000002,-0.00781300000000007,-0.7752430262360248
1975-02-20,1.0,1.010417,0.981771,1.010417,0.023122,3163200,1770000000.0,0.010416999999999899,1.0416999999999899
1975-02-21,1.010417,1.020833,0.979167,0.984375,0.022526,5092800,1788438089.9999998,-0.0260419999999999,-2.5773517270592143
1975-02-24,0.96875,0.96875,0.9375,0.9375,0.021453,5361600,1714687500.0,-0.03125,-3.225806451612903
1975-02-25,0.934896,0.934896,0.911458,0.921875,0.021096,2860800,1654765920.0,-0.01302099999999995,-1.3927752391709827
1975-02-26,0.921875,0.929688,0.90625,0.916667,0.020976,2635200,1631718750.0,-0.00520799999999999,-0.5649355932203379
1975-02-27,0.916667,0.919271,0.888021,0.919271,0.021036,2947200,1622500590.0,0.0026039999999999397,0.2840726239735847
1975-02-28,0.919271,0.921875,0.90625,0.921875,0.021096,3076800,1627109670.0,0.0026040000000000507,0.28326793731120103
1975-03-03,0.921875,0.976563,0.919271,0.973958,0.022287,3710400,1631718750.0,0.05208299999999999,5.649681355932203
1975-03-04,0.979167,1.005208,0.979167,0.979167,0.022407,5976000,1733125590.0,0.0,0.0
1975-03-05,0.976563,0.976563,0.9375,0.947917,0.021692,3340800,1728516510.0,-0.02864599999999995,-2.933348898125359
1975-03-06,0.947917,0.973958,0.911458,0.973958,0.022287,1872000,1677813090.0,0.02604099999999998,2.7471814515405866
1975-03-07,0.979167,1.010417,0.979167,0.984375,0.022526,4790400,1733125590.0,0.00520799999999999,0.5318806699980688
1975-03-10,0.984375,1.002604,0.979167,0.992188,0.022705,2692800,1742343750.0,0.007812999999999959,0.7937015873015831
1975-03-11,0.992188,0.994792,0.958333,0.958333,0.022034,3902400,1756172760.0,-0.03385499999999997,-3.4121557608033934
1975-03-12,0.958333,0.973958,0.947917,0.963542,0.022154,2836800,1696249410.0,0.005209000000000019,0.5435480151471378
1975-03-13,0.963542,0.979167,0.947917,0.979167,0.022513,1291200,1705469340.0,0.015625,1.62162106062839
1975-03-14,0.979167,0.997396,0.973958,0.986979,0.022693,3408000,1733125590.0,0.007812000000000041,0.797821004997109
1975-03-17,0.986979,1.036458,0.979167,1.015625,0.023351,4958400,1746952830.0,0.02864599999999995,2.9023920468419235
1975-03-18,1.015625,1.041667,1.015625,1.018229,0.023411,5419200,1797656250.0,0.0026040000000000507,0.25639384615385113
1975-03-19,1.018229,1.018229,1.013021,1.013021,0.023291,5035200,1802265330.0,-0.0052080000000001014,-0.5114762985536753
1975-03-20,1.013021,1.013021,0.984375,0.994792,0.022872,3763200,1793047170.0,-0.01822899999999994,-1.7994691126837392
1975-03-21,0.994792,1.0,0.979167,1.0,0.022992,2683200,1760781840.0,0.00520799999999999,0.5235265261481787
1975-03-24,0.984375,0.984375,0.963542,0.973958,0.022393,2404800,1742343750.0,-0.01041700000000001,-1.0582349206349217
1975-03-25,0.973958,1.007813,0.955729,1.0,0.022992,3513600,1723905660.0,0.02604200000000001,2.673831931151036
1975-03-26,1.0,1.03125,1.0,1.015625,0.023351,3384000,1770000000.0,0.015625,1.5625
1975-03-27,1.015625,1.028646,1.010417,1.015625,0.023351,2001600,1797656250.0,0.0,0.0
1975-03-31,1.015625,1.03125,1.005208,1.010417,0.023232,1732800,1797656250.0,-0.0052080000000001014,-0.5127876923077023
1975-04-01,1.007813,1.007813,0.989583,0.997396,0.022932,2366400,1783829010.0000002,-0.01041700000000012,-1.0336242933957114
1975-04-02,0.997396,1.002604,0.984375,1.002604,0.023052,2304000,1765390920.0,0.0052080000000001014,0.5221597038688848
1975-04-03,1.002604,1.005208,0.994792,0.997396,0.022932,1267200,1774609080.0,-0.0052080000000001014,-0.5194473590769737
1975-04-04,0.992188,0.992188,0.971354,0.979167,0.022513,1833600,1756172760.0,-0.01302099999999995,-1.312352094562719
1975-04-07,0.979167,0.981771,0.96875,0.973958,0.022393,1598400,1733125590.0,-0.005209000000000019,-0.5319827976228794
1975-04-08,0.976563,0.997396,0.976563,0.986979,0.022693,1440000,1728516510.0,0.010416000000000092,1.0665978539019083
1975-04-09,1.0,1.039063,1.0,1.028646,0.023651,3206400,1770000000.0,0.02864599999999995,2.864599999999995
1975-04-10,1.041667,1.091146,1.041667,1.088542,0.025028,8400000,1843750589.9999998,0.046875,4.499998560000462
1975-04-11,1.085938,1.085938,1.065104,1.080729,0.024848,3590400,1922110260.0000002,-0.005209000000000019,-0.4796774769830339
1975-04-14,1.072917,1.072917,1.052083,1.067708,0.024549,7953600,1899063089.9999998,-0.005208999999999797,-0.48549887829159183
1975-04-15,1.078125,1.125,1.078125,1.114583,0.025627,6470400,1908281250.0,0.0364580000000001,3.381611594202908
1975-04-16,1.114583,1.122396,1.096354,1.122396,0.025806,3144000,1972811910.0000002,0.007812999999999848,0.7009796488910962
1975-04-17,1.125,1.177083,1.125,1.158854,0.026644,8371200,1991250000.0,0.03385400000000005,3.009244444444449
1975-04-18,1.158854,1.166667,1.140625,1.161458,0.026704,3907200,2051171580.0,0.0026040000000000507,0.2247047514182158
1975-04-21,1.161458,1.1875,1.158854,1.166667,0.026824,2875200,2055780660.0000002,0.005208999999999797,0.44848802109071506
1975-04-22,1.166667,1.1875,1.158854,1.164063,0.026764,3364800,2065000589.9999998,-0.0026039999999998287,-0.22319993622857498
1975-04-23,1.164063,1.166667,1.145833,1.145833,0.026345,2284800,2060391510.0000002,-0.01822999999999997,-1.566066441421123
1975-04-24,1.145833,1.15625,1.130208,1.140625,0.026225,3931200,2028124410.0000002,-0.0052080000000001014,-0.4545164958593531
1975-04-25,1.140625,1.171875,1.138021,1.158854,0.026644,2073600,2018906250.0,0.01822900000000005,1.5981589041095936
1975-04-28,1.158854,1.166667,1.140625,1.140625,0.026225,1828800,2051171580.0,-0.01822900000000005,-1.5730195520747263
1975-04-29,1.140625,1.145833,1.130208,1.130208,0.025986,2832000,2018906250.0,-0.010416999999999899,-0.9132712328767034
1975-04-30,1.130208,1.143229,1.109375,1.135417,0.026106,2577600,2000468160.0000002,0.005208999999999797,0.46088861519293767
1975-05-01,1.135417,1.153646,1.119792,1.135417,0.026106,3148800,2009688089.9999998,0.0,0.0
1975-05-02,1.135417,1.164063,1.135417,1.15625,0.026585,3120000,2009688089.9999998,0.0208330000000001,1.8348324888565262
1975-05-05,1.153646,1.153646,1.140625,1.151042,0.026465,2817600,2041953420.0,-0.0026040000000000507,-0.2257191547493816
1975-05-06,1.151042,1.161458,1.125,1.130208,0.025986,4392000,2037344339.9999998,-0.020833999999999797,-1.8100121455168272
1975-05-07,1.130208,1.143229,1.109375,1.132813,0.026046,1785600,2000468160.0000002,0.0026049999999999685,0.23048854724085904
1975-05-08,1.132813,1.143229,1.127604,1.135417,0.026106,883200,2005079010.0000002,0.0026039999999998287,0.2298702433676016
1975-05-09,1.140625,1.158854,1.140625,1.15625,0.026585,3144000,2018906250.0,0.015625,1.36986301369863
1975-05-12,1.15625,1.164063,1.151042,1.153646,0.026525,1017600,2046562500.0,-0.0026040000000000507,-0.22521081081081518
1975-05-13,1.164063,1.179688,1.164063,1.177083,0.027064,2913600,2060391510.0000002,0.013020000000000032,1.1184961638674222
1975-05-14,1.1875,1.226563,1.1875,1.203125,0.027662,3364800,2101875000.0,0.015625,1.3157894736842104
1975-05-15,1.203125,1.234375,1.192708,1.203125,0.027662,2947200,2129531250.0,0.0,0.0
1975-05-16,1.203125,1.216146,1.179688,1.179688,0.027123,1756800,2129531250.0,-0.02343699999999993,-1.948010389610384
1975-05-19,1.177083,1.177083,1.158854,1.161458,0.026704,2568000,2083436910.0000002,-0.015625,-1.3274340042290984
1975-05-20,1.161458,1.177083,1.140625,1.145833,0.026345,1689600,2055780660.0000002,-0.015625,-1.3452918659133606
1975-05-21,1.132813,1.132813,1.119792,1.125,0.025866,1852800,2005079010.0000002,-0.00781300000000007,-0.6896990059259621
1975-05-22,1.125,1.138021,1.119792,1.125,0.025866,1348800,1991250000.0,0.0,0.0
1975-05-23,1.125,1.151042,1.125,1.125,0.025866,2107200,1991250000.0,0.0,0.0
1975-05-27,1.125,1.132813,1.119792,1.125,0.025866,2155200,1991250000.0,0.0,0.0
1975-05-28,1.125,1.130208,1.114583,1.117188,0.025686,1785600,1991250000.0,-0.00781199999999993,-0.6943999999999938
1975-05-29,1.117188,1.122396,1.109375,1.109375,0.025507,1574400,1977422760.0000002,-0.00781300000000007,-0.6993451415518309
1975-05-30,1.114583,1.132813,1.114583,1.127604,0.025926,2510400,1972811910.0000002,0.01302099999999995,1.1682396017165118
1975-06-02,1.130208,1.143229,1.130208,1.138021,0.026165,3014400,2000468160.0000002,0.007812999999999848,0.6912886831450359
1975-06-03,1.138021,1.145833,1.114583,1.114583,0.025627,4315200,2014297170.0,-0.023437999999999848,-2.0595402018064557
1975-06-04,1.114583,1.127604,1.104167,1.106771,0.025447,3960000,1972811910.0000002,-0.007812000000000152,-0.7008899292381233
1975-06-05,1.106771,1.111979,1.083333,1.09375,0.025148,5419200,1958984670.0,-0.01302099999999995,-1.1764854698939482
1975-06-06,1.09375,1.098958,1.041667,1.070313,0.024609,4430400,1935937500.0,-0.02343699999999993,-2.142811428571422
1975-06-09,1.070313,1.080729,1.049479,1.052083,0.024296,2793600,1894454010.0000002,-0.01822999999999997,-1.7032400802382077
1975-06-10,1.052083,1.057292,1.015625,1.046875,0.024176,5049600,1862186910.0000002,-0.0052080000000001014,-0.4950179786195672
1975-06-11,1.054688,1.083333,1.054688,1.072917,0.024777,2318400,1866797760.0000002,0.01822899999999983,1.7283784398798345
1975-06-12,1.072917,1.091146,1.067708,1.067708,0.024657,3120000,1899063089.9999998,-0.005208999999999797,-0.48549887829159183
1975-06-13,1.067708,1.078125,1.054688,1.059896,0.024476,1958400,1889843160.0000002,-0.007812000000000152,-0.7316607162257988
1975-06-16,1.059896,1.070313,1.052083,1.0625,0.024537,2721600,1876015920.0,0.0026040000000000507,0.24568448225109357
1975-06-17,1.0625,1.0625,1.010417,1.033854,0.023875,2904000,1880625000.0,-0.02864599999999995,-2.6960941176470543
1975-06-18,1.036458,1.049479,1.036458,1.041667,0.024055,2952000,1834530660.0000002,0.005208999999999797,0.5025770460549097
1975-06-19,1.041667,1.046875,1.03125,1.044271,0.024116,4857600,1843750589.9999998,0.0026040000000000507,0.24998392000515052
1975-06-20,1.044271,1.049479,1.020833,1.028646,0.023755,4228800,1848359670.0,-0.015625,-1.4962591128165008
1975-06-23,1.028646,1.049479,1.010417,1.049479,0.024236,7953600,1820703420.0,0.0208330000000001,2.0252837224856854
1975-06-24,1.052083,1.067708,1.052083,1.059896,0.024476,5184000,1862186910.0000002,0.007812999999999848,0.742622017464387
1975-06-25,1.059896,1.067708,1.057292,1.067708,0.024657,3120000,1876015920.0,0.007812000000000152,0.7370534467532808
1975-06-26,1.067708,1.091146,1.0625,1.080729,0.024958,4392000,1889843160.0000002,0.01302099999999995,1.2195281856087945
1975-06-27,1.083333,1.104167,1.083333,1.101563,0.025439,3182400,1917499410.0000002,0.01822999999999997,1.682769748544535
1975-06-30,1.101563,1.111979,1.09375,1.111979,0.025679,1838400,1949766510.0000002,0.01041599999999998,0.9455655282539428
1975-07-01,1.111979,1.130208,1.109375,1.114583,0.025739,3259200,1968202830.0,0.0026040000000000507,0.23417708427947384
1975-07-02,1.101563,1.101563,1.075521,1.083333,0.025018,2635200,1949766510.0000002,-0.01822999999999997,-1.6549212346456776
1975-07-03,1.083333,1.085938,1.072917,1.080729,0.024958,3969600,1917499410.0000002,-0.0026040000000000507,-0.2403693047290215
1975-07-07,1.078125,1.078125,1.052083,1.057292,0.024416,2414400,1908281250.0,-0.0208330000000001,-1.9323362318840673
1975-07-08,1.057292,1.067708,1.036458,1.041667,0.024055,3369600,1871406839.9999998,-0.015625,-1.4778320463977785
1975-07-09,1.049479,1.083333,1.049479,1.078125,0.024897,2587200,1857577830.0,0.02864599999999995,2.7295448503495496
1975-07-10,1.078125,1.114583,1.072917,1.078125,0.024897,4243200,1908281250.0,0.0,0.0
1975-07-11,1.078125,1.098958,1.072917,1.072917,0.024777,2875200,1908281250.0,-0.0052080000000001014,-0.48306086956522676
1975-07-14,1.083333,1.122396,1.083333,1.101563,0.025439,2318400,1917499410.0000002,0.01822999999999997,1.682769748544535
1975-07-15,1.111979,1.130208,1.111979,1.125,0.02598,2380800,1968202830.0,0.01302099999999995,1.1709753511532095
1975-07-16,1.125,1.143229,1.114583,1.114583,0.025739,7694400,1991250000.0,-0.010416999999999899,-0.9259555555555465
1975-07-17,1.114583,1.122396,1.106771,1.106771,0.025559,2784000,1972811910.0000002,-0.007812000000000152,-0.7008899292381233
1975-07-18,1.106771,1.111979,1.096354,1.101563,0.025439,1161600,1958984670.0,-0.005207999999999879,-0.4705580467865421
1975-07-21,1.101563,1.111979,1.083333,1.083333,0.025018,1084800,1949766510.0000002,-0.01822999999999997,-1.6549212346456776
1975-07-22,1.083333,1.083333,1.0625,1.072917,0.024777,3700800,1917499410.0000002,-0.010416000000000203,-0.961477218916086
1975-07-23,1.072917,1.083333,1.052083,1.054688,0.024356,2390400,1899063089.9999998,-0.01822899999999983,-1.699013064384275
1975-07-24,1.054688,1.0625,1.036458,1.054688,0.024356,2217600,1866797760.0000002,0.0,0.0
1975-07-25,1.054688,1.070313,1.039063,1.039063,0.023995,2529600,1866797760.0000002,-0.015625,-1.4814807791498528
1975-07-28,1.039063,1.049479,1.033854,1.033854,0.023875,1987200,1839141510.0000002,-0.005209000000000019,-0.5013170519978114
1975-07-29,1.033854,1.052083,1.03125,1.03125,0.023815,3225600,1829921580.0,-0.0026040000000000507,-0.2518730884631728
1975-07-30,1.036458,1.057292,1.036458,1.049479,0.024236,1939200,1834530660.0000002,0.01302099999999995,1.2562978914726837
1975-07-31,1.049479,1.059896,1.044271,1.044271,0.024116,1843200,1857577830.0,-0.0052080000000001014,-0.4962462326544982
1975-08-01,1.041667,1.041667,1.005208,1.013021,0.023394,4761600,1843750589.9999998,-0.02864599999999995,-2.750015119995157
1975-08-04,1.013021,1.018229,1.002604,1.015625,0.023454,1219200,1793047170.0,0.0026040000000000507,0.25705291400672353
1975-08-05,1.015625,1.026042,1.005208,1.010417,0.023334,2433600,1797656250.0,-0.0052080000000001014,-0.5127876923077023
1975-08-06,1.007813,1.007813,0.984375,0.984375,0.022732,4579200,1783829010.0000002,-0.02343800000000007,-2.325629853951087
1975-08-07,0.984375,1.0,0.96875,0.979167,0.022612,2515200,1742343750.0,-0.00520799999999999,-0.5290666666666657
1975-08-08,0.979167,0.986979,0.966146,0.966146,0.022311,2380800,1733125590.0,-0.01302100000000006,-1.3298038026199883
1975-08-11,0.966146,0.984375,0.963542,0.979167,0.022612,2409600,1710078420.0,0.01302100000000006,1.3477259130607653
1975-08-12,0.979167,1.005208,0.973958,0.979167,0.022612,4204800,1733125590.0,0.0,0.0
1975-08-13,0.966146,0.966146,0.929688,0.9375,0.02165,5611200,1710078420.0,-0.02864599999999995,-2.96497630792861
1975-08-14,0.932292,0.932292,0.916667,0.916667,0.021169,1944000,1650156840.0,-0.015625,-1.6759770543992654
1975-08-15,0.916667,0.947917,0.911458,0.947917,0.02189,3172800,1622500590.0,0.03125,3.4090896694219386
1975-08-18,0.947917,0.950521,0.929688,0.932292,0.02153,5232000,1677813090.0,-0.015625,-1.648351068711712
1975-08-19,0.927083,0.927083,0.890625,0.895833,0.020688,6849600,1640936910.0,-0.03125,-3.3707877288225543
1975-08-20,0.895833,0.895833,0.875,0.893229,0.020628,3864000,1585624410.0,-0.0026039999999999397,-0.2906791779271293
1975-08-21,0.893229,0.927083,0.890625,0.916667,0.021169,3960000,1581015330.0,0.02343799999999996,2.6239631718181964
1975-08-22,0.921875,0.940104,0.921875,0.932292,0.02153,3225600,1631718750.0,0.01041700000000001,1.1299796610169504
1975-08-25,0.932292,0.953125,0.932292,0.945313,0.02183,1718400,1650156840.0,0.01302099999999995,1.396665422421296
1975-08-26,0.945313,0.945313,0.916667,0.921875,0.021289,3316800,1673204010.0,-0.02343799999999996,-2.4793904241240687
1975-08-27,0.921875,0.934896,0.916667,0.932292,0.02153,1516800,1631718750.0,0.01041700000000001,1.1299796610169504
1975-08-28,0.9375,0.96875,0.9375,0.96875,0.022372,2620800,1659375000.0,0.03125,3.3333333333333335
1975-08-29,0.96875,0.973958,0.9375,0.9375,0.02165,2328000,1714687500.0,-0.03125,-3.225806451612903
1975-09-02,0.9375,0.942708,0.901042,0.90625,0.020928,2750400,1659375000.0,-0.03125,-3.3333333333333335
1975-09-03,0.90625,0.921875,0.898438,0.921875,0.021289,979200,1604062500.0,0.015625,1.7241379310344827
1975-09-04,0.924479,0.942708,0.924479,0.942708,0.02177,1987200,1636327830.0,0.01822899999999994,1.9718133132283089
1975-09-05,0.942708,0.955729,0.932292,0.932292,0.02153,1478400,1668593160.0,-0.01041599999999998,-1.1049020481421585
1975-09-08,0.932292,0.934896,0.919271,0.929688,0.021578,1377600,1650156840.0,-0.0026040000000000507,-0.2793116319779694
1975-09-09,0.929688,0.934896,0.901042,0.901042,0.020913,1488000,1645547760.0,-0.02864599999999995,-3.08124876302587
1975-09-10,0.901042,0.908854,0.885417,0.90625,0.021034,2942400,1594844340.0,0.00520799999999999,0.5779974740356155
1975-09-11,0.90625,0.914063,0.903646,0.908854,0.021094,1094400,1604062500.0,0.0026040000000000507,0.28733793103448835
1975-09-12,0.908854,0.929688,0.908854,0.911458,0.021155,1262400,1608671580.0,0.0026039999999999397,0.2865146657218805
1975-09-15,0.911458,0.924479,0.908854,0.924479,0.021457,806400,1613280660.0,0.01302100000000006,1.4285902367415788
1975-09-16,0.924479,0.934896,0.911458,0.919271,0.021336,1713600,1636327830.0,-0.0052080000000001014,-0.563344326912791
1975-09-17,0.919271,0.927083,0.914063,0.924479,0.021457,1752000,1627109670.0,0.0052080000000001014,0.5665358746224021
1975-09-18,0.927083,0.950521,0.927083,0.947917,0.022001,1867200,1640936910.0,0.02083400000000002,2.247263729353253
1975-09-19,0.96875,0.984375,0.96875,0.971354,0.022545,4593600,1714687500.0,0.0026040000000000507,0.26880000000000526
1975-09-22,0.971354,0.971354,0.953125,0.953125,0.022122,1867200,1719296580.0,-0.01822900000000005,-1.8766587670406516
1975-09-23,0.953125,0.958333,0.940104,0.955729,0.022182,940800,1687031250.0,0.0026040000000000507,0.2732065573770545
1975-09-24,0.96875,0.984375,0.96875,0.971354,0.022545,2673600,1714687500.0,0.0026040000000000507,0.26880000000000526
1975-09-25,0.971354,0.992188,0.971354,0.984375,0.022847,1785600,1719296580.0,0.01302099999999995,1.3404999619088354
1975-09-26,0.984375,1.0,0.979167,0.989583,0.022968,1502400,1742343750.0,0.00520799999999999,0.5290666666666657
1975-09-29,0.989583,0.997396,0.979167,0.981771,0.022787,1161600,1751561910.0,-0.007812000000000041,-0.7894234238057891
1975-09-30,0.979167,0.979167,0.963542,0.96875,0.022485,1478400,1733125590.0,-0.01041700000000001,-1.0638634676209482
1975-10-01,0.96875,0.989583,0.9375,0.942708,0.02188,2068800,1714687500.0,-0.02604200000000001,-2.6882064516129045
1975-10-02,0.942708,0.971354,0.9375,0.971354,0.022545,772800,1668593160.0,0.02864600000000006,3.0386927871620966
1975-10-03,0.971354,0.989583,0.971354,0.984375,0.022847,1036800,1719296580.0,0.01302099999999995,1.3404999619088354
1975-10-06,0.984375,1.013021,0.981771,0.986979,0.022908,2750400,1742343750.0,0.0026040000000000507,0.2645333333333385
1975-10-07,0.986979,0.992188,0.973958,0.989583,0.022968,2731200,1746952830.0,0.0026039999999999397,0.2638354007532014
1975-10-08,1.0,1.028646,1.0,1.020833,0.023693,2558400,1770000000.0,0.0208330000000001,2.08330000000001
1975-10-09,1.036458,1.057292,1.036458,1.044271,0.024237,3585600,1834530660.0000002,0.007812999999999848,0.7538173278608344
1975-10-10,1.044271,1.057292,1.033854,1.036458,0.024056,2054400,1848359670.0,-0.007812999999999848,-0.7481774366998459
1975-10-13,1.044271,1.072917,1.044271,1.070313,0.024842,1516800,1848359670.0,0.02604200000000012,2.4937971082219197
1975-10-14,1.080729,1.104167,1.080729,1.088542,0.025265,4195200,1912890330.0,0.007812999999999848,0.7229379428145121
1975-10-15,1.088542,1.09375,1.072917,1.075521,0.024963,3316800,1926719339.9999998,-0.01302099999999995,-1.196187193512051
1975-10-16,1.078125,1.098958,1.078125,1.080729,0.025084,2616000,1908281250.0,0.0026040000000000507,0.24153043478261338
1975-10-17,1.080729,1.083333,1.033854,1.046875,0.024298,3532800,1912890330.0,-0.03385400000000005,-3.132515181881864
1975-10-20,1.046875,1.054688,1.033854,1.052083,0.024419,1910400,1852968750.0,0.0052080000000001014,0.497480597014935
1975-10-21,1.0625,1.080729,1.0625,1.065104,0.024721,3201600,1880625000.0,0.0026040000000000507,0.24508235294118125
1975-10-22,1.065104,1.075521,1.057292,1.075521,0.024963,3201600,1885234080.0,0.010416999999999899,0.9780265589087919
1975-10-23,1.075521,1.085938,1.070313,1.083333,0.025144,2644800,1903672170.0,0.007812000000000152,0.7263456501546834
1975-10-24,1.080729,1.080729,1.044271,1.046875,0.024298,2308800,1912890330.0,-0.03385400000000005,-3.132515181881864
1975-10-27,1.049479,1.078125,1.049479,1.078125,0.025023,1094400,1857577830.0,0.02864599999999995,2.7295448503495496
1975-10-28,1.078125,1.083333,1.067708,1.083333,0.025144,2750400,1908281250.0,0.0052080000000001014,0.48306086956522676
1975-10-29,1.083333,1.083333,1.054688,1.059896,0.0246,4286400,1917499410.0000002,-0.023437000000000152,-2.1634160502818753
1975-10-30,1.059896,1.0625,1.044271,1.052083,0.024419,1368000,1876015920.0,-0.007812999999999848,-0.7371477956327648
1975-10-31,1.052083,1.059896,1.036458,1.044271,0.024237,1382400,1862186910.0000002,-0.007812000000000152,-0.7425269679293508
1975-11-03,1.044271,1.049479,1.010417,1.010417,0.023452,4012800,1848359670.0,-0.03385400000000005,-3.241878784338553
1975-11-04,1.013021,1.049479,1.013021,1.049479,0.024358,2107200,1793047170.0,0.0364580000000001,3.5989382253674997
1975-11-05,1.052083,1.072917,1.052083,1.057292,0.02454,1872000,1862186910.0000002,0.005208999999999797,0.49511302815460345
1975-11-06,1.057292,1.072917,1.046875,1.072917,0.024902,3724800,1871406839.9999998,0.015625,1.4778320463977785
1975-11-07,1.072917,1.078125,1.0625,1.075521,0.024963,2644800,1899063089.9999998,0.0026040000000000507,0.24270283721854075
1975-11-10,1.075521,1.085938,1.070313,1.075521,0.024963,4262400,1903672170.0,0.0,0.0
1975-11-11,1.080729,1.106771,1.080729,1.09375,0.025386,2054400,1912890330.0,0.01302099999999995,1.2048348846010377
1975-11-12,1.101563,1.119792,1.101563,1.119792,0.02599,3172800,1949766510.0000002,0.01822899999999983,1.654830454545026
1975-11-13,1.132813,1.153646,1.132813,1.143229,0.026534,6969600,2005079010.0000002,0.01041599999999998,0.9194809734704651
1975-11-14,1.138021,1.138021,1.125,1.130208,0.026232,6220800,2014297170.0,-0.007812999999999848,-0.6865426912157023
1975-11-17,1.130208,1.138021,1.127604,1.138021,0.026413,1713600,2000468160.0000002,0.007812999999999848,0.6912886831450359
1975-11-18,1.145833,1.158854,1.145833,1.145833,0.026595,3849600,2028124410.0000002,0.0,0.0
1975-11-19,1.145833,1.151042,1.109375,1.119792,0.02599,2635200,2028124410.0000002,-0.026041000000000203,-2.2726697520494
1975-11-20,1.119792,1.130208,1.109375,1.125,0.026111,1555200,1982031839.9999998,0.0052080000000001014,0.4650863731836003
1975-11-21,1.125,1.130208,1.117188,1.127604,0.026172,1464000,1991250000.0,0.0026040000000000507,0.23146666666667118
1975-11-24,1.127604,1.132813,1.114583,1.132813,0.026293,2198400,1995859080.0,0.005209000000000019,0.46195295511545004
1975-11-25,1.135417,1.166667,1.135417,1.161458,0.026957,6028800,2009688089.9999998,0.026041000000000203,2.2935185927285047
1975-11-26,1.161458,1.171875,1.153646,1.166667,0.027078,4123200,2055780660.0000002,0.005208999999999797,0.44848802109071506
1975-11-28,1.166667,1.171875,1.151042,1.161458,0.026957,2361600,2065000589.9999998,-0.005208999999999797,-0.4464855867183865
1975-12-01,1.161458,1.169271,1.151042,1.151042,0.026716,1420800,2055780660.0000002,-0.010416000000000203,-0.8968038448226455
1975-12-02,1.143229,1.143229,1.122396,1.125,0.026111,2755200,2023515330.0,-0.01822900000000005,-1.594518683483366
1975-12-03,1.114583,1.114583,1.098958,1.098958,0.025507,4123200,1972811910.0000002,-0.015625,-1.4018695781292196
1975-12-04,1.098958,1.104167,1.091146,1.098958,0.025507,2289600,1945155660.0000002,0.0,0.0
1975-12-05,1.098958,1.106771,1.067708,1.067708,0.024781,1392000,1945155660.0000002,-0.03125,-2.8436027582491774
1975-12-08,1.067708,1.091146,1.0625,1.080729,0.025084,2438400,1889843160.0000002,0.01302099999999995,1.2195281856087945
1975-12-09,1.080729,1.098958,1.078125,1.098958,0.02563,1281600,1912890330.0,0.01822900000000005,1.6867318263875632
1975-12-10,1.098958,1.114583,1.091146,1.114583,0.025995,1420800,1945155660.0000002,0.015625,1.4218013791245887
1975-12-11,1.114583,1.119792,1.096354,1.098958,0.02563,3556800,1972811910.0000002,-0.015625,-1.4018695781292196
1975-12-12,1.098958,1.106771,1.09375,1.104167,0.025752,1320000,1945155660.0000002,0.005208999999999797,0.47399445656702044
1975-12-15,1.104167,1.122396,1.096354,1.122396,0.026177,1828800,1954375589.9999998,0.01822900000000005,1.650927803493498
1975-12-16,1.122396,1.127604,1.111979,1.117188,0.026055,3926400,1986640920.0,-0.005207999999999879,-0.4640073556926325
1975-12-17,1.117188,1.117188,1.104167,1.111979,0.025934,2596800,1977422760.0000002,-0.005209000000000019,-0.4662599311843682
1975-12-18,1.106771,1.106771,1.091146,1.106771,0.025812,1622400,1958984670.0,0.0,0.0
1975-12-19,1.106771,1.109375,1.078125,1.080729,0.025205,1483200,1958984670.0,-0.0260419999999999,-2.3529709397878964
1975-12-22,1.080729,1.080729,1.067708,1.072917,0.025023,1780800,1912890330.0,-0.007812000000000152,-0.7228454126797885
1975-12-23,1.075521,1.09375,1.075521,1.09375,0.025509,2284800,1903672170.0,0.01822900000000005,1.6948994952213907
1975-12-24,1.09375,1.104167,1.09375,1.104167,0.025752,508800,1935937500.0,0.010416999999999899,0.9524114285714194
1975-12-26,1.104167,1.119792,1.098958,1.119792,0.026116,772800,1954375589.9999998,0.015625,1.4150939124244795
1975-12-29,1.119792,1.125,1.098958,1.098958,0.02563,1588800,1982031839.9999998,-0.020833999999999797,-1.8605240973323438
1975-12-30,1.098958,1.106771,1.091146,1.096354,0.02557,864000,1945155660.0000002,-0.0026040000000000507,-0.2369517306393921
1975-12-31,1.096354,1.104167,1.096354,1.104167,0.025752,312000,1940546580.0,0.007812999999999848,0.7126347876689324
1976-01-02,1.104167,1.114583,1.104167,1.114583,0.025995,1108800,1954375589.9999998,0.010416000000000203,0.9433355642760745
1976-01-05,1.117188,1.145833,1.117188,1.145833,0.026723,3038400,1977422760.0000002,0.02864500000000003,2.5640268244914934
1976-01-06,1.145833,1.164063,1.140625,1.161458,0.027088,4603200,2028124410.0000002,0.015625,1.3636367603306938
1976-01-07,1.161458,1.171875,1.151042,1.158854,0.027027,3201600,2055780660.0000002,-0.0026040000000000507,-0.22420096120566138
1976-01-08,1.158854,1.1875,1.15625,1.179688,0.027513,4756800,2051171580.0,0.02083400000000002,1.797810595640177
1976-01-09,1.179688,1.190104,1.177083,1.182292,0.027574,3144000,2088047760.0000002,0.0026039999999998287,0.22073633028392492
1976-01-12,1.182292,1.213542,1.174479,1.213542,0.028303,4166400,2092656839.9999998,0.03125,2.643171060956177
1976-01-13,1.213542,1.231771,1.166667,1.166667,0.027209,8227200,2147969340.0,-0.046875,-3.8626598832178867
1976-01-14,1.169271,1.216146,1.169271,1.216146,0.028363,3580800,2069609670.0,0.046875,4.008908114543164
1976-01-15,1.216146,1.223958,1.179688,1.190104,0.027756,2649600,2152578420.0,-0.0260419999999999,-2.141354738658015
1976-01-16,1.190104,1.223958,1.177083,1.203125,0.02806,4372800,2106484080.0,0.01302099999999995,1.0941060613190066
1976-01-19,1.203125,1.216146,1.197917,1.208333,0.028181,2956800,2129531250.0,0.0052080000000001014,0.43287272727273574
1976-01-20,1.208333,1.221354,1.192708,1.210938,0.028242,5942400,2138749410.0000002,0.0026049999999999685,0.2155862663686226
1976-01-21,1.205729,1.205729,1.182292,1.195313,0.027877,2841600,2134140330.0,-0.01041599999999998,-0.8638757133651078
1976-01-22,1.195313,1.208333,1.192708,1.197917,0.027938,2174400,2115704010.0000002,0.0026039999999998287,0.21785088926497315
1976-01-23,1.197917,1.21875,1.197917,1.208333,0.028181,3292800,2120313089.9999998,0.010416000000000203,0.8695093232669879
1976-01-26,1.208333,1.216146,1.184896,1.195313,0.027877,6547200,2138749410.0000002,-0.013020000000000032,-1.0775175386255302
1976-01-27,1.171875,1.171875,1.09375,1.106771,0.025812,10564800,2074218750.0,-0.06510400000000005,-5.555541333333338
1976-01-28,1.117188,1.148438,1.117188,1.127604,0.026298,10915200,1977422760.0000002,0.01041599999999998,0.9323408414698314
1976-01-29,1.132813,1.166667,1.132813,1.161458,0.027088,5246400,2005079010.0000002,0.02864500000000003,2.5286609528668924
1976-01-30,1.177083,1.205729,1.177083,1.192708,0.027817,6144000,2083436910.0000002,0.015625,1.3274340042290984
1976-02-02,1.192708,1.197917,1.182292,1.1875,0.027695,2486400,2111093160.0000002,-0.0052080000000001014,-0.4366533971433159
1976-02-03,1.1875,1.208333,1.177083,1.192708,0.027817,6489600,2101875000.0,0.0052080000000001014,0.4385684210526401
1976-02-04,1.192708,1.195313,1.179688,1.1875,0.027695,2822400,2111093160.0000002,-0.0052080000000001014,-0.4366533971433159
1976-02-05,1.1875,1.197917,1.171875,1.177083,0.027452,4305600,2101875000.0,-0.010416999999999899,-0.8772210526315704
1976-02-06,1.166667,1.166667,1.151042,1.161458,0.027088,2961600,2065000589.9999998,-0.005208999999999797,-0.4464855867183865
1976-02-09,1.161458,1.179688,1.15625,1.161458,0.027088,2971200,2055780660.0000002,0.0,0.0
1976-02-10,1.161458,1.171875,1.148438,1.171875,0.027331,1843200,2055780660.0000002,0.010416999999999899,0.8968899435020378
1976-02-11,1.171875,1.182292,1.15625,1.169271,0.02727,2568000,2074218750.0,-0.0026040000000000507,-0.22220800000000435
1976-02-12,1.169271,1.179688,1.158854,1.158854,0.027027,2448000,2069609670.0,-0.010416999999999899,-0.890896977689509
1976-02-13,1.158854,1.164063,1.130208,1.143229,0.026663,2289600,2051171580.0,-0.015625,-1.3483148006565107
1976-02-17,1.143229,1.153646,1.140625,1.145833,0.026723,1963200,2023515330.0,0.0026040000000000507,0.22777588742063493
1976-02-18,1.145833,1.161458,1.140625,1.161458,0.027088,3254400,2028124410.0000002,0.015625,1.3636367603306938
1976-02-19,1.164063,1.184896,1.164063,1.177083,0.027452,1972800,2060391510.0000002,0.013020000000000032,1.1184961638674222
1976-02-20,1.177083,1.195313,1.174479,1.1875,0.027695,4224000,2083436910.0000002,0.010416999999999899,0.8849843214114805
1976-02-23,1.1875,1.195313,1.164063,1.169271,0.02727,2726400,2101875000.0,-0.01822900000000005,-1.5350736842105306
1976-02-24,1.169271,1.182292,1.166667,1.182292,0.027574,1814400,2069609670.0,0.01302099999999995,1.1135998412686152
1976-02-25,1.182292,1.184896,1.151042,1.158854,0.027027,3412800,2092656839.9999998,-0.023437999999999848,-1.982420586454095
1976-02-26,1.158854,1.161458,1.104167,1.122396,0.026177,3283200,2051171580.0,-0.0364580000000001,-3.1460391041494526
1976-02-27,1.122396,1.130208,1.101563,1.109375,0.025873,3196800,1986640920.0,-0.01302099999999995,-1.160107484345984
1976-03-01,1.109375,1.132813,1.096354,1.132813,0.02642,3849600,1963593750.0,0.02343800000000007,2.1127211267605697
1976-03-02,1.132813,1.140625,1.104167,1.114583,0.025995,3028800,2005079010.0000002,-0.01822999999999997,-1.6092682552195259
1976-03-03,1.114583,1.117188,1.091146,1.106771,0.025812,3585600,1972811910.0000002,-0.007812000000000152,-0.7008899292381233
1976-03-04,1.101563,1.101563,1.070313,1.072917,0.025023,4761600,1949766510.0000002,-0.02864600000000017,-2.600486762899641
1976-03-05,1.072917,1.091146,1.070313,1.072917,0.025023,4411200,1899063089.9999998,0.0,0.0
1976-03-08,1.080729,1.085938,1.080729,1.083333,0.025266,3432000,1912890330.0,0.0026040000000000507,0.24094847089326282
1976-03-09,1.096354,1.114583,1.096354,1.096354,0.02557,4843200,1940546580.0,0.0,0.0
1976-03-10,1.096354,1.096354,1.078125,1.083333,0.025266,4598400,1940546580.0,-0.01302099999999995,-1.187663838504712
1976-03-11,1.083333,1.088542,1.072917,1.078125,0.025266,3182400,1917499410.0000002,-0.0052080000000001014,-0.480738609458043
1976-03-12,1.078125,1.080729,1.057292,1.067708,0.025022,4372800,1908281250.0,-0.010416999999999899,-0.9662144927536137
1976-03-15,1.067708,1.067708,1.046875,1.049479,0.024595,4171200,1889843160.0000002,-0.01822900000000005,-1.7073019964259937
1976-03-16,1.049479,1.067708,1.049479,1.067708,0.025022,7171200,1857577830.0,0.01822900000000005,1.7369570996656485
1976-03-17,1.078125,1.098958,1.078125,1.088542,0.02551,4521600,1908281250.0,0.010416999999999899,0.9662144927536137
1976-03-18,1.088542,1.091146,1.078125,1.088542,0.02551,2635200,1926719339.9999998,0.0,0.0
1976-03-19,1.088542,1.096354,1.080729,1.088542,0.02551,2294400,1926719339.9999998,0.0,0.0
1976-03-22,1.088542,1.106771,1.088542,1.09375,0.025632,2582400,1926719339.9999998,0.0052080000000001014,0.4784381310046008
1976-03-23,1.09375,1.125,1.088542,1.122396,0.026303,4948800,1935937500.0,0.02864599999999995,2.6190628571428527
1976-03-24,1.140625,1.174479,1.140625,1.166667,0.027341,5092800,2018906250.0,0.0260419999999999,2.2831342465753335
1976-03-25,1.166667,1.169271,1.140625,1.153646,0.027036,2985600,2065000589.9999998,-0.01302099999999995,-1.1160853954041685
1976-03-26,1.153646,1.164063,1.148438,1.151042,0.026975,1996800,2041953420.0,-0.0026040000000000507,-0.2257191547493816
1976-03-29,1.145833,1.145833,1.130208,1.132813,0.026547,2035200,2028124410.0000002,-0.013020000000000032,-1.1362912396483633
1976-03-30,1.132813,1.151042,1.127604,1.148438,0.026914,2510400,2005079010.0000002,0.015625,1.379309736028806
1976-03-31,1.148438,1.164063,1.145833,1.164063,0.02728,1833600,2032735260.0000002,0.015625,1.3605436253415508
1976-04-01,1.164063,1.174479,1.158854,1.161458,0.027219,5740800,2060391510.0000002,-0.0026049999999999685,-0.22378513877685044
1976-04-02,1.15625,1.15625,1.151042,1.15625,0.027097,3993600,2046562500.0,0.0,0.0
1976-04-05,1.161458,1.190104,1.161458,1.1875,0.027829,5328000,2055780660.0000002,0.0260419999999999,2.2421818094153982
1976-04-06,1.1875,1.205729,1.1875,1.1875,0.027829,5328000,2101875000.0,0.0,0.0
1976-04-07,1.1875,1.195313,1.148438,1.161458,0.027219,3513600,2101875000.0,-0.0260419999999999,-2.193010526315781
1976-04-08,1.161458,1.174479,1.151042,1.174479,0.027524,1944000,2055780660.0000002,0.01302099999999995,1.1210909047076991
1976-04-09,1.174479,1.174479,1.15625,1.15625,0.027097,1584000,2078827830.0,-0.01822900000000005,-1.552092459720442
1976-04-12,1.15625,1.166667,1.148438,1.15625,0.027097,2092800,2046562500.0,0.0,0.0
1976-04-13,1.15625,1.171875,1.140625,1.171875,0.027463,1060800,2046562500.0,0.015625,1.3513513513513513
1976-04-14,1.171875,1.174479,1.140625,1.140625,0.02673,2990400,2074218750.0,-0.03125,-2.666666666666667
1976-04-15,1.140625,1.153646,1.138021,1.151042,0.026975,1694400,2018906250.0,0.010416999999999899,0.9132712328767034
1976-04-19,1.151042,1.171875,1.148438,1.171875,0.027463,2404800,2037344339.9999998,0.0208330000000001,1.8099252677139588
1976-04-20,1.171875,1.197917,1.171875,1.197917,0.028073,2966400,2074218750.0,0.0260419999999999,2.2222506666666577
1976-04-21,1.197917,1.203125,1.177083,1.1875,0.027829,2808000,2120313089.9999998,-0.010416999999999899,-0.8695928015046034
1976-04-22,1.1875,1.190104,1.171875,1.1875,0.027829,2692800,2101875000.0,0.0,0.0
1976-04-23,1.1875,1.210938,1.177083,1.182292,0.027707,5193600,2101875000.0,-0.0052080000000001014,-0.4385684210526401
1976-04-26,1.182292,1.190104,1.171875,1.174479,0.027524,1646400,2092656839.9999998,-0.007812999999999848,-0.6608350559760067
1976-04-27,1.174479,1.192708,1.174479,1.174479,0.027524,1392000,2078827830.0,0.0,0.0
1976-04-28,1.174479,1.177083,1.15625,1.171875,0.027463,2390400,2078827830.0,-0.0026040000000000507,-0.22171533079774525
1976-04-29,1.171875,1.177083,1.158854,1.169271,0.027402,1598400,2074218750.0,-0.0026040000000000507,-0.22220800000000435
1976-04-30,1.169271,1.177083,1.15625,1.161458,0.027219,969600,2069609670.0,-0.007812999999999848,-0.6681941141104029
1976-05-03,1.161458,1.169271,1.140625,1.148438,0.026914,1420800,2055780660.0000002,-0.013020000000000032,-1.1210048060282878
1976-05-04,1.148438,1.166667,1.143229,1.166667,0.027341,1358400,2032735260.0000002,0.01822899999999983,1.5872863837664575
1976-05-05,1.166667,1.174479,1.15625,1.161458,0.027219,1252800,2065000589.9999998,-0.005208999999999797,-0.4464855867183865
1976-05-06,1.161458,1.164063,1.15625,1.15625,0.027097,763200,2055780660.0000002,-0.0052080000000001014,-0.44840192241132276
1976-05-07,1.15625,1.164063,1.151042,1.15625,0.027097,1051200,2046562500.0,0.0,0.0
1976-05-10,1.158854,1.182292,1.158854,1.182292,0.027707,2880000,2051171580.0,0.023437999999999848,2.022515347058374
1976-05-11,1.182292,1.195313,1.171875,1.177083,0.027585,3043200,2092656839.9999998,-0.005208999999999797,-0.440584897808646
1976-05-12,1.177083,1.184896,1.171875,1.179688,0.027646,1718400,2083436910.0000002,0.0026049999999999685,0.2213097971850726
1976-05-13,1.179688,1.179688,1.164063,1.174479,0.027524,2788800,2088047760.0000002,-0.005209000000000019,-0.4415574287438728
1976-05-14,1.174479,1.182292,1.151042,1.153646,0.027036,1444800,2078827830.0,-0.0208330000000001,-1.7738077905181873
1976-05-17,1.153646,1.158854,1.148438,1.148438,0.026914,1123200,2041953420.0,-0.005207999999999879,-0.4514383094987439
1976-05-18,1.148438,1.15625,1.140625,1.140625,0.02673,1848000,2032735260.0000002,-0.00781300000000007,-0.6803153500667924
1976-05-19,1.140625,1.151042,1.127604,1.132813,0.026547,3062400,2018906250.0,-0.00781199999999993,-0.6848876712328705
1976-05-20,1.132813,1.143229,1.130208,1.135417,0.026608,2764800,2005079010.0000002,0.0026039999999998287,0.2298702433676016
1976-05-21,1.135417,1.145833,1.130208,1.135417,0.026608,1948800,2009688089.9999998,0.0,0.0
1976-05-24,1.135417,1.138021,1.106771,1.109375,0.025998,2966400,2009688089.9999998,-0.0260419999999999,-2.2936066660971166
1976-05-25,1.109375,1.119792,1.091146,1.106771,0.025937,1435200,1963593750.0,-0.0026040000000000507,-0.23472676056338487
1976-05-26,1.106771,1.117188,1.098958,1.098958,0.025754,2928000,1958984670.0,-0.007812999999999848,-0.7059274231073861
1976-05-27,1.098958,1.104167,1.088542,1.101563,0.025815,1387200,1945155660.0000002,0.0026049999999999685,0.23704272592764858
1976-05-28,1.101563,1.122396,1.101563,1.122396,0.026303,2520000,1949766510.0000002,0.02083299999999988,1.891221836608517
1976-06-01,1.122396,1.122396,1.104167,1.104167,0.025876,1742400,1986640920.0,-0.01822900000000005,-1.6241148400386363
1976-06-02,1.104167,1.109375,1.096354,1.106771,0.025937,1569600,1954375589.9999998,0.0026040000000000507,0.23583389106901861
1976-06-03,1.106771,1.117188,1.106771,1.109375,0.025998,1857600,1958984670.0,0.0026040000000000507,0.23527902339328105
1976-06-04,1.109375,1.114583,1.09375,1.096354,0.025693,1737600,1963593750.0,-0.01302099999999995,-1.1737239436619673
1976-06-07,1.096354,1.109375,1.096354,1.104167,0.025876,1228800,1940546580.0,0.007812999999999848,0.7126347876689324
1976-06-08,1.104167,1.122396,1.101563,1.109375,0.026121,2371200,1954375589.9999998,0.0052080000000001014,0.47166778213803723
1976-06-09,1.109375,1.114583,1.096354,1.104167,0.025999,2990400,1963593750.0,-0.0052080000000001014,-0.46945352112676975
1976-06-10,1.104167,1.111979,1.098958,1.104167,0.025999,2332800,1954375589.9999998,0.0,0.0
1976-06-11,1.104167,1.111979,1.091146,1.104167,0.025999,2337600,1954375589.9999998,0.0,0.0
1976-06-14,1.104167,1.111979,1.104167,1.111979,0.026183,2760000,1954375589.9999998,0.007812000000000152,0.7075016732070558
1976-06-15,1.111979,1.132813,1.109375,1.111979,0.026183,2184000,1968202830.0,0.0,0.0
1976-06-16,1.111979,1.119792,1.106771,1.111979,0.026183,3177600,1968202830.0,0.0,0.0
1976-06-17,1.111979,1.119792,1.098958,1.111979,0.026183,8616000,1968202830.0,0.0,0.0
1976-06-18,1.111979,1.119792,1.098958,1.109375,0.026121,2539200,1968202830.0,-0.0026040000000000507,-0.23417708427947384
1976-06-21,1.109375,1.122396,1.104167,1.114583,0.026244,2558400,1963593750.0,0.0052080000000001014,0.46945352112676975
1976-06-22,1.114583,1.119792,1.083333,1.083333,0.025508,3446400,1972811910.0000002,-0.03125,-2.8037391562584393
1976-06-23,1.083333,1.083333,1.059896,1.083333,0.025508,3724800,1917499410.0000002,0.0,0.0
1976-06-24,1.083333,1.104167,1.075521,1.104167,0.025999,1905600,1917499410.0000002,0.020833999999999797,1.923139053273536
1976-06-25,1.104167,1.111979,1.078125,1.088542,0.025631,2294400,1954375589.9999998,-0.015625,-1.4150939124244795
1976-06-28,1.085938,1.085938,1.057292,1.0625,0.025018,3379200,1922110260.0000002,-0.02343800000000007,-2.1583184307023116
1976-06-29,1.0625,1.067708,1.036458,1.049479,0.024711,5841600,1880625000.0,-0.01302099999999995,-1.2255058823529363
1976-06-30,1.059896,1.078125,1.059896,1.067708,0.02514,4987200,1876015920.0,0.007812000000000152,0.7370534467532808
1976-07-01,1.075521,1.098958,1.075521,1.091146,0.025692,4420800,1903672170.0,0.015625,1.4527842785031628
1976-07-02,1.091146,1.122396,1.091146,1.119792,0.026367,1228800,1931328420.0,0.02864599999999995,2.6253132028161175
1976-07-06,1.119792,1.130208,1.098958,1.114583,0.026244,1444800,1982031839.9999998,-0.005208999999999797,-0.46517567548257155
1976-07-07,1.114583,1.119792,1.09375,1.106771,0.02606,2054400,1972811910.0000002,-0.007812000000000152,-0.7008899292381233
1976-07-08,1.106771,1.117188,1.096354,1.098958,0.025876,2697600,1958984670.0,-0.007812999999999848,-0.7059274231073861
1976-07-09,1.098958,1.122396,1.09375,1.119792,0.026367,4608000,1945155660.0000002,0.020833999999999797,1.8957958356916091
1976-07-12,1.119792,1.135417,1.119792,1.119792,0.026367,5025600,1982031839.9999998,0.0,0.0
1976-07-13,1.119792,1.138021,1.117188,1.122396,0.026428,4872000,1982031839.9999998,0.0026040000000000507,0.23254318659180015
1976-07-14,1.122396,1.125,1.114583,1.122396,0.026428,2688000,1986640920.0,0.0,0.0
1976-07-15,1.122396,1.130208,1.119792,1.125,0.026489,7099200,1986640920.0,0.0026040000000000507,0.23200367784632614
1976-07-16,1.125,1.127604,1.119792,1.122396,0.026428,2049600,1991250000.0,-0.0026040000000000507,-0.23146666666667118
1976-07-19,1.122396,1.135417,1.122396,1.122396,0.026428,2121600,1986640920.0,0.0,0.0
1976-07-20,1.122396,1.125,1.119792,1.122396,0.026428,2712000,1986640920.0,0.0,0.0
1976-07-21,1.122396,1.135417,1.119792,1.125,0.026489,4080000,1986640920.0,0.0026040000000000507,0.23200367784632614
1976-07-22,1.125,1.135417,1.122396,1.135417,0.026735,1310400,1991250000.0,0.010416999999999899,0.9259555555555465
1976-07-23,1.135417,1.140625,1.122396,1.127604,0.026551,2155200,2009688089.9999998,-0.007812999999999848,-0.6881172291765799
1976-07-26,1.127604,1.132813,1.119792,1.119792,0.026367,1396800,1995859080.0,-0.007812000000000152,-0.692796407249367
1976-07-27,1.122396,1.130208,1.122396,1.125,0.026489,1804800,1986640920.0,0.0026040000000000507,0.23200367784632614
1976-07-28,1.125,1.127604,1.117188,1.125,0.026489,2918400,1991250000.0,0.0,0.0
1976-07-29,1.125,1.127604,1.114583,1.119792,0.026367,1147200,1991250000.0,-0.0052080000000001014,-0.46293333333334236
1976-07-30,1.119792,1.122396,1.111979,1.117188,0.026305,2404800,1982031839.9999998,-0.0026039999999998287,-0.23254318659178033
1976-08-02,1.117188,1.119792,1.09375,1.111979,0.026183,1550400,1977422760.0000002,-0.005209000000000019,-0.4662599311843682
1976-08-03,1.096354,1.096354,1.083333,1.09375,0.025753,3998400,1940546580.0,-0.0026040000000000507,-0.2375145254178897
1976-08-04,1.09375,1.104167,1.091146,1.101563,0.025937,2678400,1935937500.0,0.00781300000000007,0.714331428571435
1976-08-05,1.101563,1.101563,1.088542,1.096354,0.025815,1968000,1949766510.0000002,-0.005209000000000019,-0.47287354422761285
1976-08-06,1.096354,1.098958,1.088542,1.09375,0.025753,1416000,1940546580.0,-0.0026040000000000507,-0.2375145254178897
1976-08-09,1.09375,1.101563,1.088542,1.101563,0.025937,724800,1935937500.0,0.00781300000000007,0.714331428571435
1976-08-10,1.101563,1.114583,1.083333,1.114583,0.026244,1641600,1949766510.0000002,0.013020000000000032,1.1819569103174337
1976-08-11,1.117188,1.132813,1.117188,1.125,0.026489,5078400,1977422760.0000002,0.00781199999999993,0.6992556311023685
1976-08-12,1.125,1.125,1.114583,1.125,0.026489,2443200,1991250000.0,0.0,0.0
1976-08-13,1.127604,1.132813,1.127604,1.132813,0.026673,2769600,1995859080.0,0.005209000000000019,0.46195295511545004
1976-08-16,1.132813,1.151042,1.132813,1.138021,0.026796,3446400,2005079010.0000002,0.005207999999999879,0.4597404867352228
1976-08-17,1.138021,1.166667,1.138021,1.166667,0.02747,3816000,2014297170.0,0.02864599999999995,2.51717674805649
1976-08-18,1.166667,1.190104,1.166667,1.1875,0.027961,6067200,2065000589.9999998,0.0208330000000001,1.7856852040899505
1976-08-19,1.182292,1.182292,1.161458,1.166667,0.02747,1910400,2092656839.9999998,-0.015625,-1.3215855304780886
1976-08-20,1.166667,1.166667,1.153646,1.161458,0.027348,1852800,2065000589.9999998,-0.005208999999999797,-0.4464855867183865
1976-08-23,1.161458,1.161458,1.135417,1.158854,0.027286,1363200,2055780660.0000002,-0.0026040000000000507,-0.22420096120566138
1976-08-24,1.158854,1.171875,1.148438,1.148438,0.027041,1228800,2051171580.0,-0.01041599999999998,-0.8988190056728441
1976-08-25,1.148438,1.164063,1.145833,1.164063,0.027409,1680000,2032735260.0000002,0.015625,1.3605436253415508
1976-08-26,1.164063,1.169271,1.153646,1.161458,0.027348,1526400,2060391510.0000002,-0.0026049999999999685,-0.22378513877685044
1976-08-27,1.161458,1.171875,1.153646,1.171875,0.027593,796800,2055780660.0000002,0.010416999999999899,0.8968899435020378
1976-08-30,1.171875,1.171875,1.161458,1.169271,0.027532,806400,2074218750.0,-0.0026040000000000507,-0.22220800000000435
1976-08-31,1.169271,1.177083,1.161458,1.169271,0.027532,1656000,2069609670.0,0.0,0.0
1976-09-01,1.174479,1.197917,1.174479,1.197917,0.028206,2846400,2078827830.0,0.023437999999999848,1.9956082654521576
1976-09-02,1.197917,1.203125,1.182292,1.195313,0.028145,4012800,2120313089.9999998,-0.0026039999999998287,-0.21737733081672847
1976-09-03,1.195313,1.210938,1.190104,1.208333,0.028451,2476800,2115704010.0000002,0.013020000000000032,1.08925444632494
1976-09-07,1.205729,1.205729,1.197917,1.205729,0.02855,1838400,2134140330.0,0.0,0.0
1976-09-08,1.205729,1.208333,1.195313,1.205729,0.02855,3216000,2134140330.0,0.0,0.0
1976-09-09,1.205729,1.205729,1.197917,1.200521,0.028427,3019200,2134140330.0,-0.0052080000000001014,-0.4319378566825631
1976-09-10,1.200521,1.208333,1.195313,1.205729,0.02855,2760000,2124922170.0,0.0052080000000001014,0.43381165344047307
1976-09-13,1.205729,1.216146,1.205729,1.205729,0.02855,2179200,2134140330.0,0.0,0.0
1976-09-14,1.205729,1.216146,1.200521,1.210938,0.028673,3715200,2134140330.0,0.005209000000000019,0.43202079405903143
1976-09-15,1.210938,1.226563,1.205729,1.213542,0.028735,2736000,2143360260.0000002,0.0026039999999998287,0.21503991120931282
1976-09-16,1.213542,1.231771,1.210938,1.221354,0.02892,3355200,2147969340.0,0.007812000000000152,0.6437354454975727
1976-09-17,1.229167,1.265625,1.229167,1.265625,0.029968,11544000,2175625590.0,0.0364580000000001,2.966073771912206
1976-09-20,1.265625,1.307292,1.265625,1.265625,0.029968,7022400,2240156250.0,0.0,0.0
1976-09-21,1.265625,1.276042,1.25,1.270833,0.030092,5452800,2240156250.0,0.0052080000000001014,0.41149629629630435
1976-09-22,1.270833,1.278646,1.257813,1.257813,0.029783,6772800,2249374410.0,-0.013020000000000032,-1.0245248588917688
1976-09-23,1.257813,1.268229,1.244792,1.257813,0.029783,4300800,2226329010.0,0.0,0.0
1976-09-24,1.257813,1.276042,1.247396,1.270833,0.030092,3192000,2226329010.0,0.013020000000000032,1.0351300233023533
1976-09-27,1.270833,1.278646,1.265625,1.276042,0.030215,3729600,2249374410.0,0.005208999999999797,0.4098886321019203
1976-09-28,1.276042,1.289063,1.276042,1.28125,0.030338,4910400,2258594340.0,0.0052080000000001014,0.4081370362417618
1976-09-29,1.276042,1.276042,1.25,1.263021,0.029907,3624000,2258594340.0,-0.01302099999999995,-1.0204209579308479
1976-09-30,1.263021,1.276042,1.263021,1.276042,0.030215,2529600,2235547170.0,0.01302099999999995,1.0309408948861458
1976-10-01,1.276042,1.289063,1.260417,1.273438,0.030153,6542400,2258594340.0,-0.0026039999999998287,-0.2040685181208635
1976-10-04,1.273438,1.286458,1.265625,1.278646,0.030277,2524800,2253985260.0,0.005207999999999879,0.4089716185632814
1976-10-05,1.270833,1.270833,1.236979,1.25,0.029598,6508800,2249374410.0,-0.0208330000000001,-1.6393184627720638
1976-10-06,1.25,1.252604,1.208333,1.234375,0.029228,3556800,2212500000.0,-0.015625,-1.25
1976-10-07,1.234375,1.236979,1.223958,1.234375,0.029228,3283200,2184843750.0,0.0,0.0
1976-10-08,1.234375,1.239583,1.21875,1.21875,0.028858,3696000,2184843750.0,-0.015625,-1.2658227848101267
1976-10-11,1.21875,1.226563,1.208333,1.226563,0.029043,3364800,2157187500.0,0.00781300000000007,0.6410666666666724
1976-10-12,1.226563,1.231771,1.223958,1.223958,0.028982,1680000,2171016510.0,-0.0026049999999999685,-0.21238207902895884
1976-10-13,1.223958,1.239583,1.223958,1.239583,0.029352,4224000,2166405660.0,0.015625,1.276596092349574
1976-10-14,1.234375,1.234375,1.221354,1.231771,0.029167,1320000,2184843750.0,-0.0026040000000000507,-0.21095696202532055
1976-10-15,1.231771,1.239583,1.221354,1.236979,0.02929,5131200,2180234670.0,0.0052080000000001014,0.4228058624533376
1976-10-18,1.239583,1.25,1.239583,1.247396,0.029537,3259200,2194061910.0,0.007812999999999848,0.6302926064652264
1976-10-19,1.244792,1.244792,1.229167,1.236979,0.02929,4276800,2203281840.0,-0.007812999999999848,-0.6276550620505151
1976-10-20,1.236979,1.242188,1.226563,1.231771,0.029167,1512000,2189452830.0,-0.0052080000000001014,-0.42102574093821327
1976-10-21,1.231771,1.231771,1.203125,1.208333,0.028612,1886400,2180234670.0,-0.023437999999999848,-1.902788748882694
1976-10-22,1.208333,1.213542,1.192708,1.210938,0.028673,2688000,2138749410.0000002,0.0026049999999999685,0.2155862663686226
1976-10-25,1.210938,1.226563,1.208333,1.226563,0.029043,945600,2143360260.0000002,0.015625,1.2903220478670252
1976-10-26,1.226563,1.244792,1.221354,1.244792,0.029475,2188800,2171016510.0,0.01822899999999983,1.4861853814276011
1976-10-27,1.247396,1.257813,1.247396,1.255208,0.029722,2529600,2207890920.0,0.007812000000000152,0.6262646344865747
1976-10-28,1.255208,1.260417,1.231771,1.231771,0.029167,2784000,2221718160.0,-0.023437000000000152,-1.8671805788363482
1976-10-29,1.231771,1.265625,1.223958,1.265625,0.029968,2136000,2180234670.0,0.03385400000000005,2.7484004737893692
1976-11-01,1.252604,1.252604,1.25,1.252604,0.02966,7161600,2217109080.0,0.0,0.0
1976-11-03,1.252604,1.252604,1.221354,1.252604,0.02966,2664000,2217109080.0,0.0,0.0
1976-11-04,1.252604,1.252604,1.242188,1.247396,0.029537,1320000,2217109080.0,-0.0052080000000001014,-0.4157738598950747
1976-11-05,1.247396,1.25,1.208333,1.216146,0.028797,3264000,2207890920.0,-0.03125,-2.505218871954055
1976-11-08,1.216146,1.216146,1.171875,1.216146,0.028797,2707200,2152578420.0,0.0,0.0
1976-11-09,1.216146,1.221354,1.203125,1.21875,0.028858,3307200,2152578420.0,0.0026040000000000507,0.2141190284719146
1976-11-10,1.21875,1.229167,1.210938,1.229167,0.029105,2443200,2157187500.0,0.010416999999999899,0.8547282051281968
1976-11-11,1.229167,1.236979,1.21875,1.234375,0.029228,1358400,2175625590.0,0.0052080000000001014,0.4237015800131391
1976-11-12,1.234375,1.236979,1.21875,1.229167,0.029105,3081600,2184843750.0,-0.0052080000000001014,-0.4219139240506411
1976-11-15,1.229167,1.244792,1.223958,1.239583,0.029352,2712000,2175625590.0,0.010416000000000203,0.8474031600262782
1976-11-16,1.244792,1.263021,1.244792,1.25,0.029598,3350400,2203281840.0,0.0052080000000001014,0.4183831515626789
1976-11-17,1.25,1.273438,1.247396,1.268229,0.03003,3840000,2212500000.0,0.01822900000000005,1.458320000000004
1976-11-18,1.268229,1.294271,1.265625,1.291667,0.030585,6580800,2244765330.0,0.023437999999999848,1.8480889492354966
1976-11-19,1.291667,1.3125,1.286458,1.289063,0.030523,5721600,2286250590.0,-0.0026039999999998287,-0.20159994797419373
1976-11-22,1.296875,1.309896,1.296875,1.309896,0.031017,3907200,2295468750.0,0.01302099999999995,1.0040289156626465
1976-11-23,1.309896,1.315104,1.291667,1.302083,0.030832,5332800,2318515920.0,-0.007812999999999848,-0.5964595662556301
1976-11-24,1.302083,1.309896,1.286458,1.291667,0.030585,3244800,2304686910.0,-0.010416000000000203,-0.7999490047869607
1976-11-26,1.291667,1.296875,1.28125,1.289063,0.030523,1920000,2286250590.0,-0.0026039999999998287,-0.20159994797419373
1976-11-29,1.289063,1.296875,1.283854,1.286458,0.030462,2035200,2281641510.0,-0.0026049999999999685,-0.20208477010045037
1976-11-30,1.286458,1.291667,1.273438,1.273438,0.030153,2918400,2277030660.0,-0.013020000000000032,-1.0120812338995933
1976-12-01,1.273438,1.28125,1.270833,1.270833,0.030092,3676800,2253985260.0,-0.0026049999999999685,-0.204564336858172
1976-12-02,1.270833,1.283854,1.270833,1.278646,0.030277,3715200,2249374410.0,0.007812999999999848,0.6147936038802775
1976-12-03,1.278646,1.289063,1.276042,1.286458,0.030462,4281600,2263203420.0,0.007812000000000152,0.6109587798343054
1976-12-06,1.286458,1.299479,1.28125,1.294271,0.030647,6105600,2277030660.0,0.007812999999999848,0.6073264731534063
1976-12-07,1.294271,1.299479,1.283854,1.291667,0.030585,4353600,2290859670.0,-0.0026040000000000507,-0.20119434028886152
1976-12-08,1.291667,1.3125,1.265625,1.307292,0.030955,5841600,2286250590.0,0.015625,1.2096771071801014
1976-12-09,1.307292,1.317708,1.270833,1.307292,0.031116,3940800,2313906840.0,0.0,0.0
1976-12-10,1.307292,1.317708,1.299479,1.304688,0.031054,5308800,2313906840.0,-0.0026039999999998287,-0.19919038745741802
1976-12-13,1.304688,1.304688,1.286458,1.296875,0.030868,2769600,2309297760.0,-0.00781300000000007,-0.5988404890671233
1976-12-14,1.296875,1.302083,1.286458,1.302083,0.030992,8025600,2295468750.0,0.0052080000000001014,0.4015807228915741
1976-12-15,1.299479,1.299479,1.28125,1.289063,0.030682,3158400,2300077830.0,-0.01041599999999998,-0.8015520066118791
1976-12-16,1.289063,1.299479,1.276042,1.289063,0.030682,3628800,2281641510.0,0.0,0.0
1976-12-17,1.289063,1.294271,1.273438,1.273438,0.03031,1872000,2281641510.0,-0.015625,-1.212120741965288
1976-12-20,1.273438,1.28125,1.255208,1.263021,0.030062,1670400,2253985260.0,-0.01041700000000012,-0.8180217647031203
1976-12-21,1.263021,1.265625,1.234375,1.244792,0.029629,4291200,2235547170.0,-0.01822900000000005,-1.4432855827417004
1976-12-22,1.244792,1.291667,1.236979,1.242188,0.029567,3096000,2203281840.0,-0.0026039999999998287,-0.2091915757813216
1976-12-23,1.244792,1.257813,1.244792,1.252604,0.029814,4656000,2203281840.0,0.007812000000000152,0.6275747273440183
1976-12-27,1.252604,1.276042,1.252604,1.276042,0.030372,2971200,2217109080.0,0.023437999999999848,1.8711420369086997
1976-12-28,1.276042,1.294271,1.276042,1.283854,0.030558,6024000,2258594340.0,0.007812000000000152,0.6122055543626427
1976-12-29,1.283854,1.283854,1.276042,1.278646,0.030434,2937600,2272421580.0,-0.0052080000000001014,-0.40565360235666215
1976-12-30,1.278646,1.28125,1.270833,1.273438,0.03031,3796800,2263203420.0,-0.005207999999999879,-0.40730585322285284
1976-12-31,1.273438,1.286458,1.265625,1.286458,0.03062,1996800,2253985260.0,0.013020000000000032,1.0224290464082295
1977-01-03,1.236979,1.278646,1.236979,1.247396,0.029691,15532800,2189452830.0,0.010416999999999899,0.8421323239925576
1977-01-04,1.247396,1.25,1.197917,1.21875,0.029009,9470400,2207890920.0,-0.02864599999999995,-2.296463993791863
1977-01-05,1.21875,1.21875,1.203125,1.205729,0.028699,8635200,2157187500.0,-0.01302099999999995,-1.0683897435897394
1977-01-06,1.205729,1.216146,1.203125,1.208333,0.028761,4104000,2134140330.0,0.0026040000000000507,0.21596892834128156
1977-01-07,1.208333,1.21875,1.205729,1.21875,0.029009,3038400,2138749410.0000002,0.010416999999999899,0.8620967895439334
1977-01-10,1.21875,1.231771,1.205729,1.210938,0.028823,3427200,2157187500.0,-0.00781199999999993,-0.6409846153846097
1977-01-11,1.210938,1.210938,1.177083,1.184896,0.028203,6787200,2143360260.0000002,-0.02604200000000012,-2.150564273315407
1977-01-12,1.184896,1.1875,1.166667,1.184896,0.028203,5952000,2097265920.0,0.0,0.0
1977-01-13,1.1875,1.205729,1.1875,1.203125,0.028637,2990400,2101875000.0,0.015625,1.3157894736842104
1977-01-14,1.203125,1.208333,1.200521,1.208333,0.028761,2246400,2129531250.0,0.0052080000000001014,0.43287272727273574
1977-01-17,1.208333,1.213542,1.197917,1.213542,0.028885,3278400,2138749410.0000002,0.005208999999999797,0.431089774093714
1977-01-18,1.213542,1.216146,1.197917,1.205729,0.028699,3537600,2147969340.0,-0.007812999999999848,-0.6438178489083896
1977-01-19,1.205729,1.213542,1.190104,1.208333,0.028761,1795200,2134140330.0,0.0026040000000000507,0.21596892834128156
1977-01-20,1.208333,1.216146,1.171875,1.182292,0.028141,2649600,2138749410.0000002,-0.026041000000000203,-2.155117835894592
1977-01-21,1.182292,1.195313,1.179688,1.184896,0.028203,2318400,2092656839.9999998,0.0026040000000000507,0.2202501581673606
1977-01-24,1.184896,1.190104,1.161458,1.171875,0.027893,2227200,2097265920.0,-0.01302099999999995,-1.0989150102624998
1977-01-25,1.171875,1.174479,1.148438,1.151042,0.027397,4958400,2074218750.0,-0.0208330000000001,-1.7777493333333418
1977-01-26,1.151042,1.153646,1.135417,1.145833,0.027273,11097600,2037344339.9999998,-0.005208999999999797,-0.4525464752806412
1977-01-27,1.145833,1.169271,1.145833,1.153646,0.027459,3758400,2028124410.0000002,0.007812999999999848,0.6818620165416642
1977-01-28,1.153646,1.169271,1.151042,1.166667,0.027769,2385600,2041953420.0,0.01302099999999995,1.1286824554499344
1977-01-31,1.166667,1.177083,1.153646,1.174479,0.027955,2068800,2065000589.9999998,0.007812000000000152,0.6695998086857821
1977-02-01,1.174479,1.1875,1.171875,1.174479,0.027955,3091200,2078827830.0,0.0,0.0
1977-02-02,1.177083,1.200521,1.177083,1.179688,0.028079,2630400,2083436910.0000002,0.0026049999999999685,0.2213097971850726
1977-02-03,1.179688,1.190104,1.15625,1.164063,0.027707,3427200,2088047760.0000002,-0.015625,-1.3245027498796291
1977-02-04,1.164063,1.169271,1.153646,1.161458,0.027645,2731200,2060391510.0000002,-0.0026049999999999685,-0.22378513877685044
1977-02-07,1.161458,1.171875,1.161458,1.164063,0.027707,3710400,2055780660.0000002,0.0026049999999999685,0.22428705988507275
1977-02-08,1.164063,1.166667,1.140625,1.151042,0.027397,3667200,2060391510.0000002,-0.013021000000000171,-1.1185820698708036
1977-02-09,1.151042,1.151042,1.130208,1.140625,0.027149,2625600,2037344339.9999998,-0.010416999999999899,-0.9050060727584136
1977-02-10,1.140625,1.145833,1.135417,1.143229,0.027211,2107200,2018906250.0,0.0026040000000000507,0.22829589041096335
1977-02-11,1.140625,1.140625,1.119792,1.125,0.026777,2875200,2018906250.0,-0.015625,-1.36986301369863
1977-02-14,1.125,1.130208,1.114583,1.130208,0.026901,5217600,1991250000.0,0.0052080000000001014,0.46293333333334236
1977-02-15,1.130208,1.140625,1.125,1.140625,0.027149,3067200,2000468160.0000002,0.010416999999999899,0.9216887510971341
1977-02-16,1.143229,1.164063,1.143229,1.151042,0.027397,3883200,2023515330.0,0.007812999999999848,0.6834151338008262
1977-02-17,1.151042,1.161458,1.132813,1.153646,0.027459,3153600,2037344339.9999998,0.0026040000000000507,0.22622979873888624
1977-02-18,1.153646,1.164063,1.148438,1.15625,0.027521,1924800,2041953420.0,0.0026040000000000507,0.2257191547493816
1977-02-22,1.158854,1.177083,1.158854,1.166667,0.027769,2155200,2051171580.0,0.007812999999999848,0.6742005464018631
1977-02-23,1.166667,1.179688,1.158854,1.158854,0.027583,2860800,2065000589.9999998,-0.007812999999999848,-0.6696855229469805
1977-02-24,1.158854,1.164063,1.148438,1.153646,0.027459,1574400,2051171580.0,-0.0052080000000001014,-0.4494095028364316
1977-02-25,1.153646,1.161458,1.143229,1.145833,0.027273,2400000,2041953420.0,-0.007812999999999848,-0.6772441459511711
1977-02-28,1.145833,1.151042,1.140625,1.151042,0.027397,1612800,2028124410.0000002,0.005208999999999797,0.45460376861198765
1977-03-01,1.151042,1.153646,1.140625,1.151042,0.027397,2433600,2037344339.9999998,0.0,0.0
1977-03-02,1.151042,1.151042,1.138021,1.148438,0.027335,2059200,2037344339.9999998,-0.0026039999999998287,-0.22622979873886695
1977-03-03,1.148438,1.151042,1.143229,1.148438,0.027335,1800000,2032735260.0000002,0.0,0.0
1977-03-04,1.15625,1.171875,1.15625,1.171875,0.027893,4267200,2046562500.0,0.015625,1.3513513513513513
1977-03-07,1.171875,1.177083,1.158854,1.171875,0.027893,1924800,2074218750.0,0.0,0.0
1977-03-08,1.171875,1.174479,1.15625,1.161458,0.027645,1339200,2074218750.0,-0.010416999999999899,-0.8889173333333247
1977-03-09,1.158854,1.158854,1.143229,1.145833,0.027273,1713600,2051171580.0,-0.01302099999999995,-1.1236100492382948
1977-03-10,1.145833,1.148438,1.132813,1.148438,0.027498,2188800,2028124410.0000002,0.0026049999999999685,0.22734552068233052
1977-03-11,1.148438,1.161458,1.140625,1.140625,0.027311,1867200,2032735260.0000002,-0.00781300000000007,-0.6803153500667924
1977-03-14,1.140625,1.15625,1.140625,1.151042,0.02756,3067200,2018906250.0,0.010416999999999899,0.9132712328767034
1977-03-15,1.151042,1.166667,1.151042,1.166667,0.027934,3196800,2037344339.9999998,0.015625,1.357465670236186
1977-03-16,1.166667,1.171875,1.161458,1.169271,0.027996,3158400,2065000589.9999998,0.0026040000000000507,0.22319993622859402
1977-03-17,1.169271,1.169271,1.161458,1.169271,0.027996,3120000,2069609670.0,0.0,0.0
1977-03-18,1.169271,1.171875,1.158854,1.158854,0.027747,3096000,2069609670.0,-0.010416999999999899,-0.890896977689509
1977-03-21,1.158854,1.161458,1.151042,1.15625,0.027685,1507200,2051171580.0,-0.0026040000000000507,-0.2247047514182158
1977-03-22,1.15625,1.15625,1.148438,1.151042,0.02756,1636800,2046562500.0,-0.0052080000000001014,-0.45042162162163035
1977-03-23,1.151042,1.161458,1.151042,1.151042,0.02756,1713600,2037344339.9999998,0.0,0.0
1977-03-24,1.151042,1.158854,1.151042,1.151042,0.02756,734400,2037344339.9999998,0.0,0.0
1977-03-25,1.151042,1.151042,1.132813,1.132813,0.027123,2001600,2037344339.9999998,-0.01822899999999983,-1.583695468975053
1977-03-28,1.127604,1.127604,1.114583,1.117188,0.026749,3139200,1995859080.0,-0.01041599999999998,-0.9237285429991363
1977-03-29,1.119792,1.132813,1.119792,1.130208,0.027061,1694400,1982031839.9999998,0.010416000000000203,0.9301727463672006
1977-03-30,1.130208,1.132813,1.104167,1.114583,0.026687,2035200,2000468160.0000002,-0.015625,-1.3824888870013308
1977-03-31,1.109375,1.109375,1.091146,1.098958,0.026313,4416000,1963593750.0,-0.010416999999999899,-0.9389971830985824
1977-04-01,1.106771,1.140625,1.106771,1.135417,0.027186,2884800,1958984670.0,0.02864599999999995,2.5882499631811777
1977-04-04,1.127604,1.127604,1.109375,1.109375,0.026562,1526400,1995859080.0,-0.01822900000000005,-1.6166136338643753
1977-04-05,1.109375,1.111979,1.096354,1.101563,0.026375,3657600,1963593750.0,-0.00781199999999993,-0.7041802816901346
1977-04-06,1.104167,1.117188,1.104167,1.106771,0.0265,3028800,1954375589.9999998,0.0026040000000000507,0.23583389106901861
1977-04-07,1.106771,1.125,1.104167,1.125,0.026936,1320000,1958984670.0,0.01822900000000005,1.6470435166805104
1977-04-11,1.130208,1.158854,1.130208,1.151042,0.02756,3360000,2000468160.0000002,0.020833999999999797,1.8433775021942682
1977-04-12,1.151042,1.161458,1.151042,1.158854,0.027747,2323200,2037344339.9999998,0.007812000000000152,0.6786893962166587
1977-04-13,1.158854,1.166667,1.153646,1.161458,0.027809,2750400,2051171580.0,0.0026040000000000507,0.2247047514182158
1977-04-14,1.161458,1.182292,1.161458,1.161458,0.027809,3892800,2055780660.0000002,0.0,0.0
1977-04-15,1.161458,1.166667,1.15625,1.164063,0.027872,3902400,2055780660.0000002,0.0026049999999999685,0.22428705988507275
1977-04-18,1.164063,1.166667,1.143229,1.145833,0.027435,1329600,2060391510.0000002,-0.01822999999999997,-1.566066441421123
1977-04-19,1.143229,1.143229,1.127604,1.140625,0.027311,1747200,2023515330.0,-0.0026040000000000507,-0.22777588742063493
1977-04-20,1.140625,1.151042,1.138021,1.148438,0.027498,1939200,2018906250.0,0.00781300000000007,0.6849753424657595
1977-04-21,1.148438,1.153646,1.130208,1.130208,0.027061,3902400,2032735260.0000002,-0.01822999999999997,-1.5873734585584915
1977-04-22,1.122396,1.122396,1.096354,1.098958,0.026313,2529600,1986640920.0,-0.023437999999999848,-2.0882112908456416
1977-04-25,1.098958,1.104167,1.083333,1.088542,0.026063,4084800,1945155660.0000002,-0.010416000000000203,-0.9478069225575684
1977-04-26,1.088542,1.098958,1.072917,1.075521,0.025752,3216000,1926719339.9999998,-0.01302099999999995,-1.196187193512051
1977-04-27,1.083333,1.104167,1.083333,1.101563,0.026375,2251200,1917499410.0000002,0.01822999999999997,1.682769748544535
1977-04-28,1.109375,1.130208,1.109375,1.127604,0.026999,3153600,1963593750.0,0.01822900000000005,1.643177464788737
1977-04-29,1.127604,1.143229,1.125,1.125,0.026936,2534400,1995859080.0,-0.0026040000000000507,-0.230932135749789
1977-05-02,1.125,1.143229,1.125,1.140625,0.027311,1420800,1991250000.0,0.015625,1.3888888888888888
1977-05-03,1.140625,1.15625,1.140625,1.148438,0.027498,1886400,2018906250.0,0.00781300000000007,0.6849753424657595
1977-05-04,1.148438,1.148438,1.132813,1.135417,0.027186,5548800,2032735260.0000002,-0.013021000000000171,-1.1338008669166444
1977-05-05,1.135417,1.140625,1.125,1.140625,0.027311,3643200,2009688089.9999998,0.0052080000000001014,0.45868610387197845
1977-05-06,1.140625,1.145833,1.125,1.145833,0.027435,2232000,2018906250.0,0.0052080000000001014,0.4565917808219267
1977-05-09,1.145833,1.148438,1.135417,1.145833,0.027435,1881600,2028124410.0000002,0.0,0.0
1977-05-10,1.145833,1.161458,1.145833,1.145833,0.027435,2841600,2028124410.0000002,0.0,0.0
1977-05-11,1.145833,1.151042,1.117188,1.119792,0.026812,2256000,2028124410.0000002,-0.026041000000000203,-2.2726697520494
1977-05-12,1.119792,1.140625,1.111979,1.127604,0.026999,2078400,1982031839.9999998,0.007812000000000152,0.6976295597754004
1977-05-13,1.130208,1.153646,1.130208,1.138021,0.027248,1176000,2000468160.0000002,0.007812999999999848,0.6912886831450359
1977-05-16,1.138021,1.143229,1.125,1.130208,0.027061,3969600,2014297170.0,-0.007812999999999848,-0.6865426912157023
1977-05-17,1.130208,1.138021,1.122396,1.138021,0.027248,1598400,2000468160.0000002,0.007812999999999848,0.6912886831450359
1977-05-18,1.143229,1.169271,1.143229,1.161458,0.027809,3014400,2023515330.0,0.01822900000000005,1.594518683483366
1977-05-19,1.166667,1.1875,1.166667,1.182292,0.028308,4780800,2065000589.9999998,0.015625,1.3392853316327624
1977-05-20,1.177083,1.177083,1.153646,1.15625,0.027685,3897600,2083436910.0000002,-0.0208330000000001,-1.7698836870467163
1977-05-23,1.15625,1.15625,1.132813,1.132813,0.027123,2020800,2046562500.0,-0.02343699999999993,-2.026983783783778
1977-05-24,1.132813,1.138021,1.125,1.127604,0.026999,2760000,2005079010.0000002,-0.005209000000000019,-0.45982876255834093
1977-05-25,1.127604,1.127604,1.111979,1.114583,0.026687,2040000,1995859080.0,-0.01302099999999995,-1.1547493623647973
1977-05-26,1.114583,1.122396,1.109375,1.122396,0.026874,4468800,1972811910.0000002,0.007812999999999848,0.7009796488910962
1977-05-27,1.122396,1.127604,1.106771,1.109375,0.026562,2001600,1986640920.0,-0.01302099999999995,-1.160107484345984
1977-05-31,1.109375,1.117188,1.109375,1.117188,0.026749,1209600,1963593750.0,0.00781300000000007,0.7042704225352175
1977-06-01,1.119792,1.125,1.119792,1.125,0.026936,1406400,1982031839.9999998,0.0052080000000001014,0.4650863731836003
1977-06-02,1.125,1.135417,1.125,1.130208,0.027061,2102400,1991250000.0,0.0052080000000001014,0.46293333333334236
1977-06-03,1.132813,1.140625,1.132813,1.140625,0.027311,2832000,2005079010.0000002,0.00781199999999993,0.6896107301028439
1977-06-06,1.140625,1.145833,1.138021,1.143229,0.027373,1948800,2018906250.0,0.0026040000000000507,0.22829589041096335
1977-06-07,1.143229,1.151042,1.135417,1.145833,0.027435,1382400,2023515330.0,0.0026040000000000507,0.22777588742063493
1977-06-08,1.151042,1.161458,1.151042,1.161458,0.027809,1728000,2037344339.9999998,0.010416000000000203,0.904919194955545
1977-06-09,1.158854,1.158854,1.151042,1.158854,0.027747,600000,2051171580.0,0.0,0.0
1977-06-10,1.158854,1.158854,1.148438,1.153646,0.027828,1843200,2051171580.0,-0.0052080000000001014,-0.4494095028364316
1977-06-13,1.153646,1.166667,1.148438,1.164063,0.02808,1593600,2041953420.0,0.01041700000000012,0.902963300700572
1977-06-14,1.169271,1.177083,1.169271,1.177083,0.028394,3892800,2069609670.0,0.007812000000000152,0.6681085907373185
1977-06-15,1.177083,1.179688,1.169271,1.174479,0.028331,2193600,2083436910.0000002,-0.0026040000000000507,-0.22122484140880894
1977-06-16,1.174479,1.1875,1.171875,1.1875,0.028645,4176000,2078827830.0,0.01302099999999995,1.1086617981249514
1977-06-17,1.1875,1.192708,1.177083,1.192708,0.028771,3096000,2101875000.0,0.0052080000000001014,0.4385684210526401
1977-06-20,1.192708,1.195313,1.179688,1.192708,0.028771,2472000,2111093160.0000002,0.0,0.0
1977-06-21,1.192708,1.192708,1.177083,1.179688,0.028457,3638400,2111093160.0000002,-0.013020000000000032,-1.0916334928582712
1977-06-22,1.179688,1.179688,1.166667,1.171875,0.028268,2476800,2088047760.0000002,-0.00781300000000007,-0.6622937590278166
1977-06-23,1.171875,1.174479,1.15625,1.158854,0.027954,1233600,2074218750.0,-0.01302099999999995,-1.1111253333333289
1977-06-24,1.158854,1.164063,1.15625,1.164063,0.02808,2976000,2051171580.0,0.005209000000000019,0.4494957949836665
1977-06-27,1.164063,1.171875,1.158854,1.166667,0.028143,1910400,2060391510.0000002,0.0026039999999998287,0.2236992327734692
1977-06-28,1.166667,1.169271,1.158854,1.161458,0.028017,1752000,2065000589.9999998,-0.005208999999999797,-0.4464855867183865
1977-06-29,1.161458,1.164063,1.15625,1.161458,0.028017,1147200,2055780660.0000002,0.0,0.0
1977-06-30,1.161458,1.166667,1.151042,1.161458,0.028017,1478400,2055780660.0000002,0.0,0.0
1977-07-01,1.161458,1.171875,1.158854,1.166667,0.028143,2424000,2055780660.0000002,0.005208999999999797,0.44848802109071506
1977-07-05,1.166667,1.171875,1.158854,1.171875,0.028268,892800,2065000589.9999998,0.0052080000000001014,0.44639987245718804
1977-07-06,1.171875,1.184896,1.161458,1.164063,0.02808,2212800,2074218750.0,-0.00781199999999993,-0.666623999999994
1977-07-07,1.164063,1.171875,1.161458,1.166667,0.028143,1972800,2060391510.0000002,0.0026039999999998287,0.2236992327734692
1977-07-08,1.166667,1.171875,1.15625,1.161458,0.028017,5088000,2065000589.9999998,-0.005208999999999797,-0.4464855867183865
1977-07-11,1.15625,1.15625,1.140625,1.15625,0.027891,1646400,2046562500.0,0.0,0.0
1977-07-12,1.15625,1.166667,1.153646,1.158854,0.027954,4564800,2046562500.0,0.0026040000000000507,0.22521081081081518
1977-07-13,1.158854,1.169271,1.15625,1.169271,0.028205,1454400,2051171580.0,0.010416999999999899,0.898905297820079
1977-07-15,1.169271,1.184896,1.166667,1.184896,0.028582,2352000,2069609670.0,0.015625,1.3363027048477214
1977-07-18,1.184896,1.210938,1.182292,1.210938,0.02921,7219200,2097265920.0,0.02604200000000012,2.1978300205250183
1977-07-19,1.210938,1.221354,1.208333,1.221354,0.029462,7468800,2143360260.0000002,0.01041599999999998,0.8601596448373063
1977-07-20,1.221354,1.221354,1.205729,1.21875,0.029399,3235200,2161796580.0,-0.0026040000000000507,-0.21320599924346673
1977-07-21,1.21875,1.21875,1.203125,1.210938,0.02921,2294400,2157187500.0,-0.00781199999999993,-0.6409846153846097
1977-07-22,1.210938,1.221354,1.210938,1.213542,0.029273,2457600,2143360260.0000002,0.0026039999999998287,0.21503991120931282
1977-07-25,1.208333,1.208333,1.197917,1.197917,0.028896,748800,2138749410.0000002,-0.010416000000000203,-0.8620140309004389
1977-07-26,1.197917,1.210938,1.197917,1.200521,0.028959,1190400,2120313089.9999998,0.0026040000000000507,0.21737733081674698
1977-07-27,1.200521,1.203125,1.182292,1.182292,0.028519,916800,2124922170.0,-0.01822900000000005,-1.5184240842101098
1977-07-28,1.182292,1.192708,1.171875,1.1875,0.028645,2841600,2092656839.9999998,0.0052080000000001014,0.4405003163347212
1977-07-29,1.1875,1.197917,1.182292,1.197917,0.028896,1027200,2101875000.0,0.010416999999999899,0.8772210526315704
1977-08-01,1.205729,1.247396,1.205729,1.208333,0.029148,4267200,2134140330.0,0.0026040000000000507,0.21596892834128156
1977-08-02,1.208333,1.21875,1.203125,1.210938,0.02921,5376000,2138749410.0000002,0.0026049999999999685,0.2155862663686226
1977-08-03,1.210938,1.231771,1.208333,1.226563,0.029587,5424000,2143360260.0000002,0.015625,1.2903220478670252
1977-08-04,1.226563,1.236979,1.221354,1.234375,0.029776,4934400,2171016510.0,0.00781199999999993,0.6369016511993212
1977-08-05,1.234375,1.255208,1.231771,1.252604,0.030215,8832000,2184843750.0,0.01822900000000005,1.476779746835447
1977-08-08,1.252604,1.252604,1.239583,1.239583,0.029901,2227200,2217109080.0,-0.01302099999999995,-1.0395144834281185
1977-08-09,1.239583,1.252604,1.236979,1.244792,0.030027,2673600,2194061910.0,0.005208999999999797,0.42022196174034304
1977-08-10,1.244792,1.263021,1.239583,1.263021,0.030467,2817600,2203281840.0,0.01822900000000005,1.464421365175873
1977-08-11,1.263021,1.268229,1.234375,1.244792,0.030027,4464000,2235547170.0,-0.01822900000000005,-1.4432855827417004
1977-08-12,1.244792,1.247396,1.234375,1.236979,0.029839,2923200,2203281840.0,-0.007812999999999848,-0.6276550620505151
1977-08-15,1.236979,1.257813,1.234375,1.255208,0.030278,2726400,2189452830.0,0.01822900000000005,1.4736709353998774
1977-08-16,1.255208,1.265625,1.252604,1.260417,0.030404,1536000,2221718160.0,0.005208999999999797,0.4149909815743523
1977-08-17,1.260417,1.28125,1.255208,1.276042,0.030781,3259200,2230938090.0,0.015625,1.2396690936412316
1977-08-18,1.276042,1.291667,1.270833,1.291667,0.031158,6057600,2258594340.0,0.015625,1.2244894760517286
1977-08-19,1.286458,1.286458,1.268229,1.286458,0.031032,3096000,2277030660.0,0.0,0.0
1977-08-22,1.286458,1.289063,1.273438,1.283854,0.030969,2510400,2277030660.0,-0.0026040000000000507,-0.20241624677992212
1977-08-23,1.283854,1.291667,1.278646,1.286458,0.031032,4296000,2272421580.0,0.0026040000000000507,0.20282680117833107
1977-08-24,1.283854,1.283854,1.276042,1.278646,0.030844,1780800,2272421580.0,-0.0052080000000001014,-0.40565360235666215
1977-08-25,1.278646,1.28125,1.265625,1.268229,0.030592,1737600,2263203420.0,-0.010416999999999899,-0.8146899141748302
1977-08-26,1.260417,1.260417,1.244792,1.252604,0.030215,4425600,2230938090.0,-0.007812999999999848,-0.6198742162316002
1977-08-29,1.257813,1.276042,1.257813,1.273438,0.030718,2788800,2226329010.0,0.015625,1.2422355310368074
1977-08-30,1.273438,1.299479,1.273438,1.273438,0.030718,3624000,2253985260.0,0.0,0.0
1977-08-31,1.273438,1.278646,1.268229,1.278646,0.030844,3086400,2253985260.0,0.005207999999999879,0.4089716185632814
1977-09-01,1.28125,1.291667,1.28125,1.283854,0.030969,2889600,2267812500.0,0.0026040000000000507,0.20323902439024788
1977-09-02,1.283854,1.299479,1.28125,1.296875,0.031283,2011200,2272421580.0,0.01302099999999995,1.0142118963682747
1977-09-06,1.296875,1.302083,1.291667,1.291667,0.031158,1540800,2295468750.0,-0.0052080000000001014,-0.4015807228915741
1977-09-07,1.291667,1.296875,1.283854,1.286458,0.031032,1411200,2286250590.0,-0.005208999999999797,-0.40327731528325783
1977-09-08,1.286458,1.294271,1.286458,1.291667,0.031158,1262400,2277030660.0,0.005208999999999797,0.40491022637348417
1977-09-09,1.278646,1.278646,1.263021,1.265625,0.030734,2059200,2263203420.0,-0.01302099999999995,-1.0183428407862654
1977-09-12,1.265625,1.276042,1.25,1.273438,0.030924,2908800,2240156250.0,0.00781300000000007,0.617323456790129
1977-09-13,1.273438,1.286458,1.270833,1.286458,0.03124,3489600,2253985260.0,0.013020000000000032,1.0224290464082295
1977-09-14,1.286458,1.286458,1.278646,1.28125,0.031113,2064000,2277030660.0,-0.0052080000000001014,-0.40483249355984424
1977-09-15,1.28125,1.294271,1.268229,1.286458,0.03124,2798400,2267812500.0,0.0052080000000001014,0.40647804878049576
1977-09-16,1.286458,1.302083,1.283854,1.291667,0.031366,3182400,2277030660.0,0.005208999999999797,0.40491022637348417
1977-09-19,1.291667,1.296875,1.286458,1.296875,0.031493,1790400,2286250590.0,0.0052080000000001014,0.4031998959484218
1977-09-20,1.296875,1.317708,1.291667,1.317708,0.031999,6340800,2295468750.0,0.0208330000000001,1.6064000000000078
1977-09-21,1.317708,1.320313,1.296875,1.299479,0.031556,3705600,2332343160.0,-0.01822900000000005,-1.383386911212503
1977-09-22,1.296875,1.296875,1.283854,1.289063,0.031303,3494400,2295468750.0,-0.00781199999999993,-0.602371084337344
1977-09-23,1.289063,1.294271,1.283854,1.289063,0.031303,3216000,2281641510.0,0.0,0.0
1977-09-26,1.289063,1.291667,1.278646,1.291667,0.031366,2515200,2281641510.0,0.0026039999999998287,0.20200719437295372
1977-09-27,1.291667,1.299479,1.283854,1.299479,0.031556,2515200,2286250590.0,0.007812000000000152,0.6047998439226328
1977-09-28,1.299479,1.304688,1.283854,1.294271,0.031429,1060800,2300077830.0,-0.0052080000000001014,-0.40077600330594815
1977-09-29,1.307292,1.320313,1.307292,1.309896,0.031809,4176000,2313906840.0,0.0026040000000000507,0.19919038745743498
1977-09-30,1.315104,1.333333,1.315104,1.330729,0.032315,2942400,2327734080.0,0.015625,1.1881189624546804
1977-10-03,1.330729,1.341146,1.320313,1.341146,0.032568,3633600,2355390330.0,0.010416999999999899,0.7828040119363069
1977-10-04,1.341146,1.348958,1.325521,1.330729,0.032315,3134400,2373828420.0,-0.010416999999999899,-0.7767237869702402
1977-10-05,1.330729,1.330729,1.309896,1.309896,0.031809,3331200,2355390330.0,-0.0208330000000001,-1.565532877092188
1977-10-06,1.309896,1.328125,1.307292,1.325521,0.032188,1699200,2318515920.0,0.015625,1.1928427905726866
1977-10-07,1.325521,1.335938,1.325521,1.330729,0.032315,2755200,2346172170.0,0.0052080000000001014,0.39290211169797395
1977-10-10,1.328125,1.328125,1.3125,1.317708,0.031999,2145600,2350781250.0,-0.010416999999999899,-0.7843388235294041
1977-10-11,1.3125,1.3125,1.294271,1.299479,0.031556,2256000,2323125000.0,-0.01302099999999995,-0.9920761904761867
1977-10-12,1.291667,1.291667,1.263021,1.278646,0.03105,6451200,2286250590.0,-0.01302099999999995,-1.0080771592058906
1977-10-13,1.278646,1.278646,1.260417,1.270833,0.03086,2601600,2263203420.0,-0.007812999999999848,-0.6110369875633951
1977-10-14,1.270833,1.276042,1.255208,1.255208,0.030481,3921600,2249374410.0,-0.015625,-1.2295085192153492
1977-10-17,1.255208,1.273438,1.255208,1.265625,0.030734,1521600,2221718160.0,0.010416999999999899,0.8299022950777798
1977-10-18,1.265625,1.273438,1.257813,1.260417,0.030607,2044800,2240156250.0,-0.0052080000000001014,-0.41149629629630435
1977-10-19,1.257813,1.257813,1.244792,1.244792,0.030228,3283200,2226329010.0,-0.013021000000000171,-1.035209526376351
1977-10-20,1.244792,1.257813,1.242188,1.257813,0.030544,4646400,2203281840.0,0.013021000000000171,1.0460382136132118
1977-10-21,1.257813,1.268229,1.252604,1.265625,0.030734,4118400,2226329010.0,0.00781199999999993,0.621078013981405
1977-10-24,1.265625,1.268229,1.257813,1.263021,0.030671,2428800,2240156250.0,-0.0026040000000000507,-0.20574814814815218
1977-10-25,1.263021,1.265625,1.247396,1.260417,0.030607,3009600,2235547170.0,-0.0026040000000000507,-0.20617234392777717
1977-10-26,1.260417,1.270833,1.255208,1.265625,0.030734,4790400,2230938090.0,0.0052080000000001014,0.41319658493975425
1977-10-27,1.265625,1.270833,1.257813,1.268229,0.030797,3187200,2240156250.0,0.0026040000000000507,0.20574814814815218
1977-10-28,1.268229,1.273438,1.252604,1.263021,0.030671,3835200,2244765330.0,-0.0052080000000001014,-0.4106513886687736
1977-10-31,1.263021,1.278646,1.263021,1.268229,0.030797,1435200,2235547170.0,0.0052080000000001014,0.41234468785555434
1977-11-01,1.260417,1.260417,1.244792,1.257813,0.030544,2961600,2230938090.0,-0.0026039999999998287,-0.2065982924698595
1977-11-02,1.255208,1.255208,1.234375,1.234375,0.029975,3528000,2221718160.0,-0.0208330000000001,-1.6597249220846346
1977-11-03,1.234375,1.244792,1.231771,1.242188,0.030165,1953600,2184843750.0,0.00781300000000007,0.6329518987341829
1977-11-04,1.244792,1.260417,1.244792,1.260417,0.030607,3148800,2203281840.0,0.015625,1.2552297893945334
1977-11-07,1.265625,1.283854,1.265625,1.283854,0.031176,3484800,2240156250.0,0.01822900000000005,1.44031604938272
1977-11-08,1.283854,1.294271,1.28125,1.294271,0.031429,3172800,2272421580.0,0.010416999999999899,0.8113850951899436
1977-11-09,1.294271,1.309896,1.291667,1.309896,0.031809,2740800,2290859670.0,0.015625,1.207243305304685
1977-11-10,1.309896,1.341146,1.309896,1.333333,0.032378,4867200,2318515920.0,0.023437000000000152,1.7892260148897432
1977-11-11,1.335938,1.351563,1.335938,1.346354,0.032694,5217600,2364610260.0,0.01041599999999998,0.779676901173556
1977-11-14,1.34375,1.34375,1.333333,1.338542,0.032505,2908800,2378437500.0,-0.0052080000000001014,-0.38757209302326334
1977-11-15,1.338542,1.346354,1.333333,1.341146,0.032568,4939200,2369219340.0,0.0026040000000000507,0.1945400293752494
1977-11-16,1.341146,1.34375,1.335938,1.335938,0.032441,3019200,2373828420.0,-0.005207999999999879,-0.38832461193634993
1977-11-17,1.335938,1.335938,1.322917,1.325521,0.032188,3945600,2364610260.0,-0.01041700000000012,-0.7797517549467206
1977-11-18,1.322917,1.322917,1.302083,1.304688,0.031682,6518400,2341563090.0,-0.01822899999999983,-1.3779398102828695
1977-11-21,1.304688,1.309896,1.283854,1.296875,0.031493,2942400,2309297760.0,-0.00781300000000007,-0.5988404890671233
1977-11-22,1.296875,1.299479,1.286458,1.291667,0.031366,6393600,2295468750.0,-0.0052080000000001014,-0.4015807228915741
1977-11-23,1.291667,1.302083,1.286458,1.302083,0.031619,6326400,2286250590.0,0.010416000000000203,0.8063997918968436
1977-11-25,1.302083,1.315104,1.302083,1.3125,0.031872,4608000,2304686910.0,0.010416999999999899,0.8000258048065981
1977-11-28,1.3125,1.315104,1.302083,1.309896,0.031809,1348800,2323125000.0,-0.0026040000000000507,-0.19840000000000388
1977-11-29,1.302083,1.302083,1.283854,1.286458,0.03124,1723200,2304686910.0,-0.015625,-1.2000003072000787
1977-11-30,1.286458,1.294271,1.286458,1.291667,0.031366,3292800,2277030660.0,0.005208999999999797,0.40491022637348417
1977-12-01,1.291667,1.291667,1.283854,1.289063,0.031303,1699200,2286250590.0,-0.0026039999999998287,-0.20159994797419373
1977-12-02,1.289063,1.294271,1.286458,1.289063,0.031303,2803200,2281641510.0,0.0,0.0
1977-12-05,1.289063,1.294271,1.289063,1.294271,0.031429,3124800,2281641510.0,0.005207999999999879,0.4040143887459247
1977-12-06,1.291667,1.291667,1.263021,1.268229,0.030797,4248000,2286250590.0,-0.023437999999999848,-1.81455437043757
1977-12-07,1.268229,1.270833,1.247396,1.255208,0.030481,4377600,2244765330.0,-0.01302099999999995,-1.0267073217849416
1977-12-08,1.255208,1.265625,1.25,1.260417,0.030607,3686400,2221718160.0,0.005208999999999797,0.4149909815743523
1977-12-09,1.260417,1.263021,1.252604,1.255208,0.03069,3158400,2230938090.0,-0.005208999999999797,-0.4132759237617231
1977-12-12,1.255208,1.257813,1.247396,1.25,0.030563,2923200,2221718160.0,-0.0052080000000001014,-0.4149113135034274
1977-12-13,1.25,1.255208,1.242188,1.247396,0.030499,8102400,2212500000.0,-0.0026040000000000507,-0.20832000000000406
1977-12-14,1.247396,1.252604,1.242188,1.252604,0.030626,3312000,2207890920.0,0.0052080000000001014,0.4175097563243831
1977-12-15,1.252604,1.260417,1.244792,1.257813,0.030754,3480000,2217109080.0,0.005209000000000019,0.41585369358552415
1977-12-16,1.257813,1.263021,1.255208,1.255208,0.03069,1920000,2226329010.0,-0.0026049999999999685,-0.20710550773445405
1977-12-19,1.255208,1.260417,1.252604,1.257813,0.030754,1238400,2221718160.0,0.0026049999999999685,0.20753532482265633
1977-12-20,1.257813,1.28125,1.255208,1.265625,0.030945,3268800,2226329010.0,0.00781199999999993,0.621078013981405
1977-12-21,1.265625,1.278646,1.263021,1.276042,0.031199,2049600,2240156250.0,0.010416999999999899,0.8230716049382636
1977-12-22,1.278646,1.302083,1.278646,1.299479,0.031772,3566400,2263203420.0,0.0208330000000001,1.6293016206205706
1977-12-23,1.299479,1.317708,1.294271,1.317708,0.032218,2160000,2300077830.0,0.01822900000000005,1.4027929654884803
1977-12-27,1.317708,1.322917,1.296875,1.296875,0.031709,2400000,2332343160.0,-0.0208330000000001,-1.5810027714789696
1977-12-28,1.296875,1.296875,1.278646,1.291667,0.031581,2116800,2295468750.0,-0.0052080000000001014,-0.4015807228915741
1977-12-29,1.291667,1.299479,1.283854,1.291667,0.031581,3321600,2286250590.0,0.0,0.0
1977-12-30,1.291667,1.291667,1.283854,1.289063,0.031518,2155200,2286250590.0,-0.0026039999999998287,-0.20159994797419373
1978-01-03,1.286458,1.286458,1.25,1.25,0.030563,1790400,2277030660.0,-0.0364580000000001,-2.8339829205461893
1978-01-04,1.25,1.270833,1.242188,1.25,0.030563,6153600,2212500000.0,0.0,0.0
1978-01-05,1.25,1.263021,1.242188,1.247396,0.030499,2923200,2212500000.0,-0.0026040000000000507,-0.20832000000000406
1978-01-06,1.247396,1.247396,1.216146,1.223958,0.029926,5404800,2207890920.0,-0.023437999999999848,-1.8789542374674801
1978-01-09,1.213542,1.213542,1.200521,1.210938,0.029607,4785600,2147969340.0,-0.0026039999999998287,-0.2145784818325059
1978-01-10,1.210938,1.21875,1.184896,1.192708,0.029162,3062400,2143360260.0000002,-0.01822999999999997,-1.5054445396874132
1978-01-11,1.192708,1.192708,1.174479,1.179688,0.028843,2736000,2111093160.0000002,-0.013020000000000032,-1.0916334928582712
1978-01-12,1.179688,1.190104,1.169271,1.174479,0.028716,4478400,2088047760.0000002,-0.005209000000000019,-0.4415574287438728
1978-01-13,1.174479,1.179688,1.164063,1.166667,0.028525,2947200,2078827830.0,-0.007812000000000152,-0.6651459923932358
1978-01-16,1.166667,1.177083,1.164063,1.171875,0.028652,1540800,2065000589.9999998,0.0052080000000001014,0.44639987245718804
1978-01-17,1.177083,1.192708,1.177083,1.192708,0.029162,1204800,2083436910.0000002,0.015625,1.3274340042290984
1978-01-18,1.195313,1.208333,1.195313,1.203125,0.029416,2740800,2115704010.0000002,0.00781199999999993,0.6535526677949566
1978-01-19,1.203125,1.216146,1.200521,1.200521,0.029353,1900800,2129531250.0,-0.0026040000000000507,-0.21643636363636787
1978-01-20,1.200521,1.210938,1.192708,1.195313,0.029225,1113600,2124922170.0,-0.005207999999999879,-0.4338116534404545
1978-01-23,1.195313,1.203125,1.177083,1.177083,0.02878,2760000,2115704010.0000002,-0.01822999999999997,-1.5251235450463574
1978-01-24,1.182292,1.197917,1.182292,1.192708,0.029162,3532800,2092656839.9999998,0.010416000000000203,0.8810006326694424
1978-01-25,1.192708,1.205729,1.190104,1.190104,0.029098,4507200,2111093160.0000002,-0.0026040000000000507,-0.21832669857165796
1978-01-26,1.190104,1.200521,1.179688,1.179688,0.028843,2908800,2106484080.0,-0.01041599999999998,-0.8752176280392286
1978-01-27,1.184896,1.195313,1.184896,1.192708,0.029162,1262400,2097265920.0,0.007812000000000152,0.6592983688020005
1978-01-30,1.192708,1.200521,1.192708,1.197917,0.029289,868800,2111093160.0000002,0.005208999999999797,0.43673723996148234
1978-01-31,1.200521,1.21875,1.200521,1.21875,0.029798,1972800,2124922170.0,0.01822900000000005,1.5184240842101098
1978-02-01,1.21875,1.234375,1.216146,1.229167,0.030053,2328000,2157187500.0,0.010416999999999899,0.8547282051281968
1978-02-02,1.229167,1.239583,1.226563,1.229167,0.030053,1977600,2175625590.0,0.0,0.0
1978-02-03,1.229167,1.231771,1.223958,1.223958,0.029926,1468800,2175625590.0,-0.005208999999999797,-0.4237829359232551
1978-02-06,1.226563,1.236979,1.226563,1.229167,0.030053,1838400,2171016510.0,0.0026039999999998287,0.21230055039976164
1978-02-07,1.229167,1.239583,1.221354,1.231771,0.030117,1809600,2175625590.0,0.0026040000000000507,0.21185079000656956
1978-02-08,1.231771,1.239583,1.229167,1.229167,0.030053,2438400,2180234670.0,-0.0026040000000000507,-0.2114029312266688
1978-02-09,1.229167,1.229167,1.213542,1.216146,0.029735,2812800,2175625590.0,-0.01302099999999995,-1.0593353059429638
1978-02-10,1.216146,1.21875,1.208333,1.213542,0.029671,1665600,2152578420.0,-0.0026040000000000507,-0.2141190284719146
1978-02-13,1.213542,1.216146,1.190104,1.190104,0.029098,2256000,2147969340.0,-0.023437999999999848,-1.931371143314352
1978-02-14,1.190104,1.197917,1.184896,1.192708,0.029162,1752000,2106484080.0,0.0026040000000000507,0.2188044070098118
1978-02-15,1.192708,1.195313,1.169271,1.169271,0.028589,5083200,2111093160.0000002,-0.023437000000000152,-1.9650241299630882
1978-02-16,1.174479,1.184896,1.174479,1.179688,0.028843,2400000,2078827830.0,0.005209000000000019,0.4435158057317346
1978-02-17,1.179688,1.1875,1.166667,1.169271,0.028589,2803200,2088047760.0000002,-0.01041700000000012,-0.8830300893117603
1978-02-21,1.169271,1.177083,1.169271,1.174479,0.028716,1531200,2069609670.0,0.0052080000000001014,0.4454057271582124
1978-02-22,1.177083,1.197917,1.177083,1.192708,0.029162,1358400,2083436910.0000002,0.015625,1.3274340042290984
1978-02-23,1.192708,1.192708,1.184896,1.190104,0.029098,1800000,2111093160.0000002,-0.0026040000000000507,-0.21832669857165796
1978-02-24,1.190104,1.208333,1.190104,1.203125,0.029416,1574400,2106484080.0,0.01302099999999995,1.0941060613190066
1978-02-27,1.203125,1.210938,1.200521,1.205729,0.02948,2976000,2129531250.0,0.0026040000000000507,0.21643636363636787
1978-02-28,1.205729,1.205729,1.177083,1.179688,0.028843,1593600,2134140330.0,-0.02604099999999998,-2.159772220789247
1978-03-01,1.179688,1.1875,1.171875,1.177083,0.02878,1555200,2088047760.0000002,-0.0026049999999999685,-0.2208210984599291
1978-03-02,1.177083,1.177083,1.166667,1.171875,0.028652,2587200,2083436910.0000002,-0.0052080000000001014,-0.4424496828176179
1978-03-03,1.177083,1.182292,1.177083,1.182292,0.028907,2275200,2083436910.0000002,0.005208999999999797,0.44253463859386266
1978-03-06,1.179688,1.179688,1.171875,1.174479,0.028716,1233600,2088047760.0000002,-0.005209000000000019,-0.4415574287438728
1978-03-07,1.174479,1.182292,1.171875,1.182292,0.028907,1948800,2078827830.0,0.007812999999999848,0.6652311365294609
1978-03-08,1.182292,1.192708,1.179688,1.192708,0.029162,3724800,2092656839.9999998,0.010416000000000203,0.8810006326694424
1978-03-09,1.192708,1.192708,1.179688,1.179688,0.029104,3499200,2111093160.0000002,-0.013020000000000032,-1.0916334928582712
1978-03-10,1.1875,1.210938,1.1875,1.210938,0.029875,3830400,2101875000.0,0.02343800000000007,1.9737263157894795
1978-03-13,1.213542,1.236979,1.213542,1.213542,0.029939,3321600,2147969340.0,0.0,0.0
1978-03-14,1.213542,1.213542,1.200521,1.210938,0.029875,2356800,2147969340.0,-0.0026039999999998287,-0.2145784818325059
1978-03-15,1.210938,1.21875,1.203125,1.205729,0.029746,2054400,2143360260.0000002,-0.005209000000000019,-0.43016240302971903
1978-03-16,1.200521,1.200521,1.190104,1.195313,0.029489,2481600,2124922170.0,-0.005207999999999879,-0.4338116534404545
1978-03-17,1.195313,1.213542,1.192708,1.213542,0.029939,1804800,2115704010.0000002,0.01822899999999983,1.525039884950622
1978-03-20,1.221354,1.236979,1.221354,1.226563,0.03026,3854400,2161796580.0,0.005209000000000019,0.4264938748307222
1978-03-21,1.226563,1.234375,1.208333,1.213542,0.029939,2184000,2171016510.0,-0.013021000000000171,-1.061584280628078
1978-03-22,1.208333,1.208333,1.197917,1.197917,0.029553,1252800,2138749410.0000002,-0.010416000000000203,-0.8620140309004389
1978-03-23,1.197917,1.205729,1.195313,1.195313,0.029489,1651200,2120313089.9999998,-0.0026039999999998287,-0.21737733081672847
1978-03-27,1.195313,1.197917,1.1875,1.192708,0.029425,1272000,2115704010.0000002,-0.0026049999999999685,-0.21793454936070872
1978-03-28,1.192708,1.208333,1.192708,1.208333,0.02981,2025600,2111093160.0000002,0.015625,1.310044034248114
1978-03-29,1.210938,1.221354,1.210938,1.216146,0.030003,1876800,2143360260.0000002,0.005207999999999879,0.430079822418644
1978-03-30,1.216146,1.216146,1.203125,1.213542,0.029939,2260800,2152578420.0,-0.0026040000000000507,-0.2141190284719146
1978-03-31,1.213542,1.213542,1.203125,1.208333,0.02981,950400,2147969340.0,-0.005208999999999797,-0.4292393670758653
1978-04-03,1.205729,1.205729,1.190104,1.205729,0.029746,1694400,2134140330.0,0.0,0.0
1978-04-04,1.205729,1.208333,1.200521,1.205729,0.029746,1483200,2134140330.0,0.0,0.0
1978-04-05,1.210938,1.221354,1.210938,1.21875,0.030067,3235200,2143360260.0000002,0.00781199999999993,0.6451197336279751
1978-04-06,1.223958,1.234375,1.223958,1.223958,0.030196,3072000,2166405660.0,0.0,0.0
1978-04-07,1.226563,1.234375,1.226563,1.231771,0.030389,2601600,2171016510.0,0.005207999999999879,0.42460110079954144
1978-04-10,1.231771,1.276042,1.229167,1.270833,0.031352,5625600,2180234670.0,0.03906200000000015,3.1712063362427068
1978-04-11,1.270833,1.270833,1.25,1.25,0.030838,2491200,2249374410.0,-0.0208330000000001,-1.6393184627720638
1978-04-12,1.25,1.263021,1.244792,1.255208,0.030967,6475200,2212500000.0,0.0052080000000001014,0.4166400000000081
1978-04-13,1.255208,1.257813,1.242188,1.257813,0.031031,3806400,2221718160.0,0.0026049999999999685,0.20753532482265633
1978-04-14,1.283854,1.302083,1.283854,1.299479,0.032059,9268800,2272421580.0,0.015625,1.2170386975466057
1978-04-17,1.315104,1.369792,1.315104,1.328125,0.032766,13118400,2327734080.0,0.01302099999999995,0.9901118086478292
1978-04-18,1.322917,1.322917,1.278646,1.291667,0.031866,5976000,2341563090.0,-0.03125,-2.3622041292084086
1978-04-19,1.291667,1.304688,1.278646,1.291667,0.031866,6513600,2286250590.0,0.0,0.0
1978-04-20,1.291667,1.328125,1.291667,1.296875,0.031995,6873600,2286250590.0,0.0052080000000001014,0.4031998959484218
1978-04-21,1.296875,1.302083,1.286458,1.289063,0.031802,4166400,2295468750.0,-0.00781199999999993,-0.602371084337344
1978-04-24,1.289063,1.307292,1.289063,1.307292,0.032252,3777600,2281641510.0,0.01822899999999983,1.4141279363382415
1978-04-25,1.325521,1.346354,1.325521,1.333333,0.032894,10387200,2346172170.0,0.007812000000000152,0.589353167546961
1978-04-26,1.333333,1.375,1.328125,1.348958,0.03328,6926400,2359999410.0,0.015625,1.1718752929688232
1978-04-27,1.348958,1.348958,1.338542,1.341146,0.033087,3408000,2387655660.0,-0.007812000000000152,-0.5791136566149688
1978-04-28,1.341146,1.346354,1.335938,1.34375,0.033151,5064000,2373828420.0,0.0026040000000000507,0.19416230596818324
1978-05-01,1.34375,1.375,1.34375,1.364583,0.033665,4987200,2378437500.0,0.0208330000000001,1.5503627906976818
1978-05-02,1.364583,1.385417,1.351563,1.367188,0.033729,5606400,2415311910.0,0.0026049999999999685,0.19090080999103523
1978-05-03,1.367188,1.377604,1.34375,1.348958,0.03328,3504000,2419922760.0,-0.01822999999999997,-1.333393798073123
1978-05-04,1.346354,1.346354,1.325521,1.333333,0.032894,4896000,2383046580.0,-0.01302099999999995,-0.967130487226981
1978-05-05,1.333333,1.346354,1.330729,1.338542,0.033023,4156800,2359999410.0,0.005208999999999797,0.39067509766875913
1978-05-08,1.34375,1.356771,1.34375,1.34375,0.033151,2721600,2378437500.0,0.0,0.0
1978-05-09,1.34375,1.351563,1.333333,1.333333,0.032894,4785600,2378437500.0,-0.010416999999999899,-0.7752186046511553
1978-05-10,1.335938,1.354167,1.335938,1.346354,0.033215,2496000,2364610260.0,0.01041599999999998,0.779676901173556
1978-05-11,1.346354,1.375,1.341146,1.372396,0.033858,3331200,2383046580.0,0.0260419999999999,1.934260974453962
1978-05-12,1.393229,1.442708,1.393229,1.424479,0.035143,7704000,2466015330.0,0.03125,2.242990922526017
1978-05-15,1.424479,1.453125,1.416667,1.453125,0.03585,4353600,2521327830.0,0.02864599999999995,2.010980856860645
1978-05-16,1.453125,1.455729,1.429688,1.442708,0.035593,5304000,2572031250.0,-0.010416999999999899,-0.7168688172042941
1978-05-17,1.442708,1.450521,1.4375,1.442708,0.035593,6052800,2553593160.0,0.0,0.0
1978-05-18,1.4375,1.4375,1.40625,1.416667,0.03495,4886400,2544375000.0,-0.0208330000000001,-1.4492521739130504
1978-05-19,1.408854,1.408854,1.380208,1.382813,0.034115,3235200,2493671580.0,-0.02604099999999998,-1.8483817343741777
1978-05-22,1.382813,1.401042,1.369792,1.398438,0.0345,4238400,2447579010.0,0.015625,1.129943094257864
1978-05-23,1.393229,1.393229,1.375,1.377604,0.033986,2731200,2466015330.0,-0.015625,-1.1214954612630086
1978-05-24,1.377604,1.377604,1.364583,1.377604,0.033986,1492800,2438359080.0,0.0,0.0
1978-05-25,1.377604,1.380208,1.367188,1.367188,0.033729,1526400,2438359080.0,-0.01041599999999998,-0.7560953655767536
1978-05-26,1.364583,1.364583,1.354167,1.356771,0.033472,2668800,2415311910.0,-0.007812000000000152,-0.5724825825911762
1978-05-30,1.356771,1.390625,1.351563,1.390625,0.034308,2635200,2401484670.0,0.03385400000000005,2.495188944928809
1978-05-31,1.395833,1.414063,1.395833,1.40625,0.034693,3048000,2470624410.0,0.010416999999999899,0.7462927155325815
1978-06-01,1.40625,1.432292,1.40625,1.427083,0.035207,4507200,2489062500.0,0.0208330000000001,1.4814577777777849
1978-06-02,1.427083,1.4375,1.421875,1.4375,0.035464,2673600,2525936910.0,0.010416999999999899,0.7299505354628916
1978-06-05,1.442708,1.458333,1.442708,1.450521,0.035785,4320000,2553593160.0,0.007812999999999848,0.5415510276507685
1978-06-06,1.46875,1.505208,1.46875,1.476563,0.036428,7579200,2599687500.0,0.00781300000000007,0.5319489361702175
1978-06-07,1.476563,1.481771,1.460938,1.471354,0.036299,3724800,2613516510.0,-0.005209000000000019,-0.3527787165193777
1978-06-08,1.471354,1.5,1.460938,1.489583,0.036749,5956800,2604296580.0,0.01822900000000005,1.2389268660023387
1978-06-09,1.481771,1.481771,1.466146,1.466146,0.036171,2160000,2622734670.0,-0.015625,-1.0544814279669397
1978-06-12,1.466146,1.471354,1.453125,1.458333,0.036242,2390400,2595078420.0,-0.007812999999999848,-0.5328937227261028
1978-06-13,1.453125,1.453125,1.429688,1.442708,0.035853,6268800,2572031250.0,-0.010416999999999899,-0.7168688172042941
1978-06-14,1.442708,1.460938,1.4375,1.442708,0.035853,3609600,2553593160.0,0.0,0.0
1978-06-15,1.4375,1.4375,1.421875,1.421875,0.035336,2232000,2544375000.0,-0.015625,-1.0869565217391304
1978-06-16,1.421875,1.421875,1.411458,1.411458,0.035077,3552000,2516718750.0,-0.010416999999999899,-0.7326241758241687
1978-06-19,1.411458,1.424479,1.401042,1.424479,0.0354,1843200,2498280660.0,0.01302099999999995,0.9225212510751257
1978-06-20,1.424479,1.427083,1.393229,1.395833,0.034688,3696000,2521327830.0,-0.02864599999999995,-2.010980856860645
1978-06-21,1.385417,1.385417,1.361979,1.367188,0.033977,6705600,2452188090.0,-0.01822899999999983,-1.3157771270310548
1978-06-22,1.367188,1.375,1.361979,1.369792,0.034041,3513600,2419922760.0,0.0026039999999998287,0.1904639303446072
1978-06-23,1.369792,1.385417,1.367188,1.367188,0.033977,3657600,2424531840.0,-0.0026039999999998287,-0.1901018548801445
1978-06-26,1.367188,1.372396,1.333333,1.333333,0.033135,2985600,2419922760.0,-0.03385499999999997,-2.476250522971235
1978-06-27,1.34375,1.361979,1.34375,1.359375,0.033782,3273600,2378437500.0,0.015625,1.1627906976744187
1978-06-28,1.361979,1.390625,1.361979,1.380208,0.0343,2030400,2410702830.0,0.01822900000000005,1.3384200490609657
1978-06-29,1.380208,1.388021,1.375,1.382813,0.034365,1804800,2442968160.0,0.0026049999999999685,0.18873966822391758
1978-06-30,1.382813,1.385417,1.375,1.380208,0.0343,873600,2447579010.0,-0.0026049999999999685,-0.1883841126746688
1978-07-03,1.380208,1.380208,1.372396,1.372396,0.034106,1732800,2442968160.0,-0.007812000000000152,-0.5660016461287104
1978-07-05,1.372396,1.375,1.359375,1.359375,0.033782,1651200,2429140920.0,-0.01302099999999995,-0.9487786324063864
1978-07-06,1.359375,1.361979,1.348958,1.361979,0.033847,3120000,2406093750.0,0.0026040000000000507,0.1915586206896589
1978-07-07,1.369792,1.382813,1.369792,1.377604,0.034235,2486400,2424531840.0,0.007812000000000152,0.5703055646404821
1978-07-10,1.377604,1.411458,1.377604,1.408854,0.035012,2212800,2438359080.0,0.03125,2.2684312763319503
1978-07-11,1.416667,1.434896,1.416667,1.424479,0.0354,3542400,2507500590.0,0.007812000000000152,0.5514351643682074
1978-07-12,1.424479,1.427083,1.408854,1.408854,0.035012,2232000,2521327830.0,-0.015625,-1.0968922672780714
1978-07-13,1.408854,1.411458,1.40625,1.411458,0.035077,8126400,2493671580.0,0.0026040000000000507,0.18483107546985356
1978-07-14,1.411458,1.434896,1.408854,1.424479,0.0354,8342400,2498280660.0,0.01302099999999995,0.9225212510751257
1978-07-17,1.432292,1.453125,1.432292,1.432292,0.035595,5352000,2535156840.0,0.0,0.0
1978-07-18,1.432292,1.434896,1.421875,1.429688,0.03553,2443200,2535156840.0,-0.0026039999999998287,-0.18180650314320188
1978-07-19,1.429688,1.450521,1.429688,1.450521,0.036048,2116800,2530547760.0,0.02083299999999988,1.457171075087703
1978-07-20,1.450521,1.458333,1.434896,1.4375,0.035724,4704000,2567422170.0,-0.01302099999999995,-0.8976774552040233
1978-07-21,1.4375,1.450521,1.434896,1.4375,0.035724,3249600,2544375000.0,0.0,0.0
1978-07-24,1.455729,1.46875,1.455729,1.46875,0.036501,2836800,2576640330.0,0.01302099999999995,0.8944659342501213
1978-07-25,1.46875,1.484375,1.460938,1.479167,0.036759,5894400,2599687500.0,0.010416999999999899,0.7092425531914825
1978-07-26,1.489583,1.510417,1.489583,1.502604,0.037342,6326400,2636561910.0,0.01302099999999995,0.8741372585481944
1978-07-27,1.502604,1.515625,1.484375,1.5,0.037277,3302400,2659609080.0,-0.0026040000000000507,-0.17329915267096657
1978-07-28,1.5,1.518229,1.486979,1.505208,0.037407,3792000,2655000000.0,0.0052080000000001014,0.3472000000000067
1978-07-31,1.505208,1.513021,1.489583,1.507813,0.037471,4276800,2664218160.0,0.0026049999999999685,0.17306578227062097
1978-08-01,1.507813,1.515625,1.494792,1.497396,0.037212,3379200,2668829010.0,-0.01041700000000012,-0.6908681646862125
1978-08-02,1.497396,1.552083,1.497396,1.549479,0.038507,9609600,2650390920.0,0.0520830000000001,3.478238221552622
1978-08-03,1.567708,1.596354,1.567708,1.570313,0.039025,9072000,2774843160.0,0.0026049999999999685,0.1661661482878169
1978-08-04,1.570313,1.583333,1.5625,1.583333,0.039348,3288000,2779454010.0,0.013020000000000032,0.8291340643553249
1978-08-07,1.583333,1.583333,1.53125,1.53125,0.038054,5582400,2802499410.0,-0.0520830000000001,-3.289453324095443
1978-08-08,1.53125,1.544271,1.515625,1.544271,0.038377,3724800,2710312500.0,0.01302099999999995,0.8503510204081599
1978-08-09,1.544271,1.559896,1.520833,1.520833,0.037795,4824000,2733359670.0,-0.023437999999999848,-1.5177387906656181
1978-08-10,1.520833,1.526042,1.476563,1.489583,0.037018,10958400,2691874410.0,-0.03125,-2.054794970913966
1978-08-11,1.489583,1.520833,1.473958,1.520833,0.037795,5659200,2636561910.0,0.03125,2.097902567362812
1978-08-14,1.520833,1.528646,1.510417,1.510417,0.037536,5236800,2691874410.0,-0.010416000000000203,-0.6848878213452891
1978-08-15,1.510417,1.520833,1.505208,1.520833,0.037795,2558400,2673438090.0,0.010416000000000203,0.6896108822927843
1978-08-16,1.520833,1.53125,1.515625,1.528646,0.037989,4872000,2691874410.0,0.007812999999999848,0.5137316194480162
1978-08-17,1.536458,1.552083,1.536458,1.544271,0.038377,9067200,2719530660.0,0.007812999999999848,0.5085072289642703
1978-08-18,1.544271,1.546875,1.536458,1.536458,0.038183,4123200,2733359670.0,-0.007812999999999848,-0.505934515379739
1978-08-21,1.536458,1.549479,1.536458,1.536458,0.038183,2246400,2719530660.0,0.0,0.0
1978-08-22,1.536458,1.544271,1.528646,1.541667,0.038313,2366400,2719530660.0,0.005208999999999797,0.33902651422946783
1978-08-23,1.544271,1.5625,1.544271,1.5625,0.03883,5424000,2733359670.0,0.01822900000000005,1.180427528587926
1978-08-24,1.5625,1.572917,1.557292,1.557292,0.038701,3552000,2765625000.0,-0.0052080000000001014,-0.3333120000000065
1978-08-25,1.557292,1.559896,1.541667,1.544271,0.038377,1617600,2756406840.0,-0.01302099999999995,-0.8361309247077586
1978-08-28,1.544271,1.549479,1.536458,1.544271,0.038377,878400,2733359670.0,0.0,0.0
1978-08-29,1.536458,1.536458,1.5,1.507813,0.037471,3144000,2719530660.0,-0.02864500000000003,-1.8643529468426752
1978-08-30,1.507813,1.520833,1.502604,1.513021,0.037601,2241600,2668829010.0,0.005207999999999879,0.34540092173232884
1978-08-31,1.513021,1.513021,1.481771,1.484375,0.036889,2500800,2678047170.0,-0.02864599999999995,-1.893298242390552
1978-09-01,1.484375,1.492188,1.481771,1.489583,0.037018,3360000,2627343750.0,0.0052080000000001014,0.3508547368421121
1978-09-05,1.489583,1.505208,1.481771,1.505208,0.037407,4876800,2636561910.0,0.015625,1.048951283681406
1978-09-06,1.53125,1.549479,1.53125,1.541667,0.038313,3408000,2710312500.0,0.010416999999999899,0.6802938775510138
1978-09-07,1.544271,1.5625,1.544271,1.552083,0.038572,3292800,2733359670.0,0.007812000000000152,0.5058697599061402
1978-09-08,1.5625,1.585938,1.5625,1.585938,0.039413,3129600,2765625000.0,0.02343800000000007,1.5000320000000045
1978-09-11,1.585938,1.598958,1.578125,1.578125,0.039484,4147200,2807110260.0,-0.00781300000000007,-0.4926422092162537
1978-09-12,1.578125,1.591146,1.572917,1.578125,0.039484,2395200,2793281250.0,0.0,0.0
1978-09-13,1.578125,1.585938,1.546875,1.557292,0.038963,2620800,2793281250.0,-0.0208330000000001,-1.3201108910891153
1978-09-14,1.552083,1.552083,1.541667,1.541667,0.038572,1924800,2747186910.0,-0.010416000000000203,-0.6710981307056518
1978-09-15,1.526042,1.526042,1.481771,1.489583,0.037269,2846400,2701094340.0,-0.0364589999999998,-2.3891216624444023
1978-09-18,1.489583,1.526042,1.489583,1.507813,0.037725,5284800,2636561910.0,0.01822999999999997,1.2238324416967679
1978-09-19,1.507813,1.515625,1.471354,1.471354,0.036813,2203200,2668829010.0,-0.03645900000000002,-2.4180054157909514
1978-09-20,1.471354,1.497396,1.46875,1.476563,0.036943,2496000,2604296580.0,0.005209000000000019,0.3540276507217175
1978-09-21,1.476563,1.505208,1.471354,1.505208,0.03766,2659200,2613516510.0,0.02864500000000003,1.9399781790550104
1978-09-22,1.505208,1.518229,1.492188,1.505208,0.03766,2280000,2664218160.0,0.0,0.0
1978-09-25,1.505208,1.515625,1.494792,1.515625,0.037921,1780800,2664218160.0,0.010416999999999899,0.6920638210798705
1978-09-26,1.515625,1.526042,1.513021,1.523438,0.038116,1929600,2682656250.0,0.00781300000000007,0.5154969072164994
1978-09-27,1.523438,1.533854,1.479167,1.486979,0.037204,3772800,2696485260.0,-0.03645900000000002,-2.3932053683838803
1978-09-28,1.486979,1.505208,1.484375,1.5,0.03753,3072000,2631952830.0,0.01302099999999995,0.8756680491116519
1978-09-29,1.5,1.513021,1.489583,1.492188,0.037334,1795200,2655000000.0,-0.00781199999999993,-0.5207999999999953
1978-10-02,1.492188,1.502604,1.492188,1.5,0.03753,1987200,2641172760.0,0.00781199999999993,0.5235265261481751
1978-10-03,1.502604,1.518229,1.502604,1.507813,0.037725,2659200,2659609080.0,0.005209000000000019,0.3466648564758259
1978-10-04,1.507813,1.510417,1.486979,1.507813,0.037725,3451200,2668829010.0,0.0,0.0
1978-10-05,1.507813,1.520833,1.5,1.518229,0.037986,3508800,2668829010.0,0.01041599999999998,0.6908018434646723
1978-10-06,1.518229,1.533854,1.518229,1.528646,0.038246,1934400,2687265330.0,0.010416999999999899,0.6861283772079112
1978-10-09,1.528646,1.549479,1.528646,1.549479,0.038768,1248000,2705703420.0,0.0208330000000001,1.3628400558402731
1978-10-10,1.549479,1.559896,1.539063,1.544271,0.038637,2472000,2742577830.0,-0.0052080000000001014,-0.3361129773298058
1978-10-11,1.539063,1.539063,1.528646,1.539063,0.038507,1132800,2724141510.0,0.0,0.0
1978-10-12,1.539063,1.552083,1.520833,1.523438,0.038116,4003200,2724141510.0,-0.015625,-1.0152280965756437
1978-10-13,1.523438,1.523438,1.507813,1.515625,0.037921,2409600,2696485260.0,-0.00781300000000007,-0.5128531650122992
1978-10-16,1.513021,1.513021,1.473958,1.479167,0.037008,1876800,2678047170.0,-0.03385400000000005,-2.237510252666688
1978-10-17,1.479167,1.489583,1.463542,1.489583,0.037269,2548800,2618125590.0,0.010416000000000203,0.7041801230016762
1978-10-18,1.489583,1.489583,1.463542,1.473958,0.036878,2611200,2636561910.0,-0.015625,-1.048951283681406
1978-10-19,1.473958,1.484375,1.453125,1.453125,0.036357,3120000,2608905660.0,-0.0208330000000001,-1.4134052666358268
1978-10-20,1.450521,1.450521,1.414063,1.447917,0.036227,3864000,2567422170.0,-0.0026040000000000507,-0.1795217028915852
1978-10-23,1.445313,1.445313,1.411458,1.432292,0.035836,2875200,2558204010.0,-0.013021000000000171,-0.9009121207655485
1978-10-24,1.432292,1.442708,1.419271,1.421875,0.035575,2716800,2535156840.0,-0.010416999999999899,-0.7272958307384179
1978-10-25,1.421875,1.4375,1.411458,1.424479,0.03564,4363200,2516718750.0,0.0026040000000000507,0.1831384615384651
1978-10-26,1.424479,1.429688,1.385417,1.385417,0.034663,4147200,2521327830.0,-0.03906200000000015,-2.7421955676426366
1978-10-27,1.385417,1.401042,1.372396,1.372396,0.034337,4003200,2452188090.0,-0.01302099999999995,-0.9398614280032618
1978-10-30,1.372396,1.447917,1.356771,1.445313,0.036161,4454400,2429140920.0,0.07291700000000012,5.313116622316017
1978-10-31,1.445313,1.455729,1.393229,1.40625,0.035184,4545600,2558204010.0,-0.03906300000000007,-2.7027363622966147
1978-11-01,1.4375,1.460938,1.4375,1.460938,0.036552,6009600,2544375000.0,0.02343800000000007,1.6304695652173962
1978-11-02,1.460938,1.476563,1.427083,1.440104,0.036031,7209600,2585860260.0,-0.02083400000000002,-1.426070100168523
1978-11-03,1.440104,1.440104,1.421875,1.427083,0.035705,3614400,2548984080.0,-0.01302099999999995,-0.9041708098859491
1978-11-06,1.427083,1.432292,1.419271,1.419271,0.03551,1603200,2525936910.0,-0.007812000000000152,-0.5474103468403836
1978-11-07,1.414063,1.414063,1.398438,1.40625,0.035184,4315200,2502891510.0,-0.00781300000000007,-0.5525213515946651
1978-11-08,1.40625,1.4375,1.40625,1.4375,0.035966,4329600,2489062500.0,0.03125,2.2222222222222223
1978-11-09,1.4375,1.473958,1.432292,1.450521,0.036292,1934400,2544375000.0,0.01302099999999995,0.9058086956521704
1978-11-10,1.455729,1.46875,1.455729,1.466146,0.036683,1089600,2576640330.0,0.010416999999999899,0.7155864862209861
1978-11-13,1.458333,1.458333,1.445313,1.447917,0.036227,2232000,2581249410.0,-0.010416000000000203,-0.7142401632549084
1978-11-14,1.447917,1.453125,1.434896,1.447917,0.036227,2217600,2562813090.0,0.0,0.0
1978-11-15,1.447917,1.466146,1.4375,1.4375,0.035966,2102400,2562813090.0,-0.010416999999999899,-0.7194473163862224
1978-11-16,1.4375,1.460938,1.4375,1.458333,0.036487,1526400,2544375000.0,0.0208330000000001,1.4492521739130504
1978-11-17,1.458333,1.46875,1.450521,1.463542,0.036617,1886400,2581249410.0,0.005208999999999797,0.3571886530716782
1978-11-20,1.463542,1.471354,1.455729,1.460938,0.036552,2870400,2590469340.0,-0.0026039999999998287,-0.17792451463639777
1978-11-21,1.460938,1.481771,1.460938,1.460938,0.036552,2169600,2585860260.0,0.0,0.0
1978-11-22,1.460938,1.479167,1.458333,1.46875,0.036748,1209600,2585860260.0,0.00781199999999993,0.534724950682365
1978-11-24,1.46875,1.471354,1.458333,1.46875,0.036748,576000,2599687500.0,0.0,0.0
1978-11-27,1.46875,1.46875,1.445313,1.455729,0.036422,1166400,2599687500.0,-0.01302099999999995,-0.8865361702127625
1978-11-28,1.455729,1.455729,1.427083,1.429688,0.03577,4382400,2576640330.0,-0.02604099999999998,-1.7888631743957824
1978-11-29,1.429688,1.432292,1.421875,1.424479,0.03564,1723200,2530547760.0,-0.005209000000000019,-0.3643452277699763
1978-11-30,1.424479,1.4375,1.421875,1.4375,0.035966,2232000,2521327830.0,0.01302099999999995,0.9140885895825737
1978-12-01,1.447917,1.46875,1.447917,1.463542,0.036617,3004800,2562813090.0,0.015625,1.0791364422131933
1978-12-04,1.463542,1.479167,1.460938,1.471354,0.036813,2764800,2590469340.0,0.007812000000000152,0.5337735439092389
1978-12-05,1.471354,1.502604,1.471354,1.502604,0.037595,2284800,2604296580.0,0.03125,2.123894045892423
1978-12-06,1.513021,1.526042,1.513021,1.513021,0.037855,2812800,2678047170.0,0.0,0.0
1978-12-07,1.513021,1.526042,1.502604,1.510417,0.03779,2884800,2678047170.0,-0.0026040000000000507,-0.1721060051380682
1978-12-08,1.510417,1.515625,1.505208,1.513021,0.037855,1550400,2673438090.0,0.0026040000000000507,0.17240272057319608
1978-12-11,1.513021,1.515625,1.5,1.510417,0.038059,2750400,2678047170.0,-0.0026040000000000507,-0.1721060051380682
1978-12-12,1.510417,1.510417,1.492188,1.494792,0.037665,1987200,2673438090.0,-0.015625,-1.034482530321097
1978-12-13,1.494792,1.494792,1.458333,1.46875,0.037009,1094400,2645781840.0,-0.0260419999999999,-1.7421821898966479
1978-12-14,1.46875,1.46875,1.450521,1.466146,0.036943,3456000,2599687500.0,-0.0026040000000000507,-0.17729361702128005
1978-12-15,1.455729,1.455729,1.4375,1.440104,0.036287,2299200,2576640330.0,-0.015625,-1.0733453822792565
1978-12-18,1.411458,1.411458,1.395833,1.411458,0.035565,3220800,2498280660.0,0.0,0.0
1978-12-19,1.411458,1.434896,1.411458,1.434896,0.036156,7593600,2498280660.0,0.023437999999999848,1.6605524216802658
1978-12-20,1.434896,1.440104,1.427083,1.434896,0.036156,3484800,2539765920.0,0.0,0.0
1978-12-21,1.434896,1.445313,1.421875,1.427083,0.035959,3643200,2539765920.0,-0.007812999999999848,-0.5444993922904411
1978-12-22,1.440104,1.473958,1.440104,1.46875,0.037009,2270400,2548984080.0,0.02864599999999995,1.9891618938632176
1978-12-26,1.481771,1.515625,1.481771,1.515625,0.03819,1756800,2622734670.0,0.03385400000000005,2.284698512793141
1978-12-27,1.515625,1.515625,1.492188,1.497396,0.03773,1641600,2682656250.0,-0.01822900000000005,-1.2027381443299001
1978-12-28,1.497396,1.497396,1.479167,1.481771,0.037337,1272000,2650390920.0,-0.015625,-1.043478144725911
1978-12-29,1.481771,1.489583,1.463542,1.46875,0.037009,1584000,2622734670.0,-0.01302099999999995,-0.8787457711076779
1979-01-02,1.46875,1.473958,1.453125,1.473958,0.03714,1675200,2599687500.0,0.0052080000000001014,0.3545872340425601
1979-01-03,1.473958,1.494792,1.46875,1.484375,0.037402,5827200,2608905660.0,0.010416999999999899,0.7067365555870586
1979-01-04,1.486979,1.536458,1.486979,1.536458,0.038715,3979200,2631952830.0,0.04947900000000005,3.327484786268
1979-01-05,1.536458,1.557292,1.53125,1.539063,0.03878,4320000,2719530660.0,0.0026049999999999685,0.16954579949467985
1979-01-08,1.539063,1.539063,1.515625,1.526042,0.038452,2400000,2724141510.0,-0.013021000000000171,-0.8460342429127443
1979-01-09,1.526042,1.533854,1.515625,1.528646,0.038518,3979200,2701094340.0,0.0026040000000000507,0.17063750538976324
1979-01-10,1.520833,1.520833,1.489583,1.492188,0.037599,5054400,2691874410.0,-0.02864500000000003,-1.8835072621385798
1979-01-11,1.492188,1.492188,1.473958,1.489583,0.037534,2366400,2641172760.0,-0.0026049999999999685,-0.17457585773374187
1979-01-12,1.489583,1.520833,1.489583,1.5,0.037796,9278400,2636561910.0,0.010416999999999899,0.6993232334149825
1979-01-15,1.5,1.502604,1.481771,1.497396,0.03773,4934400,2655000000.0,-0.0026040000000000507,-0.17360000000000336
1979-01-16,1.489583,1.489583,1.453125,1.453125,0.036615,3705600,2636561910.0,-0.0364580000000001,-2.4475306176292357
1979-01-17,1.453125,1.453125,1.424479,1.447917,0.036484,4574400,2572031250.0,-0.0052080000000001014,-0.358400000000007
1979-01-18,1.447917,1.460938,1.4375,1.460938,0.036812,3672000,2562813090.0,0.013021000000000171,0.8992918792997231
1979-01-19,1.460938,1.466146,1.445313,1.447917,0.036484,2827200,2585860260.0,-0.013021000000000171,-0.8912767003117291
1979-01-22,1.447917,1.453125,1.434896,1.450521,0.036549,1944000,2562813090.0,0.0026040000000000507,0.17984456291348544
1979-01-23,1.447917,1.460938,1.445313,1.455729,0.036681,2356800,2562813090.0,0.007812000000000152,0.5395336887404563
1979-01-24,1.455729,1.458333,1.440104,1.442708,0.036352,2308800,2576640330.0,-0.01302099999999995,-0.8944659342501213
1979-01-25,1.442708,1.453125,1.440104,1.447917,0.036484,3254400,2553593160.0,0.005208999999999797,0.36105712313231764
1979-01-26,1.447917,1.46875,1.445313,1.450521,0.036549,4305600,2562813090.0,0.0026040000000000507,0.17984456291348544
1979-01-29,1.450521,1.460938,1.445313,1.460938,0.036812,3091200,2567422170.0,0.01041700000000012,0.7181557523124533
1979-01-30,1.455729,1.455729,1.442708,1.442708,0.036352,4128000,2576640330.0,-0.01302099999999995,-0.8944659342501213
1979-01-31,1.442708,1.455729,1.416667,1.416667,0.035696,3422400,2553593160.0,-0.026041000000000203,-1.8050083592799238
1979-02-01,1.416667,1.432292,1.408854,1.427083,0.035959,3580800,2507500590.0,0.010416000000000203,0.7352468858242766
1979-02-02,1.427083,1.440104,1.427083,1.434896,0.036156,2064000,2525936910.0,0.007812999999999848,0.5474804198494304
1979-02-05,1.434896,1.442708,1.411458,1.421875,0.035828,2064000,2539765920.0,-0.01302099999999995,-0.9074525261761095
1979-02-06,1.421875,1.421875,1.403646,1.411458,0.035565,2563200,2516718750.0,-0.010416999999999899,-0.7326241758241687
1979-02-07,1.411458,1.414063,1.377604,1.398438,0.035237,3681600,2498280660.0,-0.013020000000000032,-0.9224504023499127
1979-02-08,1.398438,1.40625,1.395833,1.403646,0.035368,1660800,2475235260.0,0.005207999999999879,0.3724155093039433
1979-02-09,1.403646,1.411458,1.401042,1.40625,0.035434,2572800,2484453420.0,0.0026040000000000507,0.18551686108891066
1979-02-12,1.40625,1.40625,1.385417,1.403646,0.035368,1276800,2489062500.0,-0.0026040000000000507,-0.18517333333333694
1979-02-13,1.403646,1.427083,1.403646,1.416667,0.035696,3532800,2484453420.0,0.01302099999999995,0.927655548478744
1979-02-14,1.416667,1.416667,1.395833,1.398438,0.035237,3648000,2507500590.0,-0.01822899999999983,-1.286752638411132
1979-02-15,1.398438,1.40625,1.390625,1.390625,0.03504,2020800,2475235260.0,-0.00781300000000007,-0.558694772310254
1979-02-16,1.390625,1.398438,1.385417,1.393229,0.035106,4070400,2461406250.0,0.0026040000000000507,0.1872539325842733
1979-02-20,1.393229,1.40625,1.388021,1.398438,0.035237,2764800,2466015330.0,0.005209000000000019,0.3738796708940181
1979-02-21,1.398438,1.414063,1.398438,1.401042,0.035303,2491200,2475235260.0,0.0026039999999998287,0.18620775465196374
1979-02-22,1.401042,1.403646,1.393229,1.393229,0.035106,2016000,2479844340.0,-0.007812999999999848,-0.5576563728995881
1979-02-23,1.393229,1.393229,1.348958,1.359375,0.034253,7857600,2466015330.0,-0.03385400000000005,-2.4298948701182685
1979-02-26,1.359375,1.372396,1.348958,1.354167,0.034121,3412800,2406093750.0,-0.0052080000000001014,-0.3831172413793178
1979-02-27,1.354167,1.361979,1.346354,1.359375,0.034253,5544000,2396875590.0,0.0052080000000001014,0.384590674562303
1979-02-28,1.361979,1.372396,1.361979,1.369792,0.034515,2702400,2410702830.0,0.007812999999999848,0.5736505482096161
1979-03-01,1.369792,1.375,1.359375,1.367188,0.03445,4022400,2424531840.0,-0.0026039999999998287,-0.1901018548801445
1979-03-02,1.372396,1.395833,1.372396,1.395833,0.035171,3254400,2429140920.0,0.023437000000000152,1.7077432461184785
1979-03-05,1.395833,1.414063,1.395833,1.403646,0.035368,3705600,2470624410.0,0.007812999999999848,0.559737447101469
1979-03-06,1.401042,1.401042,1.354167,1.369792,0.034515,12494400,2479844340.0,-0.03125,-2.2304827407029912
1979-03-07,1.369792,1.382813,1.356771,1.359375,0.034253,7051200,2424531840.0,-0.010416999999999899,-0.7604804233051368
1979-03-08,1.359375,1.359375,1.338542,1.354167,0.034121,11668800,2406093750.0,-0.0052080000000001014,-0.3831172413793178
1979-03-09,1.354167,1.361979,1.341146,1.348958,0.03432,6777600,2396875590.0,-0.005208999999999797,-0.3846645206979492
1979-03-12,1.348958,1.354167,1.333333,1.34375,0.034188,10843200,2387655660.0,-0.0052080000000001014,-0.3860757710766459
1979-03-13,1.34375,1.377604,1.34375,1.367188,0.034784,5256000,2378437500.0,0.02343800000000007,1.7442232558139588
1979-03-14,1.367188,1.377604,1.359375,1.359375,0.034585,4171200,2419922760.0,-0.00781300000000007,-0.5714649338642578
1979-03-15,1.359375,1.361979,1.338542,1.338542,0.034055,5496000,2406093750.0,-0.0208330000000001,-1.5325425287356396
1979-03-16,1.338542,1.351563,1.330729,1.348958,0.03432,6988800,2369219340.0,0.010416000000000203,0.7781601175009976
1979-03-19,1.348958,1.354167,1.325521,1.328125,0.03379,6316800,2387655660.0,-0.0208330000000001,-1.5443772155990105
1979-03-20,1.328125,1.338542,1.320313,1.338542,0.034055,6408000,2350781250.0,0.010416999999999899,0.7843388235294041
1979-03-21,1.338542,1.359375,1.325521,1.359375,0.034585,5980800,2369219340.0,0.0208330000000001,1.5563949431545745
1979-03-22,1.367188,1.398438,1.367188,1.388021,0.035314,4996800,2419922760.0,0.02083299999999988,1.5237845855873426
1979-03-23,1.388021,1.403646,1.385417,1.395833,0.035513,2798400,2456797170.0,0.007812000000000152,0.5628156922697966
1979-03-26,1.395833,1.395833,1.385417,1.390625,0.03538,2222400,2470624410.0,-0.0052080000000001014,-0.373110536862225
1979-03-27,1.390625,1.398438,1.385417,1.395833,0.035513,2428800,2461406250.0,0.0052080000000001014,0.3745078651685466
1979-03-28,1.395833,1.40625,1.388021,1.393229,0.035447,3571200,2470624410.0,-0.0026040000000000507,-0.1865552684311125
1979-03-29,1.395833,1.408854,1.395833,1.403646,0.035712,2832000,2470624410.0,0.007812999999999848,0.559737447101469
1979-03-30,1.403646,1.414063,1.403646,1.40625,0.035778,3019200,2484453420.0,0.0026040000000000507,0.18551686108891066
1979-04-02,1.40625,1.408854,1.390625,1.408854,0.035844,2337600,2489062500.0,0.0026040000000000507,0.18517333333333694
1979-04-03,1.408854,1.421875,1.403646,1.408854,0.035844,6849600,2493671580.0,0.0,0.0
1979-04-04,1.408854,1.421875,1.398438,1.401042,0.035645,4612800,2493671580.0,-0.007812000000000152,-0.5544932264095607
1979-04-05,1.401042,1.403646,1.377604,1.380208,0.035115,3508800,2479844340.0,-0.020833999999999797,-1.4870360774337814
1979-04-06,1.380208,1.390625,1.367188,1.390625,0.03538,3926400,2442968160.0,0.010416999999999899,0.7547413143526119
1979-04-09,1.388021,1.388021,1.372396,1.372396,0.034917,3148800,2456797170.0,-0.015625,-1.1257034295590629
1979-04-10,1.377604,1.395833,1.377604,1.393229,0.035447,3038400,2438359080.0,0.015625,1.1342156381659751
1979-04-11,1.393229,1.398438,1.361979,1.364583,0.034718,3014400,2466015330.0,-0.02864599999999995,-2.0560869749337654
1979-04-12,1.364583,1.375,1.364583,1.372396,0.034917,2136000,2415311910.0,0.007812999999999848,0.5725558650518031
1979-04-16,1.369792,1.369792,1.359375,1.359375,0.034585,3595200,2424531840.0,-0.010416999999999899,-0.7604804233051368
1979-04-17,1.359375,1.369792,1.356771,1.367188,0.034784,2289600,2406093750.0,0.00781300000000007,0.5747494252873615
1979-04-18,1.380208,1.390625,1.380208,1.382813,0.035182,2496000,2442968160.0,0.0026049999999999685,0.18873966822391758
1979-04-19,1.385417,1.395833,1.385417,1.390625,0.03538,2544000,2452188090.0,0.0052080000000001014,0.3759156990278091
1979-04-20,1.390625,1.393229,1.380208,1.393229,0.035447,1372800,2461406250.0,0.0026040000000000507,0.1872539325842733
1979-04-23,1.393229,1.401042,1.388021,1.401042,0.035645,3427200,2466015330.0,0.007812999999999848,0.5607836184862537
1979-04-24,1.401042,1.411458,1.398438,1.40625,0.035778,4214400,2479844340.0,0.0052080000000001014,0.37172333163460497
1979-04-25,1.408854,1.419271,1.408854,1.414063,0.035977,5323200,2493671580.0,0.005209000000000019,0.36973313061538093
1979-04-26,1.414063,1.419271,1.408854,1.408854,0.035844,883200,2502891510.0,-0.005209000000000019,-0.36837114046545444
1979-04-27,1.408854,1.414063,1.40625,1.408854,0.035844,1872000,2493671580.0,0.0,0.0
1979-04-30,1.408854,1.411458,1.395833,1.403646,0.035712,2899200,2493671580.0,-0.0052080000000001014,-0.3696621509397071
1979-05-01,1.403646,1.408854,1.398438,1.398438,0.035579,3787200,2484453420.0,-0.005207999999999879,-0.3710337221778055
1979-05-02,1.398438,1.40625,1.393229,1.40625,0.035778,2510400,2475235260.0,0.00781199999999993,0.558623263955923
1979-05-03,1.40625,1.408854,1.393229,1.395833,0.035513,5131200,2489062500.0,-0.010416999999999899,-0.7407644444444372
1979-05-04,1.395833,1.403646,1.390625,1.390625,0.03538,2635200,2470624410.0,-0.0052080000000001014,-0.373110536862225
1979-05-07,1.390625,1.390625,1.382813,1.385417,0.035248,3566400,2461406250.0,-0.0052080000000001014,-0.3745078651685466
1979-05-08,1.385417,1.388021,1.377604,1.380208,0.035115,2596800,2452188090.0,-0.005208999999999797,-0.3759878794615482
1979-05-09,1.382813,1.403646,1.382813,1.398438,0.035579,3307200,2447579010.0,0.015625,1.129943094257864
1979-05-10,1.395833,1.395833,1.380208,1.380208,0.035115,2678400,2470624410.0,-0.015625,-1.1194032523948065
1979-05-11,1.380208,1.390625,1.375,1.390625,0.03538,2016000,2442968160.0,0.010416999999999899,0.7547413143526119
1979-05-14,1.390625,1.390625,1.382813,1.385417,0.035248,2376000,2461406250.0,-0.0052080000000001014,-0.3745078651685466
1979-05-15,1.385417,1.395833,1.380208,1.382813,0.035182,2496000,2452188090.0,-0.0026039999999998287,-0.18795784951388853
1979-05-16,1.382813,1.393229,1.382813,1.385417,0.035248,3182400,2447579010.0,0.0026039999999998287,0.1883117963166262
1979-05-17,1.385417,1.388021,1.375,1.377604,0.035049,5323200,2452188090.0,-0.007812999999999848,-0.5639457289754527
1979-05-18,1.375,1.375,1.351563,1.351563,0.034387,6129600,2433750000.0,-0.02343699999999993,-1.7045090909090856
1979-05-21,1.351563,1.359375,1.34375,1.348958,0.03432,4584000,2392266510.0,-0.0026049999999999685,-0.19273981309047142
1979-05-22,1.348958,1.354167,1.333333,1.354167,0.034453,2702400,2387655660.0,0.005208999999999797,0.38614990236907276
1979-05-23,1.354167,1.364583,1.348958,1.348958,0.03432,2721600,2396875590.0,-0.005208999999999797,-0.3846645206979492
1979-05-24,1.348958,1.359375,1.34375,1.354167,0.034453,1948800,2387655660.0,0.005208999999999797,0.38614990236907276
1979-05-25,1.354167,1.361979,1.348958,1.361979,0.034651,1512000,2396875590.0,0.007812000000000152,0.5768860118434544
1979-05-29,1.361979,1.364583,1.34375,1.34375,0.034188,4065600,2410702830.0,-0.01822900000000005,-1.3384200490609657
1979-05-30,1.333333,1.333333,1.3125,1.317708,0.033525,4838400,2359999410.0,-0.015625,-1.1718752929688232
1979-05-31,1.317708,1.325521,1.307292,1.309896,0.033326,7104000,2332343160.0,-0.007812000000000152,-0.5928475807993996
1979-06-01,1.317708,1.317708,1.296875,1.317708,0.033525,1905600,2332343160.0,0.0,0.0
1979-06-04,1.317708,1.328125,1.307292,1.307292,0.03326,1351200,2332343160.0,-0.010416000000000203,-0.7904634410658661
1979-06-05,1.307292,1.333333,1.307292,1.328125,0.03379,4176000,2313906840.0,0.0208330000000001,1.5935995936638567
1979-06-06,1.328125,1.390625,1.307292,1.328125,0.03379,3736800,2350781250.0,0.0,0.0
1979-06-07,1.328125,1.359375,1.328125,1.348958,0.03432,3472800,2350781250.0,0.0208330000000001,1.568602352941184
1979-06-08,1.348958,1.364583,1.338542,1.34375,0.034188,1809600,2387655660.0,-0.0052080000000001014,-0.3860757710766459
1979-06-11,1.34375,1.348958,1.322917,1.34375,0.034522,1204800,2378437500.0,0.0,0.0
1979-06-12,1.34375,1.416667,1.338542,1.395833,0.03586,4560000,2378437500.0,0.0520830000000001,3.875944186046519
1979-06-13,1.401042,1.432292,1.401042,1.401042,0.035994,3480000,2479844340.0,0.0,0.0
1979-06-14,1.401042,1.411458,1.385417,1.40625,0.036127,2306400,2479844340.0,0.0052080000000001014,0.37172333163460497
1979-06-15,1.40625,1.432292,1.401042,1.416667,0.036395,1778400,2489062500.0,0.010416999999999899,0.7407644444444372
1979-06-18,1.40625,1.40625,1.395833,1.401042,0.035994,2104800,2489062500.0,-0.0052080000000001014,-0.3703466666666739
1979-06-19,1.401042,1.401042,1.369792,1.380208,0.035458,4250400,2479844340.0,-0.020833999999999797,-1.4870360774337814
1979-06-20,1.380208,1.395833,1.369792,1.380208,0.035458,2436000,2442968160.0,0.0,0.0
1979-06-21,1.385417,1.411458,1.385417,1.411458,0.036261,2990400,2452188090.0,0.026041000000000203,1.8796506755727846
1979-06-22,1.421875,1.432292,1.421875,1.427083,0.036663,2280000,2516718750.0,0.0052080000000001014,0.3662769230769302
1979-06-25,1.427083,1.427083,1.390625,1.411458,0.036261,1360800,2525936910.0,-0.015625,-1.094890766689814
1979-06-26,1.411458,1.432292,1.40625,1.40625,0.036127,2892000,2498280660.0,-0.0052080000000001014,-0.3689801609399714
1979-06-27,1.416667,1.432292,1.416667,1.432292,0.036796,2344800,2507500590.0,0.015625,1.1029409169550783
1979-06-28,1.4375,1.447917,1.4375,1.442708,0.037064,2356800,2544375000.0,0.0052080000000001014,0.3622956521739201
1979-06-29,1.442708,1.447917,1.40625,1.4375,0.03693,4656000,2553593160.0,-0.0052080000000001014,-0.36098780903690153
1979-07-02,1.4375,1.4375,1.401042,1.401042,0.035994,3288000,2544375000.0,-0.0364580000000001,-2.536208695652181
1979-07-03,1.401042,1.401042,1.385417,1.401042,0.035994,2870400,2479844340.0,0.0,0.0
1979-07-05,1.401042,1.421875,1.385417,1.416667,0.036395,2844000,2479844340.0,0.015625,1.1152413703514956
1979-07-06,1.421875,1.442708,1.421875,1.442708,0.037064,2764800,2516718750.0,0.0208330000000001,1.465178021978029
1979-07-09,1.442708,1.458333,1.432292,1.453125,0.037332,3007200,2553593160.0,0.010416999999999899,0.7220449321692192
1979-07-10,1.453125,1.458333,1.432292,1.442708,0.037064,3952800,2572031250.0,-0.010416999999999899,-0.7168688172042941
1979-07-11,1.442708,1.447917,1.432292,1.442708,0.037064,2030400,2553593160.0,0.0,0.0
1979-07-12,1.442708,1.453125,1.4375,1.442708,0.037064,1680000,2553593160.0,0.0,0.0
1979-07-13,1.442708,1.458333,1.432292,1.458333,0.037465,801600,2553593160.0,0.015625,1.0830327412061207
1979-07-16,1.453125,1.453125,1.432292,1.447917,0.037198,873600,2572031250.0,-0.0052080000000001014,-0.358400000000007
1979-07-17,1.447917,1.447917,1.40625,1.427083,0.036663,1992000,2562813090.0,-0.020833999999999797,-1.4388946327724448
1979-07-18,1.421875,1.421875,1.395833,1.421875,0.036529,2988000,2516718750.0,0.0,0.0
1979-07-19,1.421875,1.421875,1.401042,1.411458,0.036261,2486400,2516718750.0,-0.010416999999999899,-0.7326241758241687
1979-07-20,1.411458,1.411458,1.40625,1.40625,0.036127,3175200,2498280660.0,-0.0052080000000001014,-0.3689801609399714
1979-07-23,1.40625,1.411458,1.380208,1.390625,0.035726,3650400,2489062500.0,-0.015625,-1.1111111111111112
1979-07-24,1.390625,1.395833,1.380208,1.380208,0.035458,878400,2461406250.0,-0.010416999999999899,-0.7490876404494309
1979-07-25,1.385417,1.427083,1.385417,1.421875,0.036529,1956000,2452188090.0,0.0364580000000001,2.631554254062142
1979-07-26,1.421875,1.432292,1.416667,1.427083,0.036663,1195200,2516718750.0,0.0052080000000001014,0.3662769230769302
1979-07-27,1.427083,1.427083,1.416667,1.416667,0.036395,1329600,2525936910.0,-0.010416000000000203,-0.7298804624538447
1979-07-30,1.416667,1.427083,1.411458,1.411458,0.036261,866400,2507500590.0,-0.005208999999999797,-0.3676940311308019
1979-07-31,1.411458,1.463542,1.411458,1.458333,0.037465,3468000,2498280660.0,0.046875,3.321033994635334
1979-08-01,1.458333,1.46875,1.453125,1.463542,0.037599,2023200,2581249410.0,0.005208999999999797,0.3571886530716782
1979-08-02,1.479167,1.505208,1.479167,1.479167,0.038001,3273600,2618125590.0,0.0,0.0
1979-08-03,1.484375,1.494792,1.484375,1.489583,0.038268,1749600,2627343750.0,0.0052080000000001014,0.3508547368421121
1979-08-06,1.489583,1.494792,1.484375,1.489583,0.038268,1339200,2636561910.0,0.0,0.0
1979-08-07,1.494792,1.557292,1.494792,1.536458,0.039472,6760800,2645781840.0,0.0416660000000002,2.787411225106918
1979-08-08,1.552083,1.583333,1.552083,1.567708,0.040275,5452800,2747186910.0,0.015625,1.0067116256024968
1979-08-09,1.567708,1.567708,1.520833,1.541667,0.039606,3096000,2774843160.0,-0.026041000000000203,-1.6610873963773993
1979-08-10,1.541667,1.557292,1.53125,1.557292,0.040008,3408000,2728750590.0,0.015625,1.0135132943755039
1979-08-13,1.557292,1.578125,1.557292,1.567708,0.040275,3278400,2756406840.0,0.010416000000000203,0.6688533685397602
1979-08-14,1.567708,1.567708,1.557292,1.567708,0.040275,3343200,2774843160.0,0.0,0.0
1979-08-15,1.567708,1.583333,1.557292,1.572917,0.040409,4452000,2774843160.0,0.005208999999999797,0.3322685091866468
1979-08-16,1.572917,1.588542,1.5625,1.578125,0.040543,3729600,2784063090.0,0.0052080000000001014,0.3311045655937409
1979-08-17,1.578125,1.583333,1.5625,1.572917,0.040409,1788000,2793281250.0,-0.0052080000000001014,-0.33001188118812524
1979-08-20,1.572917,1.572917,1.557292,1.5625,0.040142,1898400,2784063090.0,-0.010416999999999899,-0.6622727073329298
1979-08-21,1.5625,1.567708,1.557292,1.567708,0.040275,1812000,2765625000.0,0.0052080000000001014,0.3333120000000065
1979-08-22,1.567708,1.578125,1.552083,1.552083,0.039874,2954400,2774843160.0,-0.015625,-0.9966779527820231
1979-08-23,1.552083,1.557292,1.536458,1.552083,0.039874,1600800,2747186910.0,0.0,0.0
1979-08-24,1.552083,1.552083,1.536458,1.536458,0.039472,1219200,2747186910.0,-0.015625,-1.0067116256024968
1979-08-27,1.536458,1.572917,1.53125,1.546875,0.03974,1968000,2719530660.0,0.010416999999999899,0.6779879436990727
1979-08-28,1.546875,1.572917,1.541667,1.567708,0.040275,1864800,2737968750.0,0.0208330000000001,1.3467797979798044
1979-08-29,1.567708,1.583333,1.567708,1.578125,0.040543,1387200,2774843160.0,0.010416999999999899,0.664473230984335
1979-08-30,1.578125,1.59375,1.557292,1.588542,0.040811,1802400,2793281250.0,0.010416999999999899,0.6600871287128649
1979-08-31,1.588542,1.609375,1.588542,1.604167,0.041212,2457600,2811719340.0,0.015625,0.9836063509809624
1979-09-04,1.604167,1.604167,1.578125,1.578125,0.040543,2544000,2839375590.0,-0.0260419999999999,-1.623397065268136
1979-09-05,1.552083,1.552083,1.526042,1.541667,0.039606,4490400,2747186910.0,-0.010416000000000203,-0.6710981307056518
1979-09-06,1.541667,1.5625,1.53125,1.541667,0.039606,1569600,2728750590.0,0.0,0.0
1979-09-07,1.541667,1.552083,1.53125,1.546875,0.03974,2016000,2728750590.0,0.0052080000000001014,0.33781614317489456
1979-09-10,1.546875,1.567708,1.541667,1.557292,0.040008,2145600,2737968750.0,0.010416999999999899,0.6734222222222156
1979-09-11,1.552083,1.552083,1.489583,1.526042,0.039535,3876000,2747186910.0,-0.026041000000000203,-1.6778097563081487
1979-09-12,1.515625,1.515625,1.5,1.5,0.03886,2536800,2682656250.0,-0.015625,-1.0309278350515463
1979-09-13,1.5,1.510417,1.479167,1.510417,0.03913,1598400,2655000000.0,0.010416999999999899,0.6944666666666599
1979-09-14,1.510417,1.53125,1.484375,1.520833,0.0394,2870400,2673438090.0,0.010416000000000203,0.6896108822927843
1979-09-17,1.520833,1.536458,1.520833,1.520833,0.0394,1687200,2691874410.0,0.0,0.0
1979-09-18,1.515625,1.515625,1.489583,1.494792,0.038725,1689600,2682656250.0,-0.0208330000000001,-1.3745484536082542
1979-09-19,1.494792,1.505208,1.479167,1.484375,0.038455,3290400,2645781840.0,-0.010416999999999899,-0.6968862557466122
1979-09-20,1.484375,1.5,1.463542,1.5,0.03886,3715200,2627343750.0,0.015625,1.0526315789473684
1979-09-21,1.5,1.515625,1.5,1.510417,0.03913,2294400,2655000000.0,0.010416999999999899,0.6944666666666599
1979-09-24,1.510417,1.520833,1.5,1.505208,0.038995,3573600,2673438090.0,-0.005208999999999797,-0.34487164802831255
1979-09-25,1.505208,1.520833,1.494792,1.515625,0.039265,2191200,2664218160.0,0.010416999999999899,0.6920638210798705
1979-09-26,1.515625,1.526042,1.489583,1.489583,0.03859,3878400,2682656250.0,-0.0260419999999999,-1.7182350515463851
1979-09-27,1.484375,1.484375,1.46875,1.484375,0.038455,2529600,2627343750.0,0.0,0.0
1979-09-28,1.484375,1.489583,1.447917,1.46875,0.038051,1744800,2627343750.0,-0.015625,-1.0526315789473684
1979-10-01,1.458333,1.458333,1.442708,1.453125,0.037646,2035200,2581249410.0,-0.0052080000000001014,-0.3571200816274542
1979-10-02,1.453125,1.46875,1.447917,1.447917,0.037511,3292800,2572031250.0,-0.0052080000000001014,-0.358400000000007
1979-10-03,1.442708,1.442708,1.416667,1.432292,0.037106,2865600,2553593160.0,-0.010416000000000203,-0.7219756180738031
1979-10-04,1.432292,1.442708,1.40625,1.427083,0.036971,3184800,2535156840.0,-0.005208999999999797,-0.3636828244519831
1979-10-05,1.432292,1.479167,1.432292,1.453125,0.037646,2887200,2535156840.0,0.0208330000000001,1.4545218433112872
1979-10-08,1.458333,1.5,1.458333,1.46875,0.038051,2287200,2581249410.0,0.010416999999999899,0.7143087346991324
1979-10-09,1.453125,1.453125,1.385417,1.395833,0.036162,2570400,2572031250.0,-0.0572919999999999,-3.9426752688171973
1979-10-10,1.395833,1.416667,1.34375,1.385417,0.035892,6146400,2470624410.0,-0.010416000000000203,-0.74622107372445
1979-10-11,1.385417,1.401042,1.354167,1.375,0.035622,3408000,2452188090.0,-0.010416999999999899,-0.7519035784893573
1979-10-12,1.375,1.380208,1.348958,1.354167,0.035082,3091200,2433750000.0,-0.0208330000000001,-1.5151272727272802
1979-10-15,1.354167,1.375,1.338542,1.338542,0.034677,3259200,2396875590.0,-0.015625,-1.153845869822555
1979-10-16,1.338542,1.375,1.333333,1.359375,0.035217,3753600,2369219340.0,0.0208330000000001,1.5563949431545745
1979-10-17,1.359375,1.369792,1.34375,1.34375,0.034812,3518400,2406093750.0,-0.015625,-1.1494252873563218
1979-10-18,1.34375,1.359375,1.338542,1.34375,0.034812,2270400,2378437500.0,0.0,0.0
1979-10-19,1.34375,1.348958,1.296875,1.3125,0.034003,4790400,2378437500.0,-0.03125,-2.3255813953488373
1979-10-22,1.3125,1.348958,1.302083,1.348958,0.034947,2148000,2323125000.0,0.0364580000000001,2.7777523809523887
1979-10-23,1.348958,1.348958,1.307292,1.322917,0.034273,3568800,2387655660.0,-0.026041000000000203,-1.9304529866756563
1979-10-24,1.322917,1.333333,1.302083,1.307292,0.033868,2095200,2341563090.0,-0.015625,-1.1811020646042043
1979-10-25,1.307292,1.338542,1.307292,1.333333,0.034542,1663200,2313906840.0,0.026041000000000203,1.9919803685787263
1979-10-26,1.338542,1.369792,1.338542,1.364583,0.035352,1944000,2369219340.0,0.026041000000000203,1.9454750019050733
1979-10-29,1.364583,1.401042,1.348958,1.348958,0.034947,6230400,2415311910.0,-0.015625,-1.1450384476429794
1979-10-30,1.348958,1.395833,1.348958,1.395833,0.036162,2661600,2387655660.0,0.046875,3.4749043335670935
1979-10-31,1.395833,1.395833,1.359375,1.359375,0.035217,1672800,2470624410.0,-0.0364580000000001,-2.611917041651838
1979-11-01,1.359375,1.375,1.359375,1.359375,0.035217,2400000,2406093750.0,0.0,0.0
1979-11-02,1.369792,1.395833,1.369792,1.395833,0.036162,2148000,2424531840.0,0.026041000000000203,1.901091552586101
1979-11-05,1.390625,1.390625,1.380208,1.380208,0.035757,1687200,2461406250.0,-0.010416999999999899,-0.7490876404494309
1979-11-06,1.380208,1.395833,1.375,1.380208,0.035757,1461600,2442968160.0,0.0,0.0
1979-11-07,1.375,1.375,1.34375,1.348958,0.034947,2858400,2433750000.0,-0.0260419999999999,-1.893963636363629
1979-11-08,1.348958,1.375,1.34375,1.359375,0.035217,2661600,2387655660.0,0.010416999999999899,0.7722256734457187
1979-11-09,1.369792,1.390625,1.369792,1.385417,0.035892,1533600,2424531840.0,0.015625,1.1406841330654582
1979-11-12,1.385417,1.432292,1.385417,1.427083,0.036971,2059200,2452188090.0,0.0416660000000002,3.007469953089951
1979-11-13,1.427083,1.447917,1.395833,1.40625,0.036431,3537600,2525936910.0,-0.0208330000000001,-1.4598309979167363
1979-11-14,1.40625,1.411458,1.380208,1.401042,0.036297,3902400,2489062500.0,-0.0052080000000001014,-0.3703466666666739
1979-11-15,1.401042,1.416667,1.401042,1.411458,0.036566,2011200,2479844340.0,0.010416000000000203,0.7434466632692099
1979-11-16,1.40625,1.40625,1.390625,1.390625,0.036027,1936800,2489062500.0,-0.015625,-1.1111111111111112
1979-11-19,1.390625,1.416667,1.385417,1.40625,0.036431,2973600,2461406250.0,0.015625,1.1235955056179776
1979-11-20,1.40625,1.421875,1.385417,1.385417,0.035892,2556000,2489062500.0,-0.0208330000000001,-1.4814577777777849
1979-11-21,1.385417,1.411458,1.359375,1.411458,0.036566,2460000,2452188090.0,0.026041000000000203,1.8796506755727846
1979-11-23,1.411458,1.411458,1.390625,1.395833,0.036162,2642400,2498280660.0,-0.015625,-1.1070113315451113
1979-11-26,1.401042,1.442708,1.401042,1.442708,0.037376,1946400,2479844340.0,0.0416660000000002,2.973929403972201
1979-11-27,1.458333,1.484375,1.458333,1.46875,0.038051,2640000,2581249410.0,0.010416999999999899,0.7143087346991324
1979-11-28,1.46875,1.494792,1.453125,1.46875,0.038051,2570400,2599687500.0,0.0,0.0
1979-11-29,1.46875,1.484375,1.463542,1.463542,0.037916,1132800,2599687500.0,-0.0052080000000001014,-0.3545872340425601
1979-11-30,1.463542,1.479167,1.453125,1.453125,0.037646,1828800,2590469340.0,-0.010416999999999899,-0.7117663859322041
1979-12-03,1.453125,1.46875,1.447917,1.453125,0.037646,1668000,2572031250.0,0.0,0.0
1979-12-04,1.453125,1.458333,1.442708,1.453125,0.037646,1989600,2572031250.0,0.0,0.0
1979-12-05,1.453125,1.458333,1.4375,1.447917,0.037511,4495200,2572031250.0,-0.0052080000000001014,-0.358400000000007
1979-12-06,1.453125,1.479167,1.453125,1.46875,0.038051,3271200,2572031250.0,0.015625,1.0752688172043012
1979-12-07,1.46875,1.484375,1.463542,1.473958,0.038186,3074400,2599687500.0,0.0052080000000001014,0.3545872340425601
1979-12-10,1.473958,1.5,1.369792,1.489583,0.038934,3187200,2608905660.0,0.015625,1.0600709111114426
1979-12-11,1.489583,1.5,1.479167,1.479167,0.038661,3194400,2636561910.0,-0.010416000000000203,-0.6992561005328473
1979-12-12,1.479167,1.484375,1.458333,1.463542,0.038253,4257600,2618125590.0,-0.015625,-1.0563377901210615
1979-12-13,1.463542,1.489583,1.453125,1.479167,0.038661,2275200,2590469340.0,0.015625,1.0676154152050301
1979-12-14,1.479167,1.510417,1.473958,1.505208,0.039342,2162400,2618125590.0,0.026041000000000203,1.7605179131227375
1979-12-17,1.5,1.5,1.473958,1.494792,0.03907,2128800,2655000000.0,-0.0052080000000001014,-0.3472000000000067
1979-12-18,1.494792,1.494792,1.479167,1.479167,0.038661,2176800,2645781840.0,-0.015625,-1.0452959341500356
1979-12-19,1.479167,1.484375,1.473958,1.479167,0.038661,4845600,2618125590.0,0.0,0.0
1979-12-20,1.479167,1.484375,1.473958,1.473958,0.038525,4519200,2618125590.0,-0.005208999999999797,-0.3521576671193853
1979-12-21,1.473958,1.484375,1.473958,1.479167,0.038661,3141600,2608905660.0,0.005208999999999797,0.35340220006267453
1979-12-24,1.479167,1.479167,1.463542,1.473958,0.038525,3933600,2618125590.0,-0.005208999999999797,-0.3521576671193853
1979-12-26,1.473958,1.484375,1.463542,1.479167,0.038661,540000,2608905660.0,0.005208999999999797,0.35340220006267453
1979-12-27,1.479167,1.479167,1.46875,1.479167,0.038661,2805600,2618125590.0,0.0,0.0
1979-12-28,1.479167,1.479167,1.46875,1.473958,0.038525,835200,2618125590.0,-0.005208999999999797,-0.3521576671193853
1979-12-31,1.479167,1.5,1.479167,1.5,0.039206,1176000,2618125590.0,0.0208330000000001,1.4084278516218995
1980-01-02,1.494792,1.494792,1.4375,1.4375,0.037572,8892000,2645781840.0,-0.0572919999999999,-3.8327740581967187
1980-01-03,1.421875,1.421875,1.375,1.40625,0.036756,3770400,2516718750.0,-0.015625,-1.098901098901099
1980-01-04,1.40625,1.421875,1.385417,1.421875,0.037164,2762400,2489062500.0,0.015625,1.1111111111111112
1980-01-07,1.421875,1.421875,1.401042,1.40625,0.036756,2416800,2516718750.0,-0.015625,-1.098901098901099
1980-01-08,1.401042,1.401042,1.380208,1.401042,0.03662,7394400,2479844340.0,0.0,0.0
1980-01-09,1.401042,1.401042,1.369792,1.380208,0.036075,7771200,2479844340.0,-0.020833999999999797,-1.4870360774337814
1980-01-10,1.380208,1.390625,1.369792,1.369792,0.035803,4756800,2442968160.0,-0.010416000000000203,-0.7546688615049473
1980-01-11,1.369792,1.390625,1.369792,1.385417,0.036211,7644000,2424531840.0,0.015625,1.1406841330654582
1980-01-14,1.385417,1.395833,1.380208,1.385417,0.036211,2224800,2452188090.0,0.0,0.0
1980-01-15,1.385417,1.390625,1.364583,1.380208,0.036075,4545600,2452188090.0,-0.005208999999999797,-0.3759878794615482
1980-01-16,1.380208,1.380208,1.354167,1.359375,0.03553,7579200,2442968160.0,-0.0208330000000001,-1.509410175857559
1980-01-17,1.359375,1.359375,1.296875,1.3125,0.034305,10442400,2406093750.0,-0.046875,-3.4482758620689653
1980-01-18,1.3125,1.317708,1.296875,1.317708,0.034441,6184800,2323125000.0,0.0052080000000001014,0.39680000000000776
1980-01-21,1.317708,1.333333,1.307292,1.322917,0.034578,4516800,2332343160.0,0.005208999999999797,0.39530760988017044
1980-01-22,1.34375,1.364583,1.34375,1.348958,0.035258,5656800,2378437500.0,0.0052080000000001014,0.38757209302326334
1980-01-23,1.348958,1.380208,1.34375,1.380208,0.036075,7360800,2387655660.0,0.03125,2.316602889044729
1980-01-24,1.380208,1.421875,1.380208,1.380208,0.036075,5733600,2442968160.0,0.0,0.0
1980-01-25,1.380208,1.385417,1.369792,1.380208,0.036075,4351200,2442968160.0,0.0,0.0
1980-01-28,1.380208,1.458333,1.380208,1.453125,0.037981,4953600,2442968160.0,0.0729169999999999,5.283044294772954
1980-01-29,1.453125,1.489583,1.427083,1.458333,0.038117,6504000,2572031250.0,0.0052080000000001014,0.358400000000007
1980-01-30,1.453125,1.453125,1.432292,1.4375,0.037572,4365600,2572031250.0,-0.015625,-1.0752688172043012
1980-01-31,1.442708,1.479167,1.442708,1.442708,0.037709,5263200,2553593160.0,0.0,0.0
1980-02-01,1.447917,1.473958,1.447917,1.473958,0.038525,3422400,2562813090.0,0.026041000000000203,1.798514693867135
1980-02-04,1.473958,1.479167,1.458333,1.458333,0.038117,4281600,2608905660.0,-0.015625,-1.0600709111114426
1980-02-05,1.458333,1.458333,1.432292,1.458333,0.038117,4236000,2581249410.0,0.0,0.0
1980-02-06,1.458333,1.458333,1.416667,1.427083,0.0373,5217600,2581249410.0,-0.03125,-2.142857632653173
1980-02-07,1.427083,1.432292,1.395833,1.411458,0.036892,4207200,2525936910.0,-0.015625,-1.094890766689814
1980-02-08,1.411458,1.427083,1.375,1.385417,0.036211,3194400,2498280660.0,-0.026041000000000203,-1.8449716534250542
1980-02-11,1.385417,1.416667,1.375,1.40625,0.036756,3530400,2452188090.0,0.0208330000000001,1.5037349765449755
1980-02-12,1.40625,1.4375,1.401042,1.401042,0.03662,3703200,2489062500.0,-0.0052080000000001014,-0.3703466666666739
1980-02-13,1.432292,1.5,1.432292,1.458333,0.038117,7308000,2535156840.0,0.026041000000000203,1.818134849597722
1980-02-14,1.458333,1.473958,1.416667,1.432292,0.037436,6290400,2581249410.0,-0.026041000000000203,-1.7856689795814946
1980-02-15,1.432292,1.432292,1.385417,1.40625,0.036756,6261600,2535156840.0,-0.0260419999999999,-1.8182046677632704
1980-02-19,1.40625,1.40625,1.375,1.40625,0.036756,2294400,2489062500.0,0.0,0.0
1980-02-20,1.40625,1.447917,1.401042,1.447917,0.037845,2294400,2489062500.0,0.0416669999999999,2.9629866666666596
1980-02-21,1.447917,1.453125,1.416667,1.416667,0.037028,2572800,2562813090.0,-0.03125,-2.1582728844263865
1980-02-22,1.385417,1.385417,1.359375,1.375,0.035939,3172800,2452188090.0,-0.010416999999999899,-0.7519035784893573
1980-02-25,1.390625,1.390625,1.375,1.380208,0.036075,1857600,2461406250.0,-0.010416999999999899,-0.7490876404494309
1980-02-26,1.375,1.375,1.354167,1.359375,0.03553,4272000,2433750000.0,-0.015625,-1.1363636363636365
1980-02-27,1.359375,1.390625,1.359375,1.364583,0.035667,3338400,2406093750.0,0.0052080000000001014,0.3831172413793178
1980-02-28,1.364583,1.385417,1.354167,1.359375,0.03553,3837600,2415311910.0,-0.0052080000000001014,-0.3816550550607842
1980-02-29,1.359375,1.390625,1.354167,1.390625,0.036347,3153600,2406093750.0,0.03125,2.2988505747126435
1980-03-03,1.390625,1.421875,1.390625,1.390625,0.036347,2779200,2461406250.0,0.0,0.0
1980-03-04,1.390625,1.416667,1.375,1.385417,0.036211,3628800,2461406250.0,-0.0052080000000001014,-0.3745078651685466
1980-03-05,1.385417,1.395833,1.354167,1.354167,0.035394,3861600,2452188090.0,-0.03125,-2.255638555034333
1980-03-06,1.333333,1.333333,1.302083,1.307292,0.034595,5208000,2359999410.0,-0.026041000000000203,-1.953075488268887
1980-03-07,1.302083,1.302083,1.260417,1.291667,0.034181,7627200,2304686910.0,-0.010416000000000203,-0.7999490047869607
1980-03-10,1.276042,1.276042,1.244792,1.25,0.033079,5664000,2258594340.0,-0.0260419999999999,-2.0408419158616957
1980-03-11,1.25,1.276042,1.25,1.265625,0.033492,6573600,2212500000.0,0.015625,1.25
1980-03-12,1.265625,1.276042,1.213542,1.229167,0.032528,5601600,2240156250.0,-0.0364580000000001,-2.88063209876544
1980-03-13,1.229167,1.265625,1.229167,1.244792,0.032941,4116000,2175625590.0,0.015625,1.2711860959495334
1980-03-14,1.244792,1.291667,1.244792,1.286458,0.034044,6712800,2203281840.0,0.0416660000000002,3.347225881914425
1980-03-17,1.286458,1.296875,1.260417,1.265625,0.033492,3708000,2277030660.0,-0.0208330000000001,-1.619407707053017
1980-03-18,1.265625,1.3125,1.260417,1.270833,0.03363,6218400,2240156250.0,0.0052080000000001014,0.41149629629630435
1980-03-19,1.270833,1.291667,1.260417,1.286458,0.034044,4288800,2249374410.0,0.015625,1.2295085192153492
1980-03-20,1.286458,1.296875,1.270833,1.291667,0.034181,2817600,2277030660.0,0.005208999999999797,0.40491022637348417
1980-03-21,1.291667,1.317708,1.276042,1.307292,0.034595,3552000,2286250590.0,0.015625,1.2096771071801014
1980-03-24,1.307292,1.317708,1.291667,1.296875,0.034319,2001600,2313906840.0,-0.010416999999999899,-0.7968380438341166
1980-03-25,1.296875,1.328125,1.291667,1.328125,0.035146,2476800,2295468750.0,0.03125,2.4096385542168677
1980-03-26,1.333333,1.395833,1.333333,1.364583,0.036111,3429600,2359999410.0,0.03125,2.3437505859376464
1980-03-27,1.364583,1.369792,1.333333,1.364583,0.036111,4310400,2415311910.0,0.0,0.0
1980-03-28,1.364583,1.46875,1.359375,1.432292,0.037903,7044000,2415311910.0,0.0677089999999998,4.961882128093329
1980-03-31,1.432292,1.442708,1.416667,1.432292,0.037903,3724800,2535156840.0,0.0,0.0
1980-04-01,1.432292,1.432292,1.401042,1.421875,0.037627,3345600,2535156840.0,-0.010416999999999899,-0.7272958307384179
1980-04-02,1.421875,1.453125,1.416667,1.4375,0.038041,6324000,2516718750.0,0.015625,1.098901098901099
1980-04-03,1.4375,1.447917,1.416667,1.432292,0.037903,2738400,2544375000.0,-0.0052080000000001014,-0.3622956521739201
1980-04-07,1.432292,1.432292,1.395833,1.40625,0.037214,5306400,2535156840.0,-0.0260419999999999,-1.8182046677632704
1980-04-08,1.40625,1.4375,1.395833,1.432292,0.037903,4099200,2489062500.0,0.0260419999999999,1.8518755555555484
1980-04-09,1.432292,1.458333,1.427083,1.458333,0.038592,3036000,2535156840.0,0.026041000000000203,1.818134849597722
1980-04-10,1.458333,1.479167,1.4375,1.463542,0.03873,3441600,2581249410.0,0.005208999999999797,0.3571886530716782
1980-04-11,1.463542,1.46875,1.4375,1.4375,0.038041,2061600,2590469340.0,-0.0260419999999999,-1.7793818011372344
1980-04-14,1.4375,1.447917,1.432292,1.447917,0.038316,1010400,2544375000.0,0.010416999999999899,0.7246608695652104
1980-04-15,1.447917,1.473958,1.4375,1.463542,0.03873,2714400,2562813090.0,0.015625,1.0791364422131933
1980-04-16,1.463542,1.5,1.442708,1.442708,0.038178,5090400,2590469340.0,-0.020833999999999797,-1.4235327718644082
1980-04-17,1.447917,1.5,1.447917,1.5,0.039695,2486400,2562813090.0,0.0520830000000001,3.5970984524665504
1980-04-18,1.5,1.515625,1.46875,1.46875,0.038868,3300000,2655000000.0,-0.03125,-2.083333333333333
1980-04-21,1.46875,1.489583,1.463542,1.473958,0.039005,931200,2599687500.0,0.0052080000000001014,0.3545872340425601
1980-04-22,1.494792,1.53125,1.494792,1.520833,0.040246,2539200,2645781840.0,0.026041000000000203,1.7421152909568824
1980-04-23,1.53125,1.578125,1.53125,1.53125,0.040522,6914400,2710312500.0,0.0,0.0
1980-04-24,1.53125,1.567708,1.526042,1.552083,0.041073,3216000,2710312500.0,0.0208330000000001,1.3605224489795984
1980-04-25,1.552083,1.5625,1.53125,1.5625,0.041349,3132000,2747186910.0,0.010416999999999899,0.6711625602496708
1980-04-28,1.5625,1.588542,1.557292,1.578125,0.041762,2860800,2765625000.0,0.015625,1.0
1980-04-29,1.578125,1.578125,1.557292,1.572917,0.041624,1996800,2793281250.0,-0.0052080000000001014,-0.33001188118812524
1980-04-30,1.572917,1.583333,1.541667,1.583333,0.0419,2359200,2784063090.0,0.010416000000000203,0.6622091311874818
1980-05-01,1.583333,1.583333,1.567708,1.583333,0.0419,4552800,2802499410.0,0.0,0.0
1980-05-02,1.583333,1.583333,1.5625,1.583333,0.0419,1816800,2802499410.0,0.0,0.0
1980-05-05,1.583333,1.604167,1.578125,1.604167,0.042451,2752800,2802499410.0,0.020833999999999797,1.3158318559645883
1980-05-06,1.604167,1.640625,1.59375,1.630208,0.04314,5337600,2839375590.0,0.026041000000000203,1.6233347276187706
1980-05-07,1.630208,1.630208,1.614583,1.614583,0.042727,3602400,2885468160.0,-0.015625,-0.9584666496545226
1980-05-08,1.614583,1.614583,1.578125,1.583333,0.0419,1984800,2857811910.0,-0.03125,-1.9354842705515913
1980-05-09,1.583333,1.583333,1.557292,1.578125,0.041762,2973600,2802499410.0,-0.0052080000000001014,-0.32892638503714006
1980-05-12,1.578125,1.614583,1.557292,1.604167,0.042451,2522400,2793281250.0,0.0260419999999999,1.6501861386138552
1980-05-13,1.614583,1.645833,1.614583,1.645833,0.043554,4452000,2857811910.0,0.03125,1.9354842705515913
1980-05-14,1.661458,1.682292,1.661458,1.677083,0.044381,5500800,2940780660.0,0.015625,0.9404390601507832
1980-05-15,1.677083,1.677083,1.630208,1.630208,0.04314,3787200,2968436910.0,-0.046875,-2.7950316114348546
1980-05-16,1.630208,1.651042,1.604167,1.645833,0.043554,2328000,2885468160.0,0.015625,0.9584666496545226
1980-05-19,1.645833,1.677083,1.625,1.65625,0.043829,2500800,2913124410.0,0.010416999999999899,0.6329317737583278
1980-05-20,1.65625,1.661458,1.645833,1.65625,0.043829,2092800,2931562500.0,0.0,0.0
1980-05-21,1.65625,1.65625,1.625,1.640625,0.043416,9247200,2931562500.0,-0.015625,-0.9433962264150944
1980-05-22,1.630208,1.630208,1.609375,1.614583,0.042727,13610400,2885468160.0,-0.015625,-0.9584666496545226
1980-05-23,1.609375,1.609375,1.557292,1.583333,0.0419,11824800,2848593750.0,-0.0260419999999999,-1.618143689320382
1980-05-27,1.583333,1.604167,1.567708,1.583333,0.0419,10224000,2802499410.0,0.0,0.0
1980-05-28,1.583333,1.609375,1.572917,1.604167,0.042451,5476800,2802499410.0,0.020833999999999797,1.3158318559645883
1980-05-29,1.604167,1.609375,1.557292,1.578125,0.041762,2724000,2839375590.0,-0.0260419999999999,-1.623397065268136
1980-05-30,1.578125,1.583333,1.546875,1.583333,0.0419,2613600,2793281250.0,0.0052080000000001014,0.33001188118812524
1980-06-02,1.583333,1.588542,1.557292,1.567708,0.041486,2880000,2802499410.0,-0.015625,-0.9868423130194343
1980-06-03,1.567708,1.583333,1.557292,1.578125,0.041762,2515200,2774843160.0,0.010416999999999899,0.664473230984335
1980-06-04,1.578125,1.625,1.572917,1.625,0.043002,2508000,2793281250.0,0.046875,2.9702970297029703
1980-06-05,1.625,1.65625,1.619792,1.625,0.043002,3153600,2876250000.0,0.0,0.0
1980-06-06,1.625,1.640625,1.614583,1.625,0.043002,2779200,2876250000.0,0.0,0.0
1980-06-09,1.625,1.651042,1.625,1.645833,0.043554,2116800,2876250000.0,0.0208330000000001,1.2820307692307753
1980-06-10,1.645833,1.661458,1.630208,1.645833,0.043999,2527200,2913124410.0,0.0,0.0
1980-06-11,1.651042,1.697917,1.651042,1.6875,0.045113,4948800,2922344340.0,0.0364580000000001,2.2081812576542634
1980-06-12,1.6875,1.692708,1.666667,1.682292,0.044974,5752800,2986875000.0,-0.0052080000000001014,-0.30862222222222824
1980-06-13,1.682292,1.692708,1.677083,1.6875,0.045113,2361600,2977656840.0,0.0052080000000001014,0.30957764763787154
1980-06-16,1.6875,1.713542,1.6875,1.6875,0.045113,3252000,2986875000.0,0.0,0.0
1980-06-17,1.6875,1.703125,1.682292,1.6875,0.045113,4029600,2986875000.0,0.0,0.0
1980-06-18,1.6875,1.697917,1.677083,1.6875,0.045113,5121600,2986875000.0,0.0,0.0
1980-06-19,1.6875,1.6875,1.65625,1.65625,0.044278,2983200,2986875000.0,-0.03125,-1.8518518518518516
1980-06-20,1.645833,1.661458,1.645833,1.651042,0.044139,1641600,2913124410.0,0.005208999999999797,0.3164962666321429
1980-06-23,1.651042,1.671875,1.645833,1.661458,0.044417,3105600,2922344340.0,0.010416000000000203,0.6308743205805911
1980-06-24,1.661458,1.697917,1.651042,1.697917,0.045392,3871200,2940780660.0,0.0364589999999998,2.1943979324183815
1980-06-25,1.697917,1.723958,1.692708,1.713542,0.045809,4396800,3005313090.0,0.015625,0.9202452181113683
1980-06-26,1.713542,1.713542,1.677083,1.682292,0.044974,2762400,3032969340.0,-0.03125,-1.8237078519230927
1980-06-27,1.682292,1.703125,1.682292,1.703125,0.045531,2289600,2977656840.0,0.0208330000000001,1.238370033264148
1980-06-30,1.703125,1.708333,1.671875,1.677083,0.044835,2040000,3014531250.0,-0.0260419999999999,-1.5290715596330215
1980-07-01,1.677083,1.697917,1.671875,1.677083,0.044835,3024000,2968436910.0,0.0,0.0
1980-07-02,1.682292,1.703125,1.682292,1.692708,0.045252,2592000,2977656840.0,0.010416000000000203,0.6191552952757431
1980-07-03,1.703125,1.744792,1.703125,1.739583,0.046506,3482400,3014531250.0,0.0364580000000001,2.1406532110091803
1980-07-07,1.739583,1.760417,1.734375,1.75,0.046784,2860800,3079061910.0,0.010416999999999899,0.598821671630494
1980-07-08,1.75,1.760417,1.739583,1.739583,0.046506,4070400,3097500000.0,-0.010416999999999899,-0.595257142857137
1980-07-09,1.739583,1.739583,1.71875,1.729167,0.046227,4106400,3079061910.0,-0.010416000000000203,-0.5987641865895563
1980-07-10,1.71875,1.71875,1.677083,1.6875,0.045113,2174400,3042187500.0,-0.03125,-1.8181818181818181
1980-07-11,1.6875,1.6875,1.651042,1.65625,0.044278,4245600,2986875000.0,-0.03125,-1.8518518518518516
1980-07-14,1.65625,1.666667,1.651042,1.666667,0.044556,1987200,2931562500.0,0.010416999999999899,0.6289509433962203
1980-07-15,1.666667,1.723958,1.666667,1.703125,0.045531,4809600,2950000590.0,0.0364580000000001,2.1874795625040937
1980-07-16,1.703125,1.713542,1.682292,1.703125,0.045531,3712800,3014531250.0,0.0,0.0
1980-07-17,1.703125,1.75,1.697917,1.75,0.046784,4586400,3014531250.0,0.046875,2.7522935779816518
1980-07-18,1.755208,1.786458,1.755208,1.776042,0.04748,3792000,3106718160.0,0.020833999999999797,1.1869818277947568
1980-07-21,1.776042,1.78125,1.734375,1.78125,0.04762,2083200,3143594340.0,0.0052080000000001014,0.29323630860081584
1980-07-22,1.78125,1.817708,1.723958,1.791667,0.047898,4418400,3152812500.0,0.010416999999999899,0.5848140350877137
1980-07-23,1.791667,1.8125,1.776042,1.776042,0.04748,2136000,3171250590.0,-0.015625,-0.8720928610059794
1980-07-24,1.776042,1.786458,1.770833,1.776042,0.04748,2210400,3143594340.0,0.0,0.0
1980-07-25,1.770833,1.770833,1.75,1.760417,0.047063,2904000,3134374410.0,-0.010416000000000203,-0.5881977577784129
1980-07-28,1.760417,1.791667,1.75,1.791667,0.047898,1639200,3115938090.0,0.03125,1.7751475928714617
1980-07-29,1.791667,1.802083,1.776042,1.802083,0.048176,2078400,3171250590.0,0.010416000000000203,0.5813580313752613
1980-07-30,1.802083,1.875,1.791667,1.864583,0.049847,3640800,3189686910.0,0.0625,3.4682087340039276
1980-07-31,1.864583,1.895833,1.833333,1.895833,0.050683,5500800,3300311910.0,0.03125,1.6759779532474552
1980-08-01,1.895833,1.921875,1.875,1.890625,0.050544,5784000,3355624410.0,-0.0052080000000001014,-0.2747077406079597
1980-08-04,1.890625,1.890625,1.854167,1.869792,0.049987,4000800,3346406250.0,-0.0208330000000001,-1.1019107438016584
1980-08-05,1.869792,1.890625,1.859375,1.890625,0.050544,2635200,3309531840.0,0.0208330000000001,1.1141881022060263
1980-08-06,1.890625,1.890625,1.864583,1.885417,0.050404,2709600,3346406250.0,-0.0052080000000001014,-0.2754644628099227
1980-08-07,1.890625,1.90625,1.890625,1.90625,0.050961,1934400,3346406250.0,0.015625,0.8264462809917356
1980-08-08,1.90625,1.916667,1.901042,1.90625,0.050961,2676000,3374062500.0,0.0,0.0
1980-08-11,1.90625,1.932292,1.895833,1.927083,0.051518,1939200,3374062500.0,0.0208330000000001,1.0928786885245954
1980-08-12,1.927083,1.927083,1.890625,1.901042,0.050822,2244000,3410936910.0,-0.026041000000000203,-1.3513169904980846
1980-08-13,1.901042,1.921875,1.890625,1.895833,0.050683,2198400,3364844340.0,-0.005208999999999797,-0.2740076231876937
1980-08-14,1.895833,1.953125,1.895833,1.953125,0.052214,2961600,3355624410.0,0.0572919999999999,3.021996135735579
1980-08-15,1.953125,2.010417,1.942708,1.96875,0.052632,4394400,3457031250.0,0.015625,0.8
1980-08-18,1.96875,1.973958,1.916667,1.921875,0.051379,7485600,3484687500.0,-0.046875,-2.380952380952381
1980-08-19,1.921875,1.927083,1.875,1.895833,0.050683,5268000,3401718750.0,-0.0260419999999999,-1.3550308943089378
1980-08-20,1.895833,1.927083,1.895833,1.916667,0.05124,3040800,3355624410.0,0.020833999999999797,1.0989364569558497
1980-08-21,1.916667,2.020833,1.916667,2.020833,0.054025,6160800,3392500590.0,0.1041660000000002,5.434746880913597
1980-08-22,2.020833,2.020833,1.958333,1.96875,0.052632,3079200,3576874410.0,-0.0520830000000001,-2.5773035179057397
1980-08-25,1.96875,1.979167,1.953125,1.953125,0.052214,2325600,3484687500.0,-0.015625,-0.7936507936507936
1980-08-26,1.953125,1.96875,1.927083,1.932292,0.051657,3129600,3457031250.0,-0.0208330000000001,-1.0666496000000052
1980-08-27,1.911458,1.911458,1.880208,1.880208,0.050265,4581600,3383280660.0,-0.03125,-1.634877669297468
1980-08-28,1.875,1.875,1.8125,1.833333,0.049012,4754400,3318750000.0,-0.0416669999999999,-2.2222399999999944
1980-08-29,1.833333,1.84375,1.8125,1.838542,0.049151,2220000,3244999410.0,0.005208999999999797,0.2841273243867752
1980-09-02,1.838542,1.885417,1.838542,1.869792,0.049987,2630400,3254219340.0,0.03125,1.6997164057171392
1980-09-03,1.890625,1.90625,1.890625,1.90625,0.050961,3314400,3346406250.0,0.015625,0.8264462809917356
1980-09-04,1.90625,1.921875,1.880208,1.890625,0.050544,3892800,3374062500.0,-0.015625,-0.819672131147541
1980-09-05,1.880208,1.880208,1.838542,1.84375,0.04929,3168000,3327968160.0,-0.0364580000000001,-1.9390407869767652
1980-09-08,1.84375,1.864583,1.78125,1.802083,0.048176,14568000,3263437500.0,-0.0416669999999999,-2.2599050847457574
1980-09-09,1.802083,1.802083,1.776042,1.802083,0.048626,4020000,3189686910.0,0.0,0.0
1980-09-10,1.802083,1.838542,1.796875,1.828125,0.049329,2606400,3189686910.0,0.0260419999999999,1.4451054696148788
1980-09-11,1.828125,1.833333,1.786458,1.786458,0.048205,2712000,3235781250.0,-0.0416669999999999,-2.2792205128205074
1980-09-12,1.786458,1.791667,1.770833,1.776042,0.047924,3290400,3162030660.0,-0.010416000000000203,-0.5830531700157632
1980-09-15,1.776042,1.78125,1.755208,1.78125,0.048064,4332000,3143594340.0,0.0052080000000001014,0.29323630860081584
1980-09-16,1.78125,1.84375,1.78125,1.822917,0.049188,7384800,3152812500.0,0.0416669999999999,2.3391999999999946
1980-09-17,1.822917,1.838542,1.791667,1.828125,0.049329,7176000,3226563090.0,0.0052080000000001014,0.28569594775846086
1980-09-18,1.828125,1.864583,1.770833,1.770833,0.047783,6235200,3235781250.0,-0.0572919999999999,-3.1339213675213617
1980-09-19,1.776042,1.807292,1.776042,1.802083,0.048626,5248800,3143594340.0,0.026041000000000203,1.4662378479788318
1980-09-22,1.802083,1.807292,1.770833,1.796875,0.048486,4560000,3189686910.0,-0.0052080000000001014,-0.2889988973870849
1980-09-23,1.786458,1.786458,1.729167,1.739583,0.04694,6472800,3162030660.0,-0.046875,-2.6239071951313715
1980-09-24,1.739583,1.760417,1.723958,1.755208,0.047361,3811200,3079061910.0,0.015625,0.8982037649252723
1980-09-25,1.760417,1.78125,1.760417,1.760417,0.047502,2052000,3115938090.0,0.0,0.0
1980-09-26,1.760417,1.776042,1.75,1.770833,0.047783,1696800,3115938090.0,0.010416000000000203,0.5916779944751842
1980-09-29,1.739583,1.739583,1.677083,1.692708,0.045675,8440800,3079061910.0,-0.046875,-2.6946112947758167
1980-09-30,1.703125,1.760417,1.703125,1.755208,0.047361,2877600,3014531250.0,0.0520830000000001,3.0580844036697306
1980-10-01,1.755208,1.802083,1.75,1.776042,0.047924,3446400,3106718160.0,0.020833999999999797,1.1869818277947568
1980-10-02,1.770833,1.770833,1.739583,1.760417,0.047502,2798400,3134374410.0,-0.010416000000000203,-0.5881977577784129
1980-10-03,1.760417,1.786458,1.755208,1.776042,0.047924,3312000,3115938090.0,0.015625,0.8875737964357309
1980-10-06,1.776042,1.822917,1.75,1.8125,0.048907,4622400,3143594340.0,0.0364580000000001,2.052766770155216
1980-10-07,1.8125,1.828125,1.78125,1.796875,0.048486,4744800,3208125000.0,-0.015625,-0.8620689655172413
1980-10-08,1.796875,1.802083,1.776042,1.776042,0.047924,2517600,3180468750.0,-0.0208330000000001,-1.1594017391304403
1980-10-09,1.770833,1.770833,1.734375,1.739583,0.04694,2750400,3134374410.0,-0.03125,-1.7647062145329344
1980-10-10,1.739583,1.744792,1.692708,1.697917,0.045815,3722400,3079061910.0,-0.0416660000000002,-2.395171716440101
1980-10-13,1.697917,1.734375,1.671875,1.734375,0.046799,2472000,3005313090.0,0.0364580000000001,2.147219210361879
1980-10-14,1.734375,1.760417,1.729167,1.734375,0.046799,3019200,3069843750.0,0.0,0.0
1980-10-15,1.739583,1.791667,1.739583,1.791667,0.048345,4867200,3079061910.0,0.0520839999999998,2.9940508731115325
1980-10-16,1.802083,1.848958,1.802083,1.802083,0.048626,6441600,3189686910.0,0.0,0.0
1980-10-17,1.802083,1.84375,1.802083,1.817708,0.049048,2400000,3189686910.0,0.015625,0.8670521835009819
1980-10-20,1.817708,1.817708,1.791667,1.817708,0.049048,2467200,3217343160.0,0.0,0.0
1980-10-21,1.817708,1.833333,1.802083,1.817708,0.049048,2810400,3217343160.0,0.0,0.0
1980-10-22,1.822917,1.854167,1.822917,1.854167,0.050032,1394400,3226563090.0,0.03125,1.714285400816384
1980-10-23,1.854167,1.869792,1.802083,1.822917,0.049188,2078400,3281875590.0,-0.03125,-1.6853929554349742
1980-10-24,1.822917,1.833333,1.796875,1.802083,0.048626,2241600,3226563090.0,-0.020833999999999797,-1.1428935052994622
1980-10-27,1.802083,1.828125,1.760417,1.760417,0.047502,3516000,3189686910.0,-0.0416660000000002,-2.3121021617761333
1980-10-28,1.760417,1.776042,1.744792,1.770833,0.047783,3004800,3115938090.0,0.010416000000000203,0.5916779944751842
1980-10-29,1.770833,1.78125,1.734375,1.734375,0.046799,1346400,3134374410.0,-0.0364580000000001,-2.0588050934221407
1980-10-30,1.734375,1.755208,1.734375,1.734375,0.046799,1101600,3069843750.0,0.0,0.0
1980-10-31,1.734375,1.78125,1.723958,1.776042,0.047924,2131200,3069843750.0,0.0416669999999999,2.402421621621616
1980-11-03,1.786458,1.84375,1.786458,1.838542,0.04961,1742400,3162030660.0,0.0520839999999998,2.915489756826066
1980-11-05,1.885417,2.0,1.885417,1.885417,0.050875,6199200,3337188090.0,0.0,0.0
1980-11-06,1.885417,1.885417,1.822917,1.822917,0.049188,2390400,3337188090.0,-0.0625,-3.31491654100923
1980-11-07,1.822917,1.833333,1.802083,1.828125,0.049329,2671200,3226563090.0,0.0052080000000001014,0.28569594775846086
1980-11-10,1.8125,1.8125,1.78125,1.791667,0.048345,3393600,3208125000.0,-0.0208330000000001,-1.1494068965517297
1980-11-11,1.807292,1.828125,1.807292,1.817708,0.049048,1550400,3198906840.0,0.010416000000000203,0.5763318821751108
1980-11-12,1.817708,1.864583,1.8125,1.848958,0.049891,4562400,3217343160.0,0.03125,1.719198023004795
1980-11-13,1.848958,1.90625,1.838542,1.895833,0.051156,3460800,3272655660.0,0.046875,2.5352117246578882
1980-11-14,1.895833,1.9375,1.890625,1.921875,0.051859,3261600,3355624410.0,0.0260419999999999,1.3736441975638094
1980-11-17,1.90625,1.90625,1.864583,1.90625,0.051437,2872800,3374062500.0,0.0,0.0
1980-11-18,1.90625,1.932292,1.833333,1.916667,0.051718,2709600,3374062500.0,0.010416999999999899,0.5464655737704864
1980-11-19,1.916667,1.921875,1.864583,1.864583,0.050313,1905600,3392500590.0,-0.0520839999999998,-2.717425614360752
1980-11-20,1.864583,1.911458,1.848958,1.880208,0.050734,2611200,3300311910.0,0.015625,0.8379889766237276
1980-11-21,1.875,1.875,1.828125,1.833333,0.049469,2092800,3318750000.0,-0.0416669999999999,-2.2222399999999944
1980-11-24,1.828125,1.828125,1.796875,1.807292,0.048767,3508800,3235781250.0,-0.0208330000000001,-1.1395829059829115
1980-11-25,1.802083,1.802083,1.739583,1.75,0.047221,15424800,3189686910.0,-0.0520830000000001,-2.8901554478900304
1980-11-26,1.75,1.755208,1.697917,1.723958,0.046518,14407200,3097500000.0,-0.0260419999999999,-1.48811428571428
1980-11-28,1.723958,1.734375,1.708333,1.708333,0.046097,2805600,3051405660.0,-0.015625,-0.9063445861210075
1980-12-01,1.708333,1.713542,1.677083,1.682292,0.045394,5616000,3023749410.0,-0.026041000000000203,-1.5243515169466493
1980-12-02,1.682292,1.713542,1.677083,1.713542,0.046237,2988000,2977656840.0,0.03125,1.857584771252553
1980-12-03,1.713542,1.723958,1.703125,1.723958,0.046518,5532000,3032969340.0,0.010416000000000203,0.6078637115402017
1980-12-04,1.723958,1.765625,1.713542,1.760417,0.047502,4197600,3051405660.0,0.0364589999999998,2.1148427049846803
1980-12-05,1.760417,1.796875,1.739583,1.765625,0.047642,5455200,3115938090.0,0.0052080000000001014,0.2958389972375921
1980-12-08,1.760417,1.760417,1.729167,1.75,0.047221,2894400,3115938090.0,-0.010416999999999899,-0.5917347991981389
1980-12-09,1.75,1.75,1.734375,1.744792,0.047533,4377600,3097500000.0,-0.0052080000000001014,-0.2976000000000058
1980-12-10,1.744792,1.744792,1.697917,1.703125,0.046398,6528000,3088281840.0,-0.0416669999999999,-2.3880783497402502
1980-12-11,1.703125,1.713542,1.651042,1.671875,0.045547,7617600,3014531250.0,-0.03125,-1.834862385321101
1980-12-12,1.671875,1.677083,1.666667,1.666667,0.045405,4178400,2959218750.0,-0.0052080000000001014,-0.3115065420560808
1980-12-15,1.666667,1.692708,1.661458,1.661458,0.045263,2450400,2950000590.0,-0.005208999999999797,-0.3125399374920004
1980-12-16,1.661458,1.671875,1.635417,1.671875,0.045547,4742400,2940780660.0,0.010416999999999899,0.6269794361337993
1980-12-17,1.671875,1.677083,1.65625,1.671875,0.045547,4802400,2959218750.0,0.0,0.0
1980-12-18,1.671875,1.697917,1.65625,1.666667,0.045405,5721600,2959218750.0,-0.0052080000000001014,-0.3115065420560808
1980-12-19,1.666667,1.682292,1.65625,1.666667,0.045405,4514400,2950000590.0,0.0,0.0
1980-12-22,1.713542,1.807292,1.713542,1.791667,0.04881,5244000,3032969340.0,0.078125,4.559269629807732
1980-12-23,1.8125,1.84375,1.8125,1.8125,0.049378,4975200,3208125000.0,0.0,0.0
1980-12-24,1.8125,1.828125,1.786458,1.802083,0.049094,1022400,3208125000.0,-0.010416999999999899,-0.5747310344827531
1980-12-26,1.802083,1.8125,1.770833,1.770833,0.048242,604800,3189686910.0,-0.03125,-1.7341043670019638
1980-12-29,1.770833,1.786458,1.770833,1.776042,0.048384,1060800,3134374410.0,0.005208999999999797,0.29415534948805433
1980-12-30,1.776042,1.807292,1.776042,1.802083,0.049094,1987200,3143594340.0,0.026041000000000203,1.4662378479788318
1980-12-31,1.802083,1.8125,1.786458,1.802083,0.049094,936000,3189686910.0,0.0,0.0
1981-01-02,1.807292,1.84375,1.807292,1.84375,0.050229,2076000,3198906840.0,0.0364580000000001,2.017272250416651
1981-01-05,1.854167,1.921875,1.854167,1.921875,0.052357,4000800,3281875590.0,0.0677080000000001,3.6516667592509253
1981-01-06,1.921875,1.96875,1.921875,1.96875,0.053634,8467200,3401718750.0,0.046875,2.4390243902439024
1981-01-07,1.958333,1.958333,1.901042,1.9375,0.052783,11868000,3466249410.0,-0.0208330000000001,-1.0638129470319961
1981-01-08,1.9375,1.979167,1.916667,1.953125,0.053209,10555200,3429375000.0,0.015625,0.8064516129032258
1981-01-09,1.953125,1.953125,1.921875,1.932292,0.052641,3249600,3457031250.0,-0.0208330000000001,-1.0666496000000052
1981-01-12,1.932292,1.958333,1.932292,1.942708,0.052925,2198400,3420156840.0,0.010416000000000203,0.5390489636142055
1981-01-13,1.942708,1.947917,1.916667,1.942708,0.052925,1860000,3438593160.0,0.0,0.0
1981-01-14,1.942708,1.96875,1.9375,1.947917,0.053067,3098400,3438593160.0,0.005208999999999797,0.2681308771055556
1981-01-15,1.953125,1.989583,1.953125,1.989583,0.054202,2659200,3457031250.0,0.0364580000000001,1.8666496000000052
1981-01-16,1.989583,1.994792,1.963542,1.96875,0.053634,2848800,3521561910.0,-0.0208330000000001,-1.0471038403524808
1981-01-19,1.96875,1.979167,1.947917,1.96875,0.053634,4718400,3484687500.0,0.0,0.0
1981-01-20,1.96875,1.979167,1.942708,1.947917,0.053067,1675200,3484687500.0,-0.0208330000000001,-1.0581841269841321
1981-01-21,1.947917,1.947917,1.880208,1.90625,0.051932,2815200,3447813090.0,-0.0416669999999999,-2.1390541794131837
1981-01-22,1.895833,1.895833,1.822917,1.833333,0.049945,4120800,3355624410.0,-0.0625,-3.296703876343539
1981-01-23,1.833333,1.838542,1.796875,1.817708,0.049519,3283200,3244999410.0,-0.015625,-0.8522728822314332
1981-01-26,1.817708,1.817708,1.776042,1.807292,0.049236,1802400,3217343160.0,-0.010416000000000203,-0.5730293314437853
1981-01-27,1.807292,1.833333,1.807292,1.822917,0.049661,2834400,3198906840.0,0.015625,0.8645531546645479
1981-01-28,1.822917,1.838542,1.791667,1.796875,0.048952,1502400,3226563090.0,-0.0260419999999999,-1.428589453057923
1981-01-29,1.796875,1.8125,1.760417,1.8125,0.049378,2875200,3180468750.0,0.015625,0.8695652173913043
1981-01-30,1.817708,1.838542,1.817708,1.822917,0.049661,2323200,3217343160.0,0.005208999999999797,0.2865696800586121
1981-02-02,1.822917,1.822917,1.776042,1.791667,0.04881,2596800,3226563090.0,-0.03125,-1.714285400816384
1981-02-03,1.791667,1.822917,1.776042,1.822917,0.049661,3441600,3171250590.0,0.03125,1.7441857220119588
1981-02-04,1.822917,1.848958,1.8125,1.848958,0.050371,2884800,3226563090.0,0.026041000000000203,1.4285345959251137
1981-02-05,1.848958,1.859375,1.828125,1.838542,0.050087,2712000,3272655660.0,-0.010416000000000203,-0.563344326912791
1981-02-06,1.838542,1.848958,1.8125,1.828125,0.049803,2625600,3254219340.0,-0.010416999999999899,-0.5665902655473685
1981-02-09,1.828125,1.84375,1.817708,1.833333,0.049945,1483200,3235781250.0,0.0052080000000001014,0.28488205128205685
1981-02-10,1.828125,1.828125,1.807292,1.822917,0.049661,1780800,3235781250.0,-0.0052080000000001014,-0.28488205128205685
1981-02-11,1.822917,1.822917,1.796875,1.802083,0.049094,1176000,3226563090.0,-0.020833999999999797,-1.1428935052994622
1981-02-12,1.802083,1.817708,1.78125,1.791667,0.04881,936000,3189686910.0,-0.010416000000000203,-0.5779977947741698
1981-02-13,1.78125,1.78125,1.75,1.760417,0.047959,2935200,3152812500.0,-0.0208330000000001,-1.169571929824567
1981-02-17,1.760417,1.776042,1.75,1.765625,0.048101,1838400,3115938090.0,0.0052080000000001014,0.2958389972375921
1981-02-18,1.765625,1.78125,1.760417,1.770833,0.048242,1932000,3125156250.0,0.0052080000000001014,0.2949663716814217
1981-02-19,1.770833,1.776042,1.75,1.760417,0.047959,1140000,3134374410.0,-0.010416000000000203,-0.5881977577784129
1981-02-20,1.760417,1.78125,1.755208,1.770833,0.048242,1394400,3115938090.0,0.010416000000000203,0.5916779944751842
1981-02-23,1.770833,1.822917,1.770833,1.817708,0.049519,2251200,3134374410.0,0.046875,2.6470593217994014
1981-02-24,1.817708,1.848958,1.817708,1.822917,0.049661,2320800,3217343160.0,0.005208999999999797,0.2865696800586121
1981-02-25,1.828125,1.895833,1.828125,1.895833,0.051648,2892000,3235781250.0,0.0677080000000001,3.7036854700854756
1981-02-26,1.901042,1.958333,1.901042,1.958333,0.05335,7015200,3364844340.0,0.0572910000000002,3.0136630332207393
1981-02-27,1.958333,2.010417,1.942708,2.0,0.054486,6391200,3466249410.0,0.0416669999999999,2.1276769579024557
1981-03-02,2.0,2.052083,1.973958,2.036458,0.055479,9856800,3540000000.0,0.0364580000000001,1.822900000000005
1981-03-03,2.036458,2.041667,1.984375,1.984375,0.054619,4699200,3604530660.0,-0.0520830000000001,-2.5575288073704487
1981-03-04,1.984375,2.0,1.979167,1.989583,0.054762,2181600,3512343750.0,0.0052080000000001014,0.2624503937007925
1981-03-05,1.989583,2.0,1.958333,1.963542,0.054045,3057600,3521561910.0,-0.026041000000000203,-1.3088672349934736
1981-03-06,1.958333,1.958333,1.927083,1.927083,0.053042,1293600,3466249410.0,-0.03125,-1.5957449524672258
1981-03-09,1.9375,1.96875,1.9375,1.963542,0.054045,1051200,3429375000.0,0.0260419999999999,1.3441032258064465
1981-03-10,1.963542,1.973958,1.958333,1.958333,0.053902,1840800,3475469340.0,-0.005208999999999797,-0.2652858966092804
1981-03-11,1.958333,1.979167,1.947917,1.979167,0.054475,3547200,3466249410.0,0.020833999999999797,1.0638640108704596
1981-03-12,1.979167,2.010417,1.963542,2.010417,0.055336,2680800,3503125590.0,0.03125,1.5789471024931196
1981-03-13,2.010417,2.03125,1.989583,2.010417,0.055336,5992800,3558438090.0,0.0,0.0
1981-03-16,2.020833,2.083333,2.020833,2.083333,0.057342,2685600,3576874410.0,0.0625,3.09278401530458
1981-03-17,2.083333,2.098958,2.072917,2.078125,0.057199,4783200,3687499410.0,-0.0052080000000001014,-0.24998403999745125
1981-03-18,2.078125,2.166667,2.072917,2.125,0.058489,8049600,3678281250.0,0.046875,2.2556390977443606
1981-03-19,2.125,2.161458,2.104167,2.109375,0.058059,3340800,3761250000.0,-0.015625,-0.7352941176470588
1981-03-20,2.109375,2.140625,2.072917,2.125,0.058489,3703200,3733593750.0,0.015625,0.7407407407407408
1981-03-23,2.125,2.135417,2.119792,2.125,0.058489,4077600,3761250000.0,0.0,0.0
1981-03-24,2.125,2.151042,2.125,2.135417,0.058776,2512800,3761250000.0,0.010416999999999899,0.4902117647058776
1981-03-25,2.135417,2.177083,2.130208,2.177083,0.059923,3468000,3779688090.0,0.0416660000000002,1.9511879881072507
1981-03-26,2.177083,2.21875,2.177083,2.177083,0.059923,7533600,3853436910.0,0.0,0.0
1981-03-27,2.177083,2.1875,2.135417,2.135417,0.058776,1557600,3853436910.0,-0.0416660000000002,-1.913845269105505
1981-03-30,2.135417,2.145833,2.125,2.130208,0.058633,1910400,3779688090.0,-0.005208999999999797,-0.2439336204591327
1981-03-31,2.130208,2.15625,2.119792,2.130208,0.058633,2476800,3770468160.0,0.0,0.0
1981-04-01,2.119792,2.119792,2.083333,2.098958,0.057773,1600800,3752031840.0,-0.020833999999999797,-0.9828322778838583
1981-04-02,2.098958,2.135417,2.09375,2.135417,0.058776,2664000,3715155660.0,0.0364589999999998,1.7370047423531008
1981-04-03,2.135417,2.161458,2.098958,2.114583,0.058203,3033600,3779688090.0,-0.020833999999999797,-0.9756408233145938
1981-04-06,2.104167,2.104167,2.067708,2.072917,0.057056,1960800,3724375590.0,-0.03125,-1.4851482795804707
1981-04-07,2.072917,2.083333,2.057292,2.0625,0.056769,1749600,3669063090.0,-0.010416999999999899,-0.5025285624074625
1981-04-08,2.067708,2.083333,2.067708,2.083333,0.057342,2404800,3659843160.0,0.015625,0.7556676281177033
1981-04-09,2.083333,2.088542,2.0625,2.072917,0.057056,2719200,3687499410.0,-0.010416000000000203,-0.4999680799949025
1981-04-10,2.072917,2.125,2.067708,2.125,0.058489,2697600,3669063090.0,0.0520830000000001,2.512546329640796
1981-04-13,2.125,2.166667,2.109375,2.145833,0.059063,1929600,3761250000.0,0.0208330000000001,0.9803764705882401
1981-04-14,2.145833,2.145833,2.130208,2.140625,0.058919,1941600,3798124410.0,-0.0052080000000001014,-0.24270295032279313
1981-04-15,2.140625,2.161458,2.135417,2.161458,0.059493,2589600,3788906250.0,0.0208330000000001,0.9732204379562092
1981-04-16,2.161458,2.182292,2.161458,2.166667,0.059636,2354400,3825780660.0,0.005208999999999797,0.24099473596062457
1981-04-20,2.166667,2.1875,2.15625,2.1875,0.06021,2947200,3835000590.0,0.0208330000000001,0.9615229289964772
1981-04-21,2.1875,2.192708,2.166667,2.166667,0.059636,1665600,3871875000.0,-0.0208330000000001,-0.9523657142857189
1981-04-22,2.166667,2.229167,2.15625,2.203125,0.06064,3566400,3835000590.0,0.0364580000000001,1.6826766642035949
1981-04-23,2.208333,2.25,2.208333,2.213542,0.060926,2680800,3908749410.0,0.005208999999999797,0.2358792808874294
1981-04-24,2.213542,2.234375,2.197917,2.223958,0.061213,2205600,3917969340.0,0.010416000000000203,0.4705580467865621
1981-04-27,2.229167,2.244792,2.229167,2.239583,0.061643,2066400,3945625590.0,0.010416000000000203,0.4672597432135055
1981-04-28,2.239583,2.244792,2.177083,2.177083,0.059923,1874400,3964061910.0,-0.0625,-2.7906980897783202
1981-04-29,2.177083,2.182292,2.114583,2.145833,0.059063,3484800,3853436910.0,-0.03125,-1.435406918339815
1981-04-30,2.145833,2.161458,2.114583,2.114583,0.058203,2757600,3798124410.0,-0.03125,-1.4563109058347037
1981-05-01,2.114583,2.140625,2.09375,2.114583,0.058203,2385600,3742811910.0,0.0,0.0
1981-05-04,2.088542,2.088542,2.0625,2.088542,0.057486,3885600,3696719340.0,0.0,0.0
1981-05-05,2.088542,2.088542,2.067708,2.088542,0.057486,1665600,3696719340.0,0.0,0.0
1981-05-06,2.088542,2.109375,2.0625,2.0625,0.056769,1953600,3696719340.0,-0.0260419999999999,-1.2468985541109492
1981-05-07,2.0625,2.078125,2.026042,2.057292,0.056626,3484800,3650625000.0,-0.0052080000000001014,-0.2525090909090958
1981-05-08,2.057292,2.0625,2.026042,2.0625,0.056769,2443200,3641406840.0,0.0052080000000001014,0.2531483134139491
1981-05-11,2.0625,2.078125,2.052083,2.0625,0.056769,2642400,3650625000.0,0.0,0.0
1981-05-12,2.0625,2.114583,2.057292,2.114583,0.058203,3919200,3650625000.0,0.0520830000000001,2.5252363636363686
1981-05-13,2.114583,2.119792,2.09375,2.119792,0.058346,1264800,3742811910.0,0.005208999999999797,0.24633698464424414
1981-05-14,2.119792,2.130208,2.114583,2.114583,0.058203,1375200,3752031840.0,-0.005208999999999797,-0.2457316566908356
1981-05-15,2.119792,2.140625,2.119792,2.140625,0.058919,2124000,3752031840.0,0.0208330000000001,0.9827851034441164
1981-05-18,2.140625,2.166667,2.140625,2.145833,0.059063,2008800,3788906250.0,0.0052080000000001014,0.24329343065693904
1981-05-19,2.145833,2.197917,2.135417,2.197917,0.060496,3163200,3798124410.0,0.0520839999999998,2.427215911023821
1981-05-20,2.197917,2.21875,2.166667,2.1875,0.06021,3376800,3890313090.0,-0.010416999999999899,-0.4739487432873898
1981-05-21,2.1875,2.192708,2.15625,2.166667,0.059636,2294400,3871875000.0,-0.0208330000000001,-0.9523657142857189
1981-05-22,2.166667,2.171875,2.145833,2.151042,0.059206,2205600,3835000590.0,-0.015625,-0.7211537352071177
1981-05-26,2.151042,2.171875,2.151042,2.161458,0.059493,1351200,3807344340.0,0.010416000000000203,0.48423043343645567
1981-05-27,2.161458,2.177083,2.151042,2.15625,0.059349,1620000,3825780660.0,-0.0052080000000001014,-0.24094847089326282
1981-05-28,2.15625,2.171875,2.151042,2.166667,0.059636,1660800,3816562500.0,0.010416999999999899,0.48310724637680685
1981-05-29,2.166667,2.177083,2.161458,2.166667,0.059636,1478400,3835000590.0,0.0,0.0
1981-06-01,2.171875,2.208333,2.171875,2.171875,0.05978,2493600,3844218750.0,0.0,0.0
1981-06-02,2.171875,2.182292,2.15625,2.161458,0.059493,1012800,3844218750.0,-0.010416999999999899,-0.47963165467625435
1981-06-03,2.151042,2.151042,2.114583,2.145833,0.059063,2779200,3807344340.0,-0.005208999999999797,-0.24216170581512578
1981-06-04,2.145833,2.161458,2.125,2.151042,0.059206,3112800,3798124410.0,0.005208999999999797,0.24274955227176565
1981-06-05,2.151042,2.15625,2.140625,2.15625,0.059349,1742400,3807344340.0,0.0052080000000001014,0.24211521671822783
1981-06-08,2.151042,2.151042,2.135417,2.145833,0.059063,3362400,3807344340.0,-0.005208999999999797,-0.24216170581512578
1981-06-09,2.140625,2.140625,2.104167,2.114583,0.058773,3021600,3788906250.0,-0.0260419999999999,-1.2165605839416012
1981-06-10,2.114583,2.119792,2.083333,2.083333,0.057905,4418400,3742811910.0,-0.03125,-1.4778327452741273
1981-06-11,2.083333,2.104167,2.0625,2.104167,0.058484,4548000,3687499410.0,0.020833999999999797,1.0000321600051358
1981-06-12,2.104167,2.119792,2.083333,2.109375,0.058628,4255200,3724375590.0,0.0052080000000001014,0.24750887168176774
1981-06-15,2.125,2.171875,2.125,2.161458,0.060076,5181600,3761250000.0,0.0364580000000001,1.715670588235299
1981-06-16,2.161458,2.21875,2.161458,2.177083,0.06051,3696000,3825780660.0,0.015625,0.7228916777471502
1981-06-17,2.177083,2.208333,2.166667,2.208333,0.061379,5354400,3853436910.0,0.03125,1.435406918339815
1981-06-18,2.208333,2.21875,2.15625,2.15625,0.059931,2992800,3908749410.0,-0.0520830000000001,-2.358475827694469
1981-06-19,2.15625,2.161458,2.135417,2.15625,0.059931,2944800,3816562500.0,0.0,0.0
1981-06-22,2.161458,2.171875,2.161458,2.161458,0.060076,1490400,3825780660.0,0.0,0.0
1981-06-23,2.161458,2.21875,2.15625,2.1875,0.0608,3285600,3825780660.0,0.0260419999999999,1.2048348846010377
1981-06-24,2.1875,2.1875,2.135417,2.15625,0.059931,1778400,3871875000.0,-0.03125,-1.4285714285714286
1981-06-25,2.15625,2.161458,2.114583,2.125,0.059063,1860000,3816562500.0,-0.03125,-1.4492753623188406
1981-06-26,2.125,2.130208,2.109375,2.119792,0.058918,1183200,3761250000.0,-0.0052080000000001014,-0.24508235294118125
1981-06-29,2.119792,2.125,2.088542,2.104167,0.058484,4435200,3752031840.0,-0.015625,-0.7371006211930227
1981-06-30,2.098958,2.098958,2.052083,2.072917,0.057615,2673600,3715155660.0,-0.026041000000000203,-1.240663224323698
1981-07-01,2.072917,2.072917,2.005208,2.015625,0.056023,6170400,3669063090.0,-0.0572919999999999,-2.7638347314436564
1981-07-02,2.015625,2.036458,2.005208,2.020833,0.056168,2359200,3567656250.0,0.0052080000000001014,0.25838139534884225
1981-07-06,2.020833,2.03125,2.0,2.015625,0.056023,2899200,3576874410.0,-0.0052080000000001014,-0.257715506427305
1981-07-07,2.015625,2.0625,2.015625,2.052083,0.057036,2304000,3567656250.0,0.0364580000000001,1.808768992248067
1981-07-08,2.041667,2.041667,2.020833,2.03125,0.056457,1509600,3613750590.0,-0.010416999999999899,-0.5102203248619829
1981-07-09,2.03125,2.057292,2.015625,2.052083,0.057036,1910400,3595312500.0,0.0208330000000001,1.0256246153846202
1981-07-10,2.052083,2.067708,2.041667,2.067708,0.05747,3004800,3632186910.0,0.015625,0.7614214434796253
1981-07-13,2.067708,2.072917,2.03125,2.03125,0.056457,2589600,3659843160.0,-0.0364580000000001,-1.7632083446985791
1981-07-14,2.03125,2.036458,1.984375,1.994792,0.055444,1804800,3595312500.0,-0.0364580000000001,-1.7948553846153896
1981-07-15,1.994792,2.020833,1.989583,2.0,0.055588,4238400,3530781840.0,0.0052080000000001014,0.2610798519344424
1981-07-16,1.994792,1.994792,1.96875,1.984375,0.055154,2236800,3530781840.0,-0.010416999999999899,-0.5222098344087955
1981-07-17,1.984375,2.005208,1.984375,1.984375,0.055154,2037600,3512343750.0,0.0,0.0
1981-07-20,1.984375,1.984375,1.958333,1.979167,0.055009,1852800,3512343750.0,-0.0052080000000001014,-0.2624503937007925
1981-07-21,1.973958,1.973958,1.942708,1.958333,0.05443,1380000,3493905660.0,-0.015625,-0.7915568618987839
1981-07-22,1.958333,1.979167,1.953125,1.953125,0.054286,1300800,3466249410.0,-0.0052080000000001014,-0.2659404707983832
1981-07-23,1.953125,1.984375,1.953125,1.979167,0.055009,1761600,3457031250.0,0.0260419999999999,1.3333503999999947
1981-07-24,1.979167,2.015625,1.979167,2.010417,0.055878,2496000,3503125590.0,0.03125,1.5789471024931196
1981-07-27,2.010417,2.03125,2.010417,2.015625,0.056023,1996800,3558438090.0,0.0052080000000001014,0.2590507342506605
1981-07-28,2.015625,2.015625,1.96875,1.96875,0.05472,2407200,3567656250.0,-0.046875,-2.3255813953488373
1981-07-29,1.96875,1.984375,1.96875,1.979167,0.055009,3069600,3484687500.0,0.010416999999999899,0.5291174603174552
1981-07-30,1.989583,2.026042,1.989583,2.026042,0.056312,1528800,3521561910.0,0.0364589999999998,1.8324945478524794
1981-07-31,2.052083,2.083333,2.052083,2.072917,0.057615,2349600,3632186910.0,0.020833999999999797,1.015261078621079
1981-08-03,2.072917,2.078125,2.036458,2.072917,0.057615,1610400,3669063090.0,0.0,0.0
1981-08-04,2.0625,2.0625,2.041667,2.057292,0.057181,2071200,3650625000.0,-0.0052080000000001014,-0.2525090909090958
1981-08-05,2.057292,2.072917,2.052083,2.067708,0.05747,1869600,3641406840.0,0.010416000000000203,0.5062966268278982
1981-08-06,2.072917,2.09375,2.072917,2.078125,0.05776,2217600,3669063090.0,0.0052080000000001014,0.2512401606046022
1981-08-07,2.072917,2.072917,2.03125,2.041667,0.056747,2280000,3669063090.0,-0.03125,-1.5075374460241293
1981-08-10,2.041667,2.072917,2.026042,2.067708,0.05747,1159200,3613750590.0,0.026041000000000203,1.2754773427792192
1981-08-11,2.067708,2.098958,2.067708,2.088542,0.058049,1437600,3659843160.0,0.020833999999999797,1.007589079309061
1981-08-12,2.088542,2.119792,2.088542,2.088542,0.058049,2438400,3696719340.0,0.0,0.0
1981-08-13,2.088542,2.09375,2.0625,2.0625,0.057326,1375200,3696719340.0,-0.0260419999999999,-1.2468985541109492
1981-08-14,2.0625,2.072917,2.052083,2.072917,0.057615,2479200,3650625000.0,0.010416999999999899,0.5050666666666618
1981-08-17,2.072917,2.09375,2.0625,2.0625,0.057326,1212000,3669063090.0,-0.010416999999999899,-0.5025285624074625
1981-08-18,2.0625,2.0625,1.994792,2.0,0.055588,2222400,3650625000.0,-0.0625,-3.0303030303030303
1981-08-19,1.989583,1.989583,1.973958,1.979167,0.055009,2896800,3521561910.0,-0.010416000000000203,-0.5235267892819854
1981-08-20,1.984375,2.005208,1.984375,2.0,0.055588,2433600,3512343750.0,0.015625,0.7874015748031495
1981-08-21,1.989583,1.989583,1.958333,1.96875,0.05472,4257600,3521561910.0,-0.0208330000000001,-1.0471038403524808
1981-08-24,1.96875,1.96875,1.911458,1.911458,0.053127,2659200,3484687500.0,-0.0572919999999999,-2.9100698412698365
1981-08-25,1.911458,1.911458,1.880208,1.911458,0.053127,8520000,3383280660.0,0.0,0.0
1981-08-26,1.911458,1.9375,1.895833,1.9375,0.053851,1884000,3383280660.0,0.0260419999999999,1.362415496443024
1981-08-27,1.932292,1.932292,1.911458,1.916667,0.053272,696000,3420156840.0,-0.015625,-0.8086251974339282
1981-08-28,1.916667,1.942708,1.911458,1.9375,0.053851,1476000,3392500590.0,0.0208330000000001,1.0869389414019286
1981-08-31,1.9375,1.947917,1.895833,1.90625,0.052983,1788000,3429375000.0,-0.03125,-1.6129032258064515
1981-09-01,1.90625,1.916667,1.895833,1.895833,0.052693,2517600,3374062500.0,-0.010416999999999899,-0.5464655737704864
1981-09-02,1.901042,1.9375,1.901042,1.921875,0.053417,2160000,3364844340.0,0.0208330000000001,1.0958726845593154
1981-09-03,1.921875,1.947917,1.911458,1.916667,0.053272,2227200,3401718750.0,-0.0052080000000001014,-0.27098536585366384
1981-09-04,1.916667,1.9375,1.895833,1.932292,0.053707,3775200,3392500590.0,0.015625,0.8152172495274348
1981-09-08,1.927083,1.927083,1.901042,1.916667,0.053272,2678400,3410936910.0,-0.010416000000000203,-0.540506039438893
1981-09-09,1.890625,1.890625,1.833333,1.875,0.052687,5908800,3346406250.0,-0.015625,-0.8264462809917356
1981-09-10,1.875,1.90625,1.875,1.890625,0.053126,3139200,3318750000.0,0.015625,0.8333333333333334
1981-09-11,1.890625,1.927083,1.880208,1.916667,0.053858,1946400,3346406250.0,0.0260419999999999,1.3774280991735484
1981-09-14,1.916667,1.942708,1.895833,1.90625,0.053565,4027200,3392500590.0,-0.010416999999999899,-0.5434955576529412
1981-09-15,1.90625,1.932292,1.895833,1.911458,0.053711,3969600,3374062500.0,0.0052080000000001014,0.2732065573770545
1981-09-16,1.911458,1.916667,1.895833,1.90625,0.053565,1732800,3383280660.0,-0.0052080000000001014,-0.27246217285444413
1981-09-17,1.90625,1.911458,1.890625,1.890625,0.053126,3105600,3374062500.0,-0.015625,-0.819672131147541
1981-09-18,1.890625,1.901042,1.869792,1.880208,0.052833,4072800,3346406250.0,-0.010416999999999899,-0.5509818181818128
1981-09-21,1.880208,1.90625,1.869792,1.90625,0.053565,2503200,3327968160.0,0.0260419999999999,1.3850595253291071
1981-09-22,1.916667,1.942708,1.916667,1.916667,0.053858,2361600,3392500590.0,0.0,0.0
1981-09-23,1.916667,1.927083,1.875,1.875,0.052687,3184800,3392500590.0,-0.0416669999999999,-2.173930056707811
1981-09-24,1.875,1.895833,1.875,1.880208,0.052833,2779200,3318750000.0,0.0052080000000001014,0.2777600000000054
1981-09-25,1.880208,1.90625,1.864583,1.885417,0.05298,2553600,3327968160.0,0.005208999999999797,0.2770438164288098
1981-09-28,1.885417,1.973958,1.875,1.973958,0.055468,2817600,3337188090.0,0.0885410000000002,4.696096407319983
1981-09-29,1.973958,2.020833,1.958333,1.989583,0.055907,3607200,3493905660.0,0.015625,0.7915568618987839
1981-09-30,1.989583,1.989583,1.958333,1.963542,0.055175,2460000,3521561910.0,-0.026041000000000203,-1.3088672349934736
1981-10-01,1.963542,2.036458,1.947917,2.026042,0.056931,2803200,3475469340.0,0.0625,3.1830233323249515
1981-10-02,2.026042,2.03125,1.984375,2.020833,0.056785,5462400,3586094340.0,-0.005208999999999797,-0.2571022713250662
1981-10-05,2.026042,2.0625,2.026042,2.03125,0.057077,2100000,3586094340.0,0.0052080000000001014,0.25705291400672353
1981-10-06,2.03125,2.057292,2.020833,2.036458,0.057224,1749600,3595312500.0,0.0052080000000001014,0.25639384615385113
1981-10-07,2.046875,2.072917,2.046875,2.067708,0.058102,2371200,3622968750.0,0.0208330000000001,1.0177954198473333
1981-10-08,2.067708,2.130208,2.041667,2.130208,0.059858,2896800,3659843160.0,0.0625,3.022670512470813
1981-10-09,2.130208,2.135417,2.078125,2.078125,0.058395,2560800,3770468160.0,-0.0520830000000001,-2.4449725097267545
1981-10-12,2.078125,2.098958,2.067708,2.078125,0.058395,1051200,3678281250.0,0.0,0.0
1981-10-13,2.078125,2.109375,2.078125,2.088542,0.058687,1228800,3678281250.0,0.010416999999999899,0.501269172932326
1981-10-14,2.083333,2.083333,2.046875,2.078125,0.058395,2589600,3687499410.0,-0.0052080000000001014,-0.24998403999745125
1981-10-15,2.078125,2.130208,2.067708,2.119792,0.059565,4173600,3678281250.0,0.0416669999999999,2.0050285714285665
1981-10-16,2.119792,2.145833,2.109375,2.145833,0.060297,1795200,3752031840.0,0.026041000000000203,1.22846958569521
1981-10-19,2.145833,2.145833,2.104167,2.130208,0.059858,3388800,3798124410.0,-0.015625,-0.7281554529173518
1981-10-20,2.130208,2.166667,2.125,2.166667,0.060883,2913600,3770468160.0,0.0364589999999998,1.7115230062040794
1981-10-21,2.166667,2.208333,2.15625,2.15625,0.06059,3328800,3835000590.0,-0.010416999999999899,-0.48078454141775817
1981-10-22,2.15625,2.15625,2.119792,2.125,0.059712,2788800,3816562500.0,-0.03125,-1.4492753623188406
1981-10-23,2.125,2.125,2.083333,2.088542,0.058687,2805600,3761250000.0,-0.0364580000000001,-1.715670588235299
1981-10-26,2.088542,2.09375,2.057292,2.083333,0.058541,3950400,3696719340.0,-0.005208999999999797,-0.24940843899714715
1981-10-27,2.083333,2.119792,2.078125,2.119792,0.059565,2808000,3687499410.0,0.0364589999999998,1.750032280005155
1981-10-28,2.119792,2.161458,2.114583,2.145833,0.060297,1963200,3752031840.0,0.026041000000000203,1.22846958569521
1981-10-29,2.145833,2.151042,2.125,2.135417,0.060004,1632000,3798124410.0,-0.010416000000000203,-0.48540590064558625
1981-10-30,2.135417,2.166667,2.125,2.166667,0.060883,2464800,3779688090.0,0.03125,1.4634144057109222
1981-11-02,2.171875,2.21875,2.171875,2.21875,0.062346,6369600,3844218750.0,0.046875,2.158273381294964
1981-11-03,2.21875,2.223958,2.203125,2.213542,0.0622,4192800,3927187500.0,-0.0052080000000001014,-0.23472676056338487
1981-11-04,2.223958,2.260417,2.223958,2.244792,0.063078,4322400,3936405660.0,0.020833999999999797,0.9367982668737358
1981-11-05,2.244792,2.28125,2.234375,2.234375,0.062785,4003200,3973281840.0,-0.010416999999999899,-0.46405190324982887
1981-11-06,2.223958,2.223958,2.192708,2.197917,0.061761,1483200,3936405660.0,-0.026041000000000203,-1.1709303862752893
1981-11-09,2.197917,2.229167,2.1875,2.229167,0.062639,1658400,3890313090.0,0.03125,1.4218007322387516
1981-11-10,2.229167,2.286458,2.229167,2.239583,0.062931,5155200,3945625590.0,0.010416000000000203,0.4672597432135055
1981-11-11,2.239583,2.286458,2.21875,2.286458,0.064249,1852800,3964061910.0,0.046875,2.09302356733374
1981-11-12,2.286458,2.296875,2.25,2.25,0.063224,5829600,4047030660.0,-0.0364580000000001,-1.594518683483366
1981-11-13,2.25,2.25,2.177083,2.177083,0.061175,2181600,3982500000.0,-0.0729169999999999,-3.240755555555551
1981-11-16,2.177083,2.182292,2.151042,2.182292,0.061322,1440000,3853436910.0,0.005208999999999797,0.2392651084042178
1981-11-17,2.182292,2.197917,2.166667,2.197917,0.061761,1749600,3862656840.0,0.015625,0.7159903440969403
1981-11-18,2.197917,2.208333,2.1875,2.1875,0.061468,2155200,3890313090.0,-0.010416999999999899,-0.4739487432873898
1981-11-19,2.1875,2.213542,2.1875,2.203125,0.061907,1404000,3871875000.0,0.015625,0.7142857142857143
1981-11-20,2.203125,2.234375,2.1875,2.223958,0.062492,1903200,3899531250.0,0.0208330000000001,0.9456113475177351
1981-11-23,2.223958,2.260417,2.21875,2.25,0.063224,2995200,3936405660.0,0.0260419999999999,1.1709753511532095
1981-11-24,2.25,2.260417,2.244792,2.260417,0.063517,2318400,3982500000.0,0.010416999999999899,0.46297777777777327
1981-11-25,2.260417,2.276042,2.21875,2.229167,0.062639,14236800,4000938090.0,-0.03125,-1.382488275393434
1981-11-27,2.208333,2.208333,2.171875,2.197917,0.061761,2954400,3908749410.0,-0.010416000000000203,-0.4716679957234802
1981-11-30,2.1875,2.1875,2.15625,2.182292,0.061322,3456000,3871875000.0,-0.0052080000000001014,-0.23808000000000462
1981-12-01,2.182292,2.1875,2.151042,2.171875,0.061029,2270400,3862656840.0,-0.010416999999999899,-0.47734217052529626
1981-12-02,2.161458,2.161458,2.109375,2.114583,0.059419,2224800,3825780660.0,-0.046875,-2.168675033241451
1981-12-03,2.114583,2.140625,2.104167,2.119792,0.059565,2503200,3742811910.0,0.005208999999999797,0.24633698464424414
1981-12-04,2.119792,2.1875,2.114583,2.177083,0.061175,3405600,3752031840.0,0.0572910000000002,2.7026708280812555
1981-12-07,2.182292,2.197917,2.182292,2.1875,0.061468,2179200,3862656840.0,0.0052080000000001014,0.23864817357164403
1981-12-08,2.1875,2.192708,2.166667,2.177083,0.061175,5030400,3871875000.0,-0.010416999999999899,-0.4762057142857097
1981-12-09,2.171875,2.171875,2.151042,2.166667,0.061471,3124800,3844218750.0,-0.0052080000000001014,-0.23979280575540032
1981-12-10,2.161458,2.161458,2.145833,2.145833,0.06088,1792800,3825780660.0,-0.015625,-0.7228916777471502
1981-12-11,2.145833,2.151042,2.09375,2.098958,0.05955,1507200,3798124410.0,-0.046875,-2.1844663587520556
1981-12-14,2.088542,2.088542,2.072917,2.072917,0.058811,1999200,3696719340.0,-0.015625,-0.7481295564082504
1981-12-15,2.072917,2.088542,2.057292,2.083333,0.059106,1387200,3669063090.0,0.010416000000000203,0.5024803212092044
1981-12-16,2.083333,2.088542,2.046875,2.046875,0.058072,2409600,3687499410.0,-0.0364580000000001,-1.7499842799974896
1981-12-17,2.046875,2.046875,1.947917,2.005208,0.05689,14786400,3622968750.0,-0.0416669999999999,-2.0356396946564836
1981-12-18,2.005208,2.026042,1.994792,2.0,0.056742,7060800,3549218160.0,-0.0052080000000001014,-0.25972367953848685
1981-12-21,2.0,2.005208,1.958333,1.989583,0.056447,4005600,3540000000.0,-0.010416999999999899,-0.5208499999999949
1981-12-22,2.0,2.015625,2.0,2.005208,0.05689,4593600,3540000000.0,0.0052080000000001014,0.26040000000000507
1981-12-23,2.005208,2.026042,2.0,2.026042,0.057481,1800000,3549218160.0,0.020833999999999797,1.0389944584302375
1981-12-24,2.026042,2.041667,2.015625,2.041667,0.057924,2424000,3586094340.0,0.015625,0.7712080993385132
1981-12-28,2.046875,2.067708,2.046875,2.0625,0.058516,2294400,3622968750.0,0.015625,0.7633587786259541
1981-12-29,2.0625,2.067708,2.057292,2.0625,0.058516,2056800,3650625000.0,0.0,0.0
1981-12-30,2.0625,2.067708,2.052083,2.052083,0.05822,1908000,3650625000.0,-0.010416999999999899,-0.5050666666666618
1981-12-31,2.052083,2.057292,2.03125,2.03125,0.057629,868800,3632186910.0,-0.0208330000000001,-1.0152123476487112
1982-01-04,2.0625,2.09375,2.026042,2.09375,0.059402,2491200,3650625000.0,0.03125,1.5151515151515151
1982-01-05,2.083333,2.09375,2.072917,2.072917,0.058811,1939200,3687499410.0,-0.010416000000000203,-0.4999680799949025
1982-01-06,2.072917,2.083333,2.0625,2.078125,0.058959,3475200,3669063090.0,0.0052080000000001014,0.2512401606046022
1982-01-07,2.057292,2.083333,2.026042,2.036458,0.057777,4728000,3641406840.0,-0.020833999999999797,-1.012690468829889
1982-01-08,2.026042,2.041667,2.005208,2.015625,0.057186,2097600,3586094340.0,-0.010416999999999899,-0.5141551853317897
1982-01-11,1.989583,2.015625,1.958333,1.963542,0.055708,4380000,3521561910.0,-0.026041000000000203,-1.3088672349934736
1982-01-12,1.96875,1.984375,1.953125,1.958333,0.05556,2328000,3484687500.0,-0.010416999999999899,-0.5291174603174552
1982-01-13,1.927083,1.963542,1.890625,1.901042,0.053935,4372800,3410936910.0,-0.026041000000000203,-1.3513169904980846
1982-01-14,1.916667,1.932292,1.895833,1.932292,0.054821,2776800,3392500590.0,0.015625,0.8152172495274348
1982-01-15,1.9375,1.953125,1.921875,1.953125,0.055412,5260800,3429375000.0,0.015625,0.8064516129032258
1982-01-18,1.958333,1.973958,1.9375,1.96875,0.055856,1677600,3466249410.0,0.010416999999999899,0.5319320054352298
1982-01-19,1.958333,1.979167,1.932292,1.932292,0.054821,3220800,3466249410.0,-0.026041000000000203,-1.3297534178303794
1982-01-20,1.921875,1.9375,1.90625,1.916667,0.054378,2980800,3401718750.0,-0.0052080000000001014,-0.27098536585366384
1982-01-21,1.916667,1.9375,1.895833,1.927083,0.054674,3847200,3392500590.0,0.010416000000000203,0.5434433837489874
1982-01-22,1.942708,1.953125,1.927083,1.942708,0.055117,2025600,3438593160.0,0.0,0.0
1982-01-25,1.953125,1.96875,1.932292,1.963542,0.055708,1276800,3457031250.0,0.010416999999999899,0.5333503999999948
1982-01-26,1.96875,1.979167,1.953125,1.973958,0.056003,1276800,3484687500.0,0.0052080000000001014,0.2645333333333385
1982-01-27,2.010417,2.026042,1.989583,2.0,0.056742,1418400,3558438090.0,-0.010416999999999899,-0.5181512094257013
1982-01-28,2.015625,2.026042,2.0,2.026042,0.057481,5827200,3567656250.0,0.010416999999999899,0.5168124031007701
1982-01-29,2.072917,2.098958,2.041667,2.098958,0.05955,5529600,3669063090.0,0.026041000000000203,1.256249044221269
1982-02-01,2.057292,2.078125,2.03125,2.046875,0.058072,3108000,3641406840.0,-0.010416999999999899,-0.5063452344149445
1982-02-02,2.010417,2.036458,1.984375,1.984375,0.056299,3885600,3558438090.0,-0.0260419999999999,-1.295353153102063
1982-02-03,1.958333,1.994792,1.916667,1.921875,0.054526,5268000,3466249410.0,-0.0364580000000001,-1.861685423265609
1982-02-04,1.953125,1.96875,1.932292,1.958333,0.05556,3840000,3457031250.0,0.0052080000000001014,0.2666496000000052
1982-02-05,2.010417,2.052083,1.963542,2.041667,0.057924,2716800,3558438090.0,0.03125,1.5544038873527235
1982-02-08,1.994792,2.03125,1.953125,1.96875,0.055856,11865600,3530781840.0,-0.0260419999999999,-1.3054995207520332
1982-02-09,1.958333,1.96875,1.947917,1.958333,0.05556,3912000,3466249410.0,0.0,0.0
1982-02-10,1.963542,1.96875,1.953125,1.958333,0.05556,2642400,3475469340.0,-0.005208999999999797,-0.2652858966092804
1982-02-11,1.9375,1.958333,1.916667,1.921875,0.054526,4564800,3429375000.0,-0.015625,-0.8064516129032258
1982-02-12,1.927083,1.932292,1.916667,1.927083,0.054674,3132000,3410936910.0,0.0,0.0
1982-02-16,1.921875,1.947917,1.895833,1.947917,0.055265,2601600,3401718750.0,0.0260419999999999,1.3550308943089378
1982-02-17,1.963542,1.979167,1.947917,1.963542,0.055708,3364800,3475469340.0,0.0,0.0
1982-02-18,1.973958,1.994792,1.953125,1.953125,0.055412,2359200,3493905660.0,-0.0208330000000001,-1.0553922626519967
1982-02-19,1.942708,1.958333,1.921875,1.932292,0.054821,4303200,3438593160.0,-0.010416000000000203,-0.5361588051318161
1982-02-22,1.947917,1.973958,1.921875,1.932292,0.054821,4624800,3447813090.0,-0.015625,-0.8021389001687443
1982-02-23,1.911458,1.921875,1.895833,1.90625,0.054082,4776000,3383280660.0,-0.0052080000000001014,-0.27246217285444413
1982-02-24,1.916667,1.927083,1.90625,1.927083,0.054674,4610400,3392500590.0,0.010416000000000203,0.5434433837489874
1982-02-25,1.911458,1.927083,1.890625,1.916667,0.054378,2803200,3383280660.0,0.005208999999999797,0.27251448893984576
1982-02-26,1.895833,1.90625,1.885417,1.895833,0.053787,4965600,3355624410.0,0.0,0.0
1982-03-01,1.901042,1.911458,1.890625,1.90625,0.054082,4176000,3364844340.0,0.0052080000000001014,0.2739550204572072
1982-03-02,1.932292,1.9375,1.921875,1.932292,0.054821,2762400,3420156840.0,0.0,0.0
1982-03-03,1.916667,1.932292,1.90625,1.927083,0.054674,6000000,3392500590.0,0.010416000000000203,0.5434433837489874
1982-03-04,1.932292,1.953125,1.90625,1.942708,0.055841,5949600,3420156840.0,0.010416000000000203,0.5390489636142055
1982-03-05,1.9375,1.947917,1.927083,1.942708,0.055841,2097600,3429375000.0,0.0052080000000001014,0.26880000000000526
1982-03-08,1.927083,1.958333,1.895833,1.901042,0.054644,2889600,3410936910.0,-0.026041000000000203,-1.3513169904980846
1982-03-09,1.864583,1.890625,1.838542,1.880208,0.054045,2829600,3300311910.0,0.015625,0.8379889766237276
1982-03-10,1.90625,1.942708,1.869792,1.916667,0.055093,5944800,3374062500.0,0.010416999999999899,0.5464655737704864
1982-03-11,1.927083,1.9375,1.916667,1.916667,0.055093,1956000,3410936910.0,-0.010416000000000203,-0.540506039438893
1982-03-12,1.927083,1.9375,1.911458,1.9375,0.055692,2172000,3410936910.0,0.010416999999999899,0.5405579313397451
1982-03-15,1.9375,1.947917,1.921875,1.942708,0.055841,2035200,3429375000.0,0.0052080000000001014,0.26880000000000526
1982-03-16,1.932292,1.953125,1.90625,1.916667,0.055093,3631200,3420156840.0,-0.015625,-0.8086251974339282
1982-03-17,1.895833,1.911458,1.875,1.90625,0.054793,3002400,3355624410.0,0.010416999999999899,0.5494682284779249
1982-03-18,1.9375,1.953125,1.916667,1.927083,0.055392,3703200,3429375000.0,-0.010416999999999899,-0.5376516129032205
1982-03-19,1.921875,1.9375,1.901042,1.911458,0.054943,2923200,3401718750.0,-0.010416999999999899,-0.542022764227637
1982-03-22,1.911458,1.921875,1.895833,1.921875,0.055242,5328000,3383280660.0,0.010416999999999899,0.5449766617942899
1982-03-23,1.932292,1.942708,1.916667,1.927083,0.055392,5143200,3420156840.0,-0.005208999999999797,-0.26957623381972273
1982-03-24,1.942708,1.947917,1.932292,1.942708,0.055841,5335200,3438593160.0,0.0,0.0
1982-03-25,1.9375,1.942708,1.927083,1.932292,0.055542,3278400,3429375000.0,-0.0052080000000001014,-0.26880000000000526
1982-03-26,1.9375,1.947917,1.921875,1.947917,0.055991,3379200,3429375000.0,0.010416999999999899,0.5376516129032205
1982-03-29,1.932292,1.947917,1.911458,1.942708,0.055841,2445600,3420156840.0,0.010416000000000203,0.5390489636142055
1982-03-30,1.947917,1.958333,1.9375,1.958333,0.05629,4759200,3447813090.0,0.010416000000000203,0.5347250421860994
1982-03-31,1.958333,1.96875,1.942708,1.96875,0.05659,3484800,3466249410.0,0.010416999999999899,0.5319320054352298
1982-04-01,1.973958,1.989583,1.958333,1.989583,0.057189,5332800,3493905660.0,0.015625,0.7915568618987839
1982-04-02,2.005208,2.020833,1.989583,2.020833,0.058087,4197600,3549218160.0,0.015625,0.7792209087536056
1982-04-05,2.036458,2.041667,2.026042,2.041667,0.058686,4130400,3604530660.0,0.005208999999999797,0.2557872541441953
1982-04-06,2.046875,2.0625,2.03125,2.057292,0.059135,2937600,3622968750.0,0.010416999999999899,0.5089221374045753
1982-04-07,2.067708,2.083333,2.046875,2.078125,0.059734,3156000,3659843160.0,0.010416999999999899,0.5037945396545305
1982-04-08,2.083333,2.09375,2.072917,2.088542,0.060033,3324000,3687499410.0,0.005208999999999797,0.25003204000511664
1982-04-12,2.088542,2.09375,2.083333,2.083333,0.059883,3244800,3696719340.0,-0.005208999999999797,-0.24940843899714715
1982-04-13,2.088542,2.104167,2.072917,2.09375,0.060183,2282400,3696719340.0,0.0052080000000001014,0.2493605587055516
1982-04-14,2.083333,2.104167,2.0625,2.104167,0.060482,3316800,3687499410.0,0.020833999999999797,1.0000321600051358
1982-04-15,2.09375,2.098958,2.083333,2.098958,0.060333,2328000,3705937500.0,0.0052080000000001014,0.2487402985074675
1982-04-16,2.098958,2.109375,2.083333,2.09375,0.060183,1831200,3715155660.0,-0.0052080000000001014,-0.2481231163272491
1982-04-19,2.109375,2.130208,2.088542,2.104167,0.060482,3484800,3733593750.0,-0.0052080000000001014,-0.2468977777777826
1982-04-20,2.104167,2.119792,2.088542,2.104167,0.060482,1944000,3724375590.0,0.0,0.0
1982-04-21,2.109375,2.125,2.09375,2.114583,0.060782,4200000,3733593750.0,0.0052080000000001014,0.2468977777777826
1982-04-22,2.145833,2.166667,2.125,2.161458,0.062129,5392800,3798124410.0,0.015625,0.7281554529173518
1982-04-23,2.182292,2.203125,2.161458,2.182292,0.062728,5452800,3862656840.0,0.0,0.0
1982-04-26,2.197917,2.213542,2.177083,2.213542,0.063626,10226400,3890313090.0,0.015625,0.7109003661193758
1982-04-27,2.182292,2.213542,2.145833,2.161458,0.062129,3547200,3862656840.0,-0.020833999999999797,-0.9546843410505925
1982-04-28,2.182292,2.203125,2.15625,2.177083,0.062578,4005600,3862656840.0,-0.005208999999999797,-0.2386939969536523
1982-04-29,2.166667,2.1875,2.145833,2.151042,0.06183,5347200,3835000590.0,-0.015625,-0.7211537352071177
1982-04-30,2.140625,2.145833,2.130208,2.140625,0.06153,3268800,3788906250.0,0.0,0.0
1982-05-03,2.130208,2.145833,2.114583,2.125,0.061081,2102400,3770468160.0,-0.0052080000000001014,-0.24448316784089164
1982-05-04,2.15625,2.177083,2.135417,2.15625,0.061979,3264000,3816562500.0,0.0,0.0
1982-05-05,2.1875,2.208333,2.166667,2.1875,0.062878,3770400,3871875000.0,0.0,0.0
1982-05-06,2.223958,2.234375,2.208333,2.21875,0.063776,6134400,3936405660.0,-0.0052080000000001014,-0.23417708427947384
1982-05-07,2.192708,2.21875,2.166667,2.182292,0.062728,6988800,3881093160.0,-0.010416000000000203,-0.4750290508357794
1982-05-10,2.171875,2.182292,2.161458,2.166667,0.062279,3657600,3844218750.0,-0.0052080000000001014,-0.23979280575540032
1982-05-11,2.182292,2.208333,2.151042,2.208333,0.063476,4339200,3862656840.0,0.026041000000000203,1.1932866912402285
1982-05-12,2.197917,2.21875,2.171875,2.171875,0.062428,5822400,3890313090.0,-0.0260419999999999,-1.1848491094067655
1982-05-13,2.171875,2.182292,2.161458,2.166667,0.062279,2104800,3844218750.0,-0.0052080000000001014,-0.23979280575540032
1982-05-14,2.151042,2.161458,2.135417,2.140625,0.06153,2085600,3807344340.0,-0.010416999999999899,-0.4842769225333536
1982-05-17,2.125,2.140625,2.109375,2.119792,0.060931,2997600,3761250000.0,-0.0052080000000001014,-0.24508235294118125
1982-05-18,2.109375,2.130208,2.083333,2.09375,0.060183,4384800,3733593750.0,-0.015625,-0.7407407407407408
1982-05-19,2.098958,2.114583,2.078125,2.098958,0.060333,2997600,3715155660.0,0.0,0.0
1982-05-20,2.104167,2.119792,2.083333,2.114583,0.060782,2006400,3724375590.0,0.010416000000000203,0.4950177433635355
1982-05-21,2.119792,2.130208,2.104167,2.125,0.061081,1190400,3752031840.0,0.0052080000000001014,0.24568448225109357
1982-05-24,2.104167,2.119792,2.083333,2.114583,0.060782,2006400,3724375590.0,0.010416000000000203,0.4950177433635355
1982-05-25,2.145833,2.161458,2.130208,2.130208,0.061231,1965600,3798124410.0,-0.015625,-0.7281554529173518
1982-05-26,2.109375,2.119792,2.098958,2.109375,0.060632,5635200,3733593750.0,0.0,0.0
1982-05-27,2.098958,2.109375,2.088542,2.098958,0.060333,2942400,3715155660.0,0.0,0.0
1982-05-28,2.067708,2.083333,2.052083,2.052083,0.058985,4099200,3659843160.0,-0.015625,-0.7556676281177033
1982-06-01,2.041667,2.052083,2.026042,2.026042,0.058237,1533600,3613750590.0,-0.015625,-0.7653059975010617
1982-06-02,2.041667,2.052083,2.026042,2.03125,0.058386,2438400,3613750590.0,-0.010416999999999899,-0.5102203248619829
1982-06-03,2.057292,2.072917,2.036458,2.046875,0.058835,3568800,3641406840.0,-0.010416999999999899,-0.5063452344149445
1982-06-04,2.041667,2.052083,2.03125,2.03125,0.058386,2100000,3613750590.0,-0.010416999999999899,-0.5102203248619829
1982-06-07,2.036458,2.046875,2.020833,2.026042,0.058237,3060000,3604530660.0,-0.010416000000000203,-0.5114762985536753
1982-06-08,2.03125,2.041667,2.015625,2.026042,0.058237,3208800,3595312500.0,-0.0052080000000001014,-0.25639384615385113
1982-06-09,2.010417,2.015625,2.0,2.010417,0.058509,4593600,3558438090.0,0.0,0.0
1982-06-10,2.041667,2.067708,2.015625,2.057292,0.059874,3016800,3613750590.0,0.015625,0.7653059975010617
1982-06-11,2.083333,2.088542,2.072917,2.088542,0.060783,2414400,3687499410.0,0.005208999999999797,0.25003204000511664
1982-06-14,2.078125,2.088542,2.067708,2.078125,0.06048,1392000,3678281250.0,0.0,0.0
1982-06-15,2.057292,2.072917,2.036458,2.0625,0.060025,4108800,3641406840.0,0.0052080000000001014,0.2531483134139491
1982-06-16,2.067708,2.083333,2.052083,2.072917,0.060328,3789600,3659843160.0,0.005208999999999797,0.2519214511913576
1982-06-17,2.052083,2.0625,2.036458,2.052083,0.059722,3957600,3632186910.0,0.0,0.0
1982-06-18,2.036458,2.046875,2.020833,2.041667,0.059419,3681600,3604530660.0,0.005208999999999797,0.2557872541441953
1982-06-21,2.036458,2.046875,2.026042,2.036458,0.059267,5896800,3604530660.0,0.0,0.0
1982-06-22,2.067708,2.104167,2.03125,2.09375,0.060935,7824000,3659843160.0,0.0260419999999999,1.2594621677722337
1982-06-23,2.104167,2.135417,2.067708,2.119792,0.061693,4843200,3724375590.0,0.015625,0.7425741397902353
1982-06-24,2.135417,2.151042,2.114583,2.135417,0.062147,4435200,3779688090.0,0.0,0.0
1982-06-25,2.135417,2.145833,2.125,2.125,0.061844,1785600,3779688090.0,-0.010416999999999899,-0.4878204116572969
1982-06-28,2.130208,2.145833,2.114583,2.135417,0.062147,7869600,3770468160.0,0.005208999999999797,0.24453011161350424
1982-06-29,2.135417,2.151042,2.114583,2.145833,0.06245,3412800,3779688090.0,0.010416000000000203,0.4877735823963284
1982-06-30,2.145833,2.15625,2.130208,2.135417,0.062147,4586400,3798124410.0,-0.010416000000000203,-0.48540590064558625
1982-07-01,2.09375,2.130208,2.057292,2.0625,0.060025,3295200,3705937500.0,-0.03125,-1.4925373134328357
1982-07-02,2.026042,2.052083,1.994792,2.010417,0.058509,3384000,3586094340.0,-0.015625,-0.7712080993385132
1982-07-06,1.984375,2.005208,1.963542,1.984375,0.057752,3660000,3512343750.0,0.0,0.0
1982-07-07,2.015625,2.036458,1.989583,2.020833,0.058813,3508800,3567656250.0,0.0052080000000001014,0.25838139534884225
1982-07-08,2.03125,2.057292,2.005208,2.057292,0.059874,3108000,3595312500.0,0.0260419999999999,1.2820676923076872
1982-07-09,2.078125,2.098958,2.052083,2.088542,0.060783,6009600,3678281250.0,0.010416999999999899,0.501269172932326
1982-07-12,2.114583,2.135417,2.09375,2.109375,0.061389,5527200,3742811910.0,-0.0052080000000001014,-0.24628969399640974
1982-07-13,2.125,2.151042,2.098958,2.145833,0.06245,4603200,3761250000.0,0.0208330000000001,0.9803764705882401
1982-07-14,2.161458,2.1875,2.130208,2.1875,0.063663,4634400,3825780660.0,0.0260419999999999,1.2048348846010377
1982-07-15,2.171875,2.1875,2.15625,2.177083,0.06336,7850400,3844218750.0,0.0052080000000001014,0.23979280575540032
1982-07-16,2.182292,2.21875,2.140625,2.208333,0.064269,6223200,3862656840.0,0.026041000000000203,1.1932866912402285
1982-07-19,2.192708,2.223958,2.15625,2.166667,0.063057,6422400,3881093160.0,-0.026041000000000203,-1.1876182327970803
1982-07-20,2.166667,2.1875,2.140625,2.161458,0.062905,7209600,3835000590.0,-0.005208999999999797,-0.24041534762839872
1982-07-21,2.145833,2.161458,2.130208,2.140625,0.062299,6057600,3798124410.0,-0.0052080000000001014,-0.24270295032279313
1982-07-22,2.09375,2.119792,2.0625,2.09375,0.060935,6026400,3705937500.0,0.0,0.0
1982-07-23,2.078125,2.098958,2.057292,2.0625,0.060025,2616000,3678281250.0,-0.015625,-0.7518796992481203
1982-07-26,2.046875,2.0625,2.03125,2.052083,0.059722,1636800,3622968750.0,0.0052080000000001014,0.254436641221379
1982-07-27,2.036458,2.046875,2.015625,2.015625,0.058661,2908800,3604530660.0,-0.0208330000000001,-1.023001701974708
1982-07-28,2.010417,2.036458,1.979167,2.020833,0.058813,9072000,3558438090.0,0.010416000000000203,0.518101468501321
1982-07-29,2.005208,2.03125,1.979167,2.026042,0.058964,7713600,3549218160.0,0.020833999999999797,1.0389944584302375
1982-07-30,2.010417,2.026042,1.989583,1.994792,0.058055,1754400,3558438090.0,-0.015625,-0.7772019436763618
1982-08-02,2.036458,2.0625,2.010417,2.0625,0.060025,7008000,3604530660.0,0.0260419999999999,1.2787889561189032
1982-08-03,2.057292,2.083333,2.03125,2.03125,0.059116,2534400,3641406840.0,-0.0260419999999999,-1.265838782243838
1982-08-04,2.0,2.020833,1.979167,1.994792,0.058055,3420000,3540000000.0,-0.0052080000000001014,-0.26040000000000507
1982-08-05,1.984375,2.0,1.963542,1.96875,0.057297,5884800,3512343750.0,-0.015625,-0.7874015748031495
1982-08-06,1.942708,1.963542,1.921875,1.921875,0.055933,2824800,3438593160.0,-0.0208330000000001,-1.0723690848032799
1982-08-09,1.890625,1.927083,1.854167,1.927083,0.056084,8541600,3346406250.0,0.0364580000000001,1.9283570247933937
1982-08-10,1.932292,1.942708,1.916667,1.921875,0.055933,4718400,3420156840.0,-0.010416999999999899,-0.5391007156268255
1982-08-11,1.921875,1.927083,1.911458,1.921875,0.055933,7233600,3401718750.0,0.0,0.0
1982-08-12,1.916667,1.921875,1.90625,1.911458,0.055629,6432000,3392500590.0,-0.005208999999999797,-0.2717738657784476
1982-08-13,1.921875,1.947917,1.890625,1.942708,0.056539,3477600,3401718750.0,0.0208330000000001,1.0839934959349646
1982-08-16,1.984375,2.0,1.96875,1.973958,0.057448,3302400,3512343750.0,-0.010416999999999899,-0.5249511811023572
1982-08-17,2.010417,2.041667,1.979167,2.015625,0.058661,4994400,3558438090.0,0.0052080000000001014,0.2590507342506605
1982-08-18,2.036458,2.078125,1.989583,2.0,0.058206,14347200,3604530660.0,-0.0364580000000001,-1.7902652546725784
1982-08-19,2.010417,2.03125,1.989583,2.005208,0.058358,6420000,3558438090.0,-0.005208999999999797,-0.2591004751750407
1982-08-20,2.041667,2.088542,1.989583,2.083333,0.060632,17882400,3613750590.0,0.0416660000000002,2.040783340280281
1982-08-23,2.125,2.182292,2.067708,2.182292,0.063512,16915200,3761250000.0,0.0572919999999999,2.6960941176470543
1982-08-24,2.15625,2.182292,2.125,2.166667,0.063057,11085600,3816562500.0,0.010416999999999899,0.48310724637680685
1982-08-25,2.177083,2.197917,2.15625,2.1875,0.063663,5673600,3853436910.0,0.010416999999999899,0.4784842837870627
1982-08-26,2.182292,2.203125,2.15625,2.177083,0.06336,8488800,3862656840.0,-0.005208999999999797,-0.2386939969536523
1982-08-27,2.161458,2.177083,2.145833,2.177083,0.06336,4682400,3825780660.0,0.015625,0.7228916777471502
1982-08-30,2.161458,2.171875,2.151042,2.166667,0.063057,3412800,3825780660.0,0.005208999999999797,0.24099473596062457
1982-08-31,2.203125,2.260417,2.140625,2.260417,0.065785,11268000,3899531250.0,0.0572919999999999,2.6004879432624066
1982-09-01,2.276042,2.291667,2.255208,2.276042,0.06624,9432000,4028594340.0,0.0,0.0
1982-09-02,2.286458,2.3125,2.260417,2.3125,0.067301,8659200,4047030660.0,0.0260419999999999,1.1389669086420962
1982-09-03,2.416667,2.458333,2.369792,2.385417,0.069423,10195200,4277500590.0,-0.03125,-1.2931032699167904
1982-09-07,2.359375,2.385417,2.333333,2.338542,0.068059,5388000,4176093750.0,-0.0208330000000001,-0.882988079470203
1982-09-08,2.328125,2.364583,2.291667,2.291667,0.066695,8265600,4120781250.0,-0.0364580000000001,-1.5659812080536957
1982-09-09,2.291667,2.302083,2.276042,2.302083,0.067737,5474400,4056250590.0,0.010416000000000203,0.4545162975249111
1982-09-10,2.286458,2.3125,2.260417,2.302083,0.067737,3187200,4047030660.0,0.015625,0.6833713980313655
1982-09-13,2.3125,2.354167,2.265625,2.338542,0.06881,5337600,4093125000.0,0.0260419999999999,1.126140540540536
1982-09-14,2.364583,2.385417,2.338542,2.369792,0.069729,3501600,4185311910.0,0.005208999999999797,0.22029254206766255
1982-09-15,2.390625,2.411458,2.364583,2.40625,0.070802,5100000,4231406250.0,0.015625,0.6535947712418301
1982-09-16,2.395833,2.427083,2.364583,2.380208,0.070036,5479200,4240624410.0,-0.015625,-0.6521740037807309
1982-09-17,2.333333,2.375,2.286458,2.302083,0.067737,8424000,4129999410.0,-0.03125,-1.3392859056122721
1982-09-20,2.291667,2.307292,2.270833,2.291667,0.06743,6904800,4056250590.0,0.0,0.0
1982-09-21,2.348958,2.40625,2.286458,2.395833,0.070495,5589600,4157655660.0,0.046875,1.995565693384045
1982-09-22,2.390625,2.442708,2.333333,2.354167,0.069269,7087200,4231406250.0,-0.0364580000000001,-1.5250405228758213
1982-09-23,2.364583,2.390625,2.338542,2.364583,0.069576,3129600,4185311910.0,0.0,0.0
1982-09-24,2.338542,2.375,2.302083,2.3125,0.068043,2860800,4139219340.0,-0.0260419999999999,-1.1135998412686152
1982-09-27,2.34375,2.380208,2.302083,2.380208,0.070036,1905600,4148437500.0,0.0364580000000001,1.5555413333333377
1982-09-28,2.395833,2.40625,2.380208,2.385417,0.070189,2978400,4240624410.0,-0.010416000000000203,-0.43475484309633444
1982-09-29,2.348958,2.385417,2.3125,2.34375,0.068963,3014400,4157655660.0,-0.0052080000000001014,-0.22171533079774525
1982-09-30,2.307292,2.333333,2.276042,2.286458,0.067277,5858400,4083906840.0,-0.020833999999999797,-0.9029633007005529
1982-10-01,2.28125,2.296875,2.265625,2.291667,0.06743,4228800,4037812500.0,0.010416999999999899,0.4566356164383517
1982-10-04,2.265625,2.291667,2.234375,2.291667,0.06743,3696000,4010156250.0,0.0260419999999999,1.1494399999999956
1982-10-05,2.286458,2.296875,2.270833,2.28125,0.067124,3765600,4047030660.0,-0.0052080000000001014,-0.22777588742063493
1982-10-06,2.348958,2.40625,2.286458,2.390625,0.070342,10725600,4157655660.0,0.0416669999999999,1.7738503625863
1982-10-07,2.458333,2.489583,2.427083,2.489583,0.073254,8260800,4351249410.0,0.03125,1.2711866130422527
1982-10-08,2.489583,2.520833,2.453125,2.520833,0.074173,9547200,4406561910.0,0.03125,1.2552302935873196
1982-10-11,2.526042,2.546875,2.505208,2.536458,0.074633,14210400,4471094340.0,0.010416000000000203,0.41234468785555434
1982-10-12,2.520833,2.546875,2.489583,2.5,0.07356,12309600,4461874410.0,-0.0208330000000001,-0.8264331671316625
1982-10-13,2.536458,2.583333,2.484375,2.510417,0.073867,8666400,4489530660.0,-0.026041000000000203,-1.026667896728438
1982-10-14,2.473958,2.515625,2.432292,2.432292,0.071568,10454400,4378905660.0,-0.0416660000000002,-1.6841838058689842
1982-10-15,2.453125,2.479167,2.421875,2.4375,0.071721,4452000,4342031250.0,-0.015625,-0.6369426751592357
1982-10-18,2.473958,2.515625,2.432292,2.505208,0.073714,6667200,4378905660.0,0.03125,1.2631580649307708
1982-10-19,2.494792,2.541667,2.442708,2.479167,0.072947,8107200,4415781840.0,-0.015625,-0.6263047179885137
1982-10-20,2.484375,2.510417,2.458333,2.479167,0.072947,12804000,4397343750.0,-0.0052080000000001014,-0.20963018867924937
1982-10-21,2.515625,2.546875,2.484375,2.541667,0.074786,9424800,4452656250.0,0.0260419999999999,1.0352099378881947
1982-10-22,2.578125,2.614583,2.536458,2.541667,0.074786,6388800,4563281250.0,-0.0364580000000001,-1.4141284848484887
1982-10-25,2.510417,2.526042,2.489583,2.5,0.07356,6319200,4443438090.0,-0.010416999999999899,-0.4149509822471685
1982-10-26,2.505208,2.5625,2.447917,2.5625,0.075399,8172000,4434218160.0,0.0572919999999999,2.286915896803774
1982-10-27,2.567708,2.614583,2.515625,2.614583,0.076932,5656800,4544843160.0,0.046875,1.8255580463199088
1982-10-28,2.583333,2.614583,2.552083,2.552083,0.075093,4603200,4572499410.0,-0.03125,-1.2096775754422677
1982-10-29,2.583333,2.651042,2.515625,2.630208,0.077392,8676000,4572499410.0,0.046875,1.8145163631634014
1982-11-01,2.666667,2.697917,2.635417,2.697917,0.079384,4327200,4720000590.0,0.03125,1.1718748535156434
1982-11-02,2.744792,2.770833,2.713542,2.729167,0.080303,7128000,4858281840.0,-0.015625,-0.5692598929172047
1982-11-03,2.776042,2.822917,2.729167,2.791667,0.082142,8776800,4913594340.0,0.015625,0.5628517147795314
1982-11-04,2.723958,2.791667,2.65625,2.6875,0.079077,10432800,4821405660.0,-0.0364580000000001,-1.3384200490609657
1982-11-05,2.703125,2.723958,2.677083,2.71875,0.079997,6427200,4784531250.0,0.015625,0.5780346820809248
1982-11-08,2.708333,2.729167,2.6875,2.708333,0.07969,3979200,4793749410.0,0.0,0.0
1982-11-09,2.744792,2.78125,2.708333,2.78125,0.081836,6640800,4858281840.0,0.0364580000000001,1.3282609392624325
1982-11-10,2.723958,2.791667,2.65625,2.697917,0.079384,11971200,4821405660.0,-0.026041000000000203,-0.9559985873497389
1982-11-11,2.609375,2.677083,2.541667,2.609375,0.076779,9472800,4618593750.0,0.0,0.0
1982-11-12,2.546875,2.619792,2.46875,2.479167,0.072947,10418400,4507968750.0,-0.0677080000000001,-2.658473619631906
1982-11-15,2.4375,2.479167,2.395833,2.427083,0.071415,10725600,4314375000.0,-0.010416999999999899,-0.4273641025640984
1982-11-16,2.432292,2.484375,2.375,2.447917,0.072028,8112000,4305156840.0,0.015625,0.642398198900461
1982-11-17,2.510417,2.541667,2.473958,2.505208,0.073714,5503200,4443438090.0,-0.005208999999999797,-0.20749540813338171
1982-11-18,2.505208,2.536458,2.473958,2.479167,0.072947,6489600,4434218160.0,-0.026041000000000203,-1.0394745665829026
1982-11-19,2.515625,2.536458,2.494792,2.515625,0.07402,3549600,4452656250.0,0.0,0.0
1982-11-22,2.46875,2.5,2.4375,2.447917,0.072028,3535200,4369687500.0,-0.0208330000000001,-0.8438683544303839
1982-11-23,2.458333,2.484375,2.432292,2.442708,0.071875,4202400,4351249410.0,-0.015625,-0.6355933065211263
1982-11-24,2.447917,2.473958,2.421875,2.473958,0.072794,5044800,4332813090.0,0.026041000000000203,1.0638024083332973
1982-11-26,2.479167,2.489583,2.463542,2.479167,0.072947,5097600,4388125590.0,0.0,0.0
1982-11-29,2.458333,2.494792,2.421875,2.442708,0.071875,3456000,4351249410.0,-0.015625,-0.6355933065211263
1982-11-30,2.520833,2.604167,2.432292,2.59375,0.076319,6873600,4461874410.0,0.0729169999999999,2.8925755891009004
1982-12-01,2.557292,2.604167,2.510417,2.510417,0.073867,13696800,4526406840.0,-0.046875,-1.8329936510965508
1982-12-02,2.520833,2.536458,2.5,2.505208,0.073714,4480800,4461874410.0,-0.015625,-0.6198347927054271
1982-12-03,2.505208,2.53125,2.479167,2.494792,0.073407,6957600,4434218160.0,-0.010416000000000203,-0.4157738598950747
1982-12-06,2.572917,2.65625,2.484375,2.614583,0.076932,5793600,4554063090.0,0.0416660000000002,1.6194070776476739
1982-12-07,2.625,2.651042,2.59375,2.614583,0.076932,6064800,4646250000.0,-0.010416999999999899,-0.3968380952380913
1982-12-08,2.572917,2.604167,2.541667,2.546875,0.07494,5956800,4554063090.0,-0.0260419999999999,-1.0121585733235818
1982-12-09,2.5,2.520833,2.473958,2.494792,0.074135,4425600,4425000000.0,-0.0052080000000001014,-0.20832000000000406
1982-12-10,2.520833,2.536458,2.5,2.536458,0.075373,3624000,4461874410.0,0.015625,0.6198347927054271
1982-12-13,2.557292,2.583333,2.53125,2.546875,0.075683,2704800,4526406840.0,-0.010416999999999899,-0.4073449570874151
1982-12-14,2.5,2.583333,2.416667,2.427083,0.072123,8445600,4425000000.0,-0.0729169999999999,-2.916679999999996
1982-12-15,2.427083,2.458333,2.395833,2.432292,0.072278,8733600,4295936910.0,0.005208999999999797,0.21461977196493887
1982-12-16,2.453125,2.473958,2.427083,2.458333,0.073051,5152800,4342031250.0,0.0052080000000001014,0.21230063694267928
1982-12-17,2.458333,2.473958,2.4375,2.458333,0.073051,8656800,4351249410.0,0.0,0.0
1982-12-20,2.395833,2.458333,2.328125,2.364583,0.070266,7041600,4240624410.0,-0.03125,-1.3043480075614617
1982-12-21,2.427083,2.46875,2.380208,2.447917,0.072742,9031200,4295936910.0,0.020833999999999797,0.8583966844149868
1982-12-22,2.510417,2.541667,2.473958,2.489583,0.07398,10449600,4443438090.0,-0.020833999999999797,-0.829901964494337
1982-12-23,2.489583,2.510417,2.46875,2.510417,0.074599,4512000,4406561910.0,0.020833999999999797,0.8368469739711347
1982-12-27,2.546875,2.572917,2.520833,2.5625,0.076147,3544800,4507968750.0,0.015625,0.6134969325153374
1982-12-28,2.541667,2.5625,2.520833,2.541667,0.075528,2884800,4498750590.0,0.0,0.0
1982-12-29,2.53125,2.5625,2.494792,2.53125,0.075218,3458400,4480312500.0,0.0,0.0
1982-12-30,2.5,2.541667,2.458333,2.46875,0.073361,3048000,4425000000.0,-0.03125,-1.25
1982-12-31,2.489583,2.505208,2.46875,2.5,0.07429,2512800,4406561910.0,0.010416999999999899,0.41842348698556736
1983-01-03,2.489583,2.510417,2.46875,2.484375,0.073825,2611200,4406561910.0,-0.0052080000000001014,-0.20919165980809243
1983-01-04,2.46875,2.5,2.4375,2.5,0.07429,4766400,4369687500.0,0.03125,1.2658227848101267
1983-01-05,2.46875,2.520833,2.416667,2.458333,0.073051,2839200,4369687500.0,-0.010416999999999899,-0.4219544303797427
1983-01-06,2.479167,2.5,2.453125,2.494792,0.074135,5860800,4388125590.0,0.015625,0.6302520161005692
1983-01-07,2.473958,2.510417,2.432292,2.4375,0.072432,6849600,4378905660.0,-0.0364580000000001,-1.4736709353998774
1983-01-10,2.4375,2.458333,2.411458,2.458333,0.073051,7615200,4314375000.0,0.0208330000000001,0.8546871794871836
1983-01-11,2.421875,2.46875,2.375,2.390625,0.071039,14212800,4286718750.0,-0.03125,-1.2903225806451613
1983-01-12,2.395833,2.4375,2.354167,2.364583,0.070266,10872000,4240624410.0,-0.03125,-1.3043480075614617
1983-01-13,2.364583,2.390625,2.333333,2.375,0.070575,13867200,4185311910.0,0.010416999999999899,0.4405427933804776
1983-01-14,2.359375,2.380208,2.338542,2.354167,0.069956,7082400,4176093750.0,-0.0052080000000001014,-0.22073642384106393
1983-01-17,2.385417,2.416667,2.348958,2.401042,0.071349,10711200,4222188090.0,0.015625,0.6550217425297129
1983-01-18,2.421875,2.447917,2.390625,2.432292,0.072278,7627200,4286718750.0,0.010416999999999899,0.43012129032257646
1983-01-19,2.432292,2.447917,2.416667,2.427083,0.072123,7516800,4305156840.0,-0.005208999999999797,-0.21416014195663174
1983-01-20,2.427083,2.442708,2.40625,2.416667,0.071813,4720800,4295936910.0,-0.010416000000000203,-0.4291571404851092
1983-01-21,2.364583,2.411458,2.3125,2.333333,0.069337,9067200,4185311910.0,-0.03125,-1.3215860893865852
1983-01-24,2.28125,2.3125,2.25,2.296875,0.068254,4752000,4037812500.0,0.015625,0.684931506849315
1983-01-25,2.338542,2.369792,2.302083,2.369792,0.07042,6895200,4139219340.0,0.03125,1.3363027048477214
1983-01-26,2.354167,2.385417,2.317708,2.348958,0.069801,5812800,4166875590.0,-0.005208999999999797,-0.22126722530728693
1983-01-27,2.411458,2.463542,2.359375,2.463542,0.073206,13519200,4268280660.0,0.0520839999999998,2.1598551581657155
1983-01-28,2.484375,2.53125,2.432292,2.46875,0.073361,10008000,4397343750.0,-0.015625,-0.628930817610063
1983-01-31,2.447917,2.46875,2.427083,2.447917,0.072742,6681600,4332813090.0,0.0,0.0
1983-02-01,2.401042,2.453125,2.34375,2.359375,0.070111,9220800,4249844340.0,-0.0416669999999999,-1.7353715595145733
1983-02-02,2.333333,2.375,2.291667,2.3125,0.068718,13070400,4129999410.0,-0.0208330000000001,-0.8928429846918593
1983-02-03,2.364583,2.385417,2.338542,2.385417,0.070885,12004800,4185311910.0,0.020833999999999797,0.8810855867609552
1983-02-04,2.359375,2.395833,2.322917,2.395833,0.071194,17102400,4176093750.0,0.0364580000000001,1.5452397350993419
1983-02-07,2.40625,2.416667,2.390625,2.395833,0.071194,7951200,4259062500.0,-0.010416999999999899,-0.43291428571428153
1983-02-08,2.369792,2.395833,2.34375,2.354167,0.069956,7586400,4194531840.0,-0.015625,-0.65934056659825
1983-02-09,2.395833,2.427083,2.359375,2.416667,0.071813,7538400,4240624410.0,0.020833999999999797,0.8695931644651274
1983-02-10,2.4375,2.458333,2.416667,2.432292,0.072278,10891200,4314375000.0,-0.0052080000000001014,-0.21366153846154265
1983-02-11,2.4375,2.46875,2.40625,2.427083,0.072123,7406400,4314375000.0,-0.010416999999999899,-0.4273641025640984
1983-02-14,2.427083,2.442708,2.40625,2.432292,0.072278,3892800,4295936910.0,0.005208999999999797,0.21461977196493887
1983-02-15,2.427083,2.447917,2.401042,2.411458,0.071658,7104000,4295936910.0,-0.015625,-0.6437769124500481
1983-02-16,2.421875,2.4375,2.40625,2.416667,0.071813,7281600,4286718750.0,-0.0052080000000001014,-0.21504000000000417
1983-02-17,2.416667,2.4375,2.390625,2.4375,0.072432,6708000,4277500590.0,0.0208330000000001,0.8620550535096521
1983-02-18,2.473958,2.494792,2.453125,2.494792,0.074135,9585600,4378905660.0,0.020833999999999797,0.8421323239925576
1983-02-22,2.489583,2.515625,2.463542,2.484375,0.073825,6451200,4406561910.0,-0.0052080000000001014,-0.20919165980809243
1983-02-23,2.5,2.520833,2.473958,2.515625,0.074754,5944800,4425000000.0,0.015625,0.625
1983-02-24,2.546875,2.583333,2.510417,2.583333,0.076766,8095200,4507968750.0,0.0364580000000001,1.4314797546012308
1983-02-25,2.583333,2.609375,2.557292,2.567708,0.076302,11719200,4572499410.0,-0.015625,-0.6048387877211339
1983-02-28,2.552083,2.567708,2.53125,2.5625,0.076147,3290400,4517186910.0,0.010416999999999899,0.4081763798434415
1983-03-01,2.619792,2.645833,2.59375,2.635417,0.078314,12333600,4637031840.0,0.015625,0.5964213952863433
1983-03-02,2.635417,2.666667,2.604167,2.614583,0.077695,12506400,4664688090.0,-0.020833999999999797,-0.7905390304456485
1983-03-03,2.614583,2.635417,2.588542,2.609375,0.078446,10636800,4627811910.0,-0.0052080000000001014,-0.19919046364181595
1983-03-04,2.604167,2.619792,2.583333,2.604167,0.07829,4742400,4609375590.0,0.0,0.0
1983-03-07,2.59375,2.604167,2.583333,2.604167,0.07829,3703200,4590937500.0,0.010416999999999899,0.4016192771084298
1983-03-08,2.572917,2.604167,2.541667,2.552083,0.076724,2860800,4554063090.0,-0.020833999999999797,-0.809742405215551
1983-03-09,2.541667,2.557292,2.520833,2.541667,0.076411,5556000,4498750590.0,0.0,0.0
1983-03-10,2.536458,2.572917,2.494792,2.510417,0.075471,6129600,4489530660.0,-0.026041000000000203,-1.026667896728438
1983-03-11,2.526042,2.546875,2.505208,2.546875,0.076567,3604800,4471094340.0,0.0208330000000001,0.8247289633347388
1983-03-14,2.557292,2.567708,2.541667,2.557292,0.07688,8080800,4526406840.0,0.0,0.0
1983-03-15,2.557292,2.578125,2.53125,2.578125,0.077507,7022400,4526406840.0,0.0208330000000001,0.8146508103102853
1983-03-16,2.5625,2.583333,2.541667,2.541667,0.076411,4996800,4535625000.0,-0.0208330000000001,-0.8129951219512235
1983-03-17,2.526042,2.541667,2.505208,2.520833,0.075784,5107200,4471094340.0,-0.005208999999999797,-0.20621193155140718
1983-03-18,2.526042,2.541667,2.510417,2.526042,0.075941,5664000,4471094340.0,0.0,0.0
1983-03-21,2.536458,2.5625,2.510417,2.5625,0.077037,4723200,4489530660.0,0.0260419999999999,1.0267073217849416
1983-03-22,2.59375,2.609375,2.572917,2.604167,0.07829,6134400,4590937500.0,0.010416999999999899,0.4016192771084298
1983-03-23,2.640625,2.666667,2.609375,2.65625,0.079855,8798400,4673906250.0,0.015625,0.591715976331361
1983-03-24,2.651042,2.671875,2.625,2.640625,0.079386,9686400,4692344340.0,-0.010416999999999899,-0.3929398327148306
1983-03-25,2.635417,2.651042,2.619792,2.640625,0.079386,9904800,4664688090.0,0.0052080000000001014,0.19761578528180176
1983-03-28,2.640625,2.65625,2.625,2.65625,0.079855,6043200,4673906250.0,0.015625,0.591715976331361
1983-03-29,2.661458,2.682292,2.635417,2.645833,0.079542,6319200,4710780660.0,-0.015625,-0.5870842222571236
1983-03-30,2.65625,2.671875,2.640625,2.65625,0.079855,1958400,4701562500.0,0.0,0.0
1983-03-31,2.65625,2.697917,2.609375,2.625,0.078916,6715200,4701562500.0,-0.03125,-1.1764705882352942
1983-04-04,2.65625,2.703125,2.609375,2.703125,0.081264,4406400,4701562500.0,0.046875,1.7647058823529411
1983-04-05,2.6875,2.71875,2.65625,2.666667,0.080168,4924800,4756875000.0,-0.0208330000000001,-0.7751813953488409
1983-04-06,2.65625,2.677083,2.635417,2.677083,0.080482,3460800,4701562500.0,0.0208330000000001,0.784301176470592
1983-04-07,2.671875,2.6875,2.65625,2.666667,0.080168,3163200,4729218750.0,-0.0052080000000001014,-0.19491929824561782
1983-04-08,2.645833,2.666667,2.625,2.645833,0.079542,4224000,4683124410.0,0.0,0.0
1983-04-11,2.645833,2.671875,2.614583,2.625,0.078916,4670400,4683124410.0,-0.0208330000000001,-0.7873890755765802
1983-04-12,2.619792,2.640625,2.59375,2.604167,0.07829,8162400,4637031840.0,-0.015625,-0.5964213952863433
1983-04-13,2.604167,2.625,2.583333,2.59375,0.077976,5560800,4609375590.0,-0.010416999999999899,-0.4000127487983643
1983-04-14,2.635417,2.677083,2.59375,2.614583,0.078603,3523200,4664688090.0,-0.020833999999999797,-0.7905390304456485
1983-04-15,2.723958,2.770833,2.671875,2.770833,0.0833,4101600,4821405660.0,0.046875,1.7208415107721924
1983-04-18,2.791667,2.8125,2.770833,2.807292,0.084396,9156000,4941250590.0,0.015625,0.5597014257072924
1983-04-19,2.802083,2.822917,2.776042,2.791667,0.083926,5424000,4959686910.0,-0.010416000000000203,-0.37172346429424835
1983-04-20,2.791667,2.807292,2.776042,2.791667,0.083926,6364800,4941250590.0,0.0,0.0
1983-04-21,2.755208,2.802083,2.708333,2.723958,0.081891,8469600,4876718160.0,-0.03125,-1.1342156381659751
1983-04-22,2.692708,2.723958,2.65625,2.682292,0.080638,5784000,4766093160.0,-0.010416000000000203,-0.3868224850225202
1983-04-25,2.677083,2.729167,2.625,2.630208,0.079072,7598400,4738436910.0,-0.046875,-1.7509729806658965
1983-04-26,2.65625,2.6875,2.625,2.6875,0.080795,6696000,4701562500.0,0.03125,1.1764705882352942
1983-04-27,2.682292,2.703125,2.65625,2.666667,0.080168,7255200,4747656840.0,-0.015625,-0.5825241994533035
1983-04-28,2.640625,2.677083,2.604167,2.604167,0.07829,4629600,4673906250.0,-0.0364580000000001,-1.3806579881656842
1983-04-29,2.640625,2.65625,2.625,2.65625,0.079855,10084800,4673906250.0,0.015625,0.591715976331361
1983-05-02,2.666667,2.6875,2.645833,2.666667,0.080168,5032800,4720000590.0,0.0,0.0
1983-05-03,2.666667,2.692708,2.640625,2.692708,0.080951,5164800,4720000590.0,0.026041000000000203,0.9765373779328355
1983-05-04,2.703125,2.765625,2.703125,2.75,0.082674,11198400,4784531250.0,0.046875,1.7341040462427744
1983-05-05,2.71875,2.770833,2.666667,2.755208,0.08283,11666400,4812187500.0,0.0364580000000001,1.3409839080459807
1983-05-06,2.744792,2.760417,2.723958,2.744792,0.082517,7281600,4858281840.0,0.0,0.0
1983-05-09,2.734375,2.760417,2.703125,2.744792,0.082517,5512800,4839843750.0,0.010416999999999899,0.3809645714285677
1983-05-10,2.734375,2.75,2.71875,2.723958,0.081891,5493600,4839843750.0,-0.010416999999999899,-0.3809645714285677
1983-05-11,2.708333,2.723958,2.6875,2.697917,0.081108,5020800,4793749410.0,-0.010416000000000203,-0.3845908165650311
1983-05-12,2.677083,2.697917,2.65625,2.6875,0.080795,5068800,4738436910.0,0.010416999999999899,0.38911755817805793
1983-05-13,2.703125,2.708333,2.692708,2.703125,0.081264,5587200,4784531250.0,0.0,0.0
1983-05-16,2.666667,2.677083,2.651042,2.666667,0.080168,4161600,4720000590.0,0.0,0.0
1983-05-17,2.661458,2.671875,2.651042,2.671875,0.080325,4017600,4710780660.0,0.010416999999999899,0.39140200596815344
1983-05-18,2.666667,2.6875,2.640625,2.661458,0.080012,6314400,4720000590.0,-0.005208999999999797,-0.19533747558280798
1983-05-19,2.651042,2.65625,2.609375,2.609375,0.078446,3564000,4692344340.0,-0.0416669999999999,-1.5717216098424656
1983-05-20,2.614583,2.640625,2.609375,2.640625,0.079386,4387200,4627811910.0,0.0260419999999999,0.9960288122427132
1983-05-23,2.619792,2.640625,2.59375,2.635417,0.079229,4872000,4637031840.0,0.015625,0.5964213952863433
1983-05-24,2.65625,2.703125,2.4375,2.479167,0.074532,28790400,4701562500.0,-0.1770830000000001,-6.666654117647062
1983-05-25,2.458333,2.46875,2.390625,2.46875,0.074218,74188800,4351249410.0,0.010416999999999899,0.42374243033795256
1983-05-26,2.473958,2.473958,2.390625,2.4375,0.073279,27686400,4378905660.0,-0.0364580000000001,-1.4736709353998774
1983-05-27,2.4375,2.46875,2.421875,2.46875,0.074218,19084800,4314375000.0,0.03125,1.282051282051282
1983-05-31,2.458333,2.473958,2.4375,2.447917,0.073592,19483200,4351249410.0,-0.010416000000000203,-0.42370175236634755
1983-06-01,2.442708,2.447917,2.401042,2.416667,0.072653,16214400,4323593160.0,-0.026041000000000203,-1.066070934389219
1983-06-02,2.416667,2.427083,2.375,2.411458,0.072496,26196000,4277500590.0,-0.005208999999999797,-0.21554479785588157
1983-06-03,2.411458,2.411458,2.348958,2.375,0.0714,21045600,4268280660.0,-0.0364580000000001,-1.5118654357654207
1983-06-06,2.364583,2.416667,2.359375,2.40625,0.07234,33002400,4185311910.0,0.0416669999999999,1.762128882767063
1983-06-07,2.416667,2.421875,2.390625,2.40625,0.07234,12060000,4277500590.0,-0.010416999999999899,-0.4310482164071384
1983-06-08,2.411458,2.421875,2.395833,2.401042,0.072183,16495200,4268280660.0,-0.010416000000000203,-0.4319378566825631
1983-06-09,2.369792,2.416667,2.369792,2.390625,0.072786,13850400,4194531840.0,0.0208330000000001,0.8791066895322502
1983-06-10,2.401042,2.416667,2.328125,2.375,0.07231,15295200,4249844340.0,-0.0260419999999999,-1.0846124307696368
1983-06-13,2.380208,2.411458,2.364583,2.395833,0.072944,12652800,4212968160.0,0.015625,0.6564552341644091
1983-06-14,2.401042,2.40625,2.34375,2.385417,0.072627,13927200,4249844340.0,-0.015625,-0.6507591287449366
1983-06-15,2.375,2.421875,2.359375,2.416667,0.073578,13581600,4203750000.0,0.0416669999999999,1.754399999999996
1983-06-16,2.427083,2.4375,2.369792,2.385417,0.072627,21084000,4295936910.0,-0.0416660000000002,-1.7167109653852053
1983-06-17,2.390625,2.427083,2.380208,2.427083,0.073895,15194400,4231406250.0,0.0364580000000001,1.5250405228758213
1983-06-20,2.458333,2.541667,2.453125,2.526042,0.076908,29712000,4351249410.0,0.0677089999999998,2.754264780239284
1983-06-21,2.536458,2.536458,2.479167,2.536458,0.077226,23460000,4489530660.0,0.0,0.0
1983-06-22,2.526042,2.536458,2.510417,2.520833,0.07675,15060000,4471094340.0,-0.005208999999999797,-0.20621193155140718
1983-06-23,2.510417,2.515625,2.479167,2.494792,0.075957,14515200,4443438090.0,-0.015625,-0.6224065563609552
1983-06-24,2.489583,2.510417,2.479167,2.479167,0.075481,6384000,4406561910.0,-0.010416000000000203,-0.41838331961618486
1983-06-27,2.489583,2.5,2.46875,2.479167,0.075481,8709600,4406561910.0,-0.010416000000000203,-0.41838331961618486
1983-06-28,2.484375,2.489583,2.442708,2.447917,0.07453,6948000,4397343750.0,-0.0364580000000001,-1.4674918238993753
1983-06-29,2.4375,2.442708,2.395833,2.395833,0.072944,18084000,4314375000.0,-0.0416669999999999,-1.7094153846153803
1983-06-30,2.416667,2.447917,2.416667,2.442708,0.074371,8296800,4277500590.0,0.026041000000000203,1.0775584720609088
1983-07-01,2.46875,2.479167,2.447917,2.458333,0.074847,12016800,4369687500.0,-0.010416999999999899,-0.4219544303797427
1983-07-05,2.416667,2.427083,2.395833,2.427083,0.073895,10641600,4277500590.0,0.010416000000000203,0.43100683710251364
1983-07-06,2.427083,2.479167,2.421875,2.479167,0.075481,7459200,4295936910.0,0.0520839999999998,2.145950509315083
1983-07-07,2.479167,2.5,2.453125,2.458333,0.074847,5433600,4388125590.0,-0.020833999999999797,-0.8403629122201045
1983-07-08,2.46875,2.494792,2.447917,2.453125,0.074688,3187200,4369687500.0,-0.015625,-0.6329113924050633
1983-07-11,2.46875,2.484375,2.458333,2.473958,0.075323,5954400,4369687500.0,0.0052080000000001014,0.21095696202532055
1983-07-12,2.484375,2.484375,2.432292,2.432292,0.074054,6295200,4397343750.0,-0.0520830000000001,-2.096422641509438
1983-07-13,2.442708,2.473958,2.427083,2.458333,0.074847,8683200,4323593160.0,0.015625,0.6396589359022855
1983-07-14,2.458333,2.489583,2.442708,2.447917,0.07453,7848000,4351249410.0,-0.010416000000000203,-0.42370175236634755
1983-07-15,2.458333,2.458333,2.401042,2.416667,0.073578,3607200,4351249410.0,-0.0416660000000002,-1.6948883654086002
1983-07-18,2.427083,2.447917,2.40625,2.416667,0.073578,2116800,4295936910.0,-0.010416000000000203,-0.4291571404851092
1983-07-19,2.4375,2.442708,2.416667,2.432292,0.074054,5368800,4314375000.0,-0.0052080000000001014,-0.21366153846154265
1983-07-20,2.447917,2.489583,2.447917,2.484375,0.07564,5131200,4332813090.0,0.0364580000000001,1.4893478823015691
1983-07-21,2.484375,2.526042,2.479167,2.520833,0.07675,10752000,4397343750.0,0.0364580000000001,1.4674918238993753
1983-07-22,2.513021,2.53125,2.494792,2.520833,0.07675,6352800,4448047170.0,0.00781199999999993,0.310860912025802
1983-07-25,2.510417,2.541667,2.5,2.53125,0.077067,6758400,4443438090.0,0.0208330000000001,0.8298621304747419
1983-07-26,2.5625,2.572917,2.541667,2.557292,0.07786,7536000,4535625000.0,-0.0052080000000001014,-0.20323902439024788
1983-07-27,2.557292,2.557292,2.489583,2.510417,0.076433,5930400,4526406840.0,-0.046875,-1.8329936510965508
1983-07-28,2.515625,2.520833,2.473958,2.479167,0.075481,5628000,4452656250.0,-0.0364580000000001,-1.4492621118012463
1983-07-29,2.479167,2.489583,2.421875,2.4375,0.074213,6784800,4388125590.0,-0.0416669999999999,-1.680685488311191
1983-08-01,2.447917,2.489583,2.447917,2.46875,0.075164,11721600,4332813090.0,0.0208330000000001,0.8510500968782888
1983-08-02,2.46875,2.5,2.46875,2.46875,0.075164,9708000,4369687500.0,0.0,0.0
1983-08-03,2.489583,2.526042,2.479167,2.526042,0.076908,3645600,4406561910.0,0.0364589999999998,1.4644621207647945
1983-08-04,2.520833,2.526042,2.458333,2.494792,0.075957,4809600,4461874410.0,-0.026041000000000203,-1.033031541557898
1983-08-05,2.479167,2.515625,2.479167,2.5,0.076116,6036000,4388125590.0,0.0208330000000001,0.8403225760910864
1983-08-08,2.489583,2.489583,2.453125,2.473958,0.075323,6854400,4406561910.0,-0.015625,-0.6276151467936598
1983-08-09,2.463542,2.526042,2.463542,2.526042,0.076908,4804800,4360469340.0,0.0625,2.5369975425627005
1983-08-10,2.479167,2.515625,2.479167,2.5,0.076116,4785600,4388125590.0,0.0208330000000001,0.8403225760910864
1983-08-11,2.5,2.5,2.447917,2.46875,0.075164,16214400,4425000000.0,-0.03125,-1.25
1983-08-12,2.46875,2.484375,2.463542,2.479167,0.075481,6523200,4369687500.0,0.010416999999999899,0.4219544303797427
1983-08-15,2.53125,2.53125,2.473958,2.515625,0.076591,4298400,4480312500.0,-0.015625,-0.6172839506172839
1983-08-16,2.520833,2.583333,2.515625,2.583333,0.078653,11270400,4461874410.0,0.0625,2.4793391708217083
1983-08-17,2.578125,2.619792,2.567708,2.619792,0.079763,6693600,4563281250.0,0.0416669999999999,1.6161745454545418
1983-08-18,2.609375,2.614583,2.572917,2.59375,0.07897,4471200,4618593750.0,-0.015625,-0.5988023952095809
1983-08-19,2.583333,2.614583,2.578125,2.609375,0.079446,3396000,4572499410.0,0.0260419999999999,1.0080775494293572
1983-08-22,2.619792,2.630208,2.598958,2.604167,0.079287,3957600,4637031840.0,-0.015625,-0.5964213952863433
1983-08-23,2.583333,2.583333,2.541667,2.541667,0.077384,6007200,4572499410.0,-0.0416660000000002,-1.6128776274680887
1983-08-24,2.546875,2.572917,2.546875,2.557292,0.07786,6290400,4507968750.0,0.010416999999999899,0.40901104294478136
1983-08-25,2.567708,2.598958,2.546875,2.583333,0.078653,3811200,4544843160.0,0.015625,0.6085193487733028
1983-08-26,2.583333,2.604167,2.5625,2.583333,0.078653,4437600,4572499410.0,0.0,0.0
1983-08-29,2.578125,2.59375,2.567708,2.583333,0.078653,2587200,4563281250.0,0.0052080000000001014,0.20200727272727667
1983-08-30,2.583333,2.583333,2.5625,2.578125,0.078494,4639200,4572499410.0,-0.0052080000000001014,-0.2016000260129105
1983-08-31,2.578125,2.609375,2.567708,2.598958,0.079128,4221600,4563281250.0,0.0208330000000001,0.8080678787878828
1983-09-01,2.604167,2.645833,2.604167,2.619792,0.079763,17076000,4609375590.0,0.015625,0.5999999232000098
1983-09-02,2.614583,2.640625,2.609375,2.635417,0.080239,3139200,4627811910.0,0.020833999999999797,0.7968383486008972
1983-09-06,2.661458,2.682292,2.640625,2.682292,0.081666,5023200,4710780660.0,0.020833999999999797,0.7828040119363069
1983-09-07,2.666667,2.677083,2.635417,2.671875,0.081348,4425600,4720000590.0,0.0052080000000001014,0.19529997558750686
1983-09-08,2.661458,2.677083,2.625,2.65625,0.080873,10137600,4710780660.0,-0.0052080000000001014,-0.1956822162889702
1983-09-09,2.635417,2.682292,2.630208,2.65625,0.081803,24760800,4664688090.0,0.0208330000000001,0.7905010857864279
1983-09-12,2.677083,2.697917,2.609375,2.619792,0.08068,3748800,4738436910.0,-0.0572910000000002,-2.1400531847537114
1983-09-13,2.619792,2.625,2.572917,2.598958,0.080039,2136000,4637031840.0,-0.020833999999999797,-0.7952539743613157
1983-09-14,2.609375,2.619792,2.583333,2.604167,0.080199,5102400,4618593750.0,-0.0052080000000001014,-0.1995880239520997
1983-09-15,2.614583,2.614583,2.59375,2.598958,0.080039,2592000,4627811910.0,-0.015625,-0.5976096379422645
1983-09-16,2.604167,2.65625,2.604167,2.640625,0.081322,7564800,4609375590.0,0.0364580000000001,1.3999870208016654
1983-09-19,2.640625,2.71875,2.640625,2.713542,0.083567,12571200,4673906250.0,0.0729169999999999,2.7613538461538423
1983-09-20,2.708333,2.755208,2.703125,2.75,0.08469,9955200,4793749410.0,0.0416669999999999,1.5384740355044928
1983-09-21,2.739583,2.744792,2.713542,2.713542,0.083567,5587200,4849061910.0,-0.026041000000000203,-0.9505461232603722
1983-09-22,2.723958,2.760417,2.703125,2.755208,0.084851,9148800,4821405660.0,0.03125,1.1472276738481284
1983-09-23,2.760417,2.78125,2.739583,2.765625,0.085171,7653600,4885938090.0,0.0052080000000001014,0.1886671470288765
1983-09-26,2.791667,2.8125,2.776042,2.8125,0.086615,6472800,4941250590.0,0.0208330000000001,0.7462566273126452
1983-09-27,2.802083,2.802083,2.755208,2.776042,0.085492,2688000,4959686910.0,-0.026041000000000203,-0.9293443484721973
1983-09-28,2.765625,2.776042,2.739583,2.75,0.08469,2601600,4895156250.0,-0.015625,-0.5649717514124294
1983-09-29,2.75,2.802083,2.75,2.791667,0.085973,7372800,4867500000.0,0.0416669999999999,1.5151636363636327
1983-09-30,2.78125,2.802083,2.770833,2.802083,0.086294,3122400,4922812500.0,0.0208330000000001,0.7490516853932621
1983-10-03,2.791667,2.8125,2.770833,2.791667,0.085973,8565600,4941250590.0,0.0,0.0
1983-10-04,2.791667,2.8125,2.78125,2.796875,0.086134,4840800,4941250590.0,0.0052080000000001014,0.1865552016053527
1983-10-05,2.796875,2.854167,2.791667,2.854167,0.087898,4963200,4950468750.0,0.0572919999999999,2.048429050279326
1983-10-06,2.854167,2.911458,2.84375,2.911458,0.089663,13545600,5051875590.0,0.0572910000000002,2.0072756779824097
1983-10-07,2.911458,2.932292,2.885417,2.927083,0.090144,8188800,5153280660.0,0.015625,0.5366726911396282
1983-10-10,2.916667,2.921875,2.895833,2.911458,0.089663,2757600,5162500590.0,-0.005208999999999797,-0.17859426530350558
1983-10-11,2.911458,2.911458,2.864583,2.864583,0.088219,4687200,5153280660.0,-0.046875,-1.6100180734188851
1983-10-12,2.854167,2.890625,2.833333,2.864583,0.088219,5829600,5051875590.0,0.010416000000000203,0.3649401033646666
1983-10-13,2.864583,2.890625,2.864583,2.885417,0.088861,2668800,5070311910.0,0.020833999999999797,0.72729608463081
1983-10-14,2.885417,2.932292,2.880208,2.932292,0.090304,6909600,5107188090.0,0.046875,1.6245485487886153
1983-10-17,2.921875,2.927083,2.895833,2.90625,0.089502,2961600,5171718750.0,-0.015625,-0.53475935828877
1983-10-18,2.895833,2.916667,2.859375,2.864583,0.088219,5083200,5125624410.0,-0.03125,-1.0791368148646694
1983-10-19,2.854167,2.901042,2.854167,2.890625,0.089021,3864000,5051875590.0,0.0364580000000001,1.2773604347608287
1983-10-20,2.880208,2.958333,2.880208,2.921875,0.089983,9117600,5097968160.0,0.0416669999999999,1.4466663518745833
1983-10-21,2.921875,2.953125,2.90625,2.953125,0.090946,8620800,5171718750.0,0.03125,1.06951871657754
1983-10-24,2.90625,2.9375,2.885417,2.921875,0.089983,8781600,5144062500.0,0.015625,0.5376344086021506
1983-10-25,2.932292,2.9375,2.885417,2.901042,0.089342,6556800,5190156840.0,-0.03125,-1.0657192394209036
1983-10-26,2.958333,2.958333,2.932292,2.9375,0.090465,12624000,5236249410.0,-0.0208330000000001,-0.7042141638551205
1983-10-27,2.942708,2.942708,2.901042,2.90625,0.089502,4392000,5208593160.0,-0.0364580000000001,-1.2389268660023387
1983-10-28,2.90625,2.90625,2.875,2.890625,0.089021,5265600,5144062500.0,-0.015625,-0.5376344086021506
1983-10-31,2.901042,2.901042,2.833333,2.84375,0.087577,8611200,5134844340.0,-0.0572919999999999,-1.9748766132996316
1983-11-01,2.848958,2.864583,2.828125,2.864583,0.088219,5407200,5042655660.0,0.015625,0.5484461336390357
1983-11-02,2.854167,2.875,2.84375,2.869792,0.088379,8496000,5051875590.0,0.015625,0.5474451915392478
1983-11-03,2.869792,2.869792,2.854167,2.859375,0.088059,3780000,5079531840.0,-0.010416999999999899,-0.36298797961663765
1983-11-04,2.859375,2.864583,2.8125,2.8125,0.086615,4370400,5061093750.0,-0.046875,-1.639344262295082
1983-11-07,2.796875,2.802083,2.765625,2.770833,0.085332,5112000,4950468750.0,-0.0260419999999999,-0.9311106145251361
1983-11-08,2.770833,2.791667,2.765625,2.78125,0.085653,6184800,4904374410.0,0.010416999999999899,0.37595192492654367
1983-11-09,2.78125,2.817708,2.770833,2.817708,0.086775,5148000,4922812500.0,0.0364580000000001,1.3108494382022509
1983-11-10,2.817708,2.885417,2.8125,2.854167,0.087898,8484000,4987343160.0,0.0364589999999998,1.293923997802462
1983-11-11,2.859375,2.911458,2.859375,2.895833,0.089181,4708800,5061093750.0,0.0364580000000001,1.2750338797814242
1983-11-14,2.885417,2.895833,2.875,2.880208,0.0887,4548000,5107188090.0,-0.005208999999999797,-0.1805284990003108
1983-11-15,2.875,2.890625,2.864583,2.875,0.08854,5556000,5088750000.0,0.0,0.0
1983-11-16,2.885417,2.911458,2.864583,2.911458,0.089663,3940800,5107188090.0,0.026041000000000203,0.9025038668587662
1983-11-17,2.911458,2.927083,2.90625,2.927083,0.090144,7020000,5153280660.0,0.015625,0.5366726911396282
1983-11-18,2.916667,2.921875,2.885417,2.885417,0.088861,7130400,5162500590.0,-0.03125,-1.071428448979606
1983-11-21,2.885417,2.90625,2.875,2.90625,0.089502,4749600,5107188090.0,0.0208330000000001,0.7220100248941523
1983-11-22,2.911458,2.916667,2.885417,2.885417,0.088861,4948800,5153280660.0,-0.026041000000000203,-0.8944315871978988
1983-11-23,2.895833,2.901042,2.859375,2.880208,0.0887,6571200,5125624410.0,-0.015625,-0.5395684074323347
1983-11-25,2.885417,2.895833,2.880208,2.895833,0.089181,5085600,5107188090.0,0.010416000000000203,0.3609876839292277
1983-11-28,2.895833,2.927083,2.875,2.895833,0.089181,5755200,5125624410.0,0.0,0.0
1983-11-29,2.875,2.973958,2.875,2.973958,0.091587,7723200,5088750000.0,0.0989580000000001,3.4420173913043515
1983-11-30,2.979167,3.010417,2.9375,2.9375,0.090465,6751200,5273125590.0,-0.0416669999999999,-1.3986124309244798
1983-12-01,2.927083,2.979167,2.927083,2.979167,0.091748,3888000,5180936910.0,0.0520839999999998,1.7793824090399826
1983-12-02,2.989583,2.994792,2.947917,2.96875,0.091427,11925600,5291561910.0,-0.0208330000000001,-0.696853039370377
1983-12-05,2.958333,2.973958,2.942708,2.973958,0.091587,4891200,5236249410.0,0.015625,0.5281690735965153
1983-12-06,2.979167,3.005208,2.973958,2.989583,0.092068,6050400,5273125590.0,0.010416000000000203,0.34962793290876953
1983-12-07,2.979167,3.005208,2.973958,2.984375,0.091908,2920800,5273125590.0,0.0052080000000001014,0.17481396645438477
1983-12-08,2.984375,3.005208,2.947917,2.947917,0.090785,12585600,5282343750.0,-0.0364580000000001,-1.2216293193717311
1983-12-09,2.9375,2.96875,2.916667,2.953125,0.091887,14071200,5199375000.0,0.015625,0.5319148936170213
1983-12-12,2.973958,3.0,2.963542,3.0,0.093346,8764800,5263905660.0,0.0260419999999999,0.8756680491116519
1983-12-13,2.989583,3.0,2.979167,2.989583,0.093022,6825600,5291561910.0,0.0,0.0
1983-12-14,2.989583,3.010417,2.989583,3.0,0.093346,8620800,5291561910.0,0.010416999999999899,0.3484432444257242
1983-12-15,2.989583,3.015625,2.984375,2.989583,0.093022,4221600,5291561910.0,0.0,0.0
1983-12-16,3.010417,3.010417,2.963542,2.989583,0.093022,9103200,5328438090.0,-0.020833999999999797,-0.6920635911901838
1983-12-19,3.0,3.005208,2.963542,2.979167,0.092698,3926400,5310000000.0,-0.0208330000000001,-0.6944333333333368
1983-12-20,2.989583,3.0,2.96875,2.979167,0.092698,4596000,5291561910.0,-0.010416000000000203,-0.3484097949446529
1983-12-21,2.994792,2.994792,2.984375,2.989583,0.093022,6962400,5300781840.0,-0.005208999999999797,-0.17393528498806587
1983-12-22,2.979167,3.005208,2.979167,3.005208,0.093508,4857600,5273125590.0,0.026041000000000203,0.8741033987017245
1983-12-23,3.0,3.010417,2.989583,3.0,0.093346,3998400,5310000000.0,0.0,0.0
1983-12-27,2.994792,3.015625,2.994792,3.0,0.093346,1670400,5300781840.0,0.0052080000000001014,0.1739018936874448
1983-12-28,2.989583,3.0,2.984375,3.0,0.093346,4816800,5291561910.0,0.010416999999999899,0.3484432444257242
1983-12-29,2.994792,3.005208,2.989583,3.0,0.093346,3364800,5300781840.0,0.0052080000000001014,0.1739018936874448
1983-12-30,2.994792,3.005208,2.989583,2.989583,0.093022,4027200,5300781840.0,-0.005208999999999797,-0.17393528498806587
1984-01-03,2.979167,3.0,2.96875,2.984375,0.09286,5042400,5273125590.0,0.0052080000000001014,0.17481396645438477
1984-01-04,2.979167,3.052083,2.96875,3.052083,0.094966,9393600,5273125590.0,0.0729160000000002,2.4475297960805893
1984-01-05,3.041667,3.046875,3.010417,3.036458,0.09448,11803200,5383750590.0,-0.005208999999999797,-0.17125477575289463
1984-01-06,3.015625,3.052083,3.015625,3.052083,0.094966,5488800,5337656250.0,0.0364580000000001,1.208969948186532
1984-01-09,3.041667,3.067708,3.041667,3.052083,0.094966,4346400,5383750590.0,0.010416000000000203,0.34244379808835756
1984-01-10,3.052083,3.088542,3.052083,3.072917,0.095615,4219200,5402186910.0,0.020833999999999797,0.6826157742105898
1984-01-11,3.072917,3.09375,3.072917,3.088542,0.096101,5556000,5439063090.0,0.015625,0.5084745211146282
1984-01-12,3.088542,3.098958,3.067708,3.067708,0.095453,6535200,5466719340.0,-0.020833999999999797,-0.6745577686817857
1984-01-13,3.083333,3.088542,3.046875,3.052083,0.094966,6520800,5457499410.0,-0.03125,-1.0135136230825539
1984-01-16,3.057292,3.067708,3.041667,3.057292,0.095129,6705600,5411406840.0,0.0,0.0
1984-01-17,3.067708,3.083333,3.067708,3.083333,0.095939,3504000,5429843160.0,0.015625,0.5093379161250028
1984-01-18,3.083333,3.088542,3.057292,3.078125,0.095777,11100000,5457499410.0,-0.0052080000000001014,-0.16890812636844937
1984-01-19,3.078125,3.078125,3.067708,3.072917,0.095615,5196000,5448281250.0,-0.0052080000000001014,-0.16919390862944492
1984-01-20,3.072917,3.078125,3.0625,3.072917,0.095615,4651200,5439063090.0,0.0,0.0
1984-01-23,3.0625,3.067708,3.052083,3.052083,0.094966,4531200,5420625000.0,-0.010416999999999899,-0.3401469387755069
1984-01-24,3.052083,3.067708,3.046875,3.057292,0.095129,2844000,5402186910.0,0.005208999999999797,0.1706703258069914
1984-01-25,3.072917,3.088542,3.072917,3.078125,0.095777,4296000,5439063090.0,0.0052080000000001014,0.16948065958176228
1984-01-26,3.078125,3.09375,3.078125,3.088542,0.096101,3127200,5448281250.0,0.010416999999999899,0.3384203045685246
1984-01-27,3.09375,3.119792,3.083333,3.104167,0.096587,5172000,5475937500.0,0.010416999999999899,0.3367111111111078
1984-01-30,3.114583,3.135417,3.09375,3.09375,0.096263,7528800,5512811910.0,-0.0208330000000001,-0.6688856903155286
1984-01-31,3.114583,3.114583,3.09375,3.098958,0.096425,17174400,5512811910.0,-0.015625,-0.5016722944933559
1984-02-01,3.098958,3.109375,3.052083,3.067708,0.095453,15679200,5485155660.0,-0.03125,-1.0084034698114657
1984-02-02,3.0625,3.0625,3.005208,3.026042,0.094156,11736000,5420625000.0,-0.0364580000000001,-1.1904653061224524
1984-02-03,3.036458,3.052083,2.942708,2.942708,0.091563,8707200,5374530660.0,-0.09375,-3.087478898110891
1984-02-06,2.895833,2.9375,2.875,2.880208,0.089619,9072000,5125624410.0,-0.015625,-0.5395684074323347
1984-02-07,2.880208,2.927083,2.833333,2.927083,0.091077,8325600,5097968160.0,0.046875,1.6274866259659022
1984-02-08,2.916667,2.921875,2.864583,2.869792,0.089294,6372000,5162500590.0,-0.046875,-1.6071426734694088
1984-02-09,2.875,2.921875,2.875,2.90625,0.090429,9758400,5088750000.0,0.03125,1.0869565217391304
1984-02-10,2.901042,2.932292,2.895833,2.90625,0.090429,6511200,5134844340.0,0.0052080000000001014,0.1795217028915852
1984-02-13,2.916667,2.9375,2.895833,2.911458,0.090591,4274400,5162500590.0,-0.005208999999999797,-0.17859426530350558
1984-02-14,2.916667,2.942708,2.911458,2.916667,0.090753,4989600,5162500590.0,0.0,0.0
1984-02-15,2.90625,2.9375,2.895833,2.901042,0.090267,4687200,5144062500.0,-0.0052080000000001014,-0.1792000000000035
1984-02-16,2.890625,2.890625,2.859375,2.875,0.089457,6364800,5116406250.0,-0.015625,-0.5405405405405406
1984-02-17,2.864583,2.875,2.833333,2.833333,0.08816,2678400,5070311910.0,-0.03125,-1.0909092178512543
1984-02-21,2.833333,2.833333,2.802083,2.807292,0.08735,6720000,5014999410.0,-0.026041000000000203,-0.9190942257757984
1984-02-22,2.807292,2.848958,2.802083,2.817708,0.087674,8896800,4968906840.0,0.010416000000000203,0.3710337221778213
1984-02-23,2.822917,2.833333,2.791667,2.833333,0.08816,8750400,4996563090.0,0.010416000000000203,0.36898003023114756
1984-02-24,2.854167,2.880208,2.854167,2.875,0.089457,6288000,5051875590.0,0.0208330000000001,0.729915243221581
1984-02-27,2.885417,2.911458,2.869792,2.890625,0.089943,6468000,5107188090.0,0.0052080000000001014,0.18049384196461385
1984-02-28,2.890625,2.890625,2.84375,2.869792,0.089294,5371200,5116406250.0,-0.0208330000000001,-0.7207091891891927
1984-02-29,2.848958,2.854167,2.828125,2.84375,0.088484,11611200,5042655660.0,-0.0052080000000001014,-0.18280367769549782
1984-03-01,2.854167,2.885417,2.854167,2.880208,0.089619,5208000,5051875590.0,0.026041000000000203,0.9123852949039143
1984-03-02,2.895833,2.911458,2.895833,2.90625,0.090429,7552800,5125624410.0,0.010416999999999899,0.35972378241424485
1984-03-05,2.90625,2.90625,2.880208,2.885417,0.089781,4478400,5144062500.0,-0.0208330000000001,-0.7168344086021541
1984-03-06,2.869792,2.885417,2.864583,2.864583,0.089132,8481600,5079531840.0,-0.005208999999999797,-0.18151141267380344
1984-03-07,2.833333,2.833333,2.791667,2.833333,0.08816,10260000,5014999410.0,0.0,0.0
1984-03-08,2.822917,2.833333,2.78125,2.786458,0.086701,12477600,4996563090.0,-0.0364589999999998,-1.2915363788591658
1984-03-09,2.75,2.755208,2.604167,2.682292,0.084535,20676000,4867500000.0,-0.0677080000000001,-2.462109090909095
1984-03-12,2.713542,2.744792,2.692708,2.739583,0.08634,7284000,4802969340.0,0.026041000000000203,0.9596682122480582
1984-03-13,2.760417,2.770833,2.708333,2.713542,0.08552,7828800,4885938090.0,-0.046875,-1.698113002492015
1984-03-14,2.703125,2.71875,2.6875,2.697917,0.085027,6326400,4784531250.0,-0.0052080000000001014,-0.192665895953761
1984-03-15,2.697917,2.75,2.697917,2.744792,0.086504,8246400,4775313090.0,0.046875,1.7374515227859124
1984-03-16,2.770833,2.791667,2.75,2.770833,0.087325,8863200,4904374410.0,0.0,0.0
1984-03-19,2.755208,2.760417,2.734375,2.760417,0.086997,4514400,4876718160.0,0.005208999999999797,0.1890601362946027
1984-03-20,2.770833,2.791667,2.765625,2.78125,0.087654,5428800,4904374410.0,0.010416999999999899,0.37595192492654367
1984-03-21,2.776042,2.776042,2.739583,2.770833,0.087325,5054400,4913594340.0,-0.005208999999999797,-0.18764125326633377
1984-03-22,2.78125,2.791667,2.765625,2.78125,0.087654,3093600,4922812500.0,0.0,0.0
1984-03-23,2.78125,2.796875,2.770833,2.791667,0.087982,5032800,4922812500.0,0.010416999999999899,0.37454382022471544
1984-03-26,2.796875,2.796875,2.78125,2.791667,0.087982,3470400,4950468750.0,-0.0052080000000001014,-0.18620782122905388
1984-03-27,2.770833,2.796875,2.770833,2.791667,0.087982,1848000,4904374410.0,0.020833999999999797,0.7519038498530873
1984-03-28,2.776042,2.796875,2.770833,2.796875,0.088146,4572000,4913594340.0,0.0208330000000001,0.7504569455361303
1984-03-29,2.791667,2.822917,2.791667,2.796875,0.088146,5956800,4941250590.0,0.0052080000000001014,0.1865552016053527
1984-03-30,2.807292,2.822917,2.796875,2.8125,0.088638,3148800,4968906840.0,0.0052080000000001014,0.18551686108891066
1984-04-02,2.8125,2.838542,2.8125,2.822917,0.088967,3700800,4978125000.0,0.010416999999999899,0.3703822222222186
1984-04-03,2.822917,2.833333,2.802083,2.8125,0.088638,2337600,4996563090.0,-0.010416999999999899,-0.36901545458119733
1984-04-04,2.807292,2.807292,2.744792,2.75,0.086669,3160800,4968906840.0,-0.0572919999999999,-2.0408279580463984
1984-04-05,2.760417,2.760417,2.692708,2.697917,0.085027,4675200,4885938090.0,-0.0625,-2.264150669989353
1984-04-06,2.713542,2.744792,2.703125,2.729167,0.086012,3916800,4802969340.0,0.015625,0.5758156682299371
1984-04-09,2.729167,2.75,2.713542,2.75,0.086669,4600800,4830625590.0,0.0208330000000001,0.7633464716523432
1984-04-10,2.760417,2.765625,2.713542,2.723958,0.085848,4279200,4885938090.0,-0.0364589999999998,-1.320778708434262
1984-04-11,2.723958,2.734375,2.723958,2.723958,0.085848,1696800,4821405660.0,0.0,0.0
1984-04-12,2.723958,2.729167,2.6875,2.71875,0.085684,4142400,4821405660.0,-0.0052080000000001014,-0.19119237521283738
1984-04-13,2.75,2.786458,2.734375,2.755208,0.086833,8100000,4867500000.0,0.0052080000000001014,0.18938181818182187
1984-04-16,2.744792,2.744792,2.6875,2.703125,0.085191,14930400,4858281840.0,-0.0416669999999999,-1.518038525323591
1984-04-17,2.708333,2.708333,2.65625,2.677083,0.084371,19507200,4793749410.0,-0.03125,-1.1538462958580056
1984-04-18,2.682292,2.682292,2.625,2.645833,0.083386,17335200,4747656840.0,-0.0364589999999998,-1.3592479864235438
1984-04-19,2.630208,2.635417,2.609375,2.625,0.082729,7104000,4655468160.0,-0.0052080000000001014,-0.19800715380685108
1984-04-23,2.619792,2.625,2.588542,2.625,0.082729,4653600,4637031840.0,0.0052080000000001014,0.19879440810568555
1984-04-24,2.625,2.697917,2.625,2.677083,0.084371,9655200,4646250000.0,0.0520830000000001,1.9841142857142897
1984-04-25,2.677083,2.739583,2.677083,2.713542,0.08552,3751200,4738436910.0,0.0364589999999998,1.3618927765780813
1984-04-26,2.734375,2.744792,2.71875,2.744792,0.086504,4915200,4839843750.0,0.010416999999999899,0.3809645714285677
1984-04-27,2.744792,2.776042,2.661458,2.666667,0.084042,9312000,4858281840.0,-0.078125,-2.8462994645860236
1984-04-30,2.671875,2.713542,2.671875,2.708333,0.085355,5426400,4729218750.0,0.0364580000000001,1.3645099415204718
1984-05-01,2.713542,2.75,2.713542,2.729167,0.086012,12696000,4802969340.0,0.015625,0.5758156682299371
1984-05-02,2.739583,2.744792,2.71875,2.739583,0.08634,7860000,4849061910.0,0.0,0.0
1984-05-03,2.729167,2.770833,2.723958,2.770833,0.087325,3972000,4830625590.0,0.0416660000000002,1.5266929433046863
1984-05-04,2.78125,2.796875,2.739583,2.75,0.086669,8131200,4922812500.0,-0.03125,-1.1235955056179776
1984-05-07,2.75,2.8125,2.75,2.796875,0.088146,4034400,4867500000.0,0.046875,1.7045454545454544
1984-05-08,2.791667,2.8125,2.786458,2.802083,0.08831,4531200,4941250590.0,0.010416000000000203,0.3731104032107054
1984-05-09,2.802083,2.828125,2.786458,2.817708,0.088803,4735200,4959686910.0,0.015625,0.557620884177949
1984-05-10,2.807292,2.817708,2.791667,2.791667,0.087982,2872800,4968906840.0,-0.015625,-0.5565862047838273
1984-05-11,2.791667,2.802083,2.729167,2.770833,0.087325,8239200,4941250590.0,-0.020833999999999797,-0.7462924482038795
1984-05-14,2.75,2.776042,2.71875,2.723958,0.085848,3844800,4867500000.0,-0.0260419999999999,-0.9469818181818145
1984-05-15,2.729167,2.75,2.708333,2.734375,0.086176,5637600,4830625590.0,0.0052080000000001014,0.19082745760886385
1984-05-16,2.744792,2.755208,2.708333,2.755208,0.086833,3108000,4858281840.0,0.010416000000000203,0.37948230685604606
1984-05-17,2.755208,2.776042,2.71875,2.734375,0.086176,4473600,4876718160.0,-0.0208330000000001,-0.75613166047718
1984-05-18,2.723958,2.729167,2.666667,2.677083,0.084371,7408800,4821405660.0,-0.046875,-1.7208415107721924
1984-05-21,2.682292,2.708333,2.666667,2.677083,0.084371,4195200,4747656840.0,-0.005208999999999797,-0.1941995875169369
1984-05-22,2.682292,2.713542,2.682292,2.697917,0.085027,6122400,4747656840.0,0.015625,0.5825241994533035
1984-05-23,2.708333,2.708333,2.677083,2.682292,0.084535,6266400,4793749410.0,-0.026041000000000203,-0.9615139644940339
1984-05-24,2.677083,2.682292,2.65625,2.666667,0.084042,4696800,4738436910.0,-0.010416000000000203,-0.3890802040878151
1984-05-25,2.65625,2.661458,2.630208,2.635417,0.083057,6012000,4701562500.0,-0.0208330000000001,-0.784301176470592
1984-05-29,2.635417,2.640625,2.604167,2.619792,0.082565,3520800,4664688090.0,-0.015625,-0.5928853005046261
1984-05-30,2.635417,2.682292,2.635417,2.671875,0.084206,6434400,4664688090.0,0.0364580000000001,1.3833863862910538
1984-05-31,2.661458,2.682292,2.651042,2.671875,0.084206,4912800,4710780660.0,0.010416999999999899,0.39140200596815344
1984-06-01,2.708333,2.71875,2.692708,2.713542,0.08552,8971200,4793749410.0,0.005208999999999797,0.19233233136397174
1984-06-04,2.760417,2.78125,2.739583,2.765625,0.087161,8892000,4885938090.0,0.0052080000000001014,0.1886671470288765
1984-06-05,2.760417,2.786458,2.75,2.78125,0.087654,4327200,4885938090.0,0.0208330000000001,0.7547048145262147
1984-06-06,2.770833,2.817708,2.770833,2.802083,0.08831,6751200,4904374410.0,0.03125,1.1278196845497364
1984-06-07,2.8125,2.838542,2.78125,2.791667,0.087982,15600000,4978125000.0,-0.0208330000000001,-0.7407288888888924
1984-06-08,2.802083,2.817708,2.78125,2.817708,0.088803,8678400,4959686910.0,0.015625,0.557620884177949
1984-06-11,2.791667,2.791667,2.723958,2.739583,0.087439,11764800,4941250590.0,-0.0520839999999998,-1.8656952996184646
1984-06-12,2.723958,2.734375,2.677083,2.697917,0.08611,8085600,4821405660.0,-0.026041000000000203,-0.9559985873497389
1984-06-13,2.697917,2.71875,2.6875,2.713542,0.086608,7888800,4775313090.0,0.015625,0.5791505075953042
1984-06-14,2.71875,2.755208,2.713542,2.739583,0.087439,6909600,4812187500.0,0.0208330000000001,0.7662712643678198
1984-06-15,2.770833,2.770833,2.75,2.755208,0.087938,5784000,4904374410.0,-0.015625,-0.5639098422748682
1984-06-18,2.739583,2.791667,2.723958,2.776042,0.088603,8942400,4849061910.0,0.0364589999999998,1.3308229756134344
1984-06-19,2.786458,2.84375,2.78125,2.838542,0.090598,15403200,4932030660.0,0.0520839999999998,1.8691830273415138
1984-06-20,2.822917,2.833333,2.796875,2.833333,0.090432,10845600,4996563090.0,0.010416000000000203,0.36898003023114756
1984-06-21,2.822917,2.84375,2.802083,2.802083,0.089434,7329600,4996563090.0,-0.020833999999999797,-0.7380309091623947
1984-06-22,2.796875,2.854167,2.796875,2.84375,0.090764,7027200,4950468750.0,0.046875,1.675977653631285
1984-06-25,2.838542,2.895833,2.838542,2.875,0.091761,7658400,5024219340.0,0.0364580000000001,1.28439177577785
1984-06-26,2.880208,2.90625,2.880208,2.885417,0.092094,10672800,5097968160.0,0.005208999999999797,0.18085499380599585
1984-06-27,2.885417,2.916667,2.864583,2.875,0.091761,8522400,5107188090.0,-0.010416999999999899,-0.3610223409649246
1984-06-28,2.869792,2.880208,2.817708,2.822917,0.090099,3919200,5079531840.0,-0.046875,-1.6333936396784159
1984-06-29,2.822917,2.901042,2.817708,2.885417,0.092094,4752000,4996563090.0,0.0625,2.2140218787870847
1984-07-02,2.869792,2.890625,2.864583,2.890625,0.09226,3928800,5079531840.0,0.0208330000000001,0.7259411135023062
1984-07-03,2.890625,2.895833,2.869792,2.875,0.091761,5868000,5116406250.0,-0.015625,-0.5405405405405406
1984-07-05,2.895833,2.916667,2.895833,2.895833,0.092426,5964000,5125624410.0,0.0,0.0
1984-07-06,2.916667,2.916667,2.90625,2.911458,0.092925,6405600,5162500590.0,-0.005208999999999797,-0.17859426530350558
1984-07-09,2.911458,2.932292,2.890625,2.90625,0.092759,9021600,5153280660.0,-0.0052080000000001014,-0.17887944802913527
1984-07-10,2.90625,2.90625,2.880208,2.890625,0.09226,7022400,5144062500.0,-0.015625,-0.5376344086021506
1984-07-11,2.864583,2.869792,2.848958,2.854167,0.091097,7041600,5070311910.0,-0.010416000000000203,-0.3636131332204444
1984-07-12,2.848958,2.864583,2.838542,2.848958,0.09093,3163200,5042655660.0,0.0,0.0
1984-07-13,2.854167,2.901042,2.854167,2.880208,0.091928,2781600,5051875590.0,0.026041000000000203,0.9123852949039143
1984-07-16,2.885417,2.890625,2.864583,2.880208,0.091928,2421600,5107188090.0,-0.005208999999999797,-0.1805284990003108
1984-07-17,2.880208,2.895833,2.875,2.895833,0.092426,3256800,5097968160.0,0.015625,0.5424955419886341
1984-07-18,2.90625,2.90625,2.848958,2.848958,0.09093,1615200,5144062500.0,-0.0572919999999999,-1.9713376344085987
1984-07-19,2.854167,2.885417,2.854167,2.875,0.091761,3811200,5051875590.0,0.0208330000000001,0.729915243221581
1984-07-20,2.869792,2.875,2.854167,2.859375,0.091263,5402400,5079531840.0,-0.010416999999999899,-0.36298797961663765
1984-07-23,2.833333,2.84375,2.822917,2.833333,0.090432,3168000,5014999410.0,0.0,0.0
1984-07-24,2.833333,2.838542,2.8125,2.828125,0.090265,2515200,5014999410.0,-0.0052080000000001014,-0.18381178633080197
1984-07-25,2.817708,2.859375,2.802083,2.848958,0.09093,3393600,4987343160.0,0.03125,1.1090574324947793
1984-07-26,2.854167,2.890625,2.84375,2.890625,0.09226,3715200,5051875590.0,0.0364580000000001,1.2773604347608287
1984-07-27,2.895833,2.90625,2.869792,2.869792,0.091595,3986400,5125624410.0,-0.026041000000000203,-0.8992576574685144
1984-07-30,2.875,2.875,2.833333,2.84375,0.090764,3470400,5088750000.0,-0.03125,-1.0869565217391304
1984-07-31,2.833333,2.848958,2.8125,2.84375,0.090764,2284800,5014999410.0,0.010416999999999899,0.3676588667833925
1984-08-01,2.864583,2.973958,2.864583,2.953125,0.094255,7617600,5070311910.0,0.0885419999999999,3.090921086943541
1984-08-02,3.0,3.072917,2.979167,3.067708,0.097912,11162400,5310000000.0,0.0677080000000001,2.256933333333337
1984-08-03,3.109375,3.15625,3.09375,3.130208,0.099907,15998400,5503593750.0,0.0208330000000001,0.6700060301507571
1984-08-06,3.119792,3.161458,3.067708,3.083333,0.098411,8594400,5522031840.0,-0.0364589999999998,-1.1686356013477757
1984-08-07,3.072917,3.114583,3.052083,3.114583,0.099408,6724800,5439063090.0,0.0416660000000002,1.355910361392781
1984-08-08,3.104167,3.161458,3.052083,3.052083,0.097413,6160800,5494375590.0,-0.0520839999999998,-1.6778736453289982
1984-08-09,3.0625,3.1875,3.057292,3.166667,0.101071,6168000,5420625000.0,0.1041669999999999,3.401371428571425
1984-08-10,3.182292,3.229167,3.135417,3.177083,0.101403,8023200,5632656840.0,-0.005208999999999797,-0.16368705323080965
1984-08-13,3.15625,3.166667,3.130208,3.15625,0.100738,4118400,5586562500.0,0.0,0.0
1984-08-14,3.151042,3.182292,3.119792,3.119792,0.099575,5623200,5577344340.0,-0.03125,-0.991735432279227
1984-08-15,3.114583,3.114583,3.046875,3.046875,0.097247,4761600,5512811910.0,-0.0677080000000001,-2.1739025737955964
1984-08-16,3.052083,3.130208,3.052083,3.09375,0.098743,4915200,5402186910.0,0.0416669999999999,1.3651987839124917
1984-08-17,3.09375,3.109375,3.041667,3.046875,0.097247,5320800,5475937500.0,-0.046875,-1.5151515151515151
1984-08-20,3.046875,3.083333,3.020833,3.083333,0.098411,5892000,5392968750.0,0.0364580000000001,1.1965702564102598
1984-08-21,3.125,3.161458,3.125,3.15625,0.100738,16094400,5531250000.0,0.03125,1.0
1984-08-22,3.1875,3.21875,3.161458,3.166667,0.101071,12758400,5641875000.0,-0.0208330000000001,-0.6535843137254933
1984-08-23,3.166667,3.192708,3.15625,3.1875,0.101736,2868000,5605000590.0,0.0208330000000001,0.6578841412753568
1984-08-24,3.197917,3.197917,3.15625,3.166667,0.101071,2431200,5660313090.0,-0.03125,-0.9771985952105698
1984-08-27,3.15625,3.15625,3.083333,3.109375,0.099242,6052800,5586562500.0,-0.046875,-1.4851485148514851
1984-08-28,3.109375,3.203125,3.109375,3.203125,0.102234,4408800,5503593750.0,0.09375,3.015075376884422
1984-08-29,3.208333,3.25,3.203125,3.213542,0.102567,8712000,5678749410.0,0.005208999999999797,0.16235845842684649
1984-08-30,3.208333,3.229167,3.192708,3.192708,0.101902,4816800,5678749410.0,-0.015625,-0.48701303761174414
1984-08-31,3.182292,3.182292,3.135417,3.171875,0.101237,3523200,5632656840.0,-0.010416999999999899,-0.3273426825696667
1984-09-04,3.166667,3.166667,3.114583,3.125,0.099741,3830400,5605000590.0,-0.0416669999999999,-1.3157998614947481
1984-09-05,3.104167,3.145833,3.09375,3.145833,0.100406,4430400,5494375590.0,0.0416660000000002,1.3422602585492405
1984-09-06,3.15625,3.21875,3.151042,3.208333,0.1024,5630400,5586562500.0,0.0520830000000001,1.6501544554455478
1984-09-07,3.21875,3.229167,3.1875,3.1875,0.101736,4574400,5697187500.0,-0.03125,-0.9708737864077669
1984-09-10,3.135417,3.197917,3.125,3.171875,0.102374,4195200,5549688090.0,0.0364580000000001,1.1627799428273848
1984-09-11,3.197917,3.213542,3.177083,3.177083,0.102542,5961600,5660313090.0,-0.020833999999999797,-0.6514865770437381
1984-09-12,3.171875,3.182292,3.161458,3.182292,0.102711,4711200,5614218750.0,0.010416999999999899,0.3284177339901446
1984-09-13,3.182292,3.244792,3.177083,3.244792,0.104728,12216000,5632656840.0,0.0625,1.963993247634095
1984-09-14,3.255208,3.265625,3.213542,3.213542,0.103719,8462400,5761718160.0,-0.0416660000000002,-1.2799796510699224
1984-09-17,3.203125,3.223958,3.192708,3.21875,0.103887,4756800,5669531250.0,0.015625,0.4878048780487805
1984-09-18,3.213542,3.21875,3.177083,3.192708,0.103047,8013600,5687969340.0,-0.020833999999999797,-0.6483188954742087
1984-09-19,3.177083,3.213542,3.171875,3.197917,0.103215,7440000,5623436910.0,0.020833999999999797,0.6557587573255025
1984-09-20,3.21875,3.291667,3.213542,3.270833,0.105568,5925600,5697187500.0,0.0520830000000001,1.6181126213592265
1984-09-21,3.276042,3.291667,3.229167,3.229167,0.104223,6662400,5798594340.0,-0.046875,-1.4308424617266813
1984-09-24,3.21875,3.239583,3.208333,3.208333,0.103551,4399200,5697187500.0,-0.010416999999999899,-0.3236349514563075
1984-09-25,3.208333,3.265625,3.203125,3.244792,0.104728,4855200,5678749410.0,0.0364589999999998,1.1363845336503349
1984-09-26,3.244792,3.286458,3.239583,3.25,0.104896,7756800,5743281840.0,0.0052080000000001014,0.16050335429821394
1984-09-27,3.260417,3.28125,3.255208,3.265625,0.1054,1317600,5770938090.0,0.0052080000000001014,0.15973416897286763
1984-09-28,3.260417,3.260417,3.239583,3.25,0.104896,3374400,5770938090.0,-0.010416999999999899,-0.3194990088691078
1984-10-01,3.239583,3.270833,3.229167,3.25,0.104896,4644000,5734061910.0,0.010416999999999899,0.3215537308351074
1984-10-02,3.239583,3.244792,3.166667,3.166667,0.102206,4248000,5734061910.0,-0.0729160000000002,-2.250783511334644
1984-10-03,3.151042,3.15625,3.109375,3.140625,0.101366,6194400,5577344340.0,-0.010416999999999899,-0.33058905593768345
1984-10-04,3.151042,3.161458,3.125,3.140625,0.101366,2671200,5577344340.0,-0.010416999999999899,-0.33058905593768345
1984-10-05,3.151042,3.15625,3.130208,3.135417,0.101198,3532800,5577344340.0,-0.015625,-0.4958677161396135
1984-10-08,3.140625,3.140625,3.114583,3.130208,0.10103,1156800,5558906250.0,-0.010416999999999899,-0.3316855721393003
1984-10-09,3.145833,3.15625,3.083333,3.104167,0.100189,4809600,5568124410.0,-0.0416660000000002,-1.3244822595477954
1984-10-10,3.114583,3.145833,3.078125,3.145833,0.101534,7272000,5512811910.0,0.03125,1.0033445889867119
1984-10-11,3.15625,3.161458,3.125,3.135417,0.101198,4888800,5586562500.0,-0.0208330000000001,-0.6600554455445576
1984-10-12,3.140625,3.197917,3.140625,3.197917,0.103215,3544800,5558906250.0,0.0572919999999999,1.824222885572136
1984-10-15,3.208333,3.265625,3.208333,3.244792,0.104728,3832800,5678749410.0,0.0364589999999998,1.1363845336503349
1984-10-16,3.265625,3.307292,3.260417,3.270833,0.105568,7564800,5780156250.0,0.0052080000000001014,0.15947942583732366
1984-10-17,3.270833,3.302083,3.270833,3.286458,0.106073,3244800,5789374410.0,0.015625,0.47770705505294825
1984-10-18,3.276042,3.348958,3.255208,3.348958,0.10809,4898400,5798594340.0,0.0729160000000002,2.2257345907042767
1984-10-19,3.380208,3.380208,3.3125,3.354167,0.108258,9117600,5982968160.0,-0.026041000000000203,-0.7703963779743792
1984-10-22,3.348958,3.369792,3.333333,3.354167,0.108258,2786400,5927655660.0,0.005208999999999797,0.155540917503289
1984-10-23,3.354167,3.385417,3.348958,3.364583,0.108594,4634400,5936875590.0,0.010416000000000203,0.31053909957376014
1984-10-24,3.359375,3.385417,3.322917,3.322917,0.107249,5995200,5946093750.0,-0.0364580000000001,-1.0852613953488401
1984-10-25,3.328125,3.328125,3.260417,3.260417,0.105232,3127200,5890781250.0,-0.0677080000000001,-2.034418779342726
1984-10-26,3.25,3.276042,3.229167,3.270833,0.105568,2904000,5752500000.0,0.0208330000000001,0.6410153846153877
1984-10-29,3.270833,3.291667,3.260417,3.276042,0.105736,1646400,5789374410.0,0.005208999999999797,0.15925606718532548
1984-10-30,3.291667,3.348958,3.291667,3.348958,0.10809,4795200,5826250590.0,0.0572910000000002,1.7404858996976365
1984-10-31,3.333333,3.348958,3.317708,3.328125,0.107417,3607200,5899999410.0,-0.0052080000000001014,-0.1562400156240046
1984-11-01,3.338542,3.416667,3.338542,3.40625,0.109939,8896800,5909219340.0,0.0677080000000001,2.028070936354855
1984-11-02,3.395833,3.40625,3.34375,3.364583,0.108594,3741600,6010624410.0,-0.03125,-0.9202454891038516
1984-11-05,3.354167,3.375,3.338542,3.354167,0.108258,3055200,5936875590.0,0.0,0.0
1984-11-06,3.354167,3.380208,3.348958,3.380208,0.109098,4783200,5936875590.0,0.026041000000000203,0.7763775625960246
1984-11-07,3.395833,3.395833,3.333333,3.375,0.10893,6316800,6010624410.0,-0.0208330000000001,-0.6134871767840203
1984-11-08,3.369792,3.401042,3.364583,3.401042,0.109771,4550400,5964531840.0,0.03125,0.9273569407251249
1984-11-09,3.416667,3.421875,3.359375,3.359375,0.108426,2476800,6047500590.0,-0.0572919999999999,-1.6768388607962057
1984-11-12,3.359375,3.359375,3.328125,3.359375,0.108426,3451200,5946093750.0,0.0,0.0
1984-11-13,3.369792,3.369792,3.338542,3.348958,0.10809,3182400,5964531840.0,-0.020833999999999797,-0.618257744098146
1984-11-14,3.338542,3.380208,3.333333,3.369792,0.108762,3744000,5909219340.0,0.03125,0.9360373480399528
1984-11-15,3.369792,3.411458,3.369792,3.390625,0.109435,5815200,5964531840.0,0.0208330000000001,0.618228068676052
1984-11-16,3.390625,3.401042,3.302083,3.3125,0.106913,7476000,6001406250.0,-0.078125,-2.3041474654377883
1984-11-19,3.34375,3.34375,3.317708,3.322917,0.107249,5546400,5918437500.0,-0.0208330000000001,-0.6230429906542087
1984-11-20,3.328125,3.369792,3.328125,3.364583,0.108594,4800000,5890781250.0,0.0364580000000001,1.0954516431924914
1984-11-21,3.354167,3.375,3.34375,3.369792,0.108762,3753600,5936875590.0,0.015625,0.46583846302226456
1984-11-23,3.369792,3.46875,3.369792,3.463542,0.111788,5858400,5964531840.0,0.09375,2.7820708221753745
1984-11-26,3.463542,3.463542,3.40625,3.40625,0.109939,6264000,6130469340.0,-0.0572919999999999,-1.6541448032101214
1984-11-27,3.40625,3.463542,3.395833,3.453125,0.111452,6600000,6029062500.0,0.046875,1.3761467889908259
1984-11-28,3.458333,3.458333,3.375,3.380208,0.109098,7766400,6121249410.0,-0.078125,-2.259036362316758
1984-11-29,3.364583,3.364583,3.317708,3.333333,0.107586,11673600,5955311910.0,-0.03125,-0.9287926616760531
1984-11-30,3.317708,3.375,3.317708,3.375,0.10893,6873600,5872343160.0,0.0572919999999999,1.7268548045819552
1984-12-03,3.375,3.375,3.338542,3.348958,0.10809,6422400,5973750000.0,-0.0260419999999999,-0.7716148148148118
1984-12-04,3.348958,3.359375,3.34375,3.34375,0.107922,4382400,5927655660.0,-0.0052080000000001014,-0.1555110574692218
1984-12-05,3.348958,3.348958,3.322917,3.328125,0.107417,5112000,5927655660.0,-0.0208330000000001,-0.6220740899109545
1984-12-06,3.328125,3.364583,3.317708,3.354167,0.108258,4317600,5890781250.0,0.0260419999999999,0.7824826291079782
1984-12-07,3.348958,3.354167,3.291667,3.296875,0.106409,9698400,5927655660.0,-0.0520830000000001,-1.5552001547944196
1984-12-10,3.25,3.291667,3.25,3.265625,0.106545,7533600,5752500000.0,0.015625,0.4807692307692308
1984-12-11,3.270833,3.286458,3.265625,3.270833,0.106715,4965600,5789374410.0,0.0,0.0
1984-12-12,3.270833,3.270833,3.25,3.255208,0.106205,3444000,5789374410.0,-0.015625,-0.47770705505294825
1984-12-13,3.244792,3.260417,3.213542,3.213542,0.104846,4099200,5743281840.0,-0.03125,-0.9630817630220982
1984-12-14,3.213542,3.270833,3.213542,3.239583,0.105695,7502400,5687969340.0,0.026041000000000203,0.8103519418759799
1984-12-17,3.239583,3.286458,3.234375,3.286458,0.107224,5901600,5734061910.0,0.046875,1.4469454865024294
1984-12-18,3.291667,3.375,3.291667,3.375,0.110113,12153600,5826250590.0,0.0833330000000001,2.531635186669858
1984-12-19,3.380208,3.380208,3.34375,3.354167,0.109434,9660000,5982968160.0,-0.026041000000000203,-0.7703963779743792
1984-12-20,3.369792,3.380208,3.307292,3.322917,0.108414,6576000,5964531840.0,-0.046875,-1.3910354110876872
1984-12-21,3.3125,3.333333,3.270833,3.3125,0.108074,8604000,5863125000.0,0.0,0.0
1984-12-24,3.34375,3.348958,3.333333,3.338542,0.108924,3808800,5918437500.0,-0.0052080000000001014,-0.1557532710280404
1984-12-26,3.333333,3.333333,3.3125,3.317708,0.108244,2186400,5899999410.0,-0.015625,-0.46875004687500466
1984-12-27,3.317708,3.317708,3.276042,3.286458,0.107224,6501600,5872343160.0,-0.03125,-0.9419153222646477
1984-12-28,3.286458,3.348958,3.286458,3.338542,0.108924,4084800,5817030660.0,0.0520839999999998,1.5848064998852804
1984-12-31,3.333333,3.369792,3.333333,3.359375,0.109603,6084000,5899999410.0,0.0260419999999999,0.7812600781260047
1985-01-02,3.359375,3.359375,3.307292,3.307292,0.107904,4207200,5946093750.0,-0.0520830000000001,-1.5503776744186075
1985-01-03,3.322917,3.348958,3.302083,3.307292,0.107904,5908800,5881563090.0,-0.015625,-0.47021938856733403
1985-01-04,3.307292,3.328125,3.302083,3.328125,0.108584,3434400,5853906840.0,0.0208330000000001,0.6299111176152605
1985-01-07,3.317708,3.333333,3.291667,3.302083,0.107734,4627200,5872343160.0,-0.015625,-0.47095766113232385
1985-01-08,3.307292,3.3125,3.296875,3.307292,0.107904,3556800,5853906840.0,0.0,0.0
1985-01-09,3.307292,3.333333,3.302083,3.333333,0.108754,6264000,5853906840.0,0.026041000000000203,0.7873813379647217
1985-01-10,3.328125,3.34375,3.3125,3.333333,0.108754,7752000,5890781250.0,0.0052080000000001014,0.15648450704225655
1985-01-11,3.333333,3.359375,3.333333,3.354167,0.109434,5791200,5899999410.0,0.020833999999999797,0.6250200625020002
1985-01-14,3.354167,3.411458,3.34375,3.375,0.110113,8889600,5936875590.0,0.0208330000000001,0.6211080128091446
1985-01-15,3.385417,3.390625,3.354167,3.380208,0.110283,8424000,5992188090.0,-0.005208999999999797,-0.15386583100397372
1985-01-16,3.380208,3.390625,3.296875,3.322917,0.108414,17632800,5982968160.0,-0.0572910000000002,-1.694895698726238
1985-01-17,3.333333,3.348958,3.317708,3.34375,0.109094,6165600,5899999410.0,0.010416999999999899,0.3125100312510001
1985-01-18,3.354167,3.354167,3.322917,3.322917,0.108414,5138400,5936875590.0,-0.03125,-0.9316769260445291
1985-01-21,3.333333,3.375,3.328125,3.369792,0.109943,9667200,5899999410.0,0.0364589999999998,1.093770109377005
1985-01-22,3.369792,3.375,3.307292,3.322917,0.108414,11520000,5964531840.0,-0.046875,-1.3910354110876872
1985-01-23,3.333333,3.333333,3.291667,3.317708,0.108244,8059200,5899999410.0,-0.015625,-0.46875004687500466
1985-01-24,3.333333,3.380208,3.328125,3.369792,0.109943,11100000,5899999410.0,0.0364589999999998,1.093770109377005
1985-01-25,3.380208,3.458333,3.375,3.416667,0.111473,4552800,5982968160.0,0.0364589999999998,1.0786022635293389
1985-01-28,3.427083,3.447917,3.385417,3.427083,0.111812,9996000,6065936910.0,0.0,0.0
1985-01-29,3.416667,3.484375,3.40625,3.484375,0.113682,4989600,6047500590.0,0.0677080000000001,1.9816973676392842
1985-01-30,3.479167,3.515625,3.442708,3.479167,0.113512,7423200,6158125590.0,0.0,0.0
1985-01-31,3.479167,3.479167,3.4375,3.442708,0.112322,7684800,6158125590.0,-0.0364589999999998,-1.0479232528935747
1985-02-01,3.442708,3.463542,3.416667,3.463542,0.113002,5851200,6093593160.0,0.020833999999999797,0.6051631448266828
1985-02-04,3.453125,3.53125,3.447917,3.510417,0.114531,6552000,6112031250.0,0.0572919999999999,1.6591348416289564
1985-02-05,3.567708,3.614583,3.557292,3.583333,0.11691,9825600,6314843160.0,0.015625,0.43795624529810173
1985-02-06,3.588542,3.635417,3.588542,3.598958,0.11742,6158400,6351719340.0,0.010416000000000203,0.2902571573636369
1985-02-07,3.59375,3.635417,3.588542,3.619792,0.1181,8558400,6360937500.0,0.0260419999999999,0.7246469565217363
1985-02-08,3.604167,3.635417,3.59375,3.635417,0.11861,4305600,6379375590.0,0.03125,0.8670519429316123
1985-02-11,3.625,3.640625,3.59375,3.619792,0.1181,5776800,6416250000.0,-0.0052080000000001014,-0.14366896551724417
1985-02-12,3.609375,3.697917,3.604167,3.697917,0.120649,5784000,6388593750.0,0.0885419999999999,2.4531116883116857
1985-02-13,3.666667,3.802083,3.661458,3.75,0.122348,9772800,6490000590.0,0.0833330000000001,2.2727179752074598
1985-02-14,3.739583,3.765625,3.697917,3.723958,0.121498,5618400,6619061910.0,-0.015625,-0.41782733529380145
1985-02-15,3.708333,3.723958,3.65625,3.6875,0.120309,7802400,6563749410.0,-0.0208330000000001,-0.5617888145428175
1985-02-19,3.682292,3.708333,3.677083,3.692708,0.120479,2724000,6517656840.0,0.010416000000000203,0.2828673011265864
1985-02-20,3.6875,3.6875,3.640625,3.661458,0.119459,3525600,6526875000.0,-0.0260419999999999,-0.7062237288135566
1985-02-21,3.625,3.630208,3.588542,3.614583,0.11793,5299200,6416250000.0,-0.010416999999999899,-0.28736551724137654
1985-02-22,3.619792,3.645833,3.609375,3.609375,0.11776,3542400,6407031840.0,-0.010416999999999899,-0.28777896630524347
1985-02-25,3.604167,3.661458,3.598958,3.661458,0.119459,5942400,6379375590.0,0.0572910000000002,1.5895767315998455
1985-02-26,3.682292,3.734375,3.682292,3.729167,0.121668,8260800,6517656840.0,0.046875,1.2729843260664826
1985-02-27,3.723958,3.765625,3.723958,3.755208,0.122518,9055200,6591405660.0,0.03125,0.8391609142745433
1985-02-28,3.744792,3.78125,3.744792,3.776042,0.123198,6343200,6628281840.0,0.03125,0.834492276206529
1985-03-01,3.786458,3.947917,3.776042,3.947917,0.128805,11764800,6702030660.0,0.1614589999999998,4.2641170191244635
1985-03-04,3.90625,3.911458,3.859375,3.890625,0.126936,7274400,6914062500.0,-0.015625,-0.4
1985-03-05,3.885417,3.901042,3.864583,3.885417,0.126766,5452800,6877188090.0,0.0,0.0
1985-03-06,3.885417,3.890625,3.833333,3.890625,0.126936,10785600,6877188090.0,0.0052080000000001014,0.1340396667848033
1985-03-07,3.854167,3.890625,3.848958,3.864583,0.126087,17450400,6821875590.0,0.010416000000000203,0.27025294959975016
1985-03-08,3.859375,3.869792,3.833333,3.854167,0.125747,10512000,6831093750.0,-0.0052080000000001014,-0.1349441295546585
1985-03-11,3.802083,3.822917,3.78125,3.78125,0.124716,2544000,6729686910.0,-0.0208330000000001,-0.5479364863944344
1985-03-12,3.765625,3.817708,3.765625,3.807292,0.125575,4041600,6665156250.0,0.0416669999999999,1.106509543568462
1985-03-13,3.796875,3.802083,3.734375,3.75,0.123685,5563200,6720468750.0,-0.046875,-1.2345679012345678
1985-03-14,3.734375,3.8125,3.734375,3.802083,0.125403,6192000,6609843750.0,0.0677080000000001,1.8131012552301282
1985-03-15,3.796875,3.822917,3.729167,3.729167,0.122998,8440800,6720468750.0,-0.0677080000000001,-1.783255967078192
1985-03-18,3.770833,3.822917,3.75,3.791667,0.12506,8796000,6674374410.0,0.020833999999999797,0.5525039162434348
1985-03-19,3.78125,3.848958,3.78125,3.84375,0.126777,6235200,6692812500.0,0.0625,1.6528925619834711
1985-03-20,3.84375,3.854167,3.739583,3.770833,0.124372,9948000,6803437500.0,-0.0729169999999999,-1.89702764227642
1985-03-21,3.770833,3.848958,3.765625,3.84375,0.126777,5644800,6674374410.0,0.0729169999999999,1.9337106681733158
1985-03-22,3.854167,3.9375,3.838542,3.916667,0.129182,7276800,6821875590.0,0.0625,1.6216214813732772
1985-03-25,3.90625,3.916667,3.869792,3.875,0.127808,4008000,6914062500.0,-0.03125,-0.8
1985-03-26,3.885417,3.895833,3.848958,3.869792,0.127636,4797600,6877188090.0,-0.015625,-0.40214473761760966
1985-03-27,3.854167,3.880208,3.817708,3.828125,0.126262,7483200,6821875590.0,-0.0260419999999999,-0.6756842658867636
1985-03-28,3.854167,3.885417,3.84375,3.854167,0.127121,10272000,6821875590.0,0.0,0.0
1985-03-29,3.875,3.895833,3.864583,3.890625,0.128324,3573600,6858750000.0,0.015625,0.4032258064516129
1985-04-01,3.901042,3.927083,3.864583,3.911458,0.129011,6302400,6904844340.0,0.010416000000000203,0.2670055846617443
1985-04-02,3.927083,3.9375,3.890625,3.911458,0.129011,5419200,6950936910.0,-0.015625,-0.39787801785702004
1985-04-03,3.927083,3.9375,3.890625,3.895833,0.128495,3184800,6950936910.0,-0.03125,-0.7957560357140401
1985-04-04,3.916667,3.9375,3.880208,3.916667,0.129182,3940800,6932500590.0,0.0,0.0
1985-04-08,3.885417,3.911458,3.864583,3.875,0.127808,3852000,6877188090.0,-0.010416999999999899,-0.2681050708328063
1985-04-09,3.864583,3.916667,3.864583,3.90625,0.128839,4080000,6840311910.0,0.0416669999999999,1.078175834236188
1985-04-10,3.916667,3.963542,3.90625,3.927083,0.129526,3914400,6932500590.0,0.010416000000000203,0.2659404028986943
1985-04-11,3.911458,3.953125,3.890625,3.901042,0.128667,5344800,6923280660.0,-0.010416000000000203,-0.2662945633060665
1985-04-12,3.911458,3.911458,3.864583,3.880208,0.12798,3396000,6923280660.0,-0.03125,-0.7989348217467758
1985-04-15,3.880208,3.90625,3.84375,3.848958,0.126949,2344800,6867968160.0,-0.03125,-0.8053691967028572
1985-04-16,3.848958,3.901042,3.786458,3.854167,0.127121,6405600,6812655660.0,0.005208999999999797,0.13533532971780407
1985-04-17,3.84375,3.84375,3.770833,3.807292,0.125575,7044000,6803437500.0,-0.0364580000000001,-0.9485008130081327
1985-04-18,3.822917,3.822917,3.760417,3.78125,0.124716,8220000,6766563090.0,-0.0416669999999999,-1.0899268804423403
1985-04-19,3.78125,3.807292,3.770833,3.786458,0.124888,6388800,6692812500.0,0.0052080000000001014,0.13773223140496135
1985-04-22,3.786458,3.817708,3.75,3.8125,0.125747,6703200,6702030660.0,0.0260419999999999,0.6877667730633721
1985-04-23,3.8125,3.869792,3.802083,3.848958,0.126949,4048800,6748125000.0,0.0364580000000001,0.9562754098360682
1985-04-24,3.848958,3.859375,3.8125,3.822917,0.12609,3360000,6812655660.0,-0.026041000000000203,-0.6765727243581303
1985-04-25,3.833333,3.90625,3.822917,3.901042,0.128667,6912000,6784999410.0,0.0677089999999998,1.7663218927236375
1985-04-26,3.911458,3.911458,3.885417,3.901042,0.128667,3708000,6923280660.0,-0.010416000000000203,-0.2662945633060665
1985-04-29,3.84375,3.848958,3.71875,3.791667,0.12506,14702400,6803437500.0,-0.0520830000000001,-1.3550048780487831
1985-04-30,3.625,3.625,3.541667,3.578125,0.118016,28056000,6416250000.0,-0.046875,-1.293103448275862
1985-05-01,3.520833,3.536458,3.463542,3.5,0.11544,46728000,6231874410.0,-0.0208330000000001,-0.5917065648952989
1985-05-02,3.510417,3.526042,3.463542,3.489583,0.115096,25200000,6213438090.0,-0.020833999999999797,-0.5934907448317336
1985-05-03,3.479167,3.489583,3.421875,3.4375,0.113378,21372000,6158125590.0,-0.0416669999999999,-1.1976142565159964
1985-05-06,3.458333,3.463542,3.395833,3.416667,0.112691,17800800,6121249410.0,-0.0416660000000002,-1.2048001161253181
1985-05-07,3.421875,3.473958,3.421875,3.458333,0.114065,20263200,6056718750.0,0.0364580000000001,1.0654392694063957
1985-05-08,3.463542,3.526042,3.463542,3.510417,0.115783,17392800,6130469340.0,0.046875,1.353383328396191
1985-05-09,3.552083,3.5625,3.510417,3.557292,0.117329,12604800,6287186910.0,0.005208999999999797,0.14664634807237886
1985-05-10,3.583333,3.583333,3.5,3.510417,0.115783,16776000,6342499410.0,-0.0729160000000002,-2.034865305568871
1985-05-13,3.520833,3.520833,3.458333,3.46875,0.114409,11544000,6231874410.0,-0.0520830000000001,-1.4792806134230194
1985-05-14,3.458333,3.510417,3.458333,3.505208,0.115611,17028000,6121249410.0,0.046875,1.3554218173900547
1985-05-15,3.505208,3.520833,3.479167,3.510417,0.115783,12170400,6204218160.0,0.005208999999999797,0.14860744355255942
1985-05-16,3.515625,3.526042,3.505208,3.515625,0.115955,11347200,6222656250.0,0.0,0.0
1985-05-17,3.520833,3.583333,3.5,3.567708,0.117673,15782400,6231874410.0,0.046875,1.3313610727915808
1985-05-20,3.59375,3.619792,3.572917,3.614583,0.119219,9904800,6360937500.0,0.0208330000000001,0.5797008695652202
1985-05-21,3.619792,3.651042,3.614583,3.645833,0.12025,10574400,6407031840.0,0.026041000000000203,0.7194059769180164
1985-05-22,3.645833,3.645833,3.604167,3.619792,0.119391,6328800,6453124410.0,-0.026041000000000203,-0.7142674938758907
1985-05-23,3.619792,3.630208,3.609375,3.614583,0.119219,7915200,6407031840.0,-0.005208999999999797,-0.14390329610098584
1985-05-24,3.625,3.645833,3.625,3.645833,0.12025,6537600,6416250000.0,0.0208330000000001,0.5747034482758648
1985-05-28,3.645833,3.651042,3.609375,3.619792,0.119391,5762400,6453124410.0,-0.026041000000000203,-0.7142674938758907
1985-05-29,3.619792,3.630208,3.609375,3.619792,0.119391,6746400,6407031840.0,0.0,0.0
1985-05-30,3.619792,3.619792,3.567708,3.578125,0.118016,8342400,6407031840.0,-0.0416669999999999,-1.1510882393242459
1985-05-31,3.578125,3.604167,3.572917,3.578125,0.118016,8788800,6333281250.0,0.0,0.0
1985-06-03,3.604167,3.635417,3.598958,3.614583,0.119219,13418400,6379375590.0,0.010416000000000203,0.28899881720242715
1985-06-04,3.619792,3.640625,3.619792,3.640625,0.120078,10677600,6407031840.0,0.0208330000000001,0.5755303067137588
1985-06-05,3.65625,3.682292,3.625,3.625,0.119562,14268000,6471562500.0,-0.03125,-0.8547008547008548
1985-06-06,3.640625,3.661458,3.625,3.65625,0.120593,7800000,6443906250.0,0.015625,0.4291845493562232
1985-06-07,3.677083,3.6875,3.661458,3.677083,0.12128,10960800,6508436910.0,0.0,0.0
1985-06-10,3.671875,3.671875,3.645833,3.671875,0.122497,9789600,6499218750.0,0.0,0.0
1985-06-11,3.671875,3.671875,3.625,3.630208,0.121106,6393600,6499218750.0,-0.0416669999999999,-1.134760851063827
1985-06-12,3.65625,3.661458,3.604167,3.651042,0.121802,7435200,6471562500.0,-0.0052080000000001014,-0.14244102564102842
1985-06-13,3.625,3.640625,3.572917,3.598958,0.120064,6705600,6416250000.0,-0.0260419999999999,-0.7183999999999972
1985-06-14,3.619792,3.630208,3.598958,3.614583,0.120585,6513600,6407031840.0,-0.005208999999999797,-0.14390329610098584
1985-06-17,3.625,3.65625,3.619792,3.65625,0.121975,4576800,6416250000.0,0.03125,0.8620689655172413
1985-06-18,3.661458,3.697917,3.65625,3.6875,0.123018,5361600,6480780660.0,0.0260419999999999,0.7112467219342649
1985-06-19,3.703125,3.703125,3.671875,3.671875,0.122497,5097600,6554531250.0,-0.03125,-0.8438818565400843
1985-06-20,3.666667,3.666667,3.604167,3.630208,0.121106,8126400,6490000590.0,-0.0364589999999998,-0.9943362732421515
1985-06-21,3.614583,3.619792,3.541667,3.578125,0.119369,24912000,6397811910.0,-0.0364580000000001,-1.0086364042546567
1985-06-24,3.557292,3.557292,3.53125,3.536458,0.117979,4303200,6296406840.0,-0.020833999999999797,-0.5856702233046879
1985-06-25,3.536458,3.5625,3.5,3.541667,0.118153,13365600,6259530660.0,0.005208999999999797,0.14729427014260588
1985-06-26,3.552083,3.5625,3.541667,3.541667,0.118153,4087200,6287186910.0,-0.010416000000000203,-0.29323639115415384
1985-06-27,3.541667,3.557292,3.526042,3.536458,0.117979,8376000,6268750590.0,-0.005208999999999797,-0.14707763321621703
1985-06-28,3.541667,3.557292,3.536458,3.557292,0.118674,4718400,6268750590.0,0.015625,0.44117642906574783
1985-07-01,3.567708,3.614583,3.552083,3.609375,0.120411,5589600,6314843160.0,0.0416669999999999,1.1678926638615015
1985-07-02,3.609375,3.635417,3.598958,3.604167,0.120238,8604000,6388593750.0,-0.0052080000000001014,-0.1442909090909119
1985-07-03,3.604167,3.609375,3.588542,3.588542,0.119717,5124000,6379375590.0,-0.015625,-0.4335259714658061
1985-07-05,3.598958,3.609375,3.588542,3.609375,0.120411,8707200,6370155660.0,0.010416999999999899,0.28944488932629664
1985-07-08,3.604167,3.604167,3.546875,3.567708,0.119021,8985600,6379375590.0,-0.0364589999999998,-1.0115790971949912
1985-07-09,3.552083,3.572917,3.541667,3.557292,0.118674,8673600,6287186910.0,0.005208999999999797,0.14664634807237886
1985-07-10,3.567708,3.583333,3.541667,3.546875,0.118326,5258400,6314843160.0,-0.0208330000000001,-0.5839323173309054
1985-07-11,3.515625,3.536458,3.505208,3.520833,0.117458,13219200,6222656250.0,0.0052080000000001014,0.14813866666666956
1985-07-12,3.489583,3.505208,3.4375,3.447917,0.115025,13495200,6176561910.0,-0.0416660000000002,-1.1940108603234312
1985-07-15,3.479167,3.5,3.447917,3.473958,0.115894,14332800,6158125590.0,-0.005208999999999797,-0.14971974613462927
1985-07-16,3.479167,3.557292,3.473958,3.541667,0.118153,14018400,6158125590.0,0.0625,1.796407013517891
1985-07-17,3.5625,3.578125,3.520833,3.557292,0.118674,15122400,6305625000.0,-0.0052080000000001014,-0.14618947368421337
1985-07-18,3.557292,3.557292,3.536458,3.536458,0.117979,12307200,6296406840.0,-0.020833999999999797,-0.5856702233046879
1985-07-19,3.526042,3.6875,3.494792,3.552083,0.1185,18211200,6241094340.0,0.026041000000000203,0.7385334604636078
1985-07-22,3.541667,3.578125,3.526042,3.53125,0.117805,6516000,6268750590.0,-0.010416999999999899,-0.29412703114098243
1985-07-23,3.541667,3.541667,3.473958,3.479167,0.116068,14260800,6268750590.0,-0.0625,-1.7647057162629913
1985-07-24,3.479167,3.484375,3.411458,3.447917,0.115025,12799200,6158125590.0,-0.03125,-0.8982035067589454
1985-07-25,3.447917,3.473958,3.421875,3.46875,0.11572,7572000,6102813090.0,0.0208330000000001,0.6042198811630356
1985-07-26,3.458333,3.463542,3.447917,3.447917,0.115025,9964800,6121249410.0,-0.010416000000000203,-0.3011855711986151
1985-07-29,3.458333,3.463542,3.432292,3.4375,0.114678,7778400,6121249410.0,-0.0208330000000001,-0.6024000580626591
1985-07-30,3.442708,3.463542,3.4375,3.463542,0.115546,8930400,6093593160.0,0.020833999999999797,0.6051631448266828
1985-07-31,3.473958,3.484375,3.46875,3.473958,0.115894,8119200,6148905660.0,0.0,0.0
1985-08-01,3.494792,3.515625,3.484375,3.515625,0.117284,13524000,6185781840.0,0.0208330000000001,0.5961155914286201
1985-08-02,3.526042,3.53125,3.505208,3.53125,0.117805,5872800,6241094340.0,0.0052080000000001014,0.1477010200105416
1985-08-05,3.53125,3.53125,3.484375,3.505208,0.116936,6194400,6250312500.0,-0.0260419999999999,-0.7374725663716785
1985-08-06,3.510417,3.515625,3.489583,3.494792,0.116589,8205600,6213438090.0,-0.015625,-0.44510381530171483
1985-08-07,3.489583,3.510417,3.484375,3.494792,0.116589,3240000,6176561910.0,0.005208999999999797,0.14927285007978883
1985-08-08,3.494792,3.5625,3.46875,3.552083,0.1185,6775200,6185781840.0,0.0572910000000002,1.6393250299302564
1985-08-09,3.552083,3.557292,3.5,3.5,0.116763,6919200,6287186910.0,-0.0520830000000001,-1.466266413256675
1985-08-12,3.505208,3.526042,3.494792,3.505208,0.116936,6513600,6204218160.0,0.0,0.0
1985-08-13,3.5,3.510417,3.442708,3.46875,0.11572,8224800,6195000000.0,-0.03125,-0.8928571428571428
1985-08-14,3.484375,3.489583,3.427083,3.427083,0.11433,6009600,6167343750.0,-0.0572919999999999,-1.6442547085201764
1985-08-15,3.432292,3.4375,3.348958,3.380208,0.112766,8356800,6075156840.0,-0.0520839999999998,-1.5174699588496492
1985-08-16,3.380208,3.385417,3.364583,3.380208,0.112766,10092000,5982968160.0,0.0,0.0
1985-08-19,3.364583,3.380208,3.359375,3.369792,0.112419,3866400,5955311910.0,0.005208999999999797,0.15481859118945193
1985-08-20,3.395833,3.40625,3.375,3.401042,0.113461,6460800,6010624410.0,0.005208999999999797,0.15339388008773686
1985-08-21,3.411458,3.421875,3.395833,3.421875,0.114156,6115200,6038280660.0,0.010416999999999899,0.3053533122787939
1985-08-22,3.416667,3.421875,3.380208,3.380208,0.112766,10262400,6047500590.0,-0.0364589999999998,-1.0670925788202303
1985-08-23,3.385417,3.411458,3.380208,3.411458,0.113809,3691200,5992188090.0,0.026041000000000203,0.7692110011853843
1985-08-26,3.40625,3.432292,3.395833,3.411458,0.113809,6638400,6029062500.0,0.0052080000000001014,0.15289541284403968
1985-08-27,3.416667,3.4375,3.411458,3.421875,0.114156,7605600,6047500590.0,0.0052080000000001014,0.1524292534215392
1985-08-28,3.421875,3.421875,3.40625,3.416667,0.113983,3688800,6056718750.0,-0.0052080000000001014,-0.15219726027397557
1985-08-29,3.416667,3.416667,3.380208,3.390625,0.113114,3744000,6047500590.0,-0.0260419999999999,-0.7622048036873332
1985-08-30,3.401042,3.40625,3.385417,3.40625,0.113635,4132800,6019844340.0,0.0052080000000001014,0.1531295408877662
1985-09-03,3.385417,3.40625,3.348958,3.364583,0.112245,7000800,5992188090.0,-0.020833999999999797,-0.6154042470986528
1985-09-04,3.375,3.380208,3.348958,3.369792,0.112419,5896800,5973750000.0,-0.0052080000000001014,-0.15431111111111412
1985-09-05,3.380208,3.390625,3.364583,3.385417,0.11294,7284000,5982968160.0,0.005208999999999797,0.15410294277747988
1985-09-06,3.395833,3.411458,3.390625,3.40625,0.113635,16322400,6010624410.0,0.010416999999999899,0.30675831231983136
1985-09-09,3.395833,3.401042,3.333333,3.348958,0.111724,16874400,6010624410.0,-0.046875,-1.3803682336557774
1985-09-10,3.322917,3.338542,3.286458,3.322917,0.112252,7238400,5881563090.0,0.0,0.0
1985-09-11,3.322917,3.348958,3.260417,3.302083,0.111548,7293600,5881563090.0,-0.020833999999999797,-0.6269792474503515
1985-09-12,3.291667,3.296875,3.197917,3.208333,0.108381,8479200,5826250590.0,-0.0833339999999998,-2.5316655664136074
1985-09-13,3.1875,3.208333,3.114583,3.151042,0.106446,13533600,5641875000.0,-0.0364580000000001,-1.1437803921568659
1985-09-16,3.15625,3.1875,3.151042,3.1875,0.107677,5606400,5586562500.0,0.03125,0.9900990099009901
1985-09-17,3.1875,3.244792,3.1875,3.21875,0.108733,8100000,5641875000.0,0.03125,0.9803921568627451
1985-09-18,3.208333,3.260417,3.208333,3.234375,0.109261,10322400,5678749410.0,0.0260419999999999,0.8116987856310395
1985-09-19,3.223958,3.223958,3.177083,3.208333,0.108381,5997600,5706405660.0,-0.015625,-0.4846527156991499
1985-09-20,3.197917,3.213542,3.177083,3.177083,0.107325,6312000,5660313090.0,-0.020833999999999797,-0.6514865770437381
1985-09-23,3.229167,3.244792,3.213542,3.234375,0.109261,7200000,5715625590.0,0.0052080000000001014,0.1612799833517468
1985-09-24,3.25,3.25,3.203125,3.203125,0.108205,5712000,5752500000.0,-0.046875,-1.4423076923076923
1985-09-25,3.213542,3.21875,3.104167,3.161458,0.106797,7886400,5687969340.0,-0.0520839999999998,-1.6207661203743347
1985-09-26,3.125,3.15625,3.119792,3.151042,0.106446,7821600,5531250000.0,0.0260419999999999,0.8333439999999968
1985-09-30,3.114583,3.125,3.046875,3.125,0.105566,17731200,5512811910.0,0.010416999999999899,0.33445889867118317
1985-10-01,3.125,3.244792,3.119792,3.244792,0.109613,15141600,5531250000.0,0.1197919999999999,3.8333439999999968
1985-10-02,3.239583,3.239583,3.15625,3.177083,0.107325,9235200,5734061910.0,-0.0625,-1.929260648669906
1985-10-03,3.166667,3.166667,3.119792,3.135417,0.105918,6619200,5605000590.0,-0.03125,-0.9868420013850526
1985-10-04,3.130208,3.135417,3.057292,3.067708,0.10363,6801600,5540468160.0,-0.0625,-1.996672425602388
1985-10-07,3.078125,3.078125,3.026042,3.03125,0.102399,10504800,5448281250.0,-0.046875,-1.5228426395939088
1985-10-08,3.020833,3.046875,3.015625,3.03125,0.102399,5784000,5346874410.0,0.010416999999999899,0.34483865874081415
1985-10-09,3.052083,3.057292,3.036458,3.036458,0.102575,5500800,5402186910.0,-0.015625,-0.5119454484035985
1985-10-10,3.041667,3.041667,3.0,3.015625,0.101871,6837600,5383750590.0,-0.0260419999999999,-0.8561752486383255
1985-10-11,3.026042,3.046875,3.015625,3.046875,0.102927,7824000,5356094340.0,0.0208330000000001,0.6884570670202231
1985-10-14,3.057292,3.067708,3.041667,3.0625,0.103454,3312000,5411406840.0,0.0052080000000001014,0.17034682980886687
1985-10-15,3.072917,3.104167,3.052083,3.104167,0.104862,10070400,5439063090.0,0.03125,1.0169490422292564
1985-10-16,3.104167,3.166667,3.067708,3.166667,0.106973,8817600,5494375590.0,0.0625,2.0134226025854924
1985-10-17,3.166667,3.177083,3.119792,3.140625,0.106094,15014400,5605000590.0,-0.0260419999999999,-0.822378860802222
1985-10-18,3.125,3.135417,3.104167,3.135417,0.105918,11016000,5531250000.0,0.010416999999999899,0.33334399999999675
1985-10-21,3.125,3.130208,3.083333,3.083333,0.104158,4142400,5531250000.0,-0.0416669999999999,-1.3333439999999968
1985-10-22,3.083333,3.119792,3.067708,3.104167,0.104862,5512800,5457499410.0,0.020833999999999797,0.675697370345655
1985-10-23,3.135417,3.135417,3.083333,3.09375,0.10451,5810400,5549688090.0,-0.0416669999999999,-1.3289141444343735
1985-10-24,3.09375,3.098958,3.078125,3.083333,0.104158,6468000,5475937500.0,-0.010416999999999899,-0.3367111111111078
1985-10-25,3.072917,3.083333,3.03125,3.052083,0.103103,6936000,5439063090.0,-0.020833999999999797,-0.677987723065732
1985-10-28,3.041667,3.041667,3.026042,3.036458,0.102575,5937600,5383750590.0,-0.005208999999999797,-0.17125477575289463
1985-10-29,3.036458,3.104167,3.020833,3.072917,0.103806,12561600,5374530660.0,0.0364589999999998,1.2007081935597264
1985-10-30,3.067708,3.078125,3.057292,3.072917,0.103806,6758400,5429843160.0,0.005208999999999797,0.1698010371260823
1985-10-31,3.078125,3.078125,3.052083,3.057292,0.103279,7389600,5448281250.0,-0.0208330000000001,-0.6768081218274145
1985-11-01,3.057292,3.0625,3.026042,3.057292,0.103279,13228800,5411406840.0,0.0,0.0
1985-11-04,3.052083,3.088542,3.010417,3.03125,0.102399,13238400,5402186910.0,-0.0208330000000001,-0.6825830097019019
1985-11-05,3.03125,3.057292,3.026042,3.041667,0.102751,9484800,5365312500.0,0.010416999999999899,0.3436536082474193
1985-11-06,3.052083,3.078125,3.036458,3.078125,0.103982,8292000,5402186910.0,0.0260419999999999,0.8532533355088934
1985-11-07,3.088542,3.119792,3.083333,3.109375,0.105038,14076000,5466719340.0,0.0208330000000001,0.6745253909449864
1985-11-08,3.114583,3.177083,3.109375,3.161458,0.106797,10226400,5512811910.0,0.046875,1.5050168834800677
1985-11-11,3.166667,3.177083,3.151042,3.177083,0.107325,11688000,5605000590.0,0.010416000000000203,0.328926281165661
1985-11-12,3.197917,3.260417,3.192708,3.234375,0.109261,14599200,5660313090.0,0.0364580000000001,1.1400546042939856
1985-11-13,3.21875,3.234375,3.182292,3.203125,0.108205,15912000,5697187500.0,-0.015625,-0.48543689320388345
1985-11-14,3.203125,3.208333,3.177083,3.203125,0.108205,9278400,5669531250.0,0.0,0.0
1985-11-15,3.182292,3.197917,3.140625,3.151042,0.106446,14558400,5632656840.0,-0.03125,-0.9819966238170476
1985-11-18,3.161458,3.161458,3.130208,3.140625,0.106094,7274400,5595780660.0,-0.0208330000000001,-0.6589681090180575
1985-11-19,3.151042,3.166667,3.130208,3.166667,0.106973,10224000,5577344340.0,0.015625,0.4958677161396135
1985-11-20,3.197917,3.197917,3.161458,3.166667,0.106973,9921600,5660313090.0,-0.03125,-0.9771985952105698
1985-11-21,3.192708,3.21875,3.151042,3.15625,0.106621,17124000,5651093160.0,-0.0364580000000001,-1.141914637981303
1985-11-22,3.171875,3.208333,3.161458,3.166667,0.106973,15055200,5614218750.0,-0.0052080000000001014,-0.16419310344827906
1985-11-25,3.171875,3.1875,3.151042,3.15625,0.106621,10272000,5614218750.0,-0.015625,-0.49261083743842365
1985-11-26,3.15625,3.192708,3.15625,3.171875,0.107149,16058400,5586562500.0,0.015625,0.49504950495049505
1985-11-27,3.208333,3.270833,3.1875,3.265625,0.110316,15854400,5678749410.0,0.0572919999999999,1.785724860854528
1985-11-29,3.286458,3.3125,3.270833,3.3125,0.1119,8160000,5817030660.0,0.0260419999999999,0.7924032499426402
1985-12-02,3.333333,3.354167,3.286458,3.286458,0.11102,14925600,5899999410.0,-0.046875,-1.406250140625014
1985-12-03,3.286458,3.296875,3.270833,3.286458,0.11102,7332000,5817030660.0,0.0,0.0
1985-12-04,3.296875,3.348958,3.286458,3.328125,0.112428,10860000,5835468750.0,0.03125,0.9478672985781991
1985-12-05,3.385417,3.385417,3.348958,3.364583,0.113659,11736000,5992188090.0,-0.020833999999999797,-0.6154042470986528
1985-12-06,3.354167,3.364583,3.302083,3.3125,0.1119,15417600,5936875590.0,-0.0416669999999999,-1.2422458392799136
1985-12-09,3.333333,3.348958,3.317708,3.348958,0.113131,26400000,5899999410.0,0.015625,0.46875004687500466
1985-12-10,3.354167,3.354167,3.322917,3.354167,0.114735,10572000,5936875590.0,0.0,0.0
1985-12-11,3.369792,3.375,3.328125,3.328125,0.113844,14263200,5964531840.0,-0.0416669999999999,-1.236485812774198
1985-12-12,3.338542,3.359375,3.317708,3.348958,0.114557,11726400,5909219340.0,0.010416000000000203,0.3119924805498988
1985-12-13,3.359375,3.59375,3.359375,3.552083,0.121505,47280000,5946093750.0,0.1927080000000001,5.736424186046515
1985-12-16,3.604167,3.71875,3.604167,3.651042,0.12489,44448000,6379375590.0,0.046875,1.3005779143974183
1985-12-17,3.651042,3.65625,3.614583,3.614583,0.123643,17378400,6462344340.0,-0.0364589999999998,-0.9985916349359936
1985-12-18,3.635417,3.640625,3.557292,3.557292,0.121683,14085600,6434688090.0,-0.078125,-2.148996937627788
1985-12-19,3.572917,3.578125,3.526042,3.557292,0.121683,17870400,6324063090.0,-0.015625,-0.43731774345723673
1985-12-20,3.583333,3.677083,3.557292,3.604167,0.123286,24480000,6342499410.0,0.020833999999999797,0.5814140075733905
1985-12-23,3.604167,3.78125,3.578125,3.78125,0.129344,18530400,6379375590.0,0.1770830000000001,4.913285094725081
1985-12-24,3.78125,3.78125,3.682292,3.692708,0.126315,17481600,6692812500.0,-0.0885419999999999,-2.341606611570245
1985-12-26,3.692708,3.713542,3.666667,3.697917,0.126493,3753600,6536093160.0,0.005208999999999797,0.14106178988427456
1985-12-27,3.71875,3.744792,3.703125,3.71875,0.127206,6252000,6582187500.0,0.0,0.0
1985-12-30,3.734375,3.75,3.71875,3.75,0.128275,6357600,6609843750.0,0.015625,0.41841004184100417
1985-12-31,3.75,3.755208,3.682292,3.682292,0.125959,5594400,6637500000.0,-0.0677080000000001,-1.8055466666666693
1986-01-02,3.6875,3.6875,3.661458,3.682292,0.125959,17215200,6526875000.0,-0.0052080000000001014,-0.1412338983050875
1986-01-03,3.682292,3.71875,3.682292,3.708333,0.12685,4728000,6517656840.0,0.026041000000000203,0.707195409815414
1986-01-06,3.729167,3.760417,3.729167,3.75,0.128275,9832800,6600625590.0,0.0208330000000001,0.5586502293943956
1986-01-07,3.770833,3.916667,3.75,3.895833,0.133263,15909600,6674374410.0,0.125,3.314917420103197
1986-01-08,3.916667,3.916667,3.8125,3.828125,0.130947,17481600,6932500590.0,-0.0885419999999999,-2.2606466161151793
1986-01-09,3.8125,3.875,3.78125,3.875,0.132551,18876000,6748125000.0,0.0625,1.639344262295082
1986-01-10,3.875,3.885417,3.8125,3.833333,0.131126,11349600,6858750000.0,-0.0416669999999999,-1.075277419354836
1986-01-13,3.8125,3.869792,3.807292,3.869792,0.132373,10684800,6748125000.0,0.0572919999999999,1.5027409836065546
1986-01-14,3.885417,3.895833,3.822917,3.854167,0.131838,11688000,6877188090.0,-0.03125,-0.8042894752352193
1986-01-15,3.864583,3.885417,3.84375,3.885417,0.132907,7816800,6840311910.0,0.020833999999999797,0.5391008551245968
1986-01-16,3.880208,3.880208,3.8125,3.864583,0.132194,12302400,6867968160.0,-0.015625,-0.4026845983514286
1986-01-17,3.875,3.895833,3.822917,3.859375,0.132016,15170400,6858750000.0,-0.015625,-0.4032258064516129
1986-01-20,3.8125,3.838542,3.807292,3.833333,0.131126,6700800,6748125000.0,0.0208330000000001,0.5464393442622977
1986-01-21,3.822917,3.828125,3.708333,3.755208,0.128453,8064000,6766563090.0,-0.0677089999999998,-1.7711344504732853
1986-01-22,3.739583,3.786458,3.739583,3.75,0.128275,8493600,6619061910.0,0.010416999999999899,0.27856047051235117
1986-01-23,3.744792,3.765625,3.734375,3.739583,0.127919,8752800,6628281840.0,-0.005208999999999797,-0.1390998485363085
1986-01-24,3.744792,3.817708,3.739583,3.817708,0.130591,10821600,6628281840.0,0.0729160000000002,1.947130841980014
1986-01-27,3.828125,3.833333,3.802083,3.828125,0.130947,8296800,6775781250.0,0.0,0.0
1986-01-28,3.838542,3.890625,3.833333,3.890625,0.133085,10610400,6794219340.0,0.0520830000000001,1.3568433014410186
1986-01-29,3.895833,4.005208,3.890625,3.96875,0.135758,20253600,6895624410.0,0.0729169999999999,1.8716664703030108
1986-01-30,3.96875,4.010417,3.942708,3.958333,0.135401,12931200,7024687500.0,-0.010416999999999899,-0.2624755905511786
1986-01-31,3.958333,4.010417,3.958333,3.979167,0.136114,6381600,7006249410.0,0.020833999999999797,0.526332675901694
1986-02-03,3.984375,4.072917,3.963542,4.072917,0.139321,12969600,7052343750.0,0.08854200000000034,2.222230588235303
1986-02-04,4.083333,4.09375,4.036458,4.057292,0.138786,11529600,7227499409.999999,-0.026040999999999315,-0.6377388275704998
1986-02-05,4.046875,4.046875,4.005208,4.036458,0.138074,9765600,7162968750.0,-0.010417000000000343,-0.25740849420850265
1986-02-06,4.041667,4.078125,4.03125,4.0625,0.138965,6367200,7153750590.000001,0.020832999999999657,0.5154556275912799
1986-02-07,4.041667,4.0625,3.947917,4.026042,0.137717,8515200,7153750590.000001,-0.015625,-0.38659790625996643
1986-02-10,4.020833,4.083333,3.984375,4.052083,0.138608,6909600,7116874409.999999,0.03125,0.7772021369701254
1986-02-11,4.067708,4.114583,4.052083,4.057292,0.138786,8133600,7199843159.999999,-0.010415999999999315,-0.2560655779618231
1986-02-12,4.072917,4.119792,4.052083,4.119792,0.140924,9996000,7209063090.000001,0.046875,1.1508950464740626
1986-02-13,4.125,4.135417,4.072917,4.119792,0.140924,9424800,7301250000.0,-0.005207999999999657,-0.12625454545453715
1986-02-14,4.130208,4.140625,4.104167,4.130208,0.141281,8061600,7310468159.999999,0.0,0.0
1986-02-18,4.145833,4.260417,4.114583,4.260417,0.145735,16567200,7338124409.999999,0.11458400000000069,2.7638353980973354
1986-02-19,4.25,4.260417,4.151042,4.182292,0.143062,10519200,7522500000.0,-0.06770799999999966,-1.5931294117646977
1986-02-20,4.171875,4.229167,4.151042,4.229167,0.144666,10118400,7384218750.0,0.05729200000000034,1.3732913857677986
1986-02-21,4.229167,4.260417,4.177083,4.21875,0.144309,18535200,7485625590.000001,-0.010417000000000343,-0.24631328107876427
1986-02-24,4.166667,4.21875,4.166667,4.21875,0.144309,8438400,7375000590.000001,0.05208299999999966,1.2499919000006396
1986-02-25,4.21875,4.21875,4.161458,4.192708,0.143418,9357600,7467187500.0,-0.026042000000000343,-0.61729185185186
1986-02-26,4.192708,4.239583,4.125,4.166667,0.142528,15220800,7421093159.999999,-0.026040999999999315,-0.6211021611807767
1986-02-27,4.229167,4.416667,4.182292,4.416667,0.151079,25680000,7485625590.000001,0.1875,4.43349718750761
1986-02-28,4.401042,4.401042,4.296875,4.354167,0.148941,11066400,7789844340.000001,-0.046875,-1.0650886767270114
1986-03-03,4.34375,4.369792,4.328125,4.359375,0.14912,8736000,7688437500.0,0.015625,0.3597122302158274
1986-03-04,4.338542,4.395833,4.296875,4.322917,0.147873,11707200,7679219340.000001,-0.015625,-0.3601440299529196
1986-03-05,4.302083,4.34375,4.276042,4.317708,0.147694,12040800,7614686909.999999,0.015625,0.3631961540490967
1986-03-06,4.354167,4.364583,4.302083,4.34375,0.148585,12064800,7706875590.000001,-0.010417000000000343,-0.23924208694798207
1986-03-07,4.333333,4.354167,4.317708,4.328125,0.148051,18842400,7669999409.999999,-0.005207999999999657,-0.12018462462957862
1986-03-10,4.286458,4.40625,4.265625,4.354167,0.150609,21664800,7587030659.999999,0.06770900000000069,1.5796025529703241
1986-03-11,4.385417,4.572917,4.364583,4.552083,0.157455,14541600,7762188090.000001,0.16666599999999931,3.800459568611133
1986-03-12,4.520833,4.572917,4.505208,4.53125,0.156734,16492800,8001874409.999999,0.010417000000000343,0.23042213680532644
1986-03-13,4.541667,4.78125,4.536458,4.734375,0.16376,36720000,8038750590.000001,0.19270799999999966,4.243111615184461
1986-03-14,4.791667,4.958333,4.791667,4.958333,0.171507,26640000,8481250590.000001,0.16666599999999931,3.4782467145567355
1986-03-17,4.854167,4.90625,4.770833,4.875,0.168624,11152800,8591875590.0,0.020832999999999657,0.42917765293199955
1986-03-18,4.833333,5.041667,4.833333,5.0,0.172948,14174400,8554999409.999999,0.16666700000000034,3.4482829964333175
1986-03-19,4.994792,5.026042,4.9375,5.026042,0.173849,12566400,8840781840.0,0.03125,0.6256516787886262
1986-03-20,5.083333,5.239583,5.052083,5.145833,0.177992,13639200,8997499410.0,0.0625,1.2295082773448052
1986-03-21,5.182292,5.270833,4.953125,4.96875,0.171867,19442400,9172656840.0,-0.21354200000000034,-4.120609182191978
1986-03-24,5.083333,5.119792,4.96875,5.083333,0.17583,14054400,8997499410.0,0.0,0.0
1986-03-25,5.088542,5.088542,4.958333,4.958333,0.171507,10876800,9006719340.0,-0.13020900000000069,-2.5588665672799924
1986-03-26,4.942708,4.958333,4.822917,4.947917,0.171146,13032000,8748593160.0,0.005209000000000685,0.10538757296608835
1986-03-27,4.96875,4.989583,4.895833,4.953125,0.171326,15657600,8794687500.0,-0.015625,-0.3144654088050315
1986-03-31,4.947917,4.979167,4.864583,4.895833,0.169345,11452800,8757813090.0,-0.052084000000000685,-1.0526449817165624
1986-04-01,4.895833,4.916667,4.729167,4.864583,0.168264,13008000,8665624410.0,-0.03125,-0.6382979157990071
1986-04-02,4.864583,4.864583,4.739583,4.78125,0.165381,15422400,8610311910.0,-0.08333299999999966,-1.7130553636354784
1986-04-03,4.802083,4.802083,4.5625,4.59375,0.158896,27120000,8499686909.999999,-0.20833299999999966,-4.338388153640819
1986-04-04,4.59375,4.645833,4.583333,4.625,0.159977,15220800,8130937500.0,0.03125,0.6802721088435374
1986-04-07,4.640625,4.75,4.635417,4.71875,0.16322,10471200,8213906250.0,0.078125,1.6835016835016834
1986-04-08,4.760417,4.796875,4.739583,4.791667,0.165742,11990400,8425938090.000001,0.03125,0.6564550962657263
1986-04-09,4.854167,5.208333,4.817708,5.166667,0.178713,38064000,8591875590.0,0.3125,6.437767798264872
1986-04-10,5.161458,5.510417,5.161458,5.447917,0.188441,41616000,9135780660.0,0.2864590000000007,5.54996282058288
1986-04-11,5.354167,5.479167,5.333333,5.354167,0.185198,12240000,9476875590.0,0.0,0.0
1986-04-14,5.34375,5.427083,5.333333,5.385417,0.186279,7048800,9458437500.0,0.04166700000000034,0.7797333333333397
1986-04-15,5.364583,5.395833,5.302083,5.364583,0.185559,4485600,9495311910.0,0.0,0.0
1986-04-16,5.4375,5.645833,5.385417,5.583333,0.193125,10244400,9624375000.0,0.14583299999999966,2.6819862068965454
1986-04-17,5.59375,5.708333,5.541667,5.645833,0.195287,10946400,9900937500.0,0.05208299999999966,0.9310927374301614
1986-04-18,5.625,5.802083,5.364583,5.729167,0.198169,13080000,9956250000.0,0.10416700000000034,1.851857777777784
1986-04-21,5.729167,5.770833,5.697917,5.770833,0.199611,7012800,10140625590.0,0.041665999999999315,0.7272610485957088
1986-04-22,5.78125,5.791667,5.635417,5.645833,0.195287,8605200,10232812500.0,-0.13541700000000034,-2.3423481081081143
1986-04-23,5.625,5.625,5.489583,5.583333,0.193125,8576400,9956250000.0,-0.04166700000000034,-0.7407466666666728
1986-04-24,5.541667,5.583333,5.458333,5.489583,0.189883,5215200,9808750590.0,-0.052084000000000685,-0.9398615976023224
1986-04-25,5.489583,5.489583,5.270833,5.40625,0.187,9843600,9716561910.0,-0.08333299999999966,-1.5180205855344509
1986-04-28,5.25,5.302083,5.083333,5.291667,0.183037,11083200,9292500000.0,0.04166700000000034,0.7936571428571494
1986-04-29,5.333333,5.34375,5.09375,5.21875,0.180514,8403600,9439999410.0,-0.11458299999999966,-2.1484313842769556
1986-04-30,5.177083,5.21875,4.979167,5.0,0.172948,12120000,9163436910.0,-0.17708299999999966,-3.420516920435691
1986-05-01,5.010417,5.260417,5.0,5.166667,0.178713,16176000,8868438090.0,0.15625,3.118502911035149
1986-05-02,5.208333,5.25,5.177083,5.229167,0.180875,8598000,9218749410.0,0.020834000000000685,0.400012825600834
1986-05-05,5.239583,5.270833,5.145833,5.270833,0.182316,8547600,9274061910.0,0.03125,0.5964215091162789
1986-05-06,5.270833,5.28125,5.208333,5.270833,0.182316,4982400,9329374410.0,0.0,0.0
1986-05-07,5.25,5.291667,5.083333,5.270833,0.182316,7155600,9292500000.0,0.020832999999999657,0.3968190476190411
1986-05-08,5.291667,5.375,5.291667,5.333333,0.184478,6066000,9366250590.0,0.041665999999999315,0.7873889267786374
1986-05-09,5.322917,5.395833,5.177083,5.385417,0.186279,7248000,9421563090.0,0.0625,1.1741682239268432
1986-05-12,5.416667,5.5625,5.385417,5.4375,0.188081,5880000,9587500590.0,0.020832999999999657,0.3846092071009655
1986-05-13,5.479167,5.520833,5.4375,5.46875,0.189162,6434400,9698125590.0,-0.010417000000000343,-0.19012014052501672
1986-05-14,5.46875,5.479167,5.375,5.479167,0.189522,9758400,9679687500.0,0.010417000000000343,0.190482285714292
1986-05-15,5.447917,5.458333,5.229167,5.28125,0.182676,9934800,9642813090.0,-0.16666700000000034,-3.059279353925552
1986-05-16,5.270833,5.28125,5.1875,5.21875,0.180514,6464400,9329374410.0,-0.05208299999999966,-0.9881360308702564
1986-05-19,5.208333,5.21875,5.083333,5.104167,0.176551,4918800,9218749410.0,-0.10416599999999931,-1.999987327999176
1986-05-20,5.114583,5.375,5.09375,5.354167,0.185198,5612400,9052811910.0,0.23958400000000069,4.68433105885662
1986-05-21,5.291667,5.375,5.260417,5.302083,0.183397,7993200,9366250590.0,0.010415999999999315,0.19683778287634718
1986-05-22,5.322917,5.458333,5.322917,5.416667,0.18736,9309600,9421563090.0,0.09375,1.7612523358902645
1986-05-23,5.416667,5.46875,5.385417,5.416667,0.18736,6381600,9587500590.0,0.0,0.0
1986-05-27,5.4375,5.625,5.416667,5.625,0.194566,8415600,9624375000.0,0.1875,3.4482758620689653
1986-05-28,5.635417,5.833333,5.625,5.708333,0.197449,12120000,9974688090.0,0.07291599999999931,1.2938882783651913
1986-05-29,5.71875,5.8125,5.666667,5.802083,0.200692,8517600,10122187500.0,0.08333299999999966,1.4571890710382454
1986-05-30,5.75,5.78125,5.583333,5.75,0.19889,9127200,10177500000.0,0.0,0.0
1986-06-02,5.697917,5.75,5.541667,5.666667,0.196008,10135200,10085313090.0,-0.03125,-0.5484460373852409
1986-06-03,5.65625,5.6875,5.59375,5.666667,0.196008,11500800,10011562500.0,0.010417000000000343,0.18416795580111103
1986-06-04,5.6875,5.697917,5.625,5.6875,0.196728,6175200,10066875000.0,0.0,0.0
1986-06-05,5.6875,5.6875,5.59375,5.677083,0.196368,4164000,10066875000.0,-0.010417000000000343,-0.18315604395604998
1986-06-06,5.677083,5.6875,5.625,5.666667,0.196008,4772400,10048436910.0,-0.010415999999999315,-0.18347450618564703
1986-06-09,5.635417,5.65625,5.541667,5.541667,0.191684,6776400,9974688090.0,-0.09375,-1.663585853540208
1986-06-10,5.520833,5.552083,5.479167,5.520833,0.192629,6213600,9771874410.0,0.0,0.0
1986-06-11,5.604167,5.666667,5.5625,5.666667,0.197717,7654800,9919375590.0,0.0625,1.1152415693536613
1986-06-12,5.65625,5.65625,5.583333,5.59375,0.195173,4556400,10011562500.0,-0.0625,-1.1049723756906076
1986-06-13,5.645833,5.75,5.635417,5.739583,0.200261,13920000,9993124410.0,0.09375,1.6605167032039383
1986-06-16,5.739583,5.770833,5.614583,5.645833,0.19699,8449200,10159061910.0,-0.09375,-1.6333939242624422
1986-06-17,5.666667,5.697917,5.645833,5.65625,0.197354,9819600,10030000590.0,-0.010417000000000343,-0.18382940095121775
1986-06-18,5.65625,5.6875,5.583333,5.65625,0.197354,5232000,10011562500.0,0.0,0.0
1986-06-19,5.65625,5.71875,5.614583,5.614583,0.1959,6518400,10011562500.0,-0.04166700000000034,-0.7366541436464149
1986-06-20,5.635417,5.833333,5.572917,5.822917,0.203169,26736000,9974688090.0,0.1875,3.327171707080416
1986-06-23,5.791667,5.958333,5.760417,5.9375,0.207167,12276000,10251250590.0,0.14583299999999966,2.517979711195406
1986-06-24,5.958333,6.083333,5.916667,6.052083,0.211165,17160000,10546249410.0,0.09375,1.5734266614504426
1986-06-25,6.072917,6.229167,6.0625,6.114583,0.213346,19800000,10749063090.0,0.041665999999999315,0.686095331123401
1986-06-26,6.1875,6.208333,6.104167,6.177083,0.215526,8140800,10951875000.0,-0.010417000000000343,-0.1683555555555611
1986-06-27,6.1875,6.333333,6.166667,6.229167,0.217344,10140000,10951875000.0,0.04166700000000034,0.6734060606060662
1986-06-30,6.25,6.333333,6.21875,6.21875,0.21698,7399200,11062500000.0,-0.03125,-0.5
1986-07-01,6.229167,6.239583,6.135417,6.197917,0.216253,7658400,11025625590.0,-0.03125,-0.5016722139573396
1986-07-02,6.197917,6.40625,6.197917,6.333333,0.220978,8083200,10970313090.0,0.13541599999999931,2.184863075772059
1986-07-03,6.364583,6.40625,6.322917,6.354167,0.221705,6457200,11265311910.0,-0.010415999999999315,-0.16365565505233123
1986-07-07,6.208333,6.25,5.916667,5.916667,0.20644,14640000,10988749410.0,-0.2916659999999993,-4.697976091166491
1986-07-08,5.84375,6.020833,5.791667,5.989583,0.208984,19392000,10343437500.0,0.14583299999999966,2.4955379679144327
1986-07-09,5.989583,6.15625,5.989583,6.15625,0.214799,17556000,10601561910.0,0.16666700000000034,2.7826144157281125
1986-07-10,6.229167,6.229167,6.020833,6.166667,0.215163,15720000,11025625590.0,-0.0625,-1.0033444279146793
1986-07-11,6.177083,6.1875,6.114583,6.135417,0.214073,7472400,10933436910.0,-0.041665999999999315,-0.6745255001430176
1986-07-14,6.104167,6.104167,5.989583,6.041667,0.210802,8528400,10804375590.0,-0.0625,-1.0238907290708132
1986-07-15,6.010417,6.0625,5.927083,5.96875,0.208257,18756000,10638438090.0,-0.04166700000000034,-0.6932464086934457
1986-07-16,6.0,6.09375,5.96875,6.052083,0.211165,10735200,10620000000.0,0.05208299999999966,0.8680499999999943
1986-07-17,6.052083,6.072917,5.916667,5.9375,0.207167,9382800,10712186910.0,-0.11458299999999966,-1.8932820319879893
1986-07-18,5.9375,5.989583,5.885417,5.9375,0.207167,11550000,10509375000.0,0.0,0.0
1986-07-21,5.916667,6.0,5.885417,5.989583,0.208984,5887200,10472500590.0,0.07291599999999931,1.2323830291615079
1986-07-22,5.958333,6.104167,5.958333,6.072917,0.211892,6288000,10546249410.0,0.11458400000000069,1.9230882194734784
1986-07-23,6.072917,6.145833,5.927083,5.927083,0.206803,9721200,10749063090.0,-0.14583400000000069,-2.4013830585861897
1986-07-24,5.989583,6.125,5.989583,6.09375,0.212619,12960000,10601561910.0,0.10416700000000034,1.7391360967867104
1986-07-25,6.125,6.177083,6.114583,6.125,0.213709,5203200,10841250000.0,0.0,0.0
1986-07-28,6.125,6.15625,6.041667,6.083333,0.212255,8702400,10841250000.0,-0.04166700000000034,-0.6802775510204138
1986-07-29,6.0625,6.072917,6.0,6.0,0.209348,9110400,10730625000.0,-0.0625,-1.0309278350515463
1986-07-30,5.989583,6.0,5.802083,5.989583,0.208984,13320000,10601561910.0,0.0,0.0
1986-07-31,5.989583,6.0625,5.9375,6.0,0.209348,6574800,10601561910.0,0.010417000000000343,0.17391861837460712
1986-08-01,5.979167,6.010417,5.854167,5.895833,0.205713,3814800,10583125590.0,-0.08333400000000069,-1.3937392951225596
1986-08-04,5.875,6.0,5.802083,5.979167,0.208621,9246000,10398750000.0,0.10416700000000034,1.7730553191489422
1986-08-05,5.989583,6.010417,5.84375,5.864583,0.204623,5582400,10601561910.0,-0.125,-2.0869566378828046
1986-08-06,5.84375,5.854167,5.71875,5.802083,0.202442,8416800,10343437500.0,-0.04166700000000034,-0.7130181818181877
1986-08-07,5.78125,5.885417,5.78125,5.822917,0.203169,8278800,10232812500.0,0.04166700000000034,0.7207264864864924
1986-08-08,5.854167,5.875,5.802083,5.833333,0.203532,5880000,10361875590.0,-0.020834000000000685,-0.35588325375754887
1986-08-11,5.833333,6.083333,5.833333,6.083333,0.212255,7280400,10324999410.0,0.25,4.2857145306122595
1986-08-12,6.104167,6.104167,6.03125,6.083333,0.212255,8638800,10804375590.0,-0.020834000000000685,-0.3413078311913924
1986-08-13,6.083333,6.104167,6.041667,6.083333,0.212255,7687200,10767499410.0,0.0,0.0
1986-08-14,6.072917,6.166667,6.041667,6.104167,0.212982,6586800,10749063090.0,0.03125,0.5145797316182651
1986-08-15,6.114583,6.135417,5.96875,6.083333,0.212255,5727600,10822811910.0,-0.03125,-0.5110732816939438
1986-08-18,6.083333,6.15625,6.052083,6.145833,0.214436,4854000,10767499410.0,0.0625,1.027397316569716
1986-08-19,6.166667,6.208333,6.114583,6.1875,0.21589,7147200,10915000590.0,0.020832999999999657,0.3378324141712153
1986-08-20,6.197917,6.302083,6.166667,6.302083,0.219888,14280000,10970313090.0,0.10416599999999931,1.6806614222165173
1986-08-21,6.291667,6.5,6.270833,6.40625,0.223522,15960000,11136250590.0,0.11458299999999966,1.8211866584801715
1986-08-22,6.354167,6.395833,6.322917,6.333333,0.220978,5240400,11246875590.0,-0.020834000000000685,-0.3278793270620789
1986-08-25,6.34375,6.385417,6.229167,6.291667,0.219524,7706400,11228437500.0,-0.05208299999999966,-0.821012807881768
1986-08-26,6.333333,6.458333,6.333333,6.427083,0.224249,9273600,11209999410.0,0.09375,1.4802632358033283
1986-08-27,6.427083,6.4375,6.333333,6.354167,0.221705,6792000,11375936910.0,-0.07291599999999931,-1.1345115661334904
1986-08-28,6.3125,6.364583,6.270833,6.322917,0.220615,6376800,11173125000.0,0.010417000000000343,0.16502178217822325
1986-08-29,6.302083,6.395833,6.28125,6.333333,0.220978,4390800,11154686910.0,0.03125,0.49586779482275944
1986-09-02,6.333333,6.395833,6.177083,6.25,0.218071,7255200,11209999410.0,-0.08333299999999966,-1.3157842797781145
1986-09-03,6.21875,6.25,6.135417,6.208333,0.216617,6501600,11007187500.0,-0.010417000000000343,-0.16750954773869897
1986-09-04,6.197917,6.25,6.145833,6.239583,0.217707,7402800,10970313090.0,0.041665999999999315,0.6722581151054348
1986-09-05,6.239583,6.25,6.114583,6.15625,0.214799,9421200,11044061910.0,-0.08333299999999966,-1.3355539945537973
1986-09-08,6.041667,6.09375,5.833333,5.895833,0.205713,14040000,10693750590.0,-0.14583400000000069,-2.4138040047556526
1986-09-09,5.895833,5.958333,5.854167,5.895833,0.207399,17760000,10435624410.0,0.0,0.0
1986-09-10,5.916667,5.947917,5.854167,5.854167,0.205933,10161600,10472500590.0,-0.0625,-1.0563379686570158
1986-09-11,5.75,5.770833,5.510417,5.5625,0.195673,18360000,10177500000.0,-0.1875,-3.260869565217391
1986-09-12,5.604167,5.604167,5.25,5.427083,0.190909,31800000,9919375590.0,-0.17708400000000069,-3.159863009078792
1986-09-15,5.5625,5.5625,5.375,5.4375,0.191276,10687200,9845625000.0,-0.125,-2.247191011235955
1986-09-16,5.447917,5.458333,5.270833,5.4375,0.191276,8607600,9642813090.0,-0.010417000000000343,-0.19121069575766925
1986-09-17,5.4375,5.5,5.385417,5.416667,0.190543,8772000,9624375000.0,-0.020832999999999657,-0.38313563218390173
1986-09-18,5.385417,5.447917,5.34375,5.395833,0.18981,6621600,9532188090.0,0.010415999999999315,0.1934112065973594
1986-09-19,5.34375,5.375,5.270833,5.270833,0.185413,10370400,9458437500.0,-0.07291700000000034,-1.3645286549707667
1986-09-22,5.3125,5.385417,5.302083,5.375,0.189077,10045200,9403125000.0,0.0625,1.1764705882352942
1986-09-23,5.416667,5.458333,5.375,5.447917,0.191642,6344400,9587500590.0,0.03125,0.5769230414201205
1986-09-24,5.489583,5.625,5.447917,5.625,0.197872,8617200,9716561910.0,0.13541700000000034,2.466799390773404
1986-09-25,5.614583,5.614583,5.458333,5.479167,0.192742,6886800,9937811910.0,-0.13541599999999931,-2.411862109795141
1986-09-26,5.479167,5.59375,5.427083,5.520833,0.194207,5842800,9698125590.0,0.041665999999999315,0.7604440602011092
1986-09-29,5.416667,5.46875,5.375,5.458333,0.192009,4851600,9587500590.0,0.041665999999999315,0.769218414201931
1986-09-30,5.4375,5.583333,5.395833,5.520833,0.194207,8516400,9624375000.0,0.08333299999999966,1.5325609195402237
1986-10-01,5.53125,5.65625,5.510417,5.645833,0.198604,7897200,9790312500.0,0.11458299999999966,2.0715570621468866
1986-10-02,5.635417,5.677083,5.5625,5.604167,0.197139,4764000,9974688090.0,-0.03125,-0.554528617846736
1986-10-03,5.604167,5.666667,5.552083,5.583333,0.196406,7333200,9919375590.0,-0.020834000000000685,-0.37175908569463906
1986-10-06,5.666667,5.666667,5.604167,5.666667,0.199337,5112000,10030000590.0,0.0,0.0
1986-10-07,5.75,5.864583,5.75,5.8125,0.204467,13800000,10177500000.0,0.0625,1.0869565217391304
1986-10-08,5.791667,5.864583,5.78125,5.854167,0.205933,7534800,10251250590.0,0.0625,1.079136628538899
1986-10-09,5.833333,6.0,5.822917,5.822917,0.204834,15240000,10324999410.0,-0.010415999999999315,-0.1785600102034174
1986-10-10,5.822917,5.895833,5.822917,5.84375,0.205567,7054800,10306563090.0,0.020832999999999657,0.357776008141618
1986-10-13,5.833333,5.854167,5.822917,5.84375,0.205567,3303600,10324999410.0,0.010417000000000343,0.1785771530615575
1986-10-14,5.833333,5.927083,5.833333,5.916667,0.208132,8217600,10324999410.0,0.08333400000000069,1.42858293877618
1986-10-15,5.895833,6.0,5.875,5.947917,0.209231,5822400,10435624410.0,0.052084000000000685,0.8834035835139953
1986-10-16,5.989583,6.09375,5.979167,6.020833,0.211796,10614000,10601561910.0,0.03125,0.5217391594707012
1986-10-17,6.020833,6.020833,5.947917,6.0,0.211063,7698000,10656874410.0,-0.020832999999999657,-0.3460152440700424
1986-10-20,5.9375,5.96875,5.885417,5.958333,0.209597,6164400,10509375000.0,0.020832999999999657,0.35087157894736265
1986-10-21,5.9375,5.947917,5.854167,5.864583,0.2063,5827200,10509375000.0,-0.07291700000000034,-1.22807578947369
1986-10-22,5.875,5.9375,5.854167,5.864583,0.2063,3750000,10398750000.0,-0.010417000000000343,-0.17731063829787816
1986-10-23,5.916667,6.052083,5.916667,6.0,0.211063,6908400,10472500590.0,0.08333299999999966,1.4084449910735157
1986-10-24,6.020833,6.09375,6.0,6.03125,0.212162,6734400,10656874410.0,0.010417000000000343,0.1730159265337594
1986-10-27,6.03125,6.041667,5.96875,6.010417,0.21143,3886800,10675312500.0,-0.020832999999999657,-0.34541761658030523
1986-10-28,6.041667,6.135417,6.020833,6.072917,0.213628,6446400,10693750590.0,0.03125,0.517241350772891
1986-10-29,6.0625,6.15625,6.041667,6.15625,0.21656,5767200,10730625000.0,0.09375,1.5463917525773196
1986-10-30,6.25,6.260417,6.145833,6.229167,0.219124,11264400,11062500000.0,-0.020832999999999657,-0.3333279999999945
1986-10-31,6.208333,6.21875,6.072917,6.125,0.21546,6843600,10988749410.0,-0.08333299999999966,-1.34227658213565
1986-11-03,6.135417,6.145833,6.0625,6.083333,0.213995,5065200,10859688090.0,-0.052084000000000685,-0.8489072543887511
1986-11-04,6.0,6.041667,5.989583,6.010417,0.21143,7228800,10620000000.0,0.010417000000000343,0.17361666666667236
1986-11-05,5.958333,5.989583,5.854167,5.9375,0.208865,10489200,10546249410.0,-0.020832999999999657,-0.3496447748052964
1986-11-06,5.947917,5.979167,5.895833,5.958333,0.209597,6848400,10527813090.0,0.010415999999999315,0.17512013029097942
1986-11-07,5.916667,5.9375,5.854167,5.885417,0.207032,4887600,10472500590.0,-0.03125,-0.5281689843285079
1986-11-10,5.885417,5.9375,5.833333,5.895833,0.207399,4982400,10417188090.0,0.010415999999999315,0.17697981298520246
1986-11-11,5.927083,5.958333,5.875,5.875,0.206666,3770400,10490936910.0,-0.05208299999999966,-0.8787290476613817
1986-11-12,5.895833,5.9375,5.822917,5.854167,0.205933,7218000,10435624410.0,-0.041665999999999315,-0.7067025134531341
1986-11-13,5.864583,5.875,5.677083,5.708333,0.200803,8032800,10380311910.0,-0.15625,-2.6642985528553353
1986-11-14,5.708333,5.791667,5.65625,5.770833,0.203002,7374000,10103749410.0,0.0625,1.0948905748841213
1986-11-17,5.708333,5.78125,5.708333,5.729167,0.201536,8046000,10103749410.0,0.020834000000000685,0.3649752037941845
1986-11-18,5.708333,5.75,5.541667,5.583333,0.196406,9822000,10103749410.0,-0.125,-2.1897811497682427
1986-11-19,5.583333,5.697917,5.572917,5.677083,0.199704,9021600,9882499410.0,0.09375,1.6791045778569897
1986-11-20,5.791667,5.802083,5.71875,5.802083,0.204101,7687200,10251250590.0,0.010415999999999315,0.17984459396576694
1986-11-21,5.802083,5.895833,5.78125,5.875,0.206666,14160000,10269686910.0,0.07291700000000034,1.256738312774918
1986-11-24,5.875,5.958333,5.8125,5.895833,0.207399,7899600,10398750000.0,0.020832999999999657,0.35460425531914314
1986-11-25,5.927083,5.989583,5.875,5.927083,0.208498,8248800,10490936910.0,0.0,0.0
1986-11-26,5.916667,6.239583,5.895833,6.239583,0.219491,16800000,10472500590.0,0.3229159999999993,5.4577349037895715
1986-11-28,6.229167,6.239583,6.166667,6.1875,0.217659,4437600,11025625590.0,-0.04166700000000034,-0.6689016364467406
1986-12-01,6.104167,6.1875,6.03125,6.15625,0.21656,7332000,10804375590.0,0.05208299999999966,0.8532368134751173
1986-12-02,6.21875,6.322917,6.197917,6.3125,0.222056,15360000,11007187500.0,0.09375,1.507537688442211
1986-12-03,6.270833,6.322917,6.229167,6.260417,0.220224,12000000,11099374410.0,-0.010415999999999315,-0.1661023344107444
1986-12-04,6.239583,6.291667,6.229167,6.260417,0.220224,8744400,11044061910.0,0.020834000000000685,0.3339005186724928
1986-12-05,6.208333,6.28125,6.1875,6.28125,0.220957,8799600,10988749410.0,0.07291700000000034,1.1745020764833387
1986-12-08,6.28125,6.3125,6.177083,6.239583,0.219491,11139600,11117812500.0,-0.04166700000000034,-0.6633552238806024
1986-12-09,6.1875,6.229167,6.135417,6.1875,0.219861,12960000,10951875000.0,0.0,0.0
1986-12-10,6.177083,6.322917,6.166667,6.302083,0.223933,10256400,10933436910.0,0.125,2.023608878171137
1986-12-11,6.322917,6.322917,6.177083,6.28125,0.223192,10556400,11191563090.0,-0.04166700000000034,-0.6589838202842192
1986-12-12,6.25,6.270833,6.1875,6.208333,0.220601,6916800,11062500000.0,-0.04166700000000034,-0.6666720000000055
1986-12-15,6.166667,6.21875,6.104167,6.21875,0.220972,7730400,10915000590.0,0.05208299999999966,0.8445891435357165
1986-12-16,6.21875,6.28125,6.166667,6.208333,0.220601,10160400,11007187500.0,-0.010417000000000343,-0.16750954773869897
1986-12-17,6.166667,6.1875,6.135417,6.166667,0.219121,4686000,10915000590.0,0.0,0.0
1986-12-18,6.145833,6.145833,6.020833,6.083333,0.21616,6535200,10878124410.0,-0.0625,-1.0169492076989401
1986-12-19,6.145833,6.21875,6.083333,6.083333,0.21616,13680000,10878124410.0,-0.0625,-1.0169492076989401
1986-12-22,6.114583,6.15625,6.0625,6.145833,0.218381,7515600,10822811910.0,0.03125,0.5110732816939438
1986-12-23,6.145833,6.145833,6.041667,6.0625,0.215419,6663600,10878124410.0,-0.08333299999999966,-1.3559268532028068
1986-12-24,6.041667,6.15625,6.041667,6.114583,0.21727,3310800,10693750590.0,0.07291599999999931,1.2068854506545843
1986-12-26,6.114583,6.114583,6.083333,6.09375,0.21653,1718400,10822811910.0,-0.020832999999999657,-0.3407100696809522
1986-12-29,6.09375,6.125,6.0625,6.09375,0.21653,3769200,10785937500.0,0.0,0.0
1986-12-30,6.083333,6.083333,5.96875,6.010417,0.213569,6914400,10767499410.0,-0.07291599999999931,-1.1986192437599474
1986-12-31,6.010417,6.052083,5.989583,5.989583,0.212829,5797200,10638438090.0,-0.020834000000000685,-0.3466315232370846
1987-01-02,6.0625,6.125,6.052083,6.125,0.21764,5296800,10730625000.0,0.0625,1.0309278350515463
1987-01-05,6.166667,6.28125,6.125,6.270833,0.222822,14880000,10915000590.0,0.10416599999999931,1.689178287071433
1987-01-06,6.260417,6.395833,6.25,6.270833,0.222822,15120000,11080938090.0,0.010415999999999315,0.16637869330428492
1987-01-07,6.25,6.385417,6.25,6.364583,0.226154,9986400,11062500000.0,0.11458299999999966,1.8333279999999945
1987-01-08,6.375,6.46875,6.333333,6.416667,0.228004,12360000,11283750000.0,0.04166700000000034,0.6536000000000054
1987-01-09,6.427083,6.46875,6.385417,6.40625,0.227634,9871200,11375936910.0,-0.020832999999999657,-0.32414393901556365
1987-01-12,6.416667,6.5625,6.395833,6.46875,0.229855,18840000,11357500590.0,0.05208299999999966,0.811683074717757
1987-01-13,6.479167,6.625,6.427083,6.625,0.235407,12480000,11468125590.0,0.14583299999999966,2.2507985980296485
1987-01-14,6.583333,6.645833,6.5625,6.614583,0.235037,15120000,11652499410.0,0.03125,0.4746835683384086
1987-01-15,6.645833,6.666667,6.552083,6.583333,0.233926,15240000,11763124410.0,-0.0625,-0.9404389186427045
1987-01-16,6.604167,6.708333,6.572917,6.708333,0.238368,18360000,11689375590.0,0.10416599999999931,1.5772768919986322
1987-01-19,6.635417,6.864583,6.59375,6.84375,0.243179,11274000,11744688090.0,0.20833299999999966,3.1397122441588774
1987-01-20,6.895833,6.895833,6.791667,6.833333,0.242809,16320000,12205624410.0,-0.0625,-0.9063444546873454
1987-01-21,6.791667,6.895833,6.770833,6.78125,0.240959,13920000,12021250590.0,-0.010417000000000343,-0.15337913357648927
1987-01-22,6.822917,6.895833,6.791667,6.875,0.24429,16080000,12076563090.0,0.05208299999999966,0.7633538558361425
1987-01-23,6.9375,7.083333,6.666667,6.75,0.239848,29760000,12279375000.0,-0.1875,-2.7027027027027026
1987-01-26,6.791667,6.90625,6.71875,6.854167,0.24355,7269600,12021250590.0,0.0625,0.92024535360759
1987-01-27,6.916667,7.072917,6.916667,7.041667,0.250212,14640000,12242500590.0,0.125,1.8072288285672853
1987-01-28,7.114583,7.291667,7.03125,7.270833,0.258355,20880000,12592811910.0,0.15625,2.1961933679036423
1987-01-29,7.354167,7.604167,7.166667,7.604167,0.2702,18360000,13016875590.0,0.25,3.3994332736800783
1987-01-30,7.583333,7.604167,7.291667,7.34375,0.260946,27600000,13422499410.0,-0.23958299999999966,-3.159336402608189
1987-02-02,7.364583,7.520833,7.354167,7.5,0.266498,8422800,13035311910.0,0.13541700000000034,1.8387599134940886
1987-02-03,7.5,7.59375,7.479167,7.53125,0.267609,11359200,13275000000.0,0.03125,0.4166666666666667
1987-02-04,7.354167,7.364583,7.166667,7.260417,0.257985,27120000,13016875590.0,-0.09375,-1.2747874776300292
1987-02-05,7.416667,7.489583,7.260417,7.3125,0.259836,20880000,13127500590.0,-0.10416700000000034,-1.4044988132809568
1987-02-06,7.291667,7.333333,7.208333,7.260417,0.257985,6958800,12906250590.0,-0.03125,-0.4285714089795927
1987-02-09,7.239583,7.25,7.166667,7.21875,0.256505,5986800,12814061910.0,-0.020832999999999657,-0.2877651931057308
1987-02-10,7.145833,7.208333,6.916667,7.052083,0.250583,13440000,12648124410.0,-0.09375,-1.3119534139686724
1987-02-11,7.072917,7.083333,6.958333,7.041667,0.250212,11271600,12519063090.0,-0.03125,-0.4418261941996492
1987-02-12,7.03125,7.072917,6.947917,7.0,0.248732,10298400,12445312500.0,-0.03125,-0.4444444444444444
1987-02-13,7.0,7.197917,6.958333,7.104167,0.252433,9954000,12390000000.0,0.10416700000000034,1.4881000000000049
1987-02-17,7.291667,7.375,7.270833,7.375,0.262057,12360000,12906250590.0,0.08333299999999966,1.14285251918388
1987-02-18,7.395833,7.489583,7.385417,7.416667,0.263537,14280000,13090624410.0,0.020834000000000685,0.28169916762588726
1987-02-19,7.416667,7.416667,7.260417,7.3125,0.259836,7446000,13127500590.0,-0.10416700000000034,-1.4044988132809568
1987-02-20,7.229167,7.260417,7.083333,7.09375,0.252063,12360000,12795625590.0,-0.13541700000000034,-1.8732033718407715
1987-02-23,7.09375,7.114583,6.90625,7.010417,0.249102,13440000,12555937500.0,-0.08333299999999966,-1.1747383259911846
1987-02-24,7.03125,7.125,7.010417,7.072917,0.251323,6222000,12445312500.0,0.04166700000000034,0.5925973333333382
1987-02-25,7.145833,7.208333,7.072917,7.1875,0.255394,8680800,12648124410.0,0.04166700000000034,0.5830950709315533
1987-02-26,7.177083,7.1875,7.041667,7.041667,0.250212,7102800,12703436910.0,-0.13541599999999931,-1.8867832516357874
1987-02-27,7.072917,7.114583,7.020833,7.041667,0.250212,5532000,12519063090.0,-0.03125,-0.4418261941996492
1987-03-02,7.020833,7.083333,7.0,7.0625,0.250953,6435600,12426874410.0,0.04166700000000034,0.5934765860404363
1987-03-03,7.083333,7.083333,6.989583,7.010417,0.249102,7616400,12537499410.0,-0.07291599999999931,-1.029402401383633
1987-03-04,7.0625,7.291667,7.041667,7.239583,0.257245,11962800,12500625000.0,0.17708299999999966,2.5073699115044197
1987-03-05,7.291667,7.322917,7.25,7.270833,0.258355,8091600,12906250590.0,-0.020834000000000685,-0.28572341550979613
1987-03-06,7.291667,7.302083,7.197917,7.229167,0.256875,8133600,12906250590.0,-0.0625,-0.8571428179591855
1987-03-09,7.072917,7.145833,7.020833,7.072917,0.253514,10773600,12519063090.0,0.0,0.0
1987-03-10,7.052083,7.177083,7.052083,7.145833,0.256128,6318000,12482186910.0,0.09375,1.329394449838438
1987-03-11,7.145833,7.197917,7.0,7.104167,0.254635,8264400,12648124410.0,-0.041665999999999315,-0.58308107676179
1987-03-12,7.125,7.197917,7.083333,7.145833,0.256128,5751600,12611250000.0,0.020832999999999657,0.29239298245613554
1987-03-13,7.125,7.15625,7.041667,7.083333,0.253888,5746800,12611250000.0,-0.04166700000000034,-0.5848000000000049
1987-03-16,7.072917,7.09375,7.0,7.010417,0.251274,5486400,12519063090.0,-0.0625,-0.8836523883992984
1987-03-17,7.0,7.072917,6.9375,7.072917,0.253514,11100000,12390000000.0,0.07291700000000034,1.0416714285714335
1987-03-18,7.104167,7.104167,6.989583,7.072917,0.253514,9441600,12574375590.0,-0.03125,-0.43988267730755765
1987-03-19,7.072917,7.09375,7.020833,7.083333,0.253888,6855600,12519063090.0,0.010415999999999315,0.14726597244106376
1987-03-20,7.114583,7.145833,7.072917,7.114583,0.255008,12120000,12592811910.0,0.0,0.0
1987-03-23,7.135417,7.145833,7.0,7.125,0.255381,17520000,12629688090.0,-0.010417000000000343,-0.14599006617273164
1987-03-24,7.114583,7.145833,7.0625,7.09375,0.254261,9550800,12592811910.0,-0.020832999999999657,-0.29282109717462934
1987-03-25,7.125,7.322917,7.09375,7.302083,0.261728,13200000,12611250000.0,0.17708299999999966,2.485375438596486
1987-03-26,7.395833,7.5,7.333333,7.354167,0.263595,10162800,13090624410.0,-0.041665999999999315,-0.5633712929970068
1987-03-27,7.40625,7.40625,7.260417,7.260417,0.260235,9030000,13109062500.0,-0.14583299999999966,-1.9690531645569573
1987-03-30,7.0,7.104167,7.0,7.0,0.250901,17640000,12390000000.0,0.0,0.0
1987-03-31,7.0625,7.125,7.0,7.09375,0.254261,9464400,12500625000.0,0.03125,0.4424778761061947
1987-04-01,7.0,7.125,6.979167,7.0625,0.253141,11674800,12390000000.0,0.0625,0.8928571428571428
1987-04-02,7.125,7.375,7.09375,7.208333,0.258368,7504800,12611250000.0,0.08333299999999966,1.169585964912276
1987-04-03,7.333333,7.604167,7.3125,7.604167,0.272556,17400000,12979999410.0,0.2708340000000007,3.6931910769632403
1987-04-06,7.625,7.6875,7.59375,7.635417,0.273676,11137200,13496250000.0,0.010417000000000343,0.13661639344262747
1987-04-07,7.635417,7.677083,7.25,7.25,0.259862,18840000,13514688090.0,-0.38541700000000034,-5.047753122062624
1987-04-08,7.333333,7.458333,7.3125,7.458333,0.267329,17880000,12979999410.0,0.125,1.704545532024797
1987-04-09,7.458333,7.5,7.270833,7.354167,0.263595,12000000,13201249410.0,-0.10416599999999931,-1.39663916856487
1987-04-10,7.270833,7.416667,7.229167,7.416667,0.265835,10183200,12869374410.0,0.14583400000000069,2.0057399200339314
1987-04-13,7.354167,7.427083,7.1875,7.21875,0.258742,7950000,13016875590.0,-0.13541700000000034,-1.8413642224877451
1987-04-14,7.177083,7.197917,6.958333,7.010417,0.251274,14520000,12703436910.0,-0.16666599999999931,-2.322196914819006
1987-04-15,7.166667,7.166667,7.010417,7.041667,0.252394,10629600,12685000590.0,-0.125,-1.7441859653866993
1987-04-16,7.125,7.177083,7.083333,7.083333,0.253888,12960000,12611250000.0,-0.04166700000000034,-0.5848000000000049
1987-04-20,7.125,7.135417,7.052083,7.125,0.255381,6562800,12611250000.0,0.0,0.0
1987-04-21,7.083333,7.416667,7.052083,7.416667,0.265835,8997600,12537499410.0,0.3333340000000007,4.7058919861596324
1987-04-22,7.3125,7.447917,7.177083,7.208333,0.258368,9768000,12943125000.0,-0.10416700000000034,-1.4245059829059876
1987-04-23,7.21875,7.25,7.0625,7.166667,0.256875,13080000,12777187500.0,-0.05208299999999966,-0.7214961038960991
1987-04-24,7.09375,7.125,7.0,7.020833,0.251648,12960000,12555937500.0,-0.07291700000000034,-1.0279048458149829
1987-04-27,6.885417,7.0625,6.84375,6.958333,0.249408,12960000,12187188090.0,0.07291599999999931,1.0589917792923698
1987-04-28,6.958333,7.072917,6.947917,6.989583,0.250528,9484800,12316249410.0,0.03125,0.44910181792104525
1987-04-29,7.041667,7.041667,6.875,6.916667,0.247914,10766400,12463750590.0,-0.125,-1.7751478449634155
1987-04-30,6.916667,7.041667,6.916667,6.958333,0.249408,12480000,12242500590.0,0.041665999999999315,0.6023999709686662
1987-05-01,6.895833,6.958333,6.791667,6.854167,0.245674,9525600,12205624410.0,-0.041665999999999315,-0.6042199687840369
1987-05-04,6.864583,6.90625,6.75,6.822917,0.244554,7622400,12150311910.0,-0.041665999999999315,-0.6069705909302767
1987-05-05,6.895833,7.020833,6.854167,7.010417,0.251274,10341600,12205624410.0,0.11458400000000069,1.6616411679343264
1987-05-06,7.03125,7.104167,7.010417,7.03125,0.252021,6926400,12445312500.0,0.0,0.0
1987-05-07,7.03125,7.03125,6.916667,6.958333,0.249408,10131600,12445312500.0,-0.07291700000000034,-1.0370417777777827
1987-05-08,6.989583,7.010417,6.895833,6.96875,0.249781,7309200,12371561910.0,-0.020832999999999657,-0.2980578383574479
1987-05-11,6.989583,7.072917,6.708333,6.75,0.24194,16320000,12371561910.0,-0.23958299999999966,-3.427715215628739
1987-05-12,6.8125,6.875,6.75,6.875,0.246421,12120000,12058125000.0,0.0625,0.9174311926605505
1987-05-13,6.916667,7.041667,6.854167,6.979167,0.250154,10298400,12242500590.0,0.0625,0.9036144142836426
1987-05-14,7.0,7.145833,6.989583,7.09375,0.254261,10688400,12390000000.0,0.09375,1.3392857142857142
1987-05-15,7.052083,7.072917,6.8125,6.822917,0.244554,15840000,12482186910.0,-0.22916599999999931,-3.249621423911195
1987-05-18,6.833333,6.833333,6.666667,6.770833,0.242687,11913600,12094999410.0,-0.0625,-0.9146341909577655
1987-05-19,6.875,6.885417,6.65625,6.697917,0.240073,11246400,12168750000.0,-0.17708299999999966,-2.575752727272722
1987-05-20,6.697917,6.8125,6.65625,6.739583,0.241567,11733600,11855313090.0,0.041665999999999315,0.6220739970351874
1987-05-21,6.791667,6.8125,6.708333,6.760417,0.242313,7664400,12021250590.0,-0.03125,-0.460122676803795
1987-05-22,6.802083,6.916667,6.791667,6.895833,0.247167,6583200,12039686910.0,0.09375,1.378254278873104
1987-05-26,7.020833,7.104167,6.979167,7.104167,0.254635,10746000,12426874410.0,0.08333400000000069,1.1869531720808726
1987-05-27,7.15625,7.302083,7.145833,7.25,0.259862,13800000,12666562500.0,0.09375,1.3100436681222707
1987-05-28,7.239583,7.25,7.0625,7.21875,0.258742,6372000,12814061910.0,-0.020832999999999657,-0.2877651931057308
1987-05-29,7.25,7.25,7.09375,7.114583,0.255008,7827600,12832500000.0,-0.13541700000000034,-1.8678206896551772
1987-06-01,7.1875,7.21875,7.104167,7.15625,0.256501,6631200,12721875000.0,-0.03125,-0.43478260869565216
1987-06-02,7.145833,7.239583,7.125,7.145833,0.256128,5942400,12648124410.0,0.0,0.0
1987-06-03,7.197917,7.291667,7.1875,7.28125,0.260982,9990000,12740313090.0,0.08333299999999966,1.157737717731389
1987-06-04,7.270833,7.28125,7.21875,7.260417,0.260235,5998800,12869374410.0,-0.010415999999999315,-0.14325731315791898
1987-06-05,7.260417,7.28125,7.21875,7.270833,0.260608,3374400,12850938090.0,0.010415999999999315,0.1434628341595161
1987-06-08,7.25,7.416667,7.208333,7.416667,0.265835,7416000,12832500000.0,0.16666700000000034,2.298855172413798
1987-06-09,7.322917,7.375,7.28125,7.322917,0.264706,11100000,12961563090.0,0.0,0.0
1987-06-10,7.364583,7.385417,7.1875,7.25,0.26207,7786800,13035311910.0,-0.11458299999999966,-1.5558654169557145
1987-06-11,7.260417,7.291667,7.125,7.1875,0.259811,6448800,12850938090.0,-0.07291700000000034,-1.0043087056845403
1987-06-12,7.260417,7.416667,7.229167,7.333333,0.265082,9916800,12850938090.0,0.07291599999999931,1.004294932370955
1987-06-15,7.375,7.416667,7.333333,7.416667,0.268095,11515200,13053750000.0,0.04166700000000034,0.5649762711864453
1987-06-16,7.40625,7.479167,7.364583,7.458333,0.269601,12360000,13109062500.0,0.05208299999999966,0.7032303797468309
1987-06-17,7.46875,7.541667,7.4375,7.5,0.271107,11776800,13219687500.0,0.03125,0.41841004184100417
1987-06-18,7.4375,7.489583,7.427083,7.479167,0.270354,5304000,13164375000.0,0.04166700000000034,0.560228571428576
1987-06-19,7.479167,7.479167,7.427083,7.427083,0.268471,10045200,13238125590.0,-0.052084000000000685,-0.6963877126958214
1987-06-22,7.5,7.5625,7.46875,7.520833,0.27186,10699200,13275000000.0,0.020832999999999657,0.27777333333332876
1987-06-23,7.541667,7.541667,7.427083,7.447917,0.269224,10472400,13348750590.0,-0.09375,-1.2430938677085583
1987-06-24,7.416667,7.520833,7.395833,7.447917,0.269224,8764800,13127500590.0,0.03125,0.4213482956697395
1987-06-25,7.458333,7.479167,7.40625,7.46875,0.269977,5448000,13201249410.0,0.010417000000000343,0.13966927998522383
1987-06-26,7.458333,7.489583,7.40625,7.458333,0.269601,5545200,13201249410.0,0.0,0.0
1987-06-29,7.458333,7.583333,7.447917,7.5625,0.273366,4730400,13201249410.0,0.10416700000000034,1.396652576386712
1987-06-30,7.572917,7.572917,7.4375,7.46875,0.269977,7176000,13404063090.0,-0.10416700000000034,-1.3755201595369437
1987-07-01,7.46875,7.53125,7.447917,7.53125,0.272237,6060000,13219687500.0,0.0625,0.8368200836820083
1987-07-02,7.53125,7.677083,7.510417,7.614583,0.275249,11322000,13330312500.0,0.08333299999999966,1.1064962655601613
1987-07-06,7.625,7.625,7.510417,7.520833,0.27186,8515200,13496250000.0,-0.10416700000000034,-1.366124590163939
1987-07-07,7.541667,7.614583,7.53125,7.541667,0.272613,7651200,13348750590.0,0.0,0.0
1987-07-08,7.53125,7.760417,7.53125,7.760417,0.280521,9123600,13330312500.0,0.22916700000000034,3.0428813278008344
1987-07-09,7.71875,7.739583,7.583333,7.583333,0.274119,7867200,13662187500.0,-0.13541700000000034,-1.754390283400814
1987-07-10,7.645833,7.6875,7.614583,7.677083,0.277508,8362800,13533124410.0,0.03125,0.4087193638678742
1987-07-13,7.697917,7.697917,7.604167,7.666667,0.277132,7610400,13625313090.0,-0.03125,-0.40595397430239893
1987-07-14,7.6875,7.78125,7.677083,7.78125,0.281273,8191200,13606875000.0,0.09375,1.2195121951219512
1987-07-15,7.708333,7.78125,7.697917,7.770833,0.280897,6726000,13643749410.0,0.0625,0.8108108458729014
1987-07-16,7.9375,7.958333,7.864583,7.947917,0.287298,20160000,14049375000.0,0.010417000000000343,0.13123779527559487
1987-07-17,8.020833,8.229167,8.0,8.072917,0.291817,20520000,14196874410.0,0.052084000000000685,0.6493589880253172
1987-07-20,8.0,8.0625,7.989583,8.052083,0.291063,6540000,14160000000.0,0.05208299999999966,0.6510374999999957
1987-07-21,8.020833,8.072917,7.854167,7.958333,0.287675,10994400,14196874410.0,-0.0625,-0.7792208116039818
1987-07-22,7.958333,8.010417,7.947917,7.989583,0.288804,8326800,14086249410.0,0.03125,0.3926701735149811
1987-07-23,8.03125,8.052083,7.895833,7.958333,0.287675,8971200,14215312500.0,-0.07291700000000034,-0.9079159533073972
1987-07-24,7.9375,7.989583,7.885417,7.989583,0.288804,6182400,14049375000.0,0.05208299999999966,0.6561637795275547
1987-07-27,8.010417,8.03125,7.9375,7.947917,0.287298,5413200,14178438090.0,-0.0625,-0.78023403775359
1987-07-28,7.989583,8.03125,7.947917,7.989583,0.288804,6688800,14141561910.0,0.0,0.0
1987-07-29,8.020833,8.052083,7.989583,8.052083,0.291063,5654400,14196874410.0,0.03125,0.3896104058019909
1987-07-30,8.052083,8.229167,8.03125,8.208333,0.296712,13680000,14252186910.0,0.15625,1.9404916715339373
1987-07-31,8.208333,8.21875,8.145833,8.197917,0.296335,5712000,14528749410.0,-0.010415999999999315,-0.12689543662518704
1987-08-03,8.125,8.208333,8.09375,8.15625,0.294829,6698400,14381250000.0,0.03125,0.38461538461538464
1987-08-04,8.125,8.15625,8.072917,8.145833,0.294452,7137600,14381250000.0,0.020832999999999657,0.2564061538461496
1987-08-05,8.125,8.239583,8.125,8.208333,0.296712,7082400,14381250000.0,0.08333299999999966,1.025636923076919
1987-08-06,8.208333,8.302083,8.166667,8.302083,0.3001,9402000,14528749410.0,0.09375,1.1421320260764276
1987-08-07,8.291667,8.322917,8.25,8.28125,0.299347,8450400,14676250590.0,-0.010417000000000343,-0.1256321557534853
1987-08-10,8.291667,8.479167,8.260417,8.458333,0.305749,11972400,14676250590.0,0.16666599999999931,2.010042130249554
1987-08-11,8.479167,8.729167,8.4375,8.6875,0.314032,16440000,15008125590.0,0.20833299999999966,2.456998429208903
1987-08-12,8.666667,8.729167,8.489583,8.552083,0.309137,14040000,15340000590.0,-0.11458400000000069,-1.3221230260721992
1987-08-13,8.604167,8.75,8.552083,8.708333,0.314785,12840000,15229375590.0,0.10416599999999931,1.2106459579410687
1987-08-14,8.65625,8.75,8.604167,8.65625,0.312903,8791200,15321562500.0,0.0,0.0
1987-08-17,8.729167,8.75,8.6875,8.75,0.316291,8326800,15450625590.0,0.020832999999999657,0.23865965675762255
1987-08-18,8.6875,8.75,8.53125,8.614583,0.311396,11874000,15376875000.0,-0.07291700000000034,-0.8393323741007234
1987-08-19,8.552083,8.6875,8.552083,8.635417,0.312149,8041200,15137186910.0,0.08333400000000069,0.9744292706233171
1987-08-20,8.6875,8.895833,8.666667,8.895833,0.321563,15840000,15376875000.0,0.20833299999999966,2.398077697841723
1987-08-21,8.916667,9.458333,8.895833,9.291667,0.335872,20520000,15782500590.0,0.375,4.205607319416549
1987-08-24,9.375,9.5,9.3125,9.427083,0.340766,19104000,16593750000.0,0.05208299999999966,0.5555519999999963
1987-08-25,9.447917,10.166667,9.427083,9.989583,0.3611,39336000,16722813090.0,0.5416659999999993,5.733179070053212
1987-08-26,10.114583,10.375,10.010417,10.197917,0.36863,29124000,17902811910.0,0.08333400000000069,0.8238995122191463
1987-08-27,9.916667,10.0625,9.833333,9.885417,0.357334,21576000,17552500590.0,-0.03125,-0.3151260398276961
1987-08-28,9.75,9.770833,9.625,9.666667,0.349427,14640000,17257500000.0,-0.08333299999999966,-0.8546974358974323
1987-08-31,9.65625,9.895833,9.625,9.822917,0.355075,13680000,17091562500.0,0.16666700000000034,1.7260012944983854
1987-09-01,9.791667,9.864583,9.5,9.604167,0.347168,14280000,17331250590.0,-0.1875,-1.9148935518334111
1987-09-02,9.520833,9.65625,9.375,9.541667,0.344908,15120000,16851874410.0,0.020834000000000685,0.21882539059345632
1987-09-03,9.604167,9.65625,9.354167,9.552083,0.345285,12480000,16999375590.0,-0.052084000000000685,-0.5423062718505486
1987-09-04,9.59375,9.645833,9.416667,9.427083,0.340766,9524400,16980937500.0,-0.16666700000000034,-1.7372456026058667
1987-09-08,9.395833,9.4375,9.09375,9.28125,0.335495,21120000,16630624410.0,-0.11458299999999966,-1.2195086907142736
1987-09-09,9.229167,9.3125,9.145833,9.229167,0.335874,20280000,16335625590.0,0.0,0.0
1987-09-10,9.40625,9.583333,9.34375,9.552083,0.347626,19680000,16649062500.0,0.14583299999999966,1.5503840531561424
1987-09-11,9.8125,9.875,9.697917,9.75,0.354829,12600000,17368125000.0,-0.0625,-0.6369426751592357
1987-09-14,9.916667,9.9375,9.541667,9.666667,0.351796,11826000,17552500590.0,-0.25,-2.521008318621569
1987-09-15,9.604167,9.625,9.46875,9.520833,0.346489,8584800,16999375590.0,-0.08333400000000069,-0.8676858701020159
1987-09-16,9.458333,9.583333,9.333333,9.354167,0.340423,10530000,16741249410.0,-0.10416599999999931,-1.1013145762577752
1987-09-17,9.395833,9.395833,9.291667,9.333333,0.339665,9979200,16630624410.0,-0.0625,-0.6651884936652238
1987-09-18,9.375,9.385417,9.1875,9.1875,0.334358,11266800,16593750000.0,-0.1875,-2.0
1987-09-21,9.270833,9.364583,9.09375,9.145833,0.332841,11024400,16409374410.0,-0.125,-1.3483146552203022
1987-09-22,9.166667,9.614583,9.145833,9.572917,0.348384,10995600,16225000590.0,0.40625,4.431818020661163
1987-09-23,9.625,9.791667,9.5625,9.75,0.354829,15720000,17036250000.0,0.125,1.2987012987012987
1987-09-24,9.6875,9.78125,9.635417,9.645833,0.351038,8811600,17146875000.0,-0.04166700000000034,-0.4301109677419391
1987-09-25,9.604167,9.6875,9.5625,9.6875,0.352554,9154800,16999375590.0,0.08333299999999966,0.8676754579548612
1987-09-28,9.833333,9.979167,9.760417,9.927083,0.361273,14040000,17404999410.0,0.09375,0.9533898628267751
1987-09-29,9.927083,9.947917,9.760417,9.833333,0.357861,8274000,17570936910.0,-0.09375,-0.9443861807139118
1987-09-30,9.833333,9.947917,9.802083,9.90625,0.360515,8449200,17404999410.0,0.07291700000000034,0.7415288386958963
1987-10-01,9.958333,10.0625,9.9375,10.041667,0.365443,16292400,17626249410.0,0.08333400000000069,0.8368268062536238
1987-10-02,10.020833,10.0625,9.854167,9.895833,0.360136,10110000,17736874410.0,-0.125,-1.2474012888948454
1987-10-05,9.9375,9.9375,9.75,9.791667,0.356345,7761600,17589375000.0,-0.14583299999999966,-1.4675018867924494
1987-10-06,9.6875,9.729167,9.385417,9.458333,0.344214,14178000,17146875000.0,-0.22916700000000034,-2.365594838709681
1987-10-07,9.427083,9.53125,9.34375,9.520833,0.346489,11479200,16685936910.0,0.09375,0.9944751732853101
1987-10-08,9.520833,9.541667,9.354167,9.395833,0.341939,10654800,16851874410.0,-0.125,-1.312910330430121
1987-10-09,9.395833,9.447917,9.166667,9.166667,0.333599,7491600,16630624410.0,-0.22916599999999931,-2.439017381428547
1987-10-12,9.1875,9.239583,9.0625,9.15625,0.333221,10334400,16261875000.0,-0.03125,-0.3401360544217687
1987-10-13,9.270833,9.583333,9.229167,9.53125,0.346868,10448400,16409374410.0,0.26041700000000034,2.808992460548047
1987-10-14,9.354167,9.416667,9.041667,9.21875,0.335495,14078400,16556875590.0,-0.13541700000000034,-1.447664981820405
1987-10-15,9.0625,9.125,8.770833,8.8125,0.320711,22399200,16040625000.0,-0.25,-2.7586206896551726
1987-10-16,8.875,8.916667,8.489583,8.5625,0.311612,26910000,15708750000.0,-0.3125,-3.5211267605633805
1987-10-19,7.5,8.3125,7.291667,7.34375,0.267259,45765600,13275000000.0,-0.15625,-2.083333333333333
1987-10-20,7.916667,7.916667,6.427083,7.416667,0.269912,37712400,14012500590.0,-0.5,-6.315789207756244
1987-10-21,7.916667,8.104167,7.708333,8.083333,0.294174,25077600,14012500590.0,0.16666599999999931,2.1052546481997956
1987-10-22,7.083333,7.875,7.083333,7.625,0.277494,34666800,12537499410.0,0.5416670000000003,7.647063889273601
1987-10-23,7.520833,7.75,7.458333,7.5625,0.275219,14353200,13311874410.0,0.04166700000000034,0.5540210771865343
1987-10-26,7.208333,7.291667,7.020833,7.083333,0.257781,12567600,12758749410.0,-0.125,-1.7341041264325607
1987-10-27,7.416667,7.416667,7.041667,7.145833,0.260056,15109200,13127500590.0,-0.2708340000000007,-3.6516942179013925
1987-10-28,6.916667,7.6875,6.875,7.125,0.259298,17836800,12242500590.0,0.20833299999999966,3.012043228335261
1987-10-29,7.354167,7.604167,7.291667,7.604167,0.276736,15002400,13016875590.0,0.25,3.3994332736800783
1987-10-30,7.666667,7.90625,7.666667,7.739583,0.281664,19717200,13570000590.0,0.07291599999999931,0.9510782195183294
1987-11-02,7.729167,7.75,7.625,7.75,0.282043,8001600,13680625590.0,0.020832999999999657,0.2695374546830164
1987-11-03,7.604167,7.625,7.208333,7.583333,0.275978,10538400,13459375590.0,-0.020834000000000685,-0.27398135785288097
1987-11-04,7.520833,7.78125,7.458333,7.645833,0.278252,14211600,13311874410.0,0.125,1.662049935160108
1987-11-05,7.635417,7.770833,7.625,7.729167,0.281285,14649600,13514688090.0,0.09375,1.227830778594018
1987-11-06,7.739583,7.75,7.5,7.5,0.272945,8448000,13699061910.0,-0.23958299999999966,-3.095554372890628
1987-11-09,7.4375,7.479167,7.239583,7.322917,0.2665,9889200,13164375000.0,-0.11458299999999966,-1.5406117647058777
1987-11-10,7.166667,7.322917,7.166667,7.1875,0.261572,11842800,12685000590.0,0.020832999999999657,0.290693009735204
1987-11-11,7.375,7.375,7.135417,7.208333,0.262331,13186800,13053750000.0,-0.16666700000000034,-2.2598915254237335
1987-11-12,7.4375,7.5,7.364583,7.5,0.272945,16152000,13164375000.0,0.0625,0.8403361344537815
1987-11-13,7.46875,7.489583,7.333333,7.447917,0.27105,7238400,13219687500.0,-0.020832999999999657,-0.2789355648535519
1987-11-16,7.583333,7.583333,7.375,7.4375,0.270671,6903600,13422499410.0,-0.14583299999999966,-1.9230726120031874
1987-11-17,7.354167,7.395833,7.21875,7.375,0.268396,9643200,13016875590.0,0.020832999999999657,0.2832815735623036
1987-11-18,7.395833,7.5,7.291667,7.427083,0.270291,10648800,13090624410.0,0.03125,0.422535230311447
1987-11-19,7.40625,7.489583,7.270833,7.3125,0.266121,8744400,13109062500.0,-0.09375,-1.2658227848101267
1987-11-20,7.270833,7.5,7.25,7.5,0.272945,10002000,12869374410.0,0.22916700000000034,3.1518671932088163
1987-11-23,7.375,7.59375,7.34375,7.583333,0.275978,12638400,13053750000.0,0.20833299999999966,2.824854237288131
1987-11-24,7.645833,7.895833,7.625,7.8125,0.284318,14764800,13533124410.0,0.16666700000000034,2.1798409669685483
1987-11-25,7.8125,7.833333,7.458333,7.458333,0.271429,13574400,13828125000.0,-0.35416700000000034,-4.533337600000005
1987-11-27,7.416667,7.479167,7.354167,7.354167,0.267638,6475200,13127500590.0,-0.0625,-0.842696591339479
1987-11-30,7.125,7.177083,6.96875,7.15625,0.260435,15090000,12611250000.0,0.03125,0.43859649122807015
1987-12-01,7.270833,7.395833,7.15625,7.28125,0.264984,14368800,12869374410.0,0.010417000000000343,0.14327106674022555
1987-12-02,7.291667,7.385417,7.239583,7.3125,0.266121,6597600,12906250590.0,0.020832999999999657,0.2857097012246947
1987-12-03,7.333333,7.34375,7.125,7.145833,0.260056,8659200,12979999410.0,-0.1875,-2.5568182980371956
1987-12-04,7.104167,7.15625,7.0,7.09375,0.258161,9668400,12574375590.0,-0.010417000000000343,-0.1466322511844153
1987-12-07,7.083333,7.260417,7.083333,7.21875,0.26271,7132800,12537499410.0,0.13541700000000034,1.9117695017303342
1987-12-08,7.270833,7.5,7.260417,7.5,0.272945,28956000,12869374410.0,0.22916700000000034,3.1518671932088163
1987-12-09,7.416667,7.666667,7.385417,7.614583,0.279914,15144000,13127500590.0,0.19791599999999931,2.6685302171447
1987-12-10,7.479167,7.583333,7.385417,7.385417,0.27149,14414400,13238125590.0,-0.09375,-1.253481838284932
1987-12-11,7.395833,7.489583,7.208333,7.479167,0.274936,5468400,13090624410.0,0.08333400000000069,1.1267696282487814
1987-12-14,7.46875,7.677083,7.46875,7.677083,0.282212,10087200,13219687500.0,0.20833299999999966,2.789395815899577
1987-12-15,7.708333,7.739583,7.625,7.65625,0.281446,10672800,13643749410.0,-0.05208299999999966,-0.6756713805695689
1987-12-16,7.65625,7.78125,7.604167,7.75,0.284892,8072400,13551562500.0,0.09375,1.2244897959183674
1987-12-17,7.791667,7.802083,7.416667,7.46875,0.274553,15892800,13791250590.0,-0.32291700000000034,-4.144389127512769
1987-12-18,7.5,7.53125,7.46875,7.489583,0.275319,19868400,13275000000.0,-0.010417000000000343,-0.13889333333333792
1987-12-21,7.5,7.614583,7.479167,7.583333,0.278765,9967200,13275000000.0,0.08333299999999966,1.111106666666662
1987-12-22,7.520833,7.520833,7.354167,7.40625,0.272256,12375600,13311874410.0,-0.11458299999999966,-1.5235413417636008
1987-12-23,7.447917,7.5,7.03125,7.447917,0.273787,6876000,13182813090.0,0.0,0.0
1987-12-24,7.447917,7.489583,7.395833,7.489583,0.275319,3403200,13182813090.0,0.041665999999999315,0.5594315833541017
1987-12-28,7.375,7.416667,7.260417,7.291667,0.268043,5048400,13053750000.0,-0.08333299999999966,-1.1299389830508428
1987-12-29,7.333333,7.354167,7.229167,7.25,0.266512,4646400,12979999410.0,-0.08333299999999966,-1.1363591425617745
1987-12-30,7.28125,7.302083,7.21875,7.239583,0.266129,5536800,12887812500.0,-0.04166700000000034,-0.5722506437768288
1987-12-31,7.1875,7.21875,7.114583,7.114583,0.261534,7326000,12721875000.0,-0.07291700000000034,-1.0144973913043527
1988-01-04,7.125,7.333333,7.125,7.302083,0.268427,11472000,12611250000.0,0.17708299999999966,2.485375438596486
1988-01-05,7.4375,7.53125,7.416667,7.427083,0.273021,11781600,13164375000.0,-0.010417000000000343,-0.14006050420168528
1988-01-06,7.479167,7.479167,7.3125,7.333333,0.269575,12120000,13238125590.0,-0.14583400000000069,-1.9498695509807533
1988-01-07,7.270833,7.4375,7.208333,7.40625,0.272256,9987600,12869374410.0,0.13541700000000034,1.862468853293706
1988-01-08,7.385417,7.4375,7.052083,7.09375,0.260768,9424800,13072188090.0,-0.29166700000000034,-3.9492285946751595
1988-01-11,7.145833,7.1875,6.96875,7.1875,0.264214,11220000,12648124410.0,0.04166700000000034,0.5830950709315533
1988-01-12,7.15625,7.1875,6.96875,7.041667,0.258854,8920800,12666562500.0,-0.11458299999999966,-1.6011598253275063
1988-01-13,7.0,7.114583,6.916667,7.020833,0.258088,7432800,12390000000.0,0.020832999999999657,0.29761428571428084
1988-01-14,7.041667,7.09375,7.010417,7.041667,0.258854,5396400,12463750590.0,0.0,0.0
1988-01-15,7.229167,7.28125,7.135417,7.145833,0.262683,11248800,12795625590.0,-0.08333400000000069,-1.1527469209108143
1988-01-18,7.15625,7.177083,7.104167,7.145833,0.262683,4958400,12666562500.0,-0.010417000000000343,-0.1455650655021882
1988-01-19,7.114583,7.1875,7.052083,7.072917,0.260002,6445200,12592811910.0,-0.041665999999999315,-0.5856421943492587
1988-01-20,7.041667,7.041667,6.75,6.885417,0.25311,14520000,12463750590.0,-0.15625,-2.2189348062042695
1988-01-21,6.90625,6.947917,6.78125,6.875,0.252727,12000000,12224062500.0,-0.03125,-0.4524886877828055
1988-01-22,6.916667,6.958333,6.885417,6.9375,0.255024,5661600,12242500590.0,0.020832999999999657,0.3011999854843331
1988-01-25,6.9375,7.229167,6.9375,7.21875,0.265363,7599600,12279375000.0,0.28125,4.054054054054054
1988-01-26,7.166667,7.197917,6.958333,7.041667,0.258854,11847600,12685000590.0,-0.125,-1.7441859653866993
1988-01-27,7.083333,7.104167,6.885417,6.927083,0.254641,8286000,12537499410.0,-0.15625,-2.2058824567474096
1988-01-28,6.927083,7.052083,6.90625,6.927083,0.254641,10209600,12260936910.0,0.0,0.0
1988-01-29,7.0625,7.291667,7.010417,7.229167,0.265746,11302800,12500625000.0,0.16666700000000034,2.359886725663722
1988-02-01,7.416667,7.447917,7.25,7.28125,0.267661,13920000,13127500590.0,-0.13541700000000034,-1.8258471089506962
1988-02-02,7.25,7.427083,7.239583,7.385417,0.27149,11526000,12832500000.0,0.13541700000000034,1.8678206896551772
1988-02-03,7.395833,7.416667,7.229167,7.291667,0.268043,9194400,13090624410.0,-0.10416599999999931,-1.408441753619901
1988-02-04,7.291667,7.322917,7.239583,7.25,0.266512,6799200,12906250590.0,-0.04166700000000034,-0.5714331167344907
1988-02-05,7.270833,7.375,7.239583,7.239583,0.266129,4712400,12869374410.0,-0.03125,-0.4297994466383701
1988-02-08,7.1875,7.25,7.177083,7.208333,0.26498,4292400,12721875000.0,0.020832999999999657,0.2898504347826039
1988-02-09,7.21875,7.322917,7.21875,7.322917,0.269192,6238800,12777187500.0,0.10416700000000034,1.4430060606060653
1988-02-10,7.34375,7.489583,7.3125,7.489583,0.275319,9252000,12998437500.0,0.14583299999999966,1.9858110638297826
1988-02-11,7.489583,7.53125,7.479167,7.510417,0.276085,8251200,13256561910.0,0.020834000000000685,0.27817303046111763
1988-02-12,7.510417,7.604167,7.5,7.5625,0.277999,7977600,13293438090.0,0.05208299999999966,0.6934768069469333
1988-02-16,7.541667,7.583333,7.520833,7.552083,0.277616,4938000,13348750590.0,0.010415999999999315,0.13811270107788257
1988-02-17,7.479167,7.53125,7.40625,7.427083,0.273021,15550800,13238125590.0,-0.052084000000000685,-0.6963877126958214
1988-02-18,7.427083,7.479167,7.427083,7.427083,0.273021,6794400,13145936910.0,0.0,0.0
1988-02-19,7.4375,7.5625,7.416667,7.552083,0.277616,6759600,13164375000.0,0.11458299999999966,1.5406117647058777
1988-02-22,7.552083,7.708333,7.541667,7.6875,0.282595,10154400,13367186910.0,0.13541700000000034,1.7931079412130446
1988-02-23,7.708333,7.8125,7.666667,7.78125,0.286041,11427600,13643749410.0,0.07291700000000034,0.9459503111762342
1988-02-24,7.791667,7.833333,7.708333,7.75,0.284892,7723200,13791250590.0,-0.04166700000000034,-0.5347636134860531
1988-02-25,7.677083,7.791667,7.552083,7.572917,0.278383,9841200,13588436910.0,-0.10416599999999931,-1.3568434781804406
1988-02-26,7.604167,7.666667,7.583333,7.65625,0.281446,4939200,13459375590.0,0.05208299999999966,0.6849270932634653
1988-02-29,7.666667,7.833333,7.65625,7.8125,0.287189,6572400,13570000590.0,0.14583299999999966,1.9021694825143658
1988-03-01,7.833333,7.895833,7.791667,7.895833,0.290253,9494400,13864999410.0,0.0625,0.7978723743775479
1988-03-02,7.958333,8.03125,7.90625,7.927083,0.291402,7962000,14086249410.0,-0.03125,-0.3926701735149811
1988-03-03,7.927083,7.927083,7.739583,7.75,0.284892,7672800,14030936910.0,-0.17708299999999966,-2.233898648468796
1988-03-04,7.729167,7.802083,7.666667,7.729167,0.284126,5007600,13680625590.0,0.0,0.0
1988-03-07,7.71875,7.8125,7.697917,7.78125,0.286041,5108400,13662187500.0,0.0625,0.8097165991902834
1988-03-08,7.708333,7.8125,7.708333,7.8125,0.289985,6112800,13643749410.0,0.10416700000000034,1.351355734112685
1988-03-09,7.822917,7.958333,7.8125,7.854167,0.291531,10483200,13846563090.0,0.03125,0.3994673598096464
1988-03-10,7.875,7.875,7.65625,7.729167,0.286892,7622400,13938750000.0,-0.14583299999999966,-1.8518476190476147
1988-03-11,7.739583,7.739583,7.5,7.604167,0.282252,6448800,13699061910.0,-0.13541599999999931,-1.749654987872077
1988-03-14,7.604167,7.708333,7.604167,7.666667,0.284572,5004000,13459375590.0,0.0625,0.8219177721899059
1988-03-15,7.708333,7.739583,7.6875,7.708333,0.286118,3922800,13643749410.0,0.0,0.0
1988-03-16,7.708333,7.78125,7.645833,7.760417,0.288051,5193600,13643749410.0,0.052084000000000685,0.6756843535431162
1988-03-17,7.833333,7.84375,7.791667,7.833333,0.290758,8845200,13864999410.0,0.0,0.0
1988-03-18,7.854167,7.885417,7.8125,7.84375,0.291145,14520000,13901875590.0,-0.010417000000000343,-0.1326302330979255
1988-03-21,7.770833,7.770833,7.677083,7.75,0.287665,8360400,13754374410.0,-0.020832999999999657,-0.2680922367010031
1988-03-22,7.770833,7.770833,7.729167,7.75,0.287665,6672000,13754374410.0,-0.020832999999999657,-0.2680922367010031
1988-03-23,7.760417,7.791667,7.729167,7.75,0.287665,5734800,13735938090.0,-0.010417000000000343,-0.13423247745579062
1988-03-24,7.666667,7.697917,7.604167,7.625,0.283025,7360800,13570000590.0,-0.04166700000000034,-0.543482585065979
1988-03-25,7.541667,7.604167,7.375,7.375,0.273745,8966400,13348750590.0,-0.16666700000000034,-2.2099490735934157
1988-03-28,7.375,7.458333,7.34375,7.40625,0.274905,7303200,13053750000.0,0.03125,0.423728813559322
1988-03-29,7.541667,7.666667,7.520833,7.583333,0.281478,10419600,13348750590.0,0.041665999999999315,0.552477323647402
1988-03-30,7.645833,7.65625,7.489583,7.489583,0.277999,6645600,13533124410.0,-0.15625,-2.043596819339371
1988-03-31,7.447917,7.5,7.447917,7.46875,0.277225,8103600,13182813090.0,0.020832999999999657,0.27971579167705085
1988-04-04,7.447917,7.479167,7.416667,7.447917,0.276452,6250800,13182813090.0,0.0,0.0
1988-04-05,7.4375,7.53125,7.416667,7.510417,0.278772,5920800,13164375000.0,0.07291700000000034,0.9803966386554668
1988-04-06,7.53125,7.78125,7.510417,7.729167,0.286892,9609600,13330312500.0,0.19791700000000034,2.627943568464735
1988-04-07,7.708333,7.78125,7.677083,7.697917,0.285732,7258800,13643749410.0,-0.010415999999999315,-0.13512649232978538
1988-04-08,7.666667,7.6875,7.583333,7.625,0.283025,13680000,13570000590.0,-0.04166700000000034,-0.543482585065979
1988-04-11,7.65625,7.677083,7.541667,7.572917,0.281092,8260800,13551562500.0,-0.08333299999999966,-1.0884310204081589
1988-04-12,7.5625,7.572917,7.46875,7.510417,0.278772,8680800,13385625000.0,-0.05208299999999966,-0.6887008264462764
1988-04-13,7.458333,7.5,7.385417,7.489583,0.277999,11054400,13201249410.0,0.03125,0.41899443213382936
1988-04-14,7.395833,7.4375,7.291667,7.302083,0.271039,9960000,13090624410.0,-0.09375,-1.2676056909343412
1988-04-15,7.291667,7.322917,7.1875,7.28125,0.270266,13320000,12906250590.0,-0.010417000000000343,-0.14286170775489807
1988-04-18,7.229167,7.270833,7.177083,7.25,0.269106,6552000,12795625590.0,0.020832999999999657,0.28817981380150237
1988-04-19,7.3125,7.364583,7.28125,7.291667,0.270652,7518000,12943125000.0,-0.020832999999999657,-0.2848957264957218
1988-04-20,7.270833,7.322917,7.1875,7.1875,0.266786,9775200,12869374410.0,-0.08333299999999966,-1.1461272731748846
1988-04-21,7.291667,7.40625,7.125,7.166667,0.266013,15240000,12906250590.0,-0.125,-1.714285635918371
1988-04-22,7.25,7.322917,7.15625,7.25,0.269106,8810400,12832500000.0,0.0,0.0
1988-04-25,7.260417,7.291667,7.197917,7.21875,0.267946,6355200,12850938090.0,-0.04166700000000034,-0.573892656578821
1988-04-26,7.25,7.291667,7.21875,7.291667,0.270652,7185600,12832500000.0,0.04166700000000034,0.5747172413793151
1988-04-27,7.291667,7.479167,7.270833,7.427083,0.275679,7620000,12906250590.0,0.13541599999999931,1.8571336293881673
1988-04-28,7.427083,7.447917,7.375,7.40625,0.274905,4756800,13145936910.0,-0.020832999999999657,-0.28050043334643837
1988-04-29,7.395833,7.427083,7.354167,7.427083,0.275679,4026000,13090624410.0,0.03125,0.422535230311447
1988-05-02,7.447917,7.489583,7.385417,7.479167,0.277612,6055200,13182813090.0,0.03125,0.41958040080199605
1988-05-03,7.447917,7.458333,7.34375,7.354167,0.272972,8992800,13182813090.0,-0.09375,-1.258741202405988
1988-05-04,7.34375,7.354167,7.208333,7.208333,0.267559,9128400,12998437500.0,-0.13541700000000034,-1.8439761702127706
1988-05-05,7.1875,7.1875,7.125,7.145833,0.265239,8005200,12721875000.0,-0.04166700000000034,-0.5797147826087005
1988-05-06,7.125,7.15625,6.875,7.125,0.264466,6410400,12611250000.0,0.0,0.0
1988-05-09,7.104167,7.145833,7.104167,7.125,0.264466,7210800,12574375590.0,0.020832999999999657,0.2932504261231423
1988-05-10,7.114583,7.21875,7.114583,7.1875,0.266786,8966400,12592811910.0,0.07291700000000034,1.0248949235675562
1988-05-11,7.104167,7.114583,7.0,7.0625,0.262146,10569600,12574375590.0,-0.04166700000000034,-0.586514928491973
1988-05-12,7.09375,7.15625,7.083333,7.114583,0.264079,4750800,12555937500.0,0.020832999999999657,0.2936810572687176
1988-05-13,7.145833,7.145833,6.989583,7.0,0.259826,10866000,12648124410.0,-0.14583299999999966,-2.0408117570057915
1988-05-16,7.020833,7.0625,6.958333,7.020833,0.2606,8601600,12426874410.0,0.0,0.0
1988-05-17,7.041667,7.072917,6.875,6.875,0.255186,8754000,12463750590.0,-0.16666700000000034,-2.3668685270121457
1988-05-18,6.875,6.958333,6.833333,6.895833,0.25596,8924400,12168750000.0,0.020832999999999657,0.3030254545454496
1988-05-19,6.875,6.90625,6.833333,6.90625,0.256347,11968800,12168750000.0,0.03125,0.45454545454545453
1988-05-20,6.927083,6.947917,6.854167,6.864583,0.2548,7923600,12260936910.0,-0.0625,-0.9022556825145591
1988-05-23,6.885417,6.895833,6.75,6.75,0.250547,3655200,12187188090.0,-0.13541700000000034,-1.9667218412479641
1988-05-24,6.84375,6.885417,6.802083,6.875,0.255186,6415200,12113437500.0,0.03125,0.45662100456621
1988-05-25,6.885417,6.947917,6.885417,6.927083,0.25712,5966400,12187188090.0,0.041665999999999315,0.6051340100388882
1988-05-26,6.875,6.90625,6.864583,6.875,0.255186,6540000,12168750000.0,0.0,0.0
1988-05-27,6.854167,6.864583,6.708333,6.729167,0.249773,5552400,12131875590.0,-0.125,-1.8237081179959578
1988-05-31,6.770833,6.989583,6.760417,6.989583,0.25944,8151600,11984374410.0,0.21875,3.230769389822493
1988-06-01,6.96875,7.166667,6.96875,7.15625,0.265626,9682800,12334687500.0,0.1875,2.690582959641256
1988-06-02,7.135417,7.1875,7.072917,7.114583,0.264079,5334000,12629688090.0,-0.020834000000000685,-0.2919801323454633
1988-06-03,7.135417,7.270833,7.09375,7.229167,0.268333,6657600,12629688090.0,0.09375,1.313868551760885
1988-06-06,7.229167,7.25,6.958333,7.052083,0.261759,9142800,12795625590.0,-0.17708400000000069,-2.449576832296178
1988-06-07,7.0625,7.072917,6.958333,6.989583,0.25944,8532000,12500625000.0,-0.07291700000000034,-1.0324530973451376
1988-06-08,7.041667,7.260417,7.020833,7.208333,0.267559,11202000,12463750590.0,0.16666599999999931,2.3668543258293715
1988-06-09,7.125,7.166667,7.041667,7.114583,0.266856,10519200,12611250000.0,-0.010417000000000343,-0.14620350877193464
1988-06-10,7.09375,7.1875,6.958333,7.010417,0.262949,11048400,12555937500.0,-0.08333299999999966,-1.1747383259911846
1988-06-13,7.041667,7.114583,7.03125,7.083333,0.265684,4804800,12463750590.0,0.041665999999999315,0.5917064808659557
1988-06-14,7.0,7.072917,6.927083,6.9375,0.260214,46826400,12390000000.0,-0.0625,-0.8928571428571428
1988-06-15,6.947917,7.041667,6.9375,7.020833,0.263339,18957600,12297813090.0,0.07291599999999931,1.0494656168172318
1988-06-16,6.979167,7.0,6.916667,6.916667,0.259432,18205200,12353125590.0,-0.0625,-0.895522345288485
1988-06-17,6.9375,6.96875,6.84375,6.947917,0.260605,21064800,12279375000.0,0.010417000000000343,0.1501549549549599
1988-06-20,6.927083,6.947917,6.916667,6.9375,0.260214,7765200,12260936910.0,0.010417000000000343,0.15038075911607157
1988-06-21,6.958333,7.041667,6.9375,7.041667,0.264121,9229200,12316249410.0,0.08333400000000069,1.197614428628246
1988-06-22,7.125,7.1875,7.0625,7.083333,0.265684,13138800,12611250000.0,-0.04166700000000034,-0.5848000000000049
1988-06-23,7.083333,7.125,7.052083,7.09375,0.266074,7360800,12537499410.0,0.010417000000000343,0.14706353633240657
1988-06-24,7.114583,7.208333,7.104167,7.125,0.267247,9037200,12592811910.0,0.010417000000000343,0.14641757640609918
1988-06-27,7.125,7.125,7.0,7.03125,0.26373,5331600,12611250000.0,-0.09375,-1.3157894736842104
1988-06-28,7.010417,7.03125,6.989583,7.0,0.262558,6276000,12408438090.0,-0.010417000000000343,-0.14859315786778937
1988-06-29,7.0,7.020833,6.927083,6.96875,0.261386,5214000,12390000000.0,-0.03125,-0.4464285714285714
1988-06-30,7.0,7.010417,6.927083,6.989583,0.262167,8775600,12390000000.0,-0.010417000000000343,-0.14881428571429062
1988-07-01,7.020833,7.020833,6.9375,6.947917,0.260605,6546000,12426874410.0,-0.07291599999999931,-1.0385662214155973
1988-07-05,6.895833,7.03125,6.895833,7.03125,0.26373,7536000,12205624410.0,0.13541700000000034,1.9637511523263447
1988-07-06,7.020833,7.072917,6.927083,6.989583,0.262167,8671200,12426874410.0,-0.03125,-0.44510387869929396
1988-07-07,6.989583,7.083333,6.9375,7.083333,0.265684,7545600,12371561910.0,0.09375,1.3412817331162676
1988-07-08,7.083333,7.177083,7.083333,7.114583,0.266856,11332800,12537499410.0,0.03125,0.441176491349482
1988-07-11,7.125,7.25,7.114583,7.208333,0.270372,11031600,12611250000.0,0.08333299999999966,1.169585964912276
1988-07-12,7.229167,7.40625,7.21875,7.385417,0.277014,17889600,12795625590.0,0.15625,2.161383185642274
1988-07-13,7.375,7.510417,7.375,7.489583,0.280922,18171600,13053750000.0,0.11458299999999966,1.5536677966101649
1988-07-14,7.479167,7.65625,7.458333,7.572917,0.284047,17724000,13238125590.0,0.09375,1.253481838284932
1988-07-15,7.552083,7.583333,7.489583,7.541667,0.282875,11192400,13367186910.0,-0.010415999999999315,-0.13792221298414378
1988-07-18,7.510417,7.572917,7.5,7.572917,0.284047,8818800,13293438090.0,0.0625,0.8321774942722886
1988-07-19,7.572917,7.645833,7.447917,7.489583,0.280922,9698400,13404063090.0,-0.08333400000000069,-1.1004214096100706
1988-07-20,7.520833,7.572917,7.46875,7.552083,0.283266,10790400,13311874410.0,0.03125,0.415512483790027
1988-07-21,7.541667,7.541667,7.447917,7.479167,0.280531,5469600,13348750590.0,-0.0625,-0.8287292451390389
1988-07-22,7.46875,7.479167,7.333333,7.354167,0.275842,8644800,13219687500.0,-0.11458299999999966,-1.5341656903765644
1988-07-25,7.333333,7.447917,7.302083,7.416667,0.278187,5011200,12979999410.0,0.08333400000000069,1.1363727789260447
1988-07-26,7.416667,7.552083,7.416667,7.5,0.281312,5100000,13127500590.0,0.08333299999999966,1.12359096073748
1988-07-27,7.5,7.510417,7.375,7.416667,0.278187,6393600,13275000000.0,-0.08333299999999966,-1.111106666666662
1988-07-28,7.416667,7.510417,7.395833,7.489583,0.280922,5035200,13127500590.0,0.07291599999999931,0.983137034465742
1988-07-29,7.5,7.65625,7.489583,7.635417,0.286391,9841200,13275000000.0,0.13541700000000034,1.8055600000000047
1988-08-01,7.65625,7.6875,7.59375,7.635417,0.286391,6082800,13551562500.0,-0.020832999999999657,-0.2721044897959139
1988-08-02,7.65625,7.666667,7.604167,7.625,0.286001,7278000,13551562500.0,-0.03125,-0.40816326530612246
1988-08-03,7.604167,7.6875,7.520833,7.6875,0.288345,7000800,13459375590.0,0.08333299999999966,1.0958859793584181
1988-08-04,7.739583,7.739583,7.677083,7.6875,0.288345,8046000,13699061910.0,-0.05208299999999966,-0.6729432322128939
1988-08-05,7.645833,7.697917,7.645833,7.697917,0.288736,4173600,13533124410.0,0.052084000000000685,0.6812076591262285
1988-08-08,7.677083,7.697917,7.635417,7.645833,0.286782,3453600,13588436910.0,-0.03125,-0.407055648610286
1988-08-09,7.645833,7.666667,7.520833,7.59375,0.284829,8138400,13533124410.0,-0.05208299999999966,-0.6811945801065713
1988-08-10,7.552083,7.583333,7.375,7.395833,0.277405,8016000,13367186910.0,-0.15625,-2.068965608561241
1988-08-11,7.40625,7.458333,7.385417,7.458333,0.279749,5826000,13109062500.0,0.05208299999999966,0.7032303797468309
1988-08-12,7.4375,7.458333,7.395833,7.4375,0.278968,4701600,13164375000.0,0.0,0.0
1988-08-15,7.416667,7.4375,7.395833,7.395833,0.277405,3301200,13127500590.0,-0.020834000000000685,-0.2809078525434765
1988-08-16,7.375,7.572917,7.364583,7.541667,0.282875,7964400,13053750000.0,0.16666700000000034,2.2598915254237335
1988-08-17,7.541667,7.583333,7.520833,7.541667,0.282875,6037200,13348750590.0,0.0,0.0
1988-08-18,7.552083,7.625,7.5,7.614583,0.28561,7478400,13367186910.0,0.0625,0.8275862434244963
1988-08-19,7.614583,7.635417,7.583333,7.583333,0.284438,5884800,13477811910.0,-0.03125,-0.4103967347916492
1988-08-22,7.583333,7.59375,7.489583,7.5,0.281312,5252400,13422499410.0,-0.08333299999999966,-1.0988967515998527
1988-08-23,7.5,7.510417,7.447917,7.458333,0.279749,6440400,13275000000.0,-0.04166700000000034,-0.5555600000000046
1988-08-24,7.479167,7.645833,7.46875,7.645833,0.286782,5900400,13238125590.0,0.16666599999999931,2.228403243302353
1988-08-25,7.583333,7.614583,7.5625,7.583333,0.284438,4957200,13422499410.0,0.0,0.0
1988-08-26,7.583333,7.614583,7.5625,7.5625,0.283657,5779200,13422499410.0,-0.020832999999999657,-0.2747208911965182
1988-08-29,7.583333,7.697917,7.583333,7.677083,0.287954,5384400,13422499410.0,0.09375,1.2362637906050018
1988-08-30,7.666667,7.677083,7.625,7.625,0.286001,4455600,13570000590.0,-0.04166700000000034,-0.543482585065979
1988-08-31,7.645833,7.677083,7.583333,7.65625,0.287173,5151600,13533124410.0,0.010417000000000343,0.13624414762917714
1988-09-01,7.635417,7.635417,7.5625,7.59375,0.284829,4431600,13514688090.0,-0.04166700000000034,-0.5457069338845586
1988-09-02,7.635417,7.854167,7.635417,7.854167,0.294596,10008000,13514688090.0,0.21875,2.8649384833860414
1988-09-06,7.822917,7.885417,7.8125,7.885417,0.295769,5041200,13846563090.0,0.0625,0.7989347196192929
1988-09-07,7.90625,8.0,7.895833,7.989583,0.299676,11522400,13994062500.0,0.08333299999999966,1.0540142292490073
1988-09-08,8.0,8.104167,7.979167,8.0625,0.302411,14457600,14160000000.0,0.0625,0.78125
1988-09-09,7.947917,7.958333,7.833333,7.885417,0.299248,11264400,14067813090.0,-0.0625,-0.7863695607289306
1988-09-12,7.9375,8.03125,7.927083,7.989583,0.303201,11395200,14049375000.0,0.05208299999999966,0.6561637795275547
1988-09-13,7.916667,8.052083,7.916667,8.041667,0.305178,10278000,14012500590.0,0.125,1.578947301939061
1988-09-14,8.104167,8.145833,8.0625,8.083333,0.306759,16158000,14344375590.0,-0.020834000000000685,-0.2570776243875612
1988-09-15,8.0625,8.083333,7.947917,7.947917,0.30162,7033200,14270625000.0,-0.11458299999999966,-1.4211844961240268
1988-09-16,7.9375,8.020833,7.9375,7.9375,0.301225,10489200,14049375000.0,0.0,0.0
1988-09-19,7.947917,7.979167,7.895833,7.9375,0.301225,7149600,14067813090.0,-0.010417000000000343,-0.13106578742581662
1988-09-20,7.9375,7.989583,7.927083,7.979167,0.302806,3231600,14049375000.0,0.04166700000000034,0.5249385826771696
1988-09-21,7.979167,8.072917,7.979167,8.0625,0.305968,5960400,14123125590.0,0.08333299999999966,1.0443822018012614
1988-09-22,8.072917,8.083333,8.020833,8.052083,0.305573,6634800,14289063090.0,-0.020834000000000685,-0.2580727635376492
1988-09-23,8.010417,8.03125,8.0,8.020833,0.304387,3531600,14178438090.0,0.010415999999999315,0.13003068379585375
1988-09-26,8.0,8.03125,7.958333,8.03125,0.304782,3810000,14160000000.0,0.03125,0.390625
1988-09-27,8.020833,8.03125,7.979167,8.010417,0.303992,3592800,14196874410.0,-0.010415999999999315,-0.12986182357866466
1988-09-28,7.989583,8.03125,7.979167,8.0,0.303597,3790800,14141561910.0,0.010417000000000343,0.1303822740185607
1988-09-29,8.0,8.15625,7.989583,8.135417,0.308736,15102000,14160000000.0,0.13541700000000034,1.6927125000000043
1988-09-30,8.114583,8.208333,8.0625,8.0625,0.305968,7777200,14362811910.0,-0.05208299999999966,-0.6418444422837213
1988-10-03,8.083333,8.114583,8.010417,8.083333,0.306759,7600800,14307499410.0,0.0,0.0
1988-10-04,8.104167,8.229167,8.09375,8.166667,0.309922,10843200,14344375590.0,0.0625,0.7712081945004341
1988-10-05,8.125,8.208333,8.083333,8.114583,0.307945,8619600,14381250000.0,-0.010417000000000343,-0.128209230769235
1988-10-06,8.125,8.125,8.052083,8.072917,0.306364,5324400,14381250000.0,-0.05208299999999966,-0.6410215384615342
1988-10-07,8.166667,8.40625,8.135417,8.40625,0.319014,17985600,14455000590.0,0.23958299999999966,2.933669268013495
1988-10-10,8.395833,8.427083,8.354167,8.427083,0.319804,4467600,14860624410.0,0.03125,0.37220845150207255
1988-10-11,8.354167,8.395833,8.302083,8.395833,0.318618,6727200,14786875590.0,0.041665999999999315,0.49874511725704446
1988-10-12,8.291667,8.3125,8.208333,8.239583,0.312689,7941600,14676250590.0,-0.052084000000000685,-0.6281487184663914
1988-10-13,8.239583,8.364583,8.208333,8.270833,0.313875,8097600,14584061910.0,0.03125,0.37926676629144945
1988-10-14,8.333333,8.333333,8.208333,8.21875,0.311898,5344800,14749999410.0,-0.11458299999999966,-1.3749960549998381
1988-10-17,8.333333,8.354167,8.260417,8.333333,0.316246,8301600,14749999410.0,0.0,0.0
1988-10-18,7.875,7.958333,7.833333,7.958333,0.302015,46568400,13938750000.0,0.08333299999999966,1.058196825396821
1988-10-19,7.927083,7.947917,7.770833,7.833333,0.297272,23678400,14030936910.0,-0.09375,-1.1826544518330386
1988-10-20,7.864583,8.25,7.864583,8.25,0.313084,33405600,13920311910.0,0.38541700000000034,4.900666697776606
1988-10-21,8.145833,8.177083,8.083333,8.114583,0.307945,12028800,14418124410.0,-0.03125,-0.38363172925347233
1988-10-24,8.166667,8.21875,8.09375,8.125,0.30834,12732000,14455000590.0,-0.04166700000000034,-0.5102081424404882
1988-10-25,8.104167,8.104167,7.947917,7.989583,0.303201,13128000,14344375590.0,-0.11458400000000069,-1.4138899161382124
1988-10-26,7.979167,7.989583,7.916667,7.958333,0.302015,9092400,14123125590.0,-0.020834000000000685,-0.26110494992773914
1988-10-27,7.958333,7.958333,7.822917,7.916667,0.300434,9686400,14086249410.0,-0.041665999999999315,-0.5235518543895978
1988-10-28,7.9375,7.979167,7.895833,7.895833,0.299643,5127600,14049375000.0,-0.04166700000000034,-0.5249385826771696
1988-10-31,7.8125,8.0625,7.791667,7.947917,0.30162,11970000,13828125000.0,0.13541700000000034,1.7333376000000043
1988-11-01,7.96875,8.020833,7.916667,7.916667,0.300434,9276000,14104687500.0,-0.05208299999999966,-0.6535905882352898
1988-11-02,7.9375,7.96875,7.90625,7.96875,0.302411,6040800,14049375000.0,0.03125,0.39370078740157477
1988-11-03,7.979167,8.03125,7.96875,8.020833,0.304387,6031200,14123125590.0,0.041665999999999315,0.5221848345823482
1988-11-04,7.979167,8.020833,7.927083,7.9375,0.301225,4866000,14123125590.0,-0.04166700000000034,-0.5221973672189132
1988-11-07,7.854167,7.885417,7.84375,7.854167,0.298062,5833200,13901875590.0,0.0,0.0
1988-11-08,7.916667,7.9375,7.8125,7.833333,0.297272,8498400,14012500590.0,-0.08333400000000069,-1.0526399556783261
1988-11-09,7.833333,7.854167,7.791667,7.791667,0.29569,11625600,13864999410.0,-0.041665999999999315,-0.5319064056130298
1988-11-10,7.802083,7.8125,7.71875,7.71875,0.292923,7724400,13809686910.0,-0.08333299999999966,-1.0680865609863375
1988-11-11,7.697917,7.708333,7.604167,7.614583,0.28897,7870800,13625313090.0,-0.08333400000000069,-1.0825525918245245
1988-11-14,7.666667,7.677083,7.59375,7.645833,0.290156,10782000,13570000590.0,-0.020834000000000685,-0.2717478142718431
1988-11-15,7.708333,7.708333,7.645833,7.677083,0.291342,6186000,13643749410.0,-0.03125,-0.4054054229364507
1988-11-16,7.6875,7.6875,7.53125,7.583333,0.287784,9584400,13606875000.0,-0.10416700000000034,-1.3550178861788662
1988-11-17,7.635417,7.635417,7.552083,7.604167,0.288575,5930400,13514688090.0,-0.03125,-0.409276926198006
1988-11-18,7.666667,7.697917,7.645833,7.6875,0.291737,6421200,13570000590.0,0.020832999999999657,0.27173477079413594
1988-11-21,7.6875,7.854167,7.677083,7.84375,0.297667,7063200,13606875000.0,0.15625,2.0325203252032518
1988-11-22,7.84375,7.958333,7.84375,7.895833,0.299643,8064000,13883437500.0,0.05208299999999966,0.6640063745019876
1988-11-23,7.895833,8.010417,7.895833,8.0,0.303597,5088000,13975624410.0,0.10416700000000034,1.3192654910507904
1988-11-25,7.947917,8.0,7.9375,7.979167,0.302806,5676000,14067813090.0,0.03125,0.3931847803644653
1988-11-28,7.989583,8.0,7.895833,7.947917,0.30162,4939200,14141561910.0,-0.041665999999999315,-0.5215040634786486
1988-11-29,7.9375,8.03125,7.927083,7.989583,0.303201,7407600,14049375000.0,0.05208299999999966,0.6561637795275547
1988-11-30,8.041667,8.104167,8.020833,8.052083,0.305573,9178800,14233750590.0,0.010415999999999315,0.12952538323209994
1988-12-01,8.083333,8.125,8.072917,8.083333,0.306759,6082800,14307499410.0,0.0,0.0
1988-12-02,8.041667,8.072917,7.989583,8.020833,0.304387,6456000,14233750590.0,-0.020834000000000685,-0.2590756369295158
1988-12-05,7.979167,8.145833,7.979167,8.104167,0.30755,6894000,14123125590.0,0.125,1.5665795690201747
1988-12-06,8.114583,8.239583,8.104167,8.1875,0.310712,9050400,14362811910.0,0.07291700000000034,0.8985920779909498
1988-12-07,8.1875,8.197917,8.135417,8.145833,0.309131,6312000,14491875000.0,-0.04166700000000034,-0.5089099236641264
1988-12-08,8.145833,8.1875,8.145833,8.177083,0.310317,8418000,14418124410.0,0.03125,0.38363172925347233
1988-12-09,8.104167,8.15625,8.083333,8.135417,0.312316,4251600,14344375590.0,0.03125,0.38560409725021705
1988-12-12,8.15625,8.1875,8.09375,8.104167,0.311117,5475600,14436562500.0,-0.05208299999999966,-0.6385655172413751
1988-12-13,8.083333,8.114583,8.03125,8.104167,0.311117,6200400,14307499410.0,0.020834000000000685,0.257740216814038
1988-12-14,8.083333,8.15625,8.0625,8.072917,0.309917,6510000,14307499410.0,-0.010415999999999315,-0.12885773727247554
1988-12-15,8.083333,8.114583,8.0625,8.083333,0.310317,14110800,14307499410.0,0.0,0.0
1988-12-16,8.104167,8.166667,8.072917,8.166667,0.313516,8182800,14344375590.0,0.0625,0.7712081945004341
1988-12-19,8.145833,8.28125,8.135417,8.25,0.316715,6034800,14418124410.0,0.10416700000000034,1.2787765229166905
1988-12-20,8.270833,8.302083,8.197917,8.208333,0.315115,8913600,14639374410.0,-0.0625,-0.7556675367523441
1988-12-21,8.208333,8.34375,8.1875,8.34375,0.320314,7597200,14528749410.0,0.13541700000000034,1.6497503208020476
1988-12-22,8.322917,8.354167,8.270833,8.322917,0.319514,6320400,14731563090.0,0.0,0.0
1988-12-23,8.375,8.458333,8.354167,8.447917,0.324313,6570000,14823750000.0,0.07291700000000034,0.8706507462686608
1988-12-27,8.427083,8.489583,8.34375,8.416667,0.323113,3422400,14915936910.0,-0.010415999999999315,-0.12360148820178127
1988-12-28,8.447917,8.458333,8.395833,8.416667,0.323113,3486000,14952813090.0,-0.03125,-0.36991367221055793
1988-12-29,8.427083,8.479167,8.416667,8.458333,0.324713,4654800,14915936910.0,0.03125,0.37082819761001523
1988-12-30,8.458333,8.5,8.4375,8.489583,0.325913,3472800,14971249410.0,0.03125,0.36945814263874455
1989-01-03,8.46875,8.46875,8.333333,8.40625,0.322713,5445600,14989687500.0,-0.0625,-0.7380073800738007
1989-01-04,8.416667,8.5,8.395833,8.5,0.326312,7719600,14897500590.0,0.08333299999999966,0.9900950102932629
1989-01-05,8.5,8.541667,8.46875,8.479167,0.325513,6993600,15045000000.0,-0.020832999999999657,-0.2450941176470548
1989-01-06,8.510417,8.510417,8.416667,8.427083,0.323513,5280000,15063438090.0,-0.08333400000000069,-0.9791999616470106
1989-01-09,8.395833,8.416667,8.364583,8.364583,0.321114,10708800,14860624410.0,-0.03125,-0.37220845150207255
1989-01-10,8.375,8.40625,8.34375,8.385417,0.321914,6810000,14823750000.0,0.010417000000000343,0.1243820895522429
1989-01-11,8.385417,8.46875,8.375,8.416667,0.323113,9106800,14842188090.0,0.03125,0.3726707926391734
1989-01-12,8.4375,8.53125,8.395833,8.510417,0.326712,11128800,14934375000.0,0.07291700000000034,0.8642014814814856
1989-01-13,8.53125,8.572917,8.46875,8.5625,0.328712,6864000,15100312500.0,0.03125,0.3663003663003663
1989-01-16,8.5625,8.604167,8.552083,8.5625,0.328712,5192400,15155625000.0,0.0,0.0
1989-01-17,8.53125,8.541667,8.458333,8.479167,0.325513,6901200,15100312500.0,-0.05208299999999966,-0.6104967032966993
1989-01-18,8.510417,8.541667,8.46875,8.541667,0.327912,12208800,15063438090.0,0.03125,0.3671970480412417
1989-01-19,8.572917,8.583333,8.46875,8.489583,0.325913,8916000,15174063090.0,-0.08333400000000069,-0.9720612015723549
1989-01-20,8.479167,8.5,8.458333,8.5,0.326312,7928400,15008125590.0,0.020832999999999657,0.24569630483748767
1989-01-23,8.5,8.541667,8.489583,8.5,0.326312,3884400,15045000000.0,0.0,0.0
1989-01-24,8.5,8.75,8.5,8.697917,0.33391,11830800,15045000000.0,0.19791700000000034,2.328435294117651
1989-01-25,8.739583,8.760417,8.604167,8.625,0.331111,12763200,15469061910.0,-0.11458299999999966,-1.3110808604941409
1989-01-26,8.625,8.854167,8.614583,8.84375,0.339509,12008400,15266250000.0,0.21875,2.536231884057971
1989-01-27,8.864583,9.135417,8.864583,9.03125,0.346707,19448400,15690311910.0,0.16666700000000034,1.8801448415565667
1989-01-30,9.03125,9.052083,8.958333,9.052083,0.347507,4971600,15985312500.0,0.020832999999999657,0.23067681660899272
1989-01-31,9.041667,9.083333,8.96875,9.083333,0.348707,8146800,16003750590.0,0.041665999999999315,0.46082210282682734
1989-02-01,9.072917,9.09375,8.96875,9.0,0.345507,6955200,16059063090.0,-0.07291700000000034,-0.803677582413686
1989-02-02,9.0,9.0625,8.96875,9.041667,0.347107,5841600,15930000000.0,0.04166700000000034,0.46296666666667047
1989-02-03,9.052083,9.229167,9.041667,9.083333,0.348707,9820800,16022186910.0,0.03125,0.3452244085698286
1989-02-06,9.114583,9.145833,9.020833,9.041667,0.347107,8293200,16132811910.0,-0.07291599999999931,-0.7999927149711548
1989-02-07,9.052083,9.1875,9.03125,9.177083,0.352306,9900000,16022186910.0,0.125,1.3808976342793144
1989-02-08,9.177083,9.28125,9.15625,9.239583,0.354705,12559200,16243436910.0,0.0625,0.6810442926145487
1989-02-09,9.1875,9.21875,9.052083,9.104167,0.349506,10182000,16261875000.0,-0.08333299999999966,-0.9070258503401324
1989-02-10,9.020833,9.0625,8.9375,8.958333,0.343908,10447200,15966874410.0,-0.0625,-0.6928406722527731
1989-02-13,8.947917,9.020833,8.885417,8.989583,0.345107,6878400,15837813090.0,0.041665999999999315,0.46565027368938844
1989-02-14,9.03125,9.072917,8.979167,9.0,0.345507,5343600,15985312500.0,-0.03125,-0.34602076124567477
1989-02-15,8.947917,9.052083,8.947917,9.041667,0.347107,9574800,15837813090.0,0.09375,1.047729879479213
1989-02-16,9.083333,9.25,9.072917,9.229167,0.354305,10585200,16077499410.0,0.14583400000000069,1.605511985523383
1989-02-17,9.21875,9.3125,9.177083,9.197917,0.353105,8875200,16317187500.0,-0.020832999999999657,-0.225985084745759
1989-02-21,9.229167,9.25,9.125,9.145833,0.351106,7941600,16335625590.0,-0.08333400000000069,-0.9029417281104641
1989-02-22,9.15625,9.21875,9.09375,9.104167,0.349506,9574800,16206562500.0,-0.05208299999999966,-0.5688245733788359
1989-02-23,9.0625,9.125,9.041667,9.114583,0.349906,6396000,16040625000.0,0.05208299999999966,0.5747089655172376
1989-02-24,9.104167,9.114583,8.96875,9.0,0.345507,8572800,16114375590.0,-0.10416700000000034,-1.1441683791608868
1989-02-27,8.979167,9.0,8.9375,8.96875,0.344308,4906800,15893125590.0,-0.010417000000000343,-0.11601298873270029
1989-02-28,8.96875,9.03125,8.96875,9.010417,0.345907,4976400,15874687500.0,0.04166700000000034,0.4645797909407704
1989-03-01,9.03125,9.104167,9.03125,9.041667,0.347107,9910800,15985312500.0,0.010417000000000343,0.115343944636682
1989-03-02,9.041667,9.135417,9.03125,9.114583,0.349906,5905200,16003750590.0,0.07291599999999931,0.8064442099006667
1989-03-03,9.0625,9.135417,9.052083,9.083333,0.348707,3708000,16040625000.0,0.020832999999999657,0.22988137931034106
1989-03-06,9.145833,9.291667,9.125,9.260417,0.355505,8847600,16188124410.0,0.11458400000000069,1.2528547153660108
1989-03-07,9.270833,9.375,9.21875,9.302083,0.357104,9984000,16409374410.0,0.03125,0.33707866380507556
1989-03-08,9.302083,9.583333,9.302083,9.479167,0.363902,12777600,16464686910.0,0.17708400000000069,1.9037026438057012
1989-03-09,9.416667,9.46875,9.385417,9.427083,0.365518,15105600,16667500590.0,0.010415999999999315,0.11061238546504103
1989-03-10,9.4375,9.625,9.375,9.625,0.373192,17820000,16704375000.0,0.1875,1.9867549668874174
1989-03-13,9.708333,9.9375,9.708333,9.895833,0.383693,17469600,17183749410.0,0.1875,1.9313305384147823
1989-03-14,9.947917,10.041667,9.854167,9.854167,0.382077,18729600,17607813090.0,-0.09375,-0.94240834538527
1989-03-15,9.875,9.9375,9.854167,9.885417,0.383289,28856400,17478750000.0,0.010417000000000343,0.10548860759494018
1989-03-16,9.864583,10.041667,9.864583,9.96875,0.38652,11352000,17460311910.0,0.10416700000000034,1.0559696238553657
1989-03-17,9.6875,9.8125,9.604167,9.739583,0.377635,17694000,17146875000.0,0.05208299999999966,0.537630967741932
1989-03-20,9.71875,9.729167,9.552083,9.677083,0.375211,9519600,17202187500.0,-0.04166700000000034,-0.4287279742765308
1989-03-21,9.8125,9.8125,9.71875,9.729167,0.377231,7809600,17368125000.0,-0.08333299999999966,-0.8492535031847098
1989-03-22,9.71875,9.770833,9.677083,9.739583,0.377635,7624800,17202187500.0,0.020832999999999657,0.21435884244372636
1989-03-23,9.729167,9.770833,9.5625,9.572917,0.371172,9438000,17220625590.0,-0.15625,-1.6059956623213478
1989-03-27,9.572917,9.677083,9.5625,9.645833,0.374,5344800,16944063090.0,0.07291599999999931,0.7616905066658294
1989-03-28,9.791667,9.9375,9.739583,9.916667,0.384501,12295200,17331250590.0,0.125,1.276595701222274
1989-03-29,9.916667,10.0,9.895833,10.0,0.387732,7856400,17552500590.0,0.08333299999999966,0.8403327448627614
1989-03-30,9.96875,10.03125,9.927083,9.958333,0.386116,5010000,17644687500.0,-0.010417000000000343,-0.10449655172414136
1989-03-31,9.947917,10.0625,9.947917,10.010417,0.388136,6526800,17607813090.0,0.0625,0.6282722302568466
1989-04-03,10.0,10.083333,9.96875,10.0625,0.390155,6577200,17700000000.0,0.0625,0.625
1989-04-04,10.03125,10.072917,9.96875,9.979167,0.386924,6535200,17755312500.0,-0.05208299999999966,-0.5192074766355106
1989-04-05,9.979167,10.010417,9.96875,9.96875,0.38652,4274400,17663125590.0,-0.010417000000000343,-0.10438747041712342
1989-04-06,9.9375,9.958333,9.895833,9.927083,0.384905,4470000,17589375000.0,-0.010417000000000343,-0.10482515723270786
1989-04-07,9.90625,9.979167,9.895833,9.927083,0.384905,5172000,17534062500.0,0.020832999999999657,0.21030157728706278
1989-04-10,9.9375,9.979167,9.864583,9.885417,0.383289,5721600,17589375000.0,-0.05208299999999966,-0.5241056603773551
1989-04-11,9.916667,10.0,9.885417,9.916667,0.384501,4590000,17552500590.0,0.0,0.0
1989-04-12,9.927083,9.989583,9.927083,9.989583,0.387328,5698800,17570936910.0,0.0625,0.6295907871426077
1989-04-13,9.958333,9.96875,9.75,9.791667,0.379654,14228400,17626249410.0,-0.16666599999999931,-1.6736335288245463
1989-04-14,9.916667,9.96875,9.885417,9.96875,0.38652,10670400,17552500590.0,0.05208299999999966,0.5252067050350653
1989-04-17,9.927083,9.96875,9.916667,9.96875,0.38652,4665600,17570936910.0,0.04166700000000034,0.41973054924594005
1989-04-18,10.0625,10.21875,10.052083,10.197917,0.395406,10083600,17810625000.0,0.13541700000000034,1.3457590062111835
1989-04-19,10.270833,10.458333,10.270833,10.427083,0.404291,14053200,18179374410.0,0.15625,1.5212982238149526
1989-04-20,10.458333,10.479167,10.3125,10.416667,0.403887,11010000,18511249410.0,-0.041665999999999315,-0.39840001269800185
1989-04-21,10.40625,10.458333,10.375,10.458333,0.405503,9762000,18419062500.0,0.05208299999999966,0.500497297297294
1989-04-24,10.375,10.447917,10.375,10.427083,0.404291,6264000,18363750000.0,0.05208299999999966,0.502004819277105
1989-04-25,10.458333,10.510417,10.385417,10.395833,0.40308,6673200,18511249410.0,-0.0625,-0.5976095808003055
1989-04-26,10.447917,10.458333,10.395833,10.4375,0.404695,4100400,18492813090.0,-0.010417000000000343,-0.09970408455580515
1989-04-27,10.46875,10.645833,10.447917,10.645833,0.412773,10422000,18529687500.0,0.17708299999999966,1.6915391044776087
1989-04-28,10.666667,10.6875,10.5625,10.59375,0.410754,5518800,18880000590.0,-0.07291700000000034,-0.6835968536376015
1989-05-01,10.541667,10.552083,10.489583,10.53125,0.40833,4188000,18658750590.0,-0.010417000000000343,-0.09881738817969059
1989-05-02,10.53125,10.583333,10.416667,10.416667,0.403887,4334400,18640312500.0,-0.11458299999999966,-1.088028486646881
1989-05-03,10.395833,10.510417,10.395833,10.489583,0.406714,5221200,18400624410.0,0.09375,0.9018036361299763
1989-05-04,10.46875,10.552083,10.46875,10.520833,0.407926,3346800,18529687500.0,0.05208299999999966,0.49750925373134
1989-05-05,10.625,10.78125,10.572917,10.59375,0.410754,8587200,18806250000.0,-0.03125,-0.29411764705882354
1989-05-08,10.541667,10.635417,10.520833,10.625,0.411965,5785200,18658750590.0,0.08333299999999966,0.7905106469403715
1989-05-09,10.65625,10.729167,10.59375,10.729167,0.416004,5481600,18861562500.0,0.07291700000000034,0.6842651026392994
1989-05-10,10.729167,10.770833,10.666667,10.739583,0.416408,6588000,18990625590.0,0.010415999999999315,0.09708116203242352
1989-05-11,10.791667,10.802083,10.729167,10.802083,0.418831,7593600,19101250590.0,0.010415999999999315,0.0965189159376333
1989-05-12,10.958333,11.0625,10.916667,11.0625,0.428928,12651600,19396249410.0,0.10416700000000034,0.950573412945202
1989-05-15,11.083333,11.145833,11.010417,11.135417,0.431755,8217600,19617499410.0,0.052084000000000685,0.46993084120093376
1989-05-16,11.0625,11.09375,11.03125,11.072917,0.429332,8475600,19580625000.0,0.010417000000000343,0.09416497175141553
1989-05-17,11.125,11.302083,11.072917,11.291667,0.437814,13694400,19691250000.0,0.16666700000000034,1.4981303370786547
1989-05-18,11.270833,11.375,11.270833,11.333333,0.439429,12877200,19949374410.0,0.0625,0.5545286670470585
1989-05-19,11.354167,11.395833,11.177083,11.322917,0.439025,23324400,20096875590.0,-0.03125,-0.2752293497180374
1989-05-22,11.375,11.458333,11.322917,11.375,0.441045,10369200,20133750000.0,0.0,0.0
1989-05-23,11.333333,11.34375,11.270833,11.270833,0.437006,8374800,20059999410.0,-0.0625,-0.5514706044550178
1989-05-24,11.270833,11.447917,11.260417,11.447917,0.443872,8490000,19949374410.0,0.17708400000000069,1.5711704716057873
1989-05-25,11.458333,11.71875,11.458333,11.666667,0.452354,15271200,20281249410.0,0.20833400000000069,1.818187689256375
1989-05-26,11.65625,11.677083,11.625,11.645833,0.451546,8070000,20631562500.0,-0.010417000000000343,-0.08936836461126299
1989-05-30,11.677083,11.677083,11.427083,11.5,0.445892,7639200,20668436910.0,-0.17708299999999966,-1.5165003109081236
1989-05-31,11.5625,11.635417,11.541667,11.59375,0.449527,6902400,20465625000.0,0.03125,0.2702702702702703
1989-06-01,11.572917,11.614583,11.541667,11.583333,0.449123,7735200,20484063090.0,0.010415999999999315,0.090003237731674
1989-06-02,11.625,11.791667,11.625,11.770833,0.456393,9471600,20576250000.0,0.14583299999999966,1.2544774193548358
1989-06-05,11.791667,11.791667,11.583333,11.614583,0.450334,9578400,20871250590.0,-0.17708400000000069,-1.50177239570962
1989-06-06,11.635417,11.708333,11.59375,11.697917,0.453565,8709600,20594688090.0,0.0625,0.5371530732418098
1989-06-07,11.729167,11.895833,11.729167,11.854167,0.459624,7206000,20760625590.0,0.125,1.0657193302815111
1989-06-08,11.916667,11.96875,11.875,11.927083,0.462451,10940400,21092500590.0,0.010415999999999315,0.08740699056203648
1989-06-09,11.895833,11.895833,11.760417,11.802083,0.46123,10786800,21055624410.0,-0.09375,-0.7880910903843389
1989-06-12,11.729167,11.75,11.635417,11.6875,0.456752,8481600,20760625590.0,-0.04166700000000034,-0.3552426186787207
1989-06-13,11.625,11.84375,11.5625,11.8125,0.461637,12499200,20576250000.0,0.1875,1.6129032258064515
1989-06-14,11.854167,11.979167,11.770833,11.802083,0.46123,7196400,20981875590.0,-0.052084000000000685,-0.4393729226186934
1989-06-15,11.739583,11.75,11.59375,11.645833,0.455123,8162400,20779061910.0,-0.09375,-0.7985803243607545
1989-06-16,11.583333,11.65625,11.5625,11.572917,0.452274,13156800,20502499410.0,-0.010415999999999315,-0.08992230474595969
1989-06-19,11.520833,11.552083,11.40625,11.416667,0.446167,8254800,20391874410.0,-0.10416599999999931,-0.9041533715487354
1989-06-20,11.427083,11.46875,11.21875,11.229167,0.43884,9656400,20225936910.0,-0.19791599999999931,-1.7319905701218705
1989-06-21,11.291667,11.427083,11.260417,11.354167,0.443725,8043600,19986250590.0,0.0625,0.5535055187157042
1989-06-22,11.354167,11.5,11.354167,11.5,0.449424,7540800,20096875590.0,0.14583299999999966,1.2844006962377748
1989-06-23,11.583333,11.895833,11.552083,11.875,0.464079,14204400,20502499410.0,0.29166700000000034,2.517988561668739
1989-06-26,11.84375,11.854167,11.708333,11.739583,0.458787,5576400,20963437500.0,-0.10416700000000034,-0.8795102902374698
1989-06-27,11.760417,11.864583,11.75,11.833333,0.462451,7794000,20815938090.0,0.07291599999999931,0.6200120284850386
1989-06-28,11.78125,11.916667,11.697917,11.90625,0.465301,9760800,20852812500.0,0.125,1.0610079575596816
1989-06-29,11.90625,11.90625,11.666667,11.666667,0.455937,9655200,21074062500.0,-0.23958299999999966,-2.0122456692913357
1989-06-30,11.645833,11.666667,11.395833,11.552083,0.451459,11238000,20613124410.0,-0.09375,-0.8050089675852299
1989-07-03,11.614583,11.614583,11.552083,11.59375,0.453088,3852000,20557811910.0,-0.020832999999999657,-0.17936933250207657
1989-07-05,11.5625,11.604167,11.520833,11.583333,0.452681,5533200,20465625000.0,0.020832999999999657,0.18017729729729434
1989-07-06,11.59375,11.71875,11.59375,11.708333,0.457566,6477600,20520937500.0,0.11458299999999966,0.9883169811320724
1989-07-07,11.729167,11.84375,11.708333,11.760417,0.459601,7864800,20760625590.0,0.03125,0.2664298325703778
1989-07-10,11.78125,11.822917,11.770833,11.802083,0.46123,4672800,20852812500.0,0.020832999999999657,0.17683183023872387
1989-07-11,12.072917,12.125,11.958333,11.979167,0.46815,13359600,21369063090.0,-0.09375,-0.7765314712260508
1989-07-12,11.989583,12.083333,11.916667,12.0625,0.471407,4639200,21221561910.0,0.07291700000000034,0.6081696085677071
1989-07-13,12.072917,12.114583,12.0,12.010417,0.469371,7800000,21369063090.0,-0.0625,-0.5176876474840338
1989-07-14,12.0,12.072917,11.875,12.03125,0.470185,7114800,21240000000.0,0.03125,0.26041666666666663
1989-07-17,11.96875,12.052083,11.958333,12.0,0.468964,5431200,21184687500.0,0.03125,0.26109660574412535
1989-07-18,11.989583,12.041667,11.947917,12.0,0.468964,4970400,21221561910.0,0.010417000000000343,0.08688375567357383
1989-07-19,12.072917,12.25,12.072917,12.25,0.478734,11475600,21369063090.0,0.17708299999999966,1.4667789068706398
1989-07-20,12.302083,12.40625,12.197917,12.208333,0.477106,10596000,21774686910.0,-0.09375,-0.7620660663726623
1989-07-21,12.1875,12.583333,12.166667,12.5,0.488504,13368000,21571875000.0,0.3125,2.564102564102564
1989-07-24,12.447917,12.552083,12.4375,12.489583,0.488097,8790000,22032813090.0,0.041665999999999315,0.3347226688609774
1989-07-25,12.53125,12.5625,12.5,12.541667,0.490133,8120400,22180312500.0,0.010417000000000343,0.08312817955112493
1989-07-26,12.53125,13.083333,12.53125,13.072917,0.510894,13086000,22180312500.0,0.5416670000000003,4.322529675810476
1989-07-27,13.125,13.25,13.041667,13.083333,0.511301,13194000,23231250000.0,-0.04166700000000034,-0.31746285714285977
1989-07-28,13.083333,13.083333,12.822917,12.916667,0.504788,8884800,23157499410.0,-0.16666599999999931,-1.2738802872326136
1989-07-31,12.947917,13.229167,12.927083,13.208333,0.516187,6291600,22917813090.0,0.2604159999999993,2.011257872598344
1989-08-01,13.25,13.416667,13.25,13.3125,0.520257,14984400,23452500000.0,0.0625,0.4716981132075472
1989-08-02,13.302083,13.5625,13.302083,13.541667,0.529213,9564000,23544686910.0,0.23958400000000069,1.8011013763784265
1989-08-03,13.5,13.708333,13.5,13.635417,0.532877,8467200,23895000000.0,0.13541700000000034,1.0030888888888914
1989-08-04,13.53125,13.729167,13.375,13.5,0.527585,9452400,23950312500.0,-0.03125,-0.23094688221709006
1989-08-07,13.416667,13.447917,13.25,13.270833,0.518629,10348800,23747500590.0,-0.14583400000000069,-1.0869614636779812
1989-08-08,13.3125,13.34375,13.208333,13.322917,0.520664,9373200,23563125000.0,0.010417000000000343,0.07824976525821854
1989-08-09,13.395833,13.520833,13.333333,13.375,0.5227,12812400,23710624410.0,-0.020832999999999657,-0.15551851086826524
1989-08-10,13.375,13.739583,13.375,13.604167,0.531656,9992400,23673750000.0,0.22916700000000034,1.7133981308411241
1989-08-11,13.739583,13.8125,13.333333,13.333333,0.521071,21300000,24319061910.0,-0.40625,-2.956785515251809
1989-08-14,13.302083,13.385417,13.125,13.270833,0.518629,12987600,23544686910.0,-0.03125,-0.23492561277808896
1989-08-15,13.302083,13.322917,13.0,13.104167,0.512116,8618400,23544686910.0,-0.19791599999999931,-1.4878572025148191
1989-08-16,13.197917,13.322917,13.166667,13.208333,0.516187,7467600,23360313090.0,0.010415999999999315,0.07892154496803787
1989-08-17,13.239583,13.302083,13.114583,13.166667,0.514558,7968000,23434061910.0,-0.07291599999999931,-0.5507424214191589
1989-08-18,13.135417,13.197917,13.041667,13.041667,0.509673,15405600,23249688090.0,-0.09375,-0.7137192523084726
1989-08-21,13.083333,13.104167,12.916667,12.9375,0.505602,11178000,23157499410.0,-0.14583299999999966,-1.114647162156613
1989-08-22,12.916667,13.083333,12.833333,13.083333,0.511301,10448400,22862500590.0,0.16666599999999931,1.2903173860563202
1989-08-23,13.083333,13.15625,13.020833,13.114583,0.512522,8706000,23157499410.0,0.03125,0.2388535092701531
1989-08-24,13.104167,13.25,13.020833,13.25,0.517814,12676800,23194375590.0,0.14583299999999966,1.1128750114371988
1989-08-25,13.25,13.489583,13.239583,13.427083,0.524735,9696000,23452500000.0,0.17708299999999966,1.3364754716981107
1989-08-28,13.354167,13.46875,13.291667,13.458333,0.525957,6806400,23636875590.0,0.10416599999999931,0.7800261895781243
1989-08-29,13.458333,13.6875,13.458333,13.5625,0.530027,11607600,23821249410.0,0.10416700000000034,0.773996303999911
1989-08-30,13.666667,13.875,13.458333,13.625,0.53247,16634400,24190000590.0,-0.04166700000000034,-0.3048804803687713
1989-08-31,13.604167,13.6875,13.583333,13.645833,0.533284,8178000,24079375590.0,0.041665999999999315,0.30627380566556783
1989-09-01,13.625,13.739583,13.625,13.708333,0.535727,7092000,24116250000.0,0.08333299999999966,0.6116183486238507
1989-09-05,13.6875,13.9375,13.6875,13.90625,0.543461,10716000,24226875000.0,0.21875,1.5981735159817352
1989-09-06,13.895833,13.916667,13.760417,13.854167,0.541426,10153200,24595624410.0,-0.041665999999999315,-0.2998452845540049
1989-09-07,13.875,13.895833,13.604167,13.6875,0.534912,7434000,24558750000.0,-0.1875,-1.3513513513513513
1989-09-08,13.6875,13.708333,13.458333,13.552083,0.52962,8767200,24226875000.0,-0.13541700000000034,-0.9893479452054819
1989-09-11,13.395833,13.479167,13.302083,13.447917,0.530031,7977600,23710624410.0,0.052084000000000685,0.3888074746826173
1989-09-12,13.40625,13.458333,13.34375,13.364583,0.526746,6952800,23729062500.0,-0.04166700000000034,-0.3108027972027998
1989-09-13,13.375,13.375,13.114583,13.177083,0.519356,9158400,23673750000.0,-0.19791700000000034,-1.4797532710280399
1989-09-14,13.166667,13.166667,13.0,13.083333,0.515661,11919600,23305000590.0,-0.08333400000000069,-0.6329164396730067
1989-09-15,13.083333,13.125,12.916667,12.96875,0.511145,15343200,23157499410.0,-0.11458299999999966,-0.8757936528864598
1989-09-18,12.979167,13.041667,12.9375,13.03125,0.513608,6948000,22973125590.0,0.05208299999999966,0.4012815306251908
1989-09-19,13.052083,13.270833,13.041667,13.21875,0.520998,9117600,23102186910.0,0.16666700000000034,1.2769379416297026
1989-09-20,13.229167,13.270833,13.197917,13.197917,0.520177,8916000,23415625590.0,-0.03125,-0.23622046648893313
1989-09-21,13.229167,13.25,13.104167,13.135417,0.517714,5763600,23415625590.0,-0.09375,-0.7086613994667993
1989-09-22,13.145833,13.145833,13.0625,13.135417,0.517714,6099600,23268124410.0,-0.010415999999999315,-0.07923423338786759
1989-09-25,13.052083,13.083333,12.895833,12.958333,0.510735,8794800,23102186910.0,-0.09375,-0.7182761556143951
1989-09-26,13.0,13.135417,12.989583,13.052083,0.51443,6392400,23010000000.0,0.05208299999999966,0.4006384615384589
1989-09-27,13.041667,13.395833,13.020833,13.375,0.527157,11640000,23083750590.0,0.33333299999999966,2.5559079218937244
1989-09-28,13.375,13.8125,13.375,13.75,0.541937,16369200,23673750000.0,0.375,2.803738317757009
1989-09-29,13.895833,14.0,13.645833,13.71875,0.540705,12079200,24595624410.0,-0.17708299999999966,-1.2743604503594688
1989-10-02,13.75,13.895833,13.739583,13.885417,0.547274,6291600,24337500000.0,0.13541700000000034,0.9848509090909116
1989-10-03,13.916667,14.354167,13.916667,14.333333,0.564928,14198400,24632500590.0,0.4166659999999993,2.994007113915992
1989-10-04,14.354167,14.375,14.197917,14.270833,0.562465,13521600,25406875590.0,-0.08333400000000069,-0.5805561548782363
1989-10-05,14.28125,14.78125,14.270833,14.583333,0.574781,14086800,25277812500.0,0.30208299999999966,2.1152420131291003
1989-10-06,14.6875,14.9375,14.625,14.885417,0.586688,15543600,25996875000.0,0.19791700000000034,1.3475200000000025
1989-10-09,14.885417,14.958333,14.770833,14.947917,0.589151,6164400,26347188090.0,0.0625,0.41987402838630583
1989-10-10,14.947917,15.0,14.760417,15.0,0.591204,9668400,26457813090.0,0.05208299999999966,0.3484298180141063
1989-10-11,14.958333,15.25,14.791667,15.0,0.591204,9033900,26476249410.0,0.04166700000000034,0.27855376665301107
1989-10-12,15.0,15.041667,14.708333,14.791667,0.582993,5425200,26550000000.0,-0.20833299999999966,-1.3888866666666644
1989-10-13,14.708333,14.75,13.416667,13.666667,0.538653,10607400,26033749410.0,-1.0416659999999993,-7.082148602428292
1989-10-16,13.375,14.416667,13.25,14.416667,0.568213,23996700,23673750000.0,1.0416670000000003,7.788164485981311
1989-10-17,14.125,14.5,14.0,14.416667,0.568213,11703600,25001250000.0,0.29166700000000034,2.06489911504425
1989-10-18,14.291667,14.5,14.208333,14.458333,0.569855,7732200,25296250590.0,0.16666599999999931,1.166176066095014
1989-10-19,14.541667,15.0,14.541667,14.833333,0.584635,11208000,25738750590.0,0.2916659999999993,2.0057260285220346
1989-10-20,14.75,14.916667,14.666667,14.791667,0.582993,7581000,26107500000.0,0.04166700000000034,0.28248813559322267
1989-10-23,14.75,14.791667,14.583333,14.625,0.576424,5549100,26107500000.0,-0.125,-0.847457627118644
1989-10-24,14.666667,14.833333,14.125,14.833333,0.584635,9269400,25960000590.0,0.16666599999999931,1.1363590650827438
1989-10-25,14.708333,14.791667,14.416667,14.5,0.571497,5805900,26033749410.0,-0.20833299999999966,-1.4164283607122552
1989-10-26,14.333333,14.375,13.875,13.875,0.546864,10993500,25369999410.0,-0.45833299999999966,-3.1976721673877226
1989-10-27,13.875,14.0,13.666667,13.791667,0.543579,9873600,24558750000.0,-0.08333299999999966,-0.6005981981981957
1989-10-30,13.958333,14.083333,13.875,14.041667,0.553433,5160300,24706249410.0,0.08333400000000069,0.5970197157497295
1989-10-31,14.083333,14.333333,14.041667,14.333333,0.564928,8342700,24927499410.0,0.25,1.7751479710094196
1989-11-01,14.333333,14.416667,14.25,14.375,0.56657,5640900,25369999410.0,0.04166700000000034,0.2907000067604677
1989-11-02,14.333333,14.375,14.041667,14.083333,0.555075,3945900,25369999410.0,-0.25,-1.744186087074095
1989-11-03,14.0,14.25,13.958333,14.041667,0.553433,3854100,24780000000.0,0.04166700000000034,0.29762142857143103
1989-11-06,13.958333,14.0,13.583333,13.583333,0.535368,7613400,24706249410.0,-0.375,-2.686567228335934
1989-11-07,13.541667,13.625,13.291667,13.625,0.53701,8863800,23968750590.0,0.08333299999999966,0.6153821386982833
1989-11-08,13.666667,13.916667,13.666667,13.875,0.546864,7537200,24190000590.0,0.20833299999999966,1.5243877676978568
1989-11-09,14.0,14.083333,13.833333,13.875,0.546864,5685300,24780000000.0,-0.125,-0.8928571428571428
1989-11-10,13.958333,14.041667,13.916667,13.958333,0.550148,5524200,24706249410.0,0.0,0.0
1989-11-13,14.0,14.083333,13.916667,14.083333,0.555075,4925400,24780000000.0,0.08333299999999966,0.5952357142857119
1989-11-14,13.958333,14.0,13.583333,13.583333,0.535368,6978900,24706249410.0,-0.375,-2.686567228335934
1989-11-15,13.666667,13.75,13.5,13.583333,0.535368,6077400,24190000590.0,-0.08333400000000069,-0.6097609607375426
1989-11-16,13.583333,13.833333,13.583333,13.708333,0.540295,6627600,24042499410.0,0.125,0.9202454213557159
1989-11-17,13.791667,13.958333,13.75,13.791667,0.543579,6157200,24411250590.0,0.0,0.0
1989-11-20,13.75,13.833333,13.541667,13.75,0.541937,3504300,24337500000.0,0.0,0.0
1989-11-21,13.666667,13.75,13.458333,13.583333,0.535368,4788300,24190000590.0,-0.08333400000000069,-0.6097609607375426
1989-11-22,13.583333,13.958333,13.583333,13.791667,0.543579,6564000,24042499410.0,0.20833400000000069,1.5337472769017788
1989-11-24,13.833333,13.958333,13.833333,13.833333,0.545222,2899800,24484999410.0,0.0,0.0
1989-11-27,13.875,13.958333,13.75,13.833333,0.545222,5220000,24558750000.0,-0.04166700000000034,-0.30030270270270515
1989-11-28,13.791667,13.916667,13.666667,13.833333,0.545222,4944300,24411250590.0,0.041665999999999315,0.3021099624867633
1989-11-29,13.791667,14.083333,13.791667,13.958333,0.550148,6655200,24411250590.0,0.16666599999999931,1.2084543514572916
1989-11-30,14.041667,14.166667,14.0,14.125,0.556717,5117100,24853750590.0,0.08333299999999966,0.5934694221134831
1989-12-01,14.166667,14.333333,14.125,14.25,0.561644,9672300,25075000590.0,0.08333299999999966,0.5882329273356934
1989-12-04,14.333333,14.458333,14.25,14.416667,0.568213,5312100,25369999410.0,0.08333400000000069,0.5814000135209354
1989-12-05,14.416667,14.5,14.25,14.25,0.561644,5398800,25517500590.0,-0.16666700000000034,-1.1560716495706
1989-12-06,14.208333,14.25,14.041667,14.041667,0.553433,3222900,25148749410.0,-0.16666599999999931,-1.173015863296555
1989-12-07,14.041667,14.166667,13.875,14.125,0.556717,4213800,24853750590.0,0.08333299999999966,0.5934694221134831
1989-12-08,14.166667,14.208333,14.083333,14.166667,0.55836,3012600,25075000590.0,0.0,0.0
1989-12-11,14.041667,14.166667,13.916667,14.125,0.56126,4214400,24853750590.0,0.08333299999999966,0.5934694221134831
1989-12-12,14.125,14.291667,14.083333,14.25,0.566227,5162400,25001250000.0,0.125,0.8849557522123894
1989-12-13,14.291667,14.416667,14.25,14.333333,0.569538,4897200,25296250590.0,0.041665999999999315,0.29154051798155745
1989-12-14,14.25,14.291667,14.125,14.166667,0.562916,4565100,25222500000.0,-0.08333299999999966,-0.584792982456138
1989-12-15,14.208333,14.25,14.0,14.041667,0.557949,8932500,25148749410.0,-0.16666599999999931,-1.173015863296555
1989-12-18,14.0,14.125,13.666667,13.833333,0.549671,4548900,24780000000.0,-0.16666700000000034,-1.190478571428574
1989-12-19,13.75,13.791667,13.458333,13.458333,0.53477,8325900,24337500000.0,-0.29166700000000034,-2.121214545454548
1989-12-20,13.5,13.625,13.291667,13.375,0.531459,6692100,23895000000.0,-0.125,-0.9259259259259258
1989-12-21,13.375,13.5,13.125,13.291667,0.528147,8377200,23673750000.0,-0.08333299999999966,-0.623050467289717
1989-12-22,13.333333,13.416667,13.291667,13.375,0.531459,5058600,23599999410.0,0.04166700000000034,0.3125025078125653
1989-12-26,13.416667,13.5,13.333333,13.333333,0.529803,2359800,23747500590.0,-0.08333400000000069,-0.6211229659348383
1989-12-27,13.416667,13.5,13.375,13.416667,0.533114,6120000,23747500590.0,0.0,0.0
1989-12-28,13.416667,13.708333,13.375,13.708333,0.544703,6028500,23747500590.0,0.2916659999999993,2.173908020524019
1989-12-29,13.75,13.916667,13.708333,13.875,0.551326,4927500,24337500000.0,0.125,0.9090909090909091
1990-01-02,13.833333,14.25,13.666667,14.25,0.566227,6509400,24484999410.0,0.41666700000000034,3.0120506749891756
1990-01-03,14.333333,14.583333,14.25,14.458333,0.574505,7242000,25369999410.0,0.125,0.8720930435370475
1990-01-04,14.458333,14.5,13.833333,13.958333,0.554638,10060200,25591249410.0,-0.5,-3.458213336212411
1990-01-05,13.958333,14.125,13.708333,14.041667,0.557949,9382500,24706249410.0,0.08333400000000069,0.5970197157497295
1990-01-08,13.666667,13.75,13.5,13.666667,0.543048,9951000,24190000590.0,0.0,0.0
1990-01-09,13.666667,13.75,13.416667,13.416667,0.533114,6465300,24190000590.0,-0.25,-1.8292682480666282
1990-01-10,13.333333,13.458333,13.166667,13.25,0.526492,10120200,23599999410.0,-0.08333299999999966,-0.6249975156249353
1990-01-11,13.333333,13.416667,13.291667,13.333333,0.529803,6204600,23599999410.0,0.0,0.0
1990-01-12,13.166667,13.25,12.833333,12.916667,0.513247,13090800,23305000590.0,-0.25,-1.8987341291459716
1990-01-15,12.958333,13.0,12.666667,12.708333,0.504968,10031700,22936249410.0,-0.25,-1.9292604997880516
1990-01-16,12.708333,13.291667,12.625,13.125,0.521525,11864700,22493749410.0,0.41666700000000034,3.278691233539445
1990-01-17,13.125,13.166667,12.75,12.833333,0.509935,7774500,23231250000.0,-0.29166700000000034,-2.2222247619047644
1990-01-18,12.75,13.166667,12.666667,13.125,0.521525,7102200,22567500000.0,0.375,2.941176470588235
1990-01-19,13.25,13.25,13.041667,13.083333,0.519869,5710200,23452500000.0,-0.16666700000000034,-1.2578641509433988
1990-01-22,13.041667,13.083333,12.583333,12.666667,0.503313,7096200,23083750590.0,-0.375,-2.8753992875297305
1990-01-23,12.666667,12.875,12.541667,12.583333,0.500001,7025700,22420000590.0,-0.08333400000000069,-0.6578999826868479
1990-01-24,12.416667,12.833333,12.25,12.666667,0.503313,9230700,21977500590.0,0.25,2.0134227647403287
1990-01-25,12.75,12.791667,12.333333,12.333333,0.490068,4841400,22567500000.0,-0.41666700000000034,-3.267976470588238
1990-01-26,12.416667,12.583333,12.25,12.333333,0.490068,6925200,21977500590.0,-0.08333400000000069,-0.6711462907074877
1990-01-29,12.541667,12.625,12.208333,12.333333,0.490068,4319100,22198750590.0,-0.20833400000000069,-1.6611348395711725
1990-01-30,12.416667,12.5,12.208333,12.333333,0.490068,6588300,21977500590.0,-0.08333400000000069,-0.6711462907074877
1990-01-31,12.5,12.708333,12.458333,12.625,0.501657,7526700,22125000000.0,0.125,1.0
1990-02-01,12.708333,12.833333,12.625,12.666667,0.503313,7114800,22493749410.0,-0.041665999999999315,-0.3278636151570731
1990-02-02,12.625,12.791667,12.583333,12.75,0.506624,7140900,22346250000.0,0.125,0.9900990099009901
1990-02-05,12.75,12.958333,12.666667,12.958333,0.514903,4427400,22567500000.0,0.20833299999999966,1.6339843137254875
1990-02-06,12.875,12.916667,12.75,12.75,0.506624,4566600,22788750000.0,-0.125,-0.9708737864077669
1990-02-07,12.708333,13.0,12.666667,13.0,0.516558,4809000,22493749410.0,0.29166700000000034,2.295084650362879
1990-02-08,13.0,13.208333,13.0,13.125,0.521525,5613900,23010000000.0,0.125,0.9615384615384616
1990-02-09,13.125,13.208333,13.083333,13.083333,0.519869,5361900,23231250000.0,-0.04166700000000034,-0.31746285714285977
1990-02-12,13.041667,13.083333,12.875,12.875,0.511591,2890200,23083750590.0,-0.16666700000000034,-1.277957794812583
1990-02-13,12.916667,12.958333,12.791667,12.916667,0.513247,4882800,22862500590.0,0.0,0.0
1990-02-14,12.958333,13.083333,12.916667,13.041667,0.518214,4448400,22936249410.0,0.08333400000000069,0.6430919779573553
1990-02-15,13.0,13.125,13.0,13.083333,0.519869,4226700,23010000000.0,0.08333299999999966,0.6410230769230743
1990-02-16,13.0,13.125,12.75,12.75,0.506624,7469700,23010000000.0,-0.25,-1.9230769230769231
1990-02-20,12.625,12.666667,12.458333,12.583333,0.500001,5497200,22346250000.0,-0.04166700000000034,-0.33003564356435916
1990-02-21,12.333333,12.666667,12.333333,12.541667,0.498346,6796200,21829999410.0,0.20833400000000069,1.6891946402485096
1990-02-22,12.625,12.791667,12.625,12.708333,0.504968,7794300,22346250000.0,0.08333299999999966,0.660063366336631
1990-02-23,12.583333,12.666667,12.333333,12.5,0.49669,6185400,22272499410.0,-0.08333299999999966,-0.6622490241655343
1990-02-26,12.416667,12.666667,12.375,12.583333,0.500001,6458400,21977500590.0,0.16666599999999931,1.3422764740328408
1990-02-27,12.541667,12.75,12.5,12.541667,0.498346,4032300,22198750590.0,0.0,0.0
1990-02-28,12.5,12.541667,12.291667,12.333333,0.490068,6759000,22125000000.0,-0.16666700000000034,-1.3333360000000027
1990-03-01,12.416667,12.416667,12.0,12.0,0.476823,8816700,21977500590.0,-0.41666700000000034,-3.355707292464236
1990-03-02,12.166667,12.333333,12.125,12.291667,0.488412,7891800,21535000590.0,0.125,1.0273972321261033
1990-03-05,12.291667,12.541667,12.25,12.458333,0.495035,6936300,21756250590.0,0.16666599999999931,1.3559267428901167
1990-03-06,12.458333,12.916667,12.458333,12.916667,0.513247,7076400,22051249410.0,0.4583340000000007,3.6789352154899113
1990-03-07,12.875,12.916667,12.625,12.916667,0.513247,6509400,22788750000.0,0.04166700000000034,0.32362718446602207
1990-03-08,12.833333,12.916667,12.75,12.833333,0.509935,10316400,22714999410.0,0.0,0.0
1990-03-09,12.625,12.666667,12.375,12.416667,0.497827,6200400,22346250000.0,-0.20833299999999966,-1.650162376237621
1990-03-12,12.375,12.708333,12.375,12.666667,0.50785,5316000,21903750000.0,0.29166700000000034,2.3569050505050533
1990-03-13,12.541667,12.666667,12.458333,12.541667,0.502839,6578700,22198750590.0,0.0,0.0
1990-03-14,12.541667,12.708333,12.541667,12.625,0.50618,4891500,22198750590.0,0.08333299999999966,0.6644491517754351
1990-03-15,12.666667,12.791667,12.583333,12.75,0.511192,4336200,22420000590.0,0.08333299999999966,0.6578920879502055
1990-03-16,12.916667,12.958333,12.833333,12.875,0.516204,9804000,22862500590.0,-0.04166700000000034,-0.3225832174817261
1990-03-19,12.833333,13.083333,12.75,13.0,0.521215,5719800,22714999410.0,0.16666700000000034,1.2987039298364684
1990-03-20,13.041667,13.166667,13.0,13.0,0.521215,7888200,23083750590.0,-0.04166700000000034,-0.31949136563600605
1990-03-21,13.041667,13.125,12.958333,12.958333,0.519545,3733500,23083750590.0,-0.08333400000000069,-0.6389827312720121
1990-03-22,12.875,13.0,12.75,12.833333,0.514533,4980600,22788750000.0,-0.04166700000000034,-0.32362718446602207
1990-03-23,12.875,13.166667,12.833333,13.125,0.526226,4306500,22788750000.0,0.25,1.9417475728155338
1990-03-26,13.125,13.208333,13.125,13.125,0.526226,3946500,23231250000.0,0.0,0.0
1990-03-27,13.166667,13.416667,13.083333,13.416667,0.537921,3547200,23305000590.0,0.25,1.8987341291459716
1990-03-28,13.375,13.458333,13.291667,13.375,0.53625,5233500,23673750000.0,0.0,0.0
1990-03-29,13.375,13.458333,13.291667,13.333333,0.53458,3614700,23673750000.0,-0.04166700000000034,-0.3115289719626194
1990-03-30,13.333333,13.375,13.166667,13.208333,0.529568,4207500,23599999410.0,-0.125,-0.9375000234375007
1990-04-02,13.083333,13.208333,13.0,13.166667,0.527897,4837200,23157499410.0,0.08333400000000069,0.6369477869286113
1990-04-03,13.208333,13.625,13.208333,13.625,0.546273,7781400,23378749410.0,0.41666700000000034,3.154576735762191
1990-04-04,13.625,13.791667,13.458333,13.5,0.541262,6461400,24116250000.0,-0.125,-0.9174311926605505
1990-04-05,13.625,13.833333,13.583333,13.75,0.551285,5998500,24116250000.0,0.125,0.9174311926605505
1990-04-06,13.791667,13.833333,13.625,13.75,0.551285,4303800,24411250590.0,-0.04166700000000034,-0.30211721324188257
1990-04-09,13.791667,14.041667,13.791667,13.958333,0.559638,4558500,24411250590.0,0.16666599999999931,1.2084543514572916
1990-04-10,13.958333,14.083333,13.916667,14.083333,0.564649,4260300,24706249410.0,0.125,0.8955224094453114
1990-04-11,14.041667,14.083333,13.958333,14.0,0.561308,3072900,24853750590.0,-0.04166700000000034,-0.2967382718875212
1990-04-12,14.083333,14.083333,13.958333,14.0,0.561308,4069500,24927499410.0,-0.08333299999999966,-0.5917136234725093
1990-04-16,14.166667,14.291667,14.083333,14.125,0.56632,4998300,25075000590.0,-0.04166700000000034,-0.294119993079532
1990-04-17,14.083333,14.333333,14.041667,14.333333,0.574673,4028400,24927499410.0,0.25,1.7751479710094196
1990-04-18,14.416667,14.5,14.166667,14.208333,0.569661,7062900,25517500590.0,-0.20833400000000069,-1.445091296067258
1990-04-19,14.125,14.208333,13.75,13.916667,0.557967,5534700,25001250000.0,-0.20833299999999966,-1.4749238938053073
1990-04-20,14.0,14.041667,13.666667,13.666667,0.547944,6068400,24780000000.0,-0.33333299999999966,-2.3809499999999977
1990-04-23,13.666667,13.875,13.625,13.875,0.556297,6207600,24190000590.0,0.20833299999999966,1.5243877676978568
1990-04-24,13.833333,13.958333,13.791667,13.875,0.556297,4716000,24484999410.0,0.04166700000000034,0.3012072361736708
1990-04-25,13.875,14.083333,13.875,14.0,0.561308,5011800,24558750000.0,0.125,0.9009009009009009
1990-04-26,14.041667,14.166667,13.958333,14.125,0.56632,4255500,24853750590.0,0.08333299999999966,0.5934694221134831
1990-04-27,14.125,14.166667,13.833333,13.833333,0.554627,4127700,25001250000.0,-0.29166700000000034,-2.06489911504425
1990-04-30,13.875,14.041667,13.833333,14.0,0.561308,4484700,24558750000.0,0.125,0.9009009009009009
1990-05-01,14.083333,14.25,14.041667,14.25,0.571332,4868700,24927499410.0,0.16666700000000034,1.18343434753691
1990-05-02,14.208333,14.333333,14.166667,14.291667,0.573002,3485100,25148749410.0,0.08333400000000069,0.5865149697716171
1990-05-03,14.333333,14.375,14.125,14.208333,0.569661,4399800,25369999410.0,-0.125,-0.8720930435370475
1990-05-04,14.25,14.333333,14.083333,14.333333,0.574673,4715100,25222500000.0,0.08333299999999966,0.584792982456138
1990-05-07,14.333333,14.5,14.291667,14.458333,0.579684,4097100,25369999410.0,0.125,0.8720930435370475
1990-05-08,14.416667,14.583333,14.375,14.583333,0.584696,4419600,25517500590.0,0.16666599999999931,1.1560647131545683
1990-05-09,14.5,14.583333,14.416667,14.583333,0.584696,5820600,25665000000.0,0.08333299999999966,0.5747103448275839
1990-05-10,14.541667,14.583333,14.458333,14.458333,0.579684,5166900,25738750590.0,-0.08333400000000069,-0.573070473969736
1990-05-11,14.541667,14.916667,14.5,14.75,0.591379,10977000,25738750590.0,0.20833299999999966,1.432662431342979
1990-05-14,14.833333,15.125,14.791667,14.916667,0.598061,11120700,26254999410.0,0.08333400000000069,0.5618022598157858
1990-05-15,14.791667,14.958333,14.75,14.958333,0.599731,7887000,26181250590.0,0.16666599999999931,1.1267560309463382
1990-05-16,14.958333,15.0,14.833333,14.833333,0.59472,4757700,26476249410.0,-0.125,-0.8356546147221083
1990-05-17,14.916667,14.958333,14.708333,14.791667,0.593049,5430000,26402500590.0,-0.125,-0.8379888080896356
1990-05-18,14.666667,14.708333,14.5,14.583333,0.584696,6477000,25960000590.0,-0.08333400000000069,-0.5681863507230421
1990-05-21,14.541667,14.916667,14.541667,14.833333,0.59472,5661000,25738750590.0,0.2916659999999993,2.0057260285220346
1990-05-22,14.916667,15.0,14.75,15.0,0.601402,6895500,26402500590.0,0.08333299999999966,0.5586569707562665
1990-05-23,14.958333,15.083333,14.875,15.041667,0.603072,5826600,26476249410.0,0.08333400000000069,0.5571075333060221
1990-05-24,15.0,15.0,14.333333,14.708333,0.589708,10998000,26550000000.0,-0.29166700000000034,-1.944446666666669
1990-05-25,14.583333,14.625,14.166667,14.166667,0.567991,8166000,25812499410.0,-0.4166659999999993,-2.8571383510203003
1990-05-29,14.166667,14.541667,14.125,14.166667,0.567991,7329300,25075000590.0,0.0,0.0
1990-05-30,14.583333,14.625,14.083333,14.166667,0.567991,7635600,25812499410.0,-0.4166659999999993,-2.8571383510203003
1990-05-31,14.125,14.208333,13.833333,14.041667,0.562979,8327700,25001250000.0,-0.08333299999999966,-0.589968141592918
1990-06-01,14.125,14.5,14.0,14.416667,0.578014,7509900,25001250000.0,0.29166700000000034,2.06489911504425
1990-06-04,14.541667,14.833333,14.541667,14.833333,0.59472,6272100,25738750590.0,0.2916659999999993,2.0057260285220346
1990-06-05,14.958333,15.041667,14.75,14.833333,0.59472,9416100,26476249410.0,-0.125,-0.8356546147221083
1990-06-06,14.833333,15.083333,14.791667,14.958333,0.599731,6196800,26254999410.0,0.125,0.8426966481504865
1990-06-07,15.041667,15.166667,14.916667,14.958333,0.599731,6838500,26623750590.0,-0.08333400000000069,-0.5540210403541089
1990-06-08,14.916667,14.958333,14.625,14.75,0.591379,5808300,26402500590.0,-0.16666700000000034,-1.1173206454230045
1990-06-11,14.416667,14.791667,14.416667,14.708333,0.594328,3639000,25517500590.0,0.2916659999999993,2.02311671622851
1990-06-12,14.708333,15.083333,14.541667,15.0,0.606114,4317900,26033749410.0,0.29166700000000034,1.9830051440907703
1990-06-13,15.041667,15.083333,14.75,14.833333,0.59938,5118300,26623750590.0,-0.20833400000000069,-1.3850459526859669
1990-06-14,14.75,14.833333,14.666667,14.791667,0.597696,3440700,26107500000.0,0.04166700000000034,0.28248813559322267
1990-06-15,14.625,14.708333,14.583333,14.666667,0.592645,6971100,25886250000.0,0.04166700000000034,0.2849025641025665
1990-06-18,14.625,14.666667,14.25,14.25,0.575808,3962100,25886250000.0,-0.375,-2.564102564102564
1990-06-19,14.25,14.75,14.25,14.75,0.596012,4724700,25222500000.0,0.5,3.508771929824561
1990-06-20,14.666667,14.75,14.416667,14.5,0.58591,3135600,25960000590.0,-0.16666700000000034,-1.136365883264414
1990-06-21,14.625,14.833333,14.5,14.791667,0.597696,4107900,25886250000.0,0.16666700000000034,1.139603418803421
1990-06-22,15.0,15.458333,14.75,14.916667,0.602747,11727900,26550000000.0,-0.08333299999999966,-0.555553333333331
1990-06-25,15.25,15.541667,15.208333,15.541667,0.628002,9579600,26992500000.0,0.29166700000000034,1.9125704918032809
1990-06-26,15.75,15.75,15.541667,15.625,0.631369,7611000,27877500000.0,-0.125,-0.7936507936507936
1990-06-27,15.583333,15.708333,15.541667,15.583333,0.629685,5933700,27582499410.0,0.0,0.0
1990-06-28,15.541667,15.583333,15.375,15.458333,0.624634,4877400,27508750590.0,-0.08333400000000069,-0.5361973075346466
1990-06-29,15.416667,15.583333,15.375,15.5,0.626318,3999300,27287500590.0,0.08333299999999966,0.5405383666910601
1990-07-02,15.5,15.75,15.458333,15.708333,0.634736,3804300,27435000000.0,0.20833299999999966,1.3440838709677396
1990-07-03,15.75,16.0,15.75,16.0,0.646522,7817700,27877500000.0,0.25,1.5873015873015872
1990-07-05,15.958333,15.958333,15.75,15.833333,0.639787,5042700,28246249410.0,-0.125,-0.7832898335935213
1990-07-06,15.875,16.416668,15.833333,16.416668,0.663358,8515800,28098750000.0,0.5416680000000014,3.4120818897637886
1990-07-09,16.208332,16.375,16.0,16.291668,0.658307,8042100,28688747639.999996,0.08333600000000274,0.5141553122184488
1990-07-10,16.291668,16.291668,16.0,16.041668,0.648205,4858200,28836252360.000004,-0.25,-1.5345267286320834
1990-07-11,16.125,16.458332,16.041668,16.416668,0.663358,7274100,28541250000.0,0.29166800000000137,1.808793798449621
1990-07-12,16.416668,16.625,16.333332,16.583332,0.670093,8240400,29057502360.000004,0.16666399999999726,1.0152121002873253
1990-07-13,16.666668,16.833332,16.541668,16.625,0.671776,9299100,29500002360.000004,-0.04166800000000137,-0.2500079799993698
1990-07-16,16.666668,16.833332,16.583332,16.75,0.676827,5945100,29500002360.000004,0.08333199999999863,0.49999196000063495
1990-07-17,16.75,16.833332,16.541668,16.75,0.676827,6426900,29647500000.0,0.0,0.0
1990-07-18,16.791668,16.916668,16.666668,16.708332,0.675143,7892100,29721252360.000004,-0.08333600000000274,-0.4962937571181299
1990-07-19,16.708332,16.791668,16.625,16.708332,0.675143,6042300,29573747639.999996,0.0,0.0
1990-07-20,16.75,17.166668,16.625,16.708332,0.675143,7548600,29647500000.0,-0.04166800000000137,-0.2487641791044858
1990-07-23,16.625,16.666668,15.416667,16.333332,0.659991,9881100,29426250000.0,-0.29166800000000137,-1.7543939849624144
1990-07-24,16.333332,16.541668,16.166668,16.541668,0.668409,6922200,28909997639.999996,0.20833600000000274,1.275526634736885
1990-07-25,16.5,16.541668,16.333332,16.333332,0.659991,5517000,29205000000.0,-0.16666800000000137,-1.0101090909090993
1990-07-26,16.375,16.375,15.458333,15.75,0.636419,9543900,28983750000.0,-0.625,-3.816793893129771
1990-07-27,15.666667,15.708333,15.416667,15.541667,0.628002,8613900,27730000590.0,-0.125,-0.797872323449525
1990-07-30,15.5,15.958333,15.416667,15.833333,0.639787,5720700,27435000000.0,0.33333299999999966,2.1505354838709656
1990-07-31,15.916667,16.083332,15.833333,15.958333,0.644837,5119200,28172500590.0,0.041665999999999315,0.26177591074814416
1990-08-01,15.958333,16.041668,15.75,15.958333,0.644837,4981500,28246249410.0,0.0,0.0
1990-08-02,15.541667,15.75,15.416667,15.541667,0.628002,7242600,27508750590.0,0.0,0.0
1990-08-03,15.458333,15.5,14.25,15.5,0.626318,12306000,27361249410.0,0.04166700000000034,0.26954394112224356
1990-08-06,14.416667,14.958333,14.416667,14.666667,0.592645,10952700,25517500590.0,0.25,1.734104006147884
1990-08-07,15.125,15.166667,14.75,15.083333,0.609481,8576700,26771250000.0,-0.04166700000000034,-0.2754842975206634
1990-08-08,15.125,15.458333,15.0,15.208333,0.614532,9078900,26771250000.0,0.08333299999999966,0.5509619834710721
1990-08-09,15.375,15.5,15.291667,15.5,0.626318,4576800,27213750000.0,0.125,0.8130081300813009
1990-08-10,15.416667,15.416667,14.916667,15.291667,0.617899,5156700,27287500590.0,-0.125,-0.8108107932797666
1990-08-13,15.125,15.541667,15.0,15.5,0.626318,4227600,26771250000.0,0.375,2.479338842975207
1990-08-14,15.458333,15.666667,15.416667,15.625,0.631369,5160900,27361249410.0,0.16666700000000034,1.0781692954861326
1990-08-15,15.708333,15.791667,15.666667,15.75,0.636419,4777500,27803749410.0,0.04166700000000034,0.2652541170345723
1990-08-16,15.625,15.625,15.0,15.083333,0.609481,4371000,27656250000.0,-0.5416670000000003,-3.466668800000002
1990-08-17,14.875,15.083333,14.666667,15.083333,0.609481,8030700,26328750000.0,0.20833299999999966,1.400557983193275
1990-08-20,15.0,15.125,14.916667,14.958333,0.60443,3941400,26550000000.0,-0.04166700000000034,-0.2777800000000023
1990-08-21,14.666667,14.791667,14.333333,14.625,0.590961,10979100,25960000590.0,-0.04166700000000034,-0.28409317536152107
1990-08-22,14.666667,14.75,14.333333,14.333333,0.579175,7536300,25960000590.0,-0.3333340000000007,-2.272731766528828
1990-08-23,13.916667,14.041667,13.625,13.791667,0.557288,12737700,24632500590.0,-0.125,-0.8982035713005132
1990-08-24,14.125,14.541667,14.0,14.416667,0.582543,11626200,25001250000.0,0.29166700000000034,2.06489911504425
1990-08-27,15.0,15.083333,14.833333,14.916667,0.602747,8704500,26550000000.0,-0.08333299999999966,-0.555553333333331
1990-08-28,14.833333,15.0,14.833333,15.0,0.606114,4986300,26254999410.0,0.16666700000000034,1.1235977780583792
1990-08-29,15.0,15.25,14.958333,15.166667,0.612848,7659300,26550000000.0,0.16666700000000034,1.1111133333333356
1990-08-30,15.208333,15.208333,14.75,14.833333,0.59938,4158000,26918749410.0,-0.375,-2.4657534787014463
1990-08-31,14.875,15.041667,14.833333,15.041667,0.607798,3086700,26328750000.0,0.16666700000000034,1.1204504201680696
1990-09-04,14.875,15.041667,14.666667,15.041667,0.607798,3587400,26328750000.0,0.16666700000000034,1.1204504201680696
1990-09-05,15.0,15.083333,14.791667,15.083333,0.609481,3880200,26550000000.0,0.08333299999999966,0.555553333333331
1990-09-06,15.0,15.041667,14.75,14.916667,0.602747,3433800,26550000000.0,-0.08333299999999966,-0.555553333333331
1990-09-07,14.833333,15.166667,14.833333,15.083333,0.609481,3698700,26254999410.0,0.25,1.685393296300973
1990-09-10,15.25,15.25,14.875,14.958333,0.610229,4216800,26992500000.0,-0.29166700000000034,-1.9125704918032809
1990-09-11,15.0,15.083333,14.916667,15.0,0.611929,3922200,26550000000.0,0.0,0.0
1990-09-12,15.083333,15.166667,14.916667,15.166667,0.618728,3207000,26697499410.0,0.08333400000000069,0.5524906199445486
1990-09-13,15.083333,15.083333,14.833333,14.958333,0.610229,3381000,26697499410.0,-0.125,-0.8287293000824154
1990-09-14,14.875,14.958333,14.791667,14.916667,0.608529,3873000,26328750000.0,0.04166700000000034,0.280114285714288
1990-09-17,14.833333,15.083333,14.791667,14.958333,0.610229,4514400,26254999410.0,0.125,0.8426966481504865
1990-09-18,14.916667,15.083333,14.708333,15.041667,0.613629,6849300,26402500590.0,0.125,0.8379888080896356
1990-09-19,15.041667,15.416667,14.958333,15.333333,0.625527,8912100,26623750590.0,0.2916659999999993,1.9390536966414647
1990-09-20,15.25,15.291667,14.916667,15.0,0.611929,6418200,26992500000.0,-0.25,-1.639344262295082
1990-09-21,14.916667,15.041667,14.833333,14.916667,0.608529,7320000,26402500590.0,0.0,0.0
1990-09-24,14.75,14.791667,14.333333,14.625,0.596631,6009900,26107500000.0,-0.125,-0.847457627118644
1990-09-25,14.75,15.041667,14.625,14.958333,0.610229,7139400,26107500000.0,0.20833299999999966,1.4124271186440656
1990-09-26,14.958333,14.958333,14.75,14.875,0.606829,5038500,26476249410.0,-0.08333299999999966,-0.5571008480690973
1990-09-27,15.125,15.166667,14.5,14.666667,0.598331,5855100,26771250000.0,-0.45833299999999966,-3.030300826446279
1990-09-28,14.458333,15.083333,14.458333,15.083333,0.615329,7933800,25591249410.0,0.625,4.322766670265514
1990-10-01,15.291667,15.916667,15.25,15.916667,0.649325,10652100,27066250590.0,0.625,4.08719337139633
1990-10-02,16.083332,16.166668,15.916667,15.958333,0.651025,7225200,28467497639.999996,-0.12499899999999897,-0.7771959193530232
1990-10-03,15.958333,16.125,15.916667,16.041668,0.654424,5809200,28246249410.0,0.08333500000000171,0.5222036662601396
1990-10-04,16.0,16.083332,15.625,16.0,0.652724,5743500,28320000000.0,0.0,0.0
1990-10-05,15.625,16.083332,15.583333,15.916667,0.649325,7099500,27656250000.0,0.29166700000000034,1.8666688000000022
1990-10-08,16.041668,16.083332,15.75,15.833333,0.645925,4594200,28393752360.000004,-0.2083350000000017,-1.2987115803668403
1990-10-09,15.5,15.625,15.0,15.208333,0.620428,6608700,27435000000.0,-0.29166700000000034,-1.8817225806451634
1990-10-10,15.25,15.458333,15.0,15.041667,0.613629,6759600,26992500000.0,-0.20833299999999966,-1.366118032786883
1990-10-11,15.166667,15.208333,14.666667,14.791667,0.60343,8680800,26845000590.0,-0.375,-2.4725274181862105
1990-10-12,14.958333,15.208333,14.75,14.916667,0.608529,7838700,26476249410.0,-0.041665999999999315,-0.27854708141608636
1990-10-15,15.0,15.333333,14.75,15.208333,0.620428,7781700,26550000000.0,0.20833299999999966,1.3888866666666644
1990-10-16,15.291667,15.333333,15.041667,15.083333,0.615329,4568700,27066250590.0,-0.20833400000000069,-1.3624021501383772
1990-10-17,15.0,15.208333,14.916667,15.0,0.611929,7086900,26550000000.0,0.0,0.0
1990-10-18,15.083333,15.916667,15.0,15.625,0.637426,12593700,26697499410.0,0.5416670000000003,3.591162510301936
1990-10-19,15.916667,16.25,15.875,16.125,0.657824,12877800,28172500590.0,0.20833299999999966,1.3088984019078849
1990-10-22,16.041668,16.291668,15.916667,16.166668,0.659524,6878100,28393752360.000004,0.125,0.7792207144543821
1990-10-23,16.083332,16.166668,15.958333,16.0,0.652724,5781600,28467497639.999996,-0.08333199999999863,-0.5181264678239473
1990-10-24,15.833333,16.125,15.791667,16.083332,0.656124,5241900,28024999410.0,0.24999899999999897,1.5789410858724373
1990-10-25,16.083332,16.125,15.666667,15.833333,0.645925,3500700,28467497639.999996,-0.24999899999999897,-1.5543980563231485
1990-10-26,15.583333,15.75,15.5,15.541667,0.634026,3964200,27582499410.0,-0.041665999999999315,-0.26737540678877436
1990-10-29,15.541667,15.708333,15.125,15.291667,0.623828,5132100,27508750590.0,-0.25,-1.6085790539714948
1990-10-30,15.333333,15.625,15.291667,15.583333,0.635726,7019700,27139999410.0,0.25,1.630434818052931
1990-10-31,15.583333,15.791667,15.541667,15.708333,0.640826,6498300,27582499410.0,0.125,0.8021390545912097
1990-11-01,15.708333,16.0,15.458333,15.958333,0.651025,6988500,27803749410.0,0.25,1.5915119701116598
1990-11-02,16.0,16.208332,15.958333,16.166668,0.659524,5508600,28320000000.0,0.16666800000000137,1.0416750000000086
1990-11-05,16.166668,16.5,16.125,16.333332,0.666323,7384500,28615002360.000004,0.16666399999999726,1.0309112551825599
1990-11-06,16.375,16.458332,16.25,16.25,0.662923,5758500,28983750000.0,-0.125,-0.7633587786259541
1990-11-07,16.208332,16.291668,15.833333,15.958333,0.651025,4793100,28688747639.999996,-0.24999899999999897,-1.5424104096584337
1990-11-08,15.958333,16.166668,15.875,16.0,0.652724,5277300,28246249410.0,0.04166700000000034,0.26109869997073215
1990-11-09,16.083332,16.416668,16.041668,16.25,0.662923,4111800,28467497639.999996,0.16666800000000137,1.0362778061163034
1990-11-12,16.375,16.583332,16.291668,16.458332,0.671422,6060900,28983750000.0,0.08333199999999863,0.5088977099236558
1990-11-13,16.25,16.375,16.125,16.166668,0.659524,9039900,28762500000.0,-0.08333199999999863,-0.5128123076922992
1990-11-14,16.083332,16.375,16.041668,16.291668,0.664623,6032400,28467497639.999996,0.20833600000000274,1.2953534752624813
1990-11-15,16.291668,16.416668,16.166668,16.166668,0.659524,3833400,28836252360.000004,-0.125,-0.7672633643160417
1990-11-16,16.25,16.291668,16.041668,16.041668,0.654424,4824000,28762500000.0,-0.20833199999999863,-1.2820430769230684
1990-11-19,16.25,16.416668,16.208332,16.333332,0.666323,6494400,28762500000.0,0.08333199999999863,0.5128123076922992
1990-11-20,16.333332,16.416668,16.166668,16.208332,0.661223,4154400,28909997639.999996,-0.125,-0.7653061849229539
1990-11-21,16.25,16.291668,16.083332,16.25,0.662923,4272300,28762500000.0,0.0,0.0
1990-11-23,16.125,16.291668,16.041668,16.041668,0.654424,1630200,28541250000.0,-0.08333199999999863,-0.5167875968992163
1990-11-26,16.0,16.375,15.875,16.375,0.668022,3974400,28320000000.0,0.375,2.34375
1990-11-27,16.333332,16.541668,16.25,16.291668,0.664623,5367300,28909997639.999996,-0.04166399999999726,-0.2550857351090228
1990-11-28,16.25,16.5,16.166668,16.208332,0.661223,4288800,28762500000.0,-0.04166800000000137,-0.25641846153847
1990-11-29,16.166668,16.333332,16.0,16.0,0.652724,57012300,28615002360.000004,-0.16666800000000137,-1.0309359974485859
1990-11-30,16.041668,16.375,15.791667,16.208332,0.661223,9024900,28393752360.000004,0.16666399999999726,1.038944329230584
1990-12-03,16.333332,16.375,16.166668,16.291668,0.664623,5998500,28909997639.999996,-0.04166399999999726,-0.2550857351090228
1990-12-04,16.25,16.583332,16.166668,16.5,0.673122,6629700,28762500000.0,0.25,1.5384615384615385
1990-12-05,16.5,16.708332,16.458332,16.583332,0.676521,6554100,29205000000.0,0.08333199999999863,0.505042424242416
1990-12-06,16.916668,16.958332,16.666668,16.708332,0.681621,9424500,29942502360.000004,-0.20833600000000274,-1.2315427600754636
1990-12-07,16.666668,16.791668,16.583332,16.666668,0.679921,6046800,29500002360.000004,0.0,0.0
1990-12-10,16.625,16.916668,16.625,16.916668,0.690119,4884300,29426250000.0,0.29166800000000137,1.7543939849624144
1990-12-11,16.791668,16.916668,16.708332,16.916668,0.696017,4072200,29721252360.000004,0.125,0.7444168143391114
1990-12-12,16.916668,17.166668,16.875,17.125,0.704589,7525500,29942502360.000004,0.20833199999999863,1.2315191147571058
1990-12-13,17.125,17.25,16.958332,17.083332,0.702875,5523900,30311250000.0,-0.04166800000000137,-0.2433167883211759
1990-12-14,17.0,17.041668,16.75,16.875,0.694302,5433600,30090000000.0,-0.125,-0.7352941176470588
1990-12-17,16.75,16.916668,16.666668,16.916668,0.696017,3528000,29647500000.0,0.16666800000000137,0.9950328358209036
1990-12-18,16.916668,17.25,16.875,17.208332,0.708018,5963100,29942502360.000004,0.29166399999999726,1.7241220315962769
1990-12-19,17.208332,17.291668,17.0,17.0,0.699446,5536800,30458747639.999996,-0.20833199999999863,-1.2106460986456946
1990-12-20,16.916668,17.166668,16.833332,17.125,0.704589,4833000,29942502360.000004,0.20833199999999863,1.2315191147571058
1990-12-21,17.25,17.25,17.041668,17.041668,0.70116,9300600,30532500000.0,-0.20833199999999863,-1.207721739130427
1990-12-24,16.958332,17.0,16.916668,16.958332,0.697731,1105800,30016247639.999996,0.0,0.0
1990-12-26,17.0,17.333332,16.958332,17.041668,0.70116,2855700,30090000000.0,0.04166800000000137,0.24510588235294922
1990-12-27,17.125,17.166668,17.0,17.041668,0.70116,1725600,30311250000.0,-0.08333199999999863,-0.48661021897809414
1990-12-28,17.0,17.0,16.833332,16.958332,0.697731,2313300,30090000000.0,-0.04166800000000137,-0.24510588235294922
1990-12-31,17.0,17.25,16.958332,17.25,0.709732,2573400,30090000000.0,0.25,1.4705882352941175
1991-01-02,17.125,17.25,16.833332,16.958332,0.697731,5444400,30311250000.0,-0.16666800000000137,-0.9732437956204459
1991-01-03,16.958332,17.0,16.458332,16.5,0.678874,6923700,30016247639.999996,-0.45833199999999863,-2.702695052791741
1991-01-04,16.583332,16.708332,16.333332,16.458332,0.677159,5913300,29352497639.999996,-0.125,-0.7537689048256407
1991-01-07,16.333332,16.458332,16.208332,16.208332,0.666873,5116800,28909997639.999996,-0.125,-0.7653061849229539
1991-01-08,16.25,16.375,16.166668,16.25,0.668588,5217900,28762500000.0,0.0,0.0
1991-01-09,16.375,16.75,16.166668,16.208332,0.666873,7250700,28983750000.0,-0.16666800000000137,-1.0178198473282527
1991-01-10,16.291668,16.375,16.208332,16.375,0.673731,4762800,28836252360.000004,0.08333199999999863,0.5115007254014667
1991-01-11,16.333332,16.458332,16.333332,16.333332,0.672017,3140100,28909997639.999996,0.0,0.0
1991-01-14,16.125,16.333332,16.083332,16.291668,0.670302,5596200,28541250000.0,0.16666800000000137,1.0336000000000085
1991-01-15,16.25,16.458332,16.166668,16.458332,0.677159,3145800,28762500000.0,0.20833199999999863,1.2820430769230684
1991-01-16,16.375,16.666668,16.333332,16.583332,0.682303,4112400,28983750000.0,0.20833199999999863,1.27225648854961
1991-01-17,17.333332,17.666668,16.916668,17.375,0.714875,14755800,30679997639.999996,0.04166800000000137,0.24039232618403303
1991-01-18,17.333332,17.666668,17.291668,17.541668,0.721732,11740800,30679997639.999996,0.20833600000000274,1.2019385539952894
1991-01-21,17.375,17.625,17.333332,17.5,0.720018,4496700,30753750000.0,0.125,0.7194244604316548
1991-01-22,17.458332,17.791668,17.416668,17.666668,0.726875,6401400,30901247639.999996,0.20833600000000274,1.1933327880349782
1991-01-23,17.625,17.916668,17.625,17.833332,0.733733,4584600,31196250000.0,0.20833199999999863,1.1820255319148858
1991-01-24,17.916668,18.375,17.875,18.166668,0.747447,9153900,31712502360.000004,0.25,1.3953487333693966
1991-01-25,18.166668,18.416668,18.125,18.291668,0.75259,6086100,32155002360.000004,0.125,0.6880733439946168
1991-01-28,18.25,18.458332,18.25,18.333332,0.754304,4465500,32302500000.0,0.08333199999999863,0.4566136986301295
1991-01-29,18.208332,18.291668,18.041668,18.291668,0.75259,4315500,32228747639.999996,0.08333600000000274,0.4576805827134674
1991-01-30,18.166668,18.583332,18.041668,18.583332,0.76459,7970700,32155002360.000004,0.41666399999999726,2.2935631344173695
1991-01-31,18.541668,18.666668,18.458332,18.541668,0.762876,5985900,32818752360.000004,0.0,0.0
1991-02-01,18.541668,19.083332,18.458332,18.958332,0.780019,9235500,32818752360.000004,0.41666399999999726,2.247176467618756
1991-02-04,18.916668,19.416668,18.916668,19.375,0.797162,7146000,33482502360.000004,0.45833199999999863,2.422900269751515
1991-02-05,19.291668,19.583332,19.208332,19.25,0.792019,7854000,34146252360.000004,-0.04166800000000137,-0.21598961790137258
1991-02-06,19.208332,19.75,19.166668,19.666668,0.809163,9968100,33998747639.999996,0.45833600000000274,2.386131185154457
1991-02-07,19.625,19.916668,19.25,19.458332,0.800591,9085200,34736250000.0,-0.16666800000000137,-0.8492636942675229
1991-02-08,19.416668,19.958332,19.416668,19.75,0.812591,5145300,34367502360.0,0.33333199999999863,1.716731212584974
1991-02-11,19.833332,20.583332,19.791668,20.541668,0.845164,9808500,35104997640.0,0.7083360000000027,3.571442256903695
1991-02-12,20.333332,20.5,20.083332,20.125,0.82802,10005300,35989997640.0,-0.20833199999999863,-1.024583673743185
1991-02-13,20.125,20.375,19.833332,20.291668,0.834878,7720800,35621250000.0,0.16666800000000137,0.8281639751552864
1991-02-14,20.375,20.458332,19.875,20.083332,0.826306,8586600,36063750000.0,-0.29166800000000137,-1.431499386503074
1991-02-15,20.083332,20.666668,20.041668,20.666668,0.850306,11072400,35547497640.0,0.5833360000000027,2.9045777861960493
1991-02-19,20.666668,21.666668,20.625,21.666668,0.891451,13408500,36580002360.0,1.0,4.838709365244557
1991-02-20,21.333332,21.541668,21.208332,21.375,0.87945,9080400,37759997640.0,0.04166800000000137,0.19531876220742908
1991-02-21,21.458332,22.458332,21.333332,22.083332,0.908593,13943100,37981247640.0,0.625,2.912621540201727
1991-02-22,22.0,22.833332,22.0,22.583332,0.929165,12566100,38940000000.0,0.5833319999999986,2.6515090909090846
1991-02-25,23.041668,23.125,22.625,22.875,0.941166,11190900,40783752360.0,-0.16666800000000137,-0.7233330503677137
1991-02-26,22.541668,22.708332,22.125,22.25,0.915451,8074500,39898752360.0,-0.29166800000000137,-1.2939060232809807
1991-02-27,22.291668,22.708332,22.166668,22.166668,0.912023,8205900,39456252360.0,-0.125,-0.5607476300113567
1991-02-28,22.416668,22.416668,21.75,22.0,0.905165,7058700,39677502360.0,-0.41666800000000137,-1.8587418968778116
1991-03-01,21.625,22.25,21.625,22.0,0.905165,8451300,38276250000.0,0.375,1.7341040462427744
1991-03-04,22.083332,22.125,21.666668,21.791668,0.896594,7109700,39087497640.0,-0.29166399999999726,-1.3207427212523783
1991-03-05,21.875,22.833332,21.875,22.541668,0.927452,10855500,38718750000.0,0.6666680000000014,3.047625142857149
1991-03-06,22.625,22.916668,22.333332,22.458332,0.924023,8758800,40046250000.0,-0.16666800000000137,-0.7366541436464149
1991-03-07,22.458332,22.75,22.416668,22.583332,0.929165,5361000,39751247640.0,0.125,0.5565863039160701
1991-03-08,22.541668,22.666668,22.125,22.375,0.926474,5847600,39898752360.0,-0.16666800000000137,-0.7393774054342445
1991-03-11,22.333332,22.75,22.291668,22.458332,0.929925,5855400,39529997640.0,0.125,0.5597015259523299
1991-03-12,22.416668,22.666668,22.0,22.125,0.916123,6833100,39677502360.0,-0.29166800000000137,-1.301121112200981
1991-03-13,22.041668,22.625,21.833332,22.541668,0.933376,5998800,39013752360.0,0.5,2.2684308646695883
1991-03-14,22.541668,22.916668,22.208332,22.333332,0.924749,7434300,39898752360.0,-0.20833600000000274,-0.924226193021753
1991-03-15,22.333332,22.416668,21.875,22.125,0.916123,8922900,39529997640.0,-0.20833199999999863,-0.9328299064376002
1991-03-18,22.0,22.5,22.0,22.333332,0.924749,5488200,38940000000.0,0.33333199999999863,1.5151454545454484
1991-03-19,22.0,22.333332,21.916668,22.166668,0.917848,5361000,38940000000.0,0.16666800000000137,0.7575818181818245
1991-03-20,22.25,22.958332,22.208332,22.833332,0.945452,6033900,39382500000.0,0.5833319999999986,2.621716853932578
1991-03-21,23.0,23.5,22.791668,23.0,0.952353,7150200,40710000000.0,0.0,0.0
1991-03-22,22.916668,23.166668,22.75,23.166668,0.959255,5395500,40562502360.0,0.25,1.0909090274380202
1991-03-25,23.25,23.5,22.125,22.291668,0.923024,6199500,41152500000.0,-0.9583319999999986,-4.121858064516124
1991-03-26,21.958332,22.541668,21.875,22.541668,0.933376,19389300,38866247640.0,0.5833360000000027,2.656558795085177
1991-03-27,22.75,22.791668,22.458332,22.75,0.942002,8884200,40267500000.0,0.0,0.0
1991-03-28,22.833332,22.875,22.541668,22.666668,0.938551,3799500,40414997640.0,-0.16666399999999726,-0.7299153710899368
1991-04-01,22.583332,22.666668,22.208332,22.208332,0.919573,5328000,39972497640.0,-0.375,-1.6605167032039383
1991-04-02,22.25,23.25,22.25,23.166668,0.959255,7156500,39382500000.0,0.9166680000000014,4.1198561797752875
1991-04-03,23.291668,23.375,22.666668,22.75,0.942002,6748800,41226252360.0,-0.5416680000000014,-2.325586986728479
1991-04-04,22.833332,23.083332,22.458332,22.875,0.947177,7067100,40414997640.0,0.04166800000000137,0.18248760189709226
1991-04-05,22.958332,23.0,22.333332,22.583332,0.9351,6283200,40636247640.0,-0.375,-1.6333939242624422
1991-04-08,22.583332,22.916668,22.5,22.833332,0.945452,4156800,39972497640.0,0.25,1.1070111354692922
1991-04-09,22.708332,23.125,22.625,22.75,0.942002,6465300,40193747640.0,0.04166800000000137,0.18349212086559846
1991-04-10,22.791668,22.875,22.458332,22.75,0.942002,4861200,40341252360.0,-0.04166800000000137,-0.18282119588615175
1991-04-11,22.875,23.25,22.791668,22.833332,0.945452,6403800,40488750000.0,-0.04166800000000137,-0.1821551912568366
1991-04-12,22.916668,22.916668,22.375,22.75,0.942002,6051000,40562502360.0,-0.16666800000000137,-0.7272785031401657
1991-04-15,22.875,23.291668,22.708332,23.291668,0.96443,6009000,40488750000.0,0.41666800000000137,1.8214994535519187
1991-04-16,23.25,23.916668,23.166668,23.875,0.988584,9316800,41152500000.0,0.625,2.6881720430107525
1991-04-17,23.791668,23.958332,23.333332,23.541668,0.974782,9023100,42111252360.0,-0.25,-1.0507880321800052
1991-04-18,23.416668,23.625,23.25,23.333332,0.966156,6459900,41447502360.0,-0.08333600000000274,-0.35588325375754887
1991-04-19,23.166668,23.25,22.75,22.833332,0.945452,8923500,41005002360.0,-0.33333600000000274,-1.4388603488425815
1991-04-22,22.541668,22.625,22.375,22.541668,0.933376,7458300,39898752360.0,0.0,0.0
1991-04-23,22.625,22.708332,22.458332,22.5,0.93165,5246400,40046250000.0,-0.125,-0.5524861878453038
1991-04-24,22.5,22.666668,22.333332,22.583332,0.9351,4518000,39825000000.0,0.08333199999999863,0.37036444444443833
1991-04-25,22.541668,22.916668,22.541668,22.625,0.936826,4452600,39898752360.0,0.08333199999999863,0.3696798302592276
1991-04-26,22.5,22.708332,22.458332,22.541668,0.933376,3980700,39825000000.0,0.04166800000000137,0.18519111111111722
1991-04-29,22.583332,22.75,22.291668,22.375,0.926474,3835800,39972497640.0,-0.20833199999999863,-0.9225033754983483
1991-04-30,22.541668,22.666668,22.041668,22.25,0.921298,7029000,39898752360.0,-0.29166800000000137,-1.2939060232809807
1991-05-01,22.291668,23.083332,22.25,22.916668,0.948903,6726000,39456252360.0,0.625,2.8037381500567835
1991-05-02,22.958332,23.041668,22.833332,22.833332,0.945452,4593600,40636247640.0,-0.125,-0.5444646414208141
1991-05-03,22.833332,23.083332,22.833332,23.041668,0.954079,3174900,40414997640.0,0.20833600000000274,0.9124204912362451
1991-05-06,23.0,23.0,22.708332,22.916668,0.948903,2901000,40710000000.0,-0.08333199999999863,-0.3623130434782549
1991-05-07,22.916668,23.083332,22.625,22.666668,0.938551,3546900,40562502360.0,-0.25,-1.0909090274380202
1991-05-08,22.75,22.833332,22.541668,22.583332,0.9351,3708900,40267500000.0,-0.16666800000000137,-0.7326065934065994
1991-05-09,22.708332,23.041668,22.625,22.875,0.947177,5465700,40193747640.0,0.16666800000000137,0.7339508687824424
1991-05-10,22.916668,22.958332,22.416668,22.5,0.93165,4884000,40562502360.0,-0.41666800000000137,-1.8181875305781858
1991-05-13,22.541668,22.583332,22.416668,22.541668,0.933376,3800700,39898752360.0,0.0,0.0
1991-05-14,22.458332,22.5,22.083332,22.166668,0.917848,4611300,39751247640.0,-0.29166399999999726,-1.298689501963001
1991-05-15,22.166668,22.291668,21.5,21.708332,0.89887,9750600,39235002360.0,-0.45833600000000274,-2.067681078635737
1991-05-16,21.916668,22.041668,21.833332,21.916668,0.907496,6906600,38792502360.0,0.0,0.0
1991-05-17,21.833332,21.833332,21.458332,21.625,0.895419,10328400,38644997640.0,-0.20833199999999863,-0.9541924246835006
1991-05-20,21.625,21.708332,21.291668,21.541668,0.891969,5943900,38276250000.0,-0.08333199999999863,-0.3853502890173347
1991-05-21,21.625,22.125,21.625,21.958332,0.909221,8487900,38276250000.0,0.33333199999999863,1.5414196531791844
1991-05-22,22.0,22.291668,21.916668,22.291668,0.923024,5560200,38940000000.0,0.29166800000000137,1.3257636363636427
1991-05-23,22.333332,22.666668,22.333332,22.5,0.93165,7635000,39529997640.0,0.16666800000000137,0.7462746714193895
1991-05-24,22.583332,22.75,22.541668,22.666668,0.938551,4215900,39972497640.0,0.08333600000000274,0.36901551994188786
1991-05-28,22.791668,23.041668,22.708332,23.041668,0.954079,6510600,40341252360.0,0.25,1.0968920747704818
1991-05-29,23.208332,23.208332,22.666668,22.833332,0.945452,6126900,41078747640.0,-0.375,-1.615799015629387
1991-05-30,22.791668,23.166668,22.5,22.791668,0.943727,7878000,40341252360.0,0.0,0.0
1991-05-31,22.791668,22.833332,22.375,22.791668,0.943727,7588800,40341252360.0,0.0,0.0
1991-06-03,22.791668,22.916668,22.25,22.291668,0.923024,5612100,40341252360.0,-0.5,-2.1937841495409636
1991-06-04,22.291668,22.5,22.208332,22.416668,0.9282,5158500,39456252360.0,0.125,0.5607476300113567
1991-06-05,22.416668,22.583332,22.25,22.333332,0.924749,4903200,39677502360.0,-0.08333600000000274,-0.37175908569463906
1991-06-06,22.375,22.458332,22.083332,22.125,0.916123,3557400,39603750000.0,-0.25,-1.1173184357541899
1991-06-07,22.041668,22.166668,21.875,22.125,0.916123,4519800,39013752360.0,0.08333199999999863,0.37806576162928607
1991-06-10,22.166668,22.208332,21.916668,22.083332,0.914397,4896300,39235002360.0,-0.08333600000000274,-0.3759518570856149
1991-06-11,22.0,22.083332,21.958332,21.958332,0.915161,3977100,38940000000.0,-0.04166800000000137,-0.18940000000000623
1991-06-12,21.875,21.916668,21.583332,21.833332,0.909952,4818300,38718750000.0,-0.04166800000000137,-0.190482285714292
1991-06-13,21.791668,21.916668,21.708332,21.75,0.906478,5215800,38571252360.0,-0.04166800000000137,-0.19121069575766925
1991-06-14,21.875,22.291668,21.875,22.25,0.927317,6524400,38718750000.0,0.375,1.7142857142857144
1991-06-17,22.25,22.333332,22.041668,22.041668,0.918635,3742800,39382500000.0,-0.20833199999999863,-0.9363235955056118
1991-06-18,22.041668,22.291668,21.916668,22.0,0.916898,5631900,39013752360.0,-0.04166800000000137,-0.18904195453811104
1991-06-19,21.916668,22.0,21.708332,21.791668,0.908215,4864500,38792502360.0,-0.125,-0.5703421706255712
1991-06-20,21.833332,21.916668,21.75,21.791668,0.908215,4822800,38644997640.0,-0.04166399999999726,-0.19082749256960532
1991-06-21,21.791668,21.875,21.625,21.708332,0.904742,7823700,38571252360.0,-0.08333600000000274,-0.3824213915153385
1991-06-24,21.541668,21.625,21.416668,21.416668,0.892586,4322100,38128752360.0,-0.125,-0.5802707571205721
1991-06-25,21.5,21.583332,20.875,21.083332,0.878694,6405600,38055000000.0,-0.41666800000000137,-1.937990697674425
1991-06-26,21.083332,21.458332,20.625,21.333332,0.889113,7607100,37317497640.0,0.25,1.1857708259776016
1991-06-27,21.458332,21.5,21.0,21.375,0.89085,6626700,37981247640.0,-0.08333199999999863,-0.3883433251009381
1991-06-28,21.25,21.333332,21.0,21.166668,0.882167,4937400,37612500000.0,-0.08333199999999863,-0.3921505882352877
1991-07-01,21.333332,21.791668,21.291668,21.708332,0.904742,5202600,37759997640.0,0.375,1.7578126098632882
1991-07-02,21.75,21.958332,21.666668,21.875,0.911688,4038000,38497500000.0,0.125,0.5747126436781609
1991-07-03,21.708332,21.833332,21.583332,21.791668,0.908215,4111500,38423747640.0,0.08333600000000274,0.38388946695675535
1991-07-05,21.75,22.125,21.75,21.875,0.911688,2720700,38497500000.0,0.125,0.5747126436781609
1991-07-08,21.75,22.25,21.666668,22.25,0.927317,4036500,38497500000.0,0.5,2.2988505747126435
1991-07-09,22.208332,22.208332,21.75,21.875,0.911688,3558600,39308747640.0,-0.33333199999999863,-1.5009321726638392
1991-07-10,22.0,22.291668,21.958332,22.083332,0.920371,4904100,38940000000.0,0.08333199999999863,0.37878181818181195
1991-07-11,22.208332,22.291668,22.083332,22.166668,0.923844,3600000,39308747640.0,-0.04166399999999726,-0.1876052645466452
1991-07-12,22.25,22.75,22.166668,22.583332,0.941209,4821900,39382500000.0,0.33333199999999863,1.4981213483146005
1991-07-15,22.666668,22.958332,22.583332,22.916668,0.955102,6029100,40120002360.0,0.25,1.1029411115916992
1991-07-16,22.916668,23.0,22.666668,22.75,0.948156,3679800,40562502360.0,-0.16666800000000137,-0.7272785031401657
1991-07-17,22.583332,22.625,22.125,22.208332,0.925581,6939300,39972497640.0,-0.375,-1.6605167032039383
1991-07-18,22.333332,22.583332,22.208332,22.291668,0.929054,6594300,39529997640.0,-0.04166399999999726,-0.18655523501821072
1991-07-19,22.333332,22.375,21.958332,21.958332,0.915161,5575500,39529997640.0,-0.375,-1.6791045778569897
1991-07-22,21.875,22.083332,21.833332,21.833332,0.909952,4229100,38718750000.0,-0.04166800000000137,-0.190482285714292
1991-07-23,21.958332,22.0,21.833332,21.875,0.911688,5310900,38866247640.0,-0.08333199999999863,-0.3795005923036351
1991-07-24,21.958332,22.291668,21.916668,21.958332,0.915161,5412600,38866247640.0,0.0,0.0
1991-07-25,22.041668,22.208332,21.875,22.208332,0.925581,4014300,39013752360.0,0.16666399999999726,0.7561315232585721
1991-07-26,22.166668,22.291668,22.0,22.125,0.922108,2614200,39235002360.0,-0.04166800000000137,-0.18797592854280745
1991-07-29,22.125,22.291668,22.041668,22.208332,0.925581,2625000,39161250000.0,0.08333199999999863,0.37664180790959834
1991-07-30,22.208332,22.333332,22.208332,22.291668,0.929054,4671900,39308747640.0,0.08333600000000274,0.37524655160956144
1991-07-31,22.375,22.666668,22.375,22.583332,0.941209,6390600,39603750000.0,0.20833199999999863,0.9310927374301614
1991-08-01,22.708332,22.958332,22.708332,22.875,0.953365,6144000,40193747640.0,0.16666800000000137,0.7339508687824424
1991-08-02,23.041668,23.125,22.833332,22.958332,0.956838,5458200,40783752360.0,-0.08333600000000274,-0.36167520511103074
1991-08-05,23.0,23.083332,22.875,22.958332,0.956838,3273900,40710000000.0,-0.04166800000000137,-0.1811652173913103
1991-08-06,22.958332,23.916668,22.958332,23.833332,0.993306,11244300,40636247640.0,0.875,3.8112524899456983
1991-08-07,23.833332,24.125,23.791668,23.875,0.995042,7514700,42184997640.0,0.04166800000000137,0.17483077901151786
1991-08-08,23.791668,23.958332,23.5,23.708332,0.988096,4900800,42111252360.0,-0.08333600000000274,-0.35027388579902313
1991-08-09,23.791668,24.041668,23.666668,23.75,0.989833,4713300,42111252360.0,-0.04166800000000137,-0.17513694289951157
1991-08-12,23.666668,23.708332,23.5,23.708332,0.988096,3556800,41890002360.0,0.04166399999999726,0.17604506050449203
1991-08-13,23.791668,24.041668,23.708332,23.75,0.989833,5269200,42111252360.0,-0.04166800000000137,-0.17513694289951157
1991-08-14,23.875,24.333332,23.833332,24.166668,1.007199,7250100,42258750000.0,0.29166800000000137,1.221646073298435
1991-08-15,24.208332,24.5,24.0,24.041668,1.001989,6048000,42848747640.0,-0.16666399999999726,-0.6884571807755994
1991-08-16,24.083332,24.166668,23.541668,23.875,0.995042,5950200,42627497640.0,-0.20833199999999863,-0.8650464146738442
1991-08-19,22.708332,23.458332,22.583332,23.25,0.968995,10347600,40193747640.0,0.5416680000000014,2.3853271125329742
1991-08-20,23.541668,23.666668,23.333332,23.416668,0.975941,7419600,41668752360.0,-0.125,-0.5309734212546027
1991-08-21,23.916668,24.541668,23.875,24.541668,1.022827,8615100,42332502360.0,0.625,2.613240272432598
1991-08-22,24.625,24.75,24.25,24.416668,1.017617,6996300,43586250000.0,-0.20833199999999863,-0.8460182741116696
1991-08-23,24.375,24.833332,24.375,24.375,1.015881,5186100,43143750000.0,0.0,0.0
1991-08-26,24.375,24.5,24.25,24.416668,1.017617,2967600,43143750000.0,0.04166800000000137,0.17094564102564663
1991-08-27,24.541668,24.625,24.25,24.416668,1.017617,4036500,43438752360.0,-0.125,-0.5093378331089802
1991-08-28,24.5,24.875,24.5,24.708332,1.029773,5802300,43365000000.0,0.20833199999999863,0.8503346938775456
1991-08-29,24.75,24.875,24.708332,24.875,1.036719,5292600,43807500000.0,0.125,0.5050505050505051
1991-08-30,24.791668,24.875,24.375,24.708332,1.029773,3933900,43881252360.0,-0.08333600000000274,-0.3361451920056478
1991-09-03,24.708332,24.833332,24.458332,24.5,1.021091,4353000,43733747640.0,-0.20833199999999863,-0.8431649696142931
1991-09-04,24.541668,24.583332,24.416668,24.458332,1.019354,3274800,43438752360.0,-0.08333600000000274,-0.33956942127977097
1991-09-05,24.5,24.541668,24.083332,24.25,1.010672,4176300,43365000000.0,-0.25,-1.0204081632653061
1991-09-06,24.333332,24.458332,24.125,24.291668,1.012409,3944100,43069997640.0,-0.04166399999999726,-0.17122192719023133
1991-09-09,24.333332,24.625,24.0,24.541668,1.022827,4204800,43069997640.0,0.20833600000000274,0.8561753893794847
1991-09-10,24.333332,24.375,24.125,24.166668,1.014433,3539100,43069997640.0,-0.16666399999999726,-0.6849205854750894
1991-09-11,24.291668,24.416668,24.25,24.291668,1.01968,3682200,42996252360.0,0.0,0.0
1991-09-12,24.5,24.666668,24.375,24.666668,1.03542,3489600,43365000000.0,0.16666800000000137,0.6802775510204138
1991-09-13,24.708332,24.708332,24.166668,24.166668,1.014433,4424100,43733747640.0,-0.5416639999999973,-2.19223215877137
1991-09-16,24.25,24.333332,23.958332,24.25,1.01793,5656800,42922500000.0,0.0,0.0
1991-09-17,24.208332,24.416668,24.166668,24.291668,1.01968,4573500,42848747640.0,0.08333600000000274,0.3442451136245271
1991-09-18,24.25,24.625,24.25,24.541668,1.030173,3418800,42922500000.0,0.29166800000000137,1.2027546391752635
1991-09-19,24.5,24.541668,24.25,24.291668,1.01968,4463100,43365000000.0,-0.20833199999999863,-0.8503346938775456
1991-09-20,24.333332,24.375,24.083332,24.291668,1.01968,6512700,43069997640.0,-0.04166399999999726,-0.17122192719023133
1991-09-23,24.25,24.291668,23.958332,24.041668,1.009185,3327300,42922500000.0,-0.20833199999999863,-0.8591010309278293
1991-09-24,24.125,24.291668,23.958332,24.083332,1.010934,3403200,42701250000.0,-0.04166800000000137,-0.17271709844560154
1991-09-25,24.083332,24.125,23.833332,23.958332,1.005687,3509100,42627497640.0,-0.125,-0.5190311706038019
1991-09-26,23.875,24.125,23.833332,23.916668,1.003938,3226800,42258750000.0,0.04166800000000137,0.17452565445026752
1991-09-27,23.958332,24.25,23.875,24.041668,1.009185,3784500,42406247640.0,0.08333600000000274,0.34783723674921424
1991-09-30,24.041668,24.25,23.916668,24.041668,1.009185,3282300,42553752360.0,0.0,0.0
1991-10-01,24.166668,24.625,24.166668,24.541668,1.030173,4552200,42775002360.0,0.375,1.5517240523186728
1991-10-02,24.583332,24.666668,24.166668,24.208332,1.016181,4931100,43512497640.0,-0.375,-1.5254238115484102
1991-10-03,24.166668,24.333332,24.0,24.0,1.007436,3977100,42775002360.0,-0.16666800000000137,-0.6896606516049352
1991-10-04,24.083332,24.208332,23.791668,23.791668,0.998691,3367800,42627497640.0,-0.29166399999999726,-1.2110616587438867
1991-10-07,23.833332,23.916668,23.625,23.75,0.996942,3249000,42184997640.0,-0.08333199999999863,-0.3496447748052964
1991-10-08,23.791668,24.0,23.541668,23.875,1.002189,4612200,42111252360.0,0.08333199999999863,0.350257073190491
1991-10-09,23.875,23.958332,23.166668,23.375,0.981201,4889100,42258750000.0,-0.5,-2.094240837696335
1991-10-10,23.458332,23.75,23.333332,23.666668,0.993444,4225800,41521247640.0,0.20833600000000274,0.8881108852922823
1991-10-11,23.791668,24.083332,23.708332,24.041668,1.009185,2866500,42111252360.0,0.25,1.0507880321800052
1991-10-14,24.041668,24.375,24.0,24.333332,1.021428,2663400,42553752360.0,0.29166399999999726,1.2131604179876256
1991-10-15,24.291668,24.666668,24.166668,24.666668,1.03542,5241900,42996252360.0,0.375,1.5437391948547954
1991-10-16,24.458332,24.666668,24.25,24.5,1.028425,4940400,43291247640.0,0.04166800000000137,0.17036321201299162
1991-10-17,24.375,24.625,24.166668,24.291668,1.01968,5054400,43143750000.0,-0.08333199999999863,-0.34187487179486614
1991-10-18,24.333332,24.416668,24.208332,24.291668,1.01968,4158300,43069997640.0,-0.04166399999999726,-0.17122192719023133
1991-10-21,24.291668,24.333332,23.75,23.916668,1.003938,4941000,42996252360.0,-0.375,-1.5437391948547954
1991-10-22,23.708332,23.833332,22.875,23.125,0.970706,13145100,41963747640.0,-0.5833319999999986,-2.460451456475296
1991-10-23,23.125,23.166668,22.833332,22.958332,0.96371,9261600,40931250000.0,-0.16666800000000137,-0.7207264864864924
1991-10-24,23.0,23.333332,22.958332,23.166668,0.972456,7245900,40710000000.0,0.16666800000000137,0.7246434782608755
1991-10-25,23.166668,23.458332,23.083332,23.333332,0.979452,4415700,41005002360.0,0.16666399999999726,0.7194129082352164
1991-10-28,23.291668,23.458332,23.0,23.208332,0.974204,5526000,41226252360.0,-0.08333600000000274,-0.3577931816648028
1991-10-29,23.291668,23.333332,23.041668,23.125,0.970706,6294000,41226252360.0,-0.16666800000000137,-0.7155691898064208
1991-10-30,23.041668,23.208332,22.958332,23.166668,0.972456,6788700,40783752360.0,0.125,0.5424954478121983
1991-10-31,23.166668,23.375,23.125,23.375,0.981201,5467800,41005002360.0,0.20833199999999863,0.8992747683870577
1991-11-01,23.333332,23.333332,22.875,23.083332,0.968957,6197100,41299997640.0,-0.25,-1.0714286326530649
1991-11-04,23.0,23.166668,22.791668,22.875,0.960212,3148500,40710000000.0,-0.125,-0.5434782608695652
1991-11-05,22.958332,23.083332,22.791668,22.875,0.960212,3817800,40636247640.0,-0.08333199999999863,-0.3629706199910282
1991-11-06,22.875,23.0,22.708332,22.958332,0.96371,3641400,40488750000.0,0.08333199999999863,0.36429289617485744
1991-11-07,23.0,23.25,22.916668,23.166668,0.972456,3937800,40710000000.0,0.16666800000000137,0.7246434782608755
1991-11-08,23.291668,23.291668,23.0,23.208332,0.974204,3741300,41226252360.0,-0.08333600000000274,-0.3577931816648028
1991-11-11,23.208332,23.375,23.166668,23.291668,0.977703,3455400,41078747640.0,0.08333600000000274,0.35907793804398674
1991-11-12,23.375,23.625,23.333332,23.541668,0.988196,5937600,41373750000.0,0.16666800000000137,0.7130181818181877
1991-11-13,23.416668,23.583332,23.291668,23.541668,0.988196,4121100,41447502360.0,0.125,0.5338077987867446
1991-11-14,23.625,23.666668,23.375,23.458332,0.984698,3539400,41816250000.0,-0.16666800000000137,-0.7054730158730217
1991-11-15,23.416668,23.416668,22.791668,22.833332,0.958464,7538700,41447502360.0,-0.5833360000000027,-2.491114448904527
1991-11-18,22.916668,23.041668,22.791668,23.0,0.96546,9112200,40562502360.0,0.08333199999999863,0.3636305242978544
1991-11-19,22.875,22.916668,22.291668,22.791668,0.956715,8417700,40488750000.0,-0.08333199999999863,-0.36429289617485744
1991-11-20,22.875,22.875,22.583332,22.625,0.949718,5475000,40488750000.0,-0.25,-1.092896174863388
1991-11-21,22.541668,22.875,22.541668,22.875,0.960212,5695200,39898752360.0,0.33333199999999863,1.4787370659526997
1991-11-22,22.791668,23.0,22.708332,22.791668,0.956715,4750500,40341252360.0,0.0,0.0
1991-11-25,22.875,23.0,22.708332,22.791668,0.956715,4752000,40488750000.0,-0.08333199999999863,-0.36429289617485744
1991-11-26,22.916668,23.291668,22.708332,23.25,0.975954,5297400,40562502360.0,0.33333199999999863,1.4545395517358746
1991-11-27,23.25,23.291668,22.708332,22.708332,0.953216,6639900,41152500000.0,-0.5416680000000014,-2.3297548387096834
1991-11-29,22.666668,22.666668,22.5,22.583332,0.947969,2493000,40120002360.0,-0.08333600000000274,-0.3676588019024355
1991-12-02,22.375,23.0,22.375,22.958332,0.96371,5831700,39603750000.0,0.5833319999999986,2.607070391061446
1991-12-03,22.875,23.125,22.833332,22.958332,0.96371,4860900,40488750000.0,0.08333199999999863,0.36429289617485744
1991-12-04,22.916668,22.916668,22.625,22.75,0.954966,5211600,40562502360.0,-0.16666800000000137,-0.7272785031401657
1991-12-05,22.708332,22.791668,22.5,22.666668,0.951467,3248100,40193747640.0,-0.04166399999999726,-0.18347450618564703
1991-12-06,22.5,22.916668,22.416668,22.625,0.949718,5634900,39825000000.0,0.125,0.5555555555555556
1991-12-09,22.791668,23.0,22.708332,22.875,0.960212,4937700,40341252360.0,0.08333199999999863,0.36562484149908914
1991-12-10,22.875,23.041668,22.75,22.958332,0.97114,5157600,40488750000.0,0.08333199999999863,0.36429289617485744
1991-12-11,23.0,23.041668,22.708332,22.916668,0.969378,5002800,40710000000.0,-0.08333199999999863,-0.3623130434782549
1991-12-12,23.0,23.25,23.0,23.208332,0.981715,5918100,40710000000.0,0.20833199999999863,0.9057913043478201
1991-12-13,23.333332,23.583332,23.333332,23.541668,0.995815,4905000,41299997640.0,0.20833600000000274,0.8928686224496474
1991-12-16,23.541668,24.041668,23.5,23.791668,1.00639,6789300,41668752360.0,0.25,1.0619468425092053
1991-12-17,23.791668,24.041668,23.75,23.833332,1.008152,4700400,42111252360.0,0.04166399999999726,0.17512013029097942
1991-12-18,23.916668,24.083332,23.833332,24.083332,1.018728,4684500,42332502360.0,0.16666399999999726,0.696852922823519
1991-12-19,23.958332,24.208332,23.875,24.208332,1.024015,4903500,42406247640.0,0.25,1.0434783189414023
1991-12-20,24.375,24.458332,24.125,24.208332,1.024015,11332800,43143750000.0,-0.16666800000000137,-0.6837661538461595
1991-12-23,24.166668,24.625,23.833332,24.541668,1.038115,7164600,42775002360.0,0.375,1.5517240523186728
1991-12-24,24.625,25.041668,24.583332,24.708332,1.045165,4303800,43586250000.0,0.08333199999999863,0.3384040609137
1991-12-26,24.75,25.5,24.708332,25.416668,1.075127,4170000,43807500000.0,0.6666680000000014,2.6936080808080862
1991-12-27,25.375,25.75,25.375,25.75,1.089228,4306500,44913750000.0,0.375,1.477832512315271
1991-12-30,25.833332,26.958332,25.833332,26.875,1.136816,8077200,45724997640.0,1.0416680000000014,4.03226343392328
1991-12-31,27.125,27.25,26.333332,26.75,1.131528,8124300,48011250000.0,-0.375,-1.3824884792626728
1992-01-02,26.25,26.583332,26.125,26.541668,1.122715,7481400,46462500000.0,0.29166800000000137,1.1111161904761957
1992-01-03,26.166668,26.666668,26.166668,26.5,1.120953,6844200,46315002360.0,0.33333199999999863,1.2738801898659722
1992-01-06,26.333332,26.583332,26.166668,26.458332,1.119191,6927600,46609997640.0,0.125,0.4746835683384086
1992-01-07,26.333332,26.458332,26.208332,26.458332,1.119191,5252100,46609997640.0,0.125,0.4746835683384086
1992-01-08,26.375,27.083332,26.375,26.708332,1.129765,7357200,46683750000.0,0.33333199999999863,1.2638180094786677
1992-01-09,26.75,27.5,26.708332,26.958332,1.14034,7479000,47347500000.0,0.20833199999999863,0.7788112149532659
1992-01-10,26.958332,27.0,26.5,26.625,1.12624,5611800,47716247640.0,-0.33333199999999863,-1.236471158527162
1992-01-13,26.583332,26.625,26.125,26.416668,1.117428,4020300,47052497640.0,-0.16666399999999726,-0.6269492477466604
1992-01-14,26.375,26.708332,26.208332,26.625,1.12624,4892400,46683750000.0,0.25,0.9478672985781991
1992-01-15,26.625,26.791668,26.083332,26.166668,1.106853,4413900,47126250000.0,-0.45833199999999863,-1.7214347417840323
1992-01-16,25.791668,25.916668,24.958332,25.541668,1.080415,9458100,45651252360.0,-0.25,-0.9693052810698399
1992-01-17,25.541668,25.791668,25.5,25.583332,1.082178,6094200,45208752360.0,0.04166399999999726,0.1631216880588897
1992-01-20,25.583332,25.916668,25.333332,25.75,1.089228,3721200,45282497640.0,0.16666800000000137,0.6514710437248806
1992-01-21,25.791668,25.916668,25.5,25.916668,1.096278,3785700,45651252360.0,0.125,0.48465264053491997
1992-01-22,25.875,26.083332,25.625,26.0,1.099802,4329300,45798750000.0,0.125,0.4830917874396135
1992-01-23,25.916668,26.0,25.416668,25.583332,1.082178,4888800,45872502360.0,-0.33333600000000274,-1.286183856659362
1992-01-24,25.583332,25.75,25.208332,25.5,1.078653,3800400,45282497640.0,-0.08333199999999863,-0.3257277042724483
1992-01-27,25.583332,25.666668,25.5,25.541668,1.080415,3302400,45282497640.0,-0.04166399999999726,-0.16285603454623213
1992-01-28,25.583332,25.625,25.375,25.416668,1.075127,4075500,45282497640.0,-0.16666399999999726,-0.6514554085448966
1992-01-29,25.5,26.166668,25.0,25.25,1.068077,9145200,45135000000.0,-0.25,-0.9803921568627451
1992-01-30,25.291668,25.666668,25.25,25.625,1.08394,4918800,44766252360.0,0.33333199999999863,1.317951825083259
1992-01-31,25.708332,25.791668,25.458332,25.458332,1.07689,3619800,45503747640.0,-0.25,-0.9724473762047263
1992-02-03,25.5,25.583332,25.416668,25.583332,1.082178,3407100,45135000000.0,0.08333199999999863,0.3267921568627397
1992-02-04,25.541668,25.75,25.5,25.666668,1.085702,4014300,45208752360.0,0.125,0.4893963855453763
1992-02-05,25.75,26.166668,25.708332,25.833332,1.092752,5755200,45577500000.0,0.08333199999999863,0.3236194174757228
1992-02-06,25.958332,26.083332,25.875,26.0,1.099802,3438300,45946247640.0,0.04166800000000137,0.16051878834125927
1992-02-07,26.166668,26.25,25.041668,25.25,1.068077,8764800,46315002360.0,-0.9166680000000014,-3.5031896304107244
1992-02-10,25.208332,25.333332,24.833332,25.0,1.057503,7367700,44618747640.0,-0.20833199999999863,-0.8264410354481154
1992-02-11,25.041668,25.041668,24.541668,24.791668,1.04869,8268000,44323752360.0,-0.25,-0.9983360533331884
1992-02-12,24.708332,25.291668,24.541668,25.208332,1.066315,5972700,43733747640.0,0.5,2.023608878171137
1992-02-13,25.041668,25.166668,24.75,24.833332,1.050453,5091900,44323752360.0,-0.20833600000000274,-0.8319573600289035
1992-02-14,24.75,25.0,24.666668,25.0,1.057503,3804300,43807500000.0,0.25,1.0101010101010102
1992-02-18,24.833332,24.916668,24.375,24.458332,1.03459,5063400,43954997640.0,-0.375,-1.510067195171393
1992-02-19,24.5,24.666668,24.208332,24.666668,1.043402,5172000,43365000000.0,0.16666800000000137,0.6802775510204138
1992-02-20,24.666668,24.958332,24.458332,24.875,1.052215,7325100,43660002360.0,0.20833199999999863,0.8445891435357165
1992-02-21,24.875,25.083332,24.791668,25.0,1.057503,5288700,44028750000.0,0.125,0.5025125628140703
1992-02-24,25.041668,25.166668,24.916668,25.083332,1.061028,4774500,44323752360.0,0.04166399999999726,0.16637869330428492
1992-02-25,25.041668,25.5,24.875,25.208332,1.066315,6764100,44323752360.0,0.16666399999999726,0.6655467199708791
1992-02-26,25.291668,25.708332,25.25,25.625,1.08394,6102000,44766252360.0,0.33333199999999863,1.317951825083259
1992-02-27,25.708332,25.75,25.5,25.5,1.078653,4343400,45503747640.0,-0.20833199999999863,-0.8103676271179268
1992-02-28,25.541668,25.708332,25.5,25.583332,1.082178,4231500,45208752360.0,0.04166399999999726,0.1631216880588897
1992-03-02,25.541668,25.791668,25.416668,25.5,1.078653,5017800,45208752360.0,-0.04166800000000137,-0.16313734874324326
1992-03-03,25.5,25.625,25.375,25.375,1.073364,4405500,45135000000.0,-0.125,-0.49019607843137253
1992-03-04,25.458332,25.5,25.125,25.125,1.06279,5471100,45061247640.0,-0.33333199999999863,-1.3093238001609793
1992-03-05,24.958332,25.041668,24.791668,24.833332,1.050453,5038800,44176247640.0,-0.125,-0.5008347512966812
1992-03-06,24.791668,24.916668,24.708332,24.916668,1.061457,3425100,43881252360.0,0.125,0.5042016535555414
1992-03-09,24.875,25.416668,24.875,25.333332,1.079208,3518400,44028750000.0,0.45833199999999863,1.8425407035175825
1992-03-10,25.416668,25.833332,25.416668,25.625,1.091633,6675600,44987502360.0,0.20833199999999863,0.8196668422469799
1992-03-11,25.625,25.75,25.458332,25.541668,1.088083,4763100,45356250000.0,-0.08333199999999863,-0.3251980487804825
1992-03-12,25.541668,25.791668,25.541668,25.75,1.096958,4689600,45208752360.0,0.20833199999999863,0.8156554223475092
1992-03-13,25.958332,26.0,25.666668,25.958332,1.105834,3734700,45946247640.0,0.0,0.0
1992-03-16,25.916668,26.166668,25.875,26.166668,1.114708,3426600,45872502360.0,0.25,0.9646301754531098
1992-03-17,26.25,26.333332,26.041668,26.25,1.118258,4190400,46462500000.0,0.0,0.0
1992-03-18,26.291668,26.291668,25.833332,25.833332,1.100507,3830700,46536252360.0,-0.45833600000000274,-1.743274713494795
1992-03-19,25.875,25.958332,25.625,25.625,1.091633,3519300,45798750000.0,-0.25,-0.966183574879227
1992-03-20,25.666668,25.916668,25.625,25.708332,1.095184,6935100,45430002360.0,0.04166399999999726,0.16232726429467687
1992-03-23,25.666668,25.708332,25.458332,25.541668,1.088083,2679600,45430002360.0,-0.125,-0.48701296171361236
1992-03-24,25.583332,25.666668,25.291668,25.375,1.080983,3851100,45282497640.0,-0.20833199999999863,-0.8143270782711128
1992-03-25,25.5,25.625,25.416668,25.583332,1.089858,3138900,45135000000.0,0.08333199999999863,0.3267921568627397
1992-03-26,25.625,25.708332,25.5,25.625,1.091633,2547300,45356250000.0,0.0,0.0
1992-03-27,25.541668,25.583332,25.333332,25.333332,1.079208,2437200,45208752360.0,-0.20833600000000274,-0.8156710830318628
1992-03-30,25.333332,25.416668,25.041668,25.125,1.070333,2691000,44839997640.0,-0.20833199999999863,-0.8223632011770052
1992-03-31,25.125,25.375,25.083332,25.25,1.075658,3077400,44471250000.0,0.125,0.4975124378109453
1992-04-01,25.166668,25.583332,25.125,25.458332,1.084533,3627900,44545002360.0,0.29166399999999726,1.158929739924241
1992-04-02,25.541668,25.666668,25.458332,25.583332,1.089858,3345600,45208752360.0,0.04166399999999726,0.1631216880588897
1992-04-03,25.583332,25.875,25.375,25.791668,1.098733,4306500,45282497640.0,0.20833600000000274,0.8143427134510969
1992-04-06,26.041668,26.25,25.916668,25.958332,1.105834,4667700,46093752360.0,-0.08333600000000274,-0.3200102236154871
1992-04-07,25.958332,26.0,25.333332,25.375,1.080983,4205400,45946247640.0,-0.5833319999999986,-2.2471859902246365
1992-04-08,25.25,25.333332,24.75,25.125,1.070333,7105500,44692500000.0,-0.125,-0.49504950495049505
1992-04-09,25.208332,25.458332,25.041668,25.291668,1.077433,5180100,44618747640.0,0.08333600000000274,0.3305891083948067
1992-04-10,25.541668,25.75,25.458332,25.708332,1.095184,4634100,45208752360.0,0.16666399999999726,0.6525180736042661
1992-04-13,25.875,26.083332,25.791668,26.083332,1.111158,2282700,45798750000.0,0.20833199999999863,0.8051478260869512
1992-04-14,26.166668,26.375,26.083332,26.291668,1.120033,4800600,46315002360.0,0.125,0.47770698202766965
1992-04-15,26.416668,26.416668,25.791668,26.291668,1.120033,4485900,46757502360.0,-0.125,-0.4731860959906071
1992-04-16,26.25,26.416668,25.875,26.0,1.107607,6091500,46462500000.0,-0.25,-0.9523809523809524
1992-04-20,25.958332,26.166668,25.208332,25.416668,1.082758,5116800,45946247640.0,-0.5416639999999973,-2.086667201883377
1992-04-21,25.458332,25.541668,25.041668,25.25,1.075658,4324500,45061247640.0,-0.20833199999999863,-0.8183254111070539
1992-04-22,25.25,25.25,24.958332,25.0,1.065007,5096700,44692500000.0,-0.25,-0.9900990099009901
1992-04-23,25.083332,25.666668,24.791668,25.583332,1.089858,5583300,44397497640.0,0.5,1.9933555876866758
1992-04-24,25.5,25.791668,25.25,25.291668,1.077433,3986400,45135000000.0,-0.20833199999999863,-0.8169882352941122
1992-04-27,25.208332,25.75,25.208332,25.583332,1.089858,3584100,44618747640.0,0.375,1.4876033844682783
1992-04-28,25.666668,26.166668,25.625,26.041668,1.109383,3984600,45430002360.0,0.375,1.4610388851408371
1992-04-29,26.166668,26.208332,25.875,26.125,1.112934,3587700,46315002360.0,-0.04166800000000137,-0.15924075621703676
1992-04-30,25.916668,26.041668,25.791668,25.958332,1.105834,5343000,45872502360.0,0.04166399999999726,0.1607614065203029
1992-05-01,25.958332,26.125,25.541668,25.791668,1.098733,4308900,45946247640.0,-0.16666399999999726,-0.6420443347438397
1992-05-04,25.833332,26.291668,25.833332,26.208332,1.116484,3532200,45724997640.0,0.375,1.4516129781477667
1992-05-05,26.208332,26.625,26.166668,26.333332,1.121808,5054700,46388747640.0,0.125,0.476947560035488
1992-05-06,26.333332,26.5,26.25,26.375,1.123583,3645000,46609997640.0,0.04166800000000137,0.15823291940420367
1992-05-07,26.291668,26.416668,26.166668,26.333332,1.121808,3369300,46536252360.0,0.04166399999999726,0.15846845472108217
1992-05-08,26.291668,26.375,25.833332,26.0,1.107607,4369800,46536252360.0,-0.29166800000000137,-1.1093552527743822
1992-05-11,26.083332,26.333332,26.041668,26.333332,1.121808,3749700,46167497640.0,0.25,0.9584665026692143
1992-05-12,26.291668,26.375,26.041668,26.166668,1.114708,4122600,46536252360.0,-0.125,-0.4754357920539693
1992-05-13,26.125,26.166668,25.958332,26.041668,1.109383,3974400,46241250000.0,-0.08333199999999863,-0.3189741626794206
1992-05-14,26.041668,26.125,25.791668,26.041668,1.109383,3456600,46093752360.0,0.0,0.0
1992-05-15,25.875,26.0,25.833332,25.875,1.102283,3851400,45798750000.0,0.0,0.0
1992-05-18,26.041668,26.083332,25.791668,25.833332,1.100507,2416500,46093752360.0,-0.20833600000000274,-0.8000101990394883
1992-05-19,25.75,25.833332,25.333332,25.583332,1.089858,5006100,45577500000.0,-0.16666800000000137,-0.6472543689320441
1992-05-20,25.666668,25.875,25.583332,25.791668,1.098733,3227700,45430002360.0,0.125,0.48701296171361236
1992-05-21,25.708332,25.833332,25.541668,25.625,1.091633,2891100,45503747640.0,-0.08333199999999863,-0.32414393901556365
1992-05-22,25.5,25.541668,25.166668,25.333332,1.079208,5294400,45135000000.0,-0.16666800000000137,-0.6536000000000054
1992-05-26,25.25,25.291668,24.708332,24.791668,1.056132,6300900,44692500000.0,-0.45833199999999863,-1.815176237623757
1992-05-27,24.625,25.166668,24.5,25.125,1.070333,8367000,43586250000.0,0.5,2.030456852791878
1992-05-28,25.333332,25.666668,25.25,25.666668,1.093408,5066100,44839997640.0,0.33333600000000274,1.3158000692526461
1992-05-29,25.75,26.0,25.625,25.833332,1.100507,5256000,45577500000.0,0.08333199999999863,0.3236194174757228
1992-06-01,25.833332,25.875,25.458332,25.708332,1.095184,3783600,45724997640.0,-0.125,-0.48387099271592227
1992-06-02,25.708332,25.791668,25.5,25.541668,1.088083,2733900,45503747640.0,-0.16666399999999726,-0.6482878780311273
1992-06-03,25.541668,25.625,25.458332,25.5,1.086308,3378300,45208752360.0,-0.04166800000000137,-0.16313734874324326
1992-06-04,25.458332,25.458332,25.041668,25.166668,1.072108,3830100,45061247640.0,-0.29166399999999726,-1.145652433160182
1992-06-05,25.083332,25.166668,24.666668,24.791668,1.056132,5336700,44397497640.0,-0.29166399999999726,-1.1627801282540824
1992-06-08,24.708332,25.416668,24.666668,25.375,1.080983,4236000,43733747640.0,0.6666680000000014,2.6981505671851966
1992-06-09,25.208332,25.333332,24.666668,24.708332,1.059892,4879800,44618747640.0,-0.5,-1.9834711792910378
1992-06-10,24.708332,24.791668,24.083332,24.083332,1.033082,5322900,43733747640.0,-0.625,-2.5295110977139212
1992-06-11,24.208332,24.375,23.708332,24.125,1.034869,10226100,42848747640.0,-0.08333199999999863,-0.3442285903877997
1992-06-12,24.375,25.083332,24.333332,24.75,1.06168,5153400,43143750000.0,0.375,1.5384615384615385
1992-06-15,24.333332,24.416668,24.041668,24.333332,1.043806,6474300,43069997640.0,0.0,0.0
1992-06-16,24.625,24.625,23.458332,23.458332,1.006271,7865700,43586250000.0,-1.1666680000000014,-4.737738071065995
1992-06-17,23.5,24.0,23.458332,23.666668,1.015209,8361300,41595000000.0,0.16666800000000137,0.7092255319148995
1992-06-18,23.958332,24.291668,23.75,24.0,1.029507,5575800,42406247640.0,0.04166800000000137,0.17391861837460712
1992-06-19,24.041668,24.666668,24.041668,24.208332,1.038444,7281300,42553752360.0,0.16666399999999726,0.6932297709127223
1992-06-22,24.166668,24.416668,24.083332,24.375,1.045594,4134900,42775002360.0,0.20833199999999863,0.8620634007137375
1992-06-23,24.625,24.708332,24.375,24.375,1.045594,4479600,43586250000.0,-0.25,-1.015228426395939
1992-06-24,24.458332,24.708332,23.166668,24.583332,1.05453,25859100,43291247640.0,0.125,0.5110732816939438
1992-06-25,24.708332,24.75,24.208332,24.416668,1.047381,14270700,43733747640.0,-0.29166399999999726,-1.1804277196858017
1992-06-26,24.291668,24.666668,24.25,24.416668,1.047381,7233000,42996252360.0,0.125,0.5145797316182651
1992-06-29,24.375,24.541668,24.125,24.291668,1.042019,6409200,43143750000.0,-0.08333199999999863,-0.34187487179486614
1992-06-30,24.333332,24.625,24.291668,24.5,1.050956,5780100,43069997640.0,0.16666800000000137,0.6849370238321714
1992-07-01,24.625,25.416668,24.625,25.333332,1.086702,9048000,43586250000.0,0.7083319999999986,2.876475126903548
1992-07-02,25.458332,26.041668,25.416668,25.916668,1.111725,11872200,45061247640.0,0.45833600000000274,1.800337901163371
1992-07-06,26.083332,26.375,25.958332,26.25,1.126024,7893300,46167497640.0,0.16666800000000137,0.6389827802674957
1992-07-07,26.125,26.291668,25.75,25.875,1.109938,5324400,46241250000.0,-0.25,-0.9569377990430622
1992-07-08,25.833332,26.25,25.791668,26.125,1.120663,6254100,45724997640.0,0.29166800000000137,1.129037477627746
1992-07-09,26.25,26.541668,26.25,26.5,1.136748,8270700,46462500000.0,0.25,0.9523809523809524
1992-07-10,26.5,26.5,26.25,26.375,1.131386,4662600,46905000000.0,-0.125,-0.4716981132075472
1992-07-13,26.291668,26.375,26.166668,26.166668,1.122449,2502000,46536252360.0,-0.125,-0.4754357920539693
1992-07-14,26.166668,26.375,26.166668,26.291668,1.127811,2763300,46315002360.0,0.125,0.47770698202766965
1992-07-15,26.25,26.291668,26.0,26.125,1.120663,2595600,46462500000.0,-0.125,-0.4761904761904762
1992-07-16,26.041668,26.333332,26.0,26.166668,1.122449,5165700,46093752360.0,0.125,0.47999997542400125
1992-07-17,26.125,26.291668,26.041668,26.125,1.120663,5789700,46241250000.0,0.0,0.0
1992-07-20,25.791668,26.083332,25.75,25.916668,1.111725,4839300,45651252360.0,0.125,0.48465264053491997
1992-07-21,26.041668,26.083332,25.875,26.0,1.115299,2780100,46093752360.0,-0.04166800000000137,-0.16000511180774354
1992-07-22,25.875,26.0,25.583332,25.791668,1.106363,4422300,45798750000.0,-0.08333199999999863,-0.32205603864733773
1992-07-23,25.916668,25.958332,25.791668,25.916668,1.111725,2622000,45872502360.0,0.0,0.0
1992-07-24,25.833332,25.916668,25.708332,25.833332,1.10815,2994600,45724997640.0,0.0,0.0
1992-07-27,25.791668,25.916668,25.5,25.625,1.099214,5246400,45651252360.0,-0.16666800000000137,-0.6462086903413977
1992-07-28,25.666668,26.166668,25.583332,26.166668,1.122449,4571400,45430002360.0,0.5,1.9480518468544494
1992-07-29,26.333332,26.416668,26.125,26.333332,1.129599,5964900,46609997640.0,0.0,0.0
1992-07-30,26.333332,26.5,26.25,26.458332,1.134961,3720900,46609997640.0,0.125,0.4746835683384086
1992-07-31,26.416668,26.666668,26.375,26.625,1.14211,4435800,46757502360.0,0.20833199999999863,0.7886384459993161
1992-08-03,26.625,26.875,26.5,26.833332,1.151046,5716500,47126250000.0,0.20833199999999863,0.7824676056337977
1992-08-04,26.75,26.833332,26.666668,26.791668,1.14926,3208500,47347500000.0,0.04166800000000137,0.15576822429907053
1992-08-05,26.75,27.125,26.708332,26.916668,1.154621,4785300,47347500000.0,0.16666800000000137,0.6230579439252388
1992-08-06,26.958332,27.125,26.916668,26.958332,1.156409,4442100,47716247640.0,0.0,0.0
1992-08-07,26.916668,27.125,26.708332,26.708332,1.145685,4639800,47642502360.0,-0.20833600000000274,-0.7740036768295494
1992-08-10,26.666668,26.875,26.625,26.875,1.152834,3666300,47200002360.0,0.20833199999999863,0.7812449609377468
1992-08-11,26.708332,26.708332,26.416668,26.625,1.14211,4626900,47273747640.0,-0.08333199999999863,-0.3120075038755645
1992-08-12,26.625,26.666668,26.458332,26.541668,1.138535,2501700,47126250000.0,-0.08333199999999863,-0.3129840375586803
1992-08-13,26.583332,26.625,26.458332,26.583332,1.140322,2852100,47052497640.0,0.0,0.0
1992-08-14,26.666668,26.708332,26.541668,26.625,1.14211,3693300,47200002360.0,-0.04166800000000137,-0.15625499218725553
1992-08-17,26.583332,26.833332,26.583332,26.75,1.147472,3049200,47052497640.0,0.16666800000000137,0.6269642947693742
1992-08-18,26.75,26.875,26.708332,26.875,1.152834,3003600,47347500000.0,0.125,0.46728971962616817
1992-08-19,26.875,26.958332,26.625,26.666668,1.143897,2551500,47568750000.0,-0.20833199999999863,-0.7751888372092972
1992-08-20,26.708332,26.833332,26.583332,26.75,1.147472,3162600,47273747640.0,0.04166800000000137,0.15601124023769578
1992-08-21,26.791668,26.833332,26.541668,26.625,1.14211,4867800,47421252360.0,-0.16666800000000137,-0.6220889270500118
1992-08-24,26.5,26.625,26.333332,26.5,1.136748,4519200,46905000000.0,0.0,0.0
1992-08-25,26.541668,26.583332,26.25,26.583332,1.140322,4789200,46978752360.0,0.04166399999999726,0.15697581629005855
1992-08-26,26.5,26.916668,26.5,26.875,1.152834,5909700,46905000000.0,0.375,1.4150943396226416
1992-08-27,27.0,27.25,26.958332,27.083332,1.16177,6378900,47790000000.0,0.08333199999999863,0.308637037037032
1992-08-28,27.041668,27.291668,27.041668,27.25,1.16892,3304500,47863752360.0,0.20833199999999863,0.7704110560043804
1992-08-31,27.291668,27.416668,27.125,27.333332,1.172494,3162000,48306252360.0,0.04166399999999726,0.1526619772745193
1992-09-01,27.25,27.583332,27.25,27.583332,1.183218,4536600,48232500000.0,0.33333199999999863,1.2232366972477013
1992-09-02,27.666668,28.083332,27.583332,28.041668,1.20288,5615400,48970002360.0,0.375,1.355421621425464
1992-09-03,28.0,28.333332,27.958332,28.333332,1.215391,8646300,49560000000.0,0.33333199999999863,1.1904714285714237
1992-09-04,28.291668,28.333332,28.208332,28.25,1.211816,2869500,50076252360.0,-0.04166800000000137,-0.14728011087929269
1992-09-08,28.25,28.416668,28.083332,28.375,1.217178,5588400,50002500000.0,0.125,0.4424778761061947
1992-09-09,28.166668,28.25,28.041668,28.041668,1.212134,5089800,49855002360.0,-0.125,-0.44378696124085387
1992-09-10,28.125,28.333332,28.041668,28.125,1.215737,5934600,49781250000.0,0.0,0.0
1992-09-11,28.083332,28.25,28.0,28.083332,1.213936,4228500,49707497640.0,0.0,0.0
1992-09-14,28.25,28.375,28.166668,28.333332,1.224743,4376100,50002500000.0,0.08333199999999863,0.2949805309734465
1992-09-15,28.208332,28.291668,28.041668,28.166668,1.217538,4563000,49928747640.0,-0.04166399999999726,-0.14770104095484007
1992-09-16,28.0,28.333332,27.916668,28.166668,1.217538,4660800,49560000000.0,0.16666800000000137,0.5952428571428621
1992-09-17,28.333332,28.583332,28.291668,28.541668,1.233748,4610100,50149997640.0,0.20833600000000274,0.7353035640142951
1992-09-18,28.5,28.833332,28.375,28.625,1.23735,7400100,50445000000.0,0.125,0.43859649122807015
1992-09-21,28.583332,28.875,28.583332,28.75,1.242753,3794400,50592497640.0,0.16666800000000137,0.5830950709315533
1992-09-22,28.708332,28.875,28.5,28.583332,1.235549,4652700,50813747640.0,-0.125,-0.435413663183218
1992-09-23,28.583332,28.625,28.291668,28.416668,1.228345,3813000,50592497640.0,-0.16666399999999726,-0.58308107676179
1992-09-24,28.458332,28.791668,28.458332,28.75,1.242753,3750900,50371247640.0,0.29166800000000137,1.0248949235675562
1992-09-25,28.708332,28.875,28.375,28.416668,1.228345,3528900,50813747640.0,-0.29166399999999726,-1.0159559252693513
1992-09-28,28.416668,28.583332,28.25,28.458332,1.230146,3401700,50297502360.0,0.04166399999999726,0.146618174938727
1992-09-29,28.5,28.583332,28.333332,28.5,1.231947,3285900,50445000000.0,0.0,0.0
1992-09-30,28.333332,28.416668,28.166668,28.25,1.221141,3840300,50149997640.0,-0.08333199999999863,-0.2941129550170754
1992-10-01,28.25,28.291668,28.0,28.125,1.215737,4307100,50002500000.0,-0.125,-0.4424778761061947
1992-10-02,28.125,28.208332,27.791668,27.791668,1.201328,4119900,49781250000.0,-0.33333199999999863,-1.1851804444444396
1992-10-05,27.625,27.666668,26.666668,27.583332,1.192323,11020800,48896250000.0,-0.04166800000000137,-0.15083438914027647
1992-10-06,27.625,27.708332,27.416668,27.541668,1.190522,4416300,48896250000.0,-0.08333199999999863,-0.30165429864252896
1992-10-07,27.541668,27.708332,27.166668,27.166668,1.174313,3531000,48748752360.0,-0.375,-1.3615733077604448
1992-10-08,27.333332,27.708332,27.25,27.583332,1.192323,5838300,48379997640.0,0.25,0.9146341909577655
1992-10-09,27.541668,27.583332,27.25,27.25,1.177914,4738500,48748752360.0,-0.29166800000000137,-1.0590063027410008
1992-10-12,27.333332,27.583332,27.291668,27.583332,1.192323,3474600,48379997640.0,0.25,0.9146341909577655
1992-10-13,27.625,28.166668,27.5,28.0,1.210334,7555200,48896250000.0,0.375,1.3574660633484164
1992-10-14,28.0,28.166668,27.833332,28.0,1.210334,3623700,49560000000.0,0.0,0.0
1992-10-15,27.791668,27.916668,26.333332,26.583332,1.149096,32833800,49191252360.0,-1.2083360000000027,-4.347835473567123
1992-10-16,26.625,26.666668,25.083332,25.75,1.113076,41529900,47126250000.0,-0.875,-3.286384976525822
1992-10-19,25.75,26.0,25.458332,25.541668,1.10407,14483700,45577500000.0,-0.20833199999999863,-0.8090563106796064
1992-10-20,25.958332,26.166668,25.708332,25.958332,1.122081,12306000,45946247640.0,0.0,0.0
1992-10-21,26.041668,26.291668,25.958332,26.208332,1.132887,7689600,46093752360.0,0.16666399999999726,0.6399897272325153
1992-10-22,26.083332,26.125,25.583332,25.75,1.113076,10989600,46167497640.0,-0.33333199999999863,-1.277950225070933
1992-10-23,25.583332,25.666668,24.666668,24.833332,1.073451,18642300,45282497640.0,-0.75,-2.931596243991987
1992-10-26,25.041668,25.208332,24.916668,25.208332,1.089661,9116400,44323752360.0,0.16666399999999726,0.6655467199708791
1992-10-27,25.458332,25.583332,25.333332,25.458332,1.100467,7788300,45061247640.0,0.0,0.0
1992-10-28,25.5,25.708332,25.416668,25.625,1.107672,6951900,45135000000.0,0.125,0.49019607843137253
1992-10-29,25.708332,25.791668,25.625,25.791668,1.114876,4818900,45503747640.0,0.08333600000000274,0.32415949817359896
1992-10-30,25.791668,25.833332,25.333332,25.333332,1.095064,6235500,45651252360.0,-0.45833600000000274,-1.7770700212177155
1992-11-02,25.458332,25.833332,25.416668,25.666668,1.109473,5904300,45061247640.0,0.20833600000000274,0.8183411230555196
1992-11-03,25.958332,25.958332,25.375,25.583332,1.10587,7857300,45946247640.0,-0.375,-1.4446228671395374
1992-11-04,25.5,25.583332,25.125,25.125,1.086059,5267400,45135000000.0,-0.375,-1.4705882352941175
1992-11-05,25.166668,26.25,25.083332,26.208332,1.132887,15798900,44545002360.0,1.0416639999999973,4.139062032367563
1992-11-06,26.208332,26.25,25.875,26.0,1.123881,6423000,46388747640.0,-0.20833199999999863,-0.794907512618501
1992-11-09,26.0,26.041668,25.625,25.666668,1.109473,4725000,46020000000.0,-0.33333199999999863,-1.2820461538461485
1992-11-10,25.708332,25.958332,25.625,25.75,1.113076,4919100,45503747640.0,0.04166800000000137,0.16207974908679948
1992-11-11,25.833332,25.916668,25.833332,25.916668,1.120279,3944400,45724997640.0,0.08333600000000274,0.3225909843918034
1992-11-12,26.166668,26.583332,26.041668,26.416668,1.141892,7495500,46315002360.0,0.25,0.9554139640553393
1992-11-13,26.416668,26.75,26.166668,26.5,1.145495,7396200,46757502360.0,0.08333199999999863,0.315452350008709
1992-11-16,26.583332,26.625,26.208332,26.458332,1.143693,4258800,47052497640.0,-0.125,-0.47021945932135223
1992-11-17,26.5,26.75,26.458332,26.625,1.150898,5140500,46905000000.0,0.125,0.4716981132075472
1992-11-18,26.708332,26.833332,26.583332,26.75,1.156301,5005200,47273747640.0,0.04166800000000137,0.15601124023769578
1992-11-19,26.791668,26.958332,26.75,26.958332,1.165306,5010600,47421252360.0,0.16666399999999726,0.6220739970351874
1992-11-20,27.0,27.0,26.541668,26.583332,1.149096,8327400,47790000000.0,-0.41666800000000137,-1.54321481481482
1992-11-23,26.666668,26.666668,26.416668,26.458332,1.143693,3210600,47200002360.0,-0.20833600000000274,-0.7812599609370122
1992-11-24,26.458332,26.666668,26.458332,26.541668,1.147295,4601100,46831247640.0,0.08333600000000274,0.3149707245339682
1992-11-25,26.541668,26.625,26.083332,26.458332,1.143693,4652100,46978752360.0,-0.08333600000000274,-0.3139817738659181
1992-11-27,26.583332,26.666668,26.458332,26.458332,1.143693,2065200,47052497640.0,-0.125,-0.47021945932135223
1992-11-30,26.541668,26.666668,26.5,26.541668,1.147295,4324800,46978752360.0,0.0,0.0
1992-12-01,26.583332,26.916668,26.541668,26.916668,1.163506,5619600,47052497640.0,0.33333600000000274,1.2539285895387484
1992-12-02,26.875,27.0,26.833332,27.0,1.167108,3620700,47568750000.0,0.125,0.46511627906976744
1992-12-03,27.041668,27.166668,26.958332,27.125,1.172511,4100400,47863752360.0,0.08333199999999863,0.3081614640043603
1992-12-04,27.083332,27.333332,27.083332,27.291668,1.179716,4601400,47937497640.0,0.20833600000000274,0.7692406532549346
1992-12-07,27.333332,27.375,27.083332,27.25,1.177914,4191300,48379997640.0,-0.08333199999999863,-0.304873185603565
1992-12-08,27.25,27.25,27.041668,27.25,1.177914,5478000,48232500000.0,0.0,0.0
1992-12-09,27.0,27.208332,26.875,27.0,1.176462,4499700,47790000000.0,0.0,0.0
1992-12-10,26.958332,27.166668,26.625,26.666668,1.161938,4119000,47716247640.0,-0.29166399999999726,-1.0819066995687912
1992-12-11,26.666668,26.708332,26.25,26.333332,1.147413,4937100,47200002360.0,-0.33333600000000274,-1.2500099374995133
1992-12-14,26.25,26.291668,26.0,26.125,1.138336,5662200,46462500000.0,-0.125,-0.4761904761904762
1992-12-15,26.041668,26.083332,25.708332,25.708332,1.120181,9534000,46093752360.0,-0.33333600000000274,-1.2800101744634895
1992-12-16,25.75,25.833332,25.208332,25.416668,1.107473,11124600,45577500000.0,-0.33333199999999863,-1.2944932038834898
1992-12-17,25.458332,25.75,25.416668,25.625,1.116549,8818200,45061247640.0,0.16666800000000137,0.6546697560547226
1992-12-18,25.625,25.75,25.5,25.583332,1.114734,12826200,45356250000.0,-0.04166800000000137,-0.16260682926829803
1992-12-21,25.5,25.833332,25.5,25.833332,1.125627,5466900,45135000000.0,0.33333199999999863,1.3071843137254848
1992-12-22,25.916668,26.041668,25.833332,26.0,1.132889,6215700,45872502360.0,0.08333199999999863,0.32153824712342893
1992-12-23,26.041668,26.041668,25.708332,25.75,1.121997,5954700,46093752360.0,-0.29166800000000137,-1.120005062655746
1992-12-24,25.75,26.0,25.75,25.875,1.127443,2568000,45577500000.0,0.125,0.48543689320388345
1992-12-28,25.833332,26.083332,25.791668,26.083332,1.13652,3466200,45724997640.0,0.25,0.9677419854318445
1992-12-29,26.041668,26.25,25.958332,25.958332,1.131074,4558800,46093752360.0,-0.08333600000000274,-0.3200102236154871
1992-12-30,25.958332,26.083332,25.791668,25.916668,1.129258,5109900,45946247640.0,-0.04166399999999726,-0.16050337903066061
1992-12-31,25.958332,26.0,25.666668,25.708332,1.120181,2509800,45946247640.0,-0.25,-0.9630819114263581
1993-01-04,25.791668,25.875,25.375,25.458332,1.109287,5172600,45651252360.0,-0.33333600000000274,-1.2924173806827954
1993-01-05,25.291668,25.333332,24.416668,24.5,1.067531,15362400,44766252360.0,-0.7916680000000014,-3.130153376993567
1993-01-06,24.375,24.416668,23.333332,23.958332,1.043928,28331700,43143750000.0,-0.41666800000000137,-1.7094071794871852
1993-01-07,24.25,24.541668,24.0,24.208332,1.054821,17230800,42922500000.0,-0.04166800000000137,-0.17182680412371698
1993-01-08,24.458332,24.75,24.375,24.666668,1.074792,10910100,43291247640.0,0.20833600000000274,0.851799705719927
1993-01-11,24.833332,24.916668,24.583332,24.708332,1.076607,7068300,43954997640.0,-0.125,-0.5033557317237978
1993-01-12,24.791668,25.041668,24.75,25.0,1.089317,5506800,43881252360.0,0.20833199999999863,0.8403307111082586
1993-01-13,24.666668,24.833332,24.25,24.583332,1.071161,9390300,43660002360.0,-0.08333600000000274,-0.3378486303865716
1993-01-14,24.708332,24.75,24.416668,24.583332,1.071161,5822100,43733747640.0,-0.125,-0.5059022195427842
1993-01-15,24.583332,24.583332,24.166668,24.25,1.056638,8389800,43512497640.0,-0.33333199999999863,-1.3559268532028068
1993-01-18,24.208332,24.25,23.791668,23.875,1.040297,6036600,42848747640.0,-0.33333199999999863,-1.376930884787926
1993-01-19,23.875,23.916668,23.5,23.541668,1.025773,10203900,42258750000.0,-0.33333199999999863,-1.3961549738219838
1993-01-20,23.708332,23.833332,23.416668,23.5,1.023958,8685000,41963747640.0,-0.20833199999999863,-0.8787290476613817
1993-01-21,23.708332,23.958332,23.625,23.958332,1.043928,7066500,41963747640.0,0.25,1.0544816058759428
1993-01-22,24.0,24.208332,23.875,24.083332,1.049375,5810700,42480000000.0,0.08333199999999863,0.34721666666666096
1993-01-25,24.083332,24.5,24.041668,24.25,1.056638,6114300,42627497640.0,0.16666800000000137,0.6920470971375613
1993-01-26,24.458332,24.75,24.416668,24.5,1.067531,6583500,43291247640.0,0.04166800000000137,0.17036321201299162
1993-01-27,24.458332,24.75,24.291668,24.583332,1.071161,5690700,43291247640.0,0.125,0.5110732816939438
1993-01-28,24.708332,24.958332,24.625,24.958332,1.087501,5020200,43733747640.0,0.25,1.0118044390855685
1993-01-29,25.0,25.041668,24.791668,24.916668,1.085685,4559700,44250000000.0,-0.08333199999999863,-0.3333279999999945
1993-02-01,25.083332,25.333332,25.041668,25.291668,1.102025,6717600,44397497640.0,0.20833600000000274,0.8305754594325936
1993-02-02,25.291668,25.333332,24.958332,25.166668,1.096578,4924200,44766252360.0,-0.125,-0.4942339113418696
1993-02-03,25.166668,25.333332,25.041668,25.125,1.094763,6203100,44545002360.0,-0.04166800000000137,-0.1655682031487099
1993-02-04,25.208332,25.291668,24.958332,25.0,1.089317,6387900,44618747640.0,-0.20833199999999863,-0.8264410354481154
1993-02-05,24.916668,25.083332,24.75,25.083332,1.092948,6163200,44102502360.0,0.16666399999999726,0.6688855829358775
1993-02-08,25.0,25.083332,24.75,24.833332,1.082055,5402700,44250000000.0,-0.16666800000000137,-0.6666720000000055
1993-02-09,24.75,24.833332,24.416668,24.416668,1.063899,4746600,43807500000.0,-0.33333199999999863,-1.346795959595954
1993-02-10,24.583332,24.75,24.458332,24.583332,1.071161,4317000,43512497640.0,0.0,0.0
1993-02-11,24.541668,24.625,24.25,24.5,1.067531,5810700,43438752360.0,-0.04166800000000137,-0.16978471063988548
1993-02-12,24.416668,24.541668,24.25,24.291668,1.058453,4796400,43217502360.0,-0.125,-0.5119453645354066
1993-02-16,24.208332,24.25,23.416668,23.458332,1.022142,9390900,42848747640.0,-0.75,-3.098106883200379
1993-02-17,23.458332,23.625,23.166668,23.5,1.023958,10804500,41521247640.0,0.04166800000000137,0.17762558736060763
1993-02-18,23.916668,23.958332,23.416668,23.541668,1.025773,9753900,42332502360.0,-0.375,-1.5679441634595586
1993-02-19,23.666668,23.708332,22.416668,22.666668,0.987647,18028500,41890002360.0,-1.0,-4.225351874628063
1993-02-22,22.666668,22.666668,20.666668,21.5,0.936812,28360500,40120002360.0,-1.1666680000000014,-5.147064403113864
1993-02-23,21.083332,21.416668,20.416668,21.208332,0.924104,28441500,37317497640.0,0.125,0.5928854129888008
1993-02-24,21.333332,22.25,21.291668,22.083332,0.962229,16178700,37759997640.0,0.75,3.5156252197265765
1993-02-25,22.0,22.25,21.666668,21.875,0.953152,11649300,38940000000.0,-0.125,-0.5681818181818182
1993-02-26,22.0,22.5,21.833332,22.375,0.974938,9638700,38940000000.0,0.375,1.7045454545454544
1993-03-01,22.416668,22.458332,21.666668,21.75,0.947705,11568600,39677502360.0,-0.6666680000000014,-2.9739834662314726
1993-03-02,22.083332,22.666668,22.0,22.5,0.980385,12729000,39087497640.0,0.41666800000000137,1.88679860448596
1993-03-03,22.75,22.75,22.041668,22.208332,0.967676,9175800,40267500000.0,-0.5416680000000014,-2.3809582417582478
1993-03-04,21.625,22.0,21.583332,21.791668,0.949521,11060100,38276250000.0,0.16666800000000137,0.770719075144515
1993-03-05,21.666668,21.916668,21.291668,21.541668,0.948054,7834800,38350002360.0,-0.125,-0.5769230414201205
1993-03-08,21.333332,21.375,21.0,21.208332,0.933384,11899500,37759997640.0,-0.125,-0.585937536621096
1993-03-09,21.25,21.583332,21.208332,21.333332,0.938885,9278700,37612500000.0,0.08333199999999863,0.3921505882352877
1993-03-10,21.375,21.958332,21.333332,21.583332,0.949887,8574900,37833750000.0,0.20833199999999863,0.974652631578941
1993-03-11,21.791668,21.958332,21.666668,21.875,0.962724,7191900,38571252360.0,0.08333199999999863,0.38240303587590735
1993-03-12,21.833332,21.833332,21.5,21.708332,0.955389,7508700,38644997640.0,-0.125,-0.5725191189324653
1993-03-15,21.833332,21.875,21.333332,21.541668,0.948054,6416400,38644997640.0,-0.29166399999999726,-1.3358657304345358
1993-03-16,21.708332,21.708332,21.416668,21.541668,0.948054,4587300,38423747640.0,-0.16666399999999726,-0.7677420817039157
1993-03-17,21.5,21.625,21.25,21.416668,0.942553,7896600,38055000000.0,-0.08333199999999863,-0.38759069767441223
1993-03-18,21.458332,21.583332,21.25,21.375,0.940719,6519000,37981247640.0,-0.08333199999999863,-0.3883433251009381
1993-03-19,21.458332,21.5,21.291668,21.375,0.940719,8467200,37981247640.0,-0.08333199999999863,-0.3883433251009381
1993-03-22,21.083332,21.208332,20.833332,21.083332,0.927882,8286000,37317497640.0,0.0,0.0
1993-03-23,21.083332,21.25,21.041668,21.125,0.929716,5388300,37317497640.0,0.04166800000000137,0.19763479510734533
1993-03-24,21.083332,21.208332,20.666668,20.875,0.918714,7500300,37317497640.0,-0.20833199999999863,-0.9881360308702564
1993-03-25,20.916668,21.166668,20.208332,20.5,0.90221,13701600,37022502360.0,-0.41666800000000137,-1.992038120029449
1993-03-26,20.833332,20.875,20.625,20.666668,0.909545,7455900,36874997640.0,-0.16666399999999726,-0.7999872511991709
1993-03-29,20.75,20.958332,20.666668,20.75,0.913213,6374100,36727500000.0,0.0,0.0
1993-03-30,20.875,21.333332,20.875,21.333332,0.938885,6758700,36948750000.0,0.45833199999999863,2.1956023952095745
1993-03-31,21.666668,21.666668,21.333332,21.333332,0.938885,6891000,38350002360.0,-0.33333600000000274,-1.538473751478551
1993-04-01,21.5,21.583332,21.333332,21.375,0.940719,6539700,38055000000.0,-0.125,-0.5813953488372093
1993-04-02,18.416668,18.416668,16.0,16.458332,0.724335,103014600,32597502360.000004,-1.9583360000000027,-10.63349787268795
1993-04-05,17.0,17.0,16.125,16.625,0.73167,48929400,30090000000.0,-0.375,-2.2058823529411766
1993-04-06,16.791668,16.791668,15.875,16.041668,0.705998,30536100,29721252360.000004,-0.75,-4.466500886034669
1993-04-07,15.958333,16.083332,15.666667,15.75,0.693161,22636200,28246249410.0,-0.20833299999999966,-1.3054809672163106
1993-04-08,15.833333,15.833333,15.291667,15.416667,0.678491,24756000,28024999410.0,-0.4166659999999993,-2.6315747922436756
1993-04-12,15.5,15.875,15.5,15.833333,0.696829,14016300,27435000000.0,0.33333299999999966,2.1505354838709656
1993-04-13,16.0,16.125,15.916667,16.041668,0.705998,17294400,28320000000.0,0.04166800000000137,0.26042500000000857
1993-04-14,16.208332,16.416668,16.083332,16.166668,0.711499,12701400,28688747639.999996,-0.04166399999999726,-0.25705297744392985
1993-04-15,16.25,16.333332,16.083332,16.25,0.715166,13290600,28762500000.0,0.0,0.0
1993-04-16,16.333332,16.416668,16.208332,16.291668,0.717,13447500,28909997639.999996,-0.04166399999999726,-0.2550857351090228
1993-04-19,16.333332,16.416668,16.208332,16.25,0.715166,9624900,28909997639.999996,-0.08333199999999863,-0.5101959600159884
1993-04-20,16.291668,16.375,16.125,16.375,0.720668,9189900,28836252360.000004,0.08333199999999863,0.5115007254014667
1993-04-21,16.375,16.583332,16.125,16.25,0.715166,8214300,28983750000.0,-0.125,-0.7633587786259541
1993-04-22,16.208332,16.25,15.75,15.916667,0.700496,9730800,28688747639.999996,-0.2916649999999983,-1.7994757264350107
1993-04-23,15.791667,15.875,15.5,15.666667,0.689494,8371800,27951250590.0,-0.125,-0.7915567115238689
1993-04-26,15.708333,15.791667,15.5,15.583333,0.685826,7784100,27803749410.0,-0.125,-0.7957559850558299
1993-04-27,15.541667,15.583333,15.25,15.291667,0.67299,9645300,27508750590.0,-0.25,-1.6085790539714948
1993-04-28,15.375,15.416667,15.041667,15.208333,0.669323,8876700,27213750000.0,-0.16666700000000034,-1.0840130081300836
1993-04-29,15.333333,15.875,15.0,15.75,0.693161,15716400,27139999410.0,0.41666700000000034,2.7173935373346443
1993-04-30,15.75,15.791667,15.583333,15.666667,0.689494,9316800,27877500000.0,-0.08333299999999966,-0.5290984126984105
1993-05-03,15.75,15.875,15.666667,15.833333,0.696829,9169500,27877500000.0,0.08333299999999966,0.5290984126984105
1993-05-04,15.875,15.916667,15.708333,15.833333,0.696829,8628000,28098750000.0,-0.04166700000000034,-0.2624692913385848
1993-05-05,15.875,16.041668,15.75,16.041668,0.705998,12087000,28098750000.0,0.16666800000000137,1.0498771653543393
1993-05-06,16.166668,16.458332,16.083332,16.375,0.720668,10893600,28615002360.000004,0.20833199999999863,1.2886514401112128
1993-05-07,16.833332,17.166668,16.666668,17.0,0.748174,18616500,29794997639.999996,0.16666800000000137,0.990107009117395
1993-05-10,17.125,17.625,17.0,17.583332,0.773847,20625000,30311250000.0,0.45833199999999863,2.6763912408759043
1993-05-11,17.541668,17.583332,16.791668,17.166668,0.755509,13897800,31048752360.000004,-0.375,-2.1377670584120048
1993-05-12,17.041668,17.083332,16.541668,16.666668,0.733504,16404300,30163752360.000004,-0.375,-2.2004888253896273
1993-05-13,16.708332,17.041668,16.708332,16.875,0.742673,10219800,29573747639.999996,0.16666800000000137,0.9975142940659869
1993-05-14,16.916668,17.0,16.75,16.958332,0.74634,6102300,29942502360.000004,0.04166399999999726,0.24628963576040658
1993-05-17,16.958332,17.0,16.833332,17.0,0.748174,4354800,30016247639.999996,0.04166800000000137,0.24570812742669132
1993-05-18,17.041668,17.041668,16.666668,16.875,0.742673,6301500,30163752360.000004,-0.16666800000000137,-0.9780028574667772
1993-05-19,16.791668,16.958332,16.541668,16.958332,0.74634,7724100,29721252360.000004,0.16666399999999726,0.9925398715600932
1993-05-20,16.875,17.0,16.708332,16.791668,0.739006,7124700,29868750000.0,-0.08333199999999863,-0.4938192592592512
1993-05-21,16.791668,16.833332,16.625,16.708332,0.735338,7709100,29721252360.000004,-0.08333600000000274,-0.4962937571181299
1993-05-24,16.666668,16.916668,16.666668,16.833332,0.740839,51870300,29500002360.000004,0.16666399999999726,0.9999839200012699
1993-05-25,16.916668,17.0,16.875,17.0,0.748174,6249900,29942502360.000004,0.08333199999999863,0.4926029168391708
1993-05-26,17.041668,17.333332,17.041668,17.208332,0.757343,6818400,30163752360.000004,0.16666399999999726,0.9779793855859488
1993-05-27,17.25,17.25,16.833332,16.875,0.742673,6758100,30532500000.0,-0.375,-2.1739130434782608
1993-05-28,16.875,16.875,16.583332,16.791668,0.739006,5245200,29868750000.0,-0.08333199999999863,-0.4938192592592512
1993-06-01,16.875,17.208332,16.833332,17.0,0.748174,6003000,29868750000.0,0.125,0.7407407407407408
1993-06-02,17.041668,17.083332,16.75,16.791668,0.739006,6741000,30163752360.000004,-0.25,-1.4669925502597514
1993-06-03,16.75,16.833332,16.666668,16.791668,0.739006,4356900,29647500000.0,0.04166800000000137,0.2487641791044858
1993-06-04,16.791668,16.833332,16.583332,16.708332,0.735338,4232400,29721252360.000004,-0.08333600000000274,-0.4962937571181299
1993-06-07,16.875,16.875,16.625,16.666668,0.733504,4718100,29868750000.0,-0.20833199999999863,-1.2345599999999919
1993-06-08,16.625,16.625,16.416668,16.5,0.726169,6665100,29426250000.0,-0.125,-0.7518796992481203
1993-06-09,16.333332,16.416668,15.833333,16.083332,0.71725,9094500,28909997639.999996,-0.25,-1.5306123698459078
1993-06-10,16.041668,16.25,16.0,16.208332,0.722824,5937000,28393752360.000004,0.16666399999999726,1.038944329230584
1993-06-11,16.333332,16.583332,16.25,16.541668,0.73769,4685400,28909997639.999996,0.20833600000000274,1.275526634736885
1993-06-14,16.625,16.625,16.416668,16.5,0.735831,3920100,29426250000.0,-0.125,-0.7518796992481203
1993-06-15,16.375,16.416668,16.166668,16.375,0.730257,5018400,28983750000.0,0.0,0.0
1993-06-16,16.333332,16.583332,16.125,16.416668,0.732115,5681100,28909997639.999996,0.08333600000000274,0.5102204498139311
1993-06-17,16.375,16.416668,16.125,16.125,0.719108,5270700,28983750000.0,-0.25,-1.5267175572519083
1993-06-18,16.291668,16.375,16.041668,16.083332,0.71725,7802700,28836252360.000004,-0.20833600000000274,-1.278788642145192
1993-06-21,16.083332,16.125,15.916667,15.958333,0.711676,5399700,28467497639.999996,-0.12499899999999897,-0.7771959193530232
1993-06-22,15.916667,16.083332,15.75,15.958333,0.711676,6319500,28172500590.0,0.041665999999999315,0.26177591074814416
1993-06-23,15.916667,16.25,15.791667,16.166668,0.720966,5092800,28172500590.0,0.25000100000000103,1.5706868781008048
1993-06-24,16.083332,16.375,15.958333,16.333332,0.728399,4900200,28467497639.999996,0.25,1.5544042739402508
1993-06-25,16.416668,16.541668,16.333332,16.333332,0.728399,4164000,29057502360.000004,-0.08333600000000274,-0.5076304156239423
1993-06-28,16.416668,16.5,16.375,16.375,0.730257,2781300,29057502360.000004,-0.04166800000000137,-0.25381520781197114
1993-06-29,16.416668,16.458332,16.25,16.416668,0.732115,4698900,29057502360.000004,0.0,0.0
1993-06-30,16.375,16.416668,16.0,16.083332,0.71725,5051100,28983750000.0,-0.29166800000000137,-1.7811786259542068
1993-07-01,16.166668,16.333332,16.0,16.125,0.719108,6275700,28615002360.000004,-0.04166800000000137,-0.257740184928653
1993-07-02,16.083332,16.083332,15.958333,16.041668,0.715392,3984000,28467497639.999996,-0.04166399999999726,-0.2590507986777694
1993-07-06,16.083332,16.125,15.708333,15.75,0.702385,5004900,28467497639.999996,-0.33333199999999863,-2.072530741764198
1993-07-07,15.791667,15.958333,15.75,15.833333,0.706101,4749300,27951250590.0,0.041665999999999315,0.2638480155388238
1993-07-08,15.916667,16.125,15.833333,16.125,0.719108,4704300,28172500590.0,0.20833299999999966,1.3088984019078849
1993-07-09,16.208332,16.708332,16.0,16.375,0.730257,9286800,28688747639.999996,0.16666800000000137,1.028285945771603
1993-07-12,16.375,16.541668,16.208332,16.5,0.735831,3534600,28983750000.0,0.125,0.7633587786259541
1993-07-13,16.5,16.833332,16.25,16.375,0.730257,8847600,29205000000.0,-0.125,-0.7575757575757576
1993-07-14,16.458332,16.708332,16.375,16.625,0.741406,5769600,29131247639.999996,0.16666800000000137,1.0126664111527304
1993-07-15,16.666668,16.875,16.583332,16.625,0.741406,5174400,29500002360.000004,-0.04166800000000137,-0.2500079799993698
1993-07-16,16.291668,16.291668,15.833333,15.916667,0.709817,9245100,28836252360.000004,-0.37500100000000103,-2.301796231055046
1993-07-19,15.833333,16.166668,15.833333,16.041668,0.715392,5895600,28024999410.0,0.2083350000000017,1.3158000277010642
1993-07-20,16.125,16.458332,15.958333,16.166668,0.720966,9682200,28541250000.0,0.04166800000000137,0.25840620155039606
1993-07-21,16.083332,16.125,15.791667,15.875,0.707959,5444400,28467497639.999996,-0.20833199999999863,-1.2953286047940726
1993-07-22,15.875,15.916667,15.708333,15.791667,0.704243,5246700,28098750000.0,-0.08333299999999966,-0.5249322834645648
1993-07-23,15.791667,15.833333,15.666667,15.791667,0.704243,4748100,27951250590.0,0.0,0.0
1993-07-26,15.791667,15.791667,15.541667,15.583333,0.694952,4356000,27951250590.0,-0.20833400000000069,-1.3192654075089139
1993-07-27,15.541667,15.833333,15.375,15.791667,0.704243,5781600,27508750590.0,0.25,1.6085790539714948
1993-07-28,15.791667,15.833333,15.583333,15.708333,0.700526,3512700,27951250590.0,-0.08333400000000069,-0.527708695985045
1993-07-29,15.791667,15.875,15.666667,15.791667,0.704243,4231200,27951250590.0,0.0,0.0
1993-07-30,15.708333,15.833333,15.666667,15.708333,0.700526,4231800,27803749410.0,0.0,0.0
1993-08-02,15.791667,15.833333,15.5,15.541667,0.693094,4859700,27951250590.0,-0.25,-1.5831134230477377
1993-08-03,15.666667,15.833333,15.625,15.833333,0.706101,4248300,27730000590.0,0.16666599999999931,1.063825509280304
1993-08-04,15.75,15.875,15.583333,15.666667,0.698668,5469300,27877500000.0,-0.08333299999999966,-0.5290984126984105
1993-08-05,15.583333,15.625,15.416667,15.458333,0.689378,5121600,27582499410.0,-0.125,-0.8021390545912097
1993-08-06,15.791667,15.833333,15.666667,15.666667,0.698668,4164900,27951250590.0,-0.125,-0.7915567115238689
1993-08-09,15.75,15.791667,15.625,15.625,0.69681,3964800,27877500000.0,-0.125,-0.7936507936507936
1993-08-10,15.625,15.708333,15.291667,15.291667,0.681944,6912000,27656250000.0,-0.33333299999999966,-2.133331199999998
1993-08-11,15.375,15.5,15.25,15.416667,0.687519,5241300,27213750000.0,0.04166700000000034,0.2710048780487827
1993-08-12,15.5,15.5,15.166667,15.416667,0.687519,4897800,27435000000.0,-0.08333299999999966,-0.5376322580645139
1993-08-13,15.458333,15.541667,15.333333,15.416667,0.687519,2871000,27361249410.0,-0.041665999999999315,-0.269537472119402
1993-08-16,15.458333,15.75,15.416667,15.5,0.691235,3897600,27361249410.0,0.04166700000000034,0.26954394112224356
1993-08-17,15.583333,16.125,15.541667,16.125,0.719108,11676000,27582499410.0,0.5416670000000003,3.4759380422660566
1993-08-18,16.375,16.75,16.291668,16.708332,0.745122,12435600,28983750000.0,0.33333199999999863,2.0356152671755643
1993-08-19,16.791668,17.0,16.583332,16.875,0.752555,15803700,29721252360.000004,0.08333199999999863,0.4962699357800466
1993-08-20,16.875,16.875,16.666668,16.75,0.74698,6472500,29868750000.0,-0.125,-0.7407407407407408
1993-08-23,16.75,16.75,16.541668,16.541668,0.73769,4516500,29647500000.0,-0.20833199999999863,-1.24377313432835
1993-08-24,16.583332,17.125,16.583332,17.041668,0.759988,6532800,29352497639.999996,0.45833600000000274,2.7638353980973354
1993-08-25,16.583332,16.666668,15.916667,16.291668,0.726541,22658100,29352497639.999996,-0.29166399999999726,-1.7587780308565089
1993-08-26,16.208332,16.333332,15.875,16.0,0.713534,18861300,28688747639.999996,-0.20833199999999863,-1.285338923215533
1993-08-27,16.0,16.166668,15.916667,16.125,0.719108,6771300,28320000000.0,0.125,0.78125
1993-08-30,16.125,16.166668,16.083332,16.166668,0.720966,4190100,28541250000.0,0.04166800000000137,0.25840620155039606
1993-08-31,16.166668,16.25,16.083332,16.25,0.724682,6479700,28615002360.000004,0.08333199999999863,0.5154556275912799
1993-09-01,16.166668,16.333332,16.125,16.25,0.724682,5498400,28615002360.000004,0.08333199999999863,0.5154556275912799
1993-09-02,16.25,16.291668,16.083332,16.166668,0.720966,7672500,28762500000.0,-0.08333199999999863,-0.5128123076922992
1993-09-03,16.125,16.208332,16.083332,16.125,0.719108,4132500,28541250000.0,0.0,0.0
1993-09-07,16.166668,16.25,16.041668,16.125,0.719108,5466600,28615002360.000004,-0.04166800000000137,-0.257740184928653
1993-09-08,16.083332,16.208332,16.0,16.083332,0.71725,5579400,28467497639.999996,0.0,0.0
1993-09-09,15.875,16.041668,15.833333,15.958333,0.721394,4892100,28098750000.0,0.08333299999999966,0.5249322834645648
1993-09-10,16.0,16.041668,15.875,15.958333,0.721394,4946100,28320000000.0,-0.04166700000000034,-0.26041875000000214
1993-09-13,15.958333,16.083332,15.833333,15.916667,0.71951,5374800,28246249410.0,-0.041665999999999315,-0.261092433652057
1993-09-14,15.875,15.916667,15.666667,15.666667,0.708209,5476500,28098750000.0,-0.20833299999999966,-1.3123338582677144
1993-09-15,15.708333,15.916667,15.583333,15.833333,0.715743,5817300,27803749410.0,0.125,0.7957559850558299
1993-09-16,15.958333,16.083332,15.916667,16.0,0.723277,4957800,28246249410.0,0.04166700000000034,0.26109869997073215
1993-09-17,16.083332,16.25,15.75,15.75,0.711976,12208800,28467497639.999996,-0.33333199999999863,-2.072530741764198
1993-09-20,15.791667,15.875,15.416667,15.458333,0.698791,5905800,27951250590.0,-0.3333340000000007,-2.1108221190327825
1993-09-21,15.541667,15.708333,15.458333,15.583333,0.704442,6556500,27508750590.0,0.041665999999999315,0.2680922194511008
1993-09-22,15.625,15.708333,15.375,15.458333,0.698791,5865600,27656250000.0,-0.16666700000000034,-1.0666688000000022
1993-09-23,15.583333,15.708333,15.416667,15.5,0.700675,5834400,27582499410.0,-0.08333299999999966,-0.534757230689992
1993-09-24,15.5,15.583333,15.333333,15.416667,0.696908,4255200,27435000000.0,-0.08333299999999966,-0.5376322580645139
1993-09-27,15.458333,15.541667,15.125,15.166667,0.685607,4855800,27361249410.0,-0.2916659999999993,-1.88678818084718
1993-09-28,15.166667,15.458333,15.125,15.375,0.695024,5568300,26845000590.0,0.20833299999999966,1.3736241456346319
1993-09-29,15.375,15.458333,15.208333,15.291667,0.691257,5296500,27213750000.0,-0.08333299999999966,-0.5420032520325181
1993-09-30,15.291667,15.416667,15.125,15.291667,0.691257,3989700,27066250590.0,0.0,0.0
1993-10-01,15.291667,15.458333,15.208333,15.333333,0.693141,5215800,27066250590.0,0.041665999999999315,0.27247519842015466
1993-10-04,15.25,15.375,15.166667,15.291667,0.691257,4376700,26992500000.0,0.04166700000000034,0.27322622950819897
1993-10-05,15.333333,15.541667,15.291667,15.458333,0.698791,5897700,27139999410.0,0.125,0.8152174090264654
1993-10-06,15.583333,15.708333,15.5,15.583333,0.704442,6197700,27582499410.0,0.0,0.0
1993-10-07,15.625,15.791667,15.583333,15.708333,0.710093,5568000,27656250000.0,0.08333299999999966,0.5333311999999978
1993-10-08,15.791667,16.125,15.791667,16.083332,0.727045,7956900,27951250590.0,0.2916649999999983,1.8469551061328626
1993-10-11,16.166668,16.5,16.125,16.375,0.740229,9997200,28615002360.000004,0.20833199999999863,1.2886514401112128
1993-10-12,16.375,16.416668,16.208332,16.25,0.734578,6971400,28983750000.0,-0.125,-0.7633587786259541
1993-10-13,16.458332,17.25,16.458332,17.166668,0.776016,26552400,29131247639.999996,0.7083360000000027,4.303814019549508
1993-10-14,17.333332,17.958332,17.125,17.458332,0.7892,25604700,30679997639.999996,0.125,0.7211539016272233
1993-10-15,17.75,18.083332,17.541668,17.666668,0.798619,16885200,31417500000.0,-0.08333199999999863,-0.4694760563380205
1993-10-18,17.666668,18.166668,17.625,17.958332,0.811803,10548000,31270002360.000004,0.29166399999999726,1.6509281772884237
1993-10-19,17.625,17.791668,17.25,17.583332,0.794852,12894900,31196250000.0,-0.04166800000000137,-0.2364141843971709
1993-10-20,17.458332,17.458332,17.083332,17.291668,0.781667,8875200,30901247639.999996,-0.16666399999999726,-0.9546387363924415
1993-10-21,17.666668,17.791668,17.5,17.583332,0.794852,9085500,31270002360.000004,-0.08333600000000274,-0.4717131719461912
1993-10-22,17.625,17.958332,17.583332,17.666668,0.798619,7832100,31196250000.0,0.04166800000000137,0.2364141843971709
1993-10-25,17.583332,17.875,17.333332,17.833332,0.806153,6661200,31122497639.999996,0.25,1.4218010556815968
1993-10-26,17.75,17.875,17.458332,17.458332,0.7892,7071600,31417500000.0,-0.29166800000000137,-1.6432000000000078
1993-10-27,17.333332,17.416668,17.041668,17.25,0.779783,8088600,30679997639.999996,-0.08333199999999863,-0.48076157544319026
1993-10-28,17.291668,17.708332,17.291668,17.5,0.791084,6332700,30606252360.000004,0.20833199999999863,1.2048114733639266
1993-10-29,17.416668,17.916668,17.375,17.916668,0.809919,6098100,30827502360.000004,0.5,2.870813177354015
1993-11-01,17.875,18.25,17.833332,18.083332,0.817454,7910400,31638750000.0,0.20833199999999863,1.1654937062936985
1993-11-02,18.125,18.291668,17.875,17.916668,0.809919,7087500,32081250000.0,-0.20833199999999863,-1.1494179310344752
1993-11-03,18.083332,18.25,17.833332,17.916668,0.809919,6979200,32007497639.999996,-0.16666399999999726,-0.9216443075866619
1993-11-04,17.916668,17.958332,17.541668,17.541668,0.792968,4995000,31712502360.000004,-0.375,-2.0930231000540944
1993-11-05,17.416668,18.625,17.416668,18.5,0.836289,9925800,30827502360.000004,1.0833319999999986,6.220087562098551
1993-11-08,18.333332,18.458332,18.166668,18.25,0.824988,7344600,32449997639.999996,-0.08333199999999863,-0.45453821487549906
1993-11-09,18.458332,18.833332,18.416668,18.583332,0.840056,12486600,32671247639.999996,0.125,0.6772009518519875
1993-11-10,18.666668,18.791668,18.375,18.458332,0.834406,6635700,33040002360.000004,-0.20833600000000274,-1.1160856345653265
1993-11-11,18.75,19.0,18.75,18.916668,0.855125,9160200,33187500000.0,0.16666800000000137,0.8888960000000072
1993-11-12,19.0,19.791668,19.0,19.666668,0.889028,15988200,33630000000.0,0.6666680000000014,3.508778947368428
1993-11-15,19.5,19.541668,19.25,19.291668,0.872077,8900700,34515000000.0,-0.20833199999999863,-1.0683692307692239
1993-11-16,19.333332,19.375,18.791668,19.041668,0.860775,7865700,34219997639.999996,-0.29166399999999726,-1.5086070005935723
1993-11-17,18.583332,18.75,18.416668,18.583332,0.840056,12354000,32892497639.999996,0.0,0.0
1993-11-18,18.583332,18.625,18.208332,18.333332,0.828755,7385400,32892497639.999996,-0.25,-1.3452915763437903
1993-11-19,18.291668,18.666668,18.208332,18.583332,0.840056,7358100,32376252360.000004,0.29166399999999726,1.5945183347959149
1993-11-22,18.5,18.833332,18.375,18.5,0.836289,5449200,32745000000.0,0.0,0.0
1993-11-23,18.5,18.583332,18.25,18.291668,0.826872,3867900,32745000000.0,-0.20833199999999863,-1.1261189189189116
1993-11-24,18.291668,18.666668,18.291668,18.5,0.836289,6330000,32376252360.000004,0.20833199999999863,1.1389447916942217
1993-11-26,18.666668,18.875,18.583332,18.791668,0.849474,2832300,33040002360.000004,0.125,0.6696428093112278
1993-11-29,18.75,18.75,18.5,18.541668,0.838173,4119000,33187500000.0,-0.20833199999999863,-1.1111039999999925
1993-11-30,18.5,18.75,18.458332,18.666668,0.843823,4765200,32745000000.0,0.16666800000000137,0.9009081081081154
1993-12-01,18.75,18.833332,18.291668,18.333332,0.828755,4723200,33187500000.0,-0.41666800000000137,-2.2222293333333405
1993-12-02,18.416668,18.5,18.291668,18.416668,0.832522,3934200,32597502360.000004,0.0,0.0
1993-12-03,18.458332,18.5,18.25,18.458332,0.834406,3340500,32671247639.999996,0.0,0.0
1993-12-06,18.5,18.583332,18.375,18.5,0.836289,6366000,32745000000.0,0.0,0.0
1993-12-07,18.583332,18.75,18.458332,18.708332,0.845707,8004600,32892497639.999996,0.125,0.6726457881718951
1993-12-08,18.708332,18.875,18.625,18.666668,0.843823,8238300,33113747639.999996,-0.04166399999999726,-0.2227029111948476
1993-12-09,18.458332,18.541668,18.333332,18.416668,0.842299,4193700,32671247639.999996,-0.04166399999999726,-0.22571920366367482
1993-12-10,18.5,18.583332,18.291668,18.291668,0.836582,4972500,32745000000.0,-0.20833199999999863,-1.1261189189189116
1993-12-13,18.291668,18.583332,18.291668,18.5,0.84611,4832100,32376252360.000004,0.20833199999999863,1.1389447916942217
1993-12-14,18.5,18.5,18.25,18.291668,0.836582,4851000,32745000000.0,-0.20833199999999863,-1.1261189189189116
1993-12-15,18.25,18.375,18.166668,18.166668,0.830865,4009800,32302500000.0,-0.08333199999999863,-0.4566136986301295
1993-12-16,18.208332,18.375,18.083332,18.208332,0.83277,4473600,32228747639.999996,0.0,0.0
1993-12-17,18.25,18.5,18.166668,18.333332,0.838487,10350600,32302500000.0,0.08333199999999863,0.4566136986301295
1993-12-20,18.5,18.541668,18.166668,18.208332,0.83277,6767400,32745000000.0,-0.29166800000000137,-1.576583783783791
1993-12-21,18.25,18.458332,18.208332,18.375,0.840393,5308500,32302500000.0,0.125,0.684931506849315
1993-12-22,18.541668,18.666668,18.416668,18.541668,0.848016,5514300,32818752360.000004,0.0,0.0
1993-12-23,18.583332,18.708332,18.5,18.541668,0.848016,4775400,32892497639.999996,-0.04166399999999726,-0.22420091294713596
1993-12-27,18.583332,18.75,18.5,18.625,0.851827,3320100,32892497639.999996,0.04166800000000137,0.2242224376123796
1993-12-28,18.666668,18.75,18.541668,18.583332,0.849921,3877800,33040002360.000004,-0.08333600000000274,-0.44644282525409856
1993-12-29,18.75,18.833332,18.5,18.791668,0.85945,3698400,33187500000.0,0.04166800000000137,0.22222933333334066
1993-12-30,18.833332,18.958332,18.625,18.625,0.851827,4404000,33334997639.999996,-0.20833199999999863,-1.1061876889336344
1993-12-31,18.625,18.708332,18.5,18.541668,0.848016,3807600,32966250000.0,-0.08333199999999863,-0.4474201342281806
1994-01-03,18.583332,19.25,18.541668,19.208332,0.878506,6538200,32892497639.999996,0.625,3.363228940859476
1994-01-04,19.125,19.333332,19.041668,19.333332,0.884223,4719300,33851250000.0,0.20833199999999863,1.0893176470588164
1994-01-05,19.333332,19.416668,19.208332,19.416668,0.888035,5465400,34219997639.999996,0.08333600000000274,0.43104830558955254
1994-01-06,19.458332,19.541668,19.25,19.458332,0.88994,5304600,34441247640.0,0.0,0.0
1994-01-07,19.458332,19.541668,19.333332,19.5,0.891846,3282000,34441247640.0,0.04166800000000137,0.2141396292344142
1994-01-10,19.5,19.666668,19.291668,19.666668,0.899469,4794900,34515000000.0,0.16666800000000137,0.8547076923076994
1994-01-11,19.625,19.625,19.333332,19.458332,0.88994,5121000,34736250000.0,-0.16666800000000137,-0.8492636942675229
1994-01-12,19.416668,19.458332,19.208332,19.375,0.886129,5496900,34367502360.0,-0.04166800000000137,-0.21459912689448757
1994-01-13,19.291668,19.333332,19.166668,19.25,0.880412,3443100,34146252360.000004,-0.04166800000000137,-0.21598961790137258
1994-01-14,19.25,19.375,19.125,19.208332,0.878506,3648600,34072500000.0,-0.04166800000000137,-0.21645714285714995
1994-01-17,19.125,19.166668,18.833332,18.875,0.863261,4490400,33851250000.0,-0.25,-1.3071895424836601
1994-01-18,18.875,19.25,18.833332,19.125,0.874695,5028300,33408750000.0,0.25,1.3245033112582782
1994-01-19,19.208332,19.291668,19.083332,19.208332,0.878506,3417600,33998747639.999996,0.0,0.0
1994-01-20,19.208332,19.291668,19.083332,19.25,0.880412,2601000,33998747639.999996,0.04166800000000137,0.21692669618580818
1994-01-21,19.208332,19.25,19.083332,19.125,0.874695,4849500,33998747639.999996,-0.08333199999999863,-0.43383256807513865
1994-01-24,19.333332,19.416668,19.166668,19.208332,0.878506,5644800,34219997639.999996,-0.125,-0.6465517687277083
1994-01-25,19.291668,19.416668,19.166668,19.291668,0.882318,5542500,34146252360.000004,0.0,0.0
1994-01-26,19.375,19.791668,19.166668,19.75,0.90328,9861300,34293750000.0,0.375,1.935483870967742
1994-01-27,19.875,20.083332,19.791668,20.0,0.914714,12330000,35178750000.0,0.125,0.628930817610063
1994-01-28,20.0,20.083332,19.583332,19.958332,0.912808,6080400,35400000000.0,-0.04166800000000137,-0.20834000000000685
1994-01-31,20.083332,20.333332,20.041668,20.083332,0.918525,6529500,35547497640.0,0.0,0.0
1994-02-01,20.0,20.083332,19.875,19.916668,0.910902,4294200,35400000000.0,-0.08333199999999863,-0.4166599999999932
1994-02-02,19.916668,19.958332,19.791668,19.833332,0.907091,4575000,35252502360.0,-0.08333600000000274,-0.41842340295074826
1994-02-03,19.875,20.166668,19.75,20.041668,0.91662,7030800,35178750000.0,0.16666800000000137,0.8385811320754786
1994-02-04,20.083332,20.333332,19.875,19.958332,0.912808,10680600,35547497640.0,-0.125,-0.6224066803257547
1994-02-07,19.833332,20.0,19.708332,19.958332,0.912808,8430300,35104997640.0,0.125,0.6302521432102282
1994-02-08,19.958332,19.958332,19.25,19.583332,0.895657,8301600,35326247640.0,-0.375,-1.8789145305329122
1994-02-09,19.541668,19.791668,19.541668,19.708332,0.901374,4295400,34588752360.0,0.16666399999999726,0.8528647605721131
1994-02-10,19.666668,19.708332,19.25,19.25,0.880412,4932600,34810002360.0,-0.41666800000000137,-2.1186507038202977
1994-02-11,19.166668,19.25,19.0,19.166668,0.876601,4086300,33925002360.000004,0.0,0.0
1994-02-14,19.333332,19.583332,19.333332,19.583332,0.895657,4227300,34219997639.999996,0.25,1.2931035374554165
1994-02-15,19.583332,19.833332,19.541668,19.791668,0.905186,3950700,34662497640.0,0.20833600000000274,1.0638434766872296
1994-02-16,19.75,19.916668,19.708332,19.708332,0.901374,6555000,34957500000.0,-0.04166800000000137,-0.21097721518988036
1994-02-17,19.708332,19.75,19.333332,19.375,0.886129,5871300,34883747640.0,-0.33333199999999863,-1.6913252729860582
1994-02-18,19.375,19.416668,19.208332,19.291668,0.882318,4326600,34293750000.0,-0.08333199999999863,-0.43010064516128327
1994-02-22,19.291668,19.458332,19.208332,19.416668,0.888035,3551700,34146252360.000004,0.125,0.6479481193642768
1994-02-23,19.416668,19.625,19.333332,19.625,0.897563,5901300,34367502360.0,0.20833199999999863,1.0729544327584868
1994-02-24,19.541668,19.875,19.375,19.416668,0.888035,6563400,34588752360.0,-0.125,-0.6396588049699748
1994-02-25,19.583332,19.583332,19.25,19.333332,0.884223,4742400,34662497640.0,-0.25,-1.2765958315980142
1994-02-28,19.0,19.041668,18.583332,18.666668,0.853733,12805500,33630000000.0,-0.33333199999999863,-1.7543789473684137
1994-03-01,18.708332,18.833332,18.291668,18.5,0.84611,12697800,33113747639.999996,-0.20833199999999863,-1.113578698517851
1994-03-02,18.333332,18.708332,18.25,18.541668,0.848016,9399300,32449997639.999996,0.20833600000000274,1.136378264463889
1994-03-03,18.458332,18.583332,18.291668,18.291668,0.836582,4732200,32671247639.999996,-0.16666399999999726,-0.9029201555156624
1994-03-04,18.291668,18.458332,18.166668,18.291668,0.836582,6085800,32376252360.000004,0.0,0.0
1994-03-07,18.75,19.083332,18.625,18.958332,0.867072,9018300,33187500000.0,0.20833199999999863,1.1111039999999925
1994-03-08,18.833332,18.875,18.625,18.666668,0.853733,5682600,33334997639.999996,-0.16666399999999726,-0.8849416555710761
1994-03-09,18.416668,18.5,18.291668,18.458332,0.854736,5093400,32597502360.000004,0.04166399999999726,0.22622984787474726
1994-03-10,18.5,18.5,18.166668,18.291668,0.847019,4547400,32745000000.0,-0.20833199999999863,-1.1261189189189116
1994-03-11,18.291668,18.458332,18.25,18.416668,0.852807,4155000,32376252360.000004,0.125,0.6833712485925285
1994-03-14,18.416668,18.708332,18.333332,18.708332,0.866312,8153400,32597502360.000004,0.29166399999999726,1.5836958129450844
1994-03-15,18.791668,18.875,18.583332,18.666668,0.864383,9038400,33261252360.000004,-0.125,-0.6651884228691141
1994-03-16,18.666668,18.708332,18.5,18.708332,0.866312,4160400,33040002360.000004,0.04166399999999726,0.2231999840571293
1994-03-17,18.458332,18.541668,18.25,18.291668,0.847019,5871000,32671247639.999996,-0.16666399999999726,-0.9029201555156624
1994-03-18,18.333332,18.458332,18.25,18.333332,0.848947,12077100,32449997639.999996,0.0,0.0
1994-03-21,18.25,18.291668,18.0,18.0,0.833512,4815600,32302500000.0,-0.25,-1.36986301369863
1994-03-22,17.958332,18.0,17.166668,17.375,0.80457,14567100,31786247639.999996,-0.5833319999999986,-3.2482526773644604
1994-03-23,17.666668,17.875,17.625,17.625,0.816147,8647800,31270002360.000004,-0.04166800000000137,-0.2358565859730956
1994-03-24,17.75,17.791668,17.333332,17.416668,0.8065,7085700,31417500000.0,-0.33333199999999863,-1.8779267605633727
1994-03-25,17.458332,17.541668,17.166668,17.166668,0.794924,4783500,30901247639.999996,-0.29166399999999726,-1.6706292445349147
1994-03-28,17.25,17.291668,16.666668,17.083332,0.791065,9996600,30532500000.0,-0.16666800000000137,-0.9661913043478341
1994-03-29,17.0,17.041668,16.625,16.666668,0.771771,7527300,30090000000.0,-0.33333199999999863,-1.9607764705882273
1994-03-30,16.833332,17.166668,16.583332,16.916668,0.783348,9177300,29794997639.999996,0.08333600000000274,0.49506538574776965
1994-03-31,16.916668,17.083332,16.5,16.875,0.781418,8626800,29942502360.000004,-0.04166800000000137,-0.24631328107876427
1994-04-04,16.166668,16.5,16.083332,16.458332,0.762124,11006400,28615002360.000004,0.29166399999999726,1.8041070677024929
1994-04-05,16.5,16.666668,16.25,16.333332,0.756336,8422800,29205000000.0,-0.16666800000000137,-1.0101090909090993
1994-04-06,16.333332,16.375,15.875,16.291668,0.754406,9064800,28909997639.999996,-0.04166399999999726,-0.2550857351090228
1994-04-07,16.333332,16.875,16.25,16.833332,0.779488,7046700,28909997639.999996,0.5,3.0612247396918155
1994-04-08,16.625,16.75,16.375,16.375,0.758265,6868500,29426250000.0,-0.25,-1.5037593984962405
1994-04-11,16.416668,16.541668,16.041668,16.041668,0.74283,6626100,29057502360.000004,-0.375,-2.2842637738669014
1994-04-12,16.208332,16.25,15.916667,16.0,0.7409,6206100,28688747639.999996,-0.20833199999999863,-1.285338923215533
1994-04-13,16.041668,16.208332,15.75,16.208332,0.750547,7488900,28393752360.000004,0.16666399999999726,1.038944329230584
1994-04-14,16.208332,16.583332,16.166668,16.541668,0.765983,8347200,28688747639.999996,0.33333600000000274,2.056571891543206
1994-04-15,16.666668,17.041668,16.625,16.666668,0.771771,10093200,29500002360.000004,0.0,0.0
1994-04-18,16.75,16.875,16.5,16.708332,0.7737,5184000,29647500000.0,-0.04166800000000137,-0.2487641791044858
1994-04-19,16.833332,17.333332,16.791668,17.291668,0.800712,9800100,29794997639.999996,0.45833600000000274,2.7227883344783006
1994-04-20,17.5,17.708332,17.333332,17.583332,0.814219,9768000,30975000000.0,0.08333199999999863,0.4761828571428493
1994-04-21,17.583332,17.708332,17.416668,17.458332,0.80843,6933600,31122497639.999996,-0.125,-0.7109005278407984
1994-04-22,17.541668,17.666668,17.375,17.666668,0.818077,5682300,31048752360.000004,0.125,0.7125890194706683
1994-04-25,17.708332,17.833332,17.416668,17.416668,0.8065,5742000,31343747639.999996,-0.29166399999999726,-1.6470438887185832
1994-04-26,17.666668,18.083332,17.583332,18.083332,0.837372,10863900,31270002360.000004,0.41666399999999726,2.358475293699962
1994-04-28,18.291668,18.333332,17.75,17.875,0.827724,6898200,32376252360.000004,-0.41666800000000137,-2.277911451268421
1994-04-29,17.75,18.291668,17.666668,18.166668,0.84123,6443400,31417500000.0,0.41666800000000137,2.3474253521126838
1994-05-02,18.25,18.25,17.791668,18.0,0.833512,4290600,32302500000.0,-0.25,-1.36986301369863
1994-05-03,17.75,17.875,17.583332,17.833332,0.825795,3956100,31417500000.0,0.08333199999999863,0.4694760563380205
1994-05-04,17.708332,17.791668,17.416668,17.583332,0.814219,3178500,31343747639.999996,-0.125,-0.7058824060899694
1994-05-05,17.5,17.541668,17.25,17.333332,0.802641,3105900,30975000000.0,-0.16666800000000137,-0.9523885714285794
1994-05-06,17.0,17.333332,17.0,17.333332,0.802641,5015100,30090000000.0,0.33333199999999863,1.9607764705882273
1994-05-09,16.916668,16.958332,16.583332,16.666668,0.771771,7430100,29942502360.000004,-0.25,-1.4778323958358701
1994-05-10,16.75,16.765625,16.375,16.416668,0.760194,10490100,29647500000.0,-0.33333199999999863,-1.9900417910447679
1994-05-11,16.333332,16.458332,15.833333,15.833333,0.733182,12609000,28909997639.999996,-0.49999899999999897,-3.06121861724233
1994-05-12,16.041668,16.833332,16.041668,16.833332,0.779488,16515900,28393752360.000004,0.7916639999999973,4.935047901502494
1994-05-13,17.0,17.541668,16.958332,17.375,0.80457,11096400,30090000000.0,0.375,2.2058823529411766
1994-05-16,17.208332,17.25,16.833332,17.208332,0.796854,6150900,30458747639.999996,0.0,0.0
1994-05-17,17.125,17.25,16.916668,17.166668,0.794924,4597200,30311250000.0,0.04166800000000137,0.2433167883211759
1994-05-18,17.25,17.791668,17.083332,17.666668,0.818077,5944500,30532500000.0,0.41666800000000137,2.4154666666666746
1994-05-19,17.416668,17.625,17.083332,17.083332,0.791065,8268300,30827502360.000004,-0.33333600000000274,-1.9138907625729715
1994-05-20,17.166668,17.958332,17.125,17.916668,0.829654,15462000,30385002360.000004,0.75,4.36893169950045
1994-05-23,18.0,18.458332,17.875,18.416668,0.852807,14682600,31860000000.0,0.41666800000000137,2.31482222222223
1994-05-24,18.333332,18.375,17.833332,17.916668,0.829654,16038000,32449997639.999996,-0.41666399999999726,-2.272712892560923
1994-05-25,17.916668,17.916668,17.916668,17.916668,0.829654,0,31712502360.000004,0.0,0.0
1994-05-26,16.75,17.0,16.625,16.875,0.781418,29242800,29647500000.0,0.125,0.7462686567164178
1994-05-27,16.833332,16.916668,16.416668,16.666668,0.771771,12088800,29794997639.999996,-0.16666399999999726,-0.9900832467392509
1994-05-31,16.666668,16.791668,16.375,16.416668,0.760194,8534700,29500002360.000004,-0.25,-1.4999998800000094
1994-06-01,16.375,16.458332,16.166668,16.166668,0.748618,9264600,28983750000.0,-0.20833199999999863,-1.27225648854961
1994-06-02,16.291668,16.375,16.083332,16.25,0.752476,9970800,28836252360.000004,-0.04166800000000137,-0.255762638914575
1994-06-03,16.25,16.583332,16.229168,16.5,0.764053,7983000,28762500000.0,0.25,1.5384615384615385
1994-06-06,16.833332,17.041668,16.75,16.958332,0.785276,12444000,29794997639.999996,0.125,0.7425743162435103
1994-06-07,16.875,17.125,16.75,16.875,0.781418,7620600,29868750000.0,0.0,0.0
1994-06-08,16.958332,17.125,16.5,16.791668,0.777559,11876100,30016247639.999996,-0.16666399999999726,-0.9827853352558334
1994-06-09,16.541668,16.791668,16.541668,16.75,0.786401,5783700,29278752360.000004,0.20833199999999863,1.259437681858919
1994-06-10,16.833332,16.833332,16.666668,16.75,0.786401,4737900,29794997639.999996,-0.08333199999999863,-0.4950416233696254
1994-06-13,16.666668,16.833332,16.666668,16.666668,0.782489,10933800,29500002360.000004,0.0,0.0
1994-06-14,16.708332,17.083332,16.708332,16.875,0.79227,8273400,29573747639.999996,0.16666800000000137,0.9975142940659869
1994-06-15,17.0,17.083332,16.791668,16.875,0.79227,5456700,30090000000.0,-0.125,-0.7352941176470588
1994-06-16,16.875,17.125,16.833332,16.833332,0.790314,5519700,29868750000.0,-0.04166800000000137,-0.2469214814814896
1994-06-17,16.875,16.916668,16.791668,16.791668,0.788357,10987800,29868750000.0,-0.08333199999999863,-0.4938192592592512
1994-06-20,16.541668,17.041668,16.541668,16.916668,0.794226,8080500,29278752360.000004,0.375,2.2670023361610205
1994-06-21,17.0,17.25,16.875,17.25,0.809876,10483800,30090000000.0,0.25,1.4705882352941175
1994-06-22,17.333332,17.541668,17.25,17.458332,0.819657,7623600,30679997639.999996,0.125,0.7211539016272233
1994-06-23,17.375,17.5,17.041668,17.041668,0.800095,7677900,30753750000.0,-0.33333199999999863,-1.9184575539568267
1994-06-24,17.125,17.25,16.916668,17.0,0.798138,7311000,30311250000.0,-0.125,-0.7299270072992701
1994-06-27,16.958332,17.416668,16.958332,17.333332,0.813788,5364300,30016247639.999996,0.375,2.2113023851638243
1994-06-28,17.375,17.458332,17.208332,17.333332,0.813788,4947000,30753750000.0,-0.04166800000000137,-0.2398158273381374
1994-06-29,17.25,17.5,17.208332,17.291668,0.811832,4484700,30532500000.0,0.04166800000000137,0.24155362318841375
1994-06-30,17.375,17.5,17.166668,17.166668,0.805963,5077200,30753750000.0,-0.20833199999999863,-1.199033093525172
1994-07-01,17.291668,17.375,17.25,17.291668,0.811832,4071600,30606252360.000004,0.0,0.0
1994-07-05,17.291668,17.458332,17.276043,17.458332,0.819657,4971900,30606252360.000004,0.16666399999999726,0.963839925679797
1994-07-06,17.375,17.541668,17.333332,17.5,0.821613,5628600,30753750000.0,0.125,0.7194244604316548
1994-07-07,17.5,17.708332,17.5,17.666668,0.829438,4535700,30975000000.0,0.16666800000000137,0.9523885714285794
1994-07-08,17.666668,17.75,17.583332,17.666668,0.829438,4789200,31270002360.000004,0.0,0.0
1994-07-11,17.791668,17.958332,17.708332,17.958332,0.843131,6416700,31491252360.000004,0.16666399999999726,0.9367530913908536
1994-07-12,17.958332,17.958332,17.25,17.708332,0.831394,7071600,31786247639.999996,-0.25,-1.3921114722681374
1994-07-13,17.75,17.791668,17.583332,17.583332,0.825526,3501900,31417500000.0,-0.16666800000000137,-0.9389746478873316
1994-07-14,17.708332,17.916668,17.625,17.916668,0.841175,5730600,31343747639.999996,0.20833600000000274,1.1764857356412945
1994-07-15,17.916668,18.166668,17.875,18.125,0.850956,7101300,31712502360.000004,0.20833199999999863,1.1627831692812447
1994-07-18,18.125,18.291668,18.0,18.208332,0.854869,4368300,32081250000.0,0.08333199999999863,0.4597627586206821
1994-07-19,18.291668,18.291668,18.125,18.125,0.850956,3385500,32376252360.000004,-0.16666800000000137,-0.911168954083364
1994-07-20,18.083332,18.125,17.958332,18.041668,0.847044,5634300,32007497639.999996,-0.04166399999999726,-0.23040001698800455
1994-07-21,17.958332,18.291668,17.958332,18.083332,0.849,5082000,31786247639.999996,0.125,0.6960557361340687
1994-07-22,18.041668,18.125,17.916668,18.0,0.845088,4110900,31933752360.000004,-0.04166800000000137,-0.23095425544911574
1994-07-25,18.041668,18.25,18.0,18.25,0.856825,3593700,31933752360.000004,0.20833199999999863,1.1547269354474243
1994-07-26,18.25,18.291668,18.166668,18.208332,0.854869,2769900,32302500000.0,-0.04166800000000137,-0.2283178082191856
1994-07-27,18.125,18.291668,18.083332,18.25,0.856825,3207600,32081250000.0,0.125,0.6896551724137931
1994-07-28,18.291668,18.416668,18.25,18.25,0.856825,7204200,32376252360.000004,-0.04166800000000137,-0.2277977054908353
1994-07-29,18.333332,18.416668,18.291668,18.333332,0.860737,5899500,32449997639.999996,0.0,0.0
1994-08-01,18.333332,18.5,18.208332,18.25,0.856825,6562500,32449997639.999996,-0.08333199999999863,-0.45453821487549906
1994-08-02,18.291668,18.375,18.208332,18.25,0.856825,5735400,32376252360.000004,-0.04166800000000137,-0.2277977054908353
1994-08-03,18.208332,18.375,18.166668,18.291668,0.858782,4929900,32228747639.999996,0.08333600000000274,0.4576805827134674
1994-08-04,18.291668,18.375,18.25,18.25,0.856825,3024000,32376252360.000004,-0.04166800000000137,-0.2277977054908353
1994-08-05,18.166668,18.375,18.166668,18.375,0.862693,5091300,32155002360.000004,0.20833199999999863,1.1467815672086847
1994-08-08,18.375,18.458332,18.333332,18.375,0.862693,3561900,32523750000.0,0.0,0.0
1994-08-09,18.291668,18.583332,18.291668,18.458332,0.866607,5233800,32376252360.000004,0.16666399999999726,0.9111470862033865
1994-08-10,18.5,18.541668,18.416668,18.416668,0.86465,3321600,32745000000.0,-0.08333199999999863,-0.4504432432432358
1994-08-11,18.458332,18.541668,18.291668,18.375,0.862693,3202200,32671247639.999996,-0.08333199999999863,-0.4514600777578312
1994-08-12,18.375,18.625,18.375,18.458332,0.866607,4084200,32523750000.0,0.08333199999999863,0.4535074829931898
1994-08-15,18.458332,18.5,18.333332,18.458332,0.866607,4260600,32671247639.999996,0.0,0.0
1994-08-16,18.416668,18.5,18.208332,18.375,0.862693,5002800,32597502360.000004,-0.04166800000000137,-0.22625156733021068
1994-08-17,18.416668,18.458332,18.291668,18.291668,0.858782,3690300,32597502360.000004,-0.125,-0.6787329825351687
1994-08-18,18.291668,18.458332,18.208332,18.416668,0.86465,5627700,32376252360.000004,0.125,0.6833712485925285
1994-08-19,18.458332,18.5,18.333332,18.5,0.868562,4644900,32671247639.999996,0.04166800000000137,0.22574087409415636
1994-08-22,18.416668,18.541668,18.375,18.416668,0.86465,3444300,32597502360.000004,0.0,0.0
1994-08-23,18.5,19.0,18.458332,18.875,0.886168,10365600,32745000000.0,0.375,2.027027027027027
1994-08-24,19.083332,19.166668,18.958332,19.083332,0.895949,7982100,33777497639.999996,0.0,0.0
1994-08-25,19.041668,19.166668,18.875,18.958332,0.890081,3804900,33703752360.000004,-0.08333600000000274,-0.4376507352192189
1994-08-26,19.083332,19.541668,19.083332,19.541668,0.917468,10740300,33777497639.999996,0.45833600000000274,2.40176086649859
1994-08-29,19.5,19.666668,19.416668,19.458332,0.913555,9670500,34515000000.0,-0.04166800000000137,-0.2136820512820583
1994-08-30,19.416668,19.625,19.375,19.5,0.915512,6158100,34367502360.0,0.08333199999999863,0.42917765293199955
1994-08-31,19.166668,20.583332,19.166668,20.333332,0.954636,26220600,33925002360.000004,1.1666639999999973,6.086942185256182
1994-09-01,20.25,20.791668,20.166668,20.416668,0.958549,21668400,35842500000.0,0.16666800000000137,0.8230518518518587
1994-09-02,20.458332,20.541668,20.25,20.25,0.950724,8155500,36211247640.0,-0.20833199999999863,-1.0183234879559029
1994-09-06,20.083332,20.333332,20.083332,20.333332,0.954636,5402100,35547497640.0,0.25,1.2448133606515095
1994-09-07,20.333332,20.416668,20.208332,20.25,0.950724,8935800,35989997640.0,-0.08333199999999863,-0.40982953507078246
1994-09-08,20.291668,20.416668,20.208332,20.416668,0.958549,9979800,35916252360.0,0.125,0.61601638662726
1994-09-09,19.958332,20.041668,19.75,19.958332,0.949824,7487700,35326247640.0,0.0,0.0
1994-09-12,19.958332,19.958332,19.833332,19.875,0.945858,3008100,35326247640.0,-0.08333199999999863,-0.4175298817556429
1994-09-13,19.916668,19.958332,19.75,19.791668,0.941892,4215000,35252502360.0,-0.125,-0.6276150207454378
1994-09-14,19.75,19.916668,19.708332,19.875,0.945858,3839100,34957500000.0,0.125,0.6329113924050633
1994-09-15,19.833332,20.083332,19.833332,20.041668,0.95379,5815800,35104997640.0,0.20833600000000274,1.0504336840627826
1994-09-16,19.75,20.0,19.75,19.875,0.945858,10038900,34957500000.0,0.125,0.6329113924050633
1994-09-19,19.916668,20.125,19.875,20.0,0.951807,4756200,35252502360.0,0.08333199999999863,0.4184033192700638
1994-09-20,19.958332,20.0,19.625,19.666668,0.935943,3906000,35326247640.0,-0.29166399999999726,-1.4613646070222566
1994-09-21,19.791668,19.875,19.666668,19.875,0.945858,5412600,35031252360.0,0.08333199999999863,0.42104586637164
1994-09-22,19.833332,19.875,19.541668,19.541668,0.929994,6545400,35104997640.0,-0.29166399999999726,-1.47057488877813
1994-09-23,19.625,19.625,19.416668,19.5,0.928011,6786300,34736250000.0,-0.125,-0.6369426751592357
1994-09-26,19.5,19.958332,19.416668,19.916668,0.947841,6075000,34515000000.0,0.41666800000000137,2.1367589743589814
1994-09-27,19.833332,20.041668,19.791668,19.916668,0.947841,4609800,35104997640.0,0.08333600000000274,0.42018154085255444
1994-09-28,20.0,20.083332,19.916668,20.083332,0.955772,5526300,35400000000.0,0.08333199999999863,0.4166599999999932
1994-09-29,20.166668,20.25,19.916668,20.0,0.951807,5847900,35695002360.0,-0.16666800000000137,-0.8264528379204803
1994-09-30,20.166668,20.541668,20.083332,20.375,0.969653,10606800,35695002360.0,0.20833199999999863,1.0330511713685109
1994-10-03,20.375,20.5,20.166668,20.291668,0.965687,5154600,36063750000.0,-0.08333199999999863,-0.4089914110429381
1994-10-04,20.25,20.333332,20.0,20.0,0.951807,4962300,35842500000.0,-0.25,-1.2345679012345678
1994-10-05,19.875,19.916668,19.666668,19.875,0.945858,6667200,35178750000.0,0.0,0.0
1994-10-06,19.833332,19.916668,19.791668,19.833332,0.943875,3727200,35104997640.0,0.0,0.0
1994-10-07,19.833332,19.958332,19.75,19.958332,0.949824,3779400,35104997640.0,0.125,0.6302521432102282
1994-10-10,20.0,20.083332,19.916668,20.0,0.951807,2735400,35400000000.0,0.0,0.0
1994-10-11,20.083332,20.375,20.041668,20.375,0.969653,6491100,35547497640.0,0.29166800000000137,1.4522888930980247
1994-10-12,20.333332,20.375,20.125,20.125,0.957756,4005300,35989997640.0,-0.20833199999999863,-1.024583673743185
1994-10-13,20.291668,20.375,20.125,20.166668,0.959739,4707000,35916252360.0,-0.125,-0.61601638662726
1994-10-14,20.166668,20.25,20.083332,20.166668,0.959739,2029800,35695002360.0,0.0,0.0
1994-10-17,20.208332,20.625,20.166668,20.583332,0.979568,6969000,35768747640.0,0.375,1.8556702255287574
1994-10-18,20.5,20.833332,20.458332,20.5,0.975601,8707200,36285000000.0,0.0,0.0
1994-10-19,20.583332,20.75,20.5,20.666668,0.983534,7358400,36432497640.0,0.08333600000000274,0.4048712812872219
1994-10-20,20.708332,20.791668,20.541668,20.666668,0.983534,5643900,36653747640.0,-0.04166399999999726,-0.20119437915133515
1994-10-21,20.625,20.625,20.375,20.375,0.969653,6043200,36506250000.0,-0.25,-1.2121212121212122
1994-10-24,20.541668,20.708332,20.375,20.541668,0.977585,5606400,36358752360.0,0.0,0.0
1994-10-25,20.416668,20.708332,20.375,20.708332,0.985516,4680900,36137502360.0,0.29166399999999726,1.4285582740533238
1994-10-26,20.75,21.375,20.708332,21.291668,1.013278,12700800,36727500000.0,0.5416680000000014,2.610448192771091
1994-10-27,21.291668,21.5,21.208332,21.458332,1.021209,7964400,37686252360.0,0.16666399999999726,0.7827662914901606
1994-10-28,21.458332,21.458332,21.166668,21.333332,1.015261,7355700,37981247640.0,-0.125,-0.5825243080403454
1994-10-31,20.958332,21.0,20.041668,20.416668,0.971636,21754800,37096247640.0,-0.5416639999999973,-2.584480482511668
1994-11-01,20.208332,20.375,19.916668,20.166668,0.959739,15647400,35768747640.0,-0.04166399999999726,-0.20617238473713348
1994-11-02,20.083332,20.208332,20.0,20.0,0.951807,8004000,35547497640.0,-0.08333199999999863,-0.41493114787923957
1994-11-03,20.083332,20.25,20.041668,20.083332,0.955772,6493800,35547497640.0,0.0,0.0
1994-11-04,20.125,20.208332,19.958332,19.958332,0.949824,5059500,35621250000.0,-0.16666800000000137,-0.8281639751552864
1994-11-07,19.958332,20.015625,19.791668,19.833332,0.943875,4404600,35326247640.0,-0.125,-0.6263048435109708
1994-11-08,19.916668,20.291668,19.875,20.083332,0.955772,5176500,35252502360.0,0.16666399999999726,0.8368066385401276
1994-11-09,20.291668,20.333332,20.0,20.208332,0.961721,6533400,35916252360.0,-0.08333600000000274,-0.4106907327677682
1994-11-10,20.333332,20.625,20.291668,20.5,0.975601,6344700,35989997640.0,0.16666800000000137,0.8196787422740227
1994-11-11,20.541668,20.583332,20.458332,20.541668,0.977585,5943900,36358752360.0,0.0,0.0
1994-11-14,20.625,20.958332,20.583332,20.875,0.993448,6702300,36506250000.0,0.25,1.2121212121212122
1994-11-15,20.916668,21.291668,20.833332,21.208332,1.009311,9501300,37022502360.0,0.29166399999999726,1.3944094728663152
1994-11-16,21.125,21.166668,20.916668,21.0,0.999397,5810100,37391250000.0,-0.125,-0.591715976331361
1994-11-17,21.041668,21.166668,20.958332,21.0,0.999397,6260700,37243752360.0,-0.04166800000000137,-0.1980261260656777
1994-11-18,20.916668,20.958332,20.666668,20.916668,0.995431,8560800,37022502360.0,0.0,0.0
1994-11-21,20.916668,20.916668,20.416668,20.5,0.975601,5705400,37022502360.0,-0.41666800000000137,-1.992038120029449
1994-11-22,20.375,20.541668,19.958332,19.958332,0.949824,6696300,36063750000.0,-0.41666800000000137,-2.0449963190184115
1994-11-23,20.0,20.166668,19.833332,20.125,0.957756,6955800,35400000000.0,0.125,0.625
1994-11-25,20.125,20.166668,20.0,20.083332,0.955772,1266600,35621250000.0,-0.04166800000000137,-0.20704596273292608
1994-11-28,20.041668,20.25,19.916668,20.25,0.963705,3994800,35473752360.0,0.20833199999999863,1.0394943175388327
1994-11-29,20.166668,20.25,20.041668,20.125,0.957756,3940800,35695002360.0,-0.04166800000000137,-0.2066181681574833
1994-11-30,20.25,20.25,19.875,19.916668,0.947841,6429000,35842500000.0,-0.33333199999999863,-1.646083950617277
1994-12-01,19.916668,19.916668,19.416668,19.666668,0.935943,7626900,35252502360.0,-0.25,-1.2552300414908757
1994-12-02,19.625,19.875,19.541668,19.875,0.945858,5878200,34736250000.0,0.25,1.2738853503184715
1994-12-05,19.875,19.958332,19.625,19.666668,0.935943,4119900,35178750000.0,-0.20833199999999863,-1.0482113207547101
1994-12-06,19.583332,19.625,19.041668,19.375,0.922063,7043700,34662497640.0,-0.20833199999999863,-1.063823051153903
1994-12-07,19.208332,19.375,19.125,19.333332,0.92008,5460300,33998747639.999996,0.125,0.6507592642609468
1994-12-08,19.333332,19.5,18.958332,19.125,0.910165,9364200,34219997639.999996,-0.20833199999999863,-1.0775793846606403
1994-12-09,18.791668,19.083332,18.75,18.791668,0.907348,5788800,33261252360.000004,0.0,0.0
1994-12-12,18.875,19.041668,18.708332,18.833332,0.90936,10517400,33408750000.0,-0.04166800000000137,-0.220757615894047
1994-12-13,18.833332,19.25,18.791668,19.25,0.929479,6839400,33334997639.999996,0.41666800000000137,2.2123966168068474
1994-12-14,19.125,19.458332,19.083332,19.333332,0.933502,6123300,33851250000.0,0.20833199999999863,1.0893176470588164
1994-12-15,19.333332,19.458332,19.083332,19.375,0.935514,3902400,34219997639.999996,0.04166800000000137,0.21552415279477627
1994-12-16,19.375,19.625,19.333332,19.541668,0.943562,11862600,34293750000.0,0.16666800000000137,0.8602219354838782
1994-12-19,19.5,19.5,19.166668,19.208332,0.927467,4569000,34515000000.0,-0.29166800000000137,-1.4957333333333405
1994-12-20,19.25,19.25,18.875,19.041668,0.91942,5277300,34072500000.0,-0.20833199999999863,-1.0822441558441487
1994-12-21,19.125,19.166668,19.0,19.041668,0.91942,6481500,33851250000.0,-0.08333199999999863,-0.4357228758169863
1994-12-22,19.083332,19.166668,18.708332,18.791668,0.907348,8770500,33777497639.999996,-0.29166399999999726,-1.5283704124625475
1994-12-23,18.833332,19.0,18.708332,18.916668,0.913384,6133500,33334997639.999996,0.08333600000000274,0.44249206672511665
1994-12-27,18.916668,19.0,18.875,18.958332,0.915396,4006500,33482502360.000004,0.04166399999999726,0.22025020474005916
1994-12-28,18.958332,19.375,18.916668,19.291668,0.931491,5820600,33556247639.999996,0.33333600000000274,1.7582559478334
1994-12-29,19.333332,19.458332,19.041668,19.041668,0.91942,4486200,34219997639.999996,-0.29166399999999726,-1.5086070005935723
1994-12-30,19.125,19.375,19.083332,19.166668,0.925455,5650200,33851250000.0,0.04166800000000137,0.21787189542484378
1995-01-03,19.166668,19.333332,19.041668,19.208332,0.927467,3729900,33925002360.000004,0.04166399999999726,0.21737737618242906
1995-01-04,19.416668,19.708332,19.375,19.625,0.947586,7878600,34367502360.0,0.20833199999999863,1.0729544327584868
1995-01-05,19.583332,19.625,19.041668,19.166668,0.925455,9940200,34662497640.0,-0.41666399999999726,-2.127646102307806
1995-01-06,19.25,19.291668,19.0,19.166668,0.925455,5511000,34072500000.0,-0.08333199999999863,-0.4328935064934994
1995-01-09,19.125,19.208332,19.041668,19.083332,0.921431,2875800,33851250000.0,-0.04166800000000137,-0.21787189542484378
1995-01-10,19.125,19.166668,19.0,19.125,0.923444,5844000,33851250000.0,0.0,0.0
1995-01-11,19.166668,19.166668,18.875,18.916668,0.913384,6196200,33925002360.000004,-0.25,-1.3043477353497226
1995-01-12,18.958332,18.958332,18.708332,18.791668,0.907348,4777500,33556247639.999996,-0.16666399999999726,-0.8791068750140956
1995-01-13,18.791668,19.291668,18.583332,19.291668,0.931491,7043100,33261252360.000004,0.5,2.6607536914764562
1995-01-16,19.291668,19.333332,19.083332,19.291668,0.931491,3481800,34146252360.000004,0.0,0.0
1995-01-17,19.25,19.25,19.041668,19.208332,0.927467,2979000,34072500000.0,-0.04166800000000137,-0.21645714285714995
1995-01-18,19.125,19.208332,19.0,19.208332,0.927467,3329400,33851250000.0,0.08333199999999863,0.4357228758169863
1995-01-19,19.125,19.166668,18.708332,18.875,0.911372,3884700,33851250000.0,-0.25,-1.3071895424836601
1995-01-20,18.833332,19.083332,18.75,19.0,0.917408,6732900,33334997639.999996,0.16666800000000137,0.8849628945106547
1995-01-23,18.916668,19.541668,18.833332,19.541668,0.943562,5282400,33482502360.000004,0.625,3.3039645248306946
1995-01-24,19.5,19.5,19.291668,19.416668,0.937526,3200400,34515000000.0,-0.08333199999999863,-0.4273435897435827
1995-01-25,19.416668,19.791668,19.375,19.458332,0.939538,5943600,34367502360.0,0.04166399999999726,0.21457852603751199
1995-01-26,19.583332,19.708332,19.5,19.708332,0.951609,6910800,34662497640.0,0.125,0.6382979157990071
1995-01-27,19.791668,20.416668,19.75,20.208332,0.975752,10522500,35031252360.0,0.41666399999999726,2.105249542383175
1995-01-30,19.958332,20.125,19.833332,19.916668,0.961669,3958800,35326247640.0,-0.04166399999999726,-0.20875492000031495
1995-01-31,19.958332,20.083332,19.875,19.916668,0.961669,4428900,35326247640.0,-0.04166399999999726,-0.20875492000031495
1995-02-01,20.0,20.166668,19.916668,20.083332,0.969716,4223100,35400000000.0,0.08333199999999863,0.4166599999999932
1995-02-02,20.0,20.166668,19.875,20.166668,0.97374,3857700,35400000000.0,0.16666800000000137,0.8333400000000069
1995-02-03,20.166668,20.458332,19.875,20.25,0.977764,10836900,35695002360.0,0.08333199999999863,0.41321650160551376
1995-02-06,20.208332,20.5,20.208332,20.416668,0.985811,5330700,35768747640.0,0.20833600000000274,1.0309410989487047
1995-02-07,20.375,20.541668,20.375,20.458332,0.987823,4342200,36063750000.0,0.08333199999999863,0.4089914110429381
1995-02-08,20.375,20.625,20.375,20.458332,0.987823,3957600,36063750000.0,0.08333199999999863,0.4089914110429381
1995-02-09,20.458332,20.5,20.208332,20.208332,0.975752,3364500,36211247640.0,-0.25,-1.221996006321532
1995-02-10,20.291668,20.5,20.25,20.416668,0.985811,4551900,35916252360.0,0.125,0.61601638662726
1995-02-13,20.416668,20.5,20.375,20.458332,0.987823,2837700,36137502360.0,0.04166399999999726,0.20406855810163174
1995-02-14,20.458332,20.666668,20.416668,20.666668,0.997882,5353200,36211247640.0,0.20833600000000274,1.0183430398920243
1995-02-15,20.666668,20.666668,20.25,20.333332,0.981787,5565000,36580002360.0,-0.33333600000000274,-1.6129160249731729
1995-02-16,20.333332,20.583332,20.291668,20.583332,0.993858,5292300,35989997640.0,0.25,1.2295082773448052
1995-02-17,20.541668,20.541668,19.958332,20.083332,0.969716,11653500,36358752360.0,-0.45833600000000274,-2.2312501594320513
1995-02-21,19.625,19.75,19.25,19.291668,0.931491,17827800,34736250000.0,-0.33333199999999863,-1.6985070063694196
1995-02-22,19.208332,19.583332,19.166668,19.416668,0.937526,10273200,33998747639.999996,0.20833600000000274,1.0846126566325631
1995-02-23,19.916668,20.041668,19.75,19.833332,0.957645,10116300,35252502360.0,-0.08333600000000274,-0.41842340295074826
1995-02-24,19.791668,20.291668,19.708332,20.25,0.977764,7254900,35031252360.0,0.45833199999999863,2.315782580831482
1995-02-27,20.166668,20.25,20.0,20.166668,0.97374,5422800,35695002360.0,0.0,0.0
1995-02-28,20.041668,20.25,19.958332,20.25,0.977764,4992900,35473752360.0,0.20833199999999863,1.0394943175388327
1995-03-01,20.25,20.375,20.083332,20.291668,0.979776,4984800,35842500000.0,0.04166800000000137,0.20576790123457467
1995-03-02,20.333332,20.416668,20.083332,20.333332,0.981787,4699800,35989997640.0,0.0,0.0
1995-03-03,20.520832,20.708332,20.375,20.666668,0.997882,9102900,36321872640.0,0.14583600000000274,0.7106729395767324
1995-03-06,20.5,21.25,20.416668,21.083332,1.018001,9999300,36285000000.0,0.5833319999999986,2.8455219512195056
1995-03-07,21.166668,21.416668,20.875,20.958332,1.011966,11019600,37465002360.0,-0.20833600000000274,-0.984264504928233
1995-03-08,21.041668,21.208332,20.916668,21.041668,1.015989,6964500,37243752360.0,0.0,0.0
1995-03-09,20.75,21.125,20.708332,21.041668,1.020434,5089500,36727500000.0,0.29166800000000137,1.4056289156626574
1995-03-10,21.0,21.25,21.0,21.125,1.024476,5077200,37170000000.0,0.125,0.5952380952380952
1995-03-13,21.083332,21.291668,21.083332,21.083332,1.022455,4879500,37317497640.0,0.0,0.0
1995-03-14,21.208332,21.333332,21.208332,21.25,1.030538,6772500,37538747640.0,0.04166800000000137,0.1964699534126558
1995-03-15,21.25,21.458332,21.166668,21.375,1.0366,7832700,37612500000.0,0.125,0.5882352941176471
1995-03-16,21.25,21.375,21.083332,21.125,1.024476,7089600,37612500000.0,-0.125,-0.5882352941176471
1995-03-17,21.125,21.291668,21.083332,21.25,1.030538,9145500,37391250000.0,0.125,0.591715976331361
1995-03-20,21.666668,22.291668,21.541668,22.208332,1.077013,16643400,38350002360.0,0.5416639999999973,2.4999875384622925
1995-03-21,22.125,22.666668,22.083332,22.291668,1.081054,13813800,39161250000.0,0.16666800000000137,0.7533016949152604
1995-03-22,22.25,22.291668,21.916668,22.208332,1.077013,8112300,39382500000.0,-0.04166800000000137,-0.1872719101123657
1995-03-23,22.083332,22.25,22.0,22.166668,1.074993,5512500,39087497640.0,0.08333600000000274,0.3773705888223876
1995-03-24,22.208332,22.5,22.208332,22.333332,1.083075,6726000,39308747640.0,0.125,0.5628518161562066
1995-03-27,22.375,22.541668,22.375,22.5,1.091158,5036700,39603750000.0,0.125,0.5586592178770949
1995-03-28,22.458332,22.541668,22.416668,22.541668,1.093179,4518600,39751247640.0,0.08333600000000274,0.3710694097852091
1995-03-29,22.375,22.541668,22.166668,22.333332,1.083075,5990400,39603750000.0,-0.04166800000000137,-0.18622569832402847
1995-03-30,22.25,22.291668,21.958332,22.0,1.06691,5665200,39382500000.0,-0.25,-1.1235955056179776
1995-03-31,21.791668,21.958332,21.5,21.791668,1.056806,8805900,38571252360.0,0.0,0.0
1995-04-03,21.75,22.166668,21.75,22.125,1.072971,4245600,38497500000.0,0.375,1.7241379310344827
1995-04-04,22.208332,22.458332,22.166668,22.375,1.085095,6013800,39308747640.0,0.16666800000000137,0.7504750919609874
1995-04-05,22.333332,22.625,22.333332,22.333332,1.083075,5782200,39529997640.0,0.0,0.0
1995-04-06,22.416668,22.5,22.333332,22.5,1.091158,3309300,39677502360.0,0.08333199999999863,0.37174124182951107
1995-04-07,22.458332,22.708332,22.291668,22.458332,1.089137,6855600,39751247640.0,0.0,0.0
1995-04-10,22.416668,22.916668,22.375,22.666668,1.09924,7792500,39677502360.0,0.25,1.1152415693536613
1995-04-11,22.708332,22.791668,22.583332,22.625,1.097219,4005300,40193747640.0,-0.08333199999999863,-0.3669666270512455
1995-04-12,22.625,22.625,22.333332,22.541668,1.093179,5127600,40046250000.0,-0.08333199999999863,-0.36831823204419284
1995-04-13,22.5,22.708332,22.416668,22.583332,1.095199,3861000,39825000000.0,0.08333199999999863,0.37036444444443833
1995-04-17,22.75,22.916668,22.416668,22.5,1.091158,5283900,40267500000.0,-0.25,-1.098901098901099
1995-04-18,22.5,22.583332,22.166668,22.25,1.079033,6469200,39825000000.0,-0.25,-1.1111111111111112
1995-04-19,22.458332,22.583332,22.291668,22.375,1.085095,6368400,39751247640.0,-0.08333199999999863,-0.37105159902346546
1995-04-20,22.291668,22.333332,22.208332,22.291668,1.081054,6098400,39456252360.0,0.0,0.0
1995-04-21,22.375,22.583332,22.291668,22.416668,1.087116,5610300,39603750000.0,0.04166800000000137,0.18622569832402847
1995-04-24,22.458332,22.645832,22.375,22.583332,1.095199,4307100,39751247640.0,0.125,0.5565863039160701
1995-04-25,22.625,22.958332,22.541668,22.791668,1.105302,6309000,40046250000.0,0.16666800000000137,0.7366541436464149
1995-04-26,22.75,22.75,22.583332,22.583332,1.095199,3734100,40267500000.0,-0.16666800000000137,-0.7326065934065994
1995-04-27,22.625,22.708332,22.5,22.541668,1.093179,3854400,40046250000.0,-0.08333199999999863,-0.36831823204419284
1995-04-28,22.708332,22.708332,22.5,22.583332,1.095199,3780000,40193747640.0,-0.125,-0.5504587479168439
1995-05-01,22.666668,23.083332,22.583332,23.041668,1.117426,6282600,40120002360.0,0.375,1.6544116673875489
1995-05-02,23.0,23.416668,23.0,23.291668,1.12955,8723100,40710000000.0,0.29166800000000137,1.2681217391304407
1995-05-03,23.291668,24.375,23.208332,24.208332,1.174005,13542300,41226252360.0,0.9166639999999973,3.935587610127352
1995-05-04,24.083332,24.208332,23.5,23.541668,1.141674,10072200,42627497640.0,-0.5416639999999973,-2.2491239999514905
1995-05-05,23.666668,23.958332,23.583332,23.833332,1.155819,7310700,41890002360.0,0.16666399999999726,0.704214044833
1995-05-08,23.791668,24.041668,23.75,23.75,1.151777,5185200,42111252360.0,-0.04166800000000137,-0.17513694289951157
1995-05-09,23.75,23.916668,23.666668,23.875,1.15784,5676900,42037500000.0,0.125,0.5263157894736842
1995-05-10,23.916668,24.0,23.625,23.916668,1.15986,6058800,42332502360.0,0.0,0.0
1995-05-11,23.791668,23.916668,23.625,23.833332,1.155819,4970700,42111252360.0,0.04166399999999726,0.17512013029097942
1995-05-12,23.625,23.75,23.416668,23.416668,1.135612,5026200,41816250000.0,-0.20833199999999863,-0.8818285714285657
1995-05-15,23.291668,23.791668,23.166668,23.625,1.145715,8961000,41226252360.0,0.33333199999999863,1.4311212060896565
1995-05-16,23.625,23.791668,23.5,23.5,1.139653,5706600,41816250000.0,-0.125,-0.5291005291005291
1995-05-17,23.458332,23.541668,23.333332,23.375,1.133592,3515400,41521247640.0,-0.08333199999999863,-0.35523412321045944
1995-05-18,23.291668,23.291668,22.791668,22.791668,1.105302,7610100,41226252360.0,-0.5,-2.1466903958960772
1995-05-19,22.708332,23.291668,22.708332,23.083332,1.119446,6442200,40193747640.0,0.375,1.6513762437505317
1995-05-22,23.041668,23.333332,23.0,23.166668,1.123488,3902100,40783752360.0,0.125,0.5424954478121983
1995-05-23,23.166668,23.666668,23.083332,23.583332,1.143695,6684900,41005002360.0,0.41666399999999726,1.7985495367741153
1995-05-24,23.666668,24.0,23.583332,23.791668,1.153798,6435000,41890002360.0,0.125,0.5281689843285079
1995-05-25,23.75,24.041668,23.583332,23.958332,1.16188,4973400,42037500000.0,0.20833199999999863,0.8771873684210469
1995-05-26,23.916668,23.916668,23.208332,23.291668,1.12955,6858600,42332502360.0,-0.625,-2.613240272432598
1995-05-30,23.291668,23.791668,23.291668,23.583332,1.143695,7028400,41226252360.0,0.29166399999999726,1.2522246152572554
1995-05-31,23.625,24.291668,23.583332,24.291668,1.178046,6063000,41816250000.0,0.6666680000000014,2.8218751322751383
1995-06-01,24.166668,24.291668,24.041668,24.291668,1.178046,6296400,42775002360.0,0.125,0.517241350772891
1995-06-02,24.291668,24.625,24.166668,24.625,1.194211,8446200,42996252360.0,0.33333199999999863,1.3722071287982307
1995-06-05,24.5,24.625,24.458332,24.5,1.188149,4729800,43365000000.0,0.0,0.0
1995-06-06,24.5,24.708332,24.416668,24.541668,1.19017,7596600,43365000000.0,0.04166800000000137,0.1700734693877607
1995-06-07,24.458332,24.541668,24.291668,24.333332,1.180066,4467000,43291247640.0,-0.125,-0.5110732816939438
1995-06-08,24.0,24.083332,23.625,23.833332,1.155819,9615600,42480000000.0,-0.16666800000000137,-0.6944500000000058
1995-06-09,23.583332,23.708332,23.208332,23.416668,1.135612,10561500,41742497640.0,-0.16666399999999726,-0.7067025134531341
1995-06-12,23.458332,23.75,23.416668,23.666668,1.147736,7654500,41521247640.0,0.20833600000000274,0.8881108852922823
1995-06-13,23.583332,23.583332,23.333332,23.375,1.146919,5341800,41742497640.0,-0.20833199999999863,-0.8833866223822768
1995-06-14,23.375,23.916668,23.375,23.625,1.159185,5488500,41373750000.0,0.25,1.06951871657754
1995-06-15,23.875,24.458332,23.791668,24.25,1.189851,9103500,42258750000.0,0.375,1.5706806282722512
1995-06-16,24.25,24.875,24.166668,24.583332,1.206207,13200300,42922500000.0,0.33333199999999863,1.3745649484536027
1995-06-19,24.458332,24.875,24.416668,24.833332,1.218473,5330400,43291247640.0,0.375,1.5332198450818315
1995-06-20,24.666668,24.958332,24.583332,24.916668,1.222562,6291300,43660002360.0,0.25,1.013513458729002
1995-06-21,24.958332,25.083332,24.875,24.875,1.220517,7195500,44176247640.0,-0.08333199999999863,-0.33388449196043485
1995-06-22,24.916668,25.541668,24.875,25.375,1.245051,6431400,44102502360.0,0.45833199999999863,1.8394594333399579
1995-06-23,25.208332,25.291668,25.125,25.208332,1.236874,3576900,44618747640.0,0.0,0.0
1995-06-26,25.083332,25.166668,24.875,24.875,1.220517,4360500,44397497640.0,-0.20833199999999863,-0.8305595125878756
1995-06-27,24.875,25.125,24.75,24.833332,1.218473,5571900,44028750000.0,-0.04166800000000137,-0.16750954773869897
1995-06-28,24.916668,25.083332,24.791668,24.875,1.220517,5663100,44102502360.0,-0.04166800000000137,-0.16722942248940095
1995-06-29,24.833332,25.041668,24.583332,24.666668,1.210296,4840500,43954997640.0,-0.16666399999999726,-0.6711302373761091
1995-06-30,24.75,24.916668,24.708332,24.791668,1.216428,4191000,43807500000.0,0.04166800000000137,0.1683555555555611
1995-07-03,24.708332,24.875,24.708332,24.833332,1.218473,1380600,43733747640.0,0.125,0.5059022195427842
1995-07-05,24.833332,25.125,24.791668,25.0,1.22665,3528000,43954997640.0,0.16666800000000137,0.6711463447595408
1995-07-06,25.166668,25.375,24.958332,25.333332,1.243005,4203600,44545002360.0,0.16666399999999726,0.6622410245170209
1995-07-07,25.25,25.583332,25.166668,25.541668,1.253228,6156300,44692500000.0,0.29166800000000137,1.1551207920792135
1995-07-10,25.541668,25.625,25.208332,25.458332,1.24914,4172400,45208752360.0,-0.08333600000000274,-0.3262746974864865
1995-07-11,25.416668,25.583332,25.333332,25.5,1.251184,3791400,44987502360.0,0.08333199999999863,0.3278635893579702
1995-07-12,25.541668,25.958332,25.5,25.708332,1.261406,5136300,45208752360.0,0.16666399999999726,0.6525180736042661
1995-07-13,25.333332,25.458332,25.041668,25.166668,1.234829,7388400,44839997640.0,-0.16666399999999726,-0.6578842451517916
1995-07-14,24.833332,24.958332,24.416668,24.916668,1.222562,12586200,43954997640.0,0.08333600000000274,0.3355812260714863
1995-07-17,25.333332,25.5,25.166668,25.333332,1.243005,6405900,44839997640.0,0.0,0.0
1995-07-18,25.333332,25.458332,25.0,25.166668,1.234829,4169700,44839997640.0,-0.16666399999999726,-0.6578842451517916
1995-07-19,25.0,25.333332,24.666668,25.0,1.22665,6236100,44250000000.0,0.0,0.0
1995-07-20,24.875,25.083332,24.708332,25.041668,1.228695,4289400,44028750000.0,0.16666800000000137,0.6700221105527694
1995-07-21,25.041668,25.041668,24.833332,24.916668,1.222562,5047500,44323752360.0,-0.125,-0.4991680266665942
1995-07-24,24.916668,25.0,24.791668,24.875,1.220517,5310600,44102502360.0,-0.04166800000000137,-0.16722942248940095
1995-07-25,24.541668,24.708332,23.958332,24.625,1.208251,13516200,43438752360.0,0.08333199999999863,0.3395531224690947
1995-07-26,24.666668,25.125,24.333332,25.041668,1.228695,11641800,43660002360.0,0.375,1.5202701880935032
1995-07-27,25.0,25.125,24.208332,24.25,1.189851,10380300,44250000000.0,-0.75,-3.0
1995-07-28,24.291668,24.5,24.166668,24.25,1.189851,7802700,42996252360.0,-0.04166800000000137,-0.17153206605656462
1995-07-31,24.291668,24.291668,23.875,23.875,1.171452,5670300,42996252360.0,-0.41666800000000137,-1.71527126091136
1995-08-01,23.875,24.166668,23.833332,24.041668,1.179629,5250000,42258750000.0,0.16666800000000137,0.6980858638743513
1995-08-02,24.083332,24.375,24.083332,24.375,1.195985,4472100,42627497640.0,0.29166800000000137,1.2110782677413632
1995-08-03,24.208332,24.625,24.125,24.458332,1.200074,5250000,42848747640.0,0.25,1.0327022944001265
1995-08-04,24.5,24.75,24.458332,24.666668,1.210296,4472100,43365000000.0,0.16666800000000137,0.6802775510204138
1995-08-07,24.708332,24.916668,24.625,24.833332,1.218473,3119100,43733747640.0,0.125,0.5059022195427842
1995-08-08,24.916668,25.041668,24.75,24.958332,1.224607,4715400,44102502360.0,0.04166399999999726,0.1672133689785378
1995-08-09,24.916668,25.083332,24.416668,24.5,1.202118,5540700,44102502360.0,-0.41666800000000137,-1.67224606436142
1995-08-10,24.375,24.75,24.375,24.5,1.202118,5564700,43143750000.0,0.125,0.5128205128205128
1995-08-11,24.416668,24.458332,23.791668,24.0,1.177585,6301800,43217502360.0,-0.41666800000000137,-1.7064900092019164
1995-08-14,23.875,24.166668,23.791668,24.125,1.183718,5975100,42258750000.0,0.25,1.0471204188481675
1995-08-15,24.125,24.375,24.083332,24.333332,1.19394,4950300,42701250000.0,0.20833199999999863,0.863552331606212
1995-08-16,24.208332,24.5,24.208332,24.416668,1.198029,3801600,42848747640.0,0.20833600000000274,0.8605962608245903
1995-08-17,24.333332,24.375,24.083332,24.166668,1.185763,3510000,43069997640.0,-0.16666399999999726,-0.6849205854750894
1995-08-18,24.166668,24.333332,24.083332,24.083332,1.181674,4695900,42775002360.0,-0.08333600000000274,-0.3448386016640885
1995-08-21,24.208332,24.666668,24.208332,24.541668,1.204162,6433200,42848747640.0,0.33333600000000274,1.3769474080246535
1995-08-22,24.5,24.791668,24.416668,24.75,1.214384,5678400,43365000000.0,0.25,1.0204081632653061
1995-08-23,24.708332,24.916668,24.625,24.625,1.208251,3822300,43733747640.0,-0.08333199999999863,-0.3372627500715088
1995-08-24,24.583332,24.875,24.583332,24.75,1.214384,4528200,43512497640.0,0.16666800000000137,0.6779715621950735
1995-08-25,24.625,25.041668,24.625,24.958332,1.224607,3857700,43586250000.0,0.33333199999999863,1.353632487309639
1995-08-28,25.0,25.125,24.833332,24.833332,1.218473,3175500,44250000000.0,-0.16666800000000137,-0.6666720000000055
1995-08-29,24.791668,25.25,24.666668,25.166668,1.234829,4695300,43881252360.0,0.375,1.5126049606666239
1995-08-30,25.125,25.375,24.916668,25.0,1.22665,7112100,44471250000.0,-0.125,-0.4975124378109453
1995-08-31,25.041668,25.125,24.875,24.875,1.220517,4209000,44323752360.0,-0.16666800000000137,-0.6655626933477489
1995-09-01,24.916668,25.0,24.791668,24.875,1.220517,2393400,44102502360.0,-0.04166800000000137,-0.16722942248940095
1995-09-05,24.791668,24.833332,24.666668,24.708332,1.21234,3714600,43881252360.0,-0.08333600000000274,-0.3361451920056478
1995-09-06,24.75,24.875,24.541668,24.833332,1.218473,4763400,43807500000.0,0.08333199999999863,0.33669494949494394
1995-09-07,24.833332,24.958332,24.708332,24.916668,1.222562,2267100,43954997640.0,0.08333600000000274,0.3355812260714863
1995-09-08,24.958332,25.041668,24.75,24.791668,1.216428,4539900,44176247640.0,-0.16666399999999726,-0.6677689839208697
1995-09-11,24.791668,25.125,24.75,24.916668,1.222562,3870900,43881252360.0,0.125,0.5042016535555414
1995-09-12,25.041668,25.166668,24.875,25.166668,1.234829,5671200,44323752360.0,0.125,0.4991680266665942
1995-09-13,24.875,25.583332,24.833332,25.166668,1.251403,7471800,44028750000.0,0.29166800000000137,1.1725346733668396
1995-09-14,25.25,25.375,24.958332,25.333332,1.25969,6434700,44692500000.0,0.08333199999999863,0.3300277227722718
1995-09-15,25.5,25.833332,25.291668,25.708332,1.278338,10013100,45135000000.0,0.20833199999999863,0.8169882352941122
1995-09-18,25.625,26.458332,25.583332,26.333332,1.309415,6807000,45356250000.0,0.7083319999999986,2.7642224390243846
1995-09-19,26.208332,26.708332,26.166668,26.625,1.323919,7835100,46388747640.0,0.41666800000000137,1.589830287558939
1995-09-20,26.583332,27.125,26.541668,26.875,1.33635,7490100,47052497640.0,0.29166800000000137,1.0971837540907265
1995-09-21,26.958332,26.958332,26.583332,26.625,1.323919,4457700,47716247640.0,-0.33333199999999863,-1.236471158527162
1995-09-22,26.291668,26.916668,26.291668,26.833332,1.334277,4829400,46536252360.0,0.5416639999999973,2.060211622936959
1995-09-25,26.791668,27.0,26.625,26.875,1.33635,3728400,47421252360.0,0.08333199999999863,0.3110369985175937
1995-09-26,26.791668,27.291668,26.791668,27.166668,1.350853,5084400,47421252360.0,0.375,1.3996888883514083
1995-09-27,27.041668,27.625,27.041668,27.416668,1.363283,7209600,47863752360.0,0.375,1.3867487760000603
1995-09-28,27.5,27.916668,27.5,27.875,1.386074,5504100,48675000000.0,0.375,1.3636363636363635
1995-09-29,27.833332,28.041668,27.791668,27.833332,1.384002,5187300,49264997640.0,0.0,0.0
1995-10-02,27.791668,27.916668,27.708332,27.75,1.379859,3569400,49191252360.0,-0.04166800000000137,-0.14992982788942846
1995-10-03,27.708332,27.75,27.541668,27.666668,1.375715,5582400,49043747640.0,-0.04166399999999726,-0.15036632302513647
1995-10-04,27.666668,28.416668,27.666668,28.166668,1.400577,6623700,48970002360.0,0.5,1.8072288285672853
1995-10-05,28.125,28.208332,27.875,28.208332,1.402648,3552900,49781250000.0,0.08333199999999863,0.2962915555555507
1995-10-06,28.125,28.666668,28.083332,28.5,1.417152,3876300,49781250000.0,0.375,1.3333333333333335
1995-10-09,28.541668,28.583332,28.25,28.291668,1.406793,3823500,50518752360.0,-0.25,-0.8759123678405901
1995-10-10,28.125,28.291668,27.833332,28.25,1.404721,6252300,49781250000.0,0.125,0.4444444444444444
1995-10-11,28.291668,28.458332,28.25,28.375,1.410937,3804300,50076252360.0,0.08333199999999863,0.2945460833203565
1995-10-12,28.291668,28.375,28.083332,28.25,1.404721,4219800,50076252360.0,-0.04166800000000137,-0.14728011087929269
1995-10-13,28.416668,28.583332,28.25,28.416668,1.413008,3987600,50297502360.0,0.0,0.0
1995-10-16,28.458332,28.541668,28.125,28.416668,1.413008,3572100,50371247640.0,-0.04166399999999726,-0.14640352076853014
1995-10-17,28.458332,28.583332,28.25,28.375,1.410937,3772800,50371247640.0,-0.08333199999999863,-0.29282109717462934
1995-10-18,28.041668,28.208332,27.875,28.125,1.398506,5602500,49633752360.0,0.08333199999999863,0.2971720512488723
1995-10-19,28.125,28.541668,28.125,28.416668,1.413008,4334700,49781250000.0,0.29166800000000137,1.0370417777777827
1995-10-20,28.416668,28.625,28.333332,28.541668,1.419224,5356500,50297502360.0,0.125,0.43988267730755765
1995-10-23,28.5,28.75,28.208332,28.208332,1.402648,5810400,50445000000.0,-0.29166800000000137,-1.0233964912280749
1995-10-24,28.208332,28.375,28.041668,28.333332,1.408865,4573200,49928747640.0,0.125,0.44313148327947927
1995-10-25,28.333332,28.416668,27.875,28.208332,1.402648,5276700,50149997640.0,-0.125,-0.441176491349482
1995-10-26,28.166668,28.166668,27.541668,27.916668,1.388147,7398600,49855002360.0,-0.25,-0.8875739224817077
1995-10-27,27.875,28.208332,27.666668,28.125,1.398506,5044500,49338750000.0,0.25,0.8968609865470852
1995-10-30,28.166668,28.166668,27.5625,27.791668,1.381931,6983700,49855002360.0,-0.375,-1.3313608837225617
1995-10-31,27.875,28.166668,27.833332,28.083332,1.396433,4050000,49338750000.0,0.20833199999999863,0.7473793721973045
1995-11-01,28.083332,28.291668,28.041668,28.291668,1.406793,3218400,49707497640.0,0.20833600000000274,0.7418492933815787
1995-11-02,28.416668,28.541668,28.291668,28.5,1.417152,4449300,50297502360.0,0.08333199999999863,0.2932504261231423
1995-11-03,28.666668,29.291668,28.375,29.208332,1.452374,6703200,50740002360.0,0.5416639999999973,1.8895254935104324
1995-11-06,29.041668,29.25,29.0,29.083332,1.446158,4283100,51403752360.0,0.04166399999999726,0.1434628341595161
1995-11-07,29.083332,29.125,28.791668,28.791668,1.431655,3224700,51477497640.0,-0.29166399999999726,-1.0028562064346591
1995-11-08,28.916668,29.5,28.875,29.416668,1.462733,4368300,51182502360.0,0.5,1.729106548513819
1995-11-09,29.416668,29.583332,29.25,29.458332,1.464805,4443300,52067502360.0,0.04166399999999726,0.14163398791459744
1995-11-10,29.291668,29.333332,28.958332,29.0,1.442014,4188000,51846252360.0,-0.29166800000000137,-0.9957370812751304
1995-11-13,29.0,29.208332,28.916668,29.208332,1.452374,3213300,51330000000.0,0.20833199999999863,0.718386206896547
1995-11-14,29.208332,29.5,29.125,29.291668,1.456517,4579800,51698747640.0,0.08333600000000274,0.28531584754652456
1995-11-15,29.333332,29.916668,29.333332,29.875,1.485523,4901400,51919997640.0,0.5416680000000014,1.8465955384816202
1995-11-16,29.958332,30.416668,29.791668,30.25,1.50417,6991500,53026247640.0,0.29166800000000137,0.9735789028574802
1995-11-17,30.125,30.208332,30.0,30.083332,1.495882,5364300,53321250000.0,-0.04166800000000137,-0.13831701244813732
1995-11-20,29.958332,30.333332,29.916668,30.166668,1.500027,4051200,53026247640.0,0.20833600000000274,0.6954192242745783
1995-11-21,30.166668,30.25,30.0,30.041668,1.493811,4305900,53395002360.0,-0.125,-0.41436462256951945
1995-11-22,29.833332,30.041668,29.75,29.875,1.485523,4921500,52804997640.0,0.04166800000000137,0.13966927998522383
1995-11-24,29.75,29.791668,29.666668,29.666668,1.475164,1288200,52657500000.0,-0.08333199999999863,-0.28010756302520545
1995-11-27,29.625,30.083332,29.625,29.791668,1.48138,5031900,52436250000.0,0.16666800000000137,0.5625924050632958
1995-11-28,29.625,30.083332,29.416668,30.041668,1.493811,5761500,52436250000.0,0.41666800000000137,1.4064742616033803
1995-11-29,29.958332,30.0,29.583332,29.666668,1.475164,2648700,53026247640.0,-0.29166399999999726,-0.9735655509792643
1995-11-30,29.583332,29.708332,29.25,29.25,1.454445,4997100,52362497640.0,-0.33333199999999863,-1.1267561071213974
1995-12-01,29.25,29.541668,29.166668,29.458332,1.464805,4131300,51772500000.0,0.20833199999999863,0.7122461538461492
1995-12-04,29.5,30.041668,29.458332,30.0,1.491739,4347600,52215000000.0,0.5,1.694915254237288
1995-12-05,29.833332,30.083332,29.791668,29.916668,1.487596,4810800,52804997640.0,0.08333600000000274,0.27933855997044765
1995-12-06,29.958332,30.333332,29.916668,30.291668,1.506242,5136900,53026247640.0,0.33333600000000274,1.1126654180880389
1995-12-07,30.166668,30.291668,30.041668,30.208332,1.502098,4275900,53395002360.0,0.04166399999999726,0.13811270107788257
1995-12-08,29.833332,30.0,29.708332,29.75,1.479307,5039100,52804997640.0,-0.08333199999999863,-0.2793251521486056
1995-12-11,29.791668,30.083332,29.625,30.0,1.491739,4203000,52731252360.0,0.20833199999999863,0.6992961924790468
1995-12-12,30.0,30.291668,30.0,30.208332,1.502098,5050500,53100000000.0,0.20833199999999863,0.6944399999999954
1995-12-13,29.875,30.666668,29.875,30.625,1.539808,9197700,52878750000.0,0.75,2.510460251046025
1995-12-14,30.625,31.458332,30.583332,31.041668,1.560758,7382400,54206250000.0,0.41666800000000137,1.3605485714285759
1995-12-15,31.083332,31.166668,30.916668,30.958332,1.556568,9481800,55017497640.0,-0.125,-0.40214478936814113
1995-12-18,30.833332,30.958332,30.375,30.416668,1.529334,7212900,54574997640.0,-0.41666399999999726,-1.3513427611391378
1995-12-19,30.0,30.25,29.583332,29.958332,1.506288,8306100,53100000000.0,-0.04166800000000137,-0.13889333333333792
1995-12-20,29.875,29.916668,28.75,28.791668,1.447628,7713600,52878750000.0,-1.0833319999999986,-3.6262158995815854
1995-12-21,29.0,29.625,29.0,29.333332,1.474863,7092900,51330000000.0,0.33333199999999863,1.1494206896551677
1995-12-22,29.416668,29.75,29.375,29.541668,1.485338,4047900,52067502360.0,0.125,0.4249291592100098
1995-12-26,29.875,29.875,29.583332,29.833332,1.500003,2818800,52878750000.0,-0.04166800000000137,-0.1394744769874523
1995-12-27,29.916668,30.25,29.916668,30.25,1.520953,3308100,52952502360.0,0.33333199999999863,1.1142016216511765
1995-12-28,30.208332,30.25,29.875,29.958332,1.506288,3263100,53468747640.0,-0.25,-0.8275862434244963
1995-12-29,30.083332,30.270832,30.041668,30.083332,1.512573,3339900,53247497640.0,0.0,0.0
1996-01-02,30.166668,30.875,30.125,30.625,1.539808,6413700,53395002360.0,0.45833199999999863,1.5193325295322593
1996-01-03,30.708332,30.958332,30.458332,30.666668,1.541903,5153400,54353747640.0,-0.04166399999999726,-0.1356765323495827
1996-01-04,30.916668,31.125,30.291668,30.625,1.539808,10272300,54722502360.0,-0.29166800000000137,-0.9434004983978266
1996-01-05,30.333332,30.375,29.541668,29.916668,1.504193,7449000,53689997640.0,-0.41666399999999726,-1.3736176427963709
1996-01-08,29.958332,30.083332,29.916668,30.0,1.508384,1794600,53026247640.0,0.04166800000000137,0.13908651523055882
1996-01-09,30.25,30.416668,29.583332,29.75,1.495813,6379200,53542500000.0,-0.5,-1.6528925619834711
1996-01-10,29.416668,29.583332,28.791668,29.125,1.464389,7147800,52067502360.0,-0.29166800000000137,-0.9915059040677257
1996-01-11,29.5,29.5,29.166668,29.291668,1.472769,4768200,52215000000.0,-0.20833199999999863,-0.7062101694915208
1996-01-12,29.458332,30.25,29.416668,30.083332,1.512573,6399600,52141247640.0,0.625,2.121640831531127
1996-01-15,30.083332,30.291668,30.0,30.0,1.508384,3871800,53247497640.0,-0.08333199999999863,-0.2770038903935197
1996-01-16,30.0,30.125,29.666668,30.125,1.514668,4442400,53100000000.0,0.125,0.4166666666666667
1996-01-17,30.125,30.416668,30.083332,30.333332,1.525144,5321400,53321250000.0,0.20833199999999863,0.6915585062240618
1996-01-18,30.416668,30.583332,30.125,30.541668,1.535617,4041000,53837502360.0,0.125,0.41095888609495296
1996-01-19,30.541668,31.375,30.541668,31.291668,1.573327,8835600,54058752360.0,0.75,2.455661557188036
1996-01-22,31.25,31.541668,31.166668,31.5,1.583802,5757600,55312500000.0,0.25,0.8
1996-01-23,31.333332,31.583332,31.125,31.166668,1.567043,4397400,55459997640.0,-0.16666399999999726,-0.5319064056130298
1996-01-24,31.208332,31.5,31.041668,31.416668,1.579612,4540800,55238747640.0,0.20833600000000274,0.6675653155702226
1996-01-25,31.5,31.5,30.75,30.875,1.552378,3903900,55755000000.0,-0.625,-1.984126984126984
1996-01-26,30.583332,30.916668,30.416668,30.916668,1.554473,5396400,54132497640.0,0.33333600000000274,1.0899270229941027
1996-01-29,30.791668,31.0,30.791668,31.0,1.558663,4428000,54501252360.0,0.20833199999999863,0.6765856269949345
1996-01-30,31.041668,31.666668,30.916668,31.666668,1.592183,5662200,54943752360.0,0.625,2.013422732309359
1996-01-31,31.666668,32.041668,30.833332,30.916668,1.554473,10546800,56050002360.0,-0.75,-2.3684209529085916
1996-02-01,31.166668,31.416668,30.708332,31.125,1.564948,7982400,55165002360.0,-0.04166800000000137,-0.133694111927529
1996-02-02,31.125,31.291668,30.916668,30.916668,1.554473,4003500,55091250000.0,-0.20833199999999863,-0.6693397590361402
1996-02-05,30.958332,31.708332,30.75,31.666668,1.592183,5277300,54796247640.0,0.7083360000000027,2.2880302465908136
1996-02-06,31.625,31.625,31.208332,31.458332,1.581707,4751700,55976250000.0,-0.16666800000000137,-0.5270134387351821
1996-02-07,31.541668,31.625,31.375,31.583332,1.587992,4865100,55828752360.0,0.04166399999999726,0.13209193629200985
1996-02-08,31.666668,32.125,31.583332,31.958332,1.606848,7497000,56050002360.0,0.29166399999999726,0.9210441717454998
1996-02-09,31.875,32.291668,31.75,32.208332,1.619418,7005300,56418750000.0,0.33333199999999863,1.045747450980388
1996-02-12,32.25,32.916668,32.208332,32.791668,1.648747,6814800,57082500000.0,0.5416680000000014,1.679590697674423
1996-02-13,32.666668,33.166668,32.333332,32.875,1.652937,10135800,57820002360.0,0.20833199999999863,0.6377509943775063
1996-02-14,32.875,33.125,32.625,32.625,1.640366,5271000,58188750000.0,-0.25,-0.7604562737642585
1996-02-15,32.541668,32.541668,32.041668,32.125,1.615227,5740200,57598752360.0,-0.41666800000000137,-1.2804137759625638
1996-02-16,32.0,32.541668,31.916668,32.208332,1.619418,5475600,56640000000.0,0.20833199999999863,0.6510374999999957
1996-02-20,31.916668,32.166668,31.75,32.0,1.608942,4762500,56492502360.0,0.08333199999999863,0.2610924172911741
1996-02-21,32.083332,32.625,32.083332,32.625,1.640366,4988700,56787497640.0,0.5416680000000014,1.688315914319627
1996-02-22,32.708332,33.291668,32.5,33.125,1.665506,8287500,57893747640.0,0.41666800000000137,1.2738894786808492
1996-02-23,33.25,33.583332,33.041668,33.375,1.678076,8231400,58852500000.0,0.125,0.37593984962406013
1996-02-26,33.208332,33.833332,33.125,33.5,1.684361,6270900,58778747640.0,0.29166800000000137,0.8782976513243766
1996-02-27,33.625,33.625,32.833332,33.333332,1.675982,5725200,59516250000.0,-0.29166800000000137,-0.8674141263940562
1996-02-28,33.583332,33.958332,33.166668,33.291668,1.673887,6345300,59442497640.0,-0.29166399999999726,-0.8684784463911956
1996-02-29,33.291668,33.708332,33.0,33.0,1.659222,5167800,58926252360.0,-0.29166800000000137,-0.8760990888170619
1996-03-01,33.25,33.5,32.916668,33.333332,1.675982,4547100,58852500000.0,0.08333199999999863,0.2506225563909733
1996-03-04,33.416668,33.833332,33.208332,33.833332,1.701121,4385100,59147502360.0,0.41666399999999726,1.2468747632169588
1996-03-05,34.166668,34.708332,34.166668,34.666668,1.74302,8670900,60475002360.0,0.5,1.4634145770374798
1996-03-06,34.5,34.875,34.458332,34.541668,1.736736,5564700,61065000000.0,0.04166800000000137,0.12077681159420688
1996-03-07,34.583332,34.833332,34.291668,34.833332,1.7514,5133600,61212497640.0,0.25,0.7228915941355796
1996-03-08,34.333332,34.541668,33.25,33.25,1.671791,7953600,60769997640.0,-1.0833319999999986,-3.1553360448674157
1996-03-11,33.125,34.041668,33.125,34.0,1.709501,6544500,58631250000.0,0.875,2.6415094339622645
1996-03-12,33.75,34.166668,33.208332,34.125,1.715786,7254000,59737500000.0,0.375,1.1111111111111112
1996-03-13,33.333332,33.333332,32.25,32.666668,1.658664,19095600,58999997640.0,-0.6666639999999973,-1.999992079999675
1996-03-14,32.166668,32.25,30.0,30.833332,1.565575,46341300,56935002360.0,-1.3333360000000027,-4.145085838545673
1996-03-15,31.083332,31.791668,31.0,31.791668,1.614236,22704000,55017497640.0,0.7083360000000027,2.2788290521749817
1996-03-18,30.666668,30.666668,29.666668,30.416668,1.544419,38443500,54280002360.0,-0.25,-0.815217355860115
1996-03-19,30.5,30.708332,28.541668,28.791668,1.461909,42798600,53985000000.0,-1.7083319999999986,-5.60108852459016
1996-03-20,29.0,29.958332,28.916668,29.833332,1.5148,35990700,51330000000.0,0.8333319999999986,2.8735586206896504
1996-03-21,30.083332,30.416668,28.875,28.916668,1.468255,14304600,53247497640.0,-1.1666639999999973,-3.8781076511072556
1996-03-22,29.5,29.625,28.75,28.75,1.459792,10860600,52215000000.0,-0.75,-2.5423728813559325
1996-03-25,28.833332,29.375,28.791668,29.208332,1.483065,11078700,51034997640.0,0.375,1.3005780948244208
1996-03-26,29.208332,29.875,29.0,29.666668,1.506337,8789100,51698747640.0,0.45833600000000274,1.5691960773384896
1996-03-27,29.875,29.875,29.083332,29.208332,1.483065,10860300,52878750000.0,-0.6666680000000014,-2.2315246861924734
1996-03-28,29.208332,29.666668,28.958332,29.375,1.491528,7048200,51698747640.0,0.16666800000000137,0.570618000370584
1996-03-29,29.625,29.625,28.833332,29.25,1.48518,9288000,52436250000.0,-0.375,-1.2658227848101267
1996-04-01,29.375,30.041668,29.333332,30.041668,1.525378,8196900,51993750000.0,0.6666680000000014,2.2695080851063874
1996-04-02,30.25,30.291668,29.958332,30.125,1.529609,7561200,53542500000.0,-0.125,-0.4132231404958678
1996-04-03,30.458332,30.791668,30.416668,30.708332,1.559228,8392800,53911247640.0,0.25,0.8207934695832984
1996-04-04,30.708332,30.791668,30.416668,30.75,1.561343,4601100,54353747640.0,0.04166800000000137,0.13568955813035163
1996-04-08,30.0,30.25,29.708332,30.208332,1.533841,6937800,53100000000.0,0.20833199999999863,0.6944399999999954
1996-04-09,30.458332,30.583332,29.541668,29.791668,1.512684,5673900,53911247640.0,-0.6666639999999973,-2.1887738304251108
1996-04-10,29.75,29.791668,28.916668,29.083332,1.476719,8675700,52657500000.0,-0.6666680000000014,-2.2409008403361392
1996-04-11,29.416668,29.416668,28.583332,29.166668,1.480949,7874100,52067502360.0,-0.25,-0.8498583184200196
1996-04-12,29.208332,29.708332,29.0,29.666668,1.506337,4437900,51698747640.0,0.45833600000000274,1.5691960773384896
1996-04-15,29.916668,30.0,29.666668,29.791668,1.512684,3933600,52952502360.0,-0.125,-0.41782727942831066
1996-04-16,29.708332,30.333332,29.416668,30.333332,1.540188,6931200,52583747640.0,0.625,2.1037869106888936
1996-04-17,30.333332,30.458332,29.666668,29.916668,1.519032,5296800,53689997640.0,-0.41666399999999726,-1.3736176427963709
1996-04-18,30.041668,30.125,29.708332,29.75,1.510568,5271000,53173752360.0,-0.29166800000000137,-0.9708781815976443
1996-04-19,29.791668,29.833332,29.291668,29.375,1.491528,5750700,52731252360.0,-0.41666800000000137,-1.3986058115309332
1996-04-22,29.625,29.75,29.041668,29.333332,1.489412,6449400,52436250000.0,-0.29166800000000137,-0.9845333333333379
1996-04-23,29.291668,29.416668,29.125,29.291668,1.487296,4839000,51846252360.0,0.0,0.0
1996-04-24,29.291668,29.291668,28.875,29.041668,1.474602,6770700,51846252360.0,-0.25,-0.8534850251614212
1996-04-25,29.0,29.291668,28.916668,29.125,1.478835,5514300,51330000000.0,0.125,0.43103448275862066
1996-04-26,29.208332,29.958332,29.166668,29.75,1.510568,6892200,51698747640.0,0.5416680000000014,1.8544982301625486
1996-04-29,29.708332,30.083332,29.583332,29.833332,1.5148,5154600,52583747640.0,0.125,0.4207573821377787
1996-04-30,29.916668,30.208332,29.916668,30.041668,1.525378,6163500,52952502360.0,0.125,0.41782727942831066
1996-05-01,30.0,30.333332,29.958332,30.208332,1.533841,4619400,53100000000.0,0.20833199999999863,0.6944399999999954
1996-05-02,29.875,30.083332,29.125,29.583332,1.502106,6435300,52878750000.0,-0.29166800000000137,-0.9762945606694606
1996-05-03,30.0,30.125,29.333332,29.583332,1.502106,6880200,53100000000.0,-0.41666800000000137,-1.388893333333338
1996-05-06,29.583332,29.583332,28.833332,29.291668,1.487296,6924900,52362497640.0,-0.29166399999999726,-0.9859065233084539
1996-05-07,29.208332,29.25,28.708332,28.791668,1.461909,6601800,51698747640.0,-0.41666399999999726,-1.4265244588427621
1996-05-08,28.666668,29.416668,28.479168,29.25,1.48518,7797000,50740002360.0,0.5833319999999986,2.034878975121903
1996-05-09,29.166668,29.416668,29.0,29.166668,1.480949,3726600,51625002360.0,0.0,0.0
1996-05-10,29.416668,29.541668,29.291668,29.333332,1.489412,3641400,52067502360.0,-0.08333600000000274,-0.2832951712954123
1996-05-13,29.416668,30.083332,29.416668,29.958332,1.521147,6485400,52067502360.0,0.5416639999999973,1.8413506247546365
1996-05-14,30.166668,30.458332,30.125,30.375,1.542303,9380700,53395002360.0,0.20833199999999863,0.6906032843932204
1996-05-15,30.458332,30.625,30.0,30.333332,1.540188,8438400,53911247640.0,-0.125,-0.4103967347916492
1996-05-16,30.291668,30.625,30.166668,30.5,1.54865,5044500,53616252360.0,0.20833199999999863,0.6877534772928273
1996-05-17,30.833332,31.875,30.708332,31.833332,1.61635,14739900,54574997640.0,1.0,3.2432433834916057
1996-05-20,31.916668,32.25,31.791668,32.041668,1.626929,10377300,56492502360.0,0.125,0.3916448922550437
1996-05-21,32.083332,32.416668,32.041668,32.291668,1.639623,7371000,56787497640.0,0.20833600000000274,0.6493589880253172
1996-05-22,32.125,32.583332,31.916668,32.541668,1.652316,5512200,56861250000.0,0.41666800000000137,1.297021011673156
1996-05-23,32.416668,35.208332,32.125,34.625,1.758099,22857600,57377502360.0,2.2083319999999986,6.8123349383101255
1996-05-24,34.416668,35.083332,34.166668,34.5,1.751752,19277700,60917502360.0,0.08333199999999863,0.24212686713309559
1996-05-28,34.5,34.5,33.291668,33.333332,1.692514,12290100,61065000000.0,-1.1666680000000014,-3.381646376811598
1996-05-29,33.291668,33.791668,33.166668,33.708332,1.711555,8970300,58926252360.0,0.41666399999999726,1.251556395432026
1996-05-30,33.75,34.25,33.458332,33.583332,1.705207,7729800,59737500000.0,-0.16666800000000137,-0.49383111111111516
1996-05-31,33.708332,33.75,33.125,33.125,1.681935,7077000,59663747640.0,-0.5833319999999986,-1.7305276333459592
1996-06-03,33.125,33.375,33.0,33.041668,1.677704,4505100,58631250000.0,-0.08333199999999863,-0.2515683018867883
1996-06-04,33.291668,33.833332,33.166668,33.791668,1.715786,6751800,58926252360.0,0.5,1.5018772865330747
1996-06-05,33.708332,33.875,33.458332,33.833332,1.717902,5736000,59663747640.0,0.125,0.37082819761001523
1996-06-06,33.958332,34.25,33.875,33.958332,1.724248,5120700,60106247640.0,0.0,0.0
1996-06-07,33.333332,33.833332,33.208332,33.708332,1.711555,5465700,58999997640.0,0.375,1.1250000450000017
1996-06-10,33.791668,33.916668,33.625,33.875,1.720017,3946500,59811252360.0,0.08333199999999863,0.24660516906119764
1996-06-11,33.916668,34.791668,33.875,34.541668,1.753867,8862300,60032502360.0,0.625,1.8427517703095124
1996-06-12,34.333332,34.791668,34.333332,34.708332,1.779503,10571700,60769997640.0,0.375,1.0922330521255554
1996-06-13,35.0,35.166668,34.75,34.791668,1.783775,10841700,61950000000.0,-0.20833199999999863,-0.5952342857142818
1996-06-14,34.875,35.208332,34.791668,35.125,1.800865,12318000,61728750000.0,0.25,0.7168458781362007
1996-06-17,35.0,35.083332,34.5,34.791668,1.783775,5365800,61950000000.0,-0.20833199999999863,-0.5952342857142818
1996-06-18,34.541668,34.666668,34.166668,34.166668,1.751731,5462100,61138752360.0,-0.375,-1.0856453139437272
1996-06-19,34.25,34.583332,34.041668,34.125,1.749595,4541700,60622500000.0,-0.125,-0.36496350364963503
1996-06-20,34.125,34.458332,34.083332,34.166668,1.751731,4216200,60401250000.0,0.04166800000000137,0.12210402930403332
1996-06-21,34.25,34.416668,34.0,34.416668,1.764549,6465600,60622500000.0,0.16666800000000137,0.48662189781022297
1996-06-24,34.666668,35.083332,34.625,34.875,1.788048,5856300,61360002360.0,0.20833199999999863,0.6009576691939318
1996-06-25,34.958332,35.208332,34.583332,34.833332,1.785911,6853200,61876247640.0,-0.125,-0.3575685476069053
1996-06-26,34.791668,34.916668,34.541668,34.625,1.77523,4287900,61581252360.0,-0.16666800000000137,-0.4790457301443592
1996-06-27,34.666668,35.125,34.416668,34.958332,1.79232,7147500,61360002360.0,0.29166399999999726,0.8413384291792833
1996-06-28,34.916668,35.75,34.666668,34.666668,1.777366,8030400,61802502360.0,-0.25,-0.7159904261196973
1996-07-01,34.791668,34.958332,34.458332,34.958332,1.79232,3643800,61581252360.0,0.16666399999999726,0.4790342331387999
1996-07-02,35.0,35.041668,34.666668,34.875,1.788048,4426200,61950000000.0,-0.125,-0.35714285714285715
1996-07-03,34.791668,35.125,34.791668,34.875,1.788048,3433500,61581252360.0,0.08333199999999863,0.23951711656939995
1996-07-05,34.166668,34.458332,33.833332,33.958332,1.741049,3730500,60475002360.0,-0.20833600000000274,-0.6097638786433688
1996-07-08,33.791668,33.958332,33.5,33.666668,1.726096,4142700,59811252360.0,-0.125,-0.36991367221055793
1996-07-09,33.916668,34.041668,33.541668,34.0,1.743187,4206600,60032502360.0,0.08333199999999863,0.24569630483748767
1996-07-10,34.0,34.125,33.75,34.125,1.749595,3664500,60180000000.0,0.125,0.3676470588235294
1996-07-11,34.041668,34.041668,33.375,34.0,1.743187,5391600,60253752360.0,-0.04166800000000137,-0.12240293278226369
1996-07-12,33.916668,34.041668,33.208332,33.958332,1.741049,5101800,60032502360.0,0.04166399999999726,0.12284225561307277
1996-07-15,33.958332,34.5,33.541668,33.541668,1.719687,8484300,60106247640.0,-0.41666399999999726,-1.2269860604460705
1996-07-16,33.541668,33.583332,32.416668,33.458332,1.715415,10398000,59368752360.0,-0.08333600000000274,-0.24845514540303343
1996-07-17,33.75,33.791668,33.125,33.125,1.698324,5604900,59737500000.0,-0.625,-1.8518518518518516
1996-07-18,33.25,34.083332,32.791668,33.666668,1.726096,5752500,58852500000.0,0.41666800000000137,1.2531368421052673
1996-07-19,33.708332,33.875,33.458332,33.5,1.717551,6722700,59663747640.0,-0.20833199999999863,-0.6180430405159135
1996-07-22,33.416668,33.458332,33.083332,33.291668,1.70687,4817700,59147502360.0,-0.125,-0.3740648229799572
1996-07-23,33.25,33.583332,33.125,33.208332,1.702597,5010900,58852500000.0,-0.04166800000000137,-0.12531729323308682
1996-07-24,32.75,33.375,32.708332,33.291668,1.70687,5749500,57967500000.0,0.5416680000000014,1.6539480916030576
1996-07-25,33.416668,33.583332,33.375,33.416668,1.713279,3250800,59147502360.0,0.0,0.0
1996-07-26,33.416668,34.041668,33.416668,34.041668,1.745323,4255200,59147502360.0,0.625,1.8703241148997858
1996-07-29,33.875,34.125,33.833332,33.916668,1.738914,3903600,59958750000.0,0.04166800000000137,0.12300516605166455
1996-07-30,34.125,34.375,33.916668,34.333332,1.760277,4326600,60401250000.0,0.20833199999999863,0.6104967032966993
1996-07-31,34.291668,35.0,34.291668,34.875,1.788048,4957200,60696252360.0,0.5833319999999986,1.7010896057899505
1996-08-01,34.791668,35.375,34.791668,35.291668,1.80941,5682600,61581252360.0,0.5,1.4371256934275183
1996-08-02,35.5,35.833332,35.416668,35.541668,1.822228,4983300,62835000000.0,0.04166800000000137,0.11737464788732781
1996-08-05,35.541668,35.583332,34.958332,35.0,1.794456,3200100,62908752360.0,-0.5416680000000014,-1.5240365196141086
1996-08-06,34.916668,35.125,34.708332,35.041668,1.796593,6344700,61802502360.0,0.125,0.35799521305984866
1996-08-07,35.041668,35.291668,34.958332,35.25,1.807274,4214100,62023752360.0,0.20833199999999863,0.594526493430617
1996-08-08,35.291668,35.458332,35.125,35.166668,1.803002,3847800,62466252360.0,-0.125,-0.35419124990068473
1996-08-09,35.0,35.125,30.291668,30.291668,1.55306,6140400,61950000000.0,-4.708331999999999,-13.452377142857138
1996-08-12,31.375,31.375,30.75,31.208332,1.600057,47442600,55533750000.0,-0.16666800000000137,-0.5312127490039884
1996-08-13,31.333332,31.5,29.75,30.0,1.538105,30266700,55459997640.0,-1.3333319999999986,-4.255315074694254
1996-08-14,30.333332,30.75,30.166668,30.416668,1.559469,14499300,53689997640.0,0.08333600000000274,0.2747340780102982
1996-08-15,30.458332,30.5,30.0,30.0,1.538105,11064000,53911247640.0,-0.45833199999999863,-1.5047836500042047
1996-08-16,30.125,30.166668,29.5,29.541668,1.514607,18458400,53321250000.0,-0.5833319999999986,-1.9363717842323607
1996-08-19,29.541668,29.958332,29.333332,29.958332,1.535969,12913800,52288752360.0,0.41666399999999726,1.4104281450864495
1996-08-20,30.125,30.541668,30.041668,30.5,1.56374,11250000,53321250000.0,0.375,1.2448132780082988
1996-08-21,30.5,30.583332,29.041668,29.208332,1.497517,18652800,53985000000.0,-1.2916680000000014,-4.2349770491803325
1996-08-22,29.083332,29.583332,28.541668,28.916668,1.482562,25101900,51477497640.0,-0.16666399999999726,-0.5730567597962891
1996-08-23,28.958332,29.458332,28.541668,29.333332,1.503925,12549600,51256247640.0,0.375,1.2949640884012241
1996-08-26,30.916668,31.208332,29.5,30.125,1.544514,18795000,54722502360.0,-0.7916680000000014,-2.560651102505617
1996-08-27,30.333332,30.666668,30.291668,30.625,1.570149,9549600,53689997640.0,0.29166800000000137,0.9615428994084836
1996-08-28,30.875,31.25,30.291668,30.458332,1.561604,10593600,54648750000.0,-0.41666800000000137,-1.3495319838056725
1996-08-29,30.458332,30.458332,29.875,30.125,1.544514,8231400,53911247640.0,-0.33333199999999863,-1.0943869152125554
1996-08-30,30.041668,30.166668,29.458332,29.916668,1.533833,6687300,53173752360.0,-0.125,-0.4160887471361443
1996-09-03,29.666668,29.875,29.541668,29.875,1.531696,5028300,52510002360.0,0.20833199999999863,0.7022426650677408
1996-09-04,30.041668,30.208332,29.958332,30.125,1.544514,5095200,53173752360.0,0.08333199999999863,0.2773880598107889
1996-09-05,30.125,30.375,30.0,30.041668,1.540242,4312200,53321250000.0,-0.08333199999999863,-0.2766207468879623
1996-09-06,30.166668,30.291668,30.0,30.25,1.550923,4275000,53395002360.0,0.08333199999999863,0.276238661823701
1996-09-09,30.583332,30.791668,30.458332,30.583332,1.568013,4026000,54132497640.0,0.0,0.0
1996-09-10,30.583332,30.583332,30.333332,30.416668,1.559469,4105500,54132497640.0,-0.16666399999999726,-0.5449504324773942
1996-09-11,30.291668,30.708332,30.208332,30.666668,1.572285,5417100,53616252360.0,0.375,1.2379641820978626
1996-09-12,30.375,30.5,30.166668,30.25,1.57142,3978900,53763750000.0,-0.125,-0.411522633744856
1996-09-13,30.416668,30.625,30.333332,30.5,1.584407,4538700,53837502360.0,0.08333199999999863,0.27396820716851245
1996-09-16,30.541668,30.791668,30.5,30.666668,1.593064,5684400,54058752360.0,0.125,0.409276926198006
1996-09-17,31.375,31.666668,31.208332,31.375,1.629861,12719100,55533750000.0,0.0,0.0
1996-09-18,31.375,31.375,31.083332,31.083332,1.614709,6448800,55533750000.0,-0.29166800000000137,-0.9296191235059805
1996-09-19,31.0,31.291668,31.0,31.25,1.623366,3998100,54870000000.0,0.25,0.8064516129032258
1996-09-20,31.25,31.291668,30.875,30.875,1.603887,7420200,55312500000.0,-0.375,-1.2
1996-09-23,30.791668,30.833332,30.5,30.5,1.584407,5302800,54501252360.0,-0.29166800000000137,-0.9472302702146612
1996-09-24,30.625,30.916668,30.416668,30.583332,1.588735,5586600,54206250000.0,-0.04166800000000137,-0.13605877551020856
1996-09-25,30.708332,30.708332,29.875,30.25,1.57142,8499300,54353747640.0,-0.45833199999999863,-1.4925330363107923
1996-09-26,30.416668,30.416668,30.041668,30.083332,1.562762,5468400,53837502360.0,-0.33333600000000274,-1.0958991300427867
1996-09-27,30.208332,30.25,29.541668,30.041668,1.560598,5822100,53468747640.0,-0.16666399999999726,-0.551715334696392
1996-09-30,30.083332,30.208332,29.916668,29.916668,1.554103,4706700,53247497640.0,-0.16666399999999726,-0.5540077807870394
1996-10-01,29.916668,30.541668,29.916668,30.541668,1.586571,5940900,52952502360.0,0.625,2.0891363971415533
1996-10-02,30.791668,30.875,30.583332,30.791668,1.599558,5408700,54501252360.0,0.0,0.0
1996-10-03,30.833332,31.041668,30.208332,30.333332,1.575749,8714700,54574997640.0,-0.5,-1.6216216917458028
1996-10-04,30.458332,30.958332,30.291668,30.916668,1.606052,6563700,53911247640.0,0.45833600000000274,1.5047967826997315
1996-10-07,30.958332,31.291668,30.875,31.166668,1.619038,4386300,54796247640.0,0.20833600000000274,0.6729561528056575
1996-10-08,31.25,31.375,31.083332,31.166668,1.619038,3499500,55312500000.0,-0.08333199999999863,-0.2666623999999956
1996-10-09,31.25,31.25,30.75,30.875,1.603887,4884000,55312500000.0,-0.375,-1.2
1996-10-10,30.958332,31.166668,30.875,31.041668,1.612545,4056000,54796247640.0,0.08333600000000274,0.2691876293593684
1996-10-11,31.208332,31.25,31.041668,31.25,1.623366,2782500,55238747640.0,0.04166800000000137,0.13351562653204718
1996-10-14,31.166668,31.375,31.083332,31.166668,1.619038,3915600,55165002360.0,0.0,0.0
1996-10-15,31.333332,31.541668,31.208332,31.333332,1.627696,6175200,55459997640.0,0.0,0.0
1996-10-16,31.458332,32.041668,31.291668,31.958332,1.660164,7570200,55681247640.0,0.5,1.5894040408754033
1996-10-17,32.125,32.541668,32.041668,32.458332,1.686137,7449900,56861250000.0,0.33333199999999863,1.0376093385213965
1996-10-18,31.833332,31.875,30.541668,30.666668,1.593064,24050100,56344997640.0,-1.1666639999999973,-3.6649132425094466
1996-10-21,30.791668,31.208332,30.541668,31.166668,1.619038,10348800,54501252360.0,0.375,1.2178619229071967
1996-10-22,31.0,31.125,30.75,30.833332,1.601723,4747800,54870000000.0,-0.16666800000000137,-0.5376387096774238
1996-10-23,30.75,31.125,30.708332,31.0,1.610381,5730600,54427500000.0,0.25,0.8130081300813009
1996-10-24,31.083332,31.166668,30.5,30.5,1.584407,5313300,55017497640.0,-0.5833319999999986,-1.8766713941735675
1996-10-25,30.666668,30.875,30.583332,30.833332,1.601723,4249200,54280002360.0,0.16666399999999726,0.5434695415882719
1996-10-28,31.0,31.416668,31.0,31.083332,1.614709,8044500,54870000000.0,0.08333199999999863,0.26881290322580204
1996-10-29,31.166668,31.333332,30.916668,31.25,1.623366,4592700,55165002360.0,0.08333199999999863,0.26737538963099494
1996-10-30,31.291668,31.416668,30.833332,30.875,1.603887,5735400,55386252360.0,-0.41666800000000137,-1.3315621270173306
1996-10-31,30.958332,31.166668,30.791668,30.791668,1.599558,4335900,54796247640.0,-0.16666399999999726,-0.5383494175332096
1996-11-01,30.916668,31.208332,30.791668,30.958332,1.608217,5033700,54722502360.0,0.04166399999999726,0.13476225833908512
1996-11-04,31.041668,31.25,30.791668,30.958332,1.608217,4518900,54943752360.0,-0.08333600000000274,-0.26846495491158123
1996-11-05,30.958332,31.416668,30.916668,31.166668,1.619038,4977000,54796247640.0,0.20833600000000274,0.6729561528056575
1996-11-06,31.333332,32.458332,31.333332,32.458332,1.686137,13079700,55459997640.0,1.125,3.5904256846989653
1996-11-07,32.0,32.916668,32.0,32.791668,1.703453,10157700,56640000000.0,0.7916680000000014,2.4739625000000043
1996-11-08,32.625,32.916668,32.583332,32.583332,1.692631,6076500,57746250000.0,-0.04166800000000137,-0.12771800766283944
1996-11-11,32.583332,33.375,32.333332,33.125,1.72077,7029300,57672497640.0,0.5416680000000014,1.6624082521701629
1996-11-12,33.0,33.25,32.916668,33.041668,1.71644,5760300,58410000000.0,0.04166800000000137,0.1262666666666708
1996-11-13,33.0,33.333332,32.791668,33.208332,1.725099,4389900,58410000000.0,0.20833199999999863,0.6313090909090867
1996-11-14,33.166668,34.333332,33.125,34.208332,1.777046,10184100,58705002360.0,1.0416639999999973,3.1406953511278166
1996-11-15,34.25,34.25,33.708332,33.708332,1.751073,8222700,60622500000.0,-0.5416680000000014,-1.5815124087591281
1996-11-18,33.916668,34.208332,33.708332,33.791668,1.755402,5746800,60032502360.0,-0.125,-0.36855035406190256
1996-11-19,33.875,34.083332,33.833332,33.875,1.759731,5555100,59958750000.0,0.0,0.0
1996-11-20,33.791668,33.958332,33.375,33.916668,1.761895,5581500,59811252360.0,0.125,0.36991367221055793
1996-11-21,33.958332,34.25,33.5,33.958332,1.764059,8195700,60106247640.0,0.0,0.0
1996-11-22,33.916668,34.166668,33.916668,34.083332,1.770552,5549100,60032502360.0,0.16666399999999726,0.49139260967497533
1996-11-25,34.208332,35.208332,34.083332,35.166668,1.826829,10837200,60548747640.0,0.9583360000000027,2.8014695367198925
1996-11-26,35.125,35.25,34.791668,34.916668,1.813842,13470300,62171250000.0,-0.20833199999999863,-0.5931160142348716
1996-11-27,35.041668,35.291668,34.375,34.625,1.798692,8664600,62023752360.0,-0.41666800000000137,-1.1890644018429755
1996-11-29,34.625,34.833332,34.375,34.416668,1.787869,3830700,61286250000.0,-0.20833199999999863,-0.6016808664259888
1996-12-02,34.291668,34.583332,33.833332,34.416668,1.787869,5986500,60696252360.0,0.125,0.36452003442935466
1996-12-03,34.375,34.625,34.291668,34.375,1.785703,5667300,60843750000.0,0.0,0.0
1996-12-04,34.375,35.666668,34.208332,34.807293,1.808161,10464600,60843750000.0,0.43229300000000137,1.2575796363636405
1996-12-05,35.208332,36.041668,35.208332,35.958332,1.867955,9434400,62318747640.0,0.75,2.1301775954623468
1996-12-06,35.375,36.791668,34.833332,36.458332,1.893928,15463500,62613750000.0,1.0833319999999986,3.0624226148409854
1996-12-09,36.75,38.333332,36.583332,38.083332,1.978344,10970400,65047500000.0,1.3333319999999986,3.6281142857142816
1996-12-10,38.666668,39.333332,38.5,38.791668,2.01514,13729800,68440002360.0,0.125,0.3232758509215224
1996-12-11,38.166668,39.666668,38.083332,39.583332,2.056265,20610000,67555002360.0,1.4166639999999973,3.711783276444245
1996-12-12,39.416668,39.666668,37.916668,37.916668,1.989793,10006200,69767502360.0,-1.5,-3.8054967000254813
1996-12-13,37.375,37.791668,36.75,37.166668,1.950435,9936000,66153750000.0,-0.20833199999999863,-0.5574100334448124
1996-12-16,37.25,37.25,35.833332,36.375,1.90889,10533600,65932500000.0,-0.875,-2.348993288590604
1996-12-17,36.208332,37.083332,36.125,36.541668,1.917637,6095100,64088747640.0,0.33333600000000274,0.9206057876402668
1996-12-18,36.333332,37.291668,35.958332,37.208332,1.952622,8342400,64309997640.0,0.875,2.4082569691103473
1996-12-19,37.416668,38.083332,37.333332,37.916668,1.989793,7368600,66227502360.0,0.5,1.33630284770413
1996-12-20,38.583332,38.583332,37.0,37.208332,1.952622,10049400,68292497640.0,-1.375,-3.563715025959915
1996-12-23,37.125,37.708332,37.083332,37.375,1.961368,3849000,65711250000.0,0.25,0.6734006734006733
1996-12-24,37.958332,38.25,37.833332,38.166668,2.002913,2413500,67186247640.0,0.20833600000000274,0.5488544649433035
1996-12-26,38.125,38.583332,37.625,37.708332,1.978859,4359600,67481250000.0,-0.41666800000000137,-1.0928996721311512
1996-12-27,37.666668,38.25,37.666668,38.0,1.994167,2958000,66670002360.0,0.33333199999999863,0.8849521810636359
1996-12-30,38.0,38.75,38.0,38.208332,2.0051,5195700,67260000000.0,0.20833199999999863,0.5482421052631543
1996-12-31,38.625,38.625,37.541668,37.666668,1.976674,4832400,68366250000.0,-0.9583319999999986,-2.4811184466019385
1997-01-02,37.625,37.708332,36.0,37.166668,1.950435,10579500,66596250000.0,-0.45833199999999863,-1.2181581395348802
1997-01-03,37.625,37.833332,37.208332,37.666668,1.976674,6443700,66596250000.0,0.04166800000000137,0.11074551495016975
1997-01-06,37.875,38.291668,37.5,37.75,1.981048,6108900,67038750000.0,-0.125,-0.33003300330033003
1997-01-07,37.458332,37.708332,37.125,37.708332,1.978859,5722200,66301247640.0,0.25,0.6674082551246543
1997-01-08,38.0,38.166668,37.5,37.583332,1.972301,5778300,67260000000.0,-0.41666800000000137,-1.0964947368421087
1997-01-09,36.875,37.833332,36.375,37.791668,1.983233,7532700,65268750000.0,0.9166680000000014,2.4858793220339024
1997-01-10,37.083332,37.708332,37.083332,37.666668,1.976674,6808800,65637497640.0,0.5833360000000027,1.5730409554351878
1997-01-13,37.791668,38.333332,37.625,38.25,2.007286,5019000,66891252360.0,0.45833199999999863,1.212785844752866
1997-01-14,38.375,38.791668,38.083332,38.541668,2.022592,6481200,67923750000.0,0.16666800000000137,0.4343140065146615
1997-01-15,38.208332,38.416668,37.916668,37.916668,1.989793,3504600,67628747640.0,-0.29166399999999726,-0.7633518259839169
1997-01-16,38.083332,38.458332,37.625,38.083332,1.99854,4791000,67407497640.0,0.0,0.0
1997-01-17,38.125,38.5,37.666668,38.416668,2.016032,7311300,67481250000.0,0.29166800000000137,0.7650308196721347
1997-01-20,38.458332,39.125,38.333332,39.083332,2.051018,6567000,68071247640.0,0.625,1.625135484295055
1997-01-21,38.833332,40.083332,38.75,39.875,2.092563,9245400,68734997640.0,1.0416680000000014,2.682406959052603
1997-01-22,39.791668,40.083332,39.583332,39.958332,2.096936,4771200,70431252360.0,0.16666399999999726,0.4188414519341015
1997-01-23,40.0,40.5,38.708332,39.208332,2.057577,9184500,70800000000.0,-0.7916680000000014,-1.9791700000000034
1997-01-24,39.208332,39.333332,38.083332,38.583332,2.024778,9462000,69398747640.0,-0.625,-1.594048938373609
1997-01-27,38.333332,38.875,37.875,38.625,2.026965,4905300,67849997640.0,0.29166800000000137,0.7608730699434147
1997-01-28,38.958332,39.291668,37.833332,38.125,2.000726,6125100,68956247640.0,-0.8333319999999986,-2.1390340839027675
1997-01-29,38.166668,38.791668,38.166668,38.791668,2.035711,4245000,67555002360.0,0.625,1.6375545279456931
1997-01-30,39.0,40.083332,38.958332,39.958332,2.096936,7552800,69030000000.0,0.9583319999999986,2.457261538461535
1997-01-31,40.083332,40.583332,39.5,39.625,2.079443,10869300,70947497640.0,-0.45833199999999863,-1.143447855083501
1997-02-03,40.083332,40.875,39.958332,40.791668,2.140667,8925600,70947497640.0,0.7083360000000027,1.767158478741245
1997-02-04,40.625,40.75,40.458332,40.625,2.131921,5567700,71906250000.0,0.0,0.0
1997-02-05,41.0,41.208332,39.75,39.958332,2.096936,7588500,72570000000.0,-1.0416680000000014,-2.5406536585365886
1997-02-06,40.166668,40.583332,39.875,40.541668,2.127548,5489100,71095002360.0,0.375,0.9336099275150231
1997-02-07,40.791668,41.083332,40.166668,40.375,2.118802,6597900,72201252360.0,-0.41666800000000137,-1.021453694906522
1997-02-10,39.666668,40.291668,39.666668,40.083332,2.103496,4350000,70210002360.0,0.41666399999999726,1.0504134100701306
1997-02-11,40.25,40.291668,39.833332,40.25,2.112242,4467000,71242500000.0,0.0,0.0
1997-02-12,40.291668,40.583332,40.25,40.5,2.125363,5403600,71316252360.0,0.20833199999999863,0.5170597553816799
1997-02-13,40.666668,41.791668,40.625,41.708332,2.188772,8115300,71980002360.0,1.0416639999999973,2.561468768476427
1997-02-14,41.916668,42.083332,41.291668,41.833332,2.195332,6899700,74192502360.0,-0.08333600000000274,-0.1988135125625986
1997-02-18,42.5,43.958332,42.458332,43.75,2.295915,11949000,75225000000.0,1.25,2.941176470588235
1997-02-19,43.833332,44.458332,43.375,44.375,2.328714,10620000,77584997640.0,0.5416680000000014,1.2357445242812055
1997-02-20,44.083332,44.166668,43.166668,43.333332,2.274049,6325200,78027497640.0,-0.75,-1.7013233028755632
1997-02-21,42.833332,43.125,42.208332,43.041668,2.258743,7836300,75814997640.0,0.20833600000000274,0.4863875637786076
1997-02-24,42.625,45.416668,42.625,45.041668,2.363699,10221000,75446250000.0,2.4166680000000014,5.669602346041059
1997-02-25,45.041668,45.291668,43.833332,44.416668,2.330901,7982700,79723752360.0,-0.625,-1.3876040292291127
1997-02-26,44.5,45.583332,44.083332,44.5,2.335274,17194500,78765000000.0,0.0,0.0
1997-02-27,44.666668,45.541668,44.541668,45.166668,2.37026,12536400,79060002360.0,0.5,1.1194029516596133
1997-02-28,45.625,45.958332,44.375,45.083332,2.365886,10506300,80756250000.0,-0.5416680000000014,-1.1872175342465783
1997-03-03,45.125,45.5,44.75,45.5,2.387751,6326400,79871250000.0,0.375,0.8310249307479225
1997-03-04,45.5,45.541668,44.833332,44.875,2.354952,4906500,80535000000.0,-0.625,-1.3736263736263736
1997-03-05,44.708332,44.958332,44.125,44.708332,2.346206,6472800,79133747640.0,0.0,0.0
1997-03-06,44.958332,45.0,44.333332,44.416668,2.330901,8268000,79576247640.0,-0.5416639999999973,-1.2048133814217068
1997-03-07,44.416668,45.458332,44.375,45.333332,2.379005,5975100,78617502360.0,0.9166639999999973,2.0637838029633317
1997-03-10,45.833332,46.333332,45.416668,46.25,2.427111,8451600,81124997640.0,0.41666800000000137,0.9090938446281875
1997-03-11,46.416668,46.583332,46.291668,46.541668,2.442416,5973600,82157502360.0,0.125,0.2692998127310646
1997-03-12,46.208332,46.375,45.75,46.0,2.413991,6592800,81788747640.0,-0.20833199999999863,-0.4508537551193119
1997-03-13,44.625,45.25,41.708332,42.0,2.223413,19407300,78986250000.0,-2.625,-5.88235294117647
1997-03-14,42.75,43.208332,42.0,43.041668,2.278558,15358500,75667500000.0,0.29166800000000137,0.6822643274853833
1997-03-17,43.0,43.083332,41.083332,42.208332,2.234441,12287700,76110000000.0,-0.7916680000000014,-1.8410883720930262
1997-03-18,42.166668,42.416668,41.666668,41.791668,2.212384,6937500,74635002360.0,-0.375,-0.8893280351200621
1997-03-19,41.541668,41.916668,40.208332,40.666668,2.152829,8831100,73528752360.0,-0.875,-2.106318889265592
1997-03-20,39.083332,39.583332,38.041668,38.625,2.044746,25189200,69177497640.0,-0.45833199999999863,-1.172704517618914
1997-03-21,38.625,38.625,36.75,37.166668,1.967544,29603100,68366250000.0,-1.4583319999999986,-3.775616828478961
1997-03-24,37.625,38.791668,37.541668,38.583332,2.04254,13631100,66596250000.0,0.9583319999999986,2.5470617940199296
1997-03-25,39.0,39.958332,38.875,39.5,2.091067,10160100,69030000000.0,0.5,1.282051282051282
1997-03-26,40.125,40.125,39.375,39.833332,2.108714,8005800,71021250000.0,-0.29166800000000137,-0.7268984423676047
1997-03-27,39.791668,39.791668,38.583332,39.041668,2.066803,6633300,70431252360.0,-0.75,-1.88481669077054
1997-03-31,39.041668,39.041668,37.791668,38.041668,2.013865,9322500,69103752360.0,-1.0,-2.561365974425068
1997-04-01,38.041668,38.791668,38.041668,38.666668,2.046952,5512800,67333752360.0,0.625,1.6429353202914234
1997-04-02,38.625,38.666668,37.875,38.125,2.018276,4053600,68366250000.0,-0.5,-1.2944983818770228
1997-04-03,37.875,38.166668,37.583332,38.083332,2.016071,4595700,67038750000.0,0.20833199999999863,0.5500514851485112
1997-04-04,37.375,38.041668,37.375,37.791668,2.00063,7337700,66153750000.0,0.41666800000000137,1.1148307692307728
1997-04-07,37.791668,38.0,37.333332,37.75,1.998425,6266400,66891252360.0,-0.04166800000000137,-0.11025710746612552
1997-04-08,37.708332,38.291668,37.25,38.083332,2.016071,5213400,66743747640.0,0.375,0.9944751732853101
1997-04-09,38.375,38.375,37.583332,37.833332,2.002836,4460100,67923750000.0,-0.5416680000000014,-1.4115127035830655
1997-04-10,38.041668,38.625,38.0,38.041668,2.013865,6392400,67333752360.0,0.0,0.0
1997-04-11,38.0,39.375,37.625,38.625,2.044746,8309600,67260000000.0,0.625,1.644736842105263
1997-04-14,38.75,39.375,37.375,38.5,2.038128,5780300,68587500000.0,-0.25,-0.6451612903225806
1997-04-15,39.25,39.5,38.0,39.0,2.064598,4435900,69472500000.0,-0.25,-0.6369426751592357
1997-04-16,40.875,43.25,40.625,43.25,2.289586,18516000,72348750000.0,2.375,5.81039755351682
1997-04-17,43.0,43.5,41.5,41.625,2.20356,12168700,76110000000.0,-1.375,-3.1976744186046515
1997-04-18,42.25,45.0,42.25,44.375,2.349141,16198200,74782500000.0,2.125,5.029585798816568
1997-04-21,44.0,44.125,41.5,42.625,2.2565,9025200,77880000000.0,-1.375,-3.125
1997-04-22,42.375,43.0,41.5,42.125,2.23003,10127000,75003750000.0,-0.25,-0.5899705014749262
1997-04-23,41.25,42.25,40.625,40.75,2.157239,6836500,73012500000.0,-0.5,-1.2121212121212122
1997-04-24,41.0,42.125,41.0,41.625,2.20356,6427400,72570000000.0,0.625,1.524390243902439
1997-04-25,41.125,42.375,38.25,39.5,2.091067,14045500,72791250000.0,-1.625,-3.951367781155015
1997-04-28,38.75,39.875,38.375,39.625,2.097684,6322700,68587500000.0,0.875,2.258064516129032
1997-04-29,40.25,40.375,37.375,39.25,2.077832,10897100,71242500000.0,-1.0,-2.484472049689441
1997-04-30,38.625,39.875,38.625,39.375,2.084449,8027400,68366250000.0,0.75,1.9417475728155338
1997-05-01,39.25,39.75,38.5,39.25,2.077832,5302000,69472500000.0,0.0,0.0
1997-05-02,39.625,39.875,38.625,39.875,2.11092,6533000,70136250000.0,0.25,0.6309148264984227
1997-05-05,39.125,46.0,38.0,44.125,2.335906,12350000,69251250000.0,5.0,12.779552715654951
1997-05-06,43.0,43.75,41.125,41.75,2.210179,17332600,76110000000.0,-1.25,-2.9069767441860463
1997-05-07,41.625,42.5,41.0,41.25,2.183709,7571800,73676250000.0,-0.375,-0.9009009009009009
1997-05-08,41.625,42.375,41.125,41.875,2.216796,5213500,73676250000.0,0.25,0.6006006006006006
1997-05-09,42.5,42.5,41.625,42.125,2.23003,5044600,75225000000.0,-0.375,-0.8823529411764706
1997-05-12,42.125,42.5,41.875,42.375,2.243265,5087200,74561250000.0,0.25,0.5934718100890208
1997-05-13,42.5,42.625,41.75,42.375,2.243265,4589100,75225000000.0,-0.125,-0.29411764705882354
1997-05-14,43.0,43.375,42.0,42.5,2.249882,5103700,76110000000.0,-0.5,-1.1627906976744187
1997-05-15,43.0,43.25,42.375,42.625,2.2565,6460400,76110000000.0,-0.375,-0.872093023255814
1997-05-16,42.625,42.875,42.0,42.375,2.243265,5274200,75446250000.0,-0.25,-0.5865102639296188
1997-05-19,42.625,43.75,42.625,43.0,2.276351,6559200,75446250000.0,0.375,0.8797653958944283
1997-05-20,42.125,42.875,42.125,42.625,2.2565,5246100,74561250000.0,0.5,1.1869436201780417
1997-05-21,43.625,44.625,42.625,44.5,2.355758,10978600,77216250000.0,0.875,2.005730659025788
1997-05-22,45.0,45.375,44.25,44.75,2.368993,6409300,79650000000.0,-0.25,-0.5555555555555556
1997-05-23,45.5,45.875,44.75,45.375,2.40208,8503600,80535000000.0,-0.125,-0.27472527472527475
1997-05-27,45.125,45.25,44.0,44.0,2.329289,6134300,79871250000.0,-1.125,-2.4930747922437675
1997-05-28,44.0,44.875,43.375,43.875,2.322673,6919500,77880000000.0,-0.125,-0.2840909090909091
1997-05-29,43.875,44.125,43.0,44.125,2.335906,4025800,77658750000.0,0.25,0.5698005698005698
1997-05-30,43.375,44.0,43.0,44.0,2.329289,5356800,76773750000.0,0.625,1.440922190201729
1997-06-02,43.375,43.5,42.25,42.75,2.263117,4809200,76773750000.0,-0.625,-1.440922190201729
1997-06-03,42.5,42.875,41.875,42.375,2.243265,4120300,75225000000.0,-0.125,-0.29411764705882354
1997-06-04,42.25,42.375,41.25,41.75,2.210179,3944400,74782500000.0,-0.5,-1.183431952662722
1997-06-05,42.5,42.875,41.875,42.75,2.263117,4954700,75225000000.0,0.25,0.5882352941176471
1997-06-06,42.5,43.0,42.25,42.625,2.2565,4887800,75225000000.0,0.125,0.29411764705882354
1997-06-09,42.875,43.125,42.625,42.875,2.269733,5034500,75888750000.0,0.0,0.0
1997-06-10,42.75,42.875,42.25,42.75,2.263117,7360500,75667500000.0,0.0,0.0
1997-06-11,42.75,43.875,42.375,43.125,2.282968,8688700,75667500000.0,0.375,0.8771929824561403
1997-06-12,44.0,45.125,43.375,44.5,2.377814,13696800,77880000000.0,0.5,1.1363636363636365
1997-06-13,45.125,46.5,45.125,46.25,2.471323,12920800,79871250000.0,1.125,2.4930747922437675
1997-06-16,46.375,47.125,45.625,45.625,2.437928,8405400,82083750000.0,-0.75,-1.6172506738544474
1997-06-17,45.75,46.75,45.375,46.125,2.464645,7116600,80977500000.0,0.375,0.819672131147541
1997-06-18,46.0,46.25,44.5,45.5,2.431247,6402800,81420000000.0,-0.5,-1.0869565217391304
1997-06-19,47.875,48.125,46.625,47.5,2.538116,14139800,84738750000.0,-0.375,-0.7832898172323759
1997-06-20,47.625,48.0,45.0,45.5,2.431247,18348800,84296250000.0,-2.125,-4.4619422572178475
1997-06-23,44.875,46.625,42.625,42.75,2.284304,14460600,79428750000.0,-2.125,-4.735376044568245
1997-06-24,43.875,44.5,43.25,44.1875,2.361116,9701000,77658750000.0,0.3125,0.7122507122507122
1997-06-25,44.1875,44.3125,42.25,43.1875,2.307681,8376300,78211875000.0,-1.0,-2.263083451202263
1997-06-26,43.0,43.34375,42.5,42.8125,2.287644,4912000,76110000000.0,-0.1875,-0.436046511627907
1997-06-27,43.25,44.25,42.5,42.75,2.284304,5749200,76552500000.0,-0.5,-1.1560693641618496
1997-06-30,43.5,44.375,42.625,44.25,2.364455,6184300,76995000000.0,0.75,1.7241379310344827
1997-07-01,44.25,44.25,43.3125,43.875,2.344418,5877900,78322500000.0,-0.375,-0.847457627118644
1997-07-02,44.0625,44.125,43.875,44.0,2.351096,4850800,77990625000.0,-0.0625,-0.14184397163120568
1997-07-03,45.0,45.5,44.75,45.375,2.424569,5943500,79650000000.0,0.375,0.8333333333333334
1997-07-07,45.5,45.75,44.125,44.75,2.391172,5390500,80535000000.0,-0.75,-1.6483516483516485
1997-07-08,44.875,45.0,44.0625,44.4375,2.374474,4789900,79428750000.0,-0.4375,-0.9749303621169917
1997-07-09,44.5625,44.625,42.8125,43.4375,2.321041,8110500,78875625000.0,-1.125,-2.524544179523142
1997-07-10,43.4375,43.6875,42.875,43.375,2.3177,5666800,76884375000.0,-0.0625,-0.14388489208633093
1997-07-11,43.6875,43.8125,42.875,43.3125,2.314361,4241200,77326875000.0,-0.375,-0.8583690987124464
1997-07-14,43.4375,43.625,42.0,42.75,2.284304,6057000,76884375000.0,-0.6875,-1.5827338129496402
1997-07-15,43.125,43.1875,42.0,42.5625,2.274285,7217900,76331250000.0,-0.5625,-1.3043478260869565
1997-07-16,43.0625,43.8125,42.6875,43.3125,2.314361,6350700,76220625000.0,0.25,0.5805515239477503
1997-07-17,43.3125,43.625,42.0,42.0,2.244229,7408300,76663125000.0,-1.3125,-3.0303030303030303
1997-07-18,42.0625,42.5625,40.75,41.0,2.190796,7063000,74450625000.0,-1.0625,-2.526002971768202
1997-07-21,40.9375,41.375,39.9375,40.5,2.164079,7369700,72459375000.0,-0.4375,-1.0687022900763359
1997-07-22,41.5625,42.9375,41.4375,42.625,2.277625,9912900,73565625000.0,1.0625,2.556390977443609
1997-07-23,43.0,43.375,42.375,42.5,2.270947,10229800,76110000000.0,-0.5,-1.1627906976744187
1997-07-24,43.125,44.0,42.875,43.9375,2.347758,7910200,76331250000.0,0.8125,1.884057971014493
1997-07-25,44.1875,44.75,43.9375,44.6875,2.387832,6574800,78211875000.0,0.5,1.1315417256011315
1997-07-28,44.6875,45.0,44.4375,44.875,2.397851,5684200,79096875000.0,0.1875,0.4195804195804196
1997-07-29,44.8125,45.625,44.75,45.125,2.411209,6103800,79318125000.0,0.3125,0.697350069735007
1997-07-30,45.6875,46.25,45.5,45.9375,2.454626,6621200,80866875000.0,0.25,0.5471956224350205
1997-07-31,45.9375,45.9375,44.5625,45.125,2.411209,4882200,81309375000.0,-0.8125,-1.7687074829931975
1997-08-01,45.0625,45.1875,43.8125,45.0,2.404531,6292700,79760625000.0,-0.0625,-0.13869625520110956
1997-08-04,44.875,45.875,44.625,44.6875,2.387832,4422700,79428750000.0,-0.1875,-0.4178272980501393
1997-08-05,44.6875,44.8125,43.75,44.3125,2.367795,3110600,79096875000.0,-0.375,-0.8391608391608392
1997-08-06,43.875,45.8125,43.5625,45.5625,2.434588,5899700,77658750000.0,1.6875,3.8461538461538463
1997-08-07,45.625,45.875,44.75,45.0,2.404531,4542600,80756250000.0,-0.625,-1.36986301369863
1997-08-08,44.625,45.375,43.5,44.625,2.384494,6441100,78986250000.0,0.0,0.0
1997-08-11,45.0,45.9375,44.375,45.6875,2.441267,4995000,79650000000.0,0.6875,1.5277777777777777
1997-08-12,45.75,46.5625,45.0625,45.5,2.431247,5412600,80977500000.0,-0.25,-0.546448087431694
1997-08-13,46.0,46.125,44.6875,44.875,2.397851,4765500,81420000000.0,-1.125,-2.4456521739130435
1997-08-14,45.375,46.4375,45.1875,46.3125,2.474663,6098500,80313750000.0,0.9375,2.066115702479339
1997-08-15,46.0,46.125,45.0,45.125,2.411209,4979800,81420000000.0,-0.875,-1.9021739130434785
1997-08-18,45.0,45.1875,43.5,44.9375,2.401191,6525100,79650000000.0,-0.0625,-0.1388888888888889
1997-08-19,44.875,44.9375,44.25,44.4375,2.374474,4461100,79428750000.0,-0.4375,-0.9749303621169917
1997-08-20,44.3125,45.75,44.3125,45.75,2.444606,5821200,78433125000.0,1.4375,3.244005641748942
1997-08-21,45.75,45.75,44.25,44.75,2.391172,5693300,80977500000.0,-1.0,-2.185792349726776
1997-08-22,43.0625,44.3125,43.0625,44.3125,2.367795,5446200,76220625000.0,1.25,2.9027576197387517
1997-08-25,44.125,45.5625,44.125,44.9375,2.401191,6348300,78101250000.0,0.8125,1.8413597733711047
1997-08-26,44.4375,45.75,44.375,45.25,2.417889,5183300,78654375000.0,0.8125,1.8284106891701828
1997-08-27,45.3125,45.75,44.5,45.375,2.424569,4226400,80203125000.0,0.0625,0.13793103448275862
1997-08-28,45.0625,45.1875,43.4375,44.125,2.357776,6437400,79760625000.0,-0.9375,-2.0804438280166435
1997-08-29,43.5625,44.125,43.5,43.6875,2.334399,3274900,77105625000.0,0.125,0.2869440459110474
1997-09-02,44.0625,45.4375,44.0,45.3125,2.421228,5266200,77990625000.0,1.25,2.8368794326241136
1997-09-03,45.25,46.0625,45.0625,45.5625,2.434588,4626700,80092500000.0,0.3125,0.6906077348066298
1997-09-04,45.25,45.3125,44.3125,44.6875,2.387832,4355800,80092500000.0,-0.5625,-1.2430939226519337
1997-09-05,44.9375,45.125,44.0625,44.375,2.371134,4822500,79539375000.0,-0.5625,-1.2517385257301807
1997-09-08,44.25,44.4375,44.0,44.125,2.357776,3841700,78322500000.0,-0.125,-0.2824858757062147
1997-09-09,44.0625,45.0,44.0,44.8125,2.394513,4449700,77990625000.0,0.75,1.702127659574468
1997-09-10,44.1875,44.6875,43.5,43.6875,2.334399,6052500,78211875000.0,-0.5,-1.1315417256011315
1997-09-11,43.1875,43.1875,42.0625,42.125,2.271707,6702900,76441875000.0,-1.0625,-2.460202604920405
1997-09-12,42.5,42.75,41.75,42.625,2.298672,5814100,75225000000.0,0.125,0.29411764705882354
1997-09-15,42.0,42.25,40.9375,41.1875,2.221151,8663900,74340000000.0,-0.8125,-1.9345238095238095
1997-09-16,41.375,42.4375,41.375,42.125,2.271707,6687700,73233750000.0,0.75,1.812688821752266
1997-09-17,42.75,42.9375,41.0625,41.25,2.224522,7013500,75667500000.0,-1.5,-3.508771929824561
1997-09-18,41.0,41.75,40.6875,40.6875,2.194186,7066200,72570000000.0,-0.3125,-0.7621951219512195
1997-09-19,40.6875,41.6875,40.5625,41.25,2.224522,6164000,72016875000.0,0.5625,1.3824884792626728
1997-09-22,41.6875,42.5625,41.5,42.46875,2.290245,5012800,73786875000.0,0.78125,1.8740629685157422
1997-09-23,42.5625,42.75,41.875,42.25,2.278449,3961700,75335625000.0,-0.3125,-0.7342143906020557
1997-09-24,42.4375,42.5,40.8125,41.8125,2.254854,6959000,75114375000.0,-0.625,-1.4727540500736376
1997-09-25,41.625,41.625,41.0,41.5,2.238003,4261500,73676250000.0,-0.125,-0.3003003003003003
1997-09-26,41.375,41.75,41.0,41.375,2.231262,4440500,73233750000.0,0.0,0.0
1997-09-29,41.375,42.0625,41.0,41.875,2.258226,4699500,73233750000.0,0.5,1.2084592145015105
1997-09-30,41.9375,42.3125,41.5,41.5625,2.241374,4002700,74229375000.0,-0.375,-0.8941877794336811
1997-10-01,42.0,42.625,41.9375,42.5,2.291931,5717400,74340000000.0,0.5,1.1904761904761905
1997-10-02,42.9375,43.1875,42.6875,42.875,2.312154,4693300,75999375000.0,-0.0625,-0.1455604075691412
1997-10-03,43.75,43.875,41.5,43.0625,2.322263,4640000,77437500000.0,-0.6875,-1.5714285714285716
1997-10-06,43.5625,43.6875,42.9375,43.3125,2.335747,3148100,77105625000.0,-0.25,-0.5738880918220948
1997-10-07,43.4375,43.5625,42.375,42.625,2.298672,4209800,76884375000.0,-0.8125,-1.870503597122302
1997-10-08,42.625,42.75,41.4375,41.625,2.244743,7077400,75446250000.0,-1.0,-2.346041055718475
1997-10-09,41.375,41.875,41.0625,41.25,2.224522,6628800,73233750000.0,-0.125,-0.3021148036253776
1997-10-10,41.1875,41.875,40.9375,41.625,2.244743,6499100,72901875000.0,0.4375,1.062215477996965
1997-10-13,41.875,41.875,41.1875,41.4375,2.234631,3785000,74118750000.0,-0.4375,-1.0447761194029852
1997-10-14,41.75,41.75,41.0625,41.4375,2.234631,4257100,73897500000.0,-0.3125,-0.7485029940119761
1997-10-15,41.25,41.5,41.0625,41.25,2.224522,2542100,73012500000.0,0.0,0.0
1997-10-16,41.5,41.75,40.5,40.875,2.204298,4043300,73455000000.0,-0.625,-1.5060240963855422
1997-10-17,40.5625,41.0625,40.25,40.625,2.190816,5183200,71795625000.0,0.0625,0.15408320493066258
1997-10-20,40.8125,40.875,40.25,40.6875,2.194186,4154100,72238125000.0,-0.125,-0.3062787136294028
1997-10-21,40.75,41.8125,40.5625,41.6875,2.248115,6499800,72127500000.0,0.9375,2.3006134969325154
1997-10-22,41.75,42.1875,41.625,41.75,2.251485,6329600,73897500000.0,0.0,0.0
1997-10-23,41.1875,41.25,40.5625,41.0625,2.214409,5281500,72901875000.0,-0.125,-0.30349013657056145
1997-10-24,41.0625,41.375,39.25,39.5625,2.133518,7548900,72680625000.0,-1.5,-3.65296803652968
1997-10-27,39.125,40.0625,37.125,37.25,2.00881,8910600,69251250000.0,-1.875,-4.792332268370607
1997-10-28,37.0,39.875,36.9375,39.5625,2.133518,12618000,65490000000.0,2.5625,6.925675675675675
1997-10-29,40.0625,40.6875,39.0,39.5,2.130148,10190500,70910625000.0,-0.5625,-1.40405616224649
1997-10-30,39.125,39.4375,38.625,38.875,2.096443,5943100,69251250000.0,-0.25,-0.6389776357827476
1997-10-31,39.5,41.0,38.625,39.625,2.136888,8823900,69915000000.0,0.125,0.31645569620253167
1997-11-03,40.5,41.5625,40.25,41.5625,2.241374,8275800,71685000000.0,1.0625,2.6234567901234565
1997-11-04,41.3125,42.0625,41.125,42.0625,2.268337,5602200,73123125000.0,0.75,1.8154311649016641
1997-11-05,42.0625,42.25,41.1875,41.5,2.238003,4201200,74450625000.0,-0.5625,-1.337295690936107
1997-11-06,41.375,41.625,41.0,41.375,2.231262,4064300,73233750000.0,0.0,0.0
1997-11-07,40.5625,41.375,40.1875,41.3125,2.227891,4475300,71795625000.0,0.75,1.848998459167951
1997-11-10,41.875,41.875,40.875,41.0625,2.214409,3459100,74118750000.0,-0.8125,-1.9402985074626864
1997-11-11,41.3125,41.5625,41.0625,41.5625,2.241374,2499100,73123125000.0,0.25,0.6051437216338881
1997-11-12,41.0,41.5625,40.375,40.375,2.177333,4362400,72570000000.0,-0.625,-1.524390243902439
1997-11-13,41.0625,41.8125,40.8125,41.8125,2.254854,4284100,72680625000.0,0.75,1.82648401826484
1997-11-14,42.0,42.0,41.3125,41.4375,2.234631,4331000,74340000000.0,-0.5625,-1.3392857142857142
1997-11-17,42.0,42.875,41.875,42.6875,2.302042,5348600,74340000000.0,0.6875,1.636904761904762
1997-11-18,42.5,42.5625,41.75,42.0625,2.268337,2963200,75225000000.0,-0.4375,-1.0294117647058822
1997-11-19,42.0,42.5,41.75,42.3125,2.281819,2627000,74340000000.0,0.3125,0.744047619047619
1997-11-20,42.4375,42.8125,41.75,42.6875,2.302042,3473300,75114375000.0,0.25,0.5891016200294551
1997-11-21,42.75,43.0625,42.3125,42.625,2.298672,4709100,75667500000.0,-0.125,-0.29239766081871343
1997-11-24,42.5,43.4375,42.1875,43.3125,2.335747,4261900,75225000000.0,0.8125,1.911764705882353
1997-11-25,43.4375,43.75,43.0625,43.6875,2.35597,3781400,76884375000.0,0.25,0.5755395683453237
1997-11-26,43.75,44.0,43.3125,43.5625,2.349228,3624000,77437500000.0,-0.1875,-0.4285714285714286
1997-11-28,43.625,43.9375,43.5,43.5,2.345859,1992000,77216250000.0,-0.125,-0.28653295128939826
1997-12-01,43.75,44.3125,43.625,44.25,2.386303,4318800,77437500000.0,0.5,1.1428571428571428
1997-12-02,44.25,44.75,44.0,44.375,2.393045,5133000,78322500000.0,0.125,0.2824858757062147
1997-12-03,44.375,45.625,44.1875,45.375,2.446974,5652400,78543750000.0,1.0,2.2535211267605635
1997-12-04,45.625,45.875,44.875,45.0,2.426751,4462800,80756250000.0,-0.625,-1.36986301369863
1997-12-05,44.625,45.875,44.5625,45.4375,2.450344,4231500,78986250000.0,0.8125,1.8207282913165268
1997-12-08,45.3125,45.375,44.5,44.875,2.420007,3037200,80203125000.0,-0.4375,-0.9655172413793104
1997-12-09,44.875,44.9375,44.1875,44.5625,2.403158,3807300,79428750000.0,-0.3125,-0.6963788300835655
1997-12-10,43.625,45.1875,43.625,45.0,2.426751,7948700,77216250000.0,1.375,3.151862464183381
1997-12-11,44.1875,44.625,43.9375,44.125,2.400905,5074900,78211875000.0,-0.0625,-0.14144271570014144
1997-12-12,44.375,45.375,44.375,45.0625,2.451916,5326600,78543750000.0,0.6875,1.5492957746478873
1997-12-15,45.1875,45.1875,44.375,44.6875,2.431511,4686800,79981875000.0,-0.5,-1.1065006915629323
1997-12-16,44.75,45.5625,44.6875,45.25,2.462117,4644200,79207500000.0,0.5,1.1173184357541899
1997-12-17,45.375,45.4375,44.625,44.8125,2.438313,3123100,80313750000.0,-0.5625,-1.2396694214876034
1997-12-18,44.9375,45.125,44.5625,45.0,2.448514,4160500,79539375000.0,0.0625,0.13908205841446453
1997-12-19,44.8125,45.125,44.375,44.6875,2.431511,7248300,79318125000.0,-0.125,-0.2789400278940028
1997-12-22,44.8125,45.0,44.375,45.0,2.448514,4493800,79318125000.0,0.1875,0.41841004184100417
1997-12-23,44.8125,45.1875,44.375,44.4375,2.417908,3019200,79318125000.0,-0.375,-0.8368200836820083
1997-12-24,44.5,44.75,44.0,44.3125,2.411107,1869300,78765000000.0,-0.1875,-0.42134831460674155
1997-12-26,44.25,44.375,43.6875,43.875,2.387302,1022600,78322500000.0,-0.375,-0.847457627118644
1997-12-29,44.1875,44.75,44.0,44.5625,2.424709,2913800,78211875000.0,0.375,0.8486562942008486
1997-12-30,44.875,45.1875,44.75,45.0625,2.451916,4278800,79428750000.0,0.1875,0.4178272980501393
1997-12-31,45.125,45.4375,45.0625,45.25,2.462117,3119900,79871250000.0,0.125,0.2770083102493075
1998-01-02,45.375,45.75,45.1875,45.3125,2.465519,4126200,80313750000.0,-0.0625,-0.13774104683195593
1998-01-05,45.6875,45.875,45.3125,45.875,2.496125,6031900,80866875000.0,0.1875,0.4103967168262654
1998-01-06,45.6875,45.9375,45.3125,45.75,2.489323,4350300,80866875000.0,0.0625,0.13679890560875513
1998-01-07,45.9375,46.875,45.4375,46.875,2.550535,6877300,81309375000.0,0.9375,2.0408163265306123
1998-01-08,46.625,47.0625,45.75,46.5625,2.533533,5498800,82526250000.0,-0.0625,-0.13404825737265416
1998-01-09,46.5,47.375,44.5,45.0,2.448514,7341600,82305000000.0,-1.5,-3.225806451612903
1998-01-12,44.5625,46.6875,44.4375,46.375,2.523331,6456800,78875625000.0,1.8125,4.067321178120617
1998-01-13,46.875,47.875,46.75,47.875,2.604948,6849200,82968750000.0,1.0,2.1333333333333333
1998-01-14,47.1875,47.4375,46.625,47.0,2.557337,5373100,83521875000.0,-0.1875,-0.3973509933774834
1998-01-15,46.5625,46.625,44.6875,45.0,2.448514,5315000,82415625000.0,-1.5625,-3.3557046979865772
1998-01-16,45.5,46.1875,45.1875,45.3125,2.465519,6699800,80535000000.0,-0.1875,-0.4120879120879121
1998-01-20,45.0625,45.125,42.875,43.625,2.3737,8169300,79760625000.0,-1.4375,-3.19001386962552
1998-01-21,43.1875,44.25,43.1875,44.25,2.407706,5090800,76441875000.0,1.0625,2.460202604920405
1998-01-22,43.25,43.625,41.625,41.9375,2.28188,11409400,76552500000.0,-1.3125,-3.0346820809248554
1998-01-23,42.25,42.8125,41.5625,42.6875,2.322688,6363800,74782500000.0,0.4375,1.0355029585798818
1998-01-26,42.5,42.75,41.5625,42.125,2.292083,4471700,75225000000.0,-0.375,-0.8823529411764706
1998-01-27,42.0,42.3125,41.6875,42.1875,2.295482,4723200,74340000000.0,0.1875,0.4464285714285714
1998-01-28,42.25,42.625,40.9375,40.9375,2.227468,6527200,74782500000.0,-1.3125,-3.106508875739645
1998-01-29,39.75,41.75,39.0625,41.625,2.264877,15805400,70357500000.0,1.875,4.716981132075472
1998-01-30,41.8125,42.3125,41.0625,41.5,2.258075,6621500,74008125000.0,-0.3125,-0.7473841554559043
1998-02-02,42.25,42.8125,42.125,42.5625,2.315886,5786400,74782500000.0,0.3125,0.7396449704142012
1998-02-03,42.5625,43.0625,42.0625,43.0625,2.343093,4386000,75335625000.0,0.5,1.1747430249632893
1998-02-04,42.625,42.9375,42.0625,42.375,2.305685,4416300,75446250000.0,-0.25,-0.5865102639296188
1998-02-05,43.75,43.75,42.875,43.5625,2.370297,7245100,77437500000.0,-0.1875,-0.4285714285714286
1998-02-06,43.9375,44.4375,43.5625,44.3125,2.411107,4673200,77769375000.0,0.375,0.8534850640113799
1998-02-09,44.25,44.25,43.4375,43.75,2.380499,3244800,78322500000.0,-0.5,-1.1299435028248588
1998-02-10,43.75,43.75,43.0625,43.375,2.360096,5378300,77437500000.0,-0.375,-0.8571428571428572
1998-02-11,43.125,43.25,42.0625,42.5625,2.315886,5400800,76331250000.0,-0.5625,-1.3043478260869565
1998-02-12,42.25,42.875,41.875,42.625,2.319287,4960800,74782500000.0,0.375,0.8875739644970414
1998-02-13,42.5625,42.625,41.875,41.875,2.27848,4452300,75335625000.0,-0.6875,-1.6152716593245229
1998-02-17,42.4375,42.875,42.25,42.8125,2.32949,6074800,75114375000.0,0.375,0.8836524300441826
1998-02-18,42.125,42.75,42.0,42.1875,2.295482,5251900,74561250000.0,0.0625,0.1483679525222552
1998-02-19,42.125,42.1875,41.0625,41.375,2.251273,7654100,74561250000.0,-0.75,-1.7804154302670623
1998-02-20,41.5,41.875,41.1875,41.8125,2.275078,5070600,73455000000.0,0.3125,0.7530120481927711
1998-02-23,42.0,42.125,40.75,41.3125,2.247873,5325400,74340000000.0,-0.6875,-1.636904761904762
1998-02-24,41.1875,41.9375,40.8125,41.1875,2.241071,5734400,72901875000.0,0.0,0.0
1998-02-25,41.1875,41.875,40.8125,41.0,2.230868,5596800,72901875000.0,-0.1875,-0.4552352048558422
1998-02-26,41.125,42.875,41.0625,42.625,2.319287,8658600,72791250000.0,1.5,3.64741641337386
1998-02-27,42.875,43.5625,42.5625,43.5,2.366897,6065000,75888750000.0,0.625,1.4577259475218658
1998-03-02,43.5,43.625,43.0,43.375,2.360096,6084500,76995000000.0,-0.125,-0.28735632183908044
1998-03-03,43.6875,43.8125,43.0,43.8125,2.383901,5470200,77326875000.0,0.125,0.28612303290414876
1998-03-04,43.6875,43.875,42.625,43.125,2.346493,4797300,77326875000.0,-0.5625,-1.2875536480686696
1998-03-05,42.5625,43.375,42.4375,42.5625,2.315886,3720600,75335625000.0,0.0,0.0
1998-03-06,43.0,44.875,43.0,44.6875,2.431511,5222600,76110000000.0,1.6875,3.9244186046511627
1998-03-09,44.4375,44.8125,44.0,44.25,2.407706,4233000,78654375000.0,-0.1875,-0.42194092827004215
1998-03-10,44.25,44.4375,43.75,43.9375,2.390702,3995200,78322500000.0,-0.3125,-0.7062146892655368
1998-03-11,44.0,44.6875,43.8125,44.5625,2.424709,4075900,77880000000.0,0.5625,1.278409090909091
1998-03-12,43.875,44.5,43.3125,43.5,2.388336,4058300,77658750000.0,-0.375,-0.8547008547008548
1998-03-13,44.0625,44.125,43.3125,43.5,2.388336,3321700,77990625000.0,-0.5625,-1.276595744680851
1998-03-16,43.6875,43.9375,42.875,43.0625,2.364315,4654200,77326875000.0,-0.625,-1.4306151645207439
1998-03-17,43.3125,43.5,42.3125,42.6875,2.343725,4145100,76663125000.0,-0.625,-1.443001443001443
1998-03-18,42.5,42.5,41.9375,42.4375,2.33,4389200,75225000000.0,-0.0625,-0.14705882352941177
1998-03-19,41.5,42.0,40.9375,41.375,2.271664,10147300,73455000000.0,-0.125,-0.30120481927710846
1998-03-20,43.1875,43.375,42.625,43.0625,2.364315,10214500,76441875000.0,-0.125,-0.2894356005788712
1998-03-23,43.1875,43.1875,42.3125,42.8125,2.350589,4988500,76441875000.0,-0.375,-0.8683068017366137
1998-03-24,43.25,43.9375,42.9375,43.75,2.402061,5622100,76552500000.0,0.5,1.1560693641618496
1998-03-25,44.375,44.4375,43.5,43.625,2.395198,5558100,78543750000.0,-0.75,-1.6901408450704223
1998-03-26,43.25,43.5,42.375,42.625,2.340294,9238200,76552500000.0,-0.625,-1.4450867052023122
1998-03-27,43.5,43.625,42.5,42.625,2.340294,6777400,76995000000.0,-0.875,-2.0114942528735633
1998-03-30,42.875,43.6875,42.625,43.0,2.360884,5933300,75888750000.0,0.125,0.2915451895043732
1998-03-31,42.75,42.875,41.3125,41.6875,2.288821,14730700,75667500000.0,-1.0625,-2.4853801169590644
1998-04-01,41.5625,41.5625,39.5625,39.9375,2.192739,27414100,73565625000.0,-1.625,-3.909774436090226
1998-04-02,40.125,40.3125,39.625,39.9375,2.192739,17345000,71021250000.0,-0.1875,-0.46728971962616817
1998-04-03,40.0,40.1875,39.6875,40.0,2.19617,11142400,70800000000.0,0.0,0.0
1998-04-06,39.8125,40.0,39.25,39.375,2.161855,12394500,70468125000.0,-0.4375,-1.098901098901099
1998-04-07,39.25,39.375,37.375,37.5625,2.062342,20204700,69472500000.0,-1.6875,-4.2993630573248405
1998-04-08,38.4375,39.9375,38.25,39.8125,2.185876,16141400,68034375000.0,1.375,3.577235772357724
1998-04-09,40.625,41.0625,39.6875,40.4375,2.220191,15165400,71906250000.0,-0.1875,-0.46153846153846156
1998-04-13,40.5,40.5625,39.75,39.9375,2.192739,7992800,71685000000.0,-0.5625,-1.3888888888888888
1998-04-14,40.5,40.5,39.875,40.25,2.209897,6957600,71685000000.0,-0.25,-0.6172839506172839
1998-04-15,40.0625,40.1875,39.8125,40.125,2.203034,6591500,70910625000.0,0.0625,0.15600624024961
1998-04-16,40.125,40.125,39.875,39.9375,2.192739,7475100,71021250000.0,-0.1875,-0.46728971962616817
1998-04-17,39.9375,39.9375,39.1875,39.8125,2.185876,7325900,70689375000.0,-0.125,-0.3129890453834116
1998-04-20,39.9375,40.0625,39.75,40.0,2.19617,5736900,70689375000.0,0.0625,0.1564945226917058
1998-04-21,39.8125,39.875,39.1875,39.4375,2.165287,6522600,70468125000.0,-0.375,-0.9419152276295133
1998-04-22,39.4375,39.5,38.0,38.8125,2.130972,8718000,69804375000.0,-0.625,-1.5847860538827259
1998-04-23,38.75,39.75,38.4375,38.4375,2.110384,5592600,68587500000.0,-0.3125,-0.8064516129032258
1998-04-24,38.25,38.875,38.0,38.125,2.093225,6776600,67702500000.0,-0.125,-0.32679738562091504
1998-04-27,38.0625,38.125,37.0,37.6875,2.069204,11938500,67370625000.0,-0.375,-0.9852216748768473
1998-04-28,38.0,38.0,37.0,37.5,2.05891,10577200,67260000000.0,-0.5,-1.3157894736842104
1998-04-29,37.625,37.8125,37.25,37.4375,2.055479,5667300,66596250000.0,-0.1875,-0.4983388704318937
1998-04-30,37.6875,37.6875,37.125,37.125,2.038322,6102400,66706875000.0,-0.5625,-1.4925373134328357
1998-05-01,37.375,37.75,37.125,37.625,2.065773,6625000,66153750000.0,0.25,0.6688963210702341
1998-05-04,38.9375,39.375,38.5,39.125,2.148129,9098800,68919375000.0,0.1875,0.4815409309791332
1998-05-05,39.3125,39.9375,39.25,39.4375,2.165287,6222900,69583125000.0,0.125,0.3179650238473768
1998-05-06,39.5,39.625,39.125,39.25,2.154994,4899100,69915000000.0,-0.25,-0.6329113924050633
1998-05-07,38.875,39.5625,38.0625,38.6875,2.124109,6893700,68808750000.0,-0.1875,-0.482315112540193
1998-05-08,38.9375,39.4375,38.625,38.625,2.120677,6439600,68919375000.0,-0.3125,-0.8025682182985553
1998-05-11,38.9375,39.3125,38.0,38.25,2.100088,6376100,68919375000.0,-0.6875,-1.7656500802568218
1998-05-12,38.25,38.3125,37.6875,37.875,2.079499,5596200,67702500000.0,-0.375,-0.9803921568627451
1998-05-13,37.875,37.9375,36.9375,37.1875,2.041752,10388700,67038750000.0,-0.6875,-1.8151815181518154
1998-05-14,37.0,37.25,36.1875,36.25,1.99028,10880200,65490000000.0,-0.75,-2.027027027027027
1998-05-15,36.3125,36.4375,35.1875,35.25,1.935375,11840600,64273125000.0,-1.0625,-2.9259896729776247
1998-05-18,35.4375,35.625,34.75,35.1875,1.931944,8104400,62724375000.0,-0.25,-0.7054673721340388
1998-05-19,35.4375,35.875,35.4375,35.8125,1.966258,7596800,62724375000.0,0.375,1.0582010582010581
1998-05-20,36.1875,36.25,35.125,36.125,1.983417,8134800,64051875000.0,-0.0625,-0.17271157167530224
1998-05-21,36.5,37.6875,36.375,37.375,2.052047,10087800,64605000000.0,0.875,2.3972602739726026
1998-05-22,37.9375,37.9375,37.0,37.3125,2.048615,4508400,67149375000.0,-0.625,-1.6474464579901154
1998-05-26,37.875,37.875,36.75,36.9375,2.028026,4681100,67038750000.0,-0.9375,-2.4752475247524752
1998-05-27,36.5625,37.0,36.1875,36.875,2.024595,6323000,64715625000.0,0.3125,0.8547008547008548
1998-05-28,36.9375,37.5625,36.75,37.375,2.052047,5268000,65379375000.0,0.4375,1.1844331641285957
1998-05-29,37.5,37.875,37.0,37.375,2.052047,6263800,66375000000.0,-0.125,-0.33333333333333337
1998-06-01,37.375,38.0,37.125,37.6875,2.069204,5270200,66153750000.0,0.3125,0.8361204013377926
1998-06-02,37.9375,38.3125,37.5,37.5625,2.062342,4739300,67149375000.0,-0.375,-0.9884678747940692
1998-06-03,37.625,37.8125,36.375,36.625,2.010869,4280400,66596250000.0,-1.0,-2.6578073089700998
1998-06-04,36.625,36.75,36.0,36.25,1.99028,4386500,64826250000.0,-0.375,-1.023890784982935
1998-06-05,36.9375,38.75,36.4375,38.625,2.120677,8256300,65379375000.0,1.6875,4.568527918781726
1998-06-08,39.875,40.375,39.5,39.5625,2.17215,12249700,70578750000.0,-0.3125,-0.7836990595611284
1998-06-09,39.9375,40.4375,39.75,40.25,2.209897,7155900,70689375000.0,0.3125,0.7824726134585289
1998-06-10,39.625,40.125,37.0625,38.375,2.10695,12423500,70136250000.0,-1.25,-3.1545741324921135
1998-06-11,37.875,37.9375,36.75,36.75,2.038985,7205800,67038750000.0,-1.125,-2.9702970297029703
1998-06-12,37.0,37.3125,36.6875,37.3125,2.070194,4131000,65490000000.0,0.3125,0.8445945945945946
1998-06-15,37.0,37.25,36.8125,36.875,2.045921,3955700,65490000000.0,-0.125,-0.33783783783783783
1998-06-16,37.25,37.375,36.5625,36.6875,2.035517,6394200,65932500000.0,-0.5625,-1.5100671140939599
1998-06-17,37.3125,38.5,37.125,38.4375,2.132613,8045600,66043125000.0,1.125,3.015075376884422
1998-06-18,39.375,40.5625,39.1875,39.5625,2.19503,18142000,69693750000.0,0.1875,0.4761904761904762
1998-06-19,39.5625,39.8125,38.6875,38.6875,2.146482,5916200,70025625000.0,-0.875,-2.211690363349131
1998-06-22,38.8125,40.0,38.5,39.6875,2.201966,5711000,68698125000.0,0.875,2.254428341384863
1998-06-23,39.9375,40.0625,39.375,39.625,2.198498,9403000,70689375000.0,-0.3125,-0.7824726134585289
1998-06-24,39.0625,39.4375,39.0,39.125,2.170756,4131600,69140625000.0,0.0625,0.16
1998-06-25,38.875,39.125,38.75,39.0625,2.167289,4396500,68808750000.0,0.1875,0.482315112540193
1998-06-26,39.1875,39.9375,39.1875,39.625,2.198498,5306400,69361875000.0,0.4375,1.1164274322169059
1998-06-29,39.9375,40.0625,39.1875,39.1875,2.174223,4527800,70689375000.0,-0.75,-1.8779342723004695
1998-06-30,40.25,40.25,39.25,39.375,2.184627,5807700,71242500000.0,-0.875,-2.1739130434782608
1998-07-01,39.875,40.5,39.5625,40.5,2.247044,5590300,70578750000.0,0.625,1.5673981191222568
1998-07-02,40.5,40.75,40.0625,40.125,2.226238,4648300,71685000000.0,-0.375,-0.9259259259259258
1998-07-06,40.0625,40.125,39.625,39.875,2.212368,3252600,70910625000.0,-0.1875,-0.46801872074883
1998-07-07,39.875,40.0,39.4375,39.5625,2.19503,4736100,70578750000.0,-0.3125,-0.7836990595611284
1998-07-08,39.5625,39.6875,38.0625,38.25,2.12221,7548200,70025625000.0,-1.3125,-3.3175355450236967
1998-07-09,38.4375,39.375,38.3125,39.25,2.177691,6805700,68034375000.0,0.8125,2.113821138211382
1998-07-10,39.875,40.125,39.5,40.0,2.219304,7650500,70578750000.0,0.125,0.3134796238244514
1998-07-13,40.25,40.25,39.375,39.75,2.205433,3305600,71242500000.0,-0.5,-1.2422360248447204
1998-07-14,39.5,40.25,39.5,40.0,2.219304,3831600,69915000000.0,0.5,1.2658227848101267
1998-07-15,40.0,40.1875,39.125,39.25,2.177691,3870700,70800000000.0,-0.75,-1.875
1998-07-16,39.375,39.6875,39.3125,39.5625,2.19503,3562900,69693750000.0,0.1875,0.4761904761904762
1998-07-17,39.6875,40.0,39.5,39.5,2.191562,4542600,70246875000.0,-0.1875,-0.47244094488188976
1998-07-20,39.9375,40.4375,39.875,40.125,2.226238,6004200,70689375000.0,0.1875,0.4694835680751174
1998-07-21,40.375,40.625,40.0625,40.125,2.226238,5776800,71463750000.0,-0.25,-0.6191950464396285
1998-07-22,40.125,41.8125,40.0,41.625,2.309463,9063200,71021250000.0,1.5,3.7383177570093453
1998-07-23,41.6875,42.4375,41.5625,41.9375,2.326801,9258100,73786875000.0,0.25,0.5997001499250375
1998-07-24,41.875,41.9375,40.6875,41.4375,2.299059,5670200,74118750000.0,-0.4375,-1.0447761194029852
1998-07-27,41.625,42.4375,41.625,42.3125,2.347607,9074400,73676250000.0,0.6875,1.6516516516516515
1998-07-28,42.6875,43.25,42.5,42.8125,2.375348,9299900,75556875000.0,0.125,0.29282576866764276
1998-07-29,43.0,44.125,42.9375,43.875,2.434298,10588700,76110000000.0,0.875,2.0348837209302326
1998-07-30,44.25,44.375,43.6875,44.0,2.441235,8481700,78322500000.0,-0.25,-0.5649717514124294
1998-07-31,44.125,44.125,43.1875,43.8125,2.43083,6359800,78101250000.0,-0.3125,-0.708215297450425
1998-08-03,43.0625,44.25,43.0625,44.125,2.448168,6704500,76220625000.0,1.0625,2.467343976777939
1998-08-04,44.375,44.4375,42.25,42.5,2.35801,7972100,78543750000.0,-1.875,-4.225352112676056
1998-08-05,42.5625,43.375,42.1875,43.25,2.399621,7881400,75335625000.0,0.6875,1.6152716593245229
1998-08-06,42.9375,43.25,42.25,43.25,2.399621,5113500,75999375000.0,0.3125,0.727802037845706
1998-08-07,43.25,43.25,42.625,43.0,2.385751,4358700,76552500000.0,-0.25,-0.5780346820809248
1998-08-10,42.75,42.9375,42.1875,42.8125,2.375348,3888000,75667500000.0,0.0625,0.14619883040935672
1998-08-11,41.8125,42.0,41.125,41.8125,2.319866,6821500,74008125000.0,0.0,0.0
1998-08-12,42.0625,42.3125,41.9375,42.0625,2.333736,6574600,74450625000.0,0.0,0.0
1998-08-13,41.8125,42.125,41.3125,41.4375,2.299059,6249600,74008125000.0,-0.375,-0.8968609865470852
1998-08-14,41.4375,42.3125,40.5,42.25,2.344139,12266500,73344375000.0,0.8125,1.9607843137254901
1998-08-17,42.125,43.25,41.625,42.9375,2.382283,6108800,74561250000.0,0.8125,1.9287833827893175
1998-08-18,42.9375,43.5,42.75,43.125,2.392686,5001100,75999375000.0,0.1875,0.43668122270742354
1998-08-19,43.0625,43.125,42.4375,42.75,2.37188,3845400,76220625000.0,-0.3125,-0.7256894049346879
1998-08-20,42.5,43.5,42.375,43.125,2.392686,5887100,75225000000.0,0.625,1.4705882352941175
1998-08-21,42.875,43.875,42.3125,43.75,2.427362,6225700,75888750000.0,0.875,2.0408163265306123
1998-08-24,43.5,44.4375,43.4375,44.25,2.455105,5725800,76995000000.0,0.75,1.7241379310344827
1998-08-25,44.5,44.6875,43.4375,43.75,2.427362,6495600,78765000000.0,-0.75,-1.6853932584269662
1998-08-26,43.375,44.75,43.1875,44.1875,2.451636,6069200,76773750000.0,0.8125,1.8731988472622478
1998-08-27,43.5,43.9375,43.0625,43.25,2.399621,8308900,76995000000.0,-0.25,-0.5747126436781609
1998-08-28,42.5,43.5625,42.25,42.8125,2.375348,6583900,75225000000.0,0.3125,0.7352941176470588
1998-08-31,43.0,43.0,41.5,41.5625,2.305996,10020200,76110000000.0,-1.4375,-3.343023255813953
1998-09-01,41.6875,42.75,40.5,42.4375,2.354542,10243400,73786875000.0,0.75,1.7991004497751124
1998-09-02,42.9375,42.9375,42.25,42.375,2.351076,7177500,75999375000.0,-0.5625,-1.3100436681222707
1998-09-03,42.125,43.0,41.625,42.9375,2.382283,7185600,74561250000.0,0.8125,1.9287833827893175
1998-09-04,42.9375,43.625,41.75,42.0,2.330268,9499600,75999375000.0,-0.9375,-2.1834061135371177
1998-09-08,42.625,43.125,41.5625,42.9375,2.382283,6586600,75446250000.0,0.3125,0.7331378299120235
1998-09-09,42.75,43.3125,42.4375,43.1875,2.396154,4871300,75667500000.0,0.4375,1.023391812865497
1998-09-10,42.75,43.1875,42.25,43.0,2.385751,6048500,75667500000.0,0.25,0.5847953216374269
1998-09-11,42.75,43.25,42.0,43.0,2.410416,6327600,75667500000.0,0.25,0.5847953216374269
1998-09-14,43.4375,44.25,43.4375,44.0,2.466472,6309600,76884375000.0,0.5625,1.2949640287769784
1998-09-15,43.9375,44.875,43.6875,44.6875,2.505012,5274500,77769375000.0,0.75,1.7069701280227598
1998-09-16,44.8125,45.625,44.5625,45.625,2.557563,9695500,79318125000.0,0.8125,1.813110181311018
1998-09-17,44.640625,45.0625,44.4375,44.5625,2.498003,6776000,79013906250.0,-0.078125,-0.17500875043752187
1998-09-18,45.1875,46.25,44.8125,46.25,2.592598,10315900,79981875000.0,1.0625,2.351313969571231
1998-09-21,45.375,47.9375,45.375,47.125,2.641646,11426000,80313750000.0,1.75,3.8567493112947657
1998-09-22,47.5625,48.125,46.8125,47.9375,2.687192,8051700,84185625000.0,0.375,0.7884362680683311
1998-09-23,47.625,47.6875,46.25,47.25,2.648654,6611800,84296250000.0,-0.375,-0.7874015748031495
1998-09-24,46.9375,47.6875,46.0625,46.375,2.599607,5125400,83079375000.0,-0.5625,-1.1984021304926764
1998-09-25,45.5625,46.75,45.5625,45.9375,2.575081,4426400,80645625000.0,0.375,0.823045267489712
1998-09-28,46.375,47.4375,46.0625,46.125,2.585591,5271000,82083750000.0,-0.25,-0.5390835579514826
1998-09-29,46.625,47.75,46.0,47.0,2.634639,5573700,82526250000.0,0.375,0.8042895442359249
1998-09-30,46.3125,46.75,46.0,46.25,2.592598,5241900,81973125000.0,-0.0625,-0.1349527665317139
1998-10-01,45.0,46.8125,45.0,46.5,2.606613,7213600,79650000000.0,1.5,3.3333333333333335
1998-10-02,46.0,47.8125,45.625,47.125,2.641646,7913500,81420000000.0,1.125,2.4456521739130435
1998-10-05,47.0,48.125,46.6875,47.5,2.662669,8086900,83190000000.0,0.5,1.0638297872340425
1998-10-06,48.375,49.6875,48.25,49.125,2.75376,9806800,85623750000.0,0.75,1.550387596899225
1998-10-07,49.0,49.875,48.4375,48.875,2.739746,8810600,86730000000.0,-0.125,-0.25510204081632654
1998-10-08,47.125,48.0625,45.6875,47.875,2.68369,9677600,83411250000.0,0.75,1.5915119363395225
1998-10-09,48.0,48.4375,46.625,47.5625,2.666174,5780000,84960000000.0,-0.4375,-0.9114583333333334
1998-10-12,47.9375,48.5625,47.875,48.1875,2.701208,4027500,84849375000.0,0.25,0.5215123859191656
1998-10-13,48.375,48.75,47.8125,48.0,2.690697,4686900,85623750000.0,-0.375,-0.7751937984496124
1998-10-14,48.25,48.9375,47.9375,48.75,2.732739,4833900,85402500000.0,0.5,1.0362694300518136
1998-10-15,48.9375,49.875,48.6875,48.8125,2.736243,7665400,86619375000.0,-0.125,-0.2554278416347382
1998-10-16,49.0625,49.0625,47.4375,48.0,2.690697,6908900,86840625000.0,-1.0625,-2.1656050955414012
1998-10-19,48.25,49.25,47.8125,47.875,2.68369,4689100,85402500000.0,-0.375,-0.7772020725388601
1998-10-20,48.25,49.875,48.0,49.0625,2.750257,6488900,85402500000.0,0.8125,1.6839378238341969
1998-10-21,49.3125,50.4375,49.0625,49.9375,2.799306,9832300,87283125000.0,0.625,1.2674271229404308
1998-10-22,50.125,50.3125,49.8125,50.125,2.809816,4159100,88721250000.0,0.0,0.0
1998-10-23,49.9375,50.375,49.75,50.0,2.802809,4194600,88389375000.0,0.0625,0.1251564455569462
1998-10-26,50.375,50.375,49.75,50.25,2.816825,3822400,89163750000.0,-0.125,-0.24813895781637718
1998-10-27,50.5,51.125,50.4375,50.75,2.844852,5364300,89385000000.0,0.25,0.49504950495049505
1998-10-28,50.875,52.0625,50.75,51.5625,2.890397,4859000,90048750000.0,0.6875,1.3513513513513513
1998-10-29,51.8125,52.0625,51.25,51.8125,2.904411,3768900,91708125000.0,0.0,0.0
1998-10-30,51.875,52.125,51.0625,51.125,2.865872,4671600,91818750000.0,-0.75,-1.4457831325301205
1998-11-02,51.6875,52.25,51.125,52.0,2.914922,5005700,91486875000.0,0.3125,0.6045949214026602
1998-11-03,52.0625,53.0,52.0,53.0,2.970978,5451000,92150625000.0,0.9375,1.800720288115246
1998-11-04,53.125,54.25,53.046875,53.625,3.006013,6856600,94031250000.0,0.5,0.9411764705882352
1998-11-05,52.6875,53.875,52.625,53.5625,3.00251,5401800,93256875000.0,0.875,1.6607354685646498
1998-11-06,53.125,53.1875,51.625,53.0,2.970978,5040200,94031250000.0,-0.125,-0.2352941176470588
1998-11-09,52.75,53.0625,52.125,53.0625,2.974482,4041600,93367500000.0,0.3125,0.5924170616113744
1998-11-10,52.75,54.375,52.25,54.0,3.027032,7109900,93367500000.0,1.25,2.3696682464454977
1998-11-11,54.4375,54.4375,53.0,53.9375,3.02353,9060900,96354375000.0,-0.5,-0.9184845005740528
1998-11-12,53.9375,54.0625,53.25,53.875,3.020027,6072800,95469375000.0,-0.0625,-0.11587485515643105
1998-11-13,54.0,54.5,53.8125,54.0625,3.030537,6119100,95580000000.0,0.0625,0.11574074074074073
1998-11-16,54.5,54.9375,52.625,53.3125,2.988497,9795100,96465000000.0,-1.1875,-2.1788990825688073
1998-11-17,53.3125,54.625,53.25,54.25,3.041048,6577500,94363125000.0,0.9375,1.7584994138335288
1998-11-18,54.0625,54.6875,54.0625,54.6875,3.065573,4734700,95690625000.0,0.625,1.1560693641618496
1998-11-19,54.875,55.5625,54.875,55.375,3.104111,7531000,97128750000.0,0.5,0.9111617312072893
1998-11-20,55.3125,56.0,54.6875,55.75,3.125132,8455700,97903125000.0,0.4375,0.7909604519774011
1998-11-23,56.1875,58.25,55.875,58.25,3.265274,9382400,99451875000.0,2.0625,3.6707452725250276
1998-11-24,58.0,59.25,57.875,58.125,3.258265,8322300,102660000000.0,0.125,0.21551724137931033
1998-11-25,58.0625,59.5,57.9375,58.125,3.258265,7743800,102770625000.0,0.0625,0.1076426264800861
1998-11-27,58.6875,58.75,58.0625,58.125,3.258265,2249600,103876875000.0,-0.5625,-0.9584664536741214
1998-11-30,58.125,58.5625,55.75,55.9375,3.135643,6386100,102881250000.0,-2.1875,-3.763440860215054
1998-12-01,55.875,57.375,54.5,57.0,3.195202,8832600,98898750000.0,1.125,2.013422818791946
1998-12-02,56.75,57.25,56.5625,56.75,3.181189,3768800,100447500000.0,0.0,0.0
1998-12-03,56.25,56.8125,55.1875,55.375,3.104111,3880200,99562500000.0,-0.875,-1.5555555555555556
1998-12-04,56.3125,56.3125,55.0,55.5625,3.114621,4567000,99673125000.0,-0.75,-1.3318534961154271
1998-12-07,55.8125,55.9375,54.8125,55.125,3.090096,2866400,98788125000.0,-0.6875,-1.2318029115341544
1998-12-08,55.0625,55.625,53.625,54.5,3.055062,4458500,97460625000.0,-0.5625,-1.0215664018161181
1998-12-09,54.4375,54.4375,53.4375,54.4375,3.051558,5294600,96354375000.0,0.0,0.0
1998-12-10,54.4375,54.4375,52.0,52.3125,2.932439,10420200,96354375000.0,-2.125,-3.903559127439724
1998-12-11,52.0,53.0,51.375,52.875,2.989112,7769400,92040000000.0,0.875,1.6826923076923077
1998-12-14,52.625,53.375,51.3125,51.75,2.925514,6881200,93146250000.0,-0.875,-1.66270783847981
1998-12-15,52.3125,53.875,52.125,53.5625,3.027978,6602500,92593125000.0,1.25,2.3894862604540026
1998-12-16,54.0,54.125,52.875,53.4375,3.02091,5252800,95580000000.0,-0.5625,-1.0416666666666665
1998-12-17,53.375,53.6875,52.4375,53.0,2.996179,5711500,94473750000.0,-0.375,-0.702576112412178
1998-12-18,53.0,53.0625,51.875,52.0,2.939647,8247800,93810000000.0,-1.0,-1.8867924528301887
1998-12-21,52.5,53.25,52.3125,52.3125,2.957313,4338700,92925000000.0,-0.1875,-0.35714285714285715
1998-12-22,52.5625,53.9375,52.4375,53.375,3.017377,4805800,93035625000.0,0.8125,1.5457788347205708
1998-12-23,54.375,55.0625,54.0,54.6875,3.091576,5404000,96243750000.0,0.3125,0.5747126436781609
1998-12-24,54.875,55.8125,54.6875,54.9375,3.10571,1640300,97128750000.0,0.0625,0.11389521640091116
1998-12-28,54.9375,55.0625,53.6875,54.0,3.052709,3665800,97239375000.0,-0.9375,-1.7064846416382253
1998-12-29,53.5625,54.8125,52.625,54.1875,3.06331,3935200,94805625000.0,0.625,1.1668611435239207
1998-12-30,54.25,54.625,54.0625,54.5,3.080976,3056500,96022500000.0,0.25,0.4608294930875576
1998-12-31,54.5625,54.6875,53.25,53.5,3.024445,3482900,96575625000.0,-1.0625,-1.9473081328751431
1999-01-04,53.6875,53.9375,52.0,52.5625,2.971446,7208400,95026875000.0,-1.125,-2.0954598370197903
1999-01-05,52.6875,53.0,52.25,52.375,2.960846,6830500,93256875000.0,-0.3125,-0.5931198102016607
1999-01-06,53.375,53.6875,53.0,53.125,3.003245,7844800,94473750000.0,-0.25,-0.468384074941452
1999-01-07,52.5625,53.75,52.4375,53.5625,3.027978,5682500,93035625000.0,1.0,1.9024970273483945
1999-01-08,54.0,55.125,53.875,54.625,3.088041,7154200,95580000000.0,0.625,1.1574074074074074
1999-01-11,54.5625,55.5625,54.375,55.25,3.123375,5841200,96575625000.0,0.6875,1.2600229095074456
1999-01-12,55.5,55.5,54.0,54.3125,3.070376,4616600,98235000000.0,-1.1875,-2.1396396396396398
1999-01-13,52.5,54.875,52.4375,54.1875,3.06331,6563300,92925000000.0,1.6875,3.214285714285714
1999-01-14,54.1875,54.1875,52.4375,53.0,2.996179,7619400,95911875000.0,-1.1875,-2.1914648212226067
1999-01-15,52.5,52.75,51.5,52.25,2.95378,6825100,92925000000.0,-0.25,-0.4761904761904762
1999-01-19,52.4375,52.4375,50.5,50.8125,2.872516,7319900,92814375000.0,-1.625,-3.098927294398093
1999-01-20,48.0,48.9375,47.125,48.4375,2.738253,25284700,84960000000.0,0.4375,0.9114583333333334
1999-01-21,48.125,48.5,46.0,46.1875,2.611057,13914300,85181250000.0,-1.9375,-4.025974025974026
1999-01-22,46.25,48.125,46.0,46.375,2.621658,9832800,81862500000.0,0.125,0.2702702702702703
1999-01-25,46.75,47.625,46.1875,46.9375,2.653455,5615800,82747500000.0,0.1875,0.4010695187165776
1999-01-26,46.9375,48.4375,46.0625,48.25,2.727654,7392600,83079375000.0,1.3125,2.796271637816245
1999-01-27,48.5625,48.875,46.1875,46.4375,2.62519,7048200,85955625000.0,-2.125,-4.375804375804376
1999-01-28,46.375,48.8125,46.375,48.6875,2.752386,8150500,82083750000.0,2.3125,4.986522911051213
1999-01-29,48.5625,48.625,46.875,46.875,2.649923,8091500,85955625000.0,-1.6875,-3.474903474903475
1999-02-01,47.125,47.5,45.5,46.0,2.600457,6966300,83411250000.0,-1.125,-2.3872679045092835
1999-02-02,46.0,46.375,45.125,46.25,2.614589,6637800,81420000000.0,0.25,0.5434782608695652
1999-02-03,46.0625,46.9375,46.0625,46.8125,2.646389,6361300,81530625000.0,0.75,1.6282225237449117
1999-02-04,46.5,47.375,46.375,46.625,2.635789,5831900,82305000000.0,0.125,0.2688172043010753
1999-02-05,47.125,47.5,45.5625,46.125,2.607523,5933200,83411250000.0,-1.0,-2.122015915119363
1999-02-08,46.1875,46.3125,45.3125,45.75,2.586324,5065900,81751875000.0,-0.4375,-0.9472259810554804
1999-02-09,45.8125,45.8125,44.6875,45.375,2.565125,5719200,81088125000.0,-0.4375,-0.9549795361527967
1999-02-10,44.0,44.125,41.0,41.4375,2.342531,25397700,77880000000.0,-2.5625,-5.823863636363636
1999-02-11,40.0,41.75,39.8125,40.375,2.282465,22903600,70800000000.0,0.375,0.9375
1999-02-12,40.375,40.8125,39.9375,40.4375,2.286,13007400,71463750000.0,0.0625,0.15479876160990713
1999-02-16,40.8125,41.0,39.3125,39.625,2.240068,12886200,72238125000.0,-1.1875,-2.909647779479326
1999-02-17,39.4375,39.625,38.125,38.625,2.183535,10968200,69804375000.0,-0.8125,-2.0602218700475436
1999-02-18,39.0,39.5625,38.84375,39.125,2.211802,8362000,69030000000.0,0.125,0.3205128205128205
1999-02-19,39.375,40.4375,39.3125,39.9375,2.257733,8403300,69693750000.0,0.5625,1.4285714285714286
1999-02-22,40.3125,41.0,40.0625,40.875,2.310732,5892700,71353125000.0,0.5625,1.3953488372093024
1999-02-23,40.5625,41.125,40.25,41.0,2.317799,5919800,71795625000.0,0.4375,1.078582434514638
1999-02-24,41.0,41.6875,39.875,40.5625,2.293066,6542800,72570000000.0,-0.4375,-1.0670731707317074
1999-02-25,40.0625,40.25,39.375,40.0625,2.264801,5572500,70910625000.0,0.0,0.0
1999-02-26,40.8125,40.8125,39.125,39.125,2.211802,5459800,72238125000.0,-1.6875,-4.134762633996937
1999-03-01,39.5,39.6875,38.875,38.875,2.197669,5749500,69915000000.0,-0.625,-1.5822784810126582
1999-03-02,39.5,39.5625,38.75,39.0625,2.208269,5089200,69915000000.0,-0.4375,-1.1075949367088607
1999-03-03,39.1875,39.4375,38.75,39.3125,2.222401,3852500,69361875000.0,0.125,0.3189792663476874
1999-03-04,39.5625,40.375,39.25,39.9375,2.257733,6070400,70025625000.0,0.375,0.9478672985781991
1999-03-05,40.3125,40.625,39.25,40.0,2.261267,4925100,71353125000.0,-0.3125,-0.7751937984496124
1999-03-08,40.1875,40.4375,39.1875,39.375,2.225934,5868500,71131875000.0,-0.8125,-2.021772939346812
1999-03-09,40.25,41.3125,39.8125,39.9375,2.257733,10847800,71242500000.0,-0.3125,-0.7763975155279503
1999-03-10,40.5,40.5,39.625,40.3125,2.278933,7853900,71685000000.0,-0.1875,-0.4629629629629629
1999-03-11,40.0,40.25,39.75,39.875,2.279075,7826900,70800000000.0,-0.125,-0.3125
1999-03-12,40.125,40.125,38.875,39.3125,2.246926,8869500,71021250000.0,-0.8125,-2.0249221183800623
1999-03-15,38.9375,39.25,38.375,38.625,2.207631,9376000,68919375000.0,-0.3125,-0.8025682182985553
1999-03-16,38.6875,39.3125,38.375,38.5,2.200488,9839300,68476875000.0,-0.1875,-0.48465266558966075
1999-03-17,38.75,38.9375,38.1875,38.25,2.186199,16487500,68587500000.0,-0.5,-1.2903225806451613
1999-03-18,38.5,42.0,38.375,42.0,2.400531,14638500,68145000000.0,3.5,9.090909090909092
1999-03-19,41.9375,42.375,40.6875,40.875,2.336231,12167000,74229375000.0,-1.0625,-2.533532041728763
1999-03-22,41.0,42.0625,40.875,41.8125,2.389815,5984700,72570000000.0,0.8125,1.9817073170731707
1999-03-23,41.75,41.875,40.5,40.5,2.314799,8343600,73897500000.0,-1.25,-2.9940119760479043
1999-03-24,40.75,41.375,40.625,40.875,2.336231,4852900,72127500000.0,0.125,0.3067484662576687
1999-03-25,40.875,41.125,40.125,40.5,2.314799,6603400,72348750000.0,-0.375,-0.9174311926605505
1999-03-26,40.1875,40.375,39.75,40.0625,2.289793,4606100,71131875000.0,-0.125,-0.3110419906687403
1999-03-29,40.1875,41.25,40.125,41.1875,2.354092,7754300,71131875000.0,1.0,2.488335925349922
1999-03-30,40.75,40.8125,37.5,37.75,2.157621,13122200,72127500000.0,-3.0,-7.361963190184049
1999-03-31,34.25,36.0625,34.0,35.1875,2.011159,46612800,60622500000.0,0.9375,2.737226277372263
1999-04-01,35.875,35.9375,34.1875,34.5625,1.975438,15864500,63498750000.0,-1.3125,-3.6585365853658534
1999-04-05,34.8125,35.375,34.75,35.125,2.007588,9543200,61618125000.0,0.3125,0.8976660682226212
1999-04-06,35.625,35.625,34.25,34.75,1.986154,11627900,63056250000.0,-0.875,-2.456140350877193
1999-04-07,35.0,35.0,33.5,33.5625,1.918282,15038200,61950000000.0,-1.4375,-4.107142857142857
1999-04-08,33.6875,34.5,33.6875,34.3125,1.961148,11269300,59626875000.0,0.625,1.855287569573284
1999-04-09,34.25,35.4375,34.0625,34.9375,1.99687,14299000,60622500000.0,0.6875,2.0072992700729926
1999-04-12,35.1875,36.0,35.0,36.0,2.057597,9281500,62281875000.0,0.8125,2.3090586145648313
1999-04-13,36.125,36.1875,34.8125,35.25,2.014732,7963700,63941250000.0,-0.875,-2.422145328719723
1999-04-14,35.8125,35.8125,34.625,34.625,1.97901,7258000,63388125000.0,-1.1875,-3.315881326352531
1999-04-15,34.9375,35.375,34.75,34.9375,1.99687,6304700,61839375000.0,0.0,0.0
1999-04-16,35.5,35.5,34.5625,34.75,1.986154,5636800,62835000000.0,-0.75,-2.112676056338028
1999-04-19,34.625,35.25,33.0625,33.125,1.893276,10859700,61286250000.0,-1.5,-4.332129963898916
1999-04-20,33.9375,34.6875,33.625,34.25,1.957578,7080400,60069375000.0,0.3125,0.9208103130755065
1999-04-21,34.625,34.625,33.625,34.0,1.943287,7470200,61286250000.0,-0.625,-1.8050541516245486
1999-04-22,34.125,34.75,33.625,34.5,1.971864,7536500,60401250000.0,0.375,1.098901098901099
1999-04-23,34.6875,35.8125,34.5625,35.125,2.007588,9224100,61396875000.0,0.4375,1.2612612612612613
1999-04-26,35.5625,35.75,34.25,34.375,1.964721,7699100,62945625000.0,-1.1875,-3.3391915641476277
1999-04-27,34.5625,35.0625,34.5,34.75,1.986154,4893300,61175625000.0,0.1875,0.5424954792043399
1999-04-28,35.25,35.4375,34.5625,34.5625,1.975438,4590200,62392500000.0,-0.6875,-1.950354609929078
1999-04-29,34.9375,35.3125,34.625,35.1875,2.011159,6094100,61839375000.0,0.25,0.7155635062611807
1999-04-30,35.5,36.1875,35.0,35.0625,2.004016,9461500,62835000000.0,-0.4375,-1.232394366197183
1999-05-03,35.3125,36.4375,35.25,36.25,2.071887,7227700,62503125000.0,0.9375,2.6548672566371683
1999-05-04,37.3125,38.1875,36.75,37.625,2.150476,10284300,66043125000.0,0.3125,0.8375209380234505
1999-05-05,38.0,38.0625,36.75,37.625,2.150476,6436400,67260000000.0,-0.375,-0.9868421052631579
1999-05-06,37.5,37.5,36.5,36.5625,2.089749,5984200,66375000000.0,-0.9375,-2.5
1999-05-07,36.625,37.5625,36.5625,37.0,2.114753,4855900,64826250000.0,0.375,1.023890784982935
1999-05-10,37.0625,38.5,36.25,38.0,2.17191,9743300,65600625000.0,0.9375,2.5295109612141653
1999-05-11,38.4375,38.4375,37.6875,38.0625,2.175482,6569500,68034375000.0,-0.375,-0.975609756097561
1999-05-12,38.0,38.5625,36.8125,38.25,2.186199,6121600,67260000000.0,0.25,0.6578947368421052
1999-05-13,38.875,39.75,38.6875,39.375,2.250499,7419300,68808750000.0,0.5,1.2861736334405145
1999-05-14,39.0,39.1875,38.375,39.0,2.229065,5648400,69030000000.0,0.0,0.0
1999-05-17,39.0,39.5,38.8125,39.375,2.250499,5200500,69030000000.0,0.375,0.9615384615384616
1999-05-18,39.3125,39.375,38.4375,39.1875,2.239781,6666000,69583125000.0,-0.125,-0.3179650238473768
1999-05-19,39.25,40.9375,39.0625,40.75,2.329087,9772700,69472500000.0,1.5,3.821656050955414
1999-05-20,40.875,40.9375,40.125,40.1875,2.296937,6452200,72348750000.0,-0.6875,-1.6819571865443423
1999-05-21,40.25,40.4375,39.625,39.875,2.279075,5163900,71242500000.0,-0.375,-0.9316770186335404
1999-05-24,40.1875,40.1875,39.375,39.6875,2.26836,14633100,71131875000.0,-0.5,-1.244167962674961
1999-05-25,39.75,40.1875,39.5,39.625,2.264787,6835400,70357500000.0,-0.125,-0.3144654088050315
1999-05-26,40.125,40.125,39.4375,39.5,2.257643,6151000,71021250000.0,-0.625,-1.557632398753894
1999-05-27,39.125,39.4375,38.5625,38.75,2.214777,4944700,69251250000.0,-0.375,-0.9584664536741214
1999-05-28,38.5625,39.25,38.5,38.5625,2.204059,3653600,68255625000.0,0.0,0.0
1999-06-01,38.5625,39.625,38.5,39.5625,2.261215,4603600,68255625000.0,1.0,2.593192868719611
1999-06-02,39.8125,40.1875,38.75,39.0,2.229065,4327300,70468125000.0,-0.8125,-2.0408163265306123
1999-06-03,39.5,39.6875,39.25,39.5625,2.261215,3482000,69915000000.0,0.0625,0.15822784810126583
1999-06-04,39.6875,39.8125,39.25,39.625,2.264787,4457100,70246875000.0,-0.0625,-0.15748031496062992
1999-06-07,40.0,40.3125,39.625,40.0625,2.289793,5209700,70800000000.0,0.0625,0.15625
1999-06-08,39.9375,39.9375,38.9375,39.0625,2.232637,5006800,70689375000.0,-0.875,-2.190923317683881
1999-06-09,39.875,40.9375,39.875,40.875,2.336231,7221500,70578750000.0,1.0,2.507836990595611
1999-06-10,40.875,42.5,40.6875,42.25,2.414821,10855200,72348750000.0,1.375,3.3639143730886847
1999-06-11,41.875,42.6875,41.25,42.03125,2.4276,6644700,74118750000.0,0.15625,0.3731343283582089
1999-06-14,42.125,42.1875,41.75,42.0,2.425793,4966300,74561250000.0,-0.125,-0.2967359050445104
1999-06-15,42.0,43.0,41.9375,42.75,2.469112,6277700,74340000000.0,0.75,1.7857142857142856
1999-06-16,42.625,42.6875,41.1875,42.4375,2.451063,11962800,75446250000.0,-0.1875,-0.43988269794721413
1999-06-17,42.0,42.25,41.3125,41.5,2.396914,4829000,74340000000.0,-0.5,-1.1904761904761905
1999-06-18,41.75,42.4375,41.5,42.25,2.440234,7447000,73897500000.0,0.5,1.1976047904191618
1999-06-21,42.375,42.5,41.6875,41.875,2.418574,8387900,75003750000.0,-0.5,-1.1799410029498525
1999-06-22,41.0,41.4375,40.8125,41.25,2.382477,6013300,72570000000.0,0.25,0.6097560975609756
1999-06-23,41.25,42.875,41.0625,42.3125,2.443843,8792200,73012500000.0,1.0625,2.5757575757575757
1999-06-24,42.3125,42.3125,40.5,40.5,2.339159,6344800,74893125000.0,-1.8125,-4.283604135893649
1999-06-25,40.875,41.6875,40.875,41.1875,2.378866,8328800,72348750000.0,0.3125,0.764525993883792
1999-06-28,41.625,42.5625,41.0,41.0,2.368036,6813800,73676250000.0,-0.625,-1.5015015015015014
1999-06-29,40.3125,40.4375,39.5625,40.125,2.317499,10092000,71353125000.0,-0.1875,-0.46511627906976744
1999-06-30,39.875,40.4375,39.5,40.1875,2.32111,11348100,70578750000.0,0.3125,0.7836990595611284
1999-07-01,39.875,40.6875,39.8125,40.0,2.310281,7242200,70578750000.0,0.125,0.3134796238244514
1999-07-02,39.875,41.1875,39.875,41.0,2.368036,9331500,70578750000.0,1.125,2.8213166144200628
1999-07-06,40.25,40.875,40.1875,40.5,2.339159,7071300,71242500000.0,0.25,0.6211180124223602
1999-07-07,40.5,41.125,37.875,37.875,2.187546,4848800,71685000000.0,-2.625,-6.481481481481481
1999-07-08,38.0,39.1875,37.875,38.25,2.209206,20223100,67260000000.0,0.25,0.6578947368421052
1999-07-09,38.0625,39.375,38.0625,38.75,2.238085,10482300,67370625000.0,0.6875,1.8062397372742198
1999-07-12,38.875,39.1875,38.6875,38.8125,2.241693,5411600,68808750000.0,-0.0625,-0.1607717041800643
1999-07-13,38.6875,39.125,38.625,38.75,2.238085,5727700,68476875000.0,0.0625,0.16155088852988692
1999-07-14,38.9375,39.25,38.3125,39.0,2.252523,6077700,68919375000.0,0.0625,0.16051364365971107
1999-07-15,38.625,39.0625,38.625,38.8125,2.241693,5496300,68366250000.0,0.1875,0.48543689320388345
1999-07-16,38.5,38.8125,38.1875,38.25,2.209206,6065400,68145000000.0,-0.25,-0.6493506493506493
1999-07-19,38.1875,38.25,37.375,37.4375,2.162277,7277800,67591875000.0,-0.75,-1.9639934533551555
1999-07-20,37.4375,38.125,37.125,37.3125,2.155057,4724600,66264375000.0,-0.125,-0.333889816360601
1999-07-21,37.125,38.0625,37.125,37.875,2.187546,5410000,65711250000.0,0.75,2.0202020202020203
1999-07-22,37.875,38.4375,37.75,38.25,2.209206,4201800,67038750000.0,0.375,0.9900990099009901
1999-07-23,38.5,38.5625,38.0625,38.125,2.201985,3625100,68145000000.0,-0.375,-0.974025974025974
1999-07-26,37.8125,38.5,37.8125,38.375,2.216424,3157200,66928125000.0,0.5625,1.487603305785124
1999-07-27,38.4375,38.6875,38.1875,38.25,2.209206,3358900,68034375000.0,-0.1875,-0.4878048780487805
1999-07-28,38.25,38.5625,37.4375,37.625,2.173106,4197700,67702500000.0,-0.625,-1.6339869281045754
1999-07-29,37.3125,37.5,36.9375,37.125,2.144229,5066600,66043125000.0,-0.1875,-0.5025125628140703
1999-07-30,37.25,37.4375,36.875,37.25,2.151448,4226200,65932500000.0,0.0,0.0
1999-08-02,37.0625,37.5625,37.0625,37.3125,2.155057,3144000,65600625000.0,0.25,0.6745362563237773
1999-08-03,37.3125,37.5625,36.8125,36.875,2.129791,5161600,66043125000.0,-0.4375,-1.1725293132328307
1999-08-04,36.6875,37.0,36.3125,36.375,2.100911,3819900,64936875000.0,-0.3125,-0.8517887563884157
1999-08-05,36.4375,36.5625,35.9375,36.0,2.079251,5239600,64494375000.0,-0.4375,-1.2006861063464835
1999-08-06,36.0,36.0,35.5,35.625,2.057594,4030800,63720000000.0,-0.375,-1.0416666666666665
1999-08-09,35.8125,36.6875,35.625,36.625,2.115351,3973400,63388125000.0,0.8125,2.2687609075043627
1999-08-10,36.5,36.625,35.625,35.875,2.072032,4134400,64605000000.0,-0.625,-1.7123287671232876
1999-08-11,36.0,36.1875,35.75,36.0,2.079251,4464700,63720000000.0,0.0,0.0
1999-08-12,35.75,35.875,35.375,35.4375,2.046764,3365500,63277500000.0,-0.3125,-0.8741258741258742
1999-08-13,35.5,35.8125,35.25,35.375,2.043154,3775300,62835000000.0,-0.125,-0.35211267605633806
1999-08-16,35.625,36.125,35.5,36.125,2.086472,3327500,63056250000.0,0.5,1.4035087719298245
1999-08-17,36.375,36.9375,36.1875,36.9375,2.1334,4249300,64383750000.0,0.5625,1.5463917525773196
1999-08-18,37.0,37.1875,36.75,36.9375,2.1334,3603500,65490000000.0,-0.0625,-0.16891891891891891
1999-08-19,36.75,36.875,36.4375,36.875,2.129791,4954900,65047500000.0,0.125,0.3401360544217687
1999-08-20,36.9375,37.5625,36.625,37.5,2.165888,4024900,65379375000.0,0.5625,1.5228426395939088
1999-08-23,37.3125,37.8125,37.125,37.5625,2.169497,3570400,66043125000.0,0.25,0.6700167504187605
1999-08-24,37.5,37.8125,37.25,37.5,2.165888,3366700,66375000000.0,0.0,0.0
1999-08-25,37.75,39.125,37.6875,39.125,2.259743,6651300,66817500000.0,1.375,3.642384105960265
1999-08-26,39.0,39.0,37.9375,38.375,2.216424,4830700,69030000000.0,-0.625,-1.6025641025641024
1999-08-27,38.125,38.5625,37.5,37.5625,2.169497,3717500,67481250000.0,-0.5625,-1.4754098360655739
1999-08-30,37.8125,38.25,37.75,37.75,2.180327,3833100,66928125000.0,-0.0625,-0.1652892561983471
1999-08-31,37.9375,38.5625,37.4375,37.4375,2.162277,5619200,67149375000.0,-0.5,-1.3179571663920924
1999-09-01,37.6875,37.75,37.0,37.625,2.173106,4264000,66706875000.0,-0.0625,-0.16583747927031509
1999-09-02,37.0,37.25,36.75,36.875,2.129791,3157400,65490000000.0,-0.125,-0.33783783783783783
1999-09-03,37.125,39.25,36.8125,39.25,2.266963,6792200,65711250000.0,2.125,5.723905723905724
1999-09-07,39.125,39.375,37.0,37.25,2.151448,7471100,69251250000.0,-1.875,-4.792332268370607
1999-09-08,37.125,38.375,37.125,38.3125,2.212816,5956900,65711250000.0,1.1875,3.1986531986531985
1999-09-09,37.5625,38.75,37.5625,38.6875,2.234474,4751500,66485625000.0,1.125,2.995008319467554
1999-09-10,38.6875,38.75,37.5625,38.0,2.194767,4753700,68476875000.0,-0.6875,-1.7770597738287561
1999-09-13,37.5625,38.125,37.25,38.125,2.230156,5595100,66485625000.0,0.5625,1.497504159733777
1999-09-14,37.875,37.9375,36.5,36.6875,2.146068,6432500,67038750000.0,-1.1875,-3.1353135313531353
1999-09-15,37.125,37.1875,36.5625,36.5625,2.138757,4706300,65711250000.0,-0.5625,-1.5151515151515151
1999-09-16,36.8125,37.125,35.875,36.4375,2.131445,5993100,65158125000.0,-0.375,-1.0186757215619695
1999-09-17,36.375,36.8125,35.875,35.9375,2.102196,7136300,64383750000.0,-0.4375,-1.202749140893471
1999-09-20,36.25,36.625,36.1875,36.4375,2.131445,5693300,64162500000.0,0.1875,0.5172413793103449
1999-09-21,35.75,36.0,35.3125,35.625,2.083918,7075700,63277500000.0,-0.125,-0.34965034965034963
1999-09-22,34.734375,35.125,33.8125,34.5,2.018109,11088800,61479843750.0,-0.234375,-0.6747638326585695
1999-09-23,35.125,35.625,34.4375,34.5,2.018109,11726700,62171250000.0,-0.625,-1.7793594306049825
1999-09-24,34.5625,34.8125,34.0625,34.3125,2.00714,6901100,61175625000.0,-0.25,-0.7233273056057866
1999-09-27,34.5,35.0,34.25,34.8125,2.036389,8261400,61065000000.0,0.3125,0.9057971014492754
1999-09-28,34.0,34.375,33.8125,34.0625,1.992517,6664800,60180000000.0,0.0625,0.1838235294117647
1999-09-29,34.125,35.1875,34.125,34.4375,2.014452,6159900,60401250000.0,0.3125,0.9157509157509158
1999-09-30,34.5625,35.0,34.125,34.1875,1.999828,8758600,61175625000.0,-0.375,-1.0849909584086799
1999-10-01,34.0625,34.25,33.9375,34.0,1.98886,10331300,60290625000.0,-0.0625,-0.1834862385321101
1999-10-04,34.5625,35.5,34.1875,34.625,2.025421,6812200,61175625000.0,0.0625,0.18083182640144665
1999-10-05,35.125,35.125,34.0,34.3125,2.00714,6153600,62171250000.0,-0.8125,-2.3131672597864767
1999-10-06,34.5,34.8125,34.3125,34.6875,2.029077,5594200,61065000000.0,0.1875,0.5434782608695652
1999-10-07,34.5625,34.875,34.375,34.5625,2.021765,7016400,61175625000.0,0.0,0.0
1999-10-08,34.5,34.9375,34.25,34.375,2.010796,7558900,61065000000.0,-0.125,-0.36231884057971014
1999-10-11,34.375,34.375,34.0,34.0,1.98886,5344300,60843750000.0,-0.375,-1.090909090909091
1999-10-12,34.0,34.625,33.5625,34.0,1.98886,5392600,60180000000.0,0.0,0.0
1999-10-13,34.3125,34.4375,32.5625,32.9375,1.926709,10095600,60733125000.0,-1.375,-4.007285974499089
1999-10-14,33.25,33.5,31.9375,32.0625,1.875524,8157900,58852500000.0,-1.1875,-3.571428571428571
1999-10-15,31.5,31.75,30.25,30.5625,1.787781,10852600,55755000000.0,-0.9375,-2.976190476190476
1999-10-18,31.0,31.25,30.25,30.5,1.784125,8248900,54870000000.0,-0.5,-1.6129032258064515
1999-10-19,30.5625,31.125,30.1875,30.75,1.798749,7650600,54095625000.0,0.1875,0.6134969325153374
1999-10-20,31.1875,31.1875,26.5,27.0,1.579389,29875400,55201875000.0,-4.1875,-13.426853707414828
1999-10-21,26.75,26.75,21.25,23.625,1.381966,66870100,47347500000.0,-3.125,-11.682242990654206
1999-10-22,24.5,25.3125,24.0,24.75,1.447774,28029200,43365000000.0,0.25,1.0204081632653061
1999-10-25,25.125,25.625,24.8125,25.5,1.491646,19249300,44471250000.0,0.375,1.4925373134328357
1999-10-26,25.8125,25.9375,25.5625,25.5625,1.495301,13898800,45688125000.0,-0.25,-0.9685230024213075
1999-10-27,25.75,25.8125,24.875,25.75,1.50627,11923100,45577500000.0,0.0,0.0
1999-10-28,26.0625,26.3125,25.8125,26.1875,1.531861,10504400,46130625000.0,0.125,0.4796163069544364
1999-10-29,26.125,26.6875,25.0,26.375,1.54283,12077600,46241250000.0,0.25,0.9569377990430622
1999-11-01,24.875,25.0,23.5625,23.6875,1.385622,15004800,44028750000.0,-1.1875,-4.773869346733668
1999-11-02,24.0,24.25,23.75,24.0,1.403902,13668400,42480000000.0,0.0,0.0
1999-11-03,24.4375,27.75,23.5625,27.0,1.579389,21765700,43254375000.0,2.5625,10.485933503836318
1999-11-04,27.25,27.375,25.9375,26.0625,1.524549,12231000,48232500000.0,-1.1875,-4.3577981651376145
1999-11-05,26.5625,26.875,25.1875,25.4375,1.48799,9619100,47015625000.0,-1.125,-4.235294117647059
1999-11-08,25.5,26.0,25.25,25.6875,1.502614,7057500,45135000000.0,0.1875,0.7352941176470588
1999-11-09,25.75,25.75,25.0,25.375,1.484333,7196400,45577500000.0,-0.375,-1.4563106796116505
1999-11-10,25.1875,25.3125,24.375,24.625,1.440462,8460800,44581875000.0,-0.5625,-2.2332506203473943
1999-11-11,24.75,25.3125,24.625,25.25,1.477021,8367300,43807500000.0,0.5,2.0202020202020203
1999-11-12,25.4375,25.5,24.875,25.125,1.46971,6392200,45024375000.0,-0.3125,-1.2285012285012284
1999-11-15,25.1875,25.5,25.125,25.375,1.484333,5351200,44581875000.0,0.1875,0.7444168734491315
1999-11-16,25.875,26.25,25.75,26.0625,1.524549,8744700,45798750000.0,0.1875,0.7246376811594203
1999-11-17,26.125,26.375,25.8125,25.875,1.513581,7887700,46241250000.0,-0.25,-0.9569377990430622
1999-11-18,25.9375,26.1875,25.875,26.0,1.520894,8826800,45909375000.0,0.0625,0.24096385542168677
1999-11-19,25.9375,26.0625,25.5,25.625,1.498957,8021200,45909375000.0,-0.3125,-1.2048192771084338
1999-11-22,25.75,27.9375,25.6875,27.5,1.608638,13587100,45577500000.0,1.75,6.796116504854369
1999-11-23,27.8125,27.875,25.75,25.8125,1.509926,11005200,49228125000.0,-2.0,-7.191011235955057
1999-11-24,26.25,27.125,26.125,26.6875,1.56111,5870700,46462500000.0,0.4375,1.6666666666666667
1999-11-26,26.4375,26.6875,26.1875,26.3125,1.539173,3352600,46794375000.0,-0.125,-0.4728132387706856
1999-11-29,26.0625,26.25,25.5,26.0,1.520894,7638900,46130625000.0,-0.0625,-0.2398081534772182
1999-11-30,25.5625,27.0625,25.5625,26.25,1.535517,8701700,45245625000.0,0.6875,2.689486552567237
1999-12-01,26.1875,27.375,26.125,26.875,1.572077,10004600,46351875000.0,0.6875,2.6252983293556085
1999-12-02,26.9375,26.9375,26.375,26.65625,1.559282,7957200,47679375000.0,-0.28125,-1.0440835266821344
1999-12-03,26.625,26.875,26.125,26.375,1.54283,7350700,47126250000.0,-0.25,-0.9389671361502347
1999-12-06,26.25,26.375,26.0,26.0625,1.524549,5861600,46462500000.0,-0.1875,-0.7142857142857143
1999-12-07,26.375,26.625,25.875,26.0,1.520894,8405700,46683750000.0,-0.375,-1.4218009478672986
1999-12-08,25.9375,26.0,24.9375,25.0625,1.466054,9326100,45909375000.0,-0.875,-3.3734939759036147
1999-12-09,24.6875,25.0,23.75,24.6875,1.444117,15274300,43696875000.0,0.0,0.0
1999-12-10,24.5,25.75,24.1875,25.6875,1.502614,18974500,43365000000.0,1.1875,4.846938775510204
1999-12-13,25.0,25.1875,24.3125,24.625,1.467891,23753300,44250000000.0,-0.375,-1.5
1999-12-14,24.0625,24.5,23.6875,23.9375,1.426909,32489100,42590625000.0,-0.125,-0.5194805194805194
1999-12-15,23.9375,24.5,23.5625,23.5625,1.404555,13187100,42369375000.0,-0.375,-1.5665796344647518
1999-12-16,23.75,23.75,23.3125,23.3125,1.389653,11125700,42037500000.0,-0.4375,-1.8421052631578945
1999-12-17,23.0,23.25,22.75,22.75,1.356122,17785200,40710000000.0,-0.25,-1.0869565217391304
1999-12-20,22.9375,23.375,22.875,23.125,1.378476,12013900,40599375000.0,0.1875,0.8174386920980926
1999-12-21,22.9375,23.125,22.5625,23.0,1.371025,9560000,40599375000.0,0.0625,0.2724795640326975
1999-12-22,23.0,23.125,22.625,22.9375,1.367299,9456600,40710000000.0,-0.0625,-0.2717391304347826
1999-12-23,23.0625,23.6875,23.0,23.4375,1.397104,7436900,40820625000.0,0.375,1.6260162601626018
1999-12-27,23.5,23.625,21.5,21.5,1.28161,11025400,41595000000.0,-2.0,-8.51063829787234
1999-12-28,22.1875,22.9375,21.9375,22.125,1.318866,14459900,39271875000.0,-0.0625,-0.28169014084507044
1999-12-29,22.3125,23.5625,22.3125,23.3125,1.389653,10482300,39493125000.0,1.0,4.481792717086835
1999-12-30,23.5625,24.0625,23.375,23.6875,1.412007,9749400,41705625000.0,0.125,0.5305039787798408
1999-12-31,23.5625,23.625,23.0,23.0,1.371025,5472200,41705625000.0,-0.5625,-2.3872679045092835
2000-01-03,23.5625,23.9375,23.1875,23.4375,1.397104,7386600,41705625000.0,-0.125,-0.5305039787798408
2000-01-04,23.25,24.25,23.25,23.625,1.408281,10538200,41152500000.0,0.375,1.6129032258064515
2000-01-05,23.8125,24.0625,23.4375,23.5,1.40083,11697300,42148125000.0,-0.3125,-1.3123359580052494
2000-01-06,23.5,23.6875,23.0,23.0625,1.37475,7152800,41595000000.0,-0.4375,-1.8617021276595744
2000-01-07,23.25,23.8125,23.125,23.6875,1.412007,7972100,41152500000.0,0.4375,1.881720430107527
2000-01-10,23.75,24.0625,23.75,24.0,1.430634,7711300,42037500000.0,0.25,1.0526315789473684
2000-01-11,24.125,24.625,24.0625,24.125,1.438087,7451400,42701250000.0,0.0,0.0
2000-01-12,24.25,24.5625,24.0,24.25,1.445537,9609400,42922500000.0,0.0,0.0
2000-01-13,24.5,24.5625,24.25,24.5,1.460439,6263900,43365000000.0,0.0,0.0
2000-01-14,24.5625,24.625,23.75,24.25,1.445537,7813300,43475625000.0,-0.3125,-1.2722646310432568
2000-01-18,24.0625,24.1875,23.0,23.0,1.371025,7998600,42590625000.0,-1.0625,-4.415584415584416
2000-01-19,23.125,23.5,23.0,23.375,1.393378,8731100,40931250000.0,0.25,1.0810810810810811
2000-01-20,23.375,23.375,22.0625,22.578125,1.345877,9977700,41373750000.0,-0.796875,-3.4090909090909087
2000-01-21,22.1875,22.5,21.8125,22.0,1.311415,13976300,39271875000.0,-0.1875,-0.8450704225352111
2000-01-24,22.75,23.0,21.875,22.0,1.311415,15344200,40267500000.0,-0.75,-3.296703296703297
2000-01-25,22.0,22.875,21.375,21.9375,1.307689,11046800,38940000000.0,-0.0625,-0.2840909090909091
2000-01-26,21.75,21.8125,20.875,21.0625,1.255531,18969200,38497500000.0,-0.6875,-3.1609195402298855
2000-01-27,21.5,21.875,20.8125,21.0,1.251805,14734700,38055000000.0,-0.5,-2.3255813953488373
2000-01-28,21.125,21.3125,20.75,20.75,1.236903,12021300,37391250000.0,-0.375,-1.7751479289940828
2000-01-31,20.9375,21.125,20.84375,20.875,1.244354,11594900,37059375000.0,-0.0625,-0.2985074626865672
2000-02-01,21.125,21.125,20.75,21.0,1.251805,13301800,37391250000.0,-0.125,-0.591715976331361
2000-02-02,20.9375,21.109375,20.5625,20.625,1.229452,13933200,37059375000.0,-0.3125,-1.4925373134328357
2000-02-03,20.9375,21.4375,20.875,21.0,1.251805,20018200,37059375000.0,0.0625,0.2985074626865672
2000-02-04,21.125,21.125,20.375,20.625,1.229452,16675500,37391250000.0,-0.5,-2.366863905325444
2000-02-07,20.875,20.9375,20.375,20.5625,1.225726,12752400,36948750000.0,-0.3125,-1.4970059880239521
2000-02-08,20.25,20.3125,19.125,19.5,1.162391,26653500,35842500000.0,-0.75,-3.7037037037037033
2000-02-09,19.4375,20.0,19.4375,19.625,1.169842,18374200,34404375000.0,0.1875,0.964630225080386
2000-02-10,20.0,20.3125,19.8125,19.875,1.184744,15253200,35400000000.0,-0.125,-0.625
2000-02-11,19.9375,20.125,19.0625,19.0625,1.136312,15365500,35289375000.0,-0.875,-4.38871473354232
2000-02-14,19.3125,19.4375,18.75,18.9375,1.12886,21123700,34183125000.0,-0.375,-1.9417475728155338
2000-02-15,19.0625,19.125,18.6875,19.125,1.140037,15218000,33740625000.0,0.0625,0.32786885245901637
2000-02-16,19.0625,19.25,18.8125,19.0,1.132586,13799900,33740625000.0,-0.0625,-0.32786885245901637
2000-02-17,19.875,20.0,19.3125,19.5,1.162391,16060300,35178750000.0,-0.375,-1.8867924528301887
2000-02-18,19.5,19.875,19.375,19.625,1.169842,11121500,34515000000.0,0.125,0.641025641025641
2000-02-22,19.9375,21.1875,19.875,20.875,1.244354,17008800,35289375000.0,0.9375,4.702194357366771
2000-02-23,21.25,21.6875,20.1875,20.3125,1.210824,14797000,37612500000.0,-0.9375,-4.411764705882353
2000-02-24,20.5,20.5625,19.75,20.0625,1.195921,12097700,36285000000.0,-0.4375,-2.1341463414634148
2000-02-25,20.125,20.1875,19.625,19.625,1.169842,11480500,35621250000.0,-0.5,-2.484472049689441
2000-02-28,19.8125,20.3125,19.8125,20.0625,1.195921,10884600,35068125000.0,0.25,1.2618296529968454
2000-02-29,20.0625,20.4375,20.0625,20.1875,1.203372,13524800,35510625000.0,0.125,0.6230529595015576
2000-03-01,20.1875,21.5,19.625,20.4375,1.218274,21707100,35731875000.0,0.25,1.238390092879257
2000-03-02,20.4375,20.8125,20.0,20.125,1.199647,11165200,36174375000.0,-0.3125,-1.529051987767584
2000-03-03,20.0,20.625,19.75,20.3125,1.210824,13358800,35400000000.0,0.3125,1.5625
2000-03-06,20.75,20.875,19.5625,19.875,1.184744,13047100,36727500000.0,-0.875,-4.216867469879518
2000-03-07,19.875,20.0,19.5,19.5625,1.166116,12009900,35178750000.0,-0.3125,-1.5723270440251573
2000-03-08,19.625,19.75,19.1875,19.25,1.147488,11810100,34736250000.0,-0.375,-1.910828025477707
2000-03-09,19.25,19.5,19.125,19.5,1.162391,8739200,34072500000.0,0.25,1.2987012987012987
2000-03-10,19.375,19.4375,19.0625,19.0625,1.136312,10848100,34293750000.0,-0.3125,-1.6129032258064515
2000-03-13,19.25,20.0,19.125,19.875,1.184744,10914000,34072500000.0,0.625,3.2467532467532463
2000-03-14,19.8125,19.8125,19.25,19.46875,1.160527,11983600,35068125000.0,-0.34375,-1.7350157728706623
2000-03-15,19.3125,20.375,19.25,20.125,1.199647,13071300,34183125000.0,0.8125,4.207119741100324
2000-03-16,20.125,20.5,20.0625,20.25,1.236592,13253000,35621250000.0,0.125,0.6211180124223602
2000-03-17,20.375,20.375,19.5,20.25,1.236592,16220400,36063750000.0,-0.125,-0.6134969325153374
2000-03-20,19.875,20.25,19.8125,19.9375,1.217509,14039000,35178750000.0,0.0625,0.3144654088050315
2000-03-21,19.5,22.125,19.0,20.3125,1.240409,34490700,34515000000.0,0.8125,4.166666666666666
2000-03-22,20.3125,20.5625,19.3125,19.4375,1.186975,16078100,35953125000.0,-0.875,-4.3076923076923075
2000-03-23,19.5,19.6875,19.3125,19.5,1.190792,13839800,34515000000.0,0.0,0.0
2000-03-24,19.5625,19.875,19.5,19.8125,1.209875,10308500,34625625000.0,0.25,1.2779552715654952
2000-03-27,19.8125,19.875,19.5,19.609375,1.197471,8924600,35068125000.0,-0.203125,-1.025236593059937
2000-03-28,19.5,19.75,19.3125,19.5625,1.194608,12453400,34515000000.0,0.0625,0.3205128205128205
2000-03-29,19.5625,19.625,19.125,19.125,1.167892,11687300,34625625000.0,-0.4375,-2.2364217252396164
2000-03-30,20.0,21.5625,19.734375,21.5,1.312925,27460700,35400000000.0,1.5,7.5
2000-03-31,21.9375,22.0625,20.75,20.75,1.267125,15234000,38829375000.0,-1.1875,-5.413105413105413
2000-04-03,21.75,23.0,21.5,22.8125,1.393074,16940200,38497500000.0,1.0625,4.885057471264368
2000-04-04,23.0,23.75,21.1875,22.1875,1.354908,17620000,40710000000.0,-0.8125,-3.532608695652174
2000-04-05,22.0625,22.5625,22.0,22.375,1.366357,10017900,39050625000.0,0.3125,1.41643059490085
2000-04-06,22.8125,23.5625,22.5,22.9375,1.400707,16373400,40378125000.0,0.125,0.547945205479452
2000-04-07,23.25,23.625,21.9375,22.5,1.373991,24520100,41152500000.0,-0.75,-3.225806451612903
2000-04-10,22.0,22.25,21.0,22.0,1.343458,14618200,38940000000.0,0.0,0.0
2000-04-11,21.75,21.9375,21.5,21.75,1.328191,7584900,38497500000.0,0.0,0.0
2000-04-12,21.875,22.625,21.6875,21.875,1.335824,9034400,38718750000.0,0.0,0.0
2000-04-13,22.0,22.5625,21.8125,22.3125,1.362541,7523800,38940000000.0,0.3125,1.4204545454545454
2000-04-14,21.875,22.5625,20.9375,21.125,1.290025,12374300,38718750000.0,-0.75,-3.428571428571429
2000-04-17,21.0,21.3125,20.375,21.25,1.297658,12204000,37170000000.0,0.25,1.1904761904761905
2000-04-18,21.1875,21.375,20.4375,20.6875,1.263308,8273300,37501875000.0,-0.5,-2.359882005899705
2000-04-19,21.125,21.4375,20.5625,20.8125,1.270941,6850900,37391250000.0,-0.3125,-1.4792899408284024
2000-04-20,20.8125,21.5625,20.8125,21.375,1.305291,6405400,36838125000.0,0.5625,2.7027027027027026
2000-04-24,21.25,22.0,21.125,21.5625,1.316741,10140100,37612500000.0,0.3125,1.4705882352941175
2000-04-25,21.1875,22.3125,21.0625,22.0,1.343458,15395900,37501875000.0,0.8125,3.8348082595870205
2000-04-26,22.0,22.4375,21.8125,22.3125,1.362541,9686300,38940000000.0,0.3125,1.4204545454545454
2000-04-27,22.0625,22.3125,21.875,22.0,1.343458,12650800,39050625000.0,-0.0625,-0.28328611898017
2000-04-28,22.0,22.0625,21.1875,21.875,1.335824,11423000,38940000000.0,-0.125,-0.5681818181818182
2000-05-01,22.0,23.625,22.0,23.5625,1.438873,13061100,38940000000.0,1.5625,7.1022727272727275
2000-05-02,23.5625,24.5625,23.5,23.8125,1.45414,14630900,41705625000.0,0.25,1.0610079575596816
2000-05-03,23.9375,24.5625,23.25,23.25,1.419791,12418300,42369375000.0,-0.6875,-2.8720626631853787
2000-05-04,23.5,23.75,23.125,23.3125,1.423607,6502600,41595000000.0,-0.1875,-0.7978723404255319
2000-05-05,23.3125,23.875,23.0,23.5,1.435057,8200000,41263125000.0,0.1875,0.8042895442359249
2000-05-08,23.6875,24.3125,23.5625,24.1875,1.47704,11874400,41926875000.0,0.5,2.1108179419525066
2000-05-09,24.3125,24.375,23.5,23.625,1.44269,6749700,43033125000.0,-0.6875,-2.827763496143959
2000-05-10,23.6875,24.25,23.625,23.75,1.450324,10495000,41926875000.0,0.0625,0.2638522427440633
2000-05-11,24.0,24.0625,22.8125,23.5,1.435057,14226500,42480000000.0,-0.5,-2.083333333333333
2000-05-12,23.0,24.5,23.0,24.3125,1.484673,9742000,40710000000.0,1.3125,5.706521739130435
2000-05-15,25.1875,27.375,25.1875,27.375,1.671689,27539500,44581875000.0,2.1875,8.6848635235732
2000-05-16,27.1875,27.875,26.8125,27.4375,1.675505,19342100,48121875000.0,0.25,0.9195402298850575
2000-05-17,27.125,28.1875,27.125,27.25,1.664056,16411200,48011250000.0,0.125,0.4608294930875576
2000-05-18,27.0,27.5625,26.25,26.3125,1.606806,10395000,47790000000.0,-0.6875,-2.5462962962962963
2000-05-19,26.0,27.8125,26.0,27.5,1.679323,11828300,46020000000.0,1.5,5.769230769230769
2000-05-22,27.625,27.625,27.0,27.375,1.671689,9816600,48896250000.0,-0.25,-0.904977375565611
2000-05-23,27.125,27.6875,27.125,27.25,1.664056,8747700,48011250000.0,0.125,0.4608294930875576
2000-05-24,27.25,28.625,27.25,28.5625,1.744205,14062800,48232500000.0,1.3125,4.81651376146789
2000-05-25,28.75,28.75,27.75,28.0,1.709855,10078400,50887500000.0,-0.75,-2.608695652173913
2000-05-26,27.8125,28.0,27.375,27.4375,1.675505,4619200,49228125000.0,-0.375,-1.348314606741573
2000-05-30,27.3125,27.4375,26.375,26.4375,1.61444,6861100,48343125000.0,-0.875,-3.203661327231121
2000-05-31,26.4375,26.8125,26.0,26.125,1.595356,8084000,46794375000.0,-0.3125,-1.1820330969267139
2000-06-01,26.125,26.8125,26.0,26.4375,1.61444,6200000,46241250000.0,0.3125,1.1961722488038278
2000-06-02,26.4375,26.5,24.875,25.25,1.541923,12477700,46794375000.0,-1.1875,-4.491725768321513
2000-06-05,25.0625,25.8125,25.0625,25.5,1.55719,5787400,44360625000.0,0.4375,1.7456359102244388
2000-06-06,25.5,25.8125,25.125,25.8125,1.576273,6130800,45135000000.0,0.3125,1.2254901960784315
2000-06-07,25.8125,26.9375,25.8125,26.75,1.633522,6549700,45688125000.0,0.9375,3.631961259079903
2000-06-08,26.375,27.125,25.875,27.0,1.648788,6339900,46683750000.0,0.625,2.3696682464454977
2000-06-09,26.9375,27.4375,26.625,27.0,1.648788,4545200,47679375000.0,0.0625,0.23201856148491878
2000-06-12,27.0625,27.9375,26.6875,27.75,1.694589,6119300,47900625000.0,0.6875,2.5404157043879905
2000-06-13,27.125,27.8125,27.125,27.375,1.671689,6577700,48011250000.0,0.25,0.9216589861751152
2000-06-14,27.25,27.5625,27.125,27.4375,1.675505,4319400,48232500000.0,0.1875,0.6880733944954129
2000-06-15,27.125,27.625,27.125,27.5625,1.683138,7506500,48011250000.0,0.4375,1.6129032258064515
2000-06-16,26.8125,27.125,25.5,25.5,1.584789,16252000,47458125000.0,-1.3125,-4.895104895104895
2000-06-19,26.0,26.1875,25.625,25.8125,1.60421,8941400,46020000000.0,-0.1875,-0.7211538461538461
2000-06-20,26.0625,26.0625,25.0625,25.125,1.561483,5488500,46130625000.0,-0.9375,-3.597122302158273
2000-06-21,25.25,25.375,24.25,25.0,1.553714,8566800,44692500000.0,-0.25,-0.9900990099009901
2000-06-22,24.75,25.0,23.25,23.9375,1.487681,12642700,43807500000.0,-0.8125,-3.2828282828282833
2000-06-23,23.875,23.9375,23.0625,23.4375,1.456607,9698200,42258750000.0,-0.4375,-1.832460732984293
2000-06-26,26.0,27.5,25.5625,27.1875,1.689664,20455200,46020000000.0,1.1875,4.567307692307692
2000-06-27,27.0,28.125,26.375,27.5,1.709087,15830000,47790000000.0,0.5,1.8518518518518516
2000-06-28,27.5625,27.625,25.625,26.09375,1.621689,9728900,48785625000.0,-1.46875,-5.328798185941043
2000-06-29,25.9375,27.125,25.9375,27.0625,1.681895,10068300,45909375000.0,1.125,4.337349397590361
2000-06-30,27.0,27.0,25.9375,26.5625,1.650822,12456500,47790000000.0,-0.4375,-1.6203703703703702
2000-07-03,26.8125,27.4375,26.75,27.1875,1.689664,4378700,47458125000.0,0.375,1.3986013986013985
2000-07-05,27.4375,28.0625,27.3125,27.875,1.732392,8108600,48564375000.0,0.4375,1.5945330296127564
2000-07-06,27.6875,28.25,27.625,27.8125,1.728508,6630800,49006875000.0,0.125,0.4514672686230248
2000-07-07,27.9375,27.9375,26.625,26.8125,1.666359,6105700,49449375000.0,-1.125,-4.026845637583892
2000-07-10,27.0,27.0625,26.5625,27.0,1.678011,6040500,47790000000.0,0.0,0.0
2000-07-11,27.0,27.0,25.75,25.9375,1.611979,7147500,47790000000.0,-1.0625,-3.935185185185185
2000-07-12,25.9375,26.4375,24.9375,25.25,1.569251,8862900,45909375000.0,-0.6875,-2.6506024096385543
2000-07-13,25.1875,25.3125,24.625,24.875,1.545945,7947700,44581875000.0,-0.3125,-1.240694789081886
2000-07-14,24.25,25.875,23.0,24.5,1.522641,18210000,42922500000.0,0.25,1.0309278350515463
2000-07-17,24.4375,24.5625,23.25,23.625,1.46826,14723500,43254375000.0,-0.8125,-3.324808184143223
2000-07-18,23.5625,24.625,23.5,24.0625,1.495451,9314100,41705625000.0,0.5,2.122015915119363
2000-07-19,25.25,25.8125,24.5,25.0,1.553714,9603100,44692500000.0,-0.25,-0.9900990099009901
2000-07-20,25.25,25.625,24.9375,25.5,1.584789,5972100,44692500000.0,0.25,0.9900990099009901
2000-07-21,25.25,25.5,25.09375,25.25,1.569251,5775900,44692500000.0,0.0,0.0
2000-07-24,25.375,25.375,24.75,24.8125,1.542061,3983900,44913750000.0,-0.5625,-2.2167487684729066
2000-07-25,25.0,26.0625,24.9375,26.0,1.615863,5579700,44250000000.0,1.0,4.0
2000-07-26,25.125,26.125,25.125,25.1875,1.565367,7519400,44471250000.0,0.0625,0.24875621890547264
2000-07-27,25.3125,25.75,25.3125,25.625,1.592557,3889800,44803125000.0,0.3125,1.2345679012345678
2000-07-28,25.4375,25.6875,25.1875,25.6875,1.596442,5633800,45024375000.0,0.25,0.9828009828009828
2000-07-31,25.5625,25.9375,25.1875,25.25,1.569251,5978900,45245625000.0,-0.3125,-1.2224938875305624
2000-08-01,25.25,25.75,25.25,25.75,1.600327,4545800,44692500000.0,0.5,1.9801980198019802
2000-08-02,25.5625,26.0625,25.4375,25.9375,1.611979,5780600,45245625000.0,0.375,1.466992665036675
2000-08-03,25.6875,26.5,25.5625,26.4375,1.643054,6812400,45466875000.0,0.75,2.9197080291970803
2000-08-04,26.3125,26.8125,25.75,26.625,1.654706,5021800,46573125000.0,0.3125,1.187648456057007
2000-08-07,26.625,28.125,26.5,28.0,1.74016,9336200,47126250000.0,1.375,5.164319248826291
2000-08-08,27.6875,28.625,27.625,28.5,1.771234,9165400,49006875000.0,0.8125,2.9345372460496613
2000-08-09,28.25,28.375,27.875,27.875,1.732392,5414900,50002500000.0,-0.375,-1.3274336283185841
2000-08-10,28.0,29.1875,27.8125,28.5,1.771234,9140100,49560000000.0,0.5,1.7857142857142856
2000-08-11,30.0,31.875,30.0,31.25,1.942143,25322200,53100000000.0,1.25,4.166666666666666
2000-08-14,31.25,32.25,30.875,31.875,1.980986,13479000,55312500000.0,0.625,2.0
2000-08-15,31.5,32.875,31.125,32.4375,2.015944,10397400,55755000000.0,0.9375,2.976190476190476
2000-08-16,32.25,34.0,32.25,34.0,2.113051,9824800,57082500000.0,1.75,5.426356589147287
2000-08-17,33.0,34.0,32.8125,33.875,2.105283,12042500,58410000000.0,0.875,2.6515151515151514
2000-08-18,33.125,33.5,32.0,32.0,1.988754,8542300,58631250000.0,-1.125,-3.3962264150943398
2000-08-21,31.875,32.25,31.5,32.1875,2.000407,6954800,56418750000.0,0.3125,0.9803921568627451
2000-08-22,32.3125,32.4375,31.5,31.8125,1.977102,4684100,57193125000.0,-0.5,-1.5473887814313347
2000-08-23,31.6875,32.25,31.0,31.0,1.926606,4593500,56086875000.0,-0.6875,-2.1696252465483234
2000-08-24,31.5,32.125,31.375,31.75,1.973217,4244400,55755000000.0,0.25,0.7936507936507936
2000-08-25,31.5,32.1875,31.5,32.0625,1.992639,2934900,55755000000.0,0.5625,1.7857142857142856
2000-08-28,31.9375,32.375,31.75,31.875,1.980986,3049100,56529375000.0,-0.0625,-0.19569471624266144
2000-08-29,31.625,31.6875,30.625,30.875,1.918838,4676800,55976250000.0,-0.75,-2.371541501976284
2000-08-30,30.5625,30.875,29.5,30.5,1.895532,7178200,54095625000.0,-0.0625,-0.2044989775051125
2000-08-31,30.0,30.375,29.375,29.75,1.84892,7200400,53100000000.0,-0.25,-0.8333333333333334
2000-09-01,29.9375,29.9375,29.1875,29.25,1.817845,6290900,52989375000.0,-0.6875,-2.2964509394572024
2000-09-05,29.4375,30.3125,29.375,29.6875,1.845036,6276300,52104375000.0,0.25,0.8492569002123143
2000-09-06,30.0,30.0625,29.625,29.75,1.84892,5241900,53100000000.0,-0.25,-0.8333333333333334
2000-09-07,29.75,30.0625,29.6875,29.75,1.84892,5761600,52657500000.0,0.0,0.0
2000-09-08,29.6875,29.9375,29.25,29.5,1.833383,5904800,52546875000.0,-0.1875,-0.631578947368421
2000-09-11,29.3125,29.8125,29.3125,29.6875,1.845036,4301000,51883125000.0,0.375,1.279317697228145
2000-09-12,29.625,29.75,29.5,29.6875,1.845036,5451300,52436250000.0,0.0625,0.21097046413502107
2000-09-13,29.1875,29.5,27.75,28.125,1.779701,9137000,51661875000.0,-1.0625,-3.640256959314775
2000-09-14,28.375,28.5625,27.3125,27.4375,1.736197,7584000,50223750000.0,-0.9375,-3.303964757709251
2000-09-15,27.375,27.5625,27.0,27.1875,1.720377,9632600,48453750000.0,-0.1875,-0.684931506849315
2000-09-18,27.0,27.1875,26.625,26.6875,1.688739,7135400,47790000000.0,-0.3125,-1.1574074074074074
2000-09-19,27.0,27.3125,26.9375,27.1875,1.720377,7699100,47790000000.0,0.1875,0.6944444444444444
2000-09-20,27.0625,27.125,26.0625,26.0625,1.64919,7386200,47900625000.0,-1.0,-3.695150115473441
2000-09-21,26.0625,27.0,26.0625,26.25,1.661055,6539800,46130625000.0,0.1875,0.7194244604316548
2000-09-22,26.875,27.875,26.8125,27.625,1.748062,7973500,47568750000.0,0.75,2.7906976744186047
2000-09-25,27.75,28.1875,27.5,28.0625,1.775746,5161600,49117500000.0,0.3125,1.1261261261261262
2000-09-26,27.8125,28.5,27.75,28.125,1.779701,6811800,49228125000.0,0.3125,1.1235955056179776
2000-09-27,28.25,29.4375,28.125,29.375,1.858799,7522200,50002500000.0,1.125,3.982300884955752
2000-09-28,29.1875,30.375,29.125,30.25,1.914168,11784600,51661875000.0,1.0625,3.640256959314775
2000-09-29,30.125,30.75,29.375,29.4375,1.862754,9479900,53321250000.0,-0.6875,-2.2821576763485476
2000-10-02,29.625,30.125,29.5625,29.625,1.874618,6663400,52436250000.0,0.0,0.0
2000-10-03,29.625,30.375,29.625,30.0625,1.902303,7241800,52436250000.0,0.4375,1.4767932489451476
2000-10-04,30.0,31.375,29.875,31.0625,1.965581,7399900,53100000000.0,1.0625,3.5416666666666665
2000-10-05,30.75,31.1875,30.1875,30.4375,1.926032,4875500,54427500000.0,-0.3125,-1.0162601626016259
2000-10-06,30.6875,31.3125,29.875,30.125,1.906257,5814600,54316875000.0,-0.5625,-1.8329938900203666
2000-10-09,30.1875,30.875,30.125,30.75,1.945806,3334700,53431875000.0,0.5625,1.8633540372670807
2000-10-10,30.5625,31.5,30.25,31.1875,1.973491,5941800,54095625000.0,0.625,2.044989775051125
2000-10-11,31.3125,31.625,30.75,31.5,1.993265,10494200,55423125000.0,0.1875,0.5988023952095809
2000-10-12,31.875,32.4375,31.1875,32.25,2.040724,8625500,56418750000.0,0.375,1.1764705882352942
2000-10-13,31.625,32.25,30.625,31.0,1.961626,7284800,55976250000.0,-0.625,-1.9762845849802373
2000-10-16,30.6875,31.0,30.0625,30.75,1.945806,5293900,54316875000.0,0.0625,0.20366598778004072
2000-10-17,30.875,32.125,30.625,31.6875,2.005131,9189100,54648750000.0,0.8125,2.631578947368421
2000-10-18,32.0,33.3125,31.5,33.0,2.088182,12080800,56640000000.0,1.0,3.125
2000-10-19,32.5625,33.125,32.25,32.9375,2.084228,6209800,57635625000.0,0.375,1.1516314779270633
2000-10-20,32.6875,33.75,32.4375,33.25,2.104002,6389600,57856875000.0,0.5625,1.7208413001912046
2000-10-23,33.0,35.0,32.875,34.75,2.198919,9146600,58410000000.0,1.75,5.303030303030303
2000-10-24,34.5,35.25,34.4375,35.0625,2.218694,8395200,61065000000.0,0.5625,1.6304347826086956
2000-10-25,34.6875,36.0625,34.6875,35.625,2.254289,8903500,61396875000.0,0.9375,2.7027027027027026
2000-10-26,35.5,36.5,35.0,36.0,2.278017,7885400,62835000000.0,0.5,1.4084507042253522
2000-10-27,35.75,36.6875,35.625,36.6875,2.32152,8036200,63277500000.0,0.9375,2.6223776223776225
2000-10-30,36.3125,38.625,36.25,37.9375,2.400619,11827100,64273125000.0,1.625,4.475043029259897
2000-10-31,37.375,37.75,36.625,36.625,2.317567,9352400,66153750000.0,-0.75,-2.0066889632107023
2000-11-01,36.25,37.3125,36.125,36.5625,2.313611,8543900,64162500000.0,0.3125,0.8620689655172413
2000-11-02,35.75,36.25,35.6875,36.1875,2.289882,6748900,63277500000.0,0.4375,1.2237762237762237
2000-11-03,35.5625,35.6875,34.125,35.0,2.214738,10522100,62945625000.0,-0.5625,-1.5817223198594026
2000-11-06,33.75,36.25,33.5,34.875,2.206829,16915700,59737500000.0,1.125,3.3333333333333335
2000-11-07,34.4375,35.4375,34.375,35.25,2.230559,7532800,60954375000.0,0.8125,2.35934664246824
2000-11-08,35.375,37.25,35.375,36.6875,2.32152,11241700,62613750000.0,1.3125,3.7102473498233217
2000-11-09,35.875,36.5625,34.5625,35.625,2.254289,11238700,63498750000.0,-0.25,-0.6968641114982579
2000-11-10,35.0,37.125,34.8125,36.875,2.333386,7153500,61950000000.0,1.875,5.357142857142857
2000-11-13,36.0,36.3125,33.875,34.625,2.191009,9306600,63720000000.0,-1.375,-3.8194444444444446
2000-11-14,34.1875,35.5,34.125,34.625,2.191009,9586400,60511875000.0,0.4375,1.2797074954296161
2000-11-15,34.6875,36.125,34.6875,35.75,2.262198,5857800,61396875000.0,1.0625,3.063063063063063
2000-11-16,35.6875,36.9375,35.6875,36.3125,2.297792,3760700,63166875000.0,0.625,1.7513134851138354
2000-11-17,35.875,36.875,35.5,36.6875,2.32152,6679900,63498750000.0,0.8125,2.264808362369338
2000-11-20,36.0625,37.125,36.0625,36.5625,2.313611,3956000,63830625000.0,0.5,1.386481802426343
2000-11-21,36.5625,37.875,36.1875,37.4375,2.36898,6103900,64715625000.0,0.875,2.3931623931623935
2000-11-22,36.125,36.5,34.1875,35.8125,2.266153,16103500,63941250000.0,-0.3125,-0.8650519031141869
2000-11-24,36.0625,36.3125,35.375,35.5625,2.250334,2847900,63830625000.0,-0.5,-1.386481802426343
2000-11-27,36.375,36.9375,36.0625,36.5,2.309656,5062500,64383750000.0,0.125,0.3436426116838488
2000-11-28,36.25,37.375,36.25,37.1875,2.353161,5575300,64162500000.0,0.9375,2.586206896551724
2000-11-29,37.375,38.75,37.3125,38.4375,2.432257,7964200,66153750000.0,1.0625,2.842809364548495
2000-11-30,38.6875,39.5625,38.1875,38.1875,2.416438,13653000,68476875000.0,-0.5,-1.2924071082390953
2000-12-01,38.0,38.0625,37.125,37.625,2.380844,6232400,67260000000.0,-0.375,-0.9868421052631579
2000-12-04,37.4375,38.125,37.0,37.6875,2.3848,5026300,66264375000.0,0.25,0.667779632721202
2000-12-05,38.125,38.9375,38.0625,38.5625,2.440168,6370800,67481250000.0,0.4375,1.1475409836065573
2000-12-06,38.0,39.3125,38.0,39.0625,2.471808,5553500,67260000000.0,1.0625,2.7960526315789473
2000-12-07,39.0,40.0,38.875,39.6875,2.511356,6264300,69030000000.0,0.6875,1.7628205128205128
2000-12-08,39.375,40.5,39.0625,39.625,2.5074,8537000,69693750000.0,0.25,0.6349206349206349
2000-12-11,39.0625,39.3125,38.5625,39.0,2.467853,7169900,69140625000.0,-0.0625,-0.16
2000-12-12,38.75,39.75,38.5625,38.875,2.459942,18616400,68587500000.0,0.125,0.3225806451612903
2000-12-13,39.375,40.9375,39.1875,40.8125,2.61824,14097800,69693750000.0,1.4375,3.650793650793651
2000-12-14,40.125,41.75,40.0625,41.5,2.662345,10924100,71021250000.0,1.375,3.4267912772585665
2000-12-15,40.8125,41.8125,40.0625,40.0625,2.570125,16575600,72238125000.0,-0.75,-1.8376722817764166
2000-12-18,40.0,41.75,40.0,41.3125,2.650315,8321800,70800000000.0,1.3125,3.28125
2000-12-19,41.75,43.3125,41.6875,43.0625,2.762584,10814500,73897500000.0,1.3125,3.143712574850299
2000-12-20,43.375,44.5,42.875,44.125,2.830746,11389700,76773750000.0,0.75,1.729106628242075
2000-12-21,43.9375,44.5,42.6875,44.125,2.830746,9501400,77769375000.0,0.1875,0.42674253200568996
2000-12-22,43.4375,43.625,42.5,43.5,2.79065,5328700,76884375000.0,0.0625,0.14388489208633093
2000-12-26,43.4375,44.6875,43.4375,44.5625,2.858813,4280800,76884375000.0,1.125,2.5899280575539567
2000-12-27,44.1875,45.5,44.1875,45.25,2.902917,5562400,78211875000.0,1.0625,2.4045261669024045
2000-12-28,45.125,45.25,44.5,44.625,2.862823,3904800,79871250000.0,-0.5,-1.10803324099723
2000-12-29,44.5,45.1875,44.0,44.0,2.822726,6047500,78765000000.0,-0.5,-1.1235955056179776
2001-01-02,44.0,46.5,43.9375,46.1875,2.963061,10720600,77880000000.0,2.1875,4.971590909090909
2001-01-03,45.875,45.9375,42.0,42.25,2.710459,19989000,81198750000.0,-3.625,-7.901907356948229
2001-01-04,41.75,42.0,38.75,40.5,2.598191,22367600,73897500000.0,-1.25,-2.9940119760479043
2001-01-05,40.75,41.75,40.0625,40.125,2.574135,11509400,72127500000.0,-0.625,-1.5337423312883436
2001-01-08,40.625,42.625,40.5,42.0625,2.69843,11307000,71906250000.0,1.4375,3.5384615384615383
2001-01-09,41.875,43.875,41.75,43.375,2.782631,12072400,74118750000.0,1.5,3.582089552238806
2001-01-10,43.1875,44.625,42.9375,44.125,2.830746,12244400,76441875000.0,0.9375,2.170767004341534
2001-01-11,44.125,44.125,41.0625,41.625,2.670363,11954600,78101250000.0,-2.5,-5.6657223796034
2001-01-12,41.5,42.375,41.3125,42.25,2.710459,7749900,73455000000.0,0.75,1.8072289156626504
2001-01-16,42.125,43.3125,41.4375,42.5625,2.730506,9390400,74561250000.0,0.4375,1.0385756676557862
2001-01-17,42.0,42.9375,41.9375,42.8125,2.746546,7336300,74340000000.0,0.8125,1.9345238095238095
2001-01-18,42.6875,43.125,42.375,43.125,2.766593,6338700,75556875000.0,0.4375,1.0248901903367496
2001-01-19,43.0,43.8125,42.875,43.4375,2.786642,7323500,76110000000.0,0.4375,1.0174418604651163
2001-01-22,43.0,44.375,42.875,44.3125,2.842775,6951200,76110000000.0,1.3125,3.0523255813953485
2001-01-23,44.1875,44.5,43.875,43.9375,2.818718,5886500,78211875000.0,-0.25,-0.5657708628005658
2001-01-24,43.9375,44.9375,43.875,44.5,2.854803,5664800,77769375000.0,0.5625,1.2802275960170697
2001-01-25,44.125,45.25,43.875,44.8125,2.874852,7810500,78101250000.0,0.6875,1.5580736543909348
2001-01-26,44.25,44.5,43.625,43.8125,2.810698,5613500,78322500000.0,-0.4375,-0.9887005649717515
2001-01-29,43.5,44.869999,43.41,44.41,2.84903,5693500,76995000000.0,0.9099999999999966,2.091954022988498
2001-01-30,44.5,45.0,44.200001,44.91,2.881106,6902400,78765000000.0,0.4099999999999966,0.9213483146067338
2001-01-31,45.0,45.75,43.0,44.0,2.822726,11535500,79650000000.0,-1.0,-2.2222222222222223
2001-02-01,44.450001,45.990002,44.369999,45.790001,2.93756,8228900,78676501770.0,1.3399999999999963,3.0146231042829363
2001-02-02,45.849998,46.0,45.41,45.41,2.913183,6087900,81154496460.0,-0.4399980000000028,-0.9596467157970275
2001-02-05,45.209999,47.0,45.060001,46.470001,2.981185,7736400,80021698230.0,1.260002,2.786998513315605
2001-02-06,46.450001,46.5,45.849998,46.16,2.961296,5638300,82216501770.0,-0.29000100000000373,-0.6243293729961464
2001-02-07,46.130001,47.18,46.0,46.0,2.951033,10167700,81650101770.0,-0.13000100000000003,-0.28181443135021833
2001-02-08,46.0,47.150002,45.799999,46.939999,3.011334,6198900,81420000000.0,0.9399990000000003,2.043476086956522
2001-02-09,47.099998,48.43,47.099998,48.0,3.079339,10558700,83366996460.0,0.9000020000000006,1.9108323529015876
2001-02-12,48.0,48.41,47.349998,47.950001,3.07613,8326900,84960000000.0,-0.04999899999999968,-0.10416458333333267
2001-02-13,47.700001,47.720001,47.009998,47.599998,3.053678,5302000,84429001770.0,-0.10000300000000095,-0.20964989078302315
2001-02-14,47.599998,47.939999,46.0,46.029999,2.952958,11532300,84251996460.0,-1.5699990000000028,-3.2983173654755253
2001-02-15,45.759998,46.349998,45.549999,45.990002,2.950391,6850800,80995196460.0,0.23000399999999388,0.5026311408492498
2001-02-16,45.799999,47.259998,45.799999,46.529999,2.985034,8109300,81065998230.0,0.7299999999999969,1.5938864976831044
2001-02-20,46.529999,48.540001,46.52,47.93,3.074847,7990000,82358098230.0,1.4000010000000032,3.008813733264863
2001-02-21,48.0,48.900002,47.860001,48.060001,3.083187,6998200,84960000000.0,0.06000099999999975,0.1250020833333328
2001-02-22,48.099998,49.0,47.5,48.009998,3.07998,8727100,85136996460.0,-0.0899999999999963,-0.18711019489022912
2001-02-23,48.0,48.5,46.75,47.02,3.016469,8297900,84960000000.0,-0.9799999999999969,-2.04166666666666
2001-02-26,46.610001,47.75,45.849998,46.5,2.983108,7895800,82499701770.0,-0.1100009999999969,-0.23600299858392387
2001-02-27,46.799999,48.57,46.799999,48.259998,3.096019,8220000,82835998230.0,1.4599990000000034,3.1196560495653074
2001-02-28,48.380001,49.0,47.439999,48.18,3.090885,8186300,85632601770.0,-0.20000100000000032,-0.4133960228731709
2001-03-01,48.799999,49.5,48.549999,48.549999,3.114622,9434700,86375998230.0,-0.25,-0.5122950924650634
2001-03-02,48.75,49.799999,48.75,49.700001,3.188399,9034800,86287500000.0,0.9500010000000003,1.9487200000000007
2001-03-05,49.400002,49.98,49.259998,49.330002,3.164662,5553700,87438003540.0,-0.07000000000000028,-0.14170039912144192
2001-03-06,49.080002,49.09,48.540001,48.830002,3.132586,5419200,86871603540.0,-0.25,-0.5093724323809115
2001-03-07,48.549999,50.349998,48.529999,50.040001,3.210209,9157400,85933498230.0,1.490001999999997,3.0690052125438703
2001-03-08,50.0,51.0,49.700001,50.849998,3.262174,7776000,88500000000.0,0.8499979999999994,1.6999959999999987
2001-03-09,51.400002,52.040001,51.0,51.75,3.319911,8714500,90978003540.0,0.34999799999999937,0.6809299345941647
2001-03-12,51.299999,51.610001,49.599998,49.599998,3.181983,8584100,90800998230.0,-1.7000010000000003,-3.3138421698604716
2001-03-13,48.799999,49.619999,47.849998,49.5,3.209867,9304400,86375998230.0,0.7000010000000003,1.434428308082548
2001-03-14,48.099998,49.0,47.84,48.040001,3.115191,7595700,85136996460.0,-0.05999700000000274,-0.1247338929203339
2001-03-15,47.900002,47.91,46.880001,47.259998,3.064611,7212300,84783003540.0,-0.6400039999999976,-1.33612520517222
2001-03-16,47.150002,48.279999,47.139999,48.150002,3.122326,10352700,83455503540.0,1.0,2.1208906841615827
2001-03-19,48.049999,48.470001,47.150002,47.150002,3.057479,6587000,85048498230.0,-0.899996999999999,-1.873042702872895
2001-03-20,47.0,47.009998,44.23,44.91,2.912225,14757100,83190000000.0,-2.0900000000000034,-4.446808510638305
2001-03-21,44.299999,44.5,43.509998,44.299999,2.872669,11588000,78410998230.0,0.0,0.0
2001-03-22,43.849998,43.91,41.470001,42.900002,2.781885,15703400,77614496460.0,-0.9499959999999987,-2.1664676016632853
2001-03-23,43.049999,43.900002,42.419998,43.400002,2.814308,13426200,76198498230.0,0.35000300000000095,0.8130151176077867
2001-03-26,43.950001,45.950001,43.5,45.25,2.934272,9261800,77791501770.0,1.2999989999999997,2.9579043695584892
2001-03-27,45.150002,47.400002,44.5,47.23,3.062667,10965100,79915503540.0,2.0799979999999962,4.606861368466819
2001-03-28,46.990002,47.07,45.259998,46.41,3.009492,9095600,83172303540.0,-0.5800020000000004,-1.234309375002794
2001-03-29,46.0,47.900002,45.610001,46.830002,3.036728,7008200,81420000000.0,0.8300020000000004,1.8043521739130441
2001-03-30,47.34,48.240002,47.130001,47.450001,3.076933,6706200,83791800000.0,0.1100009999999969,0.23236375158427733
2001-04-02,47.700001,48.23,46.080002,46.189999,2.995227,6257500,84429001770.0,-1.510002,-3.1656225751441807
2001-04-03,46.110001,46.119999,44.0,44.509998,2.886286,8326000,81614701770.0,-1.6000029999999938,-3.4699695625684193
2001-04-04,44.599998,45.75,44.02,45.619999,2.958265,7537900,78941996460.0,1.0200010000000006,2.286997860403493
2001-04-05,46.0,46.610001,45.919998,46.23,2.997821,10428000,81420000000.0,0.22999999999999687,0.4999999999999932
2001-04-06,45.5,47.470001,45.450001,46.75,3.031541,8484200,80535000000.0,1.25,2.7472527472527473
2001-04-09,46.700001,47.18,46.669998,47.0,3.047751,5969600,82659001770.0,0.2999989999999997,0.6423961318544719
2001-04-10,47.049999,47.84,47.040001,47.57,3.084714,6899900,83278498230.0,0.5200010000000006,1.1052093752435588
2001-04-11,47.150002,47.16,45.32,45.740002,2.966047,6513000,83455503540.0,-1.4100000000000037,-2.9904558646678394
2001-04-12,45.700001,46.09,45.060001,45.889999,2.975773,4105400,80889001770.0,0.18999800000000278,0.415750537948572
2001-04-16,45.970001,47.0,45.91,46.560001,3.01922,4279200,81366901770.0,0.5899999999999963,1.283445697553925
2001-04-17,46.310001,48.299999,46.25,47.810001,3.100279,6058200,81968701770.0,1.5,3.2390411738492513
2001-04-18,47.810001,48.0,46.200001,46.830002,3.036728,9219000,84623701770.0,-0.9799989999999994,-2.049778246187444
2001-04-19,46.599998,46.799999,45.610001,46.5,3.015329,8433800,82481996460.0,-0.09999799999999937,-0.21458799204240173
2001-04-20,46.5,47.560001,46.310001,47.16,3.058127,6778700,82305000000.0,0.6599999999999966,1.41935483870967
2001-04-23,47.740002,48.599998,47.650002,47.950001,3.109356,6467700,84499803540.0,0.20999900000000338,0.43988058483953013
2001-04-24,48.299999,48.490002,47.470001,47.950001,3.109356,4899800,85490998230.0,-0.34999799999999937,-0.7246335553754346
2001-04-25,48.950001,50.700001,48.5,50.700001,3.287683,12168300,86641501770.0,1.75,3.5750765357492025
2001-04-26,50.0,50.900002,49.5,50.900002,3.300651,9971800,88500000000.0,0.9000020000000006,1.8000040000000013
2001-04-27,50.299999,51.25,49.82,51.080002,3.312322,6840200,89030998230.0,0.7800030000000007,1.550701820093477
2001-04-30,50.970001,51.990002,50.110001,50.110001,3.249424,7110300,90216901770.0,-0.8600000000000065,-1.687266986712452
2001-05-01,50.59,52.349998,50.459999,52.099998,3.378466,7359400,89544300000.0,1.509997999999996,2.9847756473611304
2001-05-02,52.09,52.09,50.849998,51.009998,3.307785,6582800,92199300000.0,-1.0800020000000004,-2.073338452678058
2001-05-03,51.299999,52.25,51.299999,51.599998,3.346044,6423900,90800998230.0,0.2999989999999997,0.5847933837191687
2001-05-04,51.740002,53.200001,51.66,53.0,3.436827,7276100,91579803540.0,1.259998000000003,2.4352492294066845
2001-05-07,52.599998,53.880001,51.720001,52.0,3.37198,7732400,93101996460.0,-0.5999979999999994,-1.1406806517369057
2001-05-08,51.5,51.82,50.799999,51.0,3.307137,6009600,91155000000.0,-0.5,-0.9708737864077669
2001-05-09,51.0,51.799999,50.93,51.380001,3.331776,6713000,90270000000.0,0.38000100000000003,0.7451000000000001
2001-05-10,51.400002,52.43,51.200001,52.32,3.392733,4392100,90978003540.0,0.9199979999999996,1.7898793077867965
2001-05-11,52.32,52.439999,51.360001,51.75,3.35577,4207500,92606400000.0,-0.5700000000000003,-1.0894495412844043
2001-05-14,51.299999,51.639999,50.759998,50.91,3.301297,4399800,90800998230.0,-0.3899990000000031,-0.7602319836302591
2001-05-15,50.950001,51.439999,50.299999,50.919998,3.301946,5137900,90181501770.0,-0.030003000000000668,-0.05888714310329585
2001-05-16,51.200001,52.599998,51.0,52.349998,3.394677,7666700,90624001770.0,1.149996999999999,2.2460878467560947
2001-05-17,52.299999,52.75,51.650002,51.939999,3.368091,4139500,92570998230.0,-0.35999999999999943,-0.6883365332377911
2001-05-18,52.0,52.490002,52.0,52.369999,3.395974,4244100,92040000000.0,0.36999899999999997,0.7115365384615384
2001-05-21,52.5,52.599998,49.950001,50.220001,3.256555,9745600,92925000000.0,-2.2799989999999966,-4.342855238095232
2001-05-22,50.0,50.450001,49.200001,49.389999,3.202734,12398300,88500000000.0,-0.6100009999999969,-1.2200019999999938
2001-05-23,49.400002,50.18,49.400002,49.799999,3.229321,6423200,87438003540.0,0.39999699999999905,0.8097104935339862
2001-05-24,50.0,51.18,49.900002,50.439999,3.270822,5066500,88500000000.0,0.43999900000000025,0.8799980000000006
2001-05-25,50.349998,51.0,50.310001,50.529999,3.276658,3912200,89119496460.0,0.1800009999999972,0.35749951767624144
2001-05-29,50.700001,51.75,50.099998,51.639999,3.348636,5932500,89739001770.0,0.9399980000000028,1.8540394111629364
2001-05-30,51.900002,52.0,51.02,51.189999,3.319456,4571600,91863003540.0,-0.7100030000000004,-1.3680211418874326
2001-05-31,51.389999,51.98,51.200001,51.41,3.333722,4437700,90960298230.0,0.020000999999993496,0.03892002410818007
2001-06-01,51.599998,51.599998,50.75,51.27,3.324644,3591300,91331996460.0,-0.32999799999999624,-0.6395310325399552
2001-06-04,51.049999,51.549999,50.040001,51.16,3.317512,4724600,90358498230.0,0.1100009999999969,0.21547698757055198
2001-06-05,50.75,50.990002,50.099998,50.830002,3.296112,5059000,89827500000.0,0.08000200000000035,0.15763940886699576
2001-06-06,50.099998,50.389999,49.610001,50.0,3.242289,6114100,88676996460.0,-0.09999799999999937,-0.19959681435516097
2001-06-07,47.900002,48.799999,47.049999,48.52,3.146319,23434900,84783003540.0,0.6199980000000025,1.294359027375411
2001-06-08,48.52,49.0,46.75,48.279999,3.130754,5547300,85880400000.0,-0.24000100000000657,-0.4946434460016623
2001-06-11,48.25,48.84,48.049999,48.52,3.146319,5178200,85402500000.0,0.2700000000000031,0.5595854922279857
2001-06-12,48.529999,49.560001,48.52,49.099998,3.183929,7111600,85898098230.0,0.5699990000000028,1.1745291814244687
2001-06-13,48.580002,49.400002,47.580002,47.810001,3.134109,10194000,85986603540.0,-0.7700010000000006,-1.5850164024283089
2001-06-14,47.560001,47.700001,46.970001,47.02,3.082322,6423000,84181201770.0,-0.5400009999999966,-1.1354099845372092
2001-06-15,47.0,47.549999,45.700001,46.32,3.036433,10781500,83190000000.0,-0.6799999999999997,-1.4468085106382973
2001-06-18,46.32,46.57,44.529999,44.799999,2.936792,9661400,81986400000.0,-1.5200010000000006,-3.28152202072539
2001-06-19,45.0,45.389999,44.5,44.599998,2.92368,9312900,79650000000.0,-0.40000200000000063,-0.8888933333333346
2001-06-20,44.950001,46.75,44.900002,46.5,3.048233,9283300,79561501770.0,1.5499989999999997,3.4482735606613217
2001-06-21,46.5,48.16,46.349998,47.66,3.124276,12679500,82305000000.0,1.1599999999999966,2.494623655913971
2001-06-22,47.66,48.189999,47.279999,47.529999,3.115754,6222900,84358200000.0,-0.13000100000000003,-0.2727675199328578
2001-06-25,47.779999,48.580002,47.509998,48.169998,3.157707,6389900,84570598230.0,0.3899990000000031,0.816239029222255
2001-06-26,48.009998,48.470001,46.779999,46.919998,3.075765,6053500,84977696460.0,-1.0900000000000034,-2.2703604361741556
2001-06-27,47.07,47.669998,46.599998,47.110001,3.088221,5834700,83313900000.0,0.04000099999999662,0.08498194178881799
2001-06-28,47.5,48.799999,47.369999,48.290001,3.165574,5742900,84075000000.0,0.7900009999999966,1.663159999999993
2001-06-29,48.450001,50.75,47.779999,49.5,3.244894,11210300,85756501770.0,1.0499989999999997,2.167180553824962
2001-07-02,49.759998,49.759998,48.599998,48.799999,3.199005,6797600,88075196460.0,-0.9599990000000034,-1.929258518057021
2001-07-03,48.5,48.790001,47.740002,47.799999,3.133452,5175300,85845000000.0,-0.7000010000000003,-1.4433010309278358
2001-07-05,47.0,47.200001,46.110001,46.779999,3.066587,7583200,83190000000.0,-0.22000100000000344,-0.46808723404256053
2001-07-06,46.779999,46.779999,45.279999,45.709999,2.996447,5891000,82800598230.0,-1.0699999999999932,-2.287302314820471
2001-07-09,46.299999,46.299999,45.099998,45.189999,2.962357,4669200,81950998230.0,-1.1099999999999994,-2.3974082591232873
2001-07-10,45.189999,47.0,45.189999,46.299999,3.035121,9632900,79986298230.0,1.1099999999999994,2.4562956949833072
2001-07-11,46.549999,46.84,45.959999,46.57,3.052821,4392600,82393498230.0,0.0200010000000006,0.042966703393485794
2001-07-12,46.57,46.57,45.5,45.779999,3.001035,5060700,82428900000.0,-0.7900010000000037,-1.6963732016319601
2001-07-13,45.450001,45.889999,44.700001,44.990002,2.949247,5052100,80446501770.0,-0.4599990000000034,-1.012098987632593
2001-07-16,44.990002,45.0,43.599998,43.900002,2.877795,7287600,79632303540.0,-1.0899999999999963,-2.422760505767473
2001-07-17,43.900002,45.150002,43.610001,44.849998,2.940069,6480500,77703003540.0,0.9499959999999987,2.163999901412302
2001-07-18,44.98,46.130001,44.950001,45.48,2.981369,5770700,79614600000.0,0.5,1.1116051578479325
2001-07-19,45.73,46.349998,45.400002,45.82,3.003656,4875400,80942100000.0,0.09000000000000341,0.1968073474743132
2001-07-20,45.82,46.439999,45.599998,46.0,3.015456,4425300,81101400000.0,0.17999999999999972,0.3928415539065904
2001-07-23,46.5,46.900002,45.619999,45.720001,2.997101,3838500,82305000000.0,-0.7799989999999966,-1.6774172043010678
2001-07-24,45.939999,45.939999,45.150002,45.330002,2.971536,3320800,81313798230.0,-0.6099969999999999,-1.3278123928561685
2001-07-25,45.299999,45.310001,43.900002,44.68,2.928926,5913000,80180998230.0,-0.619999,-1.368651244341087
2001-07-26,44.43,44.599998,43.25,44.200001,2.897461,7000200,78641100000.0,-0.2299989999999994,-0.517665991447219
2001-07-27,44.200001,44.299999,43.0,43.16,2.829284,6645800,78234001770.0,-1.0400010000000037,-2.3529433856800224
2001-07-30,43.200001,43.860001,43.189999,43.669998,2.862717,5344300,76464001770.0,0.46999699999999933,1.0879559933343506
2001-07-31,43.830002,45.540001,43.799999,45.5,2.982679,7044700,77579103540.0,1.6699979999999996,3.8101709418128697
2001-08-01,45.400002,46.400002,45.099998,45.73,2.997758,4778200,80358003540.0,0.32999799999999624,0.726867809389075
2001-08-02,46.09,46.299999,45.200001,45.84,3.004968,3365400,81579300000.0,-0.25,-0.5424170101974397
2001-08-03,45.5,45.75,44.630001,45.169998,2.961047,4099600,80535000000.0,-0.33000200000000035,-0.7252791208791217
2001-08-06,45.419998,45.490002,44.439999,44.77,2.934825,3793100,80393396460.0,-0.6499979999999965,-1.4310832862652185
2001-08-07,44.599998,45.509998,44.599998,45.509998,2.983335,4084200,78941996460.0,0.9100000000000037,2.0403588358905393
2001-08-08,45.419998,45.5,44.650002,44.810001,2.937449,3259000,80393396460.0,-0.6099969999999999,-1.3430141498465058
2001-08-09,44.41,44.860001,43.84,44.490002,2.916471,3766600,78605700000.0,0.08000200000000035,0.1801441116865579
2001-08-10,44.470001,45.23,43.849998,44.110001,2.891559,5329700,78711901770.0,-0.36000000000000654,-0.8095344994483056
2001-08-13,44.349998,44.560001,43.900002,44.27,2.902049,3146700,78499496460.0,-0.07999799999999624,-0.1803788130948647
2001-08-14,44.209999,44.639999,44.18,44.439999,2.913192,2877400,78251698230.0,0.22999999999999687,0.5202443003900472
2001-08-15,44.099998,44.470001,43.610001,43.68,2.863373,4598800,78056996460.0,-0.41999799999999965,-0.9523764604252355
2001-08-16,43.900002,43.93,43.049999,43.560001,2.855507,5633000,77703003540.0,-0.3400010000000009,-0.7744897141462564
2001-08-17,43.639999,44.450001,43.419998,44.130001,2.89287,5425100,77242798230.0,0.49000199999999694,1.1228277067558983
2001-08-20,44.110001,45.48,43.950001,45.48,2.981369,7589000,78074701770.0,1.369999,3.1058693469537673
2001-08-21,45.48,46.66,45.299999,45.400002,2.976125,7474900,80499600000.0,-0.07999799999999624,-0.17589709762532155
2001-08-22,45.549999,46.150002,45.439999,45.619999,2.990545,5716800,80623498230.0,0.07000000000000028,0.15367728109061055
2001-08-23,45.619999,46.990002,45.57,46.740002,3.063965,5223600,80747398230.0,1.120002999999997,2.4550701984890377
2001-08-24,46.849998,47.849998,46.799999,47.049999,3.084288,6493600,82924496460.0,0.20000100000000032,0.42689649634563553
2001-08-27,47.060001,47.900002,47.049999,47.509998,3.114442,3497700,83296201770.0,0.4499970000000033,0.9562196991878589
2001-08-28,47.549999,47.619999,47.290001,47.599998,3.120342,3655500,84163498230.0,0.04999899999999968,0.10515037024501238
2001-08-29,47.650002,47.689999,47.049999,47.23,3.096086,3886200,84340503540.0,-0.42000200000000376,-0.8814312326786551
2001-08-30,47.490002,48.459999,47.32,47.939999,3.142628,6022700,84057303540.0,0.4499970000000033,0.9475615520083644
2001-08-31,47.939999,48.330002,47.110001,47.400002,3.107231,4992400,84853798230.0,-0.5399969999999996,-1.1264017756863107
2001-09-04,47.66,48.549999,47.400002,47.939999,3.142628,5654100,84358200000.0,0.27999900000000366,0.5874926563155763
2001-09-05,47.900002,48.73,47.57,48.5,3.179341,5453800,84783003540.0,0.5999979999999994,1.2526053756740958
2001-09-06,48.310001,48.720001,47.400002,47.860001,3.137386,6421000,85508701770.0,-0.45000000000000284,-0.9314841454878108
2001-09-07,47.810001,48.099998,46.73,47.080002,3.086253,7050700,84623701770.0,-0.7299989999999994,-1.526875098789476
2001-09-10,47.09,48.490002,47.080002,48.150002,3.156396,6074600,83349300000.0,1.0600019999999972,2.251012953918023
2001-09-17,47.0,49.349998,46.810001,48.900002,3.244645,13036200,83190000000.0,1.9000020000000006,4.0425574468085115
2001-09-18,49.200001,49.549999,47.5,48.299999,3.204834,10970900,87084001770.0,-0.9000020000000006,-1.8292723205432466
2001-09-19,48.299999,48.990002,47.610001,48.0,3.184926,11683400,85490998230.0,-0.2999989999999997,-0.6211159548885284
2001-09-20,47.709999,47.950001,47.200001,47.43,3.147107,9257800,84446698230.0,-0.27999900000000366,-0.5868769772977854
2001-09-21,46.299999,47.009998,45.330002,46.68,3.097342,15623800,81950998230.0,0.38000100000000003,0.8207365188064043
2001-09-24,46.41,47.48,46.060001,47.369999,3.143125,11544400,82145700000.0,0.9599990000000034,2.0685175608705095
2001-09-25,46.950001,47.59,46.27,47.040001,3.121229,7746200,83101501770.0,0.0899999999999963,0.1916932866518923
2001-09-26,47.200001,47.389999,46.639999,46.860001,3.109284,7025200,83544001770.0,-0.3400000000000034,-0.7203389677894358
2001-09-27,47.23,49.0,46.799999,49.0,3.251279,7305200,83597100000.0,1.7700000000000031,3.7476180393817558
2001-09-28,49.0,49.0,47.650002,48.290001,3.20417,9211200,86730000000.0,-0.7099990000000034,-1.448977551020415
2001-10-01,48.290001,49.43,48.07,49.369999,3.275832,8262600,85473301770.0,1.0799980000000033,2.2364836977327944
2001-10-02,49.470001,49.59,48.560001,49.400002,3.277822,5084800,87561901770.0,-0.06999900000000281,-0.14149787464124533
2001-10-03,49.549999,49.959999,49.0,49.450001,3.281138,5776300,87703498230.0,-0.09999799999999937,-0.20181231487007573
2001-10-04,49.700001,50.0,49.529999,49.849998,3.307678,5939700,87969001770.0,0.14999699999999905,0.3018048229013095
2001-10-05,50.0,50.75,49.619999,50.16,3.328249,6706200,88500000000.0,0.1599999999999966,0.3199999999999932
2001-10-08,50.0,50.82,49.720001,50.639999,3.3601,4494700,88500000000.0,0.6399990000000031,1.2799980000000062
2001-10-09,50.799999,50.970001,50.41,50.970001,3.381995,7800500,89915998230.0,0.17000200000000376,0.33464961288681083
2001-10-10,50.610001,51.580002,50.310001,51.310001,3.404555,7611400,89579701770.0,0.7000000000000028,1.3831258371245694
2001-10-11,51.349998,51.720001,50.529999,51.02,3.385313,7481300,90889496460.0,-0.32999799999999624,-0.6426446209403869
2001-10-12,50.560001,51.150002,50.060001,50.639999,3.3601,10050200,89491201770.0,0.07999800000000334,0.1582238892756417
2001-10-15,50.400002,51.040001,50.400002,50.48,3.349483,3631700,89208003540.0,0.07999799999999624,0.1587261841775249
2001-10-16,50.549999,50.82,50.18,50.689999,3.363416,4267700,89473498230.0,0.14000000000000057,0.276953516853681
2001-10-17,50.439999,50.59,49.810001,50.009998,3.318295,6133600,89278798230.0,-0.4300009999999972,-0.8525000169012636
2001-10-18,50.0,50.009998,49.16,49.299999,3.271188,5638200,88500000000.0,-0.7000010000000003,-1.4000020000000006
2001-10-19,49.310001,49.98,49.220001,49.91,3.31166,4602400,87278701770.0,0.5999989999999968,1.2167896731537216
2001-10-22,49.759998,51.099998,49.759998,50.779999,3.369388,4379600,88075196460.0,1.0200009999999935,2.0498413203312293
2001-10-23,50.790001,51.25,49.73,50.220001,3.332232,4683600,89898301770.0,-0.5699999999999932,-1.1222681409279618
2001-10-24,50.07,50.5,49.849998,50.130001,3.326258,5675100,88623900000.0,0.06000099999999975,0.11983423207509436
2001-10-25,49.349998,49.580002,48.599998,49.389999,3.277158,7238100,87349496460.0,0.04000100000000373,0.08105572770236734
2001-10-26,49.0,50.450001,48.98,49.869999,3.309006,5159900,86730000000.0,0.869999,1.775508163265306
2001-10-29,50.009998,50.75,49.580002,49.68,3.296399,3468000,88517696460.0,-0.32999800000000334,-0.659864053583852
2001-10-30,48.0,48.110001,47.41,47.700001,3.165023,13111700,84960000000.0,-0.2999989999999997,-0.6249979166666659
2001-10-31,47.450001,47.560001,46.700001,46.799999,3.105305,9509200,83986501770.0,-0.6500020000000006,-1.369867199792052
2001-11-01,47.5,47.889999,47.110001,47.599998,3.158387,6698900,84075000000.0,0.09999799999999937,0.21052210526315657
2001-11-02,47.599998,48.400002,47.41,48.279999,3.203507,4402300,84251996460.0,0.6800009999999972,1.428573589435859
2001-11-05,48.689999,48.779999,48.150002,48.299999,3.204834,4378300,86181298230.0,-0.39000000000000057,-0.8009858451629883
2001-11-06,48.779999,48.779999,48.349998,48.549999,3.221422,5758000,86340598230.0,-0.22999999999999687,-0.47150472471308763
2001-11-07,48.119999,48.549999,47.68,47.799999,3.171657,6915400,85172398230.0,-0.3200000000000003,-0.6650041700956816
2001-11-08,47.349998,47.459999,46.25,46.32,3.073454,11288900,83809496460.0,-1.029997999999999,-2.1752862587238107
2001-11-09,46.57,47.209999,46.48,46.830002,3.107295,5908700,82428900000.0,0.26000200000000007,0.5583036289456733
2001-11-12,46.43,47.299999,46.150002,46.860001,3.109284,4624100,82181100000.0,0.4300009999999972,0.9261275037691088
2001-11-13,47.02,47.34,46.650002,47.0,3.118573,5329300,83225400000.0,-0.020000000000003126,-0.04253509145045327
2001-11-14,47.799999,48.209999,47.200001,47.580002,3.15706,8752700,84605998230.0,-0.21999699999999933,-0.4602447795030275
2001-11-15,47.689999,48.279999,47.549999,47.990002,3.184266,5272900,84411298230.0,0.3000029999999967,0.6290690003998463
2001-11-16,48.080002,48.279999,47.810001,48.130001,3.193554,5510600,85101603540.0,0.04999899999999968,0.10399126023330797
2001-11-19,48.0,48.27,47.259998,48.049999,3.188246,5723100,84960000000.0,0.04999899999999968,0.10416458333333267
2001-11-20,48.0,48.060001,47.27,47.669998,3.163032,6493800,84960000000.0,-0.33000200000000035,-0.6875041666666675
2001-11-21,47.419998,47.639999,47.220001,47.240002,3.1345,3964900,83933396460.0,-0.1799960000000027,-0.37957825303999954
2001-11-23,47.02,47.259998,46.75,46.900002,3.11194,3227000,83225400000.0,-0.11999800000000249,-0.25520629519353993
2001-11-26,47.220001,47.220001,46.080002,46.18,3.064165,6572100,83579401770.0,-1.0400010000000037,-2.202458657296521
2001-11-27,46.099998,46.18,44.799999,45.209999,2.999804,12026000,81596996460.0,-0.889998999999996,-1.9305835978561128
2001-11-28,45.07,45.439999,44.700001,44.93,2.981224,8815800,79773900000.0,-0.14000000000000057,-0.31062791213667756
2001-11-29,45.349998,46.98,45.25,46.98,3.117248,8433100,80269496460.0,1.6300019999999975,3.594271382327288
2001-11-30,46.98,47.549999,46.869999,47.169998,3.129855,5239400,83154600000.0,0.18999800000000278,0.40442315879098084
2001-12-03,47.139999,47.299999,46.400002,47.130001,3.127201,4727400,83437798230.0,-0.00999800000000306,-0.02120916464169433
2001-12-04,47.139999,47.200001,46.400002,46.650002,3.095351,4377800,83437798230.0,-0.48999700000000246,-1.039450594812279
2001-12-05,46.5,46.540001,45.560001,46.139999,3.061512,8034700,82305000000.0,-0.3600009999999969,-0.7741956989247245
2001-12-06,45.900002,46.130001,45.310001,45.32,3.007102,8073700,81243003540.0,-0.5800020000000004,-1.2636208599729482
2001-12-07,45.220001,45.639999,44.950001,45.080002,2.991179,9247100,80039401770.0,-0.1399990000000031,-0.30959530496251664
2001-12-10,45.240002,45.830002,45.009998,45.330002,3.007766,5774300,80074803540.0,0.09000000000000341,0.19893898324762102
2001-12-11,45.549999,45.849998,45.189999,45.189999,2.998477,4925400,80623498230.0,-0.35999999999999943,-0.7903403027517069
2001-12-12,45.110001,45.52,45.02,45.34,3.008429,5240400,79844701770.0,0.2299990000000065,0.5098625468884528
2001-12-13,45.34,46.150002,45.049999,45.400002,3.012412,6129700,80251800000.0,0.060001999999997224,0.13233789148653996
2001-12-14,45.400002,46.07,45.400002,45.810001,3.039615,4653100,80358003540.0,0.4099989999999991,0.9030814580140307
2001-12-17,46.0,46.950001,45.830002,46.950001,3.115258,6854700,81420000000.0,0.9500010000000003,2.065219565217392
2001-12-18,46.700001,46.93,46.16,46.689999,3.098005,7792100,82659001770.0,-0.010002000000000066,-0.021417558427889682
2001-12-19,46.599998,47.23,46.349998,46.580002,3.090707,8957000,82481996460.0,-0.019995999999999015,-0.042909873086258536
2001-12-20,46.299999,46.759998,46.099998,46.27,3.108848,5241400,81950998230.0,-0.029998999999996556,-0.06479265798687503
2001-12-21,46.459999,46.720001,45.799999,45.799999,3.077269,13342600,82234198230.0,-0.6600000000000037,-1.4205768708690751
2001-12-24,46.0,46.5,45.799999,46.369999,3.115567,2827900,81420000000.0,0.36999899999999997,0.8043456521739131
2001-12-26,46.220001,46.990002,46.220001,46.509998,3.124973,3721200,81809401770.0,0.2899969999999996,0.6274275069790665
2001-12-27,46.509998,46.75,46.369999,46.580002,3.129677,3577200,82322696460.0,0.07000399999999729,0.1505138744576968
2001-12-28,46.610001,46.849998,45.860001,46.009998,3.091377,4247700,82499701770.0,-0.6000029999999938,-1.2872838170503234
2001-12-31,46.009998,46.299999,45.759998,45.849998,3.080628,3977200,81437696460.0,-0.1600000000000037,-0.3477505041404342
2002-01-02,45.849998,46.830002,45.400002,46.639999,3.133709,6324600,81154496460.0,0.7900010000000037,1.723012070796609
2002-01-03,46.639999,46.900002,46.32,46.59,3.130349,4416500,82552798230.0,-0.04999899999999968,-0.10720197485424406
2002-01-04,46.389999,46.779999,46.0,46.09,3.096753,5441800,82110298230.0,-0.2999989999999997,-0.6466889555225032
2002-01-07,46.09,46.689999,46.049999,46.580002,3.129677,6738800,81579300000.0,0.49000199999999694,1.0631416793230568
2002-01-08,46.689999,47.599998,46.599998,47.290001,3.177381,6005500,82641298230.0,0.6000019999999964,1.2850760609354401
2002-01-09,47.59,47.98,46.91,46.950001,3.154537,4276900,84234300000.0,-0.6399990000000031,-1.3448182391258732
2002-01-10,47.220001,47.41,47.009998,47.189999,3.170662,5080100,83579401770.0,-0.030002000000003193,-0.06353663567267435
2002-01-11,47.43,48.349998,47.43,47.650002,3.20157,7594000,83951100000.0,0.22000200000000092,0.4638456672991797
2002-01-14,47.66,48.57,47.650002,48.259998,3.242555,4497800,84358200000.0,0.5999980000000065,1.2589131347041682
2002-01-15,48.75,49.150002,48.509998,49.0,3.292275,8029300,86287500000.0,0.25,0.5128205128205128
2002-01-16,48.900002,48.98,47.919998,48.25,3.241882,8085300,86553003540.0,-0.6500020000000006,-1.329247389396836
2002-01-17,48.450001,49.0,48.099998,49.0,3.292275,4379800,85756501770.0,0.5499989999999997,1.1351888310590534
2002-01-18,48.630001,49.049999,48.59,48.810001,3.27951,4537800,86075101770.0,0.17999999999999972,0.37014188011223714
2002-01-22,49.060001,49.279999,48.5,48.619999,3.266743,4173800,86836201770.0,-0.4400019999999998,-0.8968650449069493
2002-01-23,48.950001,49.75,48.880001,49.700001,3.339309,6615700,86641501770.0,0.75,1.5321756581782298
2002-01-24,49.900002,49.919998,49.25,49.349998,3.31579,5358900,88323003540.0,-0.5500040000000013,-1.102212380672853
2002-01-25,49.650002,49.740002,49.349998,49.599998,3.332587,4244000,87880503540.0,-0.05000400000000127,-0.10071298687964056
2002-01-28,49.5,49.900002,49.369999,49.900002,3.352746,4184300,87615000000.0,0.40000200000000063,0.8080848484848498
2002-01-29,49.799999,50.0,49.700001,49.790001,3.345355,5926600,88145998230.0,-0.00999800000000306,-0.020076305624028346
2002-01-30,49.799999,50.23,49.470001,49.57,3.330571,7449200,88145998230.0,-0.2299989999999994,-0.46184539080010706
2002-01-31,49.77,50.110001,49.450001,50.110001,3.366855,5198200,88092900000.0,0.3400009999999938,0.6831444645368571
2002-02-01,50.189999,50.25,49.529999,49.73,3.341323,4709700,88836298230.0,-0.4599990000000034,-0.9165152603410162
2002-02-04,49.849998,49.900002,49.25,49.32,3.313775,4503400,88234496460.0,-0.5299979999999991,-1.0631855993253982
2002-02-05,49.07,49.84,49.049999,49.389999,3.318479,4303800,86853900000.0,0.3199990000000028,0.6521275728551107
2002-02-06,49.389999,50.25,49.110001,49.950001,3.356105,4855300,87420298230.0,0.5600019999999972,1.133836832027466
2002-02-07,50.139999,50.200001,49.580002,49.59,3.331916,4889600,88747798230.0,-0.5499989999999997,-1.0969266273818625
2002-02-08,49.150002,50.200001,49.150002,50.07,3.364167,3754600,86995503540.0,0.9199979999999996,1.8718168109128452
2002-02-11,49.900002,50.279999,49.889999,50.240002,3.37559,3439800,88323003540.0,0.3399999999999963,0.6813626981417682
2002-02-12,50.049999,50.490002,50.02,50.16,3.370214,3327200,88588498230.0,0.1100009999999969,0.2197822221734648
2002-02-13,50.259998,50.799999,50.200001,50.650002,3.403138,3943000,88960196460.0,0.3900039999999976,0.7759729715866633
2002-02-14,50.799999,51.0,50.549999,51.0,3.426654,3949700,89915998230.0,0.20000100000000032,0.39370276365556683
2002-02-15,51.0,51.5,50.779999,51.450001,3.456889,7100300,90270000000.0,0.4500010000000003,0.882354901960785
2002-02-19,51.099998,51.68,51.0,51.5,3.460249,4609500,90446996460.0,0.40000200000000063,0.782782809502264
2002-02-20,51.450001,52.240002,51.380001,51.970001,3.491828,5744700,91066501770.0,0.5200000000000031,1.010689970637713
2002-02-21,52.119999,52.490002,51.919998,51.919998,3.488467,7256100,92252398230.0,-0.20000100000000032,-0.38373178019439397
2002-02-22,51.669998,52.700001,51.630001,52.610001,3.534827,5579300,91455896460.0,0.9400029999999973,1.819243345045218
2002-02-25,52.610001,53.950001,52.509998,53.799999,3.614781,7841000,93119701770.0,1.1899980000000028,2.2619235456771856
2002-02-26,53.549999,53.900002,53.220001,53.810001,3.615455,7730800,94783498230.0,0.26000200000000007,0.48553128824521563
2002-02-27,53.759998,53.759998,51.5,52.279999,3.512657,7116900,95155196460.0,-1.4799990000000065,-2.7529744327743586
2002-02-28,52.110001,52.889999,52.029999,52.66,3.538187,5168900,92234701770.0,0.5499989999999997,1.055457665410522
2002-03-01,52.52,53.77,52.0,53.77,3.612767,6504900,92960400000.0,1.25,2.3800456968773798
2002-03-04,53.799999,53.93,52.810001,53.119999,3.569095,6688900,95225998230.0,-0.6799999999999997,-1.2639405439394147
2002-03-05,52.869999,53.240002,52.759998,53.0,3.561031,6291600,93579898230.0,0.13000100000000003,0.24588803188742267
2002-03-06,52.650002,53.400002,52.650002,53.330002,3.583204,4193000,93190503540.0,0.6799999999999997,1.2915479091529753
2002-03-07,53.080002,54.09,52.939999,53.939999,3.62419,6349800,93951603540.0,0.8599969999999999,1.6201902177773089
2002-03-08,54.130001,54.48,52.950001,53.25,3.57783,6074200,95810101770.0,-0.880001,-1.6257176865745855
2002-03-11,52.700001,52.880001,51.59,52.580002,3.532814,10008400,93279001770.0,-0.11999899999999997,-0.22770208296580483
2002-03-12,52.700001,52.860001,52.060001,52.810001,3.548266,9221500,93279001770.0,0.10999999999999943,0.20872864879072664
2002-03-13,52.599998,52.73,52.049999,52.34,3.555737,4241700,93101996460.0,-0.25999799999999595,-0.4942927944597944
2002-03-14,52.540001,52.540001,51.900002,51.919998,3.527205,3764100,92995801770.0,-0.620002999999997,-1.1800589802044295
2002-03-15,52.049999,52.419998,52.009998,52.290001,3.552342,8943200,92128498230.0,0.24000199999999694,0.4610989521824908
2002-03-18,52.150002,52.41,51.549999,51.650002,3.508863,4242700,92305503540.0,-0.5,-0.9587727340835002
2002-03-19,51.299999,52.25,51.259998,51.91,3.526527,4442500,90800998230.0,0.6100009999999969,1.189085793159561
2002-03-20,51.700001,52.099998,51.400002,52.029999,3.534678,4217900,91509001770.0,0.32999799999999624,0.6382939915223527
2002-03-21,52.040001,53.5,52.040001,53.310001,3.621635,7812200,92110801770.0,1.2700000000000031,2.440430391229245
2002-03-22,53.099998,53.860001,53.049999,53.490002,3.633865,4912900,93986996460.0,0.3900039999999976,0.7344708374565242
2002-03-25,52.580002,52.880001,51.91,51.959999,3.529923,7282400,93066603540.0,-0.620002999999997,-1.1791612332004038
2002-03-26,52.349998,53.369999,52.259998,53.23,3.616201,7104500,92659496460.0,0.8800019999999975,1.680997198891961
2002-03-27,53.049999,53.639999,53.02,53.59,3.640658,5067400,93898498230.0,0.5400010000000037,1.0179095385091406
2002-03-28,53.360001,53.73,52.630001,52.669998,3.578157,4318300,94447201770.0,-0.6900029999999973,-1.2931090462310848
2002-04-01,52.869999,53.439999,52.73,53.200001,3.614163,4247900,93579898230.0,0.33000200000000035,0.6241762932509235
2002-04-02,53.0,53.130001,52.75,53.060001,3.604651,3684400,93810000000.0,0.06000099999999975,0.11320943396226368
2002-04-03,53.48,53.650002,53.189999,53.299999,3.620956,7072800,94659600000.0,-0.1800009999999972,-0.3365762902019394
2002-04-04,53.200001,53.68,53.150002,53.189999,3.613482,7233700,94164001770.0,-0.010002000000000066,-0.018800751526301788
2002-04-05,53.119999,53.470001,52.32,52.66,3.577477,4802100,94022398230.0,-0.4599990000000034,-0.8659619891935678
2002-04-08,52.599998,53.0,52.0,52.330002,3.555059,5132400,93101996460.0,-0.269995999999999,-0.5133003997452604
2002-04-09,52.75,52.75,52.189999,52.34,3.555737,4811500,93367500000.0,-0.4099999999999966,-0.7772511848341167
2002-04-10,52.200001,53.75,52.07,53.57,3.639298,7682500,92394001770.0,1.369999,2.624519106809979
2002-04-11,53.82,54.360001,53.52,53.98,3.667152,7392700,95261400000.0,0.1599999999999966,0.29728725380898663
2002-04-12,53.77,53.889999,52.75,53.049999,3.603971,4959900,95172900000.0,-0.7200010000000034,-1.3390384973033354
2002-04-15,52.77,53.25,52.490002,52.849998,3.590386,3641900,93402900000.0,0.07999799999999624,0.15159749857873078
2002-04-16,52.860001,53.740002,52.860001,53.360001,3.625032,3124300,93562201770.0,0.5,0.9458947986020659
2002-04-17,53.110001,53.470001,52.709999,53.07,3.605331,4449300,94004701770.0,-0.04000099999999662,-0.07531726463344751
2002-04-18,53.049999,53.990002,53.040001,53.860001,3.659,4606900,93898498230.0,0.8100019999999972,1.5268652502707818
2002-04-19,53.98,54.25,53.82,53.939999,3.664435,4921200,95544600000.0,-0.04000099999999662,-0.07410337161911194
2002-04-22,54.099998,54.490002,53.919998,53.970001,3.666473,5646600,95756996460.0,-0.12999699999999592,-0.2402902122103515
2002-04-23,54.310001,55.0,54.150002,54.950001,3.73305,6891200,96128701770.0,0.6400000000000006,1.1784201587475585
2002-04-24,54.990002,55.200001,54.740002,54.779999,3.721501,6525900,97332303540.0,-0.21000300000000038,-0.38189305757799463
2002-04-25,54.790001,55.150002,54.5,54.860001,3.726936,5038300,96978301770.0,0.07000000000000028,0.1277605379127485
2002-04-26,54.709999,55.130001,54.549999,54.84,3.725577,4309700,96836698230.0,0.13000100000000003,0.23761835565012535
2002-04-29,54.959999,55.389999,54.810001,55.099998,3.743239,4073500,97279198230.0,0.139998999999996,0.2547288983757004
2002-04-30,55.049999,55.400002,54.25,54.43,3.697722,8515300,97438498230.0,-0.619999,-1.126247068596677
2002-05-01,54.549999,55.799999,54.5,55.380001,3.762262,5719000,96553498230.0,0.8300020000000004,1.5215435659311385
2002-05-02,55.75,56.689999,55.509998,55.990002,3.803703,7566000,98677500000.0,0.24000199999999694,0.4304968609865416
2002-05-03,56.240002,56.48,55.5,55.68,3.782644,6717200,99544803540.0,-0.5600019999999972,-0.9957360954574597
2002-05-06,55.93,56.450001,55.759998,56.009998,3.805061,4967400,98996100000.0,0.07999800000000334,0.14303236188092855
2002-05-07,56.369999,56.450001,55.450001,55.619999,3.778566,5754200,99774898230.0,-0.75,-1.3304949677221034
2002-05-08,55.130001,55.369999,54.869999,55.060001,3.740524,5965400,97580101770.0,-0.07000000000000028,-0.12697260789093814
2002-05-09,55.060001,55.66,55.0,55.27,3.75479,4032500,97456201770.0,0.20999900000000338,0.3814002836650936
2002-05-10,55.099998,55.25,54.799999,54.900002,3.729654,4255300,97526996460.0,-0.19999599999999873,-0.3629691601803665
2002-05-13,55.09,55.950001,54.919998,55.740002,3.786718,3981100,97509300000.0,0.6500019999999935,1.17989108731166
2002-05-14,55.740002,55.790001,54.810001,54.91,3.730332,6427400,98659803540.0,-0.8300020000000004,-1.489059867633303
2002-05-15,54.580002,54.799999,53.43,53.59,3.640658,9241900,96606603540.0,-0.9900019999999969,-1.8138548254358746
2002-05-16,53.560001,54.650002,53.549999,54.439999,3.698403,4809100,94801201770.0,0.8799980000000005,1.6430134121916846
2002-05-17,54.439999,54.619999,53.82,54.439999,3.698403,5430200,96358798230.0,0.0,0.0
2002-05-20,54.400002,55.009998,54.209999,54.34,3.69161,3813800,96288003540.0,-0.060001999999997224,-0.11029779006257615
2002-05-21,54.59,54.919998,54.48,54.73,3.718104,3605900,96624300000.0,0.13999999999999346,0.2564572265982661
2002-05-22,54.720001,55.150002,54.66,55.07,3.741204,3152200,96854401770.0,0.34999899999999684,0.6396180438666235
2002-05-23,55.029999,55.599998,55.029999,55.450001,3.767016,3871300,97403098230.0,0.42000200000000376,0.7632237100349644
2002-05-24,55.48,55.599998,54.810001,55.110001,3.74392,3848000,98199600000.0,-0.36999899999999997,-0.6669051910598414
2002-05-28,55.18,55.470001,55.07,55.099998,3.743239,4044000,97668600000.0,-0.08000200000000035,-0.14498368974266101
2002-05-29,55.200001,56.200001,55.200001,56.009998,3.805061,8302600,97704001770.0,0.8099970000000027,1.4673858429821454
2002-05-30,56.23,56.98,56.009998,56.580002,3.843784,9224900,99527100000.0,0.3500020000000035,0.6224470922994905
2002-05-31,56.75,57.470001,56.669998,57.25,3.889301,6395000,100447500000.0,0.5,0.881057268722467
2002-06-03,57.25,57.779999,56.950001,57.0,3.872318,6553000,101332500000.0,-0.25,-0.43668122270742354
2002-06-04,57.049999,57.790001,57.0,57.720001,3.92123,5712000,100978498230.0,0.6700020000000038,1.1744119399546418
2002-06-05,57.509998,57.790001,57.209999,57.360001,3.896774,6677700,101792696460.0,-0.14999700000000615,-0.26081899707248496
2002-06-06,57.200001,57.349998,56.139999,56.200001,3.817968,7602400,101244001770.0,-1.0,-1.748251717687907
2002-06-07,56.150002,56.830002,55.900002,55.93,3.799625,6386400,99385503540.0,-0.22000200000000092,-0.39181120599069774
2002-06-10,56.049999,56.240002,55.25,55.799999,3.790795,4704900,99208498230.0,-0.25,-0.44603033802016656
2002-06-11,56.299999,56.810001,56.18,56.290001,3.824082,5671300,99650998230.0,-0.00999800000000306,-0.017758437260368444
2002-06-12,56.349998,56.450001,55.77,56.169998,3.815932,8568300,99739496460.0,-0.17999999999999972,-0.31943213201178766
2002-06-13,56.060001,56.169998,55.700001,55.790001,3.790116,5128700,99226201770.0,-0.2700000000000031,-0.4816268198068764
2002-06-14,55.650002,55.830002,54.919998,55.139999,3.745958,5045200,98500503540.0,-0.5100029999999975,-0.9164474064169801
2002-06-17,55.169998,55.400002,54.630001,54.939999,3.732371,6968500,97650896460.0,-0.2299989999999994,-0.4168914416128843
2002-06-18,55.0,55.130001,54.82,54.939999,3.732371,4169000,97350000000.0,-0.06000099999999975,-0.10909272727272681
2002-06-19,54.799999,55.09,54.709999,54.939999,3.732371,6639500,96995998230.0,0.14000000000000057,0.2554744572166882
2002-06-20,54.959999,55.060001,54.799999,54.799999,3.722858,5301500,97279198230.0,-0.1600000000000037,-0.2911208204352473
2002-06-21,54.07,54.650002,52.599998,52.650002,3.576799,14087400,95703900000.0,-1.4199979999999996,-2.626221564638431
2002-06-24,51.779999,52.099998,47.91,48.799999,3.315246,24510300,91650598230.0,-2.979999999999997,-5.755117917248312
2002-06-25,49.200001,49.650002,46.330002,46.549999,3.162394,23797300,87084001770.0,-2.6500020000000006,-5.386182817354009
2002-06-26,45.5,45.599998,43.0,45.0,3.095663,36050900,80535000000.0,-0.5,-1.098901098901099
2002-06-27,45.349998,46.5,40.349998,42.869999,2.949136,27270100,80269496460.0,-2.4799989999999994,-5.468575764876549
2002-06-28,43.27,44.240002,43.23,43.68,3.004858,21672500,76587900000.0,0.4099999999999966,0.9475387104229179
2002-07-01,43.549999,45.490002,43.549999,44.959999,3.092912,16725100,77083498230.0,1.4100000000000037,3.2376579388670104
2002-07-02,45.400002,46.0,45.119999,45.700001,3.143819,14382500,80358003540.0,0.2999989999999997,0.6607907197889544
2002-07-03,46.200001,46.27,45.18,45.27,3.114239,10776500,81774001770.0,-0.9300009999999972,-2.012989133917978
2002-07-05,46.0,46.240002,45.299999,46.209999,3.178903,4174300,81420000000.0,0.20999900000000338,0.45651956521739867
2002-07-08,46.439999,47.610001,46.41,47.400002,3.260766,10689100,82198798230.0,0.9600030000000004,2.0671899669937552
2002-07-09,47.029999,47.240002,46.560001,46.689999,3.211922,9851600,83243098230.0,-0.3399999999999963,-0.7229428178384532
2002-07-10,46.709999,46.709999,45.009998,45.169998,3.107357,9613200,82676698230.0,-1.5400010000000037,-3.2969407685065537
2002-07-11,45.0,45.150002,43.5,44.0,3.026872,10207100,79650000000.0,-1.0,-2.2222222222222223
2002-07-12,44.16,44.349998,42.509998,42.919998,2.952575,7771600,78163200000.0,-1.240001999999997,-2.8079755434782543
2002-07-15,42.610001,43.299999,40.299999,42.400002,2.916803,11178900,75419701770.0,-0.20999899999999627,-0.49283969742219974
2002-07-16,42.209999,42.970001,41.5,42.490002,2.922994,10129000,74711698230.0,0.28000299999999356,0.6633570401174222
2002-07-17,43.450001,44.450001,43.209999,44.119999,3.035126,9837100,76906501770.0,0.6699979999999996,1.5419976630150127
2002-07-18,44.130001,44.130001,42.209999,42.450001,2.920243,11751600,78110101770.0,-1.6799999999999997,-3.806933972197281
2002-07-19,42.450001,42.98,41.130001,41.689999,2.86796,10030600,75136501770.0,-0.7600020000000001,-1.7903462475772383
2002-07-22,42.0,43.099998,41.599998,42.049999,2.892725,11879400,74340000000.0,0.04999899999999968,0.11904523809523734
2002-07-23,42.25,44.709999,42.209999,44.200001,3.040631,14227800,74782500000.0,1.9500010000000003,4.615386982248522
2002-07-24,43.299999,44.950001,43.290001,44.66,3.072275,12653900,76640998230.0,1.360000999999997,3.140879980158884
2002-07-25,44.959999,45.599998,44.380001,44.950001,3.092225,11664800,79579198230.0,-0.00999800000000306,-0.022237544978599887
2002-07-26,44.799999,46.48,44.799999,46.299999,3.185092,6879500,79295998230.0,1.5,3.3482143604512133
2002-07-29,46.75,47.200001,45.900002,47.200001,3.247008,8595800,82747500000.0,0.4500010000000003,0.96256898395722
2002-07-30,46.950001,46.990002,46.299999,46.759998,3.216738,6679500,83101501770.0,-0.19000299999999726,-0.4046922171524496
2002-07-31,46.77,47.080002,45.669998,46.049999,3.167897,9968100,82782900000.0,-0.7200010000000034,-1.5394505024588483
2002-08-01,46.0,46.18,44.900002,45.119999,3.103919,9092000,81420000000.0,-0.880001,-1.9130456521739132
2002-08-02,45.5,46.720001,44.75,45.209999,3.110109,8457700,80535000000.0,-0.2900009999999966,-0.6373648351648278
2002-08-05,45.349998,48.150002,45.279999,47.5,3.267644,14060000,80269496460.0,2.1500020000000006,4.74090869860678
2002-08-06,48.5,48.82,47.959999,48.259998,3.319927,10479100,85845000000.0,-0.24000199999999694,-0.4948494845360762
2002-08-07,48.400002,48.650002,47.029999,47.849998,3.291722,7064100,85668003540.0,-0.5500040000000013,-1.1363718538689342
2002-08-08,48.049999,49.189999,47.900002,49.189999,3.383906,6174700,85048498230.0,1.1400000000000006,2.372528665401222
2002-08-09,49.0,49.900002,48.75,49.540001,3.407981,5145100,86730000000.0,0.5400009999999966,1.1020428571428502
2002-08-12,49.540001,49.540001,49.040001,49.349998,3.39491,4534000,87685801770.0,-0.19000299999999726,-0.3835345098196451
2002-08-13,49.150002,50.150002,49.150002,49.349998,3.39491,5184000,86995503540.0,0.19999599999999873,0.40690944427631703
2002-08-14,49.349998,51.470001,49.23,51.360001,3.533186,7734600,87349496460.0,2.0100029999999975,4.072954572358843
2002-08-15,51.200001,51.560001,50.509998,50.91,3.502228,7722900,90624001770.0,-0.29000100000000373,-0.5664081920623473
2002-08-16,50.810001,51.189999,50.52,50.950001,3.504978,4961400,89933701770.0,0.14000000000000057,0.27553630632678117
2002-08-19,50.700001,51.900002,50.66,51.849998,3.566891,5311200,89739001770.0,1.149996999999999,2.2682386140386845
2002-08-20,51.110001,52.0,51.0,51.700001,3.556574,4726700,90464701770.0,0.5900000000000034,1.1543728985644188
2002-08-21,51.360001,51.529999,49.439999,50.599998,3.480902,8482500,90907201770.0,-0.7600029999999975,-1.4797565911262298
2002-08-22,50.150002,51.18,49.549999,50.150002,3.449945,8289200,88765503540.0,0.0,0.0
2002-08-23,48.970001,49.299999,47.5,47.549999,3.271084,13149900,86676901770.0,-1.4200020000000038,-2.8997385562642806
2002-08-26,47.5,47.880001,46.990002,47.580002,3.273148,8702500,84075000000.0,0.08000200000000035,0.16842526315789547
2002-08-27,48.0,48.599998,47.630001,47.900002,3.295162,5838100,84960000000.0,-0.09999799999999937,-0.20832916666666534
2002-08-28,48.049999,49.68,47.919998,49.310001,3.39216,7536900,85048498230.0,1.260002,2.622272687248131
2002-08-29,49.349998,49.939999,49.110001,49.43,3.400416,5636100,87349496460.0,0.08000200000000035,0.16211145540472027
2002-08-30,49.5,50.98,49.34,50.0,3.439626,5812600,87615000000.0,0.5,1.0101010101010102
2002-09-03,50.0,50.400002,49.470001,49.509998,3.405918,7425200,88500000000.0,-0.49000199999999694,-0.9800039999999939
2002-09-04,49.52,49.700001,47.400002,47.799999,3.288282,13623600,87650400000.0,-1.7200010000000034,-3.4733461227786817
2002-09-05,47.560001,48.779999,47.52,48.16,3.313047,7905300,84181201770.0,0.5999989999999968,1.261562210648391
2002-09-06,47.25,47.259998,45.599998,46.509998,3.199541,17982700,83632500000.0,-0.7400019999999969,-1.5661417989417923
2002-09-09,46.509998,48.32,46.509998,48.099998,3.308921,9867200,82322696460.0,1.5899999999999963,3.418619798693597
2002-09-10,48.049999,48.220001,47.209999,47.52,3.269022,7422300,85048498230.0,-0.5299989999999966,-1.1030156316964679
2002-09-11,48.450001,48.470001,47.5,47.860001,3.292412,5117800,85756501770.0,-0.5900000000000034,-1.2177502328637795
2002-09-12,47.169998,47.860001,46.349998,46.419998,3.236631,6918200,83490896460.0,-0.75,-1.5899937074409034
2002-09-13,46.41,46.990002,45.900002,46.299999,3.228263,7250400,82145700000.0,-0.1100009999999969,-0.23702003878473804
2002-09-16,46.299999,47.799999,46.200001,47.41,3.305658,6794300,81950998230.0,1.110000999999997,2.3974104189505425
2002-09-17,48.0,48.18,46.400002,46.5,3.242209,6685300,84960000000.0,-1.5,-3.125
2002-09-18,46.75,47.73,46.75,47.07,3.281953,5755900,82747500000.0,0.3200000000000003,0.6844919786096262
2002-09-19,46.150002,46.349998,44.700001,44.700001,3.116704,10877200,81685503540.0,-1.4500010000000003,-3.141930524726738
2002-09-20,44.0,44.110001,42.549999,42.689999,2.976556,23675900,77880000000.0,-1.3100009999999997,-2.9772749999999992
2002-09-23,42.650002,43.419998,42.5,43.150002,3.00863,8460200,75490503540.0,0.5,1.1723328875811072
2002-09-24,43.049999,43.349998,42.599998,42.709999,2.977951,8373700,76198498230.0,-0.3399999999999963,-0.7897793447103131
2002-09-25,42.959999,42.959999,40.599998,41.48,2.89219,18091100,76039198230.0,-1.4799990000000065,-3.445062929354366
2002-09-26,41.73,43.490002,40.0,42.73,2.979345,9943400,73862100000.0,1.0,2.3963575365444525
2002-09-27,37.970001,38.599998,37.52,37.860001,2.639785,30077600,67206901770.00001,-0.11000000000000654,-0.2897023889991642
2002-09-30,37.990002,39.860001,37.84,38.799999,2.705326,13148000,67242303539.99999,0.8099970000000027,2.132132027789845
2002-10-01,39.27,40.73,39.02,40.709999,2.838502,12212200,69507900000.0,1.4399990000000003,3.666918767507003
2002-10-02,40.650002,40.66,39.450001,39.48,2.752739,8456900,71950503540.0,-1.1700020000000038,-2.878233560726525
2002-10-03,39.48,40.259998,39.400002,39.5,2.754135,8002500,69879600000.0,0.020000000000003126,0.050658561296867084
2002-10-04,39.849998,40.580002,36.25,36.59,2.551234,25655900,70534496460.0,-3.259997999999996,-8.180672932530626
2002-10-07,36.84,38.610001,36.799999,38.580002,2.689987,17897500,65206800000.00001,1.740001999999997,4.72313246471226
2002-10-08,37.75,37.990002,36.07,36.220001,2.525437,15705300,66817500000.0,-1.5299989999999966,-4.0529774834437
2002-10-09,36.549999,37.43,36.400002,36.630001,2.554025,14873100,64693498230.0,0.08000200000000035,0.2188837269188444
2002-10-10,36.75,36.880001,35.400002,36.169998,2.52195,11469900,65047500000.0,-0.5800020000000004,-1.5782367346938786
2002-10-11,36.799999,37.41,36.299999,37.009998,2.580519,8988800,65135998230.0,0.20999900000000338,0.5706494720285274
2002-10-14,37.009998,38.470001,36.860001,38.290001,2.669767,5059200,65507696460.00001,1.2800029999999936,3.4585330158623444
2002-10-15,40.900002,40.950001,39.490002,40.02,2.790391,11582500,72393003540.0,-0.8800019999999975,-2.151594026816912
2002-10-16,40.150002,40.5,38.599998,38.599998,2.691383,8006600,71065503540.0,-1.5500040000000013,-3.8605328089398387
2002-10-17,40.099998,40.540001,39.82,40.299999,2.809915,8567300,70976996460.0,0.20000100000000032,0.4987556358481622
2002-10-18,40.299999,40.549999,39.970001,40.040001,2.791786,8150700,71330998230.0,-0.25999800000000306,-0.6451563435522741
2002-10-21,40.209999,42.869999,40.099998,42.490002,2.962613,8720300,71171698230.0,2.2800029999999936,5.670238887596076
2002-10-22,42.490002,43.18,42.259998,43.080002,3.003749,8230700,75207303540.0,0.5900000000000034,1.3885619492322063
2002-10-23,43.099998,44.09,42.400002,42.880001,2.989803,8659500,76286996460.0,-0.21999699999999933,-0.5104338983960031
2002-10-24,43.200001,43.919998,42.75,42.900002,2.9912,8318100,76464001770.0,-0.2999989999999997,-0.69444211355458
2002-10-25,42.900002,43.049999,42.299999,42.599998,2.970282,5973800,75933003540.0,-0.30000400000000127,-0.6993099907081619
2002-10-28,42.849998,42.950001,41.5,41.639999,2.903346,7241800,75844496460.0,-1.2099989999999963,-2.8238017654049745
2002-10-29,41.889999,42.43,41.119999,42.049999,2.931932,6437600,74145298230.0,0.1599999999999966,0.38195274246723326
2002-10-30,41.799999,41.950001,41.099998,41.34,2.882428,6243300,73985998230.0,-0.45999899999999627,-1.1004761028821946
2002-10-31,41.0,41.599998,40.700001,40.75,2.84129,9409600,72570000000.0,-0.25,-0.6097560975609756
2002-11-01,40.669998,42.799999,40.389999,42.41,2.957034,7506400,71985896460.0,1.740001999999997,4.27834296918332
2002-11-04,42.419998,43.0,41.66,41.740002,2.910319,6312900,75083396460.0,-0.6799960000000027,-1.6030080906651687
2002-11-05,41.740002,42.84,41.700001,42.68,2.97586,6354300,73879803540.0,0.9399980000000028,2.252031516433571
2002-11-06,42.98,43.169998,42.299999,42.740002,2.980044,8582100,76074600000.0,-0.23999799999999993,-0.5583946021405304
2002-11-07,43.0,43.650002,42.740002,43.060001,3.002356,7513100,76110000000.0,0.06000099999999975,0.139537209302325
2002-11-08,43.299999,43.43,42.310001,42.740002,2.980044,5602800,76640998230.0,-0.5599970000000027,-1.2932956418775037
2002-11-11,42.740002,43.599998,42.720001,42.98,2.996776,5070700,75649803540.0,0.23999799999999993,0.5615301562222669
2002-11-12,42.900002,42.990002,36.900002,37.029999,2.581913,41670100,75933003540.0,-5.870003000000004,-13.682990038089052
2002-11-13,37.330002,38.400002,37.299999,38.25,2.666979,25388500,66074103540.0,0.9199979999999996,2.464500269783001
2002-11-14,38.25,38.900002,37.799999,38.59,2.690685,11966300,67702500000.0,0.3400000000000034,0.8888888888888977
2002-11-15,38.34,38.580002,38.0,38.060001,2.65373,8913900,67861800000.00001,-0.27999900000000366,-0.7303051643192583
2002-11-18,38.25,38.5,37.950001,38.200001,2.663493,8266000,67702500000.0,-0.04999899999999968,-0.13071633986928022
2002-11-19,38.0,38.610001,38.0,38.099998,2.656518,7203100,67260000000.0,0.09999799999999937,0.2631526315789457
2002-11-20,37.900002,38.150002,37.599998,37.830002,2.637693,8341500,67083003540.0,-0.07000000000000028,-0.18469656017432476
2002-11-21,37.68,38.18,37.299999,37.41,2.60841,12504400,66693600000.0,-0.2700000000000031,-0.7165605095541485
2002-11-22,37.16,37.400002,37.0,37.09,2.586096,12434000,65773199999.99999,-0.06999999999999318,-0.18837459634013237
2002-11-25,37.110001,37.75,37.099998,37.57,2.619565,9725700,65684701769.99999,0.4599990000000034,1.2395553425072756
2002-11-26,37.599998,38.049999,37.349998,37.5,2.614684,8480000,66551996460.0,-0.09999799999999937,-0.2659521418059633
2002-11-27,38.099998,38.099998,37.5,37.639999,2.624447,7796700,67436996460.0,-0.45999899999999627,-1.2073465200706737
2002-11-29,38.049999,38.09,37.709999,37.720001,2.630024,6290900,67348498230.0,-0.32999799999999624,-0.8672746614263939
2002-12-02,38.200001,38.299999,37.709999,38.0,2.649547,8655400,67614001770.0,-0.20000100000000032,-0.5235628135192989
2002-12-03,38.0,38.700001,37.900002,38.32,2.671859,8237700,67260000000.0,0.3200000000000003,0.8421052631578954
2002-12-04,38.799999,39.869999,38.5,39.599998,2.761106,14441600,68675998230.0,0.7999989999999997,2.061853145924049
2002-12-05,39.93,39.950001,39.150002,39.360001,2.744373,6110300,70676100000.0,-0.5699990000000028,-1.427495617330335
2002-12-06,39.200001,40.169998,39.049999,39.950001,2.78551,7434200,69384001770.0,0.75,1.9132652573146618
2002-12-09,40.299999,40.459999,39.75,40.060001,2.793181,7960600,71330998230.0,-0.23999799999999993,-0.5955285507575322
2002-12-10,40.349998,41.080002,40.25,41.009998,2.859418,7730200,71419496460.0,0.6600000000000037,1.635687813417001
2002-12-11,41.009998,41.450001,40.549999,40.830002,2.846867,6785100,72587696460.0,-0.1799960000000027,-0.43890760492112846
2002-12-12,40.650002,41.360001,40.549999,40.790001,2.84408,5914400,71950503540.0,0.139998999999996,0.3444009670651332
2002-12-13,40.799999,41.43,40.790001,40.98,2.857326,7904700,72215998230.0,0.1800009999999972,0.4411789323818297
2002-12-16,41.040001,41.779999,41.009998,41.490002,2.892887,6983400,72640801770.0,0.4500010000000003,1.0964936379996686
2002-12-17,41.240002,41.77,41.02,41.200001,2.872666,5912100,72994803540.0,-0.04000099999999662,-0.09699563060156163
2002-12-18,41.209999,41.779999,41.099998,41.330002,2.881731,10758800,72941698230.0,0.12000299999999697,0.29119874523655526
2002-12-19,41.549999,42.0,40.450001,40.740002,2.885272,11729400,73543498230.0,-0.8099970000000027,-1.9494513104561153
2002-12-20,40.740002,41.310001,40.470001,41.119999,2.912184,33946200,72109803540.0,0.379997000000003,0.93273682215333
2002-12-23,41.419998,41.869999,41.27,41.400002,2.932014,7864800,73313396460.0,-0.019995999999999015,-0.04827619740589803
2002-12-24,41.200001,41.959999,41.200001,41.48,2.93768,2932000,72924001770.0,0.27999899999999656,0.6796092068055934
2002-12-26,41.950001,42.16,41.709999,41.799999,2.960344,3541800,74251501770.0,-0.15000200000000063,-0.3575732930256679
2002-12-27,41.450001,41.849998,41.23,41.32,2.926348,4203000,73366501770.0,-0.13000100000000003,-0.31363328555770126
2002-12-30,41.32,41.790001,41.259998,41.389999,2.931306,5349500,73136400000.0,0.06999900000000281,0.16940706679574735
2002-12-31,41.400002,41.400002,39.869999,40.529999,2.870399,9458200,73278003540.0,-0.8700030000000041,-2.1014564202195065
2003-01-02,40.540001,40.900002,40.299999,40.349998,2.857651,9626200,71755801770.0,-0.19000299999999726,-0.4686803041766015
2003-01-03,40.599998,40.950001,39.52,39.799999,2.818701,11520000,71861996460.0,-0.7999989999999997,-1.970440983765565
2003-01-06,39.0,39.68,37.77,39.509998,2.79816,23452500,69030000000.0,0.5099980000000031,1.3076871794871874
2003-01-07,40.5,41.200001,40.169998,41.130001,2.912891,17882500,71685000000.0,0.630001,1.555558024691358
2003-01-08,41.130001,41.400002,40.25,40.509998,2.868982,9332600,72800101770.0,-0.620002999999997,-1.5074227690876958
2003-01-09,40.950001,41.5,40.779999,41.380001,2.930598,7020800,72481501770.0,0.4299999999999997,1.0500610244185336
2003-01-10,41.580002,41.66,41.0,41.200001,2.91785,6986200,73596603540.0,-0.38000100000000003,-0.9139032749445275
2003-01-13,41.700001,41.720001,41.200001,41.380001,2.930598,6201300,73809001770.0,-0.3200000000000003,-0.7673860727245553
2003-01-14,41.580002,41.599998,41.0,41.349998,2.928473,6985600,73596603540.0,-0.23000400000000099,-0.5531601465531458
2003-01-15,41.830002,41.849998,40.810001,41.119999,2.912184,7876100,74039103540.0,-0.7100030000000004,-1.6973534928351197
2003-01-16,41.369999,41.779999,41.200001,41.720001,2.954678,4872800,73224898230.0,0.3500020000000035,0.8460285435346602
2003-01-17,41.720001,41.900002,41.450001,41.900002,2.967426,6718400,73844401770.0,0.1800009999999972,0.43145013347434286
2003-01-21,41.900002,42.09,41.040001,41.279999,2.923516,6192000,74163003540.0,-0.6200030000000041,-1.4797206930921007
2003-01-22,41.380001,41.5,40.790001,40.830002,2.891644,6555900,73242601770.0,-0.5499989999999997,-1.3291420655113075
2003-01-23,40.610001,40.869999,39.5,39.549999,2.800994,10027400,71879701770.0,-1.0600019999999972,-2.610199393986711
2003-01-24,39.75,39.759998,38.810001,38.900002,2.754961,6643800,70357500000.0,-0.8499979999999994,-2.1383597484276713
2003-01-27,38.900002,39.099998,38.240002,38.650002,2.737256,7406900,68853003540.0,-0.25,-0.642673488808561
2003-01-28,37.849998,38.450001,37.799999,38.380001,2.718133,9048100,66994496460.0,0.5300030000000007,1.4002722008069872
2003-01-29,36.5,37.52,35.700001,37.029999,2.622524,26206400,64605000000.0,0.5299989999999966,1.452052054794511
2003-01-30,37.200001,37.450001,36.709999,36.849998,2.609776,9340000,65844001770.0,-0.35000300000000095,-0.9408682542777377
2003-01-31,36.990002,37.869999,36.990002,37.869999,2.682014,7015000,65472303539.99999,0.879997000000003,2.3790131181934058
2003-02-03,38.09,38.48,37.799999,38.389999,2.718841,5781600,67419300000.00001,0.2999989999999997,0.7876056707797313
2003-02-04,38.380001,38.439999,37.630001,38.040001,2.694054,6036500,67932601770.0,-0.3400000000000034,-0.8858780384086061
2003-02-05,38.139999,38.400002,37.740002,38.049999,2.694762,4944200,67507798230.00001,-0.09000000000000341,-0.23597273822687673
2003-02-06,37.799999,37.98,37.349998,37.529999,2.657935,4738200,66905998230.0,-0.2700000000000031,-0.7142857331821706
2003-02-07,37.75,38.369999,37.200001,37.619999,2.664308,8097700,66817500000.0,-0.13000100000000003,-0.3443735099337749
2003-02-10,37.650002,38.299999,37.509998,38.09,2.697596,5371100,66640503540.0,0.4399980000000028,1.168653324374333
2003-02-11,38.169998,38.360001,37.25,37.549999,2.65935,5136800,67560896460.0,-0.619999,-1.624309752387202
2003-02-12,37.549999,37.849998,37.310001,37.41,2.649437,3662800,66463498230.0,-0.1399990000000031,-0.3728335651886518
2003-02-13,37.16,37.59,36.849998,37.470001,2.653686,4658900,65773199999.99999,0.31000100000000685,0.8342330462863479
2003-02-14,37.470001,38.139999,37.32,38.139999,2.701136,5438200,66321901770.00001,0.6699979999999996,1.788091759058132
2003-02-18,38.099998,38.220001,37.560001,37.98,2.689804,5416400,67436996460.0,-0.11999800000000249,-0.31495539711052606
2003-02-19,37.73,37.959999,37.23,37.490002,2.655102,5645200,66782099999.99999,-0.23999799999999993,-0.6360932944606412
2003-02-20,37.59,37.59,37.009998,37.02,2.621816,4920700,66534300000.00001,-0.5700000000000003,-1.5163607342378298
2003-02-21,37.27,37.73,37.18,37.630001,2.665016,7539100,65967900000.00001,0.3600009999999969,0.9659270190501661
2003-02-24,37.5,37.52,37.200001,37.25,2.638104,5819400,66375000000.0,-0.25,-0.6666666666666667
2003-02-25,37.0,38.080002,36.799999,38.049999,2.694762,8328600,65490000000.0,1.0499989999999997,2.8378351351351343
2003-02-26,38.200001,38.490002,38.049999,38.07,2.696177,6194600,67614001770.0,-0.13000100000000003,-0.34031674501788634
2003-02-27,38.400002,38.720001,38.060001,38.700001,2.740797,6255500,67968003540.0,0.2999989999999997,0.7812473551433661
2003-02-28,38.700001,39.23,38.509998,38.650002,2.737256,6111000,68499001770.0,-0.04999899999999968,-0.129196379090532
2003-03-03,38.939999,39.330002,38.779999,38.98,2.760626,6071500,68923798230.0,0.04000099999999662,0.1027247073118739
2003-03-04,38.959999,39.150002,38.82,38.880001,2.753543,6178700,68959198230.0,-0.07999800000000334,-0.20533368083506198
2003-03-05,38.68,39.130001,38.16,38.990002,2.761335,8843000,68463600000.0,0.3100019999999972,0.8014529472595585
2003-03-06,38.75,38.919998,37.25,37.279999,2.640229,14742600,68587500000.0,-1.4700010000000034,-3.7935509677419446
2003-03-07,36.52,37.0,35.549999,35.82,2.536829,18653100,64640400000.00001,-0.7000000000000028,-1.9167579408543338
2003-03-10,35.75,36.41,35.5,35.549999,2.517708,12209100,63277500000.0,-0.20000100000000032,-0.5594433566433575
2003-03-11,35.75,36.540001,35.610001,36.099998,2.55666,8369300,63277500000.0,0.34999799999999937,0.9790153846153828
2003-03-12,35.490002,35.900002,35.259998,35.720001,2.575405,7085500,62817303539.99999,0.2299990000000065,0.6480670246228967
2003-03-13,36.07,36.25,35.419998,35.720001,2.575405,10629300,63843900000.0,-0.34999899999999684,-0.9703326864430187
2003-03-14,35.82,35.869999,34.869999,34.93,2.518447,12489200,63401400000.0,-0.8900000000000006,-2.4846454494695713
2003-03-17,34.700001,34.880001,34.099998,34.720001,2.503305,14940100,61419001770.0,0.020000000000003126,0.057636885947072815
2003-03-18,34.389999,34.400002,31.75,32.599998,2.350454,35673300,60870298230.00001,-1.7900010000000037,-5.205004513085341
2003-03-19,33.009998,33.990002,33.009998,33.810001,2.437696,14730300,58427696460.00001,0.8000029999999967,2.4235172628607753
2003-03-20,33.900002,34.810001,33.5,34.290001,2.472303,9356000,60003003540.0,0.389998999999996,1.1504394601510526
2003-03-21,34.93,35.099998,34.450001,35.040001,2.526378,9788600,61826100000.0,0.1100009999999969,0.3149184082450527
2003-03-24,32.349998,33.689999,32.349998,33.59,2.421833,14413100,57259496460.0,1.240002000000004,3.833082153513592
2003-03-25,33.59,33.880001,33.130001,33.450001,2.41174,10453600,59454300000.00001,-0.1399990000000031,-0.4167877344447844
2003-03-26,33.459999,34.349998,33.110001,33.400002,2.408135,10184800,59224198230.00001,-0.05999700000000274,-0.17930962878989548
2003-03-27,33.049999,33.599998,32.93,33.299999,2.400923,5909400,58498498230.0,0.25,0.7564296749297935
2003-03-28,33.299999,33.299999,31.549999,32.130001,2.316566,13023200,58940998230.0,-1.1699979999999996,-3.5135076130182457
2003-03-31,30.35,30.360001,27.700001,29.959999,2.16011,38933100,53719500000.0,-0.3900010000000016,-1.2850115321252111
2003-04-01,28.299999,29.5,27.75,28.1,2.026005,40237400,50090998230.0,-0.19999899999999826,-0.7067102723219116
2003-04-02,28.200001,29.67,28.200001,29.65,2.13776,24987500,49914001770.0,1.4499989999999983,5.141840243197148
2003-04-03,30.4,31.4,28.65,29.700001,2.141365,31332500,53808000000.0,-0.6999989999999983,-2.3026282894736787
2003-04-04,29.049999,29.25,28.1,28.299999,2.040425,33199600,51418498230.0,-0.75,-2.581755682676616
2003-04-07,28.959999,30.1,28.370001,29.02,2.092338,19381400,51259198230.0,0.06000099999999975,0.20718578063486726
2003-04-08,29.42,30.940001,29.42,30.0,2.162994,21470100,52073400000.0,0.5799999999999983,1.9714479945615169
2003-04-09,30.5,31.200001,30.26,30.299999,2.184625,18143900,53985000000.0,-0.20000100000000032,-0.6557409836065584
2003-04-10,30.85,30.85,29.5,30.1,2.170204,11624200,54604500000.0,-0.75,-2.4311183144246353
2003-04-11,30.1,30.790001,29.83,30.59,2.205533,10001900,53277000000.0,0.48999999999999844,1.6279069767441807
2003-04-14,30.25,32.299999,29.870001,31.48,2.269702,24775700,53542500000.0,1.2300000000000004,4.06611570247934
2003-04-15,32.799999,32.93,31.92,32.450001,2.339639,15941400,58055998230.0,-0.34999799999999937,-1.0670671057032635
2003-04-16,32.369999,32.400002,31.450001,31.700001,2.285565,12666100,57294898230.0,-0.6699979999999996,-2.0698116178502186
2003-04-17,31.799999,32.25,31.34,32.189999,2.320893,7828800,56285998230.0,0.39000000000000057,1.226415132906138
2003-04-21,32.18,32.5,32.02,32.369999,2.333871,5547200,56958600000.0,0.18999900000000025,0.5904257302672475
2003-04-22,32.299999,33.0,32.080002,32.689999,2.356943,6771200,57170998230.0,0.39000000000000057,1.2074303779390227
2003-04-23,32.700001,32.959999,32.200001,32.959999,2.37641,6702000,57879001770.0,0.25999800000000306,0.79510089311619
2003-04-24,32.959999,32.959999,32.130001,32.900002,2.372084,6775400,58339198230.00001,-0.05999700000000274,-0.18202973853246396
2003-04-25,31.200001,31.85,30.74,31.01,2.235815,15098000,55224001770.0,-0.19000099999999875,-0.6089775445840491
2003-04-28,30.75,31.6,30.65,31.15,2.245909,7669100,54427500000.0,0.3999999999999986,1.3008130081300766
2003-04-29,31.18,31.280001,30.5,30.799999,2.220675,9033700,55188600000.0,-0.38000100000000003,-1.2187331622835151
2003-04-30,30.51,31.09,30.34,30.76,2.217791,11239900,54002700000.0,0.25,0.8194034742707308
2003-05-01,30.76,30.76,30.25,30.450001,2.19544,7711000,54445200000.0,-0.30999900000000125,-1.007799089726922
2003-05-02,30.200001,31.200001,30.200001,30.969999,2.232931,6817500,53454001770.0,0.7699980000000011,2.549662167229733
2003-05-05,30.82,31.07,30.629999,30.950001,2.23149,6255300,54551400000.0,0.13000100000000003,0.42180726800778723
2003-05-06,30.75,31.309999,30.75,31.040001,2.237978,7114000,54427500000.0,0.2900010000000002,0.9430926829268299
2003-05-07,31.0,31.65,31.0,31.370001,2.261771,8079600,54870000000.0,0.37000099999999847,1.1935516129032209
2003-05-08,31.17,31.4,30.84,31.030001,2.237257,7359100,55170900000.0,-0.1399990000000031,-0.4491466153352682
2003-05-09,31.0,32.029999,30.9,31.700001,2.285565,6452100,54870000000.0,0.7000010000000003,2.258067741935485
2003-05-12,32.529999,33.259998,32.25,33.099998,2.386504,11594600,57578098229.99999,0.5699990000000028,1.752225691737657
2003-05-13,33.349998,33.389999,32.990002,33.18,2.392273,9277500,59029496460.0,-0.16999799999999965,-0.5097391610038466
2003-05-14,33.450001,33.580002,33.16,33.43,2.410298,8341200,59206501770.0,-0.0200010000000006,-0.0597937201855408
2003-05-15,33.52,33.849998,33.299999,33.740002,2.432648,7012900,59330400000.00001,0.2200019999999938,0.6563305489259958
2003-05-16,33.740002,33.98,33.299999,33.299999,2.400923,7370000,59719803539.99999,-0.44000299999999726,-1.3040989149911648
2003-05-19,33.299999,33.849998,33.25,33.52,2.416786,6760000,58940998230.0,0.22000100000000344,0.6606636835034243
2003-05-20,33.73,35.009998,33.720001,34.91,2.517005,13941700,59702099999.99999,1.1799999999999997,3.498369404091313
2003-05-21,34.970001,38.880001,34.93,38.299999,2.761423,42114900,61896901770.00001,3.3299979999999962,9.522441820919582
2003-05-22,38.919998,41.549999,38.919998,41.049999,2.959698,39300400,68888396460.0,2.130001,5.472767496031218
2003-05-23,40.619999,42.470001,40.470001,42.310001,3.050544,22151800,71897398230.0,1.6900019999999998,4.16051708913139
2003-05-27,41.02,42.400002,40.810001,42.09,3.034683,24663700,72605400000.0,1.0700000000000003,2.608483666504145
2003-05-28,41.84,41.900002,41.200001,41.330002,2.979886,13741800,74056800000.0,-0.5099980000000031,-1.2189244741873877
2003-05-29,41.34,41.889999,41.16,41.299999,2.977723,11250000,73171800000.0,-0.04000100000000373,-0.09676100628931718
2003-05-30,41.080002,41.650002,41.0,41.299999,2.977723,9691900,72711603540.0,0.21999699999999933,0.535533080061679
2003-06-02,41.849998,42.470001,41.5,42.119999,3.036845,9674500,74074496460.0,0.2700010000000006,0.645163710641039
2003-06-03,42.099998,42.720001,41.950001,42.720001,3.080106,8085800,74516996460.0,0.6200030000000041,1.472691281363016
2003-06-04,42.549999,43.330002,42.400002,43.200001,3.114712,8998200,75313498230.0,0.6500020000000006,1.5276193073471063
2003-06-05,42.950001,43.369999,42.720001,43.299999,3.121923,6913200,76021501770.0,0.34999799999999937,0.8148963721793612
2003-06-06,43.310001,43.849998,43.259998,43.5,3.136343,8462300,76658701770.0,0.18999900000000025,0.4386954412677115
2003-06-09,43.5,43.5,42.630001,43.049999,3.103897,5488500,76995000000.0,-0.4500010000000003,-1.0344850574712652
2003-06-10,43.25,44.099998,43.25,43.799999,3.157972,9134600,76552500000.0,0.5499989999999997,1.2716739884393056
2003-06-11,43.380001,43.779999,43.18,43.68,3.19602,6028100,76782601770.0,0.2999989999999997,0.691560611075135
2003-06-12,42.73,43.150002,42.099998,42.959999,3.143339,10460700,75632100000.0,0.2299990000000065,0.5382611748186439
2003-06-13,42.599998,42.740002,41.0,42.18,3.086267,9292200,75401996460.0,-0.41999799999999965,-0.985910844408959
2003-06-16,42.150002,43.009998,42.150002,42.880001,3.137484,6831400,74605503540.0,0.7299989999999994,1.7319073911313203
2003-06-17,43.389999,43.5,42.349998,43.07,3.151387,8471100,76800298230.0,-0.3199990000000028,-0.7374948314702722
2003-06-18,43.07,44.299999,43.0,44.240002,3.236995,8671600,76233900000.0,1.1700019999999967,2.7165126538193562
2003-06-19,44.290001,44.639999,43.5,43.630001,3.192361,8012700,78393301770.0,-0.6599999999999966,-1.4901783361892376
2003-06-20,43.950001,44.09,42.889999,43.009998,3.146997,12591500,77791501770.0,-0.9400029999999973,-2.1388008614607252
2003-06-23,43.630001,44.470001,43.459999,43.849998,3.208458,8487900,77225101770.0,0.21999699999999933,0.5042333141362966
2003-06-24,44.049999,45.150002,43.900002,45.049999,3.296261,11557500,77968498230.0,1.0,2.270147611127074
2003-06-25,45.0,45.450001,43.75,43.970001,3.217238,11418000,79650000000.0,-1.0299989999999966,-2.288886666666659
2003-06-26,44.790001,45.0,44.0,44.779999,3.276506,7730500,79278301770.0,-0.010002000000000066,-0.02233087692942911
2003-06-27,44.810001,46.200001,44.610001,45.099998,3.299921,8464400,79313701770.0,0.2899969999999996,0.647170260049759
2003-06-30,45.549999,45.900002,45.369999,45.439999,3.324798,8142100,80623498230.0,-0.10999999999999943,-0.24149287028524288
2003-07-01,45.34,46.259998,45.18,46.189999,3.379675,6163500,80251800000.0,0.8499989999999968,1.8747220996912148
2003-07-02,46.360001,46.599998,46.200001,46.59,3.408942,5852800,82057201770.0,0.2299990000000065,0.49611517480339684
2003-07-03,46.950001,46.950001,46.099998,46.119999,3.374553,4404700,83101501770.0,-0.8300020000000004,-1.7678423478627834
2003-07-07,46.57,46.990002,46.27,46.869999,3.429429,6864000,82428900000.0,0.2999989999999997,0.6441893923126469
2003-07-08,46.700001,47.07,46.299999,46.77,3.422111,7835000,82659001770.0,0.06999900000000281,0.1498907890815737
2003-07-09,45.049999,45.119999,42.5,44.0,3.219435,32262900,79738498230.0,-1.0499989999999997,-2.330741450182939
2003-07-10,43.150002,43.950001,42.790001,43.200001,3.160898,12247200,76375503540.0,0.04999899999999968,0.11587253228864203
2003-07-11,42.950001,43.380001,41.349998,41.810001,3.059194,14548400,76021501770.0,-1.1400000000000006,-2.6542490650931545
2003-07-14,42.669998,42.84,41.560001,41.959999,3.070168,9427500,75525896460.0,-0.7099989999999963,-1.663930239696745
2003-07-15,40.48,40.860001,38.779999,40.5,2.963343,29971200,71649600000.0,0.020000000000003126,0.04940711462451366
2003-07-16,40.0,40.299999,39.610001,40.0,2.926759,10309900,70800000000.0,0.0,0.0
2003-07-17,39.52,39.98,39.279999,39.830002,2.914318,7425000,69950400000.0,0.3100019999999972,0.7844180161943249
2003-07-18,40.0,40.400002,39.939999,40.279999,2.947246,7332400,70800000000.0,0.27999899999999656,0.6999974999999914
2003-07-21,40.259998,40.400002,39.880001,40.27,2.946513,5781900,71260196460.0,0.010002000000000066,0.024843518372753184
2003-07-22,39.5,40.880001,39.349998,40.279999,2.947246,6598600,69915000000.0,0.7799989999999966,1.9746810126582193
2003-07-23,40.18,40.66,39.889999,40.139999,2.937001,4866200,71118600000.0,-0.04000099999999662,-0.09955450472871234
2003-07-24,40.150002,40.619999,40.099998,40.200001,2.941392,4800200,71065503540.0,0.04999899999999968,0.12453050438204134
2003-07-25,40.150002,41.009998,39.119999,40.990002,2.999196,8415800,71065503540.0,0.8399999999999963,2.0921543167046326
2003-07-28,41.299999,41.389999,39.990002,40.27,2.946513,6168900,73100998230.0,-1.0299989999999966,-2.4939443703134145
2003-07-29,40.48,40.48,39.73,40.27,2.946513,5780100,71649600000.0,-0.20999999999999375,-0.5187747035572968
2003-07-30,40.360001,40.400002,39.549999,40.0,2.926759,5875700,71437201770.0,-0.3600009999999969,-0.8919747053524526
2003-07-31,40.450001,40.869999,39.830002,40.009998,2.927491,6877500,71596501770.0,-0.44000299999999726,-1.0877700596348496
2003-08-01,40.41,41.0,40.150002,40.279999,2.947246,8018500,71525700000.0,-0.13000100000000003,-0.3217050235090325
2003-08-04,40.450001,41.139999,40.099998,41.0,2.999926,5282300,71596501770.0,0.5499989999999997,1.3597008316514
2003-08-05,40.799999,40.939999,40.150002,40.209999,2.942124,4387300,72215998230.0,-0.5899999999999963,-1.4460784668156397
2003-08-06,40.0,40.439999,39.900002,40.200001,2.941392,6406600,70800000000.0,0.20000100000000032,0.5000025000000008
2003-08-07,40.0,40.189999,39.560001,39.970001,2.924563,5430400,70800000000.0,-0.029998999999996556,-0.07499749999999139
2003-08-08,40.080002,40.080002,39.439999,39.919998,2.920904,4966200,70941603540.0,-0.1600040000000007,-0.39921155692557275
2003-08-11,39.779999,40.470001,39.75,40.389999,2.955293,4695600,70410598230.0,0.6100000000000065,1.5334339249229407
2003-08-12,40.41,40.779999,40.200001,40.720001,2.97944,5035800,71525700000.0,0.31000100000000685,0.7671393219500294
2003-08-13,40.75,40.849998,40.110001,40.349998,2.952368,3433700,72127500000.0,-0.40000200000000063,-0.9816000000000016
2003-08-14,40.0,40.200001,39.619999,39.849998,2.915783,6251400,70800000000.0,-0.15000200000000063,-0.3750050000000016
2003-08-15,39.950001,40.0,39.0,39.849998,2.915783,6900700,70711501770.0,-0.10000300000000095,-0.250320394234786
2003-08-18,39.599998,39.84,38.849998,38.98,2.852125,9643000,70091996460.0,-0.6199980000000025,-1.5656515942248346
2003-08-19,38.990002,39.169998,38.75,38.970001,2.851394,6445300,69012303540.0,-0.020000999999993496,-0.05129776602728438
2003-08-20,38.75,39.970001,38.720001,39.939999,2.922368,5777400,68587500000.0,1.1899990000000003,3.0709651612903235
2003-08-21,39.759998,39.990002,39.5,39.889999,2.91871,4905700,70375196460.0,0.13000100000000003,0.3269643021611823
2003-08-22,39.700001,39.93,39.400002,39.529999,2.892369,4383700,70269001770.0,-0.17000200000000376,-0.42821661389883536
2003-08-25,39.599998,40.029999,39.599998,40.0,2.926759,3867100,70091996460.0,0.40000200000000063,1.0101061116215224
2003-08-26,40.0,40.040001,39.599998,39.950001,2.923099,4350600,70800000000.0,-0.04999899999999968,-0.12499749999999922
2003-08-27,40.470001,40.490002,40.209999,40.279999,2.947246,5434100,71631901770.0,-0.1900020000000069,-0.46948849840652807
2003-08-28,40.580002,41.02,40.150002,40.91,2.993342,5799600,71826603540.0,0.32999799999999624,0.8132035084670429
2003-08-29,40.919998,41.25,40.740002,41.220001,3.016023,3946100,72428396460.0,0.3000030000000038,0.7331451971234305
2003-09-02,41.060001,41.880001,41.0,41.709999,3.051877,5796400,72676201770.0,0.6499980000000036,1.58304428682309
2003-09-03,41.709999,42.369999,41.509998,41.889999,3.065047,6314200,73826698230.0,0.17999999999999972,0.4315511971122313
2003-09-04,41.889999,42.009998,41.630001,41.779999,3.056999,4993600,74145298230.0,-0.11000000000000654,-0.26259251044624404
2003-09-05,41.75,41.82,41.380001,41.5,3.036513,4395300,73897500000.0,-0.25,-0.5988023952095809
2003-09-08,41.82,41.82,41.41,41.599998,3.043829,5695900,74021400000.0,-0.22000200000000092,-0.5260688665710209
2003-09-09,41.580002,41.630001,41.459999,41.48,3.035049,4502400,73596603540.0,-0.10000200000000348,-0.24050503893675493
2003-09-10,41.650002,41.919998,41.490002,41.59,3.043097,6518200,73720503540.0,-0.060001999999997224,-0.14406241805221814
2003-09-11,40.919998,41.349998,40.799999,41.02,3.051279,5408500,72428396460.0,0.10000200000000348,0.24438417616736802
2003-09-12,40.869999,41.099998,40.150002,40.57,3.017805,5150200,72339898230.0,-0.2999989999999997,-0.734032315488923
2003-09-15,40.57,40.950001,40.299999,40.599998,3.020038,4447800,71808900000.0,0.02999799999999908,0.07394133596253162
2003-09-16,40.689999,40.82,40.349998,40.459999,3.009624,8035700,72021298230.0,-0.22999999999999687,-0.565249460930183
2003-09-17,45.099998,45.349998,44.400002,44.650002,3.321298,33701700,79826996460.0,-0.44999599999999873,-0.9977738801673532
2003-09-18,44.5,44.779999,44.16,44.560001,3.314603,10573000,78765000000.0,0.06000099999999975,0.134833707865168
2003-09-19,44.560001,44.990002,44.389999,44.59,3.316834,7887000,78871201770.0,0.02999900000000366,0.06732270944070146
2003-09-22,44.400002,44.709999,44.25,44.48,3.308651,8357800,78588003540.0,0.07999799999999624,0.18017566755964615
2003-09-23,44.369999,44.720001,44.130001,44.5,3.310139,6527600,78534898230.0,0.13000100000000003,0.29299301990067667
2003-09-24,44.549999,44.720001,44.049999,44.259998,3.292288,6618100,78853498230.0,-0.2900009999999966,-0.6509562435680338
2003-09-25,44.259998,44.48,43.849998,43.880001,3.264021,6310700,78340196460.0,-0.379997000000003,-0.8585562972687052
2003-09-26,43.799999,43.799999,43.279999,43.349998,3.224596,6772200,77525998230.0,-0.4500010000000003,-1.0273995668356073
2003-09-29,43.349998,43.5,43.099998,43.5,3.235754,6866000,76729496460.0,0.15000200000000063,0.3460253908200887
2003-09-30,43.25,44.09,43.110001,43.799999,3.25807,7021500,76552500000.0,0.5499989999999997,1.2716739884393056
2003-10-01,43.950001,44.439999,43.849998,44.369999,3.300469,6268400,77791501770.0,0.41999799999999965,0.9556268269481943
2003-10-02,44.400002,44.419998,44.07,44.299999,3.295263,4347800,78588003540.0,-0.10000300000000095,-0.2252319718363998
2003-10-03,44.400002,45.0,44.400002,44.689999,3.324273,6206800,78588003540.0,0.2899969999999996,0.6531463669753881
2003-10-06,44.73,45.290001,44.599998,45.029999,3.349564,4572200,79172100000.0,0.2999989999999997,0.6706885758998429
2003-10-07,45.040001,45.16,44.720001,45.139999,3.357746,4459200,79720801770.0,0.09999800000000647,0.22202042135835315
2003-10-08,45.200001,45.209999,44.849998,44.950001,3.343614,6450200,80004001770.0,-0.25,-0.5530973328960768
2003-10-09,45.200001,45.369999,45.060001,45.23,3.36444,4931000,80004001770.0,0.029998999999996556,0.06636946755819001
2003-10-10,45.240002,45.380001,44.990002,45.049999,3.351052,3549200,80074803540.0,-0.19000299999999726,-0.4199889292666195
2003-10-13,45.060001,45.139999,44.75,44.900002,3.339893,3781800,79756201770.0,-0.15999899999999911,-0.355079885595207
2003-10-14,44.630001,45.099998,44.540001,45.0,3.347333,4430900,78995101770.0,0.36999899999999997,0.8290365039427178
2003-10-15,44.900002,45.23,44.880001,45.150002,3.35849,3969000,79473003540.0,0.25,0.5567928482497618
2003-10-16,44.5,45.040001,44.5,44.950001,3.343614,6112400,78765000000.0,0.4500010000000003,1.0112382022471917
2003-10-17,44.959999,44.959999,44.509998,44.779999,3.330967,6522500,79579198230.0,-0.18000000000000682,-0.40035588079084883
2003-10-20,45.0,45.5,44.189999,45.470001,3.382292,8449300,79650000000.0,0.47000100000000344,1.0444466666666743
2003-10-21,45.470001,45.759998,45.299999,45.450001,3.380807,5568100,80481901770.0,-0.020000000000003126,-0.04398504411733601
2003-10-22,45.450001,45.580002,45.139999,45.299999,3.369648,4303000,80446501770.0,-0.15000200000000063,-0.3300373964788266
2003-10-23,45.200001,45.5,45.189999,45.48,3.383038,3364600,80004001770.0,0.27999899999999656,0.6194668004542667
2003-10-24,45.32,45.650002,45.009998,45.599998,3.391962,3176400,80216400000.0,0.2799979999999991,0.6178243601059115
2003-10-27,45.599998,45.75,45.150002,45.310001,3.370391,3097400,80711996460.0,-0.2899969999999996,-0.6359583612262432
2003-10-28,45.310001,46.25,45.310001,46.169998,3.434361,6873300,80198701770.0,0.8599969999999999,1.898029090751951
2003-10-29,46.169998,47.200001,46.16,46.700001,3.473787,7518100,81720896460.0,0.5300030000000007,1.14793810474066
2003-10-30,46.700001,46.900002,46.450001,46.630001,3.46858,3577600,82659001770.0,-0.07000000000000028,-0.14989293040914559
2003-10-31,46.619999,46.700001,46.259998,46.5,3.45891,3617300,82517398230.0,-0.11999899999999997,-0.2573981179193075
2003-11-03,46.650002,46.990002,46.5,46.560001,3.463372,3587000,82570503540.0,-0.09000100000000089,-0.19292818036749684
2003-11-04,46.419998,46.740002,46.419998,46.529999,3.46114,2788700,82163396460.0,0.1100009999999969,0.23696898909818329
2003-11-05,46.470001,47.009998,46.470001,46.98,3.494616,4995500,82251901770.0,0.5099989999999934,1.09748007106777
2003-11-06,46.98,47.669998,46.98,47.299999,3.518418,7305700,83154600000.0,0.3199990000000028,0.6811387824606276
2003-11-07,48.349998,49.740002,48.200001,49.509998,3.682808,14054700,85579496460.0,1.1600000000000037,2.3991727983111883
2003-11-10,49.509998,49.509998,48.450001,49.099998,3.652311,5788600,87632696460.0,-0.4100000000000037,-0.828115565668178
2003-11-11,49.110001,49.110001,48.52,48.700001,3.622558,4045100,86924701770.0,-0.4099999999999966,-0.8348605002064582
2003-11-12,48.700001,50.459999,48.700001,50.25,3.737855,9558000,86199001770.0,1.5499989999999997,3.1827494212987792
2003-11-13,50.049999,50.240002,49.799999,50.16,3.731161,5683400,88588498230.0,0.1100009999999969,0.2197822221734648
2003-11-14,50.16,50.700001,50.150002,50.349998,3.745293,6664300,88783200000.0,0.18999800000000278,0.378783891547055
2003-11-17,50.360001,50.450001,49.59,50.349998,3.745293,5782900,89137201770.0,-0.010002999999997542,-0.019862986102795237
2003-11-18,50.130001,50.209999,49.77,49.869999,3.709587,5393100,88730101770.0,-0.26000200000000007,-0.5186554853649415
2003-11-19,49.75,50.169998,49.700001,50.0,3.719257,4758000,88057500000.0,0.25,0.5025125628140703
2003-11-20,49.849998,51.0,49.720001,50.02,3.720744,11054400,88234496460.0,0.17000200000000376,0.34102709492586897
2003-11-21,50.049999,50.459999,50.0,50.09,3.725953,4910600,88588498230.0,0.04000100000000373,0.07992207951893011
2003-11-24,50.400002,50.900002,50.369999,50.59,3.763144,4483700,89208003540.0,0.18999800000000278,0.3769801437706347
2003-11-25,50.799999,51.040001,50.639999,50.82,3.780253,3814300,89915998230.0,0.0200010000000006,0.03937204801913599
2003-11-26,51.150002,52.0,51.0,51.900002,3.86059,4927800,90535503540.0,0.75,1.4662756024916674
2003-11-28,51.619999,52.009998,51.509998,52.0,3.868027,3279700,91367398230.0,0.38000100000000003,0.7361507310374028
2003-12-01,52.099998,52.349998,51.84,52.349998,3.894064,5796100,92216996460.0,0.25,0.47984646755648624
2003-12-02,52.23,52.43,51.959999,51.959999,3.865054,6864700,92447100000.0,-0.2700009999999935,-0.5169461995021895
2003-12-03,51.900002,52.060001,51.200001,51.459999,3.827862,6467800,91863003540.0,-0.44000299999999726,-0.8477899480620391
2003-12-04,51.5,51.75,51.32,51.599998,3.838276,5182400,91155000000.0,0.09999799999999937,0.19417087378640652
2003-12-05,51.549999,51.669998,51.220001,51.419998,3.824884,4615900,91243498230.0,-0.13000100000000003,-0.25218429199193587
2003-12-08,51.419998,53.02,51.290001,52.439999,3.900759,10028000,91013396460.0,1.0200010000000006,1.9836659659146632
2003-12-09,52.099998,52.400002,51.52,51.740002,3.848686,7006700,92216996460.0,-0.3599960000000024,-0.690971235737864
2003-12-10,51.740002,52.75,51.740002,52.310001,3.891087,5833200,91579803540.0,0.5699990000000028,1.1016601816134504
2003-12-11,52.560001,53.330002,52.52,53.09,3.949109,6332500,93031201770.0,0.5299990000000037,1.0083694633110902
2003-12-12,53.119999,53.32,52.860001,53.150002,3.953569,4090900,94022398230.0,0.030003000000000668,0.056481552268102767
2003-12-15,53.349998,54.16,53.279999,53.360001,3.969191,7429700,94429496460.0,0.010002999999997542,0.018749766401111284
2003-12-16,52.610001,54.299999,52.610001,54.209999,4.032417,10446800,93119701770.0,1.5999980000000065,3.04124305186766
2003-12-17,54.049999,54.23,53.810001,54.110001,4.02498,6978000,95668498230.0,0.060001999999997224,0.11101202795581408
2003-12-18,54.0,54.599998,53.950001,54.470001,4.103325,7859700,95580000000.0,0.47000100000000344,0.8703722222222287
2003-12-19,54.68,55.029999,54.48,54.919998,4.137225,9144800,96783600000.0,0.23999799999999993,0.4389136795903437
2003-12-22,54.700001,54.869999,54.02,54.580002,4.111613,5652600,96819001770.0,-0.11999899999999997,-0.21937659562382816
2003-12-23,54.299999,54.599998,53.73,54.02,4.069427,5460200,96110998230.0,-0.27999899999999656,-0.5156519431980037
2003-12-24,54.07,54.099998,53.470001,53.48,4.028746,2469300,95703900000.0,-0.5900000000000034,-1.0911781024597806
2003-12-26,53.549999,53.799999,53.52,53.650002,4.041555,1490400,94783498230.0,0.10000300000000095,0.18674696894018794
2003-12-29,53.75,54.5,53.700001,54.400002,4.098053,5545000,95137500000.0,0.6500020000000006,1.209306046511629
2003-12-30,54.049999,54.150002,53.869999,54.029999,4.07018,3802900,95668498230.0,-0.020000000000003126,-0.03700277589274909
2003-12-31,53.799999,54.5,53.75,54.419998,4.09956,4496500,95225998230.0,0.619999,1.1524145195616082
2004-01-02,54.669998,55.0,54.529999,54.650002,4.116886,5929200,96765896460.0,-0.019995999999999015,-0.03657581988570589
2004-01-05,54.57,54.619999,53.59,54.240002,4.085999,7057200,96588900000.0,-0.32999800000000334,-0.6047242074399914
2004-01-06,54.240002,54.299999,53.599998,53.830002,4.055114,7295400,96004803540.0,-0.4099999999999966,-0.755899677142336
2004-01-07,53.759998,53.759998,52.509998,53.119999,4.001627,12175500,95155196460.0,-0.6399990000000031,-1.1904743746456297
2004-01-08,53.029999,53.279999,52.599998,53.099998,4.000122,7382500,93863098230.0,0.06999900000000281,0.13199887105410432
2004-01-09,53.0,53.959999,52.799999,52.799999,3.977522,6207600,93810000000.0,-0.20000100000000032,-0.37736037735849115
2004-01-12,53.049999,53.369999,52.700001,53.130001,4.002384,5058300,93898498230.0,0.08000200000000035,0.1508049038794522
2004-01-13,53.049999,53.599998,52.849998,53.189999,4.006902,4047200,93898498230.0,0.14000000000000057,0.2639019842394353
2004-01-14,53.400002,53.98,53.310001,53.880001,4.058879,3601900,94518003540.0,0.4799989999999994,0.8988744981694934
2004-01-15,54.169998,54.290001,53.189999,54.25,4.086753,5717500,95880896460.0,0.08000200000000035,0.1476869170273928
2004-01-16,53.900002,54.610001,53.09,53.68,4.043816,10118800,95403003540.0,-0.22000200000000092,-0.40816696073592157
2004-01-20,53.049999,53.650002,52.779999,53.209999,4.008408,5502200,93898498230.0,0.1600000000000037,0.30160226770221743
2004-01-21,53.209999,54.0,52.84,54.0,4.067919,5562600,94181698230.0,0.7900009999999966,1.4846852374494437
2004-01-22,53.990002,54.139999,53.75,54.029999,4.07018,5546700,95562303540.0,0.039996999999999616,0.07408223470708451
2004-01-23,54.080002,54.639999,54.040001,54.48,4.10408,4563400,95721603540.0,0.3999979999999965,0.7396412448357463
2004-01-26,54.400002,54.900002,54.400002,54.810001,4.12894,6244100,96288003540.0,0.4099989999999991,0.7536746046443143
2004-01-27,54.880001,55.0,54.610001,55.0,4.143253,6223300,97137601770.0,0.11999899999999997,0.21865706598656942
2004-01-28,55.0,55.93,54.900002,55.650002,4.192218,9806800,97350000000.0,0.6500020000000006,1.1818218181818192
2004-01-29,55.740002,56.099998,55.380001,55.950001,4.214818,7553000,98659803540.0,0.20999900000000338,0.3767473851185068
2004-01-30,55.549999,55.889999,55.049999,55.59,4.187698,5773900,98323498230.0,0.04000100000000373,0.0720090021963884
2004-02-02,55.59,55.650002,54.689999,55.110001,4.151539,5354600,98394300000.0,-0.4799990000000065,-0.8634628530311322
2004-02-03,55.110001,55.59,54.889999,55.130001,4.153045,3674900,97544701770.0,0.020000000000003126,0.036291053596611486
2004-02-04,54.849998,55.310001,54.799999,54.959999,4.140239,4026800,97084496460.0,0.11000100000000401,0.20054877668364549
2004-02-05,54.93,55.23,54.84,55.23,4.16058,3789800,97226100000.0,0.29999999999999716,0.5461496450027256
2004-02-06,55.049999,55.419998,54.59,54.779999,4.126679,5222500,97438498230.0,-0.2700000000000031,-0.4904632241682749
2004-02-09,55.470001,55.470001,54.150002,54.43,4.100311,6565100,98181901770.0,-1.0400010000000037,-1.8748890954590098
2004-02-10,54.349998,55.220001,54.220001,55.18,4.156812,6052300,96199496460.0,0.8300020000000004,1.5271426504928305
2004-02-11,55.049999,55.07,54.759998,54.93,4.13798,6312300,97438498230.0,-0.11999899999999997,-0.21798183865543752
2004-02-12,54.799999,55.290001,54.73,55.240002,4.161333,3379500,96995998230.0,0.44000299999999726,0.8029251971336665
2004-02-13,55.400002,55.400002,54.380001,54.66,4.117637,4066100,98058003540.0,-0.740002000000004,-1.3357436340886846
2004-02-17,54.799999,55.349998,54.799999,55.150002,4.15455,3399000,96995998230.0,0.35000300000000095,0.6386916174943743
2004-02-18,55.049999,55.349998,55.0,55.119999,4.152292,3010700,97438498230.0,0.07000000000000028,0.12715713219177402
2004-02-19,55.220001,55.540001,55.009998,55.240002,4.161333,5613200,97739401770.0,0.020000999999993496,0.03622057160048493
2004-02-20,55.48,55.599998,55.189999,55.349998,4.169618,5314600,98199600000.0,-0.1300019999999975,-0.23432227829848148
2004-02-23,55.349998,56.75,55.330002,56.630001,4.266042,6783800,97969496460.0,1.2800030000000007,2.3125619625135316
2004-02-24,56.5,56.98,55.709999,56.169998,4.231389,7566300,100005000000.0,-0.33000200000000035,-0.5840743362831864
2004-02-25,56.169998,56.919998,56.110001,56.580002,4.262276,5433700,99420896460.0,0.4100040000000007,0.7299341545285452
2004-02-26,56.779999,57.02,56.639999,57.02,4.295422,5530500,100500598230.0,0.24000100000000657,0.4226858123051509
2004-02-27,57.25,57.650002,57.009998,57.549999,4.335348,5178800,101332500000.0,0.2999989999999997,0.5240157205240169
2004-03-01,57.52,58.18,57.400002,58.18,4.382808,4436500,101810400000.0,0.6599999999999966,1.1474269819193263
2004-03-02,57.75,58.610001,57.709999,58.130001,4.37904,5854700,102217500000.0,0.38000100000000003,0.6580103896103896
2004-03-03,57.849998,58.330002,57.75,57.950001,4.36548,4491600,102394496460.0,0.10000300000000095,0.17286603881991658
2004-03-04,57.880001,58.25,57.32,57.450001,4.327816,4153400,102447601770.0,-0.4299999999999997,-0.7429163658791225
2004-03-05,57.450001,58.48,57.43,58.220001,4.385821,5845600,101686501770.0,0.7700000000000031,1.340295886156735
2004-03-08,58.299999,58.709999,58.150002,58.23,4.386574,4927300,103190998230.0,-0.06999900000000281,-0.12006689742825348
2004-03-09,58.23,58.48,57.759998,58.189999,4.383561,5323200,103067100000.0,-0.04000099999999662,-0.06869483084320217
2004-03-10,58.080002,58.959999,58.080002,58.439999,4.402393,7663700,102801603540.0,0.3599969999999999,0.6198295241105535
2004-03-11,57.700001,58.049999,56.200001,56.32,4.292639,11718500,102129001770.0,-1.380001,-2.3916828008373865
2004-03-12,55.75,55.900002,53.57,54.310001,4.139438,19988900,98677500000.0,-1.4399990000000003,-2.582957847533633
2004-03-15,54.099998,54.48,53.709999,53.77,4.098282,7608400,95756996460.0,-0.32999799999999624,-0.6099778414039798
2004-03-16,53.849998,54.189999,53.57,53.970001,4.113524,6520000,95314496460.0,0.12000300000000408,0.22284680493396503
2004-03-17,54.25,54.959999,54.060001,54.779999,4.175263,6781800,96022500000.0,0.5299989999999966,0.9769566820276434
2004-03-18,54.650002,55.189999,54.619999,55.040001,4.195079,4413500,96730503540.0,0.389998999999996,0.7136303489979671
2004-03-19,55.049999,55.169998,54.57,54.669998,4.166877,7970300,97438498230.0,-0.38000100000000003,-0.6902833912858019
2004-03-22,54.169998,54.27,52.5,52.959999,4.036545,10336700,95880896460.0,-1.2099989999999963,-2.233706931279555
2004-03-23,53.189999,53.630001,53.02,53.07,4.044927,5531000,94146298230.0,-0.11999899999999997,-0.22560444116571607
2004-03-24,53.119999,53.189999,52.490002,52.970001,4.037305,4856900,94022398230.0,-0.14999799999999652,-0.2823757583278504
2004-03-25,53.27,53.450001,52.950001,53.369999,4.067795,3253200,94287900000.0,0.09999899999999684,0.18772104373943466
2004-03-26,53.5,54.0,53.119999,53.610001,4.086084,3718300,94695000000.0,0.1100009999999969,0.20560934579438675
2004-03-29,53.619999,54.470001,53.099998,54.279999,4.137153,4093300,94907398230.0,0.6599999999999966,1.2308840214637016
2004-03-30,54.279999,54.41,53.84,54.25,4.134867,3312200,96075598230.0,-0.029998999999996556,-0.05526713440064094
2004-03-31,54.25,54.709999,53.849998,54.450001,4.150108,5584800,96022500000.0,0.20000100000000032,0.368665437788019
2004-04-01,54.650002,55.290001,54.25,55.099998,4.199652,5222100,96730503540.0,0.44999599999999873,0.8234144254926079
2004-04-02,55.330002,55.400002,54.529999,54.869999,4.182122,4628900,97934103540.0,-0.4600030000000004,-0.8313807760209377
2004-04-05,54.75,55.369999,54.549999,55.290001,4.214132,4428000,96907500000.0,0.5400009999999966,0.9863031963470258
2004-04-06,55.049999,55.75,54.900002,55.57,4.235474,5738700,97438498230.0,0.5200010000000006,0.9445976556693501
2004-04-07,55.349998,55.549999,54.779999,55.150002,4.203462,7250100,97969496460.0,-0.19999599999999873,-0.3613297330200423
2004-04-08,55.349998,56.290001,55.0,55.369999,4.220232,5503400,97969496460.0,0.0200010000000006,0.03613550266072386
2004-04-12,55.849998,55.900002,55.529999,55.610001,4.238523,3378700,98854496460.0,-0.23999700000000246,-0.42971711476158414
2004-04-13,55.950001,56.060001,54.900002,55.080002,4.198126,5631700,99031501770.0,-0.869999,-1.554957970420769
2004-04-14,55.099998,55.919998,55.049999,55.580002,4.236236,4860400,97526996460.0,0.480004000000001,0.8711506668294271
2004-04-15,55.580002,55.720001,55.0,55.59,4.237,4499600,98376603540.0,0.00999800000000306,0.01798848441927559
2004-04-16,55.849998,56.0,55.240002,55.900002,4.260628,3872700,98854496460.0,0.05000400000000127,0.08953268001907766
2004-04-19,55.970001,56.700001,55.939999,56.450001,4.302549,4510600,99066901770.0,0.4799999999999969,0.8576022716168915
2004-04-20,56.450001,57.200001,55.299999,56.330002,4.2934,6917900,99916501770.0,-0.11999899999999997,-0.21257572696942906
2004-04-21,56.049999,56.73,54.799999,55.830002,4.255293,6426000,99208498230.0,-0.21999699999999933,-0.39250134509368917
2004-04-22,55.84,56.93,55.700001,56.5,4.306358,4699800,98836800000.0,0.6599999999999966,1.1819484240687617
2004-04-23,56.5,56.5,55.41,55.900002,4.260628,4135300,100005000000.0,-0.5999979999999994,-1.0619433628318573
2004-04-26,55.68,56.169998,55.349998,55.580002,4.236236,4333900,98553600000.0,-0.09999799999999937,-0.17959410919540117
2004-04-27,55.799999,56.849998,55.799999,55.91,4.261387,5184800,98765998230.0,0.1100009999999969,0.19713441213501975
2004-04-28,55.830002,56.0,55.139999,55.279999,4.213371,4205800,98819103540.0,-0.5500030000000038,-0.9851387789669143
2004-04-29,55.700001,55.709999,54.549999,54.900002,4.184408,4879100,98589001770.0,-0.7999989999999997,-1.4362638880383498
2004-04-30,55.299999,56.349998,55.150002,55.380001,4.220994,5978500,97880998230.0,0.08000200000000035,0.1446690803737634
2004-05-03,55.700001,56.619999,55.59,56.349998,4.294925,5109900,98589001770.0,0.649996999999999,1.16696048174218
2004-05-04,56.439999,56.52,55.540001,56.32,4.292639,4402400,99898798230.0,-0.11999899999999997,-0.21261339852256192
2004-05-05,56.32,56.450001,55.93,56.25,4.287303,3539800,99686400000.0,-0.07000000000000028,-0.12428977272727322
2004-05-06,55.799999,56.490002,55.650002,56.349998,4.294925,4146000,98765998230.0,0.5499989999999997,0.9856613079867613
2004-05-07,56.25,56.349998,55.299999,55.650002,4.241573,4399300,99562500000.0,-0.5999979999999994,-1.06666311111111
2004-05-10,55.299999,55.470001,54.25,54.889999,4.183646,6226800,97880998230.0,-0.4099999999999966,-0.7414105016529867
2004-05-11,54.299999,54.549999,53.0,53.400002,4.070081,10959000,96110998230.0,-0.899996999999999,-1.657453069198029
2004-05-12,53.0,53.349998,48.299999,49.799999,3.795692,30631500,93810000000.0,-3.2000010000000003,-6.037737735849057
2004-05-13,48.709999,49.450001,48.0,48.900002,3.727094,18498700,86216698230.0,0.19000299999999726,0.39006980887024295
2004-05-14,48.900002,50.369999,48.900002,49.880001,3.80179,10318000,86553003540.0,0.9799989999999994,2.0040878525935426
2004-05-17,49.950001,50.0,48.5,49.470001,3.770539,8029500,88411501770.0,-0.4799999999999969,-0.9609609417224974
2004-05-18,49.75,50.290001,49.540001,49.93,3.805601,5825900,88057500000.0,0.17999999999999972,0.3618090452261301
2004-05-19,50.049999,50.049999,49.200001,49.310001,3.758343,5341100,88588498230.0,-0.7399979999999999,-1.4785175120582918
2004-05-20,49.400002,49.5,48.66,49.25,3.753775,5003700,87438003540.0,-0.15000200000000063,-0.3036477609859219
2004-05-21,49.32,50.0,49.220001,49.32,3.759107,6445500,87296400000.0,0.0,0.0
2004-05-24,49.330002,49.400002,44.75,44.950001,3.426033,31973300,87314103540.0,-4.380001,-8.878979976526253
2004-05-25,45.0,46.68,44.900002,46.650002,3.555602,20745600,79650000000.0,1.6500020000000006,3.6666711111111123
2004-05-26,46.650002,47.900002,46.139999,47.669998,3.633348,9695400,82570503540.0,1.019995999999999,2.1864865086179397
2004-05-27,48.0,48.48,47.75,48.419998,3.69051,7701700,84960000000.0,0.41999799999999965,0.8749958333333326
2004-05-28,48.5,48.509998,47.66,47.970001,3.656213,5750200,85845000000.0,-0.5299989999999966,-1.092781443298962
2004-06-01,48.299999,48.860001,47.970001,48.459999,3.69356,7483100,85490998230.0,0.1600000000000037,0.33126294681704593
2004-06-02,48.669998,48.93,48.400002,48.5,3.696608,5964200,86145896460.0,-0.16999799999999965,-0.34928704948785827
2004-06-03,48.5,48.880001,48.290001,48.66,3.708802,3971600,85845000000.0,0.1599999999999966,0.3298969072164878
2004-06-04,48.970001,49.130001,48.299999,48.369999,3.6867,4739100,86676901770.0,-0.6000020000000035,-1.2252440019349875
2004-06-07,48.52,49.209999,48.52,49.139999,3.745389,6485300,85880400000.0,0.619999,1.2778215169002471
2004-06-08,49.139999,49.32,48.919998,49.119999,3.743864,5592100,86977798230.0,-0.020000000000003126,-0.040700041528293734
2004-06-09,49.150002,49.299999,48.450001,48.639999,3.707279,5641300,86995503540.0,-0.5100029999999975,-1.0376459394650637
2004-06-10,48.639999,48.740002,48.259998,48.48,3.695084,7040700,86092798230.0,-0.15999900000000622,-0.32894531926286885
2004-06-14,48.049999,48.5,47.439999,47.619999,3.68117,8395500,85048498230.0,-0.4299999999999997,-0.8949011632653723
2004-06-15,47.950001,47.950001,47.330002,47.549999,3.675757,5640400,84871501770.0,-0.40000200000000063,-0.8342064476703569
2004-06-16,47.73,47.849998,47.5,47.810001,3.695857,4823600,84482100000.0,0.08000100000000288,0.16761156505343155
2004-06-17,47.860001,47.98,47.669998,47.689999,3.68658,3585600,84712201770.0,-0.17000199999999666,-0.35520684590039325
2004-06-18,47.580002,47.98,47.34,47.580002,3.678078,7548800,84216603540.0,0.0,0.0
2004-06-21,47.700001,47.919998,47.68,47.740002,3.690446,4897200,84429001770.0,0.04000099999999662,0.08385953702599842
2004-06-22,47.709999,47.919998,47.029999,47.830002,3.697404,7106700,84446698230.0,0.12000299999999697,0.25152589083055094
2004-06-23,48.119999,48.470001,47.830002,48.470001,3.746877,7155200,85172398230.0,0.3500020000000035,0.7273524673182213
2004-06-24,48.27,48.73,48.099998,48.450001,3.745331,6252100,85437900000.0,0.1800009999999972,0.3729044955458819
2004-06-25,48.459999,48.68,47.799999,47.799999,3.695083,6064600,85774198230.0,-0.6600000000000037,-1.3619480264537431
2004-06-28,49.799999,51.41,49.310001,49.599998,3.834229,15744600,88145998230.0,-0.20000100000000032,-0.40160844179936694
2004-06-29,49.68,50.619999,49.68,50.220001,3.882159,6426300,87933600000.0,0.5400010000000037,1.0869585346215855
2004-06-30,51.0,51.0,49.759998,50.049999,3.869017,5841400,90270000000.0,-0.9500010000000003,-1.8627470588235302
2004-07-01,50.279999,50.299999,49.259998,49.830002,3.852009,5019300,88995598230.0,-0.4499969999999962,-0.8949821180386185
2004-07-02,49.630001,50.139999,49.5,49.68,3.840413,3044100,87845101770.0,0.04999899999999968,0.10074349988427299
2004-07-06,49.490002,49.900002,49.099998,49.419998,3.820314,4061200,87597303540.0,-0.07000399999999729,-0.14145079242469477
2004-07-07,49.599998,49.869999,49.049999,49.299999,3.811038,4203300,87791996460.0,-0.2999989999999997,-0.6048367179369638
2004-07-08,49.5,49.950001,49.32,49.400002,3.818769,5456000,87615000000.0,-0.09999799999999937,-0.20201616161616034
2004-07-09,49.900002,50.220001,49.549999,49.75,3.845824,4739700,88323003540.0,-0.15000200000000063,-0.3006051983725384
2004-07-12,49.880001,50.060001,49.43,49.740002,3.845052,3294900,88287601770.0,-0.1399990000000031,-0.2806716062415538
2004-07-13,49.650002,49.689999,49.029999,49.27,3.808719,4354400,87880503540.0,-0.3800019999999975,-0.7653614998847281
2004-07-14,49.060001,49.389999,48.900002,49.0,3.787848,4768900,86836201770.0,-0.06000099999999975,-0.12230126126577076
2004-07-15,48.900002,49.0,48.200001,48.200001,3.726004,6111500,86553003540.0,-0.7000010000000003,-1.4314948289777172
2004-07-16,49.599998,49.849998,48.59,48.669998,3.762338,7114900,87791996460.0,-0.9299999999999997,-1.875000075604841
2004-07-19,48.630001,49.209999,48.57,48.830002,3.774705,4916200,86075101770.0,0.20000100000000032,0.4112708120240432
2004-07-20,48.84,49.110001,48.529999,48.77,3.770067,6439400,86446800000.0,-0.07000000000000028,-0.1433251433251439
2004-07-21,48.950001,48.990002,47.900002,47.98,3.709,5941800,86641501770.0,-0.9700010000000034,-1.9816158941447282
2004-07-22,47.950001,47.950001,47.139999,47.290001,3.655659,6924700,84871501770.0,-0.6600000000000037,-1.376433756487312
2004-07-23,47.25,47.439999,47.139999,47.299999,3.656432,4903400,83632500000.0,0.04999899999999968,0.10581798941798876
2004-07-26,47.279999,47.450001,46.509998,46.959999,3.630148,6074100,83685598230.0,-0.3199999999999932,-0.6768189652457336
2004-07-27,47.0,47.299999,46.880001,47.099998,3.640971,4358300,83190000000.0,0.09999799999999937,0.21276170212765821
2004-07-28,47.110001,47.139999,46.400002,46.700001,3.61005,6194600,83384701770.0,-0.4099999999999966,-0.8703035264210599
2004-07-29,47.400002,47.400002,46.91,47.200001,3.648701,6694200,83898003540.0,-0.20000100000000032,-0.4219430201711813
2004-07-30,47.240002,47.740002,47.049999,47.599998,3.679624,8737500,83614803540.0,0.3599960000000024,0.7620575460602276
2004-08-02,47.75,48.0,47.52,47.799999,3.695083,6486900,84517500000.0,0.04999899999999968,0.1047099476439784
2004-08-03,47.799999,47.98,47.380001,47.52,3.673439,4725300,84605998230.0,-0.27999899999999656,-0.5857719787818334
2004-08-04,47.470001,47.52,47.259998,47.310001,3.657205,3775900,84021901770.0,-0.1600000000000037,-0.33705497499358317
2004-08-05,47.279999,47.470001,46.700001,46.799999,3.617782,4881700,83685598230.0,-0.4799999999999969,-1.0152284478686153
2004-08-06,46.849998,47.259998,46.52,46.639999,3.605413,4699400,82924496460.0,-0.20999899999999627,-0.4482369454956995
2004-08-09,46.700001,47.139999,46.549999,46.549999,3.598455,3273500,82659001770.0,-0.15000200000000063,-0.3212034192461808
2004-08-10,46.799999,46.950001,46.560001,46.91,3.626284,3728500,82835998230.0,0.1100009999999969,0.2350448768171916
2004-08-11,46.98,47.259998,46.799999,47.18,3.647155,5153900,83154600000.0,0.20000000000000284,0.4257130693912364
2004-08-12,47.380001,47.560001,47.27,47.380001,3.662616,5555900,83862601770.0,0.0,0.0
2004-08-13,47.5,47.779999,46.290001,47.060001,3.637879,6245700,84075000000.0,-0.43999900000000025,-0.926313684210527
2004-08-16,47.23,47.66,46.919998,47.549999,3.675757,5748000,83597100000.0,0.3199990000000028,0.6775333474486616
2004-08-17,47.68,47.77,47.549999,47.650002,3.683488,3832600,84393600000.0,-0.02999799999999908,-0.06291526845637392
2004-08-18,47.650002,48.360001,47.599998,48.330002,3.736055,5924100,84340503540.0,0.6799999999999997,1.427072343039985
2004-08-19,48.290001,48.459999,48.150002,48.349998,3.737602,4565400,85473301770.0,0.05999700000000274,0.1242431119436149
2004-08-20,48.27,48.689999,48.25,48.59,3.756154,5039000,85437900000.0,0.3200000000000003,0.6629376424280097
2004-08-23,48.709999,48.900002,48.639999,48.720001,3.766204,3274400,86216698230.0,0.010002000000000066,0.020533771721079414
2004-08-24,48.900002,48.93,48.639999,48.810001,3.773161,4401800,86553003540.0,-0.09000100000000089,-0.184051117216725
2004-08-25,48.91,49.049999,48.259998,48.799999,3.772385,5847400,86570700000.0,-0.1100009999999969,-0.2249049274176997
2004-08-26,48.93,49.09,48.849998,48.98,3.786302,4618200,86606100000.0,0.04999999999999716,0.10218679746576162
2004-08-27,49.18,49.200001,49.009998,49.130001,3.797897,3525800,87048600000.0,-0.04999899999999968,-0.10166531110207339
2004-08-30,49.189999,49.25,48.98,48.98,3.786302,3664900,87066298230.0,-0.20999900000000338,-0.426914015590859
2004-08-31,49.0,49.110001,48.709999,48.950001,3.783983,5066100,86730000000.0,-0.04999899999999968,-0.10203877551020343
2004-09-01,49.099998,49.110001,48.830002,49.0,3.787848,4446000,86906996460.0,-0.09999799999999937,-0.20366192275608516
2004-09-02,49.43,49.439999,49.009998,49.139999,3.798668,4722600,87491100000.0,-0.2900009999999966,-0.5866902690673611
2004-09-03,49.349998,49.400002,49.130001,49.200001,3.803308,2912300,87349496460.0,-0.14999699999999905,-0.3039453010717428
2004-09-07,49.700001,49.700001,49.189999,49.529999,3.828817,6031300,87969001770.0,-0.17000200000000376,-0.34205633114575545
2004-09-08,49.580002,49.700001,49.41,49.610001,3.835001,5573100,87756603540.0,0.029998999999996556,0.06050625008041863
2004-09-09,49.650002,49.869999,49.43,49.669998,3.83964,7046700,87880503540.0,0.019995999999999015,0.04027391579963887
2004-09-10,49.669998,50.0,49.610001,49.950001,3.861285,5852800,87915896460.0,0.28000300000000067,0.56372661822938
2004-09-13,49.169998,49.349998,48.799999,48.84,3.831475,6521200,87030896460.0,-0.32999799999999624,-0.671136899375095
2004-09-14,49.0,49.169998,48.799999,49.099998,3.851872,4935200,86730000000.0,0.09999799999999937,0.20407755102040687
2004-09-15,49.240002,49.25,48.919998,48.950001,3.840104,3636700,87154803540.0,-0.2900009999999966,-0.5889540784340274
2004-09-16,49.049999,49.189999,48.630001,48.91,3.836966,5613000,86818498230.0,-0.1399990000000031,-0.28542100479961907
2004-09-17,48.900002,48.900002,48.200001,48.48,3.803232,7700600,86553003540.0,-0.42000200000000376,-0.8588997603722056
2004-09-20,47.900002,47.919998,46.139999,47.080002,3.693403,11663200,84783003540.0,-0.8200000000000003,-1.7118997197536658
2004-09-21,46.0,46.68,45.380001,46.150002,3.620445,14175900,81420000000.0,0.15000200000000063,0.32609130434782746
2004-09-22,45.669998,45.93,45.369999,45.380001,3.560039,13874600,80835896460.0,-0.2899969999999996,-0.6349836056485039
2004-09-23,45.200001,45.970001,45.18,45.73,3.587498,7555300,80004001770.0,0.5299989999999966,1.1725641333503434
2004-09-24,45.73,45.799999,45.009998,45.209999,3.546703,5582900,80942100000.0,-0.5200009999999935,-1.137111305488724
2004-09-27,44.5,45.540001,44.5,45.150002,3.541996,6093200,78765000000.0,0.6500020000000006,1.4606786516853947
2004-09-28,45.549999,46.490002,45.279999,46.23,3.626721,7047000,80623498230.0,0.6800009999999972,1.4928672116985056
2004-09-29,46.0,46.610001,45.599998,46.52,3.649473,6121300,81420000000.0,0.5200000000000031,1.1304347826087024
2004-09-30,46.619999,47.189999,46.580002,47.040001,3.690266,6977500,82517398230.0,0.42000199999999666,0.9009052102296198
2004-10-01,47.200001,48.049999,47.150002,48.0,3.765579,7447100,83544001770.0,0.7999989999999997,1.694913099684044
2004-10-04,48.02,48.150002,47.73,47.830002,3.75224,5374100,84995400000.0,-0.18999800000000278,-0.39566430653894785
2004-10-05,47.799999,47.990002,47.48,47.549999,3.730275,4263700,84605998230.0,-0.25,-0.5230125632429407
2004-10-06,47.889999,48.5,47.380001,47.75,3.745964,6373400,84765298230.0,-0.1399990000000031,-0.2923345227048409
2004-10-07,47.849998,47.869999,46.849998,46.849998,3.675359,4834900,84694496460.0,-1.0,-2.0898642461803236
2004-10-08,46.439999,47.220001,46.200001,46.509998,3.648688,5183400,82198798230.0,0.06999900000000281,0.15072997740590566
2004-10-11,46.849998,47.23,46.68,47.009998,3.687911,3634800,82924496460.0,0.1600000000000037,0.3415154894990683
2004-10-12,47.009998,47.09,46.639999,46.970001,3.684773,5852500,83207696460.0,-0.039996999999999616,-0.08508190108835915
2004-10-13,47.150002,47.52,47.099998,47.16,3.69968,6156100,83455503540.0,0.009997999999995955,0.021204665060238926
2004-10-14,47.220001,47.380001,46.959999,46.959999,3.683989,3614900,83579401770.0,-0.26000200000000007,-0.5506183703808055
2004-10-15,47.049999,47.619999,47.0,47.549999,3.730275,6087700,83278498230.0,0.5,1.0626992786971152
2004-10-18,46.720001,47.43,46.720001,47.400002,3.718507,5072100,82694401770.0,0.6800009999999972,1.4554815613124605
2004-10-19,47.849998,47.900002,47.07,47.400002,3.718507,5343100,84694496460.0,-0.44999599999999873,-0.9404305513241583
2004-10-20,47.599998,47.73,46.93,47.41,3.71929,5452100,84251996460.0,-0.18999800000000278,-0.3991554789561184
2004-10-21,47.25,47.73,47.0,47.32,3.712231,5323000,83632500000.0,0.07000000000000028,0.14814814814814875
2004-10-22,47.119999,47.259998,46.779999,46.799999,3.671439,4130500,83402398230.0,-0.3200000000000003,-0.6791171621204837
2004-10-25,47.049999,47.34,46.130001,46.150002,3.620445,5557300,83278498230.0,-0.899996999999999,-1.9128523254591336
2004-10-26,46.150002,47.0,45.880001,47.0,3.687127,6442000,81685503540.0,0.8499979999999994,1.8418157381661637
2004-10-27,46.900002,48.209999,46.82,48.029999,3.767931,5977300,83013003540.0,1.129996999999996,2.409375163779302
2004-10-28,48.029999,48.950001,47.91,48.689999,3.819706,7247600,85013098230.0,0.6600000000000037,1.3741411903839593
2004-10-29,48.689999,48.84,47.98,48.459999,3.801664,6739600,86181298230.0,-0.22999999999999687,-0.4723762676602168
2004-11-01,48.560001,49.0,48.400002,48.549999,3.808724,5019500,85951201770.0,-0.010002000000000066,-0.02059719891686177
2004-11-02,48.700001,49.290001,48.549999,48.57,3.810293,5697700,86199001770.0,-0.13000100000000003,-0.2669424996521048
2004-11-03,50.0,50.689999,49.16,50.0,3.922476,13005200,88500000000.0,0.0,0.0
2004-11-04,50.0,54.849998,49.869999,54.23,4.254318,35838900,88500000000.0,4.229999999999997,8.459999999999994
2004-11-05,54.5,54.73,53.369999,54.060001,4.240982,12874900,96465000000.0,-0.43999900000000025,-0.8073376146788996
2004-11-08,54.349998,54.950001,54.139999,54.419998,4.269223,11214200,96199496460.0,0.07000000000000028,0.1287948529455333
2004-11-09,54.150002,54.77,53.900002,53.900002,4.228428,7541100,95845503540.0,-0.25,-0.4616805000302678
2004-11-10,54.119999,54.950001,53.75,54.009998,4.23706,11346200,95792398230.0,-0.1100009999999969,-0.20325388402168465
2004-11-11,54.299999,54.759998,54.02,54.549999,4.279422,5527200,96110998230.0,0.25,0.4604051650166697
2004-11-12,54.580002,54.860001,54.34,54.740002,4.294328,5464400,96606603540.0,0.1599999999999966,0.2931476623983938
2004-11-15,54.540001,54.790001,54.029999,54.299999,4.259807,5881100,96535801770.0,-0.24000199999999694,-0.4400476633654571
2004-11-16,54.049999,54.700001,53.970001,54.389999,4.266869,4877500,95668498230.0,0.3400000000000034,0.6290471901766426
2004-11-17,54.740002,57.5,54.650002,57.419998,4.504574,20187400,96889803540.0,2.6799960000000027,4.895863905887331
2004-11-18,58.299999,59.610001,57.900002,58.700001,4.604987,23963700,103190998230.0,0.40000200000000063,0.6861097887840455
2004-11-19,58.299999,58.689999,57.139999,58.049999,4.553993,9782100,103190998230.0,-0.25,-0.4288164739076582
2004-11-22,58.0,58.16,57.369999,57.75,4.53046,7844400,102660000000.0,-0.25,-0.43103448275862066
2004-11-23,57.610001,57.810001,56.5,57.189999,4.486528,8433100,101969701770.0,-0.42000199999999666,-0.7290435561700418
2004-11-24,56.799999,57.790001,56.77,57.360001,4.499863,5223200,100535998230.0,0.5600019999999972,0.9859190314422317
2004-11-26,57.189999,58.189999,57.189999,58.189999,4.564978,2234900,101226298230.0,1.0,1.7485574706864393
2004-11-29,58.189999,58.43,56.950001,57.889999,4.541442,5832600,102996298230.0,-0.29999999999999716,-0.5155525092894351
2004-11-30,58.0,58.07,57.220001,57.490002,4.510061,5481000,102660000000.0,-0.5099980000000031,-0.8793068965517294
2004-12-01,57.700001,57.950001,56.5,57.09,4.478684,8812200,102129001770.0,-0.6100009999999969,-1.0571940891300797
2004-12-02,57.75,58.18,57.400002,58.0,4.550072,4611100,102217500000.0,0.25,0.4329004329004329
2004-12-03,57.849998,58.799999,57.779999,58.299999,4.573606,5155600,102394496460.0,0.4500010000000003,0.7778755670829933
2004-12-06,58.009998,58.599998,57.93,57.950001,4.546148,4334100,102677696460.0,-0.05999700000000274,-0.10342527507069169
2004-12-07,58.0,58.450001,57.540001,57.740002,4.529676,6020400,102660000000.0,-0.25999800000000306,-0.4482724137931087
2004-12-08,58.060001,58.080002,57.5,58.029999,4.552425,4387400,102766201770.0,-0.030002000000003193,-0.05167412932012039
2004-12-09,57.900002,58.860001,57.540001,58.849998,4.616754,5993300,102483003540.0,0.9499959999999987,1.6407529657770974
2004-12-10,59.5,60.119999,58.459999,59.139999,4.639506,8289700,105315000000.0,-0.3600009999999969,-0.6050436974789863
2004-12-13,59.400002,59.990002,59.200001,59.849998,4.695203,6734100,105138003540.0,0.44999599999999873,0.7575689980616478
2004-12-14,59.98,60.790001,59.779999,60.77,4.767378,9848600,106164600000.0,0.7900000000000063,1.317105701900644
2004-12-15,60.549999,60.990002,59.279999,60.799999,4.769732,10908800,107173498230.0,0.25,0.41288192259094836
2004-12-16,60.549999,60.990002,60.400002,60.91,4.77836,7976000,107173498230.0,0.3600009999999969,0.5945516200586509
2004-12-17,60.610001,60.75,59.849998,59.970001,4.704617,11515600,107279701770.0,-0.6399999999999935,-1.0559313470395646
2004-12-20,60.349998,60.790001,59.98,60.25,4.726584,7034500,106819496460.0,-0.09999799999999937,-0.16569677433957722
2004-12-21,60.5,61.189999,60.349998,61.040001,4.788557,6939300,107085000000.0,0.5400009999999966,0.8925636363636308
2004-12-22,59.849998,61.029999,59.849998,60.990002,4.84255,6840200,105934496460.0,1.1400039999999976,1.904768651788422
2004-12-23,60.549999,60.91,60.459999,60.830002,4.829846,3802900,107173498230.0,0.28000300000000067,0.4624327078849344
2004-12-27,60.849998,61.110001,60.41,60.849998,4.831433,3252400,107704496460.0,0.0,0.0
2004-12-28,60.860001,61.73,60.799999,61.580002,4.889397,4787900,107722201770.0,0.7200010000000034,1.1830446732986473
2004-12-29,61.700001,61.880001,61.240002,61.599998,4.890982,3106100,109209001770.0,-0.10000300000000095,-0.1620794139047112
2004-12-30,61.610001,61.610001,61.130001,61.130001,4.853664,2213900,109049701770.0,-0.4799999999999969,-0.7790942902273235
2004-12-31,61.049999,61.549999,60.98,61.099998,4.851282,2929300,108058498230.0,0.04999899999999968,0.08189844523994126
2005-01-03,61.459999,61.790001,60.400002,60.630001,4.813967,6796800,108784198230.0,-0.8299980000000033,-1.3504686194348998
2005-01-04,60.970001,61.5,60.700001,61.049999,4.847314,6741500,107916901770.0,0.07999799999999624,0.13120878905676292
2005-01-05,61.25,61.48,60.810001,60.939999,4.83858,6222200,108412500000.0,-0.31000099999999975,-0.5061240816326527
2005-01-06,60.950001,61.139999,60.509998,60.509998,4.804439,4421400,107881501770.0,-0.44000299999999726,-0.7219081095667206
2005-01-07,60.700001,61.400002,60.400002,61.400002,4.875105,9699800,107439001770.0,0.7000010000000003,1.1532141490409535
2005-01-10,61.669998,63.09,61.650002,62.200001,4.938622,13134700,109155896460.0,0.5300030000000007,0.8594178971758694
2005-01-11,62.200001,62.279999,61.43,61.599998,4.890982,8294200,110094001770.0,-0.600003000000001,-0.964635032722911
2005-01-12,61.400002,61.759998,61.07,61.630001,4.893366,5096000,108678003540.0,0.2299989999999994,0.3745911930100579
2005-01-13,61.799999,62.470001,61.48,62.299999,4.946562,5233800,109385998230.0,0.5,0.8090615017647492
2005-01-14,62.650002,63.400002,61.779999,63.349998,5.029933,7420600,110890503540.0,0.6999959999999987,1.117312015409032
2005-01-18,63.150002,64.0,62.700001,63.959999,5.078365,8551900,111775503540.0,0.8099970000000027,1.2826555413252445
2005-01-19,63.700001,63.869999,63.41,63.560001,5.046605,4786600,112749001770.0,-0.14000000000000057,-0.21978021632998182
2005-01-20,63.700001,63.779999,62.700001,63.099998,5.010082,5856900,112749001770.0,-0.600003000000001,-0.941919922418841
2005-01-21,63.0,63.389999,62.400002,62.75,4.982292,6157900,111510000000.0,-0.25,-0.3968253968253968
2005-01-24,63.189999,63.25,61.68,62.16,4.935447,7483300,111846298230.0,-1.0299990000000037,-1.6300031908530392
2005-01-25,62.299999,62.689999,62.169998,62.290001,4.945768,5067200,110270998230.0,-0.00999800000000306,-0.016048154350697598
2005-01-26,62.099998,62.630001,61.34,61.84,4.910038,8717000,109916996460.0,-0.25999799999999595,-0.41867634198634907
2005-01-27,61.82,63.07,61.799999,62.630001,4.972763,6867400,109421400000.0,0.8100009999999997,1.3102571983176963
2005-01-28,62.830002,63.299999,62.349998,63.200001,5.018022,5547200,111209103540.0,0.36999899999999997,0.5888890469874566
2005-01-31,63.549999,63.900002,63.34,63.830002,5.068044,7266300,112483498230.0,0.28000300000000067,0.4406026819921754
2005-02-01,63.790001,63.950001,63.419998,63.91,5.074396,5230900,112908301770.0,0.11999899999999997,0.18811568916576749
2005-02-02,63.91,64.07,63.630001,63.900002,5.073601,5056000,113120700000.0,-0.009997999999995955,-0.015643874198084738
2005-02-03,63.450001,63.880001,63.400002,63.740002,5.060899,4041300,112306501770.0,0.2900009999999966,0.45705436631907476
2005-02-04,63.82,68.5,63.709999,67.0,5.319739,20754600,112961400000.0,3.1799999999999997,4.982764023816985
2005-02-07,66.800003,67.25,65.900002,66.550003,5.284008,9425600,118236005310.0,-0.25,-0.3742514801982868
2005-02-08,66.730003,66.959999,66.379997,66.400002,5.272099,7111100,118112105310.0,-0.33000099999999577,-0.4945316726570442
2005-02-09,66.300003,66.300003,65.089996,65.279999,5.183173,8965000,117351005310.0,-1.0200040000000001,-1.5384675020301282
2005-02-10,65.300003,66.629997,65.300003,66.400002,5.272099,7386000,115581005310.0,1.0999989999999968,1.6845313161777293
2005-02-11,66.550003,66.739998,66.050003,66.199997,5.256219,5065700,117793505310.0,-0.3500060000000076,-0.5259293527004163
2005-02-14,65.959999,66.269997,65.919998,66.099998,5.248279,3919400,116749198230.0,0.1399990000000031,0.21224833554045858
2005-02-15,66.150002,66.209999,65.699997,66.059998,5.245104,6523000,117085503540.0,-0.09000400000000752,-0.1360604645182135
2005-02-16,65.699997,65.839996,65.290001,65.510002,5.201432,6035400,116288994690.0,-0.18999499999999614,-0.2891857057466778
2005-02-17,65.199997,65.199997,64.699997,64.720001,5.138708,6828900,115403994690.0,-0.47999599999999987,-0.7361902179228625
2005-02-18,64.699997,64.940002,64.360001,64.900002,5.152999,6978000,114518994690.0,0.20000500000000443,0.3091267531279861
2005-02-22,64.879997,64.889999,63.009998,63.119999,5.011671,8247700,114837594690.0,-1.759998000000003,-2.712697412732622
2005-02-23,63.25,64.879997,62.75,64.349998,5.109331,9391700,111952500000.0,1.0999979999999994,1.7391272727272717
2005-02-24,64.599998,65.269997,64.400002,65.190002,5.176027,5863100,114341996460.0,0.5900040000000075,0.9133189137250555
2005-02-25,64.919998,65.75,64.75,65.699997,5.21652,5941800,114908396460.00002,0.7799989999999895,1.201477239725099
2005-02-28,65.800003,65.980003,65.519997,65.650002,5.212551,6301200,116466005310.0,-0.15000100000000316,-0.2279650351991673
2005-03-01,65.93,66.660004,65.669998,66.099998,5.248279,7816500,116696100000.00002,0.16999799999999254,0.25784620051568713
2005-03-02,66.0,66.050003,65.690002,65.860001,5.229223,5223300,116820000000.0,-0.1399990000000031,-0.21211969696970165
2005-03-03,66.0,66.080002,65.459999,65.690002,5.215724,5674400,116820000000.0,-0.3099979999999931,-0.469693939393929
2005-03-04,66.129997,66.5,65.839996,66.050003,5.244308,5411100,117050094690.0,-0.07999399999999923,-0.12096477185686132
2005-03-07,66.050003,66.099998,65.599998,65.650002,5.212551,4662200,116908505310.0,-0.40000100000000316,-0.6056033033034126
2005-03-08,65.57,66.080002,65.400002,65.699997,5.21652,5679800,116058899999.99998,0.12999700000000303,0.19825682476742873
2005-03-09,65.699997,66.050003,64.959999,64.989998,5.160146,6571600,116288994690.0,-0.7099989999999963,-1.080668238082258
2005-03-10,65.260002,65.839996,65.220001,65.489998,5.199846,5379300,115510203540.0,0.22999599999999987,0.35243026808365696
2005-03-11,64.910004,65.400002,64.889999,65.139999,5.230357,6327800,114890707080.0,0.2299950000000024,0.3543290491863202
2005-03-14,65.150002,65.849998,65.129997,65.169998,5.232768,4709100,115315503540.0,0.01999600000000612,0.030692247714752364
2005-03-15,65.330002,65.529999,65.150002,65.25,5.23919,4378100,115634103539.99998,-0.08000199999999325,-0.12245828493927377
2005-03-16,65.169998,65.449997,64.220001,64.519997,5.180577,4700500,115350896460.00002,-0.6500010000000032,-0.9973930028354505
2005-03-17,64.410004,65.220001,64.410004,64.900002,5.211087,3931500,114005707080.0,0.48999799999999993,0.7607482837603922
2005-03-18,64.900002,65.099998,63.779999,64.720001,5.196635,11853300,114873003540.0,-0.1800010000000043,-0.27735130116021306
2005-03-21,64.550003,64.57,63.200001,63.279999,5.081012,8385700,114253505310.0,-1.2700040000000072,-1.9674731850903355
2005-03-22,63.799999,64.75,63.41,63.549999,5.102689,7056900,112925998230.0,-0.25,-0.39184953592240657
2005-03-23,63.5,64.269997,63.5,63.900002,5.130794,5550200,112395000000.0,0.40000200000000063,0.6299244094488199
2005-03-24,63.919998,64.209999,63.490002,63.720001,5.11634,4172300,113138396460.0,-0.1999969999999962,-0.31288643031558955
2005-03-28,64.019997,64.949997,64.0,64.5,5.17897,4809500,113315394690.0,0.4800029999999964,0.7497704193894236
2005-03-29,64.349998,64.889999,64.209999,64.379997,5.169335,5296900,113899496460.0,0.02999900000000366,0.04661849406740255
2005-03-30,64.849998,65.43,64.629997,65.349998,5.247219,6708800,114784496460.0,0.5,0.7710100469085597
2005-03-31,65.349998,65.849998,65.099998,65.389999,5.250432,4649300,115669496460.0,0.04000100000000373,0.06121040738211457
2005-04-01,66.0,66.0,65.110001,65.18,5.233568,5750100,116820000000.0,-0.8199999999999932,-1.242424242424232
2005-04-04,65.269997,65.279999,64.349998,64.470001,5.176561,6259200,115527894690.0,-0.7999960000000073,-1.2256718810635263
2005-04-05,64.800003,65.25,64.779999,65.0,5.219115,4952300,114696005310.0,0.1999969999999962,0.30863733139024113
2005-04-06,65.349998,65.870003,65.190002,65.540001,5.262475,5836000,115669496460.0,0.19000300000000436,0.29074675717664805
2005-04-07,65.629997,65.82,65.510002,65.68,5.273718,5861600,116165094690.0,0.050003000000003794,0.07618924620704126
2005-04-08,65.849998,65.970001,65.529999,65.529999,5.261672,5093300,116554496460.0,-0.3199989999999957,-0.485951419467007
2005-04-11,65.989998,66.169998,65.550003,65.550003,5.26328,5440500,116802296460.0,-0.43999499999999614,-0.6667601353768735
2005-04-12,65.699997,65.769997,65.099998,65.190002,5.234371,6194700,116288994690.0,-0.5099949999999893,-0.776248132857585
2005-04-13,65.400002,66.099998,65.32,65.870003,5.288972,6537000,115758003540.0,0.47000099999999634,0.7186559413255008
2005-04-14,65.860001,66.349998,65.489998,65.489998,5.258462,6224100,116572201770.0,-0.370002999999997,-0.5618022993956483
2005-04-15,65.650002,65.650002,64.839996,64.980003,5.217511,7857700,116200503540.0,-0.6699990000000042,-1.020562040500782
2005-04-18,64.900002,64.93,63.209999,63.73,5.117143,8293800,114873003540.0,-1.1700020000000038,-1.8027765237973397
2005-04-19,63.400002,64.699997,62.75,64.120003,5.148458,6290100,112218003540.0,0.7200009999999963,1.1356482291593561
2005-04-20,63.599998,66.199997,62.700001,62.75,5.038454,14193600,112571996460.0,-0.8499979999999994,-1.3364748847948067
2005-04-21,64.25,65.389999,63.860001,65.309998,5.244006,10687600,113722500000.0,1.0599979999999931,1.6498023346303397
2005-04-22,65.150002,65.589996,64.18,64.800003,5.203059,7383700,115315503540.0,-0.34999899999999684,-0.5372202444445003
2005-04-25,64.839996,65.43,64.800003,65.309998,5.244006,5116300,114766792920.0,0.4700019999999938,0.7248643260249334
2005-04-26,65.309998,65.43,64.0,64.0,5.138821,7105400,115598696459.99998,-1.3099979999999931,-2.005815403638495
2005-04-27,64.040001,64.949997,63.82,64.839996,5.206268,5868600,113350801770.0,0.7999949999999956,1.2492114108492838
2005-04-28,64.949997,66.019997,64.300003,64.470001,5.176561,9788800,114961494690.0,-0.47999599999999987,-0.7390238986462153
2005-04-29,65.099998,65.150002,64.459999,64.989998,5.218311,4985400,115226996460.0,-0.10999999999999943,-0.16897081932321936
2005-05-02,65.650002,65.650002,65.050003,65.410004,5.252037,4910500,116200503540.0,-0.23999799999999993,-0.3655719614448754
2005-05-03,65.449997,66.459999,65.260002,65.989998,5.298606,7198000,115846494690.0,0.5400010000000037,0.8250588613472415
2005-05-04,66.199997,66.809998,66.0,66.75,5.359631,5766900,117173994690.0,0.5500030000000038,0.8308202793423145
2005-05-05,66.75,66.989998,66.25,66.830002,5.366052,4925100,118147500000.0,0.08000199999999325,0.11985318352058913
2005-05-06,67.0,67.389999,66.150002,66.300003,5.3235,7659300,118590000000.0,-0.6999969999999962,-1.044771641791039
2005-05-09,66.449997,66.599998,66.029999,66.120003,5.309045,3944200,117616494690.0,-0.32999399999999923,-0.49660498856004354
2005-05-10,66.050003,66.150002,65.5,65.760002,5.280141,4223900,116908505310.0,-0.29000100000000373,-0.43906281124620644
2005-05-11,65.760002,65.889999,64.959999,65.389999,5.250432,5568300,116395203540.0,-0.370002999999997,-0.5626566130578843
2005-05-12,66.099998,66.129997,65.07,65.139999,5.230357,5821800,116996996460.0,-0.9599989999999963,-1.4523434630058478
2005-05-13,65.470001,65.730003,64.480003,64.949997,5.215101,7148600,115881901770.0,-0.5200040000000001,-0.7942630090993892
2005-05-16,65.279999,66.199997,65.150002,66.099998,5.307438,6683300,115545598230.0,0.8199989999999957,1.2561259383597656
2005-05-17,65.769997,66.550003,65.629997,66.300003,5.3235,5180600,116412894690.0,0.5300060000000002,0.8058476876622028
2005-05-18,66.400002,67.0,66.0,66.730003,5.358026,7058600,117528003540.0,0.33000099999999577,0.49698944286175734
2005-05-19,66.82,67.419998,66.599998,67.400002,5.411823,5704800,118271399999.99998,0.5800020000000075,0.868006584854845
2005-05-20,67.449997,67.949997,67.080002,67.769997,5.441532,6275900,119386494690.0,0.3200000000000074,0.4744255214718652
2005-05-23,67.599998,68.169998,67.589996,67.940002,5.455181,4592200,119651996460.0,0.3400040000000075,0.5029645119220381
2005-05-24,67.949997,68.150002,67.5,68.0,5.46,5269400,120271494690.0,0.050003000000003794,0.07358793555208515
2005-05-25,67.949997,68.0,67.589996,67.82,5.445546,5335100,120271494690.0,-0.12999700000000303,-0.1913127383949745
2005-05-26,68.0,68.050003,67.5,67.68,5.434307,3949100,120360000000.0,-0.3199999999999932,-0.47058823529410765
2005-05-27,67.769997,67.870003,67.529999,67.550003,5.423862,2751900,119952894690.0,-0.2199939999999998,-0.3246185771559054
2005-05-31,67.5,67.889999,67.099998,67.139999,5.390945,4598800,119475000000.0,-0.3600009999999969,-0.5333348148148103
2005-06-01,67.220001,67.5,65.959999,67.050003,5.383719,6324700,118979401770.0,-0.16999799999999254,-0.25289794327731796
2005-06-02,67.050003,67.75,66.75,67.620003,5.429487,4158700,118678505310.0,0.5699999999999932,0.850111818786933
2005-06-03,67.849998,67.879997,66.879997,67.239998,5.398974,4061100,120094496460.0,-0.6099999999999994,-0.8990420309223877
2005-06-06,67.269997,67.379997,66.93,67.169998,5.393355,2987000,119067894690.0,-0.09999899999999684,-0.14865319527217585
2005-06-07,67.239998,68.129997,67.169998,67.779999,5.442336,6644200,119014796460.0,0.5400010000000037,0.8030949078850415
2005-06-08,68.480003,69.029999,68.0,68.75,5.520218,8753800,121209605310.0,0.2699970000000036,0.3942713028210638
2005-06-09,68.989998,69.68,68.769997,69.25,5.560368,11096700,122112296460.0,0.26000200000000007,0.37686912239075593
2005-06-10,69.449997,69.650002,68.75,69.18,5.554745,7897700,122926494690.0,-0.2699969999999894,-0.3887645956269651
2005-06-13,68.699997,68.779999,67.900002,68.32,5.544196,7252000,121598994690.0,-0.379997000000003,-0.553125206104453
2005-06-14,67.050003,67.690002,66.75,66.949997,5.433022,10044900,118678505310.0,-0.10000600000000759,-0.14915137289405878
2005-06-15,67.0,67.110001,66.099998,66.480003,5.39488,6656700,118590000000.0,-0.5199970000000036,-0.7761149253731398
2005-06-16,66.339996,66.940002,65.900002,66.620003,5.40624,5478100,117421792920.0,0.2800069999999977,0.4220787110086616
2005-06-17,67.449997,67.449997,66.620003,67.040001,5.440323,8403100,119386494690.0,-0.4099959999999925,-0.6078517690667836
2005-06-20,66.739998,67.080002,66.379997,66.849998,5.424907,3900500,118129796460.0,0.10999999999999943,0.16481870436975354
2005-06-21,66.949997,67.129997,66.389999,66.940002,5.432209,4773000,118501494690.0,-0.009994999999989318,-0.014929052199941575
2005-06-22,67.25,67.529999,66.900002,67.260002,5.458178,5307300,119032500000.0,0.010002000000000066,0.014872862453531697
2005-06-23,67.349998,67.370003,66.110001,66.199997,5.372156,5153800,119209496460.0,-1.1500010000000032,-1.7074996795100175
2005-06-24,66.199997,66.540001,65.150002,65.150002,5.286951,9004900,117173994690.0,-1.0499949999999956,-1.586095238040563
2005-06-27,65.150002,65.529999,64.910004,64.970001,5.272344,5644400,115315503540.0,-0.1800010000000043,-0.27628702144936895
2005-06-28,65.279999,65.370003,64.949997,65.190002,5.290194,6095100,115545598230.0,-0.08999699999999677,-0.13786305358245604
2005-06-29,65.279999,65.32,64.730003,65.099998,5.282891,5804500,115545598230.0,-0.1800010000000043,-0.2757368302043085
2005-06-30,65.599998,65.599998,64.589996,64.660004,5.247186,6153700,116111996460.0,-0.9399939999999987,-1.4329177266133433
2005-07-01,65.150002,65.349998,64.779999,65.029999,5.277212,4477200,115315503540.0,-0.12000299999999697,-0.18419492911143268
2005-07-05,65.0,65.150002,64.57,65.050003,5.278836,5968300,115050000000.0,0.050003000000003794,0.07692769230769815
2005-07-06,64.949997,65.25,64.489998,64.620003,5.243939,5078100,114961494690.0,-0.32999399999999923,-0.5080739264699261
2005-07-07,64.199997,64.599998,63.599998,64.199997,5.209857,7533400,113633994690.0,0.0,0.0
2005-07-08,64.110001,64.989998,64.099998,64.870003,5.264228,6363900,113474701770.0,0.7600020000000001,1.1854655874985873
2005-07-11,65.330002,66.089996,65.150002,65.830002,5.342131,6222100,115634103539.99998,0.5,0.7653451472418447
2005-07-12,66.0,66.0,65.07,65.07,5.280455,8229200,116820000000.0,-0.9300000000000068,-1.4090909090909194
2005-07-13,65.480003,66.099998,65.32,65.830002,5.342131,6461700,115899605310.0,0.34999899999999684,0.5345128038555479
2005-07-14,66.379997,67.0,66.0,66.629997,5.407052,6501000,117492594690.0,0.25,0.37661948071495094
2005-07-15,66.639999,66.730003,66.309998,66.650002,5.408676,3502300,117952798230.0,0.010002999999997542,0.01501050442692465
2005-07-18,66.699997,67.0,65.82,65.910004,5.348624,5269400,118058994690.0,-0.7899929999999955,-1.184397354620564
2005-07-19,66.040001,66.379997,65.260002,65.260002,5.295877,6489500,116890801770.0,-0.7799990000000037,-1.1811008300863042
2005-07-20,64.699997,66.339996,64.699997,66.260002,5.377028,6611500,114518994690.0,1.5600050000000039,2.4111361241639684
2005-07-21,66.260002,66.400002,65.610001,65.800003,5.339698,4226100,117280203540.0,-0.45999899999999627,-0.6942333023171299
2005-07-22,65.809998,66.550003,65.730003,66.519997,5.398125,3887700,116483696459.99998,0.7099990000000105,1.0788619078821586
2005-07-25,66.400002,66.489998,66.080002,66.239998,5.375404,3078100,117528003540.0,-0.1600040000000007,-0.24096987225994465
2005-07-26,66.57,67.0,66.220001,66.389999,5.387576,4517100,117828899999.99998,-0.18000099999999009,-0.2703935706774675
2005-07-27,67.0,67.0,66.239998,66.550003,5.400562,4078800,118590000000.0,-0.4499969999999962,-0.6716373134328302
2005-07-28,66.599998,67.139999,66.550003,67.110001,5.446003,5213400,117881996460.0,0.5100029999999975,0.7657702932663715
2005-07-29,67.129997,68.260002,66.959999,66.959999,5.433832,5627600,118820094690.0,-0.16999800000000675,-0.25323701414735167
2005-08-01,67.150002,67.400002,66.349998,66.419998,5.390009,5392300,118855503540.0,-0.7300039999999939,-1.0871243160945756
2005-08-02,66.419998,67.199997,66.389999,66.949997,5.433022,3675300,117563396460.00002,0.5299989999999895,0.7979509424254867
2005-08-03,66.599998,67.529999,66.400002,67.5,5.477651,4983600,117881996460.0,0.9000020000000006,1.3513543949355684
2005-08-04,67.300003,67.93,67.129997,67.550003,5.481708,4349500,119121005310.0,0.25,0.3714710087011437
2005-08-05,67.010002,67.529999,66.230003,66.330002,5.382709,4447400,118607703540.0,-0.6800000000000068,-1.014773884053916
2005-08-08,66.400002,66.739998,66.150002,66.150002,5.368103,4037600,117528003540.0,-0.25,-0.37650601275584294
2005-08-09,66.480003,66.699997,66.040001,66.400002,5.388389,4344600,117669605310.0,-0.08000099999999577,-0.12033844222298813
2005-08-10,66.550003,67.379997,66.550003,66.93,5.431398,4714300,117793505310.0,0.379997000000003,0.5709947150565914
2005-08-11,66.93,67.489998,66.720001,67.459999,5.474406,3636400,118466100000.00002,0.5299989999999895,0.7918706110861937
2005-08-12,67.129997,67.349998,66.540001,66.839996,5.424092,2859200,118820094690.0,-0.29000100000000373,-0.43199912551761877
2005-08-15,66.669998,67.150002,66.580002,67.019997,5.438698,2376300,118005896460.00002,0.34999899999999684,0.5249722671358065
2005-08-16,67.199997,67.589996,66.949997,67.370003,5.467104,8251000,118943994690.0,0.17000600000000077,0.25298513034159925
2005-08-17,67.379997,68.0,67.089996,67.860001,5.506868,5858600,119262594690.0,0.4800039999999939,0.7123835283043926
2005-08-18,67.860001,71.139999,67.470001,70.389999,5.712177,28117600,120112201770.0,2.529998000000006,3.72826107090686
2005-08-19,70.389999,70.400002,69.589996,69.970001,5.678094,11826300,124590298230.0,-0.41999800000000675,-0.5966728313208339
2005-08-22,69.980003,70.129997,69.510002,69.68,5.654559,7303100,123864605310.0,-0.3000029999999896,-0.4286981811075224
2005-08-23,69.75,70.029999,69.650002,69.699997,5.656182,5334600,123457500000.0,-0.050003000000003794,-0.07168888888889433
2005-08-24,69.779999,70.220001,69.550003,69.610001,5.648879,8137800,123510598230.0,-0.16999800000000675,-0.24361995190055355
2005-08-25,69.489998,70.300003,69.080002,69.910004,5.673223,7471300,122997296460.0,0.42000600000000077,0.604412163028125
2005-08-26,69.68,70.080002,69.360001,69.480003,5.63833,6150500,123333600000.00002,-0.19999700000001042,-0.28702210103331
2005-08-29,69.080002,69.860001,69.040001,69.57,5.645635,3824900,122271603539.99998,0.48999799999999993,0.7093196088789921
2005-08-30,69.639999,69.959999,69.110001,69.900002,5.672411,7446300,123262798230.0,0.26000299999999754,0.3733529634312567
2005-08-31,69.949997,70.830002,69.580002,70.699997,5.737331,8329300,123811494690.0,0.75,1.0721944705730295
2005-09-01,70.709999,70.910004,69.989998,70.050003,5.684589,6830800,125156698230.0,-0.6599959999999925,-0.9333842587099915
2005-09-02,70.379997,70.550003,69.800003,70.059998,5.685397,4778500,124572594690.0,-0.3199990000000099,-0.45467322199517834
2005-09-06,70.25,70.879997,70.099998,70.690002,5.736523,5644500,124342500000.0,0.4400020000000069,0.6263373665480525
2005-09-07,70.739998,71.239998,70.209999,71.059998,5.766547,7350100,125209796460.0,0.3199999999999932,0.4523607704936508
2005-09-08,71.800003,72.75,71.559998,72.540001,5.886651,11113900,127086005310.0,0.7399979999999999,1.0306378399454938
2005-09-09,72.839996,73.360001,72.550003,72.660004,5.896389,14806900,128926792920.0,-0.1799919999999986,-0.24710599929192553
2005-09-12,72.730003,73.199997,72.169998,72.629997,5.893954,8809100,128732105310.0,-0.10000599999999338,-0.13750308796218993
2005-09-13,72.269997,72.290001,70.830002,71.019997,5.827491,11008600,127917894690.0,-1.25,-1.729625089094718
2005-09-14,71.099998,72.5,71.080002,71.629997,5.877544,12984300,125846996460.0,0.5299990000000037,0.745427587775746
2005-09-15,72.75,72.970001,71.959999,72.25,5.928417,11250200,128767500000.0,-0.5,-0.6872852233676976
2005-09-16,72.690002,73.139999,72.5,73.139999,6.001444,11707900,128661303540.00002,0.4499969999999962,0.6190631278287709
2005-09-19,73.010002,73.720001,72.800003,72.980003,5.988316,8216800,129227703540.0,-0.02999900000000366,-0.04108889080704814
2005-09-20,73.349998,73.489998,72.25,72.860001,5.978471,7401100,129829496460.0,-0.48999700000000246,-0.6680259214185696
2005-09-21,72.400002,72.800003,71.550003,71.629997,5.877544,6204900,128148003540.0,-0.7700049999999976,-1.0635427882999198
2005-09-22,71.5,72.059998,70.82,71.910004,5.900519,4672700,126555000000.0,0.4100040000000007,0.5734321678321689
2005-09-23,71.940002,72.459999,71.410004,71.910004,5.900519,5251700,127333803540.00002,-0.029998000000006186,-0.04169863659443071
2005-09-26,72.099998,72.769997,71.980003,72.519997,5.950571,7298400,127616996460.0,0.41999900000000423,0.582522901040863
2005-09-27,72.510002,73.75,72.5,73.489998,6.030165,6996100,128342703540.0,0.9799959999999999,1.3515321651763297
2005-09-28,73.699997,74.040001,72.940002,73.470001,6.028522,7881600,130448994690.0,-0.22999599999999987,-0.31207056901237035
2005-09-29,73.650002,73.949997,72.599998,73.650002,6.043293,6788700,130360503540.0,0.0,0.0
2005-09-30,72.849998,73.809998,72.800003,73.709999,6.048215,7949300,128944496460.0,0.8600009999999969,1.1805092980235865
2005-10-03,73.720001,74.599998,73.720001,74.160004,6.085144,7625200,130484401770.0,0.44000300000000436,0.5968570184908223
2005-10-04,74.5,74.5,74.040001,74.160004,6.085144,7834800,131865000000.0,-0.3399959999999993,-0.4563704697986568
2005-10-05,74.019997,74.410004,74.0,74.080002,6.078576,8674600,131015394690.0,0.06000499999998965,0.08106593141308781
2005-10-06,74.099998,74.209999,72.099998,72.75,5.969446,9946400,131156996460.0,-1.3499979999999994,-1.8218596982958075
2005-10-07,72.75,72.849998,71.360001,72.459999,5.945647,9922100,128767500000.0,-0.29000100000000373,-0.3986268041237165
2005-10-10,72.650002,72.699997,70.75,71.519997,5.868516,8865600,128590503540.0,-1.130004999999997,-1.555409454771931
2005-10-11,71.949997,72.739998,71.849998,72.059998,5.912826,7982700,127351494690.0,0.1100009999999969,0.15288534341425603
2005-10-12,72.800003,72.879997,70.830002,70.919998,5.819286,8387300,128856005310.0,-1.880004999999997,-2.5824243441308607
2005-10-13,70.510002,70.559998,68.599998,69.599998,5.710972,10357400,124802703540.0,-0.9100040000000007,-1.2906027147751333
2005-10-14,69.849998,70.800003,69.489998,70.660004,5.797952,7188400,123634496460.0,0.8100060000000013,1.1596363968399848
2005-10-17,70.050003,75.599998,69.809998,74.959999,6.150783,25949600,123988505310.0,4.9099959999999925,7.009273075976874
2005-10-18,74.0,74.400002,72.480003,72.480003,5.947291,12033500,130980000000.0,-1.5199970000000036,-2.054050000000005
2005-10-19,73.0,73.849998,72.470001,73.849998,6.059703,9842900,129210000000.0,0.8499979999999994,1.1643808219178073
2005-10-20,73.849998,74.209999,72.620003,72.699997,5.965342,7619000,130714496460.0,-1.1500010000000032,-1.5572119582183377
2005-10-21,73.099998,73.489998,71.839996,72.970001,5.987496,7474400,129386996460.0,-0.12999700000000303,-0.17783447818972994
2005-10-24,73.449997,74.110001,73.230003,74.059998,6.076937,6349400,130006494690.0,0.6100009999999969,0.8304983320829774
2005-10-25,73.699997,74.400002,73.099998,74.400002,6.104836,7745600,130448994690.0,0.7000050000000044,0.9498032951073315
2005-10-26,74.400002,75.089996,74.160004,74.720001,6.13109,7644400,131688003540.0,0.3199989999999957,0.4301061712336993
2005-10-27,74.220001,74.629997,73.400002,73.400002,6.022779,6088800,131369401770.0,-0.8199989999999957,-1.1048221354780037
2005-10-28,73.599998,75.110001,73.580002,75.110001,6.163092,6884300,130271996460.0,1.5100029999999975,2.051634566620501
2005-10-31,75.379997,75.580002,74.940002,75.050003,6.158167,8528700,133422594690.0,-0.32999399999999923,-0.437773962766275
2005-11-01,75.199997,75.199997,74.190002,74.209999,6.089244,7921200,133103994690.0,-0.9899979999999999,-1.316486754647078
2005-11-02,74.440002,74.830002,74.099998,74.650002,6.125346,6001000,131758803540.00002,0.20999999999999375,0.2821063868321682
2005-11-03,74.879997,74.959999,74.099998,74.290001,6.095809,5729300,132537594690.0,-0.5899959999999993,-0.7879220401143969
2005-11-04,74.239998,74.470001,73.580002,74.029999,6.074472,5116100,131404796460.0,-0.20999899999999627,-0.2828650399478678
2005-11-07,74.300003,74.940002,74.019997,74.190002,6.087602,5980700,131511005310.0,-0.1100009999999969,-0.14804979213795846
2005-11-08,73.800003,74.709999,73.800003,74.519997,6.114678,7692900,130626005310.0,0.7199939999999998,0.9756015863576588
2005-11-09,74.599998,75.050003,73.370003,73.800003,6.0556,8999300,132041996460.0,-0.7999949999999956,-1.0723793853184762
2005-11-10,74.599998,74.709999,73.839996,74.510002,6.11386,5222600,132041996460.0,-0.0899959999999993,-0.12063807293935759
2005-11-11,74.68,74.849998,74.269997,74.849998,6.14176,3224300,132183600000.00002,0.16999799999999254,0.22763524370647098
2005-11-14,74.669998,74.830002,74.389999,74.599998,6.121245,3514700,132165896460.00002,-0.07000000000000739,-0.09374581742992331
2005-11-15,74.400002,74.599998,74.099998,74.389999,6.104012,4182000,131688003540.0,-0.010002999999997542,-0.013444892111693144
2005-11-16,74.150002,74.169998,73.239998,73.889999,6.062984,6334900,131245503540.0,-0.26000299999999754,-0.35064462978705996
2005-11-17,72.769997,73.040001,71.68,71.800003,5.891492,15594400,128802894690.0,-0.9699939999999998,-1.3329586917531409
2005-11-18,72.239998,72.239998,70.199997,71.25,5.846363,14039600,127864796460.0,-0.9899979999999999,-1.370429163079434
2005-11-21,71.209999,72.129997,71.199997,71.610001,5.875901,9358300,126041698230.0,0.40000200000000063,0.5617216761932557
2005-11-22,71.620003,73.309998,71.129997,73.120003,5.999804,8786300,126767405310.0,1.5,2.0943869549963576
2005-11-23,73.900002,73.919998,73.199997,73.410004,6.023605,6192100,130803003540.0,-0.48999799999999993,-0.6630554624342229
2005-11-25,73.900002,74.050003,73.18,73.470001,6.028522,4467100,130803003540.0,-0.4300010000000043,-0.5818687257951688
2005-11-28,73.459999,73.660004,72.580002,72.889999,5.98093,6513800,130024198230.0,-0.5699999999999932,-0.7759324908240105
2005-11-29,73.400002,73.480003,72.599998,72.959999,5.986676,5984900,129918003540.0,-0.44000300000000436,-0.5994591117313653
2005-11-30,73.290001,73.489998,72.790001,72.790001,5.972724,6664400,129723301770.0,-0.5,-0.6822213032852871
2005-12-01,73.160004,73.449997,73.0,73.0,5.989958,8079900,129493207080.0,-0.1600040000000007,-0.2187041979932105
2005-12-02,73.0,73.540001,72.82,73.32,6.016214,4193400,129210000000.0,0.3199999999999932,0.43835616438355235
2005-12-05,73.5,73.510002,72.610001,72.75,5.969446,4292700,130095000000.0,-0.75,-1.0204081632653061
2005-12-06,72.900002,73.099998,72.330002,72.43,5.943183,6950000,129033003540.0,-0.4700019999999938,-0.6447215186633244
2005-12-07,72.199997,72.370003,71.730003,72.0,5.907904,8555100,127793994690.0,-0.1999969999999962,-0.27700416663451694
2005-12-08,72.0,72.800003,71.730003,71.879997,5.898057,5221600,127440000000.0,-0.12000299999999697,-0.16667083333332913
2005-12-09,71.889999,72.449997,71.459999,72.209999,5.925134,4451600,127245298230.0,0.3199999999999932,0.445124501949142
2005-12-12,72.220001,72.93,72.029999,72.510002,5.949752,4488900,127829401770.0,0.29000100000000373,0.4015521960460839
2005-12-13,74.309998,74.440002,73.010002,74.029999,6.074472,18097300,131528696459.99998,-0.27999899999998945,-0.3767985567702336
2005-12-14,74.599998,74.699997,73.730003,73.730003,6.049861,18592900,132041996460.0,-0.869995000000003,-1.1662131679949952
2005-12-15,74.150002,78.68,73.75,76.620003,6.286993,42490100,131245503540.0,2.4700009999999963,3.3310868959922564
2005-12-16,76.989998,77.589996,76.599998,77.32,6.344435,19877100,136272296460.0,0.33000199999999325,0.4286297033024904
2005-12-19,76.550003,77.480003,76.519997,76.580002,6.283713,11400300,135493505310.0,0.02999899999998945,0.03918876397691252
2005-12-20,76.949997,77.099998,75.629997,76.059998,6.241045,12898700,136201494690.0,-0.8899990000000031,-1.1565939372291374
2005-12-21,76.43,76.629997,75.830002,76.309998,6.261558,11707200,135281100000.00002,-0.12000200000001371,-0.1570090278686559
2005-12-22,76.620003,76.949997,76.300003,76.839996,6.305046,9928300,135617405310.0,0.21999300000000233,0.28712215007352887
2005-12-23,76.199997,76.300003,75.669998,76.059998,6.306704,8212300,134873994690.0,-0.1399990000000031,-0.18372572901807738
2005-12-27,75.900002,76.389999,75.029999,75.150002,6.23125,5989600,134343003540.0,-0.75,-0.9881422664521142
2005-12-28,75.18,75.459999,75.089996,75.150002,6.23125,4947400,133068600000.00002,-0.029998000000006186,-0.039901569566382265
2005-12-29,75.349998,76.0,75.010002,75.099998,6.227102,5935900,133369496460.0,-0.25,-0.3317850121243533
2005-12-30,75.080002,75.370003,74.720001,74.720001,6.195592,4686300,132891603539.99998,-0.3600009999999969,-0.4794898646912622
2006-01-03,75.150002,75.43,74.300003,74.980003,6.217155,8818500,133015503540.0,-0.16999900000000423,-0.22621290149799894
2006-01-04,75.25,75.769997,75.099998,75.519997,6.261928,6594100,133192500000.0,0.2699970000000036,0.3588000000000048
2006-01-05,75.830002,76.169998,75.260002,75.330002,6.246178,6790600,134219103539.99998,-0.5,-0.6593696252309212
2006-01-06,76.089996,76.099998,75.339996,75.949997,6.297583,5629500,134679292920.0,-0.1399990000000031,-0.1839913357335478
2006-01-09,76.0,76.43,75.879997,76.18,6.316653,7382700,134520000000.0,0.18000000000000682,0.2368421052631669
2006-01-10,76.300003,76.379997,75.639999,76.080002,6.308365,5803700,135051005310.0,-0.22000100000001055,-0.2883368169723539
2006-01-11,76.300003,76.779999,75.919998,76.470001,6.340701,5714900,135051005310.0,0.16999799999999254,0.22280208822533404
2006-01-12,76.650002,77.370003,76.110001,76.349998,6.33075,7424700,135670503540.0,-0.30000400000000127,-0.39139464079857594
2006-01-13,76.800003,77.050003,76.169998,76.440002,6.338215,4659100,135936005310.0,-0.3600009999999969,-0.4687512837727323
2006-01-17,76.099998,76.269997,75.599998,75.800003,6.285147,4320900,134696996460.0,-0.29999499999999557,-0.3942115740922826
2006-01-18,75.809998,76.239998,75.5,75.870003,6.290953,5155100,134183696459.99998,0.06000500000000386,0.07915182902392882
2006-01-19,75.959999,76.120003,75.25,75.559998,6.265246,7529000,134449198230.0,-0.40000100000000316,-0.526594267069439
2006-01-20,75.559998,75.559998,74.839996,74.839996,6.205545,11844100,133741196459.99998,-0.7200019999999938,-0.9528877965295789
2006-01-23,74.849998,75.18,74.440002,74.720001,6.195592,6255900,132484496460.0,-0.12999700000000303,-0.17367669134741062
2006-01-24,74.75,74.769997,73.879997,74.209999,6.153308,5267000,132307500000.0,-0.5400010000000037,-0.7224093645484999
2006-01-25,74.300003,74.639999,73.769997,73.849998,6.123456,8516800,131511005310.0,-0.45000500000000443,-0.6056594641052766
2006-01-26,74.489998,74.669998,73.559998,73.75,6.115165,5588300,131847296460.0,-0.7399979999999999,-0.993419277578716
2006-01-27,73.82,75.07,73.199997,74.730003,6.196424,5609800,130661399999.99998,0.9100030000000032,1.232732321863998
2006-01-30,74.639999,75.150002,73.82,73.910004,6.128432,7052300,132112798230.0,-0.7299950000000024,-0.9780211813775647
2006-01-31,72.480003,73.5,72.339996,72.339996,5.998252,12794400,128289605310.0,-0.1400069999999971,-0.19316638273317555
2006-02-01,72.550003,73.5,72.550003,73.5,6.094434,8923600,128413505310.0,0.9499969999999962,1.3094375750749399
2006-02-02,73.25,73.449997,71.900002,72.029999,5.972546,9618000,129652500000.0,-1.2200009999999963,-1.6655303754266164
2006-02-03,71.599998,72.5,70.550003,71.699997,5.945186,8008000,126731996460.0,0.09999899999999684,0.13966341172243724
2006-02-06,71.400002,71.970001,70.959999,71.379997,5.918651,5842600,126378003540.0,-0.020004999999997608,-0.028018206498086104
2006-02-07,71.389999,71.75,71.010002,71.050003,5.89129,5824700,126360298230.0,-0.3399959999999993,-0.4762515825220831
2006-02-08,70.800003,71.940002,70.800003,71.349998,5.916162,8408800,125316005310.0,0.5499949999999956,0.7768290631287057
2006-02-09,71.660004,72.449997,71.5,71.82,5.955134,7650000,126838207080.0,0.15999599999999248,0.22327098949086366
2006-02-10,71.949997,72.559998,71.260002,71.870003,5.95928,4818600,127351494690.0,-0.07999399999999923,-0.11117999073717716
2006-02-13,71.599998,71.870003,71.059998,71.25,5.907871,4233300,126731996460.0,-0.34999799999999937,-0.48882403600067054
2006-02-14,71.699997,72.690002,71.080002,72.589996,6.01898,6687200,126908994690.0,0.8899990000000031,1.2412817813646535
2006-02-15,72.699997,73.449997,72.400002,73.379997,6.084486,7575000,128678994690.0,0.6800000000000068,0.9353507951314041
2006-02-16,73.25,73.660004,72.779999,73.199997,6.06956,7653900,129652500000.0,-0.050003000000003794,-0.06826348122867412
2006-02-17,73.300003,73.800003,72.75,72.870003,6.042201,6137500,129741005310.0,-0.4300000000000068,-0.586630262484446
2006-02-21,72.68,72.949997,72.160004,72.199997,5.986643,5943500,128643600000.00002,-0.4800030000000106,-0.6604334067143789
2006-02-22,72.650002,73.5,72.489998,73.379997,6.084486,5778300,128590503540.0,0.7299950000000024,1.0048107087457512
2006-02-23,73.400002,73.779999,72.93,73.379997,6.084486,5053800,129918003540.0,-0.020004999999997608,-0.02725476764973059
2006-02-24,73.75,73.75,72.449997,72.449997,6.007372,6562800,130537500000.0,-1.3000030000000038,-1.7627159322033952
2006-02-27,72.800003,72.940002,72.5,72.720001,6.02976,5634700,128856005310.0,-0.08000200000000746,-0.10989285261431575
2006-02-28,72.300003,72.309998,71.75,71.900002,5.961769,9221600,127971005310.0,-0.40000100000000316,-0.5532517059508326
2006-03-01,72.199997,72.5,71.900002,72.050003,5.974206,6518300,127793994690.0,-0.1499939999999924,-0.20774793106984815
2006-03-02,71.889999,72.0,71.300003,71.610001,5.937722,6794200,127245298230.0,-0.2799980000000062,-0.389481157177379
2006-03-03,71.300003,72.43,71.260002,72.110001,5.97918,5219300,126201005310.0,0.8099979999999931,1.1360420279365109
2006-03-06,72.110001,72.349998,71.419998,71.5,5.928602,6049400,127634701770.0,-0.6100009999999969,-0.8459312044663498
2006-03-07,71.5,72.25,71.470001,71.790001,5.952645,6156000,126555000000.0,0.29000100000000373,0.40559580419580943
2006-03-08,71.800003,72.82,71.519997,72.650002,6.023959,6286400,127086005310.0,0.8499989999999968,1.1838425689202225
2006-03-09,72.699997,73.690002,72.260002,72.830002,6.03888,12123500,128678994690.0,0.13000499999999704,0.17882394135449145
2006-03-10,73.080002,73.879997,72.809998,73.860001,6.124285,7585900,129351603539.99998,0.7799990000000037,1.067322083543462
2006-03-13,73.510002,73.550003,73.099998,73.5,6.161169,5607900,130112703540.0,-0.010002000000000066,-0.013606311696196208
2006-03-14,73.449997,74.529999,73.410004,74.459999,6.24164,7179900,130006494690.0,1.010002,1.37508787100427
2006-03-15,74.459999,74.459999,73.620003,73.870003,6.192185,5150600,131794198230.0,-0.5899959999999993,-0.7923663818475196
2006-03-16,74.169998,74.309998,73.580002,73.900002,6.1947,7337600,131280896460.00002,-0.2699960000000061,-0.36402319978491315
2006-03-17,73.849998,74.010002,73.470001,73.550003,6.165364,9607600,130714496460.0,-0.29999499999999557,-0.4062220827683646
2006-03-20,73.5,73.720001,72.800003,73.589996,6.168713,7740000,130095000000.0,0.0899959999999993,0.12244353741496504
2006-03-21,73.379997,73.889999,72.230003,72.459999,6.07399,7338700,129882594690.0,-0.9199980000000068,-1.253744940872656
2006-03-22,72.620003,73.580002,72.449997,73.290001,6.143565,6128100,128537405310.0,0.6699980000000068,0.9226080588291999
2006-03-23,73.599998,73.620003,72.650002,72.75,6.098302,5333300,130271996460.0,-0.8499979999999994,-1.1548886183393638
2006-03-24,72.25,73.5,72.25,72.940002,6.114226,4115200,127882500000.0,0.6900020000000069,0.9550200692041618
2006-03-27,72.870003,73.230003,72.0,72.050003,6.039623,6174300,128979905310.0,-0.8199999999999932,-1.125291568877791
2006-03-28,72.0,72.739998,71.93,72.029999,6.037945,9666300,127440000000.0,0.02999900000000366,0.04166527777778286
2006-03-29,72.029999,72.910004,71.889999,72.82,6.10417,5344000,127493098230.0,0.7900009999999895,1.096766640243865
2006-03-30,72.43,72.910004,71.459999,71.720001,6.011961,9611100,128201100000.00002,-0.7099990000000105,-0.9802554190252801
2006-03-31,71.720001,71.889999,70.760002,70.860001,5.939867,11566000,126944401770.0,-0.8599999999999994,-1.1991076241061394
2006-04-03,71.0,71.860001,71.0,71.309998,5.977593,8613700,125670000000.0,0.3099979999999931,0.436616901408441
2006-04-04,71.300003,71.699997,70.870003,71.080002,5.95831,10106500,126201005310.0,-0.22000100000001055,-0.3085567892613
2006-04-05,71.0,71.370003,70.75,71.18,5.966695,6388700,125670000000.0,0.18000000000000682,0.253521126760573
2006-04-06,71.110001,71.25,70.389999,70.459999,5.906339,6831700,125864701770.0,-0.6500020000000006,-0.9140795821392277
2006-04-07,70.550003,70.849998,69.5,69.75,5.846822,7547200,124873505310.0,-0.8000030000000038,-1.1339517590098527
2006-04-10,70.110001,70.349998,69.809998,70.040001,5.871133,4673200,124094701770.0,-0.06999999999999318,-0.09984310227009294
2006-04-11,70.07,70.349998,68.68,69.32,5.810778,7422200,124023899999.99998,-0.75,-1.0703582132153562
2006-04-12,69.599998,69.940002,69.099998,69.589996,5.833411,5869900,123191996460.0,-0.010002000000000066,-0.014370690068123373
2006-04-13,69.620003,69.900002,68.660004,69.0,5.783955,8342100,123227405310.0,-0.620002999999997,-0.8905529636360358
2006-04-17,69.0,69.269997,68.360001,68.68,5.757131,5293500,122130000000.0,-0.3199999999999932,-0.4637681159420191
2006-04-18,68.699997,69.519997,68.400002,69.440002,5.82084,9269900,121598994690.0,0.7400050000000107,1.0771543410693463
2006-04-19,69.199997,69.5,68.699997,68.959999,5.780601,7098100,122483994690.0,-0.23999799999999993,-0.346817934110604
2006-04-20,69.5,70.339996,69.150002,70.040001,5.871133,8016800,123015000000.0,0.5400010000000037,0.7769798561151133
2006-04-21,70.480003,70.790001,70.010002,70.540001,5.913049,9989300,124749605310.0,0.05999800000000732,0.08512769217675449
2006-04-24,70.360001,71.370003,70.080002,71.309998,5.977593,6604300,124537201770.0,0.9499969999999962,1.3501946937152491
2006-04-25,71.199997,71.959999,71.160004,71.620003,6.003578,6493000,126023994690.0,0.42000600000000077,0.5898960922709039
2006-04-26,71.949997,72.449997,71.209999,71.370003,5.982621,5236200,127351494690.0,-0.5799939999999992,-0.8061070523741637
2006-04-27,70.699997,72.5,70.5,71.93,6.029564,10585800,125138994690.0,1.2300030000000106,1.7397497202157033
2006-04-28,72.099998,73.239998,71.93,73.160004,6.132668,10250900,127616996460.0,1.0600060000000013,1.470188667689008
2006-05-01,73.099998,73.300003,72.25,72.400002,6.068963,6626800,129386996460.0,-0.6999959999999987,-0.9575868935044276
2006-05-02,72.269997,73.080002,72.099998,72.900002,6.110874,4941100,127917894690.0,0.630004999999997,0.87173796340409
2006-05-03,72.900002,73.139999,72.419998,73.129997,6.130155,4328400,129033003540.0,0.2299950000000024,0.315493818504974
2006-05-04,73.5,73.75,72.900002,73.650002,6.173743,7067400,130095000000.0,0.15000200000000063,0.20408435374149747
2006-05-05,73.900002,74.389999,73.470001,73.809998,6.187152,7097100,130803003540.0,-0.09000400000000752,-0.12179160698805871
2006-05-08,73.900002,74.0,73.260002,73.599998,6.169552,3888300,130803003540.0,-0.30000400000000127,-0.40595939361409117
2006-05-09,73.599998,74.0,73.309998,73.830002,6.188831,4232900,130271996460.0,0.23000399999999388,0.3125054432745961
2006-05-10,73.75,73.849998,72.5,72.690002,6.093271,6722200,130537500000.0,-1.0599979999999931,-1.4372854237288042
2006-05-11,72.699997,72.849998,71.099998,71.349998,5.980944,8618800,128678994690.0,-1.3499989999999968,-1.8569450559949776
2006-05-12,71.75,71.830002,70.050003,70.400002,5.901312,9423900,126997500000.0,-1.3499979999999994,-1.8815303135888493
2006-05-15,70.360001,71.75,70.290001,71.379997,5.983459,7895200,124537201770.0,1.0199960000000061,1.4496816166901505
2006-05-16,71.599998,72.18,71.199997,71.75,6.014473,5412300,126731996460.0,0.15000200000000063,0.20950000585195633
2006-05-17,71.699997,72.150002,70.480003,71.010002,5.952443,8451500,126908994690.0,-0.6899949999999961,-0.9623361629987184
2006-05-18,71.059998,71.839996,70.449997,70.480003,5.908019,7103500,125776196459.99998,-0.5799949999999967,-0.8162046387898811
2006-05-19,70.599998,71.489998,70.089996,71.0,5.951605,8695300,124961996460.0,0.40000200000000063,0.5665750868718165
2006-05-22,70.900002,71.300003,70.519997,70.849998,5.939028,7742400,125493003540.0,-0.05000400000000127,-0.07052750153660259
2006-05-23,71.199997,71.470001,70.900002,70.910004,5.944061,5316700,126023994690.0,-0.2899929999999955,-0.40729355648708176
2006-05-24,71.0,72.690002,70.93,71.800003,6.018666,9135200,125670000000.0,0.8000030000000038,1.1267647887323997
2006-05-25,71.900002,72.25,71.230003,72.120003,6.045488,7255200,127263003540.0,0.22000099999999634,0.3059819108210822
2006-05-26,72.129997,72.489998,71.809998,72.470001,6.074829,7923000,127670094690.0,0.3400039999999933,0.47137670059794023
2006-05-30,72.400002,73.110001,71.389999,71.389999,5.984299,8444200,128148003540.0,-1.0100029999999975,-1.3950317294190095
2006-05-31,71.849998,72.449997,71.209999,72.349998,6.064769,12014600,127174496460.0,0.5,0.6958942434486916
2006-06-01,72.529999,72.970001,72.160004,72.410004,6.069803,6884600,128378098230.0,-0.11999500000000296,-0.1654418883971072
2006-06-02,72.199997,72.949997,72.0,72.849998,6.106683,9204600,127793994690.0,0.6500010000000032,0.900278430759496
2006-06-05,72.620003,72.699997,71.57,71.639999,6.005253,4453000,128537405310.0,-0.9800039999999939,-1.3494959508608033
2006-06-06,72.230003,72.449997,71.199997,72.029999,6.037945,11329800,127847105310.0,-0.20000399999999274,-0.27689878401360823
2006-06-07,72.230003,72.239998,70.910004,70.949997,5.947412,10134800,127847105310.0,-1.2800060000000002,-1.7721250821490349
2006-06-08,71.300003,71.650002,70.099998,71.290001,5.975916,14248600,126201005310.0,-0.010002000000000066,-0.014028049900643153
2006-06-09,71.290001,71.440002,70.599998,71.07,5.95747,7778100,126183301770.0,-0.22000100000001055,-0.30860007983449256
2006-06-12,71.410004,72.0,71.059998,71.089996,5.959151,7874500,126395707080.0,-0.3200080000000014,-0.4481276881037584
2006-06-13,70.449997,70.720001,69.559998,69.559998,5.897261,9609500,124696494690.0,-0.8899990000000031,-1.2633059444984833
2006-06-14,69.599998,70.169998,69.349998,69.959999,5.931174,6925100,123191996460.0,0.3600009999999969,0.5172428309552494
2006-06-15,70.150002,70.68,69.93,70.580002,5.983737,7903600,124165503540.0,0.4299999999999926,0.6129721849473256
2006-06-16,70.580002,71.440002,70.139999,70.879997,6.00917,10545100,124926603539.99998,0.2999950000000098,0.42504249291464996
2006-06-19,71.25,71.629997,71.0,71.339996,6.048168,8724700,126112500000.0,0.0899959999999993,0.12631017543859552
2006-06-20,71.830002,72.459999,71.610001,71.889999,6.094797,6838900,127139103539.99998,0.05999700000000985,0.08352637940899661
2006-06-21,71.900002,72.43,71.669998,72.029999,6.106666,6254100,127263003540.0,0.12999700000000303,0.18080249844777893
2006-06-22,71.699997,72.480003,71.699997,72.220001,6.122774,5034900,126908994690.0,0.5200040000000001,0.7252496816701404
2006-06-23,71.800003,72.169998,71.220001,71.25,6.040539,5386900,127086005310.0,-0.5500030000000038,-0.7660208593584652
2006-06-26,71.699997,72.190002,71.529999,72.160004,6.117688,4719600,126908994690.0,0.4600070000000045,0.6415718539011996
2006-06-27,72.5,73.029999,71.669998,72.5,6.146514,7105100,128325000000.0,0.0,0.0
2006-06-28,72.599998,73.07,72.440002,73.050003,6.193141,5503000,128501996460.0,0.45000500000000443,0.6198416148716759
2006-06-29,73.5,74.0,72.82,73.889999,6.264354,9986500,130095000000.0,0.3899990000000031,0.5306108843537457
2006-06-30,73.900002,74.18,73.190002,73.43,6.225357,6835500,130803003540.0,-0.4700019999999938,-0.6359972764276702
2006-07-03,73.43,74.089996,73.290001,74.07,6.279617,3150100,129971100000.00002,0.6399999999999864,0.8715783739615774
2006-07-05,73.75,73.949997,73.059998,73.330002,6.216883,5568400,130537500000.0,-0.41999800000000675,-0.5694888135593312
2006-07-06,73.5,79.099998,72.610001,77.760002,6.592453,51732900,130095000000.0,4.260002,5.7959210884353745
2006-07-07,77.57,77.809998,76.790001,77.800003,6.595843,18004800,137298899999.99998,0.23000300000001062,0.2965102488075424
2006-07-10,78.0,78.419998,77.339996,77.339996,6.556843,12100300,138060000000.0,-0.6600040000000007,-0.8461589743589752
2006-07-11,77.75,78.190002,77.129997,77.949997,6.60856,8272400,137617500000.0,0.1999969999999962,0.2572308681671977
2006-07-12,78.0,78.709999,77.059998,77.290001,6.552605,9856200,138060000000.0,-0.7099989999999963,-0.9102551282051233
2006-07-13,76.93,77.25,76.550003,76.709999,6.503434,6572400,136166100000.00002,-0.22000100000001055,-0.2859755621994157
2006-07-14,76.949997,77.639999,76.550003,77.389999,6.561083,7473700,136201494690.0,0.4400020000000069,0.5718024914283063
2006-07-17,77.199997,77.779999,76.489998,76.949997,6.523783,6539000,136643994690.0,-0.25,-0.32383420947542263
2006-07-18,76.699997,77.589996,76.309998,77.540001,6.573802,7015300,135758994690.0,0.8400040000000075,1.0951812683904116
2006-07-19,77.489998,77.93,77.010002,77.459999,6.567022,10303900,137157296460.0,-0.02999900000000366,-0.03871338337110766
2006-07-20,78.0,79.400002,77.870003,79.089996,6.70521,10632000,138060000000.0,1.0899959999999993,1.3974307692307684
2006-07-21,79.25,79.739998,78.760002,79.669998,6.754382,10693100,140272500000.0,0.41999800000000675,0.5299659305993776
2006-07-24,79.660004,79.790001,78.839996,79.489998,6.73912,11666500,140998207080.0,-0.17000600000000077,-0.2134145009583489
2006-07-25,79.650002,80.400002,78.849998,80.050003,6.7866,9489600,140980503540.0,0.40000100000000316,0.5021983552492606
2006-07-26,79.949997,80.980003,79.699997,79.790001,6.764556,9383700,141511494690.0,-0.15999599999999248,-0.20012008255609123
2006-07-27,80.199997,80.589996,79.650002,79.870003,6.771337,7256200,141953994690.0,-0.32999399999999923,-0.4114638557904176
2006-07-28,80.290001,80.760002,80.080002,80.690002,6.840857,7212000,142113301770.0,0.40000100000000316,0.49819528586131556
2006-07-31,80.690002,80.690002,79.860001,79.970001,6.779813,5752300,142821303540.0,-0.7200010000000105,-0.8923050962373386
2006-08-01,79.980003,80.300003,79.709999,79.82,6.767097,6053700,141564605310.0,-0.16000300000000323,-0.20005375593697244
2006-08-02,79.779999,80.290001,79.75,80.0,6.782362,6283500,141210598230.0,0.22000099999999634,0.2757595923258865
2006-08-03,79.25,80.620003,79.18,80.169998,6.796772,4777600,140272500000.0,0.9199980000000068,1.1608807570978004
2006-08-04,80.75,80.75,79.730003,79.900002,6.77388,3871800,142927500000.0,-0.8499979999999994,-1.0526291021671819
2006-08-07,79.470001,80.059998,78.970001,79.099998,6.706056,7255400,140661901770.0,-0.370002999999997,-0.46558826644534335
2006-08-08,79.650002,80.32,79.25,80.300003,6.807795,6010900,140980503540.0,0.6500010000000032,0.8160715425970777
2006-08-09,80.290001,80.620003,80.0,80.160004,6.795925,4358300,142113301770.0,-0.12999700000000303,-0.16190932666696942
2006-08-10,80.349998,80.720001,80.150002,80.559998,6.829834,4681700,142219496460.0,0.20999999999999375,0.26135657153344766
2006-08-11,80.559998,80.970001,80.330002,80.839996,6.853573,3324200,142591196460.0,0.2799980000000062,0.3475645567915806
2006-08-14,80.980003,81.690002,80.519997,80.559998,6.829834,5121100,143334605310.0,-0.4200050000000033,-0.5186527345522614
2006-08-15,81.239998,81.25,80.639999,80.959999,6.863748,4655500,143794796460.0,-0.27999900000000366,-0.3446565816015944
2006-08-16,81.019997,81.019997,80.410004,80.739998,6.845098,6794700,143405394690.0,-0.27999900000000366,-0.3455924591061188
2006-08-17,80.699997,81.519997,79.870003,80.75,6.845942,12380700,142838994690.0,0.050003000000003794,0.061961588424846906
2006-08-18,83.5,84.449997,82.900002,83.970001,7.118936,21814900,147795000000.0,0.47000099999999634,0.562875449101792
2006-08-21,83.5,84.480003,83.480003,83.720001,7.097739,9284400,147795000000.0,0.22000099999999634,0.2634742514970016
2006-08-22,83.779999,84.25,83.400002,83.629997,7.090107,6090300,148290598230.0,-0.15000200000000063,-0.17904273309910237
2006-08-23,83.629997,83.949997,83.470001,83.669998,7.0935,3736700,148025094690.0,0.04000100000000373,0.04783092363378146
2006-08-24,84.0,84.5,83.690002,84.459999,7.160475,5465700,148680000000.0,0.45999899999999627,0.5476178571428527
2006-08-25,84.110001,84.480003,83.949997,84.099998,7.129954,5074100,148874701770.0,-0.010002999999997542,-0.011892759340232966
2006-08-28,84.449997,85.0,84.0,84.050003,7.125717,8940700,149476494690.0,-0.3999939999999924,-0.4736459611715467
2006-08-29,84.099998,84.349998,83.110001,83.529999,7.081634,8619000,148856996460.0,-0.5699989999999957,-0.6777633930502539
2006-08-30,84.0,84.580002,83.029999,84.419998,7.157084,10047500,148680000000.0,0.41999800000000675,0.4999976190476271
2006-08-31,84.5,84.519997,83.529999,83.529999,7.081634,6224500,149565000000.0,-0.9700009999999963,-1.1479301775147885
2006-09-01,84.019997,84.169998,83.599998,83.809998,7.105369,4239700,148715394690.0,-0.20999900000001048,-0.24993930909091855
2006-09-05,83.75,83.809998,82.529999,82.629997,7.005329,9358400,148237500000.0,-1.120002999999997,-1.3373170149253695
2006-09-06,82.110001,82.830002,82.099998,82.610001,7.003635,6356900,145334701770.0,0.5,0.6089392204489196
2006-09-07,82.75,82.959999,81.860001,82.120003,6.962093,9175800,146467500000.0,-0.629997000000003,-0.7613256797583118
2006-09-08,82.300003,83.099998,82.080002,82.970001,7.034155,9587900,145671005310.0,0.6699979999999925,0.8140923154036732
2006-09-11,82.800003,83.540001,82.75,83.349998,7.066368,9435000,146556005310.0,0.5499949999999956,0.6642451450152672
2006-09-12,83.339996,83.629997,82.230003,83.059998,7.041783,11801400,147511792920.0,-0.2799980000000062,-0.33597073846752545
2006-09-13,82.0,82.760002,81.550003,82.739998,7.088043,12186500,145140000000.0,0.7399979999999999,0.9024365853658536
2006-09-14,82.739998,83.25,82.699997,83.040001,7.113742,9838400,146449796460.0,0.3000030000000038,0.3625852154359537
2006-09-15,83.25,83.300003,82.620003,83.139999,7.122311,15383900,147352500000.0,-0.1100009999999969,-0.1321333333333296
2006-09-18,83.269997,83.620003,82.5,82.93,7.104323,5329400,147387894690.0,-0.3399969999999968,-0.4083067278121756
2006-09-19,82.940002,83.110001,82.019997,82.519997,7.069198,14628000,146803803540.0,-0.4200050000000033,-0.5063961778057388
2006-09-20,82.510002,82.620003,81.75,82.589996,7.075195,10180700,146042703540.0,0.07999399999999923,0.09695067029570455
2006-09-21,82.379997,82.660004,81.699997,81.93,7.018656,7076500,145812594690.0,-0.4499969999999962,-0.5462454678166548
2006-09-22,82.279999,82.400002,81.269997,82.32,7.052064,6595400,145635598230.0,0.04000099999998952,0.04861570307018297
2006-09-25,80.0,80.300003,76.309998,77.059998,6.60146,47530200,141600000000.0,-2.940002000000007,-3.675002500000009
2006-09-26,77.0,77.010002,75.0,75.760002,6.490091,42198000,136290000000.0,-1.239998,-1.6103870129870128
2006-09-27,76.099998,77.550003,76.010002,77.290001,6.62116,22279400,134696996460.0,1.1900030000000044,1.563735914947073
2006-09-28,77.400002,77.860001,76.720001,76.970001,6.593747,17232100,136998003540.0,-0.4300010000000043,-0.5555568331897515
2006-09-29,76.800003,77.389999,76.5,76.550003,6.55777,8997100,135936005310.0,-0.25,-0.3255208206176763
2006-10-02,76.900002,77.050003,76.5,76.540001,6.556912,8204900,136113003540.0,-0.3600009999999969,-0.46814173034741524
2006-10-03,76.550003,76.639999,75.449997,75.639999,6.47981,11573900,135493505310.0,-0.9100040000000007,-1.1887706914916787
2006-10-04,76.0,77.150002,75.699997,76.900002,6.587751,13033700,134520000000.0,0.9000020000000006,1.1842131578947377
2006-10-05,77.370003,78.459999,77.050003,78.400002,6.716251,10069400,136944905310.0,1.0299990000000037,1.3312640042162125
2006-10-06,78.739998,78.889999,78.0,78.620003,6.735099,9615200,139369796460.0,-0.11999500000000296,-0.15239395865872762
2006-10-09,78.849998,78.870003,78.18,78.75,6.746234,7646100,139564496460.0,-0.09999799999999937,-0.1268205485560055
2006-10-10,79.150002,79.5,77.599998,78.050003,6.686266,11225200,140095503540.0,-1.0999989999999968,-1.3897649680413107
2006-10-11,78.050003,78.93,77.989998,78.830002,6.753087,9076200,138148505310.0,0.7799989999999895,0.9993580653673895
2006-10-12,79.199997,79.199997,78.379997,78.779999,6.748805,7757300,140183994690.0,-0.41999799999999254,-0.5303005251376368
2006-10-13,79.199997,79.650002,78.459999,79.629997,6.821621,8582800,140183994690.0,0.4300000000000068,0.5429293134948059
2006-10-16,79.800003,79.870003,78.629997,79.080002,6.774506,6028700,141246005310.0,-0.7200010000000105,-0.9022568583111589
2006-10-17,78.809998,78.989998,78.110001,78.25,6.7034,6217200,139493696460.0,-0.5599979999999931,-0.7105672049376187
2006-10-18,78.629997,78.75,77.830002,78.339996,6.711112,8601000,139175094690.0,-0.29000100000000373,-0.3688172593978399
2006-10-19,79.099998,80.25,78.910004,80.190002,6.869594,15135200,140006996460.0,1.0900040000000075,1.3780076201771934
2006-10-20,80.190002,80.190002,79.410004,79.669998,6.825048,11272200,141936303540.0,-0.5200040000000001,-0.6484648796990928
2006-10-23,80.169998,80.739998,80.010002,80.160004,6.867025,12805600,141900896460.0,-0.009994000000006054,-0.012466010040322132
2006-10-24,79.470001,81.050003,78.5,79.82,6.837897,24625200,140661901770.0,0.34999899999999684,0.44041650383268127
2006-10-25,79.010002,82.940002,79.010002,82.099998,7.033221,37414100,139847703540.0,3.0899959999999993,3.910892193117524
2006-10-26,82.25,82.849998,81.209999,81.57,6.987815,14114700,145582500000.0,-0.6800000000000068,-0.8267477203647499
2006-10-27,81.510002,82.0,80.760002,81.849998,7.011801,11493800,144272703540.0,0.3399959999999993,0.4171218153080149
2006-10-30,81.849998,82.150002,81.519997,81.699997,6.99895,5013600,144874496460.0,-0.15000100000000316,-0.1832632909777263
2006-10-31,81.900002,82.199997,81.199997,81.330002,6.967255,8133400,144963003540.0,-0.5700000000000074,-0.695970678975084
2006-11-01,81.980003,81.980003,80.900002,81.449997,6.977535,8426800,145104605310.0,-0.5300060000000002,-0.6465064413330166
2006-11-02,81.400002,81.620003,81.0,81.360001,6.969826,5894400,144078003540.0,-0.04000100000000373,-0.04914127643387985
2006-11-03,81.279999,81.550003,80.82,81.18,6.954405,4797500,143865598230.0,-0.09999899999999684,-0.12303026726168738
2006-11-06,80.900002,81.5,80.720001,81.279999,6.96297,5282900,143193003540.0,0.379997000000003,0.4697119784990896
2006-11-07,80.949997,81.279999,80.199997,80.330002,6.881587,9321000,143281494690.0,-0.619995000000003,-0.765898731287171
2006-11-08,81.0,81.93,80.68,81.449997,6.977535,8735400,143370000000.0,0.4499969999999962,0.5555518518518472
2006-11-09,81.480003,81.480003,80.470001,80.860001,6.92699,7663100,144219605310.0,-0.6200019999999995,-0.760925352445065
2006-11-10,80.699997,81.059998,80.339996,80.93,6.932988,4467500,142838994690.0,0.23000300000001062,0.2850099238541615
2006-11-13,80.699997,81.489998,80.690002,80.839996,6.925277,4259300,142838994690.0,0.1399990000000031,0.1734807995098229
2006-11-14,80.949997,81.220001,80.339996,81.139999,6.950977,7008800,143281494690.0,0.1900020000000069,0.23471526502960452
2006-11-15,82.0,82.760002,81.849998,82.25,7.046066,8975100,145140000000.0,0.25,0.3048780487804878
2006-11-16,82.5,84.050003,82.309998,83.57,7.15915,11108900,146025000000.0,1.0699999999999932,1.2969696969696887
2006-11-17,83.610001,85.370003,83.239998,85.010002,7.282506,20646700,147989701770.0,1.4000010000000032,1.6744420323592666
2006-11-20,85.0,85.550003,84.57,84.889999,7.272229,10615000,150450000000.0,-0.1100009999999969,-0.12941294117646696
2006-11-21,85.190002,85.25,84.029999,84.110001,7.205408,6991000,150786303540.0,-1.08000100000001,-1.2677555753549694
2006-11-22,83.989998,84.410004,83.07,84.120003,7.206262,4817300,148662296460.0,0.13000499999999704,0.15478628776726133
2006-11-24,83.75,84.129997,83.589996,83.75,7.174567,2049600,148237500000.0,0.0,0.0
2006-11-27,83.949997,84.309998,83.169998,83.419998,7.146294,9552000,148591494690.0,-0.5299989999999895,-0.6313270029062532
2006-11-28,83.599998,83.989998,83.300003,83.650002,7.166002,5813100,147971996460.0,0.05000400000000127,0.05981339856013067
2006-11-29,83.480003,84.349998,83.32,84.330002,7.224253,9692600,147759605310.0,0.8499989999999968,1.0182067195182023
2006-11-30,84.330002,84.5,83.720001,84.209999,7.213972,7057100,149264103540.0,-0.12000299999999697,-0.14230166862796587
2006-12-01,84.209999,84.209999,83.43,84.0,7.195984,6402700,149051698230.0,-0.20999899999999627,-0.24937537405741603
2006-12-04,84.699997,84.699997,83.870003,84.400002,7.230252,8216500,149918994690.0,-0.29999499999999557,-0.35418537263938227
2006-12-05,84.610001,84.610001,83.830002,84.029999,7.198555,8767700,149759701770.0,-0.5800019999999932,-0.6855005237501336
2006-12-06,84.650002,84.650002,83.849998,84.160004,7.209689,5966000,149830503540.0,-0.48999799999999993,-0.5788517287926348
2006-12-07,84.5,85.550003,84.269997,84.959999,7.278225,9288700,149565000000.0,0.45999899999999627,0.544377514792895
2006-12-08,84.849998,85.330002,84.529999,84.830002,7.267091,5097100,150184496460.0,-0.01999600000000612,-0.023566294014533883
2006-12-11,84.769997,85.220001,84.610001,85.019997,7.283365,4200700,150042894690.0,0.25,0.2949156645599504
2006-12-12,85.300003,85.330002,84.599998,84.790001,7.263661,9201800,150981005310.0,-0.5100020000000001,-0.5978921243414259
2006-12-13,84.57,85.099998,84.220001,84.580002,7.24567,16571200,149688900000.0,0.010002000000000066,0.01182688896771913
2006-12-14,84.269997,85.199997,84.18,84.970001,7.27908,9460600,149157894690.0,0.7000039999999927,0.8306681202326289
2006-12-15,85.0,85.389999,84.970001,85.209999,7.299642,13571300,150450000000.0,0.20999899999999627,0.24705764705881916
2006-12-18,85.68,86.150002,85.25,85.629997,7.335618,8975200,151653600000.0,-0.050003000000003794,-0.058360177404299475
2006-12-19,85.629997,86.18,85.459999,85.919998,7.360465,8137500,151565094690.0,0.29000100000000373,0.33866753492938195
2006-12-20,86.129997,86.25,85.599998,85.68,7.339902,6825500,152450094690.0,-0.4499969999999962,-0.5224625747984134
2006-12-21,85.959999,86.239998,85.629997,85.720001,7.343331,6556000,152149198230.0,-0.23999799999999993,-0.2791973043182561
2006-12-22,85.050003,86.0,84.559998,84.779999,7.336405,7443700,150538505310.0,-0.27000400000000013,-0.31746500937807154
2006-12-26,85.260002,85.290001,84.199997,85.199997,7.372752,3926400,150910203540.0,-0.06000500000000386,-0.07037883954073079
2006-12-27,85.339996,85.980003,85.290001,85.809998,7.425539,3843300,151051792920.0,0.4700019999999938,0.5507405929571333
2006-12-28,85.809998,86.449997,85.610001,86.230003,7.461884,4606900,151883696460.0,0.4200050000000033,0.48945928188927745
2006-12-29,85.93,86.370003,85.580002,85.82,7.426403,4627500,152096100000.0,-0.11000000000001364,-0.12801117188410757
2007-01-03,86.099998,87.150002,86.0,86.510002,7.486115,9392700,152396996460.0,0.4100040000000007,0.47619513301266364
2007-01-04,87.400002,87.870003,86.75,87.650002,7.584761,12399500,154698003540.0,0.25,0.28604118338578527
2007-01-05,87.889999,87.940002,86.949997,87.150002,7.541495,8214400,155565298230.0,-0.7399970000000025,-0.8419581390597154
2007-01-08,87.169998,88.029999,86.599998,87.980003,7.613321,8408000,154290896460.0,0.8100049999999896,0.9292245251628772
2007-01-09,88.029999,88.580002,87.900002,88.120003,7.625433,9030800,155813098230.0,0.09000399999999331,0.10224241851916108
2007-01-10,88.470001,89.419998,87.900002,89.190002,7.718027,11717000,156591901770.0,0.7200010000000105,0.813836319499997
2007-01-11,89.419998,90.5,89.349998,89.400002,7.736195,13994300,158273396460.0,-0.01999600000000612,-0.022361888221028723
2007-01-12,89.419998,89.660004,87.809998,88.419998,7.651394,13296500,158273396460.0,-1.0,-1.118318074666027
2007-01-16,88.669998,89.5,87.989998,89.290001,7.726679,8900800,156945896460.0,0.620002999999997,0.699225232868503
2007-01-17,89.419998,89.589996,88.339996,88.57,7.664374,8146500,158273396460.0,-0.8499980000000136,-0.9505681268299889
2007-01-18,87.790001,89.080002,87.790001,87.949997,7.61072,8723800,155388301770.0,0.15999599999999248,0.18224854559460876
2007-01-19,87.949997,88.07,86.989998,87.260002,7.551013,9968800,155671494690.0,-0.6899949999999961,-0.7845310102739358
2007-01-22,87.010002,87.5,86.620003,87.07,7.534572,8506300,154007703540.0,0.05999799999999311,0.06895529091011067
2007-01-23,87.07,87.989998,87.0,87.760002,7.594282,6666900,154113900000.0,0.6900020000000069,0.7924681290915435
2007-01-24,87.949997,88.260002,87.57,87.919998,7.608125,6368200,155671494690.0,-0.02999899999998945,-0.03410915409126103
2007-01-25,88.290001,88.699997,87.790001,87.849998,7.602069,7096800,156273301770.0,-0.44000300000000436,-0.4983610771507459
2007-01-26,88.300003,88.5,87.650002,88.0,7.615051,7690000,156291005310.0,-0.3000030000000038,-0.33975423534244253
2007-01-29,88.849998,89.949997,88.059998,88.059998,7.620242,12336900,157264496460.0,-0.7900000000000063,-0.8891390183261526
2007-01-30,88.25,88.5,87.5,87.540001,7.575242,11144300,156202500000.0,-0.7099989999999963,-0.8045314447592026
2007-01-31,87.540001,88.470001,86.25,87.389999,7.56226,18530600,154945801770.0,-0.15000200000000063,-0.17135252260278205
2007-02-01,87.480003,87.849998,86.730003,87.480003,7.570052,11644700,154839605310.0,0.0,0.0
2007-02-02,87.480003,87.599998,86.309998,86.559998,7.490443,9716800,154839605310.0,-0.9200050000000033,-1.0516746324300004
2007-02-05,86.629997,86.989998,86.360001,86.879997,7.518128,6640000,153335094690.0,0.25,0.2885836415300811
2007-02-06,86.870003,86.919998,85.800003,86.019997,7.443711,10904900,153759905310.0,-0.8500059999999934,-0.9784804542944397
2007-02-07,86.019997,86.379997,85.699997,85.980003,7.44025,7122000,152255394690.0,-0.03999400000000719,-0.04649384026368565
2007-02-08,85.599998,85.900002,84.739998,85.220001,7.374484,11438000,151511996460.0,-0.379997000000003,-0.44392173934396945
2007-02-09,85.050003,85.800003,85.0,85.389999,7.389192,7404200,150538505310.0,0.3399959999999993,0.39976012699258723
2007-02-12,85.260002,85.93,85.160004,85.599998,7.407366,7683100,150910203540.0,0.3399959999999993,0.3987755008497411
2007-02-13,85.709999,86.169998,85.529999,86.050003,7.446309,7984800,151706698230.0,0.3400040000000075,0.39669117252003183
2007-02-14,86.029999,86.470001,85.5,86.389999,7.475725,7843400,152273098230.0,0.35999999999999943,0.41845868206972714
2007-02-15,86.379997,86.610001,85.900002,86.080002,7.448905,10067300,152892594690.0,-0.2999950000000098,-0.3472968400311588
2007-02-16,85.989998,86.260002,85.57,86.199997,7.459287,7223700,152202296460.0,0.20999899999999627,0.24421328629405975
2007-02-20,86.199997,86.75,85.5,85.949997,7.437654,7839300,152573994690.0,-0.25,-0.29002321194976377
2007-02-21,86.0,86.489998,85.300003,85.360001,7.386598,7461400,152220000000.0,-0.6399990000000031,-0.7441848837209338
2007-02-22,85.370003,85.5,84.650002,84.839996,7.341597,10768200,151104905310.0,-0.5300069999999977,-0.6208351661882895
2007-02-23,84.839996,85.720001,84.400002,85.379997,7.388328,6053500,150166792920.0,0.5400010000000037,0.6364934293490581
2007-02-26,85.220001,85.900002,85.160004,85.669998,7.413424,5473300,150839401770.0,0.4499970000000104,0.528041533348504
2007-02-27,85.239998,85.5,81.169998,82.669998,7.153821,17586100,150874796460.0,-2.569999999999993,-3.015016494955799
2007-02-28,83.029999,85.0,83.0,84.279999,7.293139,17958200,146963098230.0,1.25,1.505479965138865
2007-03-01,83.339996,84.879997,83.050003,84.339996,7.298331,13663000,147511792920.0,1.0,1.1999040652701736
2007-03-02,83.790001,84.5,83.120003,83.480003,7.223916,10234400,148308301770.0,-0.3099980000000073,-0.3699701590885615
2007-03-05,83.0,86.690002,82.190002,82.209999,7.114014,12478000,146910000000.0,-0.7900010000000037,-0.9518084337349443
2007-03-06,83.349998,84.559998,83.080002,84.419998,7.305254,14670100,147529496460.0,1.0700000000000074,1.283743282153417
2007-03-07,84.5,85.660004,84.019997,85.080002,7.362368,15053700,149565000000.0,0.5800019999999932,0.6863928994082761
2007-03-08,85.639999,86.25,85.239998,85.959999,7.438518,11299800,151582798230.0,0.3199999999999932,0.37365717391004777
2007-03-09,86.0,86.93,85.209999,86.860001,7.516399,19918000,152220000000.0,0.8600009999999969,1.0000011627906942
2007-03-12,86.360001,87.349998,86.349998,86.660004,7.499096,29609000,152857201770.0,0.3000030000000038,0.3473865175152138
2007-03-13,84.5,85.639999,84.019997,84.040001,7.345267,26815200,149565000000.0,-0.45999899999999627,-0.544377514792895
2007-03-14,83.870003,84.5,83.160004,83.900002,7.333028,34761500,148449905310.0,0.02999900000000366,0.0357684498950163
2007-03-15,83.389999,85.099998,83.379997,84.75,7.407319,17374700,147600298230.0,1.360000999999997,1.6308922128659538
2007-03-16,84.690002,85.059998,84.43,84.730003,7.405575,25986300,149901303540.0,0.04000099999998952,0.047232257710880104
2007-03-19,83.989998,85.360001,83.449997,85.220001,7.448397,19125400,148662296460.0,1.2300029999999964,1.4644636614945465
2007-03-20,85.220001,85.830002,84.809998,85.830002,7.501715,13591700,150839401770.0,0.6100009999999969,0.7157955794907782
2007-03-21,85.639999,86.25,85.150002,86.099998,7.525313,16834000,151582798230.0,0.45999899999999627,0.5371310198170323
2007-03-22,85.849998,86.68,85.0,86.150002,7.529684,12424900,151954496460.0,0.30000400000000127,0.34945137680725546
2007-03-23,86.199997,86.830002,85.470001,85.470001,7.470249,11688700,152573994690.0,-0.7299959999999999,-0.8468631385219189
2007-03-26,85.209999,85.639999,84.589996,84.949997,7.424803,15346700,150821698230.0,-0.26000200000000007,-0.30513085676717366
2007-03-27,84.760002,85.449997,84.419998,85.080002,7.436165,10827900,150025203540.0,0.3199999999999932,0.3775365649472179
2007-03-28,85.089996,86.709999,85.080002,86.209999,7.534927,16112500,150609292920.0,1.120002999999997,1.3162569663300923
2007-03-29,86.650002,87.339996,86.010002,87.139999,7.616213,10862100,153370503540.0,0.48999700000000246,0.5654898888519385
2007-03-30,86.699997,87.809998,86.400002,87.809998,7.674769,12766800,153458994690.0,1.110000999999997,1.2802780143118078
2007-04-02,67.129997,68.43,66.910004,68.220001,7.944839,23953400,118820094690.0,1.0900039999999933,1.6237212106534034
2007-04-03,68.809998,69.800003,68.760002,69.650002,8.111376,28127100,121793696459.99998,0.8400040000000075,1.2207586461490778
2007-04-04,70.199997,70.599998,69.900002,70.440002,8.203377,27808900,124253994690.0,0.24000500000001068,0.34188747899805566
2007-04-05,70.709999,70.980003,70.529999,70.75,8.239481,16856300,125156698230.0,0.04000100000000373,0.05657050002221572
2007-04-09,71.099998,71.099998,69.650002,69.900002,8.140489,12901200,125846996460.0,-1.1999959999999987,-1.6877581346767392
2007-04-10,70.300003,70.5,70.099998,70.160004,8.170772,10903800,124431005310.0,-0.1399990000000031,-0.1991450839625186
2007-04-11,70.279999,70.5,69.339996,69.5,8.093904,11542200,124395598230.0,-0.7799990000000037,-1.1098449218816915
2007-04-12,69.5,70.010002,69.400002,69.949997,8.146311,9781900,123015000000.0,0.4499969999999962,0.6474776978417212
2007-04-13,70.370003,70.379997,69.449997,69.559998,8.100893,7980900,124554905310.0,-0.8100050000000039,-1.1510657460111289
2007-04-16,69.900002,69.940002,69.199997,69.370003,8.078772,8731200,123723003540.0,-0.5299990000000037,-0.7582245848862832
2007-04-17,69.480003,69.75,69.209999,69.57,8.102061,9047600,122979605310.0,0.08999699999999677,0.12952935537437554
2007-04-18,69.629997,70.559998,69.580002,70.080002,8.161452,15720200,123245094690.0,0.4500049999999902,0.6462803667792635
2007-04-19,69.550003,70.199997,68.639999,69.400002,8.08226,14000200,123103505310.0,-0.15000100000000316,-0.21567360680056785
2007-04-20,70.029999,70.059998,69.260002,69.550003,8.09973,10940900,123953098230.0,-0.47999599999999987,-0.6854148320064946
2007-04-23,69.589996,69.900002,69.309998,69.330002,8.074107,8460100,123174292920.0,-0.25999400000000605,-0.3736082985261359
2007-04-24,69.330002,70.0,69.059998,69.919998,8.142819,9056700,122714103539.99998,0.5899960000000135,0.8509966579836727
2007-04-25,70.220001,70.629997,69.57,70.470001,8.206873,19888800,124289401770.0,0.25,0.3560239197376258
2007-04-26,70.400002,70.699997,69.32,69.330002,8.074107,9055200,124608003540.0,-1.0700000000000074,-1.5198863204577855
2007-04-27,69.459999,69.809998,69.339996,69.599998,8.105549,6166100,122944198230.0,0.1399990000000031,0.20155341493742768
2007-04-30,69.949997,69.959999,68.900002,68.919998,8.026361,9005700,123811494690.0,-1.0299989999999895,-1.4724789766609847
2007-05-01,69.25,69.5,68.220001,68.809998,8.013546,7175700,122572500000.0,-0.4400020000000069,-0.6353819494584937
2007-05-02,69.010002,69.300003,68.5,69.110001,8.048488,5519800,122147703540.0,0.09999899999999684,0.14490508201984525
2007-05-03,69.099998,69.900002,69.099998,69.769997,8.12535,8553900,122306996460.0,0.6699990000000042,0.9696078428251246
2007-05-04,70.040001,70.150002,69.0,69.360001,8.077602,6422700,123970801770.0,-0.6800000000000068,-0.9708737725460723
2007-05-07,69.669998,69.860001,69.110001,69.18,8.056641,7235300,123315896460.00002,-0.48999799999999993,-0.7033127803448478
2007-05-08,69.150002,69.169998,68.279999,68.660004,7.996083,7421500,122395503540.0,-0.48999799999999993,-0.7086015702501353
2007-05-09,68.510002,68.860001,68.279999,68.57,7.985605,7604300,121262703540.0,0.05999799999999311,0.08757553386145443
2007-05-10,68.5,68.870003,68.0,68.040001,7.923874,9483400,121245000000.0,-0.45999899999999627,-0.6715313868613084
2007-05-11,68.199997,68.650002,67.849998,68.589996,7.987927,10903800,120713994690.0,0.3899990000000031,0.571846066210242
2007-05-14,68.580002,69.129997,68.480003,68.830002,8.01588,5407000,121386603539.99998,0.25,0.364537755481547
2007-05-15,68.900002,69.739998,68.510002,69.410004,8.083425,7272200,121953003540.0,0.5100020000000001,0.7402060743046134
2007-05-16,69.739998,70.050003,69.559998,69.989998,8.150972,7832600,123439796460.0,0.25,0.3584743435180483
2007-05-17,69.959999,70.099998,69.699997,69.699997,8.117199,8248800,123829198230.0,-0.26000200000000007,-0.37164380176735007
2007-05-18,69.940002,70.150002,69.559998,69.949997,8.146311,10547600,123793803540.00002,0.009994999999989318,0.014290820294785405
2007-05-21,70.400002,71.129997,69.949997,70.849998,8.251126,18780600,124608003540.0,0.44999599999999873,0.6391988454773038
2007-05-22,71.160004,71.860001,70.860001,71.68,8.347786,14158800,125953207080.0,0.5199960000000061,0.7307419488059699
2007-05-23,71.989998,72.0,71.25,71.389999,8.314017,7792000,127422296460.0,-0.5999989999999968,-0.8334477242241302
2007-05-24,71.580002,71.800003,70.419998,70.470001,8.206873,8440400,126696603539.99998,-1.110000999999997,-1.5507138432323555
2007-05-25,70.650002,70.809998,70.18,70.779999,8.242975,5935200,125050503540.0,0.12999700000000303,0.18400141021935573
2007-05-29,71.150002,71.480003,70.800003,71.339996,8.308193,9123000,125935503540.0,0.18999399999999866,0.2670330213061676
2007-05-30,71.309998,71.489998,70.910004,71.489998,8.325663,15376000,126218696459.99998,0.18000000000000682,0.2524190226453335
2007-05-31,71.489998,72.199997,71.029999,71.099998,8.280243,14095100,126537296460.0,-0.39000000000000057,-0.5455308587363517
2007-06-01,71.099998,71.839996,70.620003,71.82,8.364089,14434300,125846996460.0,0.7200019999999938,1.012661069273158
2007-06-04,71.769997,71.910004,71.199997,71.800003,8.361763,7881400,127032894690.0,0.0300060000000002,0.041808556854196606
2007-06-05,71.650002,71.699997,70.610001,70.68,8.231328,12779300,126820503540.0,-0.9700019999999938,-1.353805963606245
2007-06-06,70.57,71.0,70.209999,70.809998,8.24647,14229100,124908899999.99998,0.23999799999999993,0.3400850219640073
2007-06-07,70.5,71.349998,69.419998,69.550003,8.09973,11666500,124785000000.0,-0.9499969999999962,-1.3475134751772997
2007-06-08,69.580002,70.400002,69.269997,70.300003,8.187075,10100800,123156603539.99998,0.7200010000000105,1.0347815166777525
2007-06-11,70.25,70.5,69.760002,70.220001,8.177757,9085500,124342500000.0,-0.02999900000000366,-0.0427032028469803
2007-06-12,69.849998,70.599998,69.82,70.139999,8.168444,17439000,123634496460.0,0.29000100000000373,0.41517681933219774
2007-06-13,69.980003,70.349998,69.629997,70.260002,8.26371,10227900,123864605310.0,0.27999900000000366,0.4001128722443806
2007-06-14,70.160004,70.639999,70.010002,70.470001,8.288411,10468900,124183207080.0,0.30999699999999564,0.4418429052541041
2007-06-15,70.790001,71.0,70.489998,70.669998,8.311934,13040400,125298301770.0,-0.12000299999999697,-0.1695197037784997
2007-06-18,70.510002,70.730003,70.120003,70.160004,8.25195,12604700,124802703540.0,-0.34999799999999937,-0.49638064114648495
2007-06-19,70.07,70.169998,69.300003,69.519997,8.17667,10409100,124023899999.99998,-0.5500029999999896,-0.7849336377907659
2007-06-20,69.68,69.839996,68.190002,68.269997,8.029652,13350700,123333600000.00002,-1.4100030000000032,-2.023540470723311
2007-06-21,68.32,68.790001,68.07,68.580002,8.066113,11559800,120926399999.99998,0.26000200000000007,0.38056498829039825
2007-06-22,68.5,68.800003,67.989998,68.199997,8.02142,13615600,121245000000.0,-0.3000030000000038,-0.43796058394161136
2007-06-25,68.370003,69.57,68.25,68.75,8.086107,10976700,121014905310.0,0.379997000000003,0.5557949149132011
2007-06-26,69.019997,70.410004,68.650002,69.629997,8.189613,19123200,122165394690.0,0.6099999999999994,0.8838018349957323
2007-06-27,69.510002,70.260002,69.190002,70.199997,8.256652,19664200,123032703540.0,0.6899949999999961,0.9926557044265314
2007-06-28,70.25,70.43,68.660004,69.919998,8.223721,6595300,124342500000.0,-0.33000199999999325,-0.46975373665479464
2007-06-29,70.010002,70.529999,69.580002,70.139999,8.249597,9568800,123917703540.0,0.12999700000000303,0.1856834684849788
2007-07-02,70.230003,71.010002,70.199997,70.900002,8.338984,9308600,124307105310.0,0.6699990000000042,0.9540067939339321
2007-07-03,71.0,71.029999,70.709999,70.989998,8.349567,4552000,125670000000.0,-0.010002000000000066,-0.014087323943662064
2007-07-05,70.989998,71.239998,70.75,71.160004,8.369568,10549100,125652296460.0,0.17000600000000077,0.2394788065777953
2007-07-06,70.849998,71.699997,70.800003,71.599998,8.421315,8468300,125404496460.0,0.75,1.0585744829519967
2007-07-09,71.989998,72.199997,71.410004,71.699997,8.433075,8522600,127422296460.0,-0.29000100000000373,-0.4028351271797559
2007-07-10,71.559998,71.809998,70.389999,70.43,8.283706,11450300,126661196459.99998,-1.1299979999999863,-1.5790917154581061
2007-07-11,70.5,71.080002,70.43,70.889999,8.337809,7436700,124785000000.0,0.3899990000000031,0.5531900709219901
2007-07-12,70.839996,72.190002,70.760002,72.07,8.476596,10886500,125386792920.0,1.2300039999999939,1.7363129156585413
2007-07-13,72.0,72.0,71.199997,71.699997,8.433075,7618100,127440000000.0,-0.3000030000000038,-0.4166708333333386
2007-07-16,71.82,72.029999,71.029999,71.309998,8.387209,6035200,127121399999.99998,-0.5100020000000001,-0.710111389585074
2007-07-17,71.540001,71.75,71.110001,71.279999,8.38368,7763100,126625801770.0,-0.26000200000000007,-0.3634358350092839
2007-07-18,70.260002,70.919998,69.650002,70.300003,8.268414,12649700,124360203540.0,0.04000100000000373,0.05693281933012716
2007-07-19,70.75,71.440002,70.370003,70.629997,8.307229,8318900,125227500000.0,-0.12000299999999697,-0.16961554770317594
2007-07-20,70.5,70.980003,69.68,69.800003,8.209608,12166300,124785000000.0,-0.6999969999999962,-0.9929035460992854
2007-07-23,69.980003,70.099998,69.400002,69.620003,8.188437,8811100,123864605310.0,-0.35999999999999943,-0.5144326730023139
2007-07-24,69.129997,69.580002,67.870003,68.059998,8.004955,10635300,122360094690.0,-1.06999900000001,-1.5478070974023186
2007-07-25,68.160004,68.75,67.620003,67.849998,7.980256,12501900,120643207080.0,-0.31000600000000134,-0.45482098269830107
2007-07-26,67.75,67.879997,65.839996,66.800003,7.856756,18825600,119917500000.0,-0.9499969999999962,-1.4022095940959354
2007-07-27,66.800003,68.199997,65.169998,65.169998,7.665041,15414900,118236005310.0,-1.630004999999997,-2.4401271359224297
2007-07-30,65.510002,66.360001,63.130001,65.779999,7.73679,16909700,115952703540.0,0.2699970000000036,0.4121462246330012
2007-07-31,66.099998,68.419998,65.870003,66.470001,7.817944,15386000,116996996460.0,0.370002999999997,0.5597624980260921
2007-08-01,66.209999,67.5,65.720001,66.580002,7.830884,16645500,117191698230.0,0.370002999999997,0.5588325110834045
2007-08-02,67.120003,67.75,66.800003,67.139999,7.896747,9405000,118802405310.0,0.01999600000000612,0.0297914170236347
2007-08-03,67.209999,67.919998,66.419998,66.599998,7.833233,11607700,118961698230.0,-0.6100009999999969,-0.9076045366404437
2007-08-06,67.379997,69.050003,66.269997,68.980003,8.11316,14688300,119262594690.0,1.6000059999999934,2.374600877468121
2007-08-07,68.93,69.849998,68.099998,69.220001,8.141389,10196000,122006100000.00002,0.2900009999999895,0.4207181198316981
2007-08-08,68.480003,69.769997,68.209999,69.599998,8.18608,13208000,121209605310.0,1.119995000000003,1.6355066456407763
2007-08-09,68.959999,69.099998,67.449997,67.669998,7.959083,13196900,122059198230.0,-1.2900009999999895,-1.8706511292147634
2007-08-10,67.209999,67.650002,65.790001,67.389999,7.92615,16954500,118961698230.0,0.18000000000000682,0.2678172930786784
2007-08-13,67.800003,68.489998,67.25,67.410004,7.928506,9137300,120006005310.0,-0.3899990000000031,-0.5752197385596032
2007-08-14,67.779999,68.480003,66.389999,66.82,7.859109,13340600,119970598230.0,-0.9599990000000105,-1.4163455505509972
2007-08-15,66.940002,67.870003,65.730003,65.980003,7.760311,15356000,118483803540.00002,-0.9599990000000105,-1.4341185708360307
2007-08-16,65.75,66.360001,64.720001,66.360001,7.805006,16577200,116377500000.0,0.6100009999999969,0.9277581749049383
2007-08-17,67.400002,68.470001,66.760002,67.589996,7.949675,14626700,119298003540.0,0.18999399999999866,0.2818901993504372
2007-08-20,67.110001,68.220001,66.5,67.0,7.88028,8907800,118784701770.0,-0.1100009999999969,-0.16391148615836992
2007-08-21,66.629997,67.82,66.610001,67.220001,7.906157,13480000,117935094690.0,0.5900039999999933,0.8854930610307445
2007-08-22,67.650002,68.5,67.300003,68.239998,8.026125,8627900,119740503540.0,0.5899959999999993,0.8721300555172183
2007-08-23,68.879997,68.959999,68.300003,68.629997,8.071996,12307800,121917594690.0,-0.25,-0.36295007387993933
2007-08-24,68.239998,69.300003,68.0,69.190002,8.137863,9556600,120784796460.0,0.950004000000007,1.3921512717512197
2007-08-27,70.0,70.989998,69.690002,70.080002,8.242539,15322600,123900000000.0,0.08000199999999325,0.11428857142856177
2007-08-28,70.139999,70.82,68.970001,69.07,8.123748,12297500,124147798230.0,-1.06999900000001,-1.5255189838254914
2007-08-29,70.25,70.980003,68.25,69.800003,8.209608,23592400,124342500000.0,-0.4499969999999962,-0.6405651245551547
2007-08-30,69.269997,69.730003,68.699997,69.25,8.144919,9346800,122607894690.0,-0.019997000000003595,-0.028868198160891496
2007-08-31,69.639999,69.790001,68.760002,69.410004,8.163736,10003600,123262798230.0,-0.2299950000000024,-0.3302627847539205
2007-09-04,69.410004,69.949997,69.389999,69.669998,8.194314,9614100,122855707080.0,0.25999400000000605,0.3745771286801915
2007-09-05,68.720001,69.029999,68.059998,68.629997,8.071996,16396600,121634401770.0,-0.09000399999999331,-0.1309720586296169
2007-09-06,68.839996,68.989998,67.849998,68.269997,8.029652,8027000,121846792920.0,-0.5699989999999957,-0.828005568158365
2007-09-07,67.839996,68.449997,67.25,67.389999,7.92615,11198800,120076792920.0,-0.4499969999999962,-0.6633210886392096
2007-09-10,67.620003,68.040001,66.870003,67.300003,7.915568,8093000,119687405310.0,-0.3199999999999932,-0.4732327503741655
2007-09-11,67.959999,67.959999,67.190002,67.739998,7.967317,10492300,120289198230.0,-0.22000099999999634,-0.3237213114143753
2007-09-12,67.199997,67.629997,66.900002,67.5,8.027972,12552200,118943994690.0,0.3000030000000038,0.4464330556443385
2007-09-13,67.849998,68.089996,66.910004,67.129997,7.983967,12156200,120094496460.0,-0.7200009999999963,-1.061165838206799
2007-09-14,66.980003,67.410004,66.660004,67.029999,7.972074,7669800,118554605310.0,0.04999600000000726,0.07464317372456263
2007-09-17,67.080002,67.529999,66.769997,67.0,7.968511,6661200,118731603539.99998,-0.08000199999999325,-0.11926356233560227
2007-09-18,67.389999,68.089996,67.0,68.059998,8.094575,7239300,119280298230.0,0.66999899999999,0.9942113220687092
2007-09-19,68.349998,68.82,68.0,68.730003,8.174259,14832100,120979496460.0,0.38000499999999704,0.5559692920546934
2007-09-20,68.419998,69.0,68.260002,68.620003,8.16118,7513000,121103396460.00002,0.20000499999999022,0.29231950576787535
2007-09-21,69.18,69.480003,68.360001,68.540001,8.151664,11586600,122448600000.00002,-0.6399990000000031,-0.9251214223764138
2007-09-24,68.559998,68.599998,68.010002,68.440002,8.139771,17095700,121351196459.99998,-0.11999599999998622,-0.17502334232854883
2007-09-25,68.029999,69.040001,67.93,68.239998,8.115981,9834600,120413098230.0,0.20999899999999627,0.30868587841666184
2007-09-26,68.290001,68.980003,67.959999,68.599998,8.158798,7779400,120873301770.0,0.30999699999999564,0.4539420053603391
2007-09-27,68.599998,69.480003,68.300003,69.480003,8.263462,20146300,121421996460.0,0.880004999999997,1.2828061598485718
2007-09-28,69.419998,69.779999,69.160004,69.529999,8.269404,12026700,122873396460.00002,0.1100009999999969,0.15845722150553346
2007-10-01,69.669998,70.0,69.440002,69.769997,8.297951,11778800,123315896460.00002,0.09999899999999684,0.1435323709927433
2007-10-02,69.900002,70.139999,69.440002,69.949997,8.319357,8199200,123723003540.0,0.04999499999999557,0.07152360310375323
2007-10-03,69.879997,70.120003,69.519997,69.879997,8.311033,7905900,123687594690.0,0.0,0.0
2007-10-04,69.830002,70.139999,69.559998,69.690002,8.288437,6831200,123599103539.99998,-0.13999999999998636,-0.20048689100708658
2007-10-05,69.660004,69.93,69.470001,69.559998,8.272972,5993500,123298207080.0,-0.10000600000000759,-0.14356301214109546
2007-10-08,69.459999,69.550003,69.089996,69.279999,8.23967,4734100,122944198230.0,-0.1799999999999926,-0.2591419559335044
2007-10-09,69.419998,70.099998,69.110001,69.93,8.316978,9020900,122873396460.00002,0.5100020000000001,0.7346615020069577
2007-10-10,69.949997,70.010002,69.660004,70.0,8.325305,8139500,123811494690.0,0.050003000000003794,0.07148392014942301
2007-10-11,70.0,70.040001,69.410004,69.949997,8.319357,7488400,123900000000.0,-0.050003000000003794,-0.07143285714286256
2007-10-12,69.989998,70.18,69.870003,70.059998,8.33244,9646100,123882296460.0,0.06999999999999318,0.10001429061334331
2007-10-15,70.25,70.540001,70.099998,70.370003,8.369309,7174200,124342500000.0,0.12000299999999697,0.17082277580070743
2007-10-16,70.639999,71.230003,70.449997,70.739998,8.413315,11824600,125032798230.0,0.09999899999999684,0.14156144028257536
2007-10-17,71.5,71.5,70.550003,70.980003,8.44186,15037000,126555000000.0,-0.5199970000000036,-0.7272685314685364
2007-10-18,71.169998,71.300003,70.75,70.889999,8.431158,9859100,125970896460.00002,-0.27999900000000366,-0.3934228015574816
2007-10-19,70.379997,71.239998,69.720001,70.5,8.384771,16234000,124572594690.0,0.12000299999999697,0.17050725364480618
2007-10-22,70.410004,71.690002,70.410004,71.470001,8.500134,9634500,124625707080.0,1.0599969999999956,1.5054636270152684
2007-10-23,71.919998,72.199997,71.309998,72.089996,8.573872,8972000,127298396460.00002,0.16999799999999254,0.23637097431508902
2007-10-24,72.190002,72.839996,71.440002,72.360001,8.605988,9605300,127776303540.00002,0.16999899999999002,0.2354882882535313
2007-10-25,72.379997,72.800003,72.040001,72.260002,8.594093,7954600,128112594690.0,-0.11999500000000296,-0.16578475403916218
2007-10-26,72.540001,73.25,71.919998,72.970001,8.678536,9358900,128395801770.0,0.4299999999999926,0.5927763910562844
2007-10-29,73.269997,73.5,72.779999,72.970001,8.678536,6168000,129687894690.0,-0.29999600000000726,-0.40943907777150207
2007-10-30,72.849998,73.209999,72.699997,72.760002,8.653562,7261100,128944496460.0,-0.0899959999999993,-0.12353603633592317
2007-10-31,72.860001,73.160004,72.400002,72.93,8.673779,9223700,128962201770.0,0.06999900000000991,0.09607328992489297
2007-11-01,72.879997,73.0,71.720001,71.879997,8.548898,9652200,128997594690.0,-1.0,-1.3721186075240919
2007-11-02,72.099998,72.739998,71.75,72.110001,8.576255,7846500,127616996460.0,0.010002999999997542,0.013873786792612034
2007-11-05,72.0,72.709999,71.769997,72.360001,8.605988,6148400,127440000000.0,0.3600009999999969,0.5000013888888846
2007-11-06,72.0,73.0,72.0,72.940002,8.674969,6572800,127440000000.0,0.9400020000000069,1.305558333333343
2007-11-07,72.580002,72.919998,71.839996,71.980003,8.560795,9229000,128466603539.99998,-0.5999989999999968,-0.8266726143104774
2007-11-08,72.330002,72.93,71.970001,72.720001,8.648801,14917300,128024103539.99998,0.3899990000000031,0.5391939571631743
2007-11-09,73.260002,73.5,72.650002,72.709999,8.64761,15343100,129670203540.0,-0.5500030000000038,-0.7507548252592238
2007-11-12,72.730003,73.279999,72.339996,72.470001,8.619072,10302400,128732105310.0,-0.26000200000000007,-0.35748932940371264
2007-11-13,72.93,72.959999,71.720001,72.849998,8.664264,14909500,129086100000.00002,-0.08000200000000746,-0.10969696969697991
2007-11-14,73.150002,73.150002,72.120003,72.220001,8.589334,8511800,129475503540.0,-0.9300010000000043,-1.2713615510222465
2007-11-15,71.790001,72.510002,71.790001,72.269997,8.595283,11721500,127068301770.0,0.47999599999999987,0.6686112178769852
2007-11-16,72.800003,73.550003,72.400002,73.18,8.703511,13105500,128856005310.0,0.379997000000003,0.5219738795889926
2007-11-19,72.75,74.349998,72.75,73.839996,8.782005,14342600,128767500000.0,1.0899959999999993,1.498276288659793
2007-11-20,74.110001,74.400002,73.309998,73.809998,8.778441,10494700,131174701770.0,-0.3000030000000038,-0.4048077127943957
2007-11-21,73.120003,73.800003,72.410004,72.410004,8.611935,9494200,129422405310.0,-0.7099989999999963,-0.9710051570977046
2007-11-23,72.739998,73.379997,72.599998,72.970001,8.678536,7652400,128749796460.0,0.2300029999999964,0.3161987989056535
2007-11-26,72.830002,73.540001,71.300003,71.440002,8.496567,13580000,128909103539.99998,-1.3899999999999864,-1.9085541148275493
2007-11-27,71.989998,73.949997,71.980003,73.349998,8.723732,13569000,127422296460.0,1.3599999999999994,1.8891513234935768
2007-11-28,73.940002,74.190002,73.510002,74.089996,8.811742,16345800,130873803540.00002,0.1499939999999924,0.2028590694384785
2007-11-29,74.0,76.150002,73.989998,75.980003,9.036521,16464100,130980000000.0,1.9800029999999964,2.675679729729725
2007-11-30,76.739998,77.559998,76.150002,77.559998,9.224435,14049300,135829796460.0,0.8199999999999932,1.0685431605041131
2007-12-03,77.32,77.959999,77.0,77.57,9.225627,9639400,136856399999.99998,0.25,0.32333160889808593
2007-12-04,77.260002,78.510002,77.260002,77.410004,9.206597,11076900,136750203540.0,0.15000200000000063,0.194152208279778
2007-12-05,77.970001,78.199997,77.400002,77.800003,9.252978,11621300,138006901770.0,-0.16999799999999254,-0.2180300087465595
2007-12-06,77.550003,77.849998,77.269997,77.800003,9.252978,8997400,137263505310.0,0.25,0.32237265032729917
2007-12-07,78.099998,78.400002,77.370003,77.599998,9.229194,12332900,138236996460.0,-0.5,-0.6402048819514694
2007-12-10,77.970001,78.419998,77.599998,78.199997,9.300553,7544800,138006901770.0,0.22999599999999987,0.29498011677593783
2007-12-11,77.730003,78.349998,77.019997,77.099998,9.169728,9149400,137582105310.0,-0.630004999999997,-0.8105042785087724
2007-12-12,77.889999,78.419998,76.980003,77.709999,9.242276,14208900,137865298230.0,-0.18000000000000682,-0.23109513713051505
2007-12-13,77.480003,77.900002,76.910004,77.760002,9.248226,14007000,137139605310.0,0.27999900000000366,0.36138227821184216
2007-12-14,77.730003,77.849998,76.769997,76.82,9.136431,11812700,137582105310.0,-0.9100030000000032,-1.170722970382496
2007-12-17,76.599998,76.970001,75.93,76.019997,9.041281,10367600,135581996460.0,-0.5800009999999958,-0.7571814819107381
2007-12-18,76.419998,76.580002,75.400002,75.93,9.030578,10264000,135263396460.00002,-0.48999799999999993,-0.641190804532604
2007-12-19,76.089996,77.209999,75.699997,76.68,9.119779,11633600,134679292920.0,0.5900040000000075,0.7754028532213454
2007-12-20,77.059998,77.620003,76.790001,77.620003,9.231577,10864700,136396196459.99998,0.5600050000000039,0.7267129698082835
2007-12-21,77.370003,77.800003,76.989998,77.43,9.298826,17420200,136944905310.0,0.05999700000000985,0.07754555728789342
2007-12-24,77.029999,77.68,77.029999,77.580002,9.316839,5083100,136343098230.0,0.5500029999999896,0.7140114333897233
2007-12-26,77.059998,77.949997,77.059998,77.489998,9.306031,6327400,136396196459.99998,0.4300000000000068,0.5580067624709864
2007-12-27,77.139999,77.769997,76.160004,76.230003,9.154716,8333000,136537798230.0,-0.9099960000000067,-1.1796681511494533
2007-12-28,76.459999,76.68,75.75,75.959999,9.122287,9601500,135334198230.0,-0.5,-0.6539367074802082
2007-12-31,75.559998,76.559998,75.5,75.580002,9.076653,5974900,133741196459.99998,0.020004000000000133,0.026474325740453483
2008-01-02,75.5,76.0,74.669998,74.93,8.998595,8757300,133635000000.0,-0.5699999999999932,-0.7549668874172095
2008-01-03,75.080002,75.980003,74.93,75.389999,9.053834,10013800,132891603539.99998,0.30999700000000985,0.4128889074883214
2008-01-04,75.260002,75.949997,74.809998,74.900002,8.99499,11110400,133210203540.0,-0.35999999999999943,-0.47834173589312345
2008-01-07,75.220001,77.400002,75.220001,77.230003,9.274808,16011400,133139401770.0,2.010002,2.6721642824758804
2008-01-08,78.120003,79.43,77.900002,78.32,9.405709,17342200,138272405310.0,0.1999969999999962,0.25601253497135196
2008-01-09,79.360001,79.559998,78.540001,79.209999,9.512594,16521700,140467201770.0,-0.15000200000000063,-0.1890146145537481
2008-01-10,78.860001,79.199997,78.150002,78.82,9.465755,12825800,139582201770.0,-0.04000100000000373,-0.05072406732533992
2008-01-11,78.349998,79.589996,78.349998,79.019997,9.489778,10649000,138679496460.0,0.6699990000000042,0.8551359503544649
2008-01-14,78.970001,79.150002,78.010002,78.690002,9.450142,10363600,139776901770.0,-0.27999899999998945,-0.3545637538993946
2008-01-15,78.370003,79.0,78.019997,78.459999,9.422525,10264100,138714905310.0,0.0899959999999993,0.11483475380242017
2008-01-16,78.099998,78.669998,77.510002,77.910004,9.356472,13961900,138236996460.0,-0.18999399999999866,-0.24327017268297324
2008-01-17,79.0,79.139999,76.739998,76.800003,9.223165,23839000,139830000000.0,-2.199996999999996,-2.7848063291139193
2008-01-18,77.419998,77.980003,74.669998,75.419998,9.057438,21979800,137033396460.00002,-2.0,-2.5833118724699524
2008-01-22,72.0,74.57,71.279999,73.379997,8.812449,22672800,127440000000.0,1.379997000000003,1.9166625000000042
2008-01-23,72.050003,74.050003,70.879997,72.849998,8.748797,24435700,127528505310.0,0.7999949999999956,1.1103330557807132
2008-01-24,73.269997,75.32,72.5,74.889999,8.993789,13482500,129687894690.0,1.6200019999999995,2.2110032296029702
2008-01-25,75.160004,75.489998,73.470001,73.949997,8.880899,14953600,133033207080.0,-1.2100070000000045,-1.6099081101698776
2008-01-28,74.190002,75.040001,73.650002,75.010002,9.008199,8869900,131316303540.00002,0.8199999999999932,1.105270222259858
2008-01-29,75.730003,76.489998,74.0,76.120003,9.141506,16818000,134042105310.0,0.39000000000000057,0.5149874350328503
2008-01-30,75.860001,77.889999,75.629997,76.5,9.18714,20832800,134272201770.0,0.6399990000000031,0.843658043189326
2008-01-31,76.080002,76.870003,75.449997,75.790001,9.101875,14890000,134661603539.99998,-0.2900009999999895,-0.38117901206152643
2008-02-01,75.989998,76.309998,74.480003,75.440002,9.059842,11076300,134502296460.0,-0.549995999999993,-0.7237741998624517
2008-02-04,75.400002,75.919998,74.889999,75.07,9.015407,6238700,133458003540.0,-0.33000200000000746,-0.4376684234040305
2008-02-05,74.589996,75.220001,73.050003,73.129997,8.782422,12003700,132024292920.0,-1.4599989999999963,-1.9573657035723617
2008-02-06,73.489998,74.050003,72.610001,72.760002,8.73799,8761900,130077296460.0,-0.7299959999999999,-0.9933270102960131
2008-02-07,72.510002,74.349998,72.199997,74.099998,8.898917,15359900,128342703540.0,1.5899959999999993,2.1927954160034355
2008-02-08,73.849998,74.0,73.010002,73.089996,8.777623,8907400,130714496460.0,-0.7600020000000001,-1.0291158030904755
2008-02-11,72.709999,73.360001,71.889999,72.419998,8.697156,11798900,128696698230.0,-0.2900009999999895,-0.3988461064343978
2008-02-12,72.720001,72.769997,71.980003,72.43,8.698359,10715800,128714401770.0,-0.2900009999999895,-0.3987912486414701
2008-02-13,72.839996,72.970001,72.370003,72.849998,8.748797,10185600,128926792920.0,0.010002000000000066,0.01373146698140959
2008-02-14,73.0,73.080002,72.449997,72.690002,8.729585,9320600,129210000000.0,-0.3099979999999931,-0.4246547945205385
2008-02-15,72.550003,73.449997,72.419998,72.529999,8.71037,29659800,128413505310.0,-0.020004000000000133,-0.027572707336759355
2008-02-19,72.510002,73.720001,72.459999,72.93,8.758407,11310800,128342703540.0,0.41999800000000675,0.5792276767555554
2008-02-20,72.440002,73.209999,72.089996,72.940002,8.759607,8555900,128218803540.00002,0.5,0.6902263752008179
2008-02-21,73.099998,73.629997,72.650002,73.389999,8.81365,13581500,129386996460.0,0.29000100000000373,0.3967182051085743
2008-02-22,73.550003,73.709999,72.519997,73.599998,8.83887,9546000,130183505310.0,0.04999499999999557,0.06797416446059909
2008-02-25,73.5,74.339996,73.120003,74.260002,8.918129,7383200,130095000000.0,0.7600020000000001,1.0340163265306124
2008-02-26,73.699997,74.769997,73.669998,74.269997,8.919332,10440300,130448994690.0,0.5700000000000074,0.7734057302607589
2008-02-27,73.970001,74.540001,73.93,74.470001,8.943349,7365300,130926901770.0,0.5,0.6759497002034649
2008-02-28,74.050003,74.32,73.480003,73.779999,8.860484,6947300,131068505310.0,-0.27000400000000013,-0.3646238879963315
2008-02-29,73.459999,73.709999,72.900002,73.139999,8.783623,10111500,130024198230.0,-0.3199999999999932,-0.43561122291873866
2008-03-03,72.849998,73.07,72.019997,73.019997,8.769213,11076800,128944496460.0,0.16999900000000423,0.23335484511613058
2008-03-04,72.489998,74.160004,72.400002,73.830002,8.86649,12563500,128307296460.0,1.3400039999999933,1.8485364008424905
2008-03-05,73.599998,75.040001,73.349998,74.910004,8.99619,16056500,130271996460.0,1.3100060000000013,1.7798995048885755
2008-03-06,74.68,74.68,73.849998,73.970001,8.883305,8355700,132183600000.00002,-0.7099990000000105,-0.9507217461167788
2008-03-07,73.470001,74.720001,73.129997,74.519997,8.949358,12640400,130041901770.0,1.0499960000000073,1.429149293192479
2008-03-10,74.440002,75.650002,74.199997,74.739998,8.975776,12689700,131758803540.00002,0.29999599999999305,0.4030037505909699
2008-03-11,75.669998,75.800003,74.300003,75.25,9.037023,17764800,133935896460.00002,-0.41999800000000675,-0.5550389997367341
2008-03-12,75.139999,75.139999,73.43,73.660004,8.846073,18243400,132997798230.0,-1.4799950000000024,-1.9696500129045815
2008-03-13,72.989998,73.629997,72.099998,73.449997,8.820854,17707100,129192296460.0,0.45999899999999627,0.6302219654807996
2008-03-14,73.510002,73.809998,71.349998,71.779999,8.620297,24058200,130112703540.0,-1.7300029999999964,-2.353425320271378
2008-03-17,70.419998,71.0,69.309998,69.970001,8.491654,17607900,124643396460.00002,-0.4499970000000104,-0.6390187628236093
2008-03-18,70.459999,71.669998,68.0,71.559998,8.684617,22326000,124714198230.0,1.0999989999999968,1.5611680607602576
2008-03-19,71.779999,72.230003,70.559998,70.779999,8.589959,19647600,127050598230.0,-1.0,-1.3931457424511806
2008-03-20,70.779999,71.0,70.0,70.260002,8.526852,16383000,125280598230.0,-0.5199970000000036,-0.7346665828576849
2008-03-24,71.260002,72.080002,71.260002,71.68,8.699184,9981000,126130203540.0,0.41999800000000675,0.5893881395063766
2008-03-25,71.559998,73.330002,71.519997,73.330002,8.89943,13139500,126661196459.99998,1.7700040000000001,2.4734545129528938
2008-03-26,73.169998,73.5,72.739998,73.0,8.859381,15852200,129510896460.00002,-0.16999800000000675,-0.23233292967973942
2008-03-27,73.239998,73.910004,73.029999,73.220001,8.886079,22975600,129634796460.0,-0.019997000000003595,-0.02730338687339068
2008-03-28,73.599998,74.589996,73.330002,73.830002,8.96011,17760000,130271996460.0,0.23000399999999388,0.3125054432745961
2008-03-31,23.120001,23.719999,21.950001,22.200001,8.73581,33447900,40922401770.0,-0.9199999999999982,-3.9792385822128566
2008-04-01,21.24,22.219999,20.950001,22.15,8.716137,64113000,37594800000.0,0.9100000000000001,4.284369114877591
2008-04-02,22.370001,22.530001,21.85,22.08,8.688591,39490000,39594901770.0,-0.2900010000000002,-1.296383491444637
2008-04-03,22.040001,22.76,21.549999,22.01,8.661047,38455200,39010801770.0,-0.030000999999998612,-0.13612068347909154
2008-04-04,22.139999,22.139999,21.65,21.709999,8.542995,21425300,39187798230.0,-0.4299999999999997,-1.9421861762505037
2008-04-07,21.75,22.01,21.75,21.879999,8.609887,28600800,38497500000.0,0.12999900000000153,0.597696551724145
2008-04-08,21.959999,21.959999,21.290001,21.43,8.432811,19844800,38869198230.0,-0.5299990000000001,-2.4134746089924692
2008-04-09,21.48,21.57,20.83,20.91,8.228189,20155700,38019600000.0,-0.5700000000000003,-2.6536312849162025
2008-04-10,20.9,21.83,20.85,21.690001,8.535123,27828800,36993000000.0,0.7900010000000002,3.779909090909092
2008-04-11,21.48,21.82,21.0,21.370001,8.409204,21843100,38019600000.0,-0.10999900000000196,-0.5120996275605305
2008-04-14,21.41,21.6,21.33,21.540001,8.4761,18189100,37895700000.0,0.13000100000000003,0.6071975712283981
2008-04-15,21.639999,21.77,21.299999,21.709999,8.542995,17133600,38302798230.0,0.07000000000000028,0.323475061158738
2008-04-16,21.58,21.73,21.190001,21.67,8.527253,23876200,38196600000.0,0.09000000000000341,0.4170528266913967
2008-04-17,21.59,22.0,21.559999,21.860001,8.602022,17537700,38214300000.0,0.2700010000000006,1.250583603520151
2008-04-18,21.950001,22.16,21.76,22.1,8.696461,18095200,38851501770.0,0.1499990000000011,0.6833667114639361
2008-04-21,22.110001,22.209999,21.870001,22.16,8.720072,15612200,39134701770.0,0.04999899999999968,0.2261374841186108
2008-04-22,22.110001,22.299999,21.959999,22.049999,8.676785,12744000,39134701770.0,-0.06000200000000078,-0.2713794540307835
2008-04-23,22.129999,22.540001,22.02,22.299999,8.77516,22160900,39170098230.0,0.16999999999999815,0.7681880148299968
2008-04-24,22.440001,22.66,22.26,22.530001,8.865668,15704600,39718801770.0,0.08999999999999986,0.4010695008436045
2008-04-25,21.799999,21.9,21.200001,21.700001,8.53906,30215300,38585998230.0,-0.09999799999999937,-0.4587064430599257
2008-04-28,21.5,21.59,21.23,21.290001,8.377723,22949900,38055000000.0,-0.20999899999999982,-0.97673953488372
2008-04-29,21.1,21.379999,20.110001,20.24,7.964539,47218900,37347000000.0,-0.860000000000003,-4.075829383886269
2008-04-30,20.35,20.379999,19.99,20.0,7.870102,30021400,36019500000.0,-0.3500000000000014,-1.7199017199017268
2008-05-01,20.18,20.209999,19.950001,20.120001,7.917323,22304100,35718600000.0,-0.059999000000001246,-0.297319127849362
2008-05-02,20.08,20.530001,19.98,20.43,8.039307,17931400,35541600000.0,0.3500000000000014,1.7430278884462223
2008-05-05,20.75,20.860001,20.5,20.709999,8.149489,18785700,36727500000.0,-0.040001000000000175,-0.19277590361445868
2008-05-06,20.75,20.959999,20.51,20.889999,8.220319,15793100,36727500000.0,0.13999899999999954,0.6746939759036122
2008-05-07,20.83,21.07,20.790001,20.83,8.196712,17979000,36869100000.0,0.0,0.0
2008-05-08,20.92,21.35,20.84,21.33,8.393462,17350400,37028400000.0,0.4099999999999966,1.9598470363288556
2008-05-09,21.040001,21.33,20.889999,20.940001,8.239995,19028600,37240801770.0,-0.10000000000000142,-0.47528514851307
2008-05-12,20.950001,21.620001,20.9,21.58,8.491838,15363100,37081501770.0,0.629998999999998,3.007154987725289
2008-05-13,21.57,22.0,21.5,21.92,8.625632,19898900,38178900000.0,0.3500000000000014,1.6226240148354263
2008-05-14,21.93,22.15,21.860001,22.0,8.65711,14743400,38816100000.0,0.07000000000000028,0.3191974464204299
2008-05-15,22.02,22.379999,22.0,22.34,8.790902,15962200,38975400000.0,0.3200000000000003,1.4532243415077215
2008-05-16,22.299999,22.49,22.059999,22.450001,8.834189,13957100,39470998230.0,0.15000200000000063,0.6726547386840719
2008-05-19,22.33,22.85,22.33,22.559999,8.877474,18326300,39524100000.0,0.22999900000000295,1.0300000000000133
2008-05-20,22.559999,22.799999,22.379999,22.440001,8.830253,20543100,39931198230.0,-0.11999800000000249,-0.5319060519462013
2008-05-21,22.52,22.84,22.280001,22.370001,8.802708,18871100,39860400000.0,-0.1499990000000011,-0.666070159857909
2008-05-22,22.43,23.02,22.370001,22.77,8.960111,16170400,39701100000.0,0.33999999999999986,1.5158270173874269
2008-05-23,22.870001,22.870001,22.17,22.280001,8.767292,15424200,40479901770.0,-0.5899999999999999,-2.5797987503367397
2008-05-27,22.33,22.530001,22.1,22.48,8.84599,19361300,39524100000.0,0.15000000000000213,0.6717420510524055
2008-05-28,22.68,22.700001,22.01,22.33,8.786967,13738500,40143600000.0,-0.3500000000000014,-1.5432098765432163
2008-05-29,22.33,22.690001,22.33,22.450001,8.834189,9779300,39524100000.0,0.12000100000000202,0.5373981191222662
2008-05-30,22.5,22.549999,22.209999,22.26,8.759419,10254600,39825000000.0,-0.23999999999999844,-1.0666666666666598
2008-06-02,22.32,22.35,21.969999,22.030001,8.668918,12114900,39506400000.0,-0.28999900000000167,-1.299278673835133
2008-06-03,22.059999,22.23,21.9,21.98,8.64924,13058600,39046198230.0,-0.07999900000000082,-0.3626428088233405
2008-06-04,21.940001,22.1,21.91,22.059999,8.680722,14539700,38833801770.0,0.11999800000000249,0.5469370762562978
2008-06-05,22.15,22.309999,22.0,22.16,8.720072,9971400,39205500000.0,0.010000000000001563,0.04514672686230954
2008-06-06,22.1,22.309999,21.52,21.530001,8.472165,16895400,39117000000.0,-0.5699990000000028,-2.5791809954751255
2008-06-09,21.67,21.68,21.01,21.16,8.326569,16356900,38355900000.0,-0.5100000000000016,-2.353484079372411
2008-06-10,21.059999,21.190001,20.75,21.129999,8.314761,14056300,37276198230.0,0.07000000000000028,0.3323836814997013
2008-06-11,21.08,21.09,20.67,20.719999,8.266883,14253700,37311600000.0,-0.3600009999999969,-1.7077846299810102
2008-06-12,20.85,21.209999,20.799999,20.940001,8.354659,16680700,36904500000.0,0.09000099999999733,0.4316594724220495
2008-06-13,21.059999,21.059999,20.75,20.9,8.3387,15083000,37276198230.0,-0.15999900000000267,-0.7597293808038769
2008-06-16,21.0,21.0,20.540001,20.6,8.219006,14507000,37170000000.0,-0.3999999999999986,-1.904761904761898
2008-06-17,20.66,20.860001,20.59,20.719999,8.266883,14685600,36568200000.0,0.059999000000001246,0.29041142303969625
2008-06-18,20.610001,20.780001,20.610001,20.709999,8.262894,10525700,36479701770.0,0.09999799999999937,0.48519163099506574
2008-06-19,20.66,20.98,20.610001,20.85,8.318752,17584700,36568200000.0,0.19000000000000128,0.9196515004840333
2008-06-20,20.73,20.879999,20.66,20.780001,8.290825,16869600,36692100000.0,0.050000999999998186,0.24120115774239353
2008-06-23,20.83,21.09,20.77,20.9,8.3387,14896500,36869100000.0,0.07000000000000028,0.33605376860297786
2008-06-24,20.790001,21.15,20.75,21.110001,8.422486,15277000,36798301770.0,0.3200000000000003,1.539201465165876
2008-06-25,21.23,21.84,21.200001,21.32,8.506272,16915000,37577100000.0,0.08999999999999986,0.42392840320301395
2008-06-26,21.049999,21.49,20.969999,20.969999,8.36663,12056400,37258498230.0,-0.0799999999999983,-0.3800475239927484
2008-06-27,20.969999,20.98,20.25,20.35,8.119261,15261000,37116898230.0,-0.619999,-2.9566000456175505
2008-06-30,20.34,20.73,20.33,20.559999,8.203048,10001400,36001800000.0,0.2199990000000014,1.081607669616526
2008-07-01,20.35,20.48,20.0,20.120001,8.027496,21280500,36019500000.0,-0.22999900000000295,-1.1302162162162308
2008-07-02,20.32,20.35,19.860001,19.92,7.947698,17234400,35966400000.0,-0.3999999999999986,-1.968503937007867
2008-07-03,19.93,20.16,19.84,20.120001,8.027496,9133400,35276100000.0,0.19000099999999875,0.953341695935769
2008-07-07,20.16,20.700001,20.030001,20.52,8.187087,15512800,35683200000.0,0.35999999999999943,1.785714285714283
2008-07-08,20.48,21.059999,20.469999,21.049999,8.398546,14049800,36249600000.0,0.5699989999999993,2.7831982421874963
2008-07-09,21.110001,21.27,20.77,20.959999,8.36264,13454200,37364701770.0,-0.15000200000000063,-0.7105731544020326
2008-07-10,21.01,21.280001,20.690001,21.23,8.470366,10925500,37187700000.0,0.21999999999999886,1.047120418848162
2008-07-11,20.940001,21.549999,20.66,21.26,8.482333,12873600,37063801770.0,0.3199990000000028,1.5281708916823968
2008-07-14,21.33,21.52,20.85,20.969999,8.36663,11119600,37754100000.0,-0.3600009999999969,-1.6877684013126906
2008-07-15,20.610001,21.24,20.610001,20.690001,8.254917,14650600,36479701770.0,0.0799999999999983,0.38816106801740713
2008-07-16,20.700001,21.02,20.52,20.84,8.314763,12418400,36639001770.0,0.13999899999999954,0.6763236388249427
2008-07-17,21.030001,21.08,20.5,20.65,8.238954,16186200,37223101770.0,-0.38000100000000003,-1.806947132337274
2008-07-18,20.629999,20.780001,20.360001,20.450001,8.159161,14566100,36515098230.0,-0.1799980000000012,-0.872506101430258
2008-07-21,20.530001,20.65,20.209999,20.27,8.087345,9049800,36338101770.0,-0.26000099999999904,-1.2664441662715897
2008-07-22,20.15,20.639999,20.1,20.6,8.219006,15904000,35665500000.0,0.45000000000000284,2.2332506203474085
2008-07-23,20.629999,21.219999,20.629999,21.209999,8.462385,12786000,36515098230.0,0.5799999999999983,2.8114397872728847
2008-07-24,21.18,21.450001,20.700001,20.809999,8.302795,12992200,37488600000.0,-0.37000099999999847,-1.7469357884796908
2008-07-25,20.85,21.34,20.76,21.07,8.406528,10131300,36904500000.0,0.21999999999999886,1.0551558752997547
2008-07-28,21.139999,21.190001,20.809999,20.9,8.3387,8322700,37417798230.0,-0.23999900000000096,-1.1352838758412476
2008-07-29,20.92,21.469999,20.870001,21.370001,8.52622,11238300,37028400000.0,0.45000099999999676,2.151056405353713
2008-07-30,21.299999,21.860001,21.18,21.700001,8.657887,13536000,37700998230.0,0.40000200000000063,1.877943750138207
2008-07-31,21.129999,21.469999,20.1,20.35,8.119261,26812200,37400098230.0,-0.7799990000000001,-3.6914294222162534
2008-08-01,20.540001,20.98,20.459999,20.9,8.3387,13795500,36355801770.0,0.3599989999999984,1.752672748165876
2008-08-04,20.950001,21.139999,20.799999,21.07,8.406528,10185800,37081501770.0,0.11999899999999997,0.5727875621581114
2008-08-05,21.1,21.41,20.73,21.370001,8.52622,11658200,37347000000.0,0.27000099999999705,1.2796255924170477
2008-08-06,21.08,21.469999,20.99,21.24,8.474356,17064700,37311600000.0,0.16000000000000014,0.7590132827324485
2008-08-07,21.15,21.35,20.85,20.889999,8.334709,10692800,37435500000.0,-0.26000099999999904,-1.2293191489361657
2008-08-08,20.75,21.030001,20.67,20.950001,8.358653,16714300,36727500000.0,0.20000100000000032,0.9638602409638569
2008-08-11,20.959999,21.4,20.950001,21.24,8.474356,11184500,37099198230.0,0.2800009999999986,1.3358826973226412
2008-08-12,21.299999,21.809999,21.129999,21.709999,8.661874,13993100,37700998230.0,0.41000000000000014,1.9248827194780624
2008-08-13,21.620001,21.75,21.469999,21.549999,8.598036,8145700,38267401770.0,-0.07000199999999879,-0.3237835187889158
2008-08-14,21.48,21.540001,21.280001,21.4,8.538192,11189400,38019600000.0,-0.08000000000000185,-0.3724394785847386
2008-08-15,21.469999,21.799999,21.32,21.6,8.617986,10133900,38001898230.0,0.13000100000000003,0.6055007268514546
2008-08-18,21.68,21.74,21.25,21.34,8.514253,7518000,38373600000.0,-0.33999999999999986,-1.5682656826568258
2008-08-19,21.27,21.34,20.889999,20.98,8.370618,11068000,37647900000.0,-0.28999999999999915,-1.3634226610249136
2008-08-20,21.07,21.07,20.75,20.99,8.374609,8340100,37293900000.0,-0.08000000000000185,-0.3796867584243087
2008-08-21,20.879999,20.950001,20.65,20.91,8.34269,8857900,36957598230.0,0.030000999999998612,0.1436829570729319
2008-08-22,20.950001,21.07,20.75,20.92,8.34668,6605900,37081501770.0,-0.030000999999998612,-0.14320285712634864
2008-08-25,20.799999,21.1,20.709999,20.799999,8.298802,8305900,36815998230.0,0.0,0.0
2008-08-26,20.83,20.9,20.65,20.780001,8.290825,7270800,36869100000.0,-0.04999899999999968,-0.2400336053768588
2008-08-27,20.76,20.889999,20.530001,20.620001,8.226983,8421400,36745200000.0,-0.1399990000000031,-0.6743689788054098
2008-08-28,20.629999,21.040001,20.629999,21.040001,8.394556,10030200,36515098230.0,0.41000199999999865,1.9874067856232014
2008-08-29,21.01,21.440001,21.01,21.030001,8.390569,10668200,37187700000.0,0.02000099999999705,0.09519752498808684
2008-09-02,21.129999,21.700001,21.120001,21.35,8.51824,19930300,37400098230.0,0.2200009999999999,1.0411784685839307
2008-09-03,21.35,21.610001,21.059999,21.26,8.482333,11884000,37789500000.0,-0.08999999999999986,-0.4215456674473061
2008-09-04,21.25,21.389999,20.629999,20.66,8.242947,14599500,37612500000.0,-0.5899999999999999,-2.7764705882352936
2008-09-05,20.74,21.190001,20.709999,20.950001,8.358653,18125500,36709800000.0,0.21000100000000188,1.0125409836065664
2008-09-08,21.379999,21.85,20.780001,20.969999,8.36663,29608400,37842598230.0,-0.41000000000000014,-1.917680164531346
2008-09-09,21.1,21.5,20.66,20.66,8.242947,20505600,37347000000.0,-0.4400000000000013,-2.085308056872044
2008-09-10,20.799999,21.07,20.709999,20.76,8.28284,12428500,36815998230.0,-0.03999899999999812,-0.192302893860707
2008-09-11,20.41,20.93,20.299999,20.91,8.4733,17644900,36125700000.0,0.5,2.449779519843214
2008-09-12,20.83,21.18,20.639999,21.16,8.574608,14333700,36869100000.0,0.33000000000000185,1.5842534805568982
2008-09-15,20.65,21.1,20.51,20.91,8.4733,15229000,36550500000.0,0.26000000000000156,1.2590799031477073
2008-09-16,20.68,20.809999,20.25,20.639999,8.363888,15964900,36603600000.0,-0.040001000000000175,-0.19342843326885967
2008-09-17,20.59,20.709999,19.74,19.870001,8.051863,33192800,36444300000.0,-0.7199990000000014,-3.4968382710053496
2008-09-18,20.110001,20.59,19.83,20.219999,8.193693,24155800,35594701770.0,0.10999800000000093,0.5469815739939592
2008-09-19,20.809999,20.879999,20.01,20.540001,8.32336,20262500,36833698230.0,-0.26999800000000107,-1.297443599108299
2008-09-22,20.68,20.75,20.01,20.040001,8.120754,14001000,36603600000.0,-0.6399989999999995,-3.094772727272725
2008-09-23,20.1,20.43,19.780001,19.780001,8.015389,12235700,35577000000.0,-0.3199990000000028,-1.5920348258706605
2008-09-24,20.030001,20.049999,19.700001,19.879999,8.055914,15038100,35453101770.0,-0.15000199999999708,-0.7488866326067437
2008-09-25,19.969999,20.690001,19.950001,20.48,8.299052,20582600,35346898230.0,0.510000999999999,2.5538358815140603
2008-09-26,20.24,20.959999,20.15,20.889999,8.465196,14886900,35824800000.0,0.6499990000000011,3.211457509881429
2008-09-29,20.709999,20.719999,19.26,19.35,7.841145,24779000,36656698230.0,-1.3599989999999984,-6.5668713938614784
2008-09-30,19.85,20.23,19.700001,19.84,8.03971,20014800,35134500000.0,-0.010000000000001563,-0.050377833753156485
2008-10-01,19.799999,20.74,19.690001,20.549999,8.327416,21780600,35045998230.0,0.75,3.7878789791858067
2008-10-02,20.459999,20.690001,19.99,20.08,8.136961,20495100,36214198230.0,-0.37999900000000153,-1.857277705634304
2008-10-03,20.33,20.91,20.120001,20.290001,8.222056,17797600,35984100000.0,-0.03999899999999812,-0.19674864731922342
2008-10-06,19.93,20.540001,18.77,19.33,7.83304,28732200,35276100000.0,-0.6000000000000014,-3.010536879076776
2008-10-07,19.83,19.93,18.48,18.52,7.504808,24983400,35099100000.0,-1.3099999999999987,-6.606152294503271
2008-10-08,18.17,19.17,17.860001,18.1,7.334613,31038200,32160900000.000004,-0.07000000000000028,-0.3852504127683009
2008-10-09,18.52,18.85,17.0,17.379999,7.042846,31701400,32780400000.0,-1.140000999999998,-6.155512958963272
2008-10-10,16.5,17.84,16.26,17.16,6.953697,48657000,29205000000.0,0.6600000000000001,4.000000000000001
2008-10-13,18.35,20.309999,18.110001,19.969999,8.092386,30261800,32479500000.000004,1.619999,8.828332425068119
2008-10-14,20.639999,20.74,18.92,19.549999,7.922188,33696500,36532798230.0,-1.0899999999999999,-5.281008007800775
2008-10-15,19.25,19.5,17.959999,18.07,7.322454,21031300,34072500000.0,-1.1799999999999997,-6.129870129870128
2008-10-16,18.709999,19.309999,17.629999,19.0,7.699317,32673400,33116698230.0,0.2900010000000002,1.5499787039005195
2008-10-17,18.790001,20.24,18.58,19.32,7.828988,28075300,33258301770.0,0.5299990000000001,2.8206438094388613
2008-10-20,19.93,20.440001,19.51,20.360001,8.250423,19608600,35276100000.0,0.43000100000000074,2.1575564475664866
2008-10-21,19.780001,20.190001,19.25,19.379999,7.853303,18677900,35010601770.0,-0.4000019999999971,-2.022254700593782
2008-10-22,19.139999,19.879999,18.9,19.290001,7.816831,28292600,33877798230.0,0.15000200000000063,0.7837095498280884
2008-10-23,19.33,20.0,18.860001,19.58,7.934346,27313700,34214099999.999996,0.25,1.2933264355923437
2008-10-24,18.5,19.48,18.5,19.219999,7.788466,28994400,32745000000.0,0.7199990000000014,3.891886486486494
2008-10-27,18.950001,19.27,18.459999,18.459999,7.48049,19372000,33541501770.0,-0.4900020000000005,-2.5857623965296916
2008-10-28,19.02,19.549999,18.25,19.530001,7.914089,25128000,33665400000.0,0.510000999999999,2.6813932702418457
2008-10-29,19.41,19.969999,19.07,19.139999,7.756049,26127800,34355700000.0,-0.2700010000000006,-1.391040700669761
2008-10-30,19.75,19.9,18.74,19.16,7.764153,23861600,34957500000.0,-0.5899999999999999,-2.987341772151898
2008-10-31,19.139999,19.690001,19.0,19.190001,7.77631,16765000,33877798230.0,0.050001999999999214,0.26124348282358434
2008-11-03,19.389999,19.389999,18.940001,19.129999,7.751994,11842900,34320298230.0,-0.259999999999998,-1.340897438932297
2008-11-04,19.42,19.59,19.0,19.09,7.735785,18010400,34373400000.0,-0.33000000000000185,-1.699279093717826
2008-11-05,18.879999,19.18,18.200001,18.24,7.391341,19502300,33417598230.000004,-0.6399990000000031,-3.3898253914102594
2008-11-06,18.360001,18.370001,17.469999,17.65,7.152262,24551700,32497201770.0,-0.7100010000000019,-3.867107632510488
2008-11-07,17.799999,18.209999,17.799999,17.98,7.285984,13869500,31505998230.0,0.18000100000000074,1.0112416298450395
2008-11-10,18.32,18.4,17.6,17.82,7.221147,16177200,32426400000.0,-0.5,-2.7292576419213974
2008-11-11,17.77,17.950001,17.120001,17.33,7.022588,19967600,31452900000.0,-0.4400000000000013,-2.4760832864378237
2008-11-12,17.190001,17.200001,16.5,16.58,6.718666,26250900,30426301769.999996,-0.6100010000000005,-3.5485803636660664
2008-11-13,16.73,16.98,15.9,16.68,6.759188,35649300,29612100000.0,-0.05000000000000071,-0.2988643156007215
2008-11-14,16.459999,16.809999,16.200001,16.26,6.588993,21707200,29134198230.0,-0.19999899999999826,-1.2150608271604284
2008-11-17,16.040001,16.950001,15.97,16.200001,6.564679,26725800,28390801770.0,0.16000000000000014,0.9975061722253018
2008-11-18,16.26,16.959999,16.0,16.959999,6.872651,26727200,28780200000.000004,0.6999989999999983,4.305036900368993
2008-11-19,16.860001,17.200001,16.41,16.5,6.686248,23374700,29842201770.0,-0.36000100000000046,-2.1352371212789394
2008-11-20,16.26,16.4,14.34,14.45,5.855534,40805900,28780200000.000004,-1.8100000000000023,-11.131611316113174
2008-11-21,15.02,15.53,14.51,15.49,6.276969,41011500,26585400000.0,0.47000000000000064,3.1291611185086596
2008-11-24,15.99,15.99,15.23,15.43,6.252654,30125400,28302300000.0,-0.5600000000000005,-3.5021888680425293
2008-11-25,15.9,16.02,15.44,15.8,6.402589,23855500,28143000000.0,-0.09999999999999964,-0.6289308176100606
2008-11-26,15.69,15.93,15.5,15.87,6.430952,21087800,27771300000.0,0.17999999999999972,1.1472275334608013
2008-11-28,15.84,16.08,15.63,16.08,6.516051,10449500,28036800000.0,0.23999999999999844,1.5151515151515054
2008-12-01,16.0,16.030001,15.22,15.26,6.183765,18922800,28320000000.0,-0.7400000000000002,-4.625000000000002
2008-12-02,15.51,15.55,14.8,15.09,6.114877,25643400,27452700000.0,-0.41999999999999993,-2.707930367504835
2008-12-03,14.93,15.59,14.86,15.5,6.281022,24357100,26426100000.0,0.5700000000000003,3.8178164768921654
2008-12-04,15.37,15.5,14.9,15.03,6.090564,23232600,27204900000.0,-0.33999999999999986,-2.2121014964215995
2008-12-05,14.88,15.12,14.62,15.0,6.078406,33939600,26337600000.0,0.11999999999999922,0.8064516129032205
2008-12-08,15.34,15.48,14.76,15.0,6.078406,28291900,27151800000.0,-0.33999999999999986,-2.2164276401564527
2008-12-09,14.99,15.18,14.79,14.93,6.050042,24270200,26532300000.0,-0.0600000000000005,-0.40026684456304534
2008-12-10,15.03,15.13,14.93,15.06,6.102722,18430300,26603100000.0,0.030000000000001137,0.1996007984032012
2008-12-11,15.23,15.25,14.96,15.02,6.086513,24396200,26957100000.0,-0.21000000000000085,-1.378857518056473
2008-12-12,14.89,15.41,14.75,15.34,6.216185,24099900,26355300000.0,0.4499999999999993,3.0221625251846826
2008-12-15,15.71,15.88,14.96,15.21,6.163506,25594200,27806700000.0,-0.5,-3.1826861871419476
2008-12-16,15.29,15.36,14.42,14.54,5.892004,50835700,27063300000.0,-0.75,-4.905166775670373
2008-12-17,14.71,15.0,14.46,14.67,5.944682,32966000,26036700000.0,-0.040000000000000924,-0.271923861318837
2008-12-18,14.88,15.24,14.85,15.18,6.151349,33692500,26337600000.0,0.29999999999999893,2.016129032258057
2008-12-19,15.49,15.75,15.2,15.28,6.191872,33295900,27417300000.0,-0.21000000000000085,-1.3557133634603025
2008-12-22,15.19,15.22,14.49,14.73,6.096674,23488700,26886300000.0,-0.4599999999999991,-3.0283080974325154
2008-12-23,14.76,14.92,14.63,14.72,6.092536,15469400,26125200000.0,-0.03999999999999915,-0.27100271002709453
2008-12-24,14.82,14.99,14.7,14.9,6.167037,6131500,26231400000.0,0.08000000000000007,0.5398110661268561
2008-12-26,15.0,15.1,14.94,15.06,6.233261,8336100,26550000000.0,0.0600000000000005,0.4000000000000033
2008-12-29,15.07,15.19,14.91,15.19,6.287065,15939200,26673900000.0,0.11999999999999922,0.7962840079628349
2008-12-30,15.21,15.34,15.09,15.33,6.345012,15208800,26921700000.0,0.11999999999999922,0.7889546351084761
2008-12-31,15.37,15.41,15.03,15.06,6.233261,18256100,27204900000.0,-0.3099999999999987,-2.016916070266745
2009-01-02,15.18,15.25,14.96,15.2,6.291206,18379100,26868600000.0,0.019999999999999574,0.13175230566534632
2009-01-05,15.15,15.44,15.1,15.38,6.365707,24224200,26815500000.0,0.23000000000000043,1.518151815181521
2009-01-06,15.47,15.6,15.04,15.15,6.270508,24478500,27381900000.0,-0.3200000000000003,-2.0685197155785406
2009-01-07,15.07,15.21,15.01,15.09,6.245677,17684600,26673900000.0,0.019999999999999574,0.13271400132713718
2009-01-08,15.13,15.2,15.0,15.1,6.249816,19361900,26780100000.0,-0.030000000000001137,-0.19828155981494472
2009-01-09,15.23,15.6,15.13,15.48,6.407095,22106300,26957100000.0,0.25,1.6414970453053184
2009-01-12,15.59,16.25,15.2,15.79,6.535405,33828200,27594300000.0,0.1999999999999993,1.2828736369467564
2009-01-13,16.02,16.27,15.77,16.219999,6.713379,35456900,28355400000.0,0.19999900000000181,1.2484332084893994
2009-01-14,16.049999,16.219999,15.82,16.18,6.696822,29341600,28408498230.0,0.13000100000000003,0.8099751283473603
2009-01-15,16.24,16.5,16.049999,16.370001,6.775462,27687300,28744799999.999996,0.13000100000000003,0.8004987684729067
2009-01-16,16.68,16.950001,16.309999,16.84,6.969994,28722900,29523600000.0,0.16000000000000014,0.9592326139088737
2009-01-20,16.950001,17.629999,16.799999,17.16,7.102439,38668800,30001501770.0,0.20999899999999982,1.2389320802989914
2009-01-21,17.42,17.52,16.459999,16.969999,7.023798,31220400,30833400000.000004,-0.4500010000000003,-2.5832433983926535
2009-01-22,16.76,17.08,16.66,16.959999,7.019659,18683000,29665200000.000004,0.19999899999999826,1.1933114558472449
2009-01-23,16.709999,17.02,16.59,16.84,6.969994,15210100,29576698230.0,0.13000100000000003,0.7779832901246735
2009-01-26,16.99,17.1,16.59,16.690001,6.90791,16574900,30072299999.999996,-0.2999989999999997,-1.7657386698057664
2009-01-27,16.76,17.0,16.700001,16.93,7.007244,17313400,29665200000.000004,0.16999999999999815,1.0143198090692014
2009-01-28,17.07,17.07,16.5,16.799999,6.953435,19674100,30213900000.0,-0.2700010000000006,-1.5817281780902204
2009-01-29,16.99,17.07,16.77,16.84,6.969994,21537600,30072299999.999996,-0.14999999999999858,-0.8828722778104685
2009-01-30,16.9,16.99,16.51,16.540001,6.845825,27836100,29912999999.999996,-0.3599989999999984,-2.130171597633127
2009-02-02,16.440001,16.93,16.4,16.690001,6.90791,19742300,29098801769.999996,0.25,1.5206811727079579
2009-02-03,16.76,17.0,16.73,16.93,7.007244,22449800,29665200000.000004,0.16999999999999815,1.0143198090692014
2009-02-04,16.940001,17.030001,16.700001,16.75,6.932746,25090000,29983801769.999996,-0.19000099999999875,-1.121611504037094
2009-02-05,16.76,16.780001,16.32,16.469999,6.816851,22783800,29665200000.000004,-0.2900010000000002,-1.730316229116946
2009-02-06,16.51,16.98,16.360001,16.959999,7.019659,20449500,29222700000.000004,0.44999899999999826,2.7256147789218548
2009-02-09,16.92,16.940001,16.709999,16.809999,6.957576,12358900,29948400000.000004,-0.11000100000000046,-0.65012411347518
2009-02-10,16.870001,16.9,16.35,16.469999,6.816851,20218600,29859901769.999996,-0.4000019999999971,-2.37108462530617
2009-02-11,16.549999,16.73,16.42,16.469999,6.816851,14460300,29293498230.0,-0.0799999999999983,-0.48338371500806915
2009-02-12,16.469999,16.58,16.17,16.549999,6.849962,19628400,29151898230.000004,0.0799999999999983,0.48573166276451074
2009-02-13,16.35,16.389999,15.84,15.92,6.589209,24584200,28939500000.000004,-0.4300000000000015,-2.6299694189602536
2009-02-17,15.65,15.76,15.42,15.57,6.444347,21262000,27700500000.0,-0.08000000000000007,-0.5111821086261985
2009-02-18,15.63,15.75,15.41,15.53,6.427788,19202400,27665100000.0,-0.10000000000000142,-0.6397952655150443
2009-02-19,15.07,15.85,15.07,15.7,6.498153,16614500,26673900000.0,0.629999999999999,4.180491041804904
2009-02-20,14.89,15.61,14.89,15.46,6.398819,18226300,26355300000.0,0.5700000000000003,3.828072531900606
2009-02-23,14.83,15.59,14.83,15.05,6.229123,17282400,26249100000.0,0.22000000000000064,1.483479433580584
2009-02-24,15.13,15.44,15.0,15.37,6.361566,19460000,26780100000.0,0.23999999999999844,1.5862524785194874
2009-02-25,15.35,15.62,15.15,15.41,6.378124,37556500,27169500000.0,0.0600000000000005,0.3908794788273648
2009-02-26,15.58,15.75,15.11,15.12,6.258095,13070600,27576600000.0,-0.46000000000000085,-2.952503209242624
2009-02-27,15.0,15.59,14.9,15.44,6.39054,27385400,26550000000.0,0.4399999999999995,2.93333333333333
2009-03-02,15.24,15.41,15.0,15.07,6.2374,21945700,26974800000.0,-0.16999999999999993,-1.1154855643044614
2009-03-03,15.06,15.1,14.5,14.62,6.051144,32405400,26656200000.0,-0.4400000000000013,-2.92164674634795
2009-03-04,14.88,15.22,14.58,15.07,6.2374,23394900,26337600000.0,0.1899999999999995,1.2768817204301042
2009-03-05,15.11,15.98,15.0,15.65,6.477458,34902000,26744700000.0,0.5400000000000009,3.5737921906022563
2009-03-06,15.81,15.84,15.47,15.72,6.506431,22881100,27983700000.0,-0.08999999999999986,-0.5692599620493349
2009-03-09,15.61,15.99,15.51,15.86,6.564378,20552300,27629700000.0,0.25,1.6015374759769379
2009-03-10,16.059999,16.65,15.88,16.6,6.870659,27199900,28426198230.000004,0.5400010000000002,3.362397469638698
2009-03-11,16.700001,16.719999,16.25,16.389999,6.783739,23460000,29559001770.0,-0.3100020000000008,-1.8562992900419633
2009-03-12,16.07,16.389999,15.83,16.299999,6.880832,19503300,28443900000.0,0.2299989999999994,1.4312321095208425
2009-03-13,16.280001,16.860001,16.059999,16.68,7.041245,18089400,28815601769.999996,0.3999990000000011,2.456996163575181
2009-03-16,16.709999,17.24,16.709999,16.91,7.138336,18201800,29576698230.0,0.20000100000000032,1.1968941470313692
2009-03-17,16.969999,17.23,16.700001,17.219999,7.2692,15229300,30036898230.000004,0.25,1.473188065597411
2009-03-18,16.959999,17.15,16.66,16.85,7.113008,19289200,30019198230.0,-0.1099989999999984,-0.648579047675642
2009-03-19,16.940001,16.98,16.43,16.690001,7.045465,18859400,29983801769.999996,-0.25,-1.475796843223327
2009-03-20,16.799999,17.1,16.65,16.780001,7.083457,18530500,29735998230.0,-0.01999800000000107,-0.11903572137118025
2009-03-23,16.959999,17.110001,16.67,17.110001,7.222765,15539800,30019198230.0,0.15000200000000063,0.8844458068659121
2009-03-24,17.120001,17.32,16.91,17.219999,7.2692,14150700,30302401769.999996,0.09999800000000292,0.5841004331717208
2009-03-25,17.200001,17.4,17.01,17.27,7.290307,13421700,30444001770.0,0.06999899999999926,0.4069709065714546
2009-03-26,17.35,17.389999,16.84,17.209999,7.264978,19915500,30709500000.000004,-0.1400010000000016,-0.8069221902017383
2009-03-27,17.0,17.0,16.43,16.559999,6.990586,17200100,30090000000.0,-0.44000099999999875,-2.588241176470581
2009-03-30,16.34,16.74,16.16,16.379999,6.914603,13237300,28921800000.0,0.03999900000000167,0.2447919216646369
2009-03-31,16.49,16.540001,15.82,16.02,6.762636,24162100,29187299999.999996,-0.46999999999999886,-2.8502122498483864
2009-04-01,15.84,16.4,15.76,16.299999,6.880832,16588600,28036800000.0,0.4599989999999998,2.90403409090909
2009-04-02,16.4,16.450001,16.030001,16.110001,6.800625,19276000,29027999999.999996,-0.2899989999999981,-1.7682865853658425
2009-04-03,16.01,16.209999,15.97,16.16,6.821733,13762900,28337700000.000004,0.14999999999999858,0.9369144284821896
2009-04-06,16.059999,16.209999,15.97,16.16,6.821733,11402400,28426198230.000004,0.1000009999999989,0.6226712716482665
2009-04-07,16.129999,16.530001,16.0,16.290001,6.876611,14695600,28550098230.000004,0.16000199999999865,0.9919529443244146
2009-04-08,16.32,16.48,16.18,16.389999,6.918822,9260400,28886400000.0,0.06999899999999926,0.4289154411764661
2009-04-09,16.370001,16.48,16.030001,16.309999,6.885053,15841000,28974901769.999996,-0.060001999999997224,-0.36653632458542446
2009-04-13,16.48,16.639999,16.309999,16.559999,6.990586,14313400,29169600000.0,0.07999900000000082,0.48543082524272346
2009-04-14,16.51,16.620001,16.18,16.48,6.956818,14195200,29222700000.000004,-0.030000000000001137,-0.1817080557238106
2009-04-15,16.440001,16.92,16.4,16.889999,7.129891,16289900,29098801769.999996,0.4499980000000008,2.7372139454249473
2009-04-16,16.969999,17.040001,16.58,16.98,7.167885,14994000,30036898230.000004,0.010000999999999038,0.05893341537615315
2009-04-17,17.01,17.15,16.85,16.99,7.172105,15344600,30107700000.000004,-0.020000000000003126,-0.1175778953556915
2009-04-20,16.959999,17.15,16.780001,16.93,7.146778,14728600,30019198230.0,-0.02999900000000011,-0.1768809066557145
2009-04-21,16.84,16.99,16.629999,16.73,7.06235,15839400,29806800000.0,-0.10999999999999943,-0.6532066508313505
2009-04-22,16.58,17.34,16.459999,16.85,7.113008,29365100,29346599999.999996,0.2700000000000031,1.6284680337756523
2009-04-23,16.92,16.98,16.709999,16.9,7.134114,12828800,29948400000.000004,-0.020000000000003126,-0.11820330969268987
2009-04-24,16.950001,17.24,16.76,16.92,7.142556,14903400,30001501770.0,-0.030000999999998612,-0.1769970397051812
2009-04-27,16.860001,17.129999,16.799999,16.879999,7.125671,11450500,29842201770.0,0.01999800000000107,0.11861209260901628
2009-04-28,16.799999,17.1,16.76,17.0,7.176328,12211300,29735998230.0,0.20000100000000032,1.1904822137191813
2009-04-29,17.059999,17.1,16.790001,16.82,7.100344,15043700,30196198230.000004,-0.23999900000000096,-1.4067937518636486
2009-04-30,16.959999,16.98,16.33,16.33,6.893496,20857600,30019198230.0,-0.6299990000000015,-3.7146169643052547
2009-05-01,16.4,16.4,16.120001,16.370001,6.910382,11720000,29027999999.999996,-0.02999900000000011,-0.18292073170731776
2009-05-04,16.6,16.6,16.07,16.17,6.825955,19447500,29382000000.000004,-0.4299999999999997,-2.5903614457831305
2009-05-05,16.25,16.610001,16.059999,16.6,7.007473,14880600,28762500000.0,0.3500000000000014,2.1538461538461626
2009-05-06,16.709999,17.07,16.629999,17.059999,7.201654,19180000,29576698230.0,0.3500000000000014,2.0945542845334786
2009-05-07,17.139999,17.15,16.790001,17.030001,7.188993,14148200,30337798230.0,-0.10999800000000093,-0.6417619977690835
2009-05-08,17.16,17.200001,16.969999,17.1,7.218542,12458500,30373200000.0,-0.05999999999999872,-0.3496503496503422
2009-05-11,17.0,17.16,16.85,17.040001,7.193213,10206400,30090000000.0,0.040001000000000175,0.23530000000000104
2009-05-12,17.16,17.620001,17.129999,17.389999,7.340961,16852700,30373200000.0,0.2299989999999994,1.3403205128205093
2009-05-13,17.32,17.5,17.030001,17.209999,7.264978,12378500,30656400000.0,-0.11000100000000046,-0.6351096997690557
2009-05-14,17.17,17.35,16.870001,17.0,7.176328,18657600,30390900000.000004,-0.1700000000000017,-0.990099009901
2009-05-15,16.99,17.219999,16.91,16.98,7.167885,19368600,30072299999.999996,-0.00999999999999801,-0.05885815185402008
2009-05-18,16.940001,16.950001,16.5,16.879999,7.125671,25300000,29983801769.999996,-0.060001999999997224,-0.35420304874832786
2009-05-19,16.889999,16.92,16.67,16.809999,7.096121,13672600,29895298230.0,-0.0799999999999983,-0.47365307718489674
2009-05-20,16.92,16.99,16.67,16.77,7.079236,22125700,29948400000.000004,-0.15000000000000213,-0.8865248226950481
2009-05-21,16.629999,16.719999,16.540001,16.639999,7.024356,14786500,29435098230.000004,0.00999999999999801,0.06013229465616931
2009-05-22,16.6,16.809999,16.52,16.639999,7.024356,12370000,29382000000.000004,0.03999899999999812,0.24095783132528983
2009-05-26,16.639999,16.99,16.59,16.92,7.142556,12941500,29452798230.0,0.28000100000000216,1.6826984184314084
2009-05-27,16.940001,16.959999,16.639999,16.66,7.032803,12959800,29983801769.999996,-0.2800009999999986,-1.6528983675974909
2009-05-28,16.66,17.059999,16.66,17.0,7.176328,15269700,29488200000.0,0.33999999999999986,2.0408163265306114
2009-05-29,17.08,17.1,16.82,17.09,7.21432,11810400,30231599999.999996,0.010000000000001563,0.05854800936769066
2009-06-01,17.190001,17.25,17.1,17.190001,7.256532,11991600,30426301769.999996,0.0,0.0
2009-06-02,17.219999,17.290001,17.120001,17.120001,7.226988,11183800,30479398230.000004,-0.09999800000000292,-0.5807085122362836
2009-06-03,17.059999,17.120001,16.950001,17.0,7.176328,23838300,30196198230.000004,-0.059999000000001246,-0.35169404171712576
2009-06-04,17.0,17.120001,16.91,16.969999,7.163665,14050800,30090000000.0,-0.030000999999998612,-0.17647647058822713
2009-06-05,17.059999,17.15,16.93,17.030001,7.188993,12995800,30196198230.000004,-0.029998000000002634,-0.1758382283609901
2009-06-08,17.0,17.43,16.9,17.209999,7.264978,21314200,30090000000.0,0.20999899999999982,1.2352882352941166
2009-06-09,17.309999,17.4,17.16,17.35,7.324078,20349300,30638698230.000004,0.040001000000000175,0.23108609076176242
2009-06-10,17.4,17.49,16.98,17.07,7.205876,24441400,30797999999.999996,-0.3299999999999983,-1.8965517241379213
2009-06-11,16.950001,17.18,16.84,16.85,7.248897,20984800,30001501770.0,-0.1000009999999989,-0.5899763663730693
2009-06-12,16.799999,16.889999,16.52,16.639999,7.158552,19464900,29735998230.0,-0.16000000000000014,-0.9523810090702991
2009-06-15,16.58,16.639999,16.450001,16.549999,7.119838,17605700,29346599999.999996,-0.030000999999998612,-0.18094692400481674
2009-06-16,16.559999,16.629999,16.26,16.26,6.99508,15271500,29311198230.000004,-0.2999989999999997,-1.8115882736466329
2009-06-17,16.34,16.48,16.200001,16.219999,6.977871,21754200,28921800000.0,-0.12000099999999847,-0.7344002447980322
2009-06-18,16.27,16.49,16.219999,16.379999,7.046702,13802300,28797900000.0,0.10999900000000196,0.6760848186847077
2009-06-19,16.450001,16.540001,16.299999,16.41,7.059608,27428100,29116501770.0,-0.040001000000000175,-0.24316715847008263
2009-06-22,16.280001,16.48,16.23,16.35,7.033797,16361400,28815601769.999996,0.06999900000000281,0.4299692610584165
2009-06-23,16.450001,16.450001,16.190001,16.26,6.99508,16562200,29116501770.0,-0.19000099999999875,-1.155021206381682
2009-06-24,16.370001,16.41,16.15,16.209999,6.973568,13619300,28974901769.999996,-0.16000199999999865,-0.977409836444107
2009-06-25,16.24,16.540001,16.18,16.540001,7.115536,16201500,28744799999.999996,0.30000100000000174,1.8472967980295674
2009-06-26,16.540001,16.559999,16.34,16.48,7.089723,17926200,29275801770.0,-0.06000099999999975,-0.3627629768583433
2009-06-29,16.530001,16.549999,16.389999,16.5,7.09833,9435800,29258101769.999996,-0.030000999999998612,-0.1814942418938669
2009-06-30,16.51,16.559999,16.280001,16.389999,7.051004,13080000,29222700000.000004,-0.12000100000000202,-0.726838279830418
2009-07-01,16.459999,16.75,16.4,16.68,7.175765,13876800,29134198230.0,0.2200009999999999,1.3365796680789586
2009-07-02,16.57,16.620001,16.26,16.299999,7.012287,18596500,29328900000.0,-0.2700010000000006,-1.6294568497284285
2009-07-06,16.24,16.67,16.1,16.620001,7.149952,15532600,28744799999.999996,0.38000100000000003,2.3399076354679806
2009-07-07,16.540001,16.65,16.32,16.35,7.033797,14306600,29275801770.0,-0.19000099999999875,-1.148736327162246
2009-07-08,16.42,16.459999,16.290001,16.4,7.055305,15476700,29063400000.000004,-0.020000000000003126,-0.12180267965897153
2009-07-09,16.440001,16.440001,16.299999,16.35,7.033797,14773100,29098801769.999996,-0.09000099999999733,-0.5474513048995395
2009-07-10,16.49,16.530001,16.4,16.469999,7.085421,21281400,29187299999.999996,-0.02000099999999705,-0.12129169193448787
2009-07-13,16.5,16.68,16.450001,16.66,7.16716,13409400,29205000000.0,0.16000000000000014,0.9696969696969706
2009-07-14,16.629999,16.700001,16.559999,16.639999,7.158552,13782700,29435098230.000004,0.00999999999999801,0.06013229465616931
2009-07-15,16.75,16.889999,16.610001,16.85,7.248897,18858900,29647500000.0,0.10000000000000142,0.5970149253731428
2009-07-16,16.780001,17.09,16.780001,16.99,7.309125,23125800,29700601769.999996,0.20999899999999982,1.251483834834097
2009-07-17,17.01,17.370001,16.950001,17.34,7.459695,16555100,30107700000.000004,0.3299999999999983,1.9400352733685966
2009-07-20,17.389999,17.4,17.15,17.27,7.429586,13342300,30780298230.0,-0.11999899999999997,-0.6900460431308821
2009-07-21,17.34,17.5,17.200001,17.33,7.455395,13185800,30691800000.0,-0.010000000000001563,-0.05767012687428814
2009-07-22,17.110001,17.5,17.07,17.299999,7.442488,16430200,30284701770.0,0.18999799999999922,1.1104499643220314
2009-07-23,17.370001,17.5,17.17,17.41,7.489812,17054700,30744901769.999996,0.03999900000000167,0.23027632525756142
2009-07-24,17.379999,17.49,17.190001,17.34,7.459695,11699300,30762598230.000004,-0.03999900000000167,-0.23014385674016247
2009-07-27,17.280001,17.440001,17.110001,17.43,7.498414,13895900,30585601769.999996,0.1499990000000011,0.8680497182841662
2009-07-28,17.42,17.75,17.26,17.58,7.562945,14059600,30833400000.000004,0.1599999999999966,0.9184845005740331
2009-07-29,17.6,17.719999,17.5,17.690001,7.610268,11005800,31152000000.000004,0.09000099999999733,0.511369318181803
2009-07-30,17.83,18.0,17.66,17.68,7.605964,13690600,31559099999.999996,-0.14999999999999858,-0.8412787436904016
2009-07-31,17.709999,17.940001,17.43,17.530001,7.541436,12969700,31346698230.0,-0.1799980000000012,-1.0163636937528975
2009-08-03,17.73,17.870001,17.6,17.629999,7.584452,15689900,31382100000.0,-0.1000009999999989,-0.5640214326001066
2009-08-04,17.629999,17.74,17.469999,17.610001,7.575851,15761400,31205098230.000004,-0.01999800000000107,-0.11343165702959523
2009-08-05,17.639999,17.700001,17.41,17.51,7.532832,12769500,31222798230.0,-0.12999899999999798,-0.7369558240904548
2009-08-06,17.6,17.639999,17.440001,17.639999,7.588754,14851800,31152000000.000004,0.03999899999999812,0.22726704545453477
2009-08-07,17.719999,17.83,17.6,17.709999,7.618868,11089200,31364398230.000004,-0.010000000000001563,-0.0564334117626167
2009-08-10,17.700001,17.75,17.5,17.559999,7.554339,11327000,31329001770.0,-0.14000199999999907,-0.790971706724757
2009-08-11,17.51,17.74,17.48,17.52,7.537131,14232000,30992700000.000004,0.00999999999999801,0.057110222729857274
2009-08-12,17.49,17.77,17.459999,17.58,7.562945,33860700,30957299999.999996,0.08999999999999986,0.5145797598627779
2009-08-13,17.66,17.700001,17.5,17.639999,7.588754,16585500,31258200000.0,-0.0200010000000006,-0.11325594563986752
2009-08-14,17.6,17.73,17.48,17.559999,7.554339,9057800,31152000000.000004,-0.040001000000000175,-0.22727840909091004
2009-08-17,17.4,17.549999,17.360001,17.52,7.537131,15002300,30797999999.999996,0.120000000000001,0.6896551724137989
2009-08-18,17.51,17.719999,17.450001,17.639999,7.588754,10839900,30992700000.000004,0.12999899999999798,0.7424271844660078
2009-08-19,17.559999,17.74,17.5,17.66,7.59736,12594800,31081198230.000004,0.1000009999999989,0.5694818091959964
2009-08-20,17.700001,17.889999,17.57,17.84,7.674797,12397700,31329001770.0,0.13999899999999954,0.790954757573175
2009-08-21,18.01,18.1,17.83,18.040001,7.760839,17063400,31877700000.000004,0.030000999999998612,0.16657967795668302
2009-08-24,18.139999,18.450001,18.049999,18.33,7.885595,16721100,32107798230.0,0.19000099999999875,1.047414611213588
2009-08-25,18.440001,18.440001,18.07,18.15,7.808159,19119200,32638801769.999996,-0.2900010000000002,-1.5726734505057793
2009-08-26,18.09,18.209999,18.049999,18.17,7.816764,13514800,32019300000.0,0.08000000000000185,0.4422332780541838
2009-08-27,18.219999,18.280001,18.0,18.27,7.859784,20861700,32249398230.000004,0.050000999999998186,0.2744292137447328
2009-08-28,18.4,18.450001,18.120001,18.219999,7.838275,15624200,32567999999.999996,-0.1800009999999972,-0.9782663043478109
2009-08-31,18.27,18.370001,18.15,18.280001,7.864082,13520300,32337900000.0,0.010000999999999038,0.054740010946902236
2009-09-01,18.27,18.33,18.030001,18.110001,7.790952,17558500,32337900000.0,-0.15999899999999911,-0.8757471264367769
2009-09-02,18.16,18.370001,18.059999,18.280001,7.864082,17914100,32143200000.0,0.12000099999999847,0.6607984581497712
2009-09-03,18.389999,18.389999,18.15,18.209999,7.833971,12101900,32550298230.0,-0.17999999999999972,-0.9787928754101602
2009-09-04,18.200001,18.51,18.18,18.5,7.95873,12043800,32214001770.0,0.2999989999999997,1.6483460632776872
2009-09-08,18.620001,18.620001,18.459999,18.52,7.967336,18118900,32957401769.999996,-0.1000009999999989,-0.5370622697603449
2009-09-09,18.559999,18.68,18.459999,18.59,7.997449,20122300,32851198230.000004,0.030000999999998612,0.16164332767474077
2009-09-10,18.68,18.700001,18.4,18.530001,7.971638,27094100,33063600000.0,-0.1499990000000011,-0.8029925053533249
2009-09-11,18.309999,18.35,18.0,18.139999,7.949725,20808900,32408698230.000004,-0.1700000000000017,-0.9284544472121582
2009-09-14,18.15,18.23,17.93,17.99,7.883988,21437200,32125499999.999996,-0.16000000000000014,-0.8815426997245187
2009-09-15,18.040001,18.1,17.77,17.91,7.848929,17917600,31930801770.0,-0.13000100000000003,-0.7206263458632848
2009-09-16,18.0,18.290001,17.92,18.23,7.989165,19488200,31860000000.0,0.23000000000000043,1.2777777777777801
2009-09-17,18.24,18.299999,17.889999,18.02,7.897136,21469300,32284799999.999996,-0.21999999999999886,-1.2061403508771869
2009-09-18,18.08,18.08,17.950001,17.959999,7.870841,19158700,32001599999.999996,-0.12000099999999847,-0.663722345132735
2009-09-21,17.860001,18.040001,17.75,18.040001,7.905901,16544000,31612201770.0,0.17999999999999972,1.0078386893707325
2009-09-22,18.049999,18.059999,17.809999,17.889999,7.840161,16546400,31948498230.0,-0.16000000000000014,-0.886426641907294
2009-09-23,17.870001,17.99,17.73,17.75,7.778809,22548400,31629901769.999996,-0.12000099999999847,-0.6715220665068709
2009-09-24,17.77,17.799999,17.469999,17.5,7.669251,21369500,31452900000.0,-0.2699999999999996,-1.5194147439504762
2009-09-25,17.549999,17.700001,17.459999,17.5,7.669251,10775100,31063498230.0,-0.04999899999999968,-0.2848946031278958
2009-09-28,17.58,17.76,17.5,17.67,7.743749,14250500,31116599999.999996,0.09000000000000341,0.511945392491487
2009-09-29,17.66,18.0,17.66,17.9,7.844547,18408900,31258200000.0,0.23999999999999844,1.359003397508485
2009-09-30,17.950001,17.969999,17.690001,17.809999,7.805102,20952600,31771501770.0,-0.14000199999999907,-0.7799553883033158
2009-10-01,17.77,17.799999,17.379999,17.540001,7.686779,42518100,31452900000.0,-0.2299989999999994,-1.2943106359032044
2009-10-02,17.41,17.530001,17.360001,17.469999,7.656102,15792600,30815700000.0,0.059999000000001246,0.34462377943711225
2009-10-05,17.6,17.68,17.280001,17.639999,7.7306,16546100,31152000000.000004,0.03999899999999812,0.22726704545453477
2009-10-06,17.75,17.889999,17.5,17.809999,7.805102,16951000,31417500000.0,0.059999000000001246,0.3380225352112746
2009-10-07,17.780001,17.860001,17.66,17.73,7.770045,13415500,31470601769.999996,-0.050000999999998186,-0.2812204566242611
2009-10-08,17.82,17.92,17.790001,17.85,7.822636,10782300,31541400000.0,0.030000000000001137,0.16835016835017472
2009-10-09,17.959999,18.110001,17.84,18.059999,7.914664,13908100,31789198230.0,0.10000000000000142,0.5567929040530649
2009-10-12,18.200001,18.290001,18.08,18.120001,7.940958,13471600,32214001770.0,-0.08000000000000185,-0.4395604154087785
2009-10-13,18.18,18.209999,17.98,18.059999,7.914664,11817700,32178600000.0,-0.12000099999999847,-0.6600715071507067
2009-10-14,18.200001,18.280001,18.08,18.23,7.989165,12066000,32214001770.0,0.02999900000000011,0.16482966127309612
2009-10-15,18.200001,18.299999,18.139999,18.25,7.997931,13734000,32214001770.0,0.04999899999999968,0.2747197651252859
2009-10-16,18.190001,18.34,18.1,18.27,8.006697,14264600,32196301769.999996,0.07999900000000082,0.43979656735588324
2009-10-19,18.32,18.65,18.299999,18.35,8.041756,19258200,32426400000.0,0.030000000000001137,0.16375545851529003
2009-10-20,18.4,18.719999,18.34,18.66,8.17761,17559800,32567999999.999996,0.26000000000000156,1.4130434782608783
2009-10-21,18.370001,18.43,18.1,18.209999,7.980399,28397800,32514901769.999996,-0.16000199999999865,-0.8709961420252436
2009-10-22,18.17,18.27,17.98,18.18,7.967253,14305700,32160900000.000004,0.00999999999999801,0.05503577325260325
2009-10-23,18.18,18.18,17.799999,17.93,7.857695,15551700,32178600000.0,-0.25,-1.3751375137513753
2009-10-26,17.99,18.139999,17.809999,17.98,7.879603,19926700,31842299999.999996,-0.00999999999999801,-0.05558643690938306
2009-10-27,18.0,18.200001,17.879999,18.139999,7.949725,16746800,31860000000.0,0.13999899999999954,0.7777722222222196
2009-10-28,18.23,18.32,18.15,18.200001,7.976018,14365600,32267100000.0,-0.02999900000000011,-0.16455842018650635
2009-10-29,18.23,18.469999,18.07,18.360001,8.046138,15846600,32267100000.0,0.13000100000000003,0.7131157432803074
2009-10-30,18.309999,18.42,18.09,18.110001,7.936578,16068000,32408698230.000004,-0.1999980000000008,-1.0922884266678594
2009-11-02,18.120001,18.360001,18.02,18.299999,8.019845,11396400,32072401769.999996,0.1799980000000012,0.9933663910945767
2009-11-03,18.27,18.469999,18.17,18.459999,8.089961,15222300,32337900000.0,0.18999900000000025,1.0399507389162577
2009-11-04,18.459999,18.65,18.379999,18.469999,8.094344,15614400,32674198230.0,0.010000000000001563,0.05417118386626978
2009-11-05,18.58,18.73,18.469999,18.67,8.181993,17581600,32886599999.999996,0.09000000000000341,0.4843918191604059
2009-11-06,18.58,18.610001,18.41,18.540001,8.125026,19278400,32886599999.999996,-0.03999899999999812,-0.21527987082883812
2009-11-09,18.83,18.93,18.68,18.870001,8.269638,19848700,33329099999.999996,0.040001000000000175,0.21243228890069132
2009-11-10,18.879999,19.200001,18.83,19.07,8.357288,17102000,33417598230.000004,0.19000099999999875,1.0063612821165866
2009-11-11,19.23,19.25,18.91,18.969999,8.313468,15441400,34037100000.0,-0.26000099999999904,-1.3520592823712898
2009-11-12,18.969999,19.16,18.950001,19.02,8.33538,11498900,33576898230.000004,0.050000999999998186,0.26357934968788443
2009-11-13,19.07,19.299999,19.0,19.26,8.440555,14634000,33753900000.0,0.19000000000000128,0.9963293130571645
2009-11-16,19.41,19.48,19.299999,19.34,8.475613,15320600,34355700000.0,-0.07000000000000028,-0.3606388459556944
2009-11-17,19.26,19.370001,19.190001,19.24,8.431791,15039400,34090200000.000004,-0.020000000000003126,-0.10384215991694248
2009-11-18,19.26,19.41,19.219999,19.299999,8.458085,12026300,34090200000.000004,0.03999899999999812,0.20767912772584693
2009-11-19,19.32,19.360001,19.110001,19.209999,8.418647,13353500,34196400000.0,-0.11000100000000046,-0.5693633540372695
2009-11-20,19.16,19.17,18.879999,18.98,8.317848,19908500,33913200000.0,-0.17999999999999972,-0.9394572025052178
2009-11-23,19.129999,19.219999,19.049999,19.129999,8.383583,24163000,33860098230.000004,0.0,0.0
2009-11-24,19.200001,19.42,19.07,19.299999,8.458085,19892000,33984001770.0,0.09999799999999937,0.5208228895404712
2009-11-25,19.360001,19.4,19.120001,19.190001,8.409878,14012600,34267201770.0,-0.1700000000000017,-0.8780991281973679
2009-11-27,19.0,19.25,18.809999,19.0,8.326612,13636500,33630000000.0,0.0,0.0
2009-11-30,19.1,19.1,18.75,18.809999,8.243346,17691600,33807000000.000004,-0.2900010000000002,-1.518329842931938
2009-12-01,18.959999,19.17,18.91,19.07,8.357288,12666100,33559198230.0,0.11000100000000046,0.5801740812328127
2009-12-02,19.08,19.23,19.08,19.16,8.396733,12951900,33771599999.999996,0.08000000000000185,0.4192872117400517
2009-12-03,19.24,19.32,19.120001,19.139999,8.387967,13749100,34054799999.999996,-0.1000009999999989,-0.5197557172557116
2009-12-04,19.15,19.43,19.15,19.32,8.466852,16607800,33895499999.999996,0.1700000000000017,0.8877284595300352
2009-12-07,19.33,19.469999,19.24,19.370001,8.488759,17773000,34214099999.999996,0.040001000000000175,0.20693740300051824
2009-12-08,19.459999,19.459999,19.129999,19.26,8.440555,12790100,34444198230.0,-0.19999899999999826,-1.0277441432550858
2009-12-09,19.299999,19.43,19.25,19.370001,8.488759,16889600,34160998230.0,0.07000199999999879,0.36270468200541767
2009-12-10,19.450001,19.51,19.43,19.450001,8.523819,9945100,34426501770.0,0.0,0.0
2009-12-11,19.5,19.6,19.450001,19.52,8.554499,23722100,34515000000.0,0.019999999999999574,0.10256410256410037
2009-12-14,19.66,19.85,19.6,19.67,8.620235,13884500,34798200000.0,0.010000000000001563,0.05086469989827855
2009-12-15,19.65,19.780001,19.48,19.700001,8.63338,11410000,34780500000.0,0.05000100000000174,0.2544580152671844
2009-12-16,19.790001,19.82,19.620001,19.629999,8.602704,16186400,35028301770.0,-0.16000199999999865,-0.808499201187502
2009-12-17,19.58,19.67,19.51,19.59,8.585176,12799600,34656600000.0,0.010000000000001563,0.05107252298264334
2009-12-18,19.700001,19.74,19.559999,19.65,8.61147,18944500,34869001770.0,-0.05000100000000174,-0.2538121698572591
2009-12-21,19.74,19.83,19.700001,19.709999,8.637763,9867100,34939800000.0,-0.030000999999998612,-0.15198074974670017
2009-12-22,19.799999,19.93,19.790001,19.870001,8.707885,12706900,35045998230.0,0.07000199999999879,0.35354547240128037
2009-12-23,20.02,20.290001,19.98,20.16,8.834973,22785100,35435400000.0,0.14000000000000057,0.6993006993007022
2009-12-24,20.34,20.469999,20.25,20.370001,8.927005,8544400,36001800000.0,0.030000999999998612,0.14749754178957036
2009-12-28,20.190001,20.190001,19.83,19.98,8.904723,12476000,35736301770.0,-0.21000099999999833,-1.0401237721582992
2009-12-29,20.02,20.030001,19.85,19.85,8.846783,7749500,35435400000.0,-0.16999999999999815,-0.84915084915084
2009-12-30,19.85,19.889999,19.719999,19.809999,8.828956,9331300,35134500000.0,-0.040001000000000175,-0.20151637279597062
2009-12-31,19.74,19.83,19.629999,19.629999,8.748731,6356800,34939800000.0,-0.1100009999999969,-0.557249240121565
2010-01-04,19.77,19.870001,19.58,19.790001,8.820045,11048600,34992900000.0,0.0200010000000006,0.10116843702579971
2010-01-05,19.809999,19.85,19.67,19.799999,8.824495,11742100,35063698230.0,-0.010000000000001563,-0.050479558328102705
2010-01-06,19.85,20.110001,19.799999,20.09,8.953745,21307300,35134500000.0,0.23999999999999844,1.2090680100755586
2010-01-07,20.08,20.139999,19.950001,20.059999,8.940375,14983300,35541600000.0,-0.02000099999999705,-0.0996065737051646
2010-01-08,20.040001,20.120001,19.870001,20.110001,8.962663,10822200,35470801770.0,0.07000000000000028,0.34930137977538167
2010-01-11,20.280001,20.35,20.110001,20.26,9.029514,11921000,35895601770.0,-0.02000099999999705,-0.09862425549188607
2010-01-12,20.209999,20.25,20.030001,20.15,8.980489,15306300,35771698230.0,-0.059999000000001246,-0.29687779796526087
2010-01-13,20.120001,20.4,20.120001,20.24,9.020596,11938400,35612401770.0,0.11999899999999997,0.5964164713510699
2010-01-14,20.23,20.450001,20.16,20.379999,9.082995,9619900,35807100000.0,0.1499990000000011,0.7414681166584335
2010-01-15,20.440001,20.639999,20.309999,20.42,9.100823,16158600,36178801770.0,-0.02000099999999705,-0.09785224570193049
2010-01-19,20.26,20.57,20.25,20.379999,9.082995,17747000,35860200000.0,0.11999899999999997,0.5922951628825269
2010-01-20,20.27,20.360001,20.15,20.33,9.060711,12583500,35877900000.0,0.05999999999999872,0.29600394671928326
2010-01-21,20.33,20.370001,19.809999,19.889999,8.864611,21862200,35984100000.0,-0.44000099999999875,-2.1642941465814007
2010-01-22,19.889999,20.040001,19.700001,19.709999,8.784386,13655100,35205298230.0,-0.17999999999999972,-0.9049774210647257
2010-01-25,19.82,20.08,19.68,19.91,8.873525,15154800,35081400000.0,0.08999999999999986,0.4540867810292626
2010-01-26,19.75,20.049999,19.75,19.959999,8.895809,13101300,34957500000.0,0.20999899999999982,1.063286075949366
2010-01-27,19.969999,20.049999,19.83,19.99,8.909176,12544400,35346898230.0,0.02000099999999705,0.10015523786454394
2010-01-28,19.9,20.1,19.799999,20.01,8.918091,16444400,35223000000.0,0.11000000000000298,0.5527638190954924
2010-01-29,20.08,20.1,19.83,19.860001,8.851239,19335300,35541600000.0,-0.21999899999999784,-1.095612549800786
2010-02-01,19.9,19.98,19.780001,19.879999,8.86015,10247300,35223000000.0,-0.02000099999999705,-0.10050753768842738
2010-02-02,19.93,19.99,19.809999,19.93,8.882436,12398900,35276100000.0,0.0,0.0
2010-02-03,19.93,19.940001,19.690001,19.780001,8.815583,11683000,35276100000.0,-0.1499990000000011,-0.7526292022077326
2010-02-04,19.700001,19.719999,19.4,19.42,8.655142,13403600,34869001770.0,-0.2800009999999986,-1.4213248009479726
2010-02-05,19.379999,19.41,19.139999,19.379999,8.637312,14334100,34302598230.000004,0.0,0.0
2010-02-08,19.43,19.629999,19.35,19.370001,8.632852,13840700,34391100000.0,-0.059999000000001246,-0.30879567678847786
2010-02-09,19.540001,19.58,19.23,19.459999,8.672964,16964600,34585801770.0,-0.08000200000000035,-0.4094267958328167
2010-02-10,19.540001,19.540001,19.25,19.379999,8.637312,11380700,34585801770.0,-0.16000199999999865,-0.8188433562516124
2010-02-11,19.4,19.74,19.25,19.610001,8.739818,17005000,34337999999.999996,0.21000100000000188,1.0824793814433087
2010-02-12,19.540001,19.74,19.4,19.629999,8.748731,15749000,34585801770.0,0.08999800000000135,0.4605833950571515
2010-02-16,19.84,19.889999,19.57,19.73,8.793299,15081500,35116800000.0,-0.10999999999999943,-0.5544354838709649
2010-02-17,19.77,19.85,19.700001,19.780001,8.815583,8752800,34992900000.0,0.010000999999999038,0.05058674759736489
2010-02-18,19.75,20.08,19.73,20.0,8.913633,11181600,34957500000.0,0.25,1.2658227848101267
2010-02-19,19.93,20.209999,19.93,20.16,8.984945,12752800,35276100000.0,0.23000000000000043,1.15403913697943
2010-02-22,20.129999,20.33,20.08,20.27,9.033968,12790600,35630098230.0,0.14000099999999804,0.6954843862634967
2010-02-23,20.23,20.25,19.93,19.969999,8.900264,21163500,35807100000.0,-0.26000099999999904,-1.2852249134948048
2010-02-24,20.08,20.309999,19.950001,20.26,9.029514,18101300,35541600000.0,0.18000000000000327,0.8964143426294985
2010-02-25,20.139999,20.459999,20.01,20.41,9.096368,21307900,35647798230.0,0.2700010000000006,1.3406207219771986
2010-02-26,20.48,20.48,20.120001,20.120001,8.967118,15720700,36249600000.0,-0.35999900000000196,-1.7578076171875097
2010-03-01,20.17,20.34,20.17,20.27,9.033968,10422000,35700900000.0,0.09999999999999787,0.49578582052552234
2010-03-02,20.360001,20.450001,20.299999,20.33,9.060711,12661600,36037201770.0,-0.030001000000002165,-0.1473526450219829
2010-03-03,20.469999,20.48,20.299999,20.35,9.069625,12762500,36231898230.0,-0.11999899999999997,-0.5862188855016551
2010-03-04,20.4,20.440001,20.280001,20.42,9.100823,14095900,36108000000.0,0.020000000000003126,0.09803921568628984
2010-03-05,20.5,20.780001,20.48,20.709999,9.230067,12249200,36285000000.0,0.20999899999999982,1.0243853658536577
2010-03-08,20.799999,20.809999,20.67,20.74,9.243441,13901100,36815998230.0,-0.059999000000001246,-0.2884567446373495
2010-03-09,20.73,20.83,20.700001,20.77,9.256809,16554900,36692100000.0,0.03999999999999915,0.19295706705257668
2010-03-10,20.799999,20.860001,20.700001,20.82,9.279093,15672100,36815998230.0,0.0200010000000006,0.09615865846916917
2010-03-11,20.48,20.58,20.18,20.370001,9.233764,13046000,36249600000.0,-0.10999900000000196,-0.5371044921875096
2010-03-12,20.469999,20.48,20.129999,20.200001,9.156703,16536100,36231898230.0,-0.26999800000000107,-1.318993713678252
2010-03-15,20.26,20.4,20.110001,20.370001,9.233764,13010200,35860200000.0,0.1100009999999969,0.5429466929911001
2010-03-16,20.32,20.52,20.32,20.360001,9.229232,12956100,35966400000.0,0.040001000000000175,0.1968553149606308
2010-03-17,20.450001,20.459999,20.23,20.33,9.215631,33244300,36196501770.0,-0.12000100000000202,-0.5868019272957592
2010-03-18,20.35,20.48,20.35,20.459999,9.274562,8917700,36019500000.0,0.1099989999999984,0.5405356265356187
2010-03-19,20.34,20.549999,20.25,20.34,9.220164,15862300,36001800000.0,0.0,0.0
2010-03-22,20.309999,20.48,20.23,20.440001,9.265498,9447400,35948698230.0,0.1300019999999975,0.6400886578083903
2010-03-23,20.450001,20.540001,20.360001,20.52,9.301759,8921900,36196501770.0,0.06999899999999926,0.342293381794941
2010-03-24,20.52,20.52,20.4,20.469999,9.279094,16961600,36320400000.0,-0.050000999999998186,-0.24366959064326602
2010-03-25,20.49,20.6,20.469999,20.52,9.301759,14844200,36267300000.0,0.030000000000001137,0.14641288433382693
2010-03-26,20.530001,20.59,20.370001,20.42,9.25643,11035400,36338101770.0,-0.1100009999999969,-0.5358061112612558
2010-03-29,20.5,20.690001,20.459999,20.65,9.360688,12376400,36285000000.0,0.14999999999999858,0.7317073170731638
2010-03-30,20.690001,20.73,20.51,20.65,9.360688,12761900,36621301770.0,-0.040001000000000175,-0.1933349350732278
2010-03-31,20.6,20.65,20.459999,20.52,9.301759,9619100,36462000000.0,-0.08000000000000185,-0.3883495145631158
2010-04-01,20.540001,20.84,20.540001,20.83,9.442284,16314400,36355801770.0,0.2899989999999981,1.4118743226935486
2010-04-05,20.889999,20.969999,20.84,20.92,9.483082,9015800,36975298230.0,0.030001000000002165,0.14361417633386275
2010-04-06,20.93,21.030001,20.9,20.98,9.510279,10435900,37046100000.0,0.05000000000000071,0.23889154323937273
2010-04-07,21.030001,21.030001,20.67,20.790001,9.42415,12971400,37223101770.0,-0.23999999999999844,-1.1412267645636271
2010-04-08,20.68,20.790001,20.639999,20.68,9.374288,13182600,36603600000.0,0.0,0.0
2010-04-09,20.950001,20.959999,20.700001,20.93,9.487609,8719900,37081501770.0,-0.0200010000000006,-0.09547016250739368
2010-04-12,20.959999,21.200001,20.940001,21.1,9.564672,10573400,37099198230.0,0.1400010000000016,0.6679437341576285
2010-04-13,21.049999,21.15,20.879999,21.1,9.564672,9727700,37258498230.0,0.05000100000000174,0.23753445308953097
2010-04-14,21.1,21.16,20.969999,21.16,9.591875,13191800,37347000000.0,0.05999999999999872,0.28436018957345366
2010-04-15,21.08,21.120001,21.0,21.1,9.564672,8292800,37311600000.0,0.020000000000003126,0.09487666034157081
2010-04-16,21.02,21.16,20.75,20.870001,9.460415,15930500,37205400000.0,-0.1499990000000011,-0.7136013320647056
2010-04-19,20.799999,20.93,20.799999,20.93,9.487609,8666900,36815998230.0,0.13000100000000003,0.6250048377406173
2010-04-20,21.0,21.200001,20.950001,21.17,9.596404,13152500,37170000000.0,0.1700000000000017,0.8095238095238176
2010-04-21,21.299999,21.610001,21.25,21.459999,9.727863,15480800,37700998230.0,0.16000000000000014,0.7511737441865615
2010-04-22,21.4,21.459999,21.200001,21.280001,9.646269,12587700,37878000000.0,-0.11999899999999997,-0.5607429906542055
2010-04-23,21.309999,21.389999,21.120001,21.360001,9.682533,10143500,37718698230.0,0.050001999999999214,0.2346410246194719
2010-04-26,21.389999,21.440001,21.17,21.25,9.632667,17187000,37860298230.0,-0.13999899999999954,-0.6545068094673568
2010-04-27,21.25,21.25,20.91,20.92,9.483082,18975000,37612500000.0,-0.3299999999999983,-1.5529411764705803
2010-04-28,21.08,21.110001,20.91,21.02,9.528413,14961000,37311600000.0,-0.05999999999999872,-0.2846299810246619
2010-04-29,21.08,21.299999,21.07,21.18,9.60094,10305100,37311600000.0,0.10000000000000142,0.47438330170778664
2010-04-30,21.23,21.48,21.18,21.190001,9.605472,14218400,37577100000.0,-0.03999900000000167,-0.188407913330201
2010-05-03,21.280001,21.5,21.219999,21.4,9.700669,10413000,37665601770.0,0.11999899999999997,0.5639050486886724
2010-05-04,21.290001,21.4,21.200001,21.26,9.637205,16717500,37683301770.0,-0.030000999999998612,-0.14091591634964512
2010-05-05,21.15,21.459999,21.110001,21.219999,9.619068,12876600,37435500000.0,0.06999900000000281,0.3309645390071055
2010-05-06,21.110001,21.200001,19.200001,20.75,9.406019,31283100,37364701770.0,-0.36000100000000046,-1.7053575696183079
2010-05-07,20.67,20.84,20.360001,20.76,9.410551,25532200,36585900000.0,0.08999999999999986,0.43541364296081203
2010-05-10,21.309999,21.6,21.030001,21.58,9.782258,24825700,37718698230.0,0.27000099999999705,1.2670155451438407
2010-05-11,21.48,21.74,21.370001,21.59,9.786795,18091700,38019600000.0,0.10999999999999943,0.5121042830540011
2010-05-12,21.76,21.77,21.48,21.67,9.823056,15713400,38515200000.0,-0.08999999999999986,-0.4136029411764699
2010-05-13,21.719999,21.799999,21.58,21.629999,9.804927,10825900,38444398230.0,-0.08999999999999986,-0.4143646599615398
2010-05-14,21.58,21.75,21.5,21.610001,9.795859,19942100,38196600000.0,0.030001000000002165,0.13902224281743358
2010-05-17,21.639999,21.91,21.57,21.700001,9.836656,18409300,38302798230.0,0.06000200000000078,0.2772735802806681
2010-05-18,21.77,21.799999,21.34,21.370001,9.687067,20335300,38532900000.0,-0.3999990000000011,-1.8373863114377635
2010-05-19,21.23,21.370001,21.07,21.309999,9.659869,18045800,37577100000.0,0.07999900000000082,0.3768205369759812
2010-05-20,21.09,21.1,20.67,20.67,9.369757,23402100,37329300000.0,-0.41999999999999815,-1.9914651493598774
2010-05-21,20.450001,21.030001,20.200001,21.01,9.523881,32598900,36196501770.0,0.5599990000000012,2.7383812841867403
2010-05-24,20.93,21.1,20.790001,20.85,9.451349,26510100,37046100000.0,-0.0799999999999983,-0.3822264691829828
2010-05-25,20.35,20.59,20.15,20.4,9.247365,32136400,36019500000.0,0.04999999999999716,0.24570024570023172
2010-05-26,20.66,20.690001,20.139999,20.16,9.13857,25133400,36568200000.0,-0.5,-2.420135527589545
2010-05-27,20.450001,20.629999,20.309999,20.540001,9.310822,26744700,36196501770.0,0.08999999999999986,0.440097777990328
2010-05-28,20.6,20.65,20.25,20.290001,9.1975,23478300,36462000000.0,-0.30999900000000125,-1.5048495145631127
2010-06-01,20.25,20.42,20.07,20.120001,9.120441,20790100,35842500000.0,-0.12999900000000153,-0.6419703703703779
2010-06-02,20.25,20.4,20.16,20.379999,9.238297,23052300,35842500000.0,0.12999900000000153,0.6419703703703779
2010-06-03,20.52,20.6,20.4,20.59,9.333491,14908800,36320400000.0,0.07000000000000028,0.34113060428850045
2010-06-04,20.43,20.469999,19.969999,20.02,9.075107,30253500,36161100000.0,-0.41000000000000014,-2.00685266764562
2010-06-07,20.16,20.219999,19.82,19.82,8.984447,25447700,35683200000.0,-0.33999999999999986,-1.6865079365079356
2010-06-08,19.93,20.27,19.82,20.200001,9.156703,27161400,35276100000.0,0.2700010000000006,1.354746613146014
2010-06-09,20.280001,20.370001,20.01,20.049999,9.088708,40222000,35895601770.0,-0.23000199999999893,-1.1341320939777022
2010-06-10,20.299999,20.459999,20.25,20.32,9.211099,33461900,35930998230.0,0.0200010000000006,0.09852709844961373
2010-06-11,19.9,20.1,19.68,20.08,9.261836,22530500,35223000000.0,0.17999999999999972,0.9045226130653252
2010-06-14,20.25,20.25,19.57,19.57,9.026602,30941300,35842500000.0,-0.6799999999999997,-3.358024691358023
2010-06-15,19.690001,19.92,19.6,19.91,9.183427,15012300,34851301770.0,0.2199990000000014,1.1173133002888187
2010-06-16,19.780001,19.91,19.75,19.83,9.146525,10934600,35010601770.0,0.04999899999999968,0.25277551805988124
2010-06-17,19.799999,20.01,19.76,19.99,9.220323,15916400,35045998230.0,0.19000099999999875,0.9596010585657037
2010-06-18,20.01,20.08,19.950001,20.02,9.23416,14569000,35417700000.0,0.00999999999999801,0.04997501249374318
2010-06-21,20.17,20.23,20.0,20.059999,9.25261,12676900,35700900000.0,-0.11000100000000046,-0.5453693604362937
2010-06-22,20.049999,20.15,19.780001,19.85,9.155748,12503000,35488498230.0,-0.19999899999999826,-0.9975012966334724
2010-06-23,19.860001,19.93,19.709999,19.77,9.118851,13894600,35152201770.0,-0.09000100000000089,-0.45317721786620696
2010-06-24,19.73,19.870001,19.59,19.620001,9.049661,17190500,34922100000.0,-0.10999900000000196,-0.5575215408008208
2010-06-25,19.67,19.77,19.530001,19.700001,9.086565,28483300,34815900000.0,0.030000999999998612,0.15252160650736457
2010-06-28,19.690001,20.889999,19.690001,20.34,9.38176,47737100,34851301770.0,0.6499990000000011,3.301162859260399
2010-06-29,20.129999,20.26,19.85,19.959999,9.206488,26881000,35630098230.0,-0.1700000000000017,-0.8445107225291053
2010-06-30,20.0,20.25,19.91,20.040001,9.243388,19685700,35400000000.0,0.040001000000000175,0.20000500000000088
2010-07-01,20.15,20.27,19.889999,20.24,9.335637,17864800,35665500000.0,0.08999999999999986,0.44665012406947824
2010-07-02,20.209999,20.4,20.049999,20.309999,9.36792,11413700,35771698230.0,0.10000000000000142,0.494804576685043
2010-07-06,20.5,20.700001,20.389999,20.540001,9.474009,13047100,36285000000.0,0.040001000000000175,0.19512682926829353
2010-07-07,20.59,20.9,20.48,20.889999,9.635447,17573900,36444300000.0,0.2999989999999997,1.4570131131617274
2010-07-08,20.969999,21.43,20.879999,21.32,9.833783,22149100,37116898230.0,0.3500009999999989,1.6690558735839658
2010-07-09,21.42,21.48,21.16,21.299999,9.824558,15029400,37913400000.0,-0.12000100000000202,-0.560228758169944
2010-07-12,21.4,21.48,21.23,21.299999,9.824558,10710400,37878000000.0,-0.1000009999999989,-0.46729439252335936
2010-07-13,21.379999,21.450001,21.219999,21.34,9.843008,12101400,37842598230.0,-0.03999900000000167,-0.18708607049046946
2010-07-14,21.280001,21.35,21.17,21.35,9.847619,10893600,37665601770.0,0.06999900000000281,0.32894265371511405
2010-07-15,21.34,21.49,21.280001,21.459999,9.898357,10816900,37771800000.0,0.11999899999999997,0.5623195876288658
2010-07-16,21.41,21.459999,21.110001,21.26,9.806108,14095600,37895700000.0,-0.14999999999999858,-0.7006071929005072
2010-07-19,21.370001,21.49,21.299999,21.379999,9.861457,10290600,37824901770.0,0.00999800000000306,0.04678521072602224
2010-07-20,21.200001,21.52,21.16,21.52,9.926032,10672900,37524001770.0,0.31999899999999926,1.509429174083526
2010-07-21,21.700001,21.700001,21.26,21.41,9.875295,13568400,38409001770.0,-0.2900010000000002,-1.3364100766631308
2010-07-22,21.58,21.889999,21.42,21.85,10.07824,19861900,38196600000.0,0.2700000000000031,1.2511584800741573
2010-07-23,21.77,22.23,21.77,22.120001,10.202782,20962800,38532900000.0,0.3500009999999989,1.6077216352779002
2010-07-26,22.18,22.25,21.860001,21.99,10.142817,18641600,39258600000.0,-0.19000000000000128,-0.8566275924256144
2010-07-27,22.059999,22.15,21.940001,22.049999,10.170492,11663200,39046198230.0,-0.010000000000001563,-0.045330917739395925
2010-07-28,22.0,22.139999,21.98,22.07,10.179719,9606300,38940000000.0,0.07000000000000028,0.3181818181818195
2010-07-29,22.139999,22.25,21.950001,22.02,10.156653,13015600,39187798230.0,-0.11999899999999997,-0.5420009278229867
2010-07-30,21.879999,22.25,21.82,22.16,10.221231,10513000,38727598230.0,0.2800009999999986,1.279712124301279
2010-08-02,22.379999,22.4,22.209999,22.25,10.262742,13529300,39612598230.0,-0.12999900000000153,-0.5808713396278593
2010-08-03,22.200001,22.290001,22.07,22.120001,10.202782,10325100,39294001770.0,-0.08000000000000185,-0.36036034412792073
2010-08-04,22.15,22.43,22.110001,22.35,10.308869,11402100,39205500000.0,0.20000000000000284,0.9029345372460627
2010-08-05,22.23,22.4,22.209999,22.34,10.304254,8511600,39347100000.0,0.10999999999999943,0.49482681061628175
2010-08-06,22.25,22.549999,22.17,22.540001,10.396503,10439800,39382500000.0,0.2900010000000002,1.3033752808988772
2010-08-09,22.57,22.68,22.530001,22.59,10.419569,6818600,39948900000.0,0.019999999999999574,0.08861320336729984
2010-08-10,22.49,22.780001,22.440001,22.629999,10.438012,8440400,39807300000.0,0.1399990000000031,0.6224944419742245
2010-08-11,22.379999,22.68,22.360001,22.440001,10.350378,13636700,39612598230.0,0.060001999999997224,0.26810546327547746
2010-08-12,22.27,22.52,22.15,22.450001,10.354994,9705500,39417900000.0,0.18000100000000074,0.8082667265379468
2010-08-13,22.42,22.51,22.290001,22.35,10.308869,6405000,39683400000.0,-0.07000000000000028,-0.31222123104371224
2010-08-16,22.34,22.6,22.15,22.6,10.424179,9915200,39541800000.0,0.26000000000000156,1.1638316920322362
2010-08-17,22.719999,22.99,22.530001,22.92,10.571779,15193100,40214398230.0,0.20000100000000032,0.8802861302942852
2010-08-18,22.860001,22.98,22.76,22.93,10.576391,15476400,40462201770.0,0.06999899999999926,0.306207335686465
2010-08-19,22.92,22.950001,22.549999,22.76,10.497976,12577000,40568400000.0,-0.16000000000000014,-0.6980802792321122
2010-08-20,22.639999,22.809999,22.620001,22.709999,10.474916,11266500,40072798230.0,0.07000000000000028,0.3091872928086273
2010-08-23,22.83,22.940001,22.690001,22.73,10.484138,12292800,40409100000.0,-0.09999999999999787,-0.4380201489268413
2010-08-24,22.6,22.860001,22.370001,22.790001,10.51182,15673100,40002000000.0,0.19000099999999875,0.8407123893805255
2010-08-25,22.690001,22.9,22.51,22.85,10.539486,21610700,40161301770.0,0.15999900000000267,0.7051520182833076
2010-08-26,22.879999,22.889999,22.450001,22.610001,10.428793,12558100,40497598230.0,-0.26999800000000107,-1.1800612403872968
2010-08-27,22.68,22.700001,22.379999,22.540001,10.396503,15787900,40143600000.0,-0.13999899999999954,-0.6172795414462061
2010-08-30,22.639999,22.68,22.51,22.52,10.38728,12414400,40072798230.0,-0.11999899999999997,-0.5300309421391758
2010-08-31,22.450001,22.530001,22.26,22.32,10.295033,19897600,39736501770.0,-0.13000100000000003,-0.5790690165225384
2010-09-01,22.6,22.82,22.450001,22.66,10.451854,15393200,40002000000.0,0.05999999999999872,0.2654867256637111
2010-09-02,22.6,22.82,22.58,22.790001,10.51182,8807400,40002000000.0,0.19000099999999875,0.8407123893805255
2010-09-03,22.91,22.98,22.75,22.91,10.567162,13047300,40550700000.0,0.0,0.0
2010-09-07,22.950001,23.24,22.940001,23.110001,10.659412,40207500,40621501770.0,0.16000000000000014,0.6971677256136073
2010-09-08,23.209999,23.540001,23.110001,23.450001,10.816237,39202300,41081698230.0,0.2400020000000005,1.0340457145215753
2010-09-09,23.620001,23.700001,23.49,23.629999,10.899262,14073300,41807401770.0,0.00999800000000306,0.04232853334766184
2010-09-10,23.74,23.940001,23.700001,23.84,10.996122,13844400,42019800000.0,0.10000000000000142,0.4212299915754062
2010-09-13,23.59,23.639999,23.379999,23.469999,11.000813,12172300,41754300000.0,-0.12000099999999847,-0.5086943620177977
2010-09-14,23.389999,23.65,23.26,23.51,11.019564,10614300,41400298230.0,0.12000100000000202,0.5130440578471253
2010-09-15,23.469999,23.780001,23.4,23.68,11.099244,10596100,41541898230.0,0.21000099999999833,0.8947635660316743
2010-09-16,23.639999,23.66,23.43,23.469999,11.000813,14239300,41842798230.0,-0.16999999999999815,-0.7191201657834171
2010-09-17,23.57,23.709999,23.49,23.5,11.014874,12473900,41718900000.0,-0.07000000000000028,-0.2969876962240148
2010-09-20,23.6,23.76,23.450001,23.709999,11.113306,9297000,41772000000.0,0.1099989999999984,0.46609745762711186
2010-09-21,23.690001,23.879999,23.620001,23.860001,11.183614,12173200,41931301770.0,0.1700000000000017,0.717602333575257
2010-09-22,23.870001,23.98,23.83,23.870001,11.188301,10931400,42249901770.0,0.0,0.0
2010-09-23,23.67,23.690001,23.48,23.6,11.061749,13253100,41895900000.0,-0.07000000000000028,-0.29573299535276837
2010-09-24,23.74,24.02,23.690001,24.0,11.249233,15704400,42019800000.0,0.26000000000000156,1.095197978096047
2010-09-27,24.059999,24.1,24.0,24.01,11.253919,10999400,42586198230.0,-0.04999899999999968,-0.20780965119740727
2010-09-28,24.08,24.209999,23.950001,24.200001,11.342976,12505300,42621600000.0,0.12000100000000202,0.4983430232558224
2010-09-29,24.18,24.33,24.1,24.25,11.366413,10708800,42798600000.0,0.07000000000000028,0.28949545078577454
2010-09-30,24.1,24.389999,23.879999,24.02,11.258607,13180900,42657000000.0,-0.08000000000000185,-0.3319502074688873
2010-10-01,24.01,24.049999,23.66,23.780001,11.146111,16443400,42497700000.0,-0.22999900000000295,-0.9579300291545311
2010-10-04,23.780001,23.959999,23.75,23.83,11.169549,8451400,42090601770.0,0.04999899999999968,0.21025650924068373
2010-10-05,24.0,24.309999,23.959999,24.25,11.366413,23718900,42480000000.0,0.25,1.0416666666666665
2010-10-06,24.280001,24.530001,24.280001,24.43,11.450783,14491600,42975601770.0,0.1499990000000011,0.6177882776858251
2010-10-07,24.540001,24.700001,24.5,24.57,11.516397,12685200,43435801770.0,0.02999900000000011,0.12224530879196016
2010-10-08,24.610001,24.75,24.49,24.51,11.48828,10119800,43559701770.0,-0.1000009999999989,-0.40634293350901896
2010-10-11,24.49,24.52,24.27,24.35,11.413281,9462600,43347300000.0,-0.13999999999999702,-0.5716619028174644
2010-10-12,24.41,24.610001,24.309999,24.540001,11.502338,12558200,43205700000.0,0.13000100000000003,0.5325727160999592
2010-10-13,24.66,24.809999,24.6,24.620001,11.53984,11199800,43648200000.0,-0.03999900000000167,-0.16220194647202624
2010-10-14,24.66,24.85,24.629999,24.799999,11.624205,8171400,43648200000.0,0.13999899999999954,0.5677169505271676
2010-10-15,24.889999,25.0,24.82,24.879999,11.661702,20664500,44055298230.0,-0.00999999999999801,-0.04017677943658419
2010-10-18,24.9,24.959999,24.85,24.9,11.671078,11042500,44073000000.0,0.0,0.0
2010-10-19,24.84,24.91,24.610001,24.75,11.600773,12133100,43966800000.0,-0.08999999999999986,-0.3623188405797096
2010-10-20,24.83,24.969999,24.68,24.92,11.680453,13046900,43949100000.0,0.09000000000000341,0.3624647603705333
2010-10-21,24.93,25.0,24.860001,24.950001,11.694513,10685800,44126100000.0,0.0200010000000006,0.08022864019254151
2010-10-22,24.969999,24.98,24.870001,24.92,11.680453,7631600,44196898230.0,-0.04999899999999968,-0.20023629155932154
2010-10-25,25.01,25.23,24.98,25.059999,11.746074,12163700,44267700000.0,0.04999899999999968,0.19991603358656412
2010-10-26,25.01,25.209999,25.01,25.200001,11.811695,7836000,44267700000.0,0.19000099999999875,0.7597001199520141
2010-10-27,25.110001,25.120001,24.9,25.110001,11.769513,9583000,44444701770.0,0.0,0.0
2010-10-28,25.360001,25.4,25.18,25.34,11.877313,9282900,44887201770.0,-0.0200010000000006,-0.07886829342002234
2010-10-29,25.280001,25.42,25.24,25.42,11.914812,12037100,44745601770.0,0.1399990000000031,0.553793490751852
2010-11-01,25.540001,25.6,25.23,25.370001,11.891375,13232600,45205801770.0,-0.1700000000000017,-0.6656225267963055
2010-11-02,25.469999,25.690001,25.440001,25.57,11.985121,9304200,45081898230.0,0.1000009999999989,0.39262270877984284
2010-11-03,25.59,25.790001,25.57,25.76,12.074177,9819200,45294300000.0,0.1700000000000017,0.664322000781562
2010-11-04,25.93,26.15,25.83,26.15,12.256976,13091800,45896100000.0,0.21999999999999886,0.8484381025838752
2010-11-05,26.209999,26.219999,26.0,26.110001,12.238225,10033900,46391698230.0,-0.09999799999999937,-0.3815261496194615
2010-11-08,25.93,25.959999,25.75,25.870001,12.125734,10294400,45896100000.0,-0.059999000000001246,-0.23138835325877843
2010-11-09,25.950001,25.950001,25.530001,25.58,11.989807,14061500,45931501770.0,-0.370001000000002,-1.425822681085839
2010-11-10,25.530001,25.559999,24.940001,25.209999,11.816381,21507200,45188101770.0,-0.3200019999999988,-1.2534351252081768
2010-11-11,24.950001,25.290001,24.950001,25.23,11.825756,10487600,44161501770.0,0.2799990000000001,1.1222404359823477
2010-11-12,25.040001,25.049999,24.540001,24.85,11.647642,18158100,44320801770.0,-0.19000099999999875,-0.7587899057991202
2010-11-15,24.879999,24.9,24.66,24.690001,11.572647,11348400,44037598230.0,-0.18999800000000278,-0.7636575869637405
2010-11-16,24.51,24.57,24.049999,24.379999,11.427343,16483700,43382700000.0,-0.13000100000000003,-0.5303998368013056
2010-11-17,24.34,24.6,24.290001,24.459999,11.464843,9214700,43081800000.0,0.11999899999999997,0.4930115036976169
2010-11-18,24.73,24.9,24.66,24.75,11.600773,10741200,43772100000.0,0.019999999999999574,0.0808734330772324
2010-11-19,24.780001,24.82,24.549999,24.74,11.596084,10032100,43860601770.0,-0.040001000000000175,-0.16142452940175497
2010-11-22,24.6,24.709999,24.34,24.48,11.474216,11943200,43542000000.0,-0.120000000000001,-0.4878048780487845
2010-11-23,24.309999,24.610001,24.18,24.540001,11.502338,13625000,43028698230.0,0.23000199999999893,0.9461209768046428
2010-11-24,24.690001,24.719999,24.379999,24.57,11.516397,9634200,43701301770.0,-0.12000099999999847,-0.48603076200765843
2010-11-26,24.35,24.49,24.32,24.360001,11.417973,5123700,43099500000.0,0.010000999999999038,0.04107186858315827
2010-11-29,24.299999,24.51,24.110001,24.43,11.450783,12899400,43010998230.0,0.13000100000000003,0.5349835611104348
2010-11-30,24.33,24.35,23.98,24.0,11.249233,18993700,43064100000.0,-0.3299999999999983,-1.3563501849568365
2010-12-01,24.219999,24.34,24.049999,24.17,11.328911,15975800,42869398230.0,-0.04999899999999968,-0.20643683759028925
2010-12-02,24.139999,24.23,23.700001,23.799999,11.15549,22566800,42727798230.0,-0.33999999999999986,-1.4084507625704537
2010-12-03,23.780001,23.98,23.75,23.809999,11.160176,14685400,42090601770.0,0.029998000000002634,0.12614801824441738
2010-12-06,23.83,24.110001,23.809999,24.049999,11.272669,20336200,42179100000.0,0.2199990000000014,0.9232018464120915
2010-12-07,24.190001,24.209999,23.969999,24.049999,11.272669,12210400,42816301770.0,-0.14000199999999907,-0.5787597941810713
2010-12-08,24.049999,24.42,24.040001,24.4,11.436723,12894100,42568498230.0,0.3500009999999989,1.4553056738172792
2010-12-09,24.559999,24.610001,24.43,24.59,11.525774,12802900,43471198230.0,0.030000999999998612,0.12215391376847617
2010-12-10,24.68,24.9,24.67,24.85,11.647642,11570800,43683600000.0,0.1700000000000017,0.6888168557536536
2010-12-13,24.93,24.93,24.65,24.74,11.596084,9701800,44126100000.0,-0.19000000000000128,-0.7621339751303702
2010-12-14,24.77,24.82,24.66,24.790001,11.619519,6597800,43842900000.0,0.0200010000000006,0.08074687121518208
2010-12-15,24.73,24.84,24.610001,24.75,11.600773,11705600,43772100000.0,0.019999999999999574,0.0808734330772324
2010-12-16,24.83,24.98,24.75,24.959999,11.699201,6444300,43949100000.0,0.12999900000000153,0.5235561820378636
2010-12-17,24.950001,24.99,24.870001,24.99,11.713265,10847100,44161501770.0,0.03999899999999812,0.16031662684100942
2010-12-20,25.059999,25.219999,25.0,25.17,11.797635,10764500,44356198230.0,0.11000100000000046,0.43895053627097297
2010-12-21,25.23,25.33,25.23,25.25,11.835129,11162400,44657100000.0,0.019999999999999574,0.07927070947284809
2010-12-22,25.299999,25.33,25.15,25.26,11.83982,8551600,44780998230.0,-0.03999899999999812,-0.15809882047820684
2010-12-23,25.0,25.110001,24.790001,24.85,11.825541,7517700,44250000000.0,-0.14999999999999858,-0.5999999999999943
2010-12-27,24.75,24.83,24.66,24.700001,11.754159,5093700,43807500000.0,-0.04999899999999968,-0.20201616161616034
2010-12-28,24.790001,24.85,24.65,24.75,11.777952,5882600,43878301770.0,-0.040001000000000175,-0.1613594126115613
2010-12-29,24.780001,24.799999,24.700001,24.709999,11.758919,5471800,43860601770.0,-0.07000199999999879,-0.28249393533115186
2010-12-30,24.67,24.68,24.559999,24.6,11.706575,4477500,43665900000.0,-0.07000000000000028,-0.2837454398054328
2010-12-31,24.6,24.66,24.5,24.620001,11.716094,4268800,43542000000.0,0.02000099999999705,0.08130487804876849
2011-01-03,24.709999,24.77,24.440001,24.5,11.658987,10546500,43736698230.0,-0.20999899999999982,-0.8498543443890864
2011-01-04,24.469999,24.49,24.129999,24.389999,11.606638,12607100,43311898230.0,-0.08000000000000185,-0.32693094920029153
2011-01-05,24.43,24.51,24.290001,24.48,11.649465,12798100,43241100000.0,0.05000000000000071,0.20466639377814455
2011-01-06,24.559999,24.67,24.459999,24.58,11.697053,10559900,43471198230.0,0.02000099999999705,0.08143729973277705
2011-01-07,24.629999,24.68,24.370001,24.389999,11.606638,11876300,43595098230.0,-0.240000000000002,-0.9744214768340103
2011-01-10,24.559999,24.57,24.190001,24.24,11.535255,15637300,43471198230.0,-0.3199990000000028,-1.302927577480776
2011-01-11,24.360001,24.360001,24.040001,24.07,11.454355,12645000,43117201770.0,-0.2900010000000002,-1.1904802466962139
2011-01-12,24.049999,24.15,23.92,24.059999,11.449598,13610100,42568498230.0,0.010000000000001563,0.04158004330894801
2011-01-13,24.049999,24.15,23.959999,24.120001,11.478152,7684600,42568498230.0,0.07000199999999879,0.2910686191712473
2011-01-14,24.1,24.209999,24.0,24.16,11.497187,8120400,42657000000.0,0.05999999999999872,0.24896265560165445
2011-01-18,24.01,24.219999,24.0,24.08,11.459113,12694400,42497700000.0,0.06999999999999673,0.29154518950435954
2011-01-19,24.09,24.129999,23.950001,23.99,11.416287,9295200,42639300000.0,-0.10000000000000142,-0.415110004151106
2011-01-20,24.01,24.18,23.969999,24.040001,11.440081,10034900,42497700000.0,0.030000999999998612,0.12495210329028991
2011-01-21,24.17,24.219999,24.01,24.09,11.463875,23216300,42780900000.0,-0.08000000000000185,-0.3309888291270246
2011-01-24,24.1,24.43,24.049999,24.42,11.620913,13503500,42657000000.0,0.3200000000000003,1.32780082987552
2011-01-25,24.35,24.459999,24.190001,24.290001,11.559051,10783600,43099500000.0,-0.059999000000001246,-0.24640246406571353
2011-01-26,24.32,24.43,24.25,24.27,11.549531,10811000,43046400000.0,-0.05000000000000071,-0.20559210526316082
2011-01-27,24.299999,24.35,23.870001,23.92,11.382977,14876000,43010998230.0,-0.379998999999998,-1.5637819573572738
2011-01-28,23.93,24.07,23.790001,23.790001,11.321113,12547600,42356100000.0,-0.13999899999999954,-0.5850355202674449
2011-01-31,23.780001,23.790001,23.34,23.51,11.187869,16289300,42090601770.0,-0.27000099999999705,-1.135412063271137
2011-02-01,23.65,23.709999,23.48,23.58,11.22118,16223300,41860500000.0,-0.07000000000000028,-0.29598308668076234
2011-02-02,23.57,23.780001,23.540001,23.68,11.268764,11732200,41718900000.0,0.10999999999999943,0.46669495120916177
2011-02-03,23.690001,24.08,23.540001,24.049999,11.444839,15601800,41931301770.0,0.35999800000000093,1.5196200287201378
2011-02-04,24.129999,24.129999,23.809999,24.0,11.421043,9495100,42710098230.0,-0.12999900000000153,-0.5387443240258797
2011-02-07,24.09,24.09,23.889999,24.059999,11.449598,18692900,42639300000.0,-0.030000999999998612,-0.12453715234536578
2011-02-08,24.09,24.139999,23.950001,24.129999,11.48291,9229600,42639300000.0,0.03999900000000167,0.16603985056040546
2011-02-09,24.1,24.17,24.040001,24.15,11.492424,7867200,42657000000.0,0.04999999999999716,0.207468879668038
2011-02-10,24.110001,24.200001,24.049999,24.09,11.463875,8735200,42674701770.0,-0.0200010000000006,-0.08295727569650703
2011-02-11,24.059999,24.49,24.0,24.440001,11.630432,10668600,42586198230.0,0.3800019999999975,1.57939324935133
2011-02-14,24.48,24.49,24.26,24.49,11.654225,8553000,43329600000.0,0.00999999999999801,0.04084967320260625
2011-02-15,24.4,24.52,24.309999,24.48,11.649465,7796300,43188000000.0,0.08000000000000185,0.327868852459024
2011-02-16,24.52,24.58,24.360001,24.48,11.649465,10366400,43400400000.0,-0.03999999999999915,-0.1631321370309916
2011-02-17,24.469999,24.73,24.43,24.73,11.768435,14431100,43311898230.0,0.26000099999999904,1.0625296715377839
2011-02-18,24.74,24.809999,24.6,24.790001,11.796988,8569600,43789800000.0,0.05000100000000174,0.20210590137429968
2011-02-22,24.639999,24.92,24.6,24.74,11.773194,10637300,43612798230.0,0.1000009999999989,0.4058482307568231
2011-02-23,24.73,24.870001,24.66,24.709999,11.758919,12915600,43772100000.0,-0.0200010000000006,-0.08087747674889043
2011-02-24,24.59,24.76,24.530001,24.709999,11.758919,9177600,43524300000.0,0.11999899999999997,0.48799918666124426
2011-02-25,24.700001,24.950001,24.700001,24.940001,11.86837,8815100,43719001770.0,0.23999999999999844,0.9716598796898771
2011-02-28,24.959999,25.4,24.91,25.370001,12.07299,15304500,44179198230.0,0.41000199999999865,1.6426362837594612
2011-03-01,25.48,25.700001,25.110001,25.120001,11.954027,11987900,45099600000.0,-0.35999900000000196,-1.412868916797496
2011-03-02,25.219999,25.32,25.0,25.049999,11.92072,13464700,44639398230.0,-0.1700000000000017,-0.6740682265689293
2011-03-03,25.219999,25.52,25.15,25.440001,12.106307,37859900,44639398230.0,0.22000199999999737,0.8723315175389077
2011-03-04,25.389999,25.48,25.15,25.32,12.049202,33571700,44940298230.0,-0.06999899999999926,-0.2756951664314727
2011-03-07,25.469999,25.59,25.360001,25.379999,12.077753,32727700,45081898230.0,-0.08999999999999986,-0.3533569043328186
2011-03-08,25.42,25.719999,25.4,25.66,12.210999,7909800,44993400000.0,0.23999999999999844,0.9441384736427947
2011-03-09,25.6,25.82,25.58,25.809999,12.282383,8017700,45312000000.0,0.20999899999999982,0.8203085937499993
2011-03-10,25.709999,25.82,25.620001,25.639999,12.201481,10765000,45506698230.0,-0.07000000000000028,-0.27226761074553246
2011-03-11,25.07,25.16,24.91,25.049999,12.100044,13845100,44373900000.0,-0.0200010000000006,-0.07978061428001836
2011-03-14,24.9,25.200001,24.9,24.99,12.071064,8603300,44073000000.0,0.08999999999999986,0.36144578313252956
2011-03-15,24.530001,24.76,24.469999,24.709999,11.935812,11007500,43418101770.0,0.1799980000000012,0.733787169433875
2011-03-16,24.59,24.709999,24.190001,24.290001,11.732941,14603300,43524300000.0,-0.2999989999999997,-1.2200040666937766
2011-03-17,24.57,24.77,24.4,24.440001,11.805396,11895800,43488900000.0,-0.12999900000000153,-0.5290964590964653
2011-03-18,24.700001,24.879999,24.51,24.799999,11.979285,15245100,43719001770.0,0.09999799999999937,0.4048501860384514
2011-03-21,24.959999,25.24,24.9,25.15,12.148346,10460200,44179198230.0,0.19000099999999875,0.7612219856258758
2011-03-22,25.17,25.58,25.15,25.43,12.283601,12275800,44550900000.0,0.259999999999998,1.0329757647993563
2011-03-23,25.4,25.65,25.33,25.610001,12.370543,9177500,44958000000.0,0.21000100000000188,0.8267755905511885
2011-03-24,25.639999,25.969999,25.58,25.93,12.525115,13405600,45382798230.0,0.2900010000000002,1.131049186078362
2011-03-25,25.969999,26.02,25.790001,25.82,12.471983,8898100,45966898230.0,-0.1499990000000011,-0.5775856980202467
2011-03-28,25.969999,26.190001,25.9,26.049999,12.58308,19170000,45966898230.0,0.0799999999999983,0.3080477592625178
2011-03-29,26.030001,26.08,25.870001,25.969999,12.54444,8440600,46073101770.0,-0.060001999999997224,-0.23051094004951145
2011-03-30,26.1,26.27,26.02,26.110001,12.612063,9736100,46197000000.0,0.010000999999999038,0.03831800766283156
2011-03-31,26.059999,26.1,25.940001,26.030001,12.573419,9001700,46126198230.0,-0.029998000000002634,-0.11511128607488677
2011-04-01,25.889999,26.139999,25.860001,25.98,12.54927,8302000,45825298230.0,0.09000100000000089,0.3476284413916002
2011-04-04,26.0,26.01,25.809999,25.940001,12.529947,6837100,46020000000.0,-0.059999000000001246,-0.23076538461538942
2011-04-05,25.879999,26.200001,25.85,26.110001,12.612063,8616100,45807598230.0,0.23000199999999893,0.8887249184205878
2011-04-06,26.23,26.33,26.139999,26.280001,12.694176,8633800,46427100000.0,0.050000999999998186,0.19062523827677538
2011-04-07,26.290001,26.309999,25.9,26.1,12.607229,11805400,46533301770.0,-0.19000099999999875,-0.7227120303266582
2011-04-08,26.049999,26.33,26.049999,26.24,12.674857,9844900,46108498230.0,0.19000099999999875,0.7293704694575949
2011-04-11,26.469999,26.75,26.4,26.52,12.810108,13057100,46851898230.0,0.050000999999998186,0.18889687151101964
2011-04-12,26.5,26.799999,26.42,26.700001,12.897057,11059100,46905000000.0,0.20000100000000032,0.7547207547169823
2011-04-13,26.780001,26.780001,26.540001,26.68,12.887394,8141200,47400601770.0,-0.1000009999999989,-0.3734167149582963
2011-04-14,26.700001,26.99,26.629999,26.889999,12.98883,8515300,47259001770.0,0.18999799999999922,0.711602969602882
2011-04-15,26.940001,27.15,26.85,27.01,13.046799,10639100,47683801770.0,0.06999900000000281,0.2598329524932193
2011-04-18,26.82,26.870001,26.41,26.549999,12.8246,13910600,47471400000.0,-0.2700010000000006,-1.006715137956751
2011-04-19,26.5,26.51,26.040001,26.379999,12.742481,14317900,46905000000.0,-0.12000099999999847,-0.4528339622641452
2011-04-20,26.1,26.299999,26.049999,26.15,12.631383,15391600,46197000000.0,0.04999999999999716,0.19157088122604274
2011-04-21,26.280001,26.280001,25.98,26.059999,12.587912,11425000,46515601770.0,-0.22000199999999737,-0.8371460868665772
2011-04-25,26.09,26.17,25.950001,26.08,12.597572,7361700,46179300000.0,-0.010000000000001563,-0.0383288616328155
2011-04-26,26.059999,26.41,26.049999,26.290001,12.699011,9209000,46126198230.0,0.23000199999999893,0.882586373084661
2011-04-27,26.379999,26.709999,26.370001,26.620001,12.858411,12034600,46692598230.0,0.24000199999999694,0.9097877524559305
2011-04-28,26.639999,26.709999,26.5,26.65,12.872904,11321100,47152798230.0,0.010000999999999038,0.03754129270049537
2011-04-29,26.709999,27.0,26.66,26.84,12.96468,9528100,47276698230.0,0.13000100000000003,0.4867128598544689
2011-05-02,26.82,27.0,26.700001,26.780001,12.935698,9044800,47471400000.0,-0.03999900000000167,-0.14913870246085634
2011-05-03,26.84,27.0,26.709999,27.0,13.041967,10560500,47506800000.0,0.16000000000000014,0.5961251862891213
2011-05-04,26.98,27.0,26.700001,26.85,12.969511,18073500,47754600000.0,-0.129999999999999,-0.48183839881393253
2011-05-05,26.799999,26.9,26.620001,26.68,12.887394,8388400,47435998230.0,-0.11999899999999997,-0.4477574793939357
2011-05-06,26.879999,27.16,26.84,26.959999,13.022644,11607400,47577598230.0,0.0799999999999983,0.2976190586911789
2011-05-09,26.969999,27.16,26.950001,27.139999,13.109589,8182000,47736898230.0,0.16999999999999815,0.6303300196636943
2011-05-10,27.200001,27.25,27.040001,27.17,13.124083,7377800,48144001770.0,-0.030000999999998612,-0.11029779006257615
2011-05-11,27.18,27.27,27.0,27.059999,13.070951,6831500,48108600000.0,-0.12000099999999847,-0.4415047829286184
2011-05-12,27.049999,27.370001,26.91,27.35,13.211026,7986100,47878498230.0,0.30000100000000174,1.1090610391519857
2011-05-13,27.379999,27.629999,27.200001,27.309999,13.191707,7066800,48462598230.0,-0.07000000000000028,-0.2556610758093902
2011-05-16,27.219999,27.6,27.190001,27.49,13.278652,29941000,48179398230.0,0.27000099999999705,0.9919214177781456
2011-05-17,27.43,27.82,27.42,27.66,13.360769,12833000,48551100000.0,0.23000000000000043,0.8384979948961008
2011-05-18,27.65,27.9,27.559999,27.870001,13.462212,12867800,48940500000.0,0.2200009999999999,0.7956636528028929
2011-05-19,27.950001,28.030001,27.790001,27.98,13.515343,6959200,49471501770.0,0.02999900000000011,0.10733094428154084
2011-05-20,28.0,28.01,27.700001,27.74,13.399412,9233000,49560000000.0,-0.26000000000000156,-0.9285714285714342
2011-05-23,27.549999,28.030001,27.51,27.85,13.452543,12297800,48763498230.0,0.30000100000000174,1.0889328888904923
2011-05-24,27.889999,27.98,27.780001,27.92,13.486359,7960400,49365298230.0,0.030001000000002165,0.10756902501144645
2011-05-25,27.809999,28.0,27.57,27.91,13.481526,18435200,49223698230.0,0.1000009999999989,0.35958649261367787
2011-05-26,27.83,27.85,27.629999,27.77,13.413903,16481500,49259100000.0,-0.05999999999999872,-0.2155946819978395
2011-05-27,27.83,27.99,27.809999,27.940001,13.496018,6095100,49259100000.0,0.11000100000000046,0.3952605102407491
2011-05-31,28.01,28.09,27.9,28.059999,13.553982,10055600,49577700000.0,0.04999899999999968,0.17850410567654293
2011-06-01,28.09,28.129999,27.9,27.92,13.486359,10556500,49719300000.0,-0.16999999999999815,-0.6051975792096767
2011-06-02,27.92,27.92,27.52,27.57,13.3173,11853300,49418400000.0,-0.3500000000000014,-1.2535816618911224
2011-06-03,27.41,27.76,27.35,27.6,13.331784,20693400,48515700000.0,0.19000000000000128,0.6931776723823468
2011-06-06,27.610001,27.610001,27.25,27.25,13.162726,9741400,48869701770.0,-0.36000100000000046,-1.3038789821123167
2011-06-07,27.41,27.459999,27.1,27.1,13.090269,8836900,48515700000.0,-0.3099999999999987,-1.1309740970448694
2011-06-08,27.01,27.35,26.940001,27.290001,13.182047,9614100,47807700000.0,0.2800009999999986,1.0366567937800764
2011-06-09,27.25,27.639999,27.200001,27.459999,13.264159,9886200,48232500000.0,0.20999899999999982,0.7706385321100911
2011-06-10,27.5,27.57,27.0,27.01,13.046799,11493800,48675000000.0,-0.48999999999999844,-1.781818181818176
2011-06-13,26.530001,27.120001,26.48,26.93,13.193772,11169000,46958101770.0,0.3999990000000011,1.5077232752460172
2011-06-14,27.059999,27.540001,27.049999,27.370001,13.409342,11468800,47896198230.0,0.3100019999999972,1.1456097984334634
2011-06-15,27.290001,27.299999,26.5,26.610001,13.036997,15599300,48303301770.0,-0.6799999999999997,-2.4917551303863994
2011-06-16,26.440001,27.030001,26.4,26.93,13.193772,11941500,46798801770.0,0.48999900000000096,1.8532487952629086
2011-06-17,27.129999,27.26,27.059999,27.08,13.267268,12158900,48020098230.0,-0.049999000000003235,-0.1842941461221699
2011-06-20,27.1,27.4,27.09,27.32,13.384846,16801400,47967000000.0,0.21999999999999886,0.8118081180811766
2011-06-21,27.360001,27.610001,27.18,27.309999,13.379946,12115600,48427201770.0,-0.050001999999999214,-0.18275584127354094
2011-06-22,27.059999,27.26,27.0,27.18,13.316255,13148700,47896198230.0,0.12000099999999847,0.44346269192396665
2011-06-23,26.799999,26.870001,26.530001,26.85,13.15458,13489500,47435998230.0,0.05000100000000174,0.18657090248399538
2011-06-24,26.799999,26.84,26.629999,26.790001,13.125182,12138800,47435998230.0,-0.009997999999999507,-0.037305971541265755
2011-06-27,26.780001,26.83,26.67,26.77,13.115389,9285700,47400601770.0,-0.010000999999999038,-0.03734503221265391
2011-06-28,26.43,26.52,25.92,26.360001,12.914515,21479900,46781100000.0,-0.06999899999999926,-0.26484676503972476
2011-06-29,26.379999,26.540001,26.02,26.1,12.787135,20196800,46692598230.0,-0.2799990000000001,-1.0614064086962252
2011-06-30,26.120001,26.440001,26.02,26.41,12.939017,12624200,46232401770.0,0.28999900000000167,1.110256465916681
2011-07-01,26.35,26.549999,26.200001,26.530001,12.997801,11206300,46639500000.0,0.1800009999999972,0.683115749525606
2011-07-05,26.49,26.9,26.4,26.6,13.032093,11799700,46887300000.0,0.11000000000000298,0.4152510381276066
2011-07-06,26.549999,26.959999,26.549999,26.82,13.139884,9786100,46993498230.0,0.2700010000000006,1.0169529573240308
2011-07-07,26.99,27.09,26.860001,27.0,13.228067,9235600,47772300000.0,0.010000000000001563,0.03705075954057638
2011-07-08,26.860001,26.93,26.75,26.889999,13.174176,10326200,47542201770.0,0.02999799999999908,0.11168279554419629
2011-07-11,26.99,27.040001,26.790001,26.93,13.193772,11833700,47772300000.0,-0.05999999999999872,-0.22230455724341877
2011-07-12,26.860001,27.08,26.74,26.9,13.17908,11003700,47542201770.0,0.03999899999999812,0.14891659907234597
2011-07-13,27.09,27.09,26.77,26.860001,13.159474,7232000,47949300000.0,-0.2299989999999994,-0.8490180878552949
2011-07-14,26.9,27.02,26.780001,26.85,13.15458,8414300,47613000000.0,-0.04999999999999716,-0.18587360594794483
2011-07-15,26.860001,26.860001,26.469999,26.690001,13.076192,9781600,47542201770.0,-0.1700000000000017,-0.6329113688417275
2011-07-18,26.620001,26.68,26.450001,26.6,13.032093,7001700,47117401770.0,-0.02000099999999705,-0.07513523384164054
2011-07-19,26.690001,27.049999,26.66,27.02,13.237866,10578900,47241301770.0,0.3299990000000008,1.2364143410860151
2011-07-20,26.92,26.92,26.01,26.370001,12.919415,19694600,47648400000.0,-0.5499990000000032,-2.0430869242199226
2011-07-21,26.48,26.639999,26.25,26.59,13.027207,11524800,46869600000.0,0.10999999999999943,0.4154078549848921
2011-07-22,26.629999,26.629999,26.24,26.360001,12.914515,11518100,47135098230.0,-0.26999800000000107,-1.0138866321399451
2011-07-25,26.1,26.299999,26.040001,26.24,12.855724,11865900,46197000000.0,0.13999999999999702,0.5363984674329387
2011-07-26,26.17,26.24,26.049999,26.16,12.816526,8115400,46320900000.0,-0.010000000000001563,-0.038211692777996034
2011-07-27,26.030001,26.27,26.02,26.110001,12.79203,11529300,46073101770.0,0.08000000000000185,0.307337675476854
2011-07-28,26.059999,26.450001,26.059999,26.23,12.850823,9640900,46126198230.0,0.17000099999999918,0.6523446144414633
2011-07-29,26.18,26.59,26.110001,26.299999,12.88512,14122300,46338600000.0,0.11999899999999997,0.458361344537815
2011-08-01,26.530001,26.57,25.83,26.15,12.81163,15059700,46958101770.0,-0.38000100000000003,-1.4323444616530547
2011-08-02,26.01,26.440001,25.84,26.18,12.82633,13809500,46037700000.0,0.16999999999999815,0.6535947712418229
2011-08-03,26.120001,26.42,25.9,26.360001,12.914515,18170800,46232401770.0,0.240000000000002,0.9188361057107233
2011-08-04,26.17,26.52,25.459999,25.49,12.488279,25736600,46320900000.0,-0.6800000000000033,-2.5983951089033366
2011-08-05,25.49,26.059999,25.440001,25.889999,12.684244,27609100,45117300000.0,0.3999990000000011,1.5692389172224448
2011-08-08,24.98,25.42,24.440001,24.540001,12.022847,40430600,44214600000.0,-0.43999900000000025,-1.7614051240992805
2011-08-09,24.59,25.190001,23.200001,25.18,12.3364,47651000,43524300000.0,0.5899999999999999,2.3993493289955263
2011-08-10,24.9,24.969999,24.27,24.360001,11.934659,39032500,44073000000.0,-0.5399989999999981,-2.1686706827309163
2011-08-11,24.4,25.190001,24.25,24.959999,12.228612,23003000,43188000000.0,0.5599990000000012,2.2950778688524642
2011-08-12,25.43,25.450001,25.049999,25.200001,12.346196,14112100,45011100000.0,-0.2299989999999994,-0.9044396382225693
2011-08-15,25.440001,25.74,25.27,25.700001,12.591164,12298300,45028801770.0,0.26000000000000156,1.0220125384429095
2011-08-16,25.59,25.77,25.4,25.68,12.581366,11187700,45294300000.0,0.08999999999999986,0.3516998827667052
2011-08-17,25.82,26.17,25.790001,26.0,12.738146,13603800,45701400000.0,0.17999999999999972,0.6971340046475589
2011-08-18,25.530001,25.91,25.309999,25.700001,12.591164,19496300,45188101770.0,0.1700000000000017,0.6658832484965501
2011-08-19,25.469999,26.24,25.469999,25.709999,12.596059,18240300,45081898230.0,0.23999999999999844,0.942285078220845
2011-08-22,26.23,26.24,25.68,25.860001,12.669551,11360400,46427100000.0,-0.36999899999999997,-1.4105947388486464
2011-08-23,25.98,26.450001,25.85,26.43,12.948812,14004600,45984600000.0,0.4499999999999993,1.7321016166281726
2011-08-24,26.32,26.549999,26.26,26.469999,12.968409,9116000,46586400000.0,0.1499990000000011,0.5699050151975726
2011-08-25,26.549999,26.549999,25.889999,26.01,12.743037,12587900,46993498230.0,-0.5399989999999981,-2.033894615212596
2011-08-26,25.969999,26.389999,25.610001,26.299999,12.88512,13020800,45966898230.0,0.3299999999999983,1.2706970069579067
2011-08-29,26.559999,26.799999,26.5,26.780001,13.120284,9207000,47011198230.0,0.22000199999999737,0.8283208143192978
2011-08-30,26.77,27.200001,26.620001,27.02,13.237866,14148900,47382900000.0,0.25,0.9338812103100484
2011-08-31,27.120001,27.41,27.049999,27.190001,13.321155,11853900,48002401770.0,0.07000000000000028,0.25811208487787407
2011-09-01,27.26,27.360001,27.049999,27.09,13.272163,10140400,48250200000.0,-0.1700000000000017,-0.6236243580337553
2011-09-02,26.879999,27.040001,26.690001,26.719999,13.090892,9629700,47577598230.0,-0.16000000000000014,-0.595238117382371
2011-09-06,26.139999,26.85,26.01,26.83,13.144782,14748700,46267798230.0,0.6900009999999988,2.639636673283724
2011-09-07,27.26,27.32,26.889999,26.99,13.223168,11450400,48250200000.0,-0.2700000000000031,-0.9904622157006717
2011-09-08,26.940001,27.25,26.83,27.01,13.232969,46195000,47683801770.0,0.06999900000000281,0.2598329524932193
2011-09-09,26.860001,26.91,26.280001,26.370001,12.919415,54468700,47542201770.0,-0.490000000000002,-1.8242739454849684
2011-09-12,26.059999,26.57,26.01,26.540001,13.002702,15172900,46126198230.0,0.48000199999999893,1.841911045353451
2011-09-13,26.17,26.25,25.9,26.18,13.027586,13220700,46320900000.0,0.00999999999999801,0.03821169277798246
2011-09-14,26.35,26.77,26.16,26.549999,13.211699,16574200,46639500000.0,0.19999899999999826,0.7590094876660275
2011-09-15,26.690001,26.9,26.549999,26.870001,13.370939,12540000,47241301770.0,0.17999999999999972,0.6744098660768117
2011-09-16,27.07,27.190001,26.709999,26.9,13.385868,15986400,47913900000.0,-0.1700000000000017,-0.6280014776505419
2011-09-19,26.639999,26.98,26.5,26.870001,13.370939,9408000,47152798230.0,0.23000199999999893,0.8633709032796845
2011-09-20,26.969999,27.190001,26.83,26.950001,13.410748,9954300,47736898230.0,-0.01999800000000107,-0.0741490572543257
2011-09-21,26.889999,26.93,26.110001,26.120001,12.997725,16699500,47595298230.0,-0.7699980000000011,-2.8635107052253925
2011-09-22,25.58,25.84,25.27,25.700001,12.78873,20771800,45276600000.0,0.12000100000000202,0.46912040656763887
2011-09-23,25.73,25.91,25.59,25.77,12.823562,13002600,45542100000.0,0.03999999999999915,0.15546055188495586
2011-09-26,25.889999,26.040001,25.74,26.0,12.938018,21449500,45825298230.0,0.11000100000000046,0.4248783478129932
2011-09-27,26.370001,26.709999,26.200001,26.42,13.147011,20376500,46674901770.0,0.049999000000003235,0.18960560524818804
2011-09-28,26.5,26.59,26.07,26.1,12.987776,10165300,46905000000.0,-0.3999999999999986,-1.5094339622641455
2011-09-29,26.4,26.59,26.15,26.440001,13.156963,9729000,46728000000.0,0.040001000000000175,0.15151893939394007
2011-09-30,26.32,27.27,26.280001,26.809999,13.341081,22208500,46586400000.0,0.48999900000000096,1.8616983282674808
2011-10-03,26.709999,27.16,26.540001,26.559999,13.216676,16606400,47276698230.0,-0.14999999999999858,-0.5615874414671396
2011-10-04,26.129999,26.559999,25.940001,26.540001,13.206725,17400000,46250098230.0,0.41000199999999865,1.5690854025673657
2011-10-05,26.6,26.76,26.280001,26.5,13.186818,13006800,47082000000.0,-0.10000000000000142,-0.37593984962406546
2011-10-06,26.51,26.950001,26.440001,26.950001,13.410748,9965100,46922700000.0,0.44000099999999875,1.6597548095058419
2011-10-07,27.030001,27.6,26.9,27.43,13.649605,14743700,47843101770.0,0.3999990000000011,1.4798334635651738
2011-10-10,27.73,27.799999,27.42,27.629999,13.749119,11526300,49082100000.0,-0.1000009999999989,-0.3606238730616621
2011-10-11,27.690001,27.870001,27.389999,27.799999,13.83372,14009300,49011301770.0,0.10999800000000093,0.3972480896624053
2011-10-12,27.98,28.139999,27.76,27.77,13.81879,14182600,49524600000.0,-0.21000000000000085,-0.7505360972122975
2011-10-13,27.629999,27.74,27.41,27.610001,13.73917,9515800,48905098230.0,-0.01999800000000107,-0.07237785278240896
2011-10-14,27.83,27.83,27.4,27.67,13.76903,9597300,49259100000.0,-0.1599999999999966,-0.5749191519942386
2011-10-17,27.549999,27.709999,27.370001,27.42,13.644626,8958500,48763498230.0,-0.12999899999999798,-0.47186571585718745
2011-10-18,27.309999,27.809999,27.02,27.530001,13.699365,10627900,48338698230.0,0.22000199999999737,0.8055730796621317
2011-10-19,27.559999,27.639999,27.219999,27.32,13.594863,9405900,48781198230.0,-0.23999900000000096,-0.8708236890719806
2011-10-20,27.440001,27.809999,27.23,27.25,13.560031,13006700,48568801770.0,-0.19000099999999875,-0.6924234441536601
2011-10-21,27.530001,27.629999,27.309999,27.450001,13.659554,15557700,48728101770.0,-0.0799999999999983,-0.29059207081030725
2011-10-24,27.530001,27.540001,27.200001,27.309999,13.589888,12001200,48728101770.0,-0.22000199999999737,-0.7991354595301228
2011-10-25,27.17,27.299999,26.799999,27.0,13.435629,14810800,48090900000.0,-0.1700000000000017,-0.6256900993743162
2011-10-26,27.209999,27.290001,26.799999,27.280001,13.57496,15617400,48161698230.0,0.07000199999999879,0.25726572059042996
2011-10-27,27.65,27.799999,26.950001,27.66,13.764058,20410500,48940500000.0,0.010000000000001563,0.03616636528029499
2011-10-28,27.530001,27.629999,27.16,27.559999,13.71429,11865300,48728101770.0,0.029998000000002634,0.10896476175210686
2011-10-31,27.389999,27.85,27.379999,27.549999,13.709316,17213800,48480298230.0,0.16000000000000014,0.5841548223495742
2011-11-01,27.120001,27.41,27.0,27.1,13.485388,19460100,48002401770.0,-0.02000099999999705,-0.07374999728059393
2011-11-02,27.41,27.41,26.959999,27.190001,13.530173,11022100,48515700000.0,-0.2199990000000014,-0.8026231302444413
2011-11-03,27.42,27.52,27.25,27.469999,13.669512,13476900,48533400000.0,0.04999899999999968,0.18234500364697184
2011-11-04,27.389999,27.440001,27.16,27.370001,13.619745,7728600,48480298230.0,-0.01999800000000107,-0.07301205085842125
2011-11-07,27.34,27.52,27.129999,27.52,13.69439,13190700,48391800000.0,0.17999999999999972,0.6583760058522301
2011-11-08,27.620001,27.68,27.35,27.65,13.759076,9446700,48887401770.0,0.02999900000000011,0.10861331974607862
2011-11-09,27.360001,27.469999,27.030001,27.17,13.520221,12823500,48427201770.0,-0.19000099999999875,-0.694448074033326
2011-11-10,27.360001,27.700001,27.33,27.629999,13.749119,9513500,48427201770.0,0.26999800000000107,0.9868347592531194
2011-11-11,27.799999,27.99,27.75,27.780001,13.823768,8385100,49205998230.0,-0.01999800000000107,-0.07193525438616408
2011-11-14,27.690001,27.799999,27.5,27.620001,13.744151,7867600,49011301770.0,-0.07000000000000028,-0.2527988352185335
2011-11-15,27.559999,27.870001,27.559999,27.77,13.81879,8848200,48781198230.0,0.21000099999999833,0.7619775312763919
2011-11-16,27.639999,27.9,27.49,27.5,13.684433,12689500,48922798230.0,-0.13999899999999954,-0.506508701393222
2011-11-17,27.440001,27.860001,27.42,27.540001,13.704339,20792100,48568801770.0,0.10000000000000142,0.3644314735994413
2011-11-18,27.639999,27.82,27.459999,27.639999,13.754105,10482000,48922798230.0,0.0,0.0
2011-11-21,27.379999,27.52,27.15,27.299999,13.584909,14077800,48462598230.0,-0.08000000000000185,-0.2921840866393086
2011-11-22,27.32,27.5,27.15,27.370001,13.619745,10494900,48356400000.0,0.050000999999998186,0.18301976573937842
2011-11-23,27.209999,27.299999,27.0,27.120001,13.495342,9905000,48161698230.0,-0.08999800000000135,-0.3307534116410712
2011-11-25,27.15,27.450001,27.1,27.25,13.560031,3259600,48055500000.0,0.10000000000000142,0.36832412523020785
2011-11-28,27.65,27.719999,27.459999,27.6,13.734197,11383900,48940500000.0,-0.04999999999999716,-0.18083182640143639
2011-11-29,27.66,28.200001,27.65,27.950001,13.908364,13486300,48958200000.0,0.2900010000000002,1.048449023861172
2011-11-30,28.42,28.719999,28.23,28.690001,14.276603,15799100,50303400000.0,0.27000099999999705,0.950038705137217
2011-12-01,28.58,29.049999,28.48,28.68,14.271626,13642100,50586600000.0,0.10000000000000142,0.34989503149055784
2011-12-02,28.77,28.780001,28.299999,28.41,14.137272,10919900,50922900000.0,-0.35999999999999943,-1.251303441084461
2011-12-05,28.530001,28.66,28.129999,28.219999,14.04272,12105200,50498101770.0,-0.3100019999999972,-1.0865825066041788
2011-12-06,28.389999,28.950001,28.33,28.76,14.311435,14048800,50250298230.0,0.370001000000002,1.3032793696118201
2011-12-07,28.68,28.93,28.440001,28.83,14.346265,10803900,50763600000.0,0.14999999999999858,0.5230125523012502
2011-12-08,28.75,28.9,28.49,28.530001,14.196976,41635400,50887500000.0,-0.2199990000000014,-0.7652139130434831
2011-12-09,28.620001,28.83,28.6,28.780001,14.321384,42032600,50657401770.0,0.16000000000000014,0.5590495961198608
2011-12-12,28.719999,28.91,28.67,28.870001,14.366168,45302700,50834398230.0,0.15000199999999708,0.5222911045365881
2011-12-13,28.92,29.25,28.82,28.99,14.425883,13022300,51188400000.0,0.06999999999999673,0.2420470262793801
2011-12-14,28.870001,28.98,28.67,28.73,14.296499,10850400,51099901770.0,-0.14000099999999804,-0.48493590284253213
2011-12-15,28.93,29.25,28.76,29.110001,14.485599,10730700,51206100000.0,0.18000100000000074,0.6221949533356403
2011-12-16,29.299999,29.469999,28.98,29.139999,14.500526,15580100,51860998230.0,-0.16000000000000014,-0.5460751039616081
2011-12-19,29.360001,29.629999,29.290001,29.34,14.600048,10731700,51967201770.0,-0.0200010000000006,-0.06812329468245114
2011-12-20,29.68,29.98,29.530001,29.860001,14.858804,13160100,52533600000.0,0.18000100000000074,0.6064723719676575
2011-12-21,29.98,30.4,29.860001,30.309999,15.082731,13147500,53064600000.0,0.3299990000000008,1.1007304869913301
2011-12-22,30.030001,30.08,29.6,29.82,15.042386,9849400,53153101770.0,-0.21000099999999833,-0.6993040060171771
2011-12-23,29.83,29.950001,29.690001,29.84,15.052471,8147600,52799100000.0,0.010000000000001563,0.0335232986925966
2011-12-27,29.83,29.969999,29.700001,29.719999,14.991939,7961200,52799100000.0,-0.1100009999999969,-0.36875963794836375
2011-12-28,29.709999,29.93,29.690001,29.719999,14.991939,6797000,52586698230.0,0.010000000000001563,0.033658701907063555
2011-12-29,29.77,29.870001,29.65,29.790001,15.027253,6291300,52692900000.0,0.0200010000000006,0.06718508565670339
2011-12-30,29.690001,29.809999,29.530001,29.65,14.956623,6219100,52551301770.0,-0.040001000000000175,-0.1347288603998369
2012-01-03,28.65,28.99,28.51,28.559999,14.406788,25911000,50710500000.0,-0.09000099999999733,-0.3141396160558371
2012-01-04,28.4,28.530001,28.25,28.4,14.326078,14821800,50268000000.0,0.0,0.0
2012-01-05,28.370001,28.91,28.35,28.83,14.542985,16748600,50214901770.0,0.4599989999999998,1.621427507175625
2012-01-06,28.77,28.82,28.610001,28.719999,14.487498,11558000,50922900000.0,-0.050000999999998186,-0.17379562043794988
2012-01-09,28.57,28.67,28.42,28.5,14.376521,10310500,50568900000.0,-0.07000000000000028,-0.2450122506125316
2012-01-10,28.790001,29.0,28.780001,28.91,14.583342,10636900,50958301770.0,0.11999899999999997,0.4168079049389403
2012-01-11,28.91,28.99,28.700001,28.84,14.548027,11707200,51170700000.0,-0.07000000000000028,-0.24213075060532785
2012-01-12,28.93,28.98,28.709999,28.84,14.548027,8454400,51206100000.0,-0.08999999999999986,-0.3110957483581053
2012-01-13,28.76,29.0,28.690001,28.959999,14.608564,9319400,50905200000.0,0.19999899999999826,0.6954068150208562
2012-01-17,29.08,29.190001,28.860001,28.9,14.578291,10454300,51471600000.0,-0.17999999999999972,-0.6189821182943595
2012-01-18,28.93,28.969999,28.799999,28.959999,14.608564,10160500,51206100000.0,0.02999900000000011,0.10369512616660943
2012-01-19,28.950001,28.959999,28.540001,28.610001,14.432006,13067200,51241501770.0,-0.33999999999999986,-1.1744386468242258
2012-01-20,28.700001,28.780001,28.450001,28.700001,14.477408,11452800,50799001770.0,0.0,0.0
2012-01-23,28.73,28.799999,28.5,28.610001,14.432006,8725200,50852100000.0,-0.11999899999999997,-0.4176783849634528
2012-01-24,28.5,28.6,28.16,28.280001,14.265546,12440200,50445000000.0,-0.2199990000000014,-0.7719263157894786
2012-01-25,28.200001,28.73,28.200001,28.67,14.462276,11033500,49914001770.0,0.4699990000000014,1.6666630614658537
2012-01-26,28.74,28.889999,28.370001,28.66,14.457232,11781900,50869800000.0,-0.0799999999999983,-0.27835768963117014
2012-01-27,28.92,28.92,28.09,28.139999,14.194925,13905100,51188400000.0,-0.7800010000000022,-2.697098893499316
2012-01-30,28.02,28.5,28.0,28.389999,14.321032,12321500,49595400000.0,0.36999899999999997,1.3204817987152033
2012-01-31,28.51,28.52,28.190001,28.4,14.326078,13084500,50462700000.0,-0.11000000000000298,-0.38582953349702903
2012-02-01,28.49,28.73,28.41,28.43,14.34121,16060000,50427300000.0,-0.05999999999999872,-0.21060021060020614
2012-02-02,28.540001,28.610001,28.33,28.540001,14.396699,10001900,50515801770.0,0.0,0.0
2012-02-03,28.700001,28.9,28.57,28.84,14.548027,11304700,50799001770.0,0.13999899999999954,0.4878013767316577
2012-02-06,28.82,28.860001,28.530001,28.639999,14.447144,12745900,51011400000.0,-0.18000100000000074,-0.6245697432338679
2012-02-07,28.52,28.969999,28.52,28.82,14.537943,9683300,50480400000.0,0.3000000000000007,1.051893408134645
2012-02-08,28.85,29.0,28.709999,28.84,14.548027,8681300,51064500000.0,-0.010000000000001563,-0.034662045060664
2012-02-09,28.870001,29.440001,28.809999,29.299999,14.780072,16115300,51099901770.0,0.4299980000000012,1.4894284208718982
2012-02-10,29.049999,29.24,29.01,29.209999,14.73467,11216100,51418498230.0,0.16000000000000014,0.5507745456376785
2012-02-13,29.34,29.379999,29.1,29.23,14.744765,8482100,51931800000.0,-0.10999999999999943,-0.37491479209270423
2012-02-14,29.219999,29.299999,29.07,29.27,14.764939,8737300,51719398230.0,0.050000999999998186,0.17111910236546615
2012-02-15,29.299999,29.309999,29.120001,29.25,14.754853,11146900,51860998230.0,-0.04999899999999968,-0.17064505701860155
2012-02-16,29.280001,29.59,29.23,29.540001,14.901139,9047100,51825601770.0,0.26000000000000156,0.8879781117493869
2012-02-17,29.73,29.75,29.43,29.65,14.956623,10222700,52622100000.0,-0.08000000000000185,-0.26908846283216226
2012-02-21,29.66,29.75,29.57,29.620001,14.941497,8709400,52498200000.0,-0.03999900000000167,-0.13485839514498205
2012-02-22,29.65,29.73,29.559999,29.65,14.956623,8126300,52480500000.0,0.0,0.0
2012-02-23,29.639999,29.75,29.49,29.700001,14.98185,7046000,52462798230.0,0.06000200000000078,0.2024359042657214
2012-02-24,29.780001,29.99,29.66,29.99,15.128138,8970000,52710601770.0,0.20999899999999982,0.7051678742388217
2012-02-27,29.91,30.190001,29.809999,30.030001,15.148313,18754200,52940700000.0,0.12000099999999847,0.401206954195916
2012-02-28,30.030001,30.030001,29.83,30.02,15.14327,8954600,53153101770.0,-0.010000999999999038,-0.033303362194357033
2012-02-29,30.030001,30.280001,30.01,30.1,15.183627,13801000,53153101770.0,0.06999900000000281,0.2330968953347781
2012-03-01,30.17,30.200001,29.91,30.02,15.14327,9722700,53400900000.0,-0.15000000000000213,-0.49718263175340444
2012-03-02,30.049999,30.049999,29.85,29.959999,15.113007,7201000,53188498230.0,-0.08999999999999986,-0.29950084191350507
2012-03-05,29.950001,30.35,29.93,30.26,15.264336,8968000,53011501770.0,0.30999900000000125,1.0350550572602693
2012-03-06,30.139999,30.360001,29.969999,30.08,15.173538,13204000,53347798230.0,-0.059999000000001246,-0.19906769074544842
2012-03-07,30.1,30.17,29.790001,30.1,15.183627,10456700,53277000000.0,0.0,0.0
2012-03-08,30.280001,30.58,30.25,30.459999,15.365223,34690700,53595601770.0,0.1799980000000012,0.5944451587039288
2012-03-09,30.48,30.58,30.34,30.459999,15.365223,34990900,53949600000.0,-0.0200010000000006,-0.06562007874015946
2012-03-12,30.540001,30.709999,30.4,30.440001,15.355136,16206000,54055801770.0,-0.10000000000000142,-0.32743941298496165
2012-03-13,30.09,30.110001,29.780001,30.1,15.390929,14942500,53259300000.0,0.010000000000001563,0.033233632436030454
2012-03-14,30.040001,30.16,29.82,29.950001,15.314226,10634600,53170801770.0,-0.08999999999999986,-0.2996005226497824
2012-03-15,29.959999,30.030001,29.77,30.030001,15.355132,8475100,53029198230.0,0.07000199999999879,0.23365154317928644
2012-03-16,30.049999,30.16,29.93,30.030001,15.355132,12960900,53188498230.0,-0.01999800000000107,-0.06654908707318449
2012-03-19,29.969999,30.190001,29.889999,30.110001,15.396047,7742700,53046898230.0,0.14000199999999907,0.467140489394074
2012-03-20,29.969999,30.219999,29.940001,30.129999,15.40627,6278100,53046898230.0,0.16000000000000014,0.5338672183472549
2012-03-21,30.110001,30.24,30.030001,30.15,15.416489,6336200,53294701770.0,0.03999899999999812,0.13284290492052167
2012-03-22,30.030001,30.209999,30.030001,30.139999,15.41138,6315300,53153101770.0,0.10999800000000093,0.3662936940961172
2012-03-23,30.41,30.49,30.209999,30.4,15.544322,10504300,53825700000.0,-0.010000000000001563,-0.03288391976324092
2012-03-26,30.5,30.68,30.440001,30.66,15.677264,10004600,53985000000.0,0.16000000000000014,0.5245901639344267
2012-03-27,30.75,30.91,30.549999,30.610001,15.651708,9632700,54427500000.0,-0.13999899999999954,-0.4552813008130066
2012-03-28,30.59,30.6,30.389999,30.52,15.60568,7743400,54144300000.0,-0.07000000000000028,-0.228832951945081
2012-03-29,30.35,30.59,30.309999,30.59,15.641477,6738000,53719500000.0,0.23999999999999844,0.7907742998352502
2012-03-30,30.639999,31.0,30.6,30.870001,15.784647,10089400,54232798230.0,0.23000199999999893,0.7506592934288246
2012-04-02,30.74,31.27,30.74,31.16,15.932932,9773400,54409800000.0,0.4200000000000017,1.3662979830839355
2012-04-03,31.139999,31.209999,30.959999,31.09,15.897136,7334400,55117798230.0,-0.04999899999999968,-0.16056198331926627
2012-04-04,31.0,31.34,31.0,31.110001,15.907364,8607300,54870000000.0,0.11000100000000046,0.35484193548387244
2012-04-05,31.040001,31.370001,30.99,31.360001,16.035196,7261500,54940801770.0,0.3200000000000003,1.030927801838667
2012-04-09,31.049999,31.280001,31.040001,31.16,15.932932,8210600,54958498230.0,0.11000100000000046,0.35427054281064696
2012-04-10,31.190001,31.219999,30.940001,30.950001,15.825555,10119200,55206301770.0,-0.23999999999999844,-0.7694773719308263
2012-04-11,31.17,31.5,31.129999,31.209999,15.958498,10900400,55170900000.0,0.03999899999999812,0.12832531280076392
2012-04-12,31.200001,31.33,31.049999,31.309999,16.009628,5368400,55224001770.0,0.10999800000000093,0.35255768100776963
2012-04-13,31.299999,31.77,31.209999,31.49,16.101673,17839400,55400998230.0,0.19000099999999875,0.6070319682757778
2012-04-16,31.549999,31.639999,31.35,31.379999,16.045425,6872000,55843498230.0,-0.16999999999999815,-0.53882727539864
2012-04-17,31.49,31.610001,31.23,31.610001,16.163025,6882500,55737300000.0,0.12000100000000202,0.3810765322324612
2012-04-18,31.51,31.75,31.42,31.66,16.188595,8057400,55772700000.0,0.14999999999999858,0.47603935258647595
2012-04-19,31.700001,31.809999,31.5,31.780001,16.249958,7083700,56109001770.0,0.0799999999999983,0.2523659226382936
2012-04-20,31.82,32.099998,31.68,31.889999,16.306196,8351600,56321400000.0,0.06999899999999926,0.21998428661219124
2012-04-23,31.799999,31.85,31.58,31.76,16.239725,6085100,56285998230.0,-0.03999899999999812,-0.12578302282335957
2012-04-24,31.77,31.93,31.610001,31.700001,16.209049,8731000,56232900000.0,-0.06999899999999926,-0.2203305004721412
2012-04-25,31.709999,31.809999,31.280001,31.690001,16.203936,11743000,56126698230.0,-0.01999800000000107,-0.06306528108058619
2012-04-26,31.68,31.969999,31.49,31.93,16.326656,9200900,56073600000.0,0.25,0.7891414141414141
2012-04-27,31.98,32.220001,31.950001,32.130001,16.428919,8828900,56604600000.0,0.1500009999999996,0.4690462789243265
2012-04-30,32.169998,32.25,31.99,32.209999,16.469826,6680100,56940896460.0,0.04000100000000373,0.12434256290598379
2012-05-01,32.25,32.619999,32.139999,32.419998,16.577204,7806600,57082500000.0,0.16999799999999965,0.5271255813953477
2012-05-02,32.41,32.52,32.34,32.369999,16.551636,7317800,57365699999.99999,-0.04000099999999662,-0.1234217834001747
2012-05-03,32.419998,32.599998,32.34,32.549999,16.643679,8148200,57383396460.0,0.13000100000000003,0.40099015428686957
2012-05-04,32.459999,32.610001,32.349998,32.43,16.582319,7200800,57454198230.00001,-0.02999900000000366,-0.09241836390692329
2012-05-07,32.41,32.450001,32.189999,32.200001,16.464706,8322200,57365699999.99999,-0.20999899999999627,-0.6479450786794085
2012-05-08,32.150002,32.290001,32.080002,32.259998,16.49539,10652300,56905503540.0,0.10999600000000243,0.342133726772404
2012-05-09,32.09,32.099998,31.74,31.75,16.234619,10907000,56799300000.00001,-0.3400000000000034,-1.0595200997195493
2012-05-10,31.940001,32.099998,31.719999,31.73,16.224386,11528400,56533801770.0,-0.21000099999999833,-0.6574858904982449
2012-05-11,31.74,31.969999,31.700001,31.790001,16.255072,8549700,56179800000.0,0.05000100000000174,0.15753308128544974
2012-05-14,31.66,31.9,31.610001,31.690001,16.203936,12569000,56038200000.0,0.030000999999998612,0.09475994946304048
2012-05-15,31.68,31.98,31.6,31.75,16.234619,9929100,56073600000.0,0.07000000000000028,0.22095959595959686
2012-05-16,31.76,32.040001,31.76,31.860001,16.290861,10147300,56215200000.0,0.1000009999999989,0.3148646095717849
2012-05-17,31.860001,32.02,31.639999,31.639999,16.178366,9281900,56392201770.0,-0.22000200000000092,-0.6905272852941873
2012-05-18,31.66,31.91,31.620001,31.68,16.19882,11219500,56038200000.0,0.019999999999999574,0.06317119393556403
2012-05-21,31.67,31.85,31.42,31.85,16.285746,9010900,56055900000.0,0.17999999999999972,0.5683612251341954
2012-05-22,31.83,31.9,31.65,31.76,16.239725,7572800,56339100000.0,-0.06999999999999673,-0.2199183160540268
2012-05-23,31.719999,31.92,31.6,31.719999,16.219273,7400000,56144398230.0,0.0,0.0
2012-05-24,31.82,32.27,31.68,32.259998,16.49539,9148300,56321400000.0,0.4399980000000028,1.3827718416090597
2012-05-25,32.220001,32.400002,32.009998,32.110001,16.418695,5978500,57029401770.00001,-0.11000000000000654,-0.34140284477336463
2012-05-29,32.189999,32.209999,31.9,32.130001,16.428919,8412000,56976298230.0,-0.05999800000000022,-0.1863870825221219
2012-05-30,31.950001,32.220001,31.940001,32.02,16.372675,8436000,56551501770.0,0.06999900000000281,0.21908919502069127
2012-05-31,32.080002,32.459999,32.009998,32.189999,16.459597,15082700,56781603540.0,0.1099969999999999,0.34288339508208227
2012-06-01,31.950001,32.09,31.58,31.690001,16.203936,16503200,56551501770.0,-0.26000000000000156,-0.8137714925267187
2012-06-04,31.620001,31.959999,31.6,31.93,16.326656,10837500,55967401770.0,0.30999900000000125,0.9803889633020608
2012-06-05,31.92,31.99,31.540001,31.799999,16.260181,6615300,56498400000.0,-0.12000100000000202,-0.37594298245614666
2012-06-06,32.0,32.580002,31.940001,32.580002,16.659019,10075700,56640000000.0,0.5800020000000004,1.812506250000001
2012-06-07,32.799999,32.900002,32.540001,32.75,16.745949,45290600,58055998230.0,-0.04999899999999968,-0.15243598025719357
2012-06-08,32.73,33.009998,32.650002,32.91,16.827759,40374800,57932099999.99999,0.17999999999999972,0.5499541704857921
2012-06-11,33.169998,33.25,32.959999,32.959999,16.853319,39666300,58710896460.0,-0.20999899999999627,-0.6330992241844461
2012-06-12,33.080002,33.470001,32.91,33.43,17.093651,11547300,58551603540.0,0.34999799999999937,1.0580350025371805
2012-06-13,33.07,33.41,32.91,33.27,17.223063,13437500,58533900000.0,0.20000000000000284,0.6047777441790229
2012-06-14,33.27,33.860001,33.209999,33.68,17.435308,10125100,58887900000.00001,0.4099999999999966,1.2323414487526196
2012-06-15,33.889999,34.080002,33.73,33.77,17.481903,12209700,59985298230.00001,-0.11999899999999997,-0.3540838109791622
2012-06-18,33.740002,34.0,33.639999,33.849998,17.523312,7061200,59719803539.99999,0.10999600000000243,0.3260106505032289
2012-06-19,34.02,34.02,33.799999,33.919998,17.559546,8365700,60215400000.00001,-0.10000200000000348,-0.2939506172839608
2012-06-20,33.849998,34.049999,33.709999,33.91,17.554377,9194900,59914496460.0,0.060001999999997224,0.17725850382619587
2012-06-21,33.970001,34.119999,33.830002,33.889999,17.544022,11382400,60126901770.00001,-0.08000200000000035,-0.2355077940680671
2012-06-22,34.040001,34.040001,33.810001,33.869999,17.533669,9395600,60250801769.99999,-0.17000199999999666,-0.49941831670333
2012-06-25,33.779999,33.869999,33.619999,33.720001,17.456017,7381500,59790598229.99999,-0.05999799999999311,-0.17761397802289194
2012-06-26,33.790001,33.869999,33.52,33.669998,17.430132,7639400,59808301769.99999,-0.12000299999999697,-0.35514352307949615
2012-06-27,33.700001,34.040001,33.689999,34.0,17.600967,7257400,59649001770.0,0.2999989999999997,0.8902047213589094
2012-06-28,33.849998,34.130001,33.610001,34.029999,17.616499,8815000,59914496460.0,0.1800009999999972,0.5317607404289868
2012-06-29,34.34,34.599998,34.169998,34.549999,17.885685,9821600,60781800000.00001,0.20999899999999627,0.6115288293535127
2012-07-02,34.57,34.959999,34.5,34.959999,18.097937,8386400,61188900000.0,0.3899990000000031,1.1281428984668878
2012-07-03,34.919998,35.049999,34.900002,34.990002,18.113468,4887600,61808396460.0,0.07000399999999729,0.20046965638427955
2012-07-05,34.950001,35.099998,34.740002,34.889999,18.061695,7493600,61861501770.0,-0.060001999999997224,-0.17167953729099242
2012-07-06,34.700001,35.040001,34.599998,34.970001,18.103115,6423100,61419001770.0,0.2700000000000031,0.7780979602853704
2012-07-09,34.970001,35.209999,34.939999,35.16,18.201466,6991800,61896901770.00001,0.18999899999999315,0.5433199730248596
2012-07-10,35.509998,35.59,35.279999,35.43,18.34124,8671900,62852696460.00001,-0.07999800000000334,-0.2252830315563615
2012-07-11,35.509998,35.709999,35.259998,35.32,18.284302,8435300,62852696460.00001,-0.18999800000000278,-0.5350549442441612
2012-07-12,35.220001,35.32,35.02,35.119999,18.180765,9948100,62339401770.00001,-0.10000200000000348,-0.28393525599276237
2012-07-13,35.23,35.630001,35.16,35.619999,18.439596,7996800,62357099999.99999,0.3899990000000031,1.1070082316207865
2012-07-16,35.57,35.73,35.52,35.59,18.42407,5170400,62958900000.0,0.020000000000003126,0.056227157717186185
2012-07-17,35.599998,35.849998,35.599998,35.810001,18.537962,7687800,63011996460.0,0.21000300000000038,0.5898961005559619
2012-07-18,35.720001,35.919998,35.66,35.919998,18.5949,6938100,63224401770.00001,0.1999969999999962,0.5599020000027328
2012-07-19,35.84,35.990002,35.619999,35.939999,18.605253,9648400,63436800000.00001,0.09999899999999684,0.27901506696427686
2012-07-20,35.869999,36.049999,35.700001,35.91,18.589724,11379500,63489898230.0,0.04000099999999662,0.1115165907866254
2012-07-23,35.73,35.900002,35.389999,35.490002,18.372305,10097100,63242099999.99999,-0.23999799999999993,-0.6716988525048978
2012-07-24,35.720001,35.939999,35.389999,35.57,18.413713,10658600,63224401770.00001,-0.15000100000000316,-0.4199355985460447
2012-07-25,35.66,35.779999,35.360001,35.400002,18.32571,8399600,63118199999.99999,-0.25999799999999595,-0.729102636006719
2012-07-26,35.41,35.810001,35.330002,35.630001,18.44478,11287900,62675699999.99999,0.22000100000000344,0.6212962439988802
2012-07-27,35.779999,36.09,35.73,35.900002,18.584555,19520000,63330598229.99999,0.12000300000000408,0.33539128941843765
2012-07-30,35.880001,36.189999,35.77,36.16,18.719143,7104700,63507601770.0,0.27999899999999656,0.7803762324309761
2012-07-31,36.189999,36.25,35.959999,35.970001,18.620785,6851200,64056298230.0,-0.2199979999999968,-0.6078972259711773
2012-08-01,36.139999,36.290001,35.959999,36.029999,18.651842,15616200,63967798230.00001,-0.11000000000000654,-0.3043718955277407
2012-08-02,35.880001,36.0,35.400002,35.560001,18.408543,8460600,63507601770.0,-0.3200000000000003,-0.8918617365701865
2012-08-03,35.869999,35.990002,35.77,35.919998,18.5949,7876000,63489898230.0,0.04999899999999968,0.13938946583187717
2012-08-06,35.919998,36.080002,35.790001,35.790001,18.527607,5706500,63578396460.0,-0.12999700000000303,-0.3619070357409347
2012-08-07,35.810001,35.880001,34.880001,34.950001,18.092758,13482600,63383701770.0,-0.8599999999999994,-2.401563741927847
2012-08-08,34.810001,35.099998,34.610001,35.009998,18.123817,8498200,61613701770.0,0.1999970000000033,0.5745389090911066
2012-08-09,34.939999,34.959999,34.689999,34.720001,17.973696,10089500,61843798230.0,-0.2199979999999968,-0.6296451239165657
2012-08-10,34.68,35.049999,34.669998,34.959999,18.097937,8752000,61383600000.0,0.27999900000000366,0.8073788927335747
2012-08-13,34.98,35.25,34.900002,35.209999,18.227354,6941200,61914599999.99999,0.2299990000000065,0.6575157232704589
2012-08-14,35.27,35.470001,35.220001,35.439999,18.346416,5464900,62427900000.00001,0.16999899999999712,0.4819931953501478
2012-08-15,35.349998,35.43,35.02,35.130001,18.18594,7274400,62569496460.0,-0.21999699999999933,-0.6223394977278339
2012-08-16,35.080002,35.400002,35.0,35.400002,18.32571,6582200,62091603540.0,0.3200000000000003,0.9122006321436363
2012-08-17,35.369999,35.439999,35.169998,35.41,18.330889,7334900,62604898230.0,0.04000099999999662,0.11309301987822114
2012-08-20,35.389999,35.439999,35.130001,35.18,18.211819,10881900,62640298230.00001,-0.20999900000000338,-0.5933851538114012
2012-08-21,35.18,35.240002,34.32,34.419998,17.818388,12719700,62268600000.0,-0.7600020000000001,-2.1603240477544063
2012-08-22,34.189999,34.400002,33.810001,33.919998,17.559546,15412300,60516298230.0,-0.2700010000000006,-0.7897075399154022
2012-08-23,33.93,34.040001,33.450001,33.450001,17.316244,13400500,60056100000.0,-0.4799989999999994,-1.414674329501914
2012-08-24,33.380001,34.139999,33.02,34.080002,17.642378,14176900,59082601770.0,0.7000010000000003,2.0970670432274714
2012-08-27,34.23,34.369999,34.110001,34.259998,17.735559,8893200,60587099999.99999,0.029998000000006186,0.08763657610285186
2012-08-28,34.32,34.650002,34.209999,34.509998,17.864981,7799200,60746400000.0,0.18999800000000278,0.5536072261072342
2012-08-29,34.630001,34.759998,34.529999,34.59,17.906397,7560700,61295101770.0,-0.04000099999999662,-0.11550967035778203
2012-08-30,34.529999,34.619999,34.34,34.439999,17.828745,29284600,61118098229.99999,-0.0899999999999963,-0.2606429267489881
2012-08-31,34.509998,34.580002,33.919998,33.959999,17.580259,39110300,61082696460.00001,-0.5499989999999997,-1.5937381393067587
2012-09-04,34.02,34.48,34.009998,34.400002,17.808037,34717700,60215400000.00001,0.3800019999999975,1.1169958847736552
2012-09-05,34.349998,34.529999,34.220001,34.25,17.730383,9460900,60799496460.0,-0.09999799999999937,-0.29111500967190557
2012-09-06,34.41,34.650002,34.32,34.59,17.906397,9295900,60905699999.99999,0.18000000000000682,0.5231037489102204
2012-09-07,34.59,34.639999,34.18,34.27,17.740738,10625700,61224300000.00001,-0.3200000000000003,-0.9251228678808912
2012-09-10,34.25,34.540001,34.240002,34.450001,17.833921,9983400,60622500000.0,0.20000100000000032,0.5839445255474461
2012-09-11,34.459999,34.59,34.349998,34.389999,17.802862,10200500,60994198230.00001,-0.07000000000000028,-0.20313407437997974
2012-09-12,34.130001,34.130001,33.279999,33.299999,17.462006,12511800,60410101770.0,-0.8300020000000004,-2.4318839017906866
2012-09-13,33.299999,33.830002,33.290001,33.810001,17.729445,10700900,58940998230.0,0.5100020000000001,1.5315375835296574
2012-09-14,33.880001,33.880001,32.720001,32.939999,17.273232,21398900,59967601770.0,-0.9400019999999998,-2.774504050339313
2012-09-17,32.810001,33.27,32.810001,33.209999,17.414814,16074600,58073701770.0,0.39999800000000363,1.2191343730833888
2012-09-18,33.200001,33.419998,33.110001,33.290001,17.456766,7578300,58764001770.0,0.0899999999999963,0.27108432918419584
2012-09-19,33.310001,33.330002,33.099998,33.150002,17.383352,9643600,58958701770.0,-0.15999899999999911,-0.480333218843191
2012-09-20,33.150002,33.66,33.110001,33.610001,17.624569,9116400,58675503540.0,0.45999899999999627,1.3876288755578243
2012-09-21,33.880001,34.150002,33.66,34.060001,17.860542,18029800,59967601770.0,0.17999999999999972,0.5312868792418268
2012-09-24,34.029999,34.32,34.0,34.209999,17.939203,9459200,60233098229.99999,0.18000000000000682,0.5289450640301425
2012-09-25,34.32,34.540001,34.009998,34.009998,17.834318,10089000,60746400000.0,-0.3100019999999972,-0.9032692307692226
2012-09-26,34.040001,34.279999,34.009998,34.169998,17.918228,8041900,60250801769.99999,0.12999700000000303,0.38189481839322814
2012-09-27,34.23,34.240002,33.720001,33.900002,17.776638,10793700,60587099999.99999,-0.32999799999999624,-0.9640607654104478
2012-09-28,33.799999,33.869999,33.23,33.389999,17.509203,20100600,59825998230.0,-0.4099999999999966,-1.21301778736738
2012-10-01,33.380001,33.91,33.369999,33.639999,17.640301,9837300,59082601770.0,0.25999800000000306,0.7789035117165007
2012-10-02,33.779999,33.970001,33.509998,33.73,17.687494,8232700,59790598229.99999,-0.04999899999999968,-0.14801362190685585
2012-10-03,33.830002,34.139999,33.740002,34.049999,17.855297,9163000,59879103540.0,0.21999699999999933,0.6503014690924326
2012-10-04,34.07,34.25,33.93,34.0,17.829081,11831500,60303900000.0,-0.07000000000000028,-0.20545934840035304
2012-10-05,34.119999,34.189999,33.889999,34.0,17.829081,9632400,60392398230.0,-0.11999899999999997,-0.35169696224199765
2012-10-08,33.959999,34.02,33.82,33.98,17.818588,5366200,60109198230.00001,0.020000999999993496,0.05889576145156392
2012-10-09,33.919998,34.009998,33.369999,33.52,17.577372,14303500,60038396460.0,-0.3999979999999965,-1.179239456323071
2012-10-10,33.619999,33.75,33.279999,33.34,17.482985,9448900,59507398230.0,-0.27999899999999656,-0.8328346470206515
2012-10-11,33.470001,33.5,32.5,32.709999,17.15262,27567600,59241901770.00001,-0.7600020000000001,-2.270696077959484
2012-10-12,32.73,33.220001,32.720001,33.119999,17.367619,12592500,57932099999.99999,0.3899990000000031,1.191564314084947
2012-10-15,33.110001,33.189999,32.84,33.169998,17.393839,7105600,58604701769.99999,0.05999700000000274,0.18120506852296003
2012-10-16,33.27,33.349998,33.040001,33.259998,17.441036,6753700,58887900000.00001,-0.010002000000000066,-0.030063119927863133
2012-10-17,33.41,33.59,33.279999,33.5,17.566887,7578000,59135699999.99999,0.09000000000000341,0.2693804250224586
2012-10-18,33.330002,33.41,33.049999,33.09,17.351889,7456900,58994103540.0,-0.24000199999999694,-0.7200779645917721
2012-10-19,33.110001,33.150002,32.599998,32.630001,17.11067,10267000,58604701769.99999,-0.4799999999999969,-1.4497130338352961
2012-10-22,32.650002,32.950001,32.57,32.919998,17.262739,7498900,57790503540.0,0.269995999999999,0.8269402249960015
2012-10-23,32.709999,32.799999,32.07,32.349998,16.963844,10755600,57896698230.00001,-0.360001000000004,-1.100583952937461
2012-10-24,32.34,32.450001,31.83,32.130001,16.848478,11844200,57241800000.00001,-0.20999900000000338,-0.6493475572047105
2012-10-25,32.389999,32.490002,32.009998,32.099998,16.832745,9462200,57330298230.00001,-0.29000100000000373,-0.8953411823198997
2012-10-26,32.16,32.16,31.58,31.76,16.654451,11329900,56923199999.99999,-0.399999999999995,-1.2437810945273478
2012-10-31,31.790001,32.139999,31.76,31.799999,16.675428,9793500,56268301770.0,0.009997999999999507,0.031450140564637
2012-11-01,31.85,32.200001,31.85,31.969999,16.764578,7846100,56374500000.0,0.11999899999999997,0.37676295133437976
2012-11-02,32.16,32.240002,31.690001,31.700001,16.622993,8234400,56923199999.99999,-0.45999899999999627,-1.4303451492537198
2012-11-05,31.700001,31.940001,31.51,31.879999,16.717379,8290700,56109001770.0,0.1799980000000012,0.5678170167881106
2012-11-06,31.950001,32.27,31.9,31.940001,16.74884,9980300,56551501770.0,-0.010000000000001563,-0.03129890355872465
2012-11-07,31.82,31.92,31.34,31.4,16.465677,12907700,56321400000.0,-0.4200000000000017,-1.3199245757385345
2012-11-08,31.360001,31.6,31.120001,31.280001,16.402754,9260300,55507201770.0,-0.08000000000000185,-0.2551020326817013
2012-11-09,31.139999,31.65,30.82,31.48,16.507627,13024700,55117798230.0,0.3400010000000009,1.0918465347413817
2012-11-12,31.43,31.57,31.02,31.1,16.308365,8411300,55631100000.0,-0.3299999999999983,-1.0499522748965902
2012-11-13,31.01,31.57,31.01,31.18,16.350317,8661900,54887700000.0,0.16999999999999815,0.5482102547565242
2012-11-14,31.24,31.379999,30.690001,30.790001,16.145803,11443400,55294800000.0,-0.44999899999999826,-1.4404577464788677
2012-11-15,30.309999,30.59,30.01,30.49,15.988485,15418000,53648698230.0,0.1800009999999972,0.5938667302496354
2012-11-16,30.469999,31.309999,30.43,31.24,16.381777,13026900,53931898230.0,0.770000999999997,2.5270791771276295
2012-11-19,31.58,32.57,31.549999,32.560001,17.073965,17136500,55896600000.0,0.9800010000000015,3.1032330588980415
2012-11-20,32.619999,32.880001,32.380001,32.849998,17.226034,10176200,57737398230.0,0.2299989999999994,0.7050858585250092
2012-11-21,32.91,32.919998,32.709999,32.860001,17.231283,7119800,58250699999.99999,-0.04999899999999968,-0.1519264661197195
2012-11-23,32.990002,33.48,32.900002,33.48,17.5564,4862900,58392303539.99999,0.48999799999999993,1.4852924228376827
2012-11-26,33.259998,33.360001,33.110001,33.209999,17.414814,6806500,58870196460.00001,-0.04999899999999968,-0.15032773002571942
2012-11-27,33.27,33.41,33.099998,33.150002,17.383352,7092200,58887900000.00001,-0.11999800000000249,-0.3606792906522467
2012-11-28,33.040001,33.439999,32.98,33.41,17.51969,8028400,58480801769.99999,0.36999899999999997,1.1198516610214388
2012-11-29,33.560001,33.75,33.470001,33.57,17.603592,8887100,59401201770.0,0.009999000000000535,0.029794397205174503
2012-11-30,33.68,33.93,33.490002,33.810001,17.729445,18757700,59613600000.0,0.13000100000000003,0.38598871733966755
2012-12-03,33.93,33.970001,33.619999,33.66,17.650789,7043700,60056100000.0,-0.2700000000000031,-0.7957559681697705
2012-12-04,33.580002,33.720001,33.240002,33.490002,17.561644,8491900,59436603540.0,-0.09000000000000341,-0.26801666063034607
2012-12-05,33.5,33.580002,33.23,33.299999,17.462006,11246000,59295000000.0,-0.20000100000000032,-0.5970179104477622
2012-12-06,33.330002,33.48,33.099998,33.18,17.399082,9304000,58994103540.0,-0.15000200000000063,-0.4500509780947527
2012-12-07,33.189999,33.48,33.139999,33.470001,17.551155,8021800,58746298230.0,0.2800020000000032,0.8436336500040365
2012-12-10,33.48,33.59,33.349998,33.419998,17.524935,9390100,59259599999.99999,-0.060001999999997224,-0.17921744324969302
2012-12-11,33.5,33.59,32.84,32.959999,17.283716,12593400,59295000000.0,-0.5400009999999966,-1.6119432835820795
2012-12-12,33.09,33.470001,32.880001,33.25,17.435789,12580400,58569300000.00001,0.1599999999999966,0.48352976730128916
2012-12-13,33.259998,33.369999,33.09,33.259998,17.441036,10812600,58870196460.00001,0.0,0.0
2012-12-14,33.209999,33.290001,33.029999,33.16,17.388597,6854600,58781698230.00001,-0.04999900000000679,-0.1505540545183599
2012-12-17,33.259998,33.330002,32.900002,32.990002,17.29945,10635000,58870196460.00001,-0.2699960000000061,-0.8117739513995343
2012-12-18,32.970001,33.0,32.25,32.59,17.089693,22935400,58356901770.00001,-0.38000100000000003,-1.1525659341047638
2012-12-19,32.84,32.889999,32.349998,32.389999,16.984818,12820100,58126800000.00001,-0.4500010000000003,-1.370283191230208
2012-12-20,32.380001,32.669998,32.310001,32.66,17.126406,9498700,57312601770.0,0.27999899999999656,0.8647282005951653
2012-12-21,32.110001,32.200001,31.4,31.85,16.929728,20445200,56834701769.99999,-0.2600009999999955,-0.809719688267825
2012-12-24,31.809999,31.85,31.5,31.66,16.828739,4567200,56303698230.0,-0.1499990000000011,-0.4715466982567371
2012-12-26,31.639999,31.68,31.209999,31.32,16.648014,8007000,56002798230.0,-0.31999899999999926,-1.0113748739372568
2012-12-27,31.309999,31.49,31.049999,31.4,16.690536,9481400,55418698230.0,0.09000099999999733,0.2874513026972544
2012-12-28,31.18,31.42,31.08,31.09,16.525755,9574700,55188600000.0,-0.08999999999999986,-0.2886465683130207
2012-12-31,31.02,31.440001,30.940001,31.440001,16.711802,9623600,54905400000.0,0.4200009999999992,1.3539684074790432
2013-01-02,32.119999,32.540001,31.98,32.540001,17.296494,13536600,56852398230.0,0.42000199999999666,1.3076027804359416
2013-01-03,32.59,32.700001,32.41,32.560001,17.307125,11243400,57684300000.00001,-0.02999900000000366,-0.09204970849955096
2013-01-04,32.57,32.68,32.459999,32.540001,17.296494,7117400,57648900000.0,-0.02999900000000366,-0.09210623272951692
2013-01-07,32.490002,32.779999,32.389999,32.459999,17.253971,7399000,57507303539.99999,-0.030002999999993563,-0.09234533134221895
2013-01-08,32.400002,32.459999,32.029999,32.139999,17.083879,8112400,57348003540.0,-0.26000299999999754,-0.8024783455260205
2013-01-09,32.240002,32.259998,31.85,31.9,16.956301,10680600,57064803539.99999,-0.34000199999999836,-1.0545967087719113
2013-01-10,32.59,32.799999,32.330002,32.700001,17.381544,14451500,57684300000.00001,0.1100009999999969,0.33752991715249125
2013-01-11,32.75,33.029999,32.700001,32.93,17.503798,7403500,57967500000.0,0.17999999999999972,0.5496183206106862
2013-01-14,32.98,33.200001,32.950001,32.990002,17.535694,11788800,58374599999.99999,0.010002000000000066,0.030327471194663638
2013-01-15,32.860001,32.990002,32.779999,32.779999,17.424065,7462300,58162201769.99999,-0.08000200000000035,-0.24346316970593018
2013-01-16,32.720001,32.869999,32.650002,32.779999,17.424065,6604100,57914401770.00001,0.05999799999999311,0.18336796505597022
2013-01-17,32.93,33.099998,32.740002,32.990002,17.535694,7290300,58286100000.0,0.060001999999997224,0.18221075007591017
2013-01-18,32.950001,33.32,32.939999,33.27,17.684528,11702700,58321501770.0,0.3199990000000028,0.9711653726505284
2013-01-22,33.240002,33.27,32.959999,33.150002,17.620739,9987900,58834803539.99999,-0.0899999999999963,-0.27075810645256976
2013-01-23,33.09,33.09,32.799999,33.009998,17.546324,8699500,58569300000.00001,-0.08000200000000035,-0.24177092777274206
2013-01-24,33.18,33.509998,33.169998,33.41,17.758934,7550700,58728600000.0,0.22999999999999687,0.6931886678722027
2013-01-25,33.459999,33.540001,33.279999,33.450001,17.780205,7096500,59224198230.00001,-0.00999800000000306,-0.029880455166789034
2013-01-28,33.490002,33.790001,33.310001,33.700001,17.913092,8044300,59277303539.99999,0.20999900000000338,0.627049828184553
2013-01-29,33.669998,33.84,33.650002,33.700001,17.913092,9526500,59595896460.0,0.030003000000000668,0.08910900440208125
2013-01-30,33.66,33.880001,33.599998,33.700001,17.913092,8032600,59578199999.99999,0.04000100000000373,0.11883838383839491
2013-01-31,33.830002,33.919998,33.639999,33.68,17.902458,9388400,59879103540.0,-0.15000200000000063,-0.44339932347624644
2013-02-01,33.93,34.25,33.91,34.200001,18.178862,8007000,60056100000.0,0.2700010000000006,0.7957589154140896
2013-02-04,34.049999,34.080002,33.689999,33.889999,18.014082,8392200,60268498230.0,-0.1599999999999966,-0.46989722378551785
2013-02-05,33.959999,34.240002,33.959999,34.18,18.16824,6927800,60109198230.00001,0.22000099999999634,0.6478239295589977
2013-02-06,34.07,34.200001,34.009998,34.119999,18.136337,6563100,60303900000.0,0.04999899999999968,0.1467537422952735
2013-02-07,34.130001,34.650002,34.080002,34.610001,18.396793,10037100,60410101770.0,0.4799999999999969,1.406387301307131
2013-02-08,34.619999,34.880001,34.560001,34.689999,18.439322,8585200,61277398230.0,0.07000000000000028,0.20219526869426044
2013-02-11,34.740002,34.799999,34.66,34.75,18.471216,4621500,61489803539.99999,0.00999800000000306,0.028779503236652265
2013-02-12,34.700001,34.84,34.540001,34.66,18.423372,8774500,61419001770.0,-0.04000100000000373,-0.11527665373843571
2013-02-13,34.66,34.790001,34.610001,34.779999,18.487156,6081100,61348199999.99999,0.11999899999999997,0.3462175418349682
2013-02-14,34.779999,34.799999,34.060001,34.110001,18.131027,11858900,61560598229.99999,-0.6699979999999996,-1.9263887845425174
2013-02-15,34.150002,34.52,34.150002,34.380001,18.27454,8895800,60445503540.0,0.2299989999999994,0.6734963002344756
2013-02-19,34.5,34.779999,34.439999,34.77,18.481848,7193100,61065000000.0,0.2700000000000031,0.7826086956521829
2013-02-20,34.73,35.099998,34.709999,34.889999,18.545631,7371000,61472099999.99999,0.15999900000000622,0.46069392456091635
2013-02-21,34.93,35.240002,34.619999,35.200001,18.710405,9672300,61826100000.0,0.2700010000000006,0.7729773833381065
2013-02-22,35.139999,35.32,34.919998,35.32,18.774195,9012500,62197798230.00001,0.1800009999999972,0.5122396275537663
2013-02-25,35.439999,35.470001,34.630001,34.650002,18.418058,9896400,62728798230.0,-0.7899969999999996,-2.22911123671307
2013-02-26,34.549999,34.689999,34.23,34.299999,18.232016,11001900,61153498230.0,-0.25,-0.7235890223904203
2013-02-27,34.200001,34.23,33.540001,34.07,18.10976,18470700,60534001770.0,-0.13000100000000003,-0.38011987192631963
2013-02-28,34.049999,34.07,33.549999,33.549999,17.833361,18623900,60268498230.0,-0.5,-1.4684288243297747
2013-03-01,33.529999,33.720001,33.43,33.490002,17.801468,15542000,59348098229.99999,-0.039996999999999616,-0.11928720904524817
2013-03-04,33.509998,34.09,33.509998,33.93,18.035343,12799700,59312696460.00001,0.42000199999999666,1.2533632499769072
2013-03-05,34.099998,34.299999,34.02,34.240002,18.200127,16322600,60356996460.0,0.14000399999999757,0.4105689390362943
2013-03-06,34.310001,34.34,34.009998,34.130001,18.141655,6422700,60728701770.0,-0.17999999999999972,-0.5246283729341766
2013-03-07,34.209999,34.23,33.830002,33.959999,18.051296,7735300,60551698230.00001,-0.25,-0.7307804949073514
2013-03-08,33.970001,34.080002,33.790001,34.0,18.072556,28971400,60126901770.00001,0.029998999999996556,0.08831027117130952
2013-03-11,34.02,34.299999,34.0,34.259998,18.21076,37694000,60215400000.00001,0.23999799999999993,0.7054614932392708
2013-03-12,34.27,34.389999,34.139999,34.16,18.157598,44736100,60657900000.00001,-0.11000000000000654,-0.3209804493726482
2013-03-13,33.93,33.93,33.689999,33.93,18.270685,9436600,60056100000.0,0.0,0.0
2013-03-14,33.919998,34.009998,33.639999,33.799999,18.200678,9324100,60038396460.0,-0.11999899999999997,-0.3537706576515717
2013-03-15,33.650002,33.740002,33.52,33.68,18.136059,12641600,59560503540.0,0.02999799999999908,0.08914709722751006
2013-03-18,33.490002,33.619999,33.34,33.470001,18.022976,6149100,59277303539.99999,-0.020000999999993496,-0.05972230159912651
2013-03-19,33.5,33.73,33.5,33.689999,18.141447,8690400,59295000000.0,0.18999900000000025,0.5671611940298515
2013-03-20,33.73,34.169998,33.700001,34.040001,18.329912,9647900,59702099999.99999,0.31000099999999975,0.9190661132522969
2013-03-21,33.939999,33.990002,33.75,33.860001,18.232992,6360300,60073798230.0,-0.07999800000000334,-0.23570419079860122
2013-03-22,33.919998,34.049999,33.82,33.91,18.259918,6318000,60038396460.0,-0.00999800000000306,-0.02947523758699237
2013-03-25,33.959999,34.099998,33.810001,33.880001,18.243763,5629000,60109198230.00001,-0.07999800000000334,-0.23556537796129892
2013-03-26,34.040001,34.360001,33.959999,34.360001,18.50223,6924800,60250801769.99999,0.3200000000000003,0.940070477671256
2013-03-27,34.18,34.540001,34.150002,34.41,18.529152,5812800,60498600000.0,0.22999999999999687,0.6729081334113425
2013-03-28,34.349998,34.509998,34.220001,34.389999,18.518383,9147700,60799496460.0,0.04000100000000373,0.1164512440437514
2013-04-01,34.189999,34.439999,34.080002,34.299999,18.469917,6069000,60516298230.0,0.10999999999999943,0.3217315098488287
2013-04-02,34.490002,35.200001,34.459999,35.200001,18.954552,11025500,61047303539.99999,0.7099990000000034,2.0585646820200343
2013-04-03,35.209999,35.25,34.75,34.82,18.749931,9839200,62321698230.00001,-0.3899990000000031,-1.1076370663912916
2013-04-04,34.93,35.18,34.82,35.16,18.933014,6199800,61826100000.0,0.22999999999999687,0.6584597766962407
2013-04-05,34.950001,35.049999,34.610001,34.84,18.760702,6812600,61861501770.0,-0.1100009999999969,-0.31473818841949935
2013-04-08,34.889999,35.259998,34.799999,35.259998,18.98686,6196200,61755298230.00001,0.36999899999999997,1.0604729452700756
2013-04-09,35.360001,35.610001,35.259998,35.48,19.105333,8718500,62587201769.99999,0.11999899999999997,0.3393636781854163
2013-04-10,35.66,35.720001,35.459999,35.66,19.202261,9745600,63118199999.99999,0.0,0.0
2013-04-11,35.610001,35.810001,35.459999,35.619999,19.18071,8062800,63029701769.99999,0.00999800000000306,0.028076382250039982
2013-04-12,35.52,35.939999,35.5,35.91,19.336876,6294100,62870400000.00001,0.38999999999999346,1.0979729729729544
2013-04-15,35.759998,35.759998,34.709999,34.810001,18.744545,12494700,63295196460.00001,-0.9499970000000033,-2.6565913118899034
2013-04-16,35.029999,35.700001,34.950001,35.380001,19.051477,8473700,62003098229.99999,0.3500020000000035,0.9991493291221719
2013-04-17,35.209999,35.299999,35.049999,35.139999,18.922245,8865900,62321698230.00001,-0.07000000000000028,-0.19880716270398155
2013-04-18,35.040001,35.099998,34.450001,34.68,18.674543,10084500,62020801769.99999,-0.3600009999999969,-1.0274000848344638
2013-04-19,34.810001,35.209999,34.720001,35.02,18.857628,9175300,61613701770.0,0.20999900000000338,0.6032720309315802
2013-04-22,35.060001,35.34,34.950001,35.279999,18.997627,4586200,62056201770.0,0.2199979999999968,0.6274899992159064
2013-04-23,35.419998,35.630001,35.02,35.529999,19.132256,9679100,62693396460.0,0.1100009999999969,0.31056184701082395
2013-04-24,35.419998,35.799999,35.41,35.529999,19.132256,13139300,62693396460.0,0.1100009999999969,0.31056184701082395
2013-04-25,35.68,35.959999,35.549999,35.939999,19.353027,9661400,63153600000.0,0.25999900000000054,0.7286967488789253
2013-04-26,35.889999,36.119999,35.580002,36.07,19.423033,6614800,63525298230.00001,0.1800009999999972,0.5015352605610192
2013-04-29,36.110001,36.610001,36.0,36.610001,19.713814,8970900,63914701769.99999,0.5,1.3846579511310455
2013-04-30,36.560001,36.59,36.279999,36.509998,19.659966,12343500,64711201770.0,-0.05000299999999669,-0.13676968991329264
2013-05-01,36.509998,36.900002,36.279999,36.32,19.557659,8773700,64622696460.00001,-0.18999800000000278,-0.5203999189482365
2013-05-02,36.360001,36.830002,36.32,36.650002,19.735361,6632900,64357201769.99999,0.29000100000000373,0.7975824863151234
2013-05-03,36.84,36.849998,36.470001,36.509998,19.659966,7523200,65206800000.00001,-0.33000200000000035,-0.8957709011943548
2013-05-06,36.48,36.490002,36.009998,36.080002,19.428419,8160900,64569599999.99999,-0.3999979999999965,-1.0964857456140258
2013-05-07,36.200001,36.59,36.150002,36.470001,19.638422,12420800,64074001770.0,0.2700000000000031,0.7458563329874027
2013-05-08,36.509998,36.619999,36.41,36.52,19.665356,5625300,64622696460.00001,0.010002000000000066,0.027395235683113608
2013-05-09,36.540001,36.630001,36.209999,36.349998,19.573803,7233800,64675801769.99999,-0.19000299999999726,-0.5199863021350144
2013-05-10,36.299999,36.73,36.299999,36.68,19.751511,5890400,64250998230.0,0.38000100000000003,1.0468347395822244
2013-05-13,36.619999,37.060001,36.529999,36.919998,19.880743,7222100,64817398230.0,0.2999989999999997,0.8192217591267539
2013-05-14,36.919998,37.139999,36.849998,37.060001,19.956131,9437300,65348396460.0,0.1400030000000001,0.37920641274140937
2013-05-15,37.0,37.610001,36.990002,37.459999,20.171528,8644400,65490000000.0,0.4599990000000034,1.2432405405405496
2013-05-16,37.360001,37.540001,37.150002,37.18,20.020752,5635800,66127201769.99999,-0.1800009999999972,-0.481801378966765
2013-05-17,37.099998,37.490002,37.099998,37.439999,20.160751,7442000,65666996460.0,0.3400010000000009,0.9164447933393444
2013-05-20,37.41,37.529999,37.220001,37.34,20.106907,9080700,66215699999.99999,-0.06999999999999318,-0.1871157444533365
2013-05-21,37.349998,37.41,36.860001,36.919998,19.880743,9408300,66109496460.0,-0.4299999999999997,-1.151271815329146
2013-05-22,36.889999,37.419998,36.799999,36.900002,19.869972,7392700,65295298230.00001,0.010002999999997542,0.02711575026065341
2013-05-23,36.619999,36.98,36.509998,36.860001,19.848434,8457700,64817398230.0,0.24000199999999694,0.6553850533966342
2013-05-24,36.73,37.110001,36.52,37.09,19.972292,6630200,65012099999.99999,0.36000000000000654,0.9801252382249023
2013-05-28,37.360001,37.529999,36.860001,37.07,19.961517,6586000,66127201769.99999,-0.2900009999999966,-0.7762339192656784
2013-05-29,36.869999,36.990002,36.25,36.439999,19.622269,8873500,65259898230.0,-0.4299999999999997,-1.1662598634732801
2013-05-30,36.5,36.639999,36.369999,36.43,19.616888,5909000,64605000000.0,-0.07000000000000028,-0.19178082191780899
2013-05-31,36.290001,36.599998,36.07,36.099998,19.439184,9800300,64233301769.99999,-0.19000299999999726,-0.523568461736877
2013-06-03,36.060001,36.5,35.619999,36.459999,19.633039,9835400,63826201770.0,0.39999800000000363,1.1092567634704271
2013-06-04,36.459999,36.599998,36.110001,36.209999,19.498415,7378300,64534198230.00001,-0.25,-0.6856829590148918
2013-06-05,36.029999,36.200001,35.610001,35.709999,19.229177,8526400,63773098229.99999,-0.3199999999999932,-0.8881487895683629
2013-06-06,35.599998,35.810001,35.209999,35.810001,19.283035,10976300,63011996460.0,0.21000300000000038,0.5898961005559619
2013-06-07,35.990002,36.189999,35.66,36.150002,19.466116,26081400,63702303539.99999,0.1600000000000037,0.4445679108325799
2013-06-10,36.310001,36.490002,36.150002,36.23,19.50919,25361900,64268701770.0,-0.08000100000000288,-0.2203277273388202
2013-06-11,36.09,36.5,35.970001,36.16,19.471498,27180200,63879300000.00001,0.06999999999999318,0.1939595455804743
2013-06-12,36.060001,36.080002,35.580002,35.599998,19.406084,8821800,63826201770.0,-0.4600030000000004,-1.2756599757165854
2013-06-13,35.57,35.990002,35.48,35.759998,19.493298,7440500,62958900000.0,0.18999800000000278,0.5341523755974213
2013-06-14,35.740002,35.950001,35.52,35.580002,19.395184,7642500,63259803539.99999,-0.1599999999999966,-0.44767764702418483
2013-06-17,35.700001,35.959999,35.619999,35.790001,19.509657,8517500,63189001770.0,0.0899999999999963,0.2521008332744761
2013-06-18,35.84,36.200001,35.84,36.150002,19.7059,7505700,63436800000.00001,0.3100019999999972,0.8649609374999923
2013-06-19,36.119999,36.25,35.189999,35.189999,19.18259,8859200,63932398230.0,-0.9299999999999997,-2.574750901848031
2013-06-20,35.130001,35.23,34.25,34.34,18.71924,13214200,62180101770.0,-0.7900009999999966,-2.2487929903560113
2013-06-21,34.66,35.130001,34.610001,34.93,19.040854,11237500,61348199999.99999,0.2700000000000031,0.778995960761694
2013-06-24,34.599998,35.049999,34.400002,34.630001,18.877325,9759900,61241996460.0,0.030003000000000668,0.08671387784473475
2013-06-25,34.84,35.419998,34.77,34.93,19.040854,21031800,61666800000.00001,0.0899999999999963,0.25832376578644173
2013-06-26,35.18,35.470001,35.009998,35.27,19.226192,7389100,62268600000.0,0.09000000000000341,0.25582717453099324
2013-06-27,35.529999,35.77,35.389999,35.450001,19.324318,6334000,62888098229.99999,-0.07999799999999624,-0.22515621236014177
2013-06-28,35.41,35.68,34.959999,34.990002,19.073565,13324600,62675699999.99999,-0.41999799999999965,-1.1860999717593892
2013-07-01,35.220001,35.669998,35.130001,35.380001,19.286154,7723000,62339401770.00001,0.1599999999999966,0.45428732384191745
2013-07-02,35.290001,35.669998,35.200001,35.459999,19.329767,5418900,62463301769.99999,0.16999800000000675,0.4817171866898127
2013-07-03,35.360001,35.5,35.169998,35.490002,19.346125,5787800,62587201769.99999,0.13000100000000003,0.36764987648049
2013-07-05,35.630001,35.75,35.110001,35.490002,19.346125,4465900,63065101770.0,-0.1399990000000031,-0.39292449079640246
2013-07-08,35.689999,36.169998,35.650002,36.040001,19.645933,5837100,63171298230.0,0.35000199999999637,0.9806724847484483
2013-07-09,36.220001,36.450001,36.110001,36.27,19.771311,12222100,64109401770.00001,0.04999899999999968,0.1380425141346619
2013-07-10,36.32,36.790001,36.27,36.5,19.896687,9699600,64286400000.0,0.17999999999999972,0.4955947136563869
2013-07-11,36.889999,37.09,36.799999,36.860001,20.092928,8344900,65295298230.00001,-0.029998000000006186,-0.08131743240222421
2013-07-12,36.950001,37.0,36.700001,36.919998,20.125637,4813000,65401501770.0,-0.030003000000000668,-0.08119891525848855
2013-07-15,36.900002,37.07,36.799999,37.049999,20.196495,4944000,65313003540.0,0.14999699999999905,0.40649591292704823
2013-07-16,36.98,37.450001,36.93,37.23,20.294622,6867100,65454599999.99999,0.25,0.6760411032990806
2013-07-17,37.369999,37.48,37.0,37.02,20.180141,5656000,66144898230.0,-0.34999899999999684,-0.9365774936199405
2013-07-18,36.900002,37.32,36.830002,37.0,20.169245,5723500,65313003540.0,0.09999799999999937,0.2709972752846988
2013-07-19,37.029999,37.349998,36.91,37.150002,20.251009,8942500,65543098229.99999,0.12000300000000408,0.32406968198947045
2013-07-22,37.09,37.130001,36.740002,36.880001,20.103834,7158200,65649300000.00001,-0.20999900000000338,-0.5661876516581379
2013-07-23,37.009998,37.009998,35.73,35.990002,19.618681,13156500,65507696460.00001,-1.0199960000000061,-2.7560012297217797
2013-07-24,36.02,36.02,35.450001,35.57,19.389729,10429400,63755400000.00001,-0.45000000000000284,-1.2493059411438168
2013-07-25,35.509998,35.990002,35.459999,35.91,19.575073,8869700,62852696460.00001,0.40000199999999353,1.1264489510813083
2013-07-26,35.799999,35.900002,35.16,35.900002,19.56962,10285200,63365998230.0,0.10000300000000095,0.27933799662955566
2013-07-29,35.830002,35.880001,35.509998,35.669998,19.444237,5308200,63419103540.0,-0.1600040000000007,-0.44656430663889074
2013-07-30,35.77,35.84,35.48,35.560001,19.384279,5899700,63312900000.00001,-0.20999900000000338,-0.5870813530891903
2013-07-31,35.549999,35.630001,35.009998,35.060001,19.111723,11318400,62923498230.0,-0.48999799999999993,-1.378334778574818
2013-08-01,35.27,35.630001,35.040001,35.540001,19.373379,8002100,62427900000.00001,0.2700009999999935,0.765525942727512
2013-08-02,35.52,35.68,35.279999,35.68,19.449692,10508500,62870400000.00001,0.1599999999999966,0.4504504504504408
2013-08-05,35.610001,35.669998,35.439999,35.610001,19.411531,3757700,63029701769.99999,0.0,0.0
2013-08-06,35.549999,35.580002,35.16,35.400002,19.29706,8078100,62923498230.0,-0.14999699999999905,-0.4219325013201802
2013-08-07,35.360001,35.369999,35.080002,35.200001,19.188034,6278600,62587201769.99999,-0.1599999999999966,-0.45248867498617035
2013-08-08,35.349998,35.689999,35.299999,35.57,19.389729,6804900,62569496460.0,0.22000200000000092,0.6223536420002087
2013-08-09,35.580002,35.599998,35.259998,35.369999,19.280712,5358300,62976603540.0,-0.21000300000000038,-0.5902276228090161
2013-08-12,35.25,35.279999,35.049999,35.16,19.166229,4884300,62392500000.0,-0.09000000000000341,-0.25531914893617985
2013-08-13,35.169998,35.27,35.009998,35.220001,19.198942,5919700,62250896460.0,0.050003000000003794,0.14217515735998562
2013-08-14,35.23,35.25,34.810001,35.060001,19.111723,5871900,62357099999.99999,-0.16999899999999712,-0.4825404484813998
2013-08-15,34.779999,34.93,34.5,34.57,18.844612,15144400,61560598229.99999,-0.20999899999999627,-0.603792426791031
2013-08-16,34.509998,34.630001,34.25,34.290001,18.691982,8364900,61082696460.00001,-0.21999700000000644,-0.6374877216741839
2013-08-19,34.279999,34.299999,33.849998,33.93,18.495743,7832300,60675598229.99999,-0.34999899999999684,-1.0210006132147111
2013-08-20,33.970001,34.049999,33.75,33.77,18.408531,15309100,60126901770.00001,-0.20000100000000032,-0.5887577100748401
2013-08-21,33.740002,33.77,33.369999,33.459999,18.239534,8032700,59719803539.99999,-0.28000299999999356,-0.8298843610026863
2013-08-22,33.470001,33.639999,33.119999,33.560001,18.294044,8182900,59241901770.00001,0.0899999999999963,0.2688975121333169
2013-08-23,33.52,34.310001,33.52,34.279999,18.686533,11116400,59330400000.00001,0.7599989999999934,2.2673001193317224
2013-08-26,34.369999,34.389999,34.0,34.049999,18.561159,7718000,60834898230.0,-0.3200000000000003,-0.9310445426547737
2013-08-27,33.810001,34.23,33.759998,33.990002,18.52845,9829300,59843701770.0,0.1800009999999972,0.5323898097488882
2013-08-28,33.900002,33.900002,33.57,33.599998,18.315857,8993200,60003003540.0,-0.30000400000000127,-0.8849674994119507
2013-08-29,33.599998,34.139999,33.540001,33.939999,18.501196,6663000,59471996460.0,0.3400010000000009,1.011907798327848
2013-08-30,33.990002,34.009998,33.720001,33.880001,18.468487,6365200,60162303539.99999,-0.1100009999999969,-0.32362751846851
2013-09-03,34.07,34.25,33.720001,33.830002,18.441233,7422100,60303900000.0,-0.23999799999999993,-0.7044261813912531
2013-09-04,33.77,34.240002,33.720001,34.169998,18.626572,6396000,59772900000.00001,0.3999979999999965,1.1844773467574665
2013-09-05,34.23,34.310001,34.130001,34.25,18.670177,7054100,60587099999.99999,0.020000000000003126,0.05842827928718413
2013-09-06,34.360001,34.560001,34.130001,34.400002,18.751947,23039300,60817201769.99999,0.04000100000000373,0.11641734236271918
2013-09-09,34.450001,34.59,34.349998,34.59,18.855526,22729400,60976501770.0,0.1399990000000031,0.40638315220949656
2013-09-10,34.669998,35.0,34.59,34.98,19.068111,26034300,61365896460.0,0.3100019999999972,0.8941506140265633
2013-09-11,35.009998,35.419998,34.93,35.41,19.302513,12966100,61967696460.00001,0.40000199999999353,1.1425364834353702
2013-09-12,34.98,35.02,34.470001,34.540001,19.086996,10309700,61914599999.99999,-0.43999900000000025,-1.2578587764436828
2013-09-13,34.650002,34.950001,34.619999,34.84,19.252775,5669100,61330503540.0,0.18999800000000278,0.5483347446848712
2013-09-16,35.189999,35.400002,35.029999,35.130001,19.413036,5652800,62286298230.0,-0.05999800000000022,-0.17049730521447362
2013-09-17,35.189999,35.509998,35.110001,35.360001,19.540129,9775000,62286298230.0,0.17000199999999666,0.4830974846006578
2013-09-18,35.369999,35.860001,35.18,35.790001,19.777758,6623300,62604898230.0,0.42000199999999666,1.1874526770554803
2013-09-19,35.82,36.0,35.709999,35.799999,19.783281,5296700,63401400000.0,-0.0200010000000006,-0.055837520938025124
2013-09-20,35.849998,35.91,35.5,35.549999,19.645121,7789400,63454496460.0,-0.2999989999999997,-0.836817340966099
2013-09-23,35.389999,35.439999,35.200001,35.25,19.479345,6586400,62640298230.00001,-0.1399990000000031,-0.39558916065525485
2013-09-24,35.23,35.25,34.98,35.080002,19.385401,6366700,62357099999.99999,-0.14999799999999652,-0.42576781152425924
2013-09-25,35.099998,35.169998,34.709999,34.790001,19.225153,10012400,62126996460.0,-0.30999700000000274,-0.8831823865061267
2013-09-26,34.799999,35.0,34.759998,35.0,19.341196,5099100,61595998230.0,0.20000100000000032,0.5747155337561944
2013-09-27,34.82,34.900002,34.529999,34.709999,19.180941,7879800,61631400000.0,-0.1100009999999969,-0.31591326823663674
2013-09-30,34.5,34.540001,34.27,34.349998,18.981997,7525300,61065000000.0,-0.15000200000000063,-0.4347884057971033
2013-10-01,34.27,34.759998,34.23,34.709999,19.180941,6986900,60657900000.00001,0.43999900000000025,1.2839188794864318
2013-10-02,34.59,34.759998,34.400002,34.75,19.203047,5794600,61224300000.00001,0.1599999999999966,0.4625614339404353
2013-10-03,34.639999,34.880001,34.5,34.700001,19.175413,5798500,61312798230.00001,0.060001999999997224,0.1732159403353251
2013-10-04,34.700001,34.860001,34.52,34.650002,19.147789,4019300,61419001770.0,-0.04999899999999968,-0.14408933302336124
2013-10-07,34.470001,34.990002,34.43,34.75,19.203047,6399200,61011901770.00001,0.27999899999999656,0.812297626565188
2013-10-08,34.790001,34.919998,34.619999,34.68,19.164362,7015900,61578301769.99999,-0.1100009999999969,-0.3161856764534066
2013-10-09,34.77,34.900002,34.41,34.450001,19.037266,7195800,61542900000.00001,-0.3199990000000028,-0.9203307448950324
2013-10-10,35.060001,35.48,34.939999,35.48,19.606443,8819200,62056201770.0,0.4199989999999971,1.1979434912166635
2013-10-11,35.529999,35.650002,35.349998,35.540001,19.639605,6202400,62888098229.99999,0.010002000000000066,0.02815085922180878
2013-10-14,35.41,35.810001,35.330002,35.740002,19.750122,4291900,62675699999.99999,0.33000200000000035,0.9319457780288065
2013-10-15,35.630001,35.66,35.259998,35.330002,19.52356,6978200,63065101770.0,-0.2999989999999997,-0.8419842592763319
2013-10-16,35.400002,35.700001,35.34,35.689999,19.72249,6209600,62658003540.0,0.2899969999999996,0.819200518689235
2013-10-17,35.73,35.950001,35.580002,35.619999,19.683807,8068000,63242099999.99999,-0.1100009999999969,-0.3078673383711081
2013-10-18,35.889999,35.990002,35.619999,35.860001,19.816437,7009900,63525298230.00001,-0.029998000000006186,-0.08358317312855368
2013-10-21,35.950001,36.02,35.77,36.02,19.904854,5390300,63631501770.0,0.06999900000000281,0.19471209472289808
2013-10-22,36.099998,36.48,35.970001,36.41,20.120367,7994600,63896996460.0,0.3100019999999972,0.8587313495141946
2013-10-23,36.290001,36.540001,36.09,36.380001,20.103792,6803100,64233301769.99999,0.09000000000000341,0.24800219763015002
2013-10-24,36.669998,36.75,35.889999,35.959999,19.871687,12125700,64905896460.0,-0.7099989999999963,-1.9361849978830004
2013-10-25,36.099998,36.349998,35.900002,36.25,20.031952,12824300,63896996460.0,0.15000200000000063,0.41551802856055736
2013-10-28,36.27,36.939999,36.27,36.810001,20.34141,8074300,64197900000.00001,0.5400009999999966,1.4888365039977849
2013-10-29,36.889999,37.459999,36.849998,37.43,20.684025,9258100,65295298230.00001,0.5400009999999966,1.463814081426233
2013-10-30,37.5,37.5,37.040001,37.060001,20.479561,5630400,66375000000.0,-0.43999900000000025,-1.1733306666666674
2013-10-31,37.040001,37.549999,36.900002,37.23,20.573502,10181100,65560801769.99999,0.18999900000000025,0.5129562496502099
2013-11-01,37.25,37.689999,37.150002,37.330002,20.628765,6620300,65932500000.0,0.08000200000000035,0.2147704697986587
2013-11-04,37.529999,37.689999,37.27,37.43,20.684025,5141800,66428098229.99999,-0.09999899999999684,-0.26645084642820493
2013-11-05,37.419998,37.619999,37.259998,37.540001,20.744814,4860800,66233396460.0,0.12000299999999697,0.32069216037904913
2013-11-06,37.68,37.889999,37.549999,37.82,20.89954,4742800,66693600000.0,0.14000000000000057,0.371549893842889
2013-11-07,37.830002,37.869999,37.25,37.5,20.722706,6410000,66959103540.0,-0.33000200000000035,-0.8723287934269747
2013-11-08,37.400002,37.549999,37.02,37.549999,20.750343,13586400,66198003540.0,0.14999699999999905,0.40106147587906293
2013-11-11,37.5,37.599998,37.330002,37.450001,20.695076,4232400,66375000000.0,-0.04999899999999968,-0.13333066666666582
2013-11-12,37.439999,37.48,37.060001,37.310001,20.617716,7475700,66268798230.0,-0.1299980000000005,-0.347216889615837
2013-11-13,37.139999,37.59,37.110001,37.580002,20.766922,5805000,65737798230.00001,0.44000299999999726,1.1847146253288732
2013-11-14,37.549999,37.93,37.549999,37.700001,20.833231,6891500,66463498230.0,0.15000200000000063,0.39947271370100607
2013-11-15,37.639999,38.0,37.639999,38.0,20.99901,5334200,66622798230.00001,0.3600009999999969,0.9564320126575904
2013-11-18,38.07,38.099998,37.810001,38.029999,21.015587,5357200,67383900000.0,-0.04000100000000373,-0.10507223535593309
2013-11-19,37.900002,37.919998,37.68,37.830002,20.905069,5761400,67083003540.0,-0.07000000000000028,-0.18469656017432476
2013-11-20,37.849998,38.0,37.450001,37.610001,20.783499,6026500,66994496460.0,-0.23999700000000246,-0.6340740097265063
2013-11-21,37.639999,37.639999,36.68,37.139999,20.523769,12595000,66622798230.00001,-0.5,-1.3283741054297051
2013-11-22,37.130001,37.279999,36.810001,37.27,20.595617,6371500,65720101770.0,0.1399990000000031,0.3770508920805122
2013-11-25,37.389999,37.43,37.049999,37.119999,20.512722,4369500,66180298230.00001,-0.2700000000000031,-0.7221182327391962
2013-11-26,37.240002,37.25,36.950001,37.0,20.446404,7358600,65914803539.99999,-0.24000199999999694,-0.6444736495986143
2013-11-27,37.080002,37.240002,36.91,37.150002,20.529293,4064400,65631603540.0,0.07000000000000028,0.1887810038413706
2013-11-29,37.119999,37.16,36.919998,36.98,20.43535,4002100,65702398230.0,-0.1399990000000031,-0.3771524886086422
2013-12-02,37.009998,37.200001,36.880001,36.950001,20.418776,7143500,65507696460.00001,-0.05999700000000274,-0.16211024923590306
2013-12-03,36.860001,37.310001,36.860001,37.169998,20.54035,7807400,65242201769.99999,0.30999700000000274,0.8410119142427662
2013-12-04,37.0,37.330002,36.919998,37.23,20.573502,7975500,65490000000.0,0.22999999999999687,0.6216216216216132
2013-12-05,37.119999,37.220001,36.900002,36.959999,20.424299,7198300,65702398230.0,-0.1599999999999966,-0.4310344943705321
2013-12-06,37.220001,37.459999,37.18,37.459999,20.700613,6717600,65879401770.00001,0.23999799999999993,0.644809225018559
2013-12-09,37.5,37.740002,37.310001,37.689999,20.827703,6813600,66375000000.0,0.18999900000000025,0.5066640000000007
2013-12-10,37.580002,37.630001,37.099998,37.32,20.623236,7750300,66516603540.0,-0.26000200000000007,-0.6918626561009764
2013-12-11,37.360001,37.75,37.299999,37.669998,20.816648,9825300,66127201769.99999,0.30999700000000274,0.829756401773123
2013-12-12,37.580002,37.740002,37.099998,37.200001,20.556931,9241400,66516603540.0,-0.38000100000000003,-1.0111787647057604
2013-12-13,37.220001,37.290001,36.84,37.099998,20.501665,12439700,65879401770.00001,-0.12000300000000408,-0.32241535941926514
2013-12-16,37.139999,37.34,37.07,37.240002,20.579029,7481400,65737798230.00001,0.10000299999999385,0.26925956567740844
2013-12-17,37.240002,37.630001,37.150002,37.450001,20.695076,9325400,65914803539.99999,0.20999900000000338,0.5639070588664399
2013-12-18,37.560001,38.169998,37.189999,38.16,21.087429,12910600,66481201770.0,0.5999989999999968,1.5974413845196564
2013-12-19,38.049999,38.25,37.900002,38.220001,21.120586,8964200,67348498230.0,0.17000200000000376,0.44678581988925614
2013-12-20,38.330002,38.580002,38.16,38.57,21.313995,16852000,67844103540.0,0.23999799999999993,0.6261361530844688
2013-12-23,38.209999,38.299999,37.849998,38.139999,21.341976,13530200,67631698230.00001,-0.07000000000000028,-0.1831981204710324
2013-12-24,38.209999,38.439999,38.049999,38.080002,21.308405,10126100,67631698230.00001,-0.12999700000000303,-0.3402172295267608
2013-12-26,38.09,38.299999,38.080002,38.25,21.403526,5246000,67419300000.00001,0.1599999999999966,0.42005775794170797
2013-12-27,38.360001,38.459999,38.209999,38.310001,21.437099,4269500,67897201769.99999,-0.04999999999999716,-0.1303441050483736
2013-12-30,38.360001,38.439999,38.139999,38.360001,21.46508,7086900,67897201769.99999,0.0,0.0
2013-12-31,38.32,38.540001,38.200001,38.389999,21.481867,10342600,67826400000.0,0.06999900000000281,0.18266962421712635
2014-01-02,38.27,38.380001,37.779999,37.900002,21.207687,6324600,67737900000.00001,-0.3699980000000025,-0.9668095113666122
2014-01-03,37.970001,38.110001,37.650002,37.720001,21.106958,5361400,67206901770.00001,-0.25,-0.6584145204526067
2014-01-06,37.77,37.82,37.189999,37.279999,20.860743,10717600,66852900000.00001,-0.49000100000000657,-1.2973285676462973
2014-01-07,37.459999,37.700001,37.259998,37.279999,20.860743,7042700,66304198230.00001,-0.18000000000000682,-0.4805125595438665
2014-01-08,37.27,37.419998,36.959999,37.130001,20.77681,13396900,65967900000.00001,-0.1399990000000031,-0.3756345586262492
2014-01-09,37.139999,37.380001,37.060001,37.25,20.843956,5976000,65737798230.00001,0.1100009999999969,0.2961793294609321
2014-01-10,37.599998,37.650002,37.150002,37.259998,20.849556,7150200,66551996460.0,-0.3399999999999963,-0.9042553672476161
2014-01-13,37.25,37.299999,37.0,37.09,20.754431,9797100,65932500000.0,-0.1599999999999966,-0.4295302013422727
2014-01-14,37.119999,37.25,36.759998,36.98,20.692871,9230900,65702398230.0,-0.1399990000000031,-0.3771524886086422
2014-01-15,36.91,37.060001,36.77,36.900002,20.648109,6057300,65330699999.99999,-0.009997999999995955,-0.027087510159837323
2014-01-16,36.84,37.330002,36.82,37.299999,20.871939,6286200,65206800000.00001,0.45999899999999627,1.2486400651465694
2014-01-17,37.290001,37.330002,36.91,37.029999,20.72085,8391300,66003301769.99999,-0.26000200000000007,-0.6972432100497934
2014-01-21,37.189999,37.369999,37.0,37.369999,20.91111,10031900,65826298230.0,0.17999999999999972,0.4840010885722253
2014-01-22,37.400002,37.630001,37.279999,37.5,20.983849,5495000,66198003540.0,0.09999799999999937,0.2673743172527086
2014-01-23,37.360001,37.41,36.950001,37.369999,20.91111,8265500,66127201769.99999,0.00999800000000306,0.026761241253722295
2014-01-24,37.150002,37.48,37.029999,37.299999,20.871939,13593800,65755503540.0,0.14999699999999905,0.40376040894963894
2014-01-27,37.32,37.32,36.700001,36.830002,20.608938,10823100,66056400000.0,-0.48999799999999993,-1.3129635584137191
2014-01-28,36.880001,36.880001,36.57,36.849998,20.620136,8115400,65277601770.0,-0.030003000000000668,-0.08135303467047267
2014-01-29,36.68,36.689999,36.16,36.43,20.385113,14367300,64923600000.0,-0.25,-0.6815703380588877
2014-01-30,36.240002,36.240002,35.16,35.349998,19.780773,18659600,64144803539.99999,-0.8900039999999976,-2.4558607916191555
2014-01-31,35.0,35.529999,34.330002,35.220001,19.708038,15457100,61950000000.0,0.22000100000000344,0.6285742857142955
2014-02-03,35.169998,35.18,34.080002,34.110001,19.086912,16108500,62250896460.0,-1.0599970000000027,-3.0139239700838276
2014-02-04,34.299999,34.580002,34.150002,34.43,19.26597,9864000,60710998230.0,0.13000100000000003,0.3790116728574833
2014-02-05,34.150002,34.330002,33.799999,34.0,19.025352,15802600,60445503540.0,-0.15000200000000063,-0.43924448379241865
2014-02-06,34.099998,34.740002,34.049999,34.709999,19.422653,18468900,60356996460.0,0.610001000000004,1.7888593424551051
2014-02-07,34.919998,35.34,34.779999,35.299999,19.752796,11611300,61808396460.0,0.38000100000000003,1.0882045296795264
2014-02-10,35.41,35.5,35.049999,35.189999,19.691242,7507800,62675699999.99999,-0.22000099999999634,-0.6212962439988601
2014-02-11,35.099998,35.25,34.779999,35.139999,19.663269,9588800,62126996460.0,0.04000100000000373,0.11396296945659007
2014-02-12,35.25,35.259998,34.810001,34.93,19.545757,10043700,62392500000.0,-0.3200000000000003,-0.9078014184397172
2014-02-13,34.75,35.279999,34.740002,35.279999,19.7416,8231700,61507500000.0,0.5299989999999966,1.5251769784172562
2014-02-14,35.18,35.619999,35.049999,35.57,19.903877,6584300,62268600000.0,0.39000000000000057,1.1085844229675967
2014-02-18,35.549999,35.700001,35.369999,35.459999,19.842329,5701100,62923498230.0,-0.0899999999999963,-0.253164564083381
2014-02-19,35.400002,35.5,35.099998,35.16,19.674452,6337400,62658003540.0,-0.24000200000000405,-0.6779717131089542
2014-02-20,35.18,35.619999,35.110001,35.529999,19.881502,5979400,62268600000.0,0.34999899999999684,0.99488061398521
2014-02-21,35.549999,35.580002,35.27,35.369999,19.791965,7104400,62923498230.0,-0.17999999999999972,-0.506329128166782
2014-02-24,35.34,35.700001,35.279999,35.380001,19.797562,6287400,62551800000.00001,0.04000099999999662,0.11318902093943582
2014-02-25,35.389999,35.869999,35.380001,35.57,19.903877,7845200,62640298230.00001,0.1800009999999972,0.50862109377284
2014-02-26,35.630001,35.799999,35.400002,35.439999,19.831139,5787400,63065101770.0,-0.19000199999999978,-0.5332640883170331
2014-02-27,35.490002,35.939999,35.48,35.869999,20.071749,5595500,62817303539.99999,0.379997000000003,1.0707156342228525
2014-02-28,35.970001,36.41,35.970001,36.259998,20.289986,8773100,63666901770.00001,0.2899969999999996,0.8062190490347765
2014-03-03,36.07,36.900002,36.0,36.450001,20.396301,12823800,63843900000.0,0.38000100000000003,1.0535098419739395
2014-03-04,36.869999,37.330002,36.82,37.07,20.74324,11932400,65259898230.0,0.20000100000000032,0.5424491603593489
2014-03-05,37.049999,37.299999,36.849998,36.950001,20.676088,7815700,65578498230.0,-0.09999799999999937,-0.269900142237519
2014-03-06,37.029999,37.029999,36.630001,36.889999,20.642515,10801200,65543098229.99999,-0.13999999999999346,-0.37807184385825526
2014-03-07,37.0,37.029999,36.580002,36.810001,20.597748,6629300,65490000000.0,-0.18999900000000025,-0.5135108108108115
2014-03-10,36.810001,36.93,36.669998,36.860001,20.625727,5162900,65153701770.0,0.04999999999999716,0.13583265047995288
2014-03-11,37.0,37.150002,36.66,36.759998,20.569761,7791500,65490000000.0,-0.24000199999999694,-0.6486540540540457
2014-03-12,36.23,36.25,35.98,36.139999,20.490389,7220900,64127099999.99999,-0.09000099999999378,-0.24841567761521885
2014-03-13,36.279999,36.380001,35.91,35.970001,20.394007,7924200,64215598229.99999,-0.3099979999999931,-0.8544597809939112
2014-03-14,35.860001,36.560001,35.860001,36.34,20.603785,7843300,63472201769.99999,0.4799990000000065,1.33853593590253
2014-03-17,36.450001,36.599998,36.25,36.380001,20.626467,5416000,64516501770.0,-0.07000000000000028,-0.1920438904789064
2014-03-18,36.369999,36.669998,36.25,36.59,20.745527,4939900,64374898230.0,0.22000100000000344,0.6048969096754813
2014-03-19,36.59,36.709999,35.860001,36.02,20.422358,7321800,64764300000.00001,-0.5700000000000003,-1.5578026783274124
2014-03-20,35.939999,36.380001,35.84,36.349998,20.609455,6574800,63613798230.0,0.4099989999999991,1.1407874552250241
2014-03-21,36.540001,36.91,36.400002,36.450001,20.666149,11001500,64675801769.99999,-0.0899999999999963,-0.24630541197849534
2014-03-24,36.549999,36.73,36.439999,36.689999,20.802223,7088700,64693498230.0,0.14000000000000057,0.38303694618432294
2014-03-25,36.830002,37.0,36.700001,36.91,20.926964,6760900,65189103540.0,0.07999799999999624,0.2172087853809952
2014-03-26,36.950001,37.349998,36.91,37.25,21.119728,10929200,65401501770.0,0.2999989999999997,0.811905255428815
2014-03-27,37.169998,37.439999,37.07,37.23,21.108391,8328400,65790896460.0,0.060001999999997224,0.16142588977270653
2014-03-28,37.310001,37.360001,36.970001,37.119999,21.046026,5252100,66038701770.0,-0.19000199999999978,-0.5092521975542155
2014-03-31,37.25,37.490002,37.139999,37.43,21.221788,5335800,65932500000.0,0.17999999999999972,0.48322147651006636
2014-04-01,37.450001,37.59,37.130001,37.389999,21.199106,5613100,66286501770.0,-0.060001999999997224,-0.16021895433326483
2014-04-02,37.419998,37.639999,37.279999,37.580002,21.306833,7720400,66233396460.0,0.1600040000000007,0.42758954717207814
2014-04-03,37.700001,37.75,37.419998,37.59,21.312498,4667900,66729001770.0,-0.1100009999999969,-0.29177983310928
2014-04-04,37.75,37.900002,37.509998,37.57,21.301167,6233900,66817500000.0,-0.17999999999999972,-0.47682119205297935
2014-04-07,37.57,37.970001,37.57,37.650002,21.346521,8815700,66498900000.0,0.08000200000000035,0.2129411764705892
2014-04-08,37.599998,38.119999,37.549999,37.889999,21.482592,8755600,66551996460.0,0.29000100000000373,0.7712792963446534
2014-04-09,37.869999,38.18,37.82,38.139999,21.62434,7739300,67029898230.0,0.2700000000000031,0.7129654268013135
2014-04-10,38.27,38.560001,37.77,37.82,21.442904,12591800,67737900000.00001,-0.45000000000000284,-1.1758557616932397
2014-04-11,37.709999,38.189999,37.560001,37.650002,21.346521,8729800,66746698230.00001,-0.05999700000000274,-0.1591010384275076
2014-04-14,37.880001,38.259998,37.740002,38.25,21.686701,6864400,67047601770.0,0.36999899999999997,0.9767660776988891
2014-04-15,38.25,38.34,38.049999,38.209999,21.664026,7911800,67702500000.0,-0.04000099999999662,-0.10457777777776894
2014-04-16,38.360001,38.560001,38.23,38.360001,21.749073,6615500,67897201769.99999,0.0,0.0
2014-04-17,38.23,38.459999,37.939999,38.450001,21.800108,8498400,67667099999.99999,0.22000100000000344,0.5754669108030434
2014-04-21,38.360001,38.459999,37.880001,38.419998,21.783092,4581700,67897201769.99999,0.05999700000000274,0.15640510541176145
2014-04-22,38.380001,38.66,38.27,38.639999,21.907825,8907300,67932601770.0,0.25999800000000306,0.6774309359710623
2014-04-23,38.540001,38.59,38.150002,38.310001,21.72072,9972300,68215801769.99999,-0.22999999999999687,-0.5967825480855511
2014-04-24,38.34,38.799999,38.07,38.400002,21.771755,8667600,67861800000.00001,0.060001999999997224,0.15649973917578827
2014-04-25,38.400002,39.110001,38.200001,39.110001,22.174301,8560700,67968003540.0,0.7099989999999963,1.8489556328668844
2014-04-28,39.220001,40.150002,39.220001,39.93,22.639221,13563000,69419401770.0,0.7099989999999963,1.8102982710275712
2014-04-29,40.02,40.240002,39.880001,40.119999,22.746944,8536300,70835400000.0,0.09999899999999684,0.24987256371813302
2014-04-30,39.650002,40.16,39.599998,40.110001,22.741274,10221100,70180503540.0,0.45999899999999627,1.1601487434981623
2014-05-01,40.16,40.34,39.799999,39.830002,22.582523,11871300,71083200000.0,-0.32999799999999624,-0.8217081673306681
2014-05-02,39.75,40.07,39.73,39.970001,22.661905,7622200,70357500000.0,0.22000100000000344,0.5534616352201345
2014-05-05,39.810001,39.98,39.599998,39.889999,22.616537,5746500,70463701770.0,0.07999800000000334,0.20094950512561743
2014-05-06,39.849998,39.919998,39.73,39.759998,22.542831,4302500,70534496460.0,-0.0899999999999963,-0.2258469373072398
2014-05-07,39.939999,40.18,39.869999,40.060001,22.712923,7257300,70693798230.0,0.1200019999999995,0.30045569104796294
2014-05-08,40.099998,40.200001,39.970001,40.110001,22.741274,6997000,70976996460.0,0.010002999999997542,0.024945138401247652
2014-05-09,40.02,40.240002,39.990002,40.200001,22.792309,4930000,70835400000.0,0.1800009999999972,0.4497776111943958
2014-05-12,40.43,40.57,40.23,40.369999,22.88868,5028600,71561100000.0,-0.06000099999999975,-0.14840712342319998
2014-05-13,40.439999,40.639999,40.299999,40.610001,23.024761,9944300,71578798230.0,0.17000199999999666,0.42038082147330585
2014-05-14,40.549999,40.57,40.23,40.330002,22.866011,6105800,71773498230.0,-0.21999699999999933,-0.5425326890883507
2014-05-15,40.169998,40.299999,39.970001,40.049999,22.707262,7215000,71100896460.0,-0.11999899999999997,-0.2987279212709943
2014-05-16,40.07,40.689999,40.009998,40.689999,23.070116,8203800,70923900000.0,0.619999,1.5472897429498378
2014-05-19,40.290001,40.439999,40.0,40.209999,22.797974,10646700,71313301770.0,-0.08000199999999325,-0.19856539591546113
2014-05-20,40.18,40.279999,39.959999,40.029999,22.695915,5959500,71118600000.0,-0.15000100000000316,-0.3733225485316156
2014-05-21,40.099998,40.77,40.009998,40.639999,23.041771,7952700,70976996460.0,0.5400010000000037,1.3466359773883374
2014-05-22,40.59,40.990002,40.43,40.68,23.064451,8387500,71844300000.0,0.0899999999999963,0.22172949002216386
2014-05-23,40.709999,40.830002,40.580002,40.68,23.064451,4293500,72056698230.0,-0.02999900000000366,-0.07368951298673247
2014-05-27,40.75,40.849998,40.630001,40.77,23.115475,4079000,72127500000.0,0.020000000000003126,0.04907975460123466
2014-05-28,40.799999,40.889999,40.66,40.77,23.115475,3865800,72215998230.0,-0.029998999999996556,-0.07352696258643672
2014-05-29,40.84,41.369999,40.77,41.310001,23.421642,5591100,72286800000.0,0.47000099999999634,1.1508349657198733
2014-05-30,41.189999,41.619999,41.099998,41.560001,23.563391,7319600,72906298230.0,0.3700019999999995,0.8982811580063391
2014-06-02,41.630001,41.639999,41.25,41.25,23.387621,4501700,73685101770.0,-0.38000100000000003,-0.9128056470620791
2014-06-03,41.200001,41.360001,41.150002,41.240002,23.381956,4386400,72924001770.0,0.04000099999999662,0.0970898034686859
2014-06-04,41.200001,41.32,41.099998,41.23,23.376286,3349900,72924001770.0,0.029998999999996556,0.07281310502879977
2014-06-05,41.23,41.48,41.150002,41.290001,23.410303,4116300,72977100000.0,0.06000099999999975,0.14552752849866543
2014-06-06,41.290001,41.439999,41.259998,41.389999,23.466995,3964200,73083301770.0,0.09999800000000647,0.2421845424513467
2014-06-09,41.32,41.639999,41.279999,41.610001,23.591734,5173900,73136400000.0,0.2900009999999966,0.7018417231364875
2014-06-10,41.540001,42.389999,41.48,42.349998,24.011292,11193600,73525801770.0,0.8099970000000027,1.949920511557048
2014-06-11,42.220001,42.709999,42.16,42.59,24.147364,12157300,74729401770.0,0.36999899999999997,0.8763595244822471
2014-06-12,42.049999,42.189999,41.23,41.279999,23.671413,8391300,74428498230.0,-0.7700000000000031,-1.831153432369887
2014-06-13,41.34,41.619999,41.189999,41.450001,23.768892,5470100,73171800000.0,0.1100009999999969,0.2660885341073945
2014-06-16,41.439999,41.970001,41.259998,41.810001,23.975342,5133900,73348798230.0,0.3700019999999995,0.8928619906578653
2014-06-17,41.689999,41.799999,41.52,41.68,23.900791,4496200,73791298230.0,-0.009999000000000535,-0.02398416944073454
2014-06-18,41.689999,42.369999,41.52,42.349998,24.284986,8340100,73791298230.0,0.6599989999999991,1.5831110957810268
2014-06-19,42.419998,43.150002,42.380001,43.07,24.697866,10498500,75083396460.0,0.6500020000000006,1.5323008737529893
2014-06-20,43.23,43.380001,42.950001,43.119999,24.726534,12356800,76517100000.0,-0.1100009999999969,-0.2544552394170643
2014-06-23,43.009998,43.02,42.5,42.689999,24.479954,5750500,76127696460.0,-0.3199990000000028,-0.7440107297842766
2014-06-24,42.5,42.5,42.040001,42.349998,24.284986,8291600,75225000000.0,-0.15000200000000063,-0.35294588235294266
2014-06-25,42.139999,42.200001,41.900002,42.029999,24.101488,6983900,74587798230.0,-0.11000000000000654,-0.2610346526111843
2014-06-26,41.98,42.0,41.52,41.900002,24.026953,7161300,74304600000.0,-0.07999799999999624,-0.19056217246306872
2014-06-27,41.790001,41.860001,41.130001,41.82,23.981064,12779900,73968301770.0,0.02999900000000366,0.07178511433872344
2014-06-30,41.759998,42.279999,41.560001,41.939999,24.049875,9322600,73915196460.0,0.1800009999999972,0.43103689803815887
2014-07-01,41.869999,42.0,41.52,41.830002,23.986799,5197700,74109898230.0,-0.039996999999999616,-0.09552663232688306
2014-07-02,41.849998,41.970001,41.720001,41.869999,24.009741,3579200,74074496460.0,0.0200010000000006,0.04779211697931408
2014-07-03,42.02,42.580002,41.990002,42.389999,24.307928,5819600,74375400000.0,0.36999899999999997,0.8805306996668252
2014-07-07,42.25,42.779999,42.25,42.619999,24.439816,5212400,74782500000.0,0.36999899999999997,0.8757372781065089
2014-07-08,42.650002,42.810001,42.509998,42.709999,24.491428,5145000,75490503540.0,0.05999700000000274,0.14067291251241382
2014-07-09,42.849998,43.049999,42.720001,42.799999,24.54303,5904300,75844496460.0,-0.04999899999999968,-0.11668378607625532
2014-07-10,42.610001,42.950001,42.610001,42.950001,24.629047,7554700,75419701770.0,0.3400000000000034,0.797934738372814
2014-07-11,43.529999,43.599998,43.02,43.43,24.904303,9915900,77048098230.0,-0.09999899999999684,-0.2297243333269933
2014-07-14,43.610001,43.700001,43.259998,43.349998,24.858423,8341300,77189701770.0,-0.26000299999999754,-0.5962003990781783
2014-07-15,43.0,43.080002,41.75,41.759998,23.946661,18024000,76110000000.0,-1.240001999999997,-2.8837255813953417
2014-07-16,42.080002,42.360001,41.700001,41.82,23.981064,7922300,74481603540.0,-0.26000200000000007,-0.6178754459184675
2014-07-17,41.709999,41.98,41.549999,41.580002,23.843449,6506800,73826698230.0,-0.12999700000000303,-0.3116686720611118
2014-07-18,41.790001,42.259998,41.599998,42.169998,24.181767,6800500,73968301770.0,0.379997000000003,0.9093012464871754
2014-07-21,41.540001,42.049999,41.450001,42.009998,24.090023,8636800,73525801770.0,0.46999700000000644,1.1314323271200848
2014-07-22,41.779999,42.25,41.150002,41.93,24.044144,8835500,73950598230.0,0.15000100000000316,0.35902585828210093
2014-07-23,41.990002,42.0,41.650002,41.720001,23.923723,6523500,74322303540.0,-0.2700009999999935,-0.6430125914259149
2014-07-24,41.869999,42.150002,41.790001,42.040001,24.107224,6824500,74109898230.0,0.17000199999999666,0.40602341547702603
2014-07-25,41.880001,42.02,41.52,41.740002,23.935192,4829600,74127601770.0,-0.1399990000000031,-0.33428604741438067
2014-07-28,41.73,41.860001,41.369999,41.650002,23.883587,4501800,73862100000.0,-0.07999799999999624,-0.1917038102084741
2014-07-29,41.59,41.82,41.470001,41.540001,23.820507,8603900,73614300000.0,-0.04999900000000679,-0.12021880259679438
2014-07-30,41.830002,41.889999,41.060001,41.119999,23.579659,7223700,74039103540.0,-0.7100030000000004,-1.6973534928351197
2014-07-31,40.93,41.040001,40.59,40.599998,23.281483,7194000,72446100000.0,-0.33000200000000035,-0.8062594673833382
2014-08-01,40.369999,40.799999,40.259998,40.5,23.224134,6192600,71454898230.0,0.13000100000000003,0.3220237880114885
2014-08-04,40.470001,40.830002,40.400002,40.73,23.356031,6302200,71631901770.0,0.25999899999999343,0.6424487115777274
2014-08-05,40.720001,40.959999,40.41,40.57,23.264275,4395800,72074401770.0,-0.15000100000000316,-0.36837179841916784
2014-08-06,40.470001,41.549999,40.470001,41.43,23.757427,7964000,71631901770.0,0.9599989999999963,2.3721249722726623
2014-08-07,41.439999,41.52,40.91,41.150002,23.596863,7828400,73348798230.0,-0.2899969999999996,-0.6997997273117685
2014-08-08,41.200001,41.66,41.130001,41.630001,23.872118,4407600,72924001770.0,0.4299999999999997,1.0436892950560843
2014-08-11,41.82,42.310001,41.639999,42.009998,24.090023,6134700,74021400000.0,0.18999800000000278,0.4543232902917331
2014-08-12,41.900002,42.009998,41.720001,41.959999,24.06134,3843500,74163003540.0,0.05999700000000274,0.14319092395270708
2014-08-13,42.080002,42.279999,41.889999,42.07,24.124434,3724800,74481603540.0,-0.010002000000000066,-0.02376901027713845
2014-08-14,42.110001,42.259998,42.009998,42.259998,24.233376,2976900,74534701770.0,0.14999700000000615,0.35620279372590413
2014-08-15,42.389999,42.470001,41.93,42.200001,24.198969,4737300,75030298230.0,-0.18999800000000278,-0.44821421203619927
2014-08-18,42.299999,42.59,42.299999,42.5,24.371002,3987100,74870998230.0,0.20000100000000032,0.47281561401455424
2014-08-19,42.599998,42.709999,42.299999,42.700001,24.485695,4320700,75401996460.0,0.10000300000000095,0.23474883731215423
2014-08-20,42.709999,42.720001,42.32,42.459999,24.348066,4538600,75596698230.0,-0.25,-0.5853430247095065
2014-08-21,42.470001,42.68,42.34,42.580002,24.416883,4830000,75171901770.0,0.1100009999999969,0.2590087059333879
2014-08-22,42.59,42.700001,42.43,42.59,24.422609,3796900,75384300000.0,0.0,0.0
2014-08-25,42.740002,42.93,42.66,42.77,24.525833,3278700,75649803540.0,0.029998000000006186,0.07018717500295435
2014-08-26,42.91,42.98,42.709999,42.860001,24.577444,4468100,75950700000.0,-0.04999899999999968,-0.11652062456303819
2014-08-27,42.799999,42.860001,42.580002,42.82,24.554501,3489300,75755998230.0,0.0200010000000006,0.04673130950306938
2014-08-28,42.700001,43.0,42.639999,42.91,24.606115,3195500,75579001770.0,0.20999899999999627,0.491800925250555
2014-08-29,43.0,43.119999,42.93,43.080002,24.703592,3645300,76110000000.0,0.08000200000000035,0.1860511627906985
2014-09-02,43.16,43.68,43.049999,43.189999,24.766676,4573300,76393200000.0,0.02999900000000366,0.0695064874884237
2014-09-03,43.389999,43.459999,43.110001,43.220001,24.783873,3497000,76800298230.0,-0.16999799999999965,-0.3917907442219568
2014-09-04,43.220001,43.48,43.049999,43.139999,24.737999,4583100,76499401770.0,-0.08000200000000035,-0.18510411418084036
2014-09-05,43.130001,43.41,43.080002,43.389999,24.881359,4949600,76340101770.0,0.25999800000000306,0.6028240064265314
2014-09-08,43.380001,43.599998,43.360001,43.490002,24.938702,6454800,76782601770.0,0.1100009999999969,0.2535753745141613
2014-09-09,43.610001,43.66,43.459999,43.650002,25.030458,8571300,77189701770.0,0.04000100000000373,0.0917243730400367
2014-09-10,43.700001,44.049999,43.490002,43.860001,25.150879,8282400,77349001770.0,0.1599999999999966,0.3661327147337974
2014-09-11,43.330002,43.470001,42.919998,43.189999,25.06382,6328700,76694103540.0,-0.1400030000000001,-0.3231086857554267
2014-09-12,43.189999,43.299999,42.959999,43.16,25.046427,7312900,76446298230.0,-0.02999900000000366,-0.06945820952670932
2014-09-15,43.599998,44.5,43.369999,44.27,25.690569,11428100,77171996460.0,0.6700020000000038,1.536701905353307
2014-09-16,44.07,44.5,44.029999,44.360001,25.742798,6636800,78003900000.0,0.2900009999999966,0.658046289993185
2014-09-17,44.389999,44.799999,44.169998,44.610001,25.88788,6738100,78570298230.0,0.2200019999999938,0.4956116354046185
2014-09-18,44.799999,44.799999,44.459999,44.740002,25.963326,4925100,79295998230.0,-0.05999700000000274,-0.13392187798933375
2014-09-19,44.950001,45.099998,44.82,44.990002,26.108397,8048800,79561501770.0,0.04000099999999662,0.08898998689676697
2014-09-22,45.029999,45.450001,44.970001,45.349998,26.317308,7470000,79703098230.0,0.3199990000000028,0.7106351479155104
2014-09-23,45.27,45.439999,44.82,44.82,26.009741,6335500,80127900000.0,-0.45000000000000284,-0.9940357852882766
2014-09-24,44.790001,45.73,44.790001,45.700001,26.520416,7610600,79278301770.0,0.9100000000000037,2.0317034598860664
2014-09-25,45.540001,45.599998,45.07,45.110001,26.17803,5678100,80605801770.0,-0.4299999999999997,-0.9442248365343684
2014-09-26,45.419998,45.970001,45.360001,45.810001,26.584255,7870300,80393396460.0,0.3900030000000001,0.8586592187872841
2014-09-29,45.630001,46.09,45.470001,46.040001,26.717726,7477200,80765101770.0,0.4099999999999966,0.8985316480707433
2014-09-30,46.119999,46.200001,45.869999,45.939999,26.659683,6343900,81632398230.0,-0.17999999999999972,-0.3902862183496572
2014-10-01,45.98,46.130001,45.68,45.77,26.561039,7517300,81384600000.0,-0.20999999999999375,-0.45672031317962974
2014-10-02,45.759998,45.82,45.189999,45.470001,26.386953,8062900,80995196460.0,-0.2899969999999996,-0.6337347304953982
2014-10-03,45.68,46.240002,45.57,46.189999,26.804783,7187900,80853600000.0,0.5099990000000005,1.116460157618215
2014-10-06,46.389999,46.599998,46.060001,46.509998,26.990471,6741400,82110298230.0,0.11999899999999997,0.2586742888267791
2014-10-07,46.439999,46.540001,46.009998,46.049999,26.723536,6144600,82198798230.0,-0.39000000000000057,-0.8397932997371524
2014-10-08,46.080002,46.810001,45.91,46.799999,27.158764,6551200,81561603540.0,0.7199969999999993,1.5624934217667772
2014-10-09,46.689999,47.099998,46.200001,46.369999,26.909233,7887200,82641298230.0,-0.3200000000000003,-0.6853716145935241
2014-10-10,46.700001,47.41,46.669998,46.720001,27.112343,9347400,82659001770.0,0.020000000000003126,0.04282655154547668
2014-10-13,46.560001,46.93,46.049999,46.049999,26.723536,8658100,82411201770.0,-0.5100020000000001,-1.0953650967490316
2014-10-14,46.099998,46.470001,45.799999,46.18,26.798969,7133300,81596996460.0,0.08000200000000035,0.17354013768070087
2014-10-15,45.639999,46.009998,44.59,45.529999,26.421766,14208400,80782798230.0,-0.11000000000000654,-0.24101665734043184
2014-10-16,44.860001,45.459999,44.639999,45.169998,26.212854,10720000,79402201770.0,0.30999700000000274,0.691032084462064
2014-10-17,45.419998,45.799999,45.060001,45.66,26.497208,9306300,80393396460.0,0.24000199999999694,0.5284060118188401
2014-10-20,45.720001,46.5,45.610001,46.419998,26.938246,5280700,80924401770.0,0.6999969999999962,1.5310520225054154
2014-10-21,46.540001,47.029999,46.209999,47.02,27.286438,5607300,82375801770.0,0.4799990000000065,1.0313686929229042
2014-10-22,47.009998,47.619999,47.009998,47.060001,27.309658,6445400,83207696460.0,0.05000299999999669,0.10636673500815015
2014-10-23,47.580002,47.689999,47.07,47.130001,27.350275,4893500,84216603540.0,-0.4500010000000003,-0.9457775979076257
2014-10-24,47.23,47.5,47.080002,47.490002,27.559185,3669700,83597100000.0,0.26000200000000007,0.5505017997035784
2014-10-27,47.549999,47.939999,47.490002,47.639999,27.646236,4350100,84163498230.0,0.09000000000000341,0.18927445193006925
2014-10-28,47.869999,47.880001,47.060001,47.529999,27.582403,6468900,84729898230.0,-0.3400000000000034,-0.7102569607323439
2014-10-29,47.66,47.900002,47.310001,47.57,27.605608,7240000,84358200000.0,-0.0899999999999963,-0.188837599664281
2014-10-30,47.52,47.779999,47.09,47.5,27.564993,7670800,84110400000.0,-0.020000000000003126,-0.04208754208754866
2014-10-31,47.93,48.360001,47.759998,48.34,28.05245,7816900,84836100000.0,0.4100000000000037,0.8554141456290502
2014-11-03,48.290001,49.07,48.290001,48.919998,28.389032,5325100,85473301770.0,0.629997000000003,1.3046116938369976
2014-11-04,49.009998,49.630001,49.009998,49.419998,28.679195,5511500,86747696460.0,0.4099999999999966,0.8365640006759366
2014-11-05,49.77,49.959999,49.119999,49.75,28.870699,6709400,88092900000.0,-0.020000000000003126,-0.04018485031143887
2014-11-06,49.84,49.900002,49.43,49.560001,28.760447,4936500,88216800000.0,-0.27999900000000366,-0.5617957463884503
2014-11-07,49.560001,49.880001,49.27,49.869999,28.940342,5876600,87721201770.0,0.3099980000000002,0.6255003909301782
2014-11-10,49.919998,50.09,49.610001,49.869999,28.940342,8124600,88358396460.0,-0.04999899999999968,-0.10015825721787827
2014-11-11,49.830002,49.959999,49.18,49.279999,28.59795,5412000,88199103540.0,-0.5500030000000038,-1.10375873555053
2014-11-12,49.200001,49.450001,48.68,49.330002,28.626976,7538500,87084001770.0,0.13000100000000003,0.2642296694262263
2014-11-13,49.57,49.950001,49.220001,49.450001,28.696613,5253000,87738900000.0,-0.11999899999999997,-0.24207988702844457
2014-11-14,49.450001,49.450001,48.59,48.779999,28.307781,6768800,87526501770.0,-0.6700020000000038,-1.3549079604669851
2014-11-17,48.740002,49.130001,48.700001,49.049999,28.464476,6026800,86269803540.0,0.30999700000000274,0.6360217219523355
2014-11-18,49.200001,49.439999,49.119999,49.27,28.592157,6096000,87084001770.0,0.06999900000000281,0.1422743873521523
2014-11-19,49.23,49.290001,49.02,49.139999,28.516705,5979700,87137100000.0,-0.09000099999999378,-0.1828173877716713
2014-11-20,48.900002,49.029999,48.709999,48.830002,28.336815,8905500,86553003540.0,-0.07000000000000028,-0.1431492783988031
2014-11-21,49.09,49.27,49.0,49.240002,28.574741,10017200,86889300000.0,0.15000199999999353,0.30556528824606544
2014-11-24,49.52,49.759998,49.220001,49.25,28.58054,5589100,87650400000.0,-0.2700000000000031,-0.5452342487883746
2014-11-25,49.25,49.560001,48.959999,49.459999,28.702394,7133800,87172500000.0,0.20999900000000338,0.4263939086294485
2014-11-26,49.459999,49.779999,49.41,49.720001,28.8533,4210300,87544198230.0,0.26000200000000007,0.52568136930209
2014-11-28,49.970001,50.450001,49.970001,50.259998,29.166664,3083100,88446901770.0,0.2899969999999996,0.5803421937093809
2014-12-01,50.130001,50.5,50.110001,50.299999,29.189878,6171800,88730101770.0,0.16999799999999965,0.3391142960479886
2014-12-02,50.349998,50.599998,50.150002,50.560001,29.340757,8365300,89119496460.0,0.21000300000000038,0.41708641180085126
2014-12-03,50.509998,51.25,50.400002,51.189999,29.706354,9451300,89402696460.0,0.6800009999999972,1.3462700988426037
2014-12-04,51.0,51.07,50.560001,50.939999,29.561277,6962800,90270000000.0,-0.06000099999999975,-0.11764901960784263
2014-12-05,50.919998,51.09,50.650002,51.07,29.636721,4529600,90128396460.0,0.15000200000000063,0.2945836722145995
2014-12-08,51.110001,51.549999,50.82,50.93,29.555473,5871300,90464701770.0,-0.1800009999999972,-0.35218351883811777
2014-12-09,50.669998,50.880001,50.119999,50.700001,29.421997,5160600,89685896460.0,0.030003000000000668,0.05921255414298747
2014-12-10,50.849998,50.919998,49.939999,49.990002,29.009983,6387100,90004496460.0,-0.8599960000000024,-1.6912409711402594
2014-12-11,49.93,50.59,49.810001,50.209999,29.137648,5263400,88376100000.0,0.27999900000000366,0.5607830963348761
2014-12-12,49.860001,50.5,49.639999,49.650002,28.812672,6031800,88252201770.0,-0.20999899999999627,-0.42117728798279863
2014-12-15,49.849998,50.119999,49.150002,49.509998,28.731432,8122000,88234496460.0,-0.3399999999999963,-0.6820461657791768
2014-12-16,49.200001,50.400002,48.91,49.330002,28.626976,8658100,87084001770.0,0.13000100000000003,0.2642296694262263
2014-12-17,49.540001,50.200001,49.139999,49.939999,28.980951,7948100,87685801770.0,0.39999800000000363,0.8074242872946322
2014-12-18,50.43,51.27,50.049999,51.27,29.752781,7566500,89261100000.0,0.8400000000000034,1.665675193337306
2014-12-19,51.279999,51.669998,50.220001,50.560001,29.340757,16275500,90765598230.0,-0.7199979999999968,-1.4040522894705925
2014-12-22,49.98,50.299999,49.810001,50.200001,29.434578,8944900,88464600000.0,0.22000100000000344,0.4401780712284983
2014-12-23,50.369999,50.639999,50.189999,50.529999,29.628059,4631300,89154898230.0,0.1599999999999966,0.31764940078715626
2014-12-24,50.650002,50.77,50.330002,50.360001,29.528383,4081100,89650503540.0,-0.29000100000000373,-0.5725587138180246
2014-12-26,50.349998,50.82,50.34,50.599998,29.669107,2991600,89119496460.0,0.25,0.4965243494150685
2014-12-29,50.360001,50.459999,49.98,50.23,29.452148,4029600,89137201770.0,-0.13000100000000003,-0.258143362626224
2014-12-30,50.150002,50.419998,49.77,49.830002,29.217621,3664200,88765503540.0,-0.3200000000000003,-0.6380857173245981
2014-12-31,49.91,50.02,49.169998,49.27,28.889277,5109600,88340700000.0,-0.6399999999999935,-1.282308154678408
2015-01-02,49.299999,49.639999,48.580002,48.970001,28.713367,6078100,87260998230.0,-0.32999799999999624,-0.6693671535368515
2015-01-05,48.639999,48.990002,48.52,48.689999,28.549191,6900200,86092798230.0,0.04999999999999716,0.10279605474497883
2015-01-06,49.0,49.650002,48.889999,48.98,28.719225,7240000,86730000000.0,-0.020000000000003126,-0.040816326530618625
2015-01-07,49.330002,50.029999,49.32,49.880001,29.246937,5492500,87314103540.0,0.5499989999999997,1.114938126294825
2015-01-08,50.259998,50.93,50.200001,50.720001,29.739466,4692600,88960196460.0,0.4600030000000004,0.9152467534917139
2015-01-09,50.98,51.110001,50.48,50.599998,29.669107,6488200,90234600000.0,-0.3800019999999975,-0.745394272263628
2015-01-12,50.790001,51.200001,50.700001,50.919998,29.85673,6369600,89898301770.0,0.12999700000000303,0.25594998511617084
2015-01-13,51.16,51.779999,50.91,51.32,30.091278,7461000,90553200000.0,0.1600000000000037,0.31274433150899866
2015-01-14,51.0,51.75,50.75,51.73,30.33169,6235200,90270000000.0,0.7299999999999969,1.4313725490196016
2015-01-15,51.959999,52.849998,51.82,52.470001,30.765579,8102800,91969198230.0,0.5100020000000001,0.981528117427408
2015-01-16,52.349998,53.119999,52.32,53.049999,31.105658,10072200,92659496460.0,0.7000010000000003,1.3371557339887585
2015-01-20,53.959999,54.48,53.200001,53.830002,31.563004,6484700,95509198230.0,-0.12999700000000303,-0.24091364419781222
2015-01-21,53.759998,54.34,53.540001,54.27,31.821003,5742700,95155196460.0,0.5100020000000001,0.9486644698163866
2015-01-22,54.650002,54.689999,54.080002,54.66,32.049667,7169000,96730503540.0,0.009997999999995955,0.018294601343282577
2015-01-23,54.68,54.709999,54.18,54.189999,31.774092,6589200,96783600000.0,-0.49000099999999946,-0.8961247256766632
2015-01-26,54.209999,54.459999,53.849998,54.439999,31.920677,6149600,95951698230.0,0.22999999999999687,0.4242759716708293
2015-01-27,54.029999,54.77,54.0,54.560001,31.991039,5640200,95633098230.0,0.5300020000000032,0.9809402365526663
2015-01-28,54.75,55.18,53.93,54.009998,31.66855,6298200,96907500000.0,-0.7400019999999969,-1.3516018264840126
2015-01-29,53.939999,54.549999,53.619999,54.389999,31.891363,6468800,95473798230.0,0.45000000000000284,0.8342603046766888
2015-01-30,54.060001,54.630001,53.0,53.099998,31.134975,9952300,95686201770.0,-0.9600030000000004,-1.7758101780279294
2015-02-02,53.25,53.84,52.98,53.799999,31.545406,9183600,94252500000.0,0.5499989999999997,1.0328619718309853
2015-02-03,53.830002,54.389999,53.580002,54.259998,31.815132,9729300,95279103540.0,0.4299960000000027,0.7988036114135807
2015-02-04,54.18,54.630001,53.880001,54.029999,31.680265,8190500,95898600000.0,-0.15000100000000316,-0.27685677371724465
2015-02-05,54.369999,54.400002,53.599998,53.669998,31.469193,8452200,96234898230.0,-0.7000010000000003,-1.2874765732476845
2015-02-06,53.52,53.639999,53.220001,53.330002,31.269836,7806700,94730400000.0,-0.18999800000000278,-0.3550037369207824
2015-02-09,53.16,53.490002,52.91,53.16,31.170153,5816400,94093200000.0,0.0,0.0
2015-02-10,53.5,53.84,53.369999,53.77,31.527826,4499800,94695000000.0,0.2700000000000031,0.5046728971962675
2015-02-11,53.939999,54.84,53.790001,54.759998,32.108311,7889700,95473798230.0,0.8199990000000028,1.5202058123879514
2015-02-12,54.810001,55.540001,54.580002,55.540001,32.565666,7249000,97013701770.0,0.7299999999999969,1.3318737213670127
2015-02-13,55.490002,55.580002,54.509998,54.759998,32.108311,5962900,98217303540.0,-0.7300039999999939,-1.3155595128650273
2015-02-17,54.450001,55.310001,54.110001,55.139999,32.33112,7141300,96376501770.0,0.6899980000000028,1.2672139344864342
2015-02-18,54.900002,55.240002,54.779999,55.240002,32.389755,4638800,97173003540.0,0.3399999999999963,0.6193078098612752
2015-02-19,55.41,55.689999,55.09,55.48,32.530479,6332900,98075700000.0,0.07000000000000028,0.12633098718642896
2015-02-20,55.43,55.700001,54.91,55.610001,32.606701,6881500,98111100000.0,0.1800009999999972,0.32473570268806995
2015-02-23,55.740002,55.900002,55.470001,55.509998,32.548054,5265700,98659803540.0,-0.23000399999999388,-0.4126372295429661
2015-02-24,55.669998,55.889999,55.349998,55.720001,32.671196,6443700,98535896460.0,0.050003000000003794,0.08982037326461516
2015-02-25,55.810001,55.990002,55.549999,55.639999,32.624287,5125100,98783701770.0,-0.17000199999999666,-0.30460848764363335
2015-02-26,55.73,56.189999,55.599998,56.09,32.888153,4479600,98642100000.0,0.36000000000000654,0.6459716490220825
2015-02-27,56.09,56.599998,55.950001,56.290001,33.005409,4957900,99279300000.0,0.2000009999999932,0.35657158138704437
2015-03-02,56.290001,56.700001,56.240002,56.5,33.128551,4931400,99633301770.0,0.20999900000000338,0.3730662573624815
2015-03-03,56.5,56.68,56.07,56.459999,33.105091,4428800,100005000000.0,-0.04000099999999662,-0.0707982300884896
2015-03-04,56.27,56.389999,55.66,55.790001,32.712242,5460600,99597900000.0,-0.4799990000000065,-0.85302825661988
2015-03-05,56.040001,56.09,55.32,55.5,32.54221,5550800,99190801770.0,-0.5400009999999966,-0.9635991976516857
2015-03-06,55.279999,55.32,53.200001,53.369999,31.293282,12205000,97845598230.0,-1.9099999999999966,-3.4551375444127572
2015-03-09,53.720001,53.950001,53.400002,53.830002,31.563004,6262500,95084401770.0,0.1100009999999969,0.2047673081763288
2015-03-10,53.48,53.639999,53.099998,53.200001,31.193613,5563800,94659600000.0,-0.27999899999999656,-0.5235583395661866
2015-03-11,53.419998,53.48,52.060001,52.220001,30.618992,9012400,94553396460.0,-1.1999969999999962,-2.246344149994158
2015-03-12,52.09,52.389999,51.93,52.009998,30.802584,7941100,92199300000.0,-0.08000200000000035,-0.15358418122480388
2015-03-13,51.93,51.950001,51.080002,51.389999,30.435396,7955500,91916100000.0,-0.5400009999999966,-1.039863277488921
2015-03-16,51.759998,52.09,51.700001,52.09,30.849962,7626200,91615196460.0,0.33000200000000035,0.6375618484374754
2015-03-17,51.82,51.970001,51.150002,51.619999,30.571604,6048600,91721400000.0,-0.20000100000000032,-0.3859532998842152
2015-03-18,51.360001,51.66,50.150002,51.34,30.405783,14050500,90907201770.0,-0.020000999999993496,-0.0389427562511019
2015-03-19,51.23,51.540001,51.060001,51.27,30.364323,6697400,90677100000.0,0.04000000000000625,0.07807925043920799
2015-03-20,51.360001,51.650002,51.200001,51.419998,30.453157,13743100,90907201770.0,0.05999700000000274,0.11681658651058584
2015-03-23,51.310001,51.970001,51.310001,51.619999,30.571604,8649500,90818701770.0,0.3099980000000002,0.6041668173033172
2015-03-24,51.52,52.0,51.110001,51.110001,30.269573,7223800,91190400000.0,-0.4099990000000062,-0.7958055124223722
2015-03-25,51.27,51.290001,50.139999,50.150002,29.701017,10189300,90747900000.0,-1.1199980000000025,-2.1845094597230394
2015-03-26,49.68,50.540001,49.029999,50.0,29.612169,14549100,87933600000.0,0.3200000000000003,0.6441223832528187
2015-03-27,49.919998,50.43,49.880001,50.34,29.81354,8565700,88358396460.0,0.42000200000000376,0.8413501939643582
2015-03-30,50.709999,50.799999,50.349998,50.529999,29.926075,7215800,89756698230.0,-0.18000000000000682,-0.3549595810483191
2015-03-31,50.52,50.52,50.009998,50.02,29.624014,7905600,89420400000.0,-0.5,-0.9897070467141725
2015-04-01,50.16,50.400002,49.549999,50.299999,29.789848,7768800,88783200000.0,0.1399990000000031,0.279104864433818
2015-04-02,50.419998,51.290001,50.360001,51.189999,30.316936,9000900,89243396460.0,0.7700010000000006,1.5271738011572324
2015-04-06,51.02,51.91,51.009998,51.490002,30.494627,7575000,90305400000.0,0.4700019999999938,0.9212112896903053
2015-04-07,51.610001,52.130001,51.509998,51.700001,30.618992,7369200,91349701770.0,0.09000000000000341,0.17438480576662538
2015-04-08,51.549999,51.98,51.32,51.619999,30.571604,5883500,91243498230.0,0.07000000000000028,0.13579049729952525
2015-04-09,51.650002,51.93,51.48,51.860001,30.71376,4556400,91420503540.0,0.20999899999999627,0.40658081678292335
2015-04-10,52.150002,52.990002,52.009998,52.509998,31.098705,6442200,92305503540.0,0.3599960000000024,0.6903086983582521
2015-04-13,52.349998,52.470001,51.700001,51.77,30.660448,6731100,92659496460.0,-0.5799979999999962,-1.1079236335405327
2015-04-14,51.68,52.25,51.529999,52.119999,30.867725,4956600,91473600000.0,0.43999900000000025,0.8513912538699695
2015-04-15,52.110001,52.560001,51.540001,51.610001,30.565687,5944500,92234701770.0,-0.5,-0.9595087131163172
2015-04-16,51.98,52.400002,51.610001,52.049999,30.826273,7569700,92004600000.0,0.06999900000000281,0.13466525586764683
2015-04-17,51.93,52.080002,51.650002,51.75,30.6486,7499300,91916100000.0,-0.17999999999999972,-0.34662045060658525
2015-04-20,52.0,52.84,52.0,52.630001,31.169779,8742700,92040000000.0,0.630001,1.2115403846153847
2015-04-21,52.77,52.990002,52.02,52.099998,30.855886,6473900,93402900000.0,-0.6700020000000038,-1.2696645821489554
2015-04-22,52.080002,52.130001,51.509998,52.119999,30.867725,9813700,92181603540.0,0.039996999999999616,0.0767991521966524
2015-04-23,52.040001,52.919998,51.799999,52.349998,31.003946,8189800,92110801770.0,0.30999700000000274,0.5956898425117301
2015-04-24,52.509998,52.639999,52.040001,52.07,30.838121,4911100,92942696460.0,-0.4399980000000028,-0.8379318544251377
2015-04-27,52.139999,52.150002,51.299999,51.400002,30.441309,6451800,92287798230.0,-0.7399970000000025,-1.4192501231156571
2015-04-28,51.25,51.709999,51.16,51.709999,30.624908,6596600,90712500000.0,0.4599990000000034,0.8975590243902505
2015-04-29,51.389999,51.560001,50.060001,50.200001,29.730629,11261300,90960298230.0,-1.1899980000000028,-2.315621761346994
2015-04-30,50.150002,50.299999,49.830002,50.049999,29.641794,10130900,88765503540.0,-0.10000300000000095,-0.19940776871753854
2015-05-01,50.119999,50.669998,50.110001,50.66,30.003048,5958300,88712398230.0,0.5400009999999966,1.077416222614044
2015-05-04,50.900002,50.900002,50.450001,50.68,30.014898,4963100,90093003540.0,-0.22000200000000092,-0.4322239515825577
2015-05-05,50.5,50.580002,50.150002,50.349998,29.819452,4968700,89385000000.0,-0.15000200000000063,-0.29703366336633785
2015-05-06,50.43,50.779999,50.130001,50.68,30.014898,7011100,89261100000.0,0.25,0.4957366646837201
2015-05-07,50.48,51.360001,50.419998,51.240002,30.346556,5127300,89349600000.0,0.7600020000000001,1.5055507131537245
2015-05-08,51.610001,52.439999,51.529999,52.169998,30.897333,5545500,91349701770.0,0.5599970000000027,1.0850552008321075
2015-05-11,52.200001,52.310001,51.290001,51.34,30.405783,5396500,92394001770.0,-0.8600009999999969,-1.6475114626913454
2015-05-12,50.790001,51.290001,50.709999,51.150002,30.293259,5850100,89898301770.0,0.360001000000004,0.7088029000038887
2015-05-13,51.23,51.48,50.889999,51.0,30.204412,5759100,90677100000.0,-0.22999999999999687,-0.44895569002536967
2015-05-14,51.41,52.630001,51.380001,52.599998,31.15201,6822000,90995700000.0,1.1899980000000028,2.314720871425798
2015-05-15,52.560001,52.880001,52.560001,52.82,31.282314,5023000,93031201770.0,0.25999900000000054,0.49467084294766384
2015-05-18,52.610001,52.799999,51.93,51.950001,30.767042,4937700,93119701770.0,-0.6599999999999966,-1.254514327038307
2015-05-19,52.029999,52.029999,51.630001,51.779999,30.666367,4764700,92093098230.0,-0.25,-0.480492033067308
2015-05-20,51.939999,52.279999,51.779999,51.799999,30.678211,4430600,91933798230.0,-0.14000000000000057,-0.269541784165226
2015-05-21,51.84,51.84,51.220001,51.639999,30.583445,6577600,91756800000.0,-0.20000100000000032,-0.38580439814814876
2015-05-22,51.5,51.57,51.200001,51.23,30.340626,4141800,91155000000.0,-0.2700000000000031,-0.5242718446602003
2015-05-26,51.23,51.450001,50.990002,51.279999,30.370245,5673300,90677100000.0,0.04999899999999968,0.09759711106773314
2015-05-27,51.400002,52.029999,51.240002,51.830002,30.695978,5564700,90978003540.0,0.4299999999999997,0.8365758429347916
2015-05-28,51.939999,52.009998,51.5,51.619999,30.571604,4634400,91933798230.0,-0.3200000000000003,-0.6160955066633719
2015-05-29,51.450001,51.73,51.119999,51.200001,30.322863,7490800,91066501770.0,-0.25,-0.4859086397296669
2015-06-01,51.290001,51.48,50.849998,51.200001,30.322863,3842200,90783301770.0,-0.0899999999999963,-0.1754727982945376
2015-06-02,51.040001,51.07,50.509998,50.630001,29.985292,4778800,90340801770.0,-0.4099999999999966,-0.8032915203116799
2015-06-03,50.91,50.93,50.25,50.349998,29.819452,5866300,90110700000.0,-0.5600019999999972,-1.0999842859948876
2015-06-04,50.259998,50.389999,49.779999,49.880001,29.541101,6077400,88960196460.0,-0.379997000000003,-0.7560625052153862
2015-06-05,49.709999,49.709999,48.099998,48.209999,28.552057,10415100,87986698230.0,-1.5,-3.0175015694528575
2015-06-08,48.169998,48.509998,47.779999,48.32,28.617201,7983800,85260896460.0,0.15000200000000063,0.31140130003742295
2015-06-09,48.349998,48.77,48.119999,48.560001,28.759346,6326300,85579496460.0,0.21000300000000038,0.43433921134805503
2015-06-10,48.68,49.639999,48.68,49.220001,29.150221,10217600,86163600000.0,0.5400010000000037,1.1092871815940915
2015-06-11,48.700001,48.810001,48.27,48.330002,28.928759,7135100,86199001770.0,-0.36999899999999997,-0.7597515244404204
2015-06-12,48.259998,48.299999,47.310001,48.040001,28.755178,8740600,85420196460.0,-0.21999700000000644,-0.455857872186415
2015-06-15,47.709999,48.119999,47.52,47.540001,28.455887,6494900,84446698230.0,-0.16999800000000675,-0.35631524536398906
2015-06-16,47.66,48.139999,47.470001,48.02,28.743191,4561300,84358200000.0,0.36000000000000654,0.7553503986571686
2015-06-17,48.009998,48.73,47.990002,48.560001,29.066423,5714500,84977696460.0,0.5500029999999967,1.1456009641991585
2015-06-18,48.68,49.650002,48.66,49.459999,29.605133,6494500,86163600000.0,0.7799990000000037,1.6022986852917083
2015-06-19,49.290001,49.639999,49.23,49.32,29.521336,8188700,87243301770.0,0.02999900000000366,0.06086224262808122
2015-06-22,49.580002,49.880001,49.540001,49.790001,29.802658,5805200,87756603540.0,0.20999899999999627,0.42355585221637604
2015-06-23,49.990002,49.990002,49.040001,49.080002,29.377682,5248100,88482303540.0,-0.9099999999999966,-1.8203639999854304
2015-06-24,49.119999,49.25,48.959999,48.970001,29.311832,6505500,86942398230.0,-0.14999799999999652,-0.305370527389458
2015-06-25,49.060001,49.27,48.959999,49.16,29.42556,5807800,86836201770.0,0.09999899999999684,0.20382999992192588
2015-06-26,49.290001,49.669998,49.169998,49.48,29.617107,7631700,87243301770.0,0.18999900000000025,0.38547169029272343
2015-06-29,49.25,49.509998,48.639999,48.669998,29.132265,7300100,87172500000.0,-0.5800020000000004,-1.1776690355329955
2015-06-30,48.970001,49.279999,48.57,48.91,29.275917,8247300,86676901770.0,-0.060001000000006854,-0.12252603384673579
2015-07-01,49.09,49.259998,48.740002,49.099998,29.389648,4897100,86889300000.0,0.009997999999995955,0.020366673456907628
2015-07-02,49.279999,49.450001,48.700001,48.990002,29.323811,4575100,87225598230.0,-0.2899969999999996,-0.5884679502530016
2015-07-06,48.880001,49.889999,48.759998,49.869999,29.850548,7862700,86517601770.0,0.9899979999999999,2.0253641156840403
2015-07-07,49.970001,51.82,49.939999,51.68,30.93396,13341000,88446901770.0,1.7099989999999963,3.4220511622563223
2015-07-08,51.32,51.490002,50.950001,51.029999,30.544878,8154600,90836400000.0,-0.29000100000000373,-0.5650837879968896
2015-07-09,51.630001,51.799999,50.93,50.950001,30.497005,7010000,91385101770.0,-0.6799999999999997,-1.3170636971322152
2015-07-10,51.48,51.779999,51.23,51.310001,30.712488,7263100,91119600000.0,-0.16999899999999712,-0.33022338772338217
2015-07-13,51.560001,51.799999,51.259998,51.330002,30.724453,8124400,91261201770.0,-0.2299989999999994,-0.44608028615049755
2015-07-14,51.330002,51.459999,51.209999,51.349998,30.73642,7433200,90854103540.0,0.019995999999999015,0.03895577483125563
2015-07-15,51.360001,51.52,51.130001,51.23,30.6646,6862400,90907201770.0,-0.13000100000000003,-0.2531172069097118
2015-07-16,51.580002,53.360001,51.52,52.91,31.670195,12569300,91296603540.0,1.3299979999999962,2.578514828285575
2015-07-17,52.77,53.34,52.52,53.220001,31.855745,7806000,93402900000.0,0.4500010000000003,0.8527591434527199
2015-07-20,53.240002,53.84,53.23,53.709999,32.149052,6572600,94234803540.0,0.46999700000000644,0.8827892230357287
2015-07-21,53.669998,53.700001,53.43,53.549999,32.053276,5658400,94995896460.0,-0.11999899999999997,-0.2235867420751534
2015-07-22,53.66,54.02,53.650002,53.959999,32.298691,7980000,94978200000.0,0.2999990000000068,0.5590737979873404
2015-07-23,53.950001,53.970001,53.48,53.82,32.21489,4768800,95491501770.0,-0.13000100000000003,-0.24096570452334193
2015-07-24,53.77,53.970001,53.610001,53.790001,32.19693,5441200,95172900000.0,0.020000999999993496,0.037197321926712844
2015-07-27,53.529999,54.130001,53.509998,53.950001,32.292706,5979900,94748098230.0,0.42000200000000376,0.7846105134431326
2015-07-28,54.099998,55.299999,54.0,55.25,33.070847,9298900,95756996460.0,1.1500020000000006,2.125696936254971
2015-07-29,55.509998,55.720001,54.049999,54.400002,32.562061,9425600,98252696460.0,-1.1099960000000024,-1.9996325706947464
2015-07-30,53.73,54.360001,53.5,54.200001,32.442352,7259100,95102100000.0,0.47000100000000344,0.8747459519821393
2015-07-31,54.549999,54.59,54.259998,54.380001,32.550079,4843900,96553498230.0,-0.16999799999999965,-0.3116370359603483
2015-08-03,54.43,54.68,54.099998,54.66,32.717682,4055000,96341100000.0,0.22999999999999687,0.42256108763548933
2015-08-04,54.549999,55.080002,54.5,54.919998,32.873306,4901600,96553498230.0,0.36999899999999997,0.6782749895192481
2015-08-05,55.130001,55.630001,54.950001,55.470001,33.202526,6200800,97580101770.0,0.3400000000000034,0.6167240954702747
2015-08-06,55.650002,55.799999,55.48,55.57,33.262383,5965500,98500503540.0,-0.08000200000000035,-0.1437592041775674
2015-08-07,55.5,55.66,55.07,55.490002,33.214493,5507700,98235000000.0,-0.00999800000000306,-0.01801441441441993
2015-08-10,55.700001,55.990002,55.509998,55.709999,33.346184,4658400,98589001770.0,0.00999800000000306,0.01794973037792775
2015-08-11,55.43,56.389999,55.240002,55.73,33.358147,8357800,98111100000.0,0.29999999999999716,0.5412231643514291
2015-08-12,55.310001,55.740002,55.200001,55.740002,33.364136,5880900,97898701770.0,0.4300009999999972,0.777438062241216
2015-08-13,55.509998,55.669998,55.119999,55.57,33.262383,6094100,98252696460.0,0.060001999999997224,0.10809223952772835
2015-08-14,55.57,55.790001,55.27,55.759998,33.376114,4105000,98358900000.0,0.18999800000000278,0.34190750404895226
2015-08-17,55.5,55.77,55.099998,55.669998,33.322239,3382600,98235000000.0,0.16999799999999965,0.30630270270270205
2015-08-18,55.580002,55.68,55.099998,55.200001,33.04092,4944400,98376603540.0,-0.38000100000000003,-0.6837009469700992
2015-08-19,55.0,55.279999,54.169998,54.810001,32.807468,8330000,97350000000.0,-0.18999900000000025,-0.3454527272727277
2015-08-20,54.34,55.34,54.200001,54.73,32.759583,6020800,96181800000.0,0.38999999999999346,0.7177033492822846
2015-08-21,54.220001,54.990002,53.900002,53.939999,32.286728,10551300,95969401770.0,-0.2800020000000032,-0.5164182863073041
2015-08-24,48.709999,52.139999,47.41,52.139999,31.209301,17160800,86216698230.0,3.4299999999999997,7.04167536525714
2015-08-25,53.509998,53.830002,51.82,51.82,31.017754,9402700,94712696460.0,-1.6899980000000028,-3.1582845508609485
2015-08-26,53.0,53.299999,51.599998,53.209999,31.849773,10016200,93810000000.0,0.20999900000000338,0.3962245283018932
2015-08-27,53.66,53.98,52.68,53.709999,32.149052,7654000,94978200000.0,0.04999900000000679,0.09317741334328511
2015-08-28,53.700001,54.299999,53.639999,54.169998,32.424385,7450100,95049001770.0,0.46999699999999933,0.8752271717834779
2015-08-31,53.970001,54.119999,53.5,53.580002,32.071236,5035700,95526901770.0,-0.3899990000000031,-0.7226218135515748
2015-09-01,52.720001,52.720001,51.700001,52.029999,31.143454,8717100,93314401770.0,-0.6900020000000069,-1.3088049827616788
2015-09-02,52.57,53.200001,52.459999,53.130001,31.801876,6616100,93048900000.0,0.5600009999999997,1.065248240441316
2015-09-03,53.400002,53.93,53.299999,53.59,32.077229,4961600,94518003540.0,0.18999800000000278,0.35580148480144774
2015-09-04,53.0,53.080002,52.139999,52.380001,31.352949,7089600,93810000000.0,-0.619999,-1.1698094339622642
2015-09-08,52.959999,53.5,52.650002,53.490002,32.017365,5792800,93739198230.0,0.5300029999999936,1.0007609705581633
2015-09-09,53.98,54.150002,52.860001,53.02,31.736034,6454000,95544600000.0,-0.9599999999999937,-1.7784364579473764
2015-09-10,52.98,53.48,52.82,53.27,31.885679,7974700,93774600000.0,0.29000000000000625,0.547376368440933
2015-09-11,52.689999,53.119999,52.200001,52.59,31.816097,5373400,93261298230.0,-0.09999899999999684,-0.18978743954805702
2015-09-14,52.720001,52.799999,52.150002,52.450001,31.731405,5568700,93314401770.0,-0.2700000000000031,-0.5121395957484961
2015-09-15,52.689999,54.200001,52.27,54.110001,32.735668,10665600,93261298230.0,1.4200019999999967,2.695012387455154
2015-09-16,55.5,55.66,54.82,55.360001,33.491901,10713500,98235000000.0,-0.1399990000000031,-0.252250450450456
2015-09-17,55.220001,55.360001,54.400002,54.689999,33.086567,9801600,97739401770.0,-0.5300020000000032,-0.959800779431357
2015-09-18,54.0,55.240002,53.880001,54.049999,32.699383,12866900,95580000000.0,0.04999899999999968,0.09259074074074015
2015-09-21,54.490002,54.959999,54.279999,54.790001,33.147064,4085100,96447303540.0,0.2999989999999997,0.5505578803245404
2015-09-22,54.189999,54.549999,53.889999,54.200001,32.790127,4949900,95916298230.0,0.010002000000000066,0.018457280281551705
2015-09-23,54.07,54.490002,54.0,54.400002,32.911125,3677100,95703900000.0,0.33000200000000035,0.6103236545219166
2015-09-24,54.139999,54.790001,54.040001,54.610001,33.038174,5602300,95827798230.0,0.4700019999999938,0.8681233998545028
2015-09-25,54.77,55.360001,54.59,54.790001,33.147064,5656800,96942900000.0,0.020000999999993496,0.03651816687966678
2015-09-28,54.34,55.5,54.299999,54.630001,33.05027,7882700,96181800000.0,0.2900009999999966,0.533678689731315
2015-09-29,54.639999,54.82,53.869999,54.23,32.80827,7335900,96712798230.0,-0.4099990000000062,-0.7503642157826653
2015-09-30,54.82,54.939999,54.02,54.400002,32.911125,7766600,97031400000.0,-0.41999799999999965,-0.7661400948558913
2015-10-01,54.459999,54.540001,53.75,54.220001,32.802227,7114600,96394198230.0,-0.23999799999999993,-0.4406867506552835
2015-10-02,53.82,54.869999,53.68,54.860001,33.189419,5000000,95261400000.0,1.0400009999999966,1.932369007803784
2015-10-05,55.240002,55.75,55.009998,55.73,33.715752,8563500,97774803540.0,0.48999799999999993,0.8870347253064906
2015-10-06,55.59,55.959999,55.25,55.41,33.522163,5639300,98394300000.0,-0.18000000000000682,-0.3237992444684418
2015-10-07,55.41,55.900002,55.34,55.900002,33.818596,5922100,98075700000.0,0.49000200000000405,0.8843205197617832
2015-10-08,55.869999,56.380001,55.389999,56.369999,34.10294,5587600,98889898230.0,0.5,0.8949346857872684
2015-10-09,56.599998,57.5,56.5,56.810001,34.369129,8383100,100181996460.0,0.21000300000000038,0.3710300484462921
2015-10-12,56.849998,57.669998,56.810001,57.459999,34.762356,6053200,100624496460.0,0.610001000000004,1.073000917255976
2015-10-13,57.549999,57.77,57.16,57.619999,34.859169,6167600,101863498230.0,0.07000000000000028,0.12163336440718318
2015-10-14,57.43,57.93,57.419998,57.549999,34.816826,6087300,101651100000.0,0.11999899999999997,0.20894828486853556
2015-10-15,57.970001,58.32,57.720001,57.869999,35.010418,7314500,102606901770.0,-0.10000200000000348,-0.1725064658874225
2015-10-16,58.27,59.119999,58.049999,58.720001,35.524658,9116200,103137900000.0,0.4500010000000003,0.7722687489274074
2015-10-19,58.669998,59.720001,58.419998,59.66,36.093338,6403700,103845896460.0,0.9900019999999969,1.6874075911848454
2015-10-20,59.669998,59.939999,59.369999,59.740002,36.141735,5432000,105615896460.0,0.07000399999999729,0.11731858948612213
2015-10-21,59.740002,60.330002,59.369999,59.84,36.202236,5204700,105739803540.0,0.09999800000000647,0.167388678694732
2015-10-22,60.099998,61.57,60.09,61.400002,37.146015,7372700,106376996460.0,1.3000040000000013,2.1630682916162516
2015-10-23,61.509998,61.580002,60.220001,61.049999,36.934265,8025000,108872696460.0,-0.4599990000000034,-0.7478442772831879
2015-10-26,61.360001,61.580002,60.939999,61.400002,37.146015,5101700,108607201770.0,0.04000100000000373,0.06519067690367823
2015-10-27,61.060001,61.279999,60.610001,61.060001,36.940319,4500900,108076201770.0,0.0,0.0
2015-10-28,61.330002,61.439999,60.57,61.439999,37.170204,5143900,108554103540.0,0.1099969999999999,0.17935267636221486
2015-10-29,61.459999,61.740002,60.529999,61.529999,37.224659,6018100,108784198230.0,0.06999999999999318,0.11389521825406013
2015-10-30,61.200001,61.299999,60.450001,60.470001,36.583385,6882500,108324001770.0,-0.7299999999999969,-1.192810438025968
2015-11-02,60.82,60.889999,59.990002,60.5,36.601521,5921200,107651400000.0,-0.3200000000000003,-0.5261427162117729
2015-11-03,59.939999,60.0,57.73,57.849998,34.998318,12133800,106093798230.0,-2.090001000000001,-3.486821879993693
2015-11-04,57.889999,58.23,57.77,58.029999,35.107224,9298800,102465298230.0,0.13999999999999346,0.24183797273859592
2015-11-05,58.400002,58.459999,57.77,58.049999,35.119312,5382100,103368003540.0,-0.35000300000000095,-0.5993201849547898
2015-11-06,57.75,57.790001,56.349998,57.09,34.538532,7996300,102217500000.0,-0.6599999999999966,-1.142857142857137
2015-11-09,56.779999,57.380001,56.580002,57.080002,34.532482,6247700,100500598230.0,0.3000030000000038,0.528360347452637
2015-11-10,57.009998,57.290001,56.709999,56.790001,34.35704,4866800,100907696460.0,-0.21999700000000644,-0.3858919623186207
2015-11-11,57.0,57.740002,57.0,57.209999,34.611134,8123400,100890000000.0,0.20999900000000338,0.36841929824562
2015-11-12,57.150002,57.400002,56.59,56.759998,34.338886,5254100,101155503540.0,-0.3900039999999976,-0.6824216734060614
2015-11-13,56.759998,57.040001,56.259998,56.279999,34.048496,4651700,100465196460.0,-0.4799990000000065,-0.8456642299388497
2015-11-16,56.279999,56.919998,56.25,56.77,34.34494,5152000,99615598230.0,0.49000100000000657,0.8706485584692469
2015-11-17,56.849998,57.099998,56.509998,56.68,34.290497,3883400,100624496460.0,-0.16999799999999965,-0.2990290342666321
2015-11-18,56.889999,57.150002,56.439999,57.060001,34.520378,6322200,100695298230.0,0.17000199999999666,0.29882580943620096
2015-11-19,57.220001,58.029999,57.220001,57.459999,34.762356,5583700,101279401770.0,0.23999799999999993,0.4194302618065315
2015-11-20,57.549999,58.380001,57.080002,57.130001,34.562725,6329000,101863498230.0,-0.41999799999999965,-0.7297967112041125
2015-11-23,57.32,57.84,57.139999,57.619999,34.859169,4521800,101456400000.0,0.2999989999999997,0.523375785066294
2015-11-24,57.389999,57.830002,57.009998,57.57,34.828922,3714300,101580298230.0,0.1800009999999972,0.313645239826537
2015-11-25,57.599998,57.73,57.16,57.5,34.786572,2980100,101951996460.0,-0.09999799999999937,-0.173607644916931
2015-11-27,57.59,58.029999,57.5,57.75,34.93782,1767900,101934300000.0,0.1599999999999966,0.27782601146031705
2015-11-30,57.959999,58.5,57.5,57.599998,34.847076,7878400,102589198230.0,-0.360001000000004,-0.6211197484665312
2015-12-01,57.66,57.959999,57.27,57.889999,35.022518,4852100,102058200000.0,0.2299990000000065,0.3988883107873856
2015-12-02,57.889999,58.400002,57.75,57.84,34.992271,5269500,102465298230.0,-0.04999899999999968,-0.08636897713541104
2015-12-03,57.700001,58.0,56.860001,57.09,34.538532,5165000,102129001770.0,-0.6100009999999969,-1.0571940891300797
2015-12-04,57.459999,58.57,57.43,58.509998,35.397606,7450900,101704198230.0,1.0499989999999997,1.827356453660919
2015-12-07,58.59,58.91,58.07,58.27,35.252411,4262000,103704300000.0,-0.3200000000000003,-0.5461682881037724
2015-12-08,58.18,58.360001,57.759998,58.23,35.228214,3227300,102978600000.0,0.04999999999999716,0.08594018563079608
2015-12-09,58.02,58.470001,57.049999,57.330002,34.683723,5427900,102695400000.0,-0.6899980000000028,-1.1892416408135174
2015-12-10,57.48,57.66,56.830002,57.18,34.592979,4717800,101739600000.0,-0.29999999999999716,-0.5219206680584502
2015-12-11,56.720001,57.09,56.240002,56.459999,34.157391,5310900,100394401770.0,-0.26000200000000007,-0.4583956195628418
2015-12-14,56.389999,57.59,56.169998,57.52,34.798668,6497300,99810298230.0,1.130001,2.003903209858188
2015-12-15,57.779999,58.240002,57.16,57.34,34.689774,6042900,102270598230.0,-0.43999899999999315,-0.7615074552008787
2015-12-16,57.720001,59.150002,57.400002,58.950001,35.663803,6865100,102164401770.0,1.2299999999999969,2.1309770940579105
2015-12-17,58.790001,58.950001,58.34,58.43,35.349213,5165700,104058301770.0,-0.3600009999999969,-0.6123507295058508
2015-12-18,58.130001,58.189999,57.110001,57.130001,34.562725,11698500,102890101770.0,-1.0,-1.7202820966750028
2015-12-21,57.43,57.720001,56.639999,57.439999,34.750267,7881700,101651100000.0,0.009999000000000535,0.01741076092634605
2015-12-22,57.169998,57.889999,56.75,57.77,35.297119,6713700,101190896460.0,0.6000020000000035,1.0495050218473043
2015-12-23,57.939999,58.490002,57.68,58.43,35.700378,4148700,102553798230.0,0.49000099999999946,0.8457041913307582
2015-12-24,58.32,58.580002,58.25,58.290001,35.61483,1785200,103226400000.0,-0.02999900000000366,-0.05143861454047267
2015-12-28,58.110001,58.439999,57.830002,58.27,35.602619,3376900,102854701770.0,0.15999900000000622,0.2753381470428924
2015-12-29,58.59,58.990002,58.349998,58.919998,35.99976,3813300,103704300000.0,0.32999799999999624,0.5632326335552077
2015-12-30,58.98,59.130001,58.619999,58.799999,35.92643,3236800,104394600000.0,-0.1800009999999972,-0.30518989487961545
2015-12-31,58.509998,58.700001,58.099998,58.209999,35.565956,3652200,103562696460.0,-0.2999989999999997,-0.5127311745934424
2016-01-04,57.540001,57.580002,56.560001,57.389999,35.064941,6800600,101845801770.0,-0.15000199999999353,-0.2606916882048604
2016-01-05,57.48,58.740002,57.419998,58.549999,35.773693,6407700,101739600000.0,1.0699990000000028,1.8615153096729347
2016-01-06,58.049999,59.470001,58.0,59.169998,36.152508,7686600,102748498230.0,1.119999,1.9293695422802677
2016-01-07,57.919998,59.299999,57.830002,58.139999,35.523186,7314200,102518396460.0,0.22000100000000344,0.37983599377887317
2016-01-08,58.299999,59.23,58.029999,58.240002,35.584293,7059500,103190998230.0,-0.05999700000000274,-0.10291080794015578
2016-01-11,58.68,59.740002,58.68,59.459999,36.329697,8228800,103863600000.0,0.7799990000000037,1.3292416496250914
2016-01-12,59.959999,60.080002,58.919998,59.380001,36.280819,5628400,106129198230.0,-0.5799980000000033,-0.9673082216028778
2016-01-13,59.349998,59.349998,57.700001,57.779999,35.303226,7714600,105049496460.0,-1.5699990000000028,-2.645322751316694
2016-01-14,57.700001,58.700001,57.509998,58.220001,35.572056,6739100,102129001770.0,0.5200000000000031,0.901213155958183
2016-01-15,57.049999,58.150002,56.830002,57.200001,34.948845,9785800,100978498230.0,0.15000200000000063,0.26293076709782354
2016-01-19,57.779999,58.650002,57.689999,58.400002,35.682041,7911500,102270598230.0,0.6200030000000041,1.0730408631540547
2016-01-20,57.57,58.139999,56.150002,57.220001,34.961075,9562900,101898900000.0,-0.34999899999999684,-0.6079537953795324
2016-01-21,57.48,57.740002,56.759998,57.450001,35.101601,6150900,101739600000.0,-0.029998999999996556,-0.05219032707027933
2016-01-22,58.150002,58.41,57.52,58.279999,35.608723,6449300,102925503540.0,0.12999699999999592,0.22355459248306805
2016-01-25,58.490002,59.139999,58.27,58.400002,35.682041,6677800,103527303540.0,-0.0899999999999963,-0.15387245156872506
2016-01-26,58.709999,59.700001,58.349998,58.959999,36.0242,8360900,103916698230.0,0.25,0.425821843396727
2016-01-27,58.990002,60.119999,58.509998,58.959999,36.0242,8297200,104412303540.0,-0.030002999999993563,-0.05086116118455729
2016-01-28,58.110001,59.889999,58.02,59.630001,36.433567,7445900,102854701770.0,1.5200000000000031,2.6157287452120386
2016-01-29,60.220001,61.18,60.02,61.110001,37.337837,10240000,106589401770.0,0.8899999999999935,1.4779142896394064
2016-02-01,60.73,61.380001,60.700001,60.939999,37.233971,6017600,107492100000.0,0.20999900000000338,0.34579120698172794
2016-02-02,60.439999,60.799999,60.049999,60.490002,36.959026,6734700,106978798230.0,0.05000299999999669,0.0827316360478376
2016-02-03,60.5,61.02,59.139999,59.84,36.561874,7979700,107085000000.0,-0.6599999999999966,-1.0909090909090853
2016-02-04,59.349998,59.959999,58.869999,59.48,36.341919,6364700,105049496460.0,0.1300019999999975,0.21904297284053406
2016-02-05,59.799999,60.0,58.84,59.799999,36.537437,7506300,105845998230.0,0.0,0.0
2016-02-08,59.110001,60.419998,59.0,60.119999,36.732937,7922900,104624701770.0,1.009998000000003,1.7086753221337336
2016-02-09,60.150002,61.130001,59.73,60.450001,36.934574,7670800,106465503540.0,0.2999989999999997,0.4987514381130024
2016-02-10,60.610001,61.080002,59.919998,60.049999,36.690186,6137500,107279701770.0,-0.5600019999999972,-0.9239432284450834
2016-02-11,59.57,60.299999,59.18,59.990002,36.653526,5865900,105438900000.0,0.42000199999999666,0.7050562363605786
2016-02-12,60.330002,60.639999,59.509998,59.970001,36.641304,6719700,106784103540.0,-0.3600009999999969,-0.596719688489314
2016-02-16,60.259998,60.540001,59.73,60.299999,36.842937,6590900,106660196460.0,0.04000099999999662,0.06638068590708653
2016-02-17,60.470001,60.75,59.849998,60.400002,36.904037,5311700,107031901770.0,-0.06999900000000281,-0.11575822530580544
2016-02-18,60.32,60.700001,60.23,60.619999,37.038448,5524700,106766400000.0,0.2999989999999997,0.4973458222811666
2016-02-19,60.619999,60.93,60.029999,60.560001,37.001785,4982300,107297398230.0,-0.05999800000000022,-0.09897393762741602
2016-02-22,60.560001,61.360001,60.560001,61.209999,37.398941,4590500,107191201770.0,0.6499980000000036,1.073312399714134
2016-02-23,61.220001,61.77,61.040001,61.52,37.588345,4686100,108359401770.0,0.2999989999999997,0.4900342945110368
2016-02-24,61.200001,61.419998,60.630001,61.360001,37.490589,4186900,108324001770.0,0.1599999999999966,0.26143790422486524
2016-02-25,61.5,62.450001,61.380001,62.380001,38.1138,5207200,108855000000.0,0.880001,1.4308959349593495
2016-02-26,62.529999,62.529999,61.279999,61.540001,37.600563,5543600,110678098230.0,-0.9899979999999999,-1.5832368716334058
2016-02-29,61.509998,62.240002,61.27,61.57,37.618889,6266400,108872696460.0,0.060001999999997224,0.09754836929111463
2016-03-01,62.130001,62.290001,61.32,61.73,37.716648,7102000,109970101770.0,-0.40000100000000316,-0.6438129624366224
2016-03-02,61.48,61.689999,61.029999,61.5,37.576118,5623100,108819600000.0,0.020000000000003126,0.032530904359146275
2016-03-03,61.5,62.290001,61.16,62.23,38.022152,5119100,108855000000.0,0.7299999999999969,1.186991869918694
2016-03-04,62.150002,63.07,61.880001,62.98,38.480389,5930900,110005503540.0,0.8299979999999962,1.3354754196146223
2016-03-07,62.860001,63.080002,61.599998,61.810001,37.765537,9973000,111262201770.0,-1.0499999999999972,-1.6703785925806731
2016-03-08,61.77,62.389999,61.450001,62.299999,38.064919,5875100,109332900000.0,0.5299989999999966,0.8580200744698018
2016-03-09,62.639999,62.889999,62.400002,62.810001,38.37653,5932700,110872798230.0,0.17000199999999666,0.2713952789175438
2016-03-10,62.91,63.150002,62.419998,63.0,38.492611,6126100,111350700000.0,0.09000000000000341,0.14306151645207982
2016-03-11,62.799999,62.860001,61.740002,62.009998,38.230587,7469800,111155998230.0,-0.7900009999999966,-1.2579633958274372
2016-03-14,62.139999,62.299999,61.57,62.009998,38.230587,4755100,109987798230.0,-0.13000100000000003,-0.20920663355659214
2016-03-15,61.689999,62.060001,61.669998,61.860001,38.138119,5815100,109191298230.0,0.17000199999999666,0.27557465189778435
2016-03-16,61.830002,62.220001,61.279999,62.07,38.267582,5282300,109439103540.0,0.23999799999999993,0.38815783961967193
2016-03-17,62.07,62.68,62.009998,62.330002,38.427879,7225100,109863900000.0,0.26000200000000007,0.41888512969228303
2016-03-18,62.389999,62.439999,61.389999,61.540001,37.940826,16636600,110430298230.0,-0.8499980000000065,-1.362394636358315
2016-03-21,61.450001,62.0,61.060001,61.720001,38.051804,4124700,108766501770.0,0.2700000000000031,0.4393816039156828
2016-03-22,61.450001,61.66,60.77,61.0,37.607906,5198500,108766501770.0,-0.4500010000000003,-0.7323043005320704
2016-03-23,60.860001,61.779999,60.330002,61.41,37.860676,6229300,107722201770.0,0.5499989999999997,0.9037117827191619
2016-03-24,60.810001,61.290001,60.509998,60.880001,37.53392,5652700,107633701770.0,0.07000000000000028,0.11511264405340216
2016-03-28,60.869999,61.849998,60.849998,61.630001,37.996307,4468500,107739898230.0,0.7600020000000001,1.2485658164706066
2016-03-29,61.860001,62.580002,61.48,62.029999,38.24292,8973300,109492201770.0,0.16999799999999965,0.2748108587971081
2016-03-30,62.16,62.799999,62.029999,62.580002,38.582005,6623100,110023200000.0,0.42000200000000376,0.6756788931788993
2016-03-31,62.580002,63.0,62.369999,62.66,38.631329,6442800,110766603540.0,0.07999799999999624,0.12783316945243345
2016-04-01,62.349998,63.150002,62.110001,63.060001,38.877937,5833100,110359496460.0,0.7100030000000004,1.1387378071768348
2016-04-04,63.029999,63.299999,62.669998,63.23,38.982754,5093000,111563098230.0,0.20000100000000032,0.31731080941314993
2016-04-05,63.040001,63.27,62.790001,62.93,38.797787,4729100,111580801770.0,-0.1100009999999969,-0.17449396931322528
2016-04-06,63.0,63.639999,62.919998,63.560001,39.186207,5581300,111510000000.0,0.5600009999999997,0.8888904761904758
2016-04-07,63.220001,63.709999,62.830002,63.41,39.093716,5600200,111899401770.0,0.18999899999999315,0.30053621796050456
2016-04-08,63.419998,63.959999,63.419998,63.799999,39.334156,5044800,112253396460.0,0.38000100000000003,0.5991816650640702
2016-04-11,64.110001,64.160004,63.220001,63.310001,39.032074,5929000,113474701770.0,-0.7999999999999972,-1.2478552293268521
2016-04-12,63.599998,63.98,63.330002,63.82,39.346493,4980600,112571996460.0,0.22000200000000092,0.3459151052174576
2016-04-13,64.110001,64.110001,61.029999,62.07,38.267582,14748200,113474701770.0,-2.0400009999999966,-3.182032394602516
2016-04-14,62.189999,62.66,61.5,61.59,37.971645,7386500,110076298230.0,-0.5999989999999968,-0.9647837428008269
2016-04-15,61.709999,61.75,60.849998,61.68,38.027134,6738700,109226698230.0,-0.02999900000000366,-0.04861286742202615
2016-04-18,61.68,62.419998,61.580002,62.169998,38.329227,4344000,109173600000.0,0.48999799999999993,0.7944195849546042
2016-04-19,61.990002,62.09,61.130001,61.709999,38.045635,4966500,109722303540.0,-0.28000299999999356,-0.4516905806842748
2016-04-20,61.57,61.919998,61.209999,61.48,37.903835,4636900,108978900000.0,-0.09000000000000341,-0.14617508526880527
2016-04-21,61.349998,61.419998,60.09,60.18,37.102352,6611700,108589496460.0,-1.1699979999999996,-1.9070872667347107
2016-04-22,60.240002,60.560001,59.48,60.52,37.311974,6978100,106624803540.0,0.2799980000000062,0.46480410143413703
2016-04-25,60.5,61.23,60.189999,61.220001,37.743534,4785800,107085000000.0,0.7200010000000034,1.190084297520667
2016-04-26,61.27,61.529999,60.790001,61.349998,37.823685,5619400,108447900000.0,0.07999799999999624,0.13056634568303613
2016-04-27,61.439999,61.98,60.98,61.549999,37.946991,6189400,108748798230.0,0.10999999999999943,0.1790364612473373
2016-04-28,61.599998,62.599998,61.560001,62.189999,38.341572,5545000,109031996460.0,0.5900010000000009,0.957793862266036
2016-04-29,62.279999,63.130001,62.25,62.709999,38.662155,6470300,110235598230.0,0.4300000000000068,0.69043032579369
2016-05-02,62.830002,63.419998,62.599998,63.119999,38.914932,4740200,111209103540.0,0.2899969999999996,0.4615581581550795
2016-05-03,63.049999,63.459999,62.779999,63.200001,38.964252,5197900,111598498230.0,0.15000200000000063,0.23790959933242922
2016-05-04,62.939999,63.59,62.689999,63.23,38.982754,5468800,111403798230.0,0.2900009999999966,0.46075787195356743
2016-05-05,62.669998,63.580002,62.59,62.84,38.742313,8835500,110925896460.0,0.17000200000000376,0.27126536688257713
2016-05-06,62.720001,63.209999,62.66,62.93,38.797787,7225400,111014401770.0,0.20999899999999627,0.33481982884534117
2016-05-09,63.16,63.779999,62.919998,63.66,39.247856,6759300,111793200000.0,0.5,0.7916402786573782
2016-05-10,63.98,64.650002,63.709999,64.599998,39.827389,6489200,113244600000.0,0.6199980000000025,0.9690497030322015
2016-05-11,64.529999,64.870003,64.32,64.610001,39.833553,4776400,114218098230.0,0.08000199999999325,0.12397644698552257
2016-05-12,64.660004,65.239998,64.349998,65.019997,40.086319,5652800,114448207080.0,0.3599930000000029,0.556747568404114
2016-05-13,64.699997,65.529999,64.370003,64.580002,39.815048,5643500,114518994690.0,-0.11999500000000296,-0.18546368711578606
2016-05-16,64.300003,64.93,63.66,64.760002,39.926037,4811000,113811005310.0,0.45999899999999627,0.7153949899504612
2016-05-17,64.449997,64.489998,63.5,63.880001,39.383484,6949500,114076494690.0,-0.5699959999999962,-0.8844003514848825
2016-05-18,63.709999,63.740002,62.650002,62.990002,38.834789,6277100,112766698230.0,-0.7199970000000064,-1.1301161690490789
2016-05-19,62.880001,63.380001,62.57,63.349998,39.056732,4379800,111297601770.0,0.46999699999999933,0.7474506878586076
2016-05-20,63.59,63.700001,62.759998,62.959999,38.816288,4815400,112554300000.0,-0.630001,-0.9907233841799025
2016-05-23,62.990002,63.349998,62.810001,63.240002,38.988918,3709800,111492303540.0,0.25,0.3968883823816992
2016-05-24,63.59,64.120003,63.509998,63.790001,39.328007,5209700,112554300000.0,0.2000009999999932,0.31451643340146757
2016-05-25,63.790001,64.150002,63.639999,63.919998,39.408142,4265900,112908301770.0,0.12999700000000303,0.2037889919456233
2016-05-26,63.849998,64.089996,63.650002,64.0,39.45747,3732700,113014496460.0,0.15000200000000063,0.23492874659134777
2016-05-27,64.059998,64.269997,63.669998,63.959999,39.432812,3255700,113386196459.99998,-0.09999899999998973,-0.15610209666255334
2016-05-31,64.120003,64.290001,63.240002,63.639999,39.235519,6922600,113492405310.0,-0.4800039999999939,-0.7486025850622526
2016-06-01,63.68,64.5,63.66,64.349998,39.673248,5993500,112713600000.0,0.6699979999999996,1.0521325376884416
2016-06-02,64.260002,64.360001,63.919998,64.309998,39.648586,3673000,113740203540.0,0.049995999999993046,0.07780267420469897
2016-06-03,64.5,65.5,64.389999,65.300003,40.258949,6829500,114165000000.0,0.8000030000000038,1.2403147286821765
2016-06-06,65.459999,65.650002,64.879997,65.199997,40.197296,4813400,115864198230.0,-0.26000200000000007,-0.3971921844972837
2016-06-07,65.220001,65.440002,64.970001,65.099998,40.135647,4177200,115439401770.0,-0.12000299999999697,-0.18399723728921283
2016-06-08,65.019997,65.68,64.870003,65.620003,40.456234,5437700,115085394690.0,0.6000059999999934,0.9228022572809306
2016-06-09,65.5,66.0,65.25,65.860001,40.604206,4638100,115935000000.0,0.3600009999999969,0.5496198473282395
2016-06-10,65.559998,66.190002,65.519997,66.129997,40.770664,5208200,116041196459.99998,0.5699990000000099,0.8694310820448926
2016-06-13,65.5,65.900002,64.809998,64.839996,40.319832,7761100,115935000000.0,-0.6600040000000007,-1.0076396946564896
2016-06-14,64.970001,65.389999,64.519997,65.300003,40.605881,7870400,114996901770.0,0.33000200000000746,0.5079298059422955
2016-06-15,65.43,65.720001,64.830002,65.330002,40.624535,5361500,115811100000.00002,-0.09999800000001358,-0.1528320342350811
2016-06-16,65.330002,66.0,65.059998,65.949997,41.010063,5778300,115634103539.99998,0.619995000000003,0.9490203291284196
2016-06-17,65.849998,65.93,64.940002,65.400002,40.66806,7311700,116554496460.0,-0.44999599999999873,-0.6833652447491323
2016-06-20,65.769997,66.18,65.57,65.879997,40.966541,5787300,116412894690.0,0.10999999999999943,0.16724951348256778
2016-06-21,66.290001,66.75,66.160004,66.18,41.153095,4710400,117333301770.0,-0.1100009999999969,-0.16593905316127075
2016-06-22,66.360001,66.599998,66.089996,66.150002,41.134445,4919400,117457201770.0,-0.20999899999999627,-0.3164541845018904
2016-06-23,66.489998,66.57,65.959999,66.309998,41.233932,5042000,117687296460.0,-0.18000000000000682,-0.2707174092560611
2016-06-24,65.139999,68.0,65.07,67.019997,41.67543,16923900,115297798230.0,1.8799980000000005,2.8860884692368516
2016-06-27,67.07,67.980003,66.949997,67.93,42.241306,11135200,118713899999.99998,0.8600000000000136,1.2822424332786846
2016-06-28,67.690002,67.919998,66.970001,67.910004,42.22887,8631600,119811303540.00002,0.2200019999999938,0.3250140249663367
2016-06-29,68.239998,68.419998,67.519997,67.830002,42.179119,7191100,120784796460.0,-0.4099960000000067,-0.6008147890039602
2016-06-30,67.900002,69.260002,67.599998,68.959999,42.881798,9858600,120183003540.0,1.0599969999999956,1.5611148288331356
2016-07-01,69.279999,69.629997,68.860001,69.019997,42.919109,7087400,122625598230.0,-0.26000200000000007,-0.37529157585582534
2016-07-05,69.120003,70.150002,69.0,69.610001,43.285992,7905300,122342405310.0,0.48999799999999993,0.7089091127498938
2016-07-06,69.57,70.0,69.199997,69.720001,43.354404,6665600,123138899999.99998,0.15000100000000316,0.2156116142015282
2016-07-07,69.900002,69.949997,69.25,69.300003,43.093231,5330900,123723003540.0,-0.5999989999999968,-0.858367643537402
2016-07-08,69.440002,69.889999,68.889999,69.830002,43.422798,5339500,122908803540.00002,0.38999999999998636,0.5616359285242911
2016-07-11,69.900002,70.059998,69.129997,69.870003,43.447666,5101300,123723003540.0,-0.02999900000000366,-0.04291702309250815
2016-07-12,69.650002,69.860001,68.839996,68.870003,42.82584,7752900,123280503540.0,-0.7799990000000037,-1.1198836720780048
2016-07-13,68.900002,69.32,68.879997,69.080002,42.956421,5661300,121953003540.0,0.1799999999999926,0.2612481781930755
2016-07-14,68.879997,69.309998,68.699997,68.919998,42.856915,5170500,121917594690.0,0.04000100000000373,0.058073463621091226
2016-07-15,69.169998,69.480003,68.949997,69.410004,43.161625,5714100,122430896460.00002,0.24000599999999395,0.34697991461557354
2016-07-18,69.309998,69.419998,68.82,69.169998,43.012383,4570000,122678696459.99998,-0.13999999999998636,-0.20199106051047117
2016-07-19,68.809998,69.230003,68.449997,69.220001,43.043472,4725400,121793696459.99998,0.4100030000000032,0.5958480045298117
2016-07-20,69.239998,69.360001,68.860001,69.010002,42.912899,4272300,122554796460.0,-0.22999599999999987,-0.33217216441860653
2016-07-21,68.949997,69.0,68.25,68.730003,42.738781,5259500,122041494690.0,-0.2199939999999998,-0.3190631030774371
2016-07-22,68.940002,69.029999,68.709999,68.860001,42.819618,5772400,122023803540.00002,-0.08000100000000998,-0.11604438305645823
2016-07-25,68.779999,68.940002,68.440002,68.800003,42.78231,3916700,121740598230.0,0.020004000000000133,0.02908403647984952
2016-07-26,68.790001,68.919998,67.610001,67.93,42.241306,7358700,121758301770.0,-0.8600009999999969,-1.250183147983959
2016-07-27,68.639999,68.639999,66.120003,66.75,41.507538,11250200,121492798230.0,-1.889999000000003,-2.7534950867350725
2016-07-28,66.809998,67.25,66.309998,67.110001,41.731407,5816400,118253696459.99998,0.3000030000000038,0.44903907945035987
2016-07-29,67.199997,68.050003,66.809998,67.699997,42.098278,6147700,118943994690.0,0.5,0.7440476522640321
2016-08-01,67.660004,68.0,67.230003,67.650002,42.067192,5038200,119758207080.0,-0.010002000000000066,-0.01478273634154687
2016-08-02,67.879997,68.0,67.230003,67.339996,41.874413,3974400,120147594690.0,-0.5400010000000037,-0.7955230168911229
2016-08-03,67.260002,67.300003,66.059998,66.370003,41.271236,5662900,119050203540.0,-0.8899990000000031,-1.3232217864043523
2016-08-04,66.550003,66.970001,66.360001,66.620003,41.426716,3512800,117793505310.0,0.06999999999999318,0.10518406738462982
2016-08-05,66.639999,66.889999,66.260002,66.529999,41.370731,4695200,117952798230.0,-0.10999999999999943,-0.1650660288875446
2016-08-08,66.32,66.650002,65.699997,66.489998,41.345863,4947300,117386399999.99998,0.16999800000000675,0.25632991556092694
2016-08-09,66.550003,66.919998,66.169998,66.620003,41.426716,3305200,117793505310.0,0.06999999999999318,0.10518406738462982
2016-08-10,66.669998,67.080002,66.639999,66.839996,41.563499,3161400,118005896460.00002,0.16999799999999254,0.2549842584365947
2016-08-11,67.059998,67.209999,66.720001,66.739998,41.501324,4341000,118696196459.99998,-0.3199999999999932,-0.47718462502786413
2016-08-12,66.949997,67.129997,66.68,66.739998,41.501324,4174700,118501494690.0,-0.20999899999999627,-0.3136654360118885
2016-08-15,66.669998,66.690002,66.25,66.260002,41.202839,4072500,118005896460.00002,-0.4099960000000067,-0.6149632702853938
2016-08-16,66.080002,66.5,66.010002,66.260002,41.202839,4876700,116961603539.99998,0.18000000000000682,0.2723970861865392
2016-08-17,66.419998,66.68,65.879997,66.459999,41.327213,4736700,117563396460.00002,0.04000099999998952,0.060224331834501876
2016-08-18,66.459999,66.57,66.110001,66.309998,41.233932,4432600,117634198230.0,-0.15000100000000316,-0.22570117703432885
2016-08-19,66.400002,66.57,65.93,66.330002,41.24638,3274800,117528003540.0,-0.07000000000000739,-0.10542168357164716
2016-08-22,66.389999,66.470001,66.089996,66.339996,41.252586,2963100,117510298230.0,-0.050003000000003794,-0.07531706695763588
2016-08-23,66.580002,66.709999,66.379997,66.459999,41.327213,3072800,117846603539.99998,-0.12000299999999697,-0.18023880503938253
2016-08-24,66.279999,66.370003,65.809998,66.160004,41.140656,5184600,117315598230.0,-0.11999500000000296,-0.18104254950275867
2016-08-25,66.25,66.309998,65.699997,65.919998,40.991409,4749100,117262500000.0,-0.33000199999999325,-0.4981162264150842
2016-08-26,65.970001,66.580002,65.720001,65.830002,40.935448,5136300,116766901770.0,-0.1399990000000031,-0.21221615564323412
2016-08-29,65.830002,66.139999,65.720001,66.099998,41.103352,3616800,116519103539.99998,0.2699960000000061,0.41014126051523764
2016-08-30,66.120003,66.239998,65.760002,65.879997,40.966541,3865600,117032405310.0,-0.24000599999999395,-0.36298546447433455
2016-08-31,65.709999,66.129997,65.699997,66.089996,41.097126,4882000,116306698230.0,0.379997000000003,0.5782940279758687
2016-09-01,65.910004,66.339996,65.730003,66.32,41.240154,4515100,116660707080.0,0.4099959999999925,0.622054278740436
2016-09-02,66.610001,67.230003,66.449997,66.879997,41.588364,4352000,117899701770.0,0.2699960000000061,0.40533853167185224
2016-09-06,66.889999,67.32,66.75,67.199997,41.787373,4722700,118395298230.0,0.3099979999999931,0.4634444679839106
2016-09-07,67.120003,67.309998,66.5,66.720001,41.488888,4253500,118802405310.0,-0.40000200000000063,-0.5959505097161583
2016-09-08,66.839996,67.080002,66.169998,66.400002,41.289894,4721200,118306792920.0,-0.43999399999999866,-0.6582795127635834
2016-09-09,66.059998,66.080002,63.560001,63.560001,39.523888,10546400,116926196459.99998,-2.4999969999999934,-3.7844339625926016
2016-09-12,63.52,64.809998,63.509998,64.669998,40.214115,8601900,112430400000.0,1.1499980000000036,1.8104502518891743
2016-09-13,64.209999,64.480003,63.470001,63.549999,39.893974,6437700,113651698230.0,-0.6599999999999966,-1.0278772936906548
2016-09-14,63.580002,63.77,62.82,63.119999,39.624035,6725400,112536603540.0,-0.4600030000000004,-0.7235026510379795
2016-09-15,62.919998,63.380001,62.59,63.25,39.705639,5748100,111368396460.0,0.33000200000000035,0.5244787197863553
2016-09-16,63.02,63.07,62.459999,62.799999,39.423145,7103300,111545400000.0,-0.22000100000000344,-0.3490971120279331
2016-09-19,62.82,63.0,62.599998,62.720001,39.372925,3543100,111191400000.0,-0.09999899999999684,-0.15918338108882019
2016-09-20,62.799999,63.220001,62.700001,62.970001,39.529865,4137500,111155998230.0,0.17000200000000376,0.27070382596662745
2016-09-21,62.830002,63.630001,62.599998,63.5,39.862579,4967100,111209103540.0,0.6699979999999996,1.0663663515401443
2016-09-22,63.75,64.32,63.709999,64.120003,40.251797,4586700,112837500000.0,0.370002999999997,0.5803968627450933
2016-09-23,64.370003,64.389999,63.709999,63.869999,40.094845,4428500,113934905310.0,-0.500003999999997,-0.7767655378235683
2016-09-26,63.830002,63.880001,62.98,63.029999,39.567528,4793900,112979103540.0,-0.8000030000000038,-1.2533338162828254
2016-09-27,63.279999,63.43,62.790001,63.32,39.749588,4487000,112005598230.0,0.04000100000000373,0.06321270643509923
2016-09-28,63.52,63.900002,63.360001,63.77,40.032074,7021000,112430400000.0,0.25,0.39357682619647355
2016-09-29,63.52,63.59,62.810001,62.82,39.435707,5211500,112430400000.0,-0.7000000000000028,-1.1020151133501304
2016-09-30,63.09,63.549999,62.900002,63.23,39.693089,6599900,111669300000.0,0.13999999999999346,0.2219052147725368
2016-10-03,63.040001,63.18,62.57,62.849998,39.454533,5113600,111580801770.0,-0.19000299999999726,-0.30140069318843643
2016-10-04,62.700001,62.799999,61.509998,61.779999,38.782837,7866100,110979001770.0,-0.9200020000000038,-1.4673077915899935
2016-10-05,61.580002,61.759998,60.82,61.220001,38.431293,10026400,108996603540.0,-0.3600009999999969,-0.5846069962777801
2016-10-06,61.0,61.799999,60.849998,61.779999,38.782837,6217000,107970000000.0,0.7799989999999966,1.278686885245896
2016-10-07,62.080002,62.330002,61.509998,61.919998,38.870724,6315300,109881603540.0,-0.1600040000000007,-0.25773839375842916
2016-10-10,62.18,62.419998,61.650002,61.75,38.764011,5284100,110058600000.0,-0.4299999999999997,-0.6915406883242196
2016-10-11,62.52,62.549999,61.599998,61.990002,38.914669,7261000,110660400000.0,-0.5299980000000062,-0.8477255278311039
2016-10-12,62.200001,62.75,61.860001,62.540001,39.259937,5035600,110094001770.0,0.3399999999999963,0.546623785424049
2016-10-13,62.459999,62.990002,62.150002,62.689999,39.354092,4911800,110554198230.0,0.22999999999999687,0.36823567672486973
2016-10-14,62.66,62.73,62.290001,62.439999,39.197155,4716600,110908200000.0,-0.22000099999999634,-0.3511027768911528
2016-10-17,62.439999,62.799999,62.34,62.43,39.190876,4040800,110518798230.0,-0.009999000000000535,-0.016013773478760842
2016-10-18,62.779999,63.099998,62.540001,62.66,39.335266,3622500,111120598230.0,-0.11999899999999997,-0.19114208651070538
2016-10-19,62.259998,62.299999,61.439999,61.91,38.864437,6374000,110200196460.0,-0.34999800000000647,-0.5621554950901323
2016-10-20,61.849998,62.040001,61.610001,61.849998,38.826782,5131400,109474496460.0,0.0,0.0
2016-10-21,63.810001,64.339996,63.360001,63.700001,39.988132,15060300,112943701770.0,-0.10999999999999943,-0.1723867705314711
2016-10-24,63.869999,65.300003,63.790001,64.949997,40.772816,10831600,113049898230.0,1.0799979999999962,1.6909316062459874
2016-10-25,65.040001,65.099998,64.57,64.709999,40.622166,5101500,115120801770.0,-0.33000200000000746,-0.5073831410304059
2016-10-26,64.559998,64.739998,64.230003,64.519997,40.502884,4700600,114271196459.99998,-0.04000099999998952,-0.06195941951545526
2016-10-27,64.059998,65.339996,64.029999,64.43,40.446392,5680700,113386196459.99998,0.3700020000000137,0.577586655560017
2016-10-28,64.860001,66.099998,64.779999,65.879997,41.356644,9130900,114802201770.0,1.0199960000000061,1.5726117549705345
2016-10-31,65.870003,66.220001,65.660004,66.120003,41.507305,6012300,116589905310.0,0.25,0.37953543132524226
2016-11-01,66.190002,66.25,65.400002,65.480003,41.105545,6161100,117156303540.00002,-0.7099990000000105,-1.0726680443369838
2016-11-02,65.279999,65.809998,65.110001,65.120003,40.879547,4758100,115545598230.0,-0.1599960000000067,-0.24509191551918785
2016-11-03,65.089996,65.309998,64.389999,65.07,40.848152,7963200,115209292920.0,-0.01999600000000612,-0.03072054267756618
2016-11-04,64.879997,65.169998,64.309998,64.379997,40.414997,5908700,114837594690.0,-0.5,-0.7706535498144367
2016-11-07,64.599998,65.400002,64.599998,65.269997,40.973709,7389200,114341996460.0,0.6699990000000042,1.0371501869086812
2016-11-08,65.290001,66.199997,65.190002,65.839996,41.331528,6376400,115563301770.0,0.5499949999999956,0.8423877953379041
2016-11-09,64.139999,64.339996,62.630001,64.040001,40.201565,11233200,113527798230.0,-0.09999799999999937,-0.15590583342540956
2016-11-10,63.32,63.419998,60.93,61.720001,38.745174,15240000,112076400000.0,-1.5999989999999968,-2.526846178142762
2016-11-11,61.939999,62.259998,61.599998,61.759998,38.770279,7437600,109633798230.0,-0.1800009999999972,-0.2906054292961761
2016-11-14,61.389999,61.779999,61.029999,61.189999,38.412464,8980100,108660298230.0,-0.20000000000000284,-0.32578596393201253
2016-11-15,61.02,61.82,61.02,61.810001,38.801666,8604600,108005400000.0,0.7900009999999966,1.2946591281546977
2016-11-16,61.790001,62.709999,61.740002,62.66,39.335266,7641500,109368301770.0,0.869999,1.4079931799968737
2016-11-17,62.66,62.970001,62.459999,62.810001,39.429432,6550500,110908200000.0,0.15000100000000316,0.23938876476221382
2016-11-18,62.75,63.279999,62.349998,62.77,39.404305,6905000,111067500000.0,0.020000000000003126,0.031872509960164344
2016-11-21,62.77,63.73,62.5,63.689999,39.98185,6933700,111102900000.0,0.9199989999999971,1.4656667197705864
2016-11-22,64.0,64.400002,63.799999,64.209999,40.308289,6731300,113280000000.0,0.20999899999999627,0.3281234374999942
2016-11-23,63.990002,64.089996,63.619999,64.019997,40.189003,4788700,113262303540.0,0.029995000000006655,0.046874510177397175
2016-11-25,64.260002,64.57,64.169998,64.480003,40.477787,3459400,113740203540.0,0.22000099999999634,0.3423607114111144
2016-11-28,64.470001,65.129997,64.339996,64.830002,40.697491,5887700,114111901770.0,0.3600009999999969,0.5584007979152923
2016-11-29,64.720001,65.360001,64.660004,65.18,40.917202,7004400,114554401770.0,0.4599990000000105,0.7107524612059424
2016-11-30,64.730003,65.389999,63.869999,63.93,40.132511,9381700,114572105310.0,-0.8000029999999967,-1.2359075589723
2016-12-01,63.509998,63.599998,62.400002,62.889999,39.479652,8675100,112412696460.0,-0.619999,-0.9762226728459351
2016-12-02,62.959999,64.019997,62.959999,63.990002,40.170181,7635000,111439198230.0,1.0300029999999936,1.6359641301773107
2016-12-05,63.919998,64.220001,63.419998,63.529999,39.881409,8448800,113138396460.0,-0.3899990000000031,-0.6101361267251653
2016-12-06,63.400002,64.32,63.25,64.300003,40.364784,6749200,112218003540.0,0.9000010000000032,1.419559892127453
2016-12-07,64.489998,65.480003,64.309998,65.410004,41.061588,8147500,114147296460.0,0.9200060000000008,1.4265871120045635
2016-12-08,65.029999,65.629997,64.68,65.360001,41.030209,6695000,115103098230.0,0.33000199999999325,0.5074611795703599
2016-12-09,65.480003,66.57,65.410004,66.269997,41.601456,7464500,115899605310.0,0.7899940000000072,1.2064660412431674
2016-12-12,66.300003,66.779999,66.199997,66.489998,41.739567,5590300,117351005310.0,0.18999499999999614,0.2865686144840689
2016-12-13,66.5,67.160004,66.459999,66.690002,41.865124,6968000,117705000000.0,0.1900020000000069,0.2857172932330931
2016-12-14,66.860001,67.190002,65.830002,65.940002,41.394299,6359200,118342201770.0,-0.91999899999999,-1.3760080559974714
2016-12-15,65.690002,66.379997,65.550003,66.260002,41.595184,6465200,116271303540.00002,0.5699999999999932,0.8677119540961394
2016-12-16,66.25,67.239998,65.82,67.040001,42.084839,9694200,117262500000.0,0.7900010000000037,1.192454339622647
2016-12-19,67.370003,67.860001,67.209999,67.760002,42.536827,6987600,119244905310.0,0.3899990000000031,0.5788911720844113
2016-12-20,67.150002,67.339996,66.330002,67.339996,42.657181,6976500,118855503540.0,0.18999399999999866,0.28293967884021604
2016-12-21,67.470001,67.889999,67.239998,67.269997,42.612835,4643400,119421901770.0,-0.20000399999999274,-0.2964339662600461
2016-12-22,67.099998,67.739998,67.080002,67.68,42.872566,4858800,118766996460.0,0.5800020000000075,0.8643845265092369
2016-12-23,67.739998,67.800003,67.510002,67.720001,42.897896,3226400,119899796460.0,-0.019997000000003595,-0.02952022525894317
2016-12-27,67.800003,68.0,67.610001,67.82,42.96125,3346400,120006005310.0,0.019996999999989384,0.029494098989920964
2016-12-28,67.57,67.75,67.389999,67.510002,42.76487,5333300,119598899999.99998,-0.05999799999999311,-0.08879384342162663
2016-12-29,67.269997,68.0,67.120003,67.849998,42.98024,3662800,119067894690.0,0.5800009999999958,0.8621986410970046
2016-12-30,67.970001,68.029999,67.5,67.620003,42.834557,5369200,120306901770.0,-0.34999799999999937,-0.5149301086519027
2017-01-03,67.739998,68.040001,67.25,67.629997,42.840885,5799500,119899796460.0,-0.1100009999999969,-0.16238707299636607
2017-01-04,68.169998,68.790001,67.760002,67.849998,42.98024,7553000,120660896460.00002,-0.3200000000000074,-0.46941471231964443
2017-01-05,67.970001,68.269997,67.489998,67.93,43.030922,8173400,120306901770.0,-0.04000099999998952,-0.05885096279458568
2017-01-06,67.940002,68.32,67.779999,68.230003,43.220966,4925900,120253803540.00002,0.2900009999999895,0.4268486774551309
2017-01-09,68.230003,68.330002,67.860001,67.949997,43.043591,4815900,120767105310.0,-0.2800060000000002,-0.4103854428967271
2017-01-10,68.139999,68.169998,67.550003,67.720001,42.897896,5226800,120607798230.0,-0.41999800000000675,-0.6163751191132344
2017-01-11,67.779999,68.080002,67.540001,67.650002,42.853554,5618700,119970598230.0,-0.12999700000000303,-0.19179256700786174
2017-01-12,67.470001,67.690002,67.279999,67.510002,42.76487,5007000,119421901770.0,0.04000100000000373,0.0592870896800546
2017-01-13,67.480003,67.690002,67.279999,67.580002,42.809212,4073100,119439605310.0,0.09999899999999684,0.14819056839697659
2017-01-17,67.82,68.519997,67.540001,68.480003,43.379333,9012500,120041399999.99998,0.6600030000000032,0.9731686818047822
2017-01-18,68.559998,69.199997,68.550003,69.160004,43.810078,8063400,121351196459.99998,0.6000060000000076,0.8751546346311265
2017-01-19,69.139999,69.599998,69.010002,69.550003,44.057137,7853600,122377798230.0,0.4100040000000007,0.5930055046717613
2017-01-20,69.660004,70.110001,69.650002,70.010002,44.348518,10188200,123298207080.0,0.34999799999999937,0.5024375249820533
2017-01-23,70.220001,70.629997,70.0,70.550003,44.69059,6508800,124289401770.0,0.33000200000000746,0.46995442224503453
2017-01-24,70.550003,70.790001,70.400002,70.760002,44.823612,6510500,124873505310.0,0.20999899999999627,0.29765980307611933
2017-01-25,71.040001,71.220001,70.769997,70.959999,44.950302,6112700,125740801770.0,-0.08000200000000746,-0.11261542634269874
2017-01-26,71.07,71.099998,70.639999,70.849998,44.88063,5969700,125793899999.99998,-0.2200019999999938,-0.3095567750105443
2017-01-27,70.849998,71.050003,70.599998,71.029999,44.994656,5915600,125404496460.0,0.1800010000000043,0.2540592873411292
2017-01-30,70.980003,71.389999,70.82,71.300003,45.165684,8574700,125634605310.0,0.3200000000000074,0.4508312010074266
2017-01-31,71.330002,71.440002,70.970001,71.18,45.089668,11463000,126254103539.99998,-0.15000199999998642,-0.21029299844963753
2017-02-01,69.959999,72.0,68.800003,71.389999,45.222702,11416300,123829198230.0,1.4300000000000068,2.0440251864497694
2017-02-02,71.660004,72.080002,71.330002,71.449997,45.260704,8108500,126838207080.0,-0.2100070000000045,-0.2930602683192768
2017-02-03,71.489998,71.959999,71.07,71.489998,45.286041,6817400,126537296460.0,0.0,0.0
2017-02-06,71.400002,71.800003,71.290001,71.290001,45.159351,5192500,126378003540.0,-0.1100009999999969,-0.1540630208945889
2017-02-07,71.529999,72.269997,71.489998,72.199997,45.735794,5239900,126608098230.0,0.6699979999999925,0.9366671457663414
2017-02-08,72.110001,72.589996,72.040001,72.150002,45.704117,4848500,127634701770.0,0.04000100000000373,0.05547219448797918
2017-02-09,72.150002,72.550003,71.910004,72.489998,45.919502,5183200,127705503540.0,0.3399959999999993,0.47123491417228136
2017-02-10,72.389999,72.580002,72.169998,72.419998,45.875149,4154900,128130298230.0,0.02999900000000366,0.04144080731373357
2017-02-13,72.470001,72.589996,71.989998,72.040001,45.634438,5175800,128271901770.0,-0.4299999999999926,-0.5933489638008872
2017-02-14,72.0,72.209999,71.68,71.879997,45.533085,5120200,127440000000.0,-0.12000299999999697,-0.16667083333332913
2017-02-15,71.720001,72.269997,71.529999,72.169998,45.716793,5222300,126944401770.0,0.4499970000000104,0.6274358529359341
2017-02-16,72.169998,72.709999,72.010002,72.709999,46.058853,5594000,127740896460.00002,0.5400009999999895,0.7482347443046756
2017-02-17,72.400002,72.980003,72.379997,72.970001,46.22356,5568400,128148003540.0,0.5699989999999957,0.7872914147157009
2017-02-21,72.790001,73.730003,72.75,73.650002,46.654312,5329300,128838301770.0,0.8600009999999969,1.1814823302447774
2017-02-22,73.550003,73.760002,73.290001,73.599998,46.622643,4401200,130183505310.0,0.04999499999999557,0.06797416446059909
2017-02-23,73.809998,74.550003,73.690002,74.459999,47.167419,4116800,130643696459.99998,0.6500010000000032,0.8806408584376377
2017-02-24,74.360001,74.709999,74.260002,74.43,47.148399,4960000,131617201770.0,0.06999900000000991,0.09413528652320743
2017-02-27,74.480003,74.760002,74.440002,74.589996,47.249775,6320000,131829605310.0,0.1099930000000029,0.14768125076472258
2017-02-28,74.32,75.139999,74.300003,74.919998,47.458813,7160900,131546399999.99998,0.5999980000000136,0.8073170075350022
2017-03-01,74.980003,75.75,74.669998,75.599998,47.889565,6044100,132714605310.0,0.619995000000003,0.8268804683830208
2017-03-02,75.519997,76.040001,75.269997,75.720001,47.96558,7491100,133670394690.0,0.20000399999999274,0.2648358156052267
2017-03-03,75.800003,75.800003,74.959999,75.57,47.870556,6041500,134166005310.0,-0.23000300000001062,-0.30343402493006577
2017-03-06,75.550003,75.610001,74.959999,75.580002,47.876896,5762400,133723505310.0,0.02999899999998945,0.039707476914315205
2017-03-07,75.269997,76.300003,75.269997,76.099998,48.206284,6108300,133227894690.0,0.8300009999999958,1.1026983301194972
2017-03-08,75.790001,76.120003,75.559998,75.839996,48.041588,4860500,134148301770.0,0.04999499999999557,0.06596516603818961
2017-03-09,75.989998,76.440002,75.900002,76.190002,48.263298,5344900,134502296460.0,0.20000400000000695,0.26319779610996563
2017-03-10,76.419998,76.550003,76.129997,76.449997,48.428001,6877500,135263396460.00002,0.02999899999998945,0.03925543154291819
2017-03-13,75.940002,76.199997,75.389999,75.650002,48.306679,6836200,134413803540.00002,-0.29000000000000625,-0.38188042186252014
2017-03-14,75.709999,75.800003,75.139999,75.339996,48.10873,8255500,134006698230.0,-0.370002999999997,-0.4887108768816613
2017-03-15,75.580002,75.82,75.110001,75.669998,48.319447,8470800,133776603539.99998,0.08999600000001351,0.11907382590438872
2017-03-16,75.830002,75.839996,75.169998,75.300003,48.083199,5706800,134219103539.99998,-0.5299989999999895,-0.698930484005512
2017-03-17,75.419998,75.870003,75.150002,75.160004,47.993793,9947000,133493396460.00002,-0.25999400000000605,-0.3447281979509016
2017-03-20,75.260002,75.849998,75.260002,75.580002,48.261982,5793100,133210203540.0,0.3199999999999932,0.42519265412721247
2017-03-21,75.720001,76.199997,75.629997,75.93,48.485466,6488000,134024401770.0,0.20999900000001048,0.277336235111791
2017-03-22,76.07,76.379997,75.059998,75.07,47.936325,7680000,134643899999.99998,-1.0,-1.3145786775338504
2017-03-23,73.919998,74.699997,73.540001,74.019997,47.265831,10714400,130838396460.00002,0.09999899999999684,0.1352800361277023
2017-03-24,73.669998,73.720001,73.029999,73.169998,46.723064,11786000,130395896460.00002,-0.5,-0.6787023395874124
2017-03-27,72.720001,73.459999,72.440002,73.199997,46.742226,6421300,128714401770.0,0.47999599999999987,0.6600604969738655
2017-03-28,72.970001,73.290001,72.839996,73.190002,46.735832,5587300,129156901770.0,0.22000100000001055,0.30149513085522717
2017-03-29,73.120003,73.169998,72.779999,72.959999,46.58897,4211100,129422405310.0,-0.1600040000000007,-0.21882384222549978
2017-03-30,72.889999,72.949997,72.050003,72.050003,46.007881,7907900,129015298230.0,-0.8399959999999993,-1.1524159850791043
2017-03-31,72.029999,72.18,71.419998,71.419998,45.605579,9146000,127493098230.0,-0.6100009999999969,-0.8468707600565105
2017-04-03,71.599998,71.980003,70.779999,71.620003,45.733299,7508300,126731996460.0,0.020004999999997608,0.02793994491452026
2017-04-04,71.720001,71.970001,71.489998,71.949997,45.944027,5218500,126944401770.0,0.22999599999999987,0.320685996644088
2017-04-05,72.260002,72.32,71.760002,71.93,45.931248,7092400,127900203540.0,-0.33000199999999325,-0.4566869511019295
2017-04-06,71.900002,71.900002,71.220001,71.419998,45.605579,6398900,127263003540.0,-0.4800039999999939,-0.6675994251015374
2017-04-07,71.480003,72.199997,71.480003,71.709999,45.790768,4331100,126519605310.0,0.22999599999999987,0.32176271732948847
2017-04-10,71.980003,72.029999,71.610001,71.760002,45.822689,5576800,127404605310.0,-0.22000099999999634,-0.30564183221831254
2017-04-11,71.779999,72.300003,71.779999,72.080002,46.027039,4472800,127050598230.0,0.3000029999999896,0.41794790217256694
2017-04-12,72.25,72.300003,71.910004,72.160004,46.078114,5131500,127882500000.0,-0.0899959999999993,-0.124561937716262
2017-04-13,71.940002,72.089996,71.279999,71.300003,45.528969,5120600,127333803540.00002,-0.6399990000000031,-0.8896288326486328
2017-04-17,71.330002,72.330002,71.330002,72.309998,46.173897,4781800,126254103539.99998,0.9799959999999999,1.3738903301867282
2017-04-18,72.300003,72.75,72.25,72.339996,46.193062,5010500,127971005310.0,0.039992999999995504,0.05531535040184646
2017-04-19,72.279999,72.440002,72.029999,72.110001,46.046185,3374300,127935598230.0,-0.16999800000000675,-0.23519369445481972
2017-04-20,71.559998,71.699997,71.230003,71.410004,45.599205,5736800,126661196459.99998,-0.1499939999999924,-0.20960593095599644
2017-04-21,71.349998,71.970001,71.349998,71.470001,45.637524,6814900,126289496460.0,0.12000299999999697,0.16818921284342148
2017-04-24,71.889999,72.690002,71.779999,72.550003,46.327156,5590200,127245298230.0,0.6600040000000007,0.9180748493264004
2017-04-25,72.540001,72.599998,72.32,72.43,46.250523,6748000,128395801770.0,-0.1100009999999969,-0.15164185068042238
2017-04-26,72.400002,72.400002,71.470001,71.510002,45.663059,7477900,128148003540.0,-0.8900000000000006,-1.2292817339977429
2017-04-27,71.5,71.730003,71.32,71.529999,45.675838,4857300,126555000000.0,0.02999900000000366,0.041956643356648476
2017-04-28,71.400002,71.800003,71.160004,71.779999,45.835472,4089900,126378003540.0,0.379997000000003,0.5322086685655878
2017-05-01,71.75,71.800003,70.800003,70.800003,45.209675,6380700,126997500000.0,-0.9499969999999962,-1.3240376306620156
2017-05-02,70.050003,71.589996,69.790001,70.830002,45.228836,8482100,123988505310.0,0.7799989999999895,1.1134888887870418
2017-05-03,70.699997,70.919998,70.120003,70.220001,44.839317,5869800,125138994690.0,-0.47999599999999987,-0.6789194064605122
2017-05-04,70.470001,70.870003,70.290001,70.309998,44.896793,6309300,124731901770.0,-0.16000300000000323,-0.2270512242507322
2017-05-05,70.550003,70.949997,70.449997,70.919998,45.28632,4499600,124873505310.0,0.36999500000000296,0.5244436346799347
2017-05-08,70.82,71.080002,70.650002,70.709999,45.152218,4455200,125351399999.99998,-0.1100009999999969,-0.15532476701496317
2017-05-09,70.849998,70.93,69.949997,70.290001,44.884018,5170800,125404496460.0,-0.5599969999999956,-0.7903980463062196
2017-05-10,70.269997,70.470001,70.029999,70.309998,44.896793,5205800,124377894690.0,0.04000099999998952,0.056924721371468846
2017-05-11,70.080002,70.550003,69.989998,70.480003,45.005356,4073200,124041603539.99998,0.40000100000000316,0.5707776663590894
2017-05-12,70.43,70.879997,70.43,70.650002,45.113903,3401400,124661100000.00002,0.2200019999999938,0.3123697288087375
2017-05-15,70.379997,70.800003,70.110001,70.669998,45.126671,4951500,124572594690.0,0.29000100000000373,0.41205031594417896
2017-05-16,70.800003,71.459999,70.800003,70.949997,45.305466,4234200,125316005310.0,0.1499939999999924,0.21185592322643323
2017-05-17,70.949997,71.230003,70.529999,70.550003,45.050053,5313800,125581494690.0,-0.3999939999999924,-0.5637688751417317
2017-05-18,70.629997,70.849998,70.269997,70.540001,45.043663,5352300,125015094690.0,-0.0899959999999993,-0.12741894920369215
2017-05-19,70.470001,71.129997,70.440002,70.900002,45.273544,5460000,124731901770.0,0.4300010000000043,0.6101901431788036
2017-05-22,71.0,72.120003,71.0,72.040001,46.001492,7974600,125670000000.0,1.0400010000000037,1.4647901408450756
2017-05-23,72.089996,72.720001,72.040001,72.129997,46.058975,6492800,127599292920.0,0.04000100000000373,0.05548758804204085
2017-05-24,72.410004,72.970001,72.080002,72.849998,46.518726,4759400,128165707080.0,0.43999399999999866,0.6076425572355979
2017-05-25,73.029999,74.629997,73.0,74.139999,47.342453,7525000,129263098230.0,1.1099999999999994,1.5199233399962109
2017-05-26,74.080002,74.470001,73.900002,74.410004,47.514881,5681000,131121603539.99998,0.33000200000000746,0.4454670506083511
2017-05-30,74.559998,75.190002,74.32,75.07,47.936325,6075000,131971196459.99998,0.5100020000000001,0.6840155762879716
2017-05-31,75.239998,75.440002,74.510002,75.440002,48.172588,18510100,133174796460.0,0.20000400000000695,0.2658213786768136
2017-06-01,75.080002,75.400002,74.599998,75.400002,48.147045,6831500,132891603539.99998,0.3200000000000074,0.4262120291366101
2017-06-02,75.330002,75.419998,74.800003,75.120003,47.96825,7908900,133334103539.99998,-0.20999899999999627,-0.2787720621592394
2017-06-05,75.139999,75.260002,74.849998,75.059998,47.929928,6149400,132997798230.0,-0.08000100000000998,-0.10646925880317083
2017-06-06,74.879997,75.330002,74.709999,75.269997,48.06403,5779300,132537594690.0,0.39000000000000057,0.520833354200055
2017-06-07,75.199997,75.959999,75.18,75.610001,48.281143,5019600,133103994690.0,0.4100040000000007,0.5452181068571064
2017-06-08,75.610001,75.660004,74.82,75.209999,48.025723,5453100,133829701770.0,-0.40000200000000063,-0.5290331896702404
2017-06-09,75.059998,75.559998,75.0,75.459999,48.185345,5637700,132856196459.99998,0.40000100000000316,0.532908354194205
2017-06-12,75.459999,75.550003,74.989998,75.400002,48.147045,5951500,133564198230.0,-0.05999699999999564,-0.07950834984770624
2017-06-13,74.720001,74.989998,74.470001,74.949997,48.250034,5196500,132254401770.0,0.22999599999999987,0.30781048838583375
2017-06-14,75.339996,76.0,75.089996,75.75,48.765045,6227000,133351792920.0,0.4100040000000007,0.5442049665094232
2017-06-15,75.620003,76.480003,75.330002,76.410004,49.189941,4746900,133847405310.0,0.7900010000000037,1.0446984510169932
2017-06-16,76.669998,77.290001,76.32,77.279999,49.750011,9783900,135705896460.00002,0.6100009999999969,0.7956189068897548
2017-06-19,77.379997,77.779999,77.199997,77.709999,50.026825,4612300,136962594690.0,0.33000199999999325,0.42646938846481636
2017-06-20,77.629997,77.790001,77.290001,77.330002,49.782207,3660800,137405094690.0,-0.2999950000000098,-0.3864421120614107
2017-06-21,77.400002,77.610001,76.839996,77.029999,49.589066,4395000,136998003540.0,-0.370002999999997,-0.47804003932712685
2017-06-22,76.980003,76.980003,76.389999,76.480003,49.234989,4232000,136254605310.0,-0.5,-0.6495193303642766
2017-06-23,76.400002,76.93,76.400002,76.489998,49.241436,3876700,135228003540.0,0.0899959999999993,0.11779580843466378
2017-06-26,76.540001,77.0,76.419998,76.529999,49.267185,3969200,135475801770.0,-0.010002000000000066,-0.013067676860887507
2017-06-27,76.370003,76.440002,75.190002,75.379997,48.526848,5488100,135174905310.0,-0.990005999999994,-1.296328350281712
2017-06-28,75.75,76.059998,75.489998,75.839996,48.822987,3377900,134077500000.0,0.0899959999999993,0.11880660066006508
2017-06-29,75.540001,75.760002,74.120003,74.400002,47.895973,5467700,133705801770.0,-1.139999000000003,-1.5091328897387797
2017-06-30,74.68,74.830002,74.360001,74.470001,47.941036,5158000,132183600000.00002,-0.20999900000001048,-0.2811984467059594
2017-07-03,74.709999,74.910004,74.389999,74.529999,47.979664,2452300,132236698230.0,-0.1799999999999926,-0.24093160542003572
2017-07-05,74.510002,74.980003,74.410004,74.610001,48.031158,4015200,131882703540.0,0.09999899999999684,0.13420882742694978
2017-07-06,74.349998,74.550003,74.169998,74.32,47.844467,3394200,131599496460.0,-0.029998000000006186,-0.04034700848277922
2017-07-07,74.599998,74.620003,73.919998,74.25,47.7994,3933100,132041996460.0,-0.34999799999999937,-0.4691662324173244
2017-07-10,74.360001,74.669998,73.449997,73.690002,47.438908,4937400,131617201770.0,-0.66999899999999,-0.9010206979421503
2017-07-11,73.849998,73.959999,73.279999,73.43,47.271526,5513200,130714496460.0,-0.41999799999999254,-0.5687176863565961
2017-07-12,73.720001,74.07,73.690002,73.889999,47.56765,3698400,130484401770.0,0.16999800000000675,0.2305995627970851
2017-07-13,73.860001,74.0,73.400002,73.480003,47.303711,4004900,130732201770.0,-0.3799980000000005,-0.5144841522544801
2017-07-14,73.699997,74.139999,73.699997,73.93,47.593403,3607300,130448994690.0,0.23000300000001062,0.3120800669774934
2017-07-17,73.779999,73.900002,73.209999,73.370003,47.232895,4916400,130590598230.0,-0.4099960000000067,-0.555700739437536
2017-07-18,73.239998,73.639999,73.199997,73.330002,47.207142,3725100,129634796460.0,0.09000399999999331,0.12288913497784817
2017-07-19,73.419998,73.589996,73.18,73.550003,47.348778,4478800,129953396460.00002,0.13000499999999704,0.17707028540098438
2017-07-20,73.5,73.889999,73.269997,73.589996,47.374516,4276500,130095000000.0,0.0899959999999993,0.12244353741496504
2017-07-21,73.440002,73.599998,73.220001,73.419998,47.265079,4203400,129988803540.00002,-0.020004000000000133,-0.02723856134971256
2017-07-24,73.330002,73.410004,72.639999,72.639999,46.762943,6336700,129794103539.99998,-0.6900029999999902,-0.9409559268796832
2017-07-25,73.0,73.07,72.169998,72.239998,46.505444,7015100,129210000000.0,-0.7600020000000001,-1.0410986301369864
2017-07-26,72.230003,72.349998,71.690002,71.730003,46.177132,10744300,127847105310.0,-0.5,-0.6922331153717383
2017-07-27,71.029999,73.980003,71.0,73.959999,47.612717,9693500,125723098230.0,2.9299999999999926,4.125017656272235
2017-07-28,73.989998,74.169998,60.009998,66.940002,43.093494,54403900,130962296460.0,-7.049995999999993,-9.528309488533832
2017-07-31,65.449997,66.160004,64.330002,64.970001,41.825283,26663600,115846494690.0,-0.47999599999999987,-0.7333781848760053
2017-08-01,65.199997,66.629997,64.900002,65.5,42.166473,16542700,115403994690.0,0.3000030000000038,0.46012732178500537
2017-08-02,65.720001,65.919998,65.019997,65.550003,42.198669,19252100,116324401770.0,-0.16999799999999254,-0.2586701117061647
2017-08-03,65.860001,66.110001,65.379997,65.540001,42.192234,13837100,116572201770.0,-0.3199999999999932,-0.48587913018706635
2017-08-04,65.860001,66.43,65.269997,65.519997,42.179356,9553700,116572201770.0,-0.3400039999999933,-0.5162526493128862
2017-08-07,65.519997,66.080002,65.379997,65.989998,42.481926,5962300,115970394690.0,0.47000099999999634,0.7173397764349658
2017-08-08,65.910004,66.110001,65.209999,65.379997,42.08923,7102400,116660707080.0,-0.5300069999999977,-0.8041374113708106
2017-08-09,65.43,65.800003,65.209999,65.309998,42.044167,5600000,115811100000.00002,-0.12000200000001371,-0.1834051658260946
2017-08-10,65.150002,65.379997,64.720001,64.769997,41.696529,6279500,115315503540.0,-0.38000499999999704,-0.5832770350490504
2017-08-11,65.080002,65.199997,64.120003,64.309998,41.400402,7275600,115191603539.99998,-0.7700040000000001,-1.1831652986120071
2017-08-14,64.370003,65.110001,64.190002,64.839996,41.7416,6393800,113934905310.0,0.4699930000000023,0.730142889693515
2017-08-15,64.919998,65.650002,64.760002,65.300003,42.037731,4967300,114908396460.00002,0.38000499999999704,0.5853435177246878
2017-08-16,65.18,65.580002,65.010002,65.449997,42.134293,4328300,115368600000.00002,0.2699969999999894,0.41423289352560505
2017-08-17,65.449997,65.550003,64.279999,64.300003,41.393978,6678500,115846494690.0,-1.1499939999999924,-1.757057376182909
2017-08-18,64.230003,64.589996,63.669998,63.689999,41.001266,10210600,113687105310.0,-0.5400039999999962,-0.840734819831779
2017-08-21,63.599998,64.57,63.34,64.389999,41.451904,5065700,112571996460.0,0.7900010000000037,1.2421399761679297
2017-08-22,64.389999,64.610001,63.98,64.059998,41.23946,5031600,113970298230.0,-0.33000100000001,-0.5125035022907983
2017-08-23,63.950001,64.230003,63.630001,63.709999,41.014141,5198700,113191501770.0,-0.24000199999999694,-0.37529631938551017
2017-08-24,63.810001,63.93,63.310001,63.599998,40.943325,5239000,112943701770.0,-0.21000300000000038,-0.3291067179265526
2017-08-25,63.889999,64.559998,63.799999,64.080002,41.252338,4860600,113085298230.0,0.19000299999999015,0.2973908326403169
2017-08-28,64.0,64.260002,63.779999,63.93,41.155781,6742000,113280000000.0,-0.07000000000000028,-0.10937500000000044
2017-08-29,63.619999,64.389999,63.610001,63.810001,41.078526,4329300,112607398230.0,0.19000199999999978,0.29865137218879834
2017-08-30,63.919998,64.199997,63.689999,64.050003,41.233025,4378500,113138396460.0,0.13000500000000415,0.2033870526716915
2017-08-31,64.230003,64.239998,63.360001,63.400002,40.814579,8028700,113687105310.0,-0.8300009999999958,-1.292232541231542
2017-09-01,63.5,63.619999,63.029999,63.540001,40.904697,6110500,112395000000.0,0.04000099999999662,0.06299370078739626
2017-09-05,63.310001,63.599998,62.549999,62.869999,40.473385,8107600,112058701770.0,-0.4400019999999998,-0.6949960401990829
2017-09-06,62.91,63.650002,62.5,63.27,40.730885,9466600,111350700000.0,0.36000000000000654,0.572246065808308
2017-09-07,63.450001,63.549999,62.5,62.73,40.383251,7027800,112306501770.0,-0.7200010000000034,-1.1347533312095668
2017-09-08,62.68,62.860001,62.029999,62.23,40.061371,6736900,110943600000.0,-0.45000000000000284,-0.7179323548181283
2017-09-11,62.59,62.779999,62.439999,62.490002,40.228756,7197500,110784300000.0,-0.09999800000000647,-0.1597667359003139
2017-09-12,62.439999,62.529999,62.110001,62.5,40.235195,5887200,110518798230.0,0.06000099999999975,0.09609385163507089
2017-09-13,62.75,62.939999,62.400002,62.509998,40.241627,6454100,111067500000.0,-0.24000199999999694,-0.3824733067729035
2017-09-14,62.119999,62.419998,61.849998,62.279999,40.521404,7552400,109952398230.0,0.1599999999999966,0.2575660054340899
2017-09-15,62.330002,62.810001,61.59,62.389999,40.592964,16567300,110324103540.0,0.05999700000000274,0.09625701600330887
2017-09-18,62.009998,62.630001,62.009998,62.560001,40.703575,6381500,109757696460.0,0.5500029999999967,0.8869585836787104
2017-09-19,62.549999,62.57,62.169998,62.23,40.488865,5610000,110713498230.0,-0.3199990000000028,-0.5115891368759299
2017-09-20,62.299999,62.380001,60.779999,61.220001,39.831734,7026200,110270998230.0,-1.0799979999999962,-1.7335441690777493
2017-09-21,61.110001,61.549999,60.779999,61.5,40.013905,6432100,108164701770.0,0.3899990000000031,0.6381917748618644
2017-09-22,61.549999,62.720001,61.43,62.490002,40.658031,8550100,108943498230.0,0.9400029999999973,1.5272185463398582
2017-09-25,62.509998,63.849998,62.439999,63.790001,41.50386,11248400,110642696460.0,1.2800029999999936,2.0476772371677145
2017-09-26,64.150002,65.169998,64.029999,64.519997,41.978817,12651900,113545503540.0,0.36999500000000296,0.576765375626961
2017-09-27,64.480003,64.519997,63.75,64.410004,41.907253,8743600,114129605310.0,-0.0699989999999957,-0.10855923812533895
2017-09-28,64.489998,64.839996,64.040001,64.190002,41.764103,8932800,114147296460.0,-0.29999599999999305,-0.4651822132169907
2017-09-29,64.190002,64.269997,63.290001,63.419998,41.263119,7758900,113616303540.00002,-0.7700040000000072,-1.1995699891082838
2017-10-02,63.349998,63.490002,62.799999,62.900002,40.924789,7883000,112129496460.0,-0.44999599999999873,-0.7103330926703403
2017-10-03,62.939999,63.529999,62.93,63.369999,41.230591,6400200,111403798230.0,0.4299999999999997,0.6831903508609839
2017-10-04,63.450001,63.77,63.23,63.490002,41.308666,6653700,112306501770.0,0.04000099999999662,0.06304334021995779
2017-10-05,63.720001,63.939999,63.509998,63.810001,41.516865,5234200,112784401770.0,0.0899999999999963,0.14124293563648296
2017-10-06,63.689999,63.779999,62.32,62.549999,40.697071,9563300,112731298230.0,-1.1400000000000006,-1.7899199527385774
2017-10-09,62.830002,64.07,62.75,63.57,41.360714,7275600,111209103540.0,0.7399979999999999,1.1777780939749132
2017-10-10,64.080002,65.129997,63.900002,65.010002,42.297626,8300800,113421603539.99998,0.9300000000000068,1.45131081612639
2017-10-11,65.129997,65.239998,64.580002,64.870003,42.206543,5552200,115280094690.0,-0.25999400000000605,-0.39919240284934454
2017-10-12,64.669998,65.489998,64.279999,65.349998,42.518841,6895900,114465896460.00002,0.6799999999999926,1.0514922236428592
2017-10-13,65.580002,65.900002,64.919998,65.050003,42.323654,6437200,116076603539.99998,-0.5299989999999895,-0.808171674041714
2017-10-16,65.050003,65.489998,64.940002,65.370003,42.531853,4748000,115138505310.0,0.3199999999999932,0.49192926247827107
2017-10-17,65.220001,65.400002,64.809998,64.870003,42.206543,7507900,115439401770.0,-0.34999799999999937,-0.5366421260864429
2017-10-18,64.800003,64.989998,64.5,64.809998,42.1675,5614600,114696005310.0,0.009994999999989318,0.015424382001941137
2017-10-19,64.330002,64.730003,63.880001,64.370003,41.881222,6037000,113864103539.99998,0.04000100000000373,0.062180940084540545
2017-10-20,64.489998,65.139999,64.480003,65.0,42.291115,6430300,114147296460.0,0.5100020000000001,0.790823407995764
2017-10-23,64.989998,65.160004,64.239998,64.5,41.965805,4833600,115032296460.0,-0.48999799999999993,-0.7539590938285611
2017-10-24,64.389999,64.440002,63.580002,64.129997,41.725071,7686900,113970298230.0,-0.26000200000000007,-0.40379252063662874
2017-10-25,64.199997,64.449997,63.389999,63.790001,41.50386,7114100,113633994690.0,-0.4099959999999996,-0.6386230828017011
2017-10-26,64.339996,65.940002,63.709999,65.790001,42.805122,8939500,113881792920.0,1.4500050000000044,2.2536603825713706
2017-10-27,65.550003,65.769997,64.760002,64.919998,42.239067,6473800,116023505310.0,-0.630004999999997,-0.9611059819478528
2017-10-30,64.75,64.800003,63.66,64.050003,41.673019,6842300,114607500000.0,-0.6999969999999962,-1.081076447876442
2017-10-31,63.990002,64.730003,63.830002,64.220001,41.783623,7025400,113262303540.0,0.2299989999999994,0.35942958714081524
2017-11-01,64.559998,65.029999,64.339996,64.699997,42.095928,5669200,114271196459.99998,0.1399990000000031,0.21685099804371602
2017-11-02,64.57,64.75,63.349998,63.900002,41.575428,8668100,114288899999.99998,-0.6699979999999925,-1.037630478550399
2017-11-03,64.029999,64.300003,63.630001,63.91,41.581928,7290200,113333098230.0,-0.11999900000000707,-0.18741059171343585
2017-11-06,63.689999,63.950001,63.259998,63.450001,41.282642,6319400,112731298230.0,-0.23999799999999993,-0.3768221129976779
2017-11-07,63.25,64.370003,63.25,64.309998,41.842182,6007400,111952500000.0,1.0599979999999931,1.6758861660078943
2017-11-08,64.25,65.169998,64.120003,64.589996,42.024364,5700500,113722500000.0,0.3399959999999993,0.529176653696497
2017-11-09,64.410004,64.790001,64.120003,64.510002,41.972309,3792600,114005707080.0,0.09999799999999937,0.15525228037557545
2017-11-10,64.290001,65.260002,64.290001,65.019997,42.304131,4998200,113793301770.0,0.7299959999999999,1.1354736174292481
2017-11-13,65.050003,66.059998,64.860001,65.839996,42.83765,8183800,115138505310.0,0.7899929999999955,1.2144396057906337
2017-11-14,65.75,66.279999,65.339996,65.730003,42.766083,8154100,116377500000.0,-0.019997000000003595,-0.030413688212933224
2017-11-15,65.690002,65.989998,65.010002,65.260002,42.460289,4572700,116271303540.00002,-0.4300000000000068,-0.6545897197567551
2017-11-16,65.440002,66.110001,65.440002,65.879997,42.863678,5205700,115828803540.00002,0.43999499999999614,0.6723639770059849
2017-11-17,65.529999,66.5,65.290001,66.419998,43.215019,6926800,115988098230.0,0.8899990000000031,1.3581550642172344
2017-11-20,66.260002,66.739998,65.760002,65.830002,42.831142,5098700,117280203540.0,-0.4300000000000068,-0.648958628163046
2017-11-21,65.860001,66.360001,65.639999,65.650002,42.714035,4916400,116572201770.0,-0.20999899999999627,-0.3188566608129816
2017-11-22,65.730003,65.849998,65.449997,65.489998,42.609932,5437700,116342105310.0,-0.24000499999999647,-0.3651376678014095
2017-11-24,65.599998,65.599998,65.040001,65.480003,42.603432,2075600,116111996460.0,-0.11999500000000296,-0.18291921289388297
2017-11-27,65.410004,65.589996,64.949997,65.07,42.336658,4854700,115775707080.0,-0.3400040000000075,-0.5198042794799516
2017-11-28,65.279999,66.5,64.5,66.400002,43.202015,9686300,115545598230.0,1.120002999999997,1.7156908963800641
2017-11-29,66.230003,68.349998,66.230003,67.370003,43.833126,9229500,117227105310.0,1.1400000000000006,1.7212742690046392
2017-11-30,67.599998,68.190002,67.18,67.830002,44.132416,10224500,119651996460.0,0.23000399999999388,0.3402426136166363
2017-12-01,67.959999,68.650002,66.779999,68.580002,44.620392,8049500,120289198230.0,0.620002999999997,0.9123057815230354
2017-12-04,68.650002,70.199997,68.620003,70.080002,45.596336,9630900,121510503540.0,1.4299999999999926,2.0830298009313863
2017-12-05,70.269997,70.489998,69.730003,70.18,45.661396,8431900,124377894690.0,-0.08999699999999677,-0.12807315190293342
2017-12-06,70.980003,71.779999,70.199997,71.660004,46.62434,9716800,125634605310.0,0.6800010000000043,0.9580177109882685
2017-12-07,71.440002,71.57,70.849998,71.5,46.520241,6043400,126448803540.00002,0.05999799999999311,0.08398376024680558
2017-12-08,71.410004,71.550003,71.040001,71.540001,46.546261,5270200,126395707080.0,0.12999700000000303,0.1820431210170539
2017-12-11,71.519997,71.669998,71.190002,71.650002,46.617832,4400000,126590394690.0,0.13000499999999704,0.1817743364838187
2017-12-12,71.699997,72.089996,71.050003,71.720001,46.663372,8366200,126908994690.0,0.020004000000000133,0.027899582757304902
2017-12-13,71.839996,72.650002,71.75,72.32,47.053749,5975200,127156792920.0,0.4800039999999939,0.6681570527927004
2017-12-14,72.150002,72.669998,71.120003,71.790001,46.70892,9072700,127705503540.0,-0.3600009999999969,-0.4989618711306438
2017-12-15,72.050003,72.349998,71.559998,71.669998,46.63084,14169100,127528505310.0,-0.38000499999999704,-0.5274184374426703
2017-12-18,71.779999,72.779999,71.739998,72.650002,47.268459,7451200,127050598230.0,0.870002999999997,1.2120409753697503
2017-12-19,73.900002,74.379997,73.32,73.900002,48.081753,8475500,130803003540.0,0.0,0.0
2017-12-20,73.209999,73.25,71.290001,72.599998,47.661591,7400700,129581698230.0,-0.6100009999999969,-0.8332208828468867
2017-12-21,72.550003,72.669998,71.800003,71.940002,47.228302,4170200,128413505310.0,-0.6100009999999969,-0.8408007922480677
2017-12-22,72.010002,72.269997,71.769997,72.139999,47.359604,4807600,127457703540.0,0.12999700000000303,0.18052631077555453
2017-12-26,71.970001,72.410004,71.910004,72.080002,47.320221,3839500,127386901770.0,0.1100009999999969,0.1528428490642885
2017-12-27,72.199997,72.949997,72.089996,72.43,47.54998,4616800,127793994690.0,0.23000300000001062,0.31856372514809195
2017-12-28,72.410004,72.449997,71.019997,71.269997,46.788452,13351300,128165707080.0,-1.140006999999997,-1.5743777613932974
2017-12-29,71.290001,72.150002,71.120003,71.410004,46.880363,5504400,126183301770.0,0.12000299999999697,0.168330759316439
2018-01-02,71.510002,71.82,70.029999,70.739998,46.440514,5917300,126572703540.0,-0.7700040000000001,-1.0767780428813303
2018-01-03,70.660004,70.949997,70.269997,70.480003,46.269825,6036400,125068207080.0,-0.1800010000000043,-0.25474241411025716
2018-01-04,70.599998,70.800003,70.129997,70.199997,46.085995,6177300,124961996460.0,-0.40000100000000316,-0.5665736704411849
2018-01-05,70.330002,70.550003,69.860001,70.400002,46.2173,6383400,124484103539.99998,0.07000000000000739,0.0995307806190698
2018-01-08,70.199997,70.540001,69.82,70.309998,46.158215,6054800,124253994690.0,0.1100009999999969,0.1566965878930122
2018-01-09,70.589996,70.769997,69.400002,69.57,45.672405,6269300,124944292920.0,-1.0199960000000061,-1.4449582912570305
2018-01-10,69.82,70.419998,68.870003,70.290001,46.145092,6709900,123581399999.99998,0.47000100000001055,0.6731609853910205
2018-01-11,70.309998,71.040001,70.029999,70.290001,46.145092,7486300,124448696459.99998,-0.019996999999989384,-0.02844118982906156
2018-01-12,70.209999,70.459999,69.529999,69.610001,45.698673,7413600,124271698230.0,-0.5999979999999994,-0.8545762833581574
2018-01-16,69.839996,69.919998,68.239998,68.919998,45.245686,10521000,123616792920.0,-0.9199979999999925,-1.3172938898793645
2018-01-17,69.120003,70.519997,68.980003,70.150002,46.053185,7724500,122342405310.0,1.0299990000000037,1.490160525600677
2018-01-18,69.989998,70.419998,69.57,70.029999,45.9744,8605000,123882296460.0,0.04000100000000373,0.05715245198321584
2018-01-19,70.839996,71.68,70.629997,71.120003,46.689972,8714000,125386792920.0,0.2800069999999977,0.3952668207378184
2018-01-22,71.099998,71.57,70.900002,71.279999,46.795029,4987800,125846996460.0,0.1800010000000043,0.2531659705531979
2018-01-23,71.360001,71.610001,70.940002,71.449997,46.906628,4596400,126307201770.0,0.0899959999999993,0.12611546908470378
2018-01-24,71.470001,71.860001,71.199997,71.559998,46.978844,6121800,126501901770.0,0.08999699999999677,0.1259227630345168
2018-01-25,71.510002,71.690002,67.650002,69.910004,45.895618,12691800,126572703540.0,-1.5999979999999994,-2.2374464484003225
2018-01-26,70.040001,71.239998,69.989998,71.019997,46.624325,6819100,123970801770.0,0.9799959999999999,1.399194725882428
2018-01-29,70.68,70.82,69.800003,69.830002,45.843094,5387900,125103600000.00002,-0.8499980000000136,-1.2026004527447842
2018-01-30,69.82,70.209999,69.32,69.82,45.836529,6365200,123581399999.99998,0.0,0.0
2018-01-31,69.870003,70.650002,69.779999,70.339996,46.177917,9800300,123669905310.0,0.4699930000000023,0.6726677827679531
2018-02-01,69.900002,70.489998,68.459999,69.93,45.908752,14240400,123723003540.0,0.029998000000006186,0.04291559247738818
2018-02-02,69.900002,70.660004,69.160004,69.400002,45.560814,8652400,123723003540.0,-0.5,-0.7153075617937751
2018-02-05,68.440002,68.870003,65.879997,66.040001,43.354984,12619800,121138803540.00002,-2.400001000000003,-3.5067225743213783
2018-02-06,64.790001,66.669998,63.459999,66.529999,43.67667,16146400,114678301770.0,1.739998,2.6855965012255516
2018-02-07,66.449997,68.209999,66.269997,66.790001,43.847359,8352900,117616494690.0,0.3400040000000075,0.5116689471031993
2018-02-08,66.660004,67.269997,64.0,64.050003,42.048561,13457400,117988207080.0,-2.610000999999997,-3.9153928043568627
2018-02-09,64.529999,64.68,62.830002,64.029999,42.035423,10713100,114218098230.0,-0.5,-0.7748334228240108
2018-02-12,64.470001,65.800003,64.339996,65.349998,42.901993,6739900,114111901770.0,0.879997000000003,1.364971283310517
2018-02-13,65.0,65.82,64.730003,65.639999,43.092381,5226300,115050000000.0,0.6399990000000031,0.984613846153851
2018-02-14,65.379997,65.860001,64.919998,65.18,42.79039,5532500,115722594690.0,-0.1999969999999962,-0.305899371638081
2018-02-15,65.349998,65.480003,64.599998,65.32,42.882309,5366500,115669496460.0,-0.029998000000006186,-0.04590359742628636
2018-02-16,65.349998,66.050003,64.849998,65.459999,42.974216,6202700,115669496460.0,0.1100009999999969,0.1683259424124189
2018-02-20,65.099998,65.18,64.18,64.190002,42.140465,6294000,115226996460.0,-0.9099959999999925,-1.397843360916835
2018-02-21,64.190002,64.720001,63.799999,63.93,41.969776,7077300,113616303540.00002,-0.26000200000000717,-0.4050506183190447
2018-02-22,64.040001,65.089996,63.25,63.34,41.582439,5701500,113350801770.0,-0.7000010000000003,-1.093068377684754
2018-02-23,63.720001,64.629997,63.529999,64.589996,42.403057,5632500,112784401770.0,0.8699949999999959,1.3653405309896272
2018-02-26,64.800003,65.550003,64.699997,65.43,42.954514,6320400,114696005310.0,0.629997000000003,0.9722175475825255
2018-02-27,65.32,65.550003,63.889999,64.0,42.015724,8860400,115616399999.99998,-1.3199999999999932,-2.020820575627669
2018-02-28,64.209999,64.529999,62.93,62.950001,41.326405,9254200,113651698230.0,-1.259997999999996,-1.9623080822661219
2018-03-01,62.75,63.799999,62.099998,62.43,40.985031,11718000,111067500000.0,-0.3200000000000003,-0.5099601593625502
2018-03-02,62.310001,63.099998,62.110001,62.549999,41.063808,14796300,110288701770.0,0.23999799999999993,0.38516770365643216
2018-03-05,62.59,64.239998,62.459999,64.129997,42.10107,9725600,110784300000.0,1.5399969999999996,2.460452148905575
2018-03-06,64.370003,64.980003,64.099998,64.769997,42.521229,9306500,113934905310.0,0.3999940000000066,0.6213981378873117
2018-03-07,64.330002,65.190002,63.900002,64.07,42.061687,8154200,113864103539.99998,-0.26000200000000007,-0.404169115368596
2018-03-08,64.220001,65.470001,64.110001,65.43,42.954514,6437200,113669401770.0,1.2099990000000105,1.8841466539373155
2018-03-09,65.709999,65.790001,65.129997,65.650002,43.098949,6775900,116306698230.0,-0.05999699999999564,-0.09130573872021462
2018-03-12,65.779999,66.370003,65.559998,65.769997,43.177731,8236400,116430598230.0,-0.010002000000000066,-0.015205229784208518
2018-03-13,66.220001,66.529999,65.760002,66.129997,43.414066,7166200,117209401770.0,-0.09000399999999331,-0.1359166394455254
2018-03-14,65.699997,65.900002,63.610001,63.82,42.345802,7939600,116288994690.0,-1.879996999999996,-2.86148719306638
2018-03-15,63.66,64.5,63.400002,63.810001,42.339165,9641800,112678200000.0,0.15000100000000316,0.23562833804587363
2018-03-16,63.900002,64.300003,63.060001,63.189999,41.927769,13398100,113103003540.0,-0.7100030000000004,-1.1111157711700859
2018-03-19,63.150002,63.41,62.259998,62.48,41.45668,8199500,111775503540.0,-0.6700020000000038,-1.060969087538594
2018-03-20,62.689999,62.779999,61.459999,61.52,40.819702,6505200,110961298230.0,-1.1699989999999971,-1.8663248024617087
2018-03-21,61.080002,61.490002,59.830002,60.0,39.811153,10480200,108111603540.0,-1.0800020000000004,-1.768176104512898
2018-03-22,59.82,61.380001,59.650002,60.389999,40.069931,9788600,105881400000.0,0.5699990000000028,0.9528569040454744
2018-03-23,60.669998,60.75,59.07,59.27,39.326786,7997200,107385896460.0,-1.3999979999999965,-2.307562297925239
2018-03-26,59.880001,59.990002,59.099998,59.599998,39.545753,7256500,105987601770.0,-0.28000300000000067,-0.46760687261845685
2018-03-27,59.720001,61.439999,59.689999,60.720001,40.288883,10135900,105704401770.0,1.0,1.6744808828787527
2018-03-28,61.150002,62.75,61.110001,62.450001,41.436779,9587400,108235503540.0,1.2999989999999997,2.1259181643199287
2018-03-29,62.599998,63.150002,62.16,62.32,41.350517,5888300,110801996460.0,-0.2799979999999991,-0.447281164449876
2018-04-02,62.52,62.610001,60.450001,60.509998,40.149551,7740900,110660400000.0,-2.010002,-3.214974408189379
2018-04-03,60.939999,62.959999,60.68,62.66,41.576122,8837900,107863798230.0,1.7200009999999963,2.8224499970864727
2018-04-04,62.27,63.630001,62.200001,63.349998,42.033943,6956800,110217900000.0,1.0799979999999962,1.7343793158824412
2018-04-05,63.669998,64.620003,63.029999,64.540001,42.823532,8546500,112695896460.0,0.8700030000000041,1.3664253609682917
2018-04-06,64.480003,64.809998,63.459999,63.849998,42.365704,6456800,114129605310.0,-0.630004999999997,-0.9770548552859047
2018-04-09,63.889999,64.010002,63.18,63.25,41.967594,7270000,113085298230.0,-0.6399990000000031,-1.001720159676326
2018-04-10,64.029999,64.449997,63.700001,64.220001,42.611206,6242400,113333098230.0,0.19000199999999268,0.29673903321471656
2018-04-11,64.150002,64.699997,63.799999,63.84,42.359077,6168400,113545503540.0,-0.3100019999999972,-0.4832455032503308
2018-04-12,64.220001,64.360001,63.209999,63.400002,42.06712,4633200,113669401770.0,-0.8199989999999957,-1.2768592140009398
2018-04-13,63.84,64.190002,63.450001,63.950001,42.43206,4263300,112996800000.0,0.1100009999999969,0.17230733082706282
2018-04-16,64.18,64.57,63.919998,64.25,42.631115,5136000,113598600000.00002,0.06999999999999318,0.10906824555935365
2018-04-17,64.489998,64.550003,63.77,63.98,42.451965,4877300,114147296460.0,-0.5099980000000031,-0.7908172054835589
2018-04-18,62.919998,63.200001,60.57,61.5,40.806442,16672600,111368396460.0,-1.4199979999999996,-2.2568309681128715
2018-04-19,60.509998,60.509998,56.09,57.779999,38.338142,24260600,107102696460.0,-2.7299990000000065,-4.511649463283748
2018-04-20,57.630001,57.82,56.57,57.23,37.973213,13541900,102005101770.0,-0.40000100000000316,-0.6940846660752324
2018-04-23,57.049999,57.43,56.459999,56.57,37.535286,8776600,100978498230.0,-0.4799989999999994,-0.8413654836348015
2018-04-24,56.689999,56.689999,54.830002,55.299999,36.692619,13878900,100341298230.0,-1.3900000000000006,-2.4519316008455045
2018-04-25,55.23,56.009998,55.02,55.84,37.050915,14061000,97757100000.0,0.6100000000000065,1.104472207133816
2018-04-26,55.91,56.34,54.23,54.77,36.340954,18536600,98960700000.0,-1.1399999999999935,-2.0389912359148514
2018-04-27,54.700001,56.290001,54.689999,56.130001,37.243343,10368400,96819001770.0,1.4299999999999997,2.614259550013536
2018-04-30,56.75,56.779999,56.029999,56.110001,37.230076,12236400,100447500000.0,-0.6399990000000031,-1.1277515418502257
2018-05-01,55.720001,56.119999,55.549999,56.029999,37.176991,6046400,98624401770.0,0.3099979999999931,0.5563495951839503
2018-05-02,56.150002,56.439999,55.419998,55.689999,36.95137,8519200,99385503540.0,-0.4600030000000004,-0.8192395077741945
2018-05-03,55.709999,56.790001,55.619999,56.360001,37.395954,7291300,98606698230.0,0.6500019999999935,1.1667600281234856
2018-05-04,56.150002,56.77,56.150002,56.259998,37.329601,6661300,99385503540.0,0.10999600000000243,0.19589669827616824
2018-05-07,56.259998,56.389999,55.59,55.709999,36.964661,5298000,99580196460.0,-0.5499989999999997,-0.9776022388056246
2018-05-08,55.490002,55.5,54.73,55.27,36.672714,7690400,98217303540.0,-0.2200019999999938,-0.39647142200498353
2018-05-09,55.380001,56.459999,55.16,55.919998,37.103992,5983200,98022601770.0,0.5399969999999996,0.9750758220463009
2018-05-10,56.0,56.599998,55.98,56.040001,37.18362,4966000,99120000000.0,0.04000099999999662,0.0714303571428511
2018-05-11,55.869999,56.330002,55.07,55.189999,36.619621,10885300,98889898230.0,-0.6799999999999997,-1.2171111726706845
2018-05-14,55.209999,55.650002,54.959999,55.02,36.506832,9358100,97721698230.0,-0.18999900000000025,-0.34413874921461285
2018-05-15,54.669998,54.810001,53.91,54.52,36.175076,9726600,96765896460.0,-0.14999799999999652,-0.27436986553391957
2018-05-16,54.709999,55.299999,54.52,54.869999,36.407303,9329800,96836698230.0,0.1599999999999966,0.29245111117621586
2018-05-17,55.139999,55.599998,55.0,55.290001,36.685982,11738300,97597798230.0,0.15000199999999353,0.27203845252154163
2018-05-18,55.34,55.880001,55.049999,55.540001,36.851856,8572400,97951800000.0,0.2000009999999932,0.3614040477050835
2018-05-21,55.619999,55.869999,55.470001,55.639999,36.918209,6338300,98447398230.0,0.020000000000003126,0.03595828903197774
2018-05-22,55.599998,55.799999,55.150002,55.209999,36.632893,7550200,98411996460.0,-0.389998999999996,-0.7014370755912545
2018-05-23,55.27,55.98,55.139999,55.880001,37.077457,6632100,97827900000.0,0.6100009999999969,1.1036746878957786
2018-05-24,55.950001,56.02,55.639999,55.889999,37.084095,7274400,99031501770.0,-0.060001999999997224,-0.10724217860156467
2018-05-25,55.869999,56.150002,55.450001,55.630001,36.911579,5333000,98889898230.0,-0.23999799999999993,-0.4295650694391456
2018-05-29,55.259998,55.77,55.09,55.73,36.977932,7769900,97810196460.0,0.4700019999999938,0.8505284419300808
2018-05-30,55.919998,56.700001,55.419998,56.59,37.548561,7187400,98978396460.0,0.6700020000000038,1.1981438196761092
2018-05-31,56.41,56.52,55.540001,55.740002,36.984562,10678300,99845700000.0,-0.6699979999999996,-1.1877291260414815
2018-06-01,55.91,56.110001,55.59,55.720001,36.971294,4696500,98960700000.0,-0.18999899999999315,-0.33983008406366155
2018-06-04,55.700001,56.330002,55.52,56.02,37.170357,5854400,98589001770.0,0.3199990000000028,0.5745044780160826
2018-06-05,56.07,56.43,55.57,56.330002,37.376038,7740800,99243900000.0,0.26000200000000007,0.463709648653469
2018-06-06,56.349998,56.470001,55.939999,56.310001,37.362778,8910700,99739496460.0,-0.039996999999999616,-0.07097959435597427
2018-06-07,56.279999,57.110001,55.939999,56.689999,37.614899,7626600,99615598230.0,0.4100000000000037,0.7285003683102478
2018-06-08,56.73,57.720001,56.700001,57.709999,38.291695,6839800,100412100000.0,0.9799990000000065,1.727479287854762
2018-06-11,57.779999,58.459999,57.59,58.25,38.64999,7772600,102270598230.0,0.47000100000000344,0.8134319974633496
2018-06-12,58.25,58.299999,57.720001,57.880001,38.404495,7555700,103102500000.0,-0.36999899999999997,-0.6351914163090129
2018-06-13,57.91,57.91,57.029999,57.43,38.105915,9204500,102500700000.0,-0.4799999999999969,-0.8288723881885631
2018-06-14,56.799999,56.939999,56.400002,56.700001,38.085754,5602500,100535998230.0,-0.09999799999999937,-0.1760528200009288
2018-06-15,56.509998,57.810001,56.509998,57.790001,38.817928,11512100,100022696460.0,1.2800029999999936,2.265091214478531
2018-06-18,57.380001,57.389999,56.139999,56.599998,38.018581,7621600,101562601770.0,-0.7800030000000007,-1.3593638661665424
2018-06-19,56.48,57.209999,56.240002,56.790001,38.146217,11703700,99969600000.0,0.31000099999999975,0.5488686260623226
2018-06-20,56.919998,56.98,56.470001,56.75,38.119343,8086800,100748396460.0,-0.16999799999999965,-0.2986612894821248
2018-06-21,56.790001,56.889999,56.490002,56.689999,38.079033,6183900,100518301770.0,-0.10000199999999637,-0.17609085796634583
2018-06-22,56.790001,57.279999,56.740002,57.02,38.300701,7354700,100518301770.0,0.2299990000000065,0.40499911243179326
2018-06-25,56.799999,57.220001,56.59,57.07,38.334282,6492500,100535998230.0,0.2700010000000006,0.475353881608344
2018-06-26,56.880001,57.110001,56.07,56.099998,37.682732,7626300,100677601770.0,-0.7800030000000007,-1.3713132670303587
2018-06-27,56.169998,56.459999,55.650002,55.990002,37.608849,7188700,99420896460.0,-0.1799960000000027,-0.320448649472985
2018-06-28,56.48,57.349998,56.360001,57.290001,38.482063,6534100,99969600000.0,0.8100009999999997,1.4341377478753536
2018-06-29,57.360001,57.450001,56.75,56.790001,38.146217,6602900,101527201770.0,-0.5700000000000003,-0.9937238320480509
2018-07-02,56.400002,56.709999,55.450001,55.869999,37.52824,6454500,99828003540.0,-0.5300030000000007,-0.939721597882214
2018-07-03,56.080002,56.650002,55.669998,56.459999,37.924549,5003000,99261603540.0,0.379997000000003,0.6775980500143403
2018-07-05,56.450001,57.639999,56.349998,57.630001,38.710442,6716300,99916501770.0,1.1799999999999997,2.090345401411064
2018-07-06,57.75,58.560001,57.639999,58.290001,39.153778,8720100,102217500000.0,0.5400009999999966,0.9350666666666608
2018-07-09,58.290001,58.349998,57.630001,58.02,38.97242,7837900,103173301770.0,-0.2700009999999935,-0.4632029428168882
2018-07-10,58.470001,58.790001,58.09,58.759998,39.469475,9760400,103491901770.0,0.2899969999999996,0.4959757055588208
2018-07-11,58.799999,58.98,58.27,58.689999,39.422462,7697600,104075998230.0,-0.10999999999999943,-0.1870748331135166
2018-07-12,58.82,58.950001,57.860001,58.009998,38.965687,5279800,104111400000.0,-0.8100019999999972,-1.377086025161505
2018-07-13,58.060001,58.720001,58.02,58.5,39.294827,5428200,102766201770.0,0.43999900000000025,0.7578349852250265
2018-07-16,58.34,58.43,56.959999,57.139999,38.381306,7032200,103261800000.0,-1.2000010000000003,-2.0569094960575938
2018-07-17,57.150002,57.740002,57.09,57.349998,38.522369,8012100,101155503540.0,0.19999599999999873,0.34994924409626216
2018-07-18,57.169998,57.799999,57.09,57.43,38.576111,5066200,101190896460.0,0.26000200000000007,0.45478749185892936
2018-07-19,56.669998,57.029999,55.18,56.939999,38.246975,9201100,100305896460.0,0.2700010000000006,0.4764443436190003
2018-07-20,56.77,57.860001,56.759998,57.639999,38.717155,6533900,100482900000.0,0.869999,1.5324977981328165
2018-07-23,57.57,57.759998,57.060001,57.59,38.683582,4729000,101898900000.0,0.020000000000003126,0.03474031613688228
2018-07-24,57.610001,58.299999,57.419998,57.990002,38.952263,7627400,101969701770.0,0.38000100000000003,0.6596094313555038
2018-07-25,58.049999,58.439999,57.529999,57.849998,38.858223,8150900,102748498230.0,-0.20000100000000032,-0.3445323056766983
2018-07-26,56.34,57.57,55.779999,56.099998,37.682732,10404300,99721800000.0,-0.24000200000000405,-0.42598864039759327
2018-07-27,56.360001,58.169998,56.080002,57.900002,38.891815,12220200,99757201770.0,1.5400010000000037,2.7324360764294586
2018-07-30,57.73,58.779999,57.73,58.450001,39.261246,6430600,102182100000.0,0.7200010000000034,1.2471869045556963
2018-07-31,58.73,59.099998,58.459999,58.68,39.415737,11759700,103952100000.0,-0.04999999999999716,-0.085135365230712
2018-08-01,58.52,58.639999,58.029999,58.080002,39.012711,8070800,103580400000.0,-0.4399980000000028,-0.7518762816131284
2018-08-02,58.130001,59.040001,58.040001,58.830002,39.516491,6375400,102890101770.0,0.7000010000000003,1.204199187954599
2018-08-03,58.880001,59.990002,58.830002,59.73,40.121037,6341800,104217601770.0,0.8499989999999968,1.4436124075473382
2018-08-06,59.639999,60.25,59.509998,60.209999,40.443455,6938000,105562798230.0,0.5700000000000003,0.9557344224636897
2018-08-07,60.049999,60.130001,59.34,59.560001,40.006836,5661900,106288498230.0,-0.48999799999999993,-0.8159833607990568
2018-08-08,59.360001,59.549999,58.5,58.610001,39.368721,5302100,105067201770.0,-0.75,-1.263477067663796
2018-08-09,58.509998,59.330002,58.490002,59.220001,39.778469,4646700,103562696460.0,0.7100030000000004,1.2134729520927352
2018-08-10,59.209999,59.450001,58.860001,59.049999,39.66428,4284200,104801698230.0,-0.1600000000000037,-0.27022462878272246
2018-08-13,59.040001,59.299999,58.709999,58.98,39.617249,5962400,104500801770.0,-0.06000099999999975,-0.10162770830576334
2018-08-14,59.119999,59.66,58.919998,59.209999,39.771736,4028800,104642398230.0,0.09000000000000341,0.15223274953032967
2018-08-15,59.07,60.299999,59.02,60.18,40.423302,6894100,104553900000.0,1.1099999999999994,1.8791264601320457
2018-08-16,60.380001,61.0,60.27,60.830002,40.859913,7166700,106872601770.0,0.4500010000000003,0.7452815378389945
2018-08-17,60.919998,61.32,60.790001,61.0,40.974091,5438300,107828396460.0,0.08000200000000035,0.13132305092984467
2018-08-20,61.0,61.310001,60.720001,60.990002,40.967384,4488900,107970000000.0,-0.00999800000000306,-0.016390163934431247
2018-08-21,60.939999,60.939999,59.580002,59.93,40.255367,8386400,107863798230.0,-1.0099990000000005,-1.6573662890936387
2018-08-22,60.07,60.23,59.310001,59.32,39.845634,4580600,106323900000.0,-0.75,-1.2485433660729148
2018-08-23,59.299999,59.93,59.259998,59.82,40.18148,4137800,104960998230.0,0.5200010000000006,0.8768988343490538
2018-08-24,59.25,59.369999,58.549999,58.779999,39.482906,7705000,104872500000.0,-0.47000100000000344,-0.7932506329113982
2018-08-27,58.810001,59.310001,58.700001,59.009998,39.637394,6103200,104093701770.0,0.1999970000000033,0.3400731110343006
2018-08-28,59.0,59.099998,58.299999,58.450001,39.261246,5691700,104430000000.0,-0.5499989999999997,-0.9322016949152536
2018-08-29,58.48,58.759998,58.330002,58.419998,39.241085,3895600,103509600000.0,-0.060001999999997224,-0.10260259917920181
2018-08-30,58.32,58.860001,58.32,58.68,39.415737,3901100,103226400000.0,0.35999999999999943,0.6172839506172829
2018-08-31,58.549999,59.02,58.349998,58.52,39.308266,4278000,103633498230.0,-0.029998999999996556,-0.0512365508323861
2018-09-04,58.639999,59.360001,58.450001,59.110001,39.704567,4734800,103792798230.0,0.4700019999999938,0.8015041064376447
2018-09-05,59.080002,60.68,58.93,60.650002,40.738998,6635300,104571603540.0,1.5700000000000003,2.657413586411186
2018-09-06,60.619999,60.900002,60.32,60.790001,40.833042,5806000,107297398230.0,0.17000199999999666,0.2804388037023832
2018-09-07,60.509998,61.060001,60.41,60.93,40.927071,7558900,107102696460.0,0.42000199999999666,0.6941034769163216
2018-09-10,61.02,61.689999,60.540001,60.580002,40.691986,5694100,108005400000.0,-0.4399980000000028,-0.7210717797443507
2018-09-11,60.560001,60.700001,59.349998,59.470001,39.946381,7138800,107191201770.0,-1.0899999999999963,-1.7998678698832853
2018-09-12,59.509998,64.040001,59.119999,63.43,42.606342,18202000,105332696460.0,3.9200019999999967,6.587131795904272
2018-09-13,62.41,62.48,60.639999,61.459999,41.810417,8938300,110465700000.0,-0.9500009999999932,-1.5221935587245525
2018-09-14,61.639999,62.150002,60.700001,62.07,42.225376,7372500,109102798230.0,0.4300009999999972,0.6976005953536715
2018-09-17,62.07,62.59,61.73,62.439999,42.477089,6050000,109863900000.0,0.36999899999999997,0.5960995650072498
2018-09-18,62.669998,62.810001,61.810001,62.139999,42.272999,6420800,110925896460.0,-0.5299989999999966,-0.8456981281537563
2018-09-19,61.880001,62.700001,61.349998,61.84,42.068924,4490800,109527601770.0,-0.04000099999999662,-0.06464285609820307
2018-09-20,62.0,62.5,61.700001,62.259998,42.354633,5076800,109740000000.0,0.25999800000000306,0.4193516129032308
2018-09-21,62.450001,62.650002,62.150002,62.549999,42.551922,9754300,110536501770.0,0.09999799999999937,0.16012489735588534
2018-09-24,62.060001,62.490002,61.02,61.060001,41.538296,7323400,109846201770.0,-1.0,-1.6113438348156004
2018-09-25,61.599998,61.810001,60.68,60.709999,41.300198,8229100,109031996460.0,-0.889998999999996,-1.4448036183377735
2018-09-26,61.029999,61.290001,60.740002,60.810001,41.368221,7455300,108023098230.0,-0.2199979999999968,-0.3604751820493997
2018-09-27,60.790001,61.5,60.630001,60.77,41.341015,4213300,107598301770.0,-0.020000999999993496,-0.03290179251682114
2018-09-28,60.84,60.959999,60.27,60.310001,41.02808,6649100,107686800000.0,-0.5299990000000037,-0.8711357659434642
2018-10-01,60.34,60.66,59.599998,60.330002,41.041683,5885200,106801800000.0,-0.00999800000000306,-0.01656943984090663
2018-10-02,60.25,61.389999,60.060001,61.290001,41.694756,9370200,106642500000.0,1.0400009999999966,1.726142738589206
2018-10-03,61.419998,62.099998,60.77,60.860001,41.402237,7324000,108713396460.0,-0.5599970000000027,-0.9117502739091634
2018-10-04,60.450001,61.91,60.02,61.779999,42.028099,6229400,106996501770.0,1.3299979999999962,2.200162081056039
2018-10-05,61.75,62.23,61.450001,62.07,42.225376,7176800,109297500000.0,0.3200000000000003,0.5182186234817818
2018-10-08,62.349998,63.470001,62.200001,63.169998,42.973701,7689200,110359496460.0,0.8200000000000003,1.3151564174869745
2018-10-09,63.23,63.560001,62.759998,63.099998,42.926079,5837600,111917100000.0,-0.1300019999999975,-0.2056017713110826
2018-10-10,63.200001,64.5,62.84,62.91,42.796829,11685300,111864001770.0,-0.29000100000000373,-0.4588623345116778
2018-10-11,62.91,63.57,60.84,61.119999,41.579109,9076200,111350700000.0,-1.7900009999999966,-2.8453361945636573
2018-10-12,60.32,60.610001,59.5,60.060001,40.858017,10604200,106766400000.0,-0.25999900000000054,-0.4310328249336879
2018-10-15,60.189999,62.290001,60.07,61.439999,41.796803,8122900,106536298230.0,1.25,2.076756970871523
2018-10-16,61.139999,61.279999,60.43,60.77,41.341015,6829000,108217798230.0,-0.36999899999999997,-0.6051668401237624
2018-10-17,60.669998,61.290001,60.41,60.619999,41.238968,6192100,107385896460.0,-0.04999899999999968,-0.08241140868341496
2018-10-18,61.200001,62.16,60.700001,60.93,41.449852,5979400,108324001770.0,-0.2700010000000006,-0.441178097366372
2018-10-19,60.959999,62.099998,60.959999,61.950001,42.143753,5398300,107899198230.0,0.9900019999999969,1.6240190555121186
2018-10-22,61.950001,62.48,61.220001,61.310001,41.70837,4550000,109651501770.0,-0.6400000000000006,-1.0330911859065193
2018-10-23,61.25,62.119999,60.880001,61.849998,42.075722,5563300,108412500000.0,0.5999979999999994,0.9795885714285704
2018-10-24,62.029999,63.09,61.810001,62.310001,42.388657,6561000,109793098230.0,0.2800020000000032,0.4513977180621963
2018-10-25,61.5,63.84,60.919998,63.16,42.966892,7975800,108855000000.0,1.6599999999999966,2.6991869918699134
2018-10-26,63.889999,64.139999,62.369999,63.09,42.91927,9740100,113085298230.0,-0.7999989999999997,-1.2521505908929496
2018-10-29,63.389999,64.989998,63.25,64.589996,43.939705,9684000,112200298230.0,1.1999969999999962,1.8930383639854547
2018-10-30,64.910004,66.0,64.639999,65.870003,44.810474,11658500,114890707080.0,0.9599989999999963,1.4789692510263845
2018-10-31,65.5,65.809998,64.449997,65.040001,44.245834,9911700,115935000000.0,-0.45999899999999627,-0.7022885496183149
2018-11-01,64.699997,65.239998,63.16,63.669998,43.313843,8897000,114518994690.0,-1.0299989999999966,-1.591961433939474
2018-11-02,63.599998,64.18,62.779999,63.669998,43.313843,9939600,112571996460.0,0.07000000000000028,0.11006289654285883
2018-11-05,63.869999,65.089996,63.700001,64.629997,43.966915,7185200,113049898230.0,0.7599980000000031,1.1899139062144075
2018-11-06,64.349998,64.980003,64.099998,64.870003,44.130188,6977400,113899496460.0,0.5200049999999976,0.8080886032039932
2018-11-07,65.260002,65.809998,64.739998,65.370003,44.470333,4793100,115510203540.0,0.1100009999999969,0.16855807022500077
2018-11-08,65.129997,65.629997,65.059998,65.370003,44.470333,5698400,115280094690.0,0.24000599999999395,0.36850301098585025
2018-11-09,65.459999,66.040001,62.669998,63.419998,43.143772,14986300,115864198230.0,-2.0400009999999966,-3.116408541344458
2018-11-12,61.299999,62.950001,61.139999,61.200001,41.633533,16509200,108500998230.0,-0.09999799999999937,-0.16312887704940968
2018-11-13,61.150002,61.490002,59.619999,60.0,40.817192,11639600,108235503540.0,-1.1500020000000006,-1.8806246318683697
2018-11-14,60.540001,60.68,58.900002,59.099998,40.204933,9124400,107155801770.0,-1.4400029999999973,-2.3785975821176435
2018-11-15,58.77,58.830002,57.150002,57.279999,38.96682,13850900,104022900000.0,-1.4900010000000066,-2.535308831036254
2018-11-16,57.169998,57.259998,56.209999,56.779999,38.626671,11827900,101190896460.0,-0.3899990000000031,-0.6821742411115759
2018-11-19,56.939999,57.169998,55.34,55.68,37.878357,10301600,100783798230.0,-1.2599990000000005,-2.2128539201414466
2018-11-20,55.830002,56.549999,55.619999,55.630001,37.844334,10165700,98819103540.0,-0.20000100000000032,-0.3582321204287263
2018-11-21,55.740002,55.799999,54.130001,54.389999,37.000778,9007700,98659803540.0,-1.3500029999999938,-2.421964391031048
2018-11-23,54.490002,54.790001,53.439999,53.720001,36.544998,4674300,96447303540.0,-0.7700009999999935,-1.413105105042928
2018-11-26,53.619999,53.810001,52.900002,53.209999,36.198044,12202700,94907398230.0,-0.4099999999999966,-0.7646400739395698
2018-11-27,53.34,54.240002,53.23,53.790001,36.592617,8955700,94411800000.0,0.4500009999999932,0.8436464191975875
2018-11-28,53.790001,55.18,53.310001,54.950001,37.381744,10652100,95208301770.0,1.1600000000000037,2.1565346317803633
2018-11-29,55.48,56.279999,55.029999,55.939999,38.055222,15437200,98199600000.0,0.4599990000000034,0.8291258111031063
2018-11-30,55.91,56.119999,54.540001,54.830002,37.300114,13911300,98960700000.0,-1.0799979999999962,-1.9316723305312045
2018-12-03,54.700001,56.119999,54.549999,55.73,37.912369,9370000,96819001770.0,1.0299989999999966,1.8829963092687998
2018-12-04,55.790001,56.23,54.299999,54.400002,37.007587,12359900,98748301770.0,-1.389998999999996,-2.4914840922838413
2018-12-06,54.400002,55.049999,53.189999,54.400002,37.007587,12456700,96288003540.0,0.0,0.0
2018-12-07,55.419998,56.139999,53.919998,54.18,36.857922,12371700,98093396460.0,-1.239998,-2.2374558728782343
2018-12-10,54.41,54.48,52.73,53.360001,36.300095,10323000,96305700000.0,-1.0499989999999997,-1.9297904796912329
2018-12-11,53.75,54.66,53.48,53.950001,36.701469,9348000,95137500000.0,0.20000100000000032,0.37209488372093086
2018-12-12,54.439999,54.889999,53.169998,53.330002,36.279686,9310400,96358798230.0,-1.109997,-2.038936481244241
2018-12-13,53.360001,54.099998,53.23,53.919998,36.681049,8120000,94447201770.0,0.5599970000000027,1.0494696205121938
2018-12-14,53.509998,53.66,52.450001,52.73,35.871513,9411600,94712696460.0,-0.7799980000000062,-1.4576677801408369
2018-12-17,52.700001,53.450001,52.049999,52.349998,35.613003,10744000,93279001770.0,-0.35000300000000095,-0.6641423023881934
2018-12-18,52.360001,52.439999,50.689999,50.889999,34.619778,11108300,92677201770.0,-1.4700019999999938,-2.8074903971067418
2018-12-19,51.18,52.290001,50.68,51.400002,34.966728,17742300,90588600000.0,0.22000200000000092,0.42985932004689514
2018-12-20,50.490002,50.650002,49.290001,50.439999,34.313652,28763400,89367303540.0,-0.05000299999999669,-0.09903544864188496
2018-12-21,48.970001,49.560001,48.630001,49.09,33.39526,34460600,86676901770.0,0.11999899999999997,0.24504594149385447
2018-12-24,47.759998,48.259998,47.5,47.560001,32.890434,9548700,84535196460.0,-0.1999970000000033,-0.41875420514046774
2018-12-26,47.48,48.43,46.490002,48.43,33.492081,15019500,84039600000.0,0.9500000000000028,2.000842459983157
2018-12-27,48.080002,48.709999,47.169998,48.700001,33.678802,13388800,85101603540.0,0.619999,1.2895153373745698
2018-12-28,49.400002,49.57,48.599998,48.889999,33.810196,11424300,87438003540.0,-0.5100029999999975,-1.0323946950447442
2018-12-31,49.07,49.389999,48.599998,49.389999,34.155979,9726400,86853900000.0,0.3199990000000028,0.6521275728551107
2019-01-02,48.91,49.52,47.950001,49.310001,34.100651,9412800,86570700000.0,0.40000100000000316,0.8178307094663733
2019-01-03,48.799999,49.5,48.669998,49.040001,33.913937,9835100,86375998230.0,0.24000199999999694,0.4918073871271943
2019-01-04,49.490002,50.310001,49.349998,50.299999,34.785297,10464000,87597303540.0,0.8099970000000027,1.6366881537002216
2019-01-07,49.68,49.689999,48.529999,48.779999,33.734127,11432900,87933600000.0,-0.9000010000000032,-1.8115962157810048
2019-01-08,49.259998,49.869999,49.009998,49.060001,33.927761,10725400,87190196460.0,-0.1999970000000033,-0.40600285854661083
2019-01-09,49.189999,50.049999,49.099998,49.66,34.342701,9824200,87066298230.0,0.47000099999999634,0.9554808082024892
2019-01-10,49.830002,49.959999,48.849998,48.860001,33.789452,15910200,88199103540.0,-0.9700010000000034,-1.9466204316026388
2019-01-11,49.0,49.450001,48.549999,48.900002,33.81712,11219900,86730000000.0,-0.09999799999999937,-0.20407755102040687
2019-01-14,48.959999,48.970001,48.07,48.259998,33.374519,10563400,86659198230.0,-0.7000010000000003,-1.4297406337773828
2019-01-15,48.099998,48.349998,47.700001,47.91,33.132477,10655000,85136996460.0,-0.18999800000000278,-0.3950062534306192
2019-01-16,47.84,47.93,47.130001,47.200001,32.641472,13711000,84676800000.0,-0.6399990000000031,-1.3377905518394713
2019-01-17,47.0,47.400002,46.66,47.060001,32.544647,13407100,83190000000.0,0.06000099999999975,0.12766170212765904
2019-01-18,47.52,48.509998,47.299999,48.310001,33.409096,13831400,84110400000.0,0.7900009999999966,1.6624600168350097
2019-01-22,47.360001,47.490002,44.57,44.970001,31.099291,23885200,83827201770.0,-2.3899999999999935,-5.046452596147525
2019-01-23,45.009998,45.220001,44.509998,44.700001,30.91258,15006600,79667696460.0,-0.30999700000000274,-0.6887292018986597
2019-01-24,44.560001,44.560001,42.400002,43.330002,29.965153,27841900,78871201770.0,-1.2299989999999994,-2.760320853673229
2019-01-25,43.720001,44.599998,43.599998,44.240002,30.594461,14265700,77384401770.0,0.5200009999999935,1.1893892683122158
2019-01-28,44.580002,45.5,43.970001,45.299999,31.327513,17772000,78906603540.0,0.7199969999999993,1.6150672222939768
2019-01-29,45.689999,46.060001,45.360001,45.91,31.749367,16785500,80871298230.0,0.22000099999999634,0.4815079991575319
2019-01-30,46.169998,47.810001,45.610001,47.799999,33.056408,23371900,81720896460.0,1.630001,3.5304333346516494
2019-01-31,49.169998,49.669998,47.599998,49.349998,34.128319,23635100,87030896460.0,0.17999999999999972,0.3660768910342435
2019-02-01,49.529999,49.630001,48.799999,49.200001,34.024586,15596800,87668098230.0,-0.32999799999999624,-0.6662588464821012
2019-02-04,48.900002,49.200001,48.630001,49.110001,33.962345,11725800,86553003540.0,0.20999899999999627,0.4294457902067085
2019-02-05,49.119999,49.150002,48.619999,49.040001,33.913937,17882100,86942398230.0,-0.07999800000000334,-0.1628623811657719
2019-02-06,49.16,49.369999,48.740002,49.27,34.072994,8815400,87013200000.0,0.11000000000000654,0.22375915378357716
2019-02-07,49.16,49.389999,48.279999,48.720001,33.692642,8849400,87013200000.0,-0.43999899999999315,-0.8950345809601162
2019-02-08,48.59,48.869999,47.830002,48.84,33.77562,8577800,86004300000.0,0.25,0.514509158263017
2019-02-11,48.919998,48.98,48.34,48.889999,33.810196,7786800,86588396460.0,-0.029998999999996556,-0.06132256996412092
2019-02-12,48.970001,49.73,48.950001,49.66,34.342701,8930100,86676901770.0,0.6899989999999931,1.4090238634056655
2019-02-13,49.77,49.84,48.830002,49.0,33.886269,9106900,88092900000.0,-0.7700000000000031,-1.5471167369901608
2019-02-14,48.990002,49.439999,48.740002,49.139999,33.983089,7401400,86712303540.0,0.14999700000000615,0.30617879950281723
2019-02-15,49.290001,49.400002,48.740002,48.740002,33.706463,9161700,87243301770.0,-0.5499989999999997,-1.1158429475381826
2019-02-19,48.82,49.380001,48.360001,48.990002,33.879356,11662900,86411400000.0,0.17000199999999666,0.3482220401474737
2019-02-20,49.23,50.959999,49.150002,50.509998,34.930523,11133600,87137100000.0,1.2799980000000062,2.6000365630713107
2019-02-21,50.389999,50.799999,50.009998,50.369999,34.833698,7337100,89190298230.0,-0.020000000000003126,-0.03969041555250502
2019-02-22,50.650002,51.540001,50.400002,51.5,35.615166,8232900,89650503540.0,0.8499979999999994,1.6781795980975467
2019-02-25,52.049999,52.32,51.509998,51.84,35.850292,15052000,92128498230.0,-0.20999899999999627,-0.40345629977821185
2019-02-26,51.919998,52.310001,51.84,52.099998,36.030094,12231100,91898396460.0,0.17999999999999972,0.34668722444865985
2019-02-27,52.400002,52.75,51.709999,52.32,36.182236,8597400,92748003540.0,-0.08000200000000035,-0.15267556669177293
2019-02-28,52.41,52.650002,51.869999,52.41,36.24448,11194800,92765700000.0,0.0,0.0
2019-03-01,52.669998,52.939999,52.130001,52.75,36.479607,7386500,93225896460.0,0.08000200000000035,0.15189292393745743
2019-03-04,52.950001,53.25,52.220001,52.459999,36.279064,8437100,93721501770.0,-0.49000199999999694,-0.9254050816731749
2019-03-05,52.310001,53.900002,51.959999,52.880001,36.569504,9527800,92588701770.0,0.5700000000000003,1.089657788383526
2019-03-06,53.25,54.75,52.98,54.669998,37.807404,13335200,94252500000.0,1.4199979999999996,2.6666629107981215
2019-03-07,54.880001,54.880001,53.869999,54.740002,37.855808,20093400,97137601770.0,-0.1399990000000031,-0.25510021401057026
2019-03-08,54.73,55.549999,54.68,55.369999,38.291489,13411200,96872100000.0,0.6399990000000031,1.1693751141969726
2019-03-11,55.32,56.169998,55.299999,56.009998,38.734077,11709200,97916400000.0,0.6899980000000028,1.2472848879248062
2019-03-12,56.110001,56.369999,55.09,55.75,38.554283,17503300,99314701770.0,-0.3600009999999969,-0.6415986340830699
2019-03-13,55.66,56.290001,55.34,56.130001,38.817078,11166300,98518200000.0,0.47000100000000344,0.844414301113912
2019-03-14,56.080002,56.490002,55.77,56.400002,39.003792,11896000,99261603540.0,0.3200000000000003,0.5706133890651436
2019-03-15,56.759998,57.07,56.009998,56.75,39.245831,24580600,100465196460.0,-0.00999800000000306,-0.017614517886352037
2019-03-18,56.830002,57.439999,56.580002,57.299999,39.626194,8272400,100589103540.0,0.46999699999999933,0.8270226701734048
2019-03-19,57.299999,57.68,55.16,56.009998,38.734077,16077100,101420998230.0,-1.2900009999999966,-2.251310685014142
2019-03-20,55.990002,56.439999,55.009998,55.720001,38.533531,16750600,99102303540.0,-0.2700009999999935,-0.48223073826643814
2019-03-21,55.509998,57.200001,55.509998,56.93,39.370316,10413400,98252696460.0,1.4200019999999967,2.558101335186495
2019-03-22,56.02,56.57,55.91,55.919998,39.223015,8850200,99155400000.0,-0.10000200000000348,-0.1785112459835835
2019-03-25,55.669998,56.630001,55.560001,56.549999,39.664906,8620400,98535896460.0,0.880001,1.5807455211333044
2019-03-26,56.849998,57.279999,56.73,57.029999,40.001587,7146400,100624496460.0,0.1800009999999972,0.31662446144676587
2019-03-27,56.790001,57.16,56.189999,56.299999,39.489552,7819700,100518301770.0,-0.49000199999999694,-0.8628314692228954
2019-03-28,56.32,57.23,56.310001,56.700001,39.770119,9951000,99686400000.0,0.38000100000000003,0.674717684659091
2019-03-29,56.830002,57.5,56.77,57.43,40.282146,9447400,100589103540.0,0.5999979999999994,1.0557768412536732
2019-04-01,57.380001,57.790001,56.860001,57.73,40.492569,7011900,101562601770.0,0.34999899999999684,0.6099668767869084
2019-04-02,57.849998,57.880001,56.610001,56.689999,39.763107,8457900,102394496460.0,-1.1599989999999991,-2.0051841661256393
2019-04-03,55.73,56.32,53.43,53.98,37.862278,18583800,98642100000.0,-1.75,-3.140139960523955
2019-04-04,54.34,54.919998,54.25,54.599998,38.297153,8452600,96181800000.0,0.25999799999999595,0.47846521899152733
2019-04-05,54.5,54.91,54.02,54.77,38.416393,7743700,96465000000.0,0.2700000000000031,0.49541284403670294
2019-04-08,54.77,55.389999,54.599998,55.279999,38.774109,5607100,96942900000.0,0.5099989999999934,0.9311648712798857
2019-04-09,55.139999,55.59,54.849998,55.110001,38.654869,6045700,97597798230.0,-0.029998000000006186,-0.05440333794711564
2019-04-10,55.259998,55.529999,54.91,55.419998,38.872299,5786400,97810196460.0,0.1599999999999966,0.2895403651661308
2019-04-11,55.639999,56.040001,55.509998,55.98,39.265102,5259700,98482798230.0,0.3400009999999938,0.6110729800695966
2019-04-12,56.040001,56.599998,55.73,56.560001,39.671917,4689000,99190801770.0,0.5200000000000031,0.9279086201301159
2019-04-15,56.68,57.110001,56.509998,56.939999,39.938461,4667200,100323600000.0,0.25999900000000054,0.45871383203952104
2019-04-16,56.700001,56.799999,56.02,56.389999,39.552681,5403800,100359001770.0,-0.3100019999999972,-0.5467407310980421
2019-04-17,56.75,56.759998,56.07,56.18,39.405388,6002100,100447500000.0,-0.5700000000000003,-1.0044052863436128
2019-04-18,56.16,56.310001,53.279999,54.369999,38.135826,18001200,99403200000.0,-1.7900009999999966,-3.1873237179487117
2019-04-22,54.029999,54.950001,53.709999,54.610001,38.304169,9066800,95633098230.0,0.5800020000000004,1.0734814190909023
2019-04-23,54.700001,54.990002,53.900002,54.82,38.451466,9228900,96819001770.0,0.11999899999999997,0.21937659562382816
2019-04-24,54.560001,55.029999,54.360001,54.709999,38.374317,9662200,96571201770.0,0.14999800000000363,0.2749230154889543
2019-04-25,52.09,52.75,50.66,51.41,36.059647,16929600,92199300000.0,-0.6800000000000068,-1.3054329045882258
2019-04-26,51.540001,52.939999,51.5,52.790001,37.027599,9129600,91225801770.0,1.25,2.425300690234756
2019-04-29,52.900002,53.639999,52.720001,53.509998,37.532604,8045500,93633003540.0,0.6099960000000024,1.1531114875950332
2019-04-30,53.82,54.990002,53.360001,54.330002,38.107777,15760100,95261400000.0,0.5100020000000001,0.9476068376068377
2019-05-01,54.52,54.740002,53.360001,53.389999,37.448441,7372100,96500400000.0,-1.130001,-2.072635730007337
2019-05-02,53.060001,53.549999,52.939999,53.16,37.287117,5803000,93916201770.0,0.09999899999999684,0.18846399946354475
2019-05-03,53.450001,53.91,53.200001,53.759998,37.707966,5138100,94606501770.0,0.30999700000000274,0.5799756673531264
2019-05-06,53.110001,54.0,53.099998,53.529999,37.546631,7234300,94004701770.0,0.41999799999999965,0.7908077425944685
2019-05-07,53.27,53.439999,52.5,52.939999,37.132801,6808400,94287900000.0,-0.3300010000000029,-0.6194875164257609
2019-05-08,52.59,52.84,51.950001,51.959999,36.445423,8784600,93084300000.0,-0.630001,-1.197948279140521
2019-05-09,51.77,52.27,51.18,51.990002,36.466465,7161400,91632900000.0,0.2200019999999938,0.424960401777079
2019-05-10,51.5,52.23,50.790001,52.110001,36.550632,7825800,91155000000.0,0.6100009999999969,1.1844679611650426
2019-05-13,51.740002,51.950001,51.029999,51.439999,36.080688,6150200,91579803540.0,-0.3000029999999967,-0.5798279636711199
2019-05-14,51.279999,52.380001,51.189999,51.889999,36.39632,5527600,90765598230.0,0.6100000000000065,1.189547605100395
2019-05-15,51.75,52.380001,51.48,52.130001,36.564655,4803900,91597500000.0,0.38000100000000003,0.7343014492753623
2019-05-16,52.009998,52.759998,51.880001,52.029999,36.494518,6350800,92057696460.0,0.020000999999993496,0.03845606761990934
2019-05-17,51.759998,52.52,51.459999,52.349998,36.718967,6129900,91615196460.0,0.5899999999999963,1.1398763964403482
2019-05-20,52.150002,53.09,52.060001,52.330002,36.704948,7133900,92305503540.0,0.17999999999999972,0.3451581842700595
2019-05-21,52.599998,52.599998,51.830002,51.869999,36.382294,6218900,93101996460.0,-0.7299989999999994,-1.3878308512483202
2019-05-22,51.93,53.02,51.75,52.830002,37.055656,6970600,91916100000.0,0.9000020000000006,1.73310610437127
2019-05-23,52.509998,52.880001,52.169998,52.810001,37.041626,6493700,92942696460.0,0.3000029999999967,0.5713254835774259
2019-05-24,52.970001,53.110001,51.599998,52.400002,36.75404,5735000,93756901770.0,-0.5699990000000028,-1.076078892277164
2019-05-28,52.029999,52.029999,49.75,49.869999,34.979458,18094100,92093098230.0,-2.1599999999999966,-4.151451165701534
2019-05-29,49.200001,50.450001,48.700001,50.189999,35.203918,10412200,87084001770.0,0.9899979999999999,2.0121910160123777
2019-05-30,50.32,50.490002,49.93,50.209999,35.217953,5801700,89066400000.0,-0.1100009999999969,-0.21860294117646445
2019-05-31,49.919998,49.950001,48.939999,49.060001,34.411316,6416500,88358396460.0,-0.8599969999999999,-1.722750469661477
2019-06-03,49.25,50.150002,49.130001,50.099998,35.140793,6306400,87172500000.0,0.8499979999999994,1.7258842639593894
2019-06-04,50.779999,50.810001,50.25,50.419998,35.365242,5846400,89880598230.0,-0.3600009999999969,-0.7089425110071328
2019-06-05,50.59,50.669998,48.970001,49.689999,34.853214,8692100,89544300000.0,-0.9000010000000032,-1.7790096857086442
2019-06-06,49.91,51.169998,49.889999,50.75,35.59671,7267900,88340700000.0,0.8400000000000034,1.6830294530154346
2019-06-07,51.189999,51.720001,51.119999,51.380001,36.038609,5161500,90606298230.0,0.19000199999999978,0.37117015767083683
2019-06-10,51.5,51.700001,50.98,51.209999,35.919365,4989100,91155000000.0,-0.2900009999999966,-0.5631087378640711
2019-06-11,51.349998,52.459999,51.310001,52.150002,36.57869,6709000,90889496460.0,0.8000040000000013,1.557943585509003
2019-06-12,51.439999,52.040001,51.119999,51.59,36.185898,6698600,91048798230.0,0.15000100000000316,0.2916038159332063
2019-06-13,51.139999,51.43,50.68,51.209999,36.485123,4074200,90517798230.0,0.07000000000000028,0.13687915793662858
2019-06-14,51.110001,51.48,50.48,50.860001,36.235771,5669300,90464701770.0,-0.25,-0.4891410587137339
2019-06-17,50.389999,51.189999,50.380001,50.860001,36.235771,4876200,89190298230.0,0.4700019999999938,0.9327287345252652
2019-06-18,51.07,51.25,50.009998,50.119999,35.708549,6253400,90393900000.0,-0.9500010000000003,-1.8601938515762684
2019-06-19,50.110001,50.25,49.599998,49.900002,35.551811,8193500,88694701770.0,-0.20999899999999627,-0.4190760243648694
2019-06-20,50.240002,50.41,49.900002,50.259998,35.808296,9301900,88924803540.0,0.01999600000000612,0.03980095382959205
2019-06-21,50.060001,50.34,47.91,48.0,34.198124,23069000,88606201770.0,-2.0600009999999997,-4.115063841089415
2019-06-24,48.110001,49.029999,47.91,48.490002,34.547241,10215100,85154701770.0,0.38000100000000003,0.789858640826052
2019-06-25,48.669998,48.939999,48.099998,48.779999,34.753849,7197100,86145896460.0,0.1100009999999969,0.22601398093338101
2019-06-26,48.119999,48.360001,47.619999,47.939999,34.155384,10469300,85172398230.0,-0.17999999999999972,-0.37406484567882
2019-06-27,47.900002,48.279999,47.560001,47.900002,34.126888,5906900,84783003540.0,0.0,0.0
2019-06-28,47.82,48.060001,47.310001,47.349998,33.735031,20573100,84641400000.0,-0.4700020000000009,-0.9828565453785046
2019-07-01,47.73,48.41,47.509998,47.689999,33.977272,7173700,84482100000.0,-0.04000099999999662,-0.08380683008589278
2019-07-02,47.860001,48.619999,47.619999,48.599998,34.625607,6098300,84712201770.0,0.7399970000000025,1.546170047092148
2019-07-03,48.970001,49.349998,48.43,49.189999,35.045959,3909200,86676901770.0,0.2199979999999968,0.4492505523943052
2019-07-05,49.07,49.25,48.27,48.779999,34.753849,5291000,86853900000.0,-0.29000100000000373,-0.5909944976564169
2019-07-08,48.93,49.52,48.599998,49.080002,34.967587,6502400,86606100000.0,0.15000200000000063,0.3065644798692022
2019-07-09,48.82,48.939999,48.209999,48.349998,34.447498,6056300,86411400000.0,-0.4700020000000009,-0.9627242933224107
2019-07-10,48.220001,49.5,48.189999,49.0,34.910591,6533000,85349401770.0,0.7799989999999966,1.6175839564997032
2019-07-11,49.0,49.73,48.880001,49.259998,35.095837,5857000,86730000000.0,0.25999800000000306,0.5306081632653123
2019-07-12,50.049999,50.169998,49.439999,49.5,35.266823,6103600,88588498230.0,-0.5499989999999997,-1.0988991228551266
2019-07-15,49.799999,49.939999,49.400002,49.540001,35.295322,4616900,88145998230.0,-0.25999800000000306,-0.5220843478330252
2019-07-16,49.310001,49.619999,49.029999,49.41,35.202705,5569400,87278701770.0,0.09999899999999684,0.20279658887047444
2019-07-17,49.41,49.619999,49.009998,49.450001,35.231201,5381800,87455700000.0,0.04000100000000373,0.08095729609391566
2019-07-18,50.040001,51.119999,49.73,50.529999,36.00066,9852100,88570801770.0,0.48999799999999993,0.9792126103274857
2019-07-19,50.860001,50.900002,50.419998,50.529999,36.00066,5262500,90022201770.0,-0.33000200000000035,-0.6488438724175416
2019-07-22,50.52,50.52,49.540001,49.669998,35.387943,4983700,89420400000.0,-0.8500020000000035,-1.6825059382422871
2019-07-23,49.860001,50.299999,49.709999,50.040001,35.651546,6243400,88252201770.0,0.17999999999999972,0.36101082308441934
2019-07-24,49.98,50.099998,49.619999,49.779999,35.466312,4280200,88464600000.0,-0.20000100000000032,-0.400162064825931
2019-07-25,49.77,50.450001,49.459999,49.59,35.33094,4086800,88092900000.0,-0.17999999999999972,-0.36166365280289275
2019-07-26,49.52,50.119999,49.040001,49.860001,35.523312,7352900,87650400000.0,0.3400009999999938,0.6865932956381134
2019-07-29,49.950001,50.580002,49.919998,50.310001,35.843914,6271600,88411501770.0,0.35999999999999943,0.7207207062918766
2019-07-30,49.599998,49.669998,47.349998,48.5,34.554371,13184600,87791996460.0,-1.0999979999999994,-2.2177379926507244
2019-07-31,48.310001,48.549999,46.720001,47.07,33.535545,12252300,85508701770.0,-1.2400009999999995,-2.566758381975607
2019-08-01,47.5,48.66,47.400002,47.880001,34.112637,9933800,84075000000.0,0.38000100000000003,0.800002105263158
2019-08-02,48.200001,48.439999,47.75,47.93,34.148258,7072200,85314001770.0,-0.2700010000000006,-0.5601680381707889
2019-08-05,47.540001,47.700001,46.169998,46.650002,33.236317,10326000,84145801770.0,-0.889998999999996,-1.8721055559085833
2019-08-06,46.91,46.919998,45.93,46.16,32.887203,8779100,83030700000.0,-0.75,-1.5988062246855683
2019-08-07,45.91,46.439999,45.25,46.23,32.937077,13216200,81260700000.0,0.3200000000000003,0.6970159006752348
2019-08-08,46.220001,46.66,45.900002,46.5,33.12944,10565400,81809401770.0,0.27999899999999656,0.6057961790178163
2019-08-09,46.48,46.599998,45.630001,46.16,32.887203,8125000,82269600000.0,-0.3200000000000003,-0.688468158347677
2019-08-12,46.029999,46.330002,45.700001,45.98,32.758968,4558500,81473098230.0,-0.04999899999999968,-0.10862263977020657
2019-08-13,45.779999,46.93,45.73,46.779999,33.328926,5744700,81030598230.0,1.0,2.1843600302394064
2019-08-14,46.400002,46.490002,45.849998,45.869999,32.680588,8907400,82128003540.0,-0.5300030000000007,-1.1422477955927688
2019-08-15,45.880001,46.18,45.220001,45.490002,32.409863,6363500,81207601770.0,-0.3899990000000031,-0.8500413938526354
2019-08-16,45.700001,46.73,45.689999,46.48,33.115196,6986700,80889001770.0,0.7799989999999966,1.70678114427174
2019-08-19,46.830002,47.189999,46.639999,46.700001,33.271935,4439900,82889103540.0,-0.13000100000000003,-0.2776019526969058
2019-08-20,46.619999,46.720001,45.580002,46.029999,32.794579,5619400,82517398230.0,-0.5900000000000034,-1.265551292697375
2019-08-21,46.330002,46.529999,45.93,46.25,32.951321,5323600,82004103540.0,-0.08000200000000035,-0.17267860251765227
2019-08-22,46.0,46.900002,45.990002,46.59,33.193558,8287000,81420000000.0,0.5900000000000034,1.2826086956521814
2019-08-23,46.91,47.18,46.150002,46.41,33.065315,10740100,83030700000.0,-0.5,-1.0658708164570456
2019-08-26,46.970001,47.610001,46.5,47.119999,33.571167,12763200,83136901770.0,0.14999799999999652,0.31934851353313043
2019-08-27,51.169998,52.450001,44.830002,45.25,32.238865,58065900,90570896460.0,-5.919998,-11.569275417990049
2019-08-28,45.169998,46.689999,44.669998,45.849998,32.66634,20298000,79950896460.0,0.6799999999999997,1.5054240206076601
2019-08-29,46.169998,46.299999,43.849998,44.25,31.526396,18214200,81720896460.0,-1.9199979999999996,-4.1585403577448705
2019-08-30,44.060001,44.580002,43.57,43.740002,31.163052,13984600,77986201770.0,-0.3199990000000028,-0.7262800561443538
2019-09-03,43.700001,44.139999,43.07,44.040001,31.376787,8934800,77349001770.0,0.3399999999999963,0.7780320188093275
2019-09-04,44.259998,44.5,43.41,44.299999,31.562017,7839500,78340196460.0,0.04000099999999662,0.09037731994474246
2019-09-05,44.549999,44.599998,43.810001,43.849998,31.241417,9043300,78853498230.0,-0.7000010000000003,-1.5712705178736373
2019-09-06,44.02,44.32,43.66,43.849998,31.241417,10429600,77915400000.0,-0.17000200000000376,-0.3861926397092316
2019-09-09,44.0,44.279999,43.619999,44.040001,31.376787,10164500,77880000000.0,0.04000099999999662,0.09091136363635596
2019-09-10,43.509998,44.240002,43.470001,44.240002,31.519279,11305600,77012696460.0,0.7300039999999939,1.6777844944970897
2019-09-11,44.299999,44.970001,43.650002,44.720001,31.861261,16156100,78410998230.0,0.42000200000000376,0.9480858001825323
2019-09-12,44.900002,44.919998,44.0,44.459999,31.676025,9625500,79473003540.0,-0.44000299999999726,-0.9799620944337536
2019-09-13,43.439999,43.509998,41.970001,42.009998,30.506863,21099500,76888798230.0,-1.4300009999999972,-3.2918992470510813
2019-09-16,41.490002,42.080002,41.27,41.41,30.071159,16502700,73437303540.0,-0.08000200000000035,-0.1928223575404994
2019-09-17,41.5,41.799999,41.240002,41.310001,29.998543,11659500,73455000000.0,-0.18999900000000025,-0.4578289156626512
2019-09-18,41.080002,41.380001,40.75,40.84,29.657238,13290500,72711603540.0,-0.24000199999999694,-0.5842307407872008
2019-09-19,40.860001,41.040001,39.299999,40.119999,29.134386,22526700,72322201770.0,-0.7400019999999969,-1.8110670139239522
2019-09-20,40.43,41.32,39.950001,40.810001,29.635448,31224800,71561100000.0,0.38000100000000003,0.939898590155825
2019-09-23,40.630001,41.610001,40.52,40.880001,29.686283,10826000,71915101770.0,0.25,0.6153088699160997
2019-09-24,40.970001,41.200001,40.580002,40.73,29.577358,11577900,72516901770.0,-0.24000100000000657,-0.5857969102807846
2019-09-25,41.48,41.650002,39.439999,40.560001,29.453913,26028300,73419600000.0,-0.9199989999999971,-2.2179339440694243
2019-09-26,39.759998,40.790001,39.720001,40.66,29.526518,11894400,70375196460.0,0.9000019999999935,2.2635866329771783
2019-09-27,40.66,40.73,39.790001,40.130001,29.141649,8618500,71968200000.0,-0.5299989999999966,-1.303489916379726
2019-09-30,40.25,41.09,40.200001,40.900002,29.700811,9891900,71242500000.0,0.6500020000000006,1.6149118012422377
2019-10-01,41.029999,41.18,40.709999,41.16,29.889616,7696100,72623098230.0,0.13000100000000003,0.3168437805713816
2019-10-02,40.970001,40.98,40.110001,40.209999,29.199741,9586900,72516901770.0,-0.7600020000000001,-1.8550207016104294
2019-10-03,40.200001,40.900002,40.130001,40.810001,29.635448,11412600,71154001770.0,0.6099999999999994,1.5174128975767922
2019-10-04,40.560001,41.66,40.549999,41.650002,30.245441,12485900,71791201770.0,1.0900010000000009,2.6873791250646195
2019-10-07,41.959999,42.560001,41.849998,42.169998,30.623053,16154000,74269198230.0,0.20999899999999627,0.5004742731285485
2019-10-08,42.310001,42.639999,42.0,42.0,30.499599,9985000,74888701770.0,-0.31000099999999975,-0.73268965415529
2019-10-09,42.139999,42.48,41.68,42.459999,30.833651,7764100,74587798230.0,0.3200000000000003,0.7593735348688553
2019-10-10,42.849998,43.540001,42.669998,42.98,31.211256,10563700,75844496460.0,0.1300019999999975,0.3033885789212814
2019-10-11,43.119999,43.400002,42.41,42.57,30.913536,7714800,76322398230.0,-0.5499989999999997,-1.2755079145525947
2019-10-14,42.52,42.799999,42.380001,42.720001,31.022463,6743000,75260400000.0,0.20000100000000032,0.4703692380056451
2019-10-15,42.75,43.57,42.740002,43.43,31.538055,7003900,75667500000.0,0.6799999999999997,1.5906432748538004
2019-10-16,43.450001,43.720001,43.299999,43.509998,31.59614,7916800,76906501770.0,0.05999700000000274,0.13808285067704082
2019-10-17,43.900002,44.279999,43.529999,44.279999,32.155296,9255800,77703003540.0,0.3799969999999959,0.8655967714989988
2019-10-18,44.279999,44.57,44.139999,44.330002,32.191608,13209800,78375598230.0,0.050003000000003794,0.11292457346262315
2019-10-21,44.549999,45.599998,44.509998,45.560001,33.084816,10422000,78853498230.0,1.010002,2.2671201406760977
2019-10-22,45.560001,46.360001,45.16,46.34,33.651237,9921700,80641201770.0,0.7799990000000037,1.7120258623348223
2019-10-23,46.400002,46.799999,46.07,46.75,33.948963,9323100,82128003540.0,0.34999799999999937,0.7543060019695674
2019-10-24,46.759998,47.119999,46.369999,46.959999,34.101463,7872800,82765196460.0,0.20000100000000032,0.42771815345244524
2019-10-25,46.68,47.16,46.540001,46.799999,33.985271,6805200,82623600000.0,0.11999899999999997,0.257067266495287
2019-10-28,46.66,46.75,45.950001,45.990002,33.397068,12435400,82588200000.0,-0.6699979999999996,-1.4359151307329612
2019-10-29,45.599998,46.380001,45.259998,46.380001,33.680271,9042500,80711996460.0,0.7800030000000007,1.7105329697602194
2019-10-30,46.32,46.419998,45.84,45.959999,33.37529,7848800,81986400000.0,-0.3600009999999969,-0.7772042314334994
2019-10-31,46.599998,47.150002,44.57,44.790001,32.52565,12698200,82481996460.0,-1.8099970000000027,-3.884113900605753
2019-11-01,44.599998,45.419998,44.580002,45.060001,32.721725,9254400,78941996460.0,0.4600030000000004,1.0313969072375302
2019-11-04,45.16,45.689999,45.110001,45.599998,33.113857,8863500,79933200000.0,0.4399980000000028,0.9743091231178096
2019-11-05,45.630001,46.43,45.419998,46.25,33.58588,9413800,80765101770.0,0.619999,1.358752983590774
2019-11-06,46.41,46.439999,45.619999,45.91,33.338978,7713300,82145700000.0,-0.5,-1.0773540185304893
2019-11-07,46.16,46.18,45.630001,45.98,33.389809,8383500,81703200000.0,-0.17999999999999972,-0.3899480069324084
2019-11-08,45.849998,46.41,45.630001,46.41,33.702061,5604100,81154496460.0,0.5600019999999972,1.2213784611288254
2019-11-11,46.259998,46.66,46.080002,46.41,33.702061,5895600,81880196460.0,0.15000199999999353,0.3242585527132827
2019-11-12,46.400002,47.02,46.119999,47.0,34.130508,6631900,82128003540.0,0.5999979999999994,1.2930990821940036
2019-11-13,46.860001,47.419998,46.82,46.830002,34.007053,7733800,82942201770.0,-0.029998999999996556,-0.06401835117330996
2019-11-14,46.950001,47.119999,46.59,46.630001,33.861832,6413400,83101501770.0,-0.3200000000000003,-0.6815761303178679
2019-11-15,46.580002,47.98,46.52,47.970001,34.834915,8329800,82446603540.0,1.389999000000003,2.9841110783979854
2019-11-18,47.970001,48.599998,47.630001,48.34,35.103592,11529900,84906901770.0,0.36999899999999997,0.7713133047464392
2019-11-19,48.360001,48.470001,46.880001,46.93,34.079678,10280000,85597201770.0,-1.4300009999999972,-2.956991253991077
2019-11-20,46.790001,49.860001,46.639999,48.450001,35.183472,15262900,82818301770.0,1.6600000000000037,3.5477665409752905
2019-11-21,48.439999,48.900002,48.099998,48.82,35.452168,8500200,85738798230.0,0.38000100000000003,0.7844777205713817
2019-11-22,48.869999,49.07,48.450001,49.0,35.58287,9256900,86499898230.0,0.13000100000000003,0.26601391991025014
2019-11-25,49.27,49.419998,48.84,49.259998,35.771679,7685300,87207900000.0,-0.010002000000000066,-0.02030038563020107
2019-11-26,49.119999,49.549999,48.77,49.220001,35.742634,10749600,86942398230.0,0.10000200000000348,0.203587137695185
2019-11-27,49.5,49.810001,49.369999,49.75,36.127502,5679600,87615000000.0,0.25,0.5050505050505051
2019-11-29,49.619999,49.810001,49.52,49.700001,36.09119,2678500,87827398230.0,0.08000200000000035,0.16122934625613425
2019-12-02,50.0,50.669998,49.93,50.599998,36.744759,9551500,88500000000.0,0.5999979999999994,1.1999959999999987
2019-12-03,50.459999,50.740002,49.709999,50.099998,36.381676,9241600,89314198230.0,-0.360001000000004,-0.7134383811620845
2019-12-04,49.889999,50.330002,49.77,50.110001,36.388935,8266100,88305298230.0,0.2200019999999938,0.4409741519537689
2019-12-05,50.029999,50.330002,49.669998,50.169998,36.43251,7279200,88553098230.0,0.1399990000000031,0.2798301075320891
2019-12-06,50.389999,50.759998,50.27,50.41,36.606789,5144100,89190298230.0,0.020000999999993496,0.03969240007326354
2019-12-09,50.380001,50.900002,50.299999,50.529999,36.69392,5337000,89172601770.0,0.14999799999999652,0.29773322156146154
2019-12-10,50.080002,50.400002,49.77,50.049999,36.34536,6073500,88641603540.0,-0.030003000000000668,-0.059910141377391854
2019-12-11,50.0,50.509998,50.0,50.299999,36.526905,6415000,88500000000.0,0.2999989999999997,0.5999979999999994
2019-12-12,50.240002,50.720001,49.91,49.93,36.258221,6433200,88924803540.0,-0.3100019999999972,-0.6170421728884431
2019-12-13,49.900002,50.380001,49.900002,50.16,36.42524,6103700,88323003540.0,0.25999799999999595,0.5210380552690077
2019-12-16,50.720001,50.959999,50.349998,50.599998,36.744759,10791400,89774401770.0,-0.12000300000000408,-0.23659897009860875
2019-12-17,50.549999,51.09,50.439999,50.830002,36.911785,9646600,89473498230.0,0.28000300000000067,0.5539129684255792
2019-12-18,50.900002,51.400002,50.779999,51.360001,37.296661,8097800,90093003540.0,0.45999899999999627,0.9037308092836543
2019-12-19,51.450001,51.549999,50.700001,50.790001,36.88274,9876200,91066501770.0,-0.6600000000000037,-1.2827988088863276
2019-12-20,51.459999,51.73,51.049999,51.130001,37.129642,21655800,91084198230.0,-0.32999800000000334,-0.6412709024732071
2019-12-23,51.25,51.630001,51.119999,51.549999,37.434635,8046000,90712500000.0,0.2999989999999997,0.5853639024390238
2019-12-24,50.759998,50.799999,50.259998,50.279999,37.117203,3684500,89845196460.0,-0.4799990000000065,-0.9456245447448726
2019-12-26,50.310001,50.799999,50.27,50.400002,37.205788,7351000,89048701770.0,0.09000100000000089,0.17889286068589202
2019-12-27,50.310001,50.509998,50.119999,50.400002,37.205788,7700500,89048701770.0,0.09000100000000089,0.17889286068589202
2019-12-30,50.32,50.470001,49.75,49.889999,36.829304,6691000,89066400000.0,-0.4300009999999972,-0.8545329888712186
2019-12-31,49.799999,49.98,49.619999,49.91,36.844067,5978800,88145998230.0,0.1100009999999969,0.2208855466041212
2020-01-02,50.189999,50.34,49.049999,49.25,36.356853,8717200,88836298230.0,-0.9399990000000003,-1.872881089318213
2020-01-03,49.169998,49.950001,49.16,49.630001,36.637367,7850700,87030896460.0,0.4600030000000004,0.9355359339245863
2020-01-06,49.630001,50.07,49.43,49.830002,36.785015,6532500,87845101770.0,0.20000100000000032,0.40298407408857456
2020-01-07,49.560001,49.93,49.32,49.57,36.593071,6423600,87721201770.0,0.009999000000000535,0.020175544387096636
2020-01-08,49.790001,50.279999,49.580002,50.080002,36.969563,5987200,88128301770.0,0.29000100000000373,0.5824482710896185
2020-01-09,50.299999,50.669998,50.060001,50.57,37.331284,6449500,89030998230.0,0.2700010000000006,0.5367813227988347
2020-01-10,50.939999,51.07,50.209999,50.220001,37.072918,6049700,90163798230.0,-0.7199979999999968,-1.4134236633966106
2020-01-13,50.150002,51.119999,50.0,50.759998,37.471542,7776400,88765503540.0,0.6099960000000024,1.2163429225785523
2020-01-14,50.689999,50.91,50.560001,50.869999,37.55275,8455900,89721298230.0,0.17999999999999972,0.35509963217793655
2020-01-15,50.849998,51.779999,50.77,51.25,37.833267,6748300,90004496460.0,0.40000200000000063,0.7866312993758636
2020-01-16,51.330002,51.459999,50.990002,51.09,37.715153,7159100,90854103540.0,-0.24000199999999694,-0.4675667068939466
2020-01-17,51.16,51.369999,50.830002,51.02,37.663486,11468200,90553200000.0,-0.13999999999999346,-0.2736512900703547
2020-01-21,50.91,51.310001,50.509998,51.09,37.715153,10192400,90110700000.0,0.18000000000000682,0.35356511490867576
2020-01-22,51.040001,51.470001,51.009998,51.029999,37.670864,7300100,90340801770.0,-0.010002000000000066,-0.01959639460038425
2020-01-23,50.82,51.040001,50.389999,50.560001,37.323902,5699000,89951400000.0,-0.25999900000000054,-0.511607634789454
2020-01-24,50.490002,50.599998,50.029999,50.25,37.095051,10049500,89367303540.0,-0.24000199999999694,-0.47534559416336913
2020-01-27,49.720001,50.080002,49.610001,49.77,36.740715,7419900,88004401770.0,0.04999899999999968,0.10056114037487586
2020-01-28,49.689999,50.299999,49.450001,50.169998,37.036003,9545300,87951298230.0,0.4799989999999994,0.9659871395851696
2020-01-29,50.369999,50.77,50.080002,50.110001,36.991711,6318000,89154898230.0,-0.25999800000000306,-0.5161763056616362
2020-01-30,49.07,49.150002,46.330002,48.0,35.434082,17717800,86853900000.0,-1.0700000000000003,-2.180558385979214
2020-01-31,48.25,48.799999,47.240002,47.529999,35.087116,11794000,85402500000.0,-0.7200010000000034,-1.4922300518134786
2020-02-03,47.52,47.700001,46.189999,46.259998,34.149601,10197600,84110400000.0,-1.260002,-2.65151936026936
2020-02-04,47.119999,47.23,46.5,46.52,34.341541,10126000,83402398230.0,-0.5999989999999968,-1.2733425567347674
2020-02-05,46.52,47.139999,46.150002,46.279999,34.164364,13515300,82340400000.0,-0.24000100000000657,-0.515909286328475
2020-02-06,46.5,46.959999,46.419998,46.66,34.444878,8763500,82305000000.0,0.1599999999999966,0.344086021505369
2020-02-07,46.66,46.669998,45.73,46.220001,34.120071,7138300,82588200000.0,-0.43999899999999315,-0.942989712816102
2020-02-10,46.150002,46.68,45.939999,46.200001,34.105309,6272100,81685503540.0,0.04999899999999968,0.10834019032111783
2020-02-11,46.080002,46.189999,45.459999,45.57,33.640236,9814000,81561603540.0,-0.5100020000000001,-1.1067751255739964
2020-02-12,45.57,45.650002,44.860001,45.400002,33.51474,10533000,80658900000.0,-0.16999799999999965,-0.3730480579328498
2020-02-13,45.419998,45.91,44.970001,45.650002,33.699291,6111300,80393396460.0,0.23000400000000099,0.5063936814792485
2020-02-14,45.720001,45.779999,44.91,45.169998,33.344952,9026000,80924401770.0,-0.5500030000000038,-1.2029811635393528
2020-02-18,45.099998,45.529999,45.02,45.220001,33.381863,12033800,79826996460.0,0.12000300000000408,0.2660820517109648
2020-02-19,45.25,45.48,44.939999,45.139999,33.3228,5888600,80092500000.0,-0.1100009999999969,-0.24309613259667823
2020-02-20,45.09,45.650002,44.939999,45.560001,33.632858,5242900,79809300000.0,0.47000099999999634,1.0423619427810962
2020-02-21,45.389999,46.220001,45.32,45.889999,33.876453,9367800,80340298230.0,0.5,1.1015642454629708
2020-02-24,45.290001,45.689999,43.580002,43.799999,32.333599,18907800,80163301770.0,-1.490001999999997,-3.289913815634486
2020-02-25,43.709999,44.259998,42.32,42.490002,31.366547,12475900,77366698230.0,-1.2199970000000064,-2.7911165131804427
2020-02-26,42.389999,43.099998,42.110001,42.119999,31.093407,14293000,75030298230.0,-0.2700000000000031,-0.63694269018502
2020-02-27,41.849998,42.470001,40.299999,40.299999,29.749866,13884500,74074496460.0,-1.5499989999999997,-3.7037014912163193
2020-02-28,39.369999,40.5,38.57,40.369999,29.801533,23998100,69684898230.0,1.0,2.5400051445264196
2020-03-02,40.459999,42.080002,40.060001,42.07,31.056501,14560000,71614198230.0,1.610000999999997,3.979241324252126
2020-03-03,42.16,43.599998,41.470001,41.900002,30.931007,18031600,74623200000.0,-0.25999799999999595,-0.6166935483870872
2020-03-04,42.400002,43.950001,42.09,43.93,32.429565,12612900,75048003540.0,1.529997999999999,3.608485678845013
2020-03-05,42.73,43.880001,42.540001,43.16,31.861141,11502300,75632100000.0,0.4299999999999997,1.0063187456119818
2020-03-06,41.860001,42.450001,41.119999,42.150002,31.115557,15485300,74092201770.0,0.29000100000000373,0.6927878477594965
2020-03-09,39.799999,41.77,39.439999,40.34,29.779398,16480100,70445998230.0,0.5400010000000037,1.3567864662509257
2020-03-10,41.470001,42.52,40.419998,42.150002,31.115557,20532700,73401901770.0,0.6800009999999972,1.6397419426153308
2020-03-11,40.849998,41.549999,40.139999,40.48,29.882746,16557300,72304496460.0,-0.3699980000000025,-0.9057479023622046
2020-03-12,37.470001,38.599998,35.779999,36.419998,26.885612,19322800,66321901770.00001,-1.0500030000000038,-2.802249725053393
2020-03-13,38.25,40.200001,36.73,40.07,29.58008,16308900,67702500000.0,1.8200000000000003,4.758169934640524
2020-03-16,35.93,41.259998,34.380001,38.220001,28.214392,18032100,63596100000.0,2.2900010000000037,6.373506818814372
2020-03-17,38.900002,40.580002,38.130001,39.849998,29.417671,16972000,68853003540.0,0.9499959999999987,2.4421489746967078
2020-03-18,37.5,39.0,35.0,38.32,28.28821,18217800,66375000000.0,0.8200000000000003,2.1866666666666674
2020-03-19,37.630001,37.630001,34.830002,37.099998,27.387592,15889800,66605101770.0,-0.5300030000000007,-1.408458639158688
2020-03-20,36.16,36.98,34.139999,34.279999,25.305841,21595700,64003199999.99999,-1.880001,-5.199117809734513
2020-03-23,32.919998,33.259998,30.950001,31.379999,23.16503,24246000,58268396460.0,-1.5399989999999981,-4.678004536938301
2020-03-24,32.130001,33.34,31.77,32.380001,24.560698,21746000,56870101770.0,0.25,0.7780889891662313
2020-03-25,32.23,36.139999,31.709999,34.369999,26.070139,21540900,57047099999.99999,2.139999000000003,6.639773502947574
2020-03-26,34.639999,36.82,34.639999,36.639999,27.791969,14403400,61312798230.00001,2.0,5.773672222103701
2020-03-27,34.5,38.040001,34.049999,36.639999,27.791969,14679500,61065000000.0,2.139999000000003,6.202895652173922
2020-03-30,36.880001,37.919998,36.369999,37.310001,28.300177,18352900,65277601770.0,0.4299999999999997,1.1659435692531563
2020-03-31,36.759998,38.959999,36.75,38.669998,29.331755,15865800,65065196460.00001,1.9099999999999966,5.195865353420304
2020-04-01,36.849998,37.98,36.689999,37.610001,28.527731,18310500,65224496460.0,0.7600029999999975,2.062423449792311
2020-04-02,36.130001,36.549999,35.34,36.220001,27.473396,14393600,63950101770.0,0.09000000000000341,0.24910046362856011
2020-04-03,36.610001,37.700001,36.150002,37.41,28.376024,10338000,64799701769.99999,0.7999989999999997,2.185192510647568
2020-04-06,38.509998,38.869999,37.029999,37.279999,28.277416,14463800,68162696460.00001,-1.2299990000000065,-3.1939731599051404
2020-04-07,38.220001,39.900002,37.610001,38.48,29.187637,12021300,67649401770.00001,0.25999899999999343,0.6802694746135496
2020-04-08,38.889999,40.75,38.619999,40.130001,30.439192,11727600,68835298230.0,1.240001999999997,3.1884855538309393
2020-04-09,40.130001,41.540001,40.130001,40.91,31.030828,8933800,71030101770.0,0.7799989999999966,1.943680489816077
2020-04-13,40.759998,40.939999,39.73,40.439999,30.674328,8449800,72145196460.0,-0.3199990000000028,-0.78508100024932
2020-04-14,41.049999,42.389999,40.889999,42.119999,31.948626,8526500,72658498230.0,1.0700000000000003,2.606577408199207
2020-04-15,41.09,41.220001,40.209999,40.91,31.030828,7415200,72729300000.0,-0.18000000000000682,-0.43806278899977313
2020-04-16,41.099998,41.32,40.169998,40.400002,30.643984,7429400,72746996460.0,-0.6999959999999987,-1.7031533675500392
2020-04-17,41.0,41.950001,40.630001,40.849998,30.985315,10455400,72570000000.0,-0.15000200000000063,-0.3658585365853674
2020-04-20,40.25,40.41,38.700001,39.07,29.635162,13229600,71242500000.0,-1.1799999999999997,-2.9316770186335397
2020-04-21,38.0,38.82,37.5,37.759998,28.641502,15089300,67260000000.0,-0.24000199999999694,-0.6315842105263078
2020-04-22,38.439999,38.48,37.450001,37.810001,28.679438,11190800,68038798230.0,-0.6299980000000005,-1.6389126336865942
2020-04-23,38.009998,38.84,37.919998,38.450001,29.164877,7182400,67277696460.00001,0.44000299999999726,1.1575980614363548
2020-04-24,38.759998,39.57,38.689999,39.419998,29.900642,8785500,68605196460.00001,0.6599999999999966,1.7027864655720482
2020-04-27,39.619999,40.209999,39.240002,39.75,30.150949,6066300,70127398230.0,0.13000100000000003,0.3281196448288654
2020-04-28,40.709999,41.459999,40.57,40.709999,30.879124,7098500,72056698230.0,0.0,0.0
2020-04-29,41.0,41.27,40.470001,40.470001,30.697086,7350400,72570000000.0,-0.5299989999999966,-1.2926804878048697
2020-04-30,42.349998,42.360001,39.040001,39.25,29.771687,13830900,74959496460.0,-3.0999979999999994,-7.319948397636286
2020-05-01,39.029999,40.360001,37.669998,37.91,28.75528,11765500,69083098230.0,-1.119999,-2.869585008188189
2020-05-04,38.0,38.27,37.57,38.009998,28.831137,9177300,67260000000.0,0.00999800000000306,0.026310526315797524
2020-05-05,38.279999,38.400002,36.720001,36.799999,27.913336,9590200,67755598229.99999,-1.4799999999999969,-3.866248794834078
2020-05-06,37.09,37.139999,35.139999,35.73,27.101721,15203600,65649300000.00001,-1.3600000000000065,-3.666756538150462
2020-05-07,36.220001,36.25,35.02,35.099998,26.623856,17855900,64109401770.00001,-1.120003000000004,-3.0922224436161776
2020-05-08,35.630001,36.900002,35.439999,36.740002,27.867819,8451500,63065101770.0,1.110000999999997,3.115354950453122
2020-05-11,36.029999,36.700001,35.869999,36.419998,27.625097,8254900,63773098229.99999,0.3899990000000031,1.0824285618215064
2020-05-12,36.700001,37.150002,36.07,36.080002,27.367205,12086400,64959001770.0,-0.619999,-1.68937052617519
2020-05-13,36.02,36.77,35.610001,36.349998,27.572002,13141400,63755400000.00001,0.32999799999999624,0.9161521377012665
2020-05-14,35.849998,36.380001,35.560001,36.25,27.496155,9128800,63454496460.0,0.40000200000000063,1.115765752622917
2020-05-15,36.419998,36.75,35.98,36.59,27.754049,12566000,64463396460.0,0.17000200000000376,0.4667820135520155
2020-05-18,37.669998,37.880001,37.330002,37.599998,28.520147,9826500,66675896460.0,-0.07000000000000028,-0.1858242732054307
2020-05-19,37.52,37.689999,37.099998,37.119999,28.156057,10010800,66410400000.00001,-0.40000100000000316,-1.0661007462686651
2020-05-20,37.34,37.799999,37.09,37.77,28.649096,10310900,66091800000.00001,0.4299999999999997,1.1515800749866087
2020-05-21,37.700001,38.099998,37.220001,37.540001,28.474638,10212100,66729001770.0,-0.1600000000000037,-0.4244031717665039
2020-05-22,37.5,37.759998,37.23,37.73,28.61875,6943400,66375000000.0,0.22999999999999687,0.6133333333333251
2020-05-26,38.439999,38.82,38.130001,38.279999,29.035936,9596000,68038798230.0,-0.1600000000000037,-0.4162331013588312
2020-05-27,39.060001,39.5,38.919998,39.049999,29.619987,9502000,69136201770.0,-0.010002000000000066,-0.02560675817699049
2020-05-28,39.740002,39.740002,38.790001,38.810001,29.437946,12056800,70339803540.0,-0.9300009999999972,-2.3402137725106233
2020-05-29,38.59,39.23,38.200001,39.049999,29.619987,18946000,68304300000.00001,0.45999899999999627,1.1920160663384198
2020-06-01,39.099998,39.759998,39.080002,39.18,29.718603,6573400,69206996460.0,0.08000200000000035,0.2046087061180933
2020-06-02,39.389999,39.709999,39.25,39.66,30.082687,8952600,69720298230.0,0.2700009999999935,0.6854557168178488
2020-06-03,40.0,40.439999,39.759998,40.209999,30.499863,8422500,70800000000.0,0.20999900000000338,0.5249975000000084
2020-06-04,40.0,40.740002,39.650002,40.73,30.894299,7842200,70800000000.0,0.7299999999999969,1.8249999999999922
2020-06-05,41.509998,42.470001,41.27,41.91,31.789341,10776200,73472696460.0,0.40000199999999353,0.9636280878645033
2020-06-08,42.23,43.150002,41.939999,42.830002,32.487179,10509300,74747100000.0,0.6000020000000035,1.4207956429078938
2020-06-09,42.450001,42.689999,41.959999,42.18,31.994139,11903200,75136501770.0,-0.2700010000000006,-0.6360447435560734
2020-06-10,42.299999,42.400002,41.799999,41.82,31.721073,9795600,74870998230.0,-0.4799989999999994,-1.134749435809678
2020-06-11,40.849998,41.040001,39.27,39.290001,29.802031,13488100,72304496460.0,-1.5599970000000027,-3.818842292232188
2020-06-12,39.41,39.43,38.220001,39.130001,30.329094,12543100,69755700000.0,-0.27999899999999656,-0.7104770362851981
2020-06-15,38.48,40.330002,38.34,40.310001,31.243692,11940200,68109599999.99999,1.8300010000000029,4.755719854469862
2020-06-16,41.209999,41.610001,40.560001,41.09,31.848259,9531900,72941698230.0,-0.11999899999999997,-0.29118903885438085
2020-06-17,41.18,41.439999,40.759998,40.860001,31.669992,7960400,72888600000.0,-0.3199990000000028,-0.7770738222438145
2020-06-18,40.490002,41.52,40.470001,41.470001,32.142796,7192800,71667303540.0,0.9799990000000065,2.4203481145790176
2020-06-19,41.98,41.98,40.560001,40.689999,31.538223,20025400,74304600000.0,-1.2900009999999966,-3.0728942353501587
2020-06-22,40.599998,40.68,39.900002,40.049999,31.042162,6756100,71861996460.0,-0.5499989999999997,-1.3546774066343543
2020-06-23,40.360001,40.84,40.23,40.34,31.266949,6061900,71437201770.0,-0.020000999999993496,-0.04955649034794002
2020-06-24,39.950001,40.0,39.240002,39.43,30.561621,7186600,70711501770.0,-0.5200010000000006,-1.3016295043396886
2020-06-25,39.41,39.740002,38.970001,39.66,30.739889,5981200,69755700000.0,0.25,0.6343567622430856
2020-06-26,39.630001,39.68,38.09,38.189999,29.600519,9693100,70145101770.0,-1.4400019999999998,-3.633615855825993
2020-06-29,38.560001,39.32,38.450001,39.23,30.406603,5919700,68251201770.0,0.6699989999999971,1.7375492287979897
2020-06-30,39.080002,39.439999,38.860001,39.25,30.422094,6825000,69171603540.0,0.16999799999999965,0.4349999777379736
2020-07-01,39.43,40.18,39.220001,39.240002,30.414354,6326100,69791100000.0,-0.18999800000000278,-0.481861526756284
2020-07-02,39.630001,40.02,39.299999,39.400002,30.538364,4389500,70145101770.0,-0.2299989999999994,-0.5803658697863757
2020-07-06,39.75,40.009998,39.080002,39.599998,30.693382,4883100,70357500000.0,-0.15000200000000063,-0.3773635220125802
2020-07-07,39.189999,40.240002,39.119999,39.939999,30.956911,8659900,69366298230.0,0.75,1.9137535573808002
2020-07-08,39.82,40.439999,39.610001,39.869999,30.902653,7530500,70481400000.0,0.04999899999999968,0.1255625313912599
2020-07-09,39.73,39.73,38.529999,38.599998,29.918301,6257000,70322100000.0,-1.1300019999999975,-2.8442033727661653
2020-07-10,38.950001,40.32,38.900002,40.27,31.212685,8406400,68941501770.0,1.3199990000000028,3.3889575509895438
2020-07-13,40.130001,40.720001,39.740002,40.209999,31.16618,6931300,71030101770.0,0.07999800000000334,0.19934711688644946
2020-07-14,40.209999,41.099998,39.880001,41.060001,31.825005,7783300,71171698230.0,0.8500019999999964,2.113907040883031
2020-07-15,41.34,41.75,40.959999,41.0,31.778507,6499600,73171800000.0,-0.3400000000000034,-0.8224479922593212
2020-07-16,40.939999,41.68,40.869999,41.48,32.150539,5670900,72463798230.0,0.5400009999999966,1.3190058944554361
2020-07-17,41.84,41.849998,41.389999,41.540001,32.197044,6242700,74056800000.0,-0.2999990000000068,-0.7170148183556567
2020-07-20,41.5,41.5,40.48,40.869999,31.677742,5915800,73455000000.0,-0.630001,-1.5180746987951808
2020-07-21,41.040001,42.139999,41.040001,41.220001,31.949015,6212400,72640801770.0,0.18000000000000682,0.43859648054103806
2020-07-22,41.099998,41.400002,40.509998,41.34,32.042034,5437900,72746996460.0,0.24000200000000405,0.5839465004353627
2020-07-23,41.48,41.740002,41.259998,41.580002,32.228054,4803000,73419600000.0,0.10000200000000348,0.24108486017358602
2020-07-24,41.799999,42.59,41.59,41.849998,32.437321,6186800,73985998230.0,0.04999899999999968,0.11961483539748334
2020-07-27,42.0,42.27,41.759998,42.130001,32.654346,6052100,74340000000.0,0.13000100000000003,0.3095261904761905
2020-07-28,42.98,43.200001,42.209999,42.52,32.956627,10794200,76074600000.0,-0.45999999999999375,-1.0702652396463328
2020-07-29,42.869999,42.869999,41.419998,41.630001,32.266811,7890100,75879898230.0,-1.239998,-2.8924609958586656
2020-07-30,41.279999,41.889999,41.18,41.580002,32.228054,6256700,73065598230.0,0.3000030000000038,0.7267514710937949
2020-07-31,41.310001,41.560001,40.669998,41.150002,31.894768,7572500,73118701770.0,-0.15999899999999911,-0.3873129898980131
2020-08-03,41.110001,41.32,40.669998,41.009998,31.786249,6063800,72764701770.0,-0.10000299999999385,-0.24325710913992404
2020-08-04,41.200001,41.610001,40.93,41.599998,32.243553,8747300,72924001770.0,0.39999699999999905,0.9708664812896463
2020-08-05,41.689999,42.040001,41.48,41.66,32.290051,6425900,73791298230.0,-0.02999900000000366,-0.07195730563582806
2020-08-06,41.580002,41.889999,41.32,41.549999,32.204803,4085500,73596603540.0,-0.030003000000000668,-0.07215728368651995
2020-08-07,41.299999,42.23,41.07,42.169998,32.685352,5620600,73100998230.0,0.869999,2.1065351599645314
2020-08-10,42.259998,43.25,42.259998,43.220001,33.499191,6734900,74800196460.0,0.9600030000000004,2.271658886495925
2020-08-11,43.860001,44.150002,43.470001,43.599998,33.793724,8538700,77632201770.0,-0.26000299999999754,-0.5928020840674344
2020-08-12,43.709999,43.990002,42.900002,42.959999,33.297668,7866000,77366698230.0,-0.75,-1.715854534794201
2020-08-13,42.75,43.07,42.48,42.57,32.995384,5347100,75667500000.0,-0.17999999999999972,-0.4210526315789467
2020-08-14,42.360001,42.720001,42.080002,42.540001,32.972141,4881300,74977201770.0,0.17999999999999972,0.4249291684388764
2020-08-17,42.68,43.34,42.57,43.029999,33.351925,6948700,75543600000.0,0.34999899999999684,0.8200538894095522
2020-08-18,43.360001,43.599998,43.029999,43.220001,33.499191,5865100,76747201770.0,-0.13999999999999346,-0.32287822133581934
2020-08-19,43.369999,44.150002,43.169998,43.650002,33.832478,6439400,76764898230.0,0.28000300000000067,0.6456144949415393
2020-08-20,43.380001,43.810001,43.16,43.5,33.716217,6160500,76782601770.0,0.11999899999999997,0.27662286130422165
2020-08-21,43.59,43.650002,43.139999,43.459999,33.685211,4334400,77154300000.0,-0.13000100000000003,-0.2982358339068594
2020-08-24,43.580002,44.459999,43.450001,44.040001,34.134762,7911300,77136603540.0,0.45999899999999627,1.0555277165888985
2020-08-25,44.299999,44.299999,43.5,43.52,33.73172,6117900,78410998230.0,-0.7799989999999966,-1.7607201300388213
2020-08-26,43.220001,43.650002,42.93,43.200001,33.483688,11083300,76499401770.0,-0.020000000000003126,-0.04627487167342528
2020-08-27,43.43,44.369999,43.360001,43.75,33.909988,6558300,76871100000.0,0.3200000000000003,0.7368178678332956
2020-08-28,43.84,43.950001,43.459999,43.93,34.049496,5476500,77596800000.0,0.0899999999999963,0.20529197080291126
2020-08-31,43.880001,43.990002,43.59,43.740002,33.902233,7826300,77667601770.0,-0.1399990000000031,-0.3190496736770883
2020-09-01,43.650002,43.689999,43.040001,43.119999,33.42168,7105300,77260503540.0,-0.5300030000000007,-1.2142107118345622
2020-09-02,43.07,43.900002,42.900002,43.759998,33.91774,8021200,76233900000.0,0.6899980000000028,1.6020385419085275
2020-09-03,43.950001,44.779999,43.009998,43.290001,33.553444,10906100,77791501770.0,-0.6600000000000037,-1.5017064504731268
2020-09-04,43.509998,43.939999,42.779999,43.490002,33.708466,9461000,77012696460.0,-0.01999600000000612,-0.045957253319124765
2020-09-08,43.700001,44.07,42.700001,43.07,33.382927,8765400,77349001770.0,-0.630001,-1.4416498525938248
2020-09-09,43.369999,44.169998,43.310001,43.790001,33.94099,16628800,76764898230.0,0.42000199999999666,0.9684159780589264
2020-09-10,43.889999,43.889999,43.27,43.349998,33.599953,7569900,77685298230.0,-0.5400010000000037,-1.230350905225593
2020-09-11,43.470001,43.720001,43.16,43.59,33.785973,9282300,76941901770.0,0.11999899999999997,0.27605014317805043
2020-09-14,42.900002,43.360001,42.630001,43.0,33.999454,10177700,75933003540.0,0.09999799999999937,0.23309556022864372
2020-09-15,43.099998,43.389999,42.709999,42.779999,33.825504,8482700,76286996460.0,-0.3199990000000028,-0.742457111018898
2020-09-16,42.880001,42.91,41.740002,41.759998,33.019009,9752100,75897601770.0,-1.120002999999997,-2.6119472338631637
2020-09-17,41.580002,41.959999,40.82,40.860001,32.307396,9770500,73596603540.0,-0.7200010000000034,-1.7316040533139065
2020-09-18,40.880001,41.040001,39.490002,39.84,31.5009,22715200,72357601770.0,-1.0400009999999966,-2.5440336951067994
2020-09-21,39.68,39.799999,38.439999,38.82,30.694393,10251700,70233600000.0,-0.8599999999999994,-2.1673387096774177
2020-09-22,39.0,39.419998,38.490002,38.549999,30.480907,8560100,69030000000.0,-0.4500010000000003,-1.1538487179487187
2020-09-23,38.75,39.049999,37.919998,37.93,29.99069,8258900,68587500000.0,-0.8200000000000003,-2.116129032258065
2020-09-24,38.0,38.619999,37.59,38.330002,30.306963,7301400,67260000000.0,0.33000200000000035,0.8684263157894745
2020-09-25,38.119999,38.41,37.779999,38.27,30.259525,7854900,67472398230.0,0.15000100000000316,0.39349686236876125
2020-09-28,38.470001,39.209999,38.470001,38.950001,30.797186,8003800,68091901770.00001,0.4799999999999969,1.2477254679561793
2020-09-29,38.939999,38.950001,38.330002,38.360001,30.330681,7030200,68923798230.0,-0.5799980000000033,-1.4894658831398617
2020-09-30,38.540001,38.900002,38.330002,38.639999,30.552074,7706900,68215801769.99999,0.09999800000000647,0.25946548366723315
2020-10-01,38.669998,38.950001,38.380001,38.919998,30.773464,7656100,68445896460.0,0.25,0.6464960251614184
2020-10-02,38.400002,39.220001,38.349998,38.970001,30.813,5268300,67968003540.0,0.5699990000000028,1.4843723185222824
2020-10-05,39.169998,39.619999,38.919998,39.5,31.232058,5154800,69330896460.0,0.33000200000000035,0.8424866399023058
2020-10-06,39.650002,40.220001,39.48,39.599998,31.311129,6555800,70180503540.0,-0.05000400000000127,-0.12611348670297992
2020-10-07,39.810001,40.84,39.810001,40.529999,32.046467,7425000,70463701770.0,0.7199979999999968,1.808585737036271
2020-10-08,40.669998,40.950001,40.23,40.380001,31.927864,5715600,71985896460.0,-0.2899969999999996,-0.7130489654806464
2020-10-09,40.830002,41.259998,40.59,40.689999,32.172974,11445000,72269103540.0,-0.1400030000000001,-0.3428924642227549
2020-10-12,40.650002,41.240002,40.380001,40.450001,31.983217,7167200,71950503540.0,-0.20000100000000032,-0.4920073558667975
2020-10-13,40.380001,40.419998,39.32,39.380001,31.137182,8704000,71472601770.0,-1.0,-2.476473440404323
2020-10-14,39.279999,39.82,39.119999,39.549999,31.271593,5087700,69525598230.0,0.2700000000000031,0.6873727262569512
2020-10-15,39.16,39.740002,39.049999,39.700001,31.39019,4206800,69313200000.0,0.5400010000000037,1.378960674157313
2020-10-16,39.91,40.240002,39.529999,39.529999,31.255781,5968700,70640700000.0,-0.38000100000000003,-0.952144825858181
2020-10-19,39.560001,39.939999,39.119999,39.18,30.979048,5184300,70021201770.0,-0.38000100000000003,-0.9605687320382019
2020-10-20,39.470001,39.5,38.630001,38.700001,30.599508,7308100,69861901770.0,-0.7700000000000031,-1.9508486964568434
2020-10-21,38.490002,38.75,38.43,38.509998,30.449287,5799800,68127303539.99999,0.01999600000000612,0.05195115344500663
2020-10-22,38.630001,39.060001,38.439999,38.990002,30.828814,4621600,68375101770.0,0.3600009999999969,0.9319207628288617
2020-10-23,39.27,39.360001,38.779999,39.080002,30.899977,4504100,69507900000.0,-0.18999800000000278,-0.4838248026483391
2020-10-26,38.880001,38.939999,38.23,38.57,30.496723,7152800,68817601770.0,-0.31000099999999975,-0.7973276543897201
2020-10-27,38.43,38.57,37.150002,37.169998,29.389771,9627500,68021100000.0,-1.260002,-3.2786937288576636
2020-10-28,36.580002,37.139999,36.279999,36.720001,29.033957,12641100,64746603540.0,0.1399990000000031,0.3827200446845331
2020-10-29,36.650002,37.200001,36.23,36.869999,29.152561,12650800,64870503540.0,0.21999699999999933,0.6002646330005639
2020-10-30,36.25,36.75,35.830002,36.080002,28.52792,12782500,64162500000.0,-0.16999799999999965,-0.468959999999999
2020-11-02,36.490002,36.77,36.130001,36.48,28.844194,9370800,64587303539.99999,-0.010002000000000066,-0.027410247881049902
2020-11-03,36.720001,37.57,36.709999,37.389999,29.563715,10594100,64994401770.00001,0.6699979999999996,1.8246132400704445
2020-11-04,37.740002,38.82,37.66,38.080002,30.109289,12802800,66799803539.99999,0.3400000000000034,0.9009008531584164
2020-11-05,38.439999,38.459999,37.299999,37.310001,29.500462,9608700,68038798230.0,-1.1299980000000005,-2.939641075432912
2020-11-06,37.360001,37.849998,37.07,37.27,29.468838,8016300,66127201769.99999,-0.09000099999999378,-0.24090202781309827
2020-11-09,38.740002,39.43,38.110001,38.169998,30.180449,16564700,68569803539.99999,-0.5700039999999973,-1.4713576937863797
2020-11-10,38.700001,39.709999,38.48,39.59,31.303223,13246100,68499001770.0,0.8899990000000031,2.299738958663084
2020-11-11,39.84,39.849998,39.130001,39.759998,31.437641,9146300,70516800000.0,-0.08000200000000035,-0.20080823293172778
2020-11-12,39.560001,39.66,38.900002,39.5,31.232058,7815000,70021201770.0,-0.06000099999999975,-0.15167087584249492
2020-11-13,39.740002,40.400002,39.400002,40.330002,31.88833,6552300,70339803540.0,0.5900000000000034,1.4846501517539015
2020-11-16,40.810001,41.52,40.52,41.48,32.797615,7296000,72233701770.0,0.6699989999999971,1.641751981334176
2020-11-17,41.119999,41.48,40.880001,41.189999,32.568317,5204400,72782398230.0,0.07000000000000028,0.1702334671749391
2020-11-18,41.209999,41.380001,40.16,40.169998,31.76182,7850500,72941698230.0,-1.0400010000000037,-2.523661793828249
2020-11-19,40.009998,40.41,39.360001,40.060001,31.674843,8198100,70817696460.0,0.05000299999999669,0.12497626218325901
2020-11-20,39.84,40.150002,39.720001,39.939999,31.579962,6053400,70516800000.0,0.09999899999999684,0.25100150602408844
2020-11-23,40.0,40.419998,39.82,40.200001,31.785538,6676000,70800000000.0,0.20000100000000032,0.5000025000000008
2020-11-24,40.810001,41.540001,40.669998,41.0,32.418095,10679800,72233701770.0,0.18999900000000025,0.465569701897337
2020-11-25,40.900002,41.0,40.349998,40.380001,31.927864,6483400,72393003540.0,-0.5200010000000006,-1.2713960258486066
2020-11-27,40.400002,40.540001,39.970001,40.369999,31.919949,4664500,71508003540.0,-0.030003000000000668,-0.07426484780867255
2020-11-30,40.25,40.279999,39.599998,39.830002,31.492987,14473700,71242500000.0,-0.41999799999999965,-1.043473291925465
2020-12-01,40.080002,40.880001,40.009998,40.490002,32.014843,10720500,70941603540.0,0.4099999999999966,1.022954040770748
2020-12-02,40.48,40.830002,39.91,40.02,31.643217,8990200,71649600000.0,-0.45999999999999375,-1.136363636363621
2020-12-03,40.23,40.529999,39.919998,40.419998,31.95949,14800300,71207100000.0,0.18999800000000278,0.47227939348745407
2020-12-04,40.700001,41.369999,40.599998,41.369999,32.71064,9814000,72039001770.0,0.6699979999999996,1.646186691739884
2020-12-07,41.490002,41.77,41.040001,41.689999,32.963661,9947500,73437303540.0,0.1999970000000033,0.48203661209754417
2020-12-08,41.400002,42.310001,40.93,42.23,33.390633,12791600,73278003540.0,0.8299979999999962,2.004825990105015
2020-12-09,42.369999,43.169998,42.290001,42.98,33.983643,16687900,74994898230.0,0.6100009999999969,1.4397002935968841
2020-12-10,43.09,43.130001,42.470001,42.950001,33.959923,9647500,76269300000.0,-0.1399990000000031,-0.3248990485031401
2020-12-11,42.619999,43.139999,42.619999,43.0,33.999454,8352800,75437398230.0,0.38000100000000003,0.8916025549414021
2020-12-14,43.360001,43.360001,42.889999,42.900002,33.920391,15216200,76747201770.0,-0.45999899999999627,-1.0608832781161521
2020-12-15,42.830002,42.93,42.040001,42.18,33.351097,14433300,75809103540.0,-0.6500020000000006,-1.517632429715975
2020-12-16,42.200001,43.169998,42.18,43.099998,34.078529,13036000,74694001770.0,0.899996999999999,2.1326942622584273
2020-12-17,42.970001,43.119999,42.709999,43.0,33.999454,8628700,76056901770.0,0.029998999999996556,0.06981382197314018
2020-12-18,42.959999,43.869999,42.919998,43.779999,34.616192,23929700,76039198230.0,0.8199999999999932,1.9087523721776463
2020-12-21,43.110001,43.18,42.580002,42.939999,33.952019,10118600,76304701770.0,-0.17000199999999666,-0.39434469045824583
2020-12-22,43.0,43.130001,42.310001,42.549999,33.64365,9063300,76110000000.0,-0.4500010000000003,-1.0465139534883727
2020-12-23,42.68,43.07,42.619999,42.869999,33.896664,7550100,75543600000.0,0.18999900000000025,0.44517104029990684
2020-12-24,41.889999,41.919998,41.150002,41.720001,33.662674,6055800,74145298230.0,-0.16999799999999965,-0.40582001446216226
2020-12-28,41.889999,42.290001,41.240002,41.48,33.469025,8657900,74145298230.0,-0.4099990000000062,-0.9787515153676805
2020-12-29,41.650002,41.799999,40.720001,40.73,32.863876,8979600,73720503540.0,-0.9200020000000038,-2.208888249273082
2020-12-30,40.68,40.970001,40.349998,40.740002,32.871948,7038700,72003600000.0,0.060001999999997224,0.14749754178957036
2020-12-31,40.630001,41.110001,40.169998,41.0,33.081734,7286700,71915101770.0,0.36999899999999997,0.9106546662403477
2021-01-04,41.080002,41.110001,40.0,40.84,32.952629,10657400,72711603540.0,-0.24000199999999694,-0.5842307407872008
2021-01-05,40.849998,41.220001,40.700001,40.759998,32.888081,6375800,72304496460.0,-0.0899999999999963,-0.22031824824078647
2021-01-06,40.93,41.59,40.709999,41.419998,33.420612,9048000,72446100000.0,0.48999799999999993,1.197161006596628
2021-01-07,41.610001,41.98,41.389999,41.779999,33.711094,6962900,73649701770.0,0.16999799999999965,0.40855081930903986
2021-01-08,41.799999,41.84,41.279999,41.59,33.557789,8314300,73985998230.0,-0.20999899999999627,-0.5023899641719999
2021-01-11,41.669998,42.029999,41.290001,41.349998,33.364136,9718300,73755896460.0,-0.3200000000000003,-0.7679386017729117
2021-01-12,41.27,41.450001,40.630001,40.93,33.025246,7324500,73047900000.0,-0.3400000000000034,-0.8238429852192959
2021-01-13,40.77,41.25,40.77,41.09,33.15435,7515000,72162900000.0,0.3200000000000003,0.7848908511160173
2021-01-14,41.18,41.779999,40.880001,41.110001,33.170486,6963400,72888600000.0,-0.06999900000000281,-0.16998300145702477
2021-01-15,41.0,41.34,40.869999,41.200001,33.243107,8070000,72570000000.0,0.20000100000000032,0.48780731707317154
2021-01-19,41.380001,41.830002,41.009998,41.23,33.267311,9653800,73242601770.0,-0.15000100000000316,-0.36249636630024046
2021-01-20,41.459999,42.189999,41.330002,42.099998,33.969288,7002300,73384198230.0,0.639998999999996,1.5436541616896708
2021-01-21,42.049999,42.290001,41.709999,41.939999,33.840191,7108200,74428498230.0,-0.10999999999999943,-0.26159334748141
2021-01-22,41.82,42.09,41.509998,41.830002,33.751431,5526300,74021400000.0,0.010002000000000066,0.023916786226685954
2021-01-25,41.77,42.240002,41.34,41.959999,33.856323,8201200,73932900000.0,0.18999900000000025,0.45486952358151844
2021-01-26,42.02,42.389999,41.849998,42.23,34.074181,5861200,74375400000.0,0.20999999999999375,0.49976201808661047
2021-01-27,41.959999,42.5,41.68,41.82,33.743366,8405400,74269198230.0,-0.1399990000000031,-0.33364872101165466
2021-01-28,41.82,43.040001,41.779999,42.650002,34.413071,9547200,74021400000.0,0.8300020000000004,1.984701099952177
2021-01-29,42.25,42.439999,41.029999,41.080002,33.146278,11869400,74782500000.0,-1.1699979999999996,-2.7692260355029577
2021-02-01,41.080002,41.360001,40.459999,40.77,32.896145,9606000,72711603540.0,-0.3100019999999972,-0.7546299535233645
2021-02-02,41.18,41.779999,40.57,41.57,33.541641,10121600,72888600000.0,0.39000000000000057,0.9470616804273934
2021-02-03,41.349998,42.130001,41.209999,42.0,33.888599,8059800,73189496460.0,0.6500020000000006,1.5719517084378107
2021-02-04,42.110001,42.560001,41.93,42.529999,34.316238,7543500,74534701770.0,0.41999799999999965,0.9973830207223212
2021-02-05,42.779999,42.970001,42.43,42.470001,34.267834,6076400,75720598230.0,-0.3099979999999931,-0.7246330230161836
2021-02-08,42.549999,43.330002,42.549999,42.970001,34.671265,7163800,75313498230.0,0.42000200000000376,0.9870787541029173
2021-02-09,43.130001,43.540001,42.77,43.360001,34.985943,7571800,76340101770.0,0.22999999999999687,0.5332714923887826
2021-02-10,43.57,43.919998,43.299999,43.549999,35.139248,6866300,77118900000.0,-0.0200010000000006,-0.04590543952260868
2021-02-11,43.529999,43.849998,43.139999,43.310001,34.945602,6610400,77048098230.0,-0.2199979999999968,-0.5053939927726551
2021-02-12,43.240002,43.540001,43.009998,43.400002,35.018219,7485000,76534803540.0,0.1600000000000037,0.37002773496634833
2021-02-16,43.310001,43.630001,43.099998,43.41,35.026287,6854100,76658701770.0,0.09999899999999684,0.2308912438030118
2021-02-17,43.400002,43.91,43.23,43.599998,35.179592,5977700,76818003540.0,0.19999599999999873,0.4608202552617365
2021-02-18,43.610001,44.060001,43.57,43.630001,35.203796,6309100,77189701770.0,0.020000000000003126,0.04586103999402139
2021-02-19,43.82,43.950001,43.540001,43.799999,35.340965,7494700,77561400000.0,-0.0200010000000006,-0.045643541761753996
2021-02-22,43.740002,44.48,43.700001,44.419998,35.841228,7245100,77419803540.0,0.6799960000000027,1.5546318447813579
2021-02-23,44.880001,44.990002,44.029999,44.290001,35.736336,11129500,79437601770.0,-0.5900000000000034,-1.3146167265014175
2021-02-24,44.369999,45.18,44.27,45.0,36.309212,7419500,78534898230.0,0.630001,1.4198805819220326
2021-02-25,45.0,45.34,44.450001,44.630001,36.010674,9414600,79650000000.0,-0.36999899999999997,-0.82222
2021-02-26,44.5,44.66,43.549999,43.599998,35.179592,12515900,78765000000.0,-0.9000020000000006,-2.0224764044943835
2021-03-01,44.150002,45.16,44.009998,44.540001,35.938053,8231800,78145503540.0,0.389998999999996,0.8833499033589987
2021-03-02,44.610001,45.130001,44.540001,44.720001,36.08329,7764500,78959701770.0,0.11000000000000654,0.24658147844472486
2021-03-03,44.720001,45.639999,44.610001,45.049999,36.349552,9728200,79154401770.0,0.32999799999999624,0.737920377059017
2021-03-04,45.040001,45.549999,44.080002,44.259998,35.712132,12870200,79720801770.0,-0.7800029999999936,-1.7318005832193335
2021-03-05,44.68,45.299999,44.400002,45.119999,36.40604,11434000,79083600000.0,0.43999900000000025,0.9847784243509405
2021-03-08,45.450001,47.07,45.060001,46.900002,37.842274,16319900,80446501770.0,1.4500010000000003,3.190321161929128
2021-03-09,46.869999,47.990002,46.59,47.68,38.47163,13064100,82959898230.0,0.8100009999999997,1.7281865100957219
2021-03-10,47.900002,48.439999,47.759998,48.200001,38.891205,9428200,84783003540.0,0.2999989999999997,0.6263026878370479
2021-03-11,47.959999,48.439999,47.759998,47.799999,38.568455,8705100,84889198230.0,-0.1600000000000037,-0.33361134974169554
2021-03-12,48.060001,48.810001,48.0,48.650002,39.254299,9314100,85066201770.0,0.5900010000000009,1.2276341816971683
2021-03-15,49.07,49.950001,49.029999,49.84,40.21447,12828100,86853900000.0,0.7700000000000031,1.5691868758915897
2021-03-16,49.209999,49.91,48.91,49.439999,39.891724,10007200,87101698230.0,0.22999999999999687,0.46738468740874567
2021-03-17,49.419998,49.869999,48.919998,49.779999,40.166058,11698300,87473396460.0,0.3600009999999969,0.7284520731870464
2021-03-18,49.849998,50.84,49.75,50.57,40.803486,10439900,88234496460.0,0.7200020000000009,1.444337068980426
2021-03-19,50.700001,51.169998,50.139999,50.549999,40.78735,37178900,89739001770.0,-0.15000200000000063,-0.29586192710331627
2021-03-22,50.450001,51.720001,50.18,51.639999,41.666836,10365200,89296501770.0,1.1899980000000028,2.3587670493802424
2021-03-23,51.57,51.66,50.330002,50.509998,40.755077,12000100,91278900000.0,-1.0600019999999972,-2.055462478184986
2021-03-24,49.189999,49.919998,49.139999,49.509998,40.640156,9286000,87066298230.0,0.3199990000000028,0.650536707675076
2021-03-25,49.080002,50.389999,49.080002,50.189999,41.198326,7820600,86871603540.0,1.109997,2.2616074873020584
2021-03-26,51.0,52.59,50.830002,52.5,43.094498,15411700,90270000000.0,1.5,2.941176470588235
2021-03-29,51.990002,52.580002,51.689999,52.299999,42.930321,9027400,92022303540.0,0.30999700000000274,0.5962627198975733
2021-03-30,52.299999,52.580002,51.139999,51.259998,42.076637,8576100,92570998230.0,-1.0400009999999966,-1.9885296747328745
2021-03-31,51.18,51.369999,50.959999,51.16,41.994553,8398200,90588600000.0,-0.020000000000003126,-0.0390777647518623
2021-04-01,51.0,51.16,50.27,51.0,41.86322,8271900,90270000000.0,0.0,0.0
2021-04-05,51.369999,51.869999,51.27,51.32,42.125889,6937500,90924898230.0,-0.04999899999999968,-0.09733112901170132
2021-04-06,51.169998,51.779999,51.150002,51.380001,42.175144,7169300,90570896460.0,0.21000300000000038,0.4104025956772568
2021-04-07,51.400002,51.549999,50.860001,51.130001,41.969929,6101600,90978003540.0,-0.2700010000000006,-0.5252937538796216
2021-04-08,51.220001,51.630001,50.939999,51.48,42.257229,6511200,90659401770.0,0.25999899999999343,0.5076122509251677
2021-04-09,51.400002,51.720001,51.349998,51.490002,42.265434,5654700,90978003540.0,0.0899999999999963,0.17509726945146092
2021-04-12,51.720001,51.919998,51.41,51.75,42.478855,5849400,91544401770.0,0.029998999999996556,0.058002705761735295
2021-04-13,51.23,51.439999,51.02,51.169998,42.002762,7096700,90677100000.0,-0.060001999999997224,-0.11712277962131024
2021-04-14,51.040001,51.619999,51.040001,51.349998,42.15052,6025200,90340801770.0,0.30999700000000274,0.6073608815172296
2021-04-15,51.599998,51.970001,51.48,51.610001,42.363937,9045200,91331996460.0,0.010002999999997542,0.019385659666106076
2021-04-16,51.93,52.380001,51.73,52.310001,42.93853,16476700,91916100000.0,0.38000100000000003,0.7317562102830734
2021-04-19,52.310001,52.549999,48.27,49.080002,40.287193,27946000,92588701770.0,-3.2299989999999994,-6.1747255558263126
2021-04-20,45.939999,47.59,45.16,47.189999,38.73579,43950300,81313798230.0,1.25,2.7209404162155075
2021-04-21,47.18,48.259998,47.18,47.580002,39.055923,14682000,83508600000.0,0.40000200000000063,0.8478211106401031
2021-04-22,47.580002,47.740002,46.240002,46.5,38.169407,18769900,84216603540.0,-1.0800020000000004,-2.269865394288971
2021-04-23,46.48,47.509998,46.450001,47.389999,38.89996,9045100,82269600000.0,0.9099990000000062,1.9578291738382234
2021-04-26,47.349998,47.5,47.02,47.220001,38.760422,7806200,83809496460.0,-0.12999699999999592,-0.27454489016028244
2021-04-27,47.16,47.419998,46.959999,47.16,38.711163,5957100,83473200000.0,0.0,0.0
2021-04-28,47.5,47.849998,46.889999,47.18,38.727581,8851400,84075000000.0,-0.3200000000000003,-0.6736842105263163
2021-04-29,46.07,47.060001,45.68,46.599998,38.251488,11543200,81543900000.0,0.5299979999999991,1.150418927718687
2021-04-30,47.240002,47.779999,46.830002,47.75,39.195465,11634900,83614803540.0,0.5099980000000031,1.079589285368792
2021-05-03,48.07,48.630001,47.75,48.369999,39.704391,7771300,85083900000.0,0.2999989999999997,0.6240877886415637
2021-05-04,48.240002,48.639999,47.619999,47.849998,39.277554,9725900,85384803540.0,-0.3900039999999976,-0.8084659697982549
2021-05-05,47.830002,48.360001,47.59,48.349998,39.687969,6308100,84659103540.0,0.519995999999999,1.0871753674607811
2021-05-06,48.529999,49.529999,48.529999,49.490002,40.623741,8075800,85898098230.0,0.9600030000000004,1.9781640630159512
2021-05-07,49.290001,50.080002,49.18,49.950001,41.001335,6802100,87243301770.0,0.6600000000000037,1.3390139716166851
2021-05-10,50.200001,51.139999,50.139999,50.68,41.600552,8262300,88854001770.0,0.4799989999999994,0.9561732877256306
2021-05-11,50.68,50.830002,49.880001,50.43,41.395336,7333700,89703600000.0,-0.25,-0.49329123914759276
2021-05-12,50.720001,50.720001,49.259998,49.349998,40.508816,6783500,89774401770.0,-1.370003000000004,-2.701109962517556
2021-05-13,49.169998,50.43,49.130001,50.119999,41.140873,7385100,87030896460.0,0.9500010000000003,1.932074514219017
2021-05-14,50.369999,50.759998,50.23,50.279999,41.272213,6545400,89154898230.0,-0.09000000000000341,-0.17867778794278596
2021-05-17,50.25,50.560001,50.029999,50.209999,41.214752,5211700,88942500000.0,-0.04000099999999662,-0.07960398009949576
2021-05-18,50.119999,50.18,49.889999,49.990002,41.034164,5281600,88712398230.0,-0.12999700000000303,-0.25937151355490456
2021-05-19,49.529999,49.689999,48.939999,49.439999,40.582703,6314100,87668098230.0,-0.0899999999999963,-0.18170805939244278
2021-05-20,49.400002,50.220001,49.310001,50.029999,41.066998,5165800,87438003540.0,0.6299969999999959,1.2752975192187157
2021-05-21,50.189999,50.41,49.82,50.0,41.04237,5828000,88836298230.0,-0.18999900000000025,-0.37855948154133306
2021-05-24,50.119999,50.610001,49.950001,50.32,41.305042,5551700,88712398230.0,0.20000100000000032,0.39904430165691007
2021-05-25,50.279999,50.360001,49.48,49.610001,40.722248,7174800,88995598230.0,-0.6699979999999996,-1.332533837162566
2021-05-26,49.639999,49.720001,49.259998,49.419998,40.56628,7160900,87862798230.0,-0.22000100000000344,-0.44319299845272647
2021-05-27,49.459999,49.900002,49.040001,49.200001,40.385696,8097500,87544198230.0,-0.25999800000000306,-0.5256732819586248
2021-05-28,49.299999,49.709999,49.169998,49.220001,40.402115,7507100,87260998230.0,-0.07999799999999624,-0.1622677517701293
2021-06-01,49.580002,49.849998,49.25,49.360001,40.517033,5576100,87756603540.0,-0.22000100000000344,-0.44372930844174524
2021-06-02,49.5,49.740002,49.25,49.509998,40.640156,5552300,87615000000.0,0.00999800000000306,0.020197979797985977
2021-06-03,49.459999,49.91,49.290001,49.779999,40.861786,4655300,87544198230.0,0.3199999999999932,0.6469874776988839
2021-06-04,49.950001,50.080002,49.57,49.77,40.853577,6496300,88411501770.0,-0.1800009999999972,-0.36036235514789516
2021-06-07,50.0,50.52,50.0,50.490002,41.444584,6384900,88500000000.0,0.49000199999999694,0.9800039999999939
2021-06-08,50.549999,50.549999,49.740002,49.880001,40.943867,7106400,89473498230.0,-0.6699979999999996,-1.325416445606655
2021-06-09,49.98,50.360001,49.790001,49.900002,40.960289,6384300,88464600000.0,-0.07999799999999624,-0.16006002400959632
2021-06-10,50.23,50.529999,50.09,50.139999,41.157295,6029600,88907100000.0,-0.09000099999999378,-0.179177782201859
2021-06-11,50.25,50.360001,49.330002,49.759998,40.845371,14453600,88942500000.0,-0.49000199999999694,-0.975128358208949
2021-06-14,48.810001,48.950001,47.43,48.080002,40.160435,14503800,86393701770.0,-0.7299989999999994,-1.4955930855235988
2021-06-15,48.200001,48.439999,47.75,47.900002,40.010082,6940800,85314001770.0,-0.2999989999999997,-0.6224045514023945
2021-06-16,47.91,48.009998,47.189999,47.369999,39.567387,8258700,84800700000.0,-0.5400009999999966,-1.1271154247547415
2021-06-17,47.240002,47.549999,46.759998,46.869999,39.149746,7811100,83614803540.0,-0.370002999999997,-0.7832408643843771
2021-06-18,46.52,46.630001,45.939999,46.310001,38.681984,24095400,82340400000.0,-0.20999900000000338,-0.4514165950129049
2021-06-21,46.75,47.48,46.73,47.290001,39.500561,8149600,82747500000.0,0.5400009999999966,1.1550823529411693
2021-06-22,47.189999,47.540001,47.139999,47.240002,39.458797,5024200,83526298230.0,0.05000299999999669,0.1059610109336868
2021-06-23,47.240002,47.43,46.959999,47.02,39.27504,4864700,83614803540.0,-0.2200019999999938,-0.4657112419258446
2021-06-24,47.009998,47.549999,46.970001,47.43,39.617504,4425900,83207696460.0,0.42000199999999666,0.8934312228645418
2021-06-25,47.380001,47.639999,47.299999,47.619999,39.776207,9929500,83862601770.0,0.23999799999999993,0.5065386132009577
2021-06-28,47.669998,47.700001,47.110001,47.18,39.40868,4877200,84375896460.0,-0.48999799999999993,-1.027895994457562
2021-06-29,47.18,47.259998,46.66,46.779999,39.074566,4945500,83508600000.0,-0.40000100000000316,-0.8478189910979296
2021-06-30,46.849998,47.790001,46.84,47.68,39.826324,7965700,82924496460.0,0.8300020000000004,1.7716158707199954
2021-07-01,47.669998,48.200001,47.669998,47.830002,39.951618,5888200,84375896460.0,0.1600040000000007,0.3356492693790352
2021-07-02,47.830002,47.860001,47.400002,47.529999,39.701031,5514500,84659103540.0,-0.3000030000000038,-0.6272276551441578
2021-07-06,47.439999,47.439999,46.330002,46.669998,38.982689,7767200,83968798230.0,-0.7700010000000006,-1.6231050089187409
2021-07-07,46.59,47.150002,46.540001,46.790001,39.08292,5300400,82464300000.0,0.2000009999999932,0.42927881519637945
2021-07-08,46.299999,46.830002,46.130001,46.43,38.782223,6788700,81950998230.0,0.13000100000000003,0.2807797036885466
2021-07-09,47.25,47.91,47.0,47.400002,39.592445,10042400,83632500000.0,0.15000200000000063,0.3174645502645516
2021-07-12,47.009998,47.700001,46.720001,47.490002,39.667618,7416200,83207696460.0,0.4800039999999939,1.0210679013430162
2021-07-13,47.450001,47.540001,46.759998,46.84,39.12468,6525600,83986501770.0,-0.6100009999999969,-1.2855658317056662
2021-07-14,47.049999,47.650002,46.75,47.560001,39.726086,5734500,83278498230.0,0.5100020000000001,1.0839575150681726
2021-07-15,47.310001,47.610001,47.279999,47.490002,39.667618,4831400,83738701770.0,0.1800009999999972,0.3804713510785958
2021-07-16,47.709999,47.990002,47.169998,47.310001,39.517269,10172000,84446698230.0,-0.39999800000000363,-0.8383944841415812
2021-07-19,46.779999,47.029999,46.200001,46.790001,39.08292,9741800,82800598230.0,0.010002000000000066,0.02138093247928472
2021-07-20,46.810001,47.43,46.439999,47.209999,39.433735,6723000,82853701770.0,0.39999800000000363,0.8545139744816574
2021-07-21,47.5,47.740002,47.200001,47.330002,39.533974,5606100,84075000000.0,-0.16999799999999965,-0.3578905263157887
2021-07-22,47.200001,47.310001,46.830002,46.990002,39.249981,5732500,83544001770.0,-0.20999900000000338,-0.44491312616710194
2021-07-23,47.220001,47.540001,47.09,47.490002,39.667618,4440400,83579401770.0,0.2700009999999935,0.5717937193605597
2021-07-26,47.5,47.790001,47.349998,47.610001,39.767853,4249600,84075000000.0,0.1100009999999969,0.23158105263157241
2021-07-27,47.529999,47.990002,47.32,47.790001,39.918209,5008300,84128098230.0,0.26000200000000007,0.5470271522623009
2021-07-28,47.810001,47.959999,47.48,47.619999,39.776207,5425000,84623701770.0,-0.19000199999999978,-0.39741057524763446
2021-07-29,47.66,49.009998,47.59,48.599998,40.594784,8281800,84358200000.0,0.9399980000000028,1.9722996223248066
2021-07-30,48.490002,48.669998,47.669998,48.040001,40.127026,7104800,85827303540.0,-0.4500010000000003,-0.928028421199076
2021-08-02,48.240002,48.689999,47.700001,47.73,39.868088,5852000,85384803540.0,-0.5100020000000001,-1.0572180324536473
2021-08-03,47.959999,48.080002,47.580002,47.790001,39.918209,5416500,84889198230.0,-0.16999800000000675,-0.35445788895868563
2021-08-04,47.5,47.650002,46.82,47.029999,39.283394,7383300,84075000000.0,-0.47000100000000344,-0.9894757894736915
2021-08-05,47.389999,47.490002,47.200001,47.360001,39.559032,3720600,83880298230.0,-0.029998000000006186,-0.06330027565522038
2021-08-06,47.48,47.580002,47.200001,47.349998,39.550678,4621800,84039600000.0,-0.1300019999999975,-0.27380370682392063
2021-08-09,47.369999,47.529999,47.119999,47.48,39.659264,4044500,83844898230.0,0.1100009999999969,0.23221659768242112
2021-08-10,47.439999,48.25,47.200001,48.110001,40.185497,4770300,83968798230.0,0.6700019999999967,1.4123145323000463
2021-08-11,48.25,48.360001,47.990002,48.169998,40.235611,4651900,85402500000.0,-0.08000200000000035,-0.16580725388601109
2021-08-12,48.25,48.290001,47.990002,48.119999,40.193851,4058000,85402500000.0,-0.13000100000000003,-0.2694321243523317
2021-08-13,48.259998,48.73,48.139999,48.599998,40.594784,4956500,85420196460.0,0.3399999999999963,0.704517227704809
2021-08-16,48.540001,48.669998,48.16,48.389999,40.419373,7685700,85915801770.0,-0.15000199999999353,-0.30902759973159777
2021-08-17,48.18,48.830002,48.18,48.560001,40.561371,5921100,85278600000.0,0.38000100000000003,0.7887110834371109
2021-08-18,48.560001,48.77,48.16,48.220001,40.277374,5359300,85951201770.0,-0.3399999999999963,-0.7001647302272426
2021-08-19,47.82,48.310001,47.709999,48.240002,40.294079,4747800,84641400000.0,0.42000199999999666,0.878297783354238
2021-08-20,48.25,48.689999,48.009998,48.470001,40.486195,3892800,85402500000.0,0.22000100000000344,0.4559606217616652
2021-08-23,48.700001,49.060001,48.400002,48.48,40.494553,5043200,86199001770.0,-0.22000100000000344,-0.45174742398876633
2021-08-24,48.5,48.509998,48.009998,48.209999,40.26902,4557600,85845000000.0,-0.2900009999999966,-0.5979402061855601
2021-08-25,48.330002,48.919998,48.169998,48.650002,40.636547,4299100,85544103540.0,0.3200000000000003,0.6621146011953409
2021-08-26,48.57,49.18,48.549999,48.75,40.72007,5103300,85968900000.0,0.17999999999999972,0.37059913526868377
2021-08-27,49.060001,49.700001,49.009998,49.529999,41.371601,5911500,86836201770.0,0.4699979999999968,0.958006503098108
2021-08-30,49.59,49.919998,49.369999,49.700001,41.513596,5703900,87774300000.0,0.1100009999999969,0.22182093163943717
2021-08-31,49.799999,50.330002,49.619999,50.23,41.956299,7935100,88145998230.0,0.4300009999999972,0.8634558406316377
2021-09-01,50.43,50.43,49.810001,50.080002,41.831005,6847200,89261100000.0,-0.34999799999999937,-0.6940273646638893
2021-09-02,50.25,51.060001,50.220001,51.040001,42.632881,8742400,88942500000.0,0.7900009999999966,1.5721412935323316
2021-09-03,50.91,51.0,50.560001,50.970001,42.574406,4172300,90110700000.0,0.060001000000006854,0.11785700255353931
2021-09-07,50.779999,51.080002,50.509998,50.790001,42.424057,7558700,89880598230.0,0.010002000000000066,0.019696731384339073
2021-09-08,50.66,50.98,50.380001,50.880001,42.499229,7131800,89668200000.0,0.22000100000000344,0.4342696407422098
2021-09-09,50.799999,51.0,50.32,50.59,42.257,7100300,89915998230.0,-0.20999899999999627,-0.4133838664051869
2021-09-10,50.82,50.959999,50.450001,50.599998,42.26535,6129800,89951400000.0,-0.22000200000000092,-0.4329043683589156
2021-09-13,50.799999,50.900002,49.93,50.080002,41.831005,11223000,89915998230.0,-0.7199969999999993,-1.4173169570337971
2021-09-14,49.130001,49.34,48.330002,48.369999,41.142044,8440700,86960101770.0,-0.7600020000000001,-1.546920383738645
2021-09-15,48.369999,49.279999,48.310001,49.23,41.873535,6012400,85614898230.0,0.8600009999999969,1.7779636505677765
2021-09-16,49.240002,49.48,48.66,48.790001,41.499283,6367000,87154803540.0,-0.4500010000000003,-0.9138931391594995
2021-09-17,48.650002,48.959999,48.509998,48.610001,41.34618,11339600,86110503540.0,-0.04000100000000373,-0.0822219904533688
2021-09-20,48.110001,48.490002,47.669998,48.139999,40.946411,8054100,85154701770.0,0.029998000000006186,0.062352939880433986
2021-09-21,48.349998,48.75,47.970001,48.029999,40.852848,7612200,85579496460.0,-0.3199990000000028,-0.6618387036955055
2021-09-22,48.450001,48.73,48.169998,48.240002,41.031471,5251000,85756501770.0,-0.20999900000000338,-0.43343445957824306
2021-09-23,48.610001,49.209999,48.41,48.810001,41.516289,4556700,86039701770.0,0.20000000000000284,0.41143796726110504
2021-09-24,48.700001,49.049999,48.450001,48.459999,41.21859,4396900,86199001770.0,-0.24000199999999694,-0.4928172383405022
2021-09-27,48.360001,49.009998,48.299999,48.740002,41.456753,5080500,85597201770.0,0.38000100000000003,0.7857754179947185
2021-09-28,48.720001,48.959999,48.209999,48.27,41.056988,6754900,86234401770.0,-0.4500010000000003,-0.9236473537839219
2021-09-29,48.369999,48.889999,48.16,48.740002,41.456753,4854500,85614898230.0,0.370002999999997,0.7649431623928645
2021-09-30,48.43,48.5,45.369999,45.52,38.717926,19641400,85721100000.0,-2.9099999999999966,-6.0086723105513045
2021-10-01,45.470001,46.09,44.889999,45.860001,39.007111,11793700,80481901770.0,0.38999999999999346,0.8577083602879038
2021-10-04,45.970001,46.560001,45.830002,46.5,39.551476,8940900,81366901770.0,0.5299989999999966,1.152923620776072
2021-10-05,46.540001,46.619999,46.150002,46.169998,39.270786,7461300,82375801770.0,-0.370002999999997,-0.7950214698104476
2021-10-06,45.799999,46.580002,45.720001,46.450001,39.508949,5471900,81065998230.0,0.6500020000000006,1.419218371598656
2021-10-07,46.709999,47.189999,46.41,46.48,39.534462,4893700,82676698230.0,-0.2299990000000065,-0.4923977840376457
2021-10-08,46.599998,46.970001,46.5,46.73,39.747105,4341600,82481996460.0,0.1300019999999975,0.2789742609001775
2021-10-11,46.709999,47.189999,46.5,46.709999,39.730095,4367900,82676698230.0,0.0,0.0
2021-10-12,47.549999,48.220001,46.889999,47.150002,40.104347,11311800,84163498230.0,-0.39999699999999905,-0.8412134772074318
2021-10-13,47.169998,48.23,46.799999,47.919998,40.759281,7440700,83490896460.0,0.75,1.5899937074409034
2021-10-14,48.080002,48.73,48.02,48.669998,41.397209,5516400,85101603540.0,0.5899959999999993,1.2271130937140962
2021-10-15,48.919998,49.0,48.57,48.700001,41.422729,5944000,86588396460.0,-0.21999699999999933,-0.4497077044034207
2021-10-18,48.389999,48.5,48.099998,48.130001,40.937908,3850300,85650298230.0,-0.25999800000000306,-0.5372969732857465
2021-10-19,48.220001,48.360001,47.759998,47.900002,40.742271,4904100,85349401770.0,-0.3199990000000028,-0.6636229642550252
2021-10-20,47.900002,48.5,47.84,48.43,41.193073,4901300,84783003540.0,0.5299979999999991,1.106467594719514
2021-10-21,48.200001,48.5,48.060001,48.23,41.022961,4067000,85314001770.0,0.029998999999996556,0.0622385879203541
2021-10-22,48.5,48.610001,48.209999,48.220001,41.014454,9353600,85845000000.0,-0.27999899999999656,-0.5773175257731888
2021-10-25,48.459999,48.599998,47.75,47.950001,40.784801,7551300,85774198230.0,-0.5099980000000031,-1.0524102569626612
2021-10-26,47.950001,48.299999,47.919998,48.110001,40.920895,3963000,84871501770.0,0.1599999999999966,0.33368091066358185
2021-10-27,48.25,48.32,47.290001,47.5,40.402042,5521700,85402500000.0,-0.75,-1.5544041450777202
2021-10-28,46.299999,46.75,44.32,44.580002,37.918385,22546300,81950998230.0,-1.7199969999999993,-3.714896408529079
2021-10-29,44.290001,44.66,44.099998,44.110001,37.51862,13384500,78393301770.0,-0.17999999999999972,-0.40641227350615716
2021-11-01,44.209999,44.509998,43.93,44.049999,37.467583,9181000,78251698230.0,-0.1600000000000037,-0.36190907853222004
2021-11-02,44.099998,44.470001,43.889999,44.150002,37.552639,10743100,78056996460.0,0.05000400000000127,0.11338776024434574
2021-11-03,44.110001,44.970001,44.07,44.959999,38.241596,6740700,78074701770.0,0.8499980000000065,1.926996102312504
2021-11-04,44.799999,44.91,44.220001,44.610001,37.943909,6775900,79295998230.0,-0.18999800000000278,-0.42410268803801265
2021-11-05,44.91,45.290001,44.900002,45.200001,38.445736,5872900,79490700000.0,0.29000100000000373,0.6457381429525801
2021-11-08,45.200001,45.369999,44.950001,45.07,38.335163,5864200,80004001770.0,-0.13000100000000003,-0.28761282549529155
2021-11-09,45.119999,45.209999,44.439999,44.790001,38.097,7988000,79862398230.0,-0.32999800000000334,-0.7313785623089294
2021-11-10,44.759998,45.209999,44.650002,44.75,38.062981,6459700,79225196460.0,-0.00999800000000306,-0.022336908951611348
2021-11-11,44.700001,45.099998,44.700001,44.900002,38.190571,4279800,79119001770.0,0.20000100000000032,0.447429520191734
2021-11-12,45.09,45.330002,44.869999,44.919998,38.207573,5075700,79809300000.0,-0.17000200000000376,-0.37702816589044963
2021-11-15,45.060001,45.43,45.029999,45.200001,38.445736,6482500,79756201770.0,0.14000000000000057,0.31069684175107004
2021-11-16,45.139999,45.27,44.310001,44.450001,37.807812,9067500,79897798230.0,-0.6899980000000028,-1.528573361288738
2021-11-17,44.439999,44.77,44.200001,44.419998,37.782288,7766900,78658798230.0,-0.0200010000000006,-0.04500675168782205
2021-11-18,44.34,44.380001,43.790001,44.009998,37.433563,6190700,78481800000.0,-0.33000200000000035,-0.7442534957149308
2021-11-19,43.900002,43.919998,43.32,43.400002,36.914719,10553200,77703003540.0,-0.5,-1.1389521121206327
2021-11-22,43.650002,44.68,43.619999,43.990002,37.41655,7853900,77260503540.0,0.3399999999999963,0.7789232174605543
2021-11-23,44.0,44.41,43.93,44.240002,37.629192,4852700,77880000000.0,0.24000199999999694,0.545459090909084
2021-11-24,44.110001,44.48,44.029999,44.080002,37.493099,5274000,78074701770.0,-0.029998999999996556,-0.06800952010859523
2021-11-26,43.630001,43.84,43.27,43.740002,37.203903,4999100,77225101770.0,0.1100009999999969,0.2521223870703026
2021-11-29,43.93,43.990002,43.259998,43.48,36.982761,7673100,77756100000.0,-0.45000000000000284,-1.0243569314819094
2021-11-30,43.029999,43.080002,42.529999,42.639999,36.26828,11402300,76163098230.0,-0.38999999999999346,-0.9063444319392001
2021-12-01,43.18,43.93,42.970001,42.990002,36.565979,8286200,76428600000.0,-0.18999800000000278,-0.4400138953219147
2021-12-02,43.299999,43.560001,43.07,43.209999,36.753105,7996800,76640998230.0,-0.0899999999999963,-0.20785219879565422
2021-12-03,43.529999,43.950001,43.259998,43.919998,37.35701,8629000,77048098230.0,0.3899990000000031,0.8959315620475965
2021-12-06,44.209999,44.759998,44.09,44.43,37.790798,7029500,78251698230.0,0.22000099999999634,0.49762724491352356
2021-12-07,44.439999,44.790001,44.25,44.490002,37.841831,7280400,78658798230.0,0.05000299999999669,0.11251800433208084
2021-12-08,44.57,44.849998,44.200001,44.52,37.867352,6403500,78888900000.0,-0.04999999999999716,-0.11218308279110872
2021-12-09,44.27,44.759998,44.130001,44.59,37.926884,7656200,78357900000.0,0.3200000000000003,0.7228371357578501
2021-12-10,45.0,45.32,44.799999,45.09,38.352177,6358500,79650000000.0,0.09000000000000341,0.2000000000000076
2021-12-13,45.029999,45.5,44.700001,45.360001,38.581829,6921900,79703098230.0,0.33000200000000035,0.7328492279113761
2021-12-14,45.259998,45.75,45.130001,45.400002,38.615852,10750200,80110196460.0,0.14000399999999757,0.30933275781408026
2021-12-15,45.549999,46.09,45.5,45.959999,39.092175,8402600,80623498230.0,0.4100000000000037,0.900109789245009
2021-12-16,46.080002,47.630001,46.049999,47.349998,40.27446,12663700,81561603540.0,1.269995999999999,2.756067588712342
2021-12-17,47.34,48.84,47.049999,48.25,41.03997,26676200,83791800000.0,0.9099999999999966,1.9222644697929794
2021-12-20,47.93,48.299999,47.549999,48.110001,40.920895,11013800,84836100000.0,0.1800009999999972,0.37554976006675816
2021-12-21,48.189999,48.400002,47.669998,47.77,40.631702,9110800,85296298230.0,-0.4199989999999971,-0.8715480570978993
2021-12-22,46.869999,46.98,45.810001,46.880001,40.640373,7997400,82959898230.0,0.010002000000000066,0.021339876708766446
2021-12-23,46.799999,47.150002,46.610001,46.700001,40.484329,7530600,82835998230.0,-0.09999799999999937,-0.21367094473655732
2021-12-27,46.439999,46.830002,46.279999,46.790001,40.562344,5686300,82198798230.0,0.35000199999999637,0.7536649602425624
2021-12-28,46.73,47.419998,46.73,47.380001,41.073818,5457100,82712100000.0,0.6500010000000032,1.3909715386261572
2021-12-29,47.310001,47.549999,47.23,47.400002,41.091156,6044900,83738701770.0,0.09000100000000089,0.19023673239829542
2021-12-30,47.52,47.619999,47.209999,47.25,40.961124,4055500,84110400000.0,-0.2700000000000031,-0.5681818181818247
2021-12-31,47.27,47.439999,47.049999,47.389999,41.082489,5440200,83667900000.0,0.11999899999999997,0.25385868415485496
2022-01-03,47.369999,48.0,47.18,47.970001,41.585289,10308100,83844898230.0,0.6000020000000035,1.2666286946723462
2022-01-04,48.0,49.34,47.98,49.029999,42.5042,11647900,84960000000.0,1.0299989999999966,2.1458312499999925
2022-01-05,48.549999,49.27,48.330002,48.639999,42.166111,11506500,85933498230.0,0.09000000000000341,0.18537590495110703
2022-01-06,49.18,49.720001,48.869999,49.209999,42.660255,10134100,87048600000.0,0.02999900000000366,0.06099837332249627
2022-01-07,49.200001,50.0,49.099998,49.77,43.145718,8098600,87084001770.0,0.5699990000000028,1.1585345292980842
2022-01-10,50.09,50.66,49.959999,50.540001,43.813229,13390600,88659300000.0,0.4500009999999932,0.8983849071670855
2022-01-11,50.349998,50.5,49.259998,49.48,42.89431,15590400,89119496460.0,-0.8699980000000025,-1.7279007637696482
2022-01-12,49.310001,49.560001,48.610001,49.490002,42.902985,12682400,87278701770.0,0.1800009999999972,0.36503953832813185
2022-01-13,49.610001,50.43,49.52,50.310001,43.613842,9105100,87809701770.0,0.7000000000000028,1.4110058171536881
2022-01-14,50.369999,50.91,50.09,50.810001,44.047291,10421500,89154898230.0,0.4400019999999998,0.8735398227822078
2022-01-18,50.970001,51.369999,50.360001,50.459999,43.743874,8876200,90216901770.0,-0.5100020000000001,-1.0005924857643225
2022-01-19,50.43,50.52,49.860001,50.09,43.423122,6430200,89261100000.0,-0.3399999999999963,-0.6742018639698519
2022-01-20,49.869999,50.619999,49.59,50.330002,43.631184,9469700,88269898230.0,0.4600030000000004,0.9224042695489133
2022-01-21,50.470001,50.98,50.09,50.32,43.622509,8908700,89331901770.0,-0.15000100000000316,-0.2972082366315054
2022-01-24,50.23,50.689999,48.849998,49.950001,43.301758,12646900,88907100000.0,-0.27999899999999656,-0.5574338044992964
2022-01-25,49.470001,50.259998,48.650002,50.029999,43.371105,9660300,87561901770.0,0.5599979999999931,1.1319951256924234
2022-01-26,50.060001,50.400002,49.119999,49.470001,42.885643,11715000,88606201770.0,-0.5899999999999963,-1.1785856736199352
2022-01-27,49.900002,51.209999,49.57,50.34,43.639847,11280600,88323003540.0,0.4399980000000028,0.8817594836970203
2022-01-28,49.950001,50.509998,49.389999,50.48,43.761215,7551400,88411501770.0,0.5299989999999966,1.061059037816629
2022-01-31,50.09,51.07,50.0,50.880001,44.107975,9212600,88659300000.0,0.7900009999999966,1.577163106408458
2022-02-01,50.970001,51.029999,50.360001,50.639999,43.899918,7129400,90216901770.0,-0.33000200000000035,-0.6474435815686963
2022-02-02,50.57,50.919998,50.389999,50.5,43.778553,6804400,89508900000.0,-0.07000000000000028,-0.1384219893217328
2022-02-03,50.900002,50.990002,50.259998,50.419998,43.709198,6014600,90093003540.0,-0.480004000000001,-0.9430333617668639
2022-02-04,50.23,50.720001,49.889999,50.189999,43.509815,6886800,88907100000.0,-0.04000099999999662,-0.07963567589089514
2022-02-07,50.279999,50.709999,50.0,50.389999,43.683193,7034600,88995598230.0,0.11000000000000654,0.21877486513077804
2022-02-08,50.650002,50.82,50.200001,50.419998,43.709198,5491200,89650503540.0,-0.23000400000000099,-0.45410462175302774
2022-02-09,50.560001,50.889999,50.509998,50.599998,43.865246,6280400,89491201770.0,0.039996999999999616,0.07910798894169249
2022-02-10,50.599998,51.040001,50.0,50.18,43.501144,7728100,89561996460.0,-0.41999799999999965,-0.8300356059302605
2022-02-11,50.220001,50.720001,50.130001,50.369999,43.665855,6836800,88889401770.0,0.14999799999999652,0.2986817941321756
2022-02-14,50.369999,50.599998,49.48,50.09,43.423122,6975300,89154898230.0,-0.27999899999999656,-0.5558844660687735
2022-02-15,50.330002,50.720001,50.049999,50.32,43.622509,5562900,89084103540.0,-0.010002000000000066,-0.019872838471176827
2022-02-16,50.34,50.939999,50.139999,50.610001,43.873917,7224800,89101800000.0,0.2700009999999935,0.5363547874453585
2022-02-17,50.299999,51.470001,50.240002,51.369999,44.532757,7751900,89030998230.0,1.0700000000000003,2.127236622807886
2022-02-18,51.349998,52.169998,51.259998,51.740002,44.853516,11325200,90889496460.0,0.3900039999999976,0.7595014901461098
2022-02-22,51.689999,51.939999,50.740002,51.279999,44.454739,8579900,91491298230.0,-0.4100000000000037,-0.7931901875254509
2022-02-23,51.490002,52.060001,51.200001,51.950001,45.035557,8759700,91137303540.0,0.4599990000000034,0.8933753780005745
2022-02-24,50.720001,50.889999,48.610001,49.57,42.972336,19492500,89774401770.0,-1.1500010000000032,-2.2673520846342314
2022-02-25,50.09,51.98,50.060001,51.48,44.628113,11780700,88659300000.0,1.3899999999999935,2.7750049910161576
2022-02-28,50.880001,51.369999,50.560001,51.290001,44.463413,8646400,90057601770.0,0.4099999999999966,0.8058175942252764
2022-03-01,51.259998,51.93,50.740002,51.57,44.706142,9693000,90730196460.0,0.3100019999999972,0.6047639720937897
2022-03-02,51.5,53.290001,51.41,52.810001,45.781101,12796800,91155000000.0,1.3100009999999997,2.543691262135922
2022-03-03,52.82,53.84,52.810001,53.169998,46.093182,11822500,93491400000.0,0.34999799999999937,0.6626240060583101
2022-03-04,52.029999,53.549999,52.0,53.490002,46.37059,8947400,92093098230.0,1.4600030000000004,2.806079239017476
2022-03-07,52.799999,53.529999,52.240002,52.849998,45.815769,9596500,93455998230.0,0.04999899999999968,0.09469507755104253
2022-03-08,52.900002,53.119999,50.639999,50.889999,44.116646,14529600,93633003540.0,-2.0100029999999975,-3.7996274555906395
2022-03-09,51.549999,51.77,50.900002,51.0,44.212006,9772300,91243498230.0,-0.5499989999999997,-1.066923396060589
2022-03-10,50.889999,51.439999,50.310001,51.23,44.411392,7567200,90075298230.0,0.3400009999999938,0.6681096613894486
2022-03-11,51.080002,51.549999,50.41,50.48,43.761215,9435200,90411603540.0,-0.6000020000000035,-1.1746319038906918
2022-03-14,50.650002,51.119999,49.790001,50.540001,43.813229,11266400,89650503540.0,-0.11000100000000401,-0.21717866862079102
2022-03-15,51.34,51.869999,51.049999,51.540001,44.68013,8346900,90871800000.0,0.2000009999999932,0.38956174522787923
2022-03-16,51.16,51.450001,50.450001,51.279999,44.454739,10695500,90553200000.0,0.11999899999999997,0.23455629397967157
2022-03-17,51.279999,51.880001,51.080002,51.689999,44.810169,7801800,90765598230.0,0.4100000000000037,0.7995319968707562
2022-03-18,51.959999,52.080002,51.349998,51.68,44.801502,25045000,91969198230.0,-0.27999900000000366,-0.5388741443201407
2022-03-21,51.849998,52.580002,51.799999,52.25,45.295635,9326900,91774496460.0,0.40000200000000063,0.7714600104709756
2022-03-22,53.259998,53.959999,52.84,53.310001,46.21455,9172800,94270196460.0,0.05000299999999669,0.09388472001068549
2022-03-23,53.459999,53.639999,53.139999,53.220001,46.136528,8843900,94624198230.0,-0.23999799999999993,-0.4489300495497576
2022-03-24,52.5,52.68,51.889999,52.5,46.29525,11448500,92925000000.0,0.0,0.0
2022-03-25,52.75,53.639999,52.709999,53.619999,47.282887,7636000,93367500000.0,0.869999,1.6492872037914692
2022-03-28,52.439999,52.77,51.509998,52.029999,45.880798,10200300,92818798230.0,-0.4100000000000037,-0.7818459340550402
2022-03-29,51.810001,52.040001,51.200001,51.68,45.572166,8526400,91703701770.0,-0.13000100000000003,-0.2509187367126282
2022-03-30,51.709999,52.049999,51.43,52.049999,45.898434,6650400,91526698230.0,0.3399999999999963,0.6575130662833628
2022-03-31,51.990002,52.490002,51.869999,52.25,46.074799,7020700,92022303540.0,0.25999800000000306,0.5000923062091882
2022-04-01,52.560001,52.790001,52.139999,52.709999,46.480434,5420400,93031201770.0,0.14999800000000363,0.28538431724916374
2022-04-04,52.720001,52.830002,52.049999,52.720001,46.489254,6688200,93314401770.0,0.0,0.0
2022-04-05,52.470001,53.360001,52.389999,52.639999,46.418705,7848600,92871901770.0,0.16999799999999965,0.3239908457405969
2022-04-06,53.419998,53.869999,53.200001,53.830002,47.468067,7713400,94553396460.0,0.4100040000000007,0.767510324504319
2022-04-07,53.720001,53.790001,53.139999,53.73,47.379883,6174900,95084401770.0,0.00999899999999343,0.018613179102497466
2022-04-08,53.75,54.369999,53.639999,54.110001,47.714973,7424500,95137500000.0,0.3600009999999969,0.6697693023255756
2022-04-11,54.48,54.759998,54.060001,54.450001,48.014793,6399800,96429600000.0,-0.029998999999996556,-0.05506424375917136
2022-04-12,54.279999,54.950001,54.169998,54.91,48.420422,8068000,96075598230.0,0.630001,1.1606503529965062
2022-04-13,54.849998,55.330002,54.669998,54.799999,48.323421,8709600,97084496460.0,-0.04999899999999968,-0.09115588299565605
2022-04-14,54.73,55.259998,54.650002,54.98,48.482155,12214100,96872100000.0,0.25,0.4567878677142335
2022-04-18,54.91,55.169998,54.599998,54.599998,48.147064,5754300,97190700000.0,-0.3100019999999972,-0.5645638317246353
2022-04-19,54.970001,55.32,54.740002,55.220001,48.69379,7072400,97296901770.0,0.25,0.4547935154667361
2022-04-20,55.34,55.599998,55.02,55.369999,48.826057,6989300,97951800000.0,0.029998999999996556,0.054208529092874144
2022-04-21,55.470001,57.049999,55.360001,56.529999,49.848965,8659800,98181901770.0,1.0599979999999931,1.9109392119895454
2022-04-22,56.5,56.650002,55.470001,55.529999,48.967148,8469900,100005000000.0,-0.9700010000000034,-1.716815929203546
2022-04-25,55.189999,55.470001,54.419998,55.23,48.702602,12144400,97686298230.0,0.04000099999999662,0.07247871122446771
2022-04-26,55.330002,55.73,54.860001,54.880001,48.39397,6913400,97934103540.0,-0.4500010000000003,-0.8133037840844471
2022-04-27,54.900002,55.709999,54.759998,54.919998,48.429245,7946600,97173003540.0,0.019995999999999015,0.03642258519407525
2022-04-28,54.0,55.450001,53.25,55.200001,48.676147,8153900,95580000000.0,1.2000010000000003,2.2222240740740746
2022-04-29,55.950001,56.990002,55.529999,55.57,49.002419,10862800,99031501770.0,-0.38000100000000003,-0.6791796125258336
2022-05-02,56.09,56.360001,54.470001,55.380001,48.834881,10164800,99279300000.0,-0.7099990000000034,-1.26582100196114
2022-05-03,55.439999,55.970001,54.799999,55.439999,48.887787,8455900,98128798230.0,0.0,0.0
2022-05-04,55.709999,56.41,55.299999,56.400002,49.734329,7910100,98606698230.0,0.6900029999999973,1.2385622193243933
2022-05-05,56.450001,56.740002,55.630001,55.950001,49.337517,10016300,99916501770.0,-0.5,-0.8857395768690952
2022-05-06,55.689999,56.75,55.59,56.57,49.884235,11512300,98571298230.0,0.880001,1.580177798171625
2022-05-09,56.5,57.029999,55.119999,55.259998,48.729057,16925900,100005000000.0,-1.240001999999997,-2.194693805309729
2022-05-10,53.84,53.990002,50.360001,51.57,45.475166,25354700,95296800000.0,-2.270000000000003,-4.216196136701343
2022-05-11,51.990002,52.75,51.540001,51.689999,45.580986,16080100,92022303540.0,-0.3000029999999967,-0.5770397931509922
2022-05-12,52.200001,52.75,51.66,52.169998,46.004253,12185000,92394001770.0,-0.030003000000000668,-0.057477010393162
2022-05-13,52.459999,53.099998,52.290001,53.040001,46.771435,8144600,92854198230.0,0.5800019999999932,1.1056081034237024
2022-05-16,53.209999,54.110001,52.950001,53.740002,47.388702,7263300,94181698230.0,0.5300029999999936,0.9960590301833938
2022-05-17,54.02,54.459999,53.619999,54.240002,47.829609,8465300,95615400000.0,0.2200019999999938,0.40726027397259124
2022-05-18,54.16,54.189999,53.02,53.200001,46.912525,9922500,95863200000.0,-0.9599989999999963,-1.7725240029542029
2022-05-19,52.610001,52.779999,51.02,51.09,45.051899,13690300,93119701770.0,-1.5200009999999935,-2.8891864115341748
2022-05-20,51.380001,51.799999,50.599998,51.09,45.051899,16223600,90942601770.0,-0.2900009999999966,-0.5644238893650403
2022-05-23,51.560001,52.419998,51.560001,52.119999,45.960167,10535400,91261201770.0,0.5599980000000002,1.0861093660568397
2022-05-24,52.27,53.0,52.02,52.93,46.674431,10561600,92517900000.0,0.6599999999999966,1.2626745743256105
2022-05-25,53.07,54.080002,52.75,53.889999,47.520973,9198000,93933900000.0,0.8199990000000028,1.5451271905031145
2022-05-26,53.889999,54.889999,53.889999,54.5,48.058884,7276700,95385298230.0,0.6100009999999969,1.1319373006483018
2022-05-27,54.619999,54.759998,54.110001,54.43,47.997154,7356700,96677398230.0,-0.18999900000000025,-0.34785610303654574
2022-05-31,54.299999,54.349998,53.509998,54.09,47.697342,11325100,96110998230.0,-0.20999899999999627,-0.3867384969933356
2022-06-01,54.23,54.369999,53.43,54.080002,47.688519,6797300,95987100000.0,-0.14999799999999652,-0.2765959800848175
2022-06-02,54.169998,54.25,52.880001,54.150002,47.750252,5882200,95880896460.0,-0.019995999999999015,-0.036913422075442966
2022-06-03,54.049999,54.369999,53.669998,53.82,47.459248,4785100,95668498230.0,-0.2299989999999994,-0.42553007262775233
2022-06-06,53.98,54.16,53.509998,53.59,47.256435,8198200,95544600000.0,-0.38999999999999346,-0.7224898110411142
2022-06-07,53.27,54.060001,53.009998,54.009998,47.626789,5439700,94287900000.0,0.7399979999999999,1.3891458607095926
2022-06-08,52.049999,52.25,49.43,49.490002,43.640991,31794300,92128498230.0,-2.5599970000000027,-4.918342073359123
2022-06-09,49.52,50.32,48.639999,48.66,42.909084,25295200,87650400000.0,-0.8600000000000065,-1.7366720516962975
2022-06-10,48.09,49.389999,47.91,48.939999,43.155991,13395400,85119300000.0,0.8499989999999968,1.7675171553337425
2022-06-13,47.939999,48.439999,47.0,47.16,41.586361,18091300,84853798230.0,-0.7799990000000037,-1.627031740238467
2022-06-14,46.400002,46.619999,45.82,46.290001,41.613331,12989100,82128003540.0,-0.11000100000000401,-0.23707111047108148
2022-06-15,46.66,46.959999,45.119999,45.669998,41.055969,22244800,82588200000.0,-0.9900019999999969,-2.121735962280319
2022-06-16,44.919998,45.48,44.34,45.380001,40.795273,16086500,79508396460.0,0.4600030000000004,1.0240494667875994
2022-06-17,45.779999,45.779999,45.049999,45.310001,40.732346,30811200,81030598230.0,-0.4699979999999968,-1.0266448454924537
2022-06-21,45.610001,45.779999,45.02,45.700001,41.082943,14934100,80729701770.0,0.09000000000000341,0.19732514366751144
2022-06-22,45.279999,45.279999,41.0,41.5,37.307262,41732700,80145598230.0,-3.7799989999999966,-8.348054512987064
2022-06-23,41.34,42.59,41.34,42.509998,38.215225,18681700,73171800000.0,1.1699979999999996,2.8301838413159155
2022-06-24,43.279999,43.830002,42.220001,43.400002,39.015308,31383200,76605598230.0,0.12000300000000408,0.27727126333807006
2022-06-27,43.57,44.0,43.139999,43.189999,38.826523,11770300,77118900000.0,-0.38000100000000003,-0.8721620380996099
2022-06-28,43.720001,44.119999,43.009998,43.189999,38.826523,9856600,77384401770.0,-0.5300020000000032,-1.212264382153155
2022-06-29,41.549999,42.75,41.419998,41.759998,37.540997,12371600,73543498230.0,0.20999900000000338,0.5054127678799785
2022-06-30,41.389999,41.970001,41.209999,41.77,37.549988,10556500,73260298230.0,0.38000100000000003,0.9180985967165644
2022-07-01,41.560001,42.32,41.27,42.25,37.981495,8109600,73561201770.0,0.6899990000000003,1.6602477945079939
2022-07-05,41.779999,41.84,41.009998,41.720001,37.505043,8425300,73950598230.0,-0.05999799999999311,-0.14360459893738417
2022-07-06,42.299999,42.459999,41.07,41.16,37.001617,11413700,74870998230.0,-1.139999000000003,-2.695033160639089
2022-07-07,41.470001,41.990002,41.419998,41.810001,37.585945,8707900,73401901770.0,0.3399999999999963,0.8198697656168281
2022-07-08,41.290001,41.82,41.240002,41.52,37.325253,6930700,73083301770.0,0.2299990000000065,0.5570331664559818
2022-07-11,41.759998,42.93,41.650002,41.950001,37.7118,10654700,73915196460.0,0.19000299999999726,0.4549880486105321
2022-07-12,42.029999,43.330002,41.939999,42.310001,38.035435,8865000,74393098230.0,0.2800020000000032,0.6661955904400645
2022-07-13,42.09,42.459999,41.889999,41.959999,37.720791,7588200,74499300000.0,-0.13000100000000003,-0.308864338322642
2022-07-14,41.5,41.740002,41.200001,41.630001,37.424129,8661700,73455000000.0,0.13000100000000003,0.3132554216867471
2022-07-15,42.240002,42.279999,41.549999,41.990002,37.747765,14309000,74764803540.0,-0.25,-0.5918560325825742
2022-07-18,42.330002,42.68,42.060001,42.27,37.999477,10493500,74924103540.0,-0.060001999999997224,-0.14174816244987948
2022-07-19,42.66,43.049999,42.599998,42.959999,38.619762,7212600,75508200000.0,0.2999990000000068,0.7032325363338181
2022-07-20,42.900002,42.990002,42.209999,42.32,38.044422,8733800,75933003540.0,-0.5800020000000004,-1.3519859509563668
2022-07-21,42.049999,42.790001,42.009998,42.77,38.448963,7046100,74428498230.0,0.7200010000000034,1.7122497434542232
2022-07-22,42.900002,43.290001,42.830002,43.09,38.736626,5511100,75933003540.0,0.18999800000000278,0.4428857602384325
2022-07-25,43.259998,43.869999,43.18,43.830002,39.401867,5349200,76570196460.0,0.5700039999999973,1.3176237317440405
2022-07-26,43.82,44.259998,43.82,44.139999,39.680546,5604100,77561400000.0,0.3199990000000028,0.7302578731173045
2022-07-27,43.98,44.200001,43.57,44.07,39.617619,9339500,77844600000.0,0.09000000000000341,0.2046384720327499
2022-07-28,44.0,44.5,43.73,44.0,39.554691,7076600,77880000000.0,0.0,0.0
2022-07-29,43.709999,44.119999,43.580002,43.860001,39.428837,11826800,77366698230.0,0.15000199999999353,0.3431754825709182
2022-08-01,43.709999,44.279999,43.709999,44.049999,39.59964,9466500,77366698230.0,0.3399999999999963,0.7778540557733628
2022-08-02,44.099998,44.189999,43.259998,43.830002,39.401867,8365000,78056996460.0,-0.269995999999999,-0.6122358554301953
2022-08-03,44.0,44.389999,43.720001,44.23,39.761456,6179400,77880000000.0,0.22999999999999687,0.5227272727272656
2022-08-04,44.139999,44.389999,43.82,44.25,39.77943,6450800,78127798230.0,0.1100009999999969,0.2492093395833491
2022-08-05,44.169998,44.169998,43.779999,44.099998,39.644588,4865600,78180896460.0,-0.07000000000000028,-0.15847861256412166
2022-08-08,44.380001,44.549999,44.200001,44.220001,39.752464,4539300,78552601770.0,-0.1599999999999966,-0.36052274987555
2022-08-09,44.419998,44.450001,44.009998,44.220001,39.752464,4295700,78623396460.0,-0.1999969999999962,-0.4502409027573487
2022-08-10,44.450001,44.790001,44.34,44.740002,40.219933,4717200,78676501770.0,0.2900009999999966,0.6524206827351852
2022-08-11,44.93,45.439999,44.810001,45.130001,40.57053,4201600,79526100000.0,0.20000100000000032,0.4451391052748727
2022-08-12,45.200001,45.380001,45.009998,45.150002,40.588509,7351600,80004001770.0,-0.04999899999999968,-0.11061725418988307
2022-08-15,45.150002,45.360001,44.630001,45.279999,40.705372,6194600,79915503540.0,0.12999699999999592,0.2879224678661053
2022-08-16,45.279999,45.880001,45.189999,45.740002,41.1189,6484000,80145598230.0,0.4600030000000004,1.0159077079484926
2022-08-17,45.630001,45.66,45.279999,45.450001,40.858204,3868800,80765101770.0,-0.17999999999999972,-0.3944773089091094
2022-08-18,45.540001,45.650002,45.290001,45.610001,41.002033,3800500,80605801770.0,0.07000000000000028,0.15371101990094443
2022-08-19,45.540001,45.880001,45.32,45.470001,40.876179,9093900,80605801770.0,-0.06999999999999318,-0.1537110199009288
2022-08-22,45.360001,45.689999,45.310001,45.380001,40.795273,7066600,80287201770.0,0.020000000000003126,0.044091709786344864
2022-08-23,45.279999,45.610001,45.130001,45.529999,40.930115,5359300,80145598230.0,0.25,0.5521201535362225
2022-08-24,45.5,45.84,45.400002,45.799999,41.17284,4250500,80535000000.0,0.2999989999999997,0.6593384615384609
2022-08-25,45.900002,46.48,45.759998,46.389999,41.703228,6926800,81243003540.0,0.48999700000000246,1.067531543898413
2022-08-26,46.5,46.610001,45.849998,45.880001,41.244755,6931200,82305000000.0,-0.619999,-1.3333311827956988
2022-08-29,45.810001,46.049999,45.580002,45.709999,41.09193,6253400,81083701770.0,-0.10000199999999637,-0.21829731023144133
2022-08-30,45.73,45.810001,44.990002,45.119999,40.561539,7952000,80942100000.0,-0.6100009999999969,-1.3339186529630371
2022-08-31,45.18,45.529999,45.009998,45.119999,40.561539,6627300,79968600000.0,-0.06000099999999975,-0.132804338202744
2022-09-01,45.0,45.490002,44.779999,45.369999,40.786282,6864200,79650000000.0,0.36999899999999997,0.82222
2022-09-02,45.68,45.919998,44.830002,45.0,40.453659,8555000,80853600000.0,-0.6799999999999997,-1.4886164623467595
2022-09-06,45.200001,45.889999,44.5,44.57,40.067108,12042000,80004001770.0,-0.630001,-1.393807491287445
2022-09-07,44.650002,44.970001,44.119999,44.950001,40.408714,10257100,79030503540.0,0.2999989999999997,0.671890227462923
2022-09-08,45.0,45.330002,44.669998,45.150002,40.588509,8651100,79650000000.0,0.15000200000000063,0.3333377777777792
2022-09-09,45.240002,45.860001,45.040001,45.57,40.966072,7842200,80074803540.0,0.32999800000000334,0.7294385177082958
2022-09-12,45.560001,45.68,45.09,45.150002,40.588509,10683200,80641201770.0,-0.4099989999999991,-0.8999099890274347
2022-09-13,45.029999,45.07,42.939999,42.970001,38.628754,17325800,79703098230.0,-2.059997999999993,-4.574723619247678
2022-09-14,42.099998,42.200001,41.41,41.759998,38.3806,11988200,74516996460.0,-0.3399999999999963,-0.8076009884845988
2022-09-15,41.650002,42.130001,41.57,42.009998,38.610367,9786400,73720503540.0,0.3599960000000024,0.8643360929490529
2022-09-16,42.009998,42.41,41.810001,42.290001,38.867714,28808600,74357696460.0,0.28000299999999356,0.6665151471799488
2022-09-19,41.959999,43.009998,41.959999,42.91,39.437542,12656400,74269198230.0,0.9500009999999932,2.2640634476659383
2022-09-20,42.709999,43.060001,42.59,42.919998,39.446728,6549300,75596698230.0,0.20999899999999627,0.4916857993838779
2022-09-21,43.16,43.77,43.0,43.009998,39.529446,7925100,76393200000.0,-0.15000199999999353,-0.34754865616309905
2022-09-22,43.279999,43.669998,43.119999,43.27,39.768406,7648900,76605598230.0,-0.00999899999999343,-0.023103050441367685
2022-09-23,42.75,42.830002,40.84,41.68,38.307076,12898400,75667500000.0,-1.0700000000000003,-2.5029239766081877
2022-09-26,41.59,41.98,41.130001,41.470001,38.114067,10887300,73614300000.0,-0.11999899999999997,-0.2885284924260639
2022-09-27,41.849998,42.34,40.709999,40.790001,37.489098,8432700,74074496460.0,-1.0599970000000027,-2.5328483886665962
2022-09-28,41.049999,41.599998,40.610001,41.41,38.058926,6647000,72658498230.0,0.3600009999999969,0.8769817509617891
2022-09-29,41.259998,41.349998,40.919998,41.169998,37.838348,5834700,73030196460.0,-0.09000000000000341,-0.21812894901256033
2022-09-30,41.389999,41.490002,40.349998,40.380001,37.112278,9121400,73260298230.0,-1.009998000000003,-2.4401981744430654
2022-10-03,40.849998,41.57,40.740002,41.369999,38.02216,9322200,72304496460.0,0.5200010000000006,1.2729523267051337
2022-10-04,41.68,42.529999,41.549999,42.5,39.060715,8393900,73773600000.0,0.8200000000000003,1.967370441458734
2022-10-05,42.279999,43.18,42.18,42.900002,39.428352,6535900,74835598230.0,0.6200030000000041,1.4664215105587022
2022-10-06,42.810001,43.09,42.52,42.990002,39.51107,11154400,75773701770.0,0.1800009999999972,0.4204648348408055
2022-10-07,42.93,43.330002,42.330002,42.82,39.35482,10524500,75986100000.0,-0.10999999999999943,-0.2562310738411354
2022-10-10,43.02,43.75,43.009998,43.459999,39.943027,11408600,76145400000.0,0.43999900000000025,1.0227777777777785
2022-10-11,44.220001,45.080002,43.950001,44.349998,40.761005,14565500,78269401770.0,0.12999699999999592,0.2939778314342325
2022-10-12,44.32,45.299999,44.259998,44.75,41.128639,10794500,78446400000.0,0.4299999999999997,0.9702166064981943
2022-10-13,44.669998,45.959999,44.369999,45.889999,42.176384,11909400,79065896460.0,1.2200010000000034,2.7311418281236626
2022-10-14,46.0,46.59,45.189999,45.23,41.569794,11226200,81420000000.0,-0.7700000000000031,-1.6739130434782676
2022-10-17,45.549999,45.790001,44.41,44.59,40.981586,7872500,80623498230.0,-0.9599989999999963,-2.1075719452814834
2022-10-18,45.189999,45.41,44.59,44.77,41.147022,7176200,79986298230.0,-0.4199989999999971,-0.9294069690065653
2022-10-19,44.880001,45.02,44.43,44.669998,41.055111,5930300,79437601770.0,-0.21000300000000038,-0.4679211125686035
2022-10-20,44.880001,44.950001,43.52,43.560001,40.034935,9710300,79437601770.0,-1.3200000000000003,-2.9411764050540024
2022-10-21,43.5,44.529999,43.389999,44.48,40.880486,7471100,76995000000.0,0.9799999999999969,2.2528735632183836
2022-10-24,44.849998,45.470001,44.84,45.41,41.735226,8428700,79384496460.0,0.5600019999999972,1.2486109809859907
2022-10-25,45.330002,45.830002,45.110001,45.740002,42.038525,8282100,80234103540.0,0.4099999999999966,0.9044782305546702
2022-10-26,45.970001,46.68,45.889999,46.310001,42.562393,12132000,81366901770.0,0.3399999999999963,0.7396127748615805
2022-10-27,45.139999,46.57,45.119999,45.419998,41.744415,11332300,79897798230.0,0.27999899999999656,0.6202902219824962
2022-10-28,45.900002,46.77,45.560001,46.310001,42.562393,9253700,81243003540.0,0.4099989999999991,0.893243969793289
2022-10-31,46.150002,46.360001,45.91,46.27,42.525631,7711600,81685503540.0,0.11999800000000249,0.26001732350954715
2022-11-01,46.419998,46.669998,46.009998,46.139999,42.406155,4859200,82163396460.0,-0.27999899999999656,-0.6031861526577329
2022-11-02,45.84,46.009998,44.810001,44.84,41.211353,9000600,81136800000.0,-1.0,-2.181500872600349
2022-11-03,44.470001,45.169998,44.310001,44.91,41.275692,5705700,78711901770.0,0.43999899999999315,0.9894288061742862
2022-11-04,45.259998,45.700001,45.0,45.5,41.817947,5512000,80110196460.0,0.24000199999999694,0.5302739960350792
2022-11-07,45.639999,45.990002,44.509998,45.880001,42.167194,8277000,80782798230.0,0.24000199999999694,0.5258589072274014
2022-11-08,45.939999,46.150002,45.360001,45.900002,42.185577,6889200,81313798230.0,-0.039996999999999616,-0.08706356306189648
2022-11-09,45.82,45.849998,45.119999,45.209999,41.551411,5348600,81101400000.0,-0.6100009999999969,-1.3312985595809623
2022-11-10,45.029999,45.23,43.73,44.220001,40.641529,12330900,79703098230.0,-0.8099979999999931,-1.7987963979301735
2022-11-11,44.040001,44.459999,43.25,44.380001,40.788586,9820300,77950801770.0,0.3400000000000034,0.7720254138958885
2022-11-14,44.57,44.880001,43.950001,43.959999,40.402565,8145800,78888900000.0,-0.6100009999999969,-1.368635853713253
2022-11-15,44.349998,44.52,43.18,43.66,40.12685,9262900,78499496460.0,-0.6899980000000028,-1.5558016485141732
2022-11-16,43.759998,43.860001,43.220001,43.580002,40.053326,9891900,77455196460.0,-0.1799960000000027,-0.41132543013370954
2022-11-17,43.419998,43.740002,43.290001,43.669998,40.136036,7834000,76853396460.0,0.25,0.5757715603763962
2022-11-18,44.02,44.299999,43.759998,44.200001,40.623146,9640900,77915400000.0,0.1800009999999972,0.4089073148568768
2022-11-21,44.43,44.830002,44.07,44.799999,41.174591,7644700,78641100000.0,0.36999899999999997,0.832768399729912
2022-11-22,45.0,45.23,44.82,45.16,41.505459,6068600,79650000000.0,0.1599999999999966,0.35555555555554796
2022-11-23,45.209999,45.310001,44.630001,45.02,41.376789,5192400,80021698230.0,-0.18999900000000025,-0.42025880159829293
2022-11-25,45.0,45.150002,44.650002,44.740002,41.11945,2734800,79650000000.0,-0.25999800000000306,-0.5777733333333401
2022-11-28,44.740002,45.349998,44.720001,45.150002,41.496269,6760100,79189803540.0,0.4100000000000037,0.9164058597941138
2022-11-29,45.259998,45.84,45.150002,45.82,42.112049,6897200,80110196460.0,0.5600019999999972,1.2373000988643377
2022-11-30,45.849998,46.580002,45.189999,46.580002,42.810547,11309500,81154496460.0,0.730004000000001,1.5921571032565824
2022-12-01,46.720001,47.16,46.549999,47.009998,43.205746,9115900,82694401770.0,0.2899969999999996,0.6207127435635106
2022-12-02,46.77,47.66,46.77,47.630001,43.775578,7653700,82782900000.0,0.8600009999999969,1.8387876844130786
2022-12-05,47.060001,47.91,47.029999,47.189999,43.371181,7451700,83296201770.0,0.1299980000000005,0.27623883815897177
2022-12-06,47.18,47.389999,45.950001,46.209999,42.470486,7721500,83508600000.0,-0.9700009999999963,-2.0559580330648504
2022-12-07,46.450001,46.57,46.139999,46.369999,42.617542,6189800,82216501770.0,-0.08000200000000035,-0.17223250436528592
2022-12-08,46.369999,46.990002,46.200001,46.860001,43.06789,5850400,82074898230.0,0.49000199999999694,1.0567220413353835
2022-12-09,46.779999,46.970001,46.639999,46.709999,42.930027,6183800,82800598230.0,-0.06999999999999318,-0.14963660003497048
2022-12-12,46.84,47.0,46.32,46.959999,43.159794,5527600,82906800000.0,0.11999899999999997,0.2561891545687446
2022-12-13,47.189999,47.25,46.709999,46.810001,43.021935,14083500,83526298230.0,-0.3799980000000005,-0.8052511295878614
2022-12-14,47.040001,47.52,46.759998,47.130001,43.31604,8636300,83260801770.0,0.09000000000000341,0.19132652654493656
2022-12-15,46.990002,47.130001,46.310001,46.950001,43.150604,8019700,83172303540.0,-0.04000099999999662,-0.08512661906249042
2022-12-16,46.830002,46.849998,45.919998,46.560001,42.792168,15186000,82889103540.0,-0.2700010000000006,-0.5765556021116561
2022-12-19,46.650002,46.970001,45.950001,46.380001,42.626736,7887600,82570503540.0,-0.2700010000000006,-0.5787802538572251
2022-12-20,46.549999,46.599998,46.080002,46.439999,42.681877,8395300,82393498230.0,-0.10999999999999943,-0.23630505341149297
2022-12-21,45.610001,45.759998,45.400002,45.59,42.7663,8372400,80729701770.0,-0.020000999999993496,-0.04385222442769404
2022-12-22,45.57,45.790001,45.23,45.779999,42.944534,6709700,80658900000.0,0.20999899999999627,0.4608272986613918
2022-12-23,45.779999,46.240002,45.509998,46.240002,43.376045,6759700,81030598230.0,0.4600030000000004,1.0048121669902186
2022-12-27,46.349998,46.549999,46.200001,46.48,43.601177,7957200,82039496460.0,0.1300019999999975,0.2804789765039418
2022-12-28,46.639999,46.790001,45.84,45.849998,43.010197,5848000,82552798230.0,-0.7900010000000037,-1.6938272232810376
2022-12-29,45.900002,46.16,45.77,45.869999,43.028957,4270300,81243003540.0,-0.030003000000000668,-0.06536601022370471
2022-12-30,45.860001,45.990002,45.419998,45.709999,42.878868,5025200,81172201770.0,-0.15000199999999353,-0.32708677873773606
2023-01-03,45.73,45.880001,45.259998,45.52,42.700638,5127800,80942100000.0,-0.20999999999999375,-0.4592171441066997
2023-01-04,45.419998,45.889999,45.189999,45.41,42.59745,7907300,80393396460.0,-0.00999800000000306,-0.02201233033960737
2023-01-05,45.34,45.5,44.990002,45.369999,42.559929,7648300,80251800000.0,0.029998999999996556,0.0661645346272531
2023-01-06,45.959999,46.740002,45.84,46.450001,43.573036,7031300,81349198230.0,0.49000199999999694,1.0661488482625878
2023-01-09,46.450001,46.599998,45.93,45.98,43.132145,6881200,82216501770.0,-0.47000100000000344,-1.0118428199818628
2023-01-10,46.400002,46.540001,45.84,45.990002,43.141525,6962900,82128003540.0,-0.4100000000000037,-0.8836206515680832
2023-01-11,46.18,46.439999,45.470001,45.82,42.982052,6740400,81738600000.0,-0.35999999999999943,-0.7795582503248146
2023-01-12,45.900002,45.93,45.349998,45.400002,42.58807,5671500,81243003540.0,-0.5,-1.0893245712712605
2023-01-13,45.310001,45.650002,45.139999,45.619999,42.794441,6283500,80198701770.0,0.3099980000000002,0.684171249521712
2023-01-17,45.77,46.040001,45.029999,45.16,42.362934,7214400,81012900000.0,-0.6100000000000065,-1.3327507100721139
2023-01-18,45.150002,45.200001,43.389999,44.009998,41.284161,13300700,79915503540.0,-1.1400039999999976,-2.5249256910331868
2023-01-19,44.16,44.939999,44.119999,44.540001,41.781334,8093500,78163200000.0,0.38000100000000003,0.8605095108695653
2023-01-20,44.650002,45.009998,44.419998,44.939999,42.156555,8401500,79030503540.0,0.2899969999999996,0.6494893326096595
2023-01-23,45.029999,45.34,44.759998,44.810001,42.034611,7585300,79703098230.0,-0.2199979999999968,-0.48855874946831956
2023-01-24,42.720001,45.93,42.720001,44.779999,42.006466,4989500,75614401770.0,2.059997999999993,4.8220925837524975
2023-01-25,44.75,46.990002,44.400002,44.93,42.147182,8034400,79207500000.0,0.17999999999999972,0.40223463687150773
2023-01-26,44.77,44.799999,44.119999,44.290001,41.546818,9449100,79242900000.0,-0.4799990000000065,-1.0721442930533984
2023-01-27,44.369999,44.549999,44.049999,44.139999,41.406109,9247000,78534898230.0,-0.22999999999999687,-0.5183682785298167
2023-01-30,44.200001,44.84,44.150002,44.5,41.743813,6868500,78234001770.0,0.2999989999999997,0.678730753874869
2023-01-31,44.650002,45.049999,44.360001,45.040001,42.25037,7584900,79030503540.0,0.389998999999996,0.873457967594259
2023-02-01,46.049999,47.689999,45.509998,47.540001,44.595524,14734800,81508498230.0,1.490001999999997,3.2356178769949526
2023-02-02,47.360001,47.509998,46.630001,46.970001,44.060833,9920800,83827201770.0,-0.38999999999999346,-0.8234797123420531
2023-02-03,47.0,47.07,46.43,46.91,44.004543,10245900,83190000000.0,-0.09000000000000341,-0.1914893617021349
2023-02-06,47.009998,47.23,46.849998,46.959999,44.051449,5911500,83207696460.0,-0.04999899999999968,-0.10635822617988555
2023-02-07,46.689999,46.810001,46.25,46.560001,43.676224,6920800,82641298230.0,-0.1299980000000005,-0.2784279348560288
2023-02-08,46.330002,46.560001,46.240002,46.5,43.619938,5736500,82004103540.0,0.16999799999999965,0.3669285401714415
2023-02-09,46.610001,46.709999,46.060001,46.330002,43.460468,5838900,82499701770.0,-0.27999899999999656,-0.6007272988472936
2023-02-10,46.5,47.299999,46.389999,47.240002,44.314106,6899100,82305000000.0,0.7400019999999969,1.591402150537628
2023-02-13,47.419998,47.919998,47.32,47.849998,44.886322,5370800,83933396460.0,0.4299999999999997,0.9067904220493636
2023-02-14,47.849998,47.880001,47.290001,47.41,44.473576,6397500,84694496460.0,-0.4399980000000028,-0.919536088590856
2023-02-15,47.18,47.66,47.18,47.650002,44.698715,4893300,83508600000.0,0.4700020000000009,0.996189063162359
2023-02-16,47.400002,47.639999,47.049999,47.400002,44.464195,5422300,83898003540.0,0.0,0.0
2023-02-17,47.5,48.110001,47.259998,48.07,45.092693,7825200,84075000000.0,0.5700000000000003,1.2000000000000006
2023-02-21,47.990002,48.07,46.779999,47.439999,44.501717,8236200,84942303540.0,-0.5500029999999967,-1.1460783018929583
2023-02-22,47.400002,47.970001,47.029999,47.139999,44.220299,6908300,83898003540.0,-0.26000299999999754,-0.5485295127202685
2023-02-23,47.200001,47.700001,47.080002,47.509998,44.567383,6284600,83544001770.0,0.30999700000000274,0.6567732911700632
2023-02-24,47.25,47.389999,46.950001,47.169998,44.24844,5704900,83632500000.0,-0.08000200000000035,-0.16931640211640286
2023-02-27,47.290001,47.400002,46.470001,46.540001,43.657459,9168800,83703301770.0,-0.75,-1.5859589429909295
2023-02-28,46.5,46.77,46.009998,46.43,43.554276,8018500,82305000000.0,-0.07000000000000028,-0.15053763440860277
2023-03-01,46.290001,46.439999,45.919998,46.150002,43.291615,8102200,81933301770.0,-0.139998999999996,-0.30243896516657237
2023-03-02,46.02,46.529999,45.900002,46.459999,43.582417,7355100,81455400000.0,0.43999900000000025,0.9561038678835294
2023-03-03,46.400002,46.709999,46.16,46.529999,43.648079,5755400,82128003540.0,0.12999699999999592,0.28016593619973534
2023-03-06,46.52,47.23,46.450001,47.189999,44.2672,7112300,82340400000.0,0.6699989999999971,1.4402386070507245
2023-03-07,47.259998,47.290001,46.240002,46.549999,43.66684,7032200,83650196460.0,-0.7099990000000034,-1.5023254973476794
2023-03-08,46.639999,46.869999,46.57,46.799999,43.901356,5304700,82552798230.0,0.1599999999999966,0.3430531805971878
2023-03-09,47.09,47.419998,46.709999,46.740002,43.845074,6671700,83349300000.0,-0.34999800000000647,-0.7432533446591769
2023-03-10,46.759998,47.259998,46.509998,46.610001,43.723125,7987400,82765196460.0,-0.14999700000000615,-0.32078059541406767
2023-03-13,46.48,47.299999,46.450001,46.68,43.788788,10962400,82269600000.0,0.20000000000000284,0.4302925989673039
2023-03-14,46.799999,46.849998,46.290001,46.740002,43.845074,9327900,82835998230.0,-0.05999700000000274,-0.12819872068801272
2023-03-15,46.459999,46.91,45.98,46.869999,43.967018,8897600,82234198230.0,0.4099999999999966,0.8824795712974436
2023-03-16,46.77,46.77,45.669998,46.169998,43.310375,13617300,82782900000.0,-0.6000020000000035,-1.2828779131922246
2023-03-17,46.32,46.43,45.119999,45.32,42.513023,32421700,81986400000.0,-1.0,-2.158894645941278
2023-03-20,45.689999,46.25,45.509998,46.07,43.216572,14074200,80871298230.0,0.38000100000000003,0.8316940431537326
2023-03-21,46.459999,46.59,45.91,46.200001,43.33852,14067400,82234198230.0,-0.25999800000000306,-0.559616886776091
2023-03-22,46.349998,46.380001,45.119999,45.150002,42.353554,10883600,82039496460.0,-1.1999959999999987,-2.588988245479533
2023-03-23,44.389999,44.400002,43.25,43.459999,41.635044,15549800,78570298230.0,-0.9299999999999997,-2.0950665036059126
2023-03-24,43.599998,43.990002,43.41,43.970001,42.123634,10444800,77171996460.0,0.3700030000000041,0.8486307728729806
2023-03-27,44.119999,44.369999,44.049999,44.290001,42.430191,9624200,78092398230.0,0.17000199999999666,0.38531732514317746
2023-03-28,44.290001,44.740002,44.200001,44.360001,42.497253,8796700,78393301770.0,0.07000000000000028,0.15804921747461756
2023-03-29,44.630001,44.689999,44.299999,44.52,42.650536,7530500,78995101770.0,-0.1100009999999969,-0.2464732187659976
2023-03-30,44.639999,44.830002,44.349998,44.5,42.631378,6862400,79012798230.0,-0.1399990000000031,-0.31361783856671477
2023-03-31,44.630001,44.720001,44.43,44.619999,42.746334,7711500,78995101770.0,-0.010002000000000066,-0.02241093384694315
2023-04-03,44.720001,45.330002,44.599998,44.98,43.091221,8385800,79154401770.0,0.25999899999999343,0.5813930997004974
2023-04-04,44.880001,44.91,44.240002,44.450001,42.583477,7379600,79437601770.0,-0.4299999999999997,-0.9581104955857727
2023-04-05,44.459999,44.700001,44.189999,44.43,42.564316,7865800,78694198230.0,-0.02999900000000366,-0.06747413557072653
2023-04-06,44.400002,44.619999,44.259998,44.43,42.564316,6337200,78588003540.0,0.02999799999999908,0.06756306001967992
2023-04-10,44.41,44.599998,44.310001,44.5,42.631378,6197300,78605700000.0,0.09000000000000341,0.20265705922090388
2023-04-11,44.650002,45.209999,44.650002,45.09,43.196598,6553500,79030503540.0,0.4399980000000028,0.985437805803464
2023-04-12,45.009998,45.169998,44.700001,44.830002,42.947521,6124100,79667696460.0,-0.1799960000000027,-0.39990226171528087
2023-04-13,44.759998,45.02,44.490002,44.970001,43.081642,4844200,79225196460.0,0.21000300000000038,0.4691756241812173
2023-04-14,45.139999,45.380001,44.830002,45.029999,43.139118,6262400,79897798230.0,-0.11000000000000654,-0.24368631465855045
2023-04-17,45.189999,45.459999,45.110001,45.439999,43.531902,6707000,79986298230.0,0.25,0.5532197511223667
2023-04-18,45.450001,46.169998,45.400002,46.139999,44.202507,6364800,80446501770.0,0.6899980000000028,1.5181473813388975
2023-04-19,46.299999,46.470001,46.130001,46.459999,44.509071,5103000,81950998230.0,0.1600000000000037,0.345572361675437
2023-04-20,46.169998,46.32,45.709999,45.990002,44.058811,7371200,81720896460.0,-0.1799960000000027,-0.3898549010116975
2023-04-21,46.169998,46.25,45.689999,46.150002,44.21209,9082900,81720896460.0,-0.019995999999999015,-0.043309510214834784
2023-04-24,46.299999,46.669998,46.150002,46.669998,44.710251,6552900,81950998230.0,0.36999899999999997,0.799133926547169
2023-04-25,46.709999,47.220001,46.580002,46.990002,45.016819,7510500,82676698230.0,0.28000299999999356,0.5994498094508491
2023-04-26,46.830002,47.330002,46.669998,46.689999,44.729416,8936800,82889103540.0,-0.1400030000000001,-0.29896005556437966
2023-04-27,45.950001,47.439999,45.41,47.189999,45.208416,10977600,81331501770.0,1.239998,2.698581007647856
2023-04-28,47.470001,47.720001,46.82,47.509998,45.51498,11070400,84021901770.0,0.039996999999999616,0.08425742396761192
2023-05-01,47.549999,48.040001,47.41,47.779999,45.773643,8844000,84163498230.0,0.22999999999999687,0.48370137715459655
2023-05-02,47.700001,47.709999,46.529999,47.18,45.198837,7606400,84429001770.0,-0.5200010000000006,-1.090148824105896
2023-05-03,47.240002,47.369999,46.509998,46.529999,44.57613,6536100,83614803540.0,-0.7100030000000004,-1.502969877096958
2023-05-04,46.400002,46.52,45.57,46.130001,44.192928,7333200,82128003540.0,-0.2700010000000006,-0.5818986818147133
2023-05-05,46.16,46.860001,46.09,46.689999,44.729416,5962300,81703200000.0,0.5299990000000037,1.1481780762565073
2023-05-08,46.700001,46.82,46.529999,46.610001,44.652771,4434200,82659001770.0,-0.09000000000000341,-0.19271948195462224
2023-05-09,46.57,46.669998,46.150002,46.439999,44.48991,4401700,82428900000.0,-0.13000100000000003,-0.27915181447283666
2023-05-10,46.279999,46.459999,45.490002,45.939999,44.010906,8391800,81915598230.0,-0.3399999999999963,-0.734658615701345
2023-05-11,45.650002,45.700001,45.220001,45.669998,43.752243,6437300,80800503540.0,0.019995999999999015,0.04380284583557962
2023-05-12,45.549999,45.799999,45.299999,45.669998,43.752243,5599600,80623498230.0,0.11999899999999997,0.2634445721941727
2023-05-15,45.73,45.91,45.389999,45.560001,43.646866,4920100,80942100000.0,-0.16999899999999712,-0.3717450251475993
2023-05-16,45.400002,45.720001,45.080002,45.09,43.196598,6163600,80358003540.0,-0.3100019999999972,-0.6828237584659076
2023-05-17,45.18,45.5,44.869999,45.34,43.4361,6316200,79968600000.0,0.1600000000000037,0.35413899955733447
2023-05-18,45.040001,45.169998,44.57,45.07,43.177441,6580100,79720801770.0,0.02999900000000366,0.06660523830806234
2023-05-19,45.27,45.48,45.009998,45.299999,43.397781,6555000,80127900000.0,0.029998999999996556,0.066266843384132
2023-05-22,45.310001,45.52,44.860001,44.93,43.04332,6472700,80198701770.0,-0.38000100000000003,-0.8386691494445123
2023-05-23,45.07,45.259998,44.900002,44.93,43.04332,6167800,79773900000.0,-0.14000000000000057,-0.31062791213667756
2023-05-24,44.950001,45.18,44.799999,44.950001,43.062477,5400500,79561501770.0,0.0,0.0
2023-05-25,44.75,44.919998,44.459999,44.669998,42.794235,6859500,79207500000.0,-0.08000200000000035,-0.17877541899441418
2023-05-26,44.759998,44.950001,44.59,44.610001,42.736755,5498700,79225196460.0,-0.14999700000000615,-0.3351139559925944
2023-05-30,44.509998,44.529999,43.709999,44.32,42.458935,9183000,78782696460.0,-0.18999800000000278,-0.4268658920182445
2023-05-31,44.25,44.450001,44.029999,44.419998,42.554729,11075000,78322500000.0,0.16999799999999965,0.3841762711864399
2023-06-01,44.630001,44.93,44.369999,44.580002,42.708019,8763200,78995101770.0,-0.04999899999999968,-0.11203002213690222
2023-06-02,44.509998,45.369999,44.400002,45.330002,43.426525,7207400,78782696460.0,0.8200039999999973,1.8422917026417236
2023-06-05,45.299999,45.43,44.509998,44.639999,42.765495,6880600,80180998230.0,-0.6599999999999966,-1.4569536745464313
2023-06-06,44.700001,44.82,44.490002,44.66,42.784657,7368600,79119001770.0,-0.04000100000000373,-0.08948769374748722
2023-06-07,44.720001,45.299999,44.619999,45.099998,43.206181,8768100,79154401770.0,0.3799969999999959,0.8497249362762669
2023-06-08,45.220001,45.389999,44.900002,45.360001,43.455265,5804100,80039401770.0,0.13999999999999346,0.3095975163733266
2023-06-09,45.400002,45.549999,45.169998,45.220001,43.32114,6689900,80358003540.0,-0.1800009999999972,-0.39647795610228653
2023-06-12,45.25,45.599998,45.139999,45.529999,43.618122,6512200,80092500000.0,0.27999899999999656,0.6187823204419813
2023-06-13,45.529999,45.93,45.330002,45.759998,43.838467,9106700,80588098230.0,0.2299990000000065,0.5051592467638897
2023-06-14,44.900002,44.98,43.860001,43.950001,42.987518,11941300,79473003540.0,-0.9500010000000003,-2.1158150505204887
2023-06-15,44.119999,44.299999,44.029999,44.150002,43.18314,8484400,78092398230.0,0.030003000000000668,0.06800317470542253
2023-06-16,44.220001,44.27,43.919998,44.07,43.104889,13661200,78269401770.0,-0.15000100000000316,-0.3392152795292862
2023-06-20,44.029999,44.080002,43.470001,43.470001,42.518032,8033300,77933098230.0,-0.5599979999999931,-1.2718555819181216
2023-06-21,43.470001,44.060001,43.389999,43.950001,42.987518,6838400,76941901770.0,0.4799999999999969,1.1042097744603154
2023-06-22,44.099998,44.200001,43.689999,43.759998,42.801678,5022500,78056996460.0,-0.3399999999999963,-0.7709750916541908
2023-06-23,43.869999,44.09,43.34,43.419998,42.469124,8942100,77649898230.0,-0.4500010000000003,-1.0257602239744759
2023-06-26,43.5,44.290001,43.43,44.259998,43.29073,9001200,76995000000.0,0.7599980000000031,1.7471218390804666
2023-06-27,44.16,44.380001,43.98,44.34,43.368977,6313100,78163200000.0,0.18000000000000682,0.40760869565218943
2023-06-28,44.16,44.509998,43.82,44.5,43.525475,7261100,78163200000.0,0.3400000000000034,0.7699275362318918
2023-06-29,44.419998,44.98,44.32,44.970001,43.985184,6380400,78623396460.0,0.5500030000000038,1.2381878090134173
2023-06-30,45.07,45.41,44.98,45.299999,44.307953,9046700,79773900000.0,0.2299989999999994,0.5103150654537373
2023-07-03,45.189999,45.919998,45.0,45.919998,44.914375,6144000,79986298230.0,0.7299989999999994,1.6153994603983048
2023-07-05,45.66,46.040001,45.48,45.98,44.973061,8868500,80818200000.0,0.3200000000000003,0.7008322382829617
2023-07-06,45.900002,46.34,45.700001,46.09,45.080654,8983000,81243003540.0,0.18999800000000278,0.4139389797848
2023-07-07,46.099998,46.299999,45.919998,45.98,44.973061,8393500,81596996460.0,-0.11999800000000249,-0.26029936053360025
2023-07-10,46.200001,46.259998,44.689999,44.950001,43.965618,11674700,81774001770.0,-1.25,-2.7056276470643366
2023-07-11,44.950001,45.689999,44.950001,45.639999,44.640507,7238200,79561501770.0,0.6899980000000028,1.5350344486088061
2023-07-12,45.740002,45.959999,45.57,45.689999,44.689411,5320600,80959803540.0,-0.05000299999999669,-0.10932006518057584
2023-07-13,45.560001,45.73,45.240002,45.580002,44.581825,5923900,80641201770.0,0.0200010000000006,0.043900350221679325
2023-07-14,45.669998,45.68,45.349998,45.490002,44.493793,4860400,80835896460.0,-0.1799960000000027,-0.39412307397079965
2023-07-17,45.32,45.490002,45.200001,45.380001,44.386204,4483400,80216400000.0,0.06000099999999975,0.13239408649602769
2023-07-18,45.400002,45.700001,45.25,45.389999,44.395985,5331500,80358003540.0,-0.010002999999997542,-0.022033038676953234
2023-07-19,45.599998,45.73,45.349998,45.380001,44.386204,6104300,80711996460.0,-0.21999699999999933,-0.48244958256357673
2023-07-20,45.689999,45.849998,45.540001,45.66,44.660072,6617800,80871298230.0,-0.02999900000000366,-0.06565769458651917
2023-07-21,45.669998,45.709999,45.349998,45.599998,44.601383,6405900,80835896460.0,-0.07000000000000028,-0.15327349039954039
2023-07-24,45.57,45.880001,45.57,45.599998,44.601383,4998300,80658900000.0,0.02999799999999908,0.06582839587447681
2023-07-25,45.5,45.599998,45.16,45.459999,44.464451,6464700,80535000000.0,-0.04000099999999662,-0.0879142857142783
2023-07-26,45.439999,45.84,45.34,45.560001,44.562263,4933900,80428798230.0,0.1200019999999995,0.264088914262519
2023-07-27,45.66,45.950001,45.57,45.599998,44.601383,4551900,80818200000.0,-0.060001999999997224,-0.1314104248795384
2023-07-28,45.689999,45.84,45.43,45.490002,44.493793,5906000,80871298230.0,-0.1999970000000033,-0.43772598900692317
2023-07-31,45.290001,45.599998,45.209999,45.419998,44.425323,8667200,80163301770.0,0.12999700000000303,0.28703245115848647
2023-08-01,45.68,46.209999,44.919998,45.18,44.190582,9902800,80853600000.0,-0.5,-1.094570928196147
2023-08-02,45.049999,45.07,44.110001,44.57,43.593941,11431300,79738498230.0,-0.4799989999999994,-1.0654806007875814
2023-08-03,44.5,44.549999,44.099998,44.299999,43.329853,9885200,78765000000.0,-0.20000100000000032,-0.449440449438203
2023-08-04,44.27,44.5,43.919998,44.0,43.036423,8076200,78357900000.0,-0.2700000000000031,-0.6098938332956926
2023-08-07,44.029999,44.23,43.91,44.119999,43.153793,7874300,77933098230.0,0.09000000000000341,0.20440609140146337
2023-08-08,44.0,44.310001,43.73,44.240002,43.271168,6105200,77880000000.0,0.24000199999999694,0.545459090909084
2023-08-09,44.259998,44.599998,44.07,44.09,43.124454,5412300,78340196460.0,-0.16999799999999965,-0.38408948866197334
2023-08-10,44.110001,44.34,43.830002,43.919998,42.958176,6597900,78074701770.0,-0.19000299999999726,-0.4307481199104876
2023-08-11,43.889999,43.919998,43.619999,43.73,42.772335,7162200,77685298230.0,-0.15999900000000622,-0.3645454628513576
2023-08-14,43.799999,43.939999,43.439999,43.529999,42.576714,7032500,77525998230.0,-0.2700000000000031,-0.616438370238326
2023-08-15,43.389999,43.389999,43.009998,43.07,42.126789,6830900,76800298230.0,-0.3199990000000028,-0.7374948314702722
2023-08-16,43.02,43.220001,42.709999,42.75,41.813797,6908600,76145400000.0,-0.2700000000000031,-0.6276150627615135
2023-08-17,42.799999,43.009998,42.459999,42.57,41.637741,7100000,75755998230.0,-0.2299989999999994,-0.5373808536771213
2023-08-18,42.57,43.119999,42.549999,42.91,41.970295,6897600,75348900000.0,0.3399999999999963,0.7986845196147434
2023-08-21,42.82,43.02,42.57,42.73,41.794235,5443400,75791400000.0,-0.09000000000000341,-0.21018215787016212
2023-08-22,42.73,42.970001,42.700001,42.77,41.833359,6846100,75632100000.0,0.04000000000000625,0.09361104610345485
2023-08-23,42.98,43.130001,42.790001,43.119999,42.175694,6649000,76074600000.0,0.1399990000000031,0.3257305723592441
2023-08-24,43.080002,43.529999,42.970001,43.400002,42.449566,8305400,76251603540.0,0.3200000000000003,0.7428040509376028
2023-08-25,43.610001,43.880001,43.43,43.669998,42.71365,7007100,77189701770.0,0.05999700000000274,0.13757624082604986
2023-08-28,43.740002,44.099998,43.740002,43.970001,43.00708,5071000,77419803540.0,0.2299990000000065,0.5258321661713836
2023-08-29,44.040001,44.330002,43.599998,44.220001,43.251606,8079200,77950801770.0,0.18000000000000682,0.408719336768423
2023-08-30,44.310001,44.549999,44.18,44.52,43.545036,5765300,78428701770.0,0.20999900000000338,0.4739313817663949
2023-08-31,44.580002,44.759998,44.209999,44.220001,43.251606,7383700,78906603540.0,-0.3600009999999969,-0.807539219042648
2023-09-01,44.439999,44.52,43.830002,44.110001,43.144016,6657800,78658798230.0,-0.32999800000000334,-0.7425697736851959
2023-09-05,44.060001,44.459999,44.040001,44.09,43.124454,9267900,77986201770.0,0.02999900000000366,0.06808669840929796
2023-09-06,44.0,44.029999,43.450001,43.529999,42.576714,10108400,77880000000.0,-0.47000100000000344,-1.0681840909090987
2023-09-07,43.73,43.880001,43.419998,43.720001,42.762558,7395700,77402100000.0,-0.00999899999999343,-0.022865309855919117
2023-09-08,43.830002,44.099998,43.639999,44.080002,43.114674,6833900,77579103540.0,0.25,0.5703855546253455
2023-09-11,44.220001,44.880001,44.18,44.459999,43.486347,9566100,78269401770.0,0.23999799999999993,0.5427363061344117
2023-09-12,44.529999,45.029999,44.52,44.869999,43.887371,7754900,78818098230.0,0.3400000000000034,0.7635302215030443
2023-09-13,45.0,45.0,44.599998,44.75,43.77,8929000,79650000000.0,-0.25,-0.5555555555555556
2023-09-14,43.82,44.150002,43.610001,44.099998,44.099998,9764000,77561400000.0,0.2799979999999991,0.6389730716567756
2023-09-15,43.93,44.130001,43.490002,43.529999,43.529999,28860900,77756100000.0,-0.40000100000000316,-0.9105417709993242
2023-09-18,43.740002,43.75,43.23,43.349998,43.349998,7971900,77419803540.0,-0.3900039999999976,-0.8916414772911935
2023-09-19,43.360001,43.450001,42.990002,43.060001,43.060001,8771800,76747201770.0,-0.29999999999999716,-0.6918819028624957
2023-09-20,43.150002,43.439999,43.009998,43.040001,43.040001,5843800,76375503540.0,-0.11000100000000401,-0.25492698702540967
2023-09-21,43.0,43.110001,42.700001,42.91,42.91,7066100,76110000000.0,-0.09000000000000341,-0.2093023255814033
2023-09-22,42.849998,42.939999,42.299999,42.330002,42.330002,8177200,75844496460.0,-0.519995999999999,-1.213526311016395
2023-09-25,42.209999,42.310001,41.889999,42.09,42.09,6711200,74711698230.0,-0.11999899999999997,-0.2842904592345524
2023-09-26,42.09,42.189999,41.849998,41.900002,41.900002,6163700,74499300000.0,-0.18999800000000278,-0.45140888572108046
2023-09-27,41.91,42.009998,41.59,41.91,41.91,6523000,74180700000.0,0.0,0.0
2023-09-28,41.990002,42.240002,41.779999,42.139999,42.139999,5673700,74322303540.0,0.14999700000000615,0.35722074983470153
2023-09-29,42.25,42.380001,41.919998,42.049999,42.049999,5795500,74782500000.0,-0.20000100000000032,-0.4733751479289948
2023-10-02,42.02,42.040001,41.380001,41.580002,41.580002,7243200,74375400000.0,-0.4399980000000028,-1.0471156592099067
2023-10-03,41.360001,41.400002,40.91,41.130001,41.130001,8813800,73207201770.0,-0.22999999999999687,-0.5560928298816938
2023-10-04,41.150002,41.709999,40.990002,41.650002,41.650002,7765800,72835503540.0,0.5,1.215066769620084
2023-10-05,41.77,42.139999,41.669998,41.990002,41.990002,7151400,73932900000.0,0.2200019999999938,0.5266985875029777
2023-10-06,41.73,42.25,41.470001,42.07,42.07,10045500,73862100000.0,0.3400000000000034,0.8147615624251221
2023-10-09,42.0,42.73,42.0,42.700001,42.700001,6276300,74340000000.0,0.7000010000000003,1.6666690476190484
2023-10-10,43.290001,43.52,42.470001,42.490002,42.490002,10771100,76623301770.0,-0.7999989999999997,-1.8479994953107064
2023-10-11,42.639999,42.849998,42.369999,42.560001,42.560001,6706000,75472798230.0,-0.07999800000000334,-0.18761257475640028
2023-10-12,42.630001,42.709999,41.830002,42.240002,42.240002,7764200,75455101770.0,-0.3899990000000031,-0.9148463308738912
2023-10-13,42.25,42.73,42.25,42.66,42.66,5753800,74782500000.0,0.4099999999999966,0.9704142011834239
2023-10-16,42.91,43.040001,42.599998,42.869999,42.869999,7417200,75950700000.0,-0.04000099999999662,-0.09322069447680408
2023-10-17,42.77,43.209999,42.59,43.189999,43.189999,5318000,75702900000.0,0.4199989999999971,0.9819943885901264
2023-10-18,43.119999,43.43,42.889999,43.119999,43.119999,5026400,76322398230.0,0.0,0.0
2023-10-19,42.91,43.029999,42.509998,42.610001,42.610001,6791500,75950700000.0,-0.2999989999999997,-0.6991353996737351
2023-10-20,42.540001,43.040001,42.529999,42.709999,42.709999,6143000,75295801770.0,0.16999800000000675,0.3996191725524566
2023-10-23,42.650002,42.68,42.09,42.130001,42.130001,5989400,75490503540.0,-0.5200010000000006,-1.2192285477501281
2023-10-24,42.130001,42.619999,42.130001,42.540001,42.540001,6477400,74570101770.0,0.4099999999999966,0.9731782346741378
2023-10-25,42.529999,43.009998,42.5,42.82,42.82,6894400,75278098230.0,0.29000100000000373,0.6818739873471518
2023-10-26,42.139999,42.18,39.07,39.259998,39.259998,22791500,74587798230.0,-2.880001,-6.834364186861988
2023-10-27,39.720001,40.360001,39.189999,39.299999,39.299999,14405900,70304401770.0,-0.42000200000000376,-1.057406821314037
2023-10-30,39.5,40.450001,39.490002,40.25,40.25,10301400,69915000000.0,0.75,1.89873417721519
2023-10-31,40.279999,40.57,39.799999,40.169998,40.169998,14571000,71295598230.0,-0.1100009999999969,-0.2730908707321391
2023-11-01,40.290001,40.389999,39.630001,39.900002,39.900002,9527200,71313301770.0,-0.389998999999996,-0.9679796235299076
2023-11-02,39.950001,40.689999,39.759998,40.669998,40.669998,8319000,70711501770.0,0.7199969999999993,1.8022452615207678
2023-11-03,40.950001,41.209999,40.59,40.669998,40.669998,7991000,72481501770.0,-0.28000300000000067,-0.6837679930703803
2023-11-06,40.75,40.880001,40.459999,40.540001,40.540001,8741500,72127500000.0,-0.20999900000000338,-0.5153349693251617
2023-11-07,40.459999,40.700001,40.41,40.509998,40.509998,5770600,71614198230.0,0.04999899999999968,0.12357637477944496
2023-11-08,40.490002,40.810001,40.049999,40.200001,40.200001,7776100,71667303540.0,-0.2900009999999966,-0.716228663066
2023-11-09,40.25,40.439999,40.009998,40.110001,40.110001,10842100,71242500000.0,-0.1399990000000031,-0.34782360248447974
2023-11-10,40.189999,40.290001,39.700001,40.02,40.02,12271600,71136298230.0,-0.16999899999999712,-0.4229883160733523
2023-11-13,40.09,40.169998,39.939999,40.0,40.0,11639600,70959300000.0,-0.09000000000000341,-0.22449488650537142
2023-11-14,40.23,40.419998,39.959999,40.220001,40.220001,12681100,71207100000.0,-0.00999899999999343,-0.024854586129737583
2023-11-15,40.450001,40.77,40.18,40.75,40.75,9460300,71596501770.0,0.2999989999999997,0.7416538753608428
2023-11-16,40.700001,40.950001,40.130001,40.700001,40.700001,10810000,72039001770.0,0.0,0.0
2023-11-17,40.799999,40.970001,40.509998,40.82,40.82,6658700,72215998230.0,0.0200010000000006,0.04902206002505196
2023-11-20,40.650002,40.970001,40.639999,40.84,40.84,6399800,71950503540.0,0.18999800000000278,0.4673997310012501
2023-11-21,40.849998,40.939999,40.57,40.759998,40.759998,6271300,72304496460.0,-0.0899999999999963,-0.22031824824078647
2023-11-22,40.849998,41.220001,40.740002,41.189999,41.189999,8223300,72304496460.0,0.3400010000000009,0.8323158302235435
2023-11-24,41.310001,41.48,41.279999,41.470001,41.470001,3153700,73118701770.0,0.1600000000000037,0.3873154106193406
2023-11-27,41.439999,41.610001,41.240002,41.439999,41.439999,6601700,73348798230.0,0.0,0.0
2023-11-28,41.439999,42.0,41.419998,41.82,41.82,7042800,73348798230.0,0.38000100000000003,0.9169908522439879
2023-11-29,41.880001,41.98,41.689999,41.759998,41.759998,4839100,74127601770.0,-0.12000299999999697,-0.2865401077712414
2023-11-30,41.91,42.049999,41.740002,42.040001,42.040001,8996700,74180700000.0,0.13000100000000003,0.3101908852302554
2023-12-01,42.150002,42.630001,42.119999,42.599998,42.599998,6697700,74605503540.0,0.44999599999999873,1.067606117788556
2023-12-04,42.549999,42.959999,42.419998,42.5,42.5,6543600,75313498230.0,-0.04999899999999968,-0.11750646574633218
2023-12-05,42.32,42.77,42.25,42.57,42.57,7271800,74906400000.0,0.25,0.5907372400756143
2023-12-06,41.32,41.650002,40.959999,41.360001,41.360001,14833000,73136400000.0,0.04000099999999662,0.09680784123910122
2023-12-07,41.48,41.669998,41.240002,41.32,41.32,10658000,73419600000.0,-0.1599999999999966,-0.38572806171648166
2023-12-08,41.34,41.43,41.169998,41.299999,41.299999,7965600,73171800000.0,-0.04000100000000373,-0.09676100628931718
2023-12-11,41.5,41.619999,41.32,41.389999,41.389999,8174700,73455000000.0,-0.1100009999999969,-0.2650626506024022
2023-12-12,41.509998,41.509998,41.279999,41.360001,41.360001,7522100,73472696460.0,-0.14999700000000615,-0.36135149898105545
2023-12-13,41.279999,42.040001,41.080002,42.02,42.02,14063400,73065598230.0,0.7400010000000066,1.792638124821676
2023-12-14,42.330002,42.849998,42.060001,42.110001,42.110001,12031600,74924103540.0,-0.22000100000000344,-0.5197283005089474
2023-12-15,41.950001,42.150002,41.720001,41.75,41.75,23242200,74251501770.0,-0.20000100000000032,-0.4767604177172733
