Date,Open,High,Low,Close,Adj Close,Volume
1980-03-17,0.000000,0.197266,0.177734,0.181641,0.048834,1017600
1980-03-18,0.000000,0.183594,0.167969,0.183594,0.049360,1824000
1980-03-19,0.000000,0.193359,0.185547,0.187500,0.050410,678400
1980-03-20,0.000000,0.189453,0.187500,0.187500,0.050410,249600
1980-03-21,0.000000,0.187500,0.185547,0.185547,0.049885,441600
1980-03-24,0.000000,0.187500,0.167969,0.169922,0.045684,819200
1980-03-25,0.000000,0.164063,0.150391,0.150391,0.040433,2105600
1980-03-26,0.000000,0.158203,0.152344,0.152344,0.040958,1190400
1980-03-27,0.000000,0.144531,0.115234,0.130859,0.035182,4467200
1980-03-28,0.000000,0.152344,0.142578,0.152344,0.040958,2131200
1980-03-31,0.000000,0.177734,0.164063,0.175781,0.047259,2489600
1980-04-01,0.000000,0.177734,0.171875,0.173828,0.046734,390400
1980-04-02,0.000000,0.177734,0.169922,0.171875,0.046209,582400
1980-04-03,0.000000,0.171875,0.162109,0.166016,0.044634,300800
1980-04-07,0.000000,0.164063,0.160156,0.160156,0.043058,851200
1980-04-08,0.000000,0.162109,0.156250,0.160156,0.043058,793600
1980-04-09,0.000000,0.167969,0.162109,0.167969,0.045159,486400
1980-04-10,0.000000,0.177734,0.169922,0.169922,0.045684,1126400
1980-04-11,0.000000,0.177734,0.167969,0.169922,0.045684,710400
1980-04-14,0.000000,0.167969,0.164063,0.164063,0.044109,294400
1980-04-15,0.000000,0.166016,0.160156,0.160156,0.043058,486400
1980-04-16,0.000000,0.166016,0.156250,0.156250,0.042008,281600
1980-04-17,0.000000,0.156250,0.150391,0.154297,0.041483,723200
1980-04-18,0.000000,0.154297,0.150391,0.150391,0.040433,275200
1980-04-21,0.000000,0.152344,0.142578,0.142578,0.038332,403200
1980-04-22,0.000000,0.167969,0.144531,0.167969,0.045159,1164800
1980-04-23,0.000000,0.171875,0.166016,0.166016,0.044634,768000
1980-04-24,0.000000,0.171875,0.162109,0.167969,0.045159,646400
1980-04-25,0.000000,0.169922,0.162109,0.166016,0.044634,492800
1980-04-28,0.000000,0.171875,0.166016,0.171875,0.046209,640000
1980-04-29,0.000000,0.175781,0.169922,0.171875,0.046209,377600
1980-04-30,0.000000,0.179688,0.171875,0.179688,0.048309,524800
1980-05-01,0.000000,0.179688,0.177734,0.177734,0.047784,281600
1980-05-02,0.000000,0.177734,0.171875,0.171875,0.046209,390400
1980-05-05,0.000000,0.175781,0.173828,0.173828,0.046734,390400
1980-05-06,0.000000,0.175781,0.167969,0.169922,0.045684,960000
1980-05-07,0.000000,0.173828,0.169922,0.169922,0.045684,844800
1980-05-08,0.000000,0.175781,0.169922,0.175781,0.047259,1068800
1980-05-09,0.000000,0.173828,0.166016,0.169922,0.045684,371200
1980-05-12,0.000000,0.171875,0.162109,0.162109,0.043583,288000
1980-05-13,0.000000,0.166016,0.158203,0.158203,0.042533,364800
1980-05-14,0.000000,0.167969,0.162109,0.166016,0.044634,460800
1980-05-15,0.000000,0.175781,0.164063,0.175781,0.047259,729600
1980-05-16,0.000000,0.177734,0.171875,0.173828,0.046734,633600
1980-05-19,0.000000,0.177734,0.173828,0.177734,0.047784,633600
1980-05-20,0.000000,0.177734,0.169922,0.173828,0.046734,473600
1980-05-21,0.000000,0.175781,0.164063,0.169922,0.045684,486400
1980-05-22,0.000000,0.175781,0.171875,0.171875,0.046209,422400
1980-05-23,0.000000,0.175781,0.158203,0.171875,0.046209,403200
1980-05-27,0.000000,0.177734,0.171875,0.177734,0.047784,806400
1980-05-28,0.000000,0.193359,0.177734,0.191406,0.051460,1292800
1980-05-29,0.000000,0.193359,0.181641,0.181641,0.048834,1177600
1980-05-30,0.000000,0.189453,0.181641,0.189453,0.050935,928000
1980-06-02,0.000000,0.189453,0.183594,0.187500,0.050410,454400
1980-06-03,0.000000,0.185547,0.181641,0.183594,0.049360,230400
1980-06-04,0.000000,0.189453,0.179688,0.187500,0.050410,678400
1980-06-05,0.000000,0.189453,0.177734,0.179688,0.048309,544000
1980-06-06,0.000000,0.191406,0.177734,0.189453,0.050935,1164800
1980-06-09,0.000000,0.193359,0.191406,0.191406,0.051460,492800
1980-06-10,0.000000,0.189453,0.185547,0.185547,0.049885,595200
1980-06-11,0.000000,0.216797,0.189453,0.216797,0.058286,3398400
1980-06-12,0.000000,0.218750,0.199219,0.201172,0.054085,1580800
1980-06-13,0.000000,0.203125,0.189453,0.193359,0.051985,1337600
1980-06-16,0.000000,0.191406,0.183594,0.187500,0.050410,755200
1980-06-17,0.000000,0.189453,0.185547,0.187500,0.050410,364800
1980-06-18,0.000000,0.187500,0.185547,0.187500,0.050410,371200
1980-06-19,0.000000,0.189453,0.179688,0.179688,0.048309,601600
1980-06-20,0.000000,0.189453,0.177734,0.189453,0.050935,358400
1980-06-23,0.000000,0.189453,0.183594,0.185547,0.049885,492800
1980-06-24,0.000000,0.187500,0.183594,0.187500,0.050410,313600
1980-06-25,0.000000,0.191406,0.185547,0.187500,0.050410,384000
1980-06-26,0.000000,0.193359,0.187500,0.187500,0.050410,588800
1980-06-27,0.000000,0.187500,0.183594,0.183594,0.049360,313600
1980-06-30,0.000000,0.185547,0.181641,0.181641,0.048834,326400
1980-07-01,0.000000,0.179688,0.173828,0.179688,0.048309,921600
1980-07-02,0.000000,0.181641,0.175781,0.179688,0.048309,934400
1980-07-03,0.000000,0.179688,0.175781,0.175781,0.047259,774400
1980-07-07,0.000000,0.183594,0.173828,0.181641,0.048834,1184000
1980-07-08,0.000000,0.197266,0.185547,0.187500,0.050410,1241600
1980-07-09,0.000000,0.197266,0.187500,0.189453,0.050935,857600
1980-07-10,0.000000,0.191406,0.179688,0.179688,0.048309,736000
1980-07-11,0.000000,0.183594,0.179688,0.181641,0.048834,396800
1980-07-14,0.000000,0.185547,0.177734,0.177734,0.047784,492800
1980-07-15,0.000000,0.181641,0.173828,0.173828,0.046734,889600
1980-07-16,0.000000,0.183594,0.173828,0.175781,0.047259,748800
1980-07-17,0.000000,0.179688,0.173828,0.173828,0.046734,422400
1980-07-18,0.000000,0.177734,0.166016,0.167969,0.045159,1228800
1980-07-21,0.000000,0.169922,0.166016,0.167969,0.045159,684800
1980-07-22,0.000000,0.175781,0.169922,0.171875,0.046209,1075200
1980-07-23,0.000000,0.185547,0.173828,0.181641,0.048834,1094400
1980-07-24,0.000000,0.185547,0.177734,0.177734,0.047784,832000
1980-07-25,0.000000,0.181641,0.171875,0.175781,0.047259,729600
1980-07-28,0.000000,0.175781,0.169922,0.171875,0.046209,736000
1980-07-29,0.000000,0.175781,0.169922,0.171875,0.046209,364800
1980-07-30,0.000000,0.173828,0.167969,0.169922,0.045684,947200
1980-07-31,0.000000,0.167969,0.166016,0.167969,0.045159,448000
1980-08-01,0.000000,0.175781,0.167969,0.171875,0.046209,1152000
1980-08-04,0.000000,0.173828,0.166016,0.166016,0.044634,544000
1980-08-05,0.000000,0.169922,0.164063,0.164063,0.044109,441600
1980-08-06,0.000000,0.166016,0.164063,0.166016,0.044634,172800
1980-08-07,0.000000,0.167969,0.164063,0.167969,0.045159,838400
1980-08-08,0.000000,0.169922,0.166016,0.167969,0.045159,582400
1980-08-11,0.000000,0.169922,0.166016,0.167969,0.045159,294400
1980-08-12,0.000000,0.167969,0.162109,0.164063,0.044109,691200
1980-08-13,0.000000,0.167969,0.162109,0.167969,0.045159,1036800
1980-08-14,0.000000,0.179688,0.164063,0.173828,0.046734,1356800
1980-08-15,0.000000,0.179688,0.175781,0.179688,0.048309,1100800
1980-08-18,0.000000,0.181641,0.171875,0.179688,0.048309,1088000
1980-08-19,0.000000,0.179688,0.173828,0.175781,0.047259,876800
1980-08-20,0.000000,0.175781,0.171875,0.171875,0.046209,812800
1980-08-21,0.000000,0.177734,0.173828,0.177734,0.047784,998400
1980-08-22,0.000000,0.191406,0.179688,0.187500,0.050410,2105600
1980-08-25,0.000000,0.189453,0.183594,0.187500,0.050410,876800
1980-08-26,0.000000,0.189453,0.187500,0.187500,0.050410,742400
1980-08-27,0.000000,0.191406,0.185547,0.191406,0.051460,819200
1980-08-28,0.000000,0.191406,0.187500,0.187500,0.050410,723200
1980-08-29,0.000000,0.187500,0.181641,0.183594,0.049360,972800
1980-09-02,0.000000,0.185547,0.179688,0.181641,0.048834,544000
1980-09-03,0.000000,0.185547,0.177734,0.179688,0.048309,652800
1980-09-04,0.000000,0.185547,0.177734,0.179688,0.048309,691200
1980-09-05,0.000000,0.179688,0.175781,0.175781,0.047259,531200
1980-09-08,0.000000,0.177734,0.171875,0.177734,0.047784,659200
1980-09-09,0.000000,0.181641,0.173828,0.181641,0.048834,473600
1980-09-10,0.000000,0.191406,0.181641,0.185547,0.049885,1030400
1980-09-11,0.000000,0.191406,0.185547,0.187500,0.050410,953600
1980-09-12,0.000000,0.191406,0.187500,0.187500,0.050410,422400
1980-09-15,0.000000,0.189453,0.179688,0.183594,0.049360,595200
1980-09-16,0.000000,0.189453,0.183594,0.185547,0.049885,755200
1980-09-17,0.000000,0.189453,0.185547,0.185547,0.049885,723200
1980-09-18,0.000000,0.185547,0.169922,0.171875,0.046209,780800
1980-09-19,0.000000,0.175781,0.169922,0.169922,0.045684,704000
1980-09-22,0.000000,0.171875,0.167969,0.171875,0.046209,556800
1980-09-23,0.000000,0.187500,0.169922,0.183594,0.049360,1312000
1980-09-24,0.000000,0.197266,0.181641,0.193359,0.051985,2169600
1980-09-25,0.000000,0.205078,0.193359,0.195313,0.052510,2035200
1980-09-26,0.000000,0.193359,0.183594,0.189453,0.050935,908800
1980-09-29,0.000000,0.187500,0.171875,0.175781,0.047259,691200
1980-09-30,0.000000,0.177734,0.173828,0.177734,0.047784,435200
1980-10-01,0.000000,0.191406,0.179688,0.191406,0.051460,1068800
1980-10-02,0.000000,0.193359,0.187500,0.189453,0.050935,1100800
1980-10-03,0.000000,0.191406,0.183594,0.183594,0.049360,844800
1980-10-06,0.000000,0.189453,0.183594,0.187500,0.050410,448000
1980-10-07,0.000000,0.191406,0.187500,0.189453,0.050935,748800
1980-10-08,0.000000,0.195313,0.191406,0.193359,0.051985,640000
1980-10-09,0.000000,0.195313,0.189453,0.195313,0.052510,710400
1980-10-10,0.000000,0.205078,0.197266,0.201172,0.054085,2624000
1980-10-13,0.000000,0.214844,0.201172,0.212891,0.057236,2067200
1980-10-14,0.000000,0.216797,0.210938,0.214844,0.057761,1875200
1980-10-15,0.000000,0.216797,0.210938,0.214844,0.057761,1408000
1980-10-16,0.000000,0.216797,0.205078,0.205078,0.055136,1529600
1980-10-17,0.000000,0.210938,0.195313,0.195313,0.052510,1286400
1980-10-20,0.000000,0.207031,0.195313,0.199219,0.053560,1619200
1980-10-21,0.000000,0.205078,0.197266,0.199219,0.053560,1152000
1980-10-22,0.000000,0.205078,0.197266,0.199219,0.053560,563200
1980-10-23,0.000000,0.201172,0.197266,0.201172,0.054085,620800
1980-10-24,0.000000,0.201172,0.199219,0.201172,0.054085,518400
1980-10-27,0.000000,0.207031,0.203125,0.203125,0.054610,1081600
1980-10-28,0.000000,0.205078,0.201172,0.201172,0.054085,480000
1980-10-29,0.000000,0.207031,0.201172,0.201172,0.054085,460800
1980-10-30,0.000000,0.199219,0.191406,0.191406,0.051460,672000
1980-10-31,0.000000,0.191406,0.187500,0.187500,0.050410,403200
1980-11-03,0.000000,0.218750,0.208984,0.216797,0.058286,4249600
1980-11-05,0.000000,0.246094,0.224609,0.228516,0.061437,8428800
1980-11-06,0.000000,0.232422,0.224609,0.228516,0.061437,2668800
1980-11-07,0.000000,0.234375,0.222656,0.234375,0.063012,1939200
1980-11-10,0.000000,0.240234,0.232422,0.232422,0.062487,2867200
1980-11-11,0.000000,0.244141,0.232422,0.234375,0.063012,1478400
1980-11-12,0.000000,0.253906,0.236328,0.250000,0.067213,3884800
1980-11-13,0.000000,0.255859,0.250000,0.253906,0.068263,2784000
1980-11-14,0.000000,0.257813,0.246094,0.257813,0.069313,3923200
1980-11-17,0.000000,0.275391,0.244141,0.271484,0.072989,4064000
1980-11-18,0.000000,0.277344,0.265625,0.267578,0.071939,4313600
1980-11-19,0.000000,0.265625,0.253906,0.257813,0.069313,2675200
1980-11-20,0.000000,0.277344,0.248047,0.277344,0.074564,3212800
1980-11-21,0.000000,0.279297,0.267578,0.273438,0.073514,2105600
1980-11-24,0.000000,0.273438,0.263672,0.269531,0.072464,1516800
1980-11-25,0.000000,0.289063,0.273438,0.285156,0.076665,3910400
1980-11-26,0.000000,0.302734,0.289063,0.294922,0.079290,3712000
1980-11-28,0.000000,0.292969,0.281250,0.291016,0.078240,2387200
1980-12-01,0.000000,0.294922,0.283203,0.283203,0.076140,1593600
1980-12-02,0.000000,0.285156,0.259766,0.283203,0.076140,2086400
1980-12-03,0.000000,0.279297,0.271484,0.271484,0.072989,812800
1980-12-04,0.000000,0.273438,0.267578,0.273438,0.073514,569600
1980-12-05,0.000000,0.269531,0.250000,0.255859,0.068788,1644800
1980-12-08,0.000000,0.250000,0.232422,0.234375,0.063012,2982400
1980-12-09,0.000000,0.248047,0.236328,0.248047,0.066688,1894400
1980-12-10,0.000000,0.263672,0.246094,0.250000,0.067213,1580800
1980-12-11,0.000000,0.250000,0.234375,0.240234,0.064587,1913600
1980-12-12,0.000000,0.246094,0.242188,0.244141,0.065638,665600
1980-12-15,0.000000,0.250000,0.218750,0.218750,0.058811,2342400
1980-12-16,0.000000,0.234375,0.218750,0.234375,0.063012,1036800
1980-12-17,0.000000,0.248047,0.238281,0.242188,0.065113,1036800
1980-12-18,0.000000,0.265625,0.248047,0.255859,0.068788,2361600
1980-12-19,0.000000,0.261719,0.253906,0.257813,0.069313,832000
1980-12-22,0.000000,0.265625,0.257813,0.263672,0.070889,697600
1980-12-23,0.000000,0.265625,0.257813,0.257813,0.069313,665600
1980-12-24,0.000000,0.251953,0.246094,0.248047,0.066688,582400
1980-12-26,0.000000,0.253906,0.246094,0.251953,0.067738,217600
1980-12-29,0.000000,0.253906,0.242188,0.248047,0.066688,934400
1980-12-30,0.000000,0.246094,0.236328,0.240234,0.064587,454400
1980-12-31,0.000000,0.240234,0.236328,0.238281,0.064062,742400
1981-01-02,0.000000,0.248047,0.236328,0.248047,0.066688,268800
1981-01-05,0.000000,0.255859,0.246094,0.253906,0.068263,998400
1981-01-06,0.000000,0.251953,0.234375,0.234375,0.063012,940800
1981-01-07,0.000000,0.220703,0.205078,0.220703,0.059336,4268800
1981-01-08,0.000000,0.220703,0.212891,0.214844,0.057761,1888000
1981-01-09,0.000000,0.222656,0.208984,0.222656,0.059861,1100800
1981-01-12,0.000000,0.226563,0.216797,0.218750,0.058811,896000
1981-01-13,0.000000,0.218750,0.212891,0.216797,0.058286,812800
1981-01-14,0.000000,0.222656,0.214844,0.222656,0.059861,896000
1981-01-15,0.000000,0.220703,0.216797,0.218750,0.058811,550400
1981-01-16,0.000000,0.230469,0.224609,0.228516,0.061437,883200
1981-01-19,0.000000,0.228516,0.220703,0.226563,0.060912,857600
1981-01-20,0.000000,0.228516,0.218750,0.220703,0.059336,716800
1981-01-21,0.000000,0.220703,0.214844,0.214844,0.057761,723200
1981-01-22,0.000000,0.216797,0.212891,0.216797,0.058286,614400
1981-01-23,0.000000,0.216797,0.212891,0.214844,0.057761,243200
1981-01-26,0.000000,0.214844,0.207031,0.207031,0.055661,793600
1981-01-27,0.000000,0.216797,0.207031,0.214844,0.057761,921600
1981-01-28,0.000000,0.222656,0.216797,0.220703,0.059336,1152000
1981-01-29,0.000000,0.218750,0.205078,0.207031,0.055661,1996800
1981-01-30,0.000000,0.208984,0.199219,0.201172,0.054085,1324800
1981-02-02,0.000000,0.203125,0.183594,0.187500,0.050410,1132800
1981-02-03,0.000000,0.191406,0.181641,0.187500,0.050410,1388800
1981-02-04,0.000000,0.189453,0.185547,0.187500,0.050410,569600
1981-02-05,0.000000,0.197266,0.185547,0.193359,0.051985,851200
1981-02-06,0.000000,0.195313,0.191406,0.191406,0.051460,556800
1981-02-09,0.000000,0.195313,0.189453,0.189453,0.050935,505600
1981-02-10,0.000000,0.195313,0.189453,0.191406,0.051460,211200
1981-02-11,0.000000,0.189453,0.185547,0.185547,0.049885,761600
1981-02-12,0.000000,0.189453,0.181641,0.181641,0.048834,448000
1981-02-13,0.000000,0.183594,0.181641,0.181641,0.048834,313600
1981-02-17,0.000000,0.185547,0.179688,0.181641,0.048834,288000
1981-02-18,0.000000,0.183594,0.179688,0.183594,0.049360,441600
1981-02-19,0.000000,0.185547,0.181641,0.183594,0.049360,409600
1981-02-20,0.000000,0.183594,0.179688,0.179688,0.048309,275200
1981-02-23,0.000000,0.183594,0.177734,0.181641,0.048834,448000
1981-02-24,0.000000,0.187500,0.179688,0.181641,0.048834,844800
1981-02-25,0.000000,0.185547,0.175781,0.175781,0.047259,736000
1981-02-26,0.000000,0.187500,0.177734,0.185547,0.049885,486400
1981-02-27,0.000000,0.189453,0.181641,0.185547,0.049885,761600
1981-03-02,0.000000,0.185547,0.181641,0.183594,0.049360,326400
1981-03-03,0.000000,0.183594,0.177734,0.177734,0.047784,435200
1981-03-04,0.000000,0.177734,0.171875,0.177734,0.047784,1056000
1981-03-05,0.000000,0.177734,0.173828,0.173828,0.046734,243200
1981-03-06,0.000000,0.171875,0.160156,0.164063,0.044109,1356800
1981-03-09,0.000000,0.169922,0.158203,0.169922,0.045684,2067200
1981-03-10,0.000000,0.175781,0.166016,0.166016,0.044634,550400
1981-03-11,0.000000,0.171875,0.164063,0.167969,0.045159,678400
1981-03-12,0.000000,0.169922,0.160156,0.167969,0.045159,812800
1981-03-13,0.000000,0.173828,0.167969,0.171875,0.046209,838400
1981-03-16,0.000000,0.181641,0.171875,0.181641,0.048834,691200
1981-03-17,0.000000,0.183594,0.158203,0.164063,0.044109,1292800
1981-03-18,0.000000,0.164063,0.158203,0.160156,0.043058,1497600
1981-03-19,0.000000,0.162109,0.158203,0.158203,0.042533,697600
1981-03-20,0.000000,0.160156,0.156250,0.156250,0.042008,1081600
1981-03-23,0.000000,0.160156,0.154297,0.160156,0.043058,838400
1981-03-24,0.000000,0.169922,0.160156,0.162109,0.043583,1280000
1981-03-25,0.000000,0.175781,0.162109,0.175781,0.047259,710400
1981-03-26,0.000000,0.175781,0.171875,0.171875,0.046209,448000
1981-03-27,0.000000,0.179688,0.171875,0.177734,0.047784,467200
1981-03-30,0.000000,0.177734,0.173828,0.175781,0.047259,172800
1981-03-31,0.000000,0.179688,0.169922,0.169922,0.045684,576000
1981-04-01,0.000000,0.177734,0.169922,0.177734,0.047784,800000
1981-04-02,0.000000,0.177734,0.171875,0.173828,0.046734,294400
1981-04-03,0.000000,0.177734,0.173828,0.175781,0.047259,281600
1981-04-06,0.000000,0.173828,0.166016,0.169922,0.045684,512000
1981-04-07,0.000000,0.167969,0.164063,0.166016,0.044634,262400
1981-04-08,0.000000,0.169922,0.164063,0.169922,0.045684,204800
1981-04-09,0.000000,0.167969,0.167969,0.167969,0.045159,38400
1981-04-10,0.000000,0.167969,0.160156,0.160156,0.043058,825600
1981-04-13,0.000000,0.160156,0.156250,0.158203,0.042533,659200
1981-04-14,0.000000,0.160156,0.156250,0.156250,0.042008,294400
1981-04-15,0.000000,0.158203,0.154297,0.154297,0.041483,320000
1981-04-16,0.000000,0.156250,0.152344,0.152344,0.040958,563200
1981-04-20,0.000000,0.152344,0.148438,0.150391,0.040433,588800
1981-04-21,0.000000,0.150391,0.148438,0.150391,0.040433,761600
1981-04-22,0.000000,0.148438,0.146484,0.148438,0.039908,620800
1981-04-23,0.000000,0.150391,0.144531,0.146484,0.039382,563200
1981-04-24,0.000000,0.146484,0.142578,0.144531,0.038857,390400
1981-04-27,0.000000,0.144531,0.142578,0.142578,0.038332,601600
1981-04-28,0.000000,0.146484,0.142578,0.144531,0.038857,627200
1981-04-29,0.000000,0.144531,0.142578,0.144531,0.038857,294400
1981-04-30,0.000000,0.156250,0.142578,0.156250,0.042008,1286400
1981-05-01,0.000000,0.167969,0.156250,0.166016,0.044634,1574400
1981-05-04,0.000000,0.166016,0.156250,0.158203,0.042533,524800
1981-05-05,0.000000,0.156250,0.150391,0.152344,0.040958,204800
1981-05-06,0.000000,0.160156,0.152344,0.156250,0.042008,627200
1981-05-07,0.000000,0.156250,0.154297,0.154297,0.041483,307200
1981-05-08,0.000000,0.158203,0.154297,0.158203,0.042533,76800
1981-05-11,0.000000,0.156250,0.154297,0.156250,0.042008,96000
1981-05-12,0.000000,0.154297,0.152344,0.152344,0.040958,134400
1981-05-13,0.000000,0.156250,0.152344,0.156250,0.042008,198400
1981-05-14,0.000000,0.166016,0.156250,0.164063,0.044109,646400
1981-05-15,0.000000,0.167969,0.162109,0.164063,0.044109,320000
1981-05-18,0.000000,0.164063,0.162109,0.162109,0.043583,288000
1981-05-19,0.000000,0.162109,0.160156,0.160156,0.043058,166400
1981-05-20,0.000000,0.162109,0.158203,0.160156,0.043058,416000
1981-05-21,0.000000,0.160156,0.158203,0.160156,0.043058,108800
1981-05-22,0.000000,0.160156,0.158203,0.160156,0.043058,230400
1981-05-26,0.000000,0.160156,0.158203,0.160156,0.043058,192000
1981-05-27,0.000000,0.158203,0.156250,0.156250,0.042008,243200
1981-05-28,0.000000,0.160156,0.156250,0.156250,0.042008,761600
1981-05-29,0.000000,0.156250,0.154297,0.156250,0.042008,217600
1981-06-01,0.000000,0.152344,0.148438,0.148438,0.039908,396800
1981-06-02,0.000000,0.148438,0.146484,0.146484,0.039382,249600
1981-06-03,0.000000,0.146484,0.142578,0.142578,0.038332,537600
1981-06-04,0.000000,0.146484,0.142578,0.144531,0.038857,403200
1981-06-05,0.000000,0.144531,0.142578,0.144531,0.038857,217600
1981-06-08,0.000000,0.144531,0.142578,0.144531,0.038857,416000
1981-06-09,0.000000,0.144531,0.140625,0.142578,0.038332,422400
1981-06-10,0.000000,0.144531,0.136719,0.138672,0.037282,646400
1981-06-11,0.000000,0.140625,0.136719,0.138672,0.037282,601600
1981-06-12,0.000000,0.138672,0.132813,0.132813,0.035707,339200
1981-06-15,0.000000,0.136719,0.132813,0.134766,0.036232,524800
1981-06-16,0.000000,0.134766,0.132813,0.132813,0.035707,768000
1981-06-17,0.000000,0.134766,0.132813,0.132813,0.035707,499200
1981-06-18,0.000000,0.136719,0.132813,0.132813,0.035707,595200
1981-06-19,0.000000,0.134766,0.132813,0.132813,0.035707,83200
1981-06-22,0.000000,0.134766,0.132813,0.132813,0.035707,153600
1981-06-23,0.000000,0.132813,0.128906,0.130859,0.035182,326400
1981-06-24,0.000000,0.128906,0.126953,0.126953,0.034132,300800
1981-06-25,0.000000,0.130859,0.126953,0.130859,0.035182,448000
1981-06-26,0.000000,0.130859,0.126953,0.130859,0.035182,211200
1981-06-29,0.000000,0.128906,0.126953,0.128906,0.034657,256000
1981-06-30,0.000000,0.128906,0.126953,0.128906,0.034657,140800
1981-07-01,0.000000,0.128906,0.126953,0.126953,0.034132,217600
1981-07-02,0.000000,0.128906,0.125000,0.125000,0.033606,358400
1981-07-06,0.000000,0.126953,0.125000,0.125000,0.033606,684800
1981-07-07,0.000000,0.126953,0.125000,0.126953,0.034132,672000
1981-07-08,0.000000,0.128906,0.125000,0.128906,0.034657,217600
1981-07-09,0.000000,0.132813,0.128906,0.132813,0.035707,313600
1981-07-10,0.000000,0.134766,0.130859,0.134766,0.036232,300800
1981-07-13,0.000000,0.152344,0.136719,0.152344,0.040958,838400
1981-07-14,0.000000,0.154297,0.146484,0.146484,0.039382,652800
1981-07-15,0.000000,0.152344,0.144531,0.148438,0.039908,518400
1981-07-16,0.000000,0.150391,0.146484,0.146484,0.039382,313600
1981-07-17,0.000000,0.146484,0.142578,0.146484,0.039382,243200
1981-07-20,0.000000,0.146484,0.140625,0.144531,0.038857,396800
1981-07-21,0.000000,0.142578,0.134766,0.136719,0.036757,396800
1981-07-22,0.000000,0.140625,0.136719,0.140625,0.037807,332800
1981-07-23,0.000000,0.140625,0.132813,0.134766,0.036232,428800
1981-07-24,0.000000,0.138672,0.134766,0.138672,0.037282,326400
1981-07-27,0.000000,0.140625,0.138672,0.140625,0.037807,262400
1981-07-28,0.000000,0.138672,0.138672,0.138672,0.037282,70400
1981-07-29,0.000000,0.138672,0.134766,0.134766,0.036232,275200
1981-07-30,0.000000,0.142578,0.134766,0.142578,0.038332,1024000
1981-07-31,0.000000,0.144531,0.140625,0.140625,0.037807,198400
1981-08-03,0.000000,0.142578,0.134766,0.134766,0.036232,262400
1981-08-04,0.000000,0.140625,0.134766,0.140625,0.037807,300800
1981-08-05,0.000000,0.140625,0.136719,0.140625,0.037807,480000
1981-08-06,0.000000,0.166016,0.142578,0.156250,0.042008,1484800
1981-08-07,0.000000,0.158203,0.152344,0.158203,0.042533,236800
1981-08-10,0.000000,0.166016,0.158203,0.166016,0.044634,620800
1981-08-11,0.000000,0.169922,0.166016,0.167969,0.045159,646400
1981-08-12,0.000000,0.185547,0.167969,0.179688,0.048309,2297600
1981-08-13,0.000000,0.185547,0.179688,0.181641,0.048834,908800
1981-08-14,0.000000,0.191406,0.185547,0.189453,0.050935,1548800
1981-08-17,0.000000,0.193359,0.187500,0.189453,0.050935,780800
1981-08-18,0.000000,0.187500,0.169922,0.169922,0.045684,985600
1981-08-19,0.000000,0.171875,0.164063,0.171875,0.046209,518400
1981-08-20,0.000000,0.171875,0.167969,0.167969,0.045159,409600
1981-08-21,0.000000,0.167969,0.164063,0.167969,0.045159,211200
1981-08-24,0.000000,0.166016,0.156250,0.156250,0.042008,249600
1981-08-25,0.000000,0.156250,0.150391,0.156250,0.042008,780800
1981-08-26,0.000000,0.160156,0.156250,0.160156,0.043058,384000
1981-08-27,0.000000,0.160156,0.156250,0.158203,0.042533,307200
1981-08-28,0.000000,0.160156,0.156250,0.158203,0.042533,371200
1981-08-31,0.000000,0.162109,0.158203,0.158203,0.042533,204800
1981-09-01,0.000000,0.160156,0.156250,0.160156,0.043058,217600
1981-09-02,0.000000,0.160156,0.156250,0.156250,0.042008,288000
1981-09-03,0.000000,0.156250,0.142578,0.142578,0.038332,396800
1981-09-04,0.000000,0.142578,0.138672,0.140625,0.037807,294400
1981-09-08,0.000000,0.144531,0.136719,0.136719,0.036757,1331200
1981-09-09,0.000000,0.144531,0.136719,0.144531,0.038857,409600
1981-09-10,0.000000,0.158203,0.152344,0.156250,0.042008,793600
1981-09-11,0.000000,0.160156,0.156250,0.156250,0.042008,185600
1981-09-14,0.000000,0.156250,0.154297,0.154297,0.041483,153600
1981-09-15,0.000000,0.160156,0.156250,0.158203,0.042533,524800
1981-09-16,0.000000,0.156250,0.152344,0.154297,0.041483,761600
1981-09-17,0.000000,0.152344,0.138672,0.138672,0.037282,710400
1981-09-18,0.000000,0.140625,0.134766,0.136719,0.036757,608000
1981-09-21,0.000000,0.142578,0.134766,0.142578,0.038332,1241600
1981-09-22,0.000000,0.142578,0.134766,0.134766,0.036232,608000
1981-09-23,0.000000,0.132813,0.128906,0.132813,0.035707,409600
1981-09-24,0.000000,0.138672,0.130859,0.130859,0.035182,531200
1981-09-25,0.000000,0.136719,0.128906,0.134766,0.036232,1452800
1981-09-28,0.000000,0.144531,0.125000,0.144531,0.038857,1145600
1981-09-29,0.000000,0.158203,0.148438,0.150391,0.040433,800000
1981-09-30,0.000000,0.154297,0.146484,0.146484,0.039382,300800
1981-10-01,0.000000,0.156250,0.146484,0.154297,0.041483,595200
1981-10-02,0.000000,0.166016,0.156250,0.166016,0.044634,576000
1981-10-05,0.000000,0.166016,0.160156,0.160156,0.043058,211200
1981-10-06,0.000000,0.160156,0.150391,0.160156,0.043058,595200
1981-10-07,0.000000,0.167969,0.160156,0.166016,0.044634,473600
1981-10-08,0.000000,0.167969,0.164063,0.167969,0.045159,185600
1981-10-09,0.000000,0.169922,0.167969,0.167969,0.045159,300800
1981-10-12,0.000000,0.167969,0.164063,0.166016,0.044634,172800
1981-10-13,0.000000,0.169922,0.166016,0.169922,0.045684,211200
1981-10-14,0.000000,0.167969,0.160156,0.160156,0.043058,358400
1981-10-15,0.000000,0.160156,0.154297,0.158203,0.042533,601600
1981-10-16,0.000000,0.160156,0.154297,0.156250,0.042008,102400
1981-10-19,0.000000,0.158203,0.154297,0.156250,0.042008,243200
1981-10-20,0.000000,0.162109,0.156250,0.158203,0.042533,224000
1981-10-21,0.000000,0.166016,0.158203,0.164063,0.044109,428800
1981-10-22,0.000000,0.162109,0.158203,0.160156,0.043058,768000
1981-10-23,0.000000,0.162109,0.158203,0.158203,0.042533,377600
1981-10-26,0.000000,0.162109,0.158203,0.158203,0.042533,243200
1981-10-27,0.000000,0.164063,0.158203,0.164063,0.044109,883200
1981-10-28,0.000000,0.166016,0.160156,0.162109,0.043583,716800
1981-10-29,0.000000,0.167969,0.164063,0.167969,0.045159,288000
1981-10-30,0.000000,0.175781,0.167969,0.175781,0.047259,832000
1981-11-02,0.000000,0.179688,0.167969,0.171875,0.046209,876800
1981-11-03,0.000000,0.177734,0.167969,0.177734,0.047784,793600
1981-11-04,0.000000,0.187500,0.179688,0.185547,0.049885,1484800
1981-11-05,0.000000,0.185547,0.175781,0.177734,0.047784,345600
1981-11-06,0.000000,0.177734,0.173828,0.175781,0.047259,192000
1981-11-09,0.000000,0.177734,0.171875,0.171875,0.046209,307200
1981-11-10,0.000000,0.169922,0.166016,0.167969,0.045159,256000
1981-11-11,0.000000,0.169922,0.166016,0.167969,0.045159,217600
1981-11-12,0.000000,0.171875,0.167969,0.169922,0.045684,435200
1981-11-13,0.000000,0.175781,0.167969,0.175781,0.047259,460800
1981-11-16,0.000000,0.175781,0.166016,0.167969,0.045159,428800
1981-11-17,0.000000,0.173828,0.169922,0.171875,0.046209,729600
1981-11-18,0.000000,0.175781,0.169922,0.175781,0.047259,185600
1981-11-19,0.000000,0.175781,0.171875,0.171875,0.046209,313600
1981-11-20,0.000000,0.173828,0.171875,0.171875,0.046209,428800
1981-11-23,0.000000,0.171875,0.164063,0.166016,0.044634,736000
1981-11-24,0.000000,0.164063,0.158203,0.160156,0.043058,518400
1981-11-25,0.000000,0.167969,0.158203,0.167969,0.045159,473600
1981-11-27,0.000000,0.169922,0.166016,0.166016,0.044634,89600
1981-11-30,0.000000,0.171875,0.164063,0.167969,0.045159,646400
1981-12-01,0.000000,0.167969,0.166016,0.166016,0.044634,179200
1981-12-02,0.000000,0.175781,0.164063,0.171875,0.046209,384000
1981-12-03,0.000000,0.175781,0.171875,0.173828,0.046734,448000
1981-12-04,0.000000,0.177734,0.171875,0.177734,0.047784,601600
1981-12-07,0.000000,0.175781,0.171875,0.171875,0.046209,601600
1981-12-08,0.000000,0.177734,0.171875,0.173828,0.046734,1248000
1981-12-09,0.000000,0.177734,0.173828,0.177734,0.047784,755200
1981-12-10,0.000000,0.177734,0.171875,0.177734,0.047784,582400
1981-12-11,0.000000,0.177734,0.175781,0.175781,0.047259,422400
1981-12-14,0.000000,0.175781,0.171875,0.175781,0.047259,435200
1981-12-15,0.000000,0.183594,0.173828,0.183594,0.049360,838400
1981-12-16,0.000000,0.183594,0.177734,0.177734,0.047784,300800
1981-12-17,0.000000,0.179688,0.177734,0.177734,0.047784,224000
1981-12-18,0.000000,0.191406,0.181641,0.187500,0.050410,1350400
1981-12-21,0.000000,0.189453,0.181641,0.181641,0.048834,192000
1981-12-22,0.000000,0.185547,0.179688,0.179688,0.048309,889600
1981-12-23,0.000000,0.181641,0.177734,0.177734,0.047784,313600
1981-12-24,0.000000,0.179688,0.177734,0.177734,0.047784,153600
1981-12-28,0.000000,0.175781,0.171875,0.171875,0.046209,467200
1981-12-29,0.000000,0.171875,0.167969,0.171875,0.046209,339200
1981-12-30,0.000000,0.171875,0.167969,0.167969,0.045159,563200
1981-12-31,0.000000,0.169922,0.166016,0.167969,0.045159,800000
1982-01-04,0.000000,0.167969,0.166016,0.166016,0.044634,64000
1982-01-05,0.000000,0.164063,0.156250,0.156250,0.042008,345600
1982-01-06,0.000000,0.156250,0.152344,0.156250,0.042008,179200
1982-01-07,0.000000,0.154297,0.152344,0.154297,0.041483,64000
1982-01-08,0.000000,0.158203,0.156250,0.158203,0.042533,147200
1982-01-11,0.000000,0.160156,0.146484,0.146484,0.039382,537600
1982-01-12,0.000000,0.146484,0.144531,0.144531,0.038857,160000
1982-01-13,0.000000,0.142578,0.140625,0.140625,0.037807,320000
1982-01-14,0.000000,0.142578,0.140625,0.142578,0.038332,460800
1982-01-15,0.000000,0.148438,0.144531,0.148438,0.039908,249600
1982-01-18,0.000000,0.148438,0.146484,0.146484,0.039382,204800
1982-01-19,0.000000,0.150391,0.144531,0.144531,0.038857,275200
1982-01-20,0.000000,0.142578,0.138672,0.140625,0.037807,377600
1982-01-21,0.000000,0.142578,0.134766,0.136719,0.036757,582400
1982-01-22,0.000000,0.140625,0.134766,0.138672,0.037282,678400
1982-01-25,0.000000,0.142578,0.138672,0.140625,0.037807,608000
1982-01-26,0.000000,0.140625,0.138672,0.140625,0.037807,121600
1982-01-27,0.000000,0.144531,0.140625,0.140625,0.037807,262400
1982-01-28,0.000000,0.146484,0.142578,0.146484,0.039382,364800
1982-01-29,0.000000,0.152344,0.148438,0.148438,0.039908,499200
1982-02-01,0.000000,0.146484,0.144531,0.144531,0.038857,288000
1982-02-02,0.000000,0.142578,0.138672,0.138672,0.037282,236800
1982-02-03,0.000000,0.138672,0.136719,0.136719,0.036757,185600
1982-02-04,0.000000,0.138672,0.136719,0.138672,0.037282,89600
1982-02-05,0.000000,0.140625,0.138672,0.138672,0.037282,140800
1982-02-08,0.000000,0.140625,0.128906,0.128906,0.034657,409600
1982-02-09,0.000000,0.134766,0.128906,0.128906,0.034657,550400
1982-02-10,0.000000,0.130859,0.128906,0.130859,0.035182,185600
1982-02-11,0.000000,0.132813,0.130859,0.130859,0.035182,569600
1982-02-12,0.000000,0.132813,0.130859,0.130859,0.035182,121600
1982-02-16,0.000000,0.128906,0.128906,0.128906,0.034657,256000
1982-02-17,0.000000,0.132813,0.128906,0.132813,0.035707,313600
1982-02-18,0.000000,0.134766,0.132813,0.134766,0.036232,556800
1982-02-19,0.000000,0.138672,0.134766,0.138672,0.037282,294400
1982-02-22,0.000000,0.140625,0.138672,0.138672,0.037282,601600
1982-02-23,0.000000,0.138672,0.136719,0.138672,0.037282,153600
1982-02-24,0.000000,0.138672,0.136719,0.138672,0.037282,102400
1982-02-25,0.000000,0.136719,0.134766,0.134766,0.036232,876800
1982-02-26,0.000000,0.132813,0.125000,0.125000,0.033606,441600
1982-03-01,0.000000,0.128906,0.125000,0.126953,0.034132,384000
1982-03-02,0.000000,0.126953,0.121094,0.121094,0.032556,300800
1982-03-03,0.000000,0.119141,0.111328,0.111328,0.029931,499200
1982-03-04,0.000000,0.113281,0.095703,0.099609,0.026780,1203200
1982-03-05,0.000000,0.101563,0.095703,0.095703,0.025730,902400
1982-03-08,0.000000,0.099609,0.085938,0.085938,0.023105,1363200
1982-03-09,0.000000,0.083984,0.076172,0.082031,0.022054,2342400
1982-03-10,0.000000,0.093750,0.085938,0.093750,0.025205,1222400
1982-03-11,0.000000,0.099609,0.093750,0.099609,0.026780,768000
1982-03-12,0.000000,0.103516,0.101563,0.103516,0.027830,428800
1982-03-15,0.000000,0.105469,0.099609,0.099609,0.026780,179200
1982-03-16,0.000000,0.103516,0.097656,0.097656,0.026255,262400
1982-03-17,0.000000,0.097656,0.097656,0.097656,0.026255,160000
1982-03-18,0.000000,0.097656,0.095703,0.095703,0.025730,166400
1982-03-19,0.000000,0.097656,0.095703,0.097656,0.026255,128000
1982-03-22,0.000000,0.099609,0.097656,0.099609,0.026780,121600
1982-03-23,0.000000,0.103516,0.101563,0.101563,0.027305,236800
1982-03-24,0.000000,0.105469,0.103516,0.105469,0.028355,147200
1982-03-25,0.000000,0.111328,0.107422,0.107422,0.028881,268800
1982-03-26,0.000000,0.109375,0.105469,0.109375,0.029406,211200
1982-03-29,0.000000,0.109375,0.105469,0.105469,0.028355,147200
1982-03-30,0.000000,0.105469,0.105469,0.105469,0.028355,57600
1982-03-31,0.000000,0.107422,0.105469,0.105469,0.028355,153600
1982-04-01,0.000000,0.111328,0.105469,0.107422,0.028881,320000
1982-04-02,0.000000,0.109375,0.107422,0.107422,0.028881,166400
1982-04-05,0.000000,0.111328,0.107422,0.111328,0.029931,236800
1982-04-06,0.000000,0.115234,0.113281,0.115234,0.030981,172800
1982-04-07,0.000000,0.119141,0.117188,0.119141,0.032031,192000
1982-04-08,0.000000,0.119141,0.115234,0.115234,0.030981,249600
1982-04-12,0.000000,0.115234,0.115234,0.115234,0.030981,166400
1982-04-13,0.000000,0.117188,0.115234,0.115234,0.030981,768000
1982-04-14,0.000000,0.117188,0.117188,0.117188,0.031506,569600
1982-04-15,0.000000,0.115234,0.109375,0.111328,0.029931,857600
1982-04-16,0.111328,0.111328,0.111328,0.111328,0.029931,0
1982-04-19,0.000000,0.113281,0.111328,0.113281,0.030456,70400
1982-04-20,0.000000,0.113281,0.111328,0.113281,0.030456,51200
1982-04-21,0.000000,0.111328,0.109375,0.109375,0.029406,128000
1982-04-22,0.000000,0.111328,0.109375,0.109375,0.029406,121600
1982-04-23,0.000000,0.113281,0.109375,0.109375,0.029406,179200
1982-04-26,0.000000,0.113281,0.107422,0.111328,0.029931,147200
1982-04-27,0.000000,0.113281,0.109375,0.109375,0.029406,108800
1982-04-28,0.000000,0.109375,0.109375,0.109375,0.029406,25600
1982-04-29,0.000000,0.109375,0.107422,0.107422,0.028881,262400
1982-04-30,0.000000,0.105469,0.103516,0.105469,0.028355,153600
1982-05-03,0.000000,0.103516,0.103516,0.103516,0.027830,172800
1982-05-04,0.000000,0.107422,0.103516,0.105469,0.028355,179200
1982-05-05,0.000000,0.109375,0.105469,0.109375,0.029406,134400
1982-05-06,0.000000,0.109375,0.107422,0.107422,0.028881,166400
1982-05-07,0.000000,0.113281,0.107422,0.113281,0.030456,531200
1982-05-10,0.000000,0.115234,0.113281,0.113281,0.030456,230400
1982-05-11,0.000000,0.115234,0.113281,0.115234,0.030981,160000
1982-05-12,0.000000,0.121094,0.115234,0.121094,0.032556,576000
1982-05-13,0.000000,0.121094,0.119141,0.119141,0.032031,230400
1982-05-14,0.000000,0.121094,0.119141,0.119141,0.032031,134400
1982-05-17,0.000000,0.119141,0.115234,0.115234,0.030981,147200
1982-05-18,0.000000,0.113281,0.111328,0.111328,0.029931,57600
1982-05-19,0.000000,0.113281,0.111328,0.113281,0.030456,25600
1982-05-20,0.000000,0.117188,0.113281,0.113281,0.030456,128000
1982-05-21,0.000000,0.111328,0.107422,0.107422,0.028881,128000
1982-05-24,0.000000,0.115234,0.109375,0.115234,0.030981,140800
1982-05-25,0.000000,0.115234,0.113281,0.113281,0.030456,121600
1982-05-26,0.000000,0.109375,0.105469,0.105469,0.028355,377600
1982-05-27,0.000000,0.109375,0.107422,0.107422,0.028881,217600
1982-05-28,0.000000,0.119141,0.109375,0.119141,0.032031,851200
1982-06-01,0.000000,0.126953,0.119141,0.125000,0.033606,851200
1982-06-02,0.000000,0.126953,0.125000,0.126953,0.034132,300800
1982-06-03,0.000000,0.126953,0.119141,0.121094,0.032556,281600
1982-06-04,0.000000,0.119141,0.115234,0.115234,0.030981,179200
1982-06-07,0.000000,0.119141,0.111328,0.119141,0.032031,416000
1982-06-08,0.000000,0.119141,0.119141,0.119141,0.032031,32000
1982-06-09,0.000000,0.115234,0.105469,0.111328,0.029931,972800
1982-06-10,0.000000,0.117188,0.113281,0.117188,0.031506,172800
1982-06-11,0.000000,0.125000,0.121094,0.123047,0.033081,140800
1982-06-14,0.000000,0.125000,0.121094,0.121094,0.032556,89600
1982-06-15,0.000000,0.121094,0.115234,0.121094,0.032556,268800
1982-06-16,0.000000,0.119141,0.113281,0.113281,0.030456,172800
1982-06-17,0.000000,0.115234,0.109375,0.109375,0.029406,217600
1982-06-18,0.000000,0.111328,0.109375,0.109375,0.029406,115200
1982-06-21,0.000000,0.115234,0.113281,0.115234,0.030981,134400
1982-06-22,0.000000,0.117188,0.111328,0.111328,0.029931,224000
1982-06-23,0.000000,0.111328,0.111328,0.111328,0.029931,160000
1982-06-24,0.000000,0.117188,0.115234,0.115234,0.030981,134400
1982-06-25,0.000000,0.115234,0.111328,0.111328,0.029931,217600
1982-06-28,0.000000,0.121094,0.115234,0.119141,0.032031,339200
1982-06-29,0.000000,0.117188,0.115234,0.115234,0.030981,44800
1982-06-30,0.000000,0.115234,0.113281,0.113281,0.030456,76800
1982-07-01,0.000000,0.113281,0.109375,0.109375,0.029406,211200
1982-07-02,0.000000,0.109375,0.109375,0.109375,0.029406,172800
1982-07-06,0.000000,0.109375,0.109375,0.109375,0.029406,64000
1982-07-07,0.000000,0.111328,0.107422,0.109375,0.029406,313600
1982-07-08,0.000000,0.113281,0.109375,0.111328,0.029931,166400
1982-07-09,0.000000,0.111328,0.111328,0.111328,0.029931,115200
1982-07-12,0.000000,0.111328,0.107422,0.107422,0.028881,1280000
1982-07-13,0.000000,0.111328,0.105469,0.109375,0.029406,275200
1982-07-14,0.000000,0.113281,0.107422,0.107422,0.028881,134400
1982-07-15,0.000000,0.107422,0.105469,0.105469,0.028355,230400
1982-07-16,0.000000,0.109375,0.105469,0.109375,0.029406,281600
1982-07-19,0.000000,0.111328,0.107422,0.109375,0.029406,108800
1982-07-20,0.000000,0.113281,0.109375,0.111328,0.029931,326400
1982-07-21,0.000000,0.113281,0.111328,0.111328,0.029931,256000
1982-07-22,0.000000,0.111328,0.111328,0.111328,0.029931,345600
1982-07-23,0.000000,0.111328,0.111328,0.111328,0.029931,192000
1982-07-26,0.000000,0.113281,0.107422,0.107422,0.028881,224000
1982-07-27,0.000000,0.107422,0.107422,0.107422,0.028881,19200
1982-07-28,0.000000,0.105469,0.103516,0.103516,0.027830,268800
1982-07-29,0.000000,0.101563,0.101563,0.101563,0.027305,166400
1982-07-30,0.000000,0.105469,0.105469,0.105469,0.028355,96000
1982-08-02,0.000000,0.103516,0.103516,0.103516,0.027830,76800
1982-08-03,0.000000,0.101563,0.101563,0.101563,0.027305,89600
1982-08-04,0.000000,0.101563,0.097656,0.097656,0.026255,230400
1982-08-05,0.000000,0.099609,0.097656,0.097656,0.026255,134400
1982-08-06,0.000000,0.101563,0.097656,0.097656,0.026255,179200
1982-08-09,0.000000,0.097656,0.091797,0.091797,0.024680,384000
1982-08-10,0.000000,0.095703,0.093750,0.093750,0.025205,345600
1982-08-11,0.000000,0.093750,0.091797,0.091797,0.024680,588800
1982-08-12,0.000000,0.091797,0.091797,0.091797,0.024680,281600
1982-08-13,0.000000,0.093750,0.087891,0.091797,0.024680,288000
1982-08-16,0.000000,0.095703,0.093750,0.095703,0.025730,108800
1982-08-17,0.000000,0.095703,0.087891,0.087891,0.023630,448000
1982-08-18,0.000000,0.095703,0.091797,0.091797,0.024680,300800
1982-08-19,0.000000,0.091797,0.089844,0.089844,0.024155,166400
1982-08-20,0.000000,0.093750,0.089844,0.091797,0.024680,64000
1982-08-23,0.000000,0.097656,0.089844,0.095703,0.025730,256000
1982-08-24,0.000000,0.097656,0.091797,0.091797,0.024680,249600
1982-08-25,0.000000,0.097656,0.091797,0.095703,0.025730,147200
1982-08-26,0.000000,0.109375,0.097656,0.107422,0.028881,448000
1982-08-27,0.000000,0.109375,0.107422,0.107422,0.028881,192000
1982-08-30,0.000000,0.109375,0.107422,0.107422,0.028881,96000
1982-08-31,0.000000,0.113281,0.109375,0.113281,0.030456,454400
1982-09-01,0.000000,0.115234,0.111328,0.111328,0.029931,665600
1982-09-02,0.000000,0.113281,0.111328,0.111328,0.029931,192000
1982-09-03,0.000000,0.115234,0.107422,0.107422,0.028881,326400
1982-09-07,0.000000,0.105469,0.103516,0.105469,0.028355,204800
1982-09-08,0.000000,0.115234,0.105469,0.115234,0.030981,748800
1982-09-09,0.000000,0.119141,0.113281,0.119141,0.032031,851200
1982-09-10,0.000000,0.121094,0.113281,0.119141,0.032031,672000
1982-09-13,0.000000,0.119141,0.119141,0.119141,0.032031,44800
1982-09-14,0.000000,0.125000,0.121094,0.125000,0.033606,524800
1982-09-15,0.000000,0.126953,0.123047,0.125000,0.033606,288000
1982-09-16,0.000000,0.125000,0.121094,0.125000,0.033606,441600
1982-09-17,0.000000,0.125000,0.121094,0.121094,0.032556,339200
1982-09-20,0.000000,0.126953,0.125000,0.125000,0.033606,608000
1982-09-21,0.000000,0.134766,0.128906,0.132813,0.035707,230400
1982-09-22,0.000000,0.140625,0.125000,0.125000,0.033606,768000
1982-09-23,0.000000,0.130859,0.125000,0.130859,0.035182,928000
1982-09-24,0.000000,0.134766,0.130859,0.132813,0.035707,249600
1982-09-27,0.000000,0.132813,0.128906,0.132813,0.035707,236800
1982-09-28,0.000000,0.136719,0.132813,0.132813,0.035707,262400
1982-09-29,0.000000,0.132813,0.128906,0.128906,0.034657,134400
1982-09-30,0.000000,0.128906,0.125000,0.126953,0.034132,403200
1982-10-01,0.000000,0.130859,0.125000,0.126953,0.034132,275200
1982-10-04,0.000000,0.130859,0.128906,0.128906,0.034657,249600
1982-10-05,0.000000,0.130859,0.128906,0.128906,0.034657,51200
1982-10-06,0.000000,0.126953,0.123047,0.125000,0.033606,236800
1982-10-07,0.000000,0.126953,0.125000,0.125000,0.033606,396800
1982-10-08,0.000000,0.130859,0.126953,0.130859,0.035182,627200
1982-10-11,0.000000,0.132813,0.125000,0.125000,0.033606,684800
1982-10-12,0.000000,0.130859,0.123047,0.123047,0.033081,576000
1982-10-13,0.000000,0.136719,0.125000,0.134766,0.036232,902400
1982-10-14,0.000000,0.140625,0.132813,0.132813,0.035707,537600
1982-10-15,0.000000,0.132813,0.128906,0.128906,0.034657,332800
1982-10-18,0.000000,0.130859,0.126953,0.128906,0.034657,262400
1982-10-19,0.000000,0.130859,0.126953,0.126953,0.034132,262400
1982-10-20,0.000000,0.128906,0.126953,0.128906,0.034657,230400
1982-10-21,0.000000,0.136719,0.126953,0.136719,0.036757,1638400
1982-10-22,0.000000,0.140625,0.132813,0.138672,0.037282,512000
1982-10-25,0.000000,0.140625,0.136719,0.136719,0.036757,537600
1982-10-26,0.000000,0.136719,0.128906,0.134766,0.036232,384000
1982-10-27,0.000000,0.140625,0.136719,0.136719,0.036757,806400
1982-10-28,0.000000,0.138672,0.136719,0.136719,0.036757,198400
1982-10-29,0.000000,0.138672,0.128906,0.138672,0.037282,51200
1982-11-01,0.000000,0.138672,0.134766,0.134766,0.036232,608000
1982-11-02,0.000000,0.134766,0.132813,0.132813,0.035707,371200
1982-11-03,0.000000,0.138672,0.130859,0.138672,0.037282,691200
1982-11-04,0.000000,0.142578,0.136719,0.138672,0.037282,1420800
1982-11-05,0.000000,0.136719,0.132813,0.132813,0.035707,371200
1982-11-08,0.000000,0.134766,0.130859,0.132813,0.035707,838400
1982-11-09,0.000000,0.138672,0.132813,0.136719,0.036757,518400
1982-11-10,0.000000,0.138672,0.136719,0.136719,0.036757,678400
1982-11-11,0.000000,0.136719,0.136719,0.136719,0.036757,83200
1982-11-12,0.000000,0.136719,0.132813,0.132813,0.035707,627200
1982-11-15,0.000000,0.134766,0.132813,0.132813,0.035707,339200
1982-11-16,0.000000,0.136719,0.132813,0.136719,0.036757,275200
1982-11-17,0.000000,0.134766,0.130859,0.130859,0.035182,403200
1982-11-18,0.000000,0.136719,0.130859,0.130859,0.035182,3654400
1982-11-19,0.000000,0.132813,0.130859,0.132813,0.035707,249600
1982-11-22,0.000000,0.138672,0.132813,0.136719,0.036757,1427200
1982-11-23,0.000000,0.136719,0.136719,0.136719,0.036757,70400
1982-11-24,0.000000,0.138672,0.136719,0.138672,0.037282,166400
1982-11-26,0.000000,0.136719,0.136719,0.136719,0.036757,12800
1982-11-29,0.000000,0.138672,0.128906,0.130859,0.035182,704000
1982-11-30,0.000000,0.134766,0.128906,0.130859,0.035182,262400
1982-12-01,0.000000,0.132813,0.130859,0.130859,0.035182,172800
1982-12-02,0.000000,0.130859,0.128906,0.128906,0.034657,1120000
1982-12-03,0.000000,0.130859,0.125000,0.125000,0.033606,1113600
1982-12-06,0.000000,0.125000,0.119141,0.119141,0.032031,928000
1982-12-07,0.000000,0.115234,0.113281,0.113281,0.030456,665600
1982-12-08,0.000000,0.117188,0.113281,0.115234,0.030981,512000
1982-12-09,0.000000,0.115234,0.111328,0.113281,0.030456,1593600
1982-12-10,0.000000,0.119141,0.115234,0.119141,0.032031,409600
1982-12-13,0.000000,0.121094,0.115234,0.115234,0.030981,339200
1982-12-14,0.000000,0.119141,0.115234,0.115234,0.030981,1420800
1982-12-15,0.000000,0.115234,0.115234,0.115234,0.030981,211200
1982-12-16,0.000000,0.113281,0.113281,0.113281,0.030456,326400
1982-12-17,0.000000,0.115234,0.113281,0.115234,0.030981,25600
1982-12-20,0.000000,0.117188,0.107422,0.107422,0.028881,409600
1982-12-21,0.000000,0.109375,0.103516,0.109375,0.029406,1331200
1982-12-22,0.000000,0.113281,0.107422,0.107422,0.028881,582400
1982-12-23,0.000000,0.107422,0.105469,0.105469,0.028355,1113600
1982-12-27,0.000000,0.113281,0.105469,0.111328,0.029931,486400
1982-12-28,0.000000,0.111328,0.105469,0.105469,0.028355,787200
1982-12-29,0.000000,0.107422,0.105469,0.105469,0.028355,473600
1982-12-30,0.000000,0.126953,0.105469,0.125000,0.033606,1228800
1982-12-31,0.000000,0.136719,0.125000,0.132813,0.035707,966400
1983-01-03,0.000000,0.134766,0.132813,0.132813,0.035707,492800
1983-01-04,0.000000,0.130859,0.126953,0.128906,0.034657,339200
1983-01-05,0.000000,0.132813,0.126953,0.132813,0.035707,403200
1983-01-06,0.000000,0.138672,0.132813,0.138672,0.037282,576000
1983-01-07,0.000000,0.140625,0.138672,0.138672,0.037282,838400
1983-01-10,0.000000,0.140625,0.138672,0.138672,0.037282,409600
1983-01-11,0.000000,0.144531,0.138672,0.142578,0.038332,755200
1983-01-12,0.000000,0.148438,0.140625,0.140625,0.037807,691200
1983-01-13,0.000000,0.148438,0.142578,0.142578,0.038332,396800
1983-01-14,0.000000,0.142578,0.142578,0.142578,0.038332,172800
1983-01-17,0.000000,0.142578,0.142578,0.142578,0.038332,153600
1983-01-18,0.000000,0.144531,0.140625,0.142578,0.038332,825600
1983-01-19,0.000000,0.144531,0.138672,0.138672,0.037282,358400
1983-01-20,0.000000,0.140625,0.134766,0.138672,0.037282,576000
1983-01-21,0.000000,0.140625,0.134766,0.138672,0.037282,262400
1983-01-24,0.000000,0.134766,0.128906,0.132813,0.035707,403200
1983-01-25,0.000000,0.130859,0.128906,0.130859,0.035182,204800
1983-01-26,0.000000,0.138672,0.132813,0.136719,0.036757,480000
1983-01-27,0.000000,0.142578,0.136719,0.142578,0.038332,800000
1983-01-28,0.000000,0.140625,0.138672,0.138672,0.037282,211200
1983-01-31,0.000000,0.136719,0.132813,0.132813,0.035707,256000
1983-02-01,0.000000,0.132813,0.125000,0.125000,0.033606,582400
1983-02-02,0.000000,0.125000,0.123047,0.123047,0.033081,364800
1983-02-03,0.000000,0.125000,0.123047,0.123047,0.033081,172800
1983-02-04,0.000000,0.125000,0.113281,0.115234,0.030981,800000
1983-02-07,0.000000,0.119141,0.113281,0.119141,0.032031,678400
1983-02-08,0.000000,0.125000,0.119141,0.123047,0.033081,505600
1983-02-09,0.000000,0.125000,0.123047,0.125000,0.033606,134400
1983-02-10,0.000000,0.132813,0.125000,0.132813,0.035707,140800
1983-02-11,0.000000,0.136719,0.132813,0.134766,0.036232,364800
1983-02-14,0.000000,0.138672,0.134766,0.136719,0.036757,467200
1983-02-15,0.000000,0.138672,0.136719,0.136719,0.036757,172800
1983-02-16,0.000000,0.150391,0.136719,0.148438,0.039908,1184000
1983-02-17,0.000000,0.150391,0.142578,0.144531,0.038857,1062400
1983-02-18,0.000000,0.150391,0.144531,0.146484,0.039382,518400
1983-02-22,0.000000,0.142578,0.130859,0.132813,0.035707,748800
1983-02-23,0.000000,0.136719,0.132813,0.134766,0.036232,819200
1983-02-24,0.000000,0.140625,0.134766,0.138672,0.037282,1004800
1983-02-25,0.000000,0.144531,0.138672,0.140625,0.037807,723200
1983-02-28,0.000000,0.144531,0.140625,0.140625,0.037807,332800
1983-03-01,0.000000,0.148438,0.140625,0.146484,0.039382,947200
1983-03-02,0.000000,0.150391,0.144531,0.146484,0.039382,556800
1983-03-03,0.000000,0.148438,0.144531,0.144531,0.038857,633600
1983-03-04,0.000000,0.148438,0.142578,0.146484,0.039382,1056000
1983-03-07,0.000000,0.154297,0.146484,0.154297,0.041483,748800
1983-03-08,0.000000,0.154297,0.150391,0.150391,0.040433,665600
1983-03-09,0.000000,0.150391,0.146484,0.148438,0.039908,499200
1983-03-10,0.000000,0.152344,0.148438,0.150391,0.040433,435200
1983-03-11,0.000000,0.152344,0.150391,0.150391,0.040433,134400
1983-03-14,0.000000,0.154297,0.152344,0.154297,0.041483,665600
1983-03-15,0.000000,0.154297,0.152344,0.154297,0.041483,428800
1983-03-16,0.000000,0.152344,0.150391,0.152344,0.040958,320000
1983-03-17,0.000000,0.150391,0.146484,0.146484,0.039382,147200
1983-03-18,0.000000,0.144531,0.140625,0.140625,0.037807,96000
1983-03-21,0.000000,0.140625,0.138672,0.138672,0.037282,243200
1983-03-22,0.000000,0.152344,0.140625,0.150391,0.040433,1088000
1983-03-23,0.000000,0.167969,0.152344,0.167969,0.045159,2867200
1983-03-24,0.000000,0.179688,0.169922,0.169922,0.045684,2777600
1983-03-25,0.000000,0.173828,0.164063,0.166016,0.044634,1004800
1983-03-28,0.000000,0.164063,0.156250,0.158203,0.042533,460800
1983-03-29,0.000000,0.158203,0.152344,0.152344,0.040958,217600
1983-03-30,0.000000,0.154297,0.148438,0.154297,0.041483,281600
1983-03-31,0.000000,0.160156,0.154297,0.154297,0.041483,384000
1983-04-04,0.000000,0.154297,0.150391,0.154297,0.041483,697600
1983-04-05,0.000000,0.152344,0.152344,0.152344,0.040958,160000
1983-04-06,0.000000,0.152344,0.150391,0.150391,0.040433,460800
1983-04-07,0.000000,0.152344,0.150391,0.152344,0.040958,32000
1983-04-08,0.000000,0.166016,0.154297,0.164063,0.044109,710400
1983-04-11,0.000000,0.171875,0.164063,0.167969,0.045159,544000
1983-04-12,0.000000,0.167969,0.160156,0.162109,0.043583,422400
1983-04-13,0.000000,0.164063,0.162109,0.164063,0.044109,275200
1983-04-14,0.000000,0.162109,0.160156,0.160156,0.043058,64000
1983-04-15,0.000000,0.158203,0.156250,0.156250,0.042008,211200
1983-04-18,0.000000,0.162109,0.156250,0.162109,0.043583,281600
1983-04-19,0.000000,0.164063,0.160156,0.164063,0.044109,870400
1983-04-20,0.000000,0.162109,0.160156,0.160156,0.043058,358400
1983-04-21,0.000000,0.160156,0.152344,0.152344,0.040958,819200
1983-04-22,0.000000,0.169922,0.156250,0.169922,0.045684,928000
1983-04-25,0.000000,0.173828,0.156250,0.158203,0.042533,921600
1983-04-26,0.000000,0.162109,0.156250,0.160156,0.043058,179200
1983-04-27,0.000000,0.167969,0.162109,0.164063,0.044109,646400
1983-04-28,0.000000,0.166016,0.162109,0.166016,0.044634,256000
1983-04-29,0.000000,0.167969,0.166016,0.167969,0.045159,556800
1983-05-02,0.000000,0.169922,0.164063,0.164063,0.044109,230400
1983-05-03,0.000000,0.164063,0.162109,0.162109,0.043583,774400
1983-05-04,0.000000,0.167969,0.162109,0.162109,0.043583,806400
1983-05-05,0.000000,0.162109,0.160156,0.162109,0.043583,352000
1983-05-06,0.000000,0.164063,0.162109,0.164063,0.044109,409600
1983-05-09,0.000000,0.167969,0.166016,0.166016,0.044634,268800
1983-05-10,0.000000,0.166016,0.162109,0.162109,0.043583,736000
1983-05-11,0.000000,0.166016,0.156250,0.166016,0.044634,1286400
1983-05-12,0.000000,0.169922,0.164063,0.167969,0.045159,1113600
1983-05-13,0.000000,0.177734,0.166016,0.177734,0.047784,2169600
1983-05-16,0.000000,0.177734,0.156250,0.164063,0.044109,1241600
1983-05-17,0.000000,0.179688,0.164063,0.179688,0.048309,646400
1983-05-18,0.000000,0.185547,0.179688,0.179688,0.048309,1689600
1983-05-19,0.000000,0.183594,0.175781,0.179688,0.048309,870400
1983-05-20,0.000000,0.183594,0.177734,0.183594,0.049360,691200
1983-05-23,0.000000,0.183594,0.179688,0.181641,0.048834,1369600
1983-05-24,0.000000,0.207031,0.183594,0.201172,0.054085,4512000
1983-05-25,0.000000,0.205078,0.197266,0.201172,0.054085,1331200
1983-05-26,0.000000,0.203125,0.199219,0.203125,0.054610,1324800
1983-05-27,0.000000,0.207031,0.195313,0.197266,0.053035,1030400
1983-05-31,0.000000,0.205078,0.199219,0.203125,0.054610,934400
1983-06-01,0.000000,0.203125,0.195313,0.199219,0.053560,268800
1983-06-02,0.000000,0.199219,0.191406,0.193359,0.051985,396800
1983-06-03,0.000000,0.195313,0.193359,0.193359,0.051985,128000
1983-06-06,0.000000,0.195313,0.179688,0.185547,0.049885,928000
1983-06-07,0.000000,0.189453,0.183594,0.183594,0.049360,608000
1983-06-08,0.000000,0.183594,0.177734,0.181641,0.048834,633600
1983-06-09,0.000000,0.201172,0.183594,0.195313,0.052510,1753600
1983-06-10,0.000000,0.201172,0.191406,0.201172,0.054085,2316800
1983-06-13,0.000000,0.203125,0.189453,0.189453,0.050935,1056000
1983-06-14,0.000000,0.185547,0.173828,0.179688,0.048309,1888000
1983-06-15,0.000000,0.187500,0.177734,0.187500,0.050410,870400
1983-06-16,0.000000,0.191406,0.187500,0.187500,0.050410,1651200
1983-06-17,0.000000,0.205078,0.189453,0.203125,0.054610,3225600
1983-06-20,0.000000,0.203125,0.197266,0.197266,0.053035,844800
1983-06-21,0.000000,0.201172,0.197266,0.201172,0.054085,1056000
1983-06-22,0.000000,0.216797,0.201172,0.212891,0.057236,2950400
1983-06-23,0.000000,0.218750,0.208984,0.208984,0.056186,1459200
1983-06-24,0.000000,0.218750,0.201172,0.214844,0.057761,1414400
1983-06-27,0.000000,0.216797,0.212891,0.214844,0.057761,480000
1983-06-28,0.000000,0.214844,0.201172,0.201172,0.054085,512000
1983-06-29,0.000000,0.203125,0.197266,0.203125,0.054610,371200
1983-06-30,0.000000,0.205078,0.203125,0.203125,0.054610,211200
1983-07-01,0.000000,0.203125,0.201172,0.203125,0.054610,326400
1983-07-05,0.000000,0.201172,0.199219,0.199219,0.053560,128000
1983-07-06,0.000000,0.203125,0.195313,0.203125,0.054610,492800
1983-07-07,0.000000,0.210938,0.207031,0.207031,0.055661,716800
1983-07-08,0.000000,0.210938,0.205078,0.207031,0.055661,537600
1983-07-11,0.000000,0.210938,0.207031,0.208984,0.056186,307200
1983-07-12,0.000000,0.208984,0.195313,0.197266,0.053035,448000
1983-07-13,0.000000,0.197266,0.193359,0.193359,0.051985,249600
1983-07-14,0.000000,0.195313,0.191406,0.191406,0.051460,76800
1983-07-15,0.000000,0.191406,0.187500,0.191406,0.051460,268800
1983-07-18,0.000000,0.195313,0.191406,0.191406,0.051460,211200
1983-07-19,0.000000,0.195313,0.191406,0.195313,0.052510,384000
1983-07-20,0.000000,0.199219,0.195313,0.199219,0.053560,326400
1983-07-21,0.000000,0.203125,0.193359,0.193359,0.051985,339200
1983-07-22,0.000000,0.199219,0.191406,0.199219,0.053560,601600
1983-07-25,0.000000,0.201172,0.195313,0.199219,0.053560,230400
1983-07-26,0.000000,0.203125,0.199219,0.203125,0.054610,486400
1983-07-27,0.000000,0.201172,0.181641,0.185547,0.049885,774400
1983-07-28,0.000000,0.187500,0.183594,0.183594,0.049360,224000
1983-07-29,0.000000,0.187500,0.183594,0.185547,0.049885,505600
1983-08-01,0.000000,0.185547,0.181641,0.185547,0.049885,147200
1983-08-02,0.000000,0.183594,0.183594,0.183594,0.049360,64000
1983-08-03,0.000000,0.183594,0.181641,0.181641,0.048834,51200
1983-08-04,0.000000,0.187500,0.181641,0.185547,0.049885,928000
1983-08-05,0.000000,0.191406,0.187500,0.189453,0.050935,96000
1983-08-08,0.000000,0.189453,0.185547,0.187500,0.050410,1120000
1983-08-09,0.000000,0.191406,0.185547,0.187500,0.050410,1209600
1983-08-10,0.000000,0.197266,0.189453,0.197266,0.053035,384000
1983-08-11,0.000000,0.199219,0.197266,0.199219,0.053560,147200
1983-08-12,0.000000,0.205078,0.201172,0.205078,0.055136,793600
1983-08-15,0.000000,0.210938,0.207031,0.208984,0.056186,2054400
1983-08-16,0.000000,0.208984,0.207031,0.207031,0.055661,544000
1983-08-17,0.000000,0.212891,0.207031,0.212891,0.057236,1286400
1983-08-18,0.000000,0.212891,0.201172,0.201172,0.054085,377600
1983-08-19,0.000000,0.203125,0.201172,0.203125,0.054610,121600
1983-08-22,0.000000,0.207031,0.201172,0.205078,0.055136,243200
1983-08-23,0.000000,0.207031,0.201172,0.201172,0.054085,179200
1983-08-24,0.000000,0.201172,0.201172,0.201172,0.054085,70400
1983-08-25,0.000000,0.201172,0.199219,0.199219,0.053560,121600
1983-08-26,0.000000,0.199219,0.199219,0.199219,0.053560,134400
1983-08-29,0.000000,0.199219,0.197266,0.199219,0.053560,384000
1983-08-30,0.000000,0.199219,0.197266,0.199219,0.053560,422400
1983-08-31,0.000000,0.197266,0.197266,0.197266,0.053035,384000
1983-09-01,0.000000,0.199219,0.195313,0.195313,0.052510,2150400
1983-09-02,0.000000,0.195313,0.193359,0.195313,0.052510,454400
1983-09-06,0.000000,0.197266,0.193359,0.193359,0.051985,345600
1983-09-07,0.000000,0.191406,0.191406,0.191406,0.051460,51200
1983-09-08,0.000000,0.193359,0.191406,0.191406,0.051460,492800
1983-09-09,0.000000,0.195313,0.191406,0.193359,0.051985,320000
1983-09-12,0.000000,0.191406,0.183594,0.183594,0.049360,1625600
1983-09-13,0.000000,0.185547,0.179688,0.179688,0.048309,326400
1983-09-14,0.000000,0.177734,0.173828,0.173828,0.046734,313600
1983-09-15,0.000000,0.177734,0.173828,0.173828,0.046734,185600
1983-09-16,0.000000,0.175781,0.171875,0.175781,0.047259,473600
1983-09-19,0.000000,0.175781,0.173828,0.175781,0.047259,102400
1983-09-20,0.000000,0.173828,0.167969,0.167969,0.045159,230400
1983-09-21,0.000000,0.171875,0.166016,0.167969,0.045159,480000
1983-09-22,0.000000,0.167969,0.162109,0.166016,0.044634,787200
1983-09-23,0.000000,0.166016,0.162109,0.162109,0.043583,128000
1983-09-26,0.000000,0.164063,0.160156,0.162109,0.043583,934400
1983-09-27,0.000000,0.158203,0.154297,0.156250,0.042008,256000
1983-09-28,0.000000,0.154297,0.152344,0.152344,0.040958,435200
1983-09-29,0.000000,0.154297,0.152344,0.152344,0.040958,204800
1983-09-30,0.000000,0.154297,0.152344,0.152344,0.040958,371200
1983-10-03,0.000000,0.156250,0.154297,0.156250,0.042008,198400
1983-10-04,0.000000,0.166016,0.156250,0.160156,0.043058,486400
1983-10-05,0.000000,0.162109,0.160156,0.160156,0.043058,44800
1983-10-06,0.000000,0.164063,0.160156,0.164063,0.044109,198400
1983-10-07,0.000000,0.171875,0.166016,0.171875,0.046209,633600
1983-10-10,0.000000,0.183594,0.173828,0.181641,0.048834,416000
1983-10-11,0.000000,0.185547,0.156250,0.156250,0.042008,1068800
1983-10-12,0.000000,0.154297,0.150391,0.154297,0.041483,870400
1983-10-13,0.000000,0.164063,0.156250,0.162109,0.043583,396800
1983-10-14,0.000000,0.167969,0.164063,0.167969,0.045159,275200
1983-10-17,0.000000,0.167969,0.164063,0.166016,0.044634,172800
1983-10-18,0.000000,0.166016,0.156250,0.156250,0.042008,217600
1983-10-19,0.000000,0.152344,0.148438,0.148438,0.039908,518400
1983-10-20,0.000000,0.150391,0.148438,0.148438,0.039908,307200
1983-10-21,0.000000,0.150391,0.140625,0.140625,0.037807,1088000
1983-10-24,0.000000,0.142578,0.138672,0.142578,0.038332,454400
1983-10-25,0.000000,0.152344,0.142578,0.150391,0.040433,1683200
1983-10-26,0.000000,0.150391,0.146484,0.148438,0.039908,851200
1983-10-27,0.000000,0.148438,0.138672,0.138672,0.037282,428800
1983-10-28,0.000000,0.140625,0.138672,0.138672,0.037282,588800
1983-10-31,0.000000,0.146484,0.140625,0.140625,0.037807,620800
1983-11-01,0.000000,0.140625,0.130859,0.132813,0.035707,537600
1983-11-02,0.000000,0.138672,0.132813,0.138672,0.037282,294400
1983-11-03,0.000000,0.140625,0.138672,0.138672,0.037282,422400
1983-11-04,0.000000,0.138672,0.136719,0.136719,0.036757,115200
1983-11-07,0.000000,0.138672,0.136719,0.138672,0.037282,211200
1983-11-08,0.000000,0.138672,0.136719,0.136719,0.036757,249600
1983-11-09,0.000000,0.142578,0.138672,0.140625,0.037807,352000
1983-11-10,0.000000,0.146484,0.138672,0.138672,0.037282,544000
1983-11-11,0.000000,0.140625,0.140625,0.140625,0.037807,115200
1983-11-14,0.000000,0.142578,0.138672,0.140625,0.037807,339200
1983-11-15,0.000000,0.144531,0.142578,0.142578,0.038332,166400
1983-11-16,0.000000,0.146484,0.140625,0.146484,0.039382,544000
1983-11-17,0.000000,0.146484,0.144531,0.146484,0.039382,64000
1983-11-18,0.000000,0.146484,0.140625,0.144531,0.038857,716800
1983-11-21,0.000000,0.148438,0.140625,0.148438,0.039908,787200
1983-11-22,0.000000,0.162109,0.150391,0.160156,0.043058,2432000
1983-11-23,0.000000,0.173828,0.164063,0.173828,0.046734,1363200
1983-11-25,0.000000,0.185547,0.175781,0.185547,0.049885,972800
1983-11-28,0.000000,0.185547,0.179688,0.183594,0.049360,1254400
1983-11-29,0.000000,0.185547,0.179688,0.185547,0.049885,691200
1983-11-30,0.000000,0.185547,0.181641,0.185547,0.049885,1299200
1983-12-01,0.000000,0.187500,0.175781,0.179688,0.048309,1222400
1983-12-02,0.000000,0.179688,0.171875,0.173828,0.046734,569600
1983-12-05,0.000000,0.187500,0.171875,0.187500,0.050410,1139200
1983-12-06,0.000000,0.191406,0.185547,0.187500,0.050410,358400
1983-12-07,0.000000,0.191406,0.185547,0.187500,0.050410,486400
1983-12-08,0.000000,0.193359,0.181641,0.185547,0.049885,902400
1983-12-09,0.000000,0.193359,0.179688,0.193359,0.051985,1228800
1983-12-12,0.000000,0.195313,0.191406,0.193359,0.051985,416000
1983-12-13,0.000000,0.193359,0.189453,0.191406,0.051460,518400
1983-12-14,0.000000,0.189453,0.181641,0.183594,0.049360,396800
1983-12-15,0.000000,0.187500,0.181641,0.185547,0.049885,230400
1983-12-16,0.000000,0.189453,0.185547,0.189453,0.050935,204800
1983-12-19,0.000000,0.189453,0.179688,0.179688,0.048309,416000
1983-12-20,0.000000,0.181641,0.164063,0.166016,0.044634,742400
1983-12-21,0.000000,0.169922,0.166016,0.167969,0.045159,390400
1983-12-22,0.000000,0.171875,0.166016,0.171875,0.046209,211200
1983-12-23,0.000000,0.171875,0.166016,0.166016,0.044634,128000
1983-12-27,0.000000,0.166016,0.166016,0.166016,0.044634,288000
1983-12-28,0.000000,0.169922,0.162109,0.162109,0.043583,307200
1983-12-29,0.000000,0.173828,0.162109,0.169922,0.045684,1158400
1983-12-30,0.000000,0.169922,0.169922,0.169922,0.045684,96000
1984-01-03,0.000000,0.171875,0.166016,0.166016,0.044634,160000
1984-01-04,0.000000,0.171875,0.164063,0.171875,0.046209,313600
1984-01-05,0.000000,0.171875,0.169922,0.171875,0.046209,332800
1984-01-06,0.000000,0.171875,0.164063,0.167969,0.045159,448000
1984-01-09,0.000000,0.177734,0.169922,0.175781,0.047259,480000
1984-01-10,0.000000,0.179688,0.173828,0.179688,0.048309,499200
1984-01-11,0.000000,0.203125,0.183594,0.195313,0.052510,1971200
1984-01-12,0.000000,0.205078,0.193359,0.205078,0.055136,1664000
1984-01-13,0.000000,0.208984,0.197266,0.203125,0.054610,1536000
1984-01-16,0.000000,0.203125,0.183594,0.185547,0.049885,4531200
1984-01-17,0.000000,0.195313,0.183594,0.191406,0.051460,1632000
1984-01-18,0.000000,0.191406,0.183594,0.183594,0.049360,3840000
1984-01-19,0.000000,0.187500,0.183594,0.187500,0.050410,416000
1984-01-20,0.000000,0.189453,0.185547,0.185547,0.049885,320000
1984-01-23,0.000000,0.187500,0.181641,0.181641,0.048834,256000
1984-01-24,0.000000,0.177734,0.173828,0.177734,0.047784,300800
1984-01-25,0.000000,0.183594,0.175781,0.179688,0.048309,371200
1984-01-26,0.000000,0.181641,0.175781,0.175781,0.047259,300800
1984-01-27,0.000000,0.179688,0.175781,0.177734,0.047784,76800
1984-01-30,0.000000,0.191406,0.179688,0.191406,0.051460,1548800
1984-01-31,0.000000,0.191406,0.183594,0.183594,0.049360,563200
1984-02-01,0.000000,0.183594,0.179688,0.181641,0.048834,435200
1984-02-02,0.000000,0.189453,0.181641,0.189453,0.050935,192000
1984-02-03,0.000000,0.187500,0.183594,0.185547,0.049885,940800
1984-02-06,0.000000,0.189453,0.187500,0.187500,0.050410,672000
1984-02-07,0.000000,0.187500,0.181641,0.187500,0.050410,768000
1984-02-08,0.000000,0.183594,0.181641,0.181641,0.048834,128000
1984-02-09,0.000000,0.183594,0.181641,0.181641,0.048834,262400
1984-02-10,0.000000,0.185547,0.179688,0.185547,0.049885,300800
1984-02-13,0.000000,0.185547,0.181641,0.181641,0.048834,320000
1984-02-14,0.000000,0.193359,0.185547,0.189453,0.050935,1043200
1984-02-15,0.000000,0.195313,0.187500,0.187500,0.050410,1337600
1984-02-16,0.000000,0.191406,0.187500,0.187500,0.050410,691200
1984-02-17,0.000000,0.187500,0.181641,0.185547,0.049885,921600
1984-02-21,0.000000,0.185547,0.181641,0.183594,0.049360,1376000
1984-02-22,0.000000,0.187500,0.185547,0.185547,0.049885,672000
1984-02-23,0.000000,0.187500,0.181641,0.181641,0.048834,1004800
1984-02-24,0.000000,0.189453,0.183594,0.189453,0.050935,844800
1984-02-27,0.000000,0.197266,0.185547,0.189453,0.050935,3648000
1984-02-28,0.000000,0.199219,0.193359,0.197266,0.053035,1408000
1984-02-29,0.000000,0.203125,0.195313,0.199219,0.053560,1043200
1984-03-01,0.000000,0.201172,0.197266,0.197266,0.053035,454400
1984-03-02,0.000000,0.199219,0.191406,0.195313,0.052510,1318400
1984-03-05,0.000000,0.195313,0.193359,0.193359,0.051985,345600
1984-03-06,0.000000,0.199219,0.195313,0.195313,0.052510,684800
1984-03-07,0.000000,0.197266,0.193359,0.193359,0.051985,838400
1984-03-08,0.000000,0.195313,0.175781,0.179688,0.048309,1600000
1984-03-09,0.000000,0.181641,0.175781,0.179688,0.048309,723200
1984-03-12,0.000000,0.181641,0.177734,0.179688,0.048309,416000
1984-03-13,0.000000,0.183594,0.179688,0.183594,0.049360,172800
1984-03-14,0.000000,0.183594,0.177734,0.179688,0.048309,224000
1984-03-15,0.000000,0.183594,0.177734,0.181641,0.048834,428800
1984-03-16,0.000000,0.183594,0.179688,0.179688,0.048309,339200
1984-03-19,0.000000,0.179688,0.175781,0.179688,0.048309,390400
1984-03-20,0.000000,0.179688,0.173828,0.173828,0.046734,288000
1984-03-21,0.000000,0.171875,0.171875,0.171875,0.046209,89600
1984-03-22,0.000000,0.173828,0.169922,0.171875,0.046209,320000
1984-03-23,0.000000,0.169922,0.166016,0.169922,0.045684,524800
1984-03-26,0.000000,0.177734,0.169922,0.177734,0.047784,256000
1984-03-27,0.000000,0.179688,0.173828,0.177734,0.047784,371200
1984-03-28,0.000000,0.175781,0.171875,0.175781,0.047259,761600
1984-03-29,0.000000,0.175781,0.173828,0.175781,0.047259,262400
1984-03-30,0.000000,0.177734,0.175781,0.175781,0.047259,307200
1984-04-02,0.000000,0.191406,0.183594,0.185547,0.049885,1689600
1984-04-03,0.000000,0.187500,0.185547,0.185547,0.049885,460800
1984-04-04,0.000000,0.187500,0.185547,0.187500,0.050410,307200
1984-04-05,0.000000,0.189453,0.185547,0.187500,0.050410,288000
1984-04-06,0.000000,0.189453,0.185547,0.189453,0.050935,416000
1984-04-09,0.000000,0.191406,0.183594,0.183594,0.049360,614400
1984-04-10,0.000000,0.185547,0.185547,0.185547,0.049885,172800
1984-04-11,0.000000,0.189453,0.183594,0.183594,0.049360,179200
1984-04-12,0.000000,0.187500,0.185547,0.187500,0.050410,1414400
1984-04-13,0.000000,0.187500,0.185547,0.187500,0.050410,326400
1984-04-16,0.000000,0.185547,0.181641,0.185547,0.049885,281600
1984-04-17,0.000000,0.181641,0.179688,0.179688,0.048309,160000
1984-04-18,0.000000,0.185547,0.181641,0.185547,0.049885,377600
1984-04-19,0.000000,0.187500,0.185547,0.185547,0.049885,428800
1984-04-23,0.000000,0.183594,0.183594,0.183594,0.049360,38400
1984-04-24,0.000000,0.185547,0.183594,0.185547,0.049885,531200
1984-04-25,0.000000,0.189453,0.185547,0.189453,0.050935,652800
1984-04-26,0.000000,0.185547,0.181641,0.183594,0.049360,729600
1984-04-27,0.000000,0.183594,0.181641,0.183594,0.049360,256000
1984-04-30,0.000000,0.187500,0.183594,0.187500,0.050410,134400
1984-05-01,0.000000,0.189453,0.187500,0.187500,0.050410,204800
1984-05-02,0.000000,0.185547,0.183594,0.183594,0.049360,883200
1984-05-03,0.000000,0.187500,0.183594,0.187500,0.050410,153600
1984-05-04,0.000000,0.205078,0.195313,0.201172,0.054085,1926400
1984-05-07,0.000000,0.207031,0.195313,0.207031,0.055661,2515200
1984-05-08,0.000000,0.205078,0.201172,0.203125,0.054610,1952000
1984-05-09,0.000000,0.203125,0.201172,0.203125,0.054610,217600
1984-05-10,0.000000,0.203125,0.199219,0.199219,0.053560,281600
1984-05-11,0.000000,0.201172,0.197266,0.197266,0.053035,627200
1984-05-14,0.000000,0.199219,0.195313,0.197266,0.053035,115200
1984-05-15,0.000000,0.203125,0.199219,0.203125,0.054610,940800
1984-05-16,0.000000,0.201172,0.197266,0.197266,0.053035,377600
1984-05-17,0.000000,0.197266,0.191406,0.191406,0.051460,518400
1984-05-18,0.000000,0.199219,0.195313,0.195313,0.052510,384000
1984-05-21,0.000000,0.197266,0.193359,0.195313,0.052510,390400
1984-05-22,0.000000,0.197266,0.189453,0.189453,0.050935,217600
1984-05-23,0.000000,0.189453,0.187500,0.187500,0.050410,256000
1984-05-24,0.000000,0.185547,0.179688,0.179688,0.048309,288000
1984-05-25,0.000000,0.185547,0.181641,0.185547,0.049885,531200
1984-05-29,0.000000,0.183594,0.179688,0.179688,0.048309,396800
1984-05-30,0.000000,0.185547,0.179688,0.185547,0.049885,524800
1984-05-31,0.000000,0.185547,0.183594,0.185547,0.049885,19200
1984-06-01,0.000000,0.185547,0.183594,0.185547,0.049885,57600
1984-06-04,0.000000,0.189453,0.187500,0.189453,0.050935,153600
1984-06-05,0.000000,0.189453,0.185547,0.185547,0.049885,307200
1984-06-06,0.000000,0.185547,0.185547,0.185547,0.049885,6400
1984-06-07,0.000000,0.185547,0.183594,0.185547,0.049885,25600
1984-06-08,0.000000,0.185547,0.183594,0.185547,0.049885,108800
1984-06-11,0.000000,0.189453,0.185547,0.185547,0.049885,358400
1984-06-12,0.000000,0.185547,0.183594,0.185547,0.049885,96000
1984-06-13,0.000000,0.185547,0.183594,0.183594,0.049360,268800
1984-06-14,0.000000,0.183594,0.183594,0.183594,0.049360,32000
1984-06-15,0.000000,0.181641,0.179688,0.179688,0.048309,332800
1984-06-18,0.000000,0.185547,0.179688,0.185547,0.049885,422400
1984-06-19,0.000000,0.185547,0.181641,0.185547,0.049885,166400
1984-06-20,0.000000,0.185547,0.181641,0.183594,0.049360,364800
1984-06-21,0.000000,0.181641,0.177734,0.179688,0.048309,640000
1984-06-22,0.000000,0.177734,0.173828,0.177734,0.047784,723200
1984-06-25,0.000000,0.179688,0.175781,0.179688,0.048309,544000
1984-06-26,0.000000,0.181641,0.179688,0.181641,0.048834,492800
1984-06-27,0.000000,0.181641,0.179688,0.179688,0.048309,294400
1984-06-28,0.000000,0.181641,0.179688,0.181641,0.048834,384000
1984-06-29,0.000000,0.181641,0.179688,0.179688,0.048309,396800
1984-07-02,0.000000,0.181641,0.179688,0.181641,0.048834,243200
1984-07-03,0.000000,0.181641,0.177734,0.177734,0.047784,294400
1984-07-05,0.000000,0.181641,0.179688,0.179688,0.048309,307200
1984-07-06,0.000000,0.181641,0.177734,0.177734,0.047784,115200
1984-07-09,0.000000,0.177734,0.173828,0.175781,0.047259,256000
1984-07-10,0.000000,0.175781,0.171875,0.175781,0.047259,608000
1984-07-11,0.000000,0.173828,0.171875,0.171875,0.046209,147200
1984-07-12,0.000000,0.175781,0.169922,0.175781,0.047259,1017600
1984-07-13,0.000000,0.173828,0.171875,0.173828,0.046734,153600
1984-07-16,0.000000,0.179688,0.167969,0.179688,0.048309,1408000
1984-07-17,0.000000,0.177734,0.173828,0.175781,0.047259,345600
1984-07-18,0.000000,0.173828,0.167969,0.173828,0.046734,1030400
1984-07-19,0.000000,0.171875,0.166016,0.167969,0.045159,326400
1984-07-20,0.000000,0.164063,0.164063,0.164063,0.044109,32000
1984-07-23,0.000000,0.167969,0.158203,0.158203,0.042533,480000
1984-07-24,0.000000,0.154297,0.148438,0.148438,0.039908,172800
1984-07-25,0.000000,0.144531,0.144531,0.144531,0.038857,64000
1984-07-26,0.000000,0.144531,0.142578,0.144531,0.038857,38400
1984-07-27,0.000000,0.152344,0.144531,0.150391,0.040433,428800
1984-07-30,0.000000,0.150391,0.148438,0.148438,0.039908,83200
1984-07-31,0.000000,0.150391,0.148438,0.150391,0.040433,140800
1984-08-01,0.000000,0.150391,0.148438,0.150391,0.040433,588800
1984-08-02,0.000000,0.150391,0.146484,0.146484,0.039382,211200
1984-08-03,0.000000,0.148438,0.144531,0.146484,0.039382,262400
1984-08-06,0.000000,0.154297,0.144531,0.154297,0.041483,499200
1984-08-07,0.000000,0.154297,0.150391,0.152344,0.040958,729600
1984-08-08,0.000000,0.167969,0.154297,0.167969,0.045159,627200
1984-08-09,0.000000,0.173828,0.171875,0.171875,0.046209,172800
1984-08-10,0.000000,0.179688,0.173828,0.179688,0.048309,531200
1984-08-13,0.000000,0.179688,0.177734,0.177734,0.047784,576000
1984-08-14,0.000000,0.177734,0.173828,0.173828,0.046734,697600
1984-08-15,0.000000,0.175781,0.171875,0.175781,0.047259,326400
1984-08-16,0.000000,0.177734,0.175781,0.177734,0.047784,192000
1984-08-17,0.000000,0.177734,0.175781,0.177734,0.047784,339200
1984-08-20,0.000000,0.175781,0.171875,0.171875,0.046209,140800
1984-08-21,0.000000,0.175781,0.173828,0.173828,0.046734,76800
1984-08-22,0.000000,0.175781,0.173828,0.175781,0.047259,608000
1984-08-23,0.000000,0.175781,0.175781,0.175781,0.047259,12800
1984-08-24,0.000000,0.179688,0.173828,0.177734,0.047784,358400
1984-08-27,0.000000,0.177734,0.175781,0.175781,0.047259,70400
1984-08-28,0.000000,0.177734,0.175781,0.177734,0.047784,172800
1984-08-29,0.000000,0.175781,0.173828,0.173828,0.046734,102400
1984-08-30,0.000000,0.173828,0.171875,0.173828,0.046734,217600
1984-08-31,0.000000,0.173828,0.171875,0.171875,0.046209,211200
1984-09-04,0.000000,0.169922,0.169922,0.169922,0.045684,371200
1984-09-05,0.000000,0.169922,0.167969,0.169922,0.045684,160000
1984-09-06,0.000000,0.167969,0.148438,0.152344,0.040958,3091200
1984-09-07,0.000000,0.154297,0.152344,0.152344,0.040958,339200
1984-09-10,0.000000,0.152344,0.152344,0.152344,0.040958,185600
1984-09-11,0.000000,0.152344,0.150391,0.152344,0.040958,275200
1984-09-12,0.000000,0.154297,0.152344,0.152344,0.040958,268800
1984-09-13,0.000000,0.152344,0.150391,0.150391,0.040433,345600
1984-09-14,0.000000,0.160156,0.152344,0.156250,0.042008,1382400
1984-09-17,0.000000,0.158203,0.154297,0.156250,0.042008,230400
1984-09-18,0.000000,0.154297,0.154297,0.154297,0.041483,25600
1984-09-19,0.000000,0.152344,0.152344,0.152344,0.040958,32000
1984-09-20,0.000000,0.156250,0.152344,0.156250,0.042008,121600
1984-09-21,0.000000,0.160156,0.156250,0.158203,0.042533,185600
1984-09-24,0.000000,0.162109,0.158203,0.162109,0.043583,89600
1984-09-25,0.000000,0.162109,0.158203,0.162109,0.043583,57600
1984-09-26,0.000000,0.160156,0.158203,0.158203,0.042533,38400
1984-09-27,0.000000,0.160156,0.156250,0.160156,0.043058,230400
1984-09-28,0.000000,0.158203,0.156250,0.158203,0.042533,172800
1984-10-01,0.000000,0.156250,0.156250,0.156250,0.042008,6400
1984-10-02,0.000000,0.154297,0.154297,0.154297,0.041483,96000
1984-10-03,0.000000,0.154297,0.154297,0.154297,0.041483,96000
1984-10-04,0.000000,0.156250,0.154297,0.154297,0.041483,108800
1984-10-05,0.000000,0.156250,0.154297,0.156250,0.042008,32000
1984-10-08,0.000000,0.154297,0.154297,0.154297,0.041483,76800
1984-10-09,0.000000,0.154297,0.154297,0.154297,0.041483,198400
1984-10-10,0.000000,0.156250,0.154297,0.156250,0.042008,25600
1984-10-11,0.000000,0.156250,0.154297,0.156250,0.042008,25600
1984-10-12,0.000000,0.154297,0.154297,0.154297,0.041483,76800
1984-10-15,0.000000,0.156250,0.154297,0.156250,0.042008,128000
1984-10-16,0.000000,0.154297,0.152344,0.154297,0.041483,83200
1984-10-17,0.000000,0.152344,0.152344,0.152344,0.040958,25600
1984-10-18,0.000000,0.152344,0.146484,0.146484,0.039382,224000
1984-10-19,0.000000,0.146484,0.144531,0.144531,0.038857,121600
1984-10-22,0.000000,0.144531,0.138672,0.140625,0.037807,262400
1984-10-23,0.000000,0.140625,0.138672,0.140625,0.037807,121600
1984-10-24,0.000000,0.140625,0.136719,0.140625,0.037807,115200
1984-10-25,0.000000,0.140625,0.138672,0.140625,0.037807,38400
1984-10-26,0.000000,0.140625,0.138672,0.140625,0.037807,44800
1984-10-29,0.000000,0.138672,0.138672,0.138672,0.037282,38400
1984-10-30,0.000000,0.136719,0.136719,0.136719,0.036757,12800
1984-10-31,0.000000,0.136719,0.134766,0.136719,0.036757,12800
1984-11-01,0.000000,0.134766,0.134766,0.134766,0.036232,51200
1984-11-02,0.000000,0.134766,0.132813,0.134766,0.036232,179200
1984-11-05,0.000000,0.134766,0.132813,0.134766,0.036232,57600
1984-11-06,0.000000,0.136719,0.132813,0.136719,0.036757,76800
1984-11-07,0.000000,0.136719,0.134766,0.136719,0.036757,140800
1984-11-08,0.000000,0.134766,0.132813,0.134766,0.036232,115200
1984-11-09,0.000000,0.134766,0.130859,0.130859,0.035182,89600
1984-11-12,0.000000,0.130859,0.128906,0.130859,0.035182,134400
1984-11-13,0.000000,0.130859,0.128906,0.130859,0.035182,12800
1984-11-14,0.000000,0.130859,0.128906,0.130859,0.035182,89600
1984-11-15,0.000000,0.128906,0.125000,0.126953,0.034132,89600
1984-11-16,0.000000,0.125000,0.117188,0.117188,0.031506,288000
1984-11-19,0.000000,0.113281,0.101563,0.109375,0.029406,908800
1984-11-20,0.000000,0.111328,0.107422,0.111328,0.029931,499200
1984-11-21,0.000000,0.115234,0.109375,0.115234,0.030981,736000
1984-11-23,0.000000,0.117188,0.115234,0.117188,0.031506,70400
1984-11-26,0.000000,0.119141,0.109375,0.119141,0.032031,2041600
1984-11-27,0.000000,0.125000,0.119141,0.125000,0.033606,371200
1984-11-28,0.000000,0.132813,0.125000,0.132813,0.035707,1222400
1984-11-29,0.000000,0.134766,0.132813,0.134766,0.036232,307200
1984-11-30,0.000000,0.136719,0.134766,0.134766,0.036232,160000
1984-12-03,0.000000,0.130859,0.128906,0.128906,0.034657,217600
1984-12-04,0.000000,0.130859,0.130859,0.130859,0.035182,32000
1984-12-05,0.000000,0.134766,0.130859,0.130859,0.035182,268800
1984-12-06,0.000000,0.128906,0.126953,0.128906,0.034657,160000
1984-12-07,0.000000,0.126953,0.123047,0.126953,0.034132,166400
1984-12-10,0.000000,0.128906,0.125000,0.126953,0.034132,96000
1984-12-11,0.000000,0.125000,0.123047,0.123047,0.033081,38400
1984-12-12,0.000000,0.123047,0.121094,0.123047,0.033081,134400
1984-12-13,0.000000,0.119141,0.115234,0.117188,0.031506,921600
1984-12-14,0.000000,0.117188,0.113281,0.115234,0.030981,153600
1984-12-17,0.000000,0.113281,0.113281,0.113281,0.030456,179200
1984-12-18,0.000000,0.117188,0.113281,0.117188,0.031506,787200
1984-12-19,0.000000,0.125000,0.117188,0.125000,0.033606,1369600
1984-12-20,0.000000,0.130859,0.123047,0.130859,0.035182,960000
1984-12-21,0.000000,0.132813,0.126953,0.126953,0.034132,345600
1984-12-24,0.000000,0.125000,0.121094,0.121094,0.032556,115200
1984-12-26,0.000000,0.123047,0.121094,0.121094,0.032556,166400
1984-12-27,0.000000,0.121094,0.119141,0.121094,0.032556,217600
1984-12-28,0.000000,0.123047,0.119141,0.123047,0.033081,185600
1984-12-31,0.000000,0.125000,0.115234,0.125000,0.033606,665600
1985-01-02,0.000000,0.125000,0.123047,0.125000,0.033606,102400
1985-01-03,0.000000,0.123047,0.123047,0.123047,0.033081,44800
1985-01-04,0.000000,0.123047,0.121094,0.123047,0.033081,230400
1985-01-07,0.000000,0.121094,0.117188,0.121094,0.032556,838400
1985-01-08,0.000000,0.123047,0.121094,0.121094,0.032556,236800
1985-01-09,0.000000,0.125000,0.123047,0.125000,0.033606,1088000
1985-01-10,0.000000,0.136719,0.126953,0.136719,0.036757,172800
1985-01-11,0.000000,0.136719,0.134766,0.136719,0.036757,512000
1985-01-14,0.000000,0.138672,0.132813,0.136719,0.036757,428800
1985-01-15,0.000000,0.136719,0.132813,0.132813,0.035707,198400
1985-01-16,0.000000,0.132813,0.128906,0.130859,0.035182,172800
1985-01-17,0.000000,0.128906,0.126953,0.126953,0.034132,57600
1985-01-18,0.000000,0.126953,0.125000,0.125000,0.033606,76800
1985-01-21,0.000000,0.130859,0.126953,0.126953,0.034132,185600
1985-01-22,0.000000,0.126953,0.125000,0.125000,0.033606,115200
1985-01-23,0.000000,0.121094,0.121094,0.121094,0.032556,57600
1985-01-24,0.000000,0.121094,0.121094,0.121094,0.032556,6400
1985-01-25,0.000000,0.119141,0.119141,0.119141,0.032031,32000
1985-01-28,0.000000,0.121094,0.119141,0.121094,0.032556,64000
1985-01-29,0.000000,0.123047,0.121094,0.123047,0.033081,89600
1985-01-30,0.000000,0.123047,0.119141,0.121094,0.032556,134400
1985-01-31,0.000000,0.121094,0.119141,0.119141,0.032031,51200
1985-02-01,0.000000,0.117188,0.117188,0.117188,0.031506,64000
1985-02-04,0.000000,0.119141,0.117188,0.119141,0.032031,19200
1985-02-05,0.000000,0.123047,0.121094,0.123047,0.033081,70400
1985-02-06,0.000000,0.121094,0.119141,0.119141,0.032031,64000
1985-02-07,0.000000,0.121094,0.117188,0.117188,0.031506,422400
1985-02-08,0.000000,0.125000,0.119141,0.119141,0.032031,569600
1985-02-11,0.000000,0.119141,0.119141,0.119141,0.032031,140800
1985-02-12,0.000000,0.119141,0.117188,0.117188,0.031506,38400
1985-02-13,0.000000,0.121094,0.117188,0.119141,0.032031,147200
1985-02-14,0.000000,0.119141,0.117188,0.117188,0.031506,57600
1985-02-15,0.000000,0.117188,0.117188,0.117188,0.031506,128000
1985-02-19,0.000000,0.119141,0.117188,0.117188,0.031506,192000
1985-02-20,0.000000,0.125000,0.119141,0.123047,0.033081,384000
1985-02-21,0.000000,0.121094,0.121094,0.121094,0.032556,57600
1985-02-22,0.000000,0.125000,0.123047,0.123047,0.033081,665600
1985-02-25,0.000000,0.126953,0.121094,0.126953,0.034132,288000
1985-02-26,0.000000,0.125000,0.123047,0.123047,0.033081,576000
1985-02-27,0.000000,0.121094,0.121094,0.121094,0.032556,268800
1985-02-28,0.000000,0.126953,0.123047,0.126953,0.034132,883200
1985-03-01,0.000000,0.126953,0.125000,0.125000,0.033606,96000
1985-03-04,0.000000,0.132813,0.125000,0.132813,0.035707,416000
1985-03-05,0.000000,0.146484,0.134766,0.146484,0.039382,672000
1985-03-06,0.000000,0.148438,0.144531,0.144531,0.038857,192000
1985-03-07,0.000000,0.152344,0.144531,0.152344,0.040958,1113600
1985-03-08,0.000000,0.152344,0.150391,0.152344,0.040958,646400
1985-03-11,0.000000,0.154297,0.152344,0.152344,0.040958,179200
1985-03-12,0.000000,0.152344,0.152344,0.152344,0.040958,569600
1985-03-13,0.000000,0.152344,0.150391,0.150391,0.040433,473600
1985-03-14,0.000000,0.154297,0.150391,0.152344,0.040958,563200
1985-03-15,0.000000,0.154297,0.152344,0.152344,0.040958,83200
1985-03-18,0.000000,0.152344,0.152344,0.152344,0.040958,198400
1985-03-19,0.000000,0.164063,0.152344,0.164063,0.044109,300800
1985-03-20,0.000000,0.162109,0.160156,0.160156,0.043058,172800
1985-03-21,0.000000,0.160156,0.158203,0.160156,0.043058,256000
1985-03-22,0.000000,0.162109,0.160156,0.162109,0.043583,179200
1985-03-25,0.000000,0.162109,0.160156,0.162109,0.043583,102400
1985-03-26,0.000000,0.160156,0.160156,0.160156,0.043058,19200
1985-03-27,0.000000,0.160156,0.160156,0.160156,0.043058,249600
1985-03-28,0.000000,0.160156,0.158203,0.160156,0.043058,179200
1985-03-29,0.000000,0.177734,0.162109,0.177734,0.047784,633600
1985-04-01,0.000000,0.179688,0.175781,0.179688,0.048309,672000
1985-04-02,0.000000,0.203125,0.177734,0.203125,0.054610,1638400
1985-04-03,0.000000,0.203125,0.183594,0.191406,0.051460,1241600
1985-04-04,0.000000,0.189453,0.185547,0.189453,0.050935,409600
1985-04-08,0.000000,0.189453,0.187500,0.187500,0.050410,422400
1985-04-09,0.000000,0.193359,0.191406,0.193359,0.051985,435200
1985-04-10,0.000000,0.195313,0.193359,0.195313,0.052510,96000
1985-04-11,0.000000,0.195313,0.193359,0.193359,0.051985,550400
1985-04-12,0.000000,0.189453,0.187500,0.189453,0.050935,294400
1985-04-15,0.000000,0.187500,0.187500,0.187500,0.050410,19200
1985-04-16,0.000000,0.187500,0.185547,0.187500,0.050410,102400
1985-04-17,0.000000,0.187500,0.183594,0.183594,0.049360,256000
1985-04-18,0.000000,0.185547,0.179688,0.179688,0.048309,224000
1985-04-19,0.000000,0.185547,0.179688,0.185547,0.049885,403200
1985-04-22,0.000000,0.183594,0.183594,0.183594,0.049360,19200
1985-04-23,0.000000,0.181641,0.181641,0.181641,0.048834,19200
1985-04-24,0.000000,0.177734,0.175781,0.175781,0.047259,70400
1985-04-25,0.000000,0.171875,0.171875,0.171875,0.046209,115200
1985-04-26,0.000000,0.171875,0.171875,0.171875,0.046209,44800
1985-04-29,0.171875,0.171875,0.171875,0.171875,0.046209,0
1985-04-30,0.000000,0.169922,0.169922,0.169922,0.045684,12800
1985-05-01,0.000000,0.169922,0.167969,0.169922,0.045684,25600
1985-05-02,0.000000,0.167969,0.167969,0.167969,0.045159,25600
1985-05-03,0.167969,0.167969,0.167969,0.167969,0.045159,0
1985-05-06,0.000000,0.167969,0.166016,0.166016,0.044634,51200
1985-05-07,0.000000,0.166016,0.164063,0.164063,0.044109,102400
1985-05-08,0.000000,0.166016,0.164063,0.166016,0.044634,108800
1985-05-09,0.000000,0.164063,0.164063,0.164063,0.044109,6400
1985-05-10,0.000000,0.164063,0.164063,0.164063,0.044109,19200
1985-05-13,0.000000,0.164063,0.164063,0.164063,0.044109,12800
1985-05-14,0.000000,0.164063,0.162109,0.162109,0.043583,38400
1985-05-15,0.000000,0.167969,0.164063,0.167969,0.045159,134400
1985-05-16,0.000000,0.171875,0.169922,0.171875,0.046209,492800
1985-05-17,0.000000,0.177734,0.171875,0.177734,0.047784,140800
1985-05-20,0.000000,0.179688,0.177734,0.179688,0.048309,38400
1985-05-21,0.000000,0.181641,0.177734,0.181641,0.048834,249600
1985-05-22,0.000000,0.181641,0.181641,0.181641,0.048834,51200
1985-05-23,0.000000,0.193359,0.183594,0.191406,0.051460,486400
1985-05-24,0.000000,0.189453,0.185547,0.187500,0.050410,76800
1985-05-28,0.000000,0.187500,0.187500,0.187500,0.050410,51200
1985-05-29,0.000000,0.187500,0.181641,0.181641,0.048834,300800
1985-05-30,0.000000,0.185547,0.179688,0.183594,0.049360,166400
1985-05-31,0.000000,0.185547,0.185547,0.185547,0.049885,128000
1985-06-03,0.000000,0.187500,0.185547,0.187500,0.050410,121600
1985-06-04,0.000000,0.187500,0.183594,0.183594,0.049360,492800
1985-06-05,0.000000,0.183594,0.183594,0.183594,0.049360,89600
1985-06-06,0.000000,0.181641,0.181641,0.181641,0.048834,70400
1985-06-07,0.000000,0.189453,0.181641,0.187500,0.050410,364800
1985-06-10,0.000000,0.187500,0.185547,0.185547,0.049885,32000
1985-06-11,0.000000,0.199219,0.185547,0.199219,0.053560,582400
1985-06-12,0.000000,0.205078,0.197266,0.205078,0.055136,1401600
1985-06-13,0.000000,0.210938,0.207031,0.207031,0.055661,268800
1985-06-14,0.000000,0.205078,0.201172,0.205078,0.055136,243200
1985-06-17,0.000000,0.203125,0.201172,0.203125,0.054610,512000
1985-06-18,0.000000,0.203125,0.203125,0.203125,0.054610,1011200
1985-06-19,0.000000,0.207031,0.203125,0.207031,0.055661,128000
1985-06-20,0.000000,0.220703,0.207031,0.210938,0.056711,1030400
1985-06-21,0.000000,0.216797,0.210938,0.212891,0.057236,384000
1985-06-24,0.000000,0.210938,0.210938,0.210938,0.056711,76800
1985-06-25,0.000000,0.228516,0.210938,0.226563,0.060912,793600
1985-06-26,0.000000,0.232422,0.226563,0.226563,0.060912,300800
1985-06-27,0.000000,0.230469,0.226563,0.228516,0.061437,403200
1985-06-28,0.000000,0.230469,0.220703,0.224609,0.060386,1088000
1985-07-01,0.000000,0.232422,0.226563,0.230469,0.061962,640000
1985-07-02,0.000000,0.232422,0.230469,0.230469,0.061962,211200
1985-07-03,0.000000,0.230469,0.230469,0.230469,0.061962,204800
1985-07-05,0.000000,0.230469,0.228516,0.230469,0.061962,441600
1985-07-08,0.000000,0.230469,0.228516,0.228516,0.061437,147200
1985-07-09,0.000000,0.230469,0.226563,0.226563,0.060912,115200
1985-07-10,0.000000,0.234375,0.230469,0.234375,0.063012,576000
1985-07-11,0.000000,0.242188,0.238281,0.238281,0.064062,576000
1985-07-12,0.000000,0.244141,0.240234,0.242188,0.065113,160000
1985-07-15,0.000000,0.242188,0.238281,0.240234,0.064587,121600
1985-07-16,0.000000,0.248047,0.240234,0.248047,0.066688,659200
1985-07-17,0.000000,0.246094,0.244141,0.244141,0.065638,224000
1985-07-18,0.000000,0.246094,0.242188,0.246094,0.066163,217600
1985-07-19,0.000000,0.248047,0.242188,0.248047,0.066688,377600
1985-07-22,0.000000,0.248047,0.246094,0.248047,0.066688,192000
1985-07-23,0.000000,0.246094,0.244141,0.244141,0.065638,32000
1985-07-24,0.000000,0.244141,0.244141,0.244141,0.065638,128000
1985-07-25,0.000000,0.242188,0.240234,0.242188,0.065113,172800
1985-07-26,0.000000,0.238281,0.236328,0.236328,0.063537,352000
1985-07-29,0.000000,0.236328,0.232422,0.232422,0.062487,76800
1985-07-30,0.000000,0.232422,0.228516,0.232422,0.062487,256000
1985-07-31,0.000000,0.234375,0.232422,0.232422,0.062487,153600
1985-08-01,0.000000,0.234375,0.230469,0.234375,0.063012,531200
1985-08-02,0.000000,0.230469,0.224609,0.224609,0.060386,659200
1985-08-05,0.000000,0.222656,0.222656,0.222656,0.059861,32000
1985-08-06,0.000000,0.224609,0.222656,0.224609,0.060386,128000
1985-08-07,0.000000,0.222656,0.222656,0.222656,0.059861,64000
1985-08-08,0.000000,0.224609,0.222656,0.224609,0.060386,275200
1985-08-09,0.000000,0.222656,0.222656,0.222656,0.059861,89600
1985-08-12,0.000000,0.222656,0.222656,0.222656,0.059861,128000
1985-08-13,0.000000,0.224609,0.222656,0.222656,0.059861,147200
1985-08-14,0.000000,0.224609,0.222656,0.224609,0.060386,377600
1985-08-15,0.000000,0.224609,0.220703,0.220703,0.059336,320000
1985-08-16,0.000000,0.220703,0.220703,0.220703,0.059336,364800
1985-08-19,0.220703,0.220703,0.220703,0.220703,0.059336,0
1985-08-20,0.000000,0.222656,0.220703,0.222656,0.059861,147200
1985-08-21,0.000000,0.220703,0.220703,0.220703,0.059336,32000
1985-08-22,0.000000,0.220703,0.218750,0.218750,0.058811,115200
1985-08-23,0.000000,0.220703,0.218750,0.218750,0.058811,57600
1985-08-26,0.000000,0.216797,0.216797,0.216797,0.058286,262400
1985-08-27,0.000000,0.218750,0.218750,0.218750,0.058811,44800
1985-08-28,0.000000,0.228516,0.220703,0.228516,0.061437,224000
1985-08-29,0.000000,0.234375,0.226563,0.234375,0.063012,384000
1985-08-30,0.000000,0.250000,0.240234,0.250000,0.067213,473600
1985-09-03,0.000000,0.246094,0.246094,0.246094,0.066163,166400
1985-09-04,0.000000,0.250000,0.244141,0.250000,0.067213,441600
1985-09-05,0.000000,0.248047,0.244141,0.246094,0.066163,83200
1985-09-06,0.000000,0.246094,0.242188,0.242188,0.065113,89600
1985-09-09,0.000000,0.242188,0.240234,0.240234,0.064587,57600
1985-09-10,0.000000,0.238281,0.236328,0.236328,0.063537,44800
1985-09-11,0.000000,0.234375,0.228516,0.228516,0.061437,128000
1985-09-12,0.000000,0.226563,0.222656,0.226563,0.060912,262400
1985-09-13,0.000000,0.226563,0.224609,0.224609,0.060386,467200
1985-09-16,0.000000,0.250000,0.248047,0.250000,0.067213,256000
1985-09-17,0.000000,0.261719,0.250000,0.257813,0.069313,1107200
1985-09-18,0.000000,0.265625,0.257813,0.265625,0.071414,1068800
1985-09-19,0.000000,0.277344,0.265625,0.277344,0.074564,2214400
1985-09-20,0.000000,0.279297,0.275391,0.275391,0.074039,384000
1985-09-23,0.000000,0.277344,0.275391,0.275391,0.074039,320000
1985-09-24,0.000000,0.275391,0.273438,0.273438,0.073514,601600
1985-09-25,0.000000,0.277344,0.273438,0.275391,0.074039,531200
1985-09-26,0.000000,0.283203,0.277344,0.281250,0.075614,1088000
1985-09-30,0.000000,0.283203,0.281250,0.281250,0.075614,1427200
1985-10-01,0.000000,0.283203,0.281250,0.283203,0.076140,166400
1985-10-02,0.000000,0.294922,0.283203,0.294922,0.079290,774400
1985-10-03,0.000000,0.292969,0.292969,0.292969,0.078765,96000
1985-10-04,0.000000,0.294922,0.291016,0.291016,0.078240,160000
1985-10-07,0.000000,0.292969,0.291016,0.291016,0.078240,1107200
1985-10-08,0.000000,0.291016,0.291016,0.291016,0.078240,217600
1985-10-09,0.000000,0.289063,0.289063,0.289063,0.077715,96000
1985-10-10,0.000000,0.289063,0.289063,0.289063,0.077715,236800
1985-10-11,0.000000,0.289063,0.281250,0.281250,0.075614,121600
1985-10-14,0.000000,0.281250,0.275391,0.281250,0.075614,499200
1985-10-15,0.000000,0.285156,0.281250,0.285156,0.076665,486400
1985-10-16,0.000000,0.285156,0.283203,0.283203,0.076140,371200
1985-10-17,0.000000,0.283203,0.279297,0.281250,0.075614,633600
1985-10-18,0.000000,0.283203,0.281250,0.281250,0.075614,153600
1985-10-21,0.000000,0.283203,0.283203,0.283203,0.076140,12800
1985-10-22,0.000000,0.285156,0.283203,0.283203,0.076140,102400
1985-10-23,0.000000,0.289063,0.285156,0.287109,0.077190,646400
1985-10-24,0.000000,0.287109,0.287109,0.287109,0.077190,12800
1985-10-25,0.000000,0.289063,0.285156,0.287109,0.077190,115200
1985-10-28,0.000000,0.289063,0.289063,0.289063,0.077715,57600
1985-10-29,0.000000,0.289063,0.287109,0.287109,0.077190,57600
1985-10-30,0.000000,0.291016,0.287109,0.291016,0.078240,147200
1985-10-31,0.000000,0.291016,0.289063,0.291016,0.078240,89600
1985-11-01,0.000000,0.291016,0.291016,0.291016,0.078240,44800
1985-11-04,0.000000,0.291016,0.287109,0.289063,0.077715,211200
1985-11-05,0.000000,0.289063,0.285156,0.285156,0.076665,2406400
1985-11-06,0.000000,0.285156,0.283203,0.285156,0.076665,172800
1985-11-07,0.000000,0.285156,0.283203,0.283203,0.076140,915200
1985-11-08,0.000000,0.287109,0.285156,0.287109,0.077190,249600
1985-11-11,0.000000,0.287109,0.283203,0.283203,0.076140,377600
1985-11-12,0.000000,0.285156,0.283203,0.285156,0.076665,198400
1985-11-13,0.000000,0.291016,0.287109,0.291016,0.078240,499200
1985-11-14,0.000000,0.292969,0.291016,0.292969,0.078765,217600
1985-11-15,0.000000,0.294922,0.294922,0.294922,0.079290,160000
1985-11-18,0.000000,0.302734,0.296875,0.302734,0.081390,377600
1985-11-19,0.000000,0.312500,0.304688,0.312500,0.084016,582400
1985-11-20,0.000000,0.312500,0.310547,0.310547,0.083491,38400
1985-11-21,0.000000,0.314453,0.312500,0.312500,0.084016,294400
1985-11-22,0.000000,0.318359,0.308594,0.318359,0.085591,1401600
1985-11-25,0.000000,0.318359,0.316406,0.316406,0.085066,1420800
1985-11-26,0.000000,0.318359,0.314453,0.316406,0.085066,51200
1985-11-27,0.000000,0.320313,0.318359,0.320313,0.086117,211200
1985-11-29,0.000000,0.320313,0.318359,0.318359,0.085591,588800
1985-12-02,0.000000,0.318359,0.316406,0.318359,0.085591,1068800
1985-12-03,0.000000,0.320313,0.318359,0.318359,0.085591,345600
1985-12-04,0.000000,0.318359,0.310547,0.312500,0.084016,1017600
1985-12-05,0.000000,0.320313,0.310547,0.320313,0.086117,416000
1985-12-06,0.320313,0.320313,0.320313,0.320313,0.086117,0
1985-12-09,0.320313,0.320313,0.320313,0.320313,0.086117,0
1985-12-10,0.320313,0.320313,0.320313,0.320313,0.086117,0
1985-12-11,0.320313,0.320313,0.320313,0.320313,0.086117,0
1985-12-12,0.320313,0.320313,0.320313,0.320313,0.086117,0
1985-12-13,0.320313,0.320313,0.320313,0.320313,0.086117,0
1985-12-16,0.320313,0.320313,0.320313,0.320313,0.086117,0
1985-12-17,0.320313,0.320313,0.320313,0.320313,0.086117,0
1985-12-18,0.320313,0.320313,0.320313,0.320313,0.086117,0
1985-12-19,0.320313,0.320313,0.320313,0.320313,0.086117,0
1985-12-20,0.320313,0.320313,0.320313,0.320313,0.086117,0
1985-12-23,0.000000,0.343750,0.339844,0.339844,0.091368,99200
1985-12-24,0.000000,0.339844,0.339844,0.339844,0.091368,19200
1985-12-26,0.000000,0.335938,0.335938,0.335938,0.090317,60800
1985-12-27,0.000000,0.339844,0.335938,0.335938,0.090317,22400
1985-12-30,0.000000,0.335938,0.328125,0.332031,0.089267,121600
1985-12-31,0.000000,0.324219,0.320313,0.320313,0.086117,99200
1986-01-02,0.000000,0.316406,0.316406,0.316406,0.085066,12800
1986-01-03,0.000000,0.312500,0.312500,0.312500,0.084016,160000
1986-01-06,0.000000,0.312500,0.312500,0.312500,0.084016,201600
1986-01-07,0.000000,0.324219,0.312500,0.324219,0.087167,64000
1986-01-08,0.000000,0.324219,0.320313,0.320313,0.086117,64000
1986-01-09,0.000000,0.320313,0.320313,0.320313,0.086117,16000
1986-01-10,0.000000,0.324219,0.324219,0.324219,0.087167,22400
1986-01-13,0.000000,0.328125,0.316406,0.324219,0.087167,172800
1986-01-14,0.000000,0.324219,0.320313,0.324219,0.087167,35200
1986-01-15,0.000000,0.328125,0.320313,0.328125,0.088217,176000
1986-01-16,0.000000,0.371094,0.335938,0.371094,0.099769,268800
1986-01-17,0.000000,0.390625,0.367188,0.382813,0.102920,336000
1986-01-20,0.000000,0.402344,0.390625,0.398438,0.107121,579200
1986-01-21,0.000000,0.394531,0.382813,0.382813,0.102920,176000
1986-01-22,0.000000,0.378906,0.367188,0.375000,0.100819,128000
1986-01-23,0.000000,0.371094,0.359375,0.367188,0.098719,124800
1986-01-24,0.000000,0.390625,0.371094,0.390625,0.105020,182400
1986-01-27,0.000000,0.386719,0.382813,0.382813,0.102920,22400
1986-01-28,0.000000,0.375000,0.367188,0.367188,0.098719,304000
1986-01-29,0.000000,0.371094,0.367188,0.371094,0.099769,76800
1986-01-30,0.000000,0.371094,0.367188,0.371094,0.099769,60800
1986-01-31,0.000000,0.367188,0.363281,0.367188,0.098719,140800
1986-02-03,0.000000,0.363281,0.343750,0.343750,0.092418,124800
1986-02-04,0.000000,0.339844,0.328125,0.328125,0.088217,236800
1986-02-05,0.000000,0.320313,0.308594,0.308594,0.082966,739200
1986-02-06,0.000000,0.324219,0.316406,0.324219,0.087167,153600
1986-02-07,0.000000,0.332031,0.324219,0.332031,0.089267,176000
1986-02-10,0.000000,0.351563,0.332031,0.351563,0.094518,160000
1986-02-11,0.000000,0.363281,0.355469,0.363281,0.097669,128000
1986-02-12,0.000000,0.375000,0.367188,0.375000,0.100819,35200
1986-02-13,0.000000,0.371094,0.363281,0.367188,0.098719,60800
1986-02-14,0.000000,0.371094,0.363281,0.363281,0.097669,108800
1986-02-18,0.000000,0.359375,0.343750,0.343750,0.092418,278400
1986-02-19,0.000000,0.343750,0.332031,0.335938,0.090317,124800
1986-02-20,0.000000,0.335938,0.332031,0.335938,0.090317,60800
1986-02-21,0.000000,0.335938,0.335938,0.335938,0.090317,38400
1986-02-24,0.000000,0.335938,0.335938,0.335938,0.090317,44800
1986-02-25,0.000000,0.335938,0.335938,0.335938,0.090317,22400
1986-02-26,0.000000,0.343750,0.335938,0.343750,0.092418,89600
1986-02-27,0.000000,0.363281,0.347656,0.363281,0.097669,89600
1986-02-28,0.000000,0.382813,0.367188,0.382813,0.102920,131200
1986-03-03,0.000000,0.382813,0.367188,0.371094,0.099769,83200
1986-03-04,0.000000,0.382813,0.375000,0.382813,0.102920,48000
1986-03-05,0.000000,0.390625,0.386719,0.390625,0.105020,108800
1986-03-06,0.000000,0.382813,0.378906,0.378906,0.101870,54400
1986-03-07,0.000000,0.378906,0.371094,0.371094,0.099769,70400
1986-03-10,0.000000,0.378906,0.367188,0.375000,0.100819,32000
1986-03-11,0.000000,0.382813,0.378906,0.382813,0.102920,108800
1986-03-12,0.000000,0.402344,0.382813,0.402344,0.108171,320000
1986-03-13,0.000000,0.429688,0.410156,0.429688,0.115522,262400
1986-03-14,0.000000,0.441406,0.421875,0.441406,0.118673,265600
1986-03-17,0.000000,0.464844,0.449219,0.457031,0.122873,140800
1986-03-18,0.000000,0.484375,0.464844,0.484375,0.130225,195200
1986-03-19,0.000000,0.488281,0.460938,0.460938,0.123924,134400
1986-03-20,0.000000,0.457031,0.437500,0.441406,0.118673,156800
1986-03-21,0.000000,0.449219,0.441406,0.445313,0.119723,76800
1986-03-24,0.000000,0.484375,0.445313,0.476563,0.128125,297600
1986-03-25,0.000000,0.500000,0.480469,0.500000,0.134426,182400
1986-03-26,0.000000,0.503906,0.500000,0.500000,0.134426,89600
1986-03-27,0.000000,0.500000,0.492188,0.492188,0.132325,83200
1986-03-31,0.000000,0.511719,0.496094,0.511719,0.137576,268800
1986-04-01,0.000000,0.519531,0.511719,0.515625,0.138627,304000
1986-04-02,0.000000,0.515625,0.511719,0.515625,0.138627,115200
1986-04-03,0.000000,0.519531,0.511719,0.515625,0.138627,83200
1986-04-04,0.000000,0.519531,0.515625,0.519531,0.139677,92800
1986-04-07,0.000000,0.519531,0.511719,0.511719,0.137576,147200
1986-04-08,0.000000,0.531250,0.515625,0.531250,0.142827,73600
1986-04-09,0.000000,0.542969,0.539063,0.542969,0.145978,99200
1986-04-10,0.000000,0.554688,0.542969,0.554688,0.149129,131200
1986-04-11,0.000000,0.570313,0.558594,0.566406,0.152279,86400
1986-04-14,0.000000,0.570313,0.570313,0.570313,0.153330,32000
1986-04-15,0.000000,0.582031,0.566406,0.582031,0.156480,195200
1986-04-16,0.000000,0.585938,0.574219,0.578125,0.155430,192000
1986-04-17,0.000000,0.578125,0.554688,0.554688,0.149129,198400
1986-04-18,0.000000,0.550781,0.539063,0.542969,0.145978,160000
1986-04-21,0.000000,0.542969,0.519531,0.523438,0.140727,320000
1986-04-22,0.000000,0.535156,0.527344,0.535156,0.143878,70400
1986-04-23,0.000000,0.566406,0.539063,0.566406,0.152279,230400
1986-04-24,0.000000,0.566406,0.562500,0.562500,0.151229,32000
1986-04-25,0.000000,0.566406,0.558594,0.562500,0.151229,67200
1986-04-28,0.000000,0.558594,0.554688,0.554688,0.149129,28800
1986-04-29,0.000000,0.550781,0.546875,0.550781,0.148078,128000
1986-04-30,0.000000,0.558594,0.550781,0.558594,0.150179,48000
1986-05-01,0.000000,0.562500,0.558594,0.562500,0.151229,44800
1986-05-02,0.000000,0.574219,0.566406,0.574219,0.154380,99200
1986-05-05,0.000000,0.621094,0.582031,0.613281,0.164882,400000
1986-05-06,0.000000,0.644531,0.621094,0.625000,0.168032,339200
1986-05-07,0.000000,0.632813,0.625000,0.625000,0.168032,243200
1986-05-08,0.000000,0.648438,0.632813,0.640625,0.172233,377600
1986-05-09,0.000000,0.648438,0.636719,0.648438,0.174333,102400
1986-05-12,0.000000,0.664063,0.640625,0.640625,0.172233,243200
1986-05-13,0.000000,0.632813,0.625000,0.628906,0.169082,857600
1986-05-14,0.000000,0.640625,0.625000,0.625000,0.168032,131200
1986-05-15,0.000000,0.621094,0.613281,0.617188,0.165932,83200
1986-05-16,0.000000,0.621094,0.617188,0.621094,0.166982,99200
1986-05-19,0.000000,0.625000,0.621094,0.625000,0.168032,70400
1986-05-20,0.000000,0.625000,0.625000,0.625000,0.168032,115200
1986-05-21,0.000000,0.625000,0.617188,0.625000,0.168032,92800
1986-05-22,0.000000,0.628906,0.625000,0.628906,0.169082,83200
1986-05-23,0.000000,0.628906,0.625000,0.628906,0.169082,32000
1986-05-27,0.000000,0.640625,0.632813,0.636719,0.171183,70400
1986-05-28,0.000000,0.640625,0.632813,0.636719,0.171183,48000
1986-05-29,0.000000,0.640625,0.640625,0.640625,0.172233,3200
1986-05-30,0.000000,0.636719,0.636719,0.636719,0.171183,16000
1986-06-02,0.000000,0.640625,0.632813,0.632813,0.170133,44800
1986-06-03,0.000000,0.628906,0.625000,0.625000,0.168032,310400
1986-06-04,0.000000,0.632813,0.625000,0.632813,0.170133,140800
1986-06-05,0.000000,0.636719,0.625000,0.632813,0.170133,355200
1986-06-06,0.000000,0.636719,0.632813,0.636719,0.171183,32000
1986-06-09,0.000000,0.636719,0.632813,0.636719,0.171183,22400
1986-06-10,0.000000,0.636719,0.628906,0.628906,0.169082,44800
1986-06-11,0.000000,0.628906,0.625000,0.625000,0.168032,588800
1986-06-12,0.000000,0.632813,0.613281,0.632813,0.170133,387200
1986-06-13,0.000000,0.628906,0.625000,0.625000,0.168032,672000
1986-06-16,0.000000,0.628906,0.625000,0.625000,0.168032,22400
1986-06-17,0.000000,0.625000,0.625000,0.625000,0.168032,3200
1986-06-18,0.000000,0.621094,0.617188,0.617188,0.165932,25600
1986-06-19,0.000000,0.621094,0.617188,0.621094,0.166982,112000
1986-06-20,0.000000,0.625000,0.621094,0.621094,0.166982,118400
1986-06-23,0.000000,0.628906,0.625000,0.625000,0.168032,41600
1986-06-24,0.000000,0.628906,0.625000,0.628906,0.169082,99200
1986-06-25,0.000000,0.632813,0.625000,0.625000,0.168032,57600
1986-06-26,0.000000,0.628906,0.621094,0.621094,0.166982,54400
1986-06-27,0.000000,0.621094,0.617188,0.617188,0.165932,112000
1986-06-30,0.000000,0.617188,0.613281,0.617188,0.165932,60800
1986-07-01,0.000000,0.617188,0.613281,0.613281,0.164882,80000
1986-07-02,0.000000,0.613281,0.613281,0.613281,0.164882,86400
1986-07-03,0.000000,0.613281,0.613281,0.613281,0.164882,6400
1986-07-07,0.000000,0.617188,0.613281,0.617188,0.165932,64000
1986-07-08,0.000000,0.613281,0.609375,0.609375,0.163831,48000
1986-07-09,0.000000,0.617188,0.609375,0.617188,0.165932,41600
1986-07-10,0.000000,0.613281,0.605469,0.605469,0.162781,60800
1986-07-11,0.000000,0.605469,0.597656,0.597656,0.160681,89600
1986-07-14,0.000000,0.593750,0.578125,0.578125,0.155430,182400
1986-07-15,0.000000,0.574219,0.566406,0.566406,0.152279,44800
1986-07-16,0.000000,0.578125,0.566406,0.578125,0.155430,140800
1986-07-17,0.000000,0.574219,0.574219,0.574219,0.154380,60800
1986-07-18,0.000000,0.570313,0.566406,0.566406,0.152279,41600
1986-07-21,0.000000,0.562500,0.558594,0.558594,0.150179,102400
1986-07-22,0.000000,0.562500,0.558594,0.558594,0.150179,150400
1986-07-23,0.000000,0.562500,0.558594,0.562500,0.151229,105600
1986-07-24,0.562500,0.562500,0.562500,0.562500,0.151229,0
1986-07-25,0.000000,0.566406,0.566406,0.566406,0.152279,6400
1986-07-28,0.000000,0.570313,0.562500,0.570313,0.153330,38400
1986-07-29,0.000000,0.566406,0.566406,0.566406,0.152279,9600
1986-07-30,0.000000,0.566406,0.562500,0.562500,0.151229,48000
1986-07-31,0.000000,0.570313,0.566406,0.570313,0.153330,83200
1986-08-01,0.000000,0.578125,0.574219,0.578125,0.155430,249600
1986-08-04,0.000000,0.578125,0.578125,0.578125,0.155430,9600
1986-08-05,0.000000,0.585938,0.582031,0.585938,0.157530,32000
1986-08-06,0.000000,0.589844,0.585938,0.585938,0.157530,19200
1986-08-07,0.000000,0.589844,0.589844,0.589844,0.158580,16000
1986-08-08,0.000000,0.585938,0.585938,0.585938,0.157530,9600
1986-08-11,0.000000,0.589844,0.582031,0.589844,0.158580,28800
1986-08-12,0.000000,0.585938,0.585938,0.585938,0.157530,9600
1986-08-13,0.000000,0.589844,0.582031,0.585938,0.157530,57600
1986-08-14,0.000000,0.585938,0.585938,0.585938,0.157530,9600
1986-08-15,0.000000,0.593750,0.585938,0.585938,0.157530,35200
1986-08-18,0.000000,0.585938,0.585938,0.585938,0.157530,6400
1986-08-19,0.000000,0.593750,0.589844,0.593750,0.159631,115200
1986-08-20,0.000000,0.589844,0.585938,0.585938,0.157530,220800
1986-08-21,0.000000,0.585938,0.585938,0.585938,0.157530,16000
1986-08-22,0.585938,0.585938,0.585938,0.585938,0.157530,0
1986-08-25,0.000000,0.585938,0.585938,0.585938,0.157530,150400
1986-08-26,0.000000,0.589844,0.585938,0.589844,0.158580,195200
1986-08-27,0.589844,0.589844,0.589844,0.589844,0.158580,0
1986-08-28,0.589844,0.589844,0.589844,0.589844,0.158580,0
1986-08-29,0.000000,0.589844,0.585938,0.589844,0.158580,44800
1986-09-02,0.000000,0.601563,0.589844,0.589844,0.158580,672000
1986-09-03,0.000000,0.589844,0.589844,0.589844,0.158580,25600
1986-09-04,0.000000,0.589844,0.582031,0.582031,0.156480,172800
1986-09-05,0.000000,0.582031,0.574219,0.574219,0.154380,19200
1986-09-08,0.000000,0.570313,0.570313,0.570313,0.153330,12800
1986-09-09,0.000000,0.582031,0.578125,0.578125,0.155430,89600
1986-09-10,0.000000,0.578125,0.574219,0.574219,0.154380,41600
1986-09-11,0.000000,0.570313,0.550781,0.550781,0.148078,172800
1986-09-12,0.000000,0.546875,0.523438,0.523438,0.140727,169600
1986-09-15,0.000000,0.523438,0.515625,0.515625,0.138627,54400
1986-09-16,0.000000,0.531250,0.523438,0.531250,0.142827,80000
1986-09-17,0.000000,0.539063,0.539063,0.539063,0.144928,32000
1986-09-18,0.000000,0.539063,0.535156,0.535156,0.143878,25600
1986-09-19,0.000000,0.531250,0.531250,0.531250,0.142827,28800
1986-09-22,0.000000,0.531250,0.531250,0.531250,0.142827,3200
1986-09-23,0.000000,0.535156,0.535156,0.535156,0.143878,16000
1986-09-24,0.535156,0.535156,0.535156,0.535156,0.143878,0
1986-09-25,0.535156,0.535156,0.535156,0.535156,0.143878,0
1986-09-26,0.000000,0.554688,0.542969,0.554688,0.149129,128000
1986-09-29,0.000000,0.550781,0.546875,0.546875,0.147028,12800
1986-09-30,0.000000,0.554688,0.554688,0.554688,0.149129,16000
1986-10-01,0.000000,0.585938,0.582031,0.585938,0.157530,204800
1986-10-02,0.000000,0.582031,0.582031,0.582031,0.156480,3200
1986-10-03,0.000000,0.578125,0.574219,0.574219,0.154380,16000
1986-10-06,0.000000,0.578125,0.574219,0.574219,0.154380,35200
1986-10-07,0.000000,0.578125,0.574219,0.574219,0.154380,16000
1986-10-08,0.574219,0.574219,0.574219,0.574219,0.154380,0
1986-10-09,0.000000,0.570313,0.566406,0.566406,0.152279,16000
1986-10-10,0.000000,0.570313,0.566406,0.566406,0.152279,41600
1986-10-13,0.000000,0.562500,0.562500,0.562500,0.151229,19200
1986-10-14,0.000000,0.558594,0.558594,0.558594,0.150179,3200
1986-10-15,0.000000,0.558594,0.558594,0.558594,0.150179,1731200
1986-10-16,0.000000,0.562500,0.558594,0.562500,0.151229,12800
1986-10-17,0.562500,0.562500,0.562500,0.562500,0.151229,0
1986-10-20,0.000000,0.558594,0.558594,0.558594,0.150179,9600
1986-10-21,0.000000,0.562500,0.558594,0.562500,0.151229,16000
1986-10-22,0.000000,0.554688,0.554688,0.554688,0.149129,35200
1986-10-23,0.000000,0.554688,0.554688,0.554688,0.149129,12800
1986-10-24,0.000000,0.550781,0.550781,0.550781,0.148078,22400
1986-10-27,0.000000,0.546875,0.542969,0.542969,0.145978,41600
1986-10-28,0.000000,0.539063,0.539063,0.539063,0.144928,6400
1986-10-29,0.000000,0.539063,0.535156,0.539063,0.144928,48000
1986-10-30,0.000000,0.542969,0.539063,0.542969,0.145978,19200
1986-10-31,0.000000,0.542969,0.531250,0.531250,0.142827,86400
1986-11-03,0.000000,0.535156,0.523438,0.523438,0.140727,51200
1986-11-04,0.000000,0.546875,0.527344,0.546875,0.147028,108800
1986-11-05,0.000000,0.550781,0.531250,0.542969,0.145978,240000
1986-11-06,0.000000,0.546875,0.535156,0.542969,0.145978,163200
1986-11-07,0.000000,0.546875,0.546875,0.546875,0.147028,6400
1986-11-10,0.000000,0.554688,0.550781,0.554688,0.149129,54400
1986-11-11,0.000000,0.550781,0.550781,0.550781,0.148078,265600
1986-11-12,0.000000,0.562500,0.554688,0.562500,0.151229,204800
1986-11-13,0.562500,0.562500,0.562500,0.562500,0.151229,0
1986-11-14,0.000000,0.570313,0.566406,0.566406,0.152279,67200
1986-11-17,0.000000,0.582031,0.566406,0.582031,0.156480,224000
1986-11-18,0.000000,0.585938,0.585938,0.585938,0.157530,6400
1986-11-19,0.000000,0.582031,0.578125,0.578125,0.155430,48000
1986-11-20,0.000000,0.578125,0.578125,0.578125,0.155430,9600
1986-11-21,0.578125,0.578125,0.578125,0.578125,0.155430,0
1986-11-24,0.000000,0.578125,0.578125,0.578125,0.155430,3200
1986-11-25,0.000000,0.578125,0.578125,0.578125,0.155430,12800
1986-11-26,0.000000,0.585938,0.578125,0.585938,0.157530,28800
1986-11-28,0.000000,0.582031,0.578125,0.578125,0.155430,70400
1986-12-01,0.000000,0.578125,0.574219,0.574219,0.154380,9600
1986-12-02,0.000000,0.582031,0.578125,0.582031,0.156480,41600
1986-12-03,0.000000,0.585938,0.578125,0.582031,0.156480,124800
1986-12-04,0.000000,0.582031,0.562500,0.562500,0.151229,192000
1986-12-05,0.000000,0.554688,0.554688,0.554688,0.149129,41600
1986-12-08,0.000000,0.550781,0.550781,0.550781,0.148078,57600
1986-12-09,0.000000,0.558594,0.550781,0.558594,0.150179,44800
1986-12-10,0.000000,0.554688,0.550781,0.550781,0.148078,22400
1986-12-11,0.000000,0.554688,0.550781,0.554688,0.149129,83200
1986-12-12,0.000000,0.550781,0.546875,0.546875,0.147028,41600
1986-12-15,0.000000,0.542969,0.539063,0.539063,0.144928,89600
1986-12-16,0.000000,0.539063,0.535156,0.539063,0.144928,105600
1986-12-17,0.000000,0.542969,0.531250,0.531250,0.142827,1072000
1986-12-18,0.000000,0.527344,0.523438,0.523438,0.140727,131200
1986-12-19,0.000000,0.523438,0.523438,0.523438,0.140727,16000
1986-12-22,0.000000,0.527344,0.507813,0.507813,0.136526,115200
1986-12-23,0.000000,0.507813,0.500000,0.500000,0.134426,339200
1986-12-24,0.000000,0.503906,0.500000,0.500000,0.134426,6400
1986-12-26,0.000000,0.503906,0.500000,0.503906,0.135476,28800
1986-12-29,0.000000,0.503906,0.492188,0.492188,0.132325,150400
1986-12-30,0.000000,0.496094,0.492188,0.496094,0.133376,32000
1986-12-31,0.000000,0.496094,0.492188,0.496094,0.133376,54400
1987-01-02,0.000000,0.500000,0.492188,0.496094,0.133376,86400
1987-01-05,0.000000,0.492188,0.492188,0.492188,0.132325,3200
1987-01-06,0.000000,0.488281,0.468750,0.468750,0.126024,214400
1987-01-07,0.000000,0.476563,0.468750,0.472656,0.127074,41600
1987-01-08,0.000000,0.500000,0.472656,0.500000,0.134426,268800
1987-01-09,0.000000,0.500000,0.496094,0.496094,0.133376,16000
1987-01-12,0.000000,0.507813,0.496094,0.507813,0.136526,57600
1987-01-13,0.000000,0.515625,0.507813,0.507813,0.136526,67200
1987-01-14,0.000000,0.507813,0.500000,0.507813,0.136526,86400
1987-01-15,0.000000,0.503906,0.503906,0.503906,0.135476,6400
1987-01-16,0.000000,0.503906,0.492188,0.492188,0.132325,227200
1987-01-19,0.000000,0.496094,0.492188,0.492188,0.132325,12800
1987-01-20,0.000000,0.492188,0.488281,0.492188,0.132325,12800
1987-01-21,0.000000,0.484375,0.480469,0.480469,0.129175,28800
1987-01-22,0.000000,0.492188,0.468750,0.492188,0.132325,1280000
1987-01-23,0.000000,0.492188,0.492188,0.492188,0.132325,6400
1987-01-26,0.000000,0.488281,0.488281,0.488281,0.131275,3200
1987-01-27,0.000000,0.488281,0.472656,0.472656,0.127074,92800
1987-01-28,0.000000,0.468750,0.460938,0.460938,0.123924,304000
1987-01-29,0.000000,0.464844,0.464844,0.464844,0.124974,249600
1987-01-30,0.000000,0.468750,0.460938,0.464844,0.124974,230400
1987-02-02,0.464844,0.464844,0.464844,0.464844,0.124974,0
1987-02-03,0.000000,0.468750,0.468750,0.468750,0.126024,64000
1987-02-04,0.000000,0.472656,0.472656,0.472656,0.127074,12800
1987-02-05,0.000000,0.484375,0.476563,0.484375,0.130225,38400
1987-02-06,0.000000,0.484375,0.480469,0.484375,0.130225,9600
1987-02-09,0.000000,0.484375,0.476563,0.476563,0.128125,83200
1987-02-10,0.000000,0.480469,0.480469,0.480469,0.129175,16000
1987-02-11,0.000000,0.476563,0.476563,0.476563,0.128125,12800
1987-02-12,0.000000,0.472656,0.472656,0.472656,0.127074,9600
1987-02-13,0.000000,0.468750,0.468750,0.468750,0.126024,9600
1987-02-17,0.000000,0.464844,0.460938,0.464844,0.124974,67200
1987-02-18,0.000000,0.460938,0.453125,0.453125,0.121823,89600
1987-02-19,0.000000,0.453125,0.453125,0.453125,0.121823,35200
1987-02-20,0.000000,0.453125,0.453125,0.453125,0.121823,32000
1987-02-23,0.000000,0.449219,0.449219,0.449219,0.120773,41600
1987-02-24,0.000000,0.457031,0.453125,0.457031,0.122873,16000
1987-02-25,0.000000,0.453125,0.445313,0.445313,0.119723,169600
1987-02-26,0.000000,0.445313,0.445313,0.445313,0.119723,3200
1987-02-27,0.000000,0.453125,0.453125,0.453125,0.121823,73600
1987-03-02,0.000000,0.453125,0.449219,0.453125,0.121823,19200
1987-03-03,0.000000,0.449219,0.449219,0.449219,0.120773,3200
1987-03-04,0.000000,0.464844,0.457031,0.464844,0.124974,44800
1987-03-05,0.000000,0.464844,0.457031,0.457031,0.122873,137600
1987-03-06,0.000000,0.453125,0.453125,0.453125,0.121823,204800
1987-03-09,0.000000,0.453125,0.453125,0.453125,0.121823,12800
1987-03-10,0.000000,0.453125,0.453125,0.453125,0.121823,96000
1987-03-11,0.000000,0.457031,0.453125,0.457031,0.122873,73600
1987-03-12,0.000000,0.453125,0.453125,0.453125,0.121823,22400
1987-03-13,0.000000,0.468750,0.457031,0.468750,0.126024,227200
1987-03-16,0.000000,0.464844,0.457031,0.457031,0.122873,51200
1987-03-17,0.000000,0.457031,0.457031,0.457031,0.122873,22400
1987-03-18,0.000000,0.457031,0.457031,0.457031,0.122873,9600
1987-03-19,0.000000,0.480469,0.460938,0.468750,0.126024,224000
1987-03-20,0.000000,0.480469,0.468750,0.476563,0.128125,41600
1987-03-23,0.000000,0.496094,0.480469,0.496094,0.133376,76800
1987-03-24,0.000000,0.507813,0.492188,0.507813,0.136526,60800
1987-03-25,0.000000,0.539063,0.507813,0.539063,0.144928,166400
1987-03-26,0.000000,0.578125,0.542969,0.574219,0.154380,198400
1987-03-27,0.000000,0.578125,0.566406,0.574219,0.154380,124800
1987-03-30,0.000000,0.570313,0.558594,0.558594,0.150179,102400
1987-03-31,0.000000,0.562500,0.554688,0.562500,0.151229,19200
1987-04-01,0.000000,0.562500,0.562500,0.562500,0.151229,28800
1987-04-02,0.000000,0.558594,0.554688,0.554688,0.149129,6400
1987-04-03,0.000000,0.554688,0.550781,0.550781,0.148078,28800
1987-04-06,0.000000,0.554688,0.546875,0.546875,0.147028,128000
1987-04-07,0.000000,0.550781,0.546875,0.546875,0.147028,54400
1987-04-08,0.000000,0.570313,0.554688,0.562500,0.151229,131200
1987-04-09,0.000000,0.558594,0.558594,0.558594,0.150179,6400
1987-04-10,0.000000,0.558594,0.550781,0.550781,0.148078,28800
1987-04-13,0.000000,0.546875,0.546875,0.546875,0.147028,3200
1987-04-14,0.000000,0.542969,0.539063,0.539063,0.144928,35200
1987-04-15,0.000000,0.535156,0.531250,0.531250,0.142827,60800
1987-04-16,0.000000,0.527344,0.527344,0.527344,0.141777,3200
1987-04-20,0.000000,0.523438,0.519531,0.519531,0.139677,38400
1987-04-21,0.000000,0.515625,0.500000,0.500000,0.134426,976000
1987-04-22,0.000000,0.496094,0.496094,0.496094,0.133376,28800
1987-04-23,0.000000,0.492188,0.476563,0.476563,0.128125,179200
1987-04-24,0.000000,0.480469,0.441406,0.441406,0.118673,297600
1987-04-27,0.000000,0.437500,0.433594,0.433594,0.116572,19200
1987-04-28,0.000000,0.437500,0.433594,0.437500,0.117623,12800
1987-04-29,0.000000,0.449219,0.433594,0.449219,0.120773,128000
1987-04-30,0.000000,0.457031,0.453125,0.457031,0.122873,35200
1987-05-01,0.000000,0.457031,0.457031,0.457031,0.122873,3200
1987-05-04,0.000000,0.460938,0.460938,0.460938,0.123924,32000
1987-05-05,0.000000,0.460938,0.460938,0.460938,0.123924,16000
1987-05-06,0.000000,0.457031,0.457031,0.457031,0.122873,3200
1987-05-07,0.000000,0.457031,0.453125,0.453125,0.121823,80000
1987-05-08,0.000000,0.472656,0.460938,0.472656,0.127074,67200
1987-05-11,0.000000,0.472656,0.468750,0.468750,0.126024,22400
1987-05-12,0.468750,0.468750,0.468750,0.468750,0.126024,0
1987-05-13,0.000000,0.484375,0.468750,0.484375,0.130225,96000
1987-05-14,0.000000,0.480469,0.480469,0.480469,0.129175,6400
1987-05-15,0.000000,0.480469,0.476563,0.476563,0.128125,73600
1987-05-18,0.000000,0.476563,0.468750,0.468750,0.126024,60800
1987-05-19,0.000000,0.468750,0.468750,0.468750,0.126024,32000
1987-05-20,0.000000,0.468750,0.468750,0.468750,0.126024,16000
1987-05-21,0.000000,0.472656,0.468750,0.472656,0.127074,80000
1987-05-22,0.472656,0.472656,0.472656,0.472656,0.127074,0
1987-05-26,0.000000,0.472656,0.468750,0.472656,0.127074,6400
1987-05-27,0.000000,0.468750,0.468750,0.468750,0.126024,9600
1987-05-28,0.000000,0.468750,0.468750,0.468750,0.126024,3200
1987-05-29,0.000000,0.476563,0.476563,0.476563,0.128125,38400
1987-06-01,0.000000,0.472656,0.472656,0.472656,0.127074,6400
1987-06-02,0.000000,0.472656,0.468750,0.468750,0.126024,131200
1987-06-03,0.000000,0.484375,0.476563,0.484375,0.130225,38400
1987-06-04,0.000000,0.488281,0.488281,0.488281,0.131275,6400
1987-06-05,0.000000,0.492188,0.492188,0.492188,0.132325,12800
1987-06-08,0.492188,0.492188,0.492188,0.492188,0.132325,0
1987-06-09,0.000000,0.492188,0.492188,0.492188,0.132325,6400
1987-06-10,0.492188,0.492188,0.492188,0.492188,0.132325,0
1987-06-11,0.000000,0.492188,0.492188,0.492188,0.132325,86400
1987-06-12,0.000000,0.488281,0.488281,0.488281,0.131275,480000
1987-06-15,0.000000,0.468750,0.468750,0.468750,0.126024,396800
1987-06-16,0.000000,0.468750,0.468750,0.468750,0.126024,9600
1987-06-17,0.000000,0.464844,0.464844,0.464844,0.124974,9600
1987-06-18,0.000000,0.460938,0.460938,0.460938,0.123924,3200
1987-06-19,0.000000,0.468750,0.464844,0.468750,0.126024,28800
1987-06-22,0.000000,0.472656,0.472656,0.472656,0.127074,6400
1987-06-23,0.000000,0.472656,0.472656,0.472656,0.127074,25600
1987-06-24,0.000000,0.472656,0.468750,0.468750,0.126024,89600
1987-06-25,0.000000,0.468750,0.468750,0.468750,0.126024,38400
1987-06-26,0.000000,0.472656,0.472656,0.472656,0.127074,3200
1987-06-29,0.000000,0.468750,0.468750,0.468750,0.126024,9600
1987-06-30,0.000000,0.468750,0.460938,0.468750,0.126024,67200
1987-07-01,0.000000,0.472656,0.472656,0.472656,0.127074,6400
1987-07-02,0.000000,0.472656,0.472656,0.472656,0.127074,3200
1987-07-06,0.000000,0.472656,0.472656,0.472656,0.127074,19200
1987-07-07,0.000000,0.480469,0.472656,0.472656,0.127074,57600
1987-07-08,0.472656,0.472656,0.472656,0.472656,0.127074,0
1987-07-09,0.000000,0.472656,0.472656,0.472656,0.127074,12800
1987-07-10,0.000000,0.468750,0.464844,0.464844,0.124974,32000
1987-07-13,0.000000,0.460938,0.460938,0.460938,0.123924,6400
1987-07-14,0.000000,0.460938,0.457031,0.457031,0.122873,25600
1987-07-15,0.000000,0.460938,0.460938,0.460938,0.123924,3200
1987-07-16,0.460938,0.460938,0.460938,0.460938,0.123924,0
1987-07-17,0.000000,0.460938,0.453125,0.457031,0.122873,800000
1987-07-20,0.000000,0.453125,0.453125,0.453125,0.121823,6400
1987-07-21,0.453125,0.453125,0.453125,0.453125,0.121823,0
1987-07-22,0.453125,0.453125,0.453125,0.453125,0.121823,0
1987-07-23,0.453125,0.453125,0.453125,0.453125,0.121823,0
1987-07-24,0.000000,0.453125,0.453125,0.453125,0.121823,12800
1987-07-27,0.453125,0.453125,0.453125,0.453125,0.121823,0
1987-07-28,0.000000,0.445313,0.445313,0.445313,0.119723,22400
1987-07-29,0.445313,0.445313,0.445313,0.445313,0.119723,0
1987-07-30,0.000000,0.453125,0.437500,0.453125,0.121823,198400
1987-07-31,0.000000,0.453125,0.453125,0.453125,0.121823,3200
1987-08-03,0.000000,0.449219,0.449219,0.449219,0.120773,9600
1987-08-04,0.000000,0.460938,0.453125,0.457031,0.122873,80000
1987-08-05,0.000000,0.468750,0.460938,0.468750,0.126024,64000
1987-08-06,0.000000,0.464844,0.464844,0.464844,0.124974,16000
1987-08-07,0.000000,0.464844,0.464844,0.464844,0.124974,3200
1987-08-10,0.000000,0.468750,0.468750,0.468750,0.126024,35200
1987-08-11,0.000000,0.468750,0.464844,0.464844,0.124974,25600
1987-08-12,0.000000,0.464844,0.457031,0.457031,0.122873,102400
1987-08-13,0.000000,0.453125,0.453125,0.453125,0.121823,38400
1987-08-14,0.453125,0.453125,0.453125,0.453125,0.121823,0
1987-08-17,0.000000,0.453125,0.453125,0.453125,0.121823,6400
1987-08-18,0.000000,0.457031,0.453125,0.453125,0.121823,112000
1987-08-19,0.000000,0.457031,0.453125,0.453125,0.121823,70400
1987-08-20,0.453125,0.453125,0.453125,0.453125,0.121823,0
1987-08-21,0.000000,0.453125,0.453125,0.453125,0.121823,22400
1987-08-24,0.000000,0.453125,0.453125,0.453125,0.121823,3200
1987-08-25,0.000000,0.453125,0.453125,0.453125,0.121823,3200
1987-08-26,0.000000,0.457031,0.457031,0.457031,0.122873,32000
1987-08-27,0.457031,0.457031,0.457031,0.457031,0.122873,0
1987-08-28,0.000000,0.464844,0.464844,0.464844,0.124974,25600
1987-08-31,0.000000,0.460938,0.460938,0.460938,0.123924,28800
1987-09-01,0.000000,0.468750,0.457031,0.468750,0.126024,166400
1987-09-02,0.000000,0.468750,0.468750,0.468750,0.126024,22400
1987-09-03,0.000000,0.464844,0.464844,0.464844,0.124974,6400
1987-09-04,0.000000,0.472656,0.464844,0.472656,0.127074,105600
1987-09-08,0.000000,0.468750,0.468750,0.468750,0.126024,3200
1987-09-09,0.000000,0.472656,0.468750,0.472656,0.127074,70400
1987-09-10,0.472656,0.472656,0.472656,0.472656,0.127074,0
1987-09-11,0.000000,0.468750,0.468750,0.468750,0.126024,6400
1987-09-14,0.468750,0.468750,0.468750,0.468750,0.126024,0
1987-09-15,0.000000,0.472656,0.468750,0.468750,0.126024,16000
1987-09-16,0.000000,0.476563,0.468750,0.476563,0.128125,38400
1987-09-17,0.476563,0.476563,0.476563,0.476563,0.128125,0
1987-09-18,0.000000,0.472656,0.472656,0.472656,0.127074,9600
1987-09-21,0.000000,0.468750,0.468750,0.468750,0.126024,6400
1987-09-22,0.468750,0.468750,0.468750,0.468750,0.126024,0
1987-09-23,0.000000,0.464844,0.460938,0.460938,0.123924,19200
1987-09-24,0.460938,0.460938,0.460938,0.460938,0.123924,0
1987-09-25,0.000000,0.464844,0.460938,0.460938,0.123924,19200
1987-09-28,0.000000,0.457031,0.453125,0.453125,0.121823,80000
1987-09-29,0.000000,0.453125,0.453125,0.453125,0.121823,19200
1987-09-30,0.000000,0.464844,0.449219,0.464844,0.124974,99200
1987-10-01,0.000000,0.460938,0.457031,0.457031,0.122873,44800
1987-10-02,0.000000,0.453125,0.453125,0.453125,0.121823,16000
1987-10-05,0.000000,0.460938,0.453125,0.460938,0.123924,35200
1987-10-06,0.000000,0.457031,0.457031,0.457031,0.122873,3200
1987-10-07,0.000000,0.453125,0.453125,0.453125,0.121823,128000
1987-10-08,0.000000,0.453125,0.453125,0.453125,0.121823,3200
1987-10-09,0.000000,0.457031,0.453125,0.457031,0.122873,176000
1987-10-12,0.000000,0.460938,0.453125,0.457031,0.122873,64000
1987-10-13,0.000000,0.460938,0.453125,0.453125,0.121823,160000
1987-10-14,0.000000,0.464844,0.460938,0.464844,0.124974,35200
1987-10-15,0.000000,0.468750,0.460938,0.460938,0.123924,355200
1987-10-16,0.000000,0.468750,0.464844,0.468750,0.126024,1385600
1987-10-19,0.000000,0.464844,0.445313,0.445313,0.119723,131200
1987-10-20,0.000000,0.453125,0.406250,0.410156,0.110271,140800
1987-10-21,0.000000,0.417969,0.410156,0.414063,0.111321,38400
1987-10-22,0.000000,0.410156,0.406250,0.406250,0.109221,80000
1987-10-23,0.000000,0.402344,0.402344,0.402344,0.108171,6400
1987-10-26,0.000000,0.394531,0.378906,0.378906,0.101870,64000
1987-10-27,0.000000,0.375000,0.375000,0.375000,0.100819,19200
1987-10-28,0.000000,0.371094,0.363281,0.363281,0.097669,25600
1987-10-29,0.000000,0.375000,0.367188,0.367188,0.098719,48000
1987-10-30,0.000000,0.382813,0.363281,0.382813,0.102920,169600
1987-11-02,0.000000,0.382813,0.382813,0.382813,0.102920,32000
1987-11-03,0.000000,0.378906,0.378906,0.378906,0.101870,6400
1987-11-04,0.378906,0.378906,0.378906,0.378906,0.101870,0
1987-11-05,0.000000,0.386719,0.382813,0.382813,0.102920,99200
1987-11-06,0.000000,0.394531,0.390625,0.394531,0.106070,38400
1987-11-09,0.000000,0.410156,0.390625,0.410156,0.110271,515200
1987-11-10,0.000000,0.410156,0.406250,0.410156,0.110271,83200
1987-11-11,0.000000,0.421875,0.414063,0.421875,0.113422,32000
1987-11-12,0.000000,0.433594,0.429688,0.429688,0.115522,38400
1987-11-13,0.000000,0.429688,0.429688,0.429688,0.115522,3200
1987-11-16,0.000000,0.429688,0.425781,0.425781,0.114472,188800
1987-11-17,0.000000,0.425781,0.417969,0.417969,0.112372,51200
1987-11-18,0.000000,0.414063,0.406250,0.406250,0.109221,32000
1987-11-19,0.000000,0.402344,0.398438,0.398438,0.107121,166400
1987-11-20,0.000000,0.410156,0.402344,0.410156,0.110271,64000
1987-11-23,0.000000,0.410156,0.406250,0.406250,0.109221,268800
1987-11-24,0.000000,0.406250,0.398438,0.406250,0.109221,41600
1987-11-25,0.000000,0.414063,0.410156,0.414063,0.111321,163200
1987-11-27,0.000000,0.414063,0.414063,0.414063,0.111321,9600
1987-11-30,0.000000,0.410156,0.410156,0.410156,0.110271,32000
1987-12-01,0.000000,0.414063,0.414063,0.414063,0.111321,22400
1987-12-02,0.000000,0.414063,0.414063,0.414063,0.111321,60800
1987-12-03,0.000000,0.414063,0.414063,0.414063,0.111321,144000
1987-12-04,0.000000,0.414063,0.414063,0.414063,0.111321,16000
1987-12-07,0.000000,0.421875,0.414063,0.421875,0.113422,44800
1987-12-08,0.000000,0.425781,0.417969,0.425781,0.114472,99200
1987-12-09,0.000000,0.425781,0.425781,0.425781,0.114472,19200
1987-12-10,0.000000,0.441406,0.421875,0.437500,0.117623,406400
1987-12-11,0.000000,0.457031,0.437500,0.457031,0.122873,64000
1987-12-14,0.000000,0.484375,0.464844,0.484375,0.130225,57600
1987-12-15,0.000000,0.503906,0.480469,0.503906,0.135476,70400
1987-12-16,0.000000,0.523438,0.503906,0.523438,0.140727,51200
1987-12-17,0.000000,0.523438,0.515625,0.515625,0.138627,348800
1987-12-18,0.000000,0.511719,0.507813,0.511719,0.137576,348800
1987-12-21,0.000000,0.511719,0.511719,0.511719,0.137576,128000
1987-12-22,0.000000,0.515625,0.507813,0.515625,0.138627,99200
1987-12-23,0.000000,0.515625,0.511719,0.511719,0.137576,57600
1987-12-24,0.000000,0.511719,0.500000,0.500000,0.134426,89600
1987-12-28,0.000000,0.492188,0.484375,0.484375,0.130225,44800
1987-12-29,0.484375,0.484375,0.484375,0.484375,0.130225,0
1987-12-30,0.000000,0.480469,0.476563,0.476563,0.128125,19200
1987-12-31,0.000000,0.480469,0.480469,0.480469,0.129175,16000
1988-01-04,0.480469,0.480469,0.480469,0.480469,0.129175,0
1988-01-05,0.000000,0.484375,0.484375,0.484375,0.130225,16000
1988-01-06,0.484375,0.484375,0.484375,0.484375,0.130225,0
1988-01-07,0.000000,0.480469,0.472656,0.476563,0.128125,57600
1988-01-08,0.000000,0.480469,0.476563,0.476563,0.128125,19200
1988-01-11,0.476563,0.476563,0.476563,0.476563,0.128125,0
1988-01-12,0.000000,0.484375,0.484375,0.484375,0.130225,16000
1988-01-13,0.000000,0.480469,0.480469,0.480469,0.129175,32000
1988-01-14,0.480469,0.480469,0.480469,0.480469,0.129175,0
1988-01-15,0.000000,0.480469,0.480469,0.480469,0.129175,32000
1988-01-18,0.480469,0.480469,0.480469,0.480469,0.129175,0
1988-01-19,0.480469,0.480469,0.480469,0.480469,0.129175,0
1988-01-20,0.000000,0.480469,0.480469,0.480469,0.129175,96000
1988-01-21,0.000000,0.476563,0.476563,0.476563,0.128125,35200
1988-01-22,0.000000,0.476563,0.476563,0.476563,0.128125,3200
1988-01-25,0.476563,0.476563,0.476563,0.476563,0.128125,0
1988-01-26,0.000000,0.480469,0.480469,0.480469,0.129175,41600
1988-01-27,0.000000,0.484375,0.484375,0.484375,0.130225,12800
1988-01-28,0.484375,0.484375,0.484375,0.484375,0.130225,0
1988-01-29,0.000000,0.480469,0.480469,0.480469,0.129175,16000
1988-02-01,0.000000,0.484375,0.484375,0.484375,0.130225,3200
1988-02-02,0.000000,0.480469,0.480469,0.480469,0.129175,105600
1988-02-03,0.000000,0.484375,0.480469,0.480469,0.129175,9600
1988-02-04,0.000000,0.484375,0.484375,0.484375,0.130225,3200
1988-02-05,0.000000,0.480469,0.480469,0.480469,0.129175,3200
1988-02-08,0.000000,0.484375,0.484375,0.484375,0.130225,6400
1988-02-09,0.000000,0.488281,0.480469,0.480469,0.129175,35200
1988-02-10,0.000000,0.484375,0.484375,0.484375,0.130225,6400
1988-02-11,0.000000,0.496094,0.488281,0.496094,0.133376,38400
1988-02-12,0.496094,0.496094,0.496094,0.496094,0.133376,0
1988-02-16,0.000000,0.500000,0.500000,0.500000,0.134426,32000
1988-02-17,0.000000,0.523438,0.503906,0.523438,0.140727,80000
1988-02-18,0.000000,0.523438,0.523438,0.523438,0.140727,32000
1988-02-19,0.000000,0.535156,0.527344,0.531250,0.142827,86400
1988-02-22,0.000000,0.582031,0.535156,0.578125,0.155430,195200
1988-02-23,0.000000,0.585938,0.566406,0.566406,0.152279,217600
1988-02-24,0.000000,0.566406,0.562500,0.562500,0.151229,22400
1988-02-25,0.000000,0.570313,0.562500,0.570313,0.153330,64000
1988-02-26,0.000000,0.570313,0.550781,0.554688,0.149129,150400
1988-02-29,0.000000,0.566406,0.550781,0.566406,0.152279,51200
1988-03-01,0.000000,0.574219,0.566406,0.574219,0.154380,57600
1988-03-02,0.000000,0.597656,0.574219,0.597656,0.160681,86400
1988-03-03,0.000000,0.609375,0.597656,0.609375,0.163831,73600
1988-03-04,0.000000,0.621094,0.609375,0.621094,0.166982,108800
1988-03-07,0.000000,0.632813,0.625000,0.632813,0.170133,214400
1988-03-08,0.000000,0.656250,0.632813,0.656250,0.176434,323200
1988-03-09,0.000000,0.683594,0.644531,0.667969,0.179585,457600
1988-03-10,0.000000,0.703125,0.667969,0.703125,0.189036,444800
1988-03-11,0.000000,0.699219,0.687500,0.699219,0.187986,121600
1988-03-14,0.000000,0.699219,0.667969,0.667969,0.179585,115200
1988-03-15,0.000000,0.660156,0.648438,0.660156,0.177484,128000
1988-03-16,0.000000,0.675781,0.652344,0.675781,0.181685,185600
1988-03-17,0.000000,0.703125,0.683594,0.703125,0.189036,220800
1988-03-18,0.000000,0.730469,0.707031,0.730469,0.196388,419200
1988-03-21,0.000000,0.750000,0.734375,0.738281,0.198488,214400
1988-03-22,0.000000,0.746094,0.734375,0.742188,0.199538,70400
1988-03-23,0.000000,0.742188,0.714844,0.714844,0.192187,89600
1988-03-24,0.000000,0.710938,0.675781,0.675781,0.181685,297600
1988-03-25,0.000000,0.671875,0.652344,0.656250,0.176434,121600
1988-03-28,0.000000,0.656250,0.640625,0.652344,0.175384,121600
1988-03-29,0.000000,0.656250,0.652344,0.652344,0.175384,166400
1988-03-30,0.000000,0.664063,0.644531,0.664063,0.178534,67200
1988-03-31,0.000000,0.710938,0.660156,0.710938,0.191137,198400
1988-04-04,0.000000,0.710938,0.707031,0.707031,0.190086,25600
1988-04-05,0.000000,0.730469,0.707031,0.730469,0.196388,121600
1988-04-06,0.000000,0.757813,0.734375,0.757813,0.203739,112000
1988-04-07,0.000000,0.832031,0.757813,0.832031,0.223693,489600
1988-04-08,0.000000,0.859375,0.839844,0.855469,0.229994,556800
1988-04-11,0.000000,0.906250,0.867188,0.898438,0.241546,652800
1988-04-12,0.000000,0.906250,0.886719,0.902344,0.242597,624000
1988-04-13,0.000000,0.906250,0.890625,0.890625,0.239446,217600
1988-04-14,0.000000,0.867188,0.839844,0.839844,0.225793,262400
1988-04-15,0.000000,0.859375,0.839844,0.859375,0.231044,28800
1988-04-18,0.000000,0.875000,0.843750,0.875000,0.235245,355200
1988-04-19,0.000000,0.906250,0.890625,0.890625,0.239446,201600
1988-04-20,0.000000,0.894531,0.878906,0.886719,0.238396,44800
1988-04-21,0.000000,0.890625,0.875000,0.875000,0.235245,275200
1988-04-22,0.000000,0.882813,0.867188,0.882813,0.237346,192000
1988-04-25,0.000000,0.886719,0.875000,0.875000,0.235245,44800
1988-04-26,0.000000,0.898438,0.882813,0.898438,0.241546,96000
1988-04-27,0.000000,0.910156,0.902344,0.906250,0.243646,185600
1988-04-28,0.000000,0.941406,0.914063,0.941406,0.253098,185600
1988-04-29,0.000000,0.937500,0.925781,0.925781,0.248898,51200
1988-05-02,0.000000,0.937500,0.925781,0.937500,0.252048,204800
1988-05-03,0.000000,0.937500,0.921875,0.925781,0.248898,108800
1988-05-04,0.000000,0.921875,0.910156,0.910156,0.244697,41600
1988-05-05,0.000000,0.925781,0.914063,0.925781,0.248898,44800
1988-05-06,0.000000,0.929688,0.921875,0.929688,0.249948,60800
1988-05-09,0.000000,0.921875,0.921875,0.921875,0.247847,16000
1988-05-10,0.000000,0.921875,0.902344,0.921875,0.247847,131200
1988-05-11,0.000000,0.914063,0.906250,0.914063,0.245747,102400
1988-05-12,0.000000,0.910156,0.890625,0.890625,0.239446,83200
1988-05-13,0.000000,0.921875,0.886719,0.914063,0.245747,262400
1988-05-16,0.000000,0.914063,0.910156,0.910156,0.244697,108800
1988-05-17,0.000000,0.902344,0.890625,0.898438,0.241546,108800
1988-05-18,0.000000,0.898438,0.882813,0.886719,0.238396,67200
1988-05-19,0.000000,0.878906,0.871094,0.875000,0.235245,64000
1988-05-20,0.000000,0.878906,0.871094,0.875000,0.235245,44800
1988-05-23,0.000000,0.875000,0.867188,0.867188,0.233145,70400
1988-05-24,0.000000,0.863281,0.863281,0.863281,0.232094,16000
1988-05-25,0.000000,0.863281,0.863281,0.863281,0.232094,35200
1988-05-26,0.000000,0.863281,0.863281,0.863281,0.232094,16000
1988-05-27,0.000000,0.863281,0.863281,0.863281,0.232094,89600
1988-05-31,0.000000,0.859375,0.859375,0.859375,0.231044,16000
1988-06-01,0.000000,0.867188,0.867188,0.867188,0.233145,28800
1988-06-02,0.000000,0.859375,0.851563,0.851563,0.228944,44800
1988-06-03,0.000000,0.847656,0.847656,0.847656,0.227894,3200
1988-06-06,0.000000,0.843750,0.828125,0.828125,0.222643,80000
1988-06-07,0.000000,0.855469,0.832031,0.855469,0.229994,265600
1988-06-08,0.000000,0.867188,0.863281,0.863281,0.232094,86400
1988-06-09,0.000000,0.914063,0.875000,0.906250,0.243646,816000
1988-06-10,0.000000,0.972656,0.914063,0.972656,0.261500,940800
1988-06-13,0.000000,0.992188,0.976563,0.976563,0.262550,217600
1988-06-14,0.000000,0.968750,0.925781,0.933594,0.250998,246400
1988-06-15,0.000000,0.929688,0.917969,0.925781,0.248898,57600
1988-06-16,0.000000,0.917969,0.902344,0.906250,0.243646,3606400
1988-06-17,0.000000,0.917969,0.906250,0.914063,0.245747,553600
1988-06-20,0.000000,0.917969,0.906250,0.917969,0.246797,150400
1988-06-21,0.000000,0.921875,0.917969,0.917969,0.246797,12800
1988-06-22,0.000000,0.933594,0.925781,0.933594,0.250998,54400
1988-06-23,0.000000,0.937500,0.921875,0.933594,0.250998,86400
1988-06-24,0.000000,0.945313,0.933594,0.941406,0.253098,73600
1988-06-27,0.000000,0.949219,0.941406,0.941406,0.253098,51200
1988-06-28,0.000000,0.945313,0.937500,0.937500,0.252048,16000
1988-06-29,0.000000,0.937500,0.937500,0.937500,0.252048,9600
1988-06-30,0.000000,0.949219,0.937500,0.949219,0.255199,64000
1988-07-01,0.000000,0.957031,0.945313,0.945313,0.254149,124800
1988-07-05,0.000000,0.949219,0.949219,0.949219,0.255199,3200
1988-07-06,0.000000,0.937500,0.933594,0.933594,0.250998,64000
1988-07-07,0.000000,0.933594,0.933594,0.933594,0.250998,54400
1988-07-08,0.000000,0.933594,0.929688,0.929688,0.249948,80000
1988-07-11,0.000000,0.953125,0.933594,0.953125,0.256249,108800
1988-07-12,0.000000,1.003906,0.960938,0.996094,0.267801,502400
1988-07-13,0.000000,0.996094,0.968750,0.968750,0.260450,211200
1988-07-14,0.968750,0.968750,0.968750,0.968750,0.260450,0
1988-07-15,0.000000,0.968750,0.968750,0.968750,0.260450,32000
1988-07-18,0.000000,0.976563,0.976563,0.976563,0.262550,12800
1988-07-19,0.000000,0.968750,0.964844,0.964844,0.259400,80000
1988-07-20,0.000000,0.964844,0.960938,0.960938,0.258350,57600
1988-07-21,0.000000,0.968750,0.953125,0.968750,0.260450,14400
1988-07-22,0.000000,0.960938,0.945313,0.945313,0.254149,44800
1988-07-25,0.000000,0.953125,0.945313,0.953125,0.256249,11200
1988-07-26,0.000000,0.960938,0.960938,0.960938,0.258350,36800
1988-07-27,0.000000,0.968750,0.960938,0.960938,0.258350,110400
1988-07-28,0.000000,0.968750,0.968750,0.968750,0.260450,22400
1988-07-29,0.000000,0.984375,0.968750,0.984375,0.264651,240000
1988-08-01,0.000000,0.984375,0.984375,0.984375,0.264651,19200
1988-08-02,0.000000,0.976563,0.976563,0.976563,0.262550,1600
1988-08-03,0.000000,0.976563,0.960938,0.960938,0.258350,172800
1988-08-04,0.000000,0.960938,0.937500,0.945313,0.254149,259200
1988-08-05,0.000000,0.937500,0.906250,0.906250,0.243646,387200
1988-08-08,0.000000,0.914063,0.867188,0.867188,0.233145,436800
1988-08-09,0.000000,0.867188,0.835938,0.835938,0.224743,145600
1988-08-10,0.000000,0.867188,0.843750,0.859375,0.231044,172800
1988-08-11,0.000000,0.859375,0.851563,0.851563,0.228944,132800
1988-08-12,0.000000,0.859375,0.851563,0.859375,0.231044,35200
1988-08-15,0.000000,0.867188,0.867188,0.867188,0.233145,3200
1988-08-16,0.000000,0.875000,0.859375,0.875000,0.235245,12800
1988-08-17,0.000000,0.898438,0.875000,0.898438,0.241546,27200
1988-08-18,0.000000,0.921875,0.906250,0.921875,0.247847,59200
1988-08-19,0.000000,0.945313,0.921875,0.945313,0.254149,65600
1988-08-22,0.000000,0.937500,0.937500,0.937500,0.252048,35200
1988-08-23,0.000000,0.937500,0.921875,0.929688,0.249948,51200
1988-08-24,0.000000,0.929688,0.914063,0.914063,0.245747,16000
1988-08-25,0.000000,0.914063,0.914063,0.914063,0.245747,3200
1988-08-26,0.000000,0.914063,0.914063,0.914063,0.245747,1600
1988-08-29,0.000000,0.921875,0.906250,0.914063,0.245747,20800
1988-08-30,0.914063,0.914063,0.914063,0.914063,0.245747,0
1988-08-31,0.000000,0.921875,0.921875,0.921875,0.247847,16000
1988-09-01,0.921875,0.921875,0.921875,0.921875,0.247847,0
1988-09-02,0.000000,0.929688,0.929688,0.929688,0.249948,4800
1988-09-06,0.000000,0.937500,0.937500,0.937500,0.252048,1600
1988-09-07,0.000000,0.929688,0.921875,0.929688,0.249948,27200
1988-09-08,0.000000,0.937500,0.921875,0.937500,0.252048,9600
1988-09-09,0.000000,0.937500,0.937500,0.937500,0.252048,33600
1988-09-12,0.000000,0.937500,0.929688,0.929688,0.249948,46400
1988-09-13,0.000000,0.929688,0.929688,0.929688,0.249948,1600
1988-09-14,0.000000,0.937500,0.937500,0.937500,0.252048,190400
1988-09-15,0.000000,0.953125,0.945313,0.953125,0.256249,65600
1988-09-16,0.000000,0.953125,0.953125,0.953125,0.256249,80000
1988-09-19,0.000000,0.984375,0.953125,0.984375,0.264651,99200
1988-09-20,0.000000,0.984375,0.960938,0.960938,0.258350,65600
1988-09-21,0.000000,0.976563,0.960938,0.960938,0.258350,35200
1988-09-22,0.000000,0.984375,0.960938,0.984375,0.264651,115200
1988-09-23,0.000000,1.000000,0.968750,0.992188,0.266751,209600
1988-09-26,0.000000,0.992188,0.968750,0.968750,0.260450,46400
1988-09-27,0.000000,0.968750,0.968750,0.968750,0.260450,19200
1988-09-28,0.000000,0.968750,0.968750,0.968750,0.260450,4800
1988-09-29,0.000000,0.968750,0.968750,0.968750,0.260450,3200
1988-09-30,0.000000,0.992188,0.968750,0.984375,0.264651,120000
1988-10-03,0.000000,0.992188,0.984375,0.992188,0.267771,40000
1988-10-04,0.000000,0.992188,0.984375,0.992188,0.267771,19200
1988-10-05,0.000000,1.000000,0.992188,1.000000,0.269880,65600
1988-10-06,1.000000,1.000000,1.000000,1.000000,0.269880,0
1988-10-07,0.000000,1.007813,1.000000,1.000000,0.269880,107200
1988-10-10,0.000000,1.023438,1.015625,1.023438,0.276205,76800
1988-10-11,0.000000,1.117188,1.023438,1.109375,0.299398,219200
1988-10-12,0.000000,1.132813,1.093750,1.101563,0.297290,868800
1988-10-13,0.000000,1.109375,1.085938,1.085938,0.293073,56000
1988-10-14,0.000000,1.078125,1.070313,1.078125,0.290964,139200
1988-10-17,0.000000,1.070313,1.062500,1.062500,0.286747,24000
1988-10-18,0.000000,1.062500,1.031250,1.031250,0.278313,284800
1988-10-19,0.000000,1.054688,1.039063,1.054688,0.284639,131200
1988-10-20,0.000000,1.054688,1.046875,1.054688,0.284639,17600
1988-10-21,0.000000,1.062500,1.046875,1.062500,0.286747,38400
1988-10-24,0.000000,1.078125,1.062500,1.062500,0.286747,60800
1988-10-25,0.000000,1.109375,1.070313,1.109375,0.299398,89600
1988-10-26,0.000000,1.117188,1.109375,1.109375,0.299398,91200
1988-10-27,0.000000,1.109375,1.101563,1.101563,0.297290,64000
1988-10-28,0.000000,1.101563,1.101563,1.101563,0.297290,17600
1988-10-31,0.000000,1.109375,1.093750,1.109375,0.299398,30400
1988-11-01,0.000000,1.117188,1.109375,1.117188,0.301506,89600
1988-11-02,0.000000,1.125000,1.117188,1.125000,0.303615,68800
1988-11-03,0.000000,1.171875,1.125000,1.171875,0.316265,166400
1988-11-04,0.000000,1.171875,1.156250,1.171875,0.316265,60800
1988-11-07,0.000000,1.171875,1.164063,1.171875,0.316265,16000
1988-11-08,0.000000,1.179688,1.171875,1.179688,0.318374,256000
1988-11-09,0.000000,1.179688,1.179688,1.179688,0.318374,12800
1988-11-10,0.000000,1.179688,1.179688,1.179688,0.318374,16000
1988-11-11,0.000000,1.179688,1.156250,1.156250,0.312048,49600
1988-11-14,0.000000,1.148438,1.132813,1.132813,0.305723,25600
1988-11-15,0.000000,1.148438,1.140625,1.140625,0.307832,99200
1988-11-16,0.000000,1.148438,1.125000,1.125000,0.303615,60800
1988-11-17,0.000000,1.117188,1.093750,1.093750,0.295181,126400
1988-11-18,0.000000,1.085938,1.054688,1.062500,0.286747,70400
1988-11-21,1.062500,1.062500,1.062500,1.062500,0.286747,0
1988-11-22,0.000000,1.062500,1.062500,1.062500,0.286747,1600
1988-11-23,0.000000,1.078125,1.070313,1.078125,0.290964,17600
1988-11-25,0.000000,1.085938,1.078125,1.078125,0.290964,32000
1988-11-28,0.000000,1.085938,1.070313,1.070313,0.288856,25600
1988-11-29,0.000000,1.078125,1.078125,1.078125,0.290964,1128000
1988-11-30,0.000000,1.085938,1.070313,1.085938,0.293073,9600
1988-12-01,0.000000,1.093750,1.085938,1.085938,0.293073,43200
1988-12-02,0.000000,1.093750,1.093750,1.093750,0.295181,657600
1988-12-05,0.000000,1.132813,1.101563,1.132813,0.305723,48000
1988-12-06,0.000000,1.148438,1.140625,1.148438,0.309940,30400
1988-12-07,0.000000,1.156250,1.148438,1.156250,0.312048,59200
1988-12-08,0.000000,1.203125,1.148438,1.203125,0.324699,116800
1988-12-09,0.000000,1.242188,1.203125,1.242188,0.335241,268800
1988-12-12,0.000000,1.250000,1.210938,1.218750,0.328916,83200
1988-12-13,0.000000,1.210938,1.203125,1.203125,0.324699,100800
1988-12-14,0.000000,1.203125,1.179688,1.187500,0.320482,147200
1988-12-15,0.000000,1.187500,1.179688,1.187500,0.320482,9600
1988-12-16,0.000000,1.195313,1.195313,1.195313,0.322591,49600
1988-12-19,0.000000,1.210938,1.203125,1.203125,0.326063,32000
1988-12-20,0.000000,1.203125,1.203125,1.203125,0.326063,4800
1988-12-21,0.000000,1.242188,1.210938,1.234375,0.334532,78400
1988-12-22,0.000000,1.242188,1.242188,1.242188,0.336649,20800
1988-12-23,0.000000,1.234375,1.234375,1.234375,0.334532,8000
1988-12-27,0.000000,1.242188,1.234375,1.242188,0.336649,36800
1988-12-28,0.000000,1.250000,1.242188,1.250000,0.338767,68800
1988-12-29,0.000000,1.250000,1.210938,1.218750,0.330297,94400
1988-12-30,0.000000,1.218750,1.203125,1.218750,0.330297,44800
1989-01-03,0.000000,1.218750,1.187500,1.195313,0.323946,81600
1989-01-04,0.000000,1.250000,1.210938,1.250000,0.338767,121600
1989-01-05,0.000000,1.250000,1.250000,1.250000,0.338767,28800
1989-01-06,0.000000,1.273438,1.257813,1.273438,0.345119,75200
1989-01-09,0.000000,1.343750,1.281250,1.343750,0.364174,280000
1989-01-10,0.000000,1.351563,1.335938,1.351563,0.366291,140800
1989-01-11,0.000000,1.351563,1.335938,1.343750,0.364174,60800
1989-01-12,0.000000,1.351563,1.335938,1.335938,0.362057,94400
1989-01-13,0.000000,1.359375,1.335938,1.359375,0.368409,507200
1989-01-16,0.000000,1.437500,1.382813,1.429688,0.387464,324800
1989-01-17,0.000000,1.531250,1.460938,1.531250,0.414989,323200
1989-01-18,0.000000,1.609375,1.531250,1.593750,0.431927,531200
1989-01-19,0.000000,1.593750,1.546875,1.554688,0.421341,299200
1989-01-20,0.000000,1.578125,1.539063,1.546875,0.419224,192000
1989-01-23,0.000000,1.554688,1.546875,1.546875,0.419224,32000
1989-01-24,0.000000,1.531250,1.500000,1.507813,0.408637,222400
1989-01-25,0.000000,1.523438,1.500000,1.515625,0.410755,38400
1989-01-26,0.000000,1.539063,1.507813,1.539063,0.417107,84800
1989-01-27,0.000000,1.562500,1.523438,1.539063,0.417107,225600
1989-01-30,0.000000,1.554688,1.546875,1.546875,0.419224,17600
1989-01-31,0.000000,1.546875,1.531250,1.546875,0.419224,46400
1989-02-01,0.000000,1.554688,1.539063,1.546875,0.419224,60800
1989-02-02,0.000000,1.562500,1.546875,1.562500,0.423458,153600
1989-02-03,0.000000,1.562500,1.546875,1.562500,0.423458,49600
1989-02-06,0.000000,1.593750,1.570313,1.570313,0.425576,97600
1989-02-07,0.000000,1.593750,1.570313,1.570313,0.425576,67200
1989-02-08,0.000000,1.601563,1.562500,1.601563,0.434045,137600
1989-02-09,0.000000,1.601563,1.585938,1.585938,0.429810,51200
1989-02-10,0.000000,1.578125,1.562500,1.562500,0.423458,116800
1989-02-13,0.000000,1.578125,1.539063,1.578125,0.427693,150400
1989-02-14,0.000000,1.601563,1.585938,1.601563,0.434045,65600
1989-02-15,0.000000,1.609375,1.601563,1.609375,0.436162,20800
1989-02-16,0.000000,1.609375,1.601563,1.601563,0.434045,11200
1989-02-17,0.000000,1.609375,1.601563,1.601563,0.434045,164800
1989-02-21,0.000000,2.226563,1.875000,2.203125,0.597076,1100800
1989-02-22,0.000000,2.437500,2.320313,2.414063,0.654243,1134400
1989-02-23,0.000000,2.414063,2.250000,2.375000,0.643657,1076800
1989-02-24,0.000000,2.375000,2.312500,2.359375,0.639422,275200
1989-02-27,0.000000,2.343750,2.289063,2.320313,0.628835,208000
1989-02-28,0.000000,2.359375,2.304688,2.359375,0.639422,268800
1989-03-01,0.000000,2.375000,2.343750,2.359375,0.639422,182400
1989-03-02,0.000000,2.390625,2.367188,2.375000,0.643657,264000
1989-03-03,0.000000,2.390625,2.367188,2.375000,0.643657,251200
1989-03-06,0.000000,2.406250,2.367188,2.406250,0.652126,179200
1989-03-07,0.000000,2.468750,2.414063,2.414063,0.654243,185600
1989-03-08,0.000000,2.437500,2.382813,2.382813,0.645774,228800
1989-03-09,0.000000,2.406250,2.375000,2.390625,0.647891,169600
1989-03-10,0.000000,2.421875,2.390625,2.421875,0.656360,60800
1989-03-13,0.000000,2.437500,2.421875,2.421875,0.656360,80000
1989-03-14,0.000000,2.406250,2.382813,2.382813,0.645774,129600
1989-03-15,0.000000,2.390625,2.359375,2.359375,0.639422,126400
1989-03-16,0.000000,2.367188,2.351563,2.351563,0.637305,75200
1989-03-17,0.000000,2.343750,2.312500,2.328125,0.632297,142400
1989-03-20,0.000000,2.335938,2.320313,2.335938,0.634419,184000
1989-03-21,0.000000,2.328125,2.312500,2.312500,0.628054,76800
1989-03-22,0.000000,2.312500,2.289063,2.289063,0.621689,388800
1989-03-23,0.000000,2.281250,2.281250,2.281250,0.619567,44800
1989-03-27,0.000000,2.281250,2.242188,2.242188,0.608957,72000
1989-03-28,0.000000,2.296875,2.257813,2.296875,0.623810,401600
1989-03-29,0.000000,2.320313,2.296875,2.312500,0.628054,88000
1989-03-30,0.000000,2.328125,2.320313,2.320313,0.630176,20800
1989-03-31,0.000000,2.359375,2.320313,2.343750,0.636541,179200
1989-04-03,0.000000,2.359375,2.343750,2.351563,0.638663,336000
1989-04-04,0.000000,2.375000,2.359375,2.375000,0.645028,208000
1989-04-05,0.000000,2.375000,2.375000,2.375000,0.645028,33600
1989-04-06,0.000000,2.375000,2.359375,2.359375,0.640784,102400
1989-04-07,0.000000,2.390625,2.390625,2.390625,0.649272,24000
1989-04-10,0.000000,2.398438,2.382813,2.390625,0.649272,105600
1989-04-11,0.000000,2.406250,2.390625,2.398438,0.651394,108800
1989-04-12,0.000000,2.406250,2.390625,2.406250,0.653515,155200
1989-04-13,0.000000,2.414063,2.382813,2.382813,0.647150,264000
1989-04-14,0.000000,2.390625,2.382813,2.382813,0.647150,337600
1989-04-17,0.000000,2.398438,2.390625,2.398438,0.651394,32000
1989-04-18,0.000000,2.390625,2.375000,2.390625,0.649272,30400
1989-04-19,0.000000,2.375000,2.335938,2.351563,0.638663,57600
1989-04-20,0.000000,2.375000,2.351563,2.359375,0.640784,91200
1989-04-21,0.000000,2.375000,2.351563,2.375000,0.645028,32000
1989-04-24,0.000000,2.375000,2.367188,2.375000,0.645028,32000
1989-04-25,0.000000,2.375000,2.375000,2.375000,0.645028,96000
1989-04-26,0.000000,2.406250,2.390625,2.406250,0.653515,43200
1989-04-27,0.000000,2.562500,2.421875,2.531250,0.687464,364800
1989-04-28,0.000000,2.562500,2.531250,2.562500,0.695951,188800
1989-05-01,0.000000,2.546875,2.453125,2.453125,0.666246,174400
1989-05-02,0.000000,2.187500,1.945313,2.125000,0.577130,1427200
1989-05-03,0.000000,2.132813,2.031250,2.085938,0.566521,436800
1989-05-04,0.000000,2.109375,2.078125,2.101563,0.570765,184000
1989-05-05,0.000000,2.125000,2.093750,2.125000,0.577130,52800
1989-05-08,0.000000,2.156250,2.117188,2.132813,0.579252,80000
1989-05-09,0.000000,2.132813,2.101563,2.109375,0.572887,96000
1989-05-10,0.000000,2.140625,2.093750,2.093750,0.568643,96000
1989-05-11,0.000000,2.093750,2.093750,2.093750,0.568643,25600
1989-05-12,0.000000,2.125000,2.078125,2.101563,0.570765,107200
1989-05-15,0.000000,2.109375,2.093750,2.093750,0.568643,40000
1989-05-16,0.000000,2.085938,2.062500,2.062500,0.560156,96000
1989-05-17,0.000000,2.054688,1.984375,2.000000,0.543182,464000
1989-05-18,0.000000,1.976563,1.914063,1.937500,0.526207,444800
1989-05-19,0.000000,1.937500,1.914063,1.914063,0.519842,265600
1989-05-22,0.000000,1.953125,1.914063,1.937500,0.526207,294400
1989-05-23,0.000000,1.945313,1.921875,1.921875,0.521963,108800
1989-05-24,0.000000,1.929688,1.914063,1.929688,0.524085,96000
1989-05-25,0.000000,1.945313,1.937500,1.945313,0.528329,32000
1989-05-26,0.000000,1.984375,1.937500,1.968750,0.534694,302400
1989-05-30,0.000000,2.078125,1.976563,2.078125,0.564399,299200
1989-05-31,0.000000,2.085938,2.062500,2.062500,0.560156,70400
1989-06-01,0.000000,2.070313,2.046875,2.070313,0.562278,110400
1989-06-02,0.000000,2.093750,2.062500,2.093750,0.568643,105600
1989-06-05,0.000000,2.093750,2.062500,2.062500,0.560156,153600
1989-06-06,0.000000,2.046875,2.015625,2.039063,0.553790,120000
1989-06-07,0.000000,2.093750,2.054688,2.085938,0.566521,113600
1989-06-08,0.000000,2.156250,2.109375,2.148438,0.583496,348800
1989-06-09,0.000000,2.179688,2.140625,2.148438,0.583496,206400
1989-06-12,0.000000,2.171875,2.140625,2.140625,0.581374,134400
1989-06-13,0.000000,2.140625,2.125000,2.140625,0.581374,41600
1989-06-14,0.000000,2.187500,2.140625,2.140625,0.581374,254400
1989-06-15,0.000000,2.148438,2.117188,2.140625,0.581374,372800
1989-06-16,0.000000,2.187500,2.148438,2.187500,0.594105,244800
1989-06-19,0.000000,2.250000,2.203125,2.210938,0.600470,238400
1989-06-20,0.000000,2.234375,2.210938,2.234375,0.608556,480000
1989-06-21,0.000000,2.257813,2.218750,2.257813,0.614939,172800
1989-06-22,0.000000,2.328125,2.265625,2.304688,0.627707,80000
1989-06-23,0.000000,2.328125,2.312500,2.328125,0.634090,121600
1989-06-26,0.000000,2.398438,2.335938,2.398438,0.653240,206400
1989-06-27,0.000000,2.390625,2.367188,2.390625,0.651112,136000
1989-06-28,0.000000,2.375000,2.335938,2.351563,0.640473,51200
1989-06-29,0.000000,2.351563,2.195313,2.250000,0.612812,598400
1989-06-30,0.000000,2.234375,2.179688,2.195313,0.597917,225600
1989-07-03,0.000000,2.210938,2.195313,2.210938,0.602172,57600
1989-07-05,0.000000,2.218750,2.171875,2.171875,0.591533,160000
1989-07-06,0.000000,2.171875,2.156250,2.156250,0.587278,84800
1989-07-07,0.000000,2.156250,2.148438,2.156250,0.587278,59200
1989-07-10,0.000000,2.164063,2.156250,2.156250,0.587278,140800
1989-07-11,0.000000,2.171875,2.156250,2.171875,0.591533,75200
1989-07-12,0.000000,2.179688,2.093750,2.093750,0.570255,6552000
1989-07-13,0.000000,2.132813,2.085938,2.132813,0.580894,342400
1989-07-14,0.000000,2.156250,2.125000,2.156250,0.587278,179200
1989-07-17,0.000000,2.148438,2.140625,2.140625,0.583022,1326400
1989-07-18,0.000000,2.187500,2.156250,2.171875,0.591533,3475200
1989-07-19,0.000000,2.312500,2.171875,2.296875,0.625578,832000
1989-07-20,0.000000,2.359375,2.289063,2.343750,0.638345,236800
1989-07-21,0.000000,2.351563,2.343750,2.351563,0.640473,22400
1989-07-24,0.000000,2.421875,2.328125,2.406250,0.655368,1009600
1989-07-25,0.000000,2.406250,2.367188,2.367188,0.644729,1622400
1989-07-26,0.000000,2.375000,2.359375,2.367188,0.644729,139200
1989-07-27,0.000000,1.781250,1.750000,1.765625,0.653402,121600
1989-07-28,0.000000,1.765625,1.757813,1.757813,0.650511,40000
1989-07-31,0.000000,1.757813,1.703125,1.710938,0.633164,185600
1989-08-01,0.000000,1.718750,1.703125,1.710938,0.633164,40000
1989-08-02,0.000000,1.726563,1.703125,1.726563,0.638946,86400
1989-08-03,0.000000,1.781250,1.734375,1.757813,0.650511,334400
1989-08-04,0.000000,1.750000,1.742188,1.750000,0.647620,24000
1989-08-07,0.000000,1.757813,1.742188,1.742188,0.644729,80000
1989-08-08,0.000000,1.742188,1.710938,1.726563,0.638946,171200
1989-08-09,0.000000,1.726563,1.718750,1.726563,0.638946,20800
1989-08-10,0.000000,1.718750,1.710938,1.710938,0.633164,22400
1989-08-11,0.000000,1.742188,1.718750,1.726563,0.638946,84800
1989-08-14,0.000000,1.726563,1.726563,1.726563,0.638946,12800
1989-08-15,0.000000,1.718750,1.718750,1.718750,0.636055,17600
1989-08-16,0.000000,1.718750,1.703125,1.718750,0.636055,104000
1989-08-17,0.000000,1.710938,1.703125,1.703125,0.630273,41600
1989-08-18,0.000000,1.703125,1.687500,1.703125,0.630273,121600
1989-08-21,0.000000,1.710938,1.671875,1.671875,0.618708,121600
1989-08-22,0.000000,1.687500,1.679688,1.679688,0.621600,56000
1989-08-23,0.000000,1.687500,1.679688,1.687500,0.624491,19200
1989-08-24,0.000000,1.695313,1.687500,1.687500,0.624491,12800
1989-08-25,0.000000,1.695313,1.687500,1.687500,0.624491,67200
1989-08-28,0.000000,1.687500,1.687500,1.687500,0.624491,148800
1989-08-29,0.000000,1.687500,1.687500,1.687500,0.624491,134400
1989-08-30,0.000000,1.687500,1.679688,1.679688,0.621600,19200
1989-08-31,0.000000,1.750000,1.687500,1.750000,0.647620,56000
1989-09-01,0.000000,1.781250,1.765625,1.773438,0.656294,73600
1989-09-05,0.000000,1.804688,1.789063,1.804688,0.667858,54400
1989-09-06,0.000000,1.804688,1.789063,1.789063,0.662076,534400
1989-09-07,0.000000,1.804688,1.804688,1.804688,0.667858,12800
1989-09-08,0.000000,1.828125,1.812500,1.820313,0.673640,89600
1989-09-11,0.000000,1.812500,1.812500,1.812500,0.670749,33600
1989-09-12,0.000000,1.843750,1.828125,1.835938,0.679423,108800
1989-09-13,0.000000,1.835938,1.828125,1.828125,0.676532,12800
1989-09-14,0.000000,1.820313,1.820313,1.820313,0.673640,30400
1989-09-15,0.000000,1.835938,1.835938,1.835938,0.679423,12800
1989-09-18,0.000000,1.828125,1.828125,1.828125,0.676532,11200
1989-09-19,0.000000,1.820313,1.820313,1.820313,0.673640,11200
1989-09-20,0.000000,1.828125,1.820313,1.820313,0.673640,9600
1989-09-21,0.000000,1.843750,1.820313,1.843750,0.682314,14400
1989-09-22,0.000000,1.890625,1.859375,1.890625,0.699661,49600
1989-09-25,0.000000,1.914063,1.906250,1.914063,0.708334,25600
1989-09-26,0.000000,2.015625,1.906250,2.015625,0.745919,547200
1989-09-27,0.000000,2.031250,2.015625,2.015625,0.745919,312000
1989-09-28,0.000000,2.007813,2.000000,2.000000,0.740137,54400
1989-09-29,0.000000,2.031250,2.000000,2.031250,0.751702,243200
1989-10-02,0.000000,2.031250,2.023438,2.031250,0.754022,281600
1989-10-03,0.000000,2.054688,2.039063,2.054688,0.762722,12800
1989-10-04,0.000000,2.062500,2.062500,2.062500,0.765622,1600
1989-10-05,0.000000,2.093750,2.062500,2.093750,0.777223,67200
1989-10-06,0.000000,2.109375,2.093750,2.109375,0.783022,28800
1989-10-09,0.000000,2.125000,2.109375,2.125000,0.788823,78400
1989-10-10,0.000000,2.156250,2.132813,2.132813,0.791723,113600
1989-10-11,0.000000,2.140625,2.109375,2.109375,0.783022,49600
1989-10-12,0.000000,2.109375,2.101563,2.109375,0.783022,4800
1989-10-13,0.000000,2.101563,1.968750,1.976563,0.733721,155200
1989-10-16,0.000000,1.914063,1.812500,1.914063,0.710521,537600
1989-10-17,0.000000,1.960938,1.898438,1.945313,0.722121,214400
1989-10-18,0.000000,1.960938,1.953125,1.960938,0.727921,17600
1989-10-19,0.000000,2.062500,1.968750,2.062500,0.765622,105600
1989-10-20,0.000000,2.070313,2.062500,2.070313,0.768522,43200
1989-10-23,0.000000,2.070313,2.070313,2.070313,0.768522,24000
1989-10-24,0.000000,2.054688,2.031250,2.046875,0.759822,48000
1989-10-25,0.000000,2.039063,2.023438,2.039063,0.756923,51200
1989-10-26,0.000000,2.031250,2.000000,2.007813,0.745322,36800
1989-10-27,0.000000,2.000000,1.992188,2.000000,0.742422,19200
1989-10-30,0.000000,2.000000,1.984375,1.984375,0.736621,120000
1989-10-31,0.000000,2.070313,1.992188,2.070313,0.768522,731200
1989-11-01,0.000000,2.062500,2.062500,2.062500,0.765622,8000
1989-11-02,0.000000,2.070313,2.031250,2.031250,0.754022,100800
1989-11-03,2.031250,2.031250,2.031250,2.031250,0.754022,0
1989-11-06,0.000000,2.031250,2.031250,2.031250,0.754022,8000
1989-11-07,0.000000,2.031250,2.031250,2.031250,0.754022,81600
1989-11-08,0.000000,2.015625,2.015625,2.015625,0.748222,22400
1989-11-09,0.000000,2.000000,1.937500,1.937500,0.719220,188800
1989-11-10,0.000000,1.929688,1.921875,1.921875,0.713421,33600
1989-11-13,0.000000,1.937500,1.906250,1.937500,0.719220,225600
1989-11-14,0.000000,2.000000,1.953125,1.968750,0.730821,195200
1989-11-15,0.000000,1.968750,1.953125,1.953125,0.725021,40000
1989-11-16,0.000000,1.953125,1.929688,1.953125,0.725021,126400
1989-11-17,0.000000,1.953125,1.945313,1.945313,0.722121,32000
1989-11-20,0.000000,1.945313,1.890625,1.890625,0.701820,70400
1989-11-21,0.000000,1.882813,1.796875,1.812500,0.672819,163200
1989-11-22,0.000000,1.796875,1.796875,1.796875,0.667019,25600
1989-11-24,0.000000,1.796875,1.765625,1.765625,0.655419,35200
1989-11-27,0.000000,1.765625,1.734375,1.734375,0.643819,43200
1989-11-28,0.000000,1.726563,1.718750,1.718750,0.638018,75200
1989-11-29,0.000000,1.734375,1.703125,1.718750,0.638018,75200
1989-11-30,0.000000,1.718750,1.703125,1.710938,0.635119,131200
1989-12-01,0.000000,1.726563,1.710938,1.718750,0.638018,27200
1989-12-04,0.000000,1.734375,1.710938,1.734375,0.643819,32000
1989-12-05,0.000000,1.781250,1.742188,1.781250,0.661219,505600
1989-12-06,0.000000,1.804688,1.796875,1.804688,0.669919,104000
1989-12-07,0.000000,1.804688,1.804688,1.804688,0.669919,16000
1989-12-08,0.000000,1.804688,1.796875,1.796875,0.667019,224000
1989-12-11,0.000000,1.796875,1.796875,1.796875,0.667019,164800
1989-12-12,0.000000,1.796875,1.789063,1.789063,0.664120,238400
1989-12-13,0.000000,1.773438,1.757813,1.757813,0.652519,52800
1989-12-14,0.000000,1.757813,1.726563,1.734375,0.643819,60800
1989-12-15,0.000000,1.734375,1.710938,1.710938,0.635119,46400
1989-12-18,0.000000,1.703125,1.679688,1.679688,0.623518,32000
1989-12-19,0.000000,1.671875,1.656250,1.656250,0.614818,68800
1989-12-20,0.000000,1.656250,1.656250,1.656250,0.614818,44800
1989-12-21,0.000000,1.617188,1.593750,1.617188,0.600317,598400
1989-12-22,0.000000,1.632813,1.593750,1.632813,0.608469,169600
1989-12-26,0.000000,1.617188,1.609375,1.609375,0.599735,24000
1989-12-27,0.000000,1.609375,1.593750,1.593750,0.593913,115200
1989-12-28,0.000000,1.625000,1.578125,1.625000,0.605558,532800
1989-12-29,0.000000,1.625000,1.617188,1.617188,0.602647,310400
1990-01-02,0.000000,1.625000,1.617188,1.625000,0.605558,59200
1990-01-03,0.000000,1.625000,1.625000,1.625000,0.605558,120000
1990-01-04,0.000000,1.640625,1.625000,1.632813,0.608469,38400
1990-01-05,0.000000,1.656250,1.632813,1.656250,0.617203,20800
1990-01-08,0.000000,1.648438,1.648438,1.648438,0.614292,12800
1990-01-09,0.000000,1.648438,1.640625,1.640625,0.611380,51200
1990-01-10,0.000000,1.656250,1.648438,1.656250,0.617203,40000
1990-01-11,0.000000,1.750000,1.687500,1.750000,0.652139,118400
1990-01-12,0.000000,1.734375,1.718750,1.718750,0.640493,59200
1990-01-15,0.000000,1.718750,1.710938,1.710938,0.637583,8000
1990-01-16,0.000000,1.710938,1.656250,1.679688,0.625937,200000
1990-01-17,0.000000,1.687500,1.671875,1.687500,0.628848,43200
1990-01-18,0.000000,1.687500,1.687500,1.687500,0.628848,4800
1990-01-19,0.000000,1.671875,1.656250,1.656250,0.617203,59200
1990-01-22,0.000000,1.664063,1.648438,1.664063,0.620115,38400
1990-01-23,0.000000,1.656250,1.656250,1.656250,0.617203,4800
1990-01-24,0.000000,1.648438,1.609375,1.625000,0.605558,91200
1990-01-25,0.000000,1.625000,1.609375,1.625000,0.605558,32000
1990-01-26,0.000000,1.617188,1.593750,1.593750,0.593913,75200
1990-01-29,0.000000,1.585938,1.585938,1.585938,0.591001,3200
1990-01-30,0.000000,1.578125,1.578125,1.578125,0.588090,24000
1990-01-31,0.000000,1.562500,1.460938,1.476563,0.550242,268800
1990-02-01,0.000000,1.500000,1.468750,1.500000,0.558976,46400
1990-02-02,0.000000,1.500000,1.476563,1.500000,0.558976,52800
1990-02-05,0.000000,1.507813,1.500000,1.507813,0.561888,36800
1990-02-06,0.000000,1.500000,1.500000,1.500000,0.558976,32000
1990-02-07,0.000000,1.507813,1.507813,1.507813,0.561888,16000
1990-02-08,1.507813,1.507813,1.507813,1.507813,0.561888,0
1990-02-09,1.507813,1.507813,1.507813,1.507813,0.561888,0
1990-02-12,0.000000,1.531250,1.500000,1.531250,0.570622,89600
1990-02-13,0.000000,1.593750,1.546875,1.593750,0.593913,57600
1990-02-14,0.000000,1.609375,1.609375,1.609375,0.599735,8000
1990-02-15,0.000000,1.648438,1.625000,1.648438,0.614292,57600
1990-02-16,0.000000,1.671875,1.656250,1.656250,0.617203,148800
1990-02-20,0.000000,1.648438,1.640625,1.640625,0.611380,116800
1990-02-21,0.000000,1.648438,1.640625,1.640625,0.611380,17600
1990-02-22,0.000000,1.625000,1.625000,1.625000,0.605558,14400
1990-02-23,0.000000,1.609375,1.593750,1.593750,0.593913,56000
1990-02-26,0.000000,1.578125,1.578125,1.578125,0.588090,16000
1990-02-27,0.000000,1.578125,1.578125,1.578125,0.588090,1600
1990-02-28,0.000000,1.570313,1.539063,1.539063,0.573533,54400
1990-03-01,0.000000,1.531250,1.523438,1.523438,0.567710,9600
1990-03-02,0.000000,1.515625,1.515625,1.515625,0.564799,3200
1990-03-05,0.000000,1.500000,1.484375,1.484375,0.553154,25600
1990-03-06,0.000000,1.476563,1.476563,1.476563,0.550242,48000
1990-03-07,0.000000,1.476563,1.460938,1.460938,0.544420,38400
1990-03-08,1.460938,1.460938,1.460938,1.460938,0.544420,0
1990-03-09,0.000000,1.476563,1.468750,1.468750,0.547331,38400
1990-03-12,0.000000,1.460938,1.460938,1.460938,0.544420,1600
1990-03-13,0.000000,1.421875,1.414063,1.414063,0.526952,344000
1990-03-14,0.000000,1.429688,1.414063,1.429688,0.532775,12800
1990-03-15,1.429688,1.429688,1.429688,1.429688,0.532775,0
1990-03-16,0.000000,1.515625,1.421875,1.500000,0.558976,1051200
1990-03-19,0.000000,1.484375,1.476563,1.484375,0.555468,208000
1990-03-20,0.000000,1.500000,1.468750,1.492188,0.558392,32000
1990-03-21,0.000000,1.492188,1.492188,1.492188,0.558392,1600
1990-03-22,0.000000,1.515625,1.507813,1.515625,0.567162,16000
1990-03-23,1.515625,1.515625,1.515625,1.515625,0.567162,0
1990-03-26,0.000000,1.515625,1.507813,1.515625,0.567162,17600
1990-03-27,0.000000,1.515625,1.515625,1.515625,0.567162,12800
1990-03-28,0.000000,1.515625,1.515625,1.515625,0.567162,6400
1990-03-29,0.000000,1.531250,1.531250,1.531250,0.573009,8000
1990-03-30,0.000000,1.554688,1.531250,1.554688,0.581780,78400
1990-04-02,0.000000,1.554688,1.546875,1.554688,0.581780,4800
1990-04-03,0.000000,1.578125,1.570313,1.578125,0.590551,209600
1990-04-04,0.000000,1.617188,1.593750,1.601563,0.599321,211200
1990-04-05,0.000000,1.593750,1.593750,1.593750,0.596397,4800
1990-04-06,0.000000,1.648438,1.625000,1.632813,0.611015,84800
1990-04-09,0.000000,1.687500,1.648438,1.671875,0.625632,67200
1990-04-10,0.000000,1.687500,1.679688,1.679688,0.628556,25600
1990-04-11,0.000000,1.710938,1.695313,1.695313,0.634403,24000
1990-04-12,0.000000,1.695313,1.695313,1.695313,0.634403,41600
1990-04-16,0.000000,1.695313,1.687500,1.687500,0.631479,94400
1990-04-17,0.000000,1.687500,1.671875,1.671875,0.625632,24000
1990-04-18,0.000000,1.671875,1.625000,1.632813,0.611015,292800
1990-04-19,0.000000,1.625000,1.625000,1.625000,0.608092,1600
1990-04-20,0.000000,1.617188,1.617188,1.617188,0.605168,3200
1990-04-23,1.617188,1.617188,1.617188,1.617188,0.605168,0
1990-04-24,0.000000,1.601563,1.578125,1.578125,0.590551,54400
1990-04-25,0.000000,1.562500,1.562500,1.562500,0.584703,8000
1990-04-26,0.000000,1.578125,1.578125,1.578125,0.590551,22400
1990-04-27,0.000000,1.570313,1.570313,1.570313,0.587627,3200
1990-04-30,0.000000,1.562500,1.562500,1.562500,0.584703,20800
1990-05-01,1.562500,1.562500,1.562500,1.562500,0.584703,0
1990-05-02,0.000000,1.562500,1.562500,1.562500,0.584703,1600
1990-05-03,1.562500,1.562500,1.562500,1.562500,0.584703,0
1990-05-04,0.000000,1.562500,1.562500,1.562500,0.584703,38400
1990-05-07,0.000000,1.554688,1.539063,1.539063,0.575933,24000
1990-05-08,0.000000,1.539063,1.531250,1.539063,0.575933,19200
1990-05-09,0.000000,1.531250,1.531250,1.531250,0.573009,323200
1990-05-10,0.000000,1.546875,1.539063,1.546875,0.578856,8000
1990-05-11,0.000000,1.554688,1.554688,1.554688,0.581780,11200
1990-05-14,0.000000,1.570313,1.554688,1.554688,0.581780,24000
1990-05-15,0.000000,1.546875,1.546875,1.546875,0.578856,24000
1990-05-16,0.000000,1.554688,1.554688,1.554688,0.581780,166400
1990-05-17,0.000000,1.546875,1.546875,1.546875,0.578856,16000
1990-05-18,0.000000,1.562500,1.546875,1.562500,0.584703,216000
1990-05-21,0.000000,1.546875,1.546875,1.546875,0.578856,12800
1990-05-22,0.000000,1.562500,1.554688,1.554688,0.581780,9600
1990-05-23,0.000000,1.562500,1.546875,1.562500,0.584703,75200
1990-05-24,0.000000,1.593750,1.578125,1.593750,0.596397,32000
1990-05-25,0.000000,1.625000,1.609375,1.625000,0.608092,32000
1990-05-29,0.000000,1.625000,1.601563,1.625000,0.608092,43200
1990-05-30,0.000000,1.625000,1.625000,1.625000,0.608092,1600
1990-05-31,0.000000,1.632813,1.609375,1.609375,0.602244,27200
1990-06-01,0.000000,1.625000,1.609375,1.617188,0.605168,51200
1990-06-04,0.000000,1.609375,1.609375,1.609375,0.602244,4800
1990-06-05,0.000000,1.609375,1.546875,1.562500,0.584703,249600
1990-06-06,0.000000,1.570313,1.562500,1.562500,0.584703,48000
1990-06-07,0.000000,1.562500,1.562500,1.562500,0.584703,8000
1990-06-08,0.000000,1.562500,1.531250,1.531250,0.573009,241600
1990-06-11,0.000000,1.531250,1.531250,1.531250,0.573009,9600
1990-06-12,0.000000,1.585938,1.546875,1.585938,0.593474,83200
1990-06-13,0.000000,1.632813,1.585938,1.625000,0.608092,120000
1990-06-14,0.000000,1.640625,1.625000,1.625000,0.608092,52800
1990-06-15,0.000000,1.671875,1.640625,1.671875,0.625632,49600
1990-06-18,0.000000,1.671875,1.664063,1.664063,0.625046,27200
1990-06-19,0.000000,1.671875,1.640625,1.640625,0.616242,81600
1990-06-20,0.000000,1.656250,1.640625,1.640625,0.616242,70400
1990-06-21,0.000000,1.718750,1.640625,1.718750,0.645587,150400
1990-06-22,0.000000,1.734375,1.718750,1.734375,0.651456,54400
1990-06-25,0.000000,1.734375,1.734375,1.734375,0.651456,4800
1990-06-26,0.000000,1.734375,1.695313,1.695313,0.636784,52800
1990-06-27,0.000000,1.710938,1.695313,1.710938,0.642652,28800
1990-06-28,0.000000,1.703125,1.695313,1.695313,0.636784,11200
1990-06-29,0.000000,1.726563,1.703125,1.726563,0.648522,86400
1990-07-02,0.000000,1.726563,1.718750,1.718750,0.645587,137600
1990-07-03,0.000000,1.734375,1.710938,1.734375,0.651456,180800
1990-07-05,0.000000,1.765625,1.757813,1.765625,0.663194,40000
1990-07-06,0.000000,1.796875,1.781250,1.796875,0.674932,41600
1990-07-09,0.000000,1.828125,1.812500,1.828125,0.686670,230400
1990-07-10,0.000000,1.859375,1.835938,1.859375,0.698408,68800
1990-07-11,0.000000,1.859375,1.859375,1.859375,0.698408,70400
1990-07-12,0.000000,1.851563,1.851563,1.851563,0.695474,3200
1990-07-13,0.000000,1.835938,1.804688,1.804688,0.677867,68800
1990-07-16,0.000000,1.781250,1.750000,1.750000,0.657325,116800
1990-07-17,0.000000,1.734375,1.734375,1.734375,0.651456,8000
1990-07-18,0.000000,1.718750,1.695313,1.695313,0.636784,35200
1990-07-19,0.000000,1.742188,1.664063,1.742188,0.654391,217600
1990-07-20,0.000000,1.750000,1.726563,1.750000,0.657325,72000
1990-07-23,0.000000,1.742188,1.718750,1.718750,0.645587,40000
1990-07-24,0.000000,1.718750,1.710938,1.710938,0.642652,16000
1990-07-25,0.000000,1.710938,1.710938,1.710938,0.642652,4800
1990-07-26,0.000000,1.742188,1.734375,1.742188,0.654391,129600
1990-07-27,0.000000,1.726563,1.687500,1.687500,0.633849,64000
1990-07-30,0.000000,1.695313,1.695313,1.695313,0.636784,24000
1990-07-31,0.000000,1.687500,1.671875,1.671875,0.627980,32000
1990-08-01,0.000000,1.664063,1.656250,1.656250,0.622111,22400
1990-08-02,0.000000,1.648438,1.632813,1.632813,0.613308,44800
1990-08-03,0.000000,1.617188,1.585938,1.585938,0.595701,32000
1990-08-06,0.000000,1.570313,1.562500,1.562500,0.586897,19200
1990-08-07,0.000000,1.554688,1.546875,1.554688,0.583963,8000
1990-08-08,0.000000,1.562500,1.539063,1.539063,0.578094,96000
1990-08-09,0.000000,1.531250,1.531250,1.531250,0.575159,41600
1990-08-10,0.000000,1.554688,1.546875,1.554688,0.583963,88000
1990-08-13,0.000000,1.539063,1.531250,1.531250,0.575159,22400
1990-08-14,0.000000,1.531250,1.515625,1.515625,0.569290,76800
1990-08-15,0.000000,1.515625,1.507813,1.515625,0.569290,134400
1990-08-16,0.000000,1.500000,1.492188,1.492188,0.560487,62400
1990-08-17,0.000000,1.507813,1.492188,1.507813,0.566356,4800
1990-08-20,0.000000,1.531250,1.500000,1.531250,0.575159,30400
1990-08-21,0.000000,1.546875,1.531250,1.531250,0.575159,184000
1990-08-22,0.000000,1.523438,1.507813,1.507813,0.566356,22400
1990-08-23,0.000000,1.500000,1.500000,1.500000,0.563422,1600
1990-08-24,0.000000,1.515625,1.507813,1.515625,0.569290,4800
1990-08-27,0.000000,1.531250,1.523438,1.523438,0.572225,9600
1990-08-28,1.523438,1.523438,1.523438,1.523438,0.572225,0
1990-08-29,1.523438,1.523438,1.523438,1.523438,0.572225,0
1990-08-30,1.523438,1.523438,1.523438,1.523438,0.572225,0
1990-08-31,0.000000,1.554688,1.539063,1.554688,0.583963,20800
1990-09-04,1.554688,1.554688,1.554688,1.554688,0.583963,0
1990-09-05,0.000000,1.593750,1.570313,1.593750,0.598635,128000
1990-09-06,0.000000,1.671875,1.609375,1.671875,0.627980,67200
1990-09-07,0.000000,1.671875,1.671875,1.671875,0.627980,1600
1990-09-10,0.000000,1.679688,1.664063,1.679688,0.630915,8000
1990-09-11,0.000000,1.687500,1.687500,1.687500,0.633849,16000
1990-09-12,0.000000,1.687500,1.687500,1.687500,0.633849,16000
1990-09-13,0.000000,1.703125,1.703125,1.703125,0.639718,8000
1990-09-14,0.000000,1.710938,1.703125,1.703125,0.639718,6400
1990-09-17,0.000000,1.710938,1.703125,1.703125,0.639718,11200
1990-09-18,0.000000,1.703125,1.703125,1.703125,0.639718,1600
1990-09-19,0.000000,1.695313,1.687500,1.687500,0.633849,12800
1990-09-20,0.000000,1.687500,1.687500,1.687500,0.633849,8000
1990-09-21,0.000000,1.671875,1.671875,1.671875,0.627980,20800
1990-09-24,0.000000,1.671875,1.625000,1.640625,0.616242,51200
1990-09-25,0.000000,1.632813,1.609375,1.609375,0.604504,30400
1990-09-26,0.000000,1.593750,1.593750,1.593750,0.598635,8000
1990-09-27,0.000000,1.585938,1.578125,1.578125,0.592766,16000
1990-09-28,0.000000,1.570313,1.554688,1.562500,0.586897,59200
1990-10-01,0.000000,1.546875,1.531250,1.531250,0.577933,35200
1990-10-02,0.000000,1.531250,1.531250,1.531250,0.577933,1600
1990-10-03,1.531250,1.531250,1.531250,1.531250,0.577933,0
1990-10-04,0.000000,1.523438,1.523438,1.523438,0.574985,1600
1990-10-05,1.523438,1.523438,1.523438,1.523438,0.574985,0
1990-10-08,0.000000,1.531250,1.507813,1.531250,0.577933,80000
1990-10-09,0.000000,1.500000,1.468750,1.468750,0.554344,636800
1990-10-10,0.000000,1.453125,1.437500,1.437500,0.542550,28800
1990-10-11,0.000000,1.437500,1.437500,1.437500,0.542550,8000
1990-10-12,0.000000,1.437500,1.437500,1.437500,0.542550,40000
1990-10-15,1.437500,1.437500,1.437500,1.437500,0.542550,0
1990-10-16,0.000000,1.421875,1.421875,1.421875,0.536652,16000
1990-10-17,0.000000,1.414063,1.414063,1.414063,0.533704,1600
1990-10-18,0.000000,1.406250,1.406250,1.406250,0.530755,6400
1990-10-19,0.000000,1.398438,1.398438,1.398438,0.527807,1600
1990-10-22,0.000000,1.382813,1.382813,1.382813,0.521910,12800
1990-10-23,1.382813,1.382813,1.382813,1.382813,0.521910,0
1990-10-24,1.382813,1.382813,1.382813,1.382813,0.521910,0
1990-10-25,0.000000,1.375000,1.375000,1.375000,0.518961,3200
1990-10-26,1.375000,1.375000,1.375000,1.375000,0.518961,0
1990-10-29,1.375000,1.375000,1.375000,1.375000,0.518961,0
1990-10-30,1.375000,1.375000,1.375000,1.375000,0.518961,0
1990-10-31,0.000000,1.382813,1.343750,1.367188,0.516012,244800
1990-11-01,0.000000,1.351563,1.312500,1.320313,0.498320,1232000
1990-11-02,1.320313,1.320313,1.320313,1.320313,0.498320,0
1990-11-05,0.000000,1.320313,1.320313,1.320313,0.498320,16000
1990-11-06,1.320313,1.320313,1.320313,1.320313,0.498320,0
1990-11-07,0.000000,1.328125,1.328125,1.328125,0.501269,4800
1990-11-08,0.000000,1.328125,1.281250,1.328125,0.501269,131200
1990-11-09,0.000000,1.328125,1.312500,1.320313,0.498320,28800
1990-11-12,0.000000,1.320313,1.320313,1.320313,0.498320,1600
1990-11-13,0.000000,1.320313,1.320313,1.320313,0.498320,4800
1990-11-14,0.000000,1.320313,1.320313,1.320313,0.498320,4800
1990-11-15,0.000000,1.312500,1.312500,1.312500,0.495371,6400
1990-11-16,0.000000,1.320313,1.312500,1.312500,0.495371,11200
1990-11-19,0.000000,1.312500,1.265625,1.265625,0.477679,112000
1990-11-20,0.000000,1.265625,1.265625,1.265625,0.477679,16000
1990-11-21,0.000000,1.273438,1.250000,1.273438,0.480629,49600
1990-11-23,0.000000,1.265625,1.265625,1.265625,0.477679,3200
1990-11-26,0.000000,1.257813,1.257813,1.257813,0.474732,40000
1990-11-27,0.000000,1.250000,1.242188,1.242188,0.468834,30400
1990-11-28,0.000000,1.242188,1.242188,1.242188,0.468834,1600
1990-11-29,0.000000,1.242188,1.242188,1.242188,0.468834,1600
1990-11-30,0.000000,1.250000,1.242188,1.250000,0.471782,12800
1990-12-03,0.000000,1.273438,1.250000,1.273438,0.480629,52800
1990-12-04,0.000000,1.265625,1.257813,1.257813,0.474732,56000
1990-12-05,0.000000,1.273438,1.265625,1.265625,0.477679,30400
1990-12-06,0.000000,1.312500,1.281250,1.312500,0.495371,64000
1990-12-07,0.000000,1.312500,1.312500,1.312500,0.495371,27200
1990-12-10,1.312500,1.312500,1.312500,1.312500,0.495371,0
1990-12-11,0.000000,1.312500,1.312500,1.312500,0.495371,14400
1990-12-12,0.000000,1.304688,1.304688,1.304688,0.492423,11200
1990-12-13,0.000000,1.312500,1.312500,1.312500,0.495371,38400
1990-12-14,0.000000,1.335938,1.304688,1.335938,0.504217,30400
1990-12-17,0.000000,1.328125,1.328125,1.328125,0.501269,20800
1990-12-18,0.000000,1.335938,1.335938,1.335938,0.504217,4800
1990-12-19,0.000000,1.351563,1.335938,1.343750,0.507166,38400
1990-12-20,0.000000,1.351563,1.335938,1.343750,0.507166,64000
1990-12-21,0.000000,1.390625,1.351563,1.390625,0.527803,427200
1990-12-24,0.000000,1.406250,1.406250,1.406250,0.533734,12800
1990-12-26,0.000000,1.406250,1.406250,1.406250,0.533734,120000
1990-12-27,0.000000,1.406250,1.406250,1.406250,0.533734,1600
1990-12-28,0.000000,1.398438,1.398438,1.398438,0.530769,11200
1990-12-31,0.000000,1.414063,1.406250,1.414063,0.536700,25600
1991-01-02,0.000000,1.414063,1.414063,1.414063,0.536700,48000
1991-01-03,0.000000,1.406250,1.406250,1.406250,0.533734,73600
1991-01-04,1.406250,1.406250,1.406250,1.406250,0.533734,0
1991-01-07,0.000000,1.406250,1.406250,1.406250,0.533734,41600
1991-01-08,0.000000,1.398438,1.398438,1.398438,0.530769,24000
1991-01-09,1.398438,1.398438,1.398438,1.398438,0.530769,0
1991-01-10,1.398438,1.398438,1.398438,1.398438,0.530769,0
1991-01-11,1.398438,1.398438,1.398438,1.398438,0.530769,0
1991-01-14,0.000000,1.390625,1.390625,1.390625,0.527803,8000
1991-01-15,1.390625,1.390625,1.390625,1.390625,0.527803,0
1991-01-16,0.000000,1.390625,1.390625,1.390625,0.527803,4800
1991-01-17,0.000000,1.421875,1.406250,1.421875,0.539665,9600
1991-01-18,0.000000,1.445313,1.429688,1.445313,0.548560,8000
1991-01-21,0.000000,1.445313,1.437500,1.445313,0.548560,168000
1991-01-22,1.445313,1.445313,1.445313,1.445313,0.548560,0
1991-01-23,0.000000,1.468750,1.445313,1.468750,0.557456,27200
1991-01-24,0.000000,1.531250,1.484375,1.523438,0.578212,51200
1991-01-25,0.000000,1.523438,1.523438,1.523438,0.578212,4800
1991-01-28,0.000000,1.539063,1.523438,1.539063,0.584142,9600
1991-01-29,0.000000,1.562500,1.554688,1.562500,0.593038,14400
1991-01-30,0.000000,1.625000,1.578125,1.625000,0.616760,44800
1991-01-31,0.000000,1.656250,1.640625,1.656250,0.628620,16000
1991-02-01,0.000000,1.679688,1.640625,1.671875,0.634551,44800
1991-02-04,0.000000,1.710938,1.671875,1.710938,0.649376,24000
1991-02-05,0.000000,1.750000,1.718750,1.750000,0.664202,72000
1991-02-06,0.000000,1.765625,1.757813,1.765625,0.670133,16000
1991-02-07,0.000000,1.757813,1.734375,1.734375,0.658272,41600
1991-02-08,1.734375,1.734375,1.734375,1.734375,0.658272,0
1991-02-11,0.000000,1.734375,1.734375,1.734375,0.658272,12800
1991-02-12,0.000000,1.765625,1.750000,1.757813,0.667168,33600
1991-02-13,0.000000,1.757813,1.757813,1.757813,0.667168,8000
1991-02-14,0.000000,1.750000,1.750000,1.750000,0.664202,152000
1991-02-15,0.000000,1.765625,1.750000,1.765625,0.670133,30400
1991-02-19,0.000000,1.781250,1.765625,1.781250,0.676063,22400
1991-02-20,0.000000,1.781250,1.773438,1.781250,0.676063,188800
1991-02-21,0.000000,1.781250,1.781250,1.781250,0.676063,16000
1991-02-22,0.000000,1.773438,1.773438,1.773438,0.673098,1600
1991-02-25,0.000000,1.757813,1.757813,1.757813,0.667168,88000
1991-02-26,0.000000,1.742188,1.718750,1.734375,0.658272,65600
1991-02-27,0.000000,1.734375,1.734375,1.734375,0.658272,48000
1991-02-28,0.000000,1.734375,1.734375,1.734375,0.658272,17600
1991-03-01,0.000000,1.734375,1.718750,1.734375,0.658272,203200
1991-03-04,0.000000,1.765625,1.750000,1.765625,0.670133,43200
1991-03-05,0.000000,1.781250,1.757813,1.781250,0.676063,94400
1991-03-06,0.000000,1.796875,1.796875,1.796875,0.681994,8000
1991-03-07,0.000000,1.812500,1.796875,1.812500,0.687924,22400
1991-03-08,0.000000,1.828125,1.812500,1.828125,0.693855,72000
1991-03-11,0.000000,1.859375,1.835938,1.843750,0.699785,38400
1991-03-12,0.000000,1.835938,1.828125,1.835938,0.696820,24000
1991-03-13,0.000000,1.828125,1.804688,1.812500,0.687924,68800
1991-03-14,0.000000,1.828125,1.812500,1.828125,0.693855,30400
1991-03-15,0.000000,1.828125,1.820313,1.820313,0.690890,30400
1991-03-18,0.000000,1.843750,1.828125,1.835938,0.696820,30400
1991-03-19,0.000000,1.835938,1.828125,1.828125,0.693855,44800
1991-03-20,0.000000,1.828125,1.828125,1.828125,0.693855,68800
1991-03-21,0.000000,1.859375,1.835938,1.859375,0.705715,12800
1991-03-22,0.000000,1.859375,1.851563,1.851563,0.705596,80000
1991-03-25,0.000000,1.859375,1.851563,1.859375,0.708573,84800
1991-03-26,0.000000,1.859375,1.859375,1.859375,0.708573,9600
1991-03-27,0.000000,1.875000,1.867188,1.875000,0.714528,20800
1991-03-28,0.000000,1.875000,1.875000,1.875000,0.714528,3200
1991-04-01,0.000000,1.875000,1.867188,1.867188,0.711551,28800
1991-04-02,0.000000,1.945313,1.867188,1.937500,0.738345,152000
1991-04-03,0.000000,1.960938,1.929688,1.929688,0.735368,68800
1991-04-04,0.000000,1.968750,1.937500,1.968750,0.750254,46400
1991-04-05,0.000000,2.000000,1.953125,1.992188,0.759186,52800
1991-04-08,0.000000,2.023438,2.000000,2.007813,0.765140,72000
1991-04-09,0.000000,2.015625,2.000000,2.000000,0.762163,51200
1991-04-10,0.000000,2.000000,1.992188,2.000000,0.762163,28800
1991-04-11,0.000000,2.015625,1.992188,2.007813,0.765140,19200
1991-04-12,0.000000,2.023438,2.015625,2.015625,0.768117,30400
1991-04-15,0.000000,2.015625,2.015625,2.015625,0.768117,3200
1991-04-16,0.000000,2.023438,1.992188,1.992188,0.759186,81600
1991-04-17,0.000000,2.007813,1.992188,2.000000,0.762163,94400
1991-04-18,0.000000,2.000000,1.984375,1.984375,0.756208,36800
1991-04-19,0.000000,1.992188,1.976563,1.984375,0.756208,107200
1991-04-22,0.000000,2.007813,1.984375,2.007813,0.765140,24000
1991-04-23,0.000000,2.023438,2.007813,2.023438,0.771095,27200
1991-04-24,0.000000,2.031250,2.015625,2.023438,0.771095,20800
1991-04-25,0.000000,2.023438,2.023438,2.023438,0.771095,4800
1991-04-26,0.000000,2.023438,2.015625,2.015625,0.768117,28800
1991-04-29,0.000000,2.023438,2.023438,2.023438,0.771095,60800
1991-04-30,0.000000,2.007813,2.000000,2.000000,0.762163,36800
1991-05-01,0.000000,2.000000,2.000000,2.000000,0.762163,9600
1991-05-02,0.000000,2.031250,2.007813,2.031250,0.774072,56000
1991-05-03,0.000000,2.031250,2.031250,2.031250,0.774072,17600
1991-05-06,0.000000,2.046875,2.031250,2.031250,0.774072,52800
1991-05-07,0.000000,2.015625,2.015625,2.015625,0.768117,6400
1991-05-08,0.000000,2.039063,2.015625,2.039063,0.777049,44800
1991-05-09,0.000000,2.046875,2.039063,2.039063,0.777049,19200
1991-05-10,0.000000,2.031250,2.023438,2.023438,0.771095,11200
1991-05-13,0.000000,2.007813,2.000000,2.000000,0.762163,19200
1991-05-14,0.000000,2.007813,2.007813,2.007813,0.765140,1600
1991-05-15,0.000000,1.992188,1.992188,1.992188,0.759186,11200
1991-05-16,0.000000,2.000000,1.992188,2.000000,0.762163,8000
1991-05-17,0.000000,2.007813,2.007813,2.007813,0.765140,3200
1991-05-20,0.000000,2.000000,2.000000,2.000000,0.762163,1600
1991-05-21,0.000000,2.007813,2.000000,2.007813,0.765140,12800
1991-05-22,0.000000,1.992188,1.992188,1.992188,0.759186,12800
1991-05-23,0.000000,1.984375,1.976563,1.976563,0.753231,19200
1991-05-24,0.000000,1.992188,1.984375,1.992188,0.759186,102400
1991-05-28,0.000000,2.000000,1.984375,1.992188,0.759186,62400
1991-05-29,0.000000,1.992188,1.992188,1.992188,0.759186,40000
1991-05-30,0.000000,1.992188,1.984375,1.984375,0.756208,60800
1991-05-31,0.000000,2.000000,1.992188,2.000000,0.762163,88000
1991-06-03,0.000000,2.000000,2.000000,2.000000,0.762163,41600
1991-06-04,0.000000,2.015625,2.000000,2.015625,0.768117,28800
1991-06-05,0.000000,2.132813,2.031250,2.132813,0.812775,347200
1991-06-06,0.000000,2.164063,2.125000,2.156250,0.821707,86400
1991-06-07,0.000000,2.156250,2.140625,2.140625,0.815752,19200
1991-06-10,0.000000,2.156250,2.140625,2.140625,0.815752,24000
1991-06-11,0.000000,2.132813,2.109375,2.109375,0.803844,33600
1991-06-12,0.000000,2.132813,2.109375,2.132813,0.812775,43200
1991-06-13,0.000000,2.125000,2.062500,2.062500,0.785980,105600
1991-06-14,0.000000,2.078125,2.070313,2.070313,0.788958,14400
1991-06-17,0.000000,2.093750,2.070313,2.078125,0.791935,73600
1991-06-18,0.000000,2.078125,2.078125,2.078125,0.791935,52800
1991-06-19,0.000000,2.085938,2.078125,2.085938,0.794912,32000
1991-06-20,0.000000,2.070313,2.070313,2.070313,0.788958,9600
1991-06-21,2.070313,2.070313,2.070313,2.070313,0.788958,0
1991-06-24,0.000000,2.046875,2.031250,2.031250,0.776886,88000
1991-06-25,0.000000,2.023438,2.023438,2.023438,0.773898,84800
1991-06-26,0.000000,2.015625,2.007813,2.015625,0.770910,88000
1991-06-27,2.015625,2.015625,2.015625,2.015625,0.770910,0
1991-06-28,0.000000,2.015625,2.007813,2.007813,0.767922,49600
1991-07-01,0.000000,1.992188,1.937500,1.937500,0.741030,94400
1991-07-02,0.000000,1.937500,1.921875,1.937500,0.741030,108800
1991-07-03,0.000000,1.937500,1.921875,1.921875,0.735054,12800
1991-07-05,1.921875,1.921875,1.921875,1.921875,0.735054,0
1991-07-08,1.921875,1.921875,1.921875,1.921875,0.735054,0
1991-07-09,0.000000,1.937500,1.921875,1.921875,0.735054,72000
1991-07-10,0.000000,1.914063,1.914063,1.914063,0.732066,4800
1991-07-11,1.914063,1.914063,1.914063,1.914063,0.732066,0
1991-07-12,0.000000,1.906250,1.882813,1.906250,0.729077,196800
1991-07-15,0.000000,1.898438,1.898438,1.898438,0.726090,4800
1991-07-16,0.000000,1.898438,1.898438,1.898438,0.726090,6400
1991-07-17,0.000000,1.906250,1.906250,1.906250,0.729077,3200
1991-07-18,0.000000,1.914063,1.906250,1.906250,0.729077,27200
1991-07-19,0.000000,1.914063,1.906250,1.914063,0.732066,6400
1991-07-22,0.000000,1.906250,1.906250,1.906250,0.729077,192000
1991-07-23,1.906250,1.906250,1.906250,1.906250,0.729077,0
1991-07-24,0.000000,1.898438,1.898438,1.898438,0.726090,8000
1991-07-25,0.000000,1.890625,1.890625,1.890625,0.723102,8000
1991-07-26,0.000000,1.882813,1.882813,1.882813,0.720114,6400
1991-07-29,0.000000,1.875000,1.875000,1.875000,0.717126,8000
1991-07-30,0.000000,1.867188,1.859375,1.859375,0.711149,8000
1991-07-31,0.000000,1.937500,1.875000,1.929688,0.738042,172800
1991-08-01,0.000000,1.960938,1.921875,1.960938,0.749994,75200
1991-08-02,0.000000,1.960938,1.960938,1.960938,0.749994,4800
1991-08-05,0.000000,1.968750,1.968750,1.968750,0.752982,33600
1991-08-06,0.000000,1.968750,1.968750,1.968750,0.752982,35200
1991-08-07,0.000000,1.968750,1.968750,1.968750,0.752982,4800
1991-08-08,0.000000,1.960938,1.960938,1.960938,0.749994,30400
1991-08-09,1.960938,1.960938,1.960938,1.960938,0.749994,0
1991-08-12,0.000000,1.968750,1.968750,1.968750,0.752982,20800
1991-08-13,0.000000,1.968750,1.968750,1.968750,0.752982,3200
1991-08-14,0.000000,1.968750,1.968750,1.968750,0.752982,30400
1991-08-15,0.000000,1.968750,1.968750,1.968750,0.752982,8000
1991-08-16,0.000000,1.968750,1.953125,1.953125,0.747006,19200
1991-08-19,0.000000,1.937500,1.937500,1.937500,0.741030,4800
1991-08-20,0.000000,1.945313,1.929688,1.929688,0.738042,11200
1991-08-21,0.000000,1.937500,1.937500,1.937500,0.741030,3200
1991-08-22,0.000000,1.937500,1.921875,1.937500,0.741030,24000
1991-08-23,0.000000,1.937500,1.937500,1.937500,0.741030,16000
1991-08-26,0.000000,1.921875,1.921875,1.921875,0.735054,16000
1991-08-27,0.000000,1.914063,1.914063,1.914063,0.732066,16000
1991-08-28,1.914063,1.914063,1.914063,1.914063,0.732066,0
1991-08-29,0.000000,1.914063,1.914063,1.914063,0.732066,4800
1991-08-30,1.914063,1.914063,1.914063,1.914063,0.732066,0
1991-09-03,0.000000,1.914063,1.914063,1.914063,0.732066,3200
1991-09-04,0.000000,1.906250,1.906250,1.906250,0.729077,46400
1991-09-05,0.000000,1.921875,1.914063,1.921875,0.735054,19200
1991-09-06,0.000000,1.929688,1.921875,1.929688,0.738042,9600
1991-09-09,1.929688,1.929688,1.929688,1.929688,0.738042,0
1991-09-10,0.000000,1.914063,1.906250,1.906250,0.729077,72000
1991-09-11,1.906250,1.906250,1.906250,1.906250,0.729077,0
1991-09-12,0.000000,1.898438,1.890625,1.890625,0.723102,43200
1991-09-13,0.000000,1.898438,1.890625,1.898438,0.726090,33600
1991-09-16,0.000000,1.890625,1.890625,1.890625,0.723102,27200
1991-09-17,0.000000,1.875000,1.875000,1.875000,0.717126,3200
1991-09-18,0.000000,1.859375,1.859375,1.859375,0.711149,16000
1991-09-19,0.000000,1.851563,1.851563,1.851563,0.708162,3200
1991-09-20,0.000000,1.843750,1.843750,1.843750,0.705173,16000
1991-09-23,0.000000,1.835938,1.828125,1.828125,0.699197,9600
1991-09-24,0.000000,1.812500,1.812500,1.812500,0.693221,9600
1991-09-25,0.000000,1.804688,1.804688,1.804688,0.690233,4800
1991-09-26,0.000000,1.796875,1.789063,1.789063,0.684258,4800
1991-09-27,0.000000,1.781250,1.773438,1.773438,0.678281,22400
1991-09-30,0.000000,1.781250,1.765625,1.781250,0.684890,185600
1991-10-01,0.000000,1.796875,1.781250,1.796875,0.690897,32000
1991-10-02,0.000000,1.796875,1.789063,1.789063,0.687894,33600
1991-10-03,0.000000,1.781250,1.765625,1.773438,0.681886,206400
1991-10-04,1.773438,1.773438,1.773438,1.773438,0.681886,0
1991-10-07,0.000000,1.765625,1.765625,1.765625,0.678882,25600
1991-10-08,1.765625,1.765625,1.765625,1.765625,0.678882,0
1991-10-09,0.000000,1.765625,1.765625,1.765625,0.678882,35200
1991-10-10,1.765625,1.765625,1.765625,1.765625,0.678882,0
1991-10-11,0.000000,1.757813,1.757813,1.757813,0.675879,20800
1991-10-14,0.000000,1.757813,1.757813,1.757813,0.675879,4800
1991-10-15,0.000000,1.765625,1.765625,1.765625,0.678882,174400
1991-10-16,0.000000,1.765625,1.757813,1.757813,0.675879,40000
1991-10-17,0.000000,1.757813,1.750000,1.750000,0.672874,184000
1991-10-18,0.000000,1.750000,1.750000,1.750000,0.672874,16000
1991-10-21,0.000000,1.750000,1.742188,1.742188,0.669871,80000
1991-10-22,0.000000,1.742188,1.742188,1.742188,0.669871,36800
1991-10-23,0.000000,1.750000,1.750000,1.750000,0.672874,32000
1991-10-24,0.000000,1.757813,1.750000,1.750000,0.672874,62400
1991-10-25,1.750000,1.750000,1.750000,1.750000,0.672874,0
1991-10-28,0.000000,1.750000,1.750000,1.750000,0.672874,16000
1991-10-29,0.000000,1.750000,1.750000,1.750000,0.672874,216000
1991-10-30,0.000000,1.750000,1.726563,1.726563,0.663863,49600
1991-10-31,0.000000,1.718750,1.718750,1.718750,0.660858,3200
1991-11-01,1.718750,1.718750,1.718750,1.718750,0.660858,0
1991-11-04,1.718750,1.718750,1.718750,1.718750,0.660858,0
1991-11-05,0.000000,1.718750,1.718750,1.718750,0.660858,8000
1991-11-06,0.000000,1.734375,1.734375,1.734375,0.666866,11200
1991-11-07,1.734375,1.734375,1.734375,1.734375,0.666866,0
1991-11-08,1.734375,1.734375,1.734375,1.734375,0.666866,0
1991-11-11,1.734375,1.734375,1.734375,1.734375,0.666866,0
1991-11-12,1.750000,1.757813,1.750000,1.757813,0.675879,22400
1991-11-13,1.757813,1.757813,1.757813,1.757813,0.675879,33600
1991-11-14,1.750000,1.750000,1.750000,1.750000,0.672874,12800
1991-11-15,1.757813,1.757813,1.750000,1.750000,0.672874,8000
1991-11-18,1.742188,1.750000,1.742188,1.750000,0.672874,64000
1991-11-19,1.750000,1.750000,1.750000,1.750000,0.672874,43200
1991-11-20,1.750000,1.750000,1.750000,1.750000,0.672874,32000
1991-11-21,1.750000,1.750000,1.750000,1.750000,0.672874,44800
1991-11-22,1.750000,1.750000,1.750000,1.750000,0.672874,91200
1991-11-25,1.750000,1.750000,1.750000,1.750000,0.672874,65600
1991-11-26,1.750000,1.757813,1.750000,1.757813,0.675879,124800
1991-11-27,1.750000,1.757813,1.750000,1.750000,0.672874,115200
1991-11-29,1.750000,1.750000,1.750000,1.750000,0.672874,0
1991-12-02,1.757813,1.757813,1.750000,1.750000,0.672874,19200
1991-12-03,1.742188,1.742188,1.742188,1.742188,0.669871,17600
1991-12-04,1.742188,1.742188,1.734375,1.734375,0.666866,62400
1991-12-05,1.718750,1.718750,1.703125,1.703125,0.654851,88000
1991-12-06,1.695313,1.695313,1.687500,1.687500,0.648843,17600
1991-12-09,1.679688,1.679688,1.679688,1.679688,0.645840,16000
1991-12-10,1.671875,1.671875,1.664063,1.664063,0.639831,22400
1991-12-11,1.664063,1.664063,1.656250,1.656250,0.636828,17600
1991-12-12,1.648438,1.648438,1.632813,1.632813,0.627816,17600
1991-12-13,1.625000,1.625000,1.609375,1.609375,0.618804,19200
1991-12-16,1.601563,1.601563,1.570313,1.570313,0.603785,33600
1991-12-17,1.585938,1.585938,1.570313,1.570313,0.603785,30400
1991-12-18,1.570313,1.578125,1.570313,1.578125,0.606789,115200
1991-12-19,1.593750,1.617188,1.593750,1.617188,0.621808,43200
1991-12-20,1.617188,1.617188,1.609375,1.609375,0.622412,41600
1991-12-23,1.625000,1.703125,1.625000,1.703125,0.658669,115200
1991-12-24,1.710938,1.750000,1.703125,1.742188,0.673777,102400
1991-12-26,1.750000,1.796875,1.750000,1.796875,0.694926,41600
1991-12-27,1.796875,1.796875,1.789063,1.789063,0.691905,4800
1991-12-30,1.789063,1.843750,1.789063,1.843750,0.713055,100800
1991-12-31,1.859375,1.906250,1.859375,1.906250,0.737226,105600
1992-01-02,1.890625,1.890625,1.875000,1.875000,0.725141,64000
1992-01-03,1.875000,1.882813,1.875000,1.882813,0.728162,75200
1992-01-06,1.875000,1.875000,1.851563,1.851563,0.716076,99200
1992-01-07,1.859375,1.859375,1.843750,1.843750,0.713055,27200
1992-01-08,1.851563,1.851563,1.835938,1.835938,0.710033,12800
1992-01-09,1.835938,1.835938,1.835938,1.835938,0.710033,0
1992-01-10,1.828125,1.843750,1.828125,1.843750,0.713055,12800
1992-01-13,1.843750,1.843750,1.843750,1.843750,0.713055,3200
1992-01-14,1.828125,1.851563,1.812500,1.812500,0.700969,209600
1992-01-15,1.804688,1.812500,1.804688,1.812500,0.700969,116800
1992-01-16,1.804688,1.812500,1.796875,1.812500,0.700969,43200
1992-01-17,1.796875,1.796875,1.757813,1.757813,0.679820,160000
1992-01-20,1.750000,1.750000,1.750000,1.750000,0.676798,4800
1992-01-21,1.742188,1.750000,1.742188,1.742188,0.673777,20800
1992-01-22,1.734375,1.742188,1.734375,1.742188,0.673777,35200
1992-01-23,1.734375,1.734375,1.726563,1.726563,0.667733,17600
1992-01-24,1.718750,1.718750,1.718750,1.718750,0.664712,38400
1992-01-27,1.718750,1.718750,1.718750,1.718750,0.664712,80000
1992-01-28,1.710938,1.718750,1.710938,1.718750,0.664712,64000
1992-01-29,1.726563,1.734375,1.726563,1.734375,0.670754,46400
1992-01-30,1.750000,1.750000,1.750000,1.750000,0.676798,36800
1992-01-31,1.750000,1.750000,1.750000,1.750000,0.676798,0
1992-02-03,1.750000,1.750000,1.750000,1.750000,0.676798,0
1992-02-04,1.750000,1.789063,1.750000,1.789063,0.691905,76800
1992-02-05,1.781250,1.781250,1.757813,1.757813,0.679820,67200
1992-02-06,1.750000,1.750000,1.742188,1.742188,0.673777,14400
1992-02-07,1.734375,1.734375,1.687500,1.687500,0.652626,89600
1992-02-10,1.687500,1.726563,1.687500,1.726563,0.667733,156800
1992-02-11,1.726563,1.726563,1.726563,1.726563,0.667733,0
1992-02-12,1.710938,1.710938,1.703125,1.703125,0.658669,57600
1992-02-13,1.703125,1.703125,1.703125,1.703125,0.658669,160000
1992-02-14,1.703125,1.703125,1.703125,1.703125,0.658669,0
1992-02-18,1.703125,1.703125,1.695313,1.695313,0.655648,107200
1992-02-19,1.687500,1.687500,1.687500,1.687500,0.652626,3200
1992-02-20,1.679688,1.679688,1.679688,1.679688,0.649605,4800
1992-02-21,1.687500,1.687500,1.687500,1.687500,0.652626,4800
1992-02-24,1.687500,1.687500,1.687500,1.687500,0.652626,0
1992-02-25,1.687500,1.687500,1.679688,1.679688,0.649605,3200
1992-02-26,1.679688,1.679688,1.679688,1.679688,0.649605,3200
1992-02-27,1.687500,1.703125,1.687500,1.703125,0.658669,27200
1992-02-28,1.695313,1.695313,1.687500,1.687500,0.652626,48000
1992-03-02,1.687500,1.695313,1.687500,1.695313,0.655648,11200
1992-03-03,1.687500,1.687500,1.687500,1.687500,0.652626,1600
1992-03-04,1.679688,1.679688,1.671875,1.671875,0.646583,62400
1992-03-05,1.687500,1.687500,1.671875,1.671875,0.646583,62400
1992-03-06,1.664063,1.664063,1.648438,1.648438,0.637519,33600
1992-03-09,1.656250,1.656250,1.625000,1.625000,0.628455,17600
1992-03-10,1.578125,1.578125,1.578125,1.578125,0.610327,64000
1992-03-11,1.562500,1.562500,1.546875,1.562500,0.604283,36800
1992-03-12,1.546875,1.546875,1.539063,1.539063,0.595220,24000
1992-03-13,1.531250,1.531250,1.531250,1.531250,0.592198,3200
1992-03-16,1.539063,1.539063,1.507813,1.515625,0.586155,121600
1992-03-17,1.531250,1.546875,1.531250,1.546875,0.598241,25600
1992-03-18,1.546875,1.546875,1.546875,1.546875,0.598241,12800
1992-03-19,1.539063,1.539063,1.531250,1.531250,0.592198,92800
1992-03-20,1.531250,1.531250,1.523438,1.523438,0.589177,60800
1992-03-23,1.523438,1.523438,1.523438,1.523438,0.589177,0
1992-03-24,1.531250,1.539063,1.531250,1.539063,0.597057,19200
1992-03-25,1.539063,1.539063,1.539063,1.539063,0.597057,0
1992-03-26,1.539063,1.554688,1.539063,1.554688,0.603118,491200
1992-03-27,1.562500,1.562500,1.562500,1.562500,0.606149,44800
1992-03-30,1.554688,1.554688,1.554688,1.554688,0.603118,1600
1992-03-31,1.562500,1.562500,1.562500,1.562500,0.606149,6400
1992-04-01,1.578125,1.578125,1.570313,1.570313,0.609180,9600
1992-04-02,1.585938,1.593750,1.585938,1.593750,0.618272,24000
1992-04-03,1.625000,1.656250,1.625000,1.656250,0.642518,76800
1992-04-06,1.640625,1.640625,1.640625,1.640625,0.636456,56000
1992-04-07,1.625000,1.625000,1.593750,1.593750,0.618272,1081600
1992-04-08,1.593750,1.593750,1.593750,1.593750,0.618272,320000
1992-04-09,1.593750,1.593750,1.593750,1.593750,0.618272,0
1992-04-10,1.593750,1.593750,1.539063,1.539063,0.597057,51200
1992-04-13,1.539063,1.539063,1.531250,1.531250,0.594026,123200
1992-04-14,1.531250,1.539063,1.531250,1.531250,0.594026,27200
1992-04-15,1.523438,1.523438,1.492188,1.500000,0.581903,43200
1992-04-16,1.492188,1.492188,1.429688,1.429688,0.554626,105600
1992-04-20,1.429688,1.429688,1.421875,1.429688,0.554626,11200
1992-04-21,1.429688,1.429688,1.414063,1.414063,0.548565,20800
1992-04-22,1.414063,1.437500,1.414063,1.437500,0.557657,264000
1992-04-23,1.437500,1.437500,1.437500,1.437500,0.557657,0
1992-04-24,1.437500,1.445313,1.437500,1.437500,0.557657,24000
1992-04-27,1.445313,1.445313,1.437500,1.445313,0.560688,22400
1992-04-28,1.445313,1.453125,1.437500,1.453125,0.563718,348800
1992-04-29,1.437500,1.437500,1.437500,1.437500,0.557657,504000
1992-04-30,1.437500,1.437500,1.437500,1.437500,0.557657,0
1992-05-01,1.453125,1.468750,1.453125,1.468750,0.569780,30400
1992-05-04,1.476563,1.476563,1.476563,1.476563,0.572811,6400
1992-05-05,1.468750,1.468750,1.468750,1.468750,0.569780,1600
1992-05-06,1.484375,1.531250,1.484375,1.531250,0.594026,96000
1992-05-07,1.546875,1.546875,1.546875,1.546875,0.600087,22400
1992-05-08,1.562500,1.585938,1.562500,1.585938,0.615241,32000
1992-05-11,1.578125,1.578125,1.578125,1.578125,0.612211,8000
1992-05-12,1.585938,1.585938,1.578125,1.578125,0.612211,4800
1992-05-13,1.578125,1.578125,1.578125,1.578125,0.612211,1600
1992-05-14,1.578125,1.578125,1.578125,1.578125,0.612211,6400
1992-05-15,1.585938,1.593750,1.585938,1.585938,0.615241,27200
1992-05-18,1.585938,1.601563,1.585938,1.601563,0.621303,9600
1992-05-19,1.617188,1.617188,1.593750,1.593750,0.618272,38400
1992-05-20,1.593750,1.593750,1.593750,1.593750,0.618272,0
1992-05-21,1.585938,1.601563,1.585938,1.601563,0.621303,9600
1992-05-22,1.609375,1.609375,1.609375,1.609375,0.624334,1600
1992-05-26,1.609375,1.609375,1.601563,1.601563,0.621303,3200
1992-05-27,1.593750,1.593750,1.593750,1.593750,0.618272,1600
1992-05-28,1.593750,1.593750,1.593750,1.593750,0.618272,1600
1992-05-29,1.585938,1.585938,1.585938,1.585938,0.615241,3200
1992-06-01,1.585938,1.585938,1.585938,1.585938,0.615241,0
1992-06-02,1.593750,1.593750,1.593750,1.593750,0.618272,3200
1992-06-03,1.585938,1.585938,1.585938,1.585938,0.615241,1600
1992-06-04,1.585938,1.585938,1.585938,1.585938,0.615241,0
1992-06-05,1.578125,1.578125,1.578125,1.578125,0.612211,3200
1992-06-08,1.578125,1.578125,1.578125,1.578125,0.612211,0
1992-06-09,1.578125,1.578125,1.578125,1.578125,0.612211,1600
1992-06-10,1.570313,1.585938,1.570313,1.578125,0.612211,9600
1992-06-11,1.578125,1.578125,1.578125,1.578125,0.612211,0
1992-06-12,1.570313,1.570313,1.570313,1.570313,0.609180,1600
1992-06-15,1.562500,1.562500,1.562500,1.562500,0.606149,32000
1992-06-16,1.570313,1.570313,1.562500,1.562500,0.606149,6400
1992-06-17,1.578125,1.578125,1.570313,1.578125,0.612211,17600
1992-06-18,1.578125,1.578125,1.578125,1.578125,0.612211,0
1992-06-19,1.578125,1.578125,1.578125,1.578125,0.612211,0
1992-06-22,1.585938,1.593750,1.585938,1.593750,0.620114,17600
1992-06-23,1.585938,1.585938,1.578125,1.578125,0.614034,38400
1992-06-24,1.578125,1.578125,1.578125,1.578125,0.614034,0
1992-06-25,1.578125,1.578125,1.578125,1.578125,0.614034,0
1992-06-26,1.585938,1.585938,1.585938,1.585938,0.617074,3200
1992-06-29,1.578125,1.578125,1.562500,1.570313,0.610995,52800
1992-06-30,1.562500,1.562500,1.562500,1.562500,0.607955,28800
1992-07-01,1.570313,1.578125,1.562500,1.578125,0.614034,393600
1992-07-02,1.585938,1.585938,1.578125,1.578125,0.614034,6400
1992-07-06,1.570313,1.578125,1.562500,1.578125,0.614034,81600
1992-07-07,1.578125,1.585938,1.578125,1.585938,0.617074,28800
1992-07-08,1.585938,1.585938,1.585938,1.585938,0.617074,0
1992-07-09,1.601563,1.617188,1.601563,1.617188,0.629234,24000
1992-07-10,1.632813,1.632813,1.632813,1.632813,0.635313,12800
1992-07-13,1.632813,1.632813,1.632813,1.632813,0.635313,16000
1992-07-14,1.632813,1.632813,1.632813,1.632813,0.635313,4800
1992-07-15,1.632813,1.632813,1.625000,1.625000,0.632273,30400
1992-07-16,1.625000,1.625000,1.625000,1.625000,0.632273,6400
1992-07-17,1.609375,1.632813,1.609375,1.632813,0.635313,44800
1992-07-20,1.625000,1.625000,1.625000,1.625000,0.632273,406400
1992-07-21,1.625000,1.625000,1.625000,1.625000,0.632273,0
1992-07-22,1.609375,1.609375,1.601563,1.601563,0.623154,30400
1992-07-23,1.601563,1.601563,1.601563,1.601563,0.623154,0
1992-07-24,1.601563,1.601563,1.601563,1.601563,0.623154,19200
1992-07-27,1.601563,1.601563,1.593750,1.593750,0.620114,9600
1992-07-28,1.578125,1.578125,1.546875,1.546875,0.601875,67200
1992-07-29,1.546875,1.546875,1.546875,1.546875,0.601875,0
1992-07-30,1.531250,1.539063,1.523438,1.523438,0.592756,16000
1992-07-31,1.523438,1.523438,1.523438,1.523438,0.592756,0
1992-08-03,1.515625,1.515625,1.500000,1.500000,0.583637,22400
1992-08-04,1.484375,1.484375,1.476563,1.476563,0.574518,22400
1992-08-05,1.476563,1.476563,1.476563,1.476563,0.574518,0
1992-08-06,1.468750,1.468750,1.437500,1.437500,0.559319,67200
1992-08-07,1.445313,1.445313,1.445313,1.445313,0.562359,1600
1992-08-10,1.445313,1.445313,1.445313,1.445313,0.562359,0
1992-08-11,1.445313,1.445313,1.445313,1.445313,0.562359,0
1992-08-12,1.445313,1.445313,1.445313,1.445313,0.562359,0
1992-08-13,1.445313,1.445313,1.445313,1.445313,0.562359,0
1992-08-14,1.445313,1.445313,1.445313,1.445313,0.562359,0
1992-08-17,1.445313,1.445313,1.445313,1.445313,0.562359,0
1992-08-18,1.437500,1.445313,1.437500,1.445313,0.562359,9600
1992-08-19,1.445313,1.445313,1.445313,1.445313,0.562359,0
1992-08-20,1.437500,1.437500,1.437500,1.437500,0.559319,1600
1992-08-21,1.437500,1.437500,1.437500,1.437500,0.559319,0
1992-08-24,1.437500,1.437500,1.437500,1.437500,0.559319,3200
1992-08-25,1.437500,1.437500,1.437500,1.437500,0.559319,12800
1992-08-26,1.437500,1.437500,1.437500,1.437500,0.559319,65600
1992-08-27,1.445313,1.445313,1.437500,1.437500,0.559319,56000
1992-08-28,1.437500,1.437500,1.437500,1.437500,0.559319,163200
1992-08-31,1.437500,1.437500,1.437500,1.437500,0.559319,0
1992-09-01,1.445313,1.445313,1.445313,1.445313,0.562359,8000
1992-09-02,1.453125,1.460938,1.453125,1.460938,0.568438,22400
1992-09-03,1.460938,1.460938,1.460938,1.460938,0.568438,0
1992-09-04,1.460938,1.460938,1.460938,1.460938,0.568438,0
1992-09-08,1.460938,1.460938,1.460938,1.460938,0.568438,0
1992-09-09,1.460938,1.460938,1.460938,1.460938,0.568438,1600
1992-09-10,1.460938,1.460938,1.460938,1.460938,0.568438,0
1992-09-11,1.460938,1.460938,1.460938,1.460938,0.568438,0
1992-09-14,1.453125,1.453125,1.453125,1.453125,0.565398,3200
1992-09-15,1.437500,1.437500,1.437500,1.437500,0.559319,49600
1992-09-16,1.437500,1.437500,1.437500,1.437500,0.559319,1600
1992-09-17,1.437500,1.437500,1.437500,1.437500,0.559319,0
1992-09-18,1.445313,1.445313,1.445313,1.445313,0.562359,8000
1992-09-21,1.445313,1.445313,1.445313,1.445313,0.562359,3200
1992-09-22,1.460938,1.460938,1.460938,1.460938,0.568438,16000
1992-09-23,1.453125,1.476563,1.453125,1.476563,0.574518,48000
1992-09-24,1.476563,1.476563,1.476563,1.476563,0.574518,0
1992-09-25,1.468750,1.546875,1.460938,1.546875,0.601875,248000
1992-09-28,1.562500,1.562500,1.531250,1.531250,0.595796,57600
1992-09-29,1.531250,1.531250,1.515625,1.531250,0.595796,60800
1992-09-30,1.539063,1.546875,1.531250,1.531250,0.595796,16000
1992-10-01,1.523438,1.523438,1.523438,1.523438,0.592756,12800
1992-10-02,1.507813,1.507813,1.507813,1.507813,0.586677,16000
1992-10-05,1.492188,1.492188,1.492188,1.492188,0.582408,1600
1992-10-06,1.492188,1.492188,1.492188,1.492188,0.582408,0
1992-10-07,1.484375,1.484375,1.476563,1.476563,0.576310,81600
1992-10-08,1.476563,1.476563,1.476563,1.476563,0.576310,25600
1992-10-09,1.476563,1.484375,1.476563,1.484375,0.579359,49600
1992-10-12,1.484375,1.484375,1.476563,1.476563,0.576310,224000
1992-10-13,1.476563,1.476563,1.476563,1.476563,0.576310,0
1992-10-14,1.468750,1.468750,1.468750,1.468750,0.573260,1600
1992-10-15,1.453125,1.453125,1.445313,1.445313,0.564112,48000
1992-10-16,1.453125,1.453125,1.437500,1.437500,0.561063,94400
1992-10-19,1.437500,1.437500,1.437500,1.437500,0.561063,0
1992-10-20,1.437500,1.437500,1.437500,1.437500,0.561063,0
1992-10-21,1.437500,1.468750,1.437500,1.468750,0.573260,35200
1992-10-22,1.460938,1.484375,1.460938,1.484375,0.579359,81600
1992-10-23,1.476563,1.476563,1.468750,1.468750,0.573260,20800
1992-10-26,1.476563,1.476563,1.468750,1.468750,0.573260,6400
1992-10-27,1.468750,1.468750,1.468750,1.468750,0.573260,24000
1992-10-28,1.492188,1.507813,1.492188,1.507813,0.588506,848000
1992-10-29,1.507813,1.515625,1.492188,1.492188,0.582408,64000
1992-10-30,1.500000,1.500000,1.492188,1.492188,0.582408,14400
1992-11-02,1.500000,1.500000,1.500000,1.500000,0.585457,4800
1992-11-03,1.492188,1.500000,1.492188,1.500000,0.585457,19200
1992-11-04,1.492188,1.515625,1.492188,1.500000,0.585457,246400
1992-11-05,1.500000,1.507813,1.492188,1.492188,0.582408,36800
1992-11-06,1.492188,1.492188,1.492188,1.492188,0.582408,0
1992-11-09,1.500000,1.531250,1.500000,1.531250,0.597654,230400
1992-11-10,1.523438,1.531250,1.523438,1.531250,0.597654,177600
1992-11-11,1.539063,1.539063,1.523438,1.531250,0.597654,44800
1992-11-12,1.539063,1.562500,1.539063,1.562500,0.609851,536000
1992-11-13,1.578125,1.601563,1.578125,1.601563,0.625098,289600
1992-11-16,1.617188,1.718750,1.617188,1.718750,0.670836,160000
1992-11-17,1.726563,1.757813,1.726563,1.750000,0.683033,70400
1992-11-18,1.750000,1.750000,1.750000,1.750000,0.683033,384000
1992-11-19,1.750000,1.750000,1.742188,1.742188,0.679984,19200
1992-11-20,1.726563,1.726563,1.703125,1.710938,0.667787,204800
1992-11-23,1.710938,1.710938,1.710938,1.710938,0.667787,1600
1992-11-24,1.726563,1.742188,1.726563,1.742188,0.679984,36800
1992-11-25,1.757813,1.789063,1.757813,1.781250,0.695230,41600
1992-11-27,1.773438,1.773438,1.773438,1.773438,0.692181,107200
1992-11-30,1.781250,1.781250,1.781250,1.781250,0.695230,17600
1992-12-01,1.789063,1.804688,1.781250,1.804688,0.704378,72000
1992-12-02,1.796875,1.804688,1.796875,1.804688,0.704378,16000
1992-12-03,1.789063,1.789063,1.773438,1.773438,0.692181,30400
1992-12-04,1.789063,1.789063,1.789063,1.789063,0.698280,4800
1992-12-07,1.804688,1.804688,1.796875,1.796875,0.701329,129600
1992-12-08,1.804688,1.804688,1.804688,1.804688,0.704378,1600
1992-12-09,1.820313,1.914063,1.820313,1.898438,0.740969,187200
1992-12-10,1.898438,1.921875,1.898438,1.898438,0.740969,678400
1992-12-11,1.921875,1.929688,1.898438,1.898438,0.740969,312000
1992-12-14,1.890625,1.906250,1.890625,1.890625,0.737920,136000
1992-12-15,1.898438,1.898438,1.882813,1.890625,0.737920,94400
1992-12-16,1.882813,1.898438,1.875000,1.898438,0.740969,80000
1992-12-17,1.890625,1.890625,1.882813,1.882813,0.734871,20800
1992-12-18,1.875000,1.890625,1.867188,1.890625,0.739762,32000
1992-12-21,1.890625,1.906250,1.890625,1.906250,0.745876,84800
1992-12-22,1.890625,1.890625,1.875000,1.875000,0.733647,201600
1992-12-23,1.875000,1.875000,1.875000,1.875000,0.733647,0
1992-12-24,1.875000,1.882813,1.875000,1.882813,0.736705,248000
1992-12-28,1.875000,1.890625,1.875000,1.875000,0.733647,267200
1992-12-29,1.867188,1.875000,1.867188,1.875000,0.733647,33600
1992-12-30,1.867188,1.875000,1.867188,1.875000,0.733647,4800
1992-12-31,1.875000,1.898438,1.875000,1.898438,0.742819,60800
1993-01-04,1.882813,1.882813,1.867188,1.867188,0.730591,40000
1993-01-05,1.859375,1.859375,1.859375,1.859375,0.727534,4800
1993-01-06,1.859375,1.875000,1.859375,1.875000,0.733647,35200
1993-01-07,1.867188,1.867188,1.843750,1.843750,0.721420,91200
1993-01-08,1.835938,1.843750,1.828125,1.828125,0.715306,38400
1993-01-11,1.820313,1.828125,1.812500,1.812500,0.709193,35200
1993-01-12,1.812500,1.812500,1.789063,1.789063,0.700022,16000
1993-01-13,1.773438,1.773438,1.757813,1.757813,0.687795,32000
1993-01-14,1.742188,1.742188,1.726563,1.726563,0.675568,43200
1993-01-15,1.726563,1.726563,1.656250,1.664063,0.651112,129600
1993-01-18,1.671875,1.671875,1.664063,1.664063,0.651112,84800
1993-01-19,1.664063,1.664063,1.656250,1.664063,0.651112,20800
1993-01-20,1.664063,1.664063,1.664063,1.664063,0.651112,0
1993-01-21,1.664063,1.664063,1.664063,1.664063,0.651112,1600
1993-01-22,1.664063,1.664063,1.664063,1.664063,0.651112,0
1993-01-25,1.656250,1.656250,1.656250,1.656250,0.648056,3200
1993-01-26,1.640625,1.656250,1.640625,1.656250,0.648056,41600
1993-01-27,1.656250,1.671875,1.656250,1.664063,0.651112,44800
1993-01-28,1.671875,1.687500,1.671875,1.687500,0.660283,262400
1993-01-29,1.687500,1.687500,1.648438,1.648438,0.644999,89600
1993-02-01,1.640625,1.656250,1.640625,1.648438,0.644999,249600
1993-02-02,1.648438,1.648438,1.648438,1.648438,0.644999,0
1993-02-03,1.648438,1.648438,1.648438,1.648438,0.644999,1600
1993-02-04,1.648438,1.648438,1.648438,1.648438,0.644999,0
1993-02-05,1.648438,1.648438,1.648438,1.648438,0.644999,392000
1993-02-08,1.656250,1.671875,1.656250,1.671875,0.654169,20800
1993-02-09,1.664063,1.664063,1.664063,1.664063,0.651112,4800
1993-02-10,1.671875,1.671875,1.671875,1.671875,0.654169,76800
1993-02-11,1.664063,1.664063,1.656250,1.656250,0.648056,20800
1993-02-12,1.648438,1.648438,1.648438,1.648438,0.644999,804800
1993-02-16,1.632813,1.632813,1.632813,1.632813,0.638885,8000
1993-02-17,1.632813,1.632813,1.632813,1.632813,0.638885,1600
1993-02-18,1.617188,1.617188,1.617188,1.617188,0.632772,6400
1993-02-19,1.625000,1.632813,1.625000,1.632813,0.638885,52800
1993-02-22,1.640625,1.640625,1.625000,1.632813,0.638885,11200
1993-02-23,1.632813,1.632813,1.632813,1.632813,0.638885,4800
1993-02-24,1.640625,1.656250,1.640625,1.656250,0.648056,104000
1993-02-25,1.664063,1.671875,1.656250,1.656250,0.648056,17600
1993-02-26,1.648438,1.648438,1.648438,1.648438,0.644999,4800
1993-03-01,1.656250,1.656250,1.632813,1.632813,0.638885,19200
1993-03-02,1.640625,1.640625,1.640625,1.640625,0.641942,6400
1993-03-03,1.632813,1.656250,1.632813,1.656250,0.648056,35200
1993-03-04,1.656250,1.664063,1.656250,1.664063,0.651112,33600
1993-03-05,1.656250,1.656250,1.656250,1.656250,0.648056,1600
1993-03-08,1.664063,1.671875,1.664063,1.671875,0.654169,20800
1993-03-09,1.687500,1.687500,1.687500,1.687500,0.660283,8000
1993-03-10,1.687500,1.687500,1.679688,1.679688,0.657227,17600
1993-03-11,1.679688,1.679688,1.679688,1.679688,0.657227,0
1993-03-12,1.671875,1.679688,1.640625,1.640625,0.641942,100800
1993-03-15,1.625000,1.640625,1.625000,1.640625,0.641942,25600
1993-03-16,1.640625,1.640625,1.640625,1.640625,0.641942,20800
1993-03-17,1.656250,1.656250,1.648438,1.648438,0.644999,24000
1993-03-18,1.640625,1.640625,1.640625,1.640625,0.641942,1600
1993-03-19,1.640625,1.640625,1.640625,1.640625,0.641942,0
1993-03-22,1.632813,1.632813,1.632813,1.632813,0.640716,0
1993-03-23,1.648438,1.664063,1.648438,1.648438,0.646847,62400
1993-03-24,1.648438,1.656250,1.648438,1.656250,0.649913,22400
1993-03-25,1.648438,1.648438,1.648438,1.648438,0.646847,1600
1993-03-26,1.632813,1.632813,1.625000,1.632813,0.640716,38400
1993-03-29,1.632813,1.632813,1.632813,1.632813,0.640716,0
1993-03-30,1.648438,1.656250,1.648438,1.656250,0.649913,16000
1993-03-31,1.664063,1.671875,1.664063,1.664063,0.652979,374400
1993-04-01,1.656250,1.656250,1.656250,1.656250,0.649913,6400
1993-04-02,1.671875,1.671875,1.671875,1.671875,0.656044,16000
1993-04-05,1.664063,1.671875,1.664063,1.671875,0.656044,6400
1993-04-06,1.671875,1.671875,1.671875,1.671875,0.656044,0
1993-04-07,1.671875,1.710938,1.671875,1.710938,0.671372,104000
1993-04-08,1.710938,1.734375,1.703125,1.734375,0.680569,33600
1993-04-12,1.750000,1.757813,1.750000,1.750000,0.686700,57600
1993-04-13,1.765625,1.781250,1.765625,1.781250,0.698963,19200
1993-04-14,1.796875,1.812500,1.796875,1.812500,0.711226,22400
1993-04-15,1.812500,1.828125,1.804688,1.828125,0.717357,32000
1993-04-16,1.835938,1.835938,1.820313,1.828125,0.717357,102400
1993-04-19,1.835938,1.835938,1.812500,1.812500,0.711226,30400
1993-04-20,1.820313,1.820313,1.789063,1.796875,0.705094,1558400
1993-04-21,1.804688,1.804688,1.804688,1.804688,0.708160,4800
1993-04-22,1.804688,1.804688,1.804688,1.804688,0.708160,0
1993-04-23,1.796875,1.796875,1.796875,1.796875,0.705094,3200
1993-04-26,1.789063,1.789063,1.773438,1.773438,0.695897,400000
1993-04-27,1.765625,1.765625,1.765625,1.765625,0.692832,11200
1993-04-28,1.773438,1.773438,1.765625,1.765625,0.692832,94400
1993-04-29,1.781250,1.796875,1.781250,1.796875,0.705094,224000
1993-04-30,1.781250,1.796875,1.773438,1.796875,0.705094,502400
1993-05-03,1.812500,1.843750,1.812500,1.843750,0.723488,48000
1993-05-04,1.843750,1.906250,1.843750,1.906250,0.748013,262400
1993-05-05,1.890625,1.890625,1.859375,1.859375,0.729619,105600
1993-05-06,1.875000,1.882813,1.867188,1.867188,0.732685,150400
1993-05-07,1.859375,1.859375,1.835938,1.835938,0.720423,72000
1993-05-10,1.828125,1.835938,1.820313,1.820313,0.714291,20800
1993-05-11,1.843750,1.843750,1.835938,1.835938,0.720423,32000
1993-05-12,1.820313,1.851563,1.820313,1.851563,0.726554,121600
1993-05-13,1.851563,1.851563,1.843750,1.851563,0.726554,17600
1993-05-14,1.851563,1.851563,1.851563,1.851563,0.726554,0
1993-05-17,1.851563,1.851563,1.851563,1.851563,0.726554,0
1993-05-18,1.843750,1.843750,1.843750,1.843750,0.723488,4800
1993-05-19,1.828125,1.828125,1.828125,1.828125,0.717357,17600
1993-05-20,1.820313,1.828125,1.820313,1.828125,0.717357,164800
1993-05-21,1.843750,1.843750,1.843750,1.843750,0.723488,81600
1993-05-24,1.835938,1.843750,1.835938,1.843750,0.723488,14400
1993-05-25,1.859375,1.859375,1.859375,1.859375,0.729619,9600
1993-05-26,1.859375,1.859375,1.851563,1.851563,0.726554,49600
1993-05-27,1.843750,1.843750,1.835938,1.835938,0.720423,11200
1993-05-28,1.828125,1.828125,1.828125,1.828125,0.717357,3200
1993-06-01,1.820313,1.828125,1.820313,1.828125,0.717357,88000
1993-06-02,1.835938,1.851563,1.835938,1.851563,0.726554,22400
1993-06-03,1.843750,1.843750,1.843750,1.843750,0.723488,6400
1993-06-04,1.843750,1.843750,1.828125,1.828125,0.717357,11200
1993-06-07,1.812500,1.812500,1.812500,1.812500,0.711226,8000
1993-06-08,1.796875,1.812500,1.796875,1.812500,0.711226,22400
1993-06-09,1.828125,1.828125,1.828125,1.828125,0.717357,25600
1993-06-10,1.828125,1.828125,1.828125,1.828125,0.717357,72000
1993-06-11,1.820313,1.859375,1.789063,1.789063,0.702028,260800
1993-06-14,1.804688,1.812500,1.804688,1.812500,0.711226,27200
1993-06-15,1.812500,1.812500,1.812500,1.812500,0.711226,65600
1993-06-16,1.820313,1.820313,1.812500,1.812500,0.711226,28800
1993-06-17,1.812500,1.812500,1.804688,1.804688,0.708160,3200
1993-06-18,1.796875,1.804688,1.781250,1.781250,0.698963,144000
1993-06-21,1.765625,1.796875,1.757813,1.796875,0.706955,78400
1993-06-22,1.789063,1.796875,1.781250,1.789063,0.703881,40000
1993-06-23,1.781250,1.781250,1.781250,1.781250,0.700807,3200
1993-06-24,1.773438,1.773438,1.773438,1.773438,0.697734,3200
1993-06-25,1.773438,1.773438,1.773438,1.773438,0.697734,0
1993-06-28,1.773438,1.773438,1.773438,1.773438,0.697734,3200
1993-06-29,1.757813,1.757813,1.726563,1.726563,0.679291,67200
1993-06-30,1.726563,1.726563,1.726563,1.726563,0.679291,0
1993-07-01,1.718750,1.718750,1.718750,1.718750,0.676217,52800
1993-07-02,1.703125,1.703125,1.703125,1.703125,0.670070,9600
1993-07-06,1.687500,1.703125,1.687500,1.703125,0.670070,118400
1993-07-07,1.710938,1.710938,1.710938,1.710938,0.673144,9600
1993-07-08,1.671875,1.671875,1.671875,1.671875,0.657775,142400
1993-07-09,1.687500,1.687500,1.671875,1.671875,0.657775,46400
1993-07-12,1.687500,1.710938,1.687500,1.710938,0.673144,92800
1993-07-13,1.718750,1.750000,1.718750,1.750000,0.688513,64000
1993-07-14,1.757813,1.765625,1.757813,1.765625,0.694660,65600
1993-07-15,1.765625,1.765625,1.750000,1.750000,0.688513,17600
1993-07-16,1.757813,1.757813,1.757813,1.757813,0.691586,14400
1993-07-19,1.750000,1.750000,1.726563,1.734375,0.682365,59200
1993-07-20,1.718750,1.718750,1.710938,1.710938,0.673144,30400
1993-07-21,1.703125,1.703125,1.687500,1.687500,0.663923,70400
1993-07-22,1.687500,1.687500,1.664063,1.664063,0.654701,83200
1993-07-23,1.664063,1.664063,1.656250,1.656250,0.651628,22400
1993-07-26,1.656250,1.656250,1.648438,1.648438,0.648554,12800
1993-07-27,1.648438,1.664063,1.648438,1.648438,0.648554,11200
1993-07-28,1.671875,1.671875,1.671875,1.671875,0.657775,1600
1993-07-29,1.671875,1.671875,1.671875,1.671875,0.657775,0
1993-07-30,1.671875,1.671875,1.671875,1.671875,0.657775,3200
1993-08-02,1.664063,1.664063,1.664063,1.664063,0.654701,1600
1993-08-03,1.671875,1.671875,1.671875,1.671875,0.657775,6400
1993-08-04,1.671875,1.671875,1.671875,1.671875,0.657775,0
1993-08-05,1.671875,1.671875,1.671875,1.671875,0.657775,0
1993-08-06,1.679688,1.679688,1.664063,1.664063,0.654701,25600
1993-08-09,1.664063,1.664063,1.664063,1.664063,0.654701,0
1993-08-10,1.664063,1.679688,1.664063,1.671875,0.657775,24000
1993-08-11,1.679688,1.679688,1.671875,1.679688,0.660849,11200
1993-08-12,1.687500,1.687500,1.687500,1.687500,0.663923,20800
1993-08-13,1.687500,1.687500,1.687500,1.687500,0.663923,0
1993-08-16,1.687500,1.687500,1.687500,1.687500,0.663923,0
1993-08-17,1.679688,1.679688,1.679688,1.679688,0.660849,9600
1993-08-18,1.687500,1.687500,1.687500,1.687500,0.663923,272000
1993-08-19,1.687500,1.687500,1.687500,1.687500,0.663923,4800
1993-08-20,1.687500,1.703125,1.687500,1.703125,0.670070,20800
1993-08-23,1.687500,1.695313,1.671875,1.671875,0.657775,857600
1993-08-24,1.687500,1.695313,1.687500,1.695313,0.666997,158400
1993-08-25,1.687500,1.687500,1.687500,1.687500,0.663923,8000
1993-08-26,1.695313,1.718750,1.695313,1.718750,0.676217,20800
1993-08-27,1.710938,1.765625,1.710938,1.765625,0.694660,36800
1993-08-30,1.773438,1.781250,1.773438,1.781250,0.700807,4800
1993-08-31,1.781250,1.796875,1.781250,1.796875,0.706955,126400
1993-09-01,1.789063,1.804688,1.781250,1.781250,0.700807,84800
1993-09-02,1.789063,1.796875,1.773438,1.773438,0.697734,187200
1993-09-03,1.765625,1.765625,1.757813,1.757813,0.691586,27200
1993-09-07,1.750000,1.750000,1.750000,1.750000,0.688513,8000
1993-09-08,1.742188,1.773438,1.742188,1.773438,0.697734,185600
1993-09-09,1.773438,1.773438,1.765625,1.765625,0.694660,12800
1993-09-10,1.757813,1.757813,1.757813,1.757813,0.691586,12800
1993-09-13,1.765625,1.765625,1.750000,1.750000,0.688513,89600
1993-09-14,1.757813,1.757813,1.757813,1.757813,0.691586,1600
1993-09-15,1.765625,1.765625,1.765625,1.765625,0.694660,1600
1993-09-16,1.765625,1.765625,1.765625,1.765625,0.694660,0
1993-09-17,1.765625,1.765625,1.765625,1.765625,0.694660,0
1993-09-20,1.773438,1.773438,1.773438,1.773438,0.697734,8000
1993-09-21,1.773438,1.773438,1.757813,1.757813,0.691586,14400
1993-09-22,1.765625,1.781250,1.765625,1.781250,0.700807,43200
1993-09-23,1.796875,1.804688,1.796875,1.796875,0.706955,104000
1993-09-24,1.804688,1.812500,1.796875,1.812500,0.713102,35200
1993-09-27,1.796875,1.851563,1.796875,1.820313,0.716176,155200
1993-09-28,1.812500,1.812500,1.812500,1.812500,0.713102,8000
1993-09-29,1.812500,1.812500,1.812500,1.812500,0.713102,0
1993-09-30,1.812500,1.812500,1.812500,1.812500,0.713102,25600
1993-10-01,1.820313,1.851563,1.820313,1.851563,0.728471,124800
1993-10-04,1.835938,1.843750,1.835938,1.843750,0.727238,3200
1993-10-05,1.859375,1.859375,1.859375,1.859375,0.733401,9600
1993-10-06,1.851563,1.851563,1.835938,1.835938,0.724157,145600
1993-10-07,1.843750,1.843750,1.843750,1.843750,0.727238,9600
1993-10-08,1.843750,1.859375,1.835938,1.859375,0.733401,259200
1993-10-11,1.843750,1.843750,1.843750,1.843750,0.727238,6400
1993-10-12,1.851563,1.851563,1.835938,1.835938,0.724157,75200
1993-10-13,1.804688,1.804688,1.789063,1.804688,0.711831,75200
1993-10-14,1.812500,1.812500,1.812500,1.812500,0.714912,11200
1993-10-15,1.804688,1.828125,1.804688,1.828125,0.721075,27200
1993-10-18,1.835938,1.843750,1.835938,1.843750,0.727238,142400
1993-10-19,1.859375,1.867188,1.851563,1.859375,0.733401,62400
1993-10-20,1.867188,1.875000,1.843750,1.843750,0.727238,83200
1993-10-21,1.835938,1.835938,1.835938,1.835938,0.724157,9600
1993-10-22,1.843750,1.859375,1.843750,1.859375,0.733401,25600
1993-10-25,1.851563,1.851563,1.851563,1.851563,0.730320,4800
1993-10-26,1.843750,1.843750,1.828125,1.828125,0.721075,36800
1993-10-27,1.835938,1.835938,1.820313,1.820313,0.717994,41600
1993-10-28,1.804688,1.804688,1.796875,1.796875,0.708749,16000
1993-10-29,1.781250,1.781250,1.734375,1.734375,0.684097,308800
1993-11-01,1.750000,1.765625,1.750000,1.765625,0.696423,54400
1993-11-02,1.765625,1.765625,1.765625,1.765625,0.696423,19200
1993-11-03,1.765625,1.765625,1.765625,1.765625,0.696423,0
1993-11-04,1.750000,1.750000,1.742188,1.742188,0.687179,48000
1993-11-05,1.734375,1.765625,1.734375,1.742188,0.687179,121600
1993-11-08,1.742188,1.750000,1.742188,1.750000,0.690260,6400
1993-11-09,1.765625,1.773438,1.765625,1.773438,0.699505,32000
1993-11-10,1.773438,1.773438,1.773438,1.773438,0.699505,0
1993-11-11,1.773438,1.773438,1.773438,1.773438,0.699505,3200
1993-11-12,1.773438,1.773438,1.773438,1.773438,0.699505,3200
1993-11-15,1.773438,1.773438,1.773438,1.773438,0.699505,0
1993-11-16,1.781250,1.781250,1.781250,1.781250,0.702586,3200
1993-11-17,1.796875,1.843750,1.796875,1.843750,0.727238,150400
1993-11-18,1.828125,1.828125,1.820313,1.828125,0.721075,25600
1993-11-19,1.820313,1.828125,1.820313,1.828125,0.721075,4800
1993-11-22,1.812500,1.812500,1.804688,1.812500,0.714912,25600
1993-11-23,1.828125,1.843750,1.828125,1.843750,0.727238,49600
1993-11-24,1.828125,1.835938,1.828125,1.828125,0.721075,41600
1993-11-26,1.843750,1.867188,1.843750,1.867188,0.736483,83200
1993-11-29,1.867188,1.875000,1.867188,1.867188,0.736483,35200
1993-11-30,1.851563,1.851563,1.820313,1.828125,0.721075,107200
1993-12-01,1.835938,1.835938,1.835938,1.835938,0.724157,8000
1993-12-02,1.843750,1.843750,1.835938,1.835938,0.724157,6400
1993-12-03,1.843750,1.843750,1.750000,1.750000,0.690260,507200
1993-12-06,1.765625,1.765625,1.750000,1.750000,0.690260,56000
1993-12-07,1.765625,1.765625,1.765625,1.765625,0.696423,11200
1993-12-08,1.773438,1.773438,1.750000,1.750000,0.690260,20800
1993-12-09,1.757813,1.796875,1.757813,1.781250,0.702586,344000
1993-12-10,1.781250,1.789063,1.773438,1.773438,0.699505,211200
1993-12-13,1.773438,1.773438,1.773438,1.773438,0.699505,0
1993-12-14,1.773438,1.773438,1.773438,1.773438,0.699505,3200
1993-12-15,1.765625,1.773438,1.757813,1.757813,0.693342,33600
1993-12-16,1.750000,1.750000,1.742188,1.742188,0.687179,16000
1993-12-17,1.734375,1.734375,1.640625,1.664063,0.658135,404800
1993-12-20,1.656250,1.656250,1.656250,1.656250,0.655044,16000
1993-12-21,1.656250,1.679688,1.656250,1.671875,0.661224,123200
1993-12-22,1.656250,1.656250,1.585938,1.617188,0.639596,115200
1993-12-23,1.617188,1.632813,1.617188,1.632813,0.645775,41600
1993-12-27,1.640625,1.640625,1.632813,1.632813,0.645775,8000
1993-12-28,1.640625,1.648438,1.625000,1.625000,0.642685,62400
1993-12-29,1.632813,1.664063,1.632813,1.664063,0.658135,99200
1993-12-30,1.664063,1.664063,1.664063,1.664063,0.658135,0
1993-12-31,1.656250,1.664063,1.648438,1.648438,0.651955,68800
1994-01-03,1.656250,1.671875,1.640625,1.664063,0.658135,148800
1994-01-04,1.671875,1.695313,1.671875,1.695313,0.670494,27200
1994-01-05,1.710938,1.718750,1.710938,1.718750,0.679763,27200
1994-01-06,1.726563,1.734375,1.726563,1.726563,0.682853,35200
1994-01-07,1.734375,1.742188,1.734375,1.742188,0.689033,16000
1994-01-10,1.750000,1.757813,1.742188,1.757813,0.695213,22400
1994-01-11,1.765625,1.773438,1.757813,1.757813,0.695213,118400
1994-01-12,1.757813,1.757813,1.757813,1.757813,0.695213,11200
1994-01-13,1.757813,1.757813,1.757813,1.757813,0.695213,11200
1994-01-14,1.757813,1.765625,1.757813,1.757813,0.695213,43200
1994-01-17,1.765625,1.781250,1.750000,1.781250,0.704481,116800
1994-01-18,1.781250,1.789063,1.781250,1.781250,0.704481,40000
1994-01-19,1.781250,1.781250,1.750000,1.757813,0.695213,374400
1994-01-20,1.750000,1.765625,1.750000,1.765625,0.698302,12800
1994-01-21,1.757813,1.757813,1.742188,1.742188,0.689033,36800
1994-01-24,1.757813,1.757813,1.742188,1.742188,0.689033,36800
1994-01-25,1.750000,1.750000,1.750000,1.750000,0.692123,19200
1994-01-26,1.757813,1.765625,1.757813,1.765625,0.698302,179200
1994-01-27,1.765625,1.765625,1.765625,1.765625,0.698302,0
1994-01-28,1.765625,1.765625,1.750000,1.750000,0.692123,20800
1994-01-31,1.757813,1.757813,1.742188,1.757813,0.695213,41600
1994-02-01,1.757813,1.757813,1.757813,1.757813,0.695213,27200
1994-02-02,1.750000,1.750000,1.742188,1.742188,0.689033,12800
1994-02-03,1.742188,1.750000,1.742188,1.750000,0.692123,14400
1994-02-04,1.750000,1.757813,1.734375,1.757813,0.695213,163200
1994-02-07,1.750000,1.750000,1.734375,1.734375,0.685943,40000
1994-02-08,1.742188,1.742188,1.726563,1.726563,0.682853,25600
1994-02-09,1.734375,1.734375,1.718750,1.718750,0.679763,59200
1994-02-10,1.726563,1.726563,1.726563,1.726563,0.682853,14400
1994-02-11,1.710938,1.710938,1.710938,1.710938,0.676673,8000
1994-02-14,1.703125,1.726563,1.703125,1.703125,0.673583,128000
1994-02-15,1.718750,1.726563,1.718750,1.726563,0.682853,22400
1994-02-16,1.726563,1.726563,1.710938,1.718750,0.679763,51200
1994-02-17,1.710938,1.710938,1.695313,1.703125,0.673583,48000
1994-02-18,1.718750,1.718750,1.718750,1.718750,0.679763,4800
1994-02-22,1.726563,1.726563,1.726563,1.726563,0.682853,1600
1994-02-23,1.734375,1.750000,1.734375,1.750000,0.692123,22400
1994-02-24,1.734375,1.750000,1.734375,1.750000,0.692123,17600
1994-02-25,1.750000,1.781250,1.750000,1.781250,0.704481,75200
1994-02-28,1.804688,1.828125,1.804688,1.828125,0.723021,48000
1994-03-01,1.828125,1.843750,1.828125,1.835938,0.726111,36800
1994-03-02,1.820313,1.820313,1.812500,1.812500,0.716841,40000
1994-03-03,1.804688,1.804688,1.781250,1.781250,0.704481,20800
1994-03-04,1.781250,1.781250,1.757813,1.757813,0.695213,27200
1994-03-07,1.765625,1.765625,1.765625,1.765625,0.698302,14400
1994-03-08,1.765625,1.765625,1.750000,1.750000,0.692123,16000
1994-03-09,1.742188,1.750000,1.734375,1.750000,0.692123,230400
1994-03-10,1.750000,1.750000,1.750000,1.750000,0.692123,0
1994-03-11,1.765625,1.789063,1.757813,1.781250,0.704481,65600
1994-03-14,1.773438,1.812500,1.773438,1.812500,0.716841,30400
1994-03-15,1.820313,1.828125,1.804688,1.828125,0.723021,44800
1994-03-16,1.835938,1.835938,1.828125,1.835938,0.726111,56000
1994-03-17,1.859375,1.906250,1.859375,1.898438,0.750829,390400
1994-03-18,1.890625,1.898438,1.890625,1.898438,0.750829,36800
1994-03-21,1.882813,1.882813,1.867188,1.867188,0.740909,12800
1994-03-22,1.867188,1.867188,1.867188,1.867188,0.740909,16000
1994-03-23,1.851563,1.859375,1.828125,1.828125,0.725409,52800
1994-03-24,1.812500,1.828125,1.812500,1.812500,0.719209,32000
1994-03-25,1.820313,1.820313,1.820313,1.820313,0.722309,16000
1994-03-28,1.804688,1.804688,1.796875,1.796875,0.713009,35200
1994-03-29,1.796875,1.804688,1.789063,1.789063,0.709909,38400
1994-03-30,1.789063,1.804688,1.765625,1.796875,0.713009,94400
1994-03-31,1.812500,1.812500,1.750000,1.750000,0.694409,92800
1994-04-04,1.734375,1.734375,1.695313,1.695313,0.672709,38400
1994-04-05,1.710938,1.718750,1.710938,1.718750,0.682009,6400
1994-04-06,1.718750,1.718750,1.710938,1.718750,0.682009,11200
1994-04-07,1.726563,1.726563,1.726563,1.726563,0.685109,1600
1994-04-08,1.742188,1.757813,1.742188,1.757813,0.697509,57600
1994-04-11,1.757813,1.757813,1.757813,1.757813,0.697509,0
1994-04-12,1.742188,1.742188,1.742188,1.742188,0.691309,20800
1994-04-13,1.750000,1.757813,1.750000,1.757813,0.697509,27200
1994-04-14,1.750000,1.773438,1.750000,1.773438,0.703709,6400
1994-04-15,1.781250,1.789063,1.773438,1.773438,0.703709,27200
1994-04-18,1.757813,1.773438,1.757813,1.773438,0.703709,25600
1994-04-19,1.773438,1.789063,1.773438,1.789063,0.709909,12800
1994-04-20,1.773438,1.773438,1.773438,1.773438,0.703709,4800
1994-04-21,1.781250,1.781250,1.765625,1.773438,0.703709,30400
1994-04-22,1.765625,1.765625,1.765625,1.765625,0.700609,4800
1994-04-25,1.750000,1.765625,1.750000,1.757813,0.697509,52800
1994-04-26,1.773438,1.781250,1.773438,1.781250,0.706809,49600
1994-04-28,1.796875,1.796875,1.796875,1.796875,0.713009,78400
1994-04-29,1.796875,1.796875,1.796875,1.796875,0.713009,3200
1994-05-02,1.796875,1.796875,1.796875,1.796875,0.713009,0
1994-05-03,1.789063,1.789063,1.789063,1.789063,0.709909,3200
1994-05-04,1.804688,1.804688,1.804688,1.804688,0.716109,17600
1994-05-05,1.796875,1.796875,1.789063,1.789063,0.709909,292800
1994-05-06,1.789063,1.789063,1.789063,1.789063,0.709909,3200
1994-05-09,1.796875,1.796875,1.781250,1.789063,0.709909,20800
1994-05-10,1.796875,1.796875,1.789063,1.789063,0.709909,164800
1994-05-11,1.796875,1.812500,1.796875,1.812500,0.719209,100800
1994-05-12,1.820313,1.820313,1.796875,1.796875,0.713009,104000
1994-05-13,1.796875,1.796875,1.796875,1.796875,0.713009,14400
1994-05-16,1.781250,1.789063,1.781250,1.789063,0.709909,107200
1994-05-17,1.789063,1.828125,1.781250,1.828125,0.725409,140800
1994-05-18,1.828125,1.828125,1.796875,1.796875,0.713009,41600
1994-05-19,1.804688,1.804688,1.796875,1.796875,0.713009,30400
1994-05-20,1.789063,1.796875,1.789063,1.796875,0.713009,16000
1994-05-23,1.804688,1.804688,1.796875,1.804688,0.716109,40000
1994-05-24,1.820313,1.843750,1.820313,1.843750,0.731609,25600
1994-05-25,1.843750,1.843750,1.843750,1.843750,0.731609,25600
1994-05-26,1.859375,1.859375,1.859375,1.859375,0.737809,4800
1994-05-27,1.859375,1.867188,1.859375,1.867188,0.740909,11200
1994-05-31,1.921875,1.921875,1.898438,1.898438,0.753309,203200
1994-06-01,1.921875,1.929688,1.921875,1.929688,0.765709,46400
1994-06-02,1.960938,1.968750,1.953125,1.953125,0.775010,142400
1994-06-03,1.945313,1.984375,1.945313,1.984375,0.787410,62400
1994-06-06,1.984375,1.984375,1.984375,1.984375,0.787410,4800
1994-06-07,1.984375,2.007813,1.984375,2.007813,0.796710,62400
1994-06-08,2.023438,2.078125,2.023438,2.046875,0.812210,241600
1994-06-09,2.031250,2.031250,2.015625,2.031250,0.806010,142400
1994-06-10,2.046875,2.085938,2.039063,2.046875,0.812210,379200
1994-06-13,2.046875,2.046875,2.046875,2.046875,0.812210,17600
1994-06-14,2.039063,2.039063,2.007813,2.007813,0.796710,48000
1994-06-15,2.000000,2.000000,1.960938,1.960938,0.778110,51200
1994-06-16,1.945313,1.945313,1.890625,1.898438,0.753309,107200
1994-06-17,1.906250,1.937500,1.906250,1.929688,0.765709,220800
1994-06-20,1.906250,1.906250,1.898438,1.898438,0.755757,27200
1994-06-21,1.890625,1.890625,1.859375,1.859375,0.740206,56000
1994-06-22,1.859375,1.859375,1.859375,1.859375,0.740206,16000
1994-06-23,1.859375,1.867188,1.859375,1.867188,0.743317,9600
1994-06-24,1.859375,1.859375,1.835938,1.835938,0.730876,76800
1994-06-27,1.843750,1.843750,1.812500,1.835938,0.730876,52800
1994-06-28,1.835938,1.835938,1.835938,1.835938,0.730876,0
1994-06-29,1.835938,1.851563,1.835938,1.851563,0.737097,78400
1994-06-30,1.828125,1.828125,1.781250,1.781250,0.709105,265600
1994-07-01,1.796875,1.804688,1.796875,1.796875,0.715326,16000
1994-07-05,1.789063,1.789063,1.789063,1.789063,0.712216,3200
1994-07-06,1.789063,1.789063,1.789063,1.789063,0.712216,1600
1994-07-07,1.796875,1.796875,1.796875,1.796875,0.715326,1600
1994-07-08,1.812500,1.812500,1.812500,1.812500,0.721546,6400
1994-07-11,1.828125,1.851563,1.828125,1.851563,0.737097,57600
1994-07-12,1.859375,1.859375,1.851563,1.851563,0.737097,8000
1994-07-13,1.843750,1.843750,1.835938,1.835938,0.730876,20800
1994-07-14,1.835938,1.859375,1.835938,1.835938,0.730876,83200
1994-07-15,1.835938,1.835938,1.835938,1.835938,0.730876,0
1994-07-18,1.843750,1.843750,1.828125,1.828125,0.727766,28800
1994-07-19,1.820313,1.828125,1.820313,1.820313,0.724656,81600
1994-07-20,1.812500,1.828125,1.812500,1.828125,0.727766,20800
1994-07-21,1.820313,1.820313,1.812500,1.812500,0.721546,44800
1994-07-22,1.804688,1.812500,1.804688,1.812500,0.721546,6400
1994-07-25,1.820313,1.820313,1.812500,1.820313,0.724656,36800
1994-07-26,1.820313,1.820313,1.812500,1.812500,0.721546,14400
1994-07-27,1.820313,1.820313,1.781250,1.781250,0.709105,441600
1994-07-28,1.765625,1.773438,1.765625,1.773438,0.705996,46400
1994-07-29,1.781250,1.781250,1.781250,1.781250,0.709105,6400
1994-08-01,1.765625,1.781250,1.765625,1.781250,0.709105,14400
1994-08-02,1.765625,1.765625,1.750000,1.750000,0.696665,32000
1994-08-03,1.734375,1.734375,1.687500,1.687500,0.671784,97600
1994-08-04,1.687500,1.695313,1.687500,1.687500,0.671784,24000
1994-08-05,1.687500,1.687500,1.687500,1.687500,0.671784,4800
1994-08-08,1.703125,1.703125,1.695313,1.695313,0.674895,25600
1994-08-09,1.695313,1.695313,1.695313,1.695313,0.674895,1600
1994-08-10,1.695313,1.695313,1.695313,1.695313,0.674895,8000
1994-08-11,1.687500,1.687500,1.687500,1.687500,0.671784,8000
1994-08-12,1.695313,1.695313,1.695313,1.695313,0.674895,11200
1994-08-15,1.687500,1.687500,1.687500,1.687500,0.671784,4800
1994-08-16,1.671875,1.687500,1.671875,1.679688,0.668674,67200
1994-08-17,1.679688,1.679688,1.679688,1.679688,0.668674,0
1994-08-18,1.671875,1.671875,1.632813,1.632813,0.650013,24000
1994-08-19,1.632813,1.632813,1.593750,1.593750,0.634463,73600
1994-08-22,1.601563,1.601563,1.578125,1.578125,0.628242,99200
1994-08-23,1.570313,1.593750,1.570313,1.593750,0.634463,73600
1994-08-24,1.593750,1.601563,1.593750,1.601563,0.637573,107200
1994-08-25,1.609375,1.625000,1.609375,1.625000,0.646903,48000
1994-08-26,1.625000,1.625000,1.625000,1.625000,0.646903,152000
1994-08-29,1.609375,1.625000,1.609375,1.625000,0.646903,65600
1994-08-30,1.632813,1.632813,1.632813,1.632813,0.650013,1600
1994-08-31,1.648438,1.648438,1.640625,1.640625,0.653123,20800
1994-09-01,1.640625,1.640625,1.640625,1.640625,0.653123,33600
1994-09-02,1.632813,1.640625,1.632813,1.640625,0.653123,8000
1994-09-06,1.640625,1.640625,1.640625,1.640625,0.653123,1600
1994-09-07,1.640625,1.640625,1.640625,1.640625,0.653123,19200
1994-09-08,1.632813,1.632813,1.632813,1.632813,0.650013,12800
1994-09-09,1.632813,1.632813,1.632813,1.632813,0.650013,1600
1994-09-12,1.625000,1.625000,1.625000,1.625000,0.646903,68800
1994-09-13,1.640625,1.640625,1.625000,1.632813,0.650013,40000
1994-09-14,1.632813,1.632813,1.625000,1.632813,0.650013,38400
1994-09-15,1.640625,1.664063,1.640625,1.664063,0.662454,67200
1994-09-16,1.671875,1.671875,1.664063,1.671875,0.665564,28800
1994-09-19,1.671875,1.671875,1.671875,1.671875,0.665564,62400
1994-09-20,1.671875,1.671875,1.664063,1.671875,0.665564,59200
1994-09-21,1.671875,1.671875,1.671875,1.671875,0.665564,0
1994-09-22,1.671875,1.671875,1.632813,1.648438,0.656234,57600
1994-09-23,1.640625,1.640625,1.640625,1.640625,0.653123,25600
1994-09-26,1.625000,1.625000,1.539063,1.539063,0.612692,283200
1994-09-27,1.539063,1.539063,1.507813,1.515625,0.603362,64000
1994-09-28,1.515625,1.531250,1.515625,1.531250,0.609581,28800
1994-09-29,1.539063,1.554688,1.539063,1.546875,0.615802,54400
1994-09-30,1.554688,1.562500,1.546875,1.546875,0.615802,491200
1994-10-03,1.539063,1.546875,1.539063,1.539063,0.615178,180800
1994-10-04,1.523438,1.531250,1.500000,1.500000,0.599564,124800
1994-10-05,1.492188,1.492188,1.484375,1.492188,0.596442,78400
1994-10-06,1.507813,1.531250,1.507813,1.531250,0.612055,131200
1994-10-07,1.546875,1.562500,1.546875,1.554688,0.621423,300800
1994-10-10,1.554688,1.554688,1.539063,1.539063,0.615178,52800
1994-10-11,1.539063,1.554688,1.539063,1.554688,0.621423,44800
1994-10-12,1.531250,1.554688,1.531250,1.546875,0.618300,70400
1994-10-13,1.554688,1.593750,1.554688,1.585938,0.633914,48000
1994-10-14,1.593750,1.609375,1.593750,1.609375,0.643282,12800
1994-10-17,1.617188,1.617188,1.617188,1.617188,0.646405,4800
1994-10-18,1.609375,1.609375,1.609375,1.609375,0.643282,1600
1994-10-19,1.593750,1.609375,1.593750,1.593750,0.637036,20800
1994-10-20,1.609375,1.609375,1.585938,1.593750,0.637036,32000
1994-10-21,1.578125,1.578125,1.570313,1.578125,0.630791,32000
1994-10-24,1.578125,1.578125,1.554688,1.554688,0.621423,22400
1994-10-25,1.562500,1.562500,1.546875,1.554688,0.621423,16000
1994-10-26,1.546875,1.546875,1.539063,1.539063,0.615178,43200
1994-10-27,1.539063,1.539063,1.539063,1.539063,0.615178,17600
1994-10-28,1.539063,1.539063,1.531250,1.531250,0.612055,32000
1994-10-31,1.539063,1.539063,1.539063,1.539063,0.615178,4800
1994-11-01,1.539063,1.539063,1.531250,1.531250,0.612055,25600
1994-11-02,1.515625,1.515625,1.515625,1.515625,0.605810,4800
1994-11-03,1.515625,1.546875,1.515625,1.546875,0.618300,67200
1994-11-04,1.546875,1.546875,1.539063,1.539063,0.615178,46400
1994-11-07,1.546875,1.554688,1.546875,1.554688,0.621423,81600
1994-11-08,1.554688,1.554688,1.554688,1.554688,0.621423,0
1994-11-09,1.546875,1.554688,1.546875,1.546875,0.618300,19200
1994-11-10,1.539063,1.539063,1.539063,1.539063,0.615178,6400
1994-11-11,1.539063,1.539063,1.539063,1.539063,0.615178,25600
1994-11-14,1.539063,1.570313,1.539063,1.562500,0.624546,59200
1994-11-15,1.562500,1.562500,1.554688,1.562500,0.624546,30400
1994-11-16,1.562500,1.585938,1.562500,1.585938,0.633914,36800
1994-11-17,1.585938,1.585938,1.585938,1.585938,0.633914,30400
1994-11-18,1.609375,1.656250,1.609375,1.648438,0.658896,110400
1994-11-21,1.640625,1.648438,1.632813,1.640625,0.655773,57600
1994-11-22,1.640625,1.656250,1.640625,1.656250,0.662018,108800
1994-11-23,1.648438,1.648438,1.640625,1.648438,0.658896,6400
1994-11-25,1.648438,1.648438,1.648438,1.648438,0.658896,0
1994-11-28,1.640625,1.640625,1.625000,1.625000,0.649527,35200
1994-11-29,1.625000,1.625000,1.625000,1.625000,0.649527,0
1994-11-30,1.617188,1.617188,1.609375,1.609375,0.643282,24000
1994-12-01,1.601563,1.601563,1.593750,1.593750,0.637036,43200
1994-12-02,1.593750,1.593750,1.578125,1.585938,0.633914,22400
1994-12-05,1.578125,1.578125,1.570313,1.570313,0.627669,8000
1994-12-06,1.554688,1.562500,1.554688,1.562500,0.624546,19200
1994-12-07,1.546875,1.546875,1.546875,1.546875,0.618300,30400
1994-12-08,1.546875,1.546875,1.546875,1.546875,0.618300,48000
1994-12-09,1.546875,1.554688,1.546875,1.554688,0.621423,38400
1994-12-12,1.539063,1.546875,1.539063,1.546875,0.618300,104000
1994-12-13,1.593750,1.593750,1.585938,1.593750,0.637036,104000
1994-12-14,1.593750,1.593750,1.593750,1.593750,0.637036,0
1994-12-15,1.578125,1.593750,1.578125,1.593750,0.637036,43200
1994-12-16,1.609375,1.625000,1.609375,1.617188,0.646405,99200
1994-12-19,1.601563,1.601563,1.593750,1.593750,0.639508,14400
1994-12-20,1.593750,1.593750,1.562500,1.562500,0.626969,41600
1994-12-21,1.562500,1.570313,1.562500,1.562500,0.626969,192000
1994-12-22,1.546875,1.546875,1.531250,1.531250,0.614429,75200
1994-12-23,1.531250,1.531250,1.531250,1.531250,0.614429,27200
1994-12-27,1.515625,1.546875,1.500000,1.546875,0.620699,172800
1994-12-28,1.539063,1.554688,1.539063,1.554688,0.623834,59200
1994-12-29,1.562500,1.632813,1.554688,1.632813,0.655183,172800
1994-12-30,1.625000,1.640625,1.625000,1.632813,0.655183,64000
1995-01-03,1.640625,1.640625,1.632813,1.632813,0.655183,27200
1995-01-04,1.632813,1.632813,1.632813,1.632813,0.655183,4800
1995-01-05,1.632813,1.632813,1.632813,1.632813,0.655183,9600
1995-01-06,1.632813,1.632813,1.632813,1.632813,0.655183,0
1995-01-09,1.632813,1.632813,1.632813,1.632813,0.655183,0
1995-01-10,1.632813,1.632813,1.625000,1.625000,0.652048,72000
1995-01-11,1.617188,1.617188,1.593750,1.617188,0.648913,46400
1995-01-12,1.609375,1.609375,1.578125,1.585938,0.636374,110400
1995-01-13,1.578125,1.578125,1.578125,1.578125,0.633238,1600
1995-01-16,1.562500,1.562500,1.562500,1.562500,0.626969,20800
1995-01-17,1.570313,1.570313,1.546875,1.546875,0.620699,30400
1995-01-18,1.531250,1.531250,1.515625,1.515625,0.608160,20800
1995-01-19,1.523438,1.523438,1.523438,1.523438,0.611295,1600
1995-01-20,1.515625,1.546875,1.515625,1.539063,0.617565,76800
1995-01-23,1.546875,1.585938,1.546875,1.585938,0.636374,86400
1995-01-24,1.585938,1.601563,1.578125,1.578125,0.633238,99200
1995-01-25,1.585938,1.609375,1.585938,1.593750,0.639508,91200
1995-01-26,1.585938,1.585938,1.585938,1.585938,0.636374,3200
1995-01-27,1.578125,1.578125,1.554688,1.554688,0.623834,72000
1995-01-30,1.554688,1.554688,1.554688,1.554688,0.623834,0
1995-01-31,1.562500,1.562500,1.554688,1.554688,0.623834,16000
1995-02-01,1.570313,1.570313,1.570313,1.570313,0.630104,8000
1995-02-02,1.578125,1.578125,1.578125,1.578125,0.633238,6400
1995-02-03,1.578125,1.585938,1.578125,1.578125,0.633238,38400
1995-02-06,1.585938,1.585938,1.562500,1.562500,0.626969,20800
1995-02-07,1.546875,1.554688,1.539063,1.554688,0.623834,59200
1995-02-08,1.546875,1.546875,1.531250,1.539063,0.617565,17600
1995-02-09,1.546875,1.546875,1.539063,1.539063,0.617565,20800
1995-02-10,1.546875,1.554688,1.539063,1.539063,0.617565,27200
1995-02-13,1.531250,1.531250,1.531250,1.531250,0.614429,51200
1995-02-14,1.523438,1.523438,1.515625,1.515625,0.608160,17600
1995-02-15,1.515625,1.515625,1.515625,1.515625,0.608160,396800
1995-02-16,1.507813,1.507813,1.500000,1.500000,0.601890,25600
1995-02-17,1.476563,1.484375,1.476563,1.484375,0.595620,51200
1995-02-21,1.500000,1.507813,1.500000,1.507813,0.605025,38400
1995-02-22,1.500000,1.500000,1.500000,1.500000,0.601890,6400
1995-02-23,1.492188,1.492188,1.437500,1.437500,0.576811,232000
1995-02-24,1.453125,1.453125,1.453125,1.453125,0.583081,417600
1995-02-27,1.453125,1.476563,1.453125,1.476563,0.592486,152000
1995-02-28,1.468750,1.476563,1.468750,1.476563,0.592486,33600
1995-03-01,1.476563,1.476563,1.476563,1.476563,0.592486,0
1995-03-02,1.476563,1.476563,1.476563,1.476563,0.592486,0
1995-03-03,1.476563,1.476563,1.453125,1.453125,0.583081,214400
1995-03-06,1.468750,1.476563,1.460938,1.476563,0.592486,99200
1995-03-07,1.484375,1.500000,1.484375,1.500000,0.601890,46400
1995-03-08,1.515625,1.515625,1.507813,1.507813,0.605025,32000
1995-03-09,1.507813,1.523438,1.507813,1.523438,0.611295,73600
1995-03-10,1.523438,1.523438,1.523438,1.523438,0.611295,0
1995-03-13,1.531250,1.531250,1.523438,1.531250,0.614429,51200
1995-03-14,1.546875,1.570313,1.546875,1.570313,0.630104,142400
1995-03-15,1.562500,1.585938,1.562500,1.585938,0.636374,104000
1995-03-16,1.570313,1.570313,1.570313,1.570313,0.630104,17600
1995-03-17,1.554688,1.554688,1.531250,1.531250,0.614429,60800
1995-03-20,1.523438,1.523438,1.523438,1.523438,0.611295,3200
1995-03-21,1.515625,1.515625,1.507813,1.515625,0.608160,136000
1995-03-22,1.523438,1.531250,1.523438,1.531250,0.614429,17600
1995-03-23,1.531250,1.531250,1.531250,1.531250,0.614429,0
1995-03-24,1.535156,1.535156,1.535156,1.535156,0.615997,25600
1995-03-27,1.523438,1.531250,1.523438,1.531250,0.616941,24000
1995-03-28,1.546875,1.546875,1.546875,1.546875,0.623237,54400
1995-03-29,1.562500,1.648438,1.562500,1.625000,0.654713,160000
1995-03-30,1.640625,1.640625,1.632813,1.632813,0.657861,54400
1995-03-31,1.648438,1.648438,1.632813,1.632813,0.657861,43200
1995-04-03,1.625000,1.625000,1.601563,1.601563,0.645270,56000
1995-04-04,1.609375,1.609375,1.593750,1.593750,0.642123,62400
1995-04-05,1.601563,1.617188,1.601563,1.617188,0.651566,16000
1995-04-06,1.632813,1.632813,1.625000,1.625000,0.654713,326400
1995-04-07,1.617188,1.617188,1.617188,1.617188,0.651566,1600
1995-04-10,1.625000,1.625000,1.625000,1.625000,0.654713,16000
1995-04-11,1.625000,1.625000,1.625000,1.625000,0.654713,0
1995-04-12,1.625000,1.625000,1.617188,1.617188,0.651566,20800
1995-04-13,1.617188,1.617188,1.617188,1.617188,0.651566,0
1995-04-17,1.617188,1.625000,1.617188,1.625000,0.654713,19200
1995-04-18,1.625000,1.625000,1.617188,1.617188,0.651566,12800
1995-04-19,1.609375,1.609375,1.609375,1.609375,0.648418,48000
1995-04-20,1.609375,1.617188,1.609375,1.609375,0.648418,28800
1995-04-21,1.609375,1.617188,1.609375,1.617188,0.651566,166400
1995-04-24,1.625000,1.640625,1.625000,1.640625,0.661008,134400
1995-04-25,1.656250,1.656250,1.656250,1.656250,0.667304,27200
1995-04-26,1.664063,1.664063,1.664063,1.664063,0.670451,6400
1995-04-27,1.671875,1.671875,1.671875,1.671875,0.673599,6400
1995-04-28,1.664063,1.671875,1.664063,1.671875,0.673599,110400
1995-05-01,1.671875,1.710938,1.671875,1.703125,0.686190,604800
1995-05-02,1.710938,1.726563,1.710938,1.726563,0.695633,27200
1995-05-03,1.726563,1.726563,1.726563,1.726563,0.695633,9600
1995-05-04,1.734375,1.734375,1.734375,1.734375,0.698780,12800
1995-05-05,1.734375,1.750000,1.734375,1.750000,0.705076,62400
1995-05-08,1.750000,1.773438,1.750000,1.773438,0.714519,75200
1995-05-09,1.773438,1.773438,1.757813,1.773438,0.714519,155200
1995-05-10,1.773438,1.773438,1.773438,1.773438,0.714519,11200
1995-05-11,1.781250,1.781250,1.781250,1.781250,0.717666,24000
1995-05-12,1.781250,1.781250,1.781250,1.781250,0.717666,30400
1995-05-15,1.781250,1.781250,1.781250,1.781250,0.717666,49600
1995-05-16,1.781250,1.781250,1.773438,1.781250,0.717666,665600
1995-05-17,1.765625,1.765625,1.750000,1.750000,0.705076,392000
1995-05-18,1.734375,1.734375,1.656250,1.671875,0.673599,224000
1995-05-19,1.656250,1.656250,1.632813,1.632813,0.657861,142400
1995-05-22,1.632813,1.632813,1.609375,1.609375,0.648418,68800
1995-05-23,1.609375,1.609375,1.601563,1.601563,0.645270,28800
1995-05-24,1.609375,1.609375,1.546875,1.546875,0.623237,240000
1995-05-25,1.546875,1.546875,1.546875,1.546875,0.623237,1600
1995-05-26,1.562500,1.562500,1.554688,1.554688,0.626384,14400
1995-05-30,1.546875,1.546875,1.531250,1.531250,0.616941,129600
1995-05-31,1.531250,1.531250,1.531250,1.531250,0.616941,64000
1995-06-01,1.531250,1.531250,1.523438,1.531250,0.616941,44800
1995-06-02,1.531250,1.531250,1.531250,1.531250,0.616941,0
1995-06-05,1.531250,1.531250,1.531250,1.531250,0.616941,1600
1995-06-06,1.531250,1.531250,1.515625,1.523438,0.613794,41600
1995-06-07,1.523438,1.523438,1.523438,1.523438,0.613794,0
1995-06-08,1.507813,1.507813,1.484375,1.484375,0.598055,214400
1995-06-09,1.484375,1.484375,1.476563,1.476563,0.594908,46400
1995-06-12,1.492188,1.492188,1.468750,1.468750,0.591760,84800
1995-06-13,1.468750,1.484375,1.468750,1.476563,0.594908,142400
1995-06-14,1.476563,1.492188,1.476563,1.484375,0.598055,38400
1995-06-15,1.484375,1.484375,1.468750,1.476563,0.594908,27200
1995-06-16,1.476563,1.476563,1.468750,1.476563,0.594908,17600
1995-06-19,1.453125,1.460938,1.453125,1.460938,0.588612,49600
1995-06-20,1.453125,1.460938,1.453125,1.460938,0.588612,57600
1995-06-21,1.453125,1.460938,1.453125,1.460938,0.591141,11200
1995-06-22,1.453125,1.453125,1.453125,1.453125,0.587980,19200
1995-06-23,1.453125,1.453125,1.449219,1.453125,0.587980,32000
1995-06-26,1.453125,1.453125,1.445313,1.453125,0.587980,33600
1995-06-27,1.445313,1.445313,1.445313,1.445313,0.584819,99200
1995-06-28,1.445313,1.445313,1.414063,1.414063,0.572174,7843200
1995-06-29,1.414063,1.414063,1.335938,1.406250,0.569013,2206400
1995-06-30,1.398438,1.445313,1.398438,1.445313,0.584819,1580800
1995-07-03,1.437500,1.437500,1.429688,1.429688,0.578497,36800
1995-07-05,1.445313,1.445313,1.375000,1.398438,0.565852,227200
1995-07-06,1.398438,1.406250,1.390625,1.390625,0.562691,238400
1995-07-07,1.390625,1.390625,1.390625,1.390625,0.562691,76800
1995-07-10,1.390625,1.398438,1.390625,1.390625,0.562691,507200
1995-07-11,1.390625,1.398438,1.390625,1.390625,0.562691,774400
1995-07-12,1.390625,1.421875,1.390625,1.414063,0.572174,150400
1995-07-13,1.406250,1.445313,1.406250,1.414063,0.572174,835200
1995-07-14,1.414063,1.421875,1.382813,1.382813,0.559529,177600
1995-07-17,1.406250,1.406250,1.398438,1.406250,0.569013,123200
1995-07-18,1.398438,1.421875,1.390625,1.406250,0.569013,200000
1995-07-19,1.406250,1.414063,1.398438,1.398438,0.565852,115200
1995-07-20,1.398438,1.414063,1.398438,1.406250,0.569013,49600
1995-07-21,1.398438,1.414063,1.390625,1.406250,0.569013,83200
1995-07-24,1.414063,1.414063,1.398438,1.406250,0.569013,72000
1995-07-25,1.406250,1.406250,1.398438,1.406250,0.569013,28800
1995-07-26,1.414063,1.437500,1.414063,1.414063,0.572174,88000
1995-07-27,1.414063,1.429688,1.414063,1.414063,0.572174,24000
1995-07-28,1.414063,1.414063,1.406250,1.406250,0.569013,22400
1995-07-31,1.406250,1.414063,1.398438,1.414063,0.572174,41600
1995-08-01,1.406250,1.406250,1.398438,1.398438,0.565852,54400
1995-08-02,1.398438,1.398438,1.398438,1.398438,0.565852,385600
1995-08-03,1.398438,1.398438,1.398438,1.398438,0.565852,1600
1995-08-04,1.390625,1.398438,1.390625,1.390625,0.562691,64000
1995-08-07,1.398438,1.398438,1.390625,1.398438,0.565852,32000
1995-08-08,1.398438,1.398438,1.390625,1.390625,0.562691,24000
1995-08-09,1.398438,1.398438,1.398438,1.398438,0.565852,24000
1995-08-10,1.406250,1.406250,1.406250,1.406250,0.569013,6400
1995-08-11,1.406250,1.406250,1.406250,1.406250,0.569013,241600
1995-08-14,1.398438,1.406250,1.398438,1.398438,0.565852,27200
1995-08-15,1.390625,1.390625,1.390625,1.390625,0.562691,25600
1995-08-16,1.390625,1.398438,1.390625,1.390625,0.562691,20800
1995-08-17,1.390625,1.390625,1.382813,1.390625,0.562691,164800
1995-08-18,1.398438,1.406250,1.398438,1.406250,0.569013,1755200
1995-08-21,1.406250,1.406250,1.406250,1.406250,0.569013,3200
1995-08-22,1.398438,1.398438,1.398438,1.398438,0.565852,134400
1995-08-23,1.398438,1.406250,1.398438,1.398438,0.565852,216000
1995-08-24,1.398438,1.398438,1.398438,1.398438,0.565852,30400
1995-08-25,1.398438,1.406250,1.398438,1.398438,0.565852,38400
1995-08-28,1.398438,1.406250,1.398438,1.406250,0.569013,59200
1995-08-29,1.398438,1.398438,1.398438,1.398438,0.565852,809600
1995-08-30,1.398438,1.429688,1.398438,1.414063,0.572174,4705600
1995-08-31,1.414063,1.429688,1.414063,1.414063,0.572174,145600
1995-09-01,1.414063,1.445313,1.414063,1.437500,0.581658,161600
1995-09-05,1.437500,1.437500,1.421875,1.421875,0.575335,104000
1995-09-06,1.421875,1.429688,1.421875,1.421875,0.575335,140800
1995-09-07,1.421875,1.421875,1.414063,1.414063,0.572174,48000
1995-09-08,1.414063,1.429688,1.414063,1.429688,0.578497,59200
1995-09-11,1.421875,1.429688,1.421875,1.421875,0.575335,28800
1995-09-12,1.421875,1.429688,1.421875,1.429688,0.578497,38400
1995-09-13,1.437500,1.437500,1.429688,1.429688,0.578497,20800
1995-09-14,1.429688,1.453125,1.429688,1.445313,0.584819,99200
1995-09-15,1.453125,1.453125,1.437500,1.445313,0.584819,56000
1995-09-18,1.437500,1.437500,1.421875,1.421875,0.575335,97600
1995-09-19,1.421875,1.421875,1.414063,1.421875,0.575335,33600
1995-09-20,1.421875,1.421875,1.421875,1.421875,0.575335,9600
1995-09-21,1.429688,1.437500,1.429688,1.429688,0.578497,812800
1995-09-22,1.429688,1.429688,1.414063,1.421875,0.575335,81600
1995-09-25,1.414063,1.414063,1.414063,1.414063,0.572174,4800
1995-09-26,1.429688,1.429688,1.406250,1.406250,0.569013,56000
1995-09-27,1.398438,1.398438,1.398438,1.398438,0.565852,19200
1995-09-28,1.406250,1.421875,1.406250,1.414063,0.572174,105600
1995-09-29,1.406250,1.453125,1.406250,1.437500,0.581658,249600
1995-10-02,1.437500,1.460938,1.437500,1.445313,0.584819,185600
1995-10-03,1.437500,1.445313,1.437500,1.437500,0.581658,360000
1995-10-04,1.437500,1.453125,1.437500,1.453125,0.587980,46400
1995-10-05,1.445313,1.453125,1.437500,1.453125,0.587980,72000
1995-10-06,1.453125,1.453125,1.437500,1.445313,0.584819,32000
1995-10-09,1.437500,1.437500,1.398438,1.421875,0.575335,382400
1995-10-10,1.421875,1.429688,1.421875,1.421875,0.575335,160000
1995-10-11,1.421875,1.429688,1.421875,1.429688,0.581051,110400
1995-10-12,1.421875,1.421875,1.421875,1.421875,0.577875,14400
1995-10-13,1.421875,1.421875,1.414063,1.414063,0.574700,33600
1995-10-16,1.414063,1.429688,1.406250,1.429688,0.581051,83200
1995-10-17,1.421875,1.429688,1.414063,1.429688,0.581051,41600
1995-10-18,1.429688,1.429688,1.421875,1.429688,0.581051,49600
1995-10-19,1.414063,1.429688,1.406250,1.406250,0.571525,164800
1995-10-20,1.406250,1.406250,1.390625,1.390625,0.565175,27200
1995-10-23,1.390625,1.390625,1.382813,1.390625,0.565175,30400
1995-10-24,1.390625,1.390625,1.390625,1.390625,0.565175,4800
1995-10-25,1.390625,1.390625,1.390625,1.390625,0.565175,3200
1995-10-26,1.375000,1.375000,1.375000,1.375000,0.558824,20800
1995-10-27,1.367188,1.367188,1.359375,1.359375,0.552474,35200
1995-10-30,1.351563,1.351563,1.351563,1.351563,0.549299,33600
1995-10-31,1.343750,1.367188,1.343750,1.359375,0.552474,35200
1995-11-01,1.359375,1.382813,1.359375,1.375000,0.558824,51200
1995-11-02,1.359375,1.375000,1.359375,1.367188,0.555649,56000
1995-11-03,1.375000,1.398438,1.375000,1.398438,0.568350,94400
1995-11-06,1.398438,1.398438,1.398438,1.398438,0.568350,3200
1995-11-07,1.390625,1.398438,1.390625,1.398438,0.568350,8000
1995-11-08,1.390625,1.398438,1.375000,1.390625,0.565175,124800
1995-11-09,1.390625,1.398438,1.382813,1.398438,0.568350,17600
1995-11-10,1.390625,1.406250,1.390625,1.390625,0.565175,43200
1995-11-13,1.390625,1.390625,1.351563,1.375000,0.558824,113600
1995-11-14,1.367188,1.367188,1.351563,1.367188,0.555649,73600
1995-11-15,1.367188,1.375000,1.359375,1.375000,0.558824,16000
1995-11-16,1.375000,1.375000,1.367188,1.375000,0.558824,11200
1995-11-17,1.375000,1.382813,1.375000,1.382813,0.562000,41600
1995-11-20,1.375000,1.382813,1.375000,1.382813,0.562000,8000
1995-11-21,1.375000,1.414063,1.375000,1.414063,0.574700,190400
1995-11-22,1.398438,1.398438,1.390625,1.390625,0.565175,27200
1995-11-24,1.398438,1.398438,1.398438,1.398438,0.568350,3200
1995-11-27,1.390625,1.406250,1.390625,1.398438,0.568350,51200
1995-11-28,1.398438,1.398438,1.382813,1.398438,0.568350,25600
1995-11-29,1.398438,1.398438,1.390625,1.390625,0.565175,44800
1995-11-30,1.382813,1.382813,1.375000,1.375000,0.558824,489600
1995-12-01,1.375000,1.375000,1.375000,1.375000,0.558824,9600
1995-12-04,1.375000,1.375000,1.343750,1.343750,0.546124,88000
1995-12-05,1.351563,1.359375,1.335938,1.335938,0.542949,364800
1995-12-06,1.343750,1.343750,1.335938,1.335938,0.542949,16000
1995-12-07,1.351563,1.351563,1.335938,1.335938,0.542949,27200
1995-12-08,1.343750,1.351563,1.328125,1.351563,0.549299,62400
1995-12-11,1.335938,1.359375,1.335938,1.359375,0.552474,59200
1995-12-12,1.351563,1.375000,1.351563,1.375000,0.558824,44800
1995-12-13,1.359375,1.398438,1.359375,1.398438,0.568350,132800
1995-12-14,1.398438,1.406250,1.390625,1.390625,0.565175,84800
1995-12-15,1.398438,1.398438,1.351563,1.359375,0.552474,108800
1995-12-18,1.359375,1.359375,1.359375,1.359375,0.552474,4800
1995-12-19,1.343750,1.382813,1.343750,1.382813,0.562000,72000
1995-12-20,1.390625,1.390625,1.382813,1.390625,0.565175,59200
1995-12-21,1.406250,1.421875,1.398438,1.421875,0.577875,168000
1995-12-22,1.421875,1.437500,1.414063,1.429688,0.581051,153600
1995-12-26,1.429688,1.429688,1.398438,1.406250,0.571525,80000
1995-12-27,1.398438,1.398438,1.375000,1.375000,0.561320,25600
1995-12-28,1.382813,1.421875,1.382813,1.421875,0.580455,600000
1995-12-29,1.414063,1.414063,1.382813,1.414063,0.577266,497600
1996-01-02,1.414063,1.421875,1.406250,1.414063,0.577266,131200
1996-01-03,1.406250,1.421875,1.398438,1.398438,0.570887,72000
1996-01-04,1.390625,1.398438,1.390625,1.390625,0.567698,33600
1996-01-05,1.382813,1.398438,1.382813,1.398438,0.570887,44800
1996-01-08,1.398438,1.398438,1.398438,1.398438,0.570887,0
1996-01-09,1.398438,1.421875,1.390625,1.421875,0.580455,300800
1996-01-10,1.414063,1.414063,1.390625,1.390625,0.567698,105600
1996-01-11,1.390625,1.390625,1.382813,1.382813,0.564509,22400
1996-01-12,1.382813,1.382813,1.382813,1.382813,0.564509,19200
1996-01-15,1.398438,1.406250,1.398438,1.406250,0.574077,19200
1996-01-16,1.398438,1.414063,1.398438,1.406250,0.574077,38400
1996-01-17,1.414063,1.421875,1.406250,1.421875,0.580455,16000
1996-01-18,1.421875,1.437500,1.421875,1.429688,0.583645,163200
1996-01-19,1.437500,1.437500,1.429688,1.437500,0.586834,32000
1996-01-22,1.437500,1.445313,1.429688,1.437500,0.586834,198400
1996-01-23,1.453125,1.453125,1.437500,1.437500,0.586834,64000
1996-01-24,1.429688,1.445313,1.421875,1.437500,0.586834,52800
1996-01-25,1.437500,1.437500,1.421875,1.437500,0.586834,28800
1996-01-26,1.429688,1.437500,1.429688,1.429688,0.583645,25600
1996-01-29,1.437500,1.460938,1.437500,1.460938,0.596402,387200
1996-01-30,1.453125,1.453125,1.437500,1.437500,0.586834,22400
1996-01-31,1.445313,1.445313,1.437500,1.437500,0.586834,60800
1996-02-01,1.445313,1.445313,1.429688,1.429688,0.583645,89600
1996-02-02,1.421875,1.421875,1.398438,1.398438,0.570887,556800
1996-02-05,1.398438,1.406250,1.398438,1.398438,0.570887,83200
1996-02-06,1.406250,1.406250,1.398438,1.406250,0.574077,32000
1996-02-07,1.398438,1.398438,1.390625,1.398438,0.570887,81600
1996-02-08,1.406250,1.406250,1.398438,1.406250,0.574077,32000
1996-02-09,1.390625,1.398438,1.390625,1.398438,0.570887,152000
1996-02-12,1.398438,1.398438,1.390625,1.398438,0.570887,41600
1996-02-13,1.382813,1.398438,1.382813,1.382813,0.564509,417600
1996-02-14,1.382813,1.382813,1.375000,1.375000,0.561320,38400
1996-02-15,1.375000,1.375000,1.367188,1.367188,0.558130,92800
1996-02-16,1.367188,1.382813,1.367188,1.367188,0.558130,139200
1996-02-20,1.367188,1.367188,1.359375,1.359375,0.554940,25600
1996-02-21,1.343750,1.351563,1.343750,1.351563,0.551751,275200
1996-02-22,1.359375,1.375000,1.351563,1.375000,0.561320,33600
1996-02-23,1.375000,1.398438,1.375000,1.390625,0.567698,68800
1996-02-26,1.398438,1.398438,1.390625,1.390625,0.567698,56000
1996-02-27,1.375000,1.390625,1.375000,1.375000,0.561320,67200
1996-02-28,1.375000,1.398438,1.367188,1.398438,0.570887,326400
1996-02-29,1.398438,1.398438,1.382813,1.382813,0.564509,57600
1996-03-01,1.390625,1.390625,1.382813,1.382813,0.564509,28800
1996-03-04,1.390625,1.398438,1.390625,1.398438,0.570887,22400
1996-03-05,1.398438,1.414063,1.398438,1.414063,0.577266,49600
1996-03-06,1.414063,1.421875,1.406250,1.406250,0.574077,105600
1996-03-07,1.390625,1.406250,1.382813,1.398438,0.570887,312000
1996-03-08,1.398438,1.398438,1.375000,1.375000,0.561320,52800
1996-03-11,1.390625,1.414063,1.390625,1.398438,0.570887,289600
1996-03-12,1.406250,1.406250,1.398438,1.398438,0.570887,944000
1996-03-13,1.421875,1.460938,1.421875,1.453125,0.593212,1364800
1996-03-14,1.468750,1.476563,1.460938,1.460938,0.596402,153600
1996-03-15,1.460938,1.468750,1.460938,1.468750,0.599591,80000
1996-03-18,1.460938,1.468750,1.453125,1.468750,0.599591,177600
1996-03-19,1.468750,1.468750,1.460938,1.460938,0.596402,564800
1996-03-20,1.453125,1.468750,1.453125,1.468750,0.602167,60800
1996-03-21,1.468750,1.507813,1.468750,1.507813,0.618182,265600
1996-03-22,1.515625,1.562500,1.515625,1.554688,0.637401,286400
1996-03-25,1.562500,1.562500,1.531250,1.531250,0.627791,140800
1996-03-26,1.515625,1.515625,1.500000,1.507813,0.618182,158400
1996-03-27,1.515625,1.523438,1.515625,1.515625,0.621385,40000
1996-03-28,1.515625,1.546875,1.515625,1.546875,0.634198,44800
1996-03-29,1.539063,1.539063,1.515625,1.515625,0.621385,308800
1996-04-01,1.523438,1.523438,1.515625,1.515625,0.621385,46400
1996-04-02,1.507813,1.531250,1.507813,1.531250,0.627791,214400
1996-04-03,1.523438,1.539063,1.515625,1.531250,0.627791,284800
1996-04-04,1.546875,1.570313,1.546875,1.570313,0.643806,145600
1996-04-08,1.554688,1.570313,1.554688,1.554688,0.637401,67200
1996-04-09,1.562500,1.601563,1.562500,1.593750,0.653415,270400
1996-04-10,1.601563,1.617188,1.601563,1.601563,0.656619,86400
1996-04-11,1.617188,1.632813,1.609375,1.632813,0.669431,81600
1996-04-12,1.625000,1.625000,1.617188,1.625000,0.666227,105600
1996-04-15,1.625000,1.632813,1.601563,1.601563,0.656619,145600
1996-04-16,1.609375,1.617188,1.609375,1.617188,0.663024,16000
1996-04-17,1.609375,1.617188,1.601563,1.609375,0.659822,78400
1996-04-18,1.609375,1.625000,1.593750,1.593750,0.653415,73600
1996-04-19,1.601563,1.601563,1.593750,1.601563,0.656619,32000
1996-04-22,1.601563,1.609375,1.601563,1.609375,0.659822,33600
1996-04-23,1.601563,1.625000,1.601563,1.625000,0.666227,67200
1996-04-24,1.625000,1.632813,1.617188,1.617188,0.663024,68800
1996-04-25,1.601563,1.632813,1.601563,1.632813,0.669431,96000
1996-04-26,1.632813,1.632813,1.617188,1.617188,0.663024,78400
1996-04-29,1.625000,1.687500,1.625000,1.687500,0.691852,156800
1996-04-30,1.703125,1.703125,1.687500,1.687500,0.691852,224000
1996-05-01,1.687500,1.695313,1.679688,1.695313,0.695055,224000
1996-05-02,1.687500,1.695313,1.687500,1.687500,0.691852,64000
1996-05-03,1.687500,1.695313,1.687500,1.695313,0.695055,89600
1996-05-06,1.695313,1.703125,1.695313,1.703125,0.698258,78400
1996-05-07,1.695313,1.703125,1.687500,1.687500,0.691852,137600
1996-05-08,1.695313,1.695313,1.679688,1.687500,0.691852,262400
1996-05-09,1.687500,1.703125,1.687500,1.703125,0.698258,32000
1996-05-10,1.726563,1.750000,1.718750,1.742188,0.714273,92800
1996-05-13,1.750000,1.750000,1.750000,1.750000,0.717476,404800
1996-05-14,1.750000,1.757813,1.750000,1.757813,0.720679,6400
1996-05-15,1.742188,1.742188,1.734375,1.734375,0.711069,46400
1996-05-16,1.726563,1.726563,1.703125,1.703125,0.698258,76800
1996-05-17,1.695313,1.703125,1.687500,1.703125,0.698258,78400
1996-05-20,1.687500,1.703125,1.687500,1.703125,0.698258,51200
1996-05-21,1.695313,1.695313,1.695313,1.695313,0.695055,24000
1996-05-22,1.687500,1.687500,1.671875,1.687500,0.691852,32000
1996-05-23,1.679688,1.695313,1.679688,1.679688,0.688649,81600
1996-05-24,1.671875,1.687500,1.671875,1.687500,0.691852,46400
1996-05-28,1.679688,1.687500,1.679688,1.687500,0.691852,27200
1996-05-29,1.687500,1.695313,1.687500,1.687500,0.691852,20800
1996-05-30,1.679688,1.695313,1.679688,1.687500,0.691852,22400
1996-05-31,1.687500,1.687500,1.671875,1.687500,0.691852,17600
1996-06-03,1.679688,1.687500,1.664063,1.664063,0.682243,57600
1996-06-04,1.679688,1.687500,1.679688,1.687500,0.691852,52800
1996-06-05,1.671875,1.687500,1.671875,1.687500,0.691852,35200
1996-06-06,1.687500,1.687500,1.687500,1.687500,0.691852,4800
1996-06-07,1.671875,1.710938,1.664063,1.671875,0.685445,406400
1996-06-10,1.664063,1.687500,1.656250,1.687500,0.691852,112000
1996-06-11,1.671875,1.695313,1.671875,1.695313,0.695055,41600
1996-06-12,1.679688,1.695313,1.679688,1.695313,0.695055,28800
1996-06-13,1.695313,1.695313,1.695313,1.695313,0.695055,9600
1996-06-14,1.695313,1.703125,1.695313,1.703125,0.698258,4800
1996-06-17,1.687500,1.710938,1.687500,1.710938,0.701461,40000
1996-06-18,1.718750,1.742188,1.710938,1.742188,0.714273,35200
1996-06-19,1.726563,1.726563,1.703125,1.703125,0.701277,622400
1996-06-20,1.687500,1.687500,1.664063,1.679688,0.691626,76800
1996-06-21,1.687500,1.687500,1.648438,1.648438,0.678759,270400
1996-06-24,1.640625,1.640625,1.632813,1.632813,0.672325,40000
1996-06-25,1.632813,1.632813,1.625000,1.625000,0.669108,110400
1996-06-26,1.617188,1.617188,1.593750,1.593750,0.656240,126400
1996-06-27,1.578125,1.578125,1.539063,1.546875,0.636939,168000
1996-06-28,1.546875,1.570313,1.546875,1.562500,0.643373,270400
1996-07-01,1.562500,1.562500,1.554688,1.562500,0.643373,83200
1996-07-02,1.562500,1.570313,1.562500,1.562500,0.643373,35200
1996-07-03,1.562500,1.570313,1.562500,1.570313,0.646590,465600
1996-07-05,1.570313,1.570313,1.562500,1.562500,0.643373,41600
1996-07-08,1.546875,1.562500,1.546875,1.562500,0.643373,60800
1996-07-09,1.562500,1.570313,1.531250,1.531250,0.630506,1409600
1996-07-10,1.570313,1.570313,1.554688,1.562500,0.643373,43200
1996-07-11,1.562500,1.578125,1.562500,1.578125,0.649807,9600
1996-07-12,1.570313,1.593750,1.570313,1.585938,0.653024,36800
1996-07-15,1.593750,1.601563,1.593750,1.593750,0.656240,11200
1996-07-16,1.585938,1.585938,1.578125,1.585938,0.653024,148800
1996-07-17,1.578125,1.578125,1.562500,1.578125,0.649807,80000
1996-07-18,1.562500,1.578125,1.562500,1.570313,0.646590,17600
1996-07-19,1.585938,1.585938,1.585938,1.585938,0.653024,6400
1996-07-22,1.585938,1.609375,1.585938,1.609375,0.662674,36800
1996-07-23,1.617188,1.617188,1.609375,1.617188,0.665891,28800
1996-07-24,1.601563,1.609375,1.593750,1.593750,0.656240,64000
1996-07-25,1.609375,1.617188,1.609375,1.617188,0.665891,14400
1996-07-26,1.625000,1.625000,1.625000,1.625000,0.669108,16000
1996-07-29,1.625000,1.625000,1.625000,1.625000,0.669108,4800
1996-07-30,1.625000,1.625000,1.625000,1.625000,0.669108,17600
1996-07-31,1.625000,1.625000,1.625000,1.625000,0.669108,19200
1996-08-01,1.625000,1.632813,1.625000,1.632813,0.672325,41600
1996-08-02,1.640625,1.640625,1.625000,1.625000,0.669108,59200
1996-08-05,1.632813,1.640625,1.632813,1.640625,0.675542,36800
1996-08-06,1.640625,1.640625,1.625000,1.632813,0.672325,65600
1996-08-07,1.640625,1.656250,1.640625,1.656250,0.681975,75200
1996-08-08,1.656250,1.679688,1.656250,1.679688,0.691626,24000
1996-08-09,1.703125,1.718750,1.703125,1.718750,0.707710,49600
1996-08-12,1.718750,1.734375,1.718750,1.734375,0.714144,52800
1996-08-13,1.726563,1.742188,1.726563,1.734375,0.714144,35200
1996-08-14,1.726563,1.750000,1.726563,1.742188,0.717361,51200
1996-08-15,1.757813,1.812500,1.757813,1.789063,0.736662,148800
1996-08-16,1.789063,1.835938,1.789063,1.835938,0.755964,120000
1996-08-19,1.820313,1.859375,1.820313,1.851563,0.762397,52800
1996-08-20,1.843750,1.851563,1.804688,1.804688,0.743096,118400
1996-08-21,1.804688,1.804688,1.796875,1.804688,0.743096,16000
1996-08-22,1.796875,1.804688,1.789063,1.796875,0.739879,49600
1996-08-23,1.796875,1.796875,1.796875,1.796875,0.739879,3200
1996-08-26,1.789063,1.789063,1.789063,1.789063,0.736662,46400
1996-08-27,1.789063,1.789063,1.781250,1.781250,0.733445,17600
1996-08-28,1.781250,1.781250,1.765625,1.781250,0.733445,73600
1996-08-29,1.781250,1.781250,1.773438,1.773438,0.730228,40000
1996-08-30,1.773438,1.773438,1.765625,1.773438,0.730228,38400
1996-09-03,1.765625,1.796875,1.757813,1.796875,0.739879,75200
1996-09-04,1.781250,1.789063,1.781250,1.789063,0.736662,59200
1996-09-05,1.781250,1.781250,1.773438,1.781250,0.733445,17600
1996-09-06,1.789063,1.812500,1.789063,1.812500,0.746313,102400
1996-09-09,1.812500,1.812500,1.804688,1.812500,0.746313,14400
1996-09-10,1.804688,1.804688,1.773438,1.773438,0.730228,137600
1996-09-11,1.765625,1.789063,1.765625,1.773438,0.730228,100800
1996-09-12,1.781250,1.812500,1.781250,1.812500,0.746313,144000
1996-09-13,1.804688,1.835938,1.796875,1.812500,0.746313,564800
1996-09-16,1.820313,1.820313,1.781250,1.781250,0.733445,140800
1996-09-17,1.781250,1.789063,1.781250,1.789063,0.736662,35200
1996-09-18,1.789063,1.804688,1.789063,1.804688,0.743096,105600
1996-09-19,1.804688,1.804688,1.781250,1.781250,0.733445,32000
1996-09-20,1.781250,1.796875,1.781250,1.796875,0.739879,54400
1996-09-23,1.796875,1.796875,1.789063,1.789063,0.736662,3200
1996-09-24,1.789063,1.789063,1.687500,1.687500,0.694843,342400
1996-09-25,1.687500,1.726563,1.687500,1.718750,0.710870,142400
1996-09-26,1.718750,1.726563,1.718750,1.718750,0.710870,25600
1996-09-27,1.710938,1.710938,1.710938,1.710938,0.707639,24000
1996-09-30,1.710938,1.718750,1.710938,1.718750,0.710870,35200
1996-10-01,1.734375,1.734375,1.734375,1.734375,0.717332,60800
1996-10-02,1.742188,1.742188,1.718750,1.726563,0.714101,83200
1996-10-03,1.718750,1.726563,1.703125,1.710938,0.707639,76800
1996-10-04,1.710938,1.710938,1.710938,1.710938,0.707639,4800
1996-10-07,1.718750,1.718750,1.687500,1.687500,0.697945,124800
1996-10-08,1.679688,1.679688,1.679688,1.679688,0.694714,4800
1996-10-09,1.679688,1.687500,1.679688,1.687500,0.697945,100800
1996-10-10,1.679688,1.679688,1.679688,1.679688,0.694714,3200
1996-10-11,1.687500,1.687500,1.687500,1.687500,0.697945,3200
1996-10-14,1.679688,1.679688,1.679688,1.679688,0.694714,3200
1996-10-15,1.679688,1.679688,1.679688,1.679688,0.694714,0
1996-10-16,1.671875,1.671875,1.671875,1.671875,0.691482,16000
1996-10-17,1.664063,1.664063,1.656250,1.656250,0.685020,6400
1996-10-18,1.664063,1.671875,1.664063,1.664063,0.688251,44800
1996-10-21,1.664063,1.671875,1.656250,1.656250,0.685020,38400
1996-10-22,1.656250,1.656250,1.640625,1.640625,0.678557,40000
1996-10-23,1.632813,1.632813,1.625000,1.625000,0.672095,17600
1996-10-24,1.617188,1.617188,1.578125,1.585938,0.655939,198400
1996-10-25,1.585938,1.593750,1.570313,1.578125,0.652707,126400
1996-10-28,1.578125,1.578125,1.562500,1.562500,0.646245,33600
1996-10-29,1.562500,1.593750,1.562500,1.570313,0.649477,169600
1996-10-30,1.562500,1.562500,1.562500,1.562500,0.646245,17600
1996-10-31,1.554688,1.562500,1.546875,1.554688,0.643014,75200
1996-11-01,1.562500,1.585938,1.562500,1.585938,0.655939,36800
1996-11-04,1.578125,1.585938,1.570313,1.585938,0.655939,60800
1996-11-05,1.593750,1.593750,1.570313,1.570313,0.649477,20800
1996-11-06,1.570313,1.570313,1.539063,1.554688,0.643014,92800
1996-11-07,1.554688,1.570313,1.554688,1.570313,0.649477,70400
1996-11-08,1.562500,1.578125,1.562500,1.570313,0.649477,35200
1996-11-11,1.570313,1.570313,1.546875,1.546875,0.639783,83200
1996-11-12,1.546875,1.546875,1.539063,1.539063,0.636552,22400
1996-11-13,1.523438,1.531250,1.500000,1.507813,0.623626,161600
1996-11-14,1.507813,1.523438,1.507813,1.515625,0.626858,86400
1996-11-15,1.507813,1.507813,1.500000,1.500000,0.620395,379200
1996-11-18,1.515625,1.523438,1.500000,1.507813,0.623626,2713600
1996-11-19,1.515625,1.515625,1.515625,1.515625,0.626858,59200
1996-11-20,1.515625,1.531250,1.515625,1.523438,0.630089,107200
1996-11-21,1.539063,1.554688,1.539063,1.539063,0.636552,115200
1996-11-22,1.554688,1.601563,1.554688,1.593750,0.659170,118400
1996-11-25,1.609375,1.625000,1.609375,1.625000,0.672095,136000
1996-11-26,1.625000,1.664063,1.625000,1.664063,0.688251,68800
1996-11-27,1.664063,1.671875,1.656250,1.656250,0.685020,52800
1996-11-29,1.671875,1.671875,1.671875,1.671875,0.691482,3200
1996-12-02,1.687500,1.750000,1.687500,1.750000,0.723795,131200
1996-12-03,1.726563,1.734375,1.726563,1.726563,0.714101,105600
1996-12-04,1.718750,1.718750,1.710938,1.718750,0.710870,27200
1996-12-05,1.710938,1.718750,1.695313,1.703125,0.704407,99200
1996-12-06,1.687500,1.695313,1.679688,1.695313,0.701176,424000
1996-12-09,1.710938,1.718750,1.703125,1.710938,0.707639,94400
1996-12-10,1.718750,1.718750,1.710938,1.718750,0.710870,40000
1996-12-11,1.710938,1.718750,1.710938,1.718750,0.710870,44800
1996-12-12,1.710938,1.710938,1.648438,1.648438,0.681789,158400
1996-12-13,1.625000,1.625000,1.609375,1.617188,0.668864,97600
1996-12-16,1.640625,1.648438,1.632813,1.648438,0.681789,67200
1996-12-17,1.656250,1.671875,1.656250,1.671875,0.691482,140800
1996-12-18,1.687500,1.718750,1.687500,1.718750,0.710870,588800
1996-12-19,1.710938,1.726563,1.710938,1.718750,0.710870,1094400
1996-12-20,1.718750,1.718750,1.656250,1.664063,0.688251,478400
1996-12-23,1.656250,1.664063,1.656250,1.664063,0.688251,54400
1996-12-24,1.656250,1.671875,1.656250,1.664063,0.691367,54400
1996-12-26,1.671875,1.671875,1.671875,1.671875,0.694613,3200
1996-12-27,1.671875,1.671875,1.664063,1.671875,0.694613,24000
1996-12-30,1.671875,1.671875,1.664063,1.664063,0.691367,4800
1996-12-31,1.664063,1.671875,1.664063,1.671875,0.694613,16000
1997-01-02,1.671875,1.671875,1.640625,1.671875,0.694613,110400
1997-01-03,1.664063,1.671875,1.664063,1.671875,0.694613,14400
1997-01-06,1.671875,1.687500,1.664063,1.664063,0.691367,132800
1997-01-07,1.664063,1.664063,1.632813,1.640625,0.681629,123200
1997-01-08,1.640625,1.640625,1.601563,1.601563,0.665400,440000
1997-01-09,1.617188,1.632813,1.609375,1.632813,0.678384,36800
1997-01-10,1.617188,1.640625,1.617188,1.640625,0.681629,24000
1997-01-13,1.640625,1.640625,1.609375,1.609375,0.668647,40000
1997-01-14,1.609375,1.617188,1.593750,1.609375,0.668647,67200
1997-01-15,1.609375,1.632813,1.601563,1.601563,0.665400,91200
1997-01-16,1.601563,1.625000,1.593750,1.593750,0.662154,64000
1997-01-17,1.593750,1.609375,1.593750,1.609375,0.668647,40000
1997-01-20,1.601563,1.632813,1.601563,1.632813,0.678384,33600
1997-01-21,1.632813,1.640625,1.632813,1.632813,0.678384,24000
1997-01-22,1.640625,1.640625,1.625000,1.625000,0.675138,89600
1997-01-23,1.632813,1.640625,1.632813,1.632813,0.678384,25600
1997-01-24,1.625000,1.640625,1.625000,1.640625,0.681629,41600
1997-01-27,1.648438,1.671875,1.640625,1.671875,0.694613,112000
1997-01-28,1.656250,1.656250,1.648438,1.656250,0.688121,40000
1997-01-29,1.656250,1.656250,1.648438,1.648438,0.684876,4800
1997-01-30,1.648438,1.695313,1.648438,1.687500,0.701105,203200
1997-01-31,1.687500,1.695313,1.687500,1.695313,0.704351,12800
1997-02-03,1.687500,1.695313,1.671875,1.671875,0.694613,41600
1997-02-04,1.687500,1.687500,1.671875,1.671875,0.694613,35200
1997-02-05,1.687500,1.703125,1.687500,1.695313,0.704351,187200
1997-02-06,1.687500,1.687500,1.679688,1.687500,0.701105,25600
1997-02-07,1.679688,1.687500,1.679688,1.687500,0.701105,9600
1997-02-10,1.664063,1.664063,1.656250,1.656250,0.688121,256000
1997-02-11,1.648438,1.656250,1.632813,1.632813,0.678384,198400
1997-02-12,1.625000,1.640625,1.625000,1.632813,0.678384,12800
1997-02-13,1.640625,1.640625,1.632813,1.632813,0.678384,17600
1997-02-14,1.625000,1.632813,1.625000,1.625000,0.675138,59200
1997-02-18,1.617188,1.625000,1.601563,1.625000,0.675138,108800
1997-02-19,1.617188,1.625000,1.617188,1.617188,0.671892,20800
1997-02-20,1.625000,1.625000,1.609375,1.617188,0.671892,49600
1997-02-21,1.609375,1.609375,1.585938,1.593750,0.662154,217600
1997-02-24,1.593750,1.617188,1.593750,1.617188,0.671892,84800
1997-02-25,1.609375,1.632813,1.609375,1.632813,0.678384,76800
1997-02-26,1.640625,1.648438,1.640625,1.640625,0.681629,28800
1997-02-27,1.648438,1.648438,1.648438,1.648438,0.684876,1600
1997-02-28,1.648438,1.671875,1.648438,1.671875,0.694613,36800
1997-03-03,1.671875,1.671875,1.671875,1.671875,0.694613,4800
1997-03-04,1.671875,1.671875,1.664063,1.671875,0.694613,43200
1997-03-05,1.664063,1.664063,1.664063,1.664063,0.691367,1600
1997-03-06,1.664063,1.664063,1.656250,1.664063,0.691367,35200
1997-03-07,1.640625,1.648438,1.632813,1.640625,0.681629,33600
1997-03-10,1.640625,1.640625,1.640625,1.640625,0.681629,12800
1997-03-11,1.640625,1.640625,1.625000,1.632813,0.678384,20800
1997-03-12,1.625000,1.632813,1.617188,1.625000,0.675138,25600
1997-03-13,1.625000,1.656250,1.625000,1.625000,0.675138,144000
1997-03-14,1.625000,1.640625,1.625000,1.632813,0.678384,44800
1997-03-17,1.625000,1.625000,1.617188,1.625000,0.675138,32000
1997-03-18,1.625000,1.632813,1.609375,1.609375,0.668647,33600
1997-03-19,1.601563,1.601563,1.593750,1.593750,0.665254,166400
1997-03-20,1.585938,1.585938,1.570313,1.570313,0.655472,59200
1997-03-21,1.562500,1.562500,1.562500,1.562500,0.652210,73600
1997-03-24,1.554688,1.562500,1.546875,1.546875,0.645688,62400
1997-03-25,1.539063,1.542969,1.515625,1.515625,0.632644,137600
1997-03-26,1.515625,1.515625,1.500000,1.500000,0.626122,24000
1997-03-27,1.492188,1.492188,1.453125,1.453125,0.606556,81600
1997-03-31,1.453125,1.453125,1.445313,1.453125,0.606556,83200
1997-04-01,1.453125,1.484375,1.453125,1.484375,0.619600,99200
1997-04-02,1.484375,1.515625,1.484375,1.515625,0.632644,64000
1997-04-03,1.507813,1.531250,1.507813,1.531250,0.639166,740800
1997-04-04,1.523438,1.531250,1.523438,1.531250,0.639166,14400
1997-04-07,1.523438,1.523438,1.523438,1.523438,0.635905,19200
1997-04-08,1.515625,1.546875,1.515625,1.546875,0.645688,44800
1997-04-09,1.554688,1.562500,1.554688,1.562500,0.652210,48000
1997-04-10,1.562500,1.570313,1.554688,1.554688,0.648950,35200
1997-04-11,1.554688,1.554688,1.539063,1.546875,0.645688,24000
1997-04-14,1.546875,1.546875,1.539063,1.539063,0.642427,8000
1997-04-15,1.539063,1.546875,1.531250,1.531250,0.639166,65600
1997-04-16,1.531250,1.546875,1.531250,1.546875,0.645688,108800
1997-04-17,1.554688,1.554688,1.554688,1.554688,0.648950,1600
1997-04-18,1.546875,1.562500,1.546875,1.562500,0.652210,822400
1997-04-21,1.570313,1.570313,1.539063,1.539063,0.642427,27200
1997-04-22,1.539063,1.539063,1.539063,1.539063,0.642427,22400
1997-04-23,1.523438,1.523438,1.507813,1.507813,0.629383,76800
1997-04-24,1.515625,1.515625,1.492188,1.492188,0.622861,475200
1997-04-25,1.500000,1.500000,1.500000,1.500000,0.626122,3200
1997-04-28,1.507813,1.507813,1.492188,1.500000,0.626122,84800
1997-04-29,1.507813,1.507813,1.500000,1.507813,0.629383,14400
1997-04-30,1.515625,1.531250,1.515625,1.531250,0.639166,28800
1997-05-01,1.523438,1.554688,1.523438,1.554688,0.648950,60800
1997-05-02,1.554688,1.656250,1.554688,1.656250,0.691343,136000
1997-05-05,1.656250,1.703125,1.656250,1.703125,0.710909,65600
1997-05-06,1.687500,1.687500,1.679688,1.679688,0.701127,102400
1997-05-07,1.671875,1.671875,1.671875,1.671875,0.697865,1600
1997-05-08,1.679688,1.679688,1.656250,1.656250,0.691343,41600
1997-05-09,1.671875,1.679688,1.625000,1.625000,0.678299,108800
1997-05-12,1.632813,1.648438,1.632813,1.632813,0.681560,56000
1997-05-13,1.625000,1.632813,1.617188,1.617188,0.675038,9600
1997-05-14,1.625000,1.632813,1.625000,1.625000,0.678299,9600
1997-05-15,1.609375,1.617188,1.609375,1.613281,0.673407,12800
1997-05-16,1.601563,1.601563,1.597656,1.597656,0.666885,25600
1997-05-19,1.593750,1.593750,1.593750,1.593750,0.665254,1600
1997-05-20,1.593750,1.601563,1.593750,1.593750,0.665254,49600
1997-05-21,1.578125,1.578125,1.562500,1.562500,0.652210,43200
1997-05-22,1.554688,1.554688,1.546875,1.546875,0.645688,16000
1997-05-23,1.531250,1.539063,1.531250,1.539063,0.642427,28800
1997-05-27,1.539063,1.546875,1.539063,1.539063,0.642427,172800
1997-05-28,1.546875,1.578125,1.546875,1.570313,0.655472,67200
1997-05-29,1.562500,1.570313,1.562500,1.570313,0.655472,16000
1997-05-30,1.562500,1.570313,1.562500,1.562500,0.652210,152000
1997-06-02,1.566406,1.578125,1.566406,1.578125,0.658732,17600
1997-06-03,1.578125,1.585938,1.578125,1.585938,0.661994,64000
1997-06-04,1.585938,1.585938,1.554688,1.562500,0.652210,116800
1997-06-05,1.558594,1.562500,1.554688,1.562500,0.652210,89600
1997-06-06,1.554688,1.585938,1.554688,1.562500,0.652210,1025600
1997-06-09,1.570313,1.578125,1.562500,1.562500,0.652210,260800
1997-06-10,1.562500,1.562500,1.554688,1.554688,0.648950,94400
1997-06-11,1.554688,1.570313,1.554688,1.570313,0.655472,692800
1997-06-12,1.578125,1.582031,1.570313,1.582031,0.660363,484800
1997-06-13,1.585938,1.585938,1.582031,1.585938,0.661994,187200
1997-06-16,1.585938,1.589844,1.585938,1.589844,0.663624,158400
1997-06-17,1.593750,1.609375,1.593750,1.605469,0.670147,156800
1997-06-18,1.593750,1.593750,1.578125,1.582031,0.664242,88000
1997-06-19,1.589844,1.593750,1.585938,1.593750,0.669162,73600
1997-06-20,1.570313,1.585938,1.570313,1.582031,0.664242,214400
1997-06-23,1.585938,1.585938,1.570313,1.578125,0.662602,75200
1997-06-24,1.578125,1.593750,1.578125,1.593750,0.669162,171200
1997-06-25,1.601563,1.609375,1.593750,1.601563,0.672443,52800
1997-06-26,1.601563,1.601563,1.585938,1.585938,0.665883,46400
1997-06-27,1.578125,1.582031,1.570313,1.570313,0.659322,67200
1997-06-30,1.562500,1.562500,1.546875,1.550781,0.651121,124800
1997-07-01,1.550781,1.570313,1.550781,1.570313,0.659322,33600
1997-07-02,1.574219,1.593750,1.574219,1.574219,0.660962,38400
1997-07-03,1.582031,1.593750,1.582031,1.593750,0.669162,44800
1997-07-07,1.601563,1.621094,1.593750,1.609375,0.675723,80000
1997-07-08,1.601563,1.601563,1.585938,1.585938,0.665883,590400
1997-07-09,1.578125,1.597656,1.578125,1.597656,0.670802,1593600
1997-07-10,1.597656,1.609375,1.562500,1.585938,0.665883,4268800
1997-07-11,1.601563,1.601563,1.578125,1.585938,0.665883,185600
1997-07-14,1.585938,1.609375,1.585938,1.609375,0.675723,86400
1997-07-15,1.609375,1.609375,1.570313,1.578125,0.662602,899200
1997-07-16,1.578125,1.593750,1.570313,1.574219,0.660962,385600
1997-07-17,1.570313,1.574219,1.550781,1.550781,0.651121,1923200
1997-07-18,1.546875,1.558594,1.546875,1.558594,0.654401,65600
1997-07-21,1.550781,1.562500,1.546875,1.562500,0.656041,177600
1997-07-22,1.566406,1.570313,1.562500,1.562500,0.656041,57600
1997-07-23,1.570313,1.585938,1.570313,1.574219,0.660962,83200
1997-07-24,1.578125,1.578125,1.562500,1.566406,0.657681,108800
1997-07-25,1.570313,1.570313,1.562500,1.566406,0.657681,43200
1997-07-28,1.566406,1.570313,1.554688,1.554688,0.652761,52800
1997-07-29,1.546875,1.554688,1.511719,1.554688,0.652761,4568000
1997-07-30,1.570313,1.625000,1.570313,1.625000,0.682283,169600
1997-07-31,1.617188,1.625000,1.617188,1.621094,0.680643,142400
1997-08-01,1.625000,1.648438,1.617188,1.644531,0.690484,185600
1997-08-04,1.636719,1.636719,1.621094,1.632813,0.685563,110400
1997-08-05,1.628906,1.632813,1.621094,1.628906,0.683923,219200
1997-08-06,1.632813,1.679688,1.632813,1.671875,0.701964,201600
1997-08-07,1.687500,1.687500,1.660156,1.667969,0.700324,180800
1997-08-08,1.664063,1.664063,1.652344,1.660156,0.697044,46400
1997-08-11,1.656250,1.656250,1.656250,1.656250,0.695404,19200
1997-08-12,1.664063,1.687500,1.664063,1.671875,0.701964,228800
1997-08-13,1.671875,1.675781,1.660156,1.660156,0.697044,67200
1997-08-14,1.652344,1.660156,1.648438,1.660156,0.697044,43200
1997-08-15,1.664063,1.671875,1.664063,1.664063,0.698684,120000
1997-08-18,1.671875,1.671875,1.660156,1.660156,0.697044,60800
1997-08-19,1.671875,1.679688,1.664063,1.664063,0.698684,160000
1997-08-20,1.671875,1.687500,1.671875,1.683594,0.706884,212800
1997-08-21,1.687500,1.703125,1.687500,1.691406,0.710165,201600
1997-08-22,1.687500,1.687500,1.664063,1.671875,0.701964,57600
1997-08-25,1.656250,1.671875,1.648438,1.648438,0.692124,86400
1997-08-26,1.648438,1.671875,1.640625,1.671875,0.701964,56000
1997-08-27,1.679688,1.683594,1.675781,1.679688,0.705245,259200
1997-08-28,1.671875,1.671875,1.648438,1.652344,0.693764,281600
1997-08-29,1.648438,1.648438,1.636719,1.636719,0.687203,36800
1997-09-02,1.613281,1.640625,1.613281,1.640625,0.688843,126400
1997-09-03,1.640625,1.648438,1.632813,1.636719,0.687203,83200
1997-09-04,1.656250,1.679688,1.656250,1.671875,0.701964,174400
1997-09-05,1.671875,1.671875,1.664063,1.671875,0.701964,176000
1997-09-08,1.675781,1.687500,1.675781,1.687500,0.708524,78400
1997-09-09,1.687500,1.718750,1.687500,1.718750,0.721645,606400
1997-09-10,1.718750,1.722656,1.710938,1.710938,0.718366,395200
1997-09-11,1.710938,1.714844,1.695313,1.714844,0.720006,84800
1997-09-12,1.710938,1.718750,1.707031,1.718750,0.721645,228800
1997-09-15,1.718750,1.726563,1.718750,1.718750,0.721645,92800
1997-09-16,1.718750,1.718750,1.687500,1.699219,0.713445,222400
1997-09-17,1.707031,1.718750,1.703125,1.718750,0.721645,28800
1997-09-18,1.734375,1.742188,1.726563,1.726563,0.724926,134400
1997-09-19,1.726563,1.734375,1.718750,1.722656,0.723285,156800
1997-09-22,1.730469,1.734375,1.730469,1.730469,0.726566,40000
1997-09-23,1.738281,1.757813,1.730469,1.757813,0.738047,123200
1997-09-24,1.750000,1.750000,1.718750,1.734375,0.728206,124800
1997-09-25,1.722656,1.722656,1.699219,1.699219,0.713445,97600
1997-09-26,1.691406,1.695313,1.664063,1.664063,0.698684,91200
1997-09-29,1.648438,1.648438,1.613281,1.625000,0.682283,238400
1997-09-30,1.625000,1.636719,1.621094,1.625000,0.682283,468800
1997-10-01,1.625000,1.632813,1.625000,1.632813,0.685563,156800
1997-10-02,1.625000,1.648438,1.625000,1.648438,0.692124,33600
1997-10-03,1.656250,1.679688,1.656250,1.671875,0.701964,76800
1997-10-06,1.656250,1.683594,1.648438,1.679688,0.705245,267200
1997-10-07,1.679688,1.750000,1.679688,1.750000,0.734766,182400
1997-10-08,1.734375,1.750000,1.734375,1.742188,0.735426,128000
1997-10-09,1.746094,1.750000,1.746094,1.750000,0.738724,60800
1997-10-10,1.742188,1.765625,1.742188,1.757813,0.742022,176000
1997-10-13,1.765625,1.773438,1.765625,1.765625,0.745319,560000
1997-10-14,1.773438,1.785156,1.765625,1.781250,0.751915,1790400
1997-10-15,1.781250,1.781250,1.777344,1.781250,0.751915,126400
1997-10-16,1.781250,1.800781,1.781250,1.800781,0.760160,112000
1997-10-17,1.792969,1.792969,1.710938,1.757813,0.742022,289600
1997-10-20,1.734375,1.757813,1.710938,1.757813,0.742022,217600
1997-10-21,1.750000,1.750000,1.742188,1.746094,0.737075,51200
1997-10-22,1.738281,1.753906,1.738281,1.753906,0.740373,49600
1997-10-23,1.742188,1.746094,1.734375,1.746094,0.737075,78400
1997-10-24,1.742188,1.765625,1.742188,1.750000,0.738724,120000
1997-10-27,1.750000,1.750000,1.718750,1.722656,0.727181,88000
1997-10-28,1.714844,1.714844,1.695313,1.695313,0.715639,137600
1997-10-29,1.710938,1.710938,1.695313,1.695313,0.715639,32000
1997-10-30,1.687500,1.691406,1.683594,1.691406,0.713990,59200
1997-10-31,1.687500,1.687500,1.648438,1.656250,0.699149,137600
1997-11-03,1.671875,1.687500,1.671875,1.679688,0.709043,62400
1997-11-04,1.687500,1.699219,1.679688,1.687500,0.712341,105600
1997-11-05,1.703125,1.714844,1.695313,1.710938,0.722235,73600
1997-11-06,1.718750,1.718750,1.703125,1.703125,0.718937,41600
1997-11-07,1.695313,1.699219,1.695313,1.695313,0.715639,84800
1997-11-10,1.699219,1.714844,1.699219,1.714844,0.723883,96000
1997-11-11,1.718750,1.718750,1.714844,1.718750,0.725532,17600
1997-11-12,1.710938,1.710938,1.671875,1.671875,0.705745,193600
1997-11-13,1.671875,1.679688,1.660156,1.679688,0.709043,51200
1997-11-14,1.671875,1.691406,1.671875,1.687500,0.712341,65600
1997-11-17,1.687500,1.710938,1.687500,1.695313,0.715639,134400
1997-11-18,1.710938,1.718750,1.703125,1.703125,0.718937,46400
1997-11-19,1.710938,1.710938,1.687500,1.687500,0.712341,30400
1997-11-20,1.687500,1.695313,1.683594,1.683594,0.710692,54400
1997-11-21,1.691406,1.695313,1.683594,1.683594,0.710692,9600
1997-11-24,1.703125,1.703125,1.679688,1.683594,0.710692,456000
1997-11-25,1.679688,1.679688,1.671875,1.671875,0.705745,88000
1997-11-26,1.679688,1.679688,1.679688,1.679688,0.709043,8000
1997-11-28,1.679688,1.687500,1.679688,1.687500,0.712341,8000
1997-12-01,1.687500,1.695313,1.683594,1.695313,0.715639,240000
1997-12-02,1.687500,1.695313,1.679688,1.695313,0.715639,56000
1997-12-03,1.703125,1.703125,1.679688,1.703125,0.718937,108800
1997-12-04,1.695313,1.703125,1.691406,1.691406,0.713990,49600
1997-12-05,1.703125,1.718750,1.695313,1.718750,0.725532,201600
1997-12-08,1.718750,1.718750,1.699219,1.699219,0.717287,25600
1997-12-09,1.707031,1.710938,1.703125,1.703125,0.718937,20800
1997-12-10,1.710938,1.718750,1.695313,1.703125,0.718937,272000
1997-12-11,1.710938,1.742188,1.695313,1.695313,0.715639,246400
1997-12-12,1.695313,1.695313,1.656250,1.679688,0.709043,396800
1997-12-15,1.687500,1.687500,1.687500,1.687500,0.712341,9600
1997-12-16,1.703125,1.718750,1.703125,1.714844,0.723883,46400
1997-12-17,1.714844,1.726563,1.714844,1.722656,0.727181,528000
1997-12-18,1.722656,1.722656,1.703125,1.710938,0.722235,40000
1997-12-19,1.699219,1.703125,1.691406,1.691406,0.713990,41600
1997-12-22,1.707031,1.726563,1.707031,1.718750,0.725532,104000
1997-12-23,1.691406,1.726563,1.691406,1.722656,0.731169,156800
1997-12-24,1.722656,1.722656,1.722656,1.722656,0.731169,0
1997-12-26,1.722656,1.722656,1.722656,1.722656,0.731169,0
1997-12-29,1.722656,1.722656,1.722656,1.722656,0.731169,0
1997-12-30,1.726563,1.734375,1.726563,1.734375,0.736143,193600
1997-12-31,1.734375,1.734375,1.726563,1.726563,0.732827,20800
1998-01-02,1.734375,1.734375,1.726563,1.734375,0.736143,35200
1998-01-05,1.726563,1.734375,1.726563,1.730469,0.734486,88000
1998-01-06,1.722656,1.734375,1.718750,1.734375,0.736143,278400
1998-01-07,1.750000,1.750000,1.718750,1.718750,0.729511,81600
1998-01-08,1.730469,1.730469,1.710938,1.710938,0.726196,41600
1998-01-09,1.718750,1.718750,1.671875,1.671875,0.709616,56000
1998-01-12,1.664063,1.664063,1.648438,1.648438,0.699668,48000
1998-01-13,1.640625,1.640625,1.625000,1.640625,0.696352,43200
1998-01-14,1.632813,1.667969,1.632813,1.667969,0.707958,65600
1998-01-15,1.664063,1.714844,1.664063,1.714844,0.727853,54400
1998-01-16,1.722656,1.722656,1.718750,1.722656,0.731169,76800
1998-01-20,1.726563,1.726563,1.710938,1.714844,0.727853,308800
1998-01-21,1.718750,1.722656,1.710938,1.710938,0.726196,400000
1998-01-22,1.703125,1.703125,1.687500,1.691406,0.717905,35200
1998-01-23,1.675781,1.683594,1.656250,1.660156,0.704642,46400
1998-01-26,1.667969,1.679688,1.660156,1.667969,0.707958,35200
1998-01-27,1.656250,1.656250,1.562500,1.562500,0.663192,243200
1998-01-28,1.562500,1.617188,1.554688,1.601563,0.679772,147200
1998-01-29,1.609375,1.640625,1.609375,1.640625,0.696352,89600
1998-01-30,1.632813,1.640625,1.617188,1.632813,0.693036,107200
1998-02-02,1.625000,1.640625,1.617188,1.617188,0.686404,174400
1998-02-03,1.601563,1.632813,1.601563,1.632813,0.693036,107200
1998-02-04,1.625000,1.640625,1.625000,1.625000,0.689720,164800
1998-02-05,1.609375,1.632813,1.601563,1.632813,0.693036,238400
1998-02-06,1.640625,1.656250,1.632813,1.632813,0.693036,158400
1998-02-09,1.648438,1.656250,1.640625,1.640625,0.696352,214400
1998-02-10,1.644531,1.648438,1.617188,1.625000,0.689720,160000
1998-02-11,1.625000,1.632813,1.613281,1.621094,0.688062,105600
1998-02-12,1.617188,1.625000,1.613281,1.613281,0.684745,140800
1998-02-13,1.625000,1.640625,1.625000,1.640625,0.696352,84800
1998-02-17,1.648438,1.648438,1.640625,1.640625,0.696352,107200
1998-02-18,1.648438,1.648438,1.632813,1.632813,0.693036,185600
1998-02-19,1.625000,1.644531,1.625000,1.632813,0.693036,57600
1998-02-20,1.632813,1.648438,1.617188,1.648438,0.699668,132800
1998-02-23,1.648438,1.671875,1.640625,1.671875,0.709616,361600
1998-02-24,1.671875,1.671875,1.664063,1.664063,0.706299,131200
1998-02-25,1.656250,1.687500,1.656250,1.687500,0.716248,361600
1998-02-26,1.687500,1.687500,1.671875,1.679688,0.712932,70400
1998-02-27,1.687500,1.695313,1.687500,1.691406,0.717905,35200
1998-03-02,1.695313,1.703125,1.695313,1.703125,0.722879,222400
1998-03-03,1.714844,1.714844,1.707031,1.714844,0.727853,73600
1998-03-04,1.710938,1.710938,1.687500,1.687500,0.716248,81600
1998-03-05,1.683594,1.687500,1.671875,1.671875,0.709616,33600
1998-03-06,1.671875,1.675781,1.664063,1.671875,0.709616,70400
1998-03-09,1.664063,1.703125,1.664063,1.703125,0.722879,459200
1998-03-10,1.710938,1.718750,1.710938,1.710938,0.726196,208000
1998-03-11,1.710938,1.734375,1.710938,1.734375,0.736143,504000
1998-03-12,1.734375,1.750000,1.710938,1.710938,0.726196,379200
1998-03-13,1.718750,1.726563,1.718750,1.718750,0.729511,100800
1998-03-16,1.718750,1.750000,1.718750,1.750000,0.742775,208000
1998-03-17,1.750000,1.757813,1.742188,1.742188,0.739459,32000
1998-03-18,1.734375,1.742188,1.730469,1.734375,0.740126,88000
1998-03-19,1.734375,1.738281,1.726563,1.730469,0.738459,59200
1998-03-20,1.714844,1.718750,1.710938,1.718750,0.733458,100800
1998-03-23,1.718750,1.718750,1.718750,1.718750,0.733458,3200
1998-03-24,1.718750,1.734375,1.710938,1.718750,0.733458,81600
1998-03-25,1.718750,1.718750,1.703125,1.703125,0.726791,75200
1998-03-26,1.695313,1.710938,1.687500,1.695313,0.723457,200000
1998-03-27,1.687500,1.687500,1.687500,1.687500,0.720123,1600
1998-03-30,1.679688,1.691406,1.679688,1.691406,0.721789,32000
1998-03-31,1.687500,1.703125,1.687500,1.695313,0.723457,435200
1998-04-01,1.703125,1.703125,1.695313,1.703125,0.726791,137600
1998-04-02,1.699219,1.699219,1.687500,1.687500,0.720123,46400
1998-04-03,1.703125,1.703125,1.695313,1.699219,0.725124,88000
1998-04-06,1.699219,1.714844,1.687500,1.707031,0.728458,499200
1998-04-07,1.710938,1.718750,1.699219,1.699219,0.725124,321600
1998-04-08,1.699219,1.699219,1.664063,1.671875,0.713455,158400
1998-04-09,1.671875,1.707031,1.671875,1.703125,0.726791,144000
1998-04-13,1.703125,1.703125,1.687500,1.687500,0.720123,46400
1998-04-14,1.695313,1.703125,1.664063,1.664063,0.710121,62400
1998-04-15,1.843750,1.910156,1.843750,1.906250,0.813472,2185600
1998-04-16,1.921875,2.085938,1.921875,2.054688,0.876816,593600
1998-04-17,2.046875,2.046875,2.015625,2.019531,0.861813,392000
1998-04-20,2.015625,2.019531,2.000000,2.011719,0.858480,1363200
1998-04-21,2.003906,2.023438,2.003906,2.015625,0.860147,41600
1998-04-22,2.000000,2.000000,1.945313,1.945313,0.830142,56000
1998-04-23,1.953125,1.960938,1.906250,1.953125,0.833475,518400
1998-04-24,1.953125,1.953125,1.937500,1.937500,0.826807,48000
1998-04-27,1.898438,1.898438,1.867188,1.882813,0.803471,281600
1998-04-28,1.875000,1.937500,1.875000,1.937500,0.826807,120000
1998-04-29,1.937500,2.000000,1.937500,2.000000,0.853479,172800
1998-04-30,1.984375,2.015625,1.968750,1.972656,0.841810,257600
1998-05-01,1.964844,1.976563,1.957031,1.976563,0.843477,54400
1998-05-04,1.976563,1.984375,1.937500,1.937500,0.826807,89600
1998-05-05,1.937500,1.937500,1.890625,1.894531,0.808471,444800
1998-05-06,1.894531,1.902344,1.886719,1.886719,0.805137,92800
1998-05-07,1.894531,1.906250,1.890625,1.890625,0.806804,179200
1998-05-08,1.890625,1.902344,1.890625,1.890625,0.806804,25600
1998-05-11,1.890625,1.890625,1.851563,1.851563,0.790135,115200
1998-05-12,1.851563,1.851563,1.835938,1.835938,0.783467,38400
1998-05-13,1.828125,1.828125,1.820313,1.820313,0.776799,12800
1998-05-14,1.812500,1.828125,1.804688,1.804688,0.770131,40000
1998-05-15,1.812500,1.812500,1.804688,1.812500,0.773465,27200
1998-05-18,1.812500,1.812500,1.804688,1.804688,0.770131,40000
1998-05-19,1.796875,1.796875,1.781250,1.781250,0.760130,65600
1998-05-20,1.781250,1.781250,1.734375,1.734375,0.740126,38400
1998-05-21,1.734375,1.736328,1.734375,1.734375,0.740126,153600
1998-05-22,1.734375,1.742188,1.730469,1.742188,0.743460,40000
1998-05-26,1.734375,1.781250,1.734375,1.773438,0.756796,57600
1998-05-27,1.765625,1.765625,1.734375,1.734375,0.740126,48000
1998-05-28,1.734375,1.738281,1.734375,1.734375,0.740126,105600
1998-05-29,1.718750,1.722656,1.679688,1.710938,0.730125,254400
1998-06-01,1.710938,1.718750,1.710938,1.714844,0.731791,16000
1998-06-02,1.722656,1.750000,1.695313,1.703125,0.726791,161600
1998-06-03,1.703125,1.726563,1.703125,1.726563,0.736792,768000
1998-06-04,1.718750,1.742188,1.718750,1.742188,0.743460,923200
1998-06-05,1.734375,1.812500,1.734375,1.812500,0.773465,131200
1998-06-08,1.812500,1.875000,1.812500,1.859375,0.793468,211200
1998-06-09,1.859375,1.859375,1.851563,1.851563,0.790135,20800
1998-06-10,1.851563,1.851563,1.843750,1.843750,0.786801,187200
1998-06-11,1.843750,1.843750,1.812500,1.812500,0.773465,88000
1998-06-12,1.812500,1.812500,1.792969,1.792969,0.765131,124800
1998-06-15,1.781250,1.781250,1.773438,1.773438,0.756796,80000
1998-06-16,1.769531,1.773438,1.750000,1.750000,0.746794,115200
1998-06-17,1.750000,1.750000,1.722656,1.722656,0.735125,142400
1998-06-18,1.714844,1.714844,1.648438,1.671875,0.713455,193600
1998-06-19,1.687500,1.687500,1.617188,1.617188,0.690117,203200
1998-06-22,1.625000,1.628906,1.625000,1.625000,0.693451,120000
1998-06-23,1.625000,1.625000,1.585938,1.585938,0.676782,62400
1998-06-24,1.585938,1.628906,1.585938,1.625000,0.697575,113600
1998-06-25,1.636719,1.652344,1.636719,1.636719,0.702606,43200
1998-06-26,1.628906,1.632813,1.621094,1.621094,0.695898,73600
1998-06-29,1.644531,1.652344,1.621094,1.648438,0.707636,128000
1998-06-30,1.632813,1.632813,1.609375,1.609375,0.690868,192000
1998-07-01,1.609375,1.621094,1.609375,1.621094,0.695898,38400
1998-07-02,1.613281,1.625000,1.609375,1.609375,0.690868,312000
1998-07-06,1.625000,1.632813,1.617188,1.628906,0.699252,289600
1998-07-07,1.632813,1.644531,1.617188,1.617188,0.694221,187200
1998-07-08,1.625000,1.632813,1.621094,1.621094,0.695898,164800
1998-07-09,1.585938,1.585938,1.546875,1.554688,0.667392,156800
1998-07-10,1.562500,1.589844,1.562500,1.578125,0.677453,80000
1998-07-13,1.578125,1.625000,1.570313,1.625000,0.697575,115200
1998-07-14,1.625000,1.632813,1.617188,1.617188,0.694221,84800
1998-07-15,1.625000,1.625000,1.601563,1.613281,0.692544,64000
1998-07-16,1.613281,1.613281,1.601563,1.601563,0.687514,28800
1998-07-17,1.625000,1.625000,1.585938,1.593750,0.684160,68800
1998-07-20,1.585938,1.585938,1.578125,1.585938,0.680807,14400
1998-07-21,1.585938,1.585938,1.570313,1.574219,0.675776,265600
1998-07-22,1.574219,1.578125,1.562500,1.578125,0.677453,1316800
1998-07-23,1.578125,1.593750,1.578125,1.578125,0.677453,20800
1998-07-24,1.578125,1.582031,1.574219,1.578125,0.677453,508800
1998-07-27,1.578125,1.578125,1.546875,1.546875,0.664038,84800
1998-07-28,1.550781,1.550781,1.546875,1.546875,0.664038,32000
1998-07-29,1.546875,1.546875,1.546875,1.546875,0.664038,86400
1998-07-30,1.546875,1.550781,1.542969,1.542969,0.662361,332800
1998-07-31,1.539063,1.539063,1.507813,1.507813,0.647269,102400
1998-08-03,1.503906,1.503906,1.460938,1.460938,0.627147,33600
1998-08-04,1.453125,1.453125,1.414063,1.414063,0.607024,72000
1998-08-05,1.406250,1.406250,1.359375,1.359375,0.583548,49600
1998-08-06,1.355469,1.355469,1.320313,1.328125,0.570133,129600
1998-08-07,1.316406,1.332031,1.296875,1.332031,0.571810,313600
1998-08-10,1.324219,1.343750,1.324219,1.343750,0.576841,240000
1998-08-11,1.343750,1.414063,1.343750,1.367188,0.586902,360000
1998-08-12,1.406250,1.476563,1.375000,1.453125,0.623793,364800
1998-08-13,1.484375,1.531250,1.476563,1.523438,0.653976,420800
1998-08-14,1.515625,1.585938,1.507813,1.578125,0.677453,518400
1998-08-17,1.562500,1.632813,1.468750,1.625000,0.697575,612800
1998-08-18,1.632813,1.632813,1.574219,1.582031,0.679129,139200
1998-08-19,1.578125,1.578125,1.542969,1.546875,0.664038,169600
1998-08-20,1.523438,1.523438,1.507813,1.523438,0.653976,16000
1998-08-21,1.492188,1.500000,1.492188,1.500000,0.643915,49600
1998-08-24,1.500000,1.500000,1.492188,1.492188,0.640562,168000
1998-08-25,1.500000,1.523438,1.484375,1.484375,0.637208,484800
1998-08-26,1.460938,1.460938,1.351563,1.351563,0.580195,208000
1998-08-27,1.343750,1.343750,1.312500,1.320313,0.566780,144000
1998-08-28,1.320313,1.328125,1.304688,1.312500,0.563426,44800
1998-08-31,1.304688,1.328125,1.296875,1.328125,0.570133,256000
1998-09-01,1.312500,1.312500,1.273438,1.304688,0.560073,257600
1998-09-02,1.101563,1.101563,0.953125,0.953125,0.409155,1588800
1998-09-03,0.937500,0.937500,0.906250,0.937500,0.402447,540800
1998-09-04,0.953125,0.953125,0.945313,0.949219,0.407478,300800
1998-09-08,0.953125,0.953125,0.949219,0.953125,0.409155,115200
1998-09-09,0.960938,0.984375,0.960938,0.984375,0.422569,56000
1998-09-10,0.984375,0.984375,0.974609,0.976563,0.419216,315200
1998-09-11,0.968750,0.976563,0.968750,0.976563,0.419216,161600
1998-09-14,0.972656,0.972656,0.953125,0.953125,0.409155,44800
1998-09-15,0.960938,0.960938,0.929688,0.929688,0.399093,65600
1998-09-16,0.929688,0.960938,0.921875,0.933594,0.400770,204800
1998-09-17,0.933594,0.933594,0.902344,0.910156,0.390709,292800
1998-09-18,0.914063,0.945313,0.906250,0.945313,0.405801,270400
1998-09-21,0.937500,0.968750,0.937500,0.937500,0.402447,78400
1998-09-22,0.945313,0.988281,0.945313,0.976563,0.419216,243200
1998-09-23,0.976563,0.992188,0.968750,0.968750,0.415862,132800
1998-09-24,0.968750,0.976563,0.960938,0.960938,0.412509,38400
1998-09-25,0.953125,0.960938,0.941406,0.945313,0.405801,56000
1998-09-28,0.953125,0.976563,0.945313,0.945313,0.405801,225600
1998-09-29,0.945313,0.960938,0.929688,0.929688,0.399093,72000
1998-09-30,0.929688,0.968750,0.929688,0.964844,0.414185,217600
1998-10-01,0.976563,0.976563,0.949219,0.968750,0.415862,233600
1998-10-02,0.968750,0.992188,0.960938,0.976563,0.419216,416000
1998-10-05,0.968750,0.984375,0.921875,0.921875,0.399834,276800
1998-10-06,0.921875,0.937500,0.921875,0.921875,0.399834,190400
1998-10-07,0.917969,0.929688,0.914063,0.921875,0.399834,40000
1998-10-08,0.914063,0.937500,0.914063,0.933594,0.404917,628800
1998-10-09,0.929688,0.937500,0.929688,0.937500,0.406611,1019200
1998-10-12,0.960938,0.992188,0.937500,0.937500,0.406611,808000
1998-10-13,0.953125,0.968750,0.945313,0.960938,0.416776,110400
1998-10-14,0.953125,0.960938,0.937500,0.937500,0.406611,328000
1998-10-15,0.929688,0.933594,0.929688,0.929688,0.403223,246400
1998-10-16,0.937500,0.937500,0.910156,0.914063,0.396446,113600
1998-10-19,0.906250,0.929688,0.906250,0.929688,0.403223,281600
1998-10-20,0.929688,0.933594,0.921875,0.921875,0.399834,142400
1998-10-21,0.921875,0.921875,0.906250,0.914063,0.396446,414400
1998-10-22,0.914063,0.914063,0.906250,0.906250,0.393057,201600
1998-10-23,0.898438,0.902344,0.898438,0.902344,0.391363,83200
1998-10-26,0.902344,0.953125,0.902344,0.949219,0.411694,636800
1998-10-27,0.953125,0.968750,0.945313,0.945313,0.409999,369600
1998-10-28,0.953125,0.968750,0.953125,0.968750,0.420164,44800
1998-10-29,0.960938,0.976563,0.960938,0.976563,0.423553,52800
1998-10-30,0.984375,0.984375,0.960938,0.960938,0.416776,171200
1998-11-02,0.960938,1.015625,0.960938,1.011719,0.438801,108800
1998-11-03,1.015625,1.027344,1.000000,1.027344,0.445578,94400
1998-11-04,1.039063,1.039063,1.023438,1.023438,0.443884,1756800
1998-11-05,1.031250,1.054688,1.027344,1.054688,0.457438,313600
1998-11-06,1.054688,1.085938,1.050781,1.085938,0.470991,172800
1998-11-09,1.085938,1.085938,1.062500,1.062500,0.460826,46400
1998-11-10,1.070313,1.078125,1.066406,1.070313,0.464214,40000
1998-11-11,1.078125,1.085938,1.046875,1.050781,0.455743,96000
1998-11-12,1.050781,1.058594,1.050781,1.054688,0.457438,56000
1998-11-13,1.039063,1.039063,1.000000,1.007813,0.437107,105600
1998-11-16,1.007813,1.007813,0.976563,0.992188,0.430330,252800
1998-11-17,0.992188,1.007813,0.992188,1.003906,0.435412,40000
1998-11-18,1.007813,1.039063,1.007813,1.039063,0.450660,96000
1998-11-19,1.039063,1.039063,1.035156,1.035156,0.448966,44800
1998-11-20,1.039063,1.039063,1.023438,1.023438,0.443884,33600
1998-11-23,1.007813,1.023438,0.992188,1.000000,0.433718,144000
1998-11-24,0.996094,1.015625,0.996094,1.000000,0.433718,225600
1998-11-25,1.000000,1.000000,0.992188,0.992188,0.430330,1588800
1998-11-27,1.000000,1.007813,1.000000,1.007813,0.437107,153600
1998-11-30,1.015625,1.023438,1.007813,1.015625,0.440495,1884800
1998-12-01,1.015625,1.015625,1.000000,1.011719,0.438801,11200
1998-12-02,1.007813,1.007813,1.000000,1.000000,0.433718,59200
1998-12-03,1.007813,1.031250,1.007813,1.031250,0.447272,43200
1998-12-04,1.031250,1.062500,1.027344,1.031250,0.447272,313600
1998-12-07,1.015625,1.015625,1.000000,1.000000,0.433718,49600
1998-12-08,1.000000,1.007813,0.996094,1.000000,0.433718,254400
1998-12-09,0.996094,0.996094,0.972656,0.972656,0.421859,86400
1998-12-10,0.980469,0.980469,0.980469,0.980469,0.425247,11200
1998-12-11,0.984375,0.984375,0.976563,0.976563,0.423553,91200
1998-12-14,0.968750,0.976563,0.960938,0.960938,0.416776,67200
1998-12-15,0.945313,0.945313,0.937500,0.941406,0.408305,115200
1998-12-16,0.937500,0.937500,0.937500,0.937500,0.406611,6400
1998-12-17,0.937500,0.937500,0.929688,0.929688,0.403223,64000
1998-12-18,0.937500,0.937500,0.917969,0.921875,0.399834,161600
1998-12-21,0.906250,0.921875,0.890625,0.921875,0.399834,198400
1998-12-22,0.906250,0.906250,0.898438,0.898438,0.393942,56000
1998-12-23,0.890625,0.898438,0.875000,0.898438,0.393942,115200
1998-12-24,0.906250,0.906250,0.875000,0.894531,0.392229,208000
1998-12-28,0.890625,0.914063,0.875000,0.914063,0.400793,182400
1998-12-29,0.914063,0.929688,0.914063,0.929688,0.407644,54400
1998-12-30,0.937500,0.992188,0.937500,0.992188,0.435049,124800
1998-12-31,1.000000,1.058594,1.000000,1.054688,0.462454,358400
1999-01-04,1.046875,1.062500,1.039063,1.058594,0.464167,252800
1999-01-05,1.062500,1.066406,1.062500,1.062500,0.465879,8000
1999-01-06,1.058594,1.078125,1.054688,1.078125,0.472730,296000
1999-01-07,1.078125,1.078125,1.058594,1.058594,0.464167,91200
1999-01-08,1.050781,1.050781,1.039063,1.042969,0.457316,46400
1999-01-11,1.042969,1.042969,1.031250,1.031250,0.452177,68800
1999-01-12,1.039063,1.039063,1.031250,1.039063,0.455603,78400
1999-01-13,1.023438,1.035156,1.023438,1.031250,0.452177,73600
1999-01-14,1.031250,1.039063,1.031250,1.031250,0.452177,17600
1999-01-15,1.031250,1.039063,1.031250,1.035156,0.453889,35200
1999-01-19,1.042969,1.042969,1.039063,1.039063,0.455603,65600
1999-01-20,1.031250,1.031250,1.023438,1.027344,0.450464,104000
1999-01-21,1.027344,1.031250,1.027344,1.027344,0.450464,6400
1999-01-22,1.031250,1.031250,1.000000,1.000000,0.438475,163200
1999-01-25,1.000000,1.000000,0.992188,0.992188,0.435049,12800
1999-01-26,0.992188,0.992188,0.984375,0.988281,0.433336,94400
1999-01-27,0.980469,0.984375,0.976563,0.976563,0.428198,43200
1999-01-28,0.978516,0.984375,0.976563,0.976563,0.428198,14400
1999-01-29,0.968750,0.968750,0.964844,0.968750,0.424772,36800
1999-02-01,0.968750,0.976563,0.968750,0.976563,0.428198,35200
1999-02-02,0.968750,0.968750,0.953125,0.953125,0.417921,11200
1999-02-03,0.953125,0.953125,0.937500,0.953125,0.417921,78400
1999-02-04,0.953125,0.953125,0.929688,0.929688,0.407644,49600
1999-02-05,0.929688,0.929688,0.914063,0.914063,0.400793,65600
1999-02-08,0.906250,0.906250,0.898438,0.898438,0.393942,24000
1999-02-09,0.890625,0.898438,0.882813,0.882813,0.387091,211200
1999-02-10,0.886719,0.890625,0.867188,0.875000,0.383665,107200
1999-02-11,0.875000,0.882813,0.875000,0.882813,0.387091,81600
1999-02-12,0.878906,0.878906,0.878906,0.878906,0.385378,4800
1999-02-16,0.882813,0.882813,0.875000,0.878906,0.385378,99200
1999-02-17,0.875000,0.875000,0.847656,0.847656,0.371676,1036800
1999-02-18,0.843750,0.843750,0.808594,0.812500,0.356261,171200
1999-02-19,0.804688,0.812500,0.804688,0.812500,0.356261,46400
1999-02-22,0.820313,0.828125,0.812500,0.828125,0.363112,137600
1999-02-23,0.828125,0.828125,0.812500,0.812500,0.356261,56000
1999-02-24,0.820313,0.820313,0.812500,0.812500,0.356261,33600
1999-02-25,0.804688,0.804688,0.765625,0.781250,0.342558,83200
1999-02-26,0.765625,0.789063,0.765625,0.785156,0.344271,100800
1999-03-01,0.789063,0.812500,0.789063,0.796875,0.349409,116800
1999-03-02,0.796875,0.796875,0.792969,0.796875,0.349409,25600
1999-03-03,0.789063,0.789063,0.781250,0.781250,0.342558,36800
1999-03-04,0.765625,0.777344,0.765625,0.777344,0.340846,190400
1999-03-05,0.785156,0.792969,0.781250,0.792969,0.347697,78400
1999-03-08,0.796875,0.804688,0.789063,0.792969,0.347697,168000
1999-03-09,0.804688,0.812500,0.796875,0.804688,0.352835,328000
1999-03-10,0.796875,0.808594,0.796875,0.804688,0.357275,91200
1999-03-11,0.808594,0.824219,0.808594,0.824219,0.365947,120000
1999-03-12,0.828125,0.828125,0.800781,0.800781,0.355541,54400
1999-03-15,0.796875,0.820313,0.789063,0.812500,0.360744,139200
1999-03-16,0.820313,0.820313,0.796875,0.812500,0.360744,60800
1999-03-17,0.812500,0.812500,0.796875,0.796875,0.353806,84800
1999-03-18,0.789063,0.812500,0.789063,0.804688,0.357275,161600
1999-03-19,0.789063,0.812500,0.789063,0.789063,0.350338,1353600
1999-03-22,0.789063,0.789063,0.781250,0.781250,0.346869,188800
1999-03-23,0.785156,0.804688,0.785156,0.804688,0.357275,81600
1999-03-24,0.808594,0.808594,0.792969,0.792969,0.352072,272000
1999-03-25,0.796875,0.796875,0.792969,0.796875,0.353806,536000
1999-03-26,0.796875,0.812500,0.792969,0.808594,0.359009,484800
1999-03-29,0.812500,0.859375,0.812500,0.851563,0.378087,1532800
1999-03-30,0.851563,0.851563,0.835938,0.839844,0.372884,441600
1999-03-31,0.843750,0.843750,0.835938,0.835938,0.371150,86400
1999-04-01,0.839844,0.843750,0.820313,0.820313,0.364212,257600
1999-04-05,0.820313,0.820313,0.804688,0.812500,0.360744,284800
1999-04-06,0.804688,0.812500,0.796875,0.796875,0.353806,278400
1999-04-07,0.789063,0.804688,0.789063,0.804688,0.357275,49600
1999-04-08,0.804688,0.804688,0.785156,0.785156,0.348603,292800
1999-04-09,0.785156,0.796875,0.781250,0.792969,0.352072,480000
1999-04-12,0.796875,0.808594,0.789063,0.808594,0.359009,947200
1999-04-13,0.812500,0.828125,0.804688,0.828125,0.367681,920000
1999-04-14,0.820313,0.851563,0.820313,0.847656,0.376352,987200
1999-04-15,0.859375,0.898438,0.859375,0.882813,0.391962,296000
1999-04-16,0.875000,0.890625,0.875000,0.882813,0.391962,128000
1999-04-19,0.890625,0.906250,0.875000,0.875000,0.388493,344000
1999-04-20,0.867188,0.882813,0.867188,0.875000,0.388493,348800
1999-04-21,0.875000,0.875000,0.851563,0.855469,0.379822,83200
1999-04-22,0.851563,0.867188,0.845703,0.867188,0.385024,144000
1999-04-23,0.859375,0.859375,0.843750,0.843750,0.374618,384000
1999-04-26,0.859375,0.867188,0.859375,0.867188,0.385024,20800
1999-04-27,0.867188,0.867188,0.851563,0.867188,0.385024,155200
1999-04-28,0.875000,0.875000,0.859375,0.863281,0.383290,83200
1999-04-29,0.867188,0.871094,0.859375,0.871094,0.386759,609600
1999-04-30,0.875000,0.878906,0.871094,0.878906,0.390227,537600
1999-05-03,0.882813,0.890625,0.867188,0.882813,0.391962,2264000
1999-05-04,0.898438,0.914063,0.898438,0.898438,0.398900,152000
1999-05-05,0.890625,0.894531,0.875000,0.875000,0.388493,761600
1999-05-06,0.882813,0.906250,0.875000,0.882813,0.391962,704000
1999-05-07,0.890625,0.890625,0.878906,0.886719,0.393696,204800
1999-05-10,0.898438,0.902344,0.882813,0.882813,0.391962,248000
1999-05-11,0.890625,0.890625,0.875000,0.875000,0.388493,233600
1999-05-12,0.875000,0.882813,0.867188,0.867188,0.385024,646400
1999-05-13,0.867188,0.882813,0.867188,0.882813,0.391962,150400
1999-05-14,0.882813,0.882813,0.867188,0.867188,0.385024,134400
1999-05-17,0.867188,0.890625,0.867188,0.875000,0.388493,262400
1999-05-18,0.878906,0.878906,0.871094,0.871094,0.386759,164800
1999-05-19,0.871094,0.871094,0.859375,0.859375,0.381556,99200
1999-05-20,0.855469,0.855469,0.843750,0.843750,0.374618,126400
1999-05-21,0.851563,0.851563,0.843750,0.851563,0.378087,56000
1999-05-24,0.855469,0.855469,0.843750,0.843750,0.374618,468800
1999-05-25,0.835938,0.843750,0.835938,0.843750,0.374618,36800
1999-05-26,0.828125,0.835938,0.824219,0.824219,0.365947,190400
1999-05-27,0.812500,0.812500,0.808594,0.808594,0.359009,198400
1999-05-28,0.812500,0.812500,0.789063,0.796875,0.353806,211200
1999-06-01,0.796875,0.808594,0.796875,0.808594,0.359009,56000
1999-06-02,0.812500,0.812500,0.796875,0.812500,0.360744,81600
1999-06-03,0.820313,0.820313,0.800781,0.804688,0.357275,136000
1999-06-04,0.800781,0.820313,0.800781,0.812500,0.360744,73600
1999-06-07,0.820313,0.820313,0.808594,0.812500,0.360744,158400
1999-06-08,0.812500,0.820313,0.808594,0.816406,0.362478,257600
1999-06-09,0.808594,0.812500,0.808594,0.812500,0.360744,252800
1999-06-10,0.812500,0.820313,0.796875,0.796875,0.353806,742400
1999-06-11,0.804688,0.812500,0.800781,0.800781,0.355541,1008000
1999-06-14,0.812500,0.812500,0.796875,0.804688,0.357275,502400
1999-06-15,0.804688,0.812500,0.804688,0.808594,0.359009,209600
1999-06-16,0.820313,0.820313,0.804688,0.808594,0.363505,715200
1999-06-17,0.816406,0.820313,0.808594,0.812500,0.365261,289600
1999-06-18,0.828125,0.828125,0.808594,0.808594,0.363505,296000
1999-06-21,0.835938,0.835938,0.816406,0.828125,0.372285,219200
1999-06-22,0.820313,0.828125,0.812500,0.812500,0.365261,764800
1999-06-23,0.820313,0.820313,0.808594,0.808594,0.363505,89600
1999-06-24,0.808594,0.812500,0.804688,0.804688,0.361749,142400
1999-06-25,0.804688,0.828125,0.804688,0.816406,0.367017,366400
1999-06-28,0.851563,0.882813,0.843750,0.882813,0.396870,1014400
1999-06-29,0.878906,0.890625,0.851563,0.851563,0.382822,696000
1999-06-30,0.859375,0.902344,0.828125,0.835938,0.375797,1752000
1999-07-01,0.843750,0.867188,0.843750,0.863281,0.388090,299200
1999-07-02,0.875000,0.914063,0.873047,0.906250,0.407406,680000
1999-07-06,0.914063,0.945313,0.914063,0.937500,0.421455,680000
1999-07-07,0.929688,0.984375,0.929688,0.968750,0.435503,380800
1999-07-08,0.968750,0.968750,0.937500,0.937500,0.421455,257600
1999-07-09,0.937500,0.945313,0.929688,0.933594,0.419699,92800
1999-07-12,0.937500,0.960938,0.937500,0.949219,0.426723,208000
1999-07-13,0.953125,0.964844,0.945313,0.957031,0.430235,326400
1999-07-14,0.957031,0.960938,0.957031,0.960938,0.431991,168000
1999-07-15,0.957031,0.960938,0.937500,0.937500,0.421455,497600
1999-07-16,0.937500,0.937500,0.933594,0.937500,0.421455,211200
1999-07-19,0.937500,0.937500,0.929688,0.929688,0.417943,235200
1999-07-20,0.929688,0.937500,0.929688,0.937500,0.421455,118400
1999-07-21,0.937500,0.937500,0.925781,0.925781,0.416187,160000
1999-07-22,0.921875,0.925781,0.921875,0.925781,0.416187,43200
1999-07-23,0.917969,0.917969,0.914063,0.914063,0.410919,92800
1999-07-26,0.914063,0.914063,0.906250,0.906250,0.407406,252800
1999-07-27,0.910156,0.914063,0.898438,0.902344,0.405650,110400
1999-07-28,0.906250,0.914063,0.906250,0.906250,0.407406,83200
1999-07-29,0.914063,0.937500,0.910156,0.929688,0.417943,668800
1999-07-30,0.933594,0.937500,0.933594,0.933594,0.419699,110400
1999-08-02,0.937500,0.937500,0.925781,0.933594,0.419699,185600
1999-08-03,0.929688,0.933594,0.925781,0.933594,0.419699,166400
1999-08-04,0.925781,0.929688,0.906250,0.906250,0.407406,220800
1999-08-05,0.898438,0.906250,0.890625,0.890625,0.400382,148800
1999-08-06,0.890625,0.906250,0.859375,0.878906,0.395114,441600
1999-08-09,0.875000,0.882813,0.875000,0.882813,0.396870,238400
1999-08-10,0.875000,0.886719,0.859375,0.867188,0.389846,360000
1999-08-11,0.867188,0.906250,0.867188,0.898438,0.403894,102400
1999-08-12,0.898438,0.898438,0.882813,0.882813,0.396870,139200
1999-08-13,0.890625,0.898438,0.890625,0.890625,0.400382,99200
1999-08-16,0.898438,0.914063,0.898438,0.898438,0.403894,33600
1999-08-17,0.898438,0.906250,0.898438,0.906250,0.407406,22400
1999-08-18,0.929688,0.929688,0.929688,0.929688,0.417943,35200
1999-08-19,0.937500,0.937500,0.929688,0.929688,0.417943,56000
1999-08-20,0.937500,0.937500,0.929688,0.937500,0.421455,97600
1999-08-23,0.945313,0.945313,0.945313,0.945313,0.424967,36800
1999-08-24,0.945313,0.945313,0.914063,0.917969,0.412675,80000
1999-08-25,0.921875,0.933594,0.921875,0.933594,0.419699,78400
1999-08-26,0.921875,0.921875,0.906250,0.910156,0.409162,44800
1999-08-27,0.898438,0.914063,0.898438,0.898438,0.403894,48000
1999-08-30,0.898438,0.898438,0.890625,0.890625,0.400382,56000
1999-08-31,0.882813,0.890625,0.882813,0.882813,0.396870,81600
1999-09-01,0.882813,0.886719,0.867188,0.878906,0.395114,88000
1999-09-02,0.875000,0.875000,0.871094,0.871094,0.391602,67200
1999-09-03,0.875000,0.875000,0.867188,0.875000,0.393358,41600
1999-09-07,0.875000,0.875000,0.843750,0.875000,0.393358,2412800
1999-09-08,0.867188,0.882813,0.867188,0.882813,0.396870,100800
1999-09-09,0.882813,0.921875,0.882813,0.921875,0.414430,92800
1999-09-10,0.914063,0.945313,0.906250,0.945313,0.424967,241600
1999-09-13,0.949219,0.953125,0.941406,0.945313,0.424967,107200
1999-09-14,0.953125,0.953125,0.953125,0.953125,0.428479,11200
1999-09-15,0.953125,0.960938,0.945313,0.945313,0.424967,73600
1999-09-16,0.941406,0.941406,0.921875,0.929688,0.417943,116800
1999-09-17,0.921875,0.925781,0.921875,0.925781,0.416187,9600
1999-09-20,0.921875,0.921875,0.914063,0.914063,0.410919,24000
1999-09-21,0.906250,0.906250,0.882813,0.882813,0.396870,44800
1999-09-22,0.898438,0.921875,0.898438,0.921875,0.414430,225600
1999-09-23,0.914063,0.914063,0.902344,0.902344,0.405650,41600
1999-09-24,0.906250,0.906250,0.875000,0.875000,0.393358,216000
1999-09-27,0.890625,0.921875,0.890625,0.914063,0.410919,222400
1999-09-28,0.933594,0.933594,0.921875,0.921875,0.414430,156800
1999-09-29,0.917969,0.929688,0.917969,0.929688,0.422816,36800
1999-09-30,0.937500,0.937500,0.933594,0.937500,0.426369,281600
1999-10-01,0.937500,0.937500,0.929688,0.937500,0.426369,147200
1999-10-04,0.933594,0.937500,0.921875,0.937500,0.426369,118400
1999-10-05,0.937500,0.937500,0.925781,0.925781,0.421039,91200
1999-10-06,0.937500,0.937500,0.929688,0.929688,0.422816,70400
1999-10-07,0.929688,0.929688,0.929688,0.929688,0.422816,52800
1999-10-08,0.937500,0.937500,0.921875,0.929688,0.422816,108800
1999-10-11,0.945313,0.945313,0.937500,0.937500,0.426369,80000
1999-10-12,0.941406,0.941406,0.898438,0.914063,0.415710,425600
1999-10-13,0.921875,0.921875,0.917969,0.921875,0.419263,84800
1999-10-14,0.929688,0.933594,0.929688,0.929688,0.422816,51200
1999-10-15,0.921875,0.921875,0.910156,0.910156,0.413933,40000
1999-10-18,0.914063,0.921875,0.914063,0.921875,0.419263,19200
1999-10-19,0.929688,0.937500,0.929688,0.937500,0.426369,76800
1999-10-20,0.945313,0.945313,0.921875,0.921875,0.419263,99200
1999-10-21,0.921875,0.929688,0.898438,0.898438,0.408604,241600
1999-10-22,0.898438,0.898438,0.867188,0.882813,0.401498,248000
1999-10-25,0.882813,0.890625,0.882813,0.886719,0.403274,88000
1999-10-26,0.890625,0.890625,0.882813,0.882813,0.401498,236800
1999-10-27,0.898438,0.898438,0.890625,0.894531,0.406827,70400
1999-10-28,0.894531,0.894531,0.894531,0.894531,0.406827,0
1999-10-29,0.890625,0.890625,0.890625,0.890625,0.405051,179200
1999-11-01,0.898438,0.898438,0.890625,0.890625,0.405051,299200
1999-11-02,0.890625,0.898438,0.890625,0.898438,0.408604,163200
1999-11-03,0.906250,0.906250,0.898438,0.906250,0.412157,25600
1999-11-04,0.914063,0.914063,0.914063,0.914063,0.415710,28800
1999-11-05,0.914063,0.914063,0.906250,0.906250,0.412157,14400
1999-11-08,0.906250,0.914063,0.906250,0.914063,0.415710,51200
1999-11-09,0.902344,0.910156,0.898438,0.898438,0.408604,344000
1999-11-10,0.906250,0.914063,0.906250,0.914063,0.415710,28800
1999-11-11,0.910156,0.914063,0.906250,0.914063,0.415710,376000
1999-11-12,0.902344,0.906250,0.894531,0.894531,0.406827,222400
1999-11-15,0.894531,0.914063,0.894531,0.914063,0.415710,83200
1999-11-16,0.921875,0.921875,0.910156,0.914063,0.415710,70400
1999-11-17,0.906250,0.921875,0.906250,0.914063,0.415710,84800
1999-11-18,0.910156,0.917969,0.894531,0.902344,0.410380,78400
1999-11-19,0.906250,0.910156,0.906250,0.906250,0.412157,190400
1999-11-22,0.906250,0.910156,0.906250,0.910156,0.413933,59200
1999-11-23,0.906250,0.917969,0.906250,0.917969,0.417486,246400
1999-11-24,0.914063,0.917969,0.906250,0.906250,0.412157,390400
1999-11-26,0.898438,0.898438,0.898438,0.898438,0.408604,20800
1999-11-29,0.906250,0.906250,0.906250,0.906250,0.412157,32000
1999-11-30,0.906250,0.906250,0.898438,0.898438,0.408604,25600
1999-12-01,0.898438,0.898438,0.898438,0.898438,0.408604,28800
1999-12-02,0.898438,0.898438,0.898438,0.898438,0.408604,44800
1999-12-03,0.898438,0.898438,0.898438,0.898438,0.408604,30400
1999-12-06,0.898438,0.898438,0.878906,0.878906,0.399721,707200
1999-12-07,0.875000,0.875000,0.843750,0.859375,0.390838,118400
1999-12-08,0.851563,0.851563,0.820313,0.828125,0.376626,68800
1999-12-09,0.828125,0.835938,0.820313,0.824219,0.374849,174400
1999-12-10,0.820313,0.828125,0.812500,0.828125,0.376626,96000
1999-12-13,0.835938,0.835938,0.820313,0.820313,0.373073,46400
1999-12-14,0.812500,0.828125,0.812500,0.820313,0.373073,155200
1999-12-15,0.828125,0.851563,0.812500,0.851563,0.387285,203200
1999-12-16,0.835938,0.851563,0.835938,0.835938,0.380179,25600
1999-12-17,0.843750,0.843750,0.820313,0.843750,0.383732,243200
1999-12-20,0.835938,0.851563,0.835938,0.843750,0.383732,313600
1999-12-21,0.843750,0.843750,0.843750,0.843750,0.388626,16000
1999-12-22,0.839844,0.839844,0.816406,0.824219,0.379630,276800
1999-12-23,0.828125,0.828125,0.804688,0.812500,0.374232,92800
1999-12-27,0.812500,0.812500,0.789063,0.789063,0.363437,318400
1999-12-28,0.789063,0.812500,0.789063,0.812500,0.374232,331200
1999-12-29,0.812500,0.812500,0.812500,0.812500,0.374232,57600
1999-12-30,0.812500,0.820313,0.808594,0.812500,0.374232,168000
1999-12-31,0.812500,0.835938,0.812500,0.832031,0.383228,65600
2000-01-03,0.843750,0.859375,0.843750,0.851563,0.392224,40000
2000-01-04,0.851563,0.875000,0.851563,0.859375,0.395822,361600
2000-01-05,0.851563,0.875000,0.851563,0.871094,0.401220,108800
2000-01-06,0.875000,0.898438,0.851563,0.859375,0.395822,320000
2000-01-07,0.859375,0.867188,0.859375,0.863281,0.397622,67200
2000-01-10,0.867188,0.867188,0.859375,0.859375,0.395822,52800
2000-01-11,0.859375,0.882813,0.859375,0.871094,0.401220,92800
2000-01-12,0.875000,0.875000,0.859375,0.859375,0.395822,300800
2000-01-13,0.867188,0.867188,0.859375,0.859375,0.395822,184000
2000-01-14,0.859375,0.859375,0.839844,0.839844,0.386827,198400
2000-01-18,0.843750,0.847656,0.843750,0.847656,0.390425,97600
2000-01-19,0.851563,0.851563,0.843750,0.843750,0.388626,580800
2000-01-20,0.835938,0.843750,0.835938,0.839844,0.386827,33600
2000-01-21,0.847656,0.875000,0.847656,0.859375,0.395822,369600
2000-01-24,0.859375,0.867188,0.859375,0.859375,0.395822,630400
2000-01-25,0.867188,0.867188,0.859375,0.859375,0.395822,203200
2000-01-26,0.855469,0.863281,0.855469,0.859375,0.395822,160000
2000-01-27,0.867188,0.867188,0.855469,0.855469,0.394024,88000
2000-01-28,0.855469,0.867188,0.851563,0.859375,0.395822,131200
2000-01-31,0.851563,0.859375,0.843750,0.843750,0.388626,220800
2000-02-01,0.851563,0.851563,0.828125,0.851563,0.392224,105600
2000-02-02,0.843750,0.843750,0.835938,0.835938,0.385028,113600
2000-02-03,0.843750,0.859375,0.843750,0.859375,0.395822,278400
2000-02-04,0.859375,0.859375,0.851563,0.855469,0.394024,64000
2000-02-07,0.851563,0.855469,0.851563,0.855469,0.394024,30400
2000-02-08,0.851563,0.859375,0.851563,0.855469,0.394024,49600
2000-02-09,0.859375,0.859375,0.843750,0.859375,0.395822,123200
2000-02-10,0.867188,0.875000,0.859375,0.867188,0.399421,120000
2000-02-11,0.867188,0.875000,0.859375,0.859375,0.395822,446400
2000-02-14,0.851563,0.855469,0.851563,0.851563,0.392224,35200
2000-02-15,0.859375,0.859375,0.835938,0.843750,0.388626,128000
2000-02-16,0.843750,0.843750,0.828125,0.828125,0.381429,979200
2000-02-17,0.828125,0.835938,0.820313,0.820313,0.377831,244800
2000-02-18,0.828125,0.828125,0.812500,0.812500,0.374232,22400
2000-02-22,0.816406,0.816406,0.808594,0.808594,0.372433,49600
2000-02-23,0.796875,0.812500,0.796875,0.804688,0.370634,48000
2000-02-24,0.789063,0.820313,0.789063,0.820313,0.377831,67200
2000-02-25,0.820313,0.828125,0.789063,0.828125,0.381429,128000
2000-02-28,0.820313,0.828125,0.820313,0.828125,0.381429,28800
2000-02-29,0.820313,0.828125,0.820313,0.828125,0.381429,8000
2000-03-01,0.843750,0.851563,0.832031,0.843750,0.388626,92800
2000-03-02,0.843750,0.851563,0.843750,0.851563,0.392224,51200
2000-03-03,0.843750,0.859375,0.835938,0.835938,0.385028,172800
2000-03-06,0.828125,0.835938,0.820313,0.835938,0.385028,48000
2000-03-07,0.843750,0.843750,0.835938,0.835938,0.385028,48000
2000-03-08,0.828125,0.828125,0.828125,0.828125,0.381429,16000
2000-03-09,0.835938,0.835938,0.828125,0.828125,0.381429,20800
2000-03-10,0.812500,0.812500,0.789063,0.804688,0.370634,156800
2000-03-13,0.796875,0.796875,0.773438,0.773438,0.356240,102400
2000-03-14,0.765625,0.765625,0.757813,0.757813,0.349044,131200
2000-03-15,0.750000,0.757813,0.750000,0.757813,0.354007,65600
2000-03-16,0.757813,0.761719,0.757813,0.757813,0.354007,14400
2000-03-17,0.765625,0.765625,0.757813,0.757813,0.354007,54400
2000-03-20,0.765625,0.765625,0.765625,0.765625,0.357657,64000
2000-03-21,0.773438,0.773438,0.773438,0.773438,0.361306,11200
2000-03-22,0.781250,0.781250,0.781250,0.781250,0.364956,19200
2000-03-23,0.785156,0.789063,0.781250,0.781250,0.364956,64000
2000-03-24,0.773438,0.781250,0.765625,0.765625,0.357657,97600
2000-03-27,0.781250,0.781250,0.781250,0.781250,0.364956,30400
2000-03-28,0.781250,0.789063,0.773438,0.773438,0.361306,81600
2000-03-29,0.789063,0.796875,0.781250,0.781250,0.364956,22400
2000-03-30,0.765625,0.765625,0.714844,0.726563,0.339409,222400
2000-03-31,0.726563,0.726563,0.718750,0.718750,0.335759,43200
2000-04-03,0.710938,0.726563,0.691406,0.691406,0.322986,68800
2000-04-04,0.718750,0.734375,0.703125,0.703125,0.328460,104000
2000-04-05,0.710938,0.710938,0.656250,0.664063,0.310212,294400
2000-04-06,0.648438,0.660156,0.625000,0.625000,0.291965,252800
2000-04-07,0.632813,0.656250,0.632813,0.640625,0.299264,211200
2000-04-10,0.640625,0.664063,0.640625,0.656250,0.306563,230400
2000-04-11,0.664063,0.718750,0.664063,0.710938,0.332110,246400
2000-04-12,0.703125,0.703125,0.671875,0.671875,0.313862,139200
2000-04-13,0.675781,0.687500,0.654297,0.687500,0.321161,227200
2000-04-14,0.679688,0.679688,0.656250,0.656250,0.306563,43200
2000-04-17,0.671875,0.671875,0.632813,0.640625,0.299264,155200
2000-04-18,0.648438,0.648438,0.640625,0.648438,0.302913,11268800
2000-04-19,0.648438,0.687500,0.648438,0.664063,0.310212,536000
2000-04-20,0.671875,0.671875,0.664063,0.664063,0.310212,182400
2000-04-24,0.667969,0.667969,0.667969,0.667969,0.312037,43200
2000-04-25,0.679688,0.679688,0.667969,0.667969,0.312037,123200
2000-04-26,0.671875,0.671875,0.636719,0.644531,0.301088,144000
2000-04-27,0.648438,0.656250,0.648438,0.648438,0.302913,44800
2000-04-28,0.652344,0.656250,0.648438,0.648438,0.302913,123200
2000-05-01,0.656250,0.656250,0.648438,0.648438,0.302913,11200
2000-05-02,0.632813,0.632813,0.617188,0.625000,0.291965,144000
2000-05-03,0.617188,0.625000,0.617188,0.625000,0.291965,70400
2000-05-04,0.621094,0.625000,0.617188,0.621094,0.290140,166400
2000-05-05,0.625000,0.640625,0.625000,0.640625,0.299264,59200
2000-05-08,0.632813,0.632813,0.632813,0.632813,0.295614,25600
2000-05-09,0.625000,0.640625,0.621094,0.621094,0.290140,321600
2000-05-10,0.617188,0.617188,0.609375,0.617188,0.288315,180800
2000-05-11,0.625000,0.625000,0.617188,0.617188,0.288315,590400
2000-05-12,0.621094,0.625000,0.617188,0.617188,0.288315,129600
2000-05-15,0.617188,0.617188,0.578125,0.597656,0.279191,192000
2000-05-16,0.593750,0.597656,0.585938,0.593750,0.277366,2075200
2000-05-17,0.585938,0.601563,0.582031,0.585938,0.273717,550400
2000-05-18,0.585938,0.632813,0.585938,0.632813,0.295614,544000
2000-05-19,0.632813,0.632813,0.632813,0.632813,0.295614,49600
2000-05-22,0.632813,0.632813,0.621094,0.621094,0.290140,60800
2000-05-23,0.632813,0.632813,0.605469,0.617188,0.288315,217600
2000-05-24,0.609375,0.609375,0.601563,0.601563,0.281016,28800
2000-05-25,0.609375,0.613281,0.609375,0.613281,0.286490,19200
2000-05-26,0.617188,0.617188,0.617188,0.617188,0.288315,48000
2000-05-30,0.625000,0.648438,0.625000,0.648438,0.302913,208000
2000-05-31,0.640625,0.640625,0.625000,0.625000,0.291965,28800
2000-06-01,0.625000,0.632813,0.625000,0.625000,0.291965,92800
2000-06-02,0.617188,0.621094,0.617188,0.617188,0.288315,500800
2000-06-05,0.625000,0.628906,0.625000,0.625000,0.291965,67200
2000-06-06,0.625000,0.625000,0.609375,0.617188,0.288315,392000
2000-06-07,0.609375,0.613281,0.609375,0.609375,0.284665,80000
2000-06-08,0.617188,0.632813,0.609375,0.632813,0.295614,49600
2000-06-09,0.632813,0.695313,0.632813,0.695313,0.324811,435200
2000-06-12,0.710938,0.726563,0.703125,0.726563,0.339409,152000
2000-06-13,0.742188,0.773438,0.726563,0.742188,0.346708,296000
2000-06-14,0.789063,0.843750,0.789063,0.828125,0.392472,1196800
2000-06-15,0.828125,0.828125,0.789063,0.808594,0.383215,347200
2000-06-16,0.804688,0.804688,0.777344,0.777344,0.368405,120000
2000-06-19,0.781250,0.789063,0.742188,0.750000,0.355446,208000
2000-06-20,0.757813,0.781250,0.757813,0.765625,0.362851,40000
2000-06-21,0.757813,0.765625,0.757813,0.765625,0.362851,72000
2000-06-22,0.773438,0.773438,0.765625,0.765625,0.362851,14400
2000-06-23,0.765625,0.773438,0.765625,0.769531,0.364702,163200
2000-06-26,0.777344,0.781250,0.773438,0.781250,0.370256,134400
2000-06-27,0.789063,0.789063,0.789063,0.789063,0.373959,22400
2000-06-28,0.789063,0.789063,0.773438,0.773438,0.366554,43200
2000-06-29,0.757813,0.757813,0.750000,0.757813,0.359149,86400
2000-06-30,0.750000,0.757813,0.734375,0.742188,0.351744,54400
2000-07-03,0.750000,0.750000,0.742188,0.742188,0.351744,12800
2000-07-05,0.750000,0.757813,0.750000,0.757813,0.359149,16000
2000-07-06,0.750000,0.750000,0.750000,0.750000,0.355446,3200
2000-07-07,0.757813,0.765625,0.750000,0.753906,0.357297,60800
2000-07-10,0.750000,0.757813,0.750000,0.757813,0.359149,54400
2000-07-11,0.765625,0.765625,0.761719,0.761719,0.361000,16000
2000-07-12,0.765625,0.789063,0.765625,0.765625,0.362851,51200
2000-07-13,0.769531,0.781250,0.765625,0.781250,0.370256,33600
2000-07-14,0.785156,0.785156,0.785156,0.785156,0.372107,67200
2000-07-17,0.777344,0.792969,0.777344,0.789063,0.373959,121600
2000-07-18,0.789063,0.820313,0.789063,0.820313,0.388769,62400
2000-07-19,0.812500,0.812500,0.796875,0.804688,0.381364,54400
2000-07-20,0.796875,0.796875,0.796875,0.796875,0.377661,8000
2000-07-21,0.804688,0.804688,0.781250,0.781250,0.370256,24000
2000-07-24,0.773438,0.773438,0.757813,0.765625,0.362851,75200
2000-07-25,0.765625,0.769531,0.757813,0.757813,0.359149,68800
2000-07-26,0.765625,0.765625,0.753906,0.757813,0.359149,22400
2000-07-27,0.765625,0.765625,0.750000,0.750000,0.355446,70400
2000-07-28,0.750000,0.765625,0.750000,0.750000,0.355446,113600
2000-07-31,0.742188,0.750000,0.742188,0.750000,0.355446,8000
2000-08-01,0.757813,0.765625,0.750000,0.757813,0.359149,38400
2000-08-02,0.757813,0.757813,0.757813,0.757813,0.359149,1600
2000-08-03,0.750000,0.750000,0.750000,0.750000,0.355446,1600
2000-08-04,0.746094,0.761719,0.746094,0.757813,0.359149,35200
2000-08-07,0.765625,0.765625,0.765625,0.765625,0.362851,19200
2000-08-08,0.757813,0.757813,0.757813,0.757813,0.359149,8000
2000-08-09,0.765625,0.773438,0.765625,0.773438,0.366554,19200
2000-08-10,0.765625,0.765625,0.765625,0.765625,0.362851,11200
2000-08-11,0.769531,0.769531,0.757813,0.757813,0.359149,46400
2000-08-14,0.753906,0.761719,0.753906,0.761719,0.361000,67200
2000-08-15,0.761719,0.773438,0.761719,0.773438,0.366554,49600
2000-08-16,0.769531,0.781250,0.765625,0.781250,0.370256,64000
2000-08-17,0.789063,0.789063,0.789063,0.789063,0.373959,20800
2000-08-18,0.792969,0.820313,0.792969,0.820313,0.388769,233600
2000-08-21,0.804688,0.812500,0.796875,0.812500,0.385066,91200
2000-08-22,0.812500,0.820313,0.808594,0.820313,0.388769,36800
2000-08-23,0.816406,0.820313,0.812500,0.820313,0.388769,104000
2000-08-24,0.820313,0.820313,0.812500,0.812500,0.385066,118400
2000-08-25,0.812500,0.820313,0.812500,0.820313,0.388769,11200
2000-08-28,0.804688,0.812500,0.804688,0.804688,0.381364,38400
2000-08-29,0.820313,0.820313,0.804688,0.804688,0.381364,68800
2000-08-30,0.808594,0.808594,0.804688,0.804688,0.381364,17600
2000-08-31,0.808594,0.812500,0.804688,0.804688,0.381364,108800
2000-09-01,0.808594,0.812500,0.800781,0.800781,0.379512,52800
2000-09-05,0.796875,0.796875,0.796875,0.796875,0.377661,1600
2000-09-06,0.804688,0.804688,0.800781,0.800781,0.379512,6400
2000-09-07,0.804688,0.808594,0.800781,0.800781,0.379512,25600
2000-09-08,0.800781,0.800781,0.800781,0.800781,0.379512,48000
2000-09-11,0.812500,0.816406,0.800781,0.812500,0.385066,582400
2000-09-12,0.804688,0.820313,0.796875,0.796875,0.377661,236800
2000-09-13,0.789063,0.789063,0.757813,0.773438,0.366554,201600
2000-09-14,0.781250,0.781250,0.773438,0.781250,0.370256,35200
2000-09-15,0.785156,0.804688,0.781250,0.804688,0.381364,108800
2000-09-18,0.804688,0.808594,0.796875,0.804688,0.381364,73600
2000-09-19,0.796875,0.800781,0.789063,0.792969,0.375810,30400
2000-09-20,0.789063,0.789063,0.781250,0.789063,0.373959,73600
2000-09-21,0.785156,0.796875,0.785156,0.796875,0.377661,48000
2000-09-22,0.781250,0.808594,0.781250,0.796875,0.377661,118400
2000-09-25,0.796875,0.804688,0.796875,0.796875,0.377661,113600
2000-09-26,0.789063,0.792969,0.781250,0.789063,0.373959,17600
2000-09-27,0.769531,0.789063,0.765625,0.789063,0.379368,81600
2000-09-28,0.781250,0.796875,0.773438,0.781250,0.375611,49600
2000-09-29,0.773438,0.789063,0.773438,0.773438,0.371855,48000
2000-10-02,0.781250,0.781250,0.773438,0.773438,0.371855,38400
2000-10-03,0.777344,0.777344,0.757813,0.757813,0.364343,121600
2000-10-04,0.765625,0.765625,0.753906,0.757813,0.364343,200000
2000-10-05,0.773438,0.773438,0.753906,0.757813,0.364343,179200
2000-10-06,0.761719,0.773438,0.761719,0.773438,0.371855,65600
2000-10-09,0.781250,0.781250,0.757813,0.765625,0.368099,73600
2000-10-10,0.765625,0.773438,0.765625,0.773438,0.371855,33600
2000-10-11,0.765625,0.769531,0.765625,0.765625,0.368099,27200
2000-10-12,0.757813,0.773438,0.757813,0.769531,0.369977,188800
2000-10-13,0.757813,0.796875,0.757813,0.796875,0.383124,137600
2000-10-16,0.796875,0.828125,0.796875,0.828125,0.398148,304000
2000-10-17,0.820313,0.820313,0.812500,0.820313,0.394392,44800
2000-10-18,0.820313,0.820313,0.820313,0.820313,0.394392,0
2000-10-19,0.820313,0.820313,0.796875,0.796875,0.383124,72000
2000-10-20,0.789063,0.796875,0.789063,0.796875,0.383124,17600
2000-10-23,0.796875,0.808594,0.789063,0.792969,0.381246,124800
2000-10-24,0.789063,0.796875,0.785156,0.789063,0.379368,48000
2000-10-25,0.789063,0.789063,0.753906,0.757813,0.364343,246400
2000-10-26,0.757813,0.761719,0.757813,0.761719,0.366221,24000
2000-10-27,0.757813,0.781250,0.757813,0.781250,0.375611,52800
2000-10-30,0.781250,0.781250,0.781250,0.781250,0.375611,36800
2000-10-31,0.789063,0.789063,0.781250,0.781250,0.375611,8000
2000-11-01,0.796875,0.796875,0.796875,0.796875,0.383124,72000
2000-11-02,0.789063,0.789063,0.789063,0.789063,0.379368,19200
2000-11-03,0.789063,0.812500,0.781250,0.812500,0.390636,96000
2000-11-06,0.812500,0.812500,0.789063,0.812500,0.390636,248000
2000-11-07,0.796875,0.820313,0.796875,0.820313,0.394392,334400
2000-11-08,0.820313,0.828125,0.812500,0.828125,0.398148,427200
2000-11-09,0.828125,0.835938,0.812500,0.828125,0.398148,276800
2000-11-10,0.835938,0.835938,0.812500,0.828125,0.398148,177600
2000-11-13,0.820313,0.828125,0.820313,0.828125,0.398148,35200
2000-11-14,0.828125,0.828125,0.828125,0.828125,0.398148,49600
2000-11-15,0.828125,0.843750,0.828125,0.835938,0.401905,100800
2000-11-16,0.835938,0.851563,0.828125,0.843750,0.405660,49600
2000-11-17,0.859375,0.859375,0.835938,0.835938,0.401905,46400
2000-11-20,0.835938,0.847656,0.816406,0.816406,0.392514,76800
2000-11-21,0.816406,0.867188,0.812500,0.855469,0.411295,134400
2000-11-22,0.851563,0.859375,0.835938,0.843750,0.405660,99200
2000-11-24,0.835938,0.835938,0.832031,0.832031,0.400026,35200
2000-11-27,0.828125,0.828125,0.820313,0.820313,0.394392,32000
2000-11-28,0.820313,0.859375,0.820313,0.851563,0.409417,94400
2000-11-29,0.847656,0.851563,0.835938,0.847656,0.407538,41600
2000-11-30,0.843750,0.843750,0.835938,0.835938,0.401905,24000
2000-12-01,0.835938,0.835938,0.812500,0.820313,0.394392,68800
2000-12-04,0.820313,0.820313,0.820313,0.820313,0.394392,25600
2000-12-05,0.812500,0.812500,0.804688,0.812500,0.390636,52800
2000-12-06,0.812500,0.812500,0.796875,0.796875,0.383124,17600
2000-12-07,0.789063,0.800781,0.789063,0.800781,0.385002,238400
2000-12-08,0.800781,0.812500,0.796875,0.812500,0.390636,76800
2000-12-11,0.820313,0.847656,0.812500,0.828125,0.398148,160000
2000-12-12,0.824219,0.824219,0.789063,0.800781,0.385002,217600
2000-12-13,0.796875,0.804688,0.789063,0.796875,0.383124,118400
2000-12-14,0.796875,0.812500,0.796875,0.800781,0.385002,9600
2000-12-15,0.804688,0.937500,0.796875,0.937500,0.450734,550400
2000-12-18,0.992188,1.109375,0.992188,1.058594,0.508954,1459200
2000-12-19,1.031250,1.085938,1.031250,1.085938,0.522100,710400
2000-12-20,1.078125,1.093750,1.062500,1.070313,0.519975,436800
2000-12-21,1.078125,1.093750,1.070313,1.078125,0.523770,228800
2000-12-22,1.070313,1.085938,1.070313,1.078125,0.523770,185600
2000-12-26,1.085938,1.101563,1.085938,1.093750,0.531361,163200
2000-12-27,1.101563,1.117188,1.093750,1.109375,0.538952,132800
2000-12-28,1.117188,1.156250,1.117188,1.140625,0.554133,140800
2000-12-29,1.156250,1.218750,1.156250,1.171875,0.569315,347200
2001-01-02,1.171875,1.171875,1.125000,1.128906,0.548440,348800
2001-01-03,1.128906,1.140625,1.093750,1.097656,0.533258,158400
2001-01-04,1.109375,1.109375,1.023438,1.062500,0.516179,433600
2001-01-05,1.062500,1.070313,1.046875,1.046875,0.508588,80000
2001-01-08,1.031250,1.039063,0.921875,0.953125,0.463043,696000
2001-01-09,0.941406,0.941406,0.882813,0.921875,0.447861,180800
2001-01-10,0.921875,0.984375,0.921875,0.976563,0.474429,172800
2001-01-11,1.015625,1.031250,1.007813,1.007813,0.489611,166400
2001-01-12,1.007813,1.031250,1.007813,1.027344,0.499100,40000
2001-01-16,1.031250,1.085938,1.031250,1.070313,0.519975,248000
2001-01-17,1.085938,1.121094,1.085938,1.093750,0.531361,297600
2001-01-18,1.101563,1.101563,0.984375,1.011719,0.491509,216000
2001-01-19,1.015625,1.031250,1.015625,1.031250,0.500997,68800
2001-01-22,1.046875,1.058594,1.046875,1.058594,0.514281,57600
2001-01-23,1.058594,1.078125,1.058594,1.074219,0.521872,49600
2001-01-24,1.082031,1.085938,1.082031,1.082031,0.525667,139200
2001-01-25,1.089844,1.121094,1.089844,1.105469,0.537054,83200
2001-01-26,1.117188,1.125000,1.109375,1.109375,0.538952,57600
2001-01-29,1.112500,1.125000,1.112500,1.121875,0.545024,476800
2001-01-30,1.131250,1.146875,1.125000,1.138125,0.552919,216000
2001-01-31,1.131250,1.131250,1.118750,1.125000,0.546542,75200
2001-02-01,1.118750,1.140625,1.118750,1.140625,0.554133,168000
2001-02-02,1.143750,1.155625,1.128125,1.150000,0.558688,132800
2001-02-05,1.156250,1.187500,1.156250,1.162500,0.564760,169600
2001-02-06,1.171875,1.178125,1.138125,1.153125,0.560206,144000
2001-02-07,1.140625,1.156250,1.140625,1.140625,0.554133,19200
2001-02-08,1.141250,1.143750,1.131250,1.131250,0.549579,44800
2001-02-09,1.125000,1.171875,1.125000,1.171875,0.569315,156800
2001-02-12,1.187500,1.218750,1.187500,1.196250,0.581157,168000
2001-02-13,1.190625,1.203125,1.187500,1.200000,0.582979,91200
2001-02-14,1.205000,1.218750,1.200000,1.215625,0.590570,78400
2001-02-15,1.218750,1.249375,1.218750,1.234375,0.599679,259200
2001-02-16,1.231250,1.278750,1.231250,1.275000,0.619415,273600
2001-02-20,1.290625,1.406250,1.281250,1.337500,0.649778,734400
2001-02-21,1.343750,1.355625,1.315625,1.318750,0.640669,172800
2001-02-22,1.318750,1.340625,1.281250,1.340625,0.651296,227200
2001-02-23,1.343750,1.343750,1.281250,1.287500,0.625488,115200
2001-02-26,1.303125,1.375000,1.303125,1.375000,0.667997,155200
2001-02-27,1.375000,1.384375,1.368750,1.378125,0.669514,108800
2001-02-28,1.387500,1.402500,1.303125,1.303125,0.633078,203200
2001-03-01,1.287500,1.318750,1.265625,1.318750,0.640669,168000
2001-03-02,1.325000,1.375000,1.325000,1.356250,0.658887,144000
2001-03-05,1.400000,1.515625,1.390625,1.505625,0.731456,328000
2001-03-06,1.562500,1.593750,1.525000,1.543750,0.749977,459200
2001-03-07,1.543750,1.553125,1.487500,1.512500,0.734796,328000
2001-03-08,1.509375,1.511250,1.484375,1.506250,0.731760,153600
2001-03-09,1.500000,1.500000,1.453750,1.487500,0.722651,185600
2001-03-12,1.487500,1.584375,1.462500,1.575000,0.765159,700800
2001-03-13,1.568750,1.568750,1.537500,1.537500,0.746941,331200
2001-03-14,1.518750,1.518750,1.490625,1.504375,0.736236,228800
2001-03-15,1.505000,1.505625,1.340625,1.366250,0.668638,491200
2001-03-16,1.359375,1.375000,1.359375,1.370625,0.670779,241600
2001-03-19,1.381250,1.433750,1.381250,1.406250,0.688214,680000
2001-03-20,1.421875,1.506250,1.421875,1.487500,0.727977,323200
2001-03-21,1.509375,1.518750,1.431250,1.437500,0.703507,601600
2001-03-22,1.431250,1.443750,1.390625,1.437500,0.703507,692800
2001-03-23,1.453125,1.456250,1.428125,1.437500,0.703507,131200
2001-03-26,1.437500,1.446250,1.406250,1.412500,0.691272,155200
2001-03-27,1.396875,1.437500,1.396875,1.396875,0.683626,147200
2001-03-28,1.418750,1.434375,1.406250,1.425000,0.697390,128000
2001-03-29,1.418750,1.450000,1.418750,1.450000,0.709625,203200
2001-03-30,1.462500,1.483750,1.459375,1.460000,0.714519,172800
2001-04-02,1.475000,1.546875,1.475000,1.525000,0.746330,217600
2001-04-03,1.537500,1.559375,1.531250,1.541875,0.754588,196800
2001-04-04,1.515625,1.544375,1.500000,1.544375,0.755812,152000
2001-04-05,1.550000,1.562500,1.546875,1.562500,0.764682,147200
2001-04-06,1.562500,1.578125,1.525000,1.537500,0.752447,409600
2001-04-09,1.537500,1.611875,1.537500,1.600000,0.783035,475200
2001-04-10,1.631250,1.728125,1.631250,1.712500,0.838091,788800
2001-04-11,1.720625,1.793750,1.703125,1.734375,0.848797,596800
2001-04-12,1.737500,1.818750,1.736250,1.771875,0.867149,859200
2001-04-16,1.796875,1.865625,1.781250,1.862500,0.911501,672000
2001-04-17,1.875000,2.040625,1.868750,2.030625,0.993781,1228800
2001-04-18,2.125000,2.218750,2.081250,2.115625,1.035379,2214400
2001-04-19,2.125000,2.187500,2.093750,2.106250,1.030791,1233600
2001-04-20,2.090625,2.090625,1.775000,1.921875,0.940559,3083200
2001-04-23,1.900000,1.968125,1.900000,1.925000,0.942088,523200
2001-04-24,1.940625,2.090000,1.940625,2.013750,0.985523,972800
2001-04-25,2.021875,2.175000,2.021875,2.125000,1.039968,904000
2001-04-26,2.134375,2.275000,2.131250,2.206250,1.079731,1248000
2001-04-27,2.221875,2.299375,2.218750,2.251250,1.101754,1411200
2001-04-30,2.266875,2.281250,2.162500,2.175625,1.064742,1427200
2001-05-01,2.171875,2.215000,2.140625,2.187500,1.070555,867200
2001-05-02,2.168750,2.168750,1.918750,2.015625,0.986440,2587200
2001-05-03,1.984375,2.143750,1.975625,2.112500,1.033850,1336000
2001-05-04,2.100000,2.137500,2.071875,2.121875,1.038438,560000
2001-05-07,2.143750,2.171875,2.093750,2.150000,1.052202,1028800
2001-05-08,2.168750,2.265625,2.160000,2.237500,1.095024,1068800
2001-05-09,2.242500,2.250000,2.203125,2.250000,1.101142,699200
2001-05-10,2.250000,2.265625,2.225000,2.225625,1.089213,601600
2001-05-11,2.218750,2.279375,2.187500,2.279375,1.115518,747200
2001-05-14,2.280000,2.405625,2.275625,2.371875,1.160787,1736000
2001-05-15,2.415625,2.481250,2.250000,2.309375,1.130200,1494400
2001-05-16,2.300000,2.334375,2.156250,2.171875,1.062907,1035200
2001-05-17,2.140625,2.207500,2.093750,2.196875,1.075143,2024000
2001-05-18,2.212500,2.300000,2.181250,2.278125,1.114906,1235200
2001-05-21,2.312500,2.427500,2.311875,2.406250,1.177610,1702400
2001-05-22,2.405625,2.501875,2.405625,2.471875,1.209727,2107200
2001-05-23,2.471875,2.471875,2.350000,2.400000,1.174552,888000
2001-05-24,2.415625,2.490625,2.373125,2.484375,1.215844,966400
2001-05-25,2.486250,2.496875,2.465625,2.495625,1.221350,481600
2001-05-29,2.500000,2.575000,2.462500,2.562500,1.254078,1259200
2001-05-30,2.550000,2.781250,2.539375,2.781250,1.361134,2328000
2001-05-31,2.765625,2.781250,2.593750,2.681250,1.312194,1177600
2001-06-01,2.678125,2.827500,2.640625,2.821875,1.381015,1243200
2001-06-04,2.915625,3.043750,2.881250,2.912500,1.425367,3123200
2001-06-05,2.921875,3.125000,2.921875,3.121875,1.527835,1923200
2001-06-06,3.125000,3.133125,2.921875,2.968750,1.452895,1536000
2001-06-07,2.875000,2.875000,2.603125,2.656250,1.299959,2665600
2001-06-08,2.562500,2.856250,2.562500,2.725000,1.333605,3310400
2001-06-11,2.768750,2.993750,2.768750,2.900000,1.419249,2352000
2001-06-12,2.906250,2.938125,2.831250,2.936875,1.437296,2772800
2001-06-13,2.936875,2.937500,2.807500,2.834375,1.387132,992000
2001-06-14,2.837500,2.876875,2.831250,2.835625,1.393892,900800
2001-06-15,2.781250,2.793750,2.693750,2.751250,1.352416,1508800
2001-06-18,2.765625,2.971875,2.765625,2.859375,1.405567,1595200
2001-06-19,2.875000,2.875000,2.681250,2.693750,1.324151,1302400
2001-06-20,2.646875,2.662500,2.312500,2.437500,1.198188,3708800
2001-06-21,2.437500,2.543750,2.425000,2.471875,1.215086,1656000
2001-06-22,2.493750,2.531250,2.384375,2.486250,1.222152,878400
2001-06-25,2.482500,2.515625,2.387500,2.415625,1.187435,996800
2001-06-26,2.406250,2.437500,2.362500,2.375000,1.167465,561600
2001-06-27,2.265625,2.265625,2.000000,2.156250,1.059936,2172800
2001-06-28,2.031250,2.103125,1.912500,2.037500,1.001562,3611200
2001-06-29,2.028125,2.296875,2.028125,2.296875,1.129062,3715200
2001-07-02,2.265625,2.434375,2.235000,2.281250,1.121381,2408000
2001-07-03,2.265625,2.274375,2.200000,2.253125,1.107556,531200
2001-07-05,2.262500,2.409375,2.253125,2.409375,1.184363,1107200
2001-07-06,2.287500,2.374375,2.281250,2.312500,1.136742,748800
2001-07-09,2.275000,2.375000,2.168750,2.375000,1.167465,1072800
2001-07-10,2.437500,2.461250,2.226250,2.262500,1.112164,793600
2001-07-11,2.218750,2.237500,2.062500,2.212500,1.087586,957600
2001-07-12,2.200000,2.212500,2.093750,2.131250,1.047646,502400
2001-07-13,2.112500,2.150000,2.018750,2.050000,1.007706,751200
2001-07-16,2.031250,2.050000,1.968750,2.035000,1.000333,964000
2001-07-17,2.031250,2.075000,2.012500,2.050000,1.007706,656800
2001-07-18,2.025000,2.042500,1.987500,2.025000,0.995418,549600
2001-07-19,2.000000,2.118750,2.000000,2.071250,1.018152,528800
2001-07-20,2.102500,2.212500,2.096250,2.198750,1.080827,648000
2001-07-23,2.136250,2.155000,2.062500,2.150000,1.056863,564000
2001-07-24,2.175000,2.175000,1.875000,1.973750,0.970225,447200
2001-07-25,1.973750,2.015000,1.875000,1.918750,0.943189,631200
2001-07-26,1.887500,2.023750,1.887500,1.980000,0.973297,288000
2001-07-27,2.030000,2.042500,1.925000,2.037500,1.001562,395200
2001-07-30,2.006250,2.017500,1.975000,2.015000,0.990502,530400
2001-07-31,2.037500,2.093750,2.025000,2.043750,1.004634,424800
2001-08-01,2.100000,2.155000,2.096250,2.126250,1.045189,471200
2001-08-02,2.136250,2.250000,2.087500,2.228750,1.095574,495200
2001-08-03,2.225000,2.225000,2.100000,2.202500,1.082671,412000
2001-08-06,2.187500,2.218750,2.170000,2.188750,1.075911,300000
2001-08-07,2.200000,2.218750,2.168750,2.175000,1.069152,151200
2001-08-08,2.156250,2.225000,2.156250,2.198750,1.080827,353600
2001-08-09,2.206250,2.218750,2.156250,2.187500,1.075297,296800
2001-08-10,2.162500,2.292500,2.133750,2.275000,1.118309,388800
2001-08-13,2.287500,2.356250,2.218750,2.250000,1.106019,450400
2001-08-14,2.268750,2.280000,2.218750,2.275000,1.118309,186400
2001-08-15,2.281250,2.293750,2.256250,2.275000,1.118309,81600
2001-08-16,2.281250,2.318750,2.281250,2.318750,1.139815,265600
2001-08-17,2.331250,2.362500,2.265000,2.265000,1.113393,144000
2001-08-20,2.272500,2.273750,2.268750,2.270000,1.115851,198400
2001-08-21,2.270000,2.270000,2.175000,2.187500,1.075297,237600
2001-08-22,2.218750,2.250000,2.207500,2.227500,1.094959,240800
2001-08-23,2.243750,2.268750,2.231250,2.260000,1.110935,203200
2001-08-24,2.260000,2.281250,2.228750,2.281250,1.121381,408800
2001-08-27,2.281250,2.282500,2.268750,2.268750,1.115237,275200
2001-08-28,2.268750,2.281250,2.242500,2.275000,1.118309,233600
2001-08-29,2.325000,2.462500,2.325000,2.425000,1.192043,526400
2001-08-30,2.443750,2.562500,2.418750,2.490000,1.223996,465600
2001-08-31,2.490000,2.698750,2.490000,2.643750,1.299573,316000
2001-09-04,2.612500,2.637500,2.531250,2.531250,1.244271,538400
2001-09-05,2.500000,2.500000,2.425000,2.437500,1.198188,481600
2001-09-06,2.393750,2.418750,2.250000,2.275000,1.118309,382400
2001-09-07,2.262500,2.331250,2.218750,2.297500,1.129369,310400
2001-09-10,2.281250,2.337500,2.270000,2.337500,1.149032,212000
2001-09-17,2.437500,2.475000,2.293750,2.320000,1.140429,298400
2001-09-18,2.331250,2.331250,2.215000,2.246250,1.104177,192800
2001-09-19,2.245000,2.265000,1.762500,1.975000,0.970839,652800
2001-09-20,1.975000,2.058750,1.843750,2.058750,1.012008,555200
2001-09-21,1.987500,2.112500,1.962500,2.065000,1.015080,580000
2001-09-24,2.093750,2.187500,2.083750,2.125000,1.044574,448000
2001-09-25,2.100000,2.162500,2.062500,2.137500,1.050719,575200
2001-09-26,2.250000,2.250000,2.156250,2.171250,1.067309,578400
2001-09-27,2.162500,2.186250,2.128750,2.180000,1.077815,199200
2001-09-28,2.175000,2.356250,2.175000,2.260000,1.117368,752000
2001-10-01,2.260000,2.398750,2.218750,2.368750,1.171135,296000
2001-10-02,2.368750,2.455000,2.368750,2.412500,1.192765,320000
2001-10-03,2.425000,2.448750,2.337500,2.386250,1.179788,296000
2001-10-04,2.386250,2.450000,2.357500,2.393750,1.183495,263200
2001-10-05,2.393750,2.411250,2.337500,2.356250,1.164955,166400
2001-10-08,2.343750,2.363750,2.325000,2.338750,1.156303,158400
2001-10-09,2.362500,2.437500,2.327500,2.437500,1.205126,286400
2001-10-10,2.425000,2.435000,2.376250,2.420000,1.196474,178400
2001-10-11,2.388750,2.442500,2.367500,2.436250,1.204508,392000
2001-10-12,2.412500,2.437500,2.340000,2.387500,1.180406,125600
2001-10-15,2.375000,2.387500,2.356250,2.387500,1.180406,202400
2001-10-16,2.375000,2.437500,2.375000,2.388750,1.181023,201600
2001-10-17,2.400000,2.425000,2.376250,2.400000,1.186586,158400
2001-10-18,2.393750,2.393750,2.325000,2.325000,1.149505,408800
2001-10-19,2.325000,2.335000,2.312500,2.328750,1.151359,556000
2001-10-22,2.303750,2.312500,2.267500,2.277500,1.126021,181600
2001-10-23,2.275000,2.300000,2.240000,2.270000,1.122313,161600
2001-10-24,2.287500,2.306250,2.277500,2.293750,1.134055,166400
2001-10-25,2.293750,2.325000,2.287500,2.325000,1.149505,216800
2001-10-26,2.325000,2.343750,2.306250,2.325000,1.149505,458400
2001-10-29,2.293750,2.307500,2.262500,2.306250,1.140234,185600
2001-10-30,2.168750,2.305000,2.156250,2.305000,1.139617,464000
2001-10-31,2.306250,2.308750,2.250000,2.301250,1.137762,331200
2001-11-01,2.300000,2.372500,2.285000,2.372500,1.172989,182400
2001-11-02,2.361250,2.375000,2.350000,2.362500,1.168045,214400
2001-11-05,2.372500,2.372500,2.351250,2.363750,1.168664,164000
2001-11-06,2.343750,2.406250,2.338750,2.406250,1.189675,489600
2001-11-07,2.375000,2.421250,2.357500,2.400000,1.186586,331200
2001-11-08,2.422500,2.495000,2.410000,2.487500,1.229846,277600
2001-11-09,2.493750,2.497500,2.456250,2.487500,1.229846,139200
2001-11-12,2.481250,2.486250,2.406250,2.457500,1.215014,180000
2001-11-13,2.468750,2.550000,2.468750,2.550000,1.260747,349600
2001-11-14,2.537500,2.550000,2.475000,2.537500,1.254567,335200
2001-11-15,2.506250,2.506250,2.468750,2.475000,1.223667,1348800
2001-11-16,2.500000,2.500000,2.400000,2.400000,1.186586,420800
2001-11-19,2.387500,2.410000,2.375000,2.401250,1.187204,204800
2001-11-20,2.401250,2.403750,2.366250,2.375000,1.174226,280000
2001-11-21,2.350000,2.372500,2.300000,2.306250,1.140234,165600
2001-11-23,2.318750,2.373750,2.301250,2.368750,1.171135,46400
2001-11-26,2.372500,2.372500,2.300000,2.322500,1.148269,101600
2001-11-27,2.312500,2.322500,2.300000,2.320000,1.147032,124800
2001-11-28,2.308750,2.325000,2.308750,2.312500,1.143325,150400
2001-11-29,2.322500,2.350000,2.312500,2.350000,1.161865,160000
2001-11-30,2.350000,2.371250,2.312500,2.346250,1.160011,138400
2001-12-03,2.325000,2.346250,2.296250,2.346250,1.160011,66400
2001-12-04,2.346250,2.348750,2.318750,2.337500,1.155685,64000
2001-12-05,2.325000,2.337500,2.325000,2.336250,1.155066,122400
2001-12-06,2.312500,2.335000,2.156250,2.265000,1.119840,464000
2001-12-07,2.265000,2.268750,2.196250,2.248750,1.111806,332800
2001-12-10,2.106250,2.178750,2.075000,2.087500,1.032082,564800
2001-12-11,2.081250,2.081250,1.976250,2.008750,0.993147,468800
2001-12-12,2.002500,2.033750,1.912500,1.937500,0.957921,316800
2001-12-13,1.906250,2.087500,1.906250,2.031250,1.004272,776000
2001-12-14,2.087500,2.187500,2.081250,2.132500,1.054330,580800
2001-12-17,2.101250,2.125000,2.075000,2.102500,1.039498,574400
2001-12-18,2.087500,2.156250,2.087500,2.156250,1.066073,207200
2001-12-19,2.150000,2.225000,2.143750,2.187500,1.081524,312800
2001-12-20,2.162500,2.250000,2.143750,2.193750,1.090847,366400
2001-12-21,2.243750,2.300000,2.212500,2.300000,1.143680,356000
2001-12-24,2.293750,2.312500,2.277500,2.312500,1.149895,127200
2001-12-26,2.300000,2.387500,2.300000,2.368750,1.177866,214400
2001-12-27,2.356250,2.496250,2.343750,2.487500,1.236915,229600
2001-12-28,2.500000,2.512500,2.400000,2.440000,1.213295,593600
2001-12-31,2.375000,2.450000,2.340000,2.406250,1.196512,481600
2002-01-02,2.343750,2.461250,2.343750,2.461250,1.223862,570400
2002-01-03,2.443750,2.476250,2.420000,2.462500,1.224483,480000
2002-01-04,2.462500,2.475000,2.357500,2.382500,1.184703,321600
2002-01-07,2.343750,2.410000,2.331250,2.410000,1.198378,413600
2002-01-08,2.412500,2.500000,2.400000,2.500000,1.243130,562400
2002-01-09,2.500000,2.531250,2.450000,2.471250,1.228834,607200
2002-01-10,2.475000,2.500000,2.462500,2.500000,1.243130,265600
2002-01-11,2.500000,2.500000,2.481250,2.497500,1.241886,179200
2002-01-14,2.485000,2.497500,2.456250,2.470000,1.228214,559200
2002-01-15,2.470000,2.492500,2.456250,2.488750,1.237537,352000
2002-01-16,2.487500,2.487500,2.450000,2.456250,1.221376,77600
2002-01-17,2.456250,2.463750,2.391250,2.443750,1.215160,215200
2002-01-18,2.406250,2.425000,2.388750,2.406250,1.196512,216000
2002-01-22,2.437500,2.437500,2.377500,2.382500,1.184703,173600
2002-01-23,2.375000,2.406250,2.362500,2.397500,1.192162,164000
2002-01-24,2.400000,2.450000,2.400000,2.450000,1.218268,325600
2002-01-25,2.431250,2.481250,2.428750,2.440000,1.213295,78400
2002-01-28,2.396250,2.457500,2.396250,2.440000,1.213295,186400
2002-01-29,2.443750,2.450000,2.412500,2.441250,1.213916,233600
2002-01-30,2.437500,2.468750,2.431250,2.467500,1.226970,129600
2002-01-31,2.450000,2.562500,2.450000,2.550000,1.267993,2283200
2002-02-01,2.560000,2.568750,2.523750,2.531250,1.258670,684800
2002-02-04,2.531250,2.531250,2.456250,2.468750,1.227591,428800
2002-02-05,2.468750,2.481250,2.412500,2.437500,1.212052,440000
2002-02-06,2.443750,2.600000,2.443750,2.567500,1.276695,516800
2002-02-07,2.575000,2.575000,2.468750,2.475000,1.230699,356800
2002-02-08,2.487500,2.550000,2.476250,2.500000,1.243130,324000
2002-02-11,2.506250,2.522500,2.493750,2.522500,1.254318,181600
2002-02-12,2.500000,2.518750,2.468750,2.500000,1.243130,189600
2002-02-13,2.475000,2.500000,2.443750,2.462500,1.224483,111200
2002-02-14,2.473750,2.493750,2.437500,2.488750,1.237537,199200
2002-02-15,2.477500,2.477500,2.406250,2.425000,1.205836,598400
2002-02-19,2.393750,2.401250,2.312500,2.375000,1.180974,320000
2002-02-20,2.362500,2.372500,2.306250,2.356250,1.171650,338400
2002-02-21,2.343750,2.352500,2.238750,2.270000,1.128763,288800
2002-02-22,2.250000,2.310000,2.237500,2.295000,1.141193,253600
2002-02-25,2.285000,2.300000,2.262500,2.291250,1.139329,180800
2002-02-26,2.281250,2.305000,2.272500,2.293750,1.140572,167200
2002-02-27,2.288750,2.306250,2.257500,2.275000,1.131249,312000
2002-02-28,2.275000,2.393750,2.275000,2.350000,1.168542,221600
2002-03-01,2.337500,2.400000,2.337500,2.373750,1.180352,134400
2002-03-04,2.343750,2.360000,2.312500,2.360000,1.173515,128000
2002-03-05,2.362500,2.362500,2.330000,2.343750,1.165435,112000
2002-03-06,2.343750,2.361250,2.315000,2.357500,1.172272,115200
2002-03-07,2.373750,2.375000,2.356250,2.367500,1.177244,627200
2002-03-08,2.343750,2.347500,2.018750,2.137500,1.062877,2060800
2002-03-11,2.150000,2.186250,2.128750,2.183750,1.085874,858400
2002-03-12,2.183750,2.245000,2.183750,2.237500,1.112602,156800
2002-03-13,2.268750,2.326250,2.265000,2.280000,1.133735,572800
2002-03-14,2.287500,2.397500,2.287500,2.397500,1.198734,965600
2002-03-15,2.377500,2.436250,2.377500,2.397500,1.198734,324800
2002-03-18,2.400000,2.437500,2.380000,2.437500,1.218734,149600
2002-03-19,2.437500,2.437500,2.412500,2.431250,1.215608,263200
2002-03-20,2.431250,2.468750,2.418750,2.431250,1.215608,459200
2002-03-21,2.431250,2.447500,2.387500,2.417500,1.208734,550400
2002-03-22,2.405000,2.405000,2.306250,2.381250,1.190609,362400
2002-03-25,2.377500,2.387500,2.375000,2.375000,1.187484,150400
2002-03-26,2.375000,2.425000,2.375000,2.406250,1.203108,296000
2002-03-27,2.435000,2.437500,2.400000,2.400000,1.199984,395200
2002-03-28,2.406250,2.421250,2.318750,2.318750,1.159359,108800
2002-04-01,2.375000,2.393750,2.312500,2.356250,1.178109,308800
2002-04-02,2.356250,2.425000,2.343750,2.425000,1.212484,155200
2002-04-03,2.406250,2.410000,2.356250,2.375000,1.187484,126400
2002-04-04,2.362500,2.400000,2.350000,2.386250,1.193109,183200
2002-04-05,2.387500,2.406250,2.375000,2.375000,1.187484,163200
2002-04-08,2.381250,2.393750,2.325000,2.350000,1.174984,264800
2002-04-09,2.362500,2.381250,2.356250,2.375000,1.187484,165600
2002-04-10,2.365000,2.373750,2.362500,2.372500,1.186234,386400
2002-04-11,2.366250,2.387500,2.362500,2.362500,1.181234,236800
2002-04-12,2.372500,2.375000,2.312500,2.347500,1.173734,736800
2002-04-15,2.318750,2.321250,2.250000,2.250000,1.124985,260800
2002-04-16,2.250000,2.320000,2.237500,2.281250,1.140610,339200
2002-04-17,2.277500,2.277500,2.187500,2.187500,1.093736,280000
2002-04-18,2.168750,2.212500,2.150000,2.212500,1.106235,83200
2002-04-19,2.200000,2.253750,2.187500,2.218750,1.109361,143200
2002-04-22,2.216250,2.237500,2.200000,2.237500,1.118735,58400
2002-04-23,2.225000,2.262500,2.215000,2.252500,1.126235,80000
2002-04-24,2.237500,2.268750,2.193750,2.200000,1.099985,65600
2002-04-25,2.215000,2.215000,2.188750,2.206250,1.103110,55200
2002-04-26,2.200000,2.241250,2.191250,2.228750,1.114360,85600
2002-04-29,2.237500,2.237500,2.140000,2.142500,1.071236,84000
2002-04-30,2.112500,2.175000,2.068750,2.175000,1.087485,180800
2002-05-01,2.187500,2.281250,2.160000,2.268750,1.134360,208800
2002-05-02,2.277500,2.277500,2.225000,2.227500,1.113735,1053600
2002-05-03,2.212500,2.213750,2.187500,2.198750,1.099360,1254400
2002-05-06,2.198750,2.210000,2.160000,2.187500,1.093736,189600
2002-05-07,2.175000,2.195000,2.175000,2.195000,1.097485,266400
2002-05-08,2.197500,2.206250,2.193750,2.198750,1.099360,509600
2002-05-09,2.187500,2.228750,2.093750,2.138750,1.069360,193600
2002-05-10,2.125000,2.146250,2.062500,2.073750,1.036861,120000
2002-05-13,2.068750,2.087500,2.013750,2.087500,1.043736,80000
2002-05-14,2.106250,2.121250,2.100000,2.121250,1.060611,68000
2002-05-15,2.121250,2.136250,2.100000,2.136250,1.068111,179200
2002-05-16,2.137500,2.148750,2.118750,2.128750,1.064360,140800
2002-05-17,2.131250,2.131250,2.112500,2.125000,1.062486,53600
2002-05-20,2.118750,2.123750,2.107500,2.113750,1.056861,660800
2002-05-21,2.115000,2.122500,2.087500,2.102500,1.051236,93600
2002-05-22,2.090000,2.110000,2.031250,2.043750,1.021862,727200
2002-05-23,2.060000,2.060000,1.950000,1.962500,0.981237,921600
2002-05-24,1.962500,1.962500,1.887500,1.887500,0.943737,162400
2002-05-28,1.856250,1.875000,1.781250,1.832500,0.916238,312000
2002-05-29,1.837500,1.906250,1.827500,1.868750,0.934363,221600
2002-05-30,1.875000,1.910000,1.862500,1.877500,0.938737,203200
2002-05-31,1.893750,1.906250,1.862500,1.870000,0.934987,280800
2002-06-03,1.868750,1.908750,1.856250,1.875000,0.937487,477600
2002-06-04,1.881250,1.903750,1.875000,1.878750,0.939362,157600
2002-06-05,1.875000,1.900000,1.863750,1.875000,0.937487,139200
2002-06-06,1.875000,1.887500,1.862500,1.862500,0.931237,480800
2002-06-07,1.867500,1.900000,1.837500,1.875000,0.937487,257600
2002-06-10,1.906250,1.910000,1.876250,1.890000,0.944987,271200
2002-06-11,1.902500,1.910000,1.888750,1.905000,0.952488,248000
2002-06-12,1.906250,1.918750,1.893750,1.911250,0.955612,228000
2002-06-13,1.906250,1.906250,1.865000,1.875000,0.944281,228000
2002-06-14,1.875000,1.882500,1.862500,1.875000,0.944281,379200
2002-06-17,1.880000,1.886250,1.856250,1.880000,0.946799,387200
2002-06-18,1.886250,1.935000,1.868750,1.922500,0.968203,524000
2002-06-19,1.900000,1.942500,1.876250,1.906250,0.960019,573600
2002-06-20,1.887500,1.962500,1.887500,1.943750,0.978904,349600
2002-06-21,1.943750,1.961250,1.937500,1.942500,0.978275,328800
2002-06-24,1.931250,1.997500,1.931250,1.990000,1.002196,421600
2002-06-25,1.997500,2.122500,1.997500,2.056250,1.035561,1167200
2002-06-26,2.012500,2.062500,2.012500,2.052500,1.033672,753600
2002-06-27,2.122500,2.122500,2.050000,2.067500,1.041227,901600
2002-06-28,2.062500,2.103750,2.062500,2.093750,1.054447,1164000
2002-07-01,2.093750,2.187500,2.068750,2.087500,1.051299,743200
2002-07-02,2.103750,2.103750,2.000000,2.018750,1.016676,175200
2002-07-03,2.000000,2.018750,1.975000,2.000000,1.007232,132800
2002-07-05,1.987500,2.050000,1.987500,2.042500,1.028636,69600
2002-07-08,2.043750,2.092500,2.012500,2.027500,1.021082,303200
2002-07-09,2.025000,2.100000,2.025000,2.100000,1.057594,404000
2002-07-10,2.087500,2.123750,2.043750,2.118750,1.067037,208000
2002-07-11,2.106250,2.150000,2.046250,2.087500,1.051299,549600
2002-07-12,2.075000,2.123750,2.075000,2.087500,1.051299,185600
2002-07-15,2.072500,2.081250,2.002500,2.075000,1.045004,117600
2002-07-16,2.075000,2.087500,2.000000,2.051250,1.033043,108800
2002-07-17,2.051250,2.051250,1.906250,2.002500,1.008491,840000
2002-07-18,1.996250,1.996250,1.961250,1.963750,0.988977,196000
2002-07-19,1.937500,2.081250,1.937500,2.081250,1.048152,580800
2002-07-22,2.081250,2.081250,2.000000,2.015000,1.014787,263200
2002-07-23,2.015000,2.050000,1.976250,2.006250,1.010381,283200
2002-07-24,2.000000,2.081250,1.937500,2.081250,1.048152,468800
2002-07-25,2.081250,2.081250,2.028750,2.060000,1.037450,119200
2002-07-26,2.060000,2.062500,2.000000,2.062500,1.038709,177600
2002-07-29,2.062500,2.092500,2.035000,2.070000,1.042486,283200
2002-07-30,2.062500,2.082500,2.038750,2.058750,1.036821,285600
2002-07-31,2.043750,2.103750,2.033750,2.103750,1.059483,483200
2002-08-01,2.077500,2.078750,2.048750,2.055000,1.034932,132800
2002-08-02,2.042500,2.056250,2.007500,2.025000,1.019823,238400
2002-08-05,2.026250,2.055000,1.987500,1.987500,1.000937,120000
2002-08-06,1.992500,2.022500,1.987500,2.000000,1.007232,76000
2002-08-07,2.000000,2.018750,1.962500,1.975000,0.994642,184000
2002-08-08,1.975000,2.000000,1.975000,2.000000,1.007232,273600
2002-08-09,1.987500,1.997500,1.950000,1.950000,0.982052,73600
2002-08-12,1.943750,1.986250,1.943750,1.986250,1.000308,128000
2002-08-13,1.968750,2.031250,1.912500,1.923750,0.968832,295200
2002-08-14,1.955000,2.112500,1.953750,2.112500,1.063890,753600
2002-08-15,2.112500,2.136250,2.072500,2.136250,1.075851,311200
2002-08-16,2.125000,2.156250,2.121250,2.137500,1.076480,282400
2002-08-19,2.125000,2.153750,2.076250,2.125000,1.070185,118400
2002-08-20,2.125000,2.156250,2.115000,2.156250,1.085923,179200
2002-08-21,2.155000,2.156250,2.132500,2.156250,1.085923,292800
2002-08-22,2.143750,2.181250,2.143750,2.181250,1.098513,205600
2002-08-23,2.143750,2.175000,2.137500,2.146250,1.080887,152800
2002-08-26,2.156250,2.168750,2.126250,2.168750,1.092218,106400
2002-08-27,2.186250,2.186250,2.151250,2.175000,1.095365,238400
2002-08-28,2.162500,2.181250,2.081250,2.081250,1.048152,121600
2002-08-29,2.068750,2.185000,2.068750,2.125000,1.070185,583200
2002-08-30,2.143750,2.185000,2.137500,2.143750,1.079628,171200
2002-09-03,2.137500,2.153750,2.100000,2.100000,1.057594,244800
2002-09-04,2.093750,2.186250,2.093750,2.162500,1.089071,192000
2002-09-05,2.162500,2.183750,2.150000,2.150000,1.082775,116000
2002-09-06,2.150000,2.187500,2.150000,2.187500,1.101661,176000
2002-09-09,2.156250,2.185000,2.150000,2.183750,1.099772,232000
2002-09-10,2.183750,2.185000,2.158750,2.178750,1.097254,174400
2002-09-11,2.185000,2.185000,2.168750,2.181250,1.098513,29600
2002-09-12,2.181250,2.181250,2.162500,2.170000,1.092848,61600
2002-09-13,2.170000,2.187500,2.157500,2.187500,1.101661,132800
2002-09-16,2.187500,2.187500,2.157500,2.175000,1.095365,100000
2002-09-17,2.187500,2.187500,2.150000,2.162500,1.089071,195200
2002-09-18,2.162500,2.233750,2.162500,2.231250,1.123694,169600
2002-09-19,2.218750,2.218750,2.162500,2.163750,1.089700,100000
2002-09-20,2.158750,2.168750,2.093750,2.168750,1.092218,443200
2002-09-23,2.156250,2.156250,2.128750,2.137500,1.076480,287200
2002-09-24,2.126250,2.133750,2.087500,2.116250,1.065778,424800
2002-09-25,2.125000,2.135000,2.118750,2.125000,1.070185,254400
2002-09-26,2.100000,2.131250,2.100000,2.120000,1.074620,188800
2002-09-27,2.112500,2.133750,2.100000,2.100000,1.064482,99200
2002-09-30,2.093750,2.122500,2.082500,2.122500,1.075887,333600
2002-10-01,2.125000,2.186250,2.112500,2.186250,1.108202,364800
2002-10-02,2.186250,2.187500,2.093750,2.093750,1.061314,174400
2002-10-03,2.087500,2.125000,2.085000,2.123750,1.076521,98400
2002-10-04,2.111250,2.137500,2.008750,2.042500,1.035336,304000
2002-10-07,2.030000,2.047500,2.018750,2.027500,1.027732,64000
2002-10-08,2.050000,2.062500,1.937500,1.950000,0.988448,98400
2002-10-09,1.968750,1.968750,1.862500,1.887500,0.956766,236000
2002-10-10,1.875000,1.875000,1.821250,1.875000,0.950431,140800
2002-10-11,1.875000,1.908750,1.875000,1.893750,0.959935,52800
2002-10-14,1.893750,1.897500,1.885000,1.885000,0.955500,51200
2002-10-15,1.953750,2.042500,1.953750,2.041250,1.034702,317600
2002-10-16,2.041250,2.041250,1.918750,1.938750,0.982745,107200
2002-10-17,1.937500,2.000000,1.937500,2.000000,1.013792,139200
2002-10-18,2.006250,2.022500,1.993750,2.022500,1.025198,320000
2002-10-21,2.018750,2.148750,2.018750,2.131250,1.080323,446400
2002-10-22,2.131250,2.137500,2.125000,2.125000,1.077154,221600
2002-10-23,2.131250,2.148750,2.125000,2.143750,1.086659,164000
2002-10-24,2.143750,2.151250,2.128750,2.137500,1.083491,203200
2002-10-25,2.125000,2.136250,2.113750,2.136250,1.082857,260800
2002-10-28,2.117500,2.143750,2.117500,2.125000,1.077154,185600
2002-10-29,2.125000,2.155000,2.118750,2.155000,1.092361,108800
2002-10-30,2.143750,2.205000,2.140000,2.205000,1.117706,512800
2002-10-31,2.205000,2.210000,2.190000,2.208750,1.119607,171200
2002-11-01,2.208750,2.217500,2.205000,2.212500,1.121508,212000
2002-11-04,2.200000,2.212500,2.187500,2.212500,1.121508,95200
2002-11-05,2.212500,2.233750,2.210000,2.231250,1.131013,343200
2002-11-06,2.231250,2.250000,2.231250,2.250000,1.140517,172000
2002-11-07,2.250000,2.250000,2.190000,2.200000,1.115172,145600
2002-11-08,2.206250,2.237500,2.197500,2.237500,1.134181,103200
2002-11-11,2.250000,2.250000,2.187500,2.187500,1.108836,44000
2002-11-12,2.200000,2.276250,2.200000,2.250000,1.140517,145600
2002-11-13,2.237500,2.295000,2.231250,2.231250,1.131013,148000
2002-11-14,2.250000,2.312500,2.250000,2.312500,1.172197,167200
2002-11-15,2.312500,2.312500,2.293750,2.295000,1.163327,56000
2002-11-18,2.500000,2.600000,2.500000,2.593750,1.314762,1138400
2002-11-19,2.601250,2.612500,2.512500,2.600000,1.317930,316000
2002-11-20,2.625000,2.651250,2.612500,2.651250,1.343909,328800
2002-11-21,2.656250,2.718750,2.656250,2.693750,1.365451,190400
2002-11-22,2.687500,2.723750,2.662500,2.708750,1.373056,257600
2002-11-25,2.693750,2.743750,2.693750,2.743750,1.390797,277600
2002-11-26,2.747500,2.747500,2.715000,2.732500,1.385094,46400
2002-11-27,2.732500,2.768750,2.656250,2.741250,1.389530,517600
2002-11-29,2.725000,2.747500,2.712500,2.732500,1.385094,48000
2002-12-02,2.732500,2.747500,2.666250,2.717500,1.377490,232000
2002-12-03,2.700000,2.706250,2.633750,2.638750,1.337573,112800
2002-12-04,2.641250,2.641250,2.606250,2.618750,1.327435,267200
2002-12-05,2.581250,2.631250,2.581250,2.631250,1.333771,128800
2002-12-06,2.612500,2.731250,2.602500,2.731250,1.384461,457600
2002-12-09,2.731250,2.785000,2.712500,2.737500,1.387627,264000
2002-12-10,2.725000,2.872500,2.725000,2.872500,1.456059,383200
2002-12-11,2.862500,2.886250,2.787500,2.787500,1.412973,212800
2002-12-12,2.718750,2.718750,2.543750,2.581250,1.308425,538400
2002-12-13,2.543750,2.603750,2.500000,2.587500,1.311594,423200
2002-12-16,2.575000,2.662500,2.562500,2.662500,1.349611,416000
2002-12-17,2.668750,2.668750,2.568750,2.587500,1.311594,130400
2002-12-18,2.575000,2.575000,2.487500,2.535000,1.284982,269600
2002-12-19,2.525000,2.525000,2.431250,2.431250,1.239113,188000
2002-12-20,2.431250,2.487500,2.425000,2.487500,1.267781,331200
2002-12-23,2.500000,2.687500,2.500000,2.676250,1.363980,586400
2002-12-24,2.712500,2.743750,2.693750,2.725000,1.388825,317600
2002-12-26,2.737500,2.843750,2.720000,2.825000,1.439792,211200
2002-12-27,2.818750,2.837500,2.756250,2.781250,1.417494,251200
2002-12-30,2.793750,2.813750,2.793750,2.795000,1.424501,217600
2002-12-31,2.812500,2.812500,2.731250,2.731250,1.392011,256000
2003-01-02,2.700000,2.706250,2.657500,2.705000,1.378632,166400
2003-01-03,2.692500,2.730000,2.651250,2.693750,1.372898,253600
2003-01-06,2.702500,2.737500,2.681250,2.712500,1.382455,410400
2003-01-07,2.718750,2.718750,2.566250,2.606250,1.328304,680800
2003-01-08,2.606250,2.606250,2.566250,2.570000,1.309828,478400
2003-01-09,2.581250,2.735000,2.581250,2.735000,1.393922,683200
2003-01-10,2.735000,2.735000,2.688750,2.718750,1.385639,315200
2003-01-13,2.718750,2.735000,2.715000,2.725000,1.388825,232000
2003-01-14,2.725000,2.756250,2.725000,2.750000,1.401567,284000
2003-01-15,2.737500,2.810000,2.725000,2.810000,1.432146,788000
2003-01-16,2.800000,2.800000,2.740000,2.741250,1.397108,240800
2003-01-17,2.732500,2.747500,2.715000,2.715000,1.383729,206400
2003-01-21,2.731250,2.732500,2.700000,2.700000,1.376084,256800
2003-01-22,2.700000,2.700000,2.675000,2.675000,1.363343,82400
2003-01-23,2.675000,2.675000,2.643750,2.666250,1.358883,79200
2003-01-24,2.675000,2.675000,2.563750,2.563750,1.306643,104000
2003-01-27,2.543750,2.568750,2.531250,2.537500,1.293263,124000
2003-01-28,2.537500,2.606250,2.531250,2.603750,1.327029,350400
2003-01-29,2.587500,2.593750,2.555000,2.593750,1.321932,106400
2003-01-30,2.587500,2.587500,2.556250,2.568750,1.309191,128000
2003-01-31,2.563750,2.606250,2.562500,2.606250,1.328304,120000
2003-02-03,2.593750,2.597500,2.575000,2.587500,1.318747,84800
2003-02-04,2.581250,2.662500,2.550000,2.661250,1.356335,485600
2003-02-05,2.655000,2.655000,2.591250,2.595000,1.322569,238400
2003-02-06,2.595000,2.606250,2.575000,2.597500,1.323844,230400
2003-02-07,2.592500,2.626250,2.592500,2.606250,1.328304,146400
2003-02-10,2.587500,2.595000,2.548750,2.587500,1.318747,141600
2003-02-11,2.575000,2.591250,2.531250,2.541250,1.295175,119200
2003-02-12,2.537500,2.540000,2.500000,2.531250,1.290079,132800
2003-02-13,2.525000,2.525000,2.487500,2.500000,1.274151,163200
2003-02-14,2.500000,2.525000,2.493750,2.525000,1.286893,47200
2003-02-18,2.536250,2.556250,2.522500,2.541250,1.295175,76800
2003-02-19,2.533750,2.533750,2.500000,2.531250,1.290079,101600
2003-02-20,2.506250,2.550000,2.500000,2.550000,1.299635,138400
2003-02-21,2.550000,2.650000,2.542500,2.637500,1.344230,148800
2003-02-24,2.668750,2.668750,2.612500,2.668750,1.360157,249600
2003-02-25,2.650000,2.687500,2.625000,2.687500,1.369713,136000
2003-02-26,2.687500,2.732500,2.675000,2.723750,1.388188,271200
2003-02-27,2.737500,2.811250,2.712500,2.800000,1.427050,227200
2003-02-28,2.810000,2.810000,2.750000,2.781250,1.417494,128800
2003-03-03,2.787500,2.800000,2.737500,2.743750,1.398381,152000
2003-03-04,2.738750,2.781250,2.718750,2.737500,1.395195,133600
2003-03-05,2.750000,2.762500,2.712500,2.752500,1.402841,272800
2003-03-06,2.743750,2.798750,2.737500,2.756250,1.404752,434400
2003-03-07,2.681250,2.793750,2.657500,2.783750,1.418768,620000
2003-03-10,2.796250,2.811250,2.762500,2.781250,1.417494,402400
2003-03-11,2.781250,2.843750,2.781250,2.832500,1.443614,682400
2003-03-12,2.832500,2.842500,2.787500,2.831250,1.442977,386400
2003-03-13,2.800000,2.800000,2.768750,2.775000,1.421211,426400
2003-03-14,2.786250,2.787500,2.738750,2.762500,1.414809,293600
2003-03-17,2.777500,2.842500,2.772500,2.805000,1.436575,318400
2003-03-18,2.810000,2.810000,2.688750,2.710000,1.387922,678400
2003-03-19,2.725000,2.725000,2.687500,2.712500,1.389202,345600
2003-03-20,2.722500,2.725000,2.666250,2.718750,1.392401,392800
2003-03-21,2.712500,2.737500,2.700000,2.712500,1.389202,389600
2003-03-24,2.697500,2.725000,2.686250,2.725000,1.395603,216000
2003-03-25,2.737500,2.756250,2.731250,2.747500,1.407127,284800
2003-03-26,2.731250,2.746250,2.731250,2.735000,1.400725,536800
2003-03-27,2.725000,2.741250,2.718750,2.732500,1.399444,110400
2003-03-28,2.731250,2.786250,2.731250,2.762500,1.414809,241600
2003-03-31,3.400000,3.600000,3.400000,3.580000,1.833489,10604800
2003-04-01,3.577500,3.690000,3.577500,3.681250,1.885345,3217600
2003-04-02,3.681250,3.747500,3.651250,3.747500,1.919274,4540000
2003-04-03,3.737500,3.752500,3.700000,3.710000,1.900068,970400
2003-04-04,3.700000,3.743750,3.681250,3.727500,1.909031,1013600
2003-04-07,3.731250,3.737500,3.662500,3.693750,1.891747,764000
2003-04-08,3.687500,3.693750,3.565000,3.576250,1.831569,884000
2003-04-09,3.562500,3.600000,3.562500,3.593750,1.840532,1024800
2003-04-10,3.600000,3.631250,3.580000,3.613750,1.850774,707200
2003-04-11,3.625000,3.630000,3.587500,3.587500,1.837331,363200
2003-04-14,3.597500,3.597500,3.553750,3.587500,1.837331,189600
2003-04-15,3.540000,3.573750,3.537500,3.567500,1.827088,545600
2003-04-16,3.567500,3.593750,3.537500,3.575000,1.830929,472000
2003-04-17,3.581250,3.610000,3.550000,3.610000,1.848854,488800
2003-04-21,3.597500,3.597500,3.550000,3.587500,1.837331,360000
2003-04-22,3.575000,3.581250,3.543750,3.553750,1.820046,1100000
2003-04-23,3.562500,3.571250,3.545000,3.568750,1.827728,751200
2003-04-24,3.550000,3.590000,3.538750,3.575000,1.830929,776800
2003-04-25,3.568750,3.575000,3.543750,3.567500,1.827088,329600
2003-04-28,3.567500,3.612500,3.562500,3.600000,1.843732,139200
2003-04-29,3.587500,3.618750,3.568750,3.568750,1.827728,453600
2003-04-30,3.562500,3.568750,3.550000,3.561250,1.823887,1032800
2003-05-01,3.547500,3.547500,3.500000,3.531250,1.808523,238400
2003-05-02,3.468750,3.521250,3.447500,3.500000,1.792517,344000
2003-05-05,3.500000,3.517500,3.472500,3.476250,1.780354,200000
2003-05-06,3.468750,3.468750,3.422500,3.432500,1.757948,380800
2003-05-07,3.422500,3.520000,3.422500,3.516250,1.800840,344000
2003-05-08,3.485000,3.487500,3.418750,3.418750,1.750905,416800
2003-05-09,3.421250,3.428750,3.381250,3.427500,1.755388,439200
2003-05-12,3.427500,3.503750,3.412500,3.490000,1.787396,194400
2003-05-13,3.472500,3.550000,3.465000,3.550000,1.818125,112800
2003-05-14,3.537500,3.537500,3.500000,3.518750,1.802121,135200
2003-05-15,3.531250,3.531250,3.496250,3.500000,1.792517,490400
2003-05-16,3.487500,3.500000,3.465000,3.476250,1.780354,136800
2003-05-19,3.463750,3.492500,3.447500,3.475000,1.779714,250400
2003-05-20,3.475000,3.562500,3.473750,3.550000,1.818125,564000
2003-05-21,3.550000,3.577500,3.531250,3.571250,1.829009,344800
2003-05-22,3.570000,3.597500,3.563750,3.583750,1.835410,309600
2003-05-23,3.575000,3.595000,3.562500,3.595000,1.841172,225600
2003-05-27,3.595000,3.650000,3.595000,3.633750,1.861017,301600
2003-05-28,3.621250,3.642500,3.618750,3.631250,1.859738,125600
2003-05-29,3.631250,3.631250,3.543750,3.625000,1.856536,464000
2003-05-30,3.631250,3.656250,3.606250,3.640000,1.864218,265600
2003-06-02,3.622500,3.637500,3.575000,3.615000,1.851415,109600
2003-06-03,3.602500,3.637500,3.587500,3.637500,1.862939,216800
2003-06-04,3.646250,3.655000,3.575000,3.606250,1.846934,620800
2003-06-05,3.612500,3.612500,3.575000,3.600000,1.843732,441600
2003-06-06,3.581250,3.587500,3.516250,3.537500,1.811723,296000
2003-06-09,3.525000,3.566250,3.515000,3.560000,1.823247,168800
2003-06-10,3.572500,3.572500,3.517500,3.538750,1.812364,410400
2003-06-11,3.545000,3.587500,3.535000,3.587500,1.837331,81600
2003-06-12,3.593750,3.593750,3.552500,3.562500,1.824527,246400
2003-06-13,3.575000,3.575000,3.487500,3.515000,1.800200,242400
2003-06-16,3.525000,3.585000,3.437500,3.581250,1.834130,1112000
2003-06-17,3.568750,3.571250,3.527500,3.531250,1.808523,212800
2003-06-18,3.532500,3.550000,3.518750,3.537500,1.811723,196800
2003-06-19,3.518750,3.543750,3.512500,3.540000,1.820078,175200
2003-06-20,3.531250,3.538750,3.512500,3.525000,1.812367,124000
2003-06-23,3.525000,3.537500,3.500000,3.525000,1.812367,326400
2003-06-24,3.537500,3.537500,3.495000,3.506250,1.802726,445600
2003-06-25,3.506250,3.506250,3.468750,3.487500,1.793085,122400
2003-06-26,3.487500,3.493750,3.450000,3.450000,1.773805,344800
2003-06-27,3.462500,3.487500,3.453750,3.463750,1.780875,317600
2003-06-30,3.463750,3.477500,3.437500,3.450000,1.773805,565600
2003-07-01,3.450000,3.468750,3.437500,3.468750,1.783445,280000
2003-07-02,3.468750,3.506250,3.450000,3.481250,1.789872,228000
2003-07-03,3.475000,3.506250,3.475000,3.495000,1.796942,48800
2003-07-07,3.512500,3.522500,3.476250,3.500000,1.799513,140800
2003-07-08,3.506250,3.512500,3.483750,3.500000,1.799513,973600
2003-07-09,3.493750,3.518750,3.468750,3.512500,1.805940,1327200
2003-07-10,3.493750,3.500000,3.462500,3.485000,1.791800,96800
2003-07-11,3.466250,3.512500,3.466250,3.512500,1.805940,86400
2003-07-14,3.531250,3.546250,3.503750,3.543750,1.822006,124000
2003-07-15,3.537500,3.537500,3.506250,3.531250,1.815581,125600
2003-07-16,3.512500,3.547500,3.512500,3.522500,1.811081,161600
2003-07-17,3.506250,3.515000,3.487500,3.493750,1.796298,386400
2003-07-18,3.493750,3.493750,3.438750,3.462500,1.780232,627200
2003-07-21,3.462500,3.471250,3.456250,3.456250,1.777019,285600
2003-07-22,3.437500,3.475000,3.375000,3.406250,1.751311,594400
2003-07-23,3.406250,3.462500,3.393750,3.462500,1.780232,157600
2003-07-24,3.450000,3.500000,3.450000,3.462500,1.780232,96000
2003-07-25,3.468750,3.487500,3.456250,3.465000,1.781517,68800
2003-07-28,3.487500,3.510000,3.476250,3.487500,1.793085,78400
2003-07-29,3.506250,3.506250,3.462500,3.468750,1.783445,57600
2003-07-30,3.468750,3.477500,3.452500,3.468750,1.783445,341600
2003-07-31,3.477500,3.506250,3.465000,3.496250,1.797585,278400
2003-08-01,3.497500,3.497500,3.450000,3.475000,1.786659,305600
2003-08-04,3.462500,3.462500,3.396250,3.418750,1.757738,261600
2003-08-05,3.417500,3.417500,3.393750,3.400000,1.748098,252000
2003-08-06,3.403750,3.412500,3.400000,3.402500,1.749383,193600
2003-08-07,3.402500,3.425000,3.400000,3.412500,1.754524,1541600
2003-08-08,3.402500,3.423750,3.402500,3.405000,1.750669,839200
2003-08-11,3.418750,3.435000,3.405000,3.435000,1.766092,109600
2003-08-12,3.433750,3.433750,3.412500,3.428750,1.762879,208000
2003-08-13,3.450000,3.468750,3.431250,3.457500,1.777661,584000
2003-08-14,3.450000,3.478750,3.435000,3.468750,1.783445,364800
2003-08-15,3.468750,3.477500,3.468750,3.477500,1.787944,136800
2003-08-18,3.462500,3.531250,3.462500,3.506250,1.802726,159200
2003-08-19,3.518750,3.532500,3.487500,3.532500,1.816222,539200
2003-08-20,3.515000,3.562500,3.118750,3.300000,1.696684,9197600
2003-08-21,3.312500,3.313750,3.162500,3.187500,1.638842,3906400
2003-08-22,3.187500,3.187500,3.125000,3.155000,1.622132,1509600
2003-08-25,3.143750,3.143750,3.095000,3.122500,1.605422,205600
2003-08-26,3.106250,3.113750,3.075000,3.097500,1.592568,296000
2003-08-27,3.087500,3.111250,3.081250,3.088750,1.588070,221600
2003-08-28,3.081250,3.108750,3.075000,3.085000,1.586142,343200
2003-08-29,3.075000,3.093750,3.065000,3.072500,1.579714,131200
2003-09-02,3.072500,3.075000,3.047500,3.072500,1.579714,863200
2003-09-03,3.062500,3.147500,3.062500,3.147500,1.618276,853600
2003-09-04,3.131250,3.150000,3.125000,3.130000,1.609279,240000
2003-09-05,3.118750,3.147500,3.102500,3.147500,1.618276,996800
2003-09-08,3.147500,3.162500,3.113750,3.145000,1.616991,389600
2003-09-09,3.135000,3.143750,3.120000,3.125000,1.606708,169600
2003-09-10,3.118750,3.140000,3.118750,3.127500,1.607993,925600
2003-09-11,3.131250,3.200000,3.131250,3.193750,1.642055,764800
2003-09-12,3.187500,3.192500,3.168750,3.178750,1.634344,124800
2003-09-15,3.196250,3.205000,3.156250,3.158750,1.624061,480800
2003-09-16,3.168750,3.185000,3.147500,3.147500,1.618276,669600
2003-09-17,3.150000,3.160000,3.118750,3.125000,1.606708,804000
2003-09-18,3.118750,3.150000,3.112500,3.140000,1.614420,538400
2003-09-19,3.137500,3.143750,3.115000,3.117500,1.602851,664000
2003-09-22,3.115000,3.137500,3.112500,3.131250,1.609922,345600
2003-09-23,3.125000,3.148750,3.125000,3.135000,1.611849,226400
2003-09-24,3.131250,3.137500,3.115000,3.118750,1.603494,247200
2003-09-25,3.106250,3.110000,3.092500,3.102500,1.602204,4267200
2003-09-26,3.095000,3.095000,3.025000,3.051250,1.575737,524000
2003-09-29,3.050000,3.100000,3.050000,3.092500,1.597039,113600
2003-09-30,3.081250,3.097500,3.056250,3.097500,1.599622,755200
2003-10-01,3.087500,3.138750,3.087500,3.131250,1.617049,258400
2003-10-02,3.137500,3.147500,3.125000,3.141250,1.622215,340000
2003-10-03,3.150000,3.163750,3.135000,3.148750,1.626087,317600
2003-10-06,3.156250,3.186250,3.156250,3.181250,1.642871,269600
2003-10-07,3.181250,3.190000,3.156250,3.190000,1.647390,208000
2003-10-08,3.181250,3.193750,3.156250,3.177500,1.640935,228800
2003-10-09,3.187500,3.198750,3.173750,3.187500,1.646099,482400
2003-10-10,3.181250,3.181250,3.125000,3.136250,1.619632,158400
2003-10-13,3.143750,3.197500,3.121250,3.125000,1.613823,197600
2003-10-14,3.125000,3.131250,3.112500,3.116250,1.609304,357600
2003-10-15,3.118750,3.118750,3.100000,3.102500,1.602204,120000
2003-10-16,3.093750,3.093750,3.022500,3.037500,1.568635,468800
2003-10-17,3.037500,3.107500,3.026250,3.086250,1.593811,533600
2003-10-20,3.075000,3.111250,3.050000,3.111250,1.606721,1020800
2003-10-21,3.116250,3.156250,3.106250,3.137500,1.620278,184800
2003-10-22,3.137500,3.137500,3.065000,3.067500,1.584129,272800
2003-10-23,3.055000,3.060000,3.033750,3.042500,1.571218,220800
2003-10-24,3.050000,3.093750,3.050000,3.075000,1.588002,196000
2003-10-27,3.100000,3.123750,3.100000,3.116250,1.609304,152800
2003-10-28,3.116250,3.116250,3.065000,3.096250,1.598975,120800
2003-10-29,3.093750,3.093750,3.057500,3.062500,1.581546,104000
2003-10-30,3.075000,3.097500,3.066250,3.075000,1.588002,68000
2003-10-31,3.087500,3.125000,3.087500,3.115000,1.608659,540800
2003-11-03,3.156250,3.250000,3.153750,3.208750,1.657074,755200
2003-11-04,3.206250,3.262500,3.206250,3.237500,1.671921,392000
2003-11-05,3.238750,3.272500,3.235000,3.272500,1.689995,150400
2003-11-06,3.262500,3.275000,3.250000,3.265000,1.686121,160000
2003-11-07,3.281250,3.281250,3.250000,3.251250,1.679021,90400
2003-11-10,3.250000,3.256250,3.187500,3.195000,1.649972,336000
2003-11-11,3.200000,3.201250,3.162500,3.177500,1.640935,49600
2003-11-12,3.187500,3.188750,3.171250,3.181250,1.642871,67200
2003-11-13,3.175000,3.187500,3.162500,3.162500,1.633189,32000
2003-11-14,3.177500,3.262500,3.150000,3.150000,1.626734,420000
2003-11-17,3.137500,3.156250,3.100000,3.100000,1.600912,424800
2003-11-18,3.112500,3.122500,3.093750,3.093750,1.597685,289600
2003-11-19,3.093750,3.156250,3.093750,3.150000,1.626734,81600
2003-11-20,3.150000,3.225000,3.150000,3.200000,1.652555,516800
2003-11-21,3.206250,3.227500,3.200000,3.227500,1.666756,235200
2003-11-24,3.237500,3.306250,3.237500,3.288750,1.698387,783200
2003-11-25,3.312500,3.337500,3.287500,3.317500,1.713234,521600
2003-11-26,3.330000,3.337500,3.306250,3.325000,1.717107,205600
2003-11-28,3.331250,3.331250,3.318750,3.320000,1.714525,58400
2003-12-01,3.331250,3.375000,3.316250,3.375000,1.742929,212000
2003-12-02,3.375000,3.385000,3.330000,3.330000,1.719689,154400
2003-12-03,3.337500,3.356250,3.337500,3.350000,1.730018,139200
2003-12-04,3.337500,3.375000,3.318750,3.375000,1.742929,204800
2003-12-05,3.362500,3.381250,3.321250,3.353750,1.731954,192000
2003-12-08,3.362500,3.385000,3.361250,3.385000,1.748093,241600
2003-12-09,3.381250,3.381250,3.331250,3.333750,1.721626,116000
2003-12-10,3.325000,3.343750,3.317500,3.320000,1.714525,204800
2003-12-11,3.318750,3.356250,3.318750,3.353750,1.731954,150400
2003-12-12,3.350000,3.387500,3.350000,3.381250,1.746156,252800
2003-12-15,3.381250,3.381250,3.306250,3.306250,1.707425,95200
2003-12-16,3.300000,3.350000,3.278750,3.348750,1.729373,96800
2003-12-17,3.337500,3.430000,3.331250,3.427500,1.770041,125600
2003-12-18,3.418750,3.458750,3.390000,3.437500,1.775205,67200
2003-12-19,3.438750,3.438750,3.411250,3.431250,1.771977,108800
2003-12-22,3.418750,3.426250,3.397500,3.417500,1.764876,52800
2003-12-23,3.405000,3.415000,3.375000,3.400000,1.755839,188800
2003-12-24,3.387500,3.412500,3.386250,3.406250,1.759067,16000
2003-12-26,3.406250,3.430000,3.393750,3.422500,1.767458,65600
2003-12-29,3.412500,3.458750,3.412500,3.431250,1.771977,1025600
2003-12-30,3.443750,3.462500,3.431250,3.455000,1.784243,815200
2003-12-31,3.456250,3.460000,3.437500,3.437500,1.782298,271200
2004-01-02,3.450000,3.462500,3.412500,3.453750,1.790723,175200
2004-01-05,3.458750,3.468750,3.447500,3.466250,1.797204,360800
2004-01-06,3.467500,3.467500,3.447500,3.450000,1.788778,36800
2004-01-07,3.456250,3.462500,3.393750,3.412500,1.769336,161600
2004-01-08,3.418750,3.423750,3.377500,3.402500,1.764151,372000
2004-01-09,3.393750,3.407500,3.387500,3.400000,1.762855,66400
2004-01-12,3.406250,3.425000,3.390000,3.425000,1.775818,92000
2004-01-13,3.425000,3.450000,3.401250,3.443750,1.785539,100000
2004-01-14,3.443750,3.468750,3.431250,3.462500,1.795260,215200
2004-01-15,3.462500,3.467500,3.400000,3.467500,1.797853,164000
2004-01-16,3.468750,3.468750,3.427500,3.452500,1.790075,35200
2004-01-20,3.452500,3.456250,3.427500,3.456250,1.792020,228800
2004-01-21,3.456250,3.456250,3.425000,3.450000,1.788778,508000
2004-01-22,3.443750,3.456250,3.435000,3.447500,1.787484,258400
2004-01-23,3.443750,3.467500,3.438750,3.466250,1.797204,170400
2004-01-26,3.456250,3.456250,3.437500,3.450000,1.788778,68800
2004-01-27,3.450000,3.498750,3.443750,3.493750,1.811464,2312000
2004-01-28,3.487500,3.493750,3.450000,3.468750,1.798500,945600
2004-01-29,3.481250,3.493750,3.453750,3.465000,1.796557,344000
2004-01-30,3.451250,3.493750,3.443750,3.487500,1.808222,302400
2004-02-02,3.486250,3.486250,3.437500,3.443750,1.785539,311200
2004-02-03,3.443750,3.450000,3.431250,3.437500,1.782298,351200
2004-02-04,3.437500,3.437500,3.406250,3.407500,1.766743,384800
2004-02-05,3.418750,3.418750,3.381250,3.412500,1.769336,103200
2004-02-06,3.412500,3.437500,3.401250,3.431250,1.779058,73600
2004-02-09,3.431250,3.431250,3.406250,3.412500,1.769336,170400
2004-02-10,3.418750,3.431250,3.412500,3.425000,1.775818,152800
2004-02-11,3.425000,3.462500,3.423750,3.460000,1.793963,466400
2004-02-12,3.453750,3.453750,3.425000,3.437500,1.782298,320800
2004-02-13,3.443750,3.443750,3.412500,3.428750,1.777761,218400
2004-02-17,3.443750,3.456250,3.437500,3.450000,1.788778,175200
2004-02-18,3.437500,3.443750,3.410000,3.410000,1.768040,72000
2004-02-19,3.410000,3.422500,3.400000,3.406250,1.766095,72800
2004-02-20,3.400000,3.427500,3.400000,3.421250,1.773873,124800
2004-02-23,3.412500,3.425000,3.406250,3.423750,1.775169,237600
2004-02-24,3.410000,3.458750,3.406250,3.432500,1.779706,212000
2004-02-25,3.432500,3.542500,3.432500,3.542500,1.836739,108800
2004-02-26,3.537500,3.648750,3.537500,3.600000,1.866552,233600
2004-02-27,3.600000,3.656250,3.597500,3.656250,1.895717,173600
2004-03-01,3.656250,3.675000,3.643750,3.668750,1.902197,153600
2004-03-02,3.675000,3.675000,3.620000,3.656250,1.895717,880000
2004-03-03,3.657500,3.658750,3.631250,3.640000,1.887292,128800
2004-03-04,3.643750,3.690000,3.631250,3.690000,1.913216,180800
2004-03-05,3.681250,3.698750,3.650000,3.662500,1.898958,331200
2004-03-08,3.675000,3.698750,3.662500,3.693750,1.915161,421600
2004-03-09,3.685000,3.706250,3.676250,3.693750,1.915161,91200
2004-03-10,3.693750,3.712500,3.612500,3.625000,1.879514,324800
2004-03-11,3.618750,3.705000,3.618750,3.682500,1.909328,965600
2004-03-12,3.675000,3.741250,3.675000,3.737500,1.937844,526400
2004-03-15,3.750000,3.937500,3.750000,3.918750,2.031820,6294400
2004-03-16,3.950000,3.966250,3.893750,3.920000,2.032466,1165600
2004-03-17,3.931250,3.931250,3.868750,3.875000,2.009136,222400
2004-03-18,3.862500,3.862500,3.812500,3.825000,1.991563,214400
2004-03-19,3.831250,3.831250,3.762500,3.765000,1.960324,360800
2004-03-22,3.765000,3.765000,3.675000,3.762500,1.959021,970400
2004-03-23,3.756250,3.775000,3.750000,3.770000,1.962927,714400
2004-03-24,3.775000,3.785000,3.750000,3.762500,1.959021,400000
2004-03-25,3.768750,3.775000,3.750000,3.772500,1.964228,527200
2004-03-26,3.765000,3.798750,3.762500,3.787500,1.972039,1052800
2004-03-29,3.787500,3.925000,3.787500,3.925000,2.043631,1966400
2004-03-30,3.941250,3.960000,3.930000,3.932500,2.047536,322400
2004-03-31,3.937500,3.997500,3.912500,3.982500,2.073569,611200
2004-04-01,3.968750,4.012500,3.968750,4.002500,2.083982,679200
2004-04-02,4.000000,4.005000,3.991250,4.003750,2.084633,1367200
2004-04-05,4.000000,4.032500,3.997500,4.032500,2.099603,1328000
2004-04-06,4.037500,4.037500,3.987500,3.995000,2.080077,168000
2004-04-07,4.037500,4.037500,3.980000,4.006250,2.085934,330400
2004-04-08,4.006250,4.037500,3.991250,4.008750,2.087236,571200
2004-04-12,4.008750,4.057500,4.008750,4.057500,2.112620,143200
2004-04-13,4.063750,4.118750,4.062500,4.103750,2.136701,992000
2004-04-14,4.087500,4.087500,4.006250,4.037500,2.102206,368000
2004-04-15,4.037500,4.118750,4.033750,4.117500,2.143860,488000
2004-04-16,4.125000,4.155000,4.117500,4.138750,2.154923,842400
2004-04-19,4.150000,4.168750,4.140000,4.166250,2.169242,648000
2004-04-20,4.168750,4.180000,4.150000,4.156250,2.164036,151200
2004-04-21,4.148750,4.161250,4.115000,4.161250,2.166639,255200
2004-04-22,4.161250,4.205000,4.156250,4.200000,2.186815,348800
2004-04-23,4.207500,4.208750,4.175000,4.208750,2.191371,147200
2004-04-26,4.212500,4.282500,4.212500,4.256250,2.216102,430400
2004-04-27,4.243750,4.283750,4.238750,4.256250,2.216102,382400
2004-04-28,4.256250,4.262500,4.250000,4.262500,2.219356,384800
2004-04-29,4.275000,4.275000,4.212500,4.250000,2.212848,436000
2004-04-30,4.250000,4.262500,4.187500,4.198750,2.186164,276000
2004-05-03,4.198750,4.215000,4.168750,4.196250,2.184863,276000
2004-05-04,4.200000,4.243750,4.198750,4.225000,2.199831,128800
2004-05-05,4.231250,4.265000,4.213750,4.255000,2.215450,117600
2004-05-06,4.255000,4.263750,4.225000,4.263750,2.220007,557600
2004-05-07,4.251250,4.251250,4.185000,4.201250,2.187466,221600
2004-05-10,4.207500,4.207500,3.937500,3.988750,2.076823,408000
2004-05-11,3.982500,4.038750,3.982500,4.027500,2.096999,414400
2004-05-12,4.043750,4.165000,4.032500,4.150000,2.160782,351200
2004-05-13,4.137500,4.166250,4.075000,4.113750,2.141908,104000
2004-05-14,4.107500,4.237500,4.107500,4.211250,2.192672,205600
2004-05-17,4.198750,4.198750,4.128750,4.162500,2.167289,256800
2004-05-18,4.181250,4.196250,4.156250,4.192500,2.182910,232800
2004-05-19,4.125000,4.195000,4.118750,4.156250,2.164036,460800
2004-05-20,4.175000,4.176250,4.098750,4.103750,2.136701,146400
2004-05-21,4.116250,4.178750,4.112500,4.156250,2.164036,337600
2004-05-24,4.156250,4.276250,4.156250,4.276250,2.226516,391200
2004-05-25,4.288750,4.400000,4.288750,4.387500,2.284440,821600
2004-05-26,4.425000,4.430000,4.338750,4.348750,2.264265,441600
2004-05-27,4.361250,4.365000,4.300000,4.337500,2.258408,380800
2004-05-28,4.338750,4.387500,4.312500,4.343750,2.261661,598400
2004-06-01,4.358750,4.512500,4.358750,4.500000,2.343017,796000
2004-06-02,4.518750,4.537500,4.468750,4.487500,2.336508,560000
2004-06-03,4.502500,4.502500,4.362500,4.417500,2.300060,410400
2004-06-04,4.430000,4.430000,4.367500,4.376250,2.278582,523200
2004-06-07,4.393750,4.443750,4.393750,4.418750,2.300712,521600
2004-06-08,4.406250,4.432500,4.385000,4.387500,2.284440,291200
2004-06-09,4.406250,4.406250,4.331250,4.362500,2.271423,280800
2004-06-10,4.375000,4.398750,4.356250,4.373750,2.277281,708000
2004-06-14,4.375000,4.375000,4.350000,4.350000,2.264915,548800
2004-06-15,4.368750,4.393750,4.360000,4.365000,2.272725,668000
2004-06-16,4.371250,4.427500,4.368750,4.413750,2.298107,459200
2004-06-17,4.403750,4.432500,4.400000,4.431250,2.315745,484800
2004-06-18,4.443750,4.462500,4.428750,4.428750,2.314440,648000
2004-06-21,4.453750,4.533750,4.450000,4.500000,2.351675,563200
2004-06-22,4.518750,4.562500,4.506250,4.530000,2.367351,713600
2004-06-23,4.561250,4.570000,4.506250,4.550000,2.377803,717600
2004-06-24,4.543750,4.625000,4.537500,4.575000,2.390868,649600
2004-06-25,4.581250,4.750000,4.570000,4.750000,2.482323,1091200
2004-06-28,4.687500,4.687500,4.606250,4.616250,2.412426,1355200
2004-06-29,4.616250,4.656250,4.593750,4.597500,2.402628,344000
2004-06-30,4.597500,4.675000,4.593750,4.675000,2.443128,656800
2004-07-01,4.675000,4.700000,4.593750,4.675000,2.443128,312800
2004-07-02,4.687500,4.725000,4.650000,4.687500,2.449660,501600
2004-07-06,4.712500,4.728750,4.637500,4.663750,2.437249,1006400
2004-07-07,4.651250,4.758750,4.651250,4.756250,2.485588,1591200
2004-07-08,4.775000,4.806250,4.748750,4.750000,2.482323,1212000
2004-07-09,4.756250,4.797500,4.737500,4.790000,2.503227,1185600
2004-07-12,4.796250,4.807500,4.768750,4.793750,2.505186,635200
2004-07-13,4.793750,4.800000,4.768750,4.787500,2.501920,789600
2004-07-14,4.787500,4.800000,4.775000,4.787500,2.501920,515200
2004-07-15,4.793750,4.812500,4.747500,4.747500,2.481015,236800
2004-07-16,4.740000,4.868750,4.740000,4.803750,2.510412,527200
2004-07-19,4.816250,4.912500,4.813750,4.887500,2.554178,954400
2004-07-20,4.900000,4.947500,4.900000,4.931250,2.577042,914400
2004-07-21,4.937500,4.950000,4.901250,4.928750,2.575736,942400
2004-07-22,4.941250,4.945000,4.847500,4.913750,2.567896,852800
2004-07-23,4.893750,4.898750,4.868750,4.880000,2.550259,789600
2004-07-26,4.881250,4.893750,4.831250,4.831250,2.524783,1172000
2004-07-27,4.825000,4.831250,4.795000,4.823750,2.520864,606400
2004-07-28,4.836250,4.875000,4.810000,4.850000,2.534582,383200
2004-07-29,4.862500,4.943750,4.862500,4.943750,2.583575,256000
2004-07-30,4.950000,4.968750,4.925000,4.926250,2.574430,402400
2004-08-02,4.920000,4.950000,4.920000,4.940000,2.581616,174400
2004-08-03,4.971250,5.092500,4.968750,5.027500,2.627342,1194400
2004-08-04,5.031250,5.031250,4.806250,4.826250,2.522169,1308800
2004-08-05,4.857500,4.881250,4.703750,4.713750,2.463379,2168000
2004-08-06,4.695000,4.768750,4.695000,4.732500,2.473178,1447200
2004-08-09,4.757500,4.812500,4.752500,4.787500,2.501920,482400
2004-08-10,4.800000,4.825000,4.723750,4.723750,2.468605,452000
2004-08-11,4.718750,4.780000,4.706250,4.780000,2.498001,1290400
2004-08-12,4.761250,4.775000,4.737500,4.746250,2.480363,556000
2004-08-13,4.743750,4.806250,4.733750,4.800000,2.508453,664800
2004-08-16,4.800000,4.928750,4.800000,4.921250,2.571817,582400
2004-08-17,4.925000,4.925000,4.866250,4.875000,2.547647,640800
2004-08-18,4.875000,4.906250,4.875000,4.906250,2.563977,953600
2004-08-19,5.000000,5.031250,4.990000,5.030000,2.628649,1621600
2004-08-20,5.025000,5.112500,5.025000,5.081250,2.655433,973600
2004-08-23,5.071250,5.087500,5.020000,5.020000,2.623423,670400
2004-08-24,5.025000,5.031250,5.000000,5.010000,2.618196,1093600
2004-08-25,5.000000,5.077500,5.000000,5.076250,2.652818,488000
2004-08-26,5.082500,5.088750,5.055000,5.058750,2.643674,674400
2004-08-27,5.065000,5.082500,5.060000,5.076250,2.652818,644800
2004-08-30,5.076250,5.156250,5.071250,5.101250,2.665883,685600
2004-08-31,5.062500,5.240000,4.962500,5.120000,2.675683,893200
2004-09-01,5.062500,5.237500,5.062500,5.237500,2.737087,924400
2004-09-02,5.237500,5.237500,5.127500,5.175000,2.704426,459200
2004-09-03,5.175000,5.187500,5.152500,5.165000,2.699199,467200
2004-09-07,5.200000,5.232500,5.145000,5.177500,2.705731,684800
2004-09-08,5.250000,5.325000,5.225000,5.270000,2.754071,1127600
2004-09-09,5.270000,5.317500,5.227500,5.227500,2.731860,1103600
2004-09-10,5.252500,5.310000,5.235000,5.297500,2.768442,725600
2004-09-13,5.307500,5.390000,5.300000,5.385000,2.814170,784800
2004-09-14,5.475000,5.475000,5.397500,5.455000,2.850751,462400
2004-09-15,5.500000,5.500000,5.437500,5.475000,2.861202,603600
2004-09-16,5.487500,5.525000,5.452500,5.525000,2.897918,712000
2004-09-17,5.525000,5.552500,5.490000,5.515000,2.892673,737600
2004-09-20,5.550000,5.712500,5.550000,5.610000,2.942502,1396000
2004-09-21,5.672500,5.850000,5.667500,5.782500,3.032980,1623600
2004-09-22,5.787500,5.787500,5.687500,5.737500,3.009376,1489600
2004-09-23,5.737500,5.800000,5.737500,5.765000,3.023801,1430800
2004-09-24,5.815000,5.950000,5.770000,5.950000,3.120835,1974800
2004-09-27,6.000000,6.000000,5.950000,5.962500,3.127392,1384800
2004-09-28,5.995000,6.200000,5.995000,6.175000,3.238850,1654000
2004-09-29,6.225000,6.247500,6.090000,6.147500,3.224427,865200
2004-09-30,6.225000,6.375000,6.225000,6.375000,3.343752,1907200
2004-10-01,6.500000,6.500000,6.400000,6.487500,3.402761,1954000
2004-10-04,6.625000,6.660000,6.537500,6.565000,3.443410,1442800
2004-10-05,6.537500,6.672500,6.312500,6.642500,3.484060,2260000
2004-10-06,6.662500,6.862500,6.657500,6.852500,3.594206,1750000
2004-10-07,6.852500,6.875000,6.662500,6.710000,3.519464,1985200
2004-10-08,6.660000,6.725000,6.610000,6.682500,3.505041,1059200
2004-10-11,6.712500,6.740000,6.625000,6.702500,3.515530,811200
2004-10-12,6.680000,6.750000,6.662500,6.680000,3.503729,870800
2004-10-13,6.680000,6.680000,5.875000,6.130000,3.215247,3686000
2004-10-14,6.037500,6.397500,6.022500,6.217500,3.261142,3248000
2004-10-15,6.217500,6.217500,6.062500,6.170000,3.236228,1372400
2004-10-18,6.087500,6.150000,5.987500,6.062500,3.179843,1497600
2004-10-19,6.000000,6.000000,5.690000,5.787500,3.035601,1972000
2004-10-20,5.750000,6.005000,5.715000,6.005000,3.149684,938800
2004-10-21,6.005000,6.200000,5.967500,6.185000,3.244096,900800
2004-10-22,6.187500,6.250000,6.135000,6.202500,3.253274,931200
2004-10-25,6.250000,6.317500,6.197500,6.260000,3.283435,879200
2004-10-26,6.250000,6.250000,6.085000,6.147500,3.224427,1087200
2004-10-27,6.000000,6.250000,5.982500,6.067500,3.182466,994000
2004-10-28,5.975000,6.082500,5.975000,6.010000,3.152306,1223200
2004-10-29,6.000000,6.182500,5.965000,6.137500,3.219182,902000
2004-11-01,6.155000,6.217500,5.955000,5.960000,3.126081,943600
2004-11-02,5.955000,6.025000,5.877500,5.975000,3.133949,859200
2004-11-03,6.025000,6.175000,6.025000,6.155000,3.228360,668400
2004-11-04,6.162500,6.255000,6.147500,6.242500,3.274256,784800
2004-11-05,6.000000,6.225000,5.700000,6.225000,3.265077,3456400
2004-11-08,6.200000,6.237500,6.150000,6.192500,3.248030,957600
2004-11-09,6.195000,6.490000,6.162500,6.407500,3.360800,1103200
2004-11-10,6.425000,6.565000,6.317500,6.467500,3.392271,799200
2004-11-11,6.475000,6.562500,6.417500,6.552500,3.436853,589200
2004-11-12,6.540000,6.625000,6.487500,6.625000,3.474880,510800
2004-11-15,6.612500,6.612500,6.400000,6.457500,3.387025,708800
2004-11-16,6.457500,6.502500,6.427500,6.465000,3.390957,1455200
2004-11-17,6.465000,6.685000,6.365000,6.645000,3.485370,936400
2004-11-18,6.625000,6.625000,6.537500,6.580000,3.451278,779200
2004-11-19,6.595000,6.717500,6.555000,6.667500,3.497171,668000
2004-11-22,6.722500,6.787500,6.680000,6.762500,3.547000,838000
2004-11-23,6.787500,6.920000,6.750000,6.852500,3.594206,844800
2004-11-24,6.852500,6.880000,6.812500,6.850000,3.592895,498800
2004-11-26,6.850000,7.037500,6.850000,6.985000,3.663704,197600
2004-11-29,7.047500,7.090000,6.945000,7.027500,3.685996,530800
2004-11-30,7.027500,7.072500,7.025000,7.042500,3.693863,792400
2004-12-01,7.030000,7.037500,6.987500,6.992500,3.667637,1410000
2004-12-02,6.992500,6.992500,6.500000,6.675000,3.501106,1224800
2004-12-03,6.662500,6.945000,6.650000,6.850000,3.592895,632800
2004-12-06,6.860000,6.860000,6.730000,6.750000,3.540444,557200
2004-12-07,6.700000,6.847500,6.695000,6.695000,3.511597,571200
2004-12-08,6.687500,6.845000,6.575000,6.780000,3.556179,510000
2004-12-09,6.767500,6.837500,6.642500,6.680000,3.503729,743200
2004-12-10,6.682500,6.682500,6.592500,6.665000,3.495860,809200
2004-12-13,6.677500,6.887500,6.670000,6.885000,3.611253,293200
2004-12-14,6.917500,7.012500,6.867500,7.012500,3.678128,479200
2004-12-15,7.030000,7.192500,7.030000,7.107500,3.727958,758800
2004-12-16,7.107500,7.172500,7.000000,7.025000,3.684684,385200
2004-12-17,7.050000,7.097500,6.987500,6.987500,3.665015,222000
2004-12-20,6.990000,7.075000,6.962500,7.025000,3.684684,220000
2004-12-21,7.012500,7.055000,6.987500,7.050000,3.697798,286000
2004-12-22,7.050000,7.100000,6.937500,6.987500,3.665015,332400
2004-12-23,6.955000,7.050000,6.950000,7.000000,3.682111,192400
2004-12-27,7.000000,7.000000,6.757500,6.782500,3.567703,403600
2004-12-28,6.800000,7.000000,6.792500,6.920000,3.640029,769200
2004-12-29,6.955000,7.050000,6.860000,7.040000,3.703153,435200
2004-12-30,7.000000,7.012500,6.952500,6.975000,3.668961,292400
2004-12-31,6.965000,7.035000,6.942500,6.967500,3.665015,172800
2005-01-03,6.980000,7.040000,6.755000,6.777500,3.565073,667200
2005-01-04,6.782500,6.812500,6.602500,6.675000,3.511156,690800
2005-01-05,6.662500,6.762500,6.542500,6.550000,3.445404,582000
2005-01-06,6.550000,6.682500,6.530000,6.655000,3.500635,1179600
2005-01-07,6.655000,6.657500,6.505000,6.512500,3.425678,745200
2005-01-10,6.612500,6.855000,6.612500,6.672500,3.509841,665200
2005-01-11,6.675000,6.800000,6.625000,6.775000,3.563759,612400
2005-01-12,6.812500,6.837500,6.725000,6.760000,3.555867,778000
2005-01-13,6.785000,6.925000,6.765000,6.882500,3.620303,330800
2005-01-14,6.885000,6.885000,6.692500,6.727500,3.538772,486400
2005-01-18,6.762500,6.875000,6.762500,6.842500,3.599264,430800
2005-01-19,6.792500,6.820000,6.655000,6.692500,3.520360,562800
2005-01-20,6.690000,6.690000,6.387500,6.495000,3.416472,1296800
2005-01-21,6.515000,6.635000,6.512500,6.540000,3.440144,435200
2005-01-24,6.550000,6.592500,6.420000,6.430000,3.382281,433200
2005-01-25,6.400000,6.445000,6.320000,6.345000,3.337571,714000
2005-01-26,6.400000,6.695000,6.400000,6.695000,3.521676,974800
2005-01-27,6.812500,7.182500,6.800000,7.070000,3.718931,1557600
2005-01-28,7.062500,7.237500,7.025000,7.217500,3.796519,1033600
2005-01-31,7.217500,7.612500,7.175000,7.565000,3.979310,1285200
2005-02-01,7.562500,7.700000,7.562500,7.625000,4.010872,993200
2005-02-02,7.650000,7.995000,7.637500,7.920000,4.166042,1378400
2005-02-03,7.925000,8.155000,7.925000,8.150000,4.287029,1013600
2005-02-04,8.162500,8.312500,8.162500,8.232500,4.330425,740800
2005-02-07,8.250000,8.377500,8.250000,8.255000,4.342260,994000
2005-02-08,8.255000,8.320000,8.187500,8.272500,4.351465,1022000
2005-02-09,8.275000,8.412500,8.162500,8.295000,4.363301,906400
2005-02-10,8.300000,8.335000,8.245000,8.280000,4.355411,881600
2005-02-11,8.317500,8.952500,8.277500,8.872500,4.667076,1763200
2005-02-14,8.762500,8.762500,8.362500,8.410000,4.423794,1519600
2005-02-15,8.397500,8.397500,8.300000,8.307500,4.369877,1209200
2005-02-16,8.337500,8.425000,8.200000,8.357500,4.396178,1325600
2005-02-17,8.275000,8.605000,8.275000,8.412500,4.425109,1172400
2005-02-18,8.412500,8.625000,8.400000,8.580000,4.513215,1317200
2005-02-22,8.612500,8.712500,8.562500,8.607500,4.527682,1442800
2005-02-23,8.622500,8.732500,8.592500,8.637500,4.543461,1446800
2005-02-24,8.637500,8.887500,8.627500,8.872500,4.667076,899200
2005-02-25,8.910000,9.180000,8.900000,9.112500,4.793319,1198000
2005-02-28,9.362500,9.647500,9.125000,9.425000,4.957698,2475600
2005-03-01,9.437500,9.480000,9.250000,9.277500,4.880109,918800
2005-03-02,9.262500,9.670000,9.250000,9.412500,4.951123,1650800
2005-03-03,9.462500,9.587500,9.422500,9.530000,5.012929,1556400
2005-03-04,9.592500,9.750000,9.487500,9.660000,5.081315,1168400
2005-03-07,9.722500,9.922500,9.575000,9.722500,5.114190,2130000
2005-03-08,9.762500,9.850000,9.725000,9.792500,5.151010,884400
2005-03-09,9.817500,9.845000,9.432500,9.432500,4.961645,1430400
2005-03-10,9.432500,9.432500,8.972500,9.057500,4.764389,1063600
2005-03-11,9.107500,9.425000,9.097500,9.320000,4.902468,559600
2005-03-14,9.382500,9.475000,9.160000,9.280000,4.881426,1138000
2005-03-15,9.330000,9.445000,9.312500,9.335000,4.910357,974400
2005-03-16,9.310000,9.380000,9.162500,9.237500,4.859072,1049200
2005-03-17,9.300000,9.602500,9.300000,9.500000,4.997152,811200
2005-03-18,9.362500,9.362500,8.527500,9.007500,4.738087,2976400
2005-03-21,9.007500,9.135000,8.920000,9.097500,4.785427,1252000
2005-03-22,9.122500,9.360000,9.115000,9.177500,4.827510,1095600
2005-03-23,9.120000,9.315000,8.942500,9.127500,4.811695,1525200
2005-03-24,9.237500,9.307500,9.100000,9.175000,4.836736,672400
2005-03-28,9.177500,9.217500,9.052500,9.125000,4.810378,1090000
2005-03-29,9.157500,9.157500,8.677500,8.800000,4.639049,1142800
2005-03-30,8.862500,9.075000,8.755000,9.035000,4.762932,1161200
2005-03-31,9.135000,9.317500,9.112500,9.317500,4.911857,1094000
2005-04-01,9.380000,9.672500,9.355000,9.630000,5.076596,1229200
2005-04-04,9.692500,9.912500,9.625000,9.850000,5.192572,1482800
2005-04-05,9.850000,9.852500,9.637500,9.670000,5.097681,926400
2005-04-06,9.665000,10.005000,9.645000,9.812500,5.172802,1677600
2005-04-07,9.887500,9.932500,9.625000,9.710000,5.118770,1014000
2005-04-08,9.695000,9.702500,9.337500,9.337500,4.922399,1085200
2005-04-11,9.362500,9.427500,9.080000,9.222500,4.861777,1584400
2005-04-12,9.185000,9.185000,8.887500,8.950000,4.718123,1766800
2005-04-13,8.950000,8.950000,8.600000,8.627500,4.548110,2290000
2005-04-14,8.690000,8.912500,8.690000,8.705000,4.588968,954400
2005-04-15,8.662500,8.662500,8.190000,8.250000,4.349109,1982800
2005-04-18,8.250000,8.615000,8.112500,8.532500,4.498033,1061200
2005-04-19,8.595000,8.970000,8.577500,8.775000,4.625868,975200
2005-04-20,8.777500,8.882500,8.425000,8.552500,4.508574,1822800
2005-04-21,8.552500,8.710000,8.450000,8.687500,4.579742,1343600
2005-04-22,8.687500,8.697500,8.285000,8.395000,4.425547,1432000
2005-04-25,8.812500,9.227500,8.595000,9.172500,4.835418,1987200
2005-04-26,9.135000,9.212500,8.882500,8.882500,4.682541,1278000
2005-04-27,8.907500,8.925000,8.650000,8.740000,4.607419,1168400
2005-04-28,8.740000,8.740000,8.427500,8.460000,4.459813,1650000
2005-04-29,8.522500,8.700000,8.450000,8.567500,4.516482,1899200
2005-05-02,8.612500,8.805000,8.452500,8.695000,4.583695,1904800
2005-05-03,8.695000,8.710000,8.470000,8.545000,4.504623,1950400
2005-05-04,8.500000,8.700000,8.395000,8.595000,4.530978,970800
2005-05-05,8.632500,8.915000,8.632500,8.890000,4.686494,1110400
2005-05-06,8.762500,9.450000,8.612500,9.187500,4.843325,1996800
2005-05-09,9.215000,9.355000,9.200000,9.305000,4.905267,934400
2005-05-10,9.312500,9.462500,9.162500,9.267500,4.885497,990400
2005-05-11,9.172500,9.375000,9.150000,9.315000,4.910538,848000
2005-05-12,9.275000,9.277500,8.675000,8.750000,4.612692,1259600
2005-05-13,8.762500,8.915000,8.687500,8.760000,4.617960,690400
2005-05-16,8.712500,8.785000,8.537500,8.770000,4.623234,1062000
2005-05-17,8.737500,8.935000,8.717500,8.847500,4.664089,940400
2005-05-18,8.887500,9.150000,8.887500,9.000000,4.744483,1586400
2005-05-19,8.962500,9.145000,8.922500,9.087500,4.790607,762400
2005-05-20,9.222500,9.295000,9.157500,9.177500,4.838055,1024000
2005-05-23,9.155000,9.247500,9.075000,9.142500,4.819602,1253600
2005-05-24,9.150000,9.435000,9.082500,9.372500,4.940850,1268400
2005-05-25,9.310000,9.497500,9.157500,9.375000,4.942167,1010400
2005-05-26,9.375000,9.572500,9.345000,9.535000,5.026515,786800
2005-05-27,9.535000,9.725000,9.535000,9.712500,5.120088,778000
2005-05-31,9.650000,9.700000,9.552500,9.557500,5.038375,845200
2005-06-01,9.625000,9.842500,9.625000,9.722500,5.125358,1497600
2005-06-02,9.722500,9.815000,9.670000,9.750000,5.139856,1557600
2005-06-03,9.730000,9.820000,9.675000,9.675000,5.100317,1062800
2005-06-06,9.675000,9.787500,9.575000,9.745000,5.137218,1254800
2005-06-07,9.745000,9.857500,9.582500,9.607500,5.064735,895600
2005-06-08,9.590000,9.837500,9.580000,9.655000,5.089774,842000
2005-06-09,9.680000,10.175000,9.587500,10.100000,5.324363,1492800
2005-06-10,10.162500,10.440000,10.150000,10.350000,5.456155,1450000
2005-06-13,10.400000,10.557500,10.312500,10.552500,5.562906,1524000
2005-06-14,10.600000,11.045000,10.447500,10.937500,5.765864,2285200
2005-06-15,11.025000,11.200000,10.942500,11.072500,5.837031,1752400
2005-06-16,11.072500,11.287500,11.060000,11.237500,5.937418,1396800
2005-06-17,11.437500,11.462500,11.177500,11.262500,5.950624,2311200
2005-06-20,11.287500,11.487500,11.212500,11.412500,6.029883,883200
2005-06-21,11.430000,11.470000,11.147500,11.180000,5.907036,810000
2005-06-22,11.200000,11.440000,11.147500,11.377500,6.011389,896400
2005-06-23,11.392500,11.475000,11.147500,11.160000,5.896471,962800
2005-06-24,11.147500,11.270000,11.050000,11.050000,5.838350,729200
2005-06-27,11.075000,11.307500,11.075000,11.282500,5.961194,998000
2005-06-28,11.282500,11.497500,11.180000,11.365000,6.004785,1612400
2005-06-29,11.367500,11.527500,11.312500,11.487500,6.069507,1048800
2005-06-30,11.525000,11.812500,11.525000,11.667500,6.164613,1294000
2005-07-01,11.705000,11.962500,11.705000,11.825000,6.247828,1043600
2005-07-05,11.825000,11.957500,11.660000,11.735000,6.200276,2183600
2005-07-06,11.735000,11.872500,11.582500,11.760000,6.213485,1858400
2005-07-07,11.710000,11.995000,11.627500,11.972500,6.325760,1498800
2005-07-08,12.037500,12.165000,11.850000,12.012500,6.346896,1127600
2005-07-11,12.000000,12.207500,11.872500,12.177500,6.434077,1304800
2005-07-12,12.222500,12.350000,12.122500,12.225000,6.459174,1374400
2005-07-13,12.225000,12.272500,11.875000,11.932500,6.304626,1018400
2005-07-14,11.832500,11.850000,11.440000,11.550000,6.102531,1300000
2005-07-15,11.550000,11.645000,11.445000,11.630000,6.144798,943200
2005-07-18,11.632500,11.635000,11.400000,11.520000,6.086680,943200
2005-07-19,11.532500,11.775000,11.495000,11.757500,6.212164,768400
2005-07-20,11.745000,11.887500,11.657500,11.852500,6.262357,777200
2005-07-21,11.855000,11.975000,11.725000,11.762500,6.214806,772800
2005-07-22,11.800000,12.150000,11.800000,12.150000,6.419545,604400
2005-07-25,12.137500,12.145000,11.720000,11.772500,6.220092,928800
2005-07-26,11.772500,11.772500,11.510000,11.600000,6.128948,911200
2005-07-27,11.632500,11.650000,11.387500,11.617500,6.138193,1071600
2005-07-28,11.667500,11.762500,11.587500,11.700000,6.181783,782400
2005-07-29,11.762500,11.825000,11.672500,11.705000,6.184426,464400
2005-08-01,11.715000,11.930000,11.715000,11.875000,6.274247,393200
2005-08-02,11.875000,12.060000,11.775000,12.012500,6.346896,633200
2005-08-03,12.087500,12.112500,11.792500,11.792500,6.230659,604000
2005-08-04,11.712500,11.987500,11.627500,11.750000,6.208203,715200
2005-08-05,11.687500,11.795000,11.585000,11.795000,6.231977,1067600
2005-08-08,11.875000,12.125000,11.875000,11.980000,6.329724,970400
2005-08-09,12.017500,12.112500,11.940000,12.060000,6.371991,1116800
2005-08-10,12.125000,12.817500,12.125000,12.782500,6.753734,1888000
2005-08-11,12.845000,13.222500,12.845000,12.975000,6.855441,1418000
2005-08-12,13.000000,13.272500,12.845000,13.210000,6.979604,828000
2005-08-15,13.187500,13.292500,13.050000,13.050000,6.895066,842000
2005-08-16,13.050000,13.050000,12.562500,12.597500,6.655983,956400
2005-08-17,12.525000,12.817500,12.050000,12.147500,6.418226,1552800
2005-08-18,12.097500,12.327500,11.865000,12.250000,6.472379,1347600
2005-08-19,12.350000,12.725000,12.350000,12.675000,6.696931,1147600
2005-08-22,12.762500,12.887500,12.472500,12.550000,6.630888,956400
2005-08-23,12.612500,12.812500,12.477500,12.525000,6.617677,1116800
2005-08-24,12.545000,12.680000,12.472500,12.507500,6.608433,1674000
2005-08-25,12.457500,12.545000,12.412500,12.520000,6.615037,648000
2005-08-26,12.520000,12.537500,12.327500,12.477500,6.592580,953600
2005-08-29,12.727500,12.885000,12.655000,12.740000,6.731275,1321200
2005-08-30,12.850000,13.532500,12.837500,13.457500,7.110373,1757200
2005-08-31,13.520000,14.282500,13.520000,14.085000,7.441916,2499200
2005-09-01,14.500000,14.715000,14.000000,14.302500,7.556835,3186000
2005-09-02,14.250000,14.252500,13.785000,14.025000,7.410218,1563200
2005-09-06,14.137500,14.275000,14.037500,14.140000,7.470975,1212800
2005-09-07,14.190000,14.712500,14.190000,14.622500,7.725909,1875600
2005-09-08,14.685000,14.787500,14.465000,14.612500,7.720625,1240000
2005-09-09,14.787500,15.192500,14.662500,15.192500,8.027076,1938000
2005-09-12,15.192500,15.195000,14.755000,14.850000,7.846112,1780800
2005-09-13,14.837500,14.862500,14.670000,14.700000,7.766857,1210000
2005-09-14,14.712500,14.990000,14.542500,14.757500,7.797239,976800
2005-09-15,14.795000,14.802500,14.375000,14.537500,7.680994,997200
2005-09-16,14.587500,14.675000,14.437500,14.537500,7.680994,1299600
2005-09-19,14.700000,15.027500,14.650000,15.002500,7.926685,1895200
2005-09-20,14.862500,14.900000,14.337500,14.442500,7.630806,1156000
2005-09-21,14.692500,15.045000,14.627500,14.987500,7.918758,1976400
2005-09-22,15.250000,15.647500,14.805000,15.240000,8.065623,2954800
2005-09-23,15.240000,15.240000,14.675000,14.762500,7.812908,858800
2005-09-26,14.687500,15.227500,14.567500,15.107500,7.995497,1429600
2005-09-27,15.057500,15.422500,14.960000,15.300000,8.097379,1158000
2005-09-28,15.375000,15.995000,15.307500,15.925000,8.428152,1722000
2005-09-29,16.125000,16.207500,15.902500,16.177500,8.561790,1858400
2005-09-30,16.177500,16.217501,15.762500,15.995000,8.465197,1420000
2005-10-03,16.075001,16.362499,16.037500,16.115000,8.528707,1200000
2005-10-04,16.117500,16.117500,15.627500,15.837500,8.381845,1314000
2005-10-05,15.862500,15.862500,14.905000,14.930000,7.901558,2387200
2005-10-06,14.725000,14.845000,13.790000,14.002500,7.410688,2761200
2005-10-07,14.097500,14.787500,14.097500,14.637500,7.746754,1447200
2005-10-10,14.625000,14.630000,14.025000,14.065000,7.443766,1154000
2005-10-11,14.165000,14.512500,14.140000,14.222500,7.527122,1628400
2005-10-12,14.247500,14.367500,13.525000,13.805000,7.306163,1679600
2005-10-13,13.750000,13.750000,12.695000,13.060000,6.911881,2107600
2005-10-14,12.950000,13.580000,12.650000,13.510000,7.150039,1826000
2005-10-17,13.712500,13.835000,13.412500,13.752500,7.278378,1316800
2005-10-18,13.752500,13.800000,13.057500,13.057500,6.910555,1076000
2005-10-19,13.007500,13.110000,12.612500,13.050000,6.906588,1932800
2005-10-20,13.052500,13.222500,12.435000,12.665000,6.702829,1732000
2005-10-21,12.640000,13.037500,12.590000,12.825000,6.787505,1163600
2005-10-24,12.775000,13.417500,12.672500,13.390000,7.086528,1131600
2005-10-25,13.425000,13.847500,13.402500,13.737500,7.270439,842400
2005-10-26,13.625000,14.375000,13.552500,13.690000,7.245300,1108400
2005-10-27,13.800000,13.900000,13.122500,13.175000,6.972743,1184000
2005-10-28,13.237500,13.840000,13.237500,13.697500,7.249271,1197600
2005-10-31,14.125000,14.450000,14.117500,14.400000,7.621061,1754800
2005-11-01,14.375000,14.500000,14.192500,14.247500,7.540350,908000
2005-11-02,14.250000,14.660000,14.225000,14.615000,7.734848,1059200
2005-11-03,14.702500,15.022500,14.702500,14.925000,7.898912,1050400
2005-11-04,14.925000,14.927500,14.410000,14.602500,7.728233,1088800
2005-11-07,14.610000,14.665000,13.937500,14.232500,7.532411,2646800
2005-11-08,14.275000,14.787500,14.175000,14.545000,7.697802,834800
2005-11-09,14.500000,14.607500,14.015000,14.400000,7.621061,2314000
2005-11-10,14.275000,14.277500,13.582500,13.865000,7.337919,1416800
2005-11-11,13.990000,14.240000,13.985000,14.112500,7.468904,1051200
2005-11-14,14.272500,14.437500,14.155000,14.362500,7.601215,1262800
2005-11-15,14.325000,14.750000,14.247500,14.330000,7.584014,1507600
2005-11-16,14.332500,14.955000,14.330000,14.955000,7.914791,1266400
2005-11-17,15.050000,15.187500,14.875000,15.045000,7.962422,1122800
2005-11-18,15.187500,15.187500,14.830000,14.995000,7.935958,1068000
2005-11-21,15.050000,15.365000,14.927500,15.300000,8.097379,1114400
2005-11-22,15.412500,15.725000,15.300000,15.635000,8.274674,1112800
2005-11-23,15.572500,15.592500,15.355000,15.487500,8.196607,984800
2005-11-25,15.537500,15.882500,15.537500,15.775000,8.348763,354400
2005-11-28,15.777500,15.777500,14.960000,15.057500,7.969040,1284000
2005-11-29,15.200000,15.400000,14.830000,14.955000,7.914791,1661600
2005-11-30,14.975000,15.332500,14.975000,15.205000,8.047102,1422400
2005-12-01,15.275000,15.900000,15.275000,15.900000,8.414924,1013600
2005-12-02,15.900000,15.992500,15.667500,15.740000,8.330243,787600
2005-12-05,15.842500,15.912500,15.502500,15.575000,8.242914,1430800
2005-12-06,15.562500,15.562500,15.287500,15.295000,8.094730,1135200
2005-12-07,15.400000,15.620000,15.250000,15.425000,8.163532,1179200
2005-12-08,15.487500,15.865000,15.437500,15.850000,8.388458,884800
2005-12-09,15.800000,15.800000,15.435000,15.570000,8.240273,577200
2005-12-12,15.675000,15.860000,15.655000,15.730000,8.324950,733200
2005-12-13,15.792500,16.137501,15.672500,15.710000,8.314369,1084000
2005-12-14,15.647500,15.797500,15.575000,15.732500,8.326271,684800
2005-12-15,15.735000,15.735000,15.410000,15.657500,8.286581,1502000
2005-12-16,15.657500,15.672500,14.805000,14.810000,7.838049,2413600
2005-12-19,14.812500,14.925000,14.702500,14.787500,7.826140,1314800
2005-12-20,14.750000,14.927500,14.737500,14.762500,7.812908,1187200
2005-12-21,14.775000,15.050000,14.775000,14.832500,7.863275,681200
2005-12-22,14.862500,14.925000,14.757500,14.860000,7.877855,567600
2005-12-23,14.857500,14.982500,14.762500,14.925000,7.912312,719600
2005-12-27,14.925000,14.925000,14.282500,14.465000,7.668451,1411600
2005-12-28,14.450000,14.922500,14.450000,14.862500,7.879176,933600
2005-12-29,14.812500,14.995000,14.630000,14.710000,7.798333,1027600
2005-12-30,14.625000,14.800000,14.492500,14.717500,7.802309,659600
2006-01-03,14.780000,15.425000,14.777500,15.387500,8.157498,1217200
2006-01-04,15.390000,15.607500,15.192500,15.567500,8.252924,1000400
2006-01-05,15.570000,15.570000,15.100000,15.375000,8.150874,1182000
2006-01-06,15.475000,15.700000,15.402500,15.700000,8.323167,787600
2006-01-09,15.750000,15.907500,15.687500,15.875000,8.415943,873600
2006-01-10,15.887500,16.180000,15.822500,16.160000,8.567032,1262000
2006-01-11,16.160000,16.190001,15.850000,15.980000,8.471609,1176400
2006-01-12,16.075001,16.197500,15.700000,15.772500,8.361607,892000
2006-01-13,15.772500,16.047501,15.687500,16.030001,8.498117,678400
2006-01-17,16.225000,16.617500,16.225000,16.607500,8.804267,1152800
2006-01-18,16.607500,16.610001,15.937500,16.187500,8.581610,1263200
2006-01-19,16.375000,16.937500,16.299999,16.934999,8.977886,1122000
2006-01-20,17.150000,17.292500,16.912500,17.170000,9.102471,1079600
2006-01-23,17.182501,17.290001,16.882500,17.182501,9.109099,1116000
2006-01-24,17.180000,17.422501,17.010000,17.315001,9.179343,980800
2006-01-25,17.387501,17.480000,16.665001,16.725000,8.866561,1062400
2006-01-26,16.762501,17.525000,16.629999,17.450001,9.250910,1690800
2006-01-27,17.700001,17.962500,17.512501,17.587500,9.323806,1243200
2006-01-30,17.725000,18.362499,17.650000,18.337500,9.721410,1387200
2006-01-31,18.275000,18.424999,18.100000,18.400000,9.754546,940000
2006-02-01,18.462500,18.547501,17.817499,17.927500,9.504054,1377200
2006-02-02,17.927500,17.930000,17.132500,17.412500,9.231030,1412800
2006-02-03,17.450001,17.487499,16.997499,17.227501,9.132957,747600
2006-02-06,17.237499,17.772499,17.237499,17.584999,9.322483,1027600
2006-02-07,17.475000,17.477501,16.575001,16.674999,8.840057,1170400
2006-02-08,16.737499,16.977501,16.445000,16.567499,8.783064,1206800
2006-02-09,16.607500,16.827499,16.022499,16.125000,8.548475,1874000
2006-02-10,16.125000,16.327499,15.650000,15.980000,8.471609,2415200
2006-02-13,15.612500,15.772500,15.050000,15.312500,8.117740,3206000
2006-02-14,14.500000,14.612500,13.962500,14.187500,7.521336,5498000
2006-02-15,14.260000,14.587500,14.080000,14.240000,7.549167,2832000
2006-02-16,14.275000,14.850000,14.275000,14.750000,7.819540,2360800
2006-02-17,14.862500,14.970000,14.660000,14.962500,7.932189,2211600
2006-02-21,15.150000,15.365000,14.912500,15.000000,7.952072,1580000
2006-02-22,15.000000,15.000000,14.612500,14.637500,7.759895,1286800
2006-02-23,14.550000,14.845000,14.335000,14.725000,7.806285,1866400
2006-02-24,15.050000,15.370000,14.935000,15.135000,8.023639,1581200
2006-02-27,15.122500,15.317500,14.875000,14.982500,7.942798,1997200
2006-02-28,14.925000,14.997500,14.630000,14.925000,7.912312,1100400
2006-03-01,15.025000,15.325000,14.960000,15.207500,8.062077,1394000
2006-03-02,15.187500,15.650000,15.052500,15.577500,8.258226,1832000
2006-03-03,15.545000,15.785000,15.470000,15.525000,8.230396,1168800
2006-03-06,15.462500,15.462500,14.852500,14.872500,7.884480,1166800
2006-03-07,14.900000,14.932500,14.625000,14.770000,7.830142,1226400
2006-03-08,14.725000,15.135000,14.555000,14.947500,7.924241,1854400
2006-03-09,14.977500,15.370000,14.977500,15.077500,7.993159,1477200
2006-03-10,15.037500,15.350000,14.805000,15.135000,8.023639,943600
2006-03-13,15.237500,15.675000,15.232500,15.547500,8.242324,1199200
2006-03-14,15.550000,16.097500,15.450000,15.900000,8.429198,1695600
2006-03-15,15.902500,16.575001,15.787500,16.504999,8.749929,2215200
2006-03-16,16.480000,16.962500,16.455000,16.862499,8.939451,1342400
2006-03-17,16.900000,16.977501,16.665001,16.712500,8.859934,1835200
2006-03-20,16.612499,17.000000,16.459999,16.514999,8.755233,1395200
2006-03-21,16.490000,16.957500,16.315001,16.727501,8.881330,1605600
2006-03-22,16.690001,17.500000,16.650000,17.235001,9.150784,2135600
2006-03-23,17.375000,17.969999,17.375000,17.815001,9.458728,2052400
2006-03-24,17.815001,18.094999,17.559999,17.857500,9.481295,1694800
2006-03-27,17.625000,18.350000,17.622499,18.135000,9.628629,1321200
2006-03-28,18.272499,18.482500,18.262501,18.367500,9.752073,1407600
2006-03-29,18.375000,18.785000,18.312500,18.620001,9.886136,1800800
2006-03-30,18.662500,18.957500,18.385000,18.745001,9.952503,1415600
2006-03-31,18.570000,18.629999,18.250000,18.530001,9.838356,1426000
2006-04-03,18.750000,19.235001,18.709999,18.792500,9.977725,1731600
2006-04-04,18.750000,19.117500,18.625000,19.067499,10.123732,1039600
2006-04-05,19.067499,19.825001,19.062500,19.657499,10.436988,1419200
2006-04-06,19.775000,19.822500,19.280001,19.662500,10.439644,1898000
2006-04-07,19.612499,19.760000,19.070000,19.250000,10.220628,1480000
2006-04-10,19.525000,20.072500,19.525000,19.987499,10.612202,1730400
2006-04-11,20.049999,20.155001,19.737499,19.825001,10.525928,4027600
2006-04-12,19.850000,20.147499,19.500000,20.129999,10.687861,2759200
2006-04-13,20.000000,20.332500,19.867500,20.042500,10.641402,1942000
2006-04-17,20.207500,20.430000,20.125000,20.375000,10.817938,1649600
2006-04-18,20.487499,21.100000,20.485001,21.075001,11.189597,1285200
2006-04-19,20.965000,21.227501,20.600000,20.777500,11.031644,3018800
2006-04-20,20.812500,20.862499,20.025000,20.465000,10.865730,2726000
2006-04-21,20.465000,20.987499,20.382500,20.680000,10.979876,2424800
2006-04-24,20.680000,20.785000,20.317499,20.707500,10.994479,1453200
2006-04-25,20.844999,21.125000,20.014999,20.125000,10.685210,2278400
2006-04-26,20.187500,20.565001,19.257500,19.375000,10.287003,2418000
2006-04-27,18.750000,19.322500,18.650000,19.247499,10.219302,2970400
2006-04-28,19.320000,19.807501,19.082500,19.292500,10.243193,1464400
2006-05-01,19.292500,19.295000,18.812500,18.987499,10.081260,2447200
2006-05-02,19.125000,19.687500,19.110001,19.625000,10.419731,1441600
2006-05-03,19.500000,19.625000,18.905001,19.200001,10.194085,1359200
2006-05-04,19.075001,19.392500,18.597500,19.125000,10.154263,1838400
2006-05-05,19.287500,19.445000,19.020000,19.225000,10.207359,1143600
2006-05-08,19.725000,20.450001,19.629999,20.450001,10.857762,3329200
2006-05-09,20.250000,20.562500,20.000000,20.209999,10.730336,1583200
2006-05-10,20.147499,20.375000,19.652500,20.347500,10.803337,1900000
2006-05-11,20.397499,20.527500,19.762501,19.902500,10.567073,1630000
2006-05-12,19.930000,20.727501,19.930000,19.985001,10.610872,3410000
2006-05-15,19.437500,19.844999,18.870001,19.182501,10.184793,2565600
2006-05-16,19.299999,20.307501,19.257500,20.047501,10.644058,2229600
2006-05-17,20.047501,20.375000,19.650000,19.742500,10.482121,2575200
2006-05-18,19.875000,20.055000,19.299999,19.312500,10.253818,1763600
2006-05-19,19.312500,19.500000,18.492500,19.465000,10.334785,2774800
2006-05-22,19.215000,19.262501,18.112499,18.670000,9.912681,2836800
2006-05-23,19.125000,19.817499,19.125000,19.422501,10.312216,2721200
2006-05-24,19.375000,19.792500,18.397499,19.112499,10.147627,2434000
2006-05-25,19.275000,20.347500,19.065001,20.299999,10.778121,2285600
2006-05-26,20.500000,20.610001,20.077499,20.360001,10.809978,1436400
2006-05-30,20.674999,20.690001,19.937500,19.937500,10.585655,1664800
2006-05-31,19.877501,20.889999,19.875000,20.857500,11.074120,2410000
2006-06-01,20.857500,21.287500,20.212500,21.262501,11.289147,3061600
2006-06-02,21.750000,22.160000,21.309999,22.049999,11.707266,2600200
2006-06-05,22.495001,22.575001,21.495001,21.559999,11.447106,3346600
2006-06-06,21.459999,22.025000,21.075001,21.520000,11.425871,2144800
2006-06-07,21.520000,21.670000,20.400000,20.455000,10.860415,2044600
2006-06-08,20.055000,20.215000,18.565001,19.990000,10.613527,3169800
2006-06-09,20.325001,20.430000,19.750000,20.145000,10.695822,1612400
2006-06-12,20.145000,20.440001,19.065001,19.065001,10.122409,1654800
2006-06-13,18.799999,19.059999,18.285000,18.490000,9.817113,2127400
2006-06-14,18.600000,19.510000,18.600000,19.299999,10.247174,2567000
2006-06-15,19.775000,20.450001,19.760000,20.360001,10.809978,2108600
2006-06-16,20.360001,20.440001,19.924999,20.225000,10.738302,2683800
2006-06-19,20.660000,20.680000,19.590000,19.780001,10.502028,1590000
2006-06-20,19.905001,20.100000,19.355000,19.430000,10.337103,2287400
2006-06-21,19.530001,20.605000,19.530001,20.395000,10.850501,1680400
2006-06-22,20.459999,20.900000,20.395000,20.660000,10.991485,1526000
2006-06-23,20.930000,21.325001,20.809999,20.934999,11.137791,1417400
2006-06-26,21.000000,21.639999,20.730000,21.525000,11.451683,1263800
2006-06-27,21.750000,22.225000,21.504999,21.610001,11.496907,1513400
2006-06-28,21.695000,21.745001,20.920000,21.400000,11.385181,1347800
2006-06-29,21.549999,22.405001,21.549999,22.275000,11.850695,1617400
2006-06-30,22.575001,24.100000,22.299999,24.100000,12.821632,5560200
2006-07-03,24.100000,24.150000,23.725000,23.950001,12.741823,2519000
2006-07-05,23.950001,24.605000,23.385000,24.055000,12.797688,4287600
2006-07-06,24.110001,24.940001,24.059999,24.600000,13.087635,3836200
2006-07-07,24.735001,25.250000,24.155001,24.405001,12.983895,2179000
2006-07-10,24.424999,24.860001,23.985001,24.555000,13.063699,1980000
2006-07-11,24.680000,25.465000,24.445000,25.455000,13.542511,2100000
2006-07-12,25.549999,25.695000,24.969999,25.150000,13.380248,2487200
2006-07-13,25.275000,25.340000,24.010000,24.465000,13.015811,2186600
2006-07-14,24.690001,25.075001,23.805000,24.955000,13.276504,2333000
2006-07-17,24.959999,25.075001,23.365000,23.650000,12.582217,2157200
2006-07-18,23.834999,24.420000,23.580000,24.235001,12.893449,1920400
2006-07-19,24.025000,24.365000,23.650000,23.990000,12.763105,1783800
2006-07-20,23.940001,24.280001,23.764999,23.930000,12.731189,1602000
2006-07-21,24.004999,24.070000,22.855000,23.014999,12.244392,1815000
2006-07-24,23.055000,24.100000,23.000000,23.850000,12.688626,1726400
2006-07-25,24.250000,24.830000,24.004999,24.504999,13.037092,1630800
2006-07-26,24.600000,25.525000,24.320000,25.250000,13.433446,2222000
2006-07-27,25.375000,25.600000,24.000000,24.155001,12.850884,1927400
2006-07-28,24.160000,24.700001,23.809999,24.559999,13.066360,2015400
2006-07-31,24.934999,25.795000,24.760000,25.299999,13.460051,2182000
2006-08-01,25.174999,26.135000,24.760000,26.125000,13.898961,2431600
2006-08-02,26.924999,27.719999,26.400000,26.475000,14.085173,3245200
2006-08-03,26.000000,26.219999,25.500000,26.035000,13.851082,1867800
2006-08-04,26.209999,26.584999,25.639999,26.315001,14.000048,1774800
2006-08-07,26.674999,27.309999,26.325001,26.775000,14.244781,1892800
2006-08-08,26.750000,26.900000,26.385000,26.684999,14.196898,2770800
2006-08-09,26.684999,27.980000,26.570000,27.525000,14.643787,2841600
2006-08-10,27.025000,27.635000,26.995001,27.450001,14.603884,3017200
2006-08-11,27.600000,27.625000,26.410000,26.700001,14.204871,2396200
2006-08-14,26.424999,26.565001,25.350000,25.500000,13.566456,2909800
2006-08-15,25.674999,25.990000,25.385000,25.565001,13.601032,2541600
2006-08-16,25.575001,25.940001,25.135000,25.299999,13.460051,2189800
2006-08-17,24.674999,24.795000,23.549999,23.674999,12.595524,4416600
2006-08-18,23.715000,23.945000,23.219999,23.715000,12.616800,3208800
2006-08-21,23.900000,24.275000,23.700001,24.000000,12.768416,2207200
2006-08-22,24.000000,24.684999,24.000000,24.625000,13.100934,2633200
2006-08-23,24.500000,24.750000,24.000000,24.105000,12.824290,2429400
2006-08-24,24.295000,24.709999,24.115000,24.709999,13.146163,1490400
2006-08-25,24.924999,25.235001,24.735001,25.040001,13.321724,1682600
2006-08-28,25.000000,25.004999,24.400000,24.594999,13.084976,1692400
2006-08-29,24.420000,24.424999,23.570000,24.165001,12.856208,2529800
2006-08-30,24.290001,24.295000,22.285000,22.385000,11.909215,6489200
2006-08-31,22.000000,22.969999,21.834999,22.910000,12.188529,4466400
2006-09-01,22.950001,23.290001,22.879999,23.225000,12.356113,2294800
2006-09-05,22.775000,23.334999,21.975000,22.160000,11.789515,2714400
2006-09-06,21.674999,22.160000,21.330000,21.415001,11.393165,2603400
2006-09-07,21.415001,22.125000,21.280001,21.900000,11.651189,1734400
2006-09-08,21.860001,22.105000,20.790001,21.105000,11.228234,2913200
2006-09-11,20.049999,20.690001,19.629999,20.340000,10.821241,3548000
2006-09-12,20.200001,20.525000,19.920000,19.985001,10.632375,2323200
2006-09-13,20.150000,20.885000,20.150000,20.610001,10.964887,2225000
2006-09-14,20.750000,20.780001,19.745001,19.815001,10.541933,1441200
2006-09-15,19.565001,20.155001,19.525000,20.014999,10.648335,1562000
2006-09-18,20.000000,20.805000,19.955000,20.750000,11.039370,2790000
2006-09-19,21.049999,21.075001,20.080000,20.135000,10.712179,2261400
2006-09-20,20.094999,20.094999,19.235001,19.344999,10.312371,3373600
2006-09-21,19.469999,20.065001,19.440001,19.950001,10.634881,3650200
2006-09-22,20.075001,20.125000,19.400000,19.485001,10.387004,1156600
2006-09-25,19.235001,19.910000,19.020000,19.725000,10.514941,2137600
2006-09-26,19.600000,20.610001,19.600000,20.555000,10.957396,2332800
2006-09-27,20.930000,21.700001,20.730000,21.650000,11.541112,3335800
2006-09-28,21.719999,21.930000,21.405001,21.475000,11.447823,2153200
2006-09-29,21.459999,21.795000,21.270000,21.665001,11.549106,1374600
2006-10-02,21.684999,21.895000,21.150000,21.225000,11.314552,1722000
2006-10-03,21.010000,21.010000,19.825001,19.924999,10.621552,2884600
2006-10-04,19.924999,20.775000,19.690001,20.750000,11.061343,2684600
2006-10-05,21.049999,21.325001,20.680000,21.235001,11.319887,1770600
2006-10-06,20.985001,21.600000,20.834999,21.600000,11.514459,1598200
2006-10-09,22.000000,22.075001,21.405001,21.430000,11.423836,1694400
2006-10-10,21.305000,23.075001,21.280001,23.075001,12.300750,3780600
2006-10-11,23.075001,23.400000,22.650000,22.875000,12.194133,1946800
2006-10-12,22.969999,23.525000,22.969999,23.415001,12.481990,2021000
2006-10-13,23.625000,24.230000,23.559999,24.174999,12.887129,1776600
2006-10-16,24.174999,24.674999,24.145000,24.500000,13.060385,2264400
2006-10-17,24.174999,24.299999,23.580000,23.965000,12.775187,1936200
2006-10-18,23.969999,24.469999,23.584999,23.715000,12.641916,1606000
2006-10-19,23.915001,24.645000,23.780001,24.635000,13.132340,1501600
2006-10-20,24.750000,24.809999,23.975000,24.084999,12.839156,1056400
2006-10-23,23.985001,24.150000,23.625000,23.870001,12.724541,1302200
2006-10-24,23.625000,24.389999,23.549999,24.275000,12.940446,1792600
2006-10-25,24.150000,24.775000,24.115000,24.549999,13.087034,1269000
2006-10-26,24.750000,24.844999,23.959999,24.190001,12.895126,1228400
2006-10-27,24.240000,24.594999,24.000000,24.070000,12.831158,897400
2006-10-30,24.000000,24.004999,23.580000,23.865000,12.721880,1060600
2006-10-31,23.870001,24.219999,23.170000,23.780001,12.676559,1976600
2006-11-01,23.785000,24.660000,23.785000,24.570000,13.097697,2624200
2006-11-02,24.565001,24.695000,23.930000,24.645000,13.137676,2320400
2006-11-03,24.900000,25.545000,24.785000,25.375000,13.526824,2151400
2006-11-06,25.320000,25.485001,24.680000,25.030001,13.342909,2070200
2006-11-07,25.155001,25.155001,24.270000,24.495001,13.057715,1400600
2006-11-08,24.400000,24.995001,24.365000,24.940001,13.294938,2042000
2006-11-09,25.250000,25.605000,25.000000,25.475000,13.580123,1715600
2006-11-10,25.350000,25.535000,24.855000,24.940001,13.294938,1103200
2006-11-13,24.850000,25.924999,24.620001,25.680000,13.689413,2521200
2006-11-14,25.680000,25.870001,25.350000,25.680000,13.689413,1428400
2006-11-15,25.725000,26.299999,25.695000,26.145000,13.937294,1544200
2006-11-16,26.264999,26.395000,25.674999,25.680000,13.689413,1994800
2006-11-17,25.375000,26.155001,24.975000,26.084999,13.905310,1139000
2006-11-20,25.135000,26.340000,25.135000,25.715000,13.708070,1598600
2006-11-21,25.885000,26.459999,25.885000,26.070000,13.897308,2239600
2006-11-22,26.195000,26.195000,25.639999,25.799999,13.753383,2094200
2006-11-24,25.625000,26.075001,25.500000,25.830000,13.769375,597800
2006-11-27,26.049999,26.160000,25.400000,25.455000,13.569469,1858600
2006-11-28,25.875000,25.945000,25.424999,25.565001,13.628108,2276000
2006-11-29,25.690001,27.165001,25.650000,27.020000,14.403738,1653000
2006-11-30,26.969999,27.315001,26.555000,27.004999,14.395738,1351800
2006-12-01,26.879999,27.285000,26.570000,27.200001,14.499683,1171600
2006-12-04,27.200001,27.415001,26.889999,27.350000,14.579649,1490400
2006-12-05,27.625000,27.700001,27.200001,27.520000,14.670273,1515600
2006-12-06,27.525000,28.219999,27.450001,27.840000,14.840862,1840400
2006-12-07,27.764999,27.924999,27.165001,27.309999,14.558321,1884200
2006-12-08,27.799999,27.870001,27.424999,27.500000,14.659611,1467600
2006-12-11,27.500000,27.580000,27.170000,27.250000,14.526342,1063600
2006-12-12,27.150000,27.315001,26.620001,26.725000,14.246474,1451400
2006-12-13,26.700001,26.850000,26.545000,26.670000,14.217156,1795200
2006-12-14,26.844999,27.254999,26.695000,27.110001,14.451711,1266200
2006-12-15,27.094999,27.485001,27.094999,27.299999,14.552994,1426000
2006-12-18,27.264999,27.264999,25.709999,25.785000,13.765552,2041200
2006-12-19,25.549999,27.094999,25.469999,27.075001,14.454233,2782400
2006-12-20,27.100000,27.170000,26.615000,26.735001,14.272721,1535400
2006-12-21,26.860001,27.080000,26.160000,26.280001,14.029815,1039400
2006-12-22,26.280001,26.375000,25.924999,26.040001,13.901690,575600
2006-12-26,26.040001,26.490000,25.850000,26.080000,13.923038,543800
2006-12-27,26.155001,26.455000,25.959999,26.434999,14.112558,547200
2006-12-28,26.434999,26.434999,25.799999,26.139999,13.955072,631800
2006-12-29,26.139999,26.145000,25.635000,25.700001,13.720172,759000
2007-01-03,25.450001,25.549999,24.504999,24.715000,13.194329,1818400
2007-01-04,24.590000,25.045000,24.290001,24.969999,13.330458,1867400
2007-01-05,24.969999,25.475000,24.725000,25.334999,13.525318,1579400
2007-01-08,25.610001,25.950001,25.344999,25.850000,13.800254,1697200
2007-01-09,25.500000,25.620001,24.975000,25.450001,13.586715,1412800
2007-01-10,24.825001,25.105000,24.285000,24.325001,12.986120,1794000
2007-01-11,24.330000,24.860001,24.139999,24.250000,12.946081,1757600
2007-01-12,24.450001,25.110001,24.299999,25.110001,13.405198,1984200
2007-01-16,24.910000,25.150000,24.514999,24.670000,13.170302,1285600
2007-01-17,24.650000,25.190001,24.584999,25.090000,13.394520,1217000
2007-01-18,25.090000,25.305000,24.504999,24.650000,13.159627,1273800
2007-01-19,24.799999,25.415001,24.754999,25.370001,13.544003,897800
2007-01-22,25.700001,25.750000,25.014999,25.330000,13.522646,1339000
2007-01-23,25.625000,26.485001,25.605000,26.424999,14.107221,1720600
2007-01-24,26.389999,26.820000,26.025000,26.790001,14.302079,1066200
2007-01-25,26.795000,27.065001,26.405001,26.514999,14.155272,1428000
2007-01-26,26.715000,26.995001,26.549999,26.809999,14.312758,1286400
2007-01-29,27.000000,27.275000,26.879999,27.080000,14.456908,2112600
2007-01-30,26.415001,26.985001,25.799999,26.785000,14.299408,3597400
2007-01-31,26.375000,26.635000,26.010000,26.344999,14.064518,2831000
2007-02-01,26.400000,26.764999,26.264999,26.510000,14.152599,1105200
2007-02-02,26.629999,26.770000,26.205000,26.660000,14.232677,960800
2007-02-05,26.834999,27.225000,26.635000,26.975000,14.400847,1172400
2007-02-06,27.110001,27.174999,26.305000,26.799999,14.307416,1356400
2007-02-07,26.924999,27.230000,26.834999,27.174999,14.507615,1466600
2007-02-08,27.100000,27.590000,26.809999,27.535000,14.699804,1221400
2007-02-09,27.535000,27.575001,27.020000,27.145000,14.491602,911400
2007-02-12,27.150000,27.150000,26.055000,26.600000,14.200648,1648800
2007-02-13,26.725000,27.209999,26.725000,27.180000,14.510288,1143000
2007-02-14,27.180000,27.375000,26.860001,26.975000,14.400847,973400
2007-02-15,26.975000,27.049999,26.600000,27.010000,14.419532,713200
2007-02-16,27.059999,27.135000,26.705000,27.129999,14.483599,722800
2007-02-20,27.004999,27.150000,26.745001,27.000000,14.414192,947400
2007-02-21,26.975000,28.030001,26.885000,28.025000,14.961394,1426600
2007-02-22,28.075001,28.465000,27.825001,28.375000,15.148250,1693200
2007-02-23,28.525000,28.580000,27.830000,27.945000,14.918682,1554200
2007-02-26,28.145000,28.455000,28.000000,28.195000,15.052148,854800
2007-02-27,27.250000,27.879999,26.264999,27.250000,14.547656,1623400
2007-02-28,27.375000,27.995001,27.174999,27.735001,14.806578,1494400
2007-03-01,27.610001,28.215000,27.049999,27.705000,14.790567,1460800
2007-03-02,27.700001,27.750000,26.875000,27.014999,14.422200,1017800
2007-03-05,26.250000,26.700001,26.000000,26.424999,14.107221,1836200
2007-03-06,26.700001,27.090000,26.600000,26.945000,14.384829,1111600
2007-03-07,27.000000,28.299999,26.975000,27.584999,14.726498,1522000
2007-03-08,27.875000,28.170000,27.625000,27.740000,14.809246,1155000
2007-03-09,27.540001,28.100000,27.405001,27.990000,14.942709,1126000
2007-03-12,27.995001,28.350000,27.775000,28.129999,15.017451,998000
2007-03-13,28.125000,29.010000,28.094999,28.225000,15.068171,1394200
2007-03-14,28.150000,28.955000,28.150000,28.934999,15.447208,2591600
2007-03-15,28.334999,29.190001,28.330000,28.475000,15.201632,1933400
2007-03-16,28.500000,28.780001,28.270000,28.490000,15.209646,1361200
2007-03-19,28.840000,29.365000,28.740000,29.344999,15.666087,1657000
2007-03-20,29.250000,29.350000,28.915001,29.320000,15.679459,1789200
2007-03-21,29.575001,30.225000,29.400000,30.125000,16.109947,2155200
2007-03-22,30.375000,30.500000,29.975000,30.180000,16.139366,1587400
2007-03-23,30.350000,30.870001,30.305000,30.684999,16.409418,1215000
2007-03-26,30.760000,30.900000,30.000000,30.405001,16.259684,1844400
2007-03-27,30.405001,30.549999,29.969999,30.260000,16.182144,933800
2007-03-28,30.500000,30.850000,29.930000,30.004999,16.045776,1377200
2007-03-29,30.250000,30.299999,29.445000,29.865000,15.970913,1957200
2007-03-30,29.900000,30.065001,29.584999,29.650000,15.855934,990000
2007-04-02,29.775000,29.855000,29.325001,29.500000,15.775721,1636400
2007-04-03,29.340000,29.650000,28.915001,29.495001,15.773046,1546400
2007-04-04,29.495001,30.620001,29.325001,30.600000,16.363968,1902600
2007-04-05,30.600000,30.719999,30.025000,30.379999,16.246323,1114600
2007-04-09,30.549999,31.170000,30.400000,30.600000,16.363968,1256800
2007-04-10,30.850000,31.309999,30.709999,31.200001,16.684820,1568800
2007-04-11,31.150000,31.799999,30.889999,31.059999,16.609966,1961600
2007-04-12,31.260000,31.695000,30.950001,31.584999,16.890713,1075000
2007-04-13,31.600000,31.775000,31.325001,31.635000,16.917454,851000
2007-04-16,31.629999,31.719999,31.125000,31.190001,16.679483,1154200
2007-04-17,31.195000,31.525000,30.725000,31.219999,16.695522,1037600
2007-04-18,31.120001,31.120001,30.440001,30.969999,16.561832,1444600
2007-04-19,30.850000,31.025000,30.575001,30.645000,16.388023,1023800
2007-04-20,30.725000,31.150000,30.600000,31.150000,16.658087,1071000
2007-04-23,31.150000,31.670000,31.150000,31.420000,16.802485,1197200
2007-04-24,31.500000,31.580000,31.010000,31.139999,16.652744,770000
2007-04-25,31.340000,32.535000,31.340000,32.150002,17.192863,1390800
2007-04-26,32.150002,32.580002,31.809999,32.150002,17.192863,1605800
2007-04-27,32.154999,32.154999,31.590000,32.075001,17.152752,883200
2007-04-30,32.125000,32.674999,31.750000,31.799999,17.005692,1060800
2007-05-01,31.924999,32.075001,31.275000,31.570000,16.882700,1337000
2007-05-02,31.655001,32.000000,31.350000,31.889999,17.053823,994000
2007-05-03,31.740000,32.035000,31.420000,31.760000,16.984299,967200
2007-05-04,31.754999,32.299999,31.195000,31.559999,16.877346,1478600
2007-05-07,31.434999,32.369999,31.299999,31.950001,17.085911,1362000
2007-05-08,31.985001,32.240002,31.405001,31.950001,17.085911,2306200
2007-05-09,32.014999,32.450001,31.725000,32.200001,17.219603,1956800
2007-05-10,32.299999,32.525002,31.670000,31.920000,17.069864,1188800
2007-05-11,32.125000,33.750000,32.125000,33.674999,18.008381,1874200
2007-05-14,34.000000,34.775002,33.529999,33.750000,18.048491,1531000
2007-05-15,33.750000,34.115002,33.590000,33.950001,18.155449,1756600
2007-05-16,34.000000,34.189999,33.064999,33.580002,17.957581,1271400
2007-05-17,33.700001,34.160000,33.529999,33.884998,18.120674,1095000
2007-05-18,34.070000,35.000000,33.980000,34.889999,18.658133,1789600
2007-05-21,35.000000,35.625000,35.000000,35.355000,18.906799,1980000
2007-05-22,35.355000,35.450001,34.625000,34.735001,18.575237,1706600
2007-05-23,34.860001,35.240002,34.544998,34.599998,18.503050,1330400
2007-05-24,34.474998,35.115002,33.930000,34.075001,18.222292,1163800
2007-05-25,34.424999,34.764999,34.250000,34.544998,18.473629,663400
2007-05-29,34.544998,34.875000,34.360001,34.685001,18.548504,1193000
2007-05-30,34.650002,35.410000,34.465000,35.060001,18.749037,1971400
2007-05-31,35.174999,35.564999,34.669998,35.044998,18.741018,1313200
2007-06-01,35.375000,36.035000,35.215000,35.595001,19.035145,980800
2007-06-04,35.669998,36.000000,35.455002,35.715000,19.099319,943800
2007-06-05,35.610001,35.775002,35.119999,35.709999,19.096638,1333800
2007-06-06,35.709999,35.889999,34.580002,34.880001,18.652773,2026800
2007-06-07,34.005001,35.535000,33.959999,34.150002,18.262400,1755400
2007-06-08,34.095001,34.169998,33.169998,34.139999,18.289186,1467800
2007-06-11,34.125000,34.555000,33.910000,34.505001,18.484718,975000
2007-06-12,34.375000,34.605000,34.200001,34.505001,18.484718,1516200
2007-06-13,34.775002,36.090000,34.750000,35.924999,19.245438,1688000
2007-06-14,36.375000,36.884998,36.250000,36.500000,19.553465,1751400
2007-06-15,36.799999,37.310001,36.775002,37.275002,19.968636,1130600
2007-06-18,37.500000,38.764999,37.455002,38.730000,20.748102,1728000
2007-06-19,38.605000,38.650002,37.730000,38.145000,20.434715,2550400
2007-06-20,38.480000,38.715000,36.665001,36.709999,19.665958,1442000
2007-06-21,37.000000,37.935001,37.000000,37.810001,20.255241,928800
2007-06-22,38.005001,38.224998,37.625000,38.119999,20.421324,1568200
2007-06-25,38.119999,38.345001,37.564999,37.845001,20.273996,1489600
2007-06-26,37.880001,37.880001,36.755001,36.805000,19.716856,1425800
2007-06-27,36.125000,37.445000,34.759998,37.355000,20.011501,3175000
2007-06-28,37.845001,38.029999,36.779999,36.799999,19.714178,2050400
2007-06-29,37.299999,37.500000,36.895000,37.095001,19.872221,885800
2007-07-02,37.349998,37.915001,37.299999,37.875000,20.290068,1001400
2007-07-03,37.849998,38.220001,37.799999,38.115002,20.418640,602600
2007-07-05,38.299999,38.349998,37.520000,37.965000,20.338280,1044000
2007-07-06,38.125000,38.970001,37.990002,38.910000,20.844532,989400
2007-07-09,39.000000,39.830002,38.955002,39.650002,21.240957,1206400
2007-07-10,39.645000,40.275002,39.044998,39.935001,21.393633,1260200
2007-07-11,39.790001,39.875000,38.834999,39.275002,21.040056,1574600
2007-07-12,39.494999,39.549999,38.439999,38.840000,20.807020,1335400
2007-07-13,38.924999,39.775002,38.875000,39.564999,21.195425,987800
2007-07-16,39.575001,39.669998,38.500000,38.730000,20.748102,942000
2007-07-17,38.770000,38.959999,37.750000,37.889999,20.298101,1661200
2007-07-18,37.639999,38.980000,37.115002,38.980000,20.882036,2188200
2007-07-19,39.000000,39.250000,37.869999,38.220001,20.474878,1671800
2007-07-20,38.549999,38.595001,37.375000,37.994999,20.354357,1744800
2007-07-23,38.125000,38.514999,37.419998,38.070000,20.394529,1736800
2007-07-24,37.375000,37.375000,35.084999,35.290001,18.905252,3114600
2007-07-25,35.424999,35.645000,33.410000,34.564999,18.516861,4454400
2007-07-26,33.700001,34.189999,32.514999,33.485001,17.938297,2583600
2007-07-27,33.200001,33.755001,32.595001,32.595001,17.461510,1852800
2007-07-30,32.599998,33.669998,32.599998,33.299999,17.839188,2265400
2007-07-31,33.849998,34.595001,33.650002,33.695000,18.050798,2065000
2007-08-01,33.770000,34.150002,31.415001,32.125000,17.209728,2683400
2007-08-02,32.224998,32.540001,31.250000,31.959999,17.121330,1814400
2007-08-03,32.000000,32.205002,29.754999,29.844999,15.988297,2295800
2007-08-06,29.900000,29.900000,28.075001,29.385000,15.741876,2385000
2007-08-07,29.250000,30.075001,28.855000,29.150000,15.615988,2503600
2007-08-08,29.174999,30.264999,29.000000,29.620001,15.867780,2792600
2007-08-09,29.750000,31.995001,27.504999,27.565001,14.766880,3963000
2007-08-10,27.424999,29.625000,26.084999,29.125000,15.602596,4494800
2007-08-13,29.740000,31.865000,29.740000,30.025000,16.084738,2816600
2007-08-14,30.299999,30.635000,29.240000,29.520000,15.814203,1885000
2007-08-15,29.825001,29.980000,27.625000,27.865000,14.927596,1974000
2007-08-16,27.184999,28.525000,25.805000,28.290001,15.155275,3091000
2007-08-17,28.875000,29.799999,28.170000,29.200001,15.642776,2528000
2007-08-20,28.875000,29.795000,28.725000,29.285000,15.688311,1376200
2007-08-21,29.125000,29.309999,28.520000,28.870001,15.465982,1058200
2007-08-22,29.450001,29.879999,29.309999,29.719999,15.921342,1121000
2007-08-23,30.000000,31.100000,30.000000,30.770000,16.483843,1303400
2007-08-24,31.075001,32.500000,30.975000,32.320000,17.314190,1412400
2007-08-27,32.240002,32.915001,32.040001,32.349998,17.330265,1231000
2007-08-28,32.349998,32.419998,30.684999,30.754999,16.475805,1224000
2007-08-29,31.125000,32.919998,31.115000,32.685001,17.509724,1410400
2007-08-30,32.599998,33.465000,32.395000,32.900002,17.624903,1300800
2007-08-31,33.424999,33.680000,33.250000,33.325001,17.852579,912600
2007-09-04,33.035000,34.189999,32.000000,33.645000,18.024002,1368000
2007-09-05,33.595001,33.744999,33.125000,33.500000,17.946329,792400
2007-09-06,33.610001,34.500000,33.185001,33.689999,18.048113,1014400
2007-09-07,33.125000,33.564999,32.555000,33.150002,17.758831,740000
2007-09-10,32.849998,32.965000,31.370001,31.905001,17.091871,1191400
2007-09-11,32.330002,32.580002,31.235001,31.475000,16.861519,2716800
2007-09-12,31.700001,32.150002,31.219999,31.590000,16.923120,1761400
2007-09-13,31.725000,32.195000,31.725000,32.035000,17.161516,1543600
2007-09-14,31.959999,32.775002,31.930000,32.599998,17.464184,761600
2007-09-17,32.599998,32.599998,31.700001,32.055000,17.172224,750200
2007-09-18,32.599998,33.400002,32.125000,32.750000,17.544548,1766200
2007-09-19,33.299999,34.000000,32.439999,32.849998,17.630417,1003200
2007-09-20,32.794998,33.174999,32.560001,32.639999,17.517714,640600
2007-09-21,32.775002,32.994999,32.465000,32.549999,17.469410,758400
2007-09-24,32.860001,33.430000,32.575001,32.700001,17.549915,1189800
2007-09-25,32.439999,32.439999,30.834999,31.250000,16.771715,1987000
2007-09-26,31.900000,31.930000,30.665001,31.014999,16.645586,1386400
2007-09-27,31.325001,31.325001,30.105000,30.200001,16.208172,1265000
2007-09-28,30.555000,30.780001,29.780001,29.915001,16.055222,1562000
2007-10-01,29.709999,30.650000,29.520000,30.540001,16.390656,1620000
2007-10-02,30.174999,31.235001,30.160000,31.084999,16.683151,1392800
2007-10-03,31.084999,31.780001,30.340000,31.135000,16.709995,1204400
2007-10-04,30.875000,31.594999,30.635000,31.590000,16.954182,1101600
2007-10-05,31.865000,32.320000,31.365000,32.075001,17.214478,1171000
2007-10-08,32.005001,32.919998,31.895000,32.294998,17.332554,1216000
2007-10-09,32.325001,32.990002,31.950001,32.884998,17.649208,1071600
2007-10-10,32.494999,33.000000,31.055000,32.560001,17.474777,2757800
2007-10-11,33.060001,33.150002,31.365000,31.750000,17.040052,1083400
2007-10-12,31.950001,32.509998,31.750000,32.275002,17.321819,588000
2007-10-15,32.575001,32.950001,32.044998,32.365002,17.370127,982800
2007-10-16,32.389999,32.474998,31.500000,32.174999,17.268152,1115000
2007-10-17,32.270000,32.400002,31.315001,31.934999,17.139332,1020600
2007-10-18,32.075001,32.165001,31.549999,31.715000,17.021275,546800
2007-10-19,31.370001,31.445000,30.129999,30.264999,16.243061,1101800
2007-10-22,30.000000,30.165001,29.385000,30.165001,16.189398,1082000
2007-10-23,30.275000,30.645000,29.825001,30.405001,16.318203,712800
2007-10-24,30.055000,31.400000,29.840000,31.365000,16.833418,1318800
2007-10-25,31.610001,31.905001,31.145000,31.545000,16.930031,793400
2007-10-26,33.325001,33.695000,32.410000,32.619999,17.506979,3429600
2007-10-29,32.680000,32.865002,31.825001,31.975000,17.160809,1127000
2007-10-30,31.945000,31.945000,30.670000,30.770000,16.514097,1071200
2007-10-31,30.934999,31.485001,30.514999,31.400000,16.852209,1767400
2007-11-01,30.420000,31.670000,30.080000,31.410000,16.857576,1673200
2007-11-02,31.555000,32.110001,31.260000,32.025002,17.187649,1405000
2007-11-05,31.285000,32.724998,31.285000,31.875000,17.107141,1636800
2007-11-06,31.174999,31.870001,30.370001,30.655001,16.452379,3290200
2007-11-07,30.000000,30.969999,29.895000,30.000000,16.100836,1555400
2007-11-08,29.690001,30.075001,28.600000,29.090000,15.612442,1646600
2007-11-09,28.575001,28.900000,27.795000,28.030001,15.043549,1673800
2007-11-12,27.375000,27.650000,26.420000,26.559999,14.254610,1905400
2007-11-13,26.334999,26.555000,25.584999,26.430000,14.184837,2407600
2007-11-14,26.405001,27.230000,26.405001,26.565001,14.257296,2892600
2007-11-15,27.420000,27.549999,26.110001,26.120001,14.018462,2922000
2007-11-16,26.549999,26.625000,25.455000,25.750000,13.819886,2424800
2007-11-19,25.834999,25.834999,25.030001,25.254999,13.554223,1925000
2007-11-20,25.165001,25.320000,24.285000,24.575001,13.189275,2438600
2007-11-21,23.840000,24.780001,23.625000,24.084999,12.926289,2522000
2007-11-23,24.605000,24.680000,24.014999,24.379999,13.084616,563000
2007-11-26,24.004999,24.969999,24.004999,24.545000,13.173173,2982600
2007-11-27,23.879999,24.325001,22.500000,22.825001,12.250054,4847800
2007-11-28,23.225000,24.775000,22.910000,23.375000,12.545241,4791800
2007-11-29,23.610001,23.920000,23.209999,23.530001,12.628425,2429200
2007-11-30,23.875000,24.225000,23.705000,24.225000,13.001431,2186600
2007-12-03,25.290001,25.290001,23.780001,24.240000,13.009480,3416200
2007-12-04,24.320000,24.320000,23.315001,23.500000,12.612323,4045400
2007-12-05,23.549999,24.254999,23.549999,23.945000,12.851151,3315400
2007-12-06,24.075001,24.075001,23.525000,23.875000,12.813584,2918000
2007-12-07,23.870001,24.174999,23.620001,24.105000,12.937025,2130400
2007-12-10,23.905001,24.240000,23.905001,24.170000,12.971909,2092600
2007-12-11,24.145000,24.334999,23.334999,23.415001,12.566703,2195400
2007-12-12,23.740000,24.330000,23.639999,23.965000,12.861884,1815000
2007-12-13,23.770000,23.875000,23.000000,23.240000,12.472781,2419000
2007-12-14,23.750000,24.680000,23.500000,24.475000,13.135599,2512000
2007-12-17,24.950001,25.565001,24.545000,25.100000,13.471038,2720400
2007-12-18,25.655001,25.719999,24.219999,25.565001,13.720591,2504600
2007-12-19,25.565001,25.855000,25.410000,25.635000,13.790537,1846800
2007-12-20,26.320000,26.420000,25.434999,26.150000,14.067579,2531000
2007-12-21,26.135000,26.420000,25.865000,26.094999,14.037989,2676000
2007-12-24,26.299999,26.344999,25.924999,26.020000,13.997647,951200
2007-12-26,26.280001,26.280001,25.805000,25.995001,13.984197,1296800
2007-12-27,25.959999,25.975000,25.280001,25.480000,13.707146,1532400
2007-12-28,25.389999,25.584999,24.879999,25.170000,13.540382,1108000
2007-12-31,24.924999,25.545000,24.850000,25.445000,13.688319,1731600
2008-01-02,25.705000,26.000000,25.219999,25.355000,13.639907,1684400
2008-01-03,25.360001,25.530001,24.055000,24.165001,12.999742,2789200
2008-01-04,24.049999,24.535000,23.440001,23.485001,12.633932,3237000
2008-01-07,23.805000,23.889999,22.049999,22.340000,12.017963,4390200
2008-01-08,22.355000,22.924999,22.340000,22.375000,12.036793,2541800
2008-01-09,22.200001,22.465000,21.440001,22.025000,11.848508,2573000
2008-01-10,21.625000,22.740000,21.590000,22.410000,12.055623,3004600
2008-01-11,22.250000,22.430000,21.670000,21.889999,11.775884,2612000
2008-01-14,21.889999,22.700001,21.889999,22.559999,12.136312,2608400
2008-01-15,21.889999,22.080000,21.549999,22.000000,11.835055,3201600
2008-01-16,21.625000,22.490000,21.344999,21.875000,11.767812,2864600
2008-01-17,22.325001,22.629999,21.629999,21.799999,11.727465,3088200
2008-01-18,21.879999,22.940001,21.860001,22.805000,12.268116,3120800
2008-01-22,21.485001,22.254999,21.209999,21.900000,11.781264,4373600
2008-01-23,21.825001,21.825001,19.680000,20.905001,11.245995,4833800
2008-01-24,21.170000,22.805000,20.950001,22.639999,12.179347,3201400
2008-01-25,23.764999,23.969999,22.969999,23.299999,12.534401,2624000
2008-01-28,23.760000,23.760000,22.545000,23.219999,12.491364,1908800
2008-01-29,23.750000,25.165001,23.750000,24.850000,13.368237,4228200
2008-01-30,25.014999,25.014999,23.674999,24.150000,12.991664,3340200
2008-01-31,23.750000,24.535000,23.000000,24.209999,13.023946,1962000
2008-02-01,24.580000,25.625000,24.485001,25.120001,13.513487,2159600
2008-02-04,24.780001,25.879999,24.230000,24.924999,13.408580,1943800
2008-02-05,24.520000,24.735001,23.799999,23.910000,12.862558,1942800
2008-02-06,23.995001,24.115000,23.305000,23.385000,12.580132,2164800
2008-02-07,22.905001,23.719999,22.740000,23.645000,12.719999,1688200
2008-02-08,23.615000,24.490000,23.530001,24.125000,12.978222,1472800
2008-02-11,24.200001,24.235001,23.245001,23.655001,12.725381,1716400
2008-02-12,23.639999,24.070000,23.135000,23.299999,12.534401,1482800
2008-02-13,23.450001,23.590000,22.950001,23.510000,12.647378,1852000
2008-02-14,23.700001,24.270000,23.430000,23.875000,12.843729,1657800
2008-02-15,23.549999,23.860001,23.209999,23.750000,12.776480,1257600
2008-02-19,24.995001,26.955000,24.995001,26.655001,14.339251,5483800
2008-02-20,26.955000,27.500000,26.385000,27.285000,14.678160,3280200
2008-02-21,27.059999,27.580000,26.450001,26.490000,14.250488,2103600
2008-02-22,26.750000,27.110001,25.795000,26.795000,14.414561,1631800
2008-02-25,27.379999,27.690001,26.320000,27.385000,14.731962,1712800
2008-02-26,27.389999,28.195000,26.594999,27.985001,15.054729,1739200
2008-02-27,27.775000,28.405001,27.225000,27.469999,14.777682,2435400
2008-02-28,27.049999,27.139999,26.225000,26.715000,14.371527,2229400
2008-02-29,26.500000,26.969999,26.395000,26.695000,14.360768,1807800
2008-03-03,26.600000,27.549999,26.450001,26.850000,14.444156,1852600
2008-03-04,26.530001,27.030001,25.780001,26.200001,14.094480,1869800
2008-03-05,26.200001,26.490000,25.035000,25.340000,13.631835,2826200
2008-03-06,25.100000,25.240000,23.650000,23.735001,12.768416,3333600
2008-03-07,23.340000,24.195000,23.270000,23.690001,12.744203,1618600
2008-03-10,23.740000,24.735001,23.570000,23.715000,12.757656,2254200
2008-03-11,24.250000,24.645000,23.615000,24.535000,13.198781,1429200
2008-03-12,24.190001,24.275000,22.455000,22.605000,12.160521,2459200
2008-03-13,22.665001,22.955000,21.965000,22.850000,12.292317,2881400
2008-03-14,22.825001,23.040001,21.594999,22.059999,11.867332,2518800
2008-03-17,21.700001,21.700001,19.420000,19.500000,10.525952,4063200
2008-03-18,19.735001,20.985001,19.735001,20.740000,11.195292,3978200
2008-03-19,20.504999,22.129999,20.504999,21.245001,11.467892,4392000
2008-03-20,21.165001,21.770000,20.840000,21.209999,11.448997,2321000
2008-03-24,21.450001,22.215000,21.254999,21.434999,11.570446,1564200
2008-03-25,21.045000,21.665001,20.700001,20.820000,11.238478,3363000
2008-03-26,20.924999,21.549999,20.410000,21.045000,11.359928,3496800
2008-03-27,21.334999,21.375000,20.065001,20.180000,10.893008,2056000
2008-03-28,20.299999,22.379999,20.275000,21.405001,11.554255,3281800
2008-03-31,21.070000,21.855000,21.070000,21.705000,11.716197,2273800
2008-04-01,21.475000,23.115000,21.475000,23.110001,12.474600,2718800
2008-04-02,23.295000,24.344999,23.110001,24.235001,13.081868,4273000
2008-04-03,24.325001,24.809999,23.855000,24.070000,12.992800,2479600
2008-04-04,24.250000,24.530001,23.594999,23.850000,12.874043,2591400
2008-04-07,24.049999,24.375000,22.809999,22.934999,12.380136,2698000
2008-04-08,22.825001,24.100000,22.770000,23.594999,12.736403,2696800
2008-04-09,23.650000,23.930000,22.934999,23.040001,12.436816,2444800
2008-04-10,22.875000,23.559999,22.875000,23.275000,12.563668,1716200
2008-04-11,23.219999,23.219999,21.940001,22.000000,11.875433,2718400
2008-04-14,22.315001,22.934999,22.174999,22.490000,12.139935,1438600
2008-04-15,22.424999,22.764999,21.875000,22.309999,12.042770,2084400
2008-04-16,22.299999,23.690001,22.250000,23.580000,12.728307,2696000
2008-04-17,23.450001,24.415001,23.320000,23.665001,12.774185,2532200
2008-04-18,23.745001,23.855000,23.000000,23.065001,12.450312,1816600
2008-04-21,23.000000,23.135000,22.385000,22.500000,12.145329,2755800
2008-04-22,22.500000,22.875000,21.785000,21.830000,11.783666,1824800
2008-04-23,21.750000,22.049999,21.135000,21.290001,11.492176,2881000
2008-04-24,21.049999,21.670000,21.049999,21.400000,11.551560,2279400
2008-04-25,21.530001,21.745001,21.120001,21.540001,11.627131,1421600
2008-04-28,21.715000,21.820000,21.355000,21.570000,11.643318,1354200
2008-04-29,21.620001,21.620001,20.809999,21.084999,11.381523,1646800
2008-04-30,21.059999,21.485001,20.535000,20.740000,11.195292,1667800
2008-05-01,20.750000,21.000000,19.950001,20.850000,11.254674,3099200
2008-05-02,20.844999,21.100000,20.510000,21.075001,11.376127,2653600
2008-05-05,21.150000,21.594999,21.049999,21.200001,11.443602,1925600
2008-05-06,21.100000,21.100000,19.615000,20.030001,10.812046,3999200
2008-05-07,20.100000,21.115000,20.100000,20.719999,11.184497,2647200
2008-05-08,20.684999,20.805000,20.084999,20.450001,11.038754,2110400
2008-05-09,20.375000,20.700001,20.270000,20.510000,11.071142,2118400
2008-05-12,20.549999,22.450001,20.549999,22.094999,11.926713,6047600
2008-05-13,22.129999,22.129999,20.770000,20.959999,11.314047,3607800
2008-05-14,20.860001,21.230000,20.795000,20.840000,11.249270,2743200
2008-05-15,20.900000,20.975000,20.290001,20.469999,11.049548,1933600
2008-05-16,20.250000,20.775000,20.250000,20.684999,11.165605,1777400
2008-05-19,20.075001,21.695000,20.075001,21.594999,11.656816,2958600
2008-05-20,21.370001,21.625000,20.885000,21.495001,11.602838,2445400
2008-05-21,21.465000,21.594999,20.730000,20.830000,11.243877,3096800
2008-05-22,21.004999,21.590000,20.865000,21.120001,11.400414,2776000
2008-05-23,21.375000,21.410000,20.645000,20.645000,11.144012,1768600
2008-05-27,20.504999,20.750000,20.260000,20.400000,11.011764,1401800
2008-05-28,20.500000,21.030001,20.500000,21.030001,11.351834,1961800
2008-05-29,20.764999,21.325001,20.600000,21.174999,11.430102,3134600
2008-05-30,21.200001,21.325001,20.754999,21.225000,11.457093,2789600
2008-06-02,21.920000,23.875000,21.620001,23.700001,12.793083,4955000
2008-06-03,23.785000,24.305000,23.350000,23.355000,12.606852,3126200
2008-06-04,23.325001,23.440001,22.125000,22.230000,11.999582,2611200
2008-06-05,22.260000,22.860001,22.049999,22.860001,12.339653,2341000
2008-06-06,22.924999,23.100000,21.750000,21.860001,11.799861,2103000
2008-06-09,21.844999,21.945000,20.825001,21.075001,11.376127,2042400
2008-06-10,20.820000,21.075001,20.160000,20.459999,11.044149,2883600
2008-06-11,20.450001,20.514999,19.910000,20.389999,11.006369,2408600
2008-06-12,20.350000,20.820000,20.090000,20.219999,10.914600,1321200
2008-06-13,20.190001,20.830000,20.190001,20.625000,11.174667,1196600
2008-06-16,20.830000,20.830000,19.850000,19.924999,10.795408,2061800
2008-06-17,20.170000,20.670000,20.100000,20.299999,10.998575,1418000
2008-06-18,20.105000,20.250000,19.750000,19.889999,10.776438,1785400
2008-06-19,19.905001,20.430000,19.780001,20.049999,10.863128,3015200
2008-06-20,19.870001,19.950001,19.370001,19.865000,10.762897,3511400
2008-06-23,19.855000,20.670000,19.629999,19.764999,10.708719,1750600
2008-06-24,19.825001,19.990000,18.825001,19.590000,10.613902,2340600
2008-06-25,19.309999,20.115000,19.309999,19.865000,10.762897,2983400
2008-06-26,19.695000,19.695000,18.825001,18.920000,10.250893,2179600
2008-06-27,18.730000,18.844999,18.100000,18.559999,10.055847,2907000
2008-06-30,18.299999,18.580000,18.065001,18.459999,10.001664,2496600
2008-07-01,18.170000,18.610001,17.830000,18.389999,9.963737,2105000
2008-07-02,18.500000,18.735001,17.254999,17.325001,9.386724,2087200
2008-07-03,17.320000,17.395000,16.575001,16.750000,9.075187,1329000
2008-07-07,16.940001,17.469999,16.320000,16.504999,8.942441,2910200
2008-07-08,16.530001,16.825001,14.930000,15.505000,8.400640,5923800
2008-07-09,15.790000,15.870000,14.880000,15.040000,8.148700,3269000
2008-07-10,15.015000,15.015000,14.000000,14.405000,7.804656,3320800
2008-07-11,14.080000,14.440000,13.655000,14.245000,7.717972,2474800
2008-07-14,14.475000,14.670000,13.620000,13.880000,7.520212,2034600
2008-07-15,13.675000,14.445000,13.130000,13.945000,7.555428,3644400
2008-07-16,14.000000,15.175000,14.000000,14.750000,7.991577,3895200
2008-07-17,14.995000,15.255000,14.225000,15.090000,8.175796,4917200
2008-07-18,15.350000,15.375000,14.140000,14.295000,7.745062,2606400
2008-07-21,14.500000,15.325000,14.310000,15.095000,8.178499,1748800
2008-07-22,15.095000,15.730000,14.300000,15.150000,8.208301,2661800
2008-07-23,15.105000,15.375000,14.400000,14.450000,7.829044,2351800
2008-07-24,14.560000,14.560000,13.705000,14.030000,7.601483,3087800
2008-07-25,14.020000,14.420000,14.020000,14.135000,7.658373,1406200
2008-07-28,14.210000,14.210000,13.820000,14.075000,7.625862,1980200
2008-07-29,14.180000,14.225000,13.630000,14.000000,7.585228,2586800
2008-07-30,14.200000,15.155000,14.005000,15.135000,8.200173,3067400
2008-07-31,14.715000,15.000000,14.045000,14.290000,7.742352,2237600
2008-08-01,14.220000,14.540000,13.730000,14.460000,7.834457,1962200
2008-08-04,14.560000,14.695000,13.625000,13.750000,7.449778,1943000
2008-08-05,13.800000,14.545000,13.785000,14.235000,7.712552,2538600
2008-08-06,13.315000,15.815000,13.175000,15.705000,8.509002,4887600
2008-08-07,15.500000,15.610000,14.415000,14.545000,7.880510,2537800
2008-08-08,14.485000,15.495000,14.485000,15.465000,8.378967,1831200
2008-08-11,15.500000,15.625000,14.910000,15.370000,8.327498,1811200
2008-08-12,15.320000,15.715000,14.975000,15.010000,8.132448,1597400
2008-08-13,15.125000,16.375000,15.045000,16.264999,8.812411,1892200
2008-08-14,15.695000,16.125000,15.165000,15.535000,8.416892,1696400
2008-08-15,15.535000,16.000000,15.210000,15.615000,8.460239,979000
2008-08-18,15.735000,15.865000,14.415000,14.555000,7.885933,1797600
2008-08-19,14.465000,14.990000,14.320000,14.490000,7.850712,2161600
2008-08-20,14.530000,15.655000,14.250000,15.585000,8.443982,2855800
2008-08-21,15.225000,15.745000,15.190000,15.410000,8.349168,1496800
2008-08-22,15.200000,15.330000,14.545000,14.835000,8.037631,970800
2008-08-25,14.930000,15.075000,14.450000,14.695000,7.961780,952800
2008-08-26,14.905000,15.285000,14.655000,14.855000,8.048471,1087800
2008-08-27,15.075000,15.980000,14.895000,15.815000,8.568601,2887200
2008-08-28,16.000000,16.125000,15.015000,15.460000,8.376262,1753200
2008-08-29,15.675000,16.155001,15.590000,16.000000,8.668832,1713000
2008-09-02,16.080000,16.080000,14.150000,14.345000,7.772151,3794600
2008-09-03,14.255000,15.100000,14.185000,14.965000,8.108067,5050200
2008-09-04,14.975000,15.160000,13.820000,14.115000,7.647534,4478200
2008-09-05,13.910000,14.415000,12.940000,14.320000,7.758605,3103200
2008-09-08,14.540000,15.035000,13.960000,14.505000,7.858837,2965600
2008-09-09,13.850000,14.645000,13.395000,13.440000,7.281818,3514200
2008-09-10,13.735000,14.375000,12.960000,13.855000,7.506666,2459000
2008-09-11,13.775000,15.370000,13.760000,14.975000,8.113482,3309800
2008-09-12,15.150000,17.174999,15.150000,16.990000,9.205216,5473400
2008-09-15,15.770000,16.174999,14.570000,15.330000,8.305824,5205400
2008-09-16,14.890000,15.210000,14.025000,15.065000,8.162250,5271000
2008-09-17,14.770000,16.315001,14.650000,15.340000,8.311242,4156800
2008-09-18,15.755000,17.264999,15.605000,16.285000,8.866592,5016600
2008-09-19,17.129999,18.309999,16.650000,17.629999,9.598900,3374400
2008-09-22,17.495001,17.719999,15.355000,15.580000,8.482749,3732800
2008-09-23,15.600000,16.375000,15.125000,15.250000,8.303075,2334200
2008-09-24,15.045000,15.655000,14.865000,15.445000,8.409245,2448400
2008-09-25,15.300000,16.575001,15.300000,16.459999,8.961874,2049000
2008-09-26,16.135000,16.195000,15.500000,15.965000,8.692369,2251800
2008-09-29,15.125000,15.950000,13.235000,14.175000,7.717777,2919800
2008-09-30,14.430000,15.060000,14.050000,14.460000,7.872949,2588800
2008-10-01,14.195000,14.415000,13.840000,14.185000,7.723223,2069000
2008-10-02,14.185000,14.185000,12.395000,12.550000,6.833024,4371600
2008-10-03,12.385000,13.425000,11.310000,11.465000,6.242280,3759200
2008-10-06,10.295000,11.120000,8.390000,10.750000,5.852986,4929800
2008-10-07,11.225000,11.795000,10.075000,10.195000,5.550811,3481800
2008-10-08,9.755000,10.175000,8.580000,9.830000,5.352079,4004200
2008-10-09,9.835000,10.115000,8.520000,8.585000,4.674223,3575000
2008-10-10,7.815000,8.755000,6.960000,7.935000,4.320321,6545400
2008-10-13,8.570000,9.655000,8.190000,9.255000,5.039015,2910800
2008-10-14,10.190000,10.655000,9.035000,9.745000,5.305801,4177200
2008-10-15,9.285000,9.450000,7.600000,7.670000,4.176039,2835200
2008-10-16,7.710000,8.325000,7.155000,7.745000,4.216874,3866600
2008-10-17,7.475000,8.500000,7.475000,8.085000,4.401991,3905600
2008-10-20,8.285000,8.945000,8.190000,8.675000,4.723223,2446000
2008-10-21,8.590000,9.635000,8.445000,9.255000,5.039015,2638000
2008-10-22,8.895000,8.945000,8.140000,8.505000,4.630665,2591000
2008-10-23,8.885000,8.885000,7.715000,8.285000,4.510885,2195600
2008-10-24,7.510000,8.245000,7.145000,8.080000,4.399270,1225600
2008-10-27,7.930000,8.365000,7.605000,7.630000,4.154258,1361400
2008-10-28,7.950000,8.475000,7.435000,8.260000,4.497272,2635800
2008-10-29,8.285000,8.735000,7.670000,8.285000,4.510885,4165800
2008-10-30,8.635000,9.285000,8.345000,9.090000,4.949178,2193400
2008-10-31,9.090000,10.095000,8.940000,9.815000,5.343913,2189400
2008-11-03,9.505000,9.790000,9.090000,9.565000,5.207797,1390800
2008-11-04,9.255000,10.240000,9.225000,10.175000,5.539921,2671200
2008-11-05,9.800000,10.240000,9.340000,9.440000,5.139741,2120200
2008-11-06,9.175000,9.675000,8.980000,9.250000,5.036292,1727600
2008-11-07,9.550000,9.705000,8.940000,9.345000,5.088015,1651800
2008-11-10,9.805000,9.805000,9.060000,9.275000,5.049905,1729200
2008-11-11,9.095000,9.230000,8.650000,8.875000,4.832118,1693600
2008-11-12,8.550000,8.795000,8.155000,8.270000,4.502717,1419600
2008-11-13,8.150000,8.960000,7.505000,8.960000,4.878397,2220200
2008-11-14,8.720000,9.440000,8.460000,8.735000,4.755893,2711800
2008-11-17,8.745000,8.745000,8.125000,8.165000,4.445549,1254000
2008-11-18,8.105000,8.380000,7.650000,8.095000,4.407435,1602000
2008-11-19,8.000000,8.005000,6.880000,6.950000,3.784025,1763800
2008-11-20,6.620000,6.735000,5.420000,5.505000,2.997275,2072800
2008-11-21,5.670000,6.965000,5.590000,6.905000,3.759525,3633200
2008-11-24,7.150000,7.390000,6.950000,7.285000,3.966420,1983800
2008-11-25,7.525000,7.525000,6.890000,7.440000,4.050812,2190200
2008-11-26,7.800000,8.700000,7.505000,8.640000,4.704168,3697200
2008-11-28,8.370000,9.120000,8.370000,9.095000,4.951901,720200
2008-12-01,8.535000,8.750000,8.005000,8.375000,4.559886,10397600
2008-12-02,8.530000,8.530000,7.615000,8.135000,4.429215,4263200
2008-12-03,7.815000,8.315000,7.720000,8.160000,4.442825,2683200
2008-12-04,8.100000,8.480000,7.305000,7.565000,4.118869,1998400
2008-12-05,7.440000,7.830000,6.905000,7.770000,4.230486,1514200
2008-12-08,8.085000,8.555000,8.050000,8.345000,4.543552,1401000
2008-12-09,8.375000,9.160000,8.260000,8.715000,4.745005,1891600
2008-12-10,8.840000,9.430000,8.710000,9.165000,4.990012,1586400
2008-12-11,9.205000,10.000000,9.055000,9.445000,5.142463,3198200
2008-12-12,8.970000,9.390000,8.755000,9.310000,5.068959,1757800
2008-12-15,9.510000,9.970000,8.780000,9.040000,4.921955,1285000
2008-12-16,9.200000,9.965000,9.070000,9.930000,5.406524,2365000
2008-12-17,9.815000,10.190000,9.600000,10.085000,5.532707,2006200
2008-12-18,10.000000,10.080000,9.195000,9.465000,5.192572,1709400
2008-12-19,9.555000,9.740000,9.250000,9.475000,5.198056,2333400
2008-12-22,9.635000,9.655000,8.565000,8.860000,4.860663,1237200
2008-12-23,9.155000,9.155000,8.690000,8.745000,4.797573,2094000
2008-12-24,8.625000,8.845000,8.280000,8.690000,4.767399,797800
2008-12-26,8.865000,8.865000,8.380000,8.600000,4.718026,1611200
2008-12-29,8.750000,8.835000,8.490000,8.625000,4.731740,1874000
2008-12-30,8.625000,9.040000,8.320000,9.030000,4.953926,1435800
2008-12-31,8.890000,9.300000,8.725000,9.115000,5.000560,1620800
2009-01-02,9.135000,9.430000,9.075000,9.340000,5.123995,2215200
2009-01-05,9.250000,10.140000,9.250000,10.030000,5.502535,2069200
2009-01-06,10.435000,10.600000,10.150000,10.400000,5.705517,2569400
2009-01-07,10.070000,10.070000,9.590000,9.875000,5.417500,1979800
2009-01-08,9.755000,10.345000,9.745000,10.275000,5.636942,2072600
2009-01-09,10.420000,10.480000,9.970000,10.260000,5.628714,2129600
2009-01-12,9.905000,10.125000,9.615000,9.835000,5.395555,1371200
2009-01-13,9.650000,10.315000,9.590000,10.260000,5.628714,1439400
2009-01-14,9.920000,10.180000,9.640000,9.885000,5.422985,2275600
2009-01-15,9.870000,10.320000,9.370000,10.270000,5.634200,1888200
2009-01-16,10.320000,11.505000,10.300000,11.425000,6.267842,3176600
2009-01-20,11.235000,11.460000,10.860000,10.935000,5.999023,4815200
2009-01-21,11.090000,11.790000,11.090000,11.610000,6.369334,2996400
2009-01-22,11.475000,11.800000,11.040000,11.165000,6.125202,3284600
2009-01-23,10.855000,11.715000,10.770000,11.510000,6.314470,2289000
2009-01-26,11.665000,12.250000,11.455000,11.895000,6.525687,2088800
2009-01-27,11.585000,11.845000,10.925000,11.290000,6.193779,2755000
2009-01-28,11.550000,11.900000,11.090000,11.855000,6.503743,2559400
2009-01-29,11.365000,11.955000,11.365000,11.705000,6.421450,1699200
2009-01-30,11.995000,12.225000,11.505000,11.685000,6.410479,1968600
2009-02-02,11.485000,11.625000,11.125000,11.475000,6.295270,1335400
2009-02-03,11.580000,12.165000,11.430000,12.030000,6.599748,1586800
2009-02-04,12.115000,12.625000,12.075000,12.415000,6.810961,1902400
2009-02-05,12.395000,12.485000,11.955000,12.075000,6.624434,2406200
2009-02-06,12.000000,12.950000,11.975000,12.770000,7.005720,3021200
2009-02-09,12.995000,13.710000,12.420000,13.255000,7.271791,2216200
2009-02-10,13.415000,13.450000,12.325000,12.470000,6.841136,4254000
2009-02-11,12.410000,12.900000,12.280000,12.605000,6.915195,2835200
2009-02-12,12.185000,12.965000,12.150000,12.950000,7.104468,3336200
2009-02-13,12.980000,13.250000,12.775000,12.865000,7.057836,3183600
2009-02-17,13.400000,13.400000,11.550000,12.580000,6.901482,3213200
2009-02-18,12.755000,12.870000,11.465000,11.740000,6.440655,2697400
2009-02-19,11.995000,12.450000,11.580000,11.760000,6.451626,3357800
2009-02-20,11.340000,11.515000,10.425000,10.745000,5.894789,3994400
2009-02-23,10.995000,11.250000,10.475000,10.555000,5.790553,3980800
2009-02-24,10.555000,11.500000,10.555000,11.350000,6.226696,3694000
2009-02-25,11.295000,12.195000,11.255000,11.955000,6.558604,5886400
2009-02-26,12.200000,12.245000,11.765000,11.865000,6.509228,4472400
2009-02-27,11.470000,12.190000,11.320000,11.655000,6.394022,3648600
2009-03-02,11.290000,11.455000,10.500000,10.555000,5.790553,3516200
2009-03-03,10.710000,11.105000,10.440000,10.775000,5.911247,2629800
2009-03-04,11.250000,11.535000,11.145000,11.255000,6.174581,3391200
2009-03-05,10.885000,11.000000,10.370000,10.580000,5.804268,5244400
2009-03-06,10.685000,10.750000,10.015000,10.320000,5.661629,3564400
2009-03-09,10.250000,10.865000,10.090000,10.545000,5.785067,2846200
2009-03-10,10.865000,11.535000,10.740000,11.145000,6.114234,2392200
2009-03-11,11.375000,11.505000,10.695000,11.015000,6.042912,2978200
2009-03-12,11.185000,11.220000,10.585000,10.940000,6.001765,2937000
2009-03-13,11.005000,11.045000,10.290000,10.635000,5.834442,2492800
2009-03-16,10.530000,11.400000,10.530000,11.085000,6.081315,2799200
2009-03-17,11.160000,11.605000,10.770000,11.605000,6.366590,2449200
2009-03-18,11.500000,11.525000,10.575000,11.355000,6.269959,3294400
2009-03-19,11.750000,11.780000,11.345000,11.415000,6.303089,2713000
2009-03-20,11.450000,11.465000,10.495000,10.535000,5.817176,1728000
2009-03-23,10.825000,11.010000,10.535000,11.010000,6.079462,2285000
2009-03-24,10.880000,11.230000,10.665000,10.910000,6.024242,3507000
2009-03-25,11.020000,11.340000,10.860000,11.305000,6.242350,2872000
2009-03-26,11.345000,11.990000,11.345000,11.960000,6.604025,2680200
2009-03-27,11.775000,11.775000,11.145000,11.200000,6.184371,1857800
2009-03-30,10.795000,10.795000,10.350000,10.555000,5.828218,1793000
2009-03-31,10.680000,10.785000,10.430000,10.600000,5.853066,2343200
2009-04-01,10.315000,10.795000,10.315000,10.440000,5.764719,2989600
2009-04-02,10.705000,11.190000,10.705000,10.940000,6.040806,1773800
2009-04-03,10.945000,11.185000,10.670000,11.115000,6.137436,1555800
2009-04-06,10.905000,11.130000,10.695000,11.100000,6.129158,937000
2009-04-07,10.925000,10.990000,10.535000,10.615000,5.861349,1835600
2009-04-08,10.545000,10.825000,10.350000,10.655000,5.883434,2496800
2009-04-09,11.015000,11.185000,10.865000,11.185000,6.176091,1389000
2009-04-13,11.025000,11.115000,10.900000,11.040000,6.096024,1447600
2009-04-14,10.915000,11.010000,10.590000,10.700000,5.908283,1602600
2009-04-15,10.675000,10.815000,10.365000,10.550000,5.825458,1998400
2009-04-16,10.665000,11.700000,10.340000,11.615000,6.413528,4833000
2009-04-17,11.705000,12.240000,11.705000,11.990000,6.620592,3535000
2009-04-20,11.820000,11.845000,11.350000,11.400000,6.294804,2447400
2009-04-21,11.195000,11.500000,11.015000,11.225000,6.198177,2715200
2009-04-22,11.080000,11.550000,11.045000,11.070000,6.112589,2429800
2009-04-23,11.235000,11.325000,10.900000,10.990000,6.068415,1907600
2009-04-24,11.140000,11.545000,11.040000,11.460000,6.327939,1230200
2009-04-27,11.150000,11.255000,10.785000,10.865000,5.999395,2285600
2009-04-28,10.580000,11.160000,10.570000,10.935000,6.038045,2560000
2009-04-29,10.945000,11.100000,10.660000,10.745000,5.933132,1820200
2009-04-30,10.750000,11.040000,10.400000,10.480000,5.786805,1652200
2009-05-01,10.465000,10.985000,10.405000,10.845000,5.988348,1558600
2009-05-04,10.945000,11.835000,10.940000,11.835000,6.535006,1720600
2009-05-05,11.800000,12.400000,11.755000,12.350000,6.819376,2197400
2009-05-06,12.775000,12.955000,12.430000,12.910000,7.128594,1675200
2009-05-07,13.615000,15.815000,12.275000,12.625000,6.971222,6490400
2009-05-08,12.745000,13.560000,12.605000,13.015000,7.186572,2828400
2009-05-11,12.900000,12.945000,12.410000,12.575000,6.943617,1296200
2009-05-12,12.830000,12.830000,11.910000,12.180000,6.725505,1767800
2009-05-13,12.030000,12.190000,11.710000,11.885000,6.562617,2332200
2009-05-14,11.750000,12.330000,11.530000,12.170000,6.719983,1458000
2009-05-15,12.110000,12.350000,11.695000,11.765000,6.496354,1258400
2009-05-18,12.010000,12.335000,11.925000,12.190000,6.731026,2324000
2009-05-19,12.240000,12.620000,12.000000,12.435000,6.866311,2486200
2009-05-20,12.655000,13.105000,12.310000,12.370000,6.830417,2623800
2009-05-21,12.210000,12.265000,11.655000,11.790000,6.510158,2078000
2009-05-22,11.940000,12.030000,11.655000,11.710000,6.465983,1094000
2009-05-26,11.510000,11.615000,11.260000,11.570000,6.388675,3100800
2009-05-27,11.635000,11.940000,11.580000,11.720000,6.471504,2157800
2009-05-28,11.860000,12.050000,11.660000,11.945000,6.595744,2359600
2009-05-29,12.060000,12.230000,11.830000,12.095000,6.678570,2065200
2009-06-01,12.190000,12.540000,11.965000,12.155000,6.711701,2994200
2009-06-02,12.095000,12.325000,11.835000,11.910000,6.576418,1937200
2009-06-03,11.485000,11.485000,10.645000,10.770000,5.946937,4893600
2009-06-04,10.945000,10.965000,10.675000,10.925000,6.032525,3397200
2009-06-05,10.935000,11.015000,10.345000,10.510000,5.803370,2365200
2009-06-08,10.495000,10.765000,10.175000,10.670000,5.891721,2884000
2009-06-09,10.830000,10.980000,10.655000,10.825000,5.977306,2244000
2009-06-10,10.945000,11.045000,10.490000,10.765000,5.944177,3046600
2009-06-11,10.755000,10.780000,10.495000,10.545000,5.822699,1908000
2009-06-12,10.420000,10.440000,10.120000,10.360000,5.720543,1499400
2009-06-15,10.330000,10.465000,10.130000,10.275000,5.673609,1963200
2009-06-16,10.415000,10.430000,9.735000,9.880000,5.455501,2884000
2009-06-17,9.790000,9.790000,9.330000,9.400000,5.230158,2372800
2009-06-18,9.455000,9.530000,9.260000,9.425000,5.244070,2003600
2009-06-19,9.595000,9.595000,9.265000,9.390000,5.224594,2286400
2009-06-22,9.250000,9.250000,8.690000,8.825000,4.910229,2906400
2009-06-23,8.905000,8.975000,8.695000,8.890000,4.946393,2717800
2009-06-24,8.960000,9.090000,8.615000,8.645000,4.810078,2434600
2009-06-25,8.645000,9.115000,8.630000,9.080000,5.052109,2548200
2009-06-26,9.030000,9.100000,8.795000,8.870000,4.935266,1925200
2009-06-29,9.005000,9.135000,8.820000,8.855000,4.926920,2512800
2009-06-30,8.900000,9.020000,8.625000,8.990000,5.002035,3044800
2009-07-01,9.090000,9.600000,9.080000,9.515000,5.294145,3988800
2009-07-02,9.400000,9.420000,9.115000,9.310000,5.180081,2012600
2009-07-06,9.045000,9.145000,8.870000,9.125000,5.077147,2158600
2009-07-07,9.175000,9.180000,8.665000,8.675000,4.826766,2440400
2009-07-08,8.760000,8.850000,8.380000,8.535000,4.748871,2122800
2009-07-09,8.720000,9.000000,8.585000,8.805000,4.899100,1727000
2009-07-10,8.635000,8.660000,8.430000,8.570000,4.768346,1358400
2009-07-13,8.600000,8.775000,8.355000,8.775000,4.882410,1332400
2009-07-14,8.915000,8.955000,8.620000,8.775000,4.882410,1395800
2009-07-15,8.980000,9.190000,8.895000,9.140000,5.085495,2047400
2009-07-16,9.105000,9.295000,8.915000,9.230000,5.135570,1295000
2009-07-17,9.295000,9.605000,9.270000,9.560000,5.319181,1656200
2009-07-20,9.695000,9.830000,9.570000,9.670000,5.380385,3012600
2009-07-21,9.865000,9.865000,9.625000,9.840000,5.474974,1425800
2009-07-22,9.710000,9.965000,9.510000,9.900000,5.508360,1984600
2009-07-23,9.910000,10.510000,9.820000,10.460000,5.819941,2327800
2009-07-24,10.365000,10.620000,10.320000,10.605000,5.900621,1643800
2009-07-27,10.680000,11.085000,10.575000,10.980000,6.109270,1861000
2009-07-28,10.755000,10.755000,10.440000,10.570000,5.881146,1310600
2009-07-29,10.280000,10.385000,10.160000,10.240000,5.697534,1217400
2009-07-30,10.350000,10.710000,10.330000,10.620000,5.908964,1340200
2009-07-31,10.535000,10.745000,10.400000,10.635000,5.917310,802400
2009-08-03,10.805000,11.105000,10.795000,11.105000,6.178818,1216200
2009-08-04,10.965000,11.205000,10.965000,11.145000,6.201078,1119800
2009-08-05,11.105000,11.230000,10.855000,11.065000,6.156561,1004800
2009-08-06,11.005000,11.100000,10.780000,10.940000,6.087012,1067000
2009-08-07,10.980000,11.180000,10.810000,11.005000,6.123180,1510000
2009-08-10,10.800000,11.395000,10.800000,11.195000,6.228895,1448800
2009-08-11,11.080000,11.350000,10.930000,11.010000,6.125963,1573600
2009-08-12,11.060000,11.075000,10.735000,10.845000,6.034157,1469400
2009-08-13,10.930000,11.085000,10.730000,11.050000,6.148219,877000
2009-08-14,10.975000,11.095000,10.745000,10.975000,6.106489,1464600
2009-08-17,10.615000,10.695000,10.415000,10.660000,5.931219,1038600
2009-08-18,10.630000,11.095000,10.630000,11.065000,6.156561,1312400
2009-08-19,10.925000,11.425000,10.855000,11.285000,6.278972,1221600
2009-08-20,11.210000,11.420000,11.160000,11.320000,6.298446,752000
2009-08-21,11.465000,11.625000,11.295000,11.595000,6.451455,1589800
2009-08-24,11.730000,12.130000,11.720000,11.990000,6.671235,1180200
2009-08-25,11.980000,12.170000,11.850000,12.010000,6.682363,1201400
2009-08-26,11.940000,12.095000,11.825000,11.985000,6.668452,1227600
2009-08-27,11.985000,12.215000,11.815000,12.110000,6.738003,853000
2009-08-28,12.250000,12.415000,11.770000,11.905000,6.623939,1236000
2009-08-31,11.620000,11.745000,11.295000,11.420000,6.354084,1754800
2009-09-01,11.450000,11.580000,11.140000,11.170000,6.214988,1214600
2009-09-02,11.090000,11.255000,10.905000,10.940000,6.087012,1321800
2009-09-03,11.055000,11.160000,10.915000,11.100000,6.176041,1188400
2009-09-04,11.165000,11.330000,10.995000,11.310000,6.292881,562000
2009-09-08,11.565000,11.700000,11.425000,11.530000,6.415290,1327000
2009-09-09,11.600000,11.605000,11.250000,11.395000,6.340176,1620200
2009-09-10,11.365000,11.425000,11.075000,11.390000,6.337393,2780400
2009-09-11,11.400000,11.735000,11.395000,11.570000,6.437544,1578000
2009-09-14,11.460000,11.705000,11.350000,11.670000,6.493188,1242800
2009-09-15,11.770000,11.875000,11.545000,11.635000,6.473710,1354200
2009-09-16,11.640000,11.875000,11.555000,11.735000,6.529350,2191000
2009-09-17,11.555000,12.590000,11.555000,12.410000,6.949337,5851600
2009-09-18,12.410000,12.740000,12.260000,12.410000,6.949337,2163200
2009-09-21,12.200000,12.500000,11.995000,12.420000,6.954934,1325200
2009-09-22,12.635000,12.760000,12.515000,12.590000,7.050135,783200
2009-09-23,12.565000,12.625000,12.180000,12.235000,6.851340,1162000
2009-09-24,12.200000,12.305000,11.625000,11.635000,6.515351,1803000
2009-09-25,11.850000,12.685000,11.700000,12.500000,6.999731,3488400
2009-09-28,12.450000,12.585000,12.200000,12.515000,7.008134,1980200
2009-09-29,12.585000,12.725000,12.400000,12.575000,7.041733,1298400
2009-09-30,12.650000,13.110000,12.480000,12.810000,7.173330,2244200
2009-10-01,12.765000,12.885000,12.400000,12.430000,6.960537,1273600
2009-10-02,12.005000,12.470000,11.815000,12.220000,6.842941,1551400
2009-10-05,12.290000,12.745000,12.085000,12.725000,7.125729,1227400
2009-10-06,12.865000,13.025000,12.505000,12.675000,7.097730,1718200
2009-10-07,12.660000,13.075000,12.605000,13.035000,7.299322,1683800
2009-10-08,13.120000,13.360000,13.035000,13.300000,7.447715,1739000
2009-10-09,13.285000,13.575000,13.180000,13.500000,7.559714,1828200
2009-10-12,13.570000,14.100000,13.570000,13.890000,7.778101,1965200
2009-10-13,13.970000,14.020000,13.630000,13.715000,7.680108,1760600
2009-10-14,14.005000,14.005000,13.725000,13.840000,7.750101,2154800
2009-10-15,13.820000,14.885000,13.715000,14.875000,8.329685,2891200
2009-10-16,14.805000,15.000000,14.470000,14.880000,8.332482,1952200
2009-10-19,14.970000,15.120000,14.775000,14.835000,8.307283,1008200
2009-10-20,14.700000,15.680000,14.580000,15.630000,8.752469,2622800
2009-10-21,15.615000,16.764999,15.485000,16.160000,9.049255,3323000
2009-10-22,16.235001,16.485001,15.835000,16.430000,9.200449,1832600
2009-10-23,16.520000,16.674999,15.975000,16.004999,8.962460,1306400
2009-10-26,16.045000,16.590000,15.705000,15.755000,8.822464,1553400
2009-10-27,15.870000,15.950000,15.145000,15.350000,8.595674,2635200
2009-10-28,15.370000,15.390000,14.325000,14.330000,8.024496,2174600
2009-10-29,14.455000,15.390000,14.325000,15.260000,8.545277,3165000
2009-10-30,15.225000,15.385000,14.380000,14.505000,8.122491,1901200
2009-11-02,14.660000,14.770000,13.935000,14.275000,7.993698,1360200
2009-11-03,13.995000,14.745000,13.915000,14.635000,8.195290,2227400
2009-11-04,14.725000,14.875000,14.250000,14.320000,8.018897,2073400
2009-11-05,14.610000,14.620000,14.110000,14.355000,8.038492,2094800
2009-11-06,14.090000,14.440000,13.825000,13.995000,7.836901,1905400
2009-11-09,14.235000,14.275000,13.740000,13.860000,7.761306,1518400
2009-11-10,13.895000,14.320000,13.835000,14.215000,7.960097,1671200
2009-11-11,14.400000,14.610000,14.020000,14.065000,7.876100,1562800
2009-11-12,14.015000,14.365000,13.950000,14.155000,7.926498,2079800
2009-11-13,14.120000,14.365000,14.020000,14.250000,7.979700,1821000
2009-11-16,14.345000,14.640000,14.320000,14.610000,8.181290,1329600
2009-11-17,14.510000,14.650000,14.080000,14.210000,7.957297,1230400
2009-11-18,14.275000,14.320000,13.885000,14.015000,7.848101,1271400
2009-11-19,13.885000,13.935000,13.045000,13.105000,7.338521,2127200
2009-11-20,13.055000,13.255000,12.985000,13.160000,7.369316,1123800
2009-11-23,13.425000,13.555000,12.860000,12.975000,7.265724,1311800
2009-11-24,12.970000,13.165000,12.895000,12.920000,7.234926,1793400
2009-11-25,12.875000,13.310000,12.810000,13.265000,7.428116,998200
2009-11-27,12.895000,12.980000,12.680000,12.790000,7.162128,735400
2009-11-30,12.790000,12.855000,12.465000,12.725000,7.125729,1177200
2009-12-01,12.790000,12.890000,12.400000,12.640000,7.078132,2194200
2009-12-02,12.595000,12.805000,12.585000,12.760000,7.145328,1302600
2009-12-03,12.750000,12.850000,12.520000,12.550000,7.027732,1009400
2009-12-04,12.700000,12.875000,12.445000,12.680000,7.100532,1421400
2009-12-07,12.630000,13.010000,12.610000,12.660000,7.089333,1064000
2009-12-08,12.590000,12.605000,12.335000,12.380000,6.932537,2348600
2009-12-09,12.725000,12.725000,12.385000,12.510000,7.005335,3042800
2009-12-10,12.590000,12.695000,12.315000,12.555000,7.030532,2145200
2009-12-11,12.615000,12.685000,12.145000,12.335000,6.907341,2772400
2009-12-14,12.530000,12.645000,12.435000,12.530000,7.016531,915800
2009-12-15,12.500000,12.630000,12.265000,12.300000,6.887740,1457800
2009-12-16,12.375000,12.500000,12.030000,12.120000,6.786941,2102400
2009-12-17,11.985000,12.155000,11.785000,11.995000,6.758768,1006000
2009-12-18,12.100000,12.345000,12.075000,12.325000,6.944711,1655200
2009-12-21,12.385000,12.540000,12.340000,12.525000,7.057405,718400
2009-12-22,12.565000,12.580000,12.250000,12.440000,7.009511,875000
2009-12-23,12.505000,12.765000,12.325000,12.685000,7.147562,979400
2009-12-24,12.650000,12.770000,12.590000,12.770000,7.195454,158000
2009-12-28,12.845000,12.905000,12.700000,12.740000,7.178550,534400
2009-12-29,12.750000,12.840000,12.700000,12.775000,7.198272,591400
2009-12-30,12.745000,12.940000,12.645000,12.885000,7.260253,557800
2009-12-31,12.870000,12.950000,12.745000,12.815000,7.220809,546400
2010-01-04,13.125000,13.695000,13.005000,13.685000,7.711024,1826600
2010-01-05,13.725000,14.950000,13.650000,14.570000,8.209690,3336200
2010-01-06,14.550000,14.725000,14.190000,14.535000,8.189971,2168400
2010-01-07,14.520000,14.615000,14.235000,14.540000,8.192785,1169800
2010-01-08,14.365000,14.570000,14.295000,14.425000,8.127992,869000
2010-01-11,14.530000,14.790000,13.875000,14.070000,7.927960,1903400
2010-01-12,13.840000,13.840000,13.400000,13.540000,7.629325,1919200
2010-01-13,13.465000,13.465000,12.740000,13.335000,7.513811,1875400
2010-01-14,13.330000,13.455000,13.120000,13.335000,7.513811,897000
2010-01-15,13.380000,13.485000,13.175000,13.455000,7.581427,887800
2010-01-19,13.405000,13.575000,13.385000,13.500000,7.606785,1417400
2010-01-20,13.265000,13.560000,13.210000,13.515000,7.615240,1273200
2010-01-21,13.440000,13.675000,13.265000,13.330000,7.510995,1963800
2010-01-22,13.250000,13.430000,13.025000,13.050000,7.353223,1546200
2010-01-25,13.075000,13.210000,12.985000,13.055000,7.356043,891000
2010-01-26,12.980000,13.250000,12.830000,13.155000,7.412389,1409000
2010-01-27,13.180000,13.185000,12.855000,13.170000,7.420841,1236600
2010-01-28,13.310000,13.310000,12.835000,13.050000,7.353223,1538800
2010-01-29,13.165000,13.500000,12.975000,13.050000,7.353223,1845400
2010-02-01,13.160000,13.670000,13.115000,13.620000,7.674399,1570200
2010-02-02,13.700000,14.295000,13.520000,14.250000,8.029385,2093600
2010-02-03,14.220000,14.250000,13.810000,13.905000,7.834986,1846000
2010-02-04,13.775000,13.775000,13.340000,13.350000,7.522265,1146000
2010-02-05,13.315000,13.320000,12.745000,13.240000,7.460281,1612200
2010-02-08,13.270000,13.335000,12.990000,13.110000,7.387031,1035400
2010-02-09,13.235000,13.465000,13.030000,13.390000,7.544803,1154400
2010-02-10,13.305000,13.585000,13.075000,13.565000,7.643411,988000
2010-02-11,13.495000,13.610000,13.290000,13.455000,7.581427,707400
2010-02-12,13.160000,13.635000,13.120000,13.635000,7.682855,1077200
2010-02-16,13.890000,14.205000,13.715000,14.165000,7.981491,753800
2010-02-17,14.170000,14.305000,13.900000,14.060000,7.922323,905800
2010-02-18,14.090000,14.255000,13.975000,14.215000,8.009662,1511000
2010-02-19,14.110000,14.345000,14.075000,14.275000,8.043471,567600
2010-02-22,14.405000,14.440000,14.005000,14.170000,7.984304,1187600
2010-02-23,14.095000,14.160000,13.700000,13.855000,7.806815,794400
2010-02-24,14.020000,14.165000,13.825000,14.065000,7.925140,1034200
2010-02-25,13.805000,13.805000,12.635000,12.975000,7.310964,5131200
2010-02-26,12.970000,13.145000,12.700000,12.840000,7.234897,2360200
2010-03-01,12.820000,12.850000,12.565000,12.740000,7.178550,1321600
2010-03-02,12.755000,13.045000,12.740000,13.020000,7.336321,1195200
2010-03-03,13.010000,13.625000,12.935000,13.555000,7.637777,3890200
2010-03-04,13.555000,13.935000,13.495000,13.885000,7.823719,1529800
2010-03-05,13.955000,14.090000,13.870000,14.035000,7.908238,1501200
2010-03-08,14.035000,14.145000,13.795000,13.835000,7.795546,1064000
2010-03-09,13.640000,14.100000,13.635000,13.925000,7.846255,1973400
2010-03-10,13.890000,14.885000,13.740000,14.810000,8.344922,3600600
2010-03-11,14.795000,15.430000,14.455000,14.585000,8.218143,3478200
2010-03-12,14.745000,14.785000,14.265000,14.685000,8.274488,1587000
2010-03-15,14.675000,14.840000,14.135000,14.195000,7.998393,1453200
2010-03-16,14.300000,14.415000,14.105000,14.255000,8.032200,1365600
2010-03-17,14.350000,14.545000,14.240000,14.365000,8.094180,1381800
2010-03-18,14.250000,14.280000,13.790000,13.825000,7.830797,1249800
2010-03-19,13.720000,13.910000,13.375000,13.720000,7.771320,1821600
2010-03-22,13.565000,14.095000,13.490000,14.055000,7.961074,988000
2010-03-23,14.030000,14.280000,14.030000,14.130000,8.003552,1160800
2010-03-24,13.985000,14.695000,13.975000,14.660000,8.303761,1461200
2010-03-25,14.800000,14.940000,14.175000,14.220000,8.054529,2107000
2010-03-26,14.250000,14.295000,13.875000,13.905000,7.876104,945400
2010-03-29,13.960000,14.145000,13.890000,14.020000,7.941247,1152400
2010-03-30,13.965000,14.080000,13.860000,13.965000,7.910095,734000
2010-03-31,14.015000,14.125000,13.895000,13.955000,7.904430,1012400
2010-04-01,13.825000,14.305000,13.790000,14.235000,8.063025,1322600
2010-04-05,14.270000,15.125000,14.255000,15.090000,8.547318,1764200
2010-04-06,15.165000,15.285000,14.710000,14.715000,8.334915,1551200
2010-04-07,14.625000,14.625000,13.570000,13.670000,7.742997,2737000
2010-04-08,13.570000,13.700000,13.320000,13.505000,7.649540,1043800
2010-04-09,13.520000,13.750000,13.325000,13.550000,7.675026,1077000
2010-04-12,13.550000,13.650000,13.215000,13.265000,7.513599,1387200
2010-04-13,13.175000,13.335000,12.965000,13.230000,7.493774,1173600
2010-04-14,13.480000,13.515000,13.200000,13.430000,7.607058,1369200
2010-04-15,13.395000,13.485000,12.860000,12.945000,7.332344,2061800
2010-04-16,12.875000,12.915000,12.290000,12.485000,7.071785,2383000
2010-04-19,12.320000,12.570000,12.085000,12.300000,6.967001,2278800
2010-04-20,12.440000,12.595000,12.145000,12.525000,7.094445,1269600
2010-04-21,12.480000,12.740000,12.275000,12.440000,7.046299,1454600
2010-04-22,12.270000,12.575000,12.115000,12.515000,7.088782,1173000
2010-04-23,12.670000,13.025000,12.615000,13.025000,7.377656,1743400
2010-04-26,13.175000,13.280000,13.035000,13.185000,7.468282,1377800
2010-04-27,13.160000,13.290000,12.730000,12.745000,7.219059,1389200
2010-04-28,12.735000,13.025000,12.620000,12.840000,7.272868,1013000
2010-04-29,12.935000,13.445000,12.875000,13.360000,7.567410,1186200
2010-04-30,13.355000,13.665000,13.265000,13.500000,7.646708,1846200
2010-05-03,13.535000,13.985000,13.415000,13.945000,7.898768,1217600
2010-05-04,13.790000,13.790000,13.260000,13.540000,7.669370,2452200
2010-05-05,13.300000,13.655000,12.760000,13.280000,7.522094,2544600
2010-05-06,13.360000,13.665000,12.020000,12.620000,7.148256,2674000
2010-05-07,12.720000,13.150000,12.165000,12.315000,6.975499,3403200
2010-05-10,12.855000,13.200000,12.700000,13.200000,7.476783,1901800
2010-05-11,12.765000,13.570000,12.755000,13.160000,7.454123,1422400
2010-05-12,13.180000,14.115000,13.180000,14.060000,7.963903,2575400
2010-05-13,14.090000,14.440000,13.925000,14.335000,8.119670,2992800
2010-05-14,14.140000,14.200000,13.690000,13.905000,7.876104,2785000
2010-05-17,13.935000,13.975000,13.100000,13.455000,7.621215,2153400
2010-05-18,13.675000,13.975000,13.185000,13.245000,7.502271,1630600
2010-05-19,13.105000,13.580000,13.010000,13.525000,7.660869,2058800
2010-05-20,12.955000,13.345000,12.550000,12.775000,7.236052,2704400
2010-05-21,12.505000,13.305000,12.410000,12.890000,7.301190,2171800
2010-05-24,12.530000,12.745000,12.210000,12.230000,6.927350,2125400
2010-05-25,11.860000,12.195000,11.660000,12.180000,6.899029,2224600
2010-05-26,12.315000,12.485000,11.865000,11.925000,6.754591,2434400
2010-05-27,12.215000,12.800000,12.150000,12.775000,7.236052,2055400
2010-05-28,12.740000,13.270000,12.655000,12.950000,7.335176,3684000
2010-06-01,12.840000,13.250000,12.520000,12.520000,7.091618,1802600
2010-06-02,12.610000,12.885000,12.395000,12.885000,7.298356,2017800
2010-06-03,12.975000,13.070000,12.695000,12.995000,7.360664,2798800
2010-06-04,12.665000,12.945000,12.340000,12.500000,7.080281,3101200
2010-06-07,12.500000,12.560000,12.190000,12.235000,6.930183,2122200
2010-06-08,12.320000,12.495000,11.920000,12.140000,6.876376,2712400
2010-06-09,12.250000,12.490000,11.975000,12.050000,6.825397,2444000
2010-06-10,12.325000,12.690000,12.310000,12.660000,7.170911,1681200
2010-06-11,12.540000,12.855000,12.445000,12.850000,7.278533,1342400
2010-06-14,12.925000,13.180000,12.910000,12.965000,7.343670,1712200
2010-06-15,13.165000,13.495000,13.130000,13.495000,7.643877,1317400
2010-06-16,13.340000,13.940000,13.340000,13.800000,7.816638,1781800
2010-06-17,13.675000,13.810000,13.450000,13.630000,7.762530,1475200
2010-06-18,13.640000,13.830000,13.475000,13.705000,7.805243,2041000
2010-06-21,13.950000,13.980000,13.440000,13.535000,7.708424,1485200
2010-06-22,13.495000,13.605000,13.080000,13.215000,7.526177,1481000
2010-06-23,13.515000,13.920000,13.450000,13.815000,7.867891,3987800
2010-06-24,13.795000,14.125000,13.705000,13.890000,7.910605,3627600
2010-06-25,14.005000,14.280000,13.575000,13.980000,7.961860,3675600
2010-06-28,13.965000,14.205000,13.630000,14.045000,7.998878,1332000
2010-06-29,13.785000,13.840000,13.215000,13.310000,7.580286,1422000
2010-06-30,13.335000,13.740000,13.225000,13.290000,7.568895,1452800
2010-07-01,13.315000,13.440000,12.720000,12.860000,7.324004,2640400
2010-07-02,12.875000,13.060000,12.495000,12.605000,7.178774,1638400
2010-07-06,12.925000,13.085000,12.220000,12.350000,7.033548,2379800
2010-07-07,12.335000,12.700000,12.285000,12.645000,7.201554,1563400
2010-07-08,13.075000,13.075000,12.705000,13.055000,7.435059,1863800
2010-07-09,12.990000,13.270000,12.920000,13.270000,7.557506,943200
2010-07-12,13.275000,13.335000,12.955000,13.085000,7.452145,681600
2010-07-13,13.320000,13.500000,13.200000,13.280000,7.563199,982000
2010-07-14,13.245000,13.245000,12.775000,12.965000,7.383800,1546000
2010-07-15,12.960000,13.040000,12.635000,12.965000,7.383800,1038600
2010-07-16,12.930000,12.930000,12.515000,12.595000,7.173080,961200
2010-07-19,12.675000,12.675000,12.235000,12.400000,7.062021,1002800
2010-07-20,12.175000,12.560000,12.175000,12.535000,7.138908,2023200
2010-07-21,12.605000,12.760000,12.460000,12.565000,7.155996,1012000
2010-07-22,12.700000,12.825000,12.580000,12.765000,7.269897,1019200
2010-07-23,12.700000,12.750000,12.440000,12.690000,7.227186,1048000
2010-07-26,12.770000,12.975000,12.645000,12.975000,7.389498,737200
2010-07-27,13.195000,13.250000,12.685000,12.900000,7.346781,1089200
2010-07-28,12.855000,12.880000,12.575000,12.835000,7.309763,1093200
2010-07-29,12.870000,13.090000,12.815000,13.015000,7.412275,1131400
2010-07-30,12.890000,13.375000,12.785000,13.365000,7.611611,1332600
2010-08-02,13.570000,13.710000,13.425000,13.640000,7.768226,1289600
2010-08-03,13.545000,13.650000,13.425000,13.435000,7.651476,969600
2010-08-04,13.500000,13.675000,13.330000,13.660000,7.779614,838000
2010-08-05,13.665000,13.750000,13.420000,13.670000,7.785309,1504200
2010-08-06,13.600000,14.090000,13.600000,14.075000,8.015965,1596600
2010-08-09,14.235000,14.350000,14.050000,14.320000,8.155499,1067600
2010-08-10,14.180000,14.180000,13.915000,13.955000,7.947625,1088400
2010-08-11,13.765000,13.765000,13.225000,13.245000,7.543266,1046000
2010-08-12,13.045000,13.385000,13.045000,13.205000,7.520484,969600
2010-08-13,13.150000,13.405000,13.125000,13.225000,7.531878,620200
2010-08-16,13.145000,13.315000,13.040000,13.125000,7.474926,698200
2010-08-17,13.340000,13.485000,13.165000,13.290000,7.568895,1046200
2010-08-18,13.220000,13.455000,13.025000,13.320000,7.585981,1198800
2010-08-19,13.230000,13.525000,13.140000,13.470000,7.671406,1689800
2010-08-20,13.370000,13.430000,13.120000,13.395000,7.628692,937600
2010-08-23,13.510000,13.765000,13.385000,13.395000,7.628692,1231800
2010-08-24,13.190000,13.270000,12.870000,13.195000,7.514790,1360200
2010-08-25,13.075000,13.185000,12.885000,13.115000,7.469228,666800
2010-08-26,13.165000,13.260000,12.895000,12.940000,7.369563,1062000
2010-08-27,12.985000,13.275000,12.875000,13.250000,7.546115,1142400
2010-08-30,13.240000,13.385000,13.190000,13.195000,7.514790,1039200
2010-08-31,13.175000,13.280000,12.960000,13.005000,7.406584,1576600
2010-09-01,13.215000,13.300000,13.095000,13.165000,7.497705,1035600
2010-09-02,13.165000,13.640000,13.075000,13.420000,7.642932,1130600
2010-09-03,13.615000,13.825000,13.595000,13.785000,7.850806,798200
2010-09-07,13.720000,13.970000,13.545000,13.850000,7.887825,892800
2010-09-08,13.850000,13.945000,13.625000,13.790000,7.853653,775200
2010-09-09,13.900000,13.900000,13.680000,13.795000,7.856501,613800
2010-09-10,13.895000,14.470000,13.895000,14.310000,8.149803,2186400
2010-09-13,14.405000,14.860000,14.360000,14.690000,8.366219,1299000
2010-09-14,14.605000,14.930000,14.545000,14.680000,8.360528,1084800
2010-09-15,14.565000,14.565000,13.885000,14.025000,7.987489,1626200
2010-09-16,14.015000,14.025000,13.750000,13.795000,7.856501,1048000
2010-09-17,13.735000,13.735000,13.465000,13.555000,7.762017,2040000
2010-09-20,13.560000,13.995000,13.530000,13.930000,7.976755,723600
2010-09-21,13.920000,14.230000,13.830000,14.080000,8.062650,1342600
2010-09-22,14.120000,14.250000,13.700000,13.770000,7.885136,998400
2010-09-23,13.620000,13.770000,13.545000,13.615000,7.796373,636400
2010-09-24,13.760000,13.900000,13.680000,13.895000,7.956714,690000
2010-09-27,13.930000,14.050000,13.835000,13.965000,7.996796,448400
2010-09-28,14.000000,14.085000,13.835000,14.005000,8.019700,1217800
2010-09-29,14.000000,14.250000,13.980000,14.180000,8.119910,1234000
2010-09-30,14.260000,14.490000,13.985000,14.375000,8.231577,798800
2010-10-01,14.525000,14.620000,14.380000,14.450000,8.274522,653200
2010-10-04,14.380000,14.475000,14.095000,14.245000,8.157135,707800
2010-10-05,14.420000,14.775000,14.320000,14.685000,8.409092,1278600
2010-10-06,14.595000,14.995000,14.550000,14.755000,8.449176,1581200
2010-10-07,14.860000,14.860000,14.495000,14.765000,8.454899,592600
2010-10-08,14.740000,15.245000,14.635000,15.100000,8.646733,891400
2010-10-11,15.175000,15.400000,15.095000,15.275000,8.746943,650200
2010-10-12,15.185000,15.280000,14.970000,15.175000,8.689676,886400
2010-10-13,15.305000,16.290001,15.255000,16.215000,9.285221,4189000
2010-10-14,16.219999,16.799999,16.120001,16.600000,9.505680,2857000
2010-10-15,16.610001,16.764999,16.260000,16.504999,9.451277,1531200
2010-10-18,16.424999,16.700001,16.379999,16.645000,9.531448,718800
2010-10-19,16.360001,17.120001,16.360001,16.790001,9.614478,3135200
2010-10-20,16.875000,17.084999,16.639999,16.955000,9.708962,1212000
2010-10-21,16.945000,17.075001,15.795000,15.855000,9.079069,2284400
2010-10-22,15.865000,16.155001,15.675000,16.125000,9.233677,1416400
2010-10-25,16.549999,17.240000,16.549999,16.635000,9.525723,1765800
2010-10-26,16.635000,16.830000,16.465000,16.715000,9.571531,988600
2010-10-27,16.545000,16.695000,16.245001,16.405001,9.394015,787600
2010-10-28,16.535000,16.930000,16.440001,16.480000,9.436967,1741000
2010-10-29,16.415001,16.530001,16.139999,16.365000,9.371114,854200
2010-11-01,16.584999,16.885000,16.500000,16.705000,9.565807,1304200
2010-11-02,16.900000,16.900000,16.299999,16.379999,9.379704,1051200
2010-11-03,16.465000,16.889999,16.420000,16.875000,9.663153,1310200
2010-11-04,16.865000,17.445000,16.084999,16.395000,9.388288,2490400
2010-11-05,16.145000,16.290001,15.685000,16.125000,9.233677,2199400
2010-11-08,15.885000,16.495001,15.885000,16.459999,9.425510,890400
2010-11-09,16.520000,16.650000,16.424999,16.530001,9.465596,899000
2010-11-10,16.570000,16.770000,16.459999,16.680000,9.551491,1559600
2010-11-11,16.584999,17.305000,16.584999,17.260000,9.883617,989800
2010-11-12,17.165001,17.275000,16.680000,16.785000,9.611615,613200
2010-11-15,16.889999,17.145000,16.775000,16.950001,9.706099,852600
2010-11-16,16.820000,16.934999,16.420000,16.760000,9.597301,1340200
2010-11-17,16.730000,16.945000,16.535000,16.754999,9.594438,575600
2010-11-18,16.940001,17.665001,16.940001,17.430000,9.980966,1120600
2010-11-19,17.389999,17.475000,16.959999,17.385000,9.955197,1835200
2010-11-22,17.315001,17.680000,17.030001,17.455000,9.995275,1429800
2010-11-23,17.295000,17.395000,17.040001,17.084999,9.783405,752200
2010-11-24,17.200001,17.820000,17.174999,17.790001,10.187111,618600
2010-11-26,17.645000,17.670000,17.445000,17.465000,10.001008,162600
2010-11-29,17.490000,18.025000,17.215000,17.915001,10.258689,1266800
2010-11-30,17.700001,17.995001,17.600000,17.969999,10.290187,847000
2010-12-01,18.315001,18.684999,18.129999,18.395000,10.533550,1003000
2010-12-02,18.395000,18.540001,18.190001,18.334999,10.499194,990200
2010-12-03,18.285000,18.559999,18.225000,18.434999,10.556458,1060800
2010-12-06,18.445000,18.834999,18.445000,18.740000,10.731109,966400
2010-12-07,18.924999,19.115000,18.665001,18.745001,10.733973,1109800
2010-12-08,18.735001,19.030001,17.905001,18.910000,10.828458,1287000
2010-12-09,18.965000,19.030001,18.655001,18.860001,10.799829,634200
2010-12-10,18.879999,19.209999,18.870001,19.200001,10.994525,458600
2010-12-13,19.405001,19.455000,18.934999,18.985001,10.871408,1051600
2010-12-14,18.985001,19.045000,18.660000,18.750000,10.736835,824800
2010-12-15,18.690001,18.754999,18.480000,18.490000,10.587950,928400
2010-12-16,18.395000,18.480000,18.145000,18.445000,10.605201,899600
2010-12-17,18.430000,18.730000,18.325001,18.709999,10.757564,2011800
2010-12-20,18.725000,19.424999,18.629999,19.415001,11.162917,866600
2010-12-21,19.459999,19.690001,19.340000,19.625000,11.283661,589400
2010-12-22,19.670000,19.980000,19.660000,19.764999,11.364155,541200
2010-12-23,19.785000,20.004999,19.725000,19.934999,11.461897,560200
2010-12-27,19.840000,19.840000,19.459999,19.715000,11.335403,449400
2010-12-28,19.730000,19.924999,19.584999,19.915001,11.450400,803800
2010-12-29,19.980000,20.690001,19.915001,20.490000,11.781001,806400
2010-12-30,20.525000,20.615000,20.209999,20.315001,11.680387,645800
2010-12-31,20.370001,20.584999,20.334999,20.385000,11.720630,485600
2011-01-03,20.625000,20.940001,20.540001,20.889999,12.010986,564800
2011-01-04,20.950001,21.059999,20.389999,20.465000,11.766633,1119200
2011-01-05,20.344999,20.620001,20.309999,20.475000,11.772377,1468400
2011-01-06,20.360001,20.450001,19.920000,20.385000,11.720630,1767400
2011-01-07,20.400000,20.969999,20.235001,20.885000,12.008109,1565600
2011-01-10,20.834999,21.405001,20.680000,21.330000,12.263973,1569600
2011-01-11,21.500000,21.545000,21.025000,21.139999,12.154732,990600
2011-01-12,21.215000,21.525000,21.020000,21.305000,12.249600,897000
2011-01-13,21.370001,21.620001,21.209999,21.350000,12.275468,986000
2011-01-14,21.430000,21.684999,21.080000,21.615000,12.427834,1183200
2011-01-18,21.719999,21.760000,21.350000,21.590000,12.413465,1199200
2011-01-19,21.500000,21.820000,21.125000,21.230000,12.206472,1780200
2011-01-20,21.084999,21.084999,20.070000,20.740000,11.924740,2845400
2011-01-21,20.969999,21.075001,20.790001,20.975000,12.059857,1067800
2011-01-24,20.950001,21.240000,20.834999,21.235001,12.209351,566600
2011-01-25,21.200001,21.240000,20.840000,21.225000,12.203600,1399800
2011-01-26,21.254999,22.805000,21.254999,22.450001,12.907933,3189000
2011-01-27,22.420000,23.020000,22.170000,22.969999,13.206913,1832600
2011-01-28,22.900000,23.575001,22.850000,23.469999,13.494392,2855600
2011-01-31,23.705000,24.745001,23.705000,24.535000,14.106728,3814200
2011-02-01,24.615000,25.180000,24.410000,25.139999,14.454583,2557000
2011-02-02,25.275000,26.405001,25.225000,25.680000,14.765062,3068800
2011-02-03,25.635000,25.950001,25.355000,25.764999,14.813936,2265600
2011-02-04,25.764999,26.379999,25.670000,26.325001,15.135914,2290400
2011-02-07,26.535000,27.740000,26.375000,27.200001,15.639009,3204600
2011-02-08,27.100000,27.809999,26.860001,27.750000,15.955236,2022200
2011-02-09,27.785000,27.975000,26.965000,27.530001,15.828744,2201400
2011-02-10,27.320000,28.825001,27.180000,28.735001,16.521570,1806200
2011-02-11,28.559999,29.070000,27.985001,28.400000,16.328964,2863800
2011-02-14,28.620001,29.665001,28.475000,29.500000,16.961426,2425200
2011-02-15,29.570000,29.600000,28.885000,29.135000,16.751564,2467000
2011-02-16,29.075001,30.410000,29.049999,30.070000,17.289148,2560600
2011-02-17,30.375000,30.955000,29.885000,30.260000,17.398401,2778600
2011-02-18,29.670000,29.865000,27.985001,28.055000,16.130608,5441800
2011-02-22,28.379999,28.719999,27.334999,27.785000,15.975362,4421400
2011-02-23,28.410000,28.680000,27.445000,27.655001,15.900617,3109400
2011-02-24,27.730000,27.850000,26.250000,26.525000,15.250901,3206600
2011-02-25,26.594999,29.174999,26.594999,28.910000,16.622194,3730000
2011-02-28,29.145000,29.600000,28.315001,28.570000,16.426706,2426400
2011-03-01,28.754999,28.834999,27.700001,27.780001,15.972486,2598600
2011-03-02,27.725000,28.594999,27.540001,28.530001,16.403715,1747400
2011-03-03,28.834999,29.990000,28.639999,29.340000,16.869429,2847600
2011-03-04,29.334999,29.600000,28.850000,29.000000,16.673943,1623400
2011-03-07,29.090000,29.250000,26.795000,27.299999,15.696502,2530400
2011-03-08,27.254999,27.280001,26.184999,26.195000,15.061172,3657600
2011-03-09,26.209999,27.055000,26.000000,26.924999,15.480890,2539200
2011-03-10,26.389999,26.610001,25.375000,25.955000,14.923182,2839200
2011-03-11,25.920000,27.799999,25.920000,27.690001,15.920739,3150600
2011-03-14,27.094999,28.545000,27.084999,28.415001,16.337593,3917200
2011-03-15,27.084999,28.014999,26.730000,27.799999,15.983988,2487800
2011-03-16,27.825001,28.379999,26.635000,27.150000,15.610258,3172200
2011-03-17,27.795000,28.320000,27.330000,27.379999,15.742500,3021000
2011-03-18,27.885000,27.920000,27.250000,27.540001,15.834490,5079800
2011-03-21,27.969999,29.230000,27.795000,28.905001,16.619318,3469200
2011-03-22,29.010000,29.170000,27.875000,28.344999,16.297337,2403400
2011-03-23,28.025000,28.690001,27.735001,28.320000,16.326166,1868200
2011-03-24,28.485001,28.660000,27.235001,28.125000,16.213747,2412400
2011-03-25,28.610001,30.000000,28.379999,29.905001,17.239895,2768800
2011-03-28,29.934999,30.150000,29.555000,29.684999,17.113066,2278000
2011-03-29,29.500000,31.000000,29.340000,30.770000,17.738564,2165000
2011-03-30,31.094999,31.605000,30.389999,30.889999,17.807743,2208800
2011-03-31,31.040001,31.344999,30.264999,30.379999,17.513735,1530800
2011-04-01,30.799999,31.059999,30.139999,30.805000,17.758736,1907400
2011-04-04,31.035000,31.760000,30.879999,31.639999,18.240105,1751400
2011-04-05,31.610001,32.775002,31.510000,32.474998,18.721476,1990200
2011-04-06,33.224998,33.275002,31.295000,31.309999,18.049862,3031800
2011-04-07,31.334999,31.334999,30.230000,30.545000,17.608858,1638600
2011-04-08,30.625000,31.285000,29.525000,30.045000,17.320608,1539600
2011-04-11,30.040001,30.760000,29.750000,30.020000,17.306198,1209400
2011-04-12,29.735001,30.195000,28.575001,29.035000,16.738352,3374000
2011-04-13,29.575001,30.840000,29.334999,30.735001,17.718388,4612600
2011-04-14,30.525000,30.575001,29.735001,30.535000,17.603086,2200200
2011-04-15,30.660000,30.910000,30.299999,30.795000,17.752975,1707000
2011-04-18,30.150000,30.150000,29.120001,29.559999,17.041014,2287600
2011-04-19,29.695000,30.475000,29.299999,30.440001,17.548325,2405000
2011-04-20,31.065001,31.719999,30.805000,31.580000,18.205519,2009400
2011-04-21,31.799999,31.910000,31.424999,31.815001,18.340992,1198600
2011-04-25,31.885000,31.980000,30.900000,31.334999,18.064280,1642800
2011-04-26,31.450001,31.450001,29.254999,29.385000,16.940117,2800000
2011-04-27,29.625000,29.719999,27.625000,29.090000,16.770061,4548800
2011-04-28,29.055000,29.400000,28.379999,28.750000,16.574055,1651400
2011-04-29,28.855000,29.305000,28.730000,28.950001,16.689358,1464000
2011-05-02,29.000000,29.245001,28.285000,28.445000,16.398220,2164800
2011-05-03,28.180000,28.375000,26.825001,27.160000,15.657434,3005200
2011-05-04,27.184999,27.184999,26.004999,26.115000,15.055006,3691000
2011-05-05,26.555000,27.530001,25.299999,26.870001,15.490258,4204400
2011-05-06,26.955000,28.495001,26.955000,27.775000,16.011976,3457600
2011-05-09,27.764999,30.000000,27.610001,29.745001,17.147661,3969600
2011-05-10,29.975000,30.795000,29.920000,30.639999,17.663620,4536800
2011-05-11,30.264999,30.495001,28.775000,29.260000,16.868067,3066000
2011-05-12,29.035000,29.125000,28.040001,28.080000,16.187811,3050200
2011-05-13,28.309999,29.240000,28.059999,28.330000,16.331932,3200000
2011-05-16,28.180000,29.305000,27.695000,28.040001,16.164745,3333200
2011-05-17,28.080000,28.684999,27.629999,28.059999,16.176275,2296200
2011-05-18,28.055000,30.120001,28.025000,29.885000,17.228363,3905200
2011-05-19,30.004999,30.325001,29.660000,30.209999,17.415730,2529600
2011-05-20,30.280001,30.465000,29.600000,29.684999,17.113066,2221600
2011-05-23,29.065001,30.320000,28.575001,30.285000,17.458963,2414800
2011-05-24,30.575001,31.145000,30.115000,30.205000,17.412851,3107200
2011-05-25,29.990000,31.000000,29.910000,30.480000,17.571384,1658800
2011-05-26,30.395000,30.875000,29.955000,30.145000,17.378262,2449000
2011-05-27,30.330000,31.445000,30.330000,30.754999,17.729914,2037800
2011-05-31,31.469999,31.485001,30.680000,31.155001,17.960518,1618200
2011-06-01,31.020000,31.670000,30.280001,30.395000,17.522375,1850000
2011-06-02,30.510000,30.700001,28.775000,29.200001,16.833477,3129600
2011-06-03,28.605000,29.879999,28.350000,29.600000,17.064074,1691400
2011-06-06,29.420000,29.750000,27.680000,27.879999,16.072504,2654000
2011-06-07,28.180000,29.850000,28.180000,29.485001,16.997772,2912000
2011-06-08,29.170000,29.545000,28.450001,28.555000,16.461639,2087000
2011-06-09,28.830000,29.160000,28.504999,29.160000,16.810423,2114400
2011-06-10,28.790001,30.195000,28.715000,29.990000,17.288900,4018800
2011-06-13,30.139999,31.475000,29.570000,29.895000,17.234140,3077800
2011-06-14,30.610001,32.294998,30.590000,31.920000,18.401518,4662600
2011-06-15,31.315001,32.314999,30.930000,31.365000,18.081577,2811200
2011-06-16,31.360001,31.750000,30.750000,31.280001,18.032570,2033200
2011-06-17,31.750000,32.014999,30.795000,31.290001,18.081697,3219000
2011-06-20,31.035000,32.355000,30.950001,32.224998,18.622004,3622000
2011-06-21,32.474998,34.000000,32.474998,33.310001,19.248995,5864800
2011-06-22,33.450001,34.130001,33.125000,33.400002,19.301006,4238200
2011-06-23,32.474998,32.759998,31.600000,32.750000,18.925381,6421800
2011-06-24,32.700001,32.884998,29.590000,29.905001,17.281328,8465600
2011-06-27,29.709999,31.254999,29.459999,31.000000,17.914110,5339600
2011-06-28,31.465000,33.625000,31.410000,33.130001,19.144983,6219000
2011-06-29,33.529999,34.689999,32.805000,34.090000,19.699739,5339200
2011-06-30,34.529999,34.935001,34.330002,34.700001,20.052242,23733600
2011-07-01,34.509998,35.930000,34.250000,35.930000,20.763027,2651400
2011-07-05,36.834999,38.900002,36.119999,36.314999,20.985510,3671800
2011-07-06,36.450001,36.500000,35.330002,35.985001,20.794807,3886800
2011-07-07,36.450001,37.744999,36.255001,36.825001,21.280230,5737800
2011-07-08,36.005001,37.709999,36.000000,36.965000,21.361128,5000200
2011-07-11,36.320000,36.994999,35.904999,36.275002,20.962402,3155800
2011-07-12,35.685001,36.459999,35.680000,35.855000,20.719690,3950400
2011-07-13,36.180000,36.415001,35.660000,35.709999,20.635899,4202400
2011-07-14,36.049999,36.674999,34.564999,35.060001,20.260281,5899400
2011-07-15,35.410000,36.000000,35.115002,36.000000,20.803482,3658000
2011-07-18,35.700001,35.759998,35.299999,35.584999,20.563662,2607200
2011-07-19,35.950001,37.200001,35.904999,37.154999,21.470922,2958400
2011-07-20,37.480000,37.490002,36.724998,36.770000,21.248444,2007600
2011-07-21,36.915001,37.334999,36.580002,37.035000,21.401583,2096800
2011-07-22,36.970001,37.000000,36.435001,36.450001,21.063526,2017600
2011-07-25,36.275002,38.355000,36.165001,37.345001,21.580725,3073400
2011-07-26,37.119999,38.000000,36.590000,37.165001,21.476704,2602600
2011-07-27,36.855000,36.939999,35.750000,36.134998,20.881485,2465000
2011-07-28,36.070000,36.799999,35.535000,35.724998,20.644567,1664000
2011-07-29,35.455002,37.770000,34.959999,37.695000,21.782976,3533600
2011-08-01,38.650002,38.785000,37.509998,38.200001,22.074802,4306600
2011-08-02,38.305000,38.895000,36.595001,36.700001,21.207994,5415800
2011-08-03,36.419998,36.764999,34.625000,35.924999,20.760138,4227400
2011-08-04,35.525002,35.935001,32.904999,33.630001,19.433922,6331000
2011-08-05,34.270000,35.290001,31.450001,33.320000,19.254780,4653400
2011-08-08,32.200001,32.799999,29.145000,30.385000,17.558722,5100800
2011-08-09,31.315001,33.485001,30.940001,33.110001,19.133434,8058800
2011-08-10,32.869999,35.330002,32.500000,33.595001,19.413687,5128600
2011-08-11,33.355000,35.689999,33.205002,35.185001,20.639692,4104000
2011-08-12,35.959999,36.299999,34.625000,34.919998,20.484241,2624800
2011-08-15,35.500000,36.665001,35.250000,36.490002,21.405216,2876000
2011-08-16,35.744999,36.445000,34.985001,35.560001,20.859667,2071400
2011-08-17,36.005001,36.540001,35.060001,35.169998,20.630890,2188800
2011-08-18,33.945000,34.025002,32.775002,33.189999,19.469416,5122000
2011-08-19,32.564999,34.474998,32.500000,33.380001,19.580877,3746800
2011-08-22,32.685001,33.465000,30.870001,31.455000,18.451660,7537200
2011-08-23,31.745001,33.424999,31.010000,33.424999,19.607273,4583000
2011-08-24,33.270000,34.709999,32.959999,34.020000,19.956297,2645400
2011-08-25,34.459999,35.000000,32.665001,33.000000,19.357965,3463800
2011-08-26,32.915001,35.470001,32.674999,35.340000,20.730627,3776000
2011-08-29,35.615002,36.205002,34.369999,36.125000,21.191103,3103000
2011-08-30,36.075001,36.650002,35.445000,36.150002,21.205767,4108000
2011-08-31,36.744999,36.994999,35.375000,35.880001,21.047386,8052200
2011-09-01,35.599998,36.200001,34.299999,34.709999,20.361053,2826100
2011-09-02,33.820000,34.919998,33.360001,34.009998,19.950436,3420300
2011-09-06,32.930000,35.040001,32.930000,34.919998,20.484241,2702000
2011-09-07,35.540001,38.099998,35.540001,37.090000,21.757181,5385600
2011-09-08,37.119999,38.220001,36.119999,36.549999,21.440418,4113800
2011-09-09,36.020000,36.520000,34.639999,35.020000,20.542902,2920200
2011-09-12,34.529999,34.810001,33.669998,34.669998,20.337589,3168400
2011-09-13,34.830002,35.290001,32.070000,32.820000,19.252378,5537200
2011-09-14,33.000000,33.299999,31.410000,32.759998,19.268852,5038700
2011-09-15,33.279999,34.320000,32.299999,33.029999,19.427654,4263900
2011-09-16,33.020000,33.459999,32.669998,33.389999,19.639400,4226400
2011-09-19,32.529999,32.750000,31.510000,32.049999,18.851233,3337000
2011-09-20,32.240002,32.650002,30.650000,30.670000,18.039549,4591400
2011-09-21,30.870001,31.389999,29.580000,29.639999,17.433710,3918700
2011-09-22,28.650000,28.650000,26.219999,26.969999,15.863272,5852800
2011-09-23,26.830000,27.610001,26.670000,27.280001,16.045609,3185300
2011-09-26,27.389999,28.549999,26.750000,28.490000,16.757307,7177500
2011-09-27,29.170000,29.910000,27.780001,27.980000,16.457333,4130400
2011-09-28,28.230000,29.240000,27.000000,27.070000,15.922082,3817800
2011-09-29,27.670000,27.870001,24.250000,25.590000,15.051579,6952800
2011-09-30,25.190001,26.680000,24.709999,26.219999,15.422131,4942100
2011-10-03,26.059999,27.330000,25.020000,25.280001,14.869245,6388400
2011-10-04,24.920000,26.379999,24.290001,26.340000,15.492714,4008600
2011-10-05,26.219999,28.030001,25.870001,27.780001,16.339701,3157000
2011-10-06,27.480000,30.020000,26.780001,29.830000,17.545464,4746900
2011-10-07,29.920000,30.049999,28.020000,28.240000,16.610266,3063200
2011-10-10,28.950001,31.030001,28.950001,30.480000,17.927792,3282700
2011-10-11,30.299999,31.610001,29.950001,31.410000,18.474804,2403100
2011-10-12,31.790001,31.900000,30.830000,31.180000,18.339523,2642200
2011-10-13,31.070000,32.189999,30.940001,32.040001,18.845350,2882200
2011-10-14,33.730000,34.820000,33.400002,34.619999,20.362860,4837700
2011-10-17,34.669998,35.000000,32.669998,33.090000,19.462950,3492700
2011-10-18,33.070000,34.709999,31.520000,34.410000,20.239346,3474000
2011-10-19,34.439999,34.770000,32.419998,32.990002,19.404133,2862400
2011-10-20,32.770000,33.520000,31.559999,33.209999,19.533522,3274200
2011-10-21,33.790001,33.950001,32.990002,33.529999,19.721745,1627800
2011-10-24,34.070000,34.299999,31.780001,32.540001,19.139442,3784600
2011-10-25,30.820000,30.830000,28.120001,28.610001,16.827894,7754700
2011-10-26,29.809999,30.600000,29.090000,30.370001,17.863087,3682700
2011-10-27,31.400000,32.459999,30.680000,32.110001,18.886528,3379400
2011-10-28,32.160000,32.389999,31.299999,31.860001,18.739481,1469600
2011-10-31,31.580000,31.590000,30.490000,30.690001,18.051310,2987400
2011-11-01,29.790001,31.030001,29.400000,30.469999,17.921904,4142900
2011-11-02,31.170000,31.799999,30.559999,31.580000,18.574793,2000800
2011-11-03,31.809999,33.040001,31.230000,32.610001,19.180618,3055600
2011-11-04,32.490002,33.540001,31.840000,33.389999,19.639400,2162100
2011-11-07,33.849998,34.230000,32.770000,33.279999,19.574699,3628700
2011-11-08,33.869999,33.869999,32.040001,32.570000,19.157091,3251800
2011-11-09,31.910000,32.060001,30.250000,30.469999,17.921904,5386600
2011-11-10,31.030001,31.320000,27.840000,29.770000,17.510181,8689000
2011-11-11,30.820000,30.870001,28.059999,28.469999,16.745546,6535000
2011-11-14,27.540001,28.309999,27.000000,27.500000,16.175009,7907100
2011-11-15,28.040001,28.600000,27.430000,27.580000,16.222059,6579400
2011-11-16,25.340000,26.400000,24.309999,24.820000,14.598683,15326200
2011-11-17,25.260000,25.260000,23.750000,23.930000,14.075201,7347000
2011-11-18,24.250000,24.670000,23.680000,24.379999,14.339876,4270300
2011-11-21,23.980000,24.900000,23.500000,24.170000,14.216361,4438800
2011-11-22,24.549999,24.660000,23.049999,24.040001,14.139900,4791200
2011-11-23,23.629999,23.879999,22.400000,22.400000,13.175279,4337000
2011-11-25,21.780001,22.360001,21.629999,21.740000,13.079021,1037800
2011-11-28,22.820000,22.990000,22.290001,22.500000,13.536242,2681400
2011-11-29,22.500000,22.840000,22.090000,22.629999,13.614455,3379500
2011-11-30,23.420000,23.830000,22.719999,23.250000,13.987456,3700700
2011-12-01,23.260000,23.780001,23.230000,23.430000,14.095744,2447200
2011-12-02,24.230000,25.059999,24.100000,24.469999,14.721421,4373100
2011-12-05,25.030001,25.139999,23.770000,23.920000,14.390533,3836300
2011-12-06,23.860001,24.070000,23.270000,23.559999,14.173953,3886800
2011-12-07,23.410000,23.549999,23.000000,23.320000,14.029564,2550200
2011-12-08,23.180000,23.250000,21.809999,21.969999,13.274306,3476200
2011-12-09,22.190001,23.020000,22.040001,22.930000,13.854350,3150300
2011-12-12,22.650000,22.660000,21.719999,22.209999,13.419318,2900600
2011-12-13,22.360001,22.530001,21.549999,21.799999,13.171597,2800500
2011-12-14,21.650000,22.020000,21.129999,21.879999,13.219933,3432500
2011-12-15,22.129999,22.280001,21.590000,21.930000,13.250144,4358200
2011-12-16,22.340000,23.190001,22.200001,22.510000,13.600585,6223300
2011-12-19,22.309999,22.490000,21.780001,21.940001,13.256185,2643400
2011-12-20,22.340000,22.719999,22.139999,22.600000,13.654961,2524600
2011-12-21,22.459999,22.809999,22.070000,22.760000,13.751633,1922700
2011-12-22,22.680000,23.219999,22.680000,23.090000,13.951020,5540800
2011-12-23,23.270000,23.340000,22.850000,23.340000,14.102069,1148100
2011-12-27,23.350000,23.740000,22.809999,23.680000,14.307497,1549200
2011-12-28,23.770000,24.000000,22.840000,23.059999,13.932889,2294700
2011-12-29,23.040001,23.299999,22.750000,23.200001,14.017485,1447900
2011-12-30,23.230000,23.510000,23.049999,23.400000,14.138322,1628000
2012-01-03,24.010000,25.400000,23.959999,25.240000,15.250050,4225800
2012-01-04,25.400000,26.309999,24.879999,26.070000,15.751539,7134200
2012-01-05,25.100000,26.170000,24.750000,26.010000,15.715288,6053600
2012-01-06,26.070000,26.930000,25.770000,26.820000,16.204691,3854200
2012-01-09,26.760000,26.809999,25.730000,25.879999,15.636744,3642200
2012-01-10,26.320000,26.500000,25.850000,26.059999,15.745492,2383400
2012-01-11,25.840000,26.549999,25.780001,26.430000,15.969048,2555200
2012-01-12,26.440001,27.150000,26.209999,26.809999,16.198648,2809000
2012-01-13,26.580000,27.549999,26.500000,27.309999,16.500753,3117700
2012-01-17,27.650000,27.950001,27.500000,27.750000,16.766600,2610500
2012-01-18,27.840000,28.260000,27.610001,28.040001,16.941816,3681900
2012-01-19,28.270000,28.299999,27.309999,28.070000,16.959942,2487600
2012-01-20,28.049999,28.490000,27.879999,28.170000,17.020357,1829600
2012-01-23,28.260000,28.910000,28.200001,28.750000,17.370804,2475100
2012-01-24,28.520000,28.830000,28.280001,28.799999,17.401016,2523400
2012-01-25,28.830000,29.500000,28.580000,29.350000,17.733326,2292900
2012-01-26,29.620001,29.620001,28.170000,28.900000,17.461433,3122600
2012-01-27,28.889999,30.030001,28.809999,29.740000,17.968962,2879800
2012-01-30,29.350000,30.020000,29.049999,29.910000,18.071676,2276100
2012-01-31,30.139999,30.150000,29.230000,29.340000,17.727280,3290400
2012-02-01,29.700001,30.530001,29.700001,30.420000,18.379820,3324900
2012-02-02,30.580000,31.660000,30.450001,31.520000,19.044437,4297800
2012-02-03,32.080002,32.779999,32.000000,32.430000,19.594261,4673100
2012-02-06,32.389999,32.970001,32.110001,32.810001,19.823858,3013000
2012-02-07,32.830002,33.480000,32.060001,33.150002,20.029291,4894900
2012-02-08,33.299999,34.509998,32.930000,34.480000,20.832882,5403700
2012-02-09,34.590000,34.669998,33.639999,34.250000,20.693916,4048000
2012-02-10,33.799999,34.070000,33.349998,33.599998,20.301170,2924600
2012-02-13,34.049999,34.279999,32.400002,32.520000,19.648645,4934500
2012-02-14,33.130001,34.240002,32.750000,34.099998,20.603283,5275400
2012-02-15,34.439999,34.599998,33.869999,34.049999,20.573074,4196300
2012-02-16,34.009998,35.700001,33.529999,34.450001,20.814749,4139100
2012-02-17,34.590000,34.740002,33.020000,33.209999,20.065536,3756600
2012-02-21,33.549999,34.720001,33.549999,34.380001,20.772457,3543300
2012-02-22,34.500000,35.669998,34.250000,35.279999,21.316238,4585600
2012-02-23,35.349998,35.580002,34.650002,35.200001,21.267899,2719600
2012-02-24,35.310001,35.360001,33.820000,33.889999,20.476406,3259200
2012-02-27,33.650002,34.090000,33.080002,33.139999,20.023245,6947200
2012-02-28,33.080002,33.080002,30.980000,31.860001,19.249872,8419900
2012-02-29,32.139999,33.369999,32.029999,32.630001,19.715101,4406200
2012-03-01,32.520000,33.880001,31.879999,33.599998,20.617092,4165700
2012-03-02,33.389999,33.849998,33.000000,33.279999,20.420750,4406200
2012-03-05,33.270000,34.250000,32.849998,34.139999,20.948450,4758500
2012-03-06,33.610001,33.619999,32.750000,33.070000,20.291885,2715200
2012-03-07,33.220001,34.070000,32.700001,33.389999,20.488245,4434000
2012-03-08,33.820000,35.509998,33.650002,35.360001,21.697044,4119600
2012-03-09,35.419998,36.150002,34.790001,35.880001,22.016121,3790000
2012-03-12,35.950001,35.959999,35.189999,35.500000,21.782951,1618900
2012-03-13,35.799999,36.450001,35.599998,35.950001,22.059067,2948400
2012-03-14,36.139999,36.340000,34.820000,35.180000,21.646812,3659200
2012-03-15,35.240002,35.689999,34.630001,35.209999,21.665266,3452200
2012-03-16,35.400002,36.000000,35.049999,35.930000,22.108295,3753800
2012-03-19,35.790001,36.430000,35.400002,35.990002,22.145222,2632300
2012-03-20,35.500000,35.830002,35.009998,35.630001,21.923708,3240300
2012-03-21,35.630001,35.900002,34.849998,34.889999,21.468367,2146600
2012-03-22,34.480000,34.689999,33.639999,33.950001,20.889977,3073800
2012-03-23,33.959999,34.689999,33.910000,34.450001,21.197630,3339000
2012-03-26,34.259998,34.730000,33.849998,34.160000,21.019188,2362200
2012-03-27,34.040001,34.080002,32.720001,33.360001,20.526943,4385200
2012-03-28,33.299999,33.310001,31.900000,32.209999,19.819324,3742000
2012-03-29,31.490000,32.169998,31.080000,32.020000,19.702415,4774800
2012-03-30,32.330002,32.599998,31.700001,32.150002,19.782406,2854300
2012-04-02,32.000000,32.709999,31.410000,32.240002,19.837778,2762100
2012-04-03,32.320000,32.759998,31.719999,32.529999,20.016220,4267000
2012-04-04,32.299999,33.110001,31.879999,32.389999,19.930075,3976000
2012-04-05,32.189999,32.669998,30.830000,31.480000,19.370138,4378700
2012-04-09,31.100000,31.750000,30.680000,31.540001,19.407059,2083300
2012-04-10,31.410000,31.469999,29.389999,29.580000,18.201040,5071400
2012-04-11,30.059999,30.250000,29.459999,29.570000,18.194893,4416500
2012-04-12,29.740000,31.110001,29.650000,30.520000,18.779440,2567600
2012-04-13,30.469999,30.650000,29.990000,30.040001,18.484085,4687100
2012-04-16,30.320000,30.320000,28.290001,28.379999,17.462662,5099700
2012-04-17,28.670000,29.000000,28.299999,28.770000,17.702637,3557900
2012-04-18,28.600000,29.320000,28.440001,29.230000,17.985674,3004300
2012-04-19,29.299999,30.260000,29.250000,30.209999,18.588696,4800300
2012-04-20,30.309999,30.459999,29.680000,29.750000,18.305647,3590500
2012-04-23,29.299999,30.030001,28.959999,30.000000,18.459476,2804800
2012-04-24,29.950001,30.240000,29.709999,29.780001,18.324104,2198000
2012-04-25,30.100000,30.200001,29.299999,29.950001,18.428713,2670400
2012-04-26,29.910000,30.770000,29.760000,30.629999,18.847124,2176400
2012-04-27,30.940001,31.910000,30.799999,31.700001,19.505507,3760700
2012-04-30,32.130001,32.150002,30.459999,30.820000,18.964037,3406800
2012-05-01,30.910000,31.430000,30.520000,30.580000,18.816353,2816300
2012-05-02,30.440001,30.660000,30.020000,30.610001,18.834820,2509800
2012-05-03,30.600000,30.809999,29.920000,30.270000,18.625614,3637900
2012-05-04,29.889999,30.200001,29.280001,29.510000,18.157965,3539400
2012-05-07,29.209999,29.430000,28.500000,28.680000,17.647261,3860400
2012-05-08,28.520000,29.240000,28.230000,29.190001,17.961071,3585900
2012-05-09,28.709999,30.190001,28.450001,30.110001,18.527163,3251200
2012-05-10,30.299999,30.600000,29.980000,30.280001,18.631765,2186000
2012-05-11,29.980000,30.750000,29.730000,29.850000,18.367174,2651200
2012-05-14,29.400000,29.549999,28.430000,28.900000,17.782627,3893300
2012-05-15,28.920000,29.670000,28.049999,28.360001,17.450363,3638700
2012-05-16,28.400000,29.950001,28.400000,29.570000,18.194893,4093900
2012-05-17,29.639999,30.090000,29.049999,29.070000,17.887230,3232300
2012-05-18,29.230000,29.600000,28.080000,28.200001,17.351906,3820700
2012-05-21,28.320000,30.540001,28.219999,30.219999,18.594843,3872900
2012-05-22,30.309999,30.670000,29.049999,29.490000,18.145664,10294300
2012-05-23,29.240000,30.549999,29.000000,30.500000,18.767132,2878000
2012-05-24,30.160000,30.469999,29.860001,30.200001,18.892246,3407400
2012-05-25,30.260000,30.690001,29.980000,30.340000,18.979830,2785200
2012-05-29,30.670000,30.940001,30.049999,30.330000,18.973570,3756300
2012-05-30,30.000000,30.709999,29.270000,30.379999,19.004850,3073900
2012-05-31,30.320000,30.469999,29.120001,29.480000,18.441833,9458800
2012-06-01,28.870001,30.080000,28.870001,29.680000,18.566944,3758500
2012-06-04,29.570000,30.070000,28.299999,28.570000,17.872568,4196000
2012-06-05,28.480000,29.950001,28.299999,29.750000,18.610743,3002500
2012-06-06,30.020000,31.080000,30.000000,31.049999,19.423983,2872400
2012-06-07,31.520000,32.240002,30.660000,30.750000,19.236315,2598900
2012-06-08,30.440001,31.500000,30.180000,31.350000,19.707792,2835800
2012-06-11,31.750000,31.889999,30.799999,31.020000,19.500341,3847100
2012-06-12,31.570000,32.509998,31.490000,31.879999,20.040964,4660100
2012-06-13,31.760000,32.290001,31.440001,31.700001,19.927811,2003300
2012-06-14,31.830000,32.400002,31.500000,32.060001,20.154119,2276300
2012-06-15,32.040001,32.860001,31.900000,32.590000,20.487299,2550200
2012-06-18,32.150002,33.189999,31.760000,32.320000,20.317568,3464200
2012-06-19,32.590000,33.689999,32.369999,33.529999,21.078218,3658700
2012-06-20,33.630001,34.490002,33.419998,33.669998,21.166224,3966300
2012-06-21,33.770000,33.799999,31.680000,31.799999,19.990677,5086500
2012-06-22,32.110001,33.029999,31.809999,32.570000,20.474726,7147300
2012-06-25,32.110001,32.740002,31.850000,32.279999,20.292427,2335300
2012-06-26,32.389999,33.070000,32.220001,32.709999,20.562731,2387100
2012-06-27,32.889999,33.770000,32.279999,33.599998,21.122217,2762800
2012-06-28,33.250000,34.200001,33.220001,33.990002,21.367388,3241800
2012-06-29,34.990002,36.099998,34.990002,35.430000,22.272638,5951800
2012-07-02,35.720001,36.000000,35.160000,35.689999,22.436075,3599400
2012-07-03,36.150002,37.310001,36.000000,36.970001,23.240730,2814300
2012-07-05,36.959999,37.240002,36.110001,36.700001,23.070999,2891600
2012-07-06,36.189999,36.849998,36.150002,36.430000,22.901270,1631500
2012-07-09,36.400002,36.700001,36.009998,36.410000,22.888697,2149400
2012-07-10,36.750000,36.750000,35.349998,35.680000,22.429794,2163900
2012-07-11,35.750000,36.389999,35.389999,35.730000,22.461222,2793600
2012-07-12,35.279999,36.189999,35.000000,36.049999,22.662394,2505200
2012-07-13,36.060001,37.060001,36.060001,36.869999,23.177868,2453400
2012-07-16,36.889999,37.459999,36.689999,37.380001,23.498476,1546300
2012-07-17,37.549999,38.400002,37.349998,37.849998,23.793928,2448700
2012-07-18,37.849998,38.290001,37.660000,37.730000,23.718496,2476600
2012-07-19,38.049999,38.060001,36.240002,36.540001,22.970421,3165700
2012-07-20,36.049999,36.720001,35.700001,36.130001,22.712677,2291700
2012-07-23,35.540001,35.790001,34.669998,35.549999,22.348064,3184800
2012-07-24,35.290001,35.349998,34.009998,34.490002,21.681707,2175400
2012-07-25,34.560001,34.689999,33.919998,34.540001,21.713139,2092900
2012-07-26,34.810001,35.360001,34.209999,35.189999,22.121758,2604800
2012-07-27,35.430000,36.849998,35.150002,36.430000,22.901270,2367400
2012-07-30,36.400002,37.130001,36.230000,36.880001,23.184155,2108600
2012-07-31,36.639999,37.580002,36.639999,37.389999,23.504751,2152200
2012-08-01,37.619999,37.900002,34.500000,37.150002,23.353888,8327300
2012-08-02,36.869999,38.000000,36.599998,37.240002,23.410465,3759700
2012-08-03,38.020000,38.650002,37.259998,38.410000,24.145971,2230500
2012-08-06,38.830002,39.990002,38.759998,39.400002,24.768320,3353600
2012-08-07,39.869999,40.200001,39.169998,39.419998,24.780893,2941800
2012-08-08,39.419998,39.869999,38.919998,39.200001,24.642593,3218500
2012-08-09,39.200001,39.509998,38.790001,39.000000,24.516867,3057600
2012-08-10,38.700001,38.779999,38.000000,38.480000,24.189978,2193100
2012-08-13,38.590000,39.790001,38.320000,39.590000,24.887766,2048200
2012-08-14,39.790001,40.970001,39.770000,40.320000,25.346668,4723200
2012-08-15,40.320000,40.450001,39.750000,39.919998,25.095209,2051400
2012-08-16,40.029999,40.570000,39.410000,40.500000,25.459824,1801500
2012-08-17,40.500000,40.619999,39.770000,39.869999,25.063778,3180700
2012-08-20,39.970001,40.290001,39.650002,40.070000,25.189508,1834800
2012-08-21,40.490002,40.720001,39.660000,39.869999,25.063778,1651000
2012-08-22,39.709999,40.000000,39.279999,39.779999,25.007196,1378200
2012-08-23,39.459999,39.459999,38.040001,38.779999,24.688879,2262200
2012-08-24,38.700001,39.279999,38.330002,38.990002,24.822578,1126100
2012-08-27,39.279999,40.310001,39.139999,39.970001,25.446482,2374000
2012-08-28,39.900002,40.869999,39.900002,40.389999,25.713873,2783600
2012-08-29,40.500000,40.500000,39.680000,39.869999,25.382820,1600700
2012-08-30,39.500000,40.599998,39.480000,40.380001,25.707510,2021700
2012-08-31,40.610001,40.680000,39.560001,40.290001,25.650213,2296300
2012-09-04,40.459999,40.560001,39.299999,40.099998,25.529245,2252600
2012-09-05,40.220001,40.389999,39.139999,39.209999,24.962639,2307000
2012-09-06,39.419998,40.310001,39.169998,39.419998,25.192709,3184600
2012-09-07,39.389999,40.130001,39.389999,39.529999,25.263020,2366700
2012-09-10,39.639999,40.040001,39.430000,39.570000,25.288574,2372000
2012-09-11,39.869999,40.369999,39.610001,40.020000,25.576162,2822200
2012-09-12,40.349998,40.790001,39.889999,40.000000,25.563377,3053200
2012-09-13,39.930000,40.080002,38.790001,39.750000,25.403599,3445600
2012-09-14,40.590000,42.000000,40.400002,41.970001,26.822382,3728100
2012-09-17,41.840000,41.939999,41.070000,41.290001,26.387791,5802700
2012-09-18,41.110001,41.200001,40.000000,40.360001,25.793455,4239400
2012-09-19,40.279999,41.169998,40.259998,40.549999,25.914881,2164300
2012-09-20,40.400002,42.330002,40.189999,41.910000,26.784033,3781500
2012-09-21,41.869999,42.169998,41.529999,41.619999,26.919863,3463000
2012-09-24,41.540001,41.689999,40.840000,41.000000,26.518847,1633900
2012-09-25,41.200001,41.580002,40.240002,40.320000,26.079020,2599300
2012-09-26,40.400002,40.660000,39.400002,40.139999,25.962595,3117000
2012-09-27,40.189999,41.389999,40.110001,41.310001,26.719345,3010400
2012-09-28,41.139999,41.599998,40.810001,41.270000,26.693478,1846700
2012-10-01,41.810001,41.939999,40.980000,41.470001,26.822849,2674000
2012-10-02,41.840000,42.029999,40.459999,40.790001,26.383017,4643700
2012-10-03,40.759998,40.869999,39.279999,39.360001,25.458092,3433100
2012-10-04,39.150002,40.070000,38.669998,40.009998,25.878504,3387300
2012-10-05,40.400002,41.040001,40.209999,40.480000,26.182508,4252000
2012-10-08,40.200001,41.009998,39.610001,39.990002,25.865578,2354800
2012-10-09,40.169998,40.540001,39.320000,39.380001,25.471020,1411600
2012-10-10,39.330002,39.709999,37.639999,37.930000,24.533175,3637400
2012-10-11,38.599998,38.910000,37.660000,37.990002,24.571974,2085900
2012-10-12,37.459999,37.869999,36.860001,37.369999,24.170956,2947100
2012-10-15,37.270000,37.869999,36.849998,37.340000,24.151550,2453500
2012-10-16,37.750000,38.029999,37.439999,37.919998,24.526697,2455100
2012-10-17,38.049999,38.639999,37.869999,38.400002,24.837154,1902900
2012-10-18,38.290001,38.570000,38.060001,38.529999,24.921244,1794500
2012-10-19,38.430000,39.060001,38.020000,38.180000,24.694855,1680900
2012-10-22,38.189999,38.740002,37.560001,38.029999,24.597843,1966100
2012-10-23,37.439999,37.450001,36.220001,37.080002,23.983387,5371400
2012-10-24,37.209999,37.750000,36.529999,36.849998,23.834612,2530900
2012-10-25,37.240002,37.730000,37.110001,37.730000,24.403803,2007000
2012-10-26,37.709999,39.160000,37.709999,38.889999,25.154095,2448000
2012-10-31,38.889999,38.889999,37.799999,38.630001,24.985916,2407900
2012-11-01,38.470001,39.139999,37.650002,38.540001,24.927713,2930400
2012-11-02,38.900002,39.099998,37.599998,37.720001,24.397343,3798200
2012-11-05,37.959999,39.049999,37.959999,38.919998,25.173502,2314900
2012-11-06,39.169998,40.900002,39.009998,40.080002,25.923788,3771600
2012-11-07,40.930000,41.419998,39.340000,40.630001,26.279530,3761400
2012-11-08,40.270000,41.490002,40.270000,40.439999,26.156635,2315300
2012-11-09,40.770000,41.290001,40.349998,40.750000,26.357151,2051100
2012-11-12,40.840000,41.830002,40.840000,41.369999,26.758167,2304400
2012-11-13,40.889999,41.700001,40.450001,41.360001,27.078968,2542200
2012-11-14,41.360001,42.009998,41.279999,41.680000,27.288473,3132300
2012-11-15,41.490002,42.290001,41.450001,41.770000,27.347399,3711400
2012-11-16,42.259998,42.650002,41.790001,42.560001,27.864632,3431200
2012-11-19,43.090000,44.040001,43.090000,43.580002,28.532433,3019800
2012-11-20,43.610001,44.340000,43.270000,44.070000,28.853245,2387800
2012-11-21,44.250000,44.660000,44.000000,44.599998,29.200224,1762600
2012-11-23,44.950001,45.799999,44.720001,45.480000,29.776384,1322400
2012-11-26,45.299999,45.400002,44.689999,44.810001,29.337738,3465200
2012-11-27,44.919998,45.200001,44.259998,44.900002,29.396646,2865700
2012-11-28,44.500000,45.220001,44.090000,45.189999,29.586523,1994900
2012-11-29,45.500000,45.740002,44.889999,45.240002,29.619263,2102000
2012-11-30,45.419998,45.560001,45.029999,45.330002,29.678183,2759800
2012-12-03,45.599998,45.689999,44.939999,45.349998,29.691271,2502600
2012-12-04,45.349998,45.840000,45.049999,45.130001,29.547230,2098100
2012-12-05,45.099998,45.490002,43.250000,43.270000,28.329477,3109500
2012-12-06,43.169998,43.650002,42.680000,43.459999,28.585983,2967300
2012-12-07,43.810001,43.910000,42.990002,43.639999,28.704390,2861800
2012-12-10,43.680000,44.180000,43.639999,43.889999,28.868830,2537700
2012-12-11,44.330002,45.560001,44.080002,45.139999,29.691029,3229400
2012-12-12,45.430000,45.869999,45.020000,45.419998,29.875195,2044500
2012-12-13,45.419998,45.520000,44.310001,45.230000,29.750227,2140000
2012-12-14,45.099998,46.860001,44.970001,46.599998,30.651344,2343100
2012-12-17,46.570000,46.900002,45.750000,46.259998,30.427704,2553900
2012-12-18,46.509998,46.849998,46.270000,46.570000,30.631601,2030800
2012-12-19,46.709999,46.970001,46.009998,46.320000,30.467175,2725900
2012-12-20,46.369999,47.389999,46.369999,47.380001,31.164396,1796600
2012-12-21,46.709999,47.090000,46.029999,47.090000,30.973654,4533000
2012-12-24,46.669998,47.130001,46.209999,46.349998,30.486912,826500
2012-12-26,46.529999,47.040001,46.099998,46.099998,30.322470,1093800
2012-12-27,46.230000,46.450001,44.860001,45.730000,30.079088,1552000
2012-12-28,45.560001,45.590000,44.619999,44.759998,29.441071,1547300
2012-12-31,44.830002,46.849998,44.509998,46.549999,30.618452,1867400
2013-01-02,47.689999,47.900002,45.759998,46.610001,30.657923,3514300
2013-01-03,46.520000,46.570000,44.380001,44.549999,29.302942,4044200
2013-01-04,44.770000,44.990002,43.520000,44.349998,29.171391,3190300
2013-01-07,44.160000,44.520000,42.759998,42.910000,28.224237,4739400
2013-01-08,42.910000,43.610001,42.910000,43.520000,28.625456,3039800
2013-01-09,43.750000,44.090000,43.259998,43.740002,28.770168,2964800
2013-01-10,44.150002,44.540001,43.700001,44.439999,29.230589,3475500
2013-01-11,44.340000,44.680000,44.000000,44.669998,29.381880,3439300
2013-01-14,44.700001,45.980000,44.490002,45.820000,30.138294,3201400
2013-01-15,45.650002,46.869999,45.630001,46.360001,30.493484,3627500
2013-01-16,46.330002,47.299999,45.669998,46.360001,30.493484,3923500
2013-01-17,46.570000,46.740002,45.259998,45.470001,29.908081,3164200
2013-01-18,45.470001,45.580002,43.560001,44.259998,29.112198,4418800
2013-01-22,44.369999,44.740002,44.000000,44.310001,29.145086,3183700
2013-01-23,44.410000,46.740002,44.240002,45.900002,30.190912,4994800
2013-01-24,45.590000,47.200001,45.200001,46.810001,30.789463,3252200
2013-01-25,46.860001,47.349998,46.700001,47.270000,31.092045,2406900
2013-01-28,47.299999,48.200001,46.779999,47.950001,31.539312,1992700
2013-01-29,49.169998,50.799999,48.720001,50.500000,33.216579,4267800
2013-01-30,51.000000,51.200001,49.930000,50.360001,33.124504,2238600
2013-01-31,50.340000,52.500000,50.130001,52.220001,34.347916,4441600
2013-02-01,52.790001,53.770000,52.259998,52.770000,34.709690,3632000
2013-02-04,52.419998,53.680000,52.150002,53.090000,34.920177,2635400
2013-02-05,53.240002,54.500000,53.240002,54.290001,35.709476,3206200
2013-02-06,54.099998,54.490002,53.130001,53.810001,35.393753,3084900
2013-02-07,53.950001,55.060001,53.459999,54.560001,35.887077,4150100
2013-02-08,54.750000,56.259998,54.689999,56.259998,37.005238,3248100
2013-02-11,56.549999,57.070000,56.060001,56.150002,36.932888,3564300
2013-02-12,56.049999,56.189999,54.430000,55.320000,36.386955,3710900
2013-02-13,55.500000,56.220001,55.330002,56.130001,36.919735,2020100
2013-02-14,56.009998,56.750000,55.590000,56.560001,37.202579,2041300
2013-02-15,56.380001,56.450001,54.970001,55.549999,36.538242,3023800
2013-02-19,55.599998,56.490002,55.549999,56.320000,37.044720,2224300
2013-02-20,55.779999,56.220001,53.650002,53.720001,35.334560,4033400
2013-02-21,53.700001,55.150002,52.020000,54.500000,35.847591,4995600
2013-02-22,54.980000,55.580002,54.270000,55.500000,36.505348,1965000
2013-02-25,56.000000,56.470001,54.570000,54.599998,35.913364,3237600
2013-02-26,53.560001,54.500000,51.700001,54.299999,35.716057,7524800
2013-02-27,54.240002,56.509998,53.939999,55.689999,36.630337,5608400
2013-02-28,55.849998,56.689999,55.619999,56.200001,36.965778,3458500
2013-03-01,55.570000,57.290001,54.650002,56.950001,37.795353,4444400
2013-03-04,57.060001,58.480000,56.639999,58.430000,38.777565,4098300
2013-03-05,58.980000,59.200001,57.250000,57.770000,38.339565,2599200
2013-03-06,58.209999,59.000000,57.560001,58.160000,38.598385,1943700
2013-03-07,58.490002,58.490002,56.029999,56.830002,37.715725,4647800
2013-03-08,57.200001,57.430000,55.689999,56.090000,37.224609,4540800
2013-03-11,55.939999,55.939999,54.220001,54.560001,36.209221,4481500
2013-03-12,54.480000,55.080002,54.130001,54.939999,36.461384,4405700
2013-03-13,53.410000,54.369999,51.750000,52.099998,34.766449,9850000
2013-03-14,52.330002,52.889999,51.880001,52.480000,35.020020,4379900
2013-03-15,52.599998,53.380001,52.430000,52.910000,35.306976,3434200
2013-03-18,52.209999,53.689999,52.110001,53.110001,35.440437,2441400
2013-03-19,53.080002,53.180000,50.799999,51.240002,34.192589,3673800
2013-03-20,51.700001,53.099998,51.270000,52.919998,35.313637,3116800
2013-03-21,52.580002,53.139999,51.560001,51.860001,34.606304,2208900
2013-03-22,52.080002,52.820000,51.520000,51.580002,34.419460,3008800
2013-03-25,51.880001,52.619999,50.270000,50.419998,33.645382,4424900
2013-03-26,50.700001,51.740002,50.290001,51.490002,34.359394,2907800
2013-03-27,51.340000,51.750000,50.340000,51.549999,34.399437,3004600
2013-03-28,51.720001,52.419998,51.270000,51.450001,34.332718,2941200
2013-04-01,51.470001,51.720001,50.509998,51.340000,34.259315,2444300
2013-04-02,51.430000,51.619999,49.150002,49.369999,32.944714,4354700
2013-04-03,49.290001,49.500000,45.889999,47.740002,31.857023,8359100
2013-04-04,47.369999,48.939999,46.799999,48.250000,32.197342,3734200
2013-04-05,47.340000,48.490002,46.830002,47.720001,31.843668,2732300
2013-04-08,48.009998,49.049999,47.090000,49.049999,32.731182,3027600
2013-04-09,48.910000,49.939999,48.330002,48.830002,32.584366,3483400
2013-04-10,49.380001,49.450001,48.470001,48.549999,32.397518,2897700
2013-04-11,48.540001,48.549999,46.150002,46.459999,31.002869,4314800
2013-04-12,46.060001,46.990002,45.520000,46.830002,31.249765,3306600
2013-04-15,46.090000,46.430000,45.250000,45.900002,30.629185,4608300
2013-04-16,46.389999,48.220001,46.250000,47.560001,31.736902,4397000
2013-04-17,46.959999,47.250000,46.020000,46.880001,31.283144,3734100
2013-04-18,47.759998,48.790001,47.259998,48.500000,32.364170,4095400
2013-04-19,48.599998,50.410000,48.180000,49.919998,33.311733,4220200
2013-04-22,50.009998,50.549999,49.259998,50.119999,33.445198,3474100
2013-04-23,50.299999,51.369999,50.200001,50.880001,33.952339,2762000
2013-04-24,51.189999,52.869999,51.150002,52.040001,34.726418,4373200
2013-04-25,52.459999,52.500000,50.360001,50.779999,33.885616,6708100
2013-04-26,50.730000,50.910000,49.459999,50.160000,33.471889,2307300
2013-04-29,50.549999,51.090000,49.860001,50.230000,33.518589,2567500
2013-04-30,50.419998,50.849998,48.700001,49.450001,32.998104,4017700
2013-05-01,49.000000,49.000000,47.610001,48.009998,32.037189,4000600
2013-05-02,48.509998,49.689999,48.119999,49.570000,33.078178,2940400
2013-05-03,49.150002,50.950001,49.150002,50.459999,33.672081,2456400
2013-05-06,50.520000,52.410000,50.520000,51.730000,34.519550,4021800
2013-05-07,50.709999,51.910000,50.000000,51.720001,34.512875,4898100
2013-05-08,51.490002,51.990002,49.849998,50.279999,33.551968,5390200
2013-05-09,50.090000,50.180000,48.610001,49.459999,33.004776,4492500
2013-05-10,48.919998,48.919998,47.650002,48.000000,32.030525,4546200
2013-05-13,47.900002,47.990002,46.619999,47.480000,31.683510,3150900
2013-05-14,47.480000,48.160000,47.180000,47.490002,31.690187,2831000
2013-05-15,47.540001,49.419998,47.540001,48.430000,32.317448,4601600
2013-05-16,48.639999,49.029999,47.250000,47.279999,31.550045,3877100
2013-05-17,47.320000,49.650002,47.310001,49.340000,32.924706,5240700
2013-05-20,49.470001,50.410000,49.369999,49.889999,33.291714,4058300
2013-05-21,50.060001,50.220001,48.770000,48.810001,32.571022,3523900
2013-05-22,48.950001,49.770000,48.509998,49.549999,33.064835,4597700
2013-05-23,48.790001,49.590000,48.110001,48.959999,32.671131,3877500
2013-05-24,48.340000,48.779999,47.599998,48.730000,32.853157,1539500
2013-05-28,49.330002,50.360001,49.090000,49.669998,33.486877,2034000
2013-05-29,49.500000,50.619999,49.130001,50.459999,34.019497,3293200
2013-05-30,50.430000,50.750000,49.619999,50.040001,33.736343,2387500
2013-05-31,50.000000,50.849998,49.500000,49.500000,33.372280,2389600
2013-06-03,49.570000,49.820000,47.650002,48.169998,32.475605,3203500
2013-06-04,48.000000,48.349998,47.009998,47.849998,32.259865,2308800
2013-06-05,47.590000,48.049999,46.439999,46.980000,31.673332,2588300
2013-06-06,46.990002,47.939999,46.860001,47.790001,32.219418,1509000
2013-06-07,47.950001,48.020000,47.110001,47.259998,31.862110,1592900
2013-06-10,47.290001,47.490002,46.060001,46.340000,31.441439,2745200
2013-06-11,45.590000,45.750000,45.080002,45.080002,30.586533,3312600
2013-06-12,45.549999,46.099998,45.139999,45.270000,30.715446,3044000
2013-06-13,45.090000,45.980000,44.520000,45.610001,30.946138,3009700
2013-06-14,45.540001,45.750000,45.110001,45.189999,30.661169,1980500
2013-06-17,45.450001,45.709999,44.480000,44.669998,30.308344,3613400
2013-06-18,44.900002,45.220001,44.099998,44.259998,30.030169,4701000
2013-06-19,44.430000,45.169998,44.200001,44.220001,30.003042,3136800
2013-06-20,43.630001,43.669998,42.270000,42.840000,29.066706,3908700
2013-06-21,42.970001,43.169998,41.000000,41.529999,28.177874,5371400
2013-06-24,41.189999,41.189999,39.959999,40.730000,27.635080,3265300
2013-06-25,41.169998,42.430000,40.990002,42.189999,28.625677,3855200
2013-06-26,42.450001,43.209999,42.270000,42.820000,29.053139,2966700
2013-06-27,43.020000,43.500000,42.389999,42.700001,28.971710,3653100
2013-06-28,42.700001,43.070000,42.209999,42.779999,29.025991,3412500
2013-07-01,42.330002,42.820000,40.500000,40.740002,27.641870,4370100
2013-07-02,40.660000,41.000000,39.919998,40.189999,27.268688,4457400
2013-07-03,39.930000,40.689999,39.110001,40.590000,27.540092,2755700
2013-07-05,40.480000,40.889999,38.980000,39.759998,26.976936,3023400
2013-07-08,40.000000,41.810001,39.910000,41.540001,28.184654,3724300
2013-07-09,41.720001,42.230000,41.020000,41.970001,28.476408,2762100
2013-07-10,41.889999,42.209999,40.029999,40.320000,27.356897,3284500
2013-07-11,40.950001,42.450001,40.700001,42.349998,28.734241,2742300
2013-07-12,41.820000,44.049999,41.669998,43.040001,29.202394,3469000
2013-07-15,43.209999,43.560001,42.529999,42.560001,28.876724,2435000
2013-07-16,42.560001,42.910000,41.450001,42.279999,28.686743,2783600
2013-07-17,42.410000,42.650002,41.770000,41.840000,28.388206,1808600
2013-07-18,41.900002,42.240002,40.939999,40.990002,27.811497,2342400
2013-07-19,40.910000,42.549999,40.610001,42.419998,28.781729,3026000
2013-07-22,42.619999,43.250000,42.070000,43.150002,29.277040,2208500
2013-07-23,43.750000,44.250000,43.230000,43.480000,29.500942,2566400
2013-07-24,43.580002,43.720001,42.520000,43.060001,29.215969,1473400
2013-07-25,43.060001,44.349998,42.700001,44.150002,29.955526,2122600
2013-07-26,44.090000,44.459999,43.490002,44.360001,30.098009,1446200
2013-07-29,45.119999,45.849998,44.860001,45.619999,30.952908,3180400
2013-07-30,45.619999,45.820000,44.419998,45.560001,30.912203,2832700
2013-07-31,45.680000,45.860001,44.860001,45.549999,30.905422,2840900
2013-08-01,46.090000,47.209999,45.650002,46.310001,31.421072,4036800
2013-08-02,46.340000,46.590000,45.020000,45.099998,30.600096,2722800
2013-08-05,45.160000,45.279999,44.250000,45.000000,30.532238,2711300
2013-08-06,45.169998,46.700001,45.000000,45.919998,31.156462,4407500
2013-08-07,45.500000,46.700001,44.130001,44.459999,30.165855,5134400
2013-08-08,44.560001,45.599998,44.090000,45.450001,30.837576,3146000
2013-08-09,45.529999,45.849998,44.590000,44.750000,30.362627,2613900
2013-08-12,44.650002,45.330002,44.590000,44.980000,30.518686,1931800
2013-08-13,45.160000,45.270000,44.500000,45.259998,30.708666,3045500
2013-08-14,45.299999,45.900002,44.900002,45.580002,30.925766,1965500
2013-08-15,45.290001,45.490002,44.689999,44.939999,30.491543,2710100
2013-08-16,44.599998,44.680000,43.860001,44.400002,30.125154,2354100
2013-08-19,44.320000,44.389999,43.349998,43.860001,29.758762,2993400
2013-08-20,43.759998,46.130001,43.450001,45.880001,31.129320,2966800
2013-08-21,45.689999,46.150002,44.880001,45.869999,31.122543,2757700
2013-08-22,45.619999,46.139999,44.980000,45.799999,31.417500,1980200
2013-08-23,45.970001,46.360001,45.520000,45.970001,31.534121,2174700
2013-08-26,46.060001,46.209999,45.189999,45.400002,31.143118,1255200
2013-08-27,45.150002,45.320000,44.299999,44.950001,30.834431,2079800
2013-08-28,45.230000,45.480000,44.509998,44.639999,30.621788,1870500
2013-08-29,44.740002,45.810001,44.580002,45.380001,31.129412,1995800
2013-08-30,45.590000,45.840000,44.369999,44.480000,30.512032,1899200
2013-09-03,45.189999,45.529999,44.200001,44.639999,30.621788,3055600
2013-09-04,44.410000,45.139999,43.810001,45.009998,31.084494,2116600
2013-09-05,45.080002,45.759998,43.990002,44.060001,30.428417,2913400
2013-09-06,44.130001,44.270000,42.849998,43.689999,30.172876,3880000
2013-09-09,43.290001,43.419998,42.090000,42.830002,29.578955,4498700
2013-09-10,42.849998,43.000000,42.160000,42.860001,29.599680,2733500
2013-09-11,42.889999,43.000000,41.849998,42.240002,29.171488,2568400
2013-09-12,42.240002,42.400002,41.509998,41.810001,28.874531,2308700
2013-09-13,42.110001,42.630001,41.959999,42.040001,29.033371,2221100
2013-09-16,42.520000,42.630001,41.680000,41.900002,28.936686,2690800
2013-09-17,41.970001,42.119999,41.320000,41.560001,28.701876,2035100
2013-09-18,41.650002,41.799999,41.220001,41.400002,28.591379,2369300
2013-09-19,41.639999,41.970001,40.950001,41.130001,28.404921,2281300
2013-09-20,41.220001,41.599998,40.799999,41.419998,28.605192,3787100
2013-09-23,41.169998,41.459999,41.000000,41.330002,28.543041,2106500
2013-09-24,41.610001,42.669998,41.470001,42.189999,29.136965,3091500
2013-09-25,42.209999,43.630001,42.200001,43.209999,29.841383,2997200
2013-09-26,43.389999,43.570000,42.270000,42.599998,29.420113,2128100
2013-09-27,42.590000,42.799999,42.220001,42.680000,29.475361,1765900
2013-09-30,42.150002,42.250000,41.450001,42.110001,29.081720,2459600
2013-10-01,42.000000,42.799999,41.709999,41.830002,28.888350,3777200
2013-10-02,41.700001,42.439999,41.540001,42.180000,29.130056,2780200
2013-10-03,41.970001,42.200001,41.459999,41.810001,28.874531,1644500
2013-10-04,41.490002,41.950001,40.980000,41.770000,28.846901,2121500
2013-10-07,41.189999,41.619999,40.770000,41.189999,28.446352,2531000
2013-10-08,41.259998,41.290001,40.060001,40.430000,27.921492,3826700
2013-10-09,40.330002,40.389999,39.650002,39.730000,27.438061,3753500
2013-10-10,40.380001,42.189999,40.310001,42.169998,29.123148,4689700
2013-10-11,42.070000,43.310001,41.910000,42.750000,29.523706,3859400
2013-10-14,42.570000,42.720001,42.029999,42.490002,29.344151,1827600
2013-10-15,42.750000,43.500000,42.730000,43.209999,29.841383,2690700
2013-10-16,43.549999,44.040001,43.020000,43.180000,29.820667,2795800
2013-10-17,43.040001,44.240002,43.020000,44.200001,30.525091,3278000
2013-10-18,44.419998,44.959999,43.950001,44.919998,31.022337,2529800
2013-10-21,45.169998,45.580002,44.759998,44.919998,31.022337,2183800
2013-10-22,45.090000,45.610001,44.660000,45.480000,31.409073,3259800
2013-10-23,45.590000,47.000000,44.869999,44.970001,31.056883,4564100
2013-10-24,44.880001,44.900002,43.650002,43.759998,30.221216,3619300
2013-10-25,44.020000,44.320000,43.549999,44.060001,30.428417,1908000
2013-10-28,44.410000,45.720001,44.189999,44.410000,30.670128,2514700
2013-10-29,44.849998,45.500000,44.580002,44.740002,30.898029,1985300
2013-10-30,44.730000,46.830002,44.299999,46.790001,32.313782,5491800
2013-10-31,46.680000,47.180000,45.900002,46.060001,31.809637,3624900
2013-11-01,46.189999,46.570000,45.189999,46.540001,32.141132,3657100
2013-11-04,46.810001,46.900002,46.090000,46.560001,32.154938,2714700
2013-11-05,46.520000,46.790001,46.090000,46.430000,32.065159,2623500
2013-11-06,46.009998,46.230000,43.009998,43.430000,29.993322,6315200
2013-11-07,43.360001,44.020000,42.599998,43.400002,29.972603,5173700
2013-11-08,43.540001,44.400002,43.150002,44.180000,30.511274,2580000
2013-11-11,44.299999,44.369999,43.570000,43.950001,30.352442,1976100
2013-11-12,44.009998,45.599998,43.810001,45.340000,31.312399,3603000
2013-11-13,45.320000,45.930000,44.490002,44.880001,30.994713,5247100
2013-11-14,45.270000,46.750000,45.049999,46.570000,32.161850,7779500
2013-11-15,46.759998,46.950001,45.639999,46.500000,32.113503,4466400
2013-11-18,46.709999,47.070000,46.529999,46.639999,32.210190,2938800
2013-11-19,46.619999,46.820000,45.830002,45.930000,31.719854,3472700
2013-11-20,46.209999,46.419998,45.730000,46.060001,31.809637,2538200
2013-11-21,46.040001,46.259998,45.509998,45.619999,31.505766,3915200
2013-11-22,45.900002,46.750000,45.470001,46.389999,32.037544,4373100
2013-11-25,46.639999,47.700001,46.230000,47.549999,32.838654,4850000
2013-11-26,47.169998,47.480000,46.220001,46.669998,32.573425,3782600
2013-11-27,46.790001,49.459999,46.720001,49.299999,34.409039,6210700
2013-11-29,49.450001,49.459999,47.770000,47.980000,33.487743,2784900
2013-12-02,48.130001,49.939999,47.500000,49.169998,34.318306,3956500
2013-12-03,49.939999,50.630001,48.189999,48.250000,33.676189,5843300
2013-12-04,47.200001,47.500000,45.619999,45.799999,32.166203,5701500
2013-12-05,46.090000,47.029999,45.209999,45.630001,32.046806,6018000
2013-12-06,45.990002,47.419998,45.939999,46.910000,32.945789,3879700
2013-12-09,47.599998,48.340000,46.320000,46.369999,32.566532,4611100
2013-12-10,46.200001,46.840000,45.209999,46.570000,32.706985,3544800
2013-12-11,46.349998,46.349998,45.290001,45.919998,32.250488,3353200
2013-12-12,45.779999,46.360001,45.599998,45.860001,32.208340,1757600
2013-12-13,45.990002,46.099998,44.770000,45.320000,31.829100,2524800
2013-12-16,45.970001,47.799999,45.970001,47.700001,33.500618,5775100
2013-12-17,47.480000,47.939999,46.730000,47.630001,33.451443,3515300
2013-12-18,47.709999,48.340000,47.110001,48.230000,33.872833,3741700
2013-12-19,48.270000,48.840000,46.849998,47.310001,33.226715,3151200
2013-12-20,47.439999,48.560001,47.439999,48.389999,33.985218,8950400
2013-12-23,48.599998,49.450001,48.540001,49.400002,34.694569,2944800
2013-12-24,49.279999,49.669998,49.049999,49.340000,34.652420,972000
2013-12-26,49.259998,49.900002,49.259998,49.630001,34.856094,1619200
2013-12-27,49.709999,49.849998,49.000000,49.299999,34.624321,1655000
2013-12-30,49.340000,49.540001,48.020000,48.730000,34.223991,2246000
2013-12-31,48.880001,49.930000,48.880001,49.689999,34.898212,2165600
2014-01-02,49.169998,49.889999,48.779999,49.750000,34.940369,2451300
2014-01-03,49.730000,50.279999,49.099998,49.360001,34.666466,2103300
2014-01-06,49.009998,49.730000,48.830002,49.520000,34.778820,2988700
2014-01-07,49.770000,49.770000,48.400002,48.990002,34.406597,3373000
2014-01-08,49.180000,49.279999,48.470001,48.860001,34.315292,2903100
2014-01-09,49.000000,50.259998,48.799999,50.209999,35.263432,4695000
2014-01-10,50.119999,50.740002,49.259998,49.790001,34.968460,2379600
2014-01-13,49.410000,49.889999,48.419998,48.730000,34.223991,2955300
2014-01-14,49.009998,49.270000,47.919998,48.669998,34.181862,2790800
2014-01-15,48.610001,48.660000,47.650002,48.250000,33.886894,2946000
2014-01-16,48.060001,48.160000,47.160000,47.490002,33.353123,2611500
2014-01-17,47.360001,48.340000,47.160000,48.000000,33.711304,2710300
2014-01-21,48.290001,49.209999,48.290001,48.779999,34.259121,2470600
2014-01-22,48.869999,49.290001,47.750000,48.169998,33.830711,2203400
2014-01-23,47.540001,48.470001,47.080002,47.770000,33.549774,2340300
2014-01-24,47.330002,47.680000,46.439999,46.689999,32.791264,2435700
2014-01-27,46.779999,47.299999,46.180000,46.709999,32.805317,2202400
2014-01-28,46.740002,46.939999,46.029999,46.480000,32.643768,1823300
2014-01-29,46.330002,48.770000,46.049999,47.799999,33.570850,5181300
2014-01-30,48.020000,48.419998,46.900002,47.009998,33.016006,2513000
2014-01-31,46.650002,47.680000,46.160000,46.299999,32.517357,3042200
2014-02-03,46.450001,46.450001,44.919998,45.060001,31.646486,3131600
2014-02-04,45.119999,45.119999,43.770000,44.180000,31.028450,3768200
2014-02-05,44.099998,44.310001,43.169998,43.680000,30.677288,3587800
2014-02-06,43.619999,44.000000,43.270000,43.830002,30.782640,2793100
2014-02-07,44.189999,45.080002,43.889999,44.970001,31.583286,2511600
2014-02-10,44.930000,44.990002,43.290001,43.740002,30.719431,2650100
2014-02-11,43.919998,45.020000,43.730000,44.490002,31.246166,2512800
2014-02-12,44.619999,44.990002,44.160000,44.450001,31.218071,2924100
2014-02-13,44.110001,45.070000,44.110001,45.049999,31.639467,1920800
2014-02-14,44.830002,46.290001,44.770000,46.279999,32.503326,1960400
2014-02-18,46.540001,46.900002,45.610001,45.889999,32.229412,1965700
2014-02-19,45.860001,46.880001,45.570000,45.860001,32.208340,2219200
2014-02-20,45.889999,46.490002,45.349998,45.660000,32.067883,2531300
2014-02-21,46.110001,46.549999,45.720001,46.130001,32.397961,2508000
2014-02-24,46.349998,47.889999,46.349998,47.389999,33.282894,4353600
2014-02-25,47.500000,48.689999,46.799999,48.209999,33.858799,5194000
2014-02-26,48.209999,48.450001,46.950001,47.070000,33.058151,3114600
2014-02-27,46.919998,47.070000,45.130001,45.599998,32.025738,4684900
2014-02-28,45.570000,45.770000,45.200001,45.570000,32.004677,2752800
2014-03-03,44.830002,45.680000,44.750000,44.880001,31.869762,2084000
2014-03-04,45.189999,45.259998,44.299999,45.040001,31.983358,2327500
2014-03-05,45.020000,45.900002,44.799999,45.759998,32.494659,4537200
2014-03-06,46.000000,47.980000,45.869999,47.490002,33.723145,3447400
2014-03-07,47.740002,47.980000,46.930000,47.419998,33.673428,2425200
2014-03-10,47.549999,48.689999,47.549999,47.990002,34.078190,4089400
2014-03-11,48.000000,49.009998,47.419998,48.849998,34.688885,4213500
2014-03-12,48.509998,50.119999,48.430000,49.750000,35.546288,5888400
2014-03-13,49.880001,50.009998,48.549999,48.939999,34.967545,2911000
2014-03-14,48.950001,49.939999,48.880001,49.740002,35.539139,2672900
2014-03-17,49.860001,50.230000,49.369999,49.490002,35.360519,1892100
2014-03-18,49.410000,50.139999,49.040001,49.689999,35.503410,2092600
2014-03-19,49.660000,49.750000,48.330002,48.900002,34.938965,2402500
2014-03-20,48.939999,49.619999,48.360001,49.419998,35.310509,1396500
2014-03-21,49.599998,49.650002,48.419998,49.049999,35.046135,3834800
2014-03-24,49.130001,49.340000,48.000000,48.189999,34.431664,1823200
2014-03-25,48.470001,48.959999,47.959999,48.209999,34.445961,2128500
2014-03-26,48.320000,48.689999,47.590000,47.660000,34.052994,2292500
2014-03-27,47.770000,47.840000,46.750000,46.990002,33.574276,2464300
2014-03-28,47.340000,47.740002,46.930000,47.450001,33.902946,2024300
2014-03-31,47.720001,47.820000,47.009998,47.580002,33.995831,1387700
2014-04-01,47.630001,48.290001,47.380001,48.279999,34.495975,2505300
2014-04-02,48.049999,48.080002,47.330002,48.049999,34.331646,2094900
2014-04-03,48.200001,48.630001,48.150002,48.439999,34.610291,1837300
2014-04-04,48.970001,49.150002,47.700001,47.930000,34.245895,2831900
2014-04-07,47.779999,48.430000,47.320000,47.799999,34.153023,2447900
2014-04-08,47.869999,48.660000,47.200001,47.619999,34.024395,2284700
2014-04-09,47.689999,48.590000,47.320000,48.270000,34.488831,3159100
2014-04-10,48.180000,48.779999,47.130001,47.389999,33.860077,1667400
2014-04-11,47.270000,47.860001,45.930000,46.180000,32.995529,2569800
2014-04-14,46.560001,47.570000,46.099998,47.520000,33.952957,2549700
2014-04-15,47.639999,48.900002,47.590000,48.669998,34.774632,2450400
2014-04-16,49.099998,50.369999,48.610001,50.310001,35.946400,3092300
2014-04-17,50.259998,50.980000,50.020000,50.799999,36.296509,1950400
2014-04-21,50.340000,51.549999,50.000000,50.900002,36.367950,1618800
2014-04-22,50.650002,51.770000,49.810001,51.290001,36.646610,2686300
2014-04-23,51.330002,51.849998,51.009998,51.660000,36.910984,1995800
2014-04-24,51.900002,52.110001,51.209999,51.459999,36.768089,1677200
2014-04-25,51.540001,52.380001,51.360001,51.860001,37.053879,1919100
2014-04-28,52.290001,52.750000,51.689999,52.630001,37.604038,2851200
2014-04-29,52.919998,53.419998,52.250000,52.459999,37.482571,2997700
2014-04-30,52.419998,53.200001,52.209999,52.590000,37.575462,3037900
2014-05-01,52.500000,52.720001,51.849998,52.299999,37.368271,3232100
2014-05-02,52.299999,52.889999,51.900002,51.950001,37.118183,2710200
2014-05-05,51.630001,52.290001,51.080002,51.599998,36.868103,2921600
2014-05-06,50.560001,51.959999,50.560001,51.590000,36.860958,3667300
2014-05-07,52.540001,52.540001,51.169998,51.910000,37.089596,3079900
2014-05-08,50.869999,51.750000,49.380001,50.060001,35.767784,4178700
2014-05-09,49.990002,50.099998,48.900002,49.400002,35.296223,2081200
2014-05-12,49.799999,50.860001,49.700001,50.040001,35.753498,1919000
2014-05-13,50.220001,50.680000,49.910000,50.529999,36.103600,1841300
2014-05-14,50.470001,51.240002,50.189999,50.590000,36.146458,1909300
2014-05-15,50.430000,50.430000,49.070000,49.549999,35.403389,2570300
2014-05-16,49.419998,49.730000,48.950001,49.639999,35.467697,1326500
2014-05-19,49.570000,50.299999,49.430000,49.470001,35.346230,2476000
2014-05-20,49.270000,49.910000,49.060001,49.299999,35.224770,1935300
2014-05-21,49.650002,49.830002,48.509998,48.619999,34.738899,2619600
2014-05-22,48.630001,49.230000,48.630001,49.060001,35.053276,1792000
2014-05-23,49.070000,49.490002,48.599998,48.799999,34.867519,1602500
2014-05-27,48.830002,49.070000,48.270000,48.410000,34.588863,2163000
2014-05-28,48.209999,49.310001,47.900002,48.910000,35.310810,2105700
2014-05-29,49.189999,49.580002,48.500000,49.459999,35.707893,1651400
2014-05-30,49.419998,49.740002,49.110001,49.250000,35.556271,1264100
2014-06-02,49.509998,49.880001,48.919998,49.369999,35.642918,1539300
2014-06-03,49.330002,49.450001,48.430000,48.480000,35.000381,1426000
2014-06-04,48.119999,48.380001,47.680000,47.910000,34.818695,1576100
2014-06-05,48.410000,48.459999,47.529999,48.070000,34.934963,1359600
2014-06-06,48.150002,48.250000,47.570000,47.709999,34.673344,1771100
2014-06-09,47.689999,48.299999,47.240002,47.500000,34.520729,1870100
2014-06-10,47.480000,47.520000,46.360001,46.549999,33.830299,2049800
2014-06-11,46.270000,47.040001,46.049999,47.000000,34.157345,2140000
2014-06-12,47.169998,47.779999,46.430000,47.619999,34.607929,2691700
2014-06-13,47.619999,47.680000,47.029999,47.220001,34.317226,1821700
2014-06-16,47.320000,47.980000,47.150002,47.980000,34.869564,1599300
2014-06-17,47.970001,48.490002,47.430000,48.450001,35.211124,1998400
2014-06-18,48.340000,49.160000,47.799999,48.950001,35.574505,1724500
2014-06-19,49.200001,49.849998,49.060001,49.680000,36.105034,1543900
2014-06-20,49.790001,49.919998,49.209999,49.630001,36.068710,2036100
2014-06-23,49.849998,50.490002,49.610001,50.009998,36.344864,1533800
2014-06-24,50.049999,50.410000,48.880001,48.970001,35.589046,1701800
2014-06-25,46.750000,47.000000,44.750000,45.689999,33.205296,11660500
2014-06-26,45.799999,46.070000,45.220001,45.480000,33.052689,4133400
2014-06-27,44.900002,45.430000,44.250000,44.380001,32.253246,4383500
2014-06-30,44.369999,44.630001,43.610001,43.689999,31.751791,3076500
2014-07-01,43.700001,44.430000,43.660000,43.869999,31.882610,2702200
2014-07-02,43.910000,44.730000,43.709999,44.660000,32.456730,2777200
2014-07-03,44.700001,44.990002,44.180000,44.200001,32.122440,1649700
2014-07-07,44.310001,44.660000,43.720001,43.770000,31.809925,1785400
2014-07-08,43.790001,43.790001,43.009998,43.150002,31.359350,2324700
2014-07-09,43.730000,43.759998,42.759998,43.430000,31.562840,2051100
2014-07-10,43.220001,43.680000,42.910000,43.099998,31.323008,1718500
2014-07-11,43.419998,44.009998,42.830002,43.919998,31.918947,2544900
2014-07-14,44.000000,44.230000,43.480000,43.669998,31.737261,1768300
2014-07-15,43.490002,45.180000,43.439999,44.939999,32.660240,3830200
2014-07-16,44.959999,45.180000,43.869999,44.180000,32.107903,2617800
2014-07-17,44.180000,44.299999,43.540001,43.560001,31.657310,1647200
2014-07-18,43.830002,44.220001,43.700001,44.150002,32.086113,1889400
2014-07-21,44.049999,44.060001,43.419998,43.799999,31.831743,1292800
2014-07-22,44.049999,44.639999,43.919998,44.299999,32.195114,2212600
2014-07-23,44.349998,45.060001,44.230000,44.939999,32.660240,2280800
2014-07-24,44.900002,45.860001,44.849998,45.830002,33.307045,2244600
2014-07-25,45.660000,46.060001,45.520000,46.020000,33.445122,1654000
2014-07-28,46.080002,46.160000,45.049999,45.700001,33.212555,1583700
2014-07-29,46.119999,46.549999,45.520000,46.090000,33.496006,2029500
2014-07-30,46.110001,46.439999,45.509998,45.950001,33.394253,1827600
2014-07-31,45.830002,47.450001,45.570000,47.009998,34.164612,3460100
2014-08-01,46.740002,46.830002,45.459999,46.060001,33.474201,2604000
2014-08-04,46.049999,46.389999,45.430000,46.220001,33.590473,1773900
2014-08-05,45.900002,46.029999,45.189999,45.810001,33.292511,2568600
2014-08-06,45.340000,47.250000,45.299999,46.689999,33.932053,3195100
2014-08-07,46.990002,47.549999,46.880001,47.369999,34.426243,2968100
2014-08-08,47.480000,48.160000,47.070000,48.119999,34.971313,1456700
2014-08-11,48.200001,48.660000,47.810001,47.840000,34.767815,1477300
2014-08-12,47.840000,48.310001,47.529999,47.880001,34.796886,1216800
2014-08-13,48.000000,48.799999,47.709999,48.169998,35.007641,2902100
2014-08-14,48.230000,48.950001,48.139999,48.680000,35.378288,1597400
2014-08-15,48.720001,49.099998,48.439999,48.720001,35.407360,1524800
2014-08-18,48.869999,49.220001,48.680000,49.160000,35.727119,1632300
2014-08-19,49.119999,49.720001,48.849998,49.619999,36.061428,1964300
2014-08-20,49.599998,50.529999,49.450001,50.470001,36.679176,2345200
2014-08-21,50.459999,50.490002,50.000000,50.099998,36.410278,2157000
2014-08-22,50.189999,51.310001,50.009998,51.259998,37.253307,5197300
2014-08-25,50.869999,51.090000,50.480000,50.680000,37.194592,1592100
2014-08-26,50.639999,51.049999,50.070000,50.450001,37.025780,1489200
2014-08-27,50.580002,50.610001,50.209999,50.549999,37.099186,1257000
2014-08-28,50.040001,50.279999,49.599998,50.279999,37.136112,1320000
2014-08-29,50.169998,50.619999,49.980000,50.029999,36.951473,1731400
2014-09-02,50.020000,50.459999,49.270000,49.709999,36.715118,2398100
2014-09-03,49.889999,49.889999,49.299999,49.450001,36.523098,1465700
2014-09-04,49.520000,49.939999,49.049999,49.279999,36.397526,1486100
2014-09-05,49.330002,50.139999,48.820000,49.970001,36.907150,1466300
2014-09-08,49.919998,50.400002,49.500000,49.830002,36.803753,1229600
2014-09-09,49.709999,49.799999,48.299999,48.529999,35.843594,2345200
2014-09-10,48.529999,48.580002,46.849998,47.439999,35.038532,3034600
2014-09-11,47.369999,48.070000,46.349998,46.730000,34.514130,3305400
2014-09-12,46.599998,46.849998,45.490002,45.849998,33.864182,2267700
2014-09-15,45.799999,46.520000,45.430000,46.500000,34.344261,2332800
2014-09-16,46.330002,47.820000,46.169998,46.529999,34.366413,2400000
2014-09-17,46.560001,46.619999,45.580002,46.029999,33.997120,2944500
2014-09-18,46.049999,46.529999,45.779999,46.080002,34.034050,1749700
2014-09-19,46.139999,46.799999,45.970001,46.250000,34.159618,2370200
2014-09-22,46.230000,46.580002,45.630001,45.720001,33.768158,2231600
2014-09-23,45.619999,46.560001,45.049999,45.160000,33.354546,1921800
2014-09-24,45.049999,45.180000,44.220001,44.630001,32.963097,2824200
2014-09-25,44.540001,44.680000,43.720001,44.470001,32.844929,2679800
2014-09-26,44.439999,44.939999,44.160000,44.520000,32.881859,2296700
2014-09-29,44.130001,44.650002,43.759998,44.160000,32.615971,2840000
2014-09-30,44.139999,44.400002,43.459999,43.680000,32.261448,2286000
2014-10-01,43.779999,44.490002,43.139999,43.209999,31.914303,2260400
2014-10-02,43.060001,43.189999,41.930000,42.919998,31.700121,2509700
2014-10-03,42.779999,42.779999,41.500000,41.740002,30.828592,3707200
2014-10-06,41.750000,42.290001,41.450001,41.840000,30.902447,1467900
2014-10-07,42.270000,43.150002,41.740002,42.020000,31.035402,2705500
2014-10-08,42.230000,43.410000,41.860001,43.349998,32.017719,1952900
2014-10-09,43.270000,43.950001,41.820000,41.919998,30.961529,3259800
2014-10-10,41.970001,42.840000,41.099998,41.790001,30.865522,2568300
2014-10-13,41.740002,43.610001,41.740002,42.020000,31.035402,3580200
2014-10-14,42.000000,42.599998,40.980000,42.049999,31.057554,3069400
2014-10-15,41.540001,41.610001,39.810001,41.049999,30.318960,3216300
2014-10-16,40.380001,42.709999,40.310001,41.779999,30.858126,3077300
2014-10-17,42.349998,42.970001,41.830002,42.740002,31.567181,2950000
2014-10-20,42.560001,43.389999,42.560001,43.130001,31.855228,1362300
2014-10-21,43.320000,44.910000,43.290001,44.849998,33.125587,2149200
2014-10-22,44.869999,45.400002,43.779999,43.849998,32.387005,1441100
2014-10-23,44.450001,45.090000,44.099998,44.480000,32.852314,1703400
2014-10-24,44.410000,44.680000,43.700001,44.680000,33.000034,1315600
2014-10-27,44.360001,44.880001,43.730000,44.669998,32.992649,3815100
2014-10-28,44.770000,45.900002,44.380001,45.880001,33.886326,1972400
2014-10-29,46.139999,46.470001,44.360001,44.740002,33.044353,2107300
2014-10-30,44.830002,45.509998,44.320000,44.790001,33.081284,2182400
2014-10-31,45.020000,45.439999,44.349998,45.380001,33.517044,1991100
2014-11-03,45.430000,45.880001,44.980000,45.139999,33.339790,2070500
2014-11-04,45.130001,45.450001,44.090000,45.209999,33.391487,3358000
2014-11-05,44.349998,44.349998,42.709999,43.599998,32.202351,3208400
2014-11-06,43.680000,44.049999,43.330002,43.799999,32.350075,1885500
2014-11-07,43.900002,44.880001,43.730000,44.630001,32.963097,1324500
2014-11-10,44.919998,45.230000,43.959999,44.169998,32.623344,1641200
2014-11-11,43.919998,44.119999,43.419998,43.770000,32.327919,2326000
2014-11-12,43.770000,44.340000,43.709999,43.849998,32.387005,2065700
2014-11-13,43.820000,43.919998,42.459999,42.790001,31.604103,2153300
2014-11-14,42.820000,43.340000,42.750000,42.830002,31.633646,1659400
2014-11-17,42.799999,43.290001,42.680000,43.119999,31.847830,1675500
2014-11-18,43.299999,43.639999,42.860001,43.250000,31.943851,2377300
2014-11-19,43.230000,43.680000,42.900002,43.520000,32.143272,1897000
2014-11-20,43.310001,44.160000,43.310001,43.770000,32.327919,1697500
2014-11-21,44.360001,45.049999,44.119999,44.509998,32.874470,3396900
2014-11-24,44.610001,44.830002,44.320000,44.419998,32.808002,1582700
2014-11-25,43.869999,44.189999,43.240002,43.349998,32.382217,2153100
2014-11-26,43.250000,43.709999,43.020000,43.349998,32.382217,1398600
2014-11-28,41.910000,42.180000,40.630001,40.820000,30.492319,2276300
2014-12-01,40.599998,41.070000,40.230000,40.660000,30.372810,3433100
2014-12-02,40.340000,42.060001,40.330002,41.849998,31.509710,2437800
2014-12-03,41.869999,42.810001,41.820000,42.049999,31.660294,1621500
2014-12-04,42.049999,42.259998,40.470001,41.250000,31.057955,3061500
2014-12-05,41.180000,41.430000,39.810001,39.900002,30.041508,2713300
2014-12-08,39.520000,40.169998,38.150002,38.389999,28.904600,3449600
2014-12-09,37.900002,38.540001,37.369999,38.189999,28.754021,4076800
2014-12-10,37.919998,38.480000,37.299999,37.490002,28.226982,3277200
2014-12-11,37.630001,38.450001,37.599998,37.790001,28.452858,2270300
2014-12-12,37.230000,37.810001,36.700001,37.330002,28.106506,2383800
2014-12-15,37.200001,37.799999,35.869999,36.110001,27.187944,3103300
2014-12-16,35.669998,37.360001,35.310001,36.529999,27.504164,2413000
2014-12-17,36.320000,37.810001,36.299999,36.900002,27.782753,2386300
2014-12-18,37.799999,37.799999,36.000000,36.700001,27.632166,3304700
2014-12-19,36.779999,37.419998,36.669998,37.340000,28.114035,3485100
2014-12-22,37.419998,37.560001,36.790001,36.840000,27.737577,2248000
2014-12-23,37.299999,37.790001,37.150002,37.630001,28.332384,1775700
2014-12-24,37.480000,38.119999,37.299999,37.900002,28.535673,809300
2014-12-26,37.910000,38.990002,37.910000,38.360001,28.882021,2331600
2014-12-29,38.389999,38.730000,37.669998,37.900002,28.535673,2232500
2014-12-30,37.759998,38.380001,37.709999,38.070000,28.663662,1545500
2014-12-31,37.980000,38.200001,37.450001,37.480000,28.219440,1816400
2015-01-02,37.500000,38.490002,37.400002,38.439999,28.942251,1668200
2015-01-05,37.500000,37.730000,36.380001,36.779999,27.692404,2645800
2015-01-06,36.840000,37.380001,36.000000,36.349998,27.368649,2149300
2015-01-07,36.799999,36.880001,35.500000,35.580002,26.788897,2063900
2015-01-08,35.930000,37.230000,35.779999,36.689999,27.624640,3056700
2015-01-09,36.500000,36.689999,35.360001,35.709999,26.886780,2470900
2015-01-12,35.380001,35.380001,33.980000,34.209999,25.757395,2922700
2015-01-13,34.410000,34.740002,32.189999,32.529999,24.492493,4203100
2015-01-14,32.200001,32.279999,30.520000,31.420000,23.656759,5976800
2015-01-15,31.719999,31.780001,30.150000,30.190001,22.730658,5610100
2015-01-16,30.500000,31.280001,30.360001,30.840000,23.220057,5206500
2015-01-20,30.900000,32.290001,30.600000,32.020000,24.108496,5777800
2015-01-21,32.130001,32.410000,31.740000,32.000000,24.093443,4890700
2015-01-22,32.320000,33.060001,31.830000,32.939999,24.801191,4592900
2015-01-23,33.130001,34.150002,32.700001,33.919998,25.539045,3514600
2015-01-26,33.900002,34.619999,33.849998,34.310001,25.832691,2324700
2015-01-27,34.150002,34.630001,34.060001,34.430000,25.923037,1774700
2015-01-28,34.509998,35.009998,33.980000,34.619999,26.066093,2981000
2015-01-29,35.139999,35.410000,34.169998,35.029999,26.374800,3148000
2015-01-30,34.680000,36.139999,34.439999,35.919998,27.044889,4634400
2015-02-02,36.209999,37.150002,36.139999,37.070000,27.910748,4264200
2015-02-03,37.400002,37.849998,36.889999,37.740002,28.415203,3249200
2015-02-04,37.340000,38.220001,37.000000,38.009998,28.618490,3245000
2015-02-05,38.419998,38.700001,37.759998,38.480000,28.972372,1824400
2015-02-06,38.709999,38.930000,38.080002,38.529999,29.010015,2848700
2015-02-09,38.610001,38.959999,38.070000,38.610001,29.070244,2356800
2015-02-10,38.610001,39.650002,38.340000,39.509998,29.747868,2264500
2015-02-11,39.070000,39.360001,38.730000,39.090000,29.431650,2019100
2015-02-12,39.450001,40.560001,39.119999,40.480000,30.478212,2595400
2015-02-13,40.540001,41.799999,40.540001,41.790001,31.464531,3138500
2015-02-17,41.790001,42.139999,41.150002,41.669998,31.374182,2857400
2015-02-18,41.570000,42.000000,41.290001,41.860001,31.517231,2235700
2015-02-19,41.400002,41.520000,40.410000,41.169998,30.997721,4588300
2015-02-20,41.259998,41.759998,40.549999,41.110001,30.952539,3548000
2015-02-23,40.880001,42.070000,40.869999,41.880001,31.532295,3580400
2015-02-24,41.750000,41.750000,40.750000,40.820000,30.734201,5627100
2015-02-25,40.990002,42.389999,40.250000,42.250000,31.810877,4896900
2015-02-26,42.669998,44.580002,42.549999,44.410000,33.437180,6037000
2015-02-27,44.520000,45.049999,43.689999,43.990002,33.120960,3945000
2015-03-02,43.660000,43.759998,40.919998,41.139999,30.975136,6046200
2015-03-03,41.509998,42.060001,41.349998,41.849998,31.509710,3374000
2015-03-04,41.509998,41.549999,40.299999,40.439999,30.448084,3098100
2015-03-05,41.040001,41.680000,40.790001,41.270000,31.073017,3095400
2015-03-06,40.689999,41.750000,39.630001,39.750000,30.162453,2973100
2015-03-09,39.930000,41.060001,39.070000,39.099998,29.669216,4188500
2015-03-10,38.779999,38.980000,37.580002,38.060001,28.880075,4142700
2015-03-11,38.060001,38.939999,37.740002,38.869999,29.494699,3634000
2015-03-12,39.250000,39.650002,38.299999,38.349998,29.100119,2564700
2015-03-13,38.259998,39.200001,38.070000,39.119999,29.684399,4050100
2015-03-16,38.639999,40.130001,38.150002,40.040001,30.382494,2927200
2015-03-17,39.770000,40.009998,38.889999,39.959999,30.321800,2064400
2015-03-18,40.000000,41.880001,39.820000,41.630001,31.588999,3067100
2015-03-19,41.169998,41.279999,40.630001,40.930000,31.057827,2307900
2015-03-20,41.029999,41.419998,40.560001,40.790001,30.951603,7842600
2015-03-23,41.130001,41.650002,41.119999,41.160000,31.232361,2257300
2015-03-24,41.040001,41.450001,40.599998,41.180000,31.247532,1787500
2015-03-25,41.570000,42.080002,41.290001,41.349998,31.376518,3570900
2015-03-26,41.720001,41.830002,40.340000,40.529999,30.754311,2773300
2015-03-27,40.689999,40.840000,39.340000,39.540001,30.003096,2125500
2015-03-30,39.869999,40.950001,39.849998,40.770000,30.936430,3177400
2015-03-31,40.130001,40.860001,40.119999,40.270000,30.557026,2272800
2015-04-01,40.270000,40.950001,40.230000,40.369999,30.632898,2412000
2015-04-02,40.209999,40.419998,37.209999,37.849998,28.720718,4571200
2015-04-06,38.110001,38.509998,36.930000,37.919998,28.773840,4008500
2015-04-07,38.049999,38.279999,37.200001,37.529999,28.477901,2893800
2015-04-08,37.700001,38.360001,36.849998,37.029999,28.098501,2713700
2015-04-09,36.950001,37.340000,36.650002,36.869999,27.977095,2189900
2015-04-10,37.119999,37.470001,37.000000,37.439999,28.409609,2224300
2015-04-13,37.180000,37.580002,35.889999,36.060001,27.362463,3531400
2015-04-14,36.310001,37.060001,36.070000,37.060001,28.121264,2569100
2015-04-15,37.279999,37.910000,37.230000,37.660000,28.576550,4239400
2015-04-16,37.549999,38.279999,37.410000,37.919998,28.773840,3004300
2015-04-17,37.720001,37.990002,37.330002,37.919998,28.773840,2511600
2015-04-20,38.040001,38.500000,37.930000,38.029999,28.857309,2072700
2015-04-21,38.070000,38.740002,37.959999,38.189999,28.978716,2195500
2015-04-22,38.340000,38.810001,38.009998,38.689999,29.358114,2114400
2015-04-23,38.750000,38.990002,38.160000,38.500000,29.213947,2190700
2015-04-24,38.580002,39.840000,38.470001,39.759998,30.170040,4495500
2015-04-27,39.730000,40.410000,39.349998,39.910000,30.283848,3052300
2015-04-28,39.820000,40.439999,39.759998,39.849998,30.238338,2540400
2015-04-29,39.779999,40.200001,39.459999,39.709999,30.132084,1977000
2015-04-30,39.750000,40.169998,38.509998,38.779999,29.426403,2807400
2015-05-01,38.779999,39.799999,38.669998,39.709999,30.132084,2123300
2015-05-04,39.779999,39.779999,38.770000,38.950001,29.555410,1477500
2015-05-05,38.970001,39.310001,38.889999,39.099998,29.669216,1921000
2015-05-06,40.450001,41.200001,38.900002,39.509998,29.980328,4406600
2015-05-07,39.810001,41.950001,39.650002,41.650002,31.604172,4647100
2015-05-08,41.700001,42.580002,40.910000,42.250000,32.059460,3203100
2015-05-11,42.139999,42.139999,40.849998,41.349998,31.376518,2062800
2015-05-12,41.330002,41.340000,40.470001,40.790001,30.951603,1813200
2015-05-13,40.860001,41.790001,40.740002,41.639999,31.596584,2021600
2015-05-14,41.880001,43.200001,41.700001,43.150002,32.742382,2733700
2015-05-15,42.820000,43.270000,42.330002,43.049999,32.666512,2223800
2015-05-18,43.049999,43.709999,42.480000,43.369999,32.909309,2435800
2015-05-19,43.099998,43.290001,42.700001,42.939999,32.583027,1699900
2015-05-20,42.900002,43.209999,42.619999,42.770000,32.454033,1591000
2015-05-21,42.750000,43.070000,42.470001,42.880001,32.537506,2004700
2015-05-22,42.560001,43.040001,42.560001,42.880001,32.537506,1786600
2015-05-26,42.549999,42.730000,41.610001,41.709999,31.649708,2039100
2015-05-27,42.150002,42.389999,41.430000,41.570000,31.543468,2978100
2015-05-28,41.509998,42.290001,41.230000,42.060001,31.915283,2384600
2015-05-29,42.009998,42.840000,41.450001,41.650002,31.604172,2993700
2015-06-01,41.610001,42.209999,41.290001,41.389999,31.406887,2687000
2015-06-02,41.270000,41.349998,40.240002,40.950001,31.073021,3150700
2015-06-03,40.480000,40.639999,40.000000,40.400002,30.904726,2206400
2015-06-04,40.040001,40.590000,39.830002,40.259998,30.797625,2701900
2015-06-05,40.220001,41.439999,40.220001,41.250000,31.554932,2563800
2015-06-08,41.020000,41.400002,40.630001,40.900002,31.287201,2343000
2015-06-09,41.060001,41.279999,40.599998,40.720001,31.149506,1935100
2015-06-10,40.959999,41.700001,40.930000,41.189999,31.509054,2564700
2015-06-11,41.119999,41.990002,41.020000,41.500000,31.746187,1617400
2015-06-12,41.240002,41.369999,40.660000,40.840000,31.241312,1786800
2015-06-15,40.520000,41.189999,40.369999,40.730000,31.157162,1195700
2015-06-16,40.669998,41.099998,40.419998,41.080002,31.424902,1349700
2015-06-17,41.320000,41.849998,41.080002,41.310001,31.600840,1710900
2015-06-18,41.509998,42.689999,41.310001,42.020000,32.143967,2855300
2015-06-19,41.880001,42.650002,41.790001,41.900002,32.052177,2420500
2015-06-22,42.060001,42.270000,41.360001,41.470001,31.723232,2769300
2015-06-23,41.520000,42.270000,41.470001,42.169998,32.258709,1633300
2015-06-24,42.049999,42.340000,41.630001,41.849998,32.013927,1684300
2015-06-25,41.779999,41.980000,41.389999,41.520000,31.761478,1688500
2015-06-26,41.529999,42.240002,41.369999,41.840000,32.006279,2403100
2015-06-29,41.340000,42.130001,41.240002,41.389999,31.662048,2457800
2015-06-30,41.830002,42.779999,41.830002,42.689999,32.656498,3175700
2015-07-01,42.860001,44.220001,42.680000,43.970001,33.635666,5194400
2015-07-02,43.900002,44.939999,43.799999,44.820000,34.285881,3703500
2015-07-06,44.389999,45.419998,44.139999,45.169998,34.553619,2999400
2015-07-07,45.029999,45.470001,43.849998,45.360001,34.698963,3676700
2015-07-08,45.240002,45.520000,44.360001,44.590000,34.109940,3158000
2015-07-09,44.910000,45.119999,44.230000,44.290001,33.880444,3254800
2015-07-10,44.650002,45.400002,44.520000,45.259998,34.622456,3259000
2015-07-13,45.669998,46.110001,45.520000,45.689999,34.951408,3889200
2015-07-14,45.799999,46.560001,45.740002,46.119999,35.280338,2878200
2015-07-15,45.680000,46.320000,45.080002,45.130001,34.523018,2624100
2015-07-16,45.450001,46.500000,45.410000,46.360001,35.463924,2768600
2015-07-17,46.380001,46.740002,46.000000,46.430000,35.517475,2341100
2015-07-20,46.389999,46.790001,45.939999,46.000000,35.188541,2143100
2015-07-21,46.389999,46.740002,45.950001,46.220001,35.356838,1783200
2015-07-22,46.250000,47.490002,45.650002,47.220001,36.121803,3981400
2015-07-23,47.099998,47.509998,46.680000,46.730000,35.746964,3334800
2015-07-24,46.919998,47.139999,46.049999,46.509998,35.578663,2392000
2015-07-27,46.020000,46.020000,44.860001,45.700001,34.959061,2140700
2015-07-28,45.529999,46.200001,44.830002,46.009998,35.196194,2134300
2015-07-29,46.020000,46.209999,45.259998,46.029999,35.211502,2323200
2015-07-30,45.669998,49.540001,45.189999,48.150002,36.833225,9693300
2015-07-31,48.150002,48.680000,47.740002,48.259998,36.917370,2871300
2015-08-03,48.080002,48.189999,47.040001,47.180000,36.091202,2244700
2015-08-04,47.189999,47.830002,46.580002,46.869999,35.854069,2298800
2015-08-05,47.700001,49.709999,47.110001,49.480000,37.850636,5502700
2015-08-06,49.680000,51.480000,49.439999,50.730000,38.806843,4538600
2015-08-07,50.639999,50.990002,49.840000,50.279999,38.462605,3162400
2015-08-10,50.549999,52.470001,50.450001,52.450001,40.122589,3446700
2015-08-11,51.580002,53.849998,51.070000,53.799999,41.155296,4494700
2015-08-12,53.290001,54.000000,52.560001,53.779999,41.139999,3017400
2015-08-13,53.660000,54.730000,52.880001,53.259998,40.742210,3420100
2015-08-14,53.169998,53.459999,52.560001,52.830002,40.413280,2448600
2015-08-17,52.950001,53.549999,52.540001,53.389999,40.841656,2018600
2015-08-18,53.259998,53.459999,52.660000,53.259998,40.742210,1696300
2015-08-19,53.119999,53.340000,52.299999,52.480000,40.145535,2356900
2015-08-20,51.740002,53.000000,51.340000,51.560001,39.441765,3127000
2015-08-21,49.669998,50.759998,47.869999,47.880001,36.626675,5530100
2015-08-24,43.700001,47.799999,43.560001,46.160000,35.310940,4654800
2015-08-25,47.680000,47.680000,44.959999,45.090000,34.492420,3550800
2015-08-26,46.049999,46.259998,44.639999,46.209999,35.349186,3129000
2015-08-27,47.220001,47.349998,45.389999,46.349998,35.456284,3384900
2015-08-28,46.480000,47.389999,46.400002,46.840000,35.831123,2376300
2015-08-31,46.549999,47.700001,46.360001,46.860001,36.100758,3583400
2015-09-01,45.860001,46.220001,45.009998,45.279999,34.883530,3509700
2015-09-02,46.040001,46.759998,45.380001,46.750000,36.016018,3775100
2015-09-03,47.029999,47.919998,46.520000,46.970001,36.185490,2993200
2015-09-04,46.299999,47.279999,46.130001,46.419998,35.761787,3650800
2015-09-08,47.279999,48.009998,46.480000,47.900002,36.901970,3090600
2015-09-09,48.410000,48.709999,46.959999,47.040001,36.239437,3150200
2015-09-10,47.570000,48.669998,46.830002,48.150002,37.094566,2834100
2015-09-11,48.080002,48.369999,47.360001,48.099998,37.056042,1915300
2015-09-14,48.130001,48.130001,45.720001,45.770000,35.261028,2412500
2015-09-15,46.009998,46.779999,45.439999,46.619999,35.915867,2998300
2015-09-16,46.490002,46.650002,44.900002,45.340000,34.929749,3861100
2015-09-17,45.439999,47.939999,44.930000,46.590000,35.892742,5946000
2015-09-18,46.220001,47.549999,45.880001,46.720001,35.992893,5491400
2015-09-21,46.869999,47.459999,46.500000,46.570000,35.877346,2820700
2015-09-22,46.090000,47.049999,45.860001,46.770000,36.031425,2518800
2015-09-23,47.020000,48.259998,46.770000,47.180000,36.347279,2457500
2015-09-24,47.049999,48.520000,46.750000,48.299999,37.210121,2498600
2015-09-25,48.560001,51.430000,47.869999,49.759998,38.334900,6414100
2015-09-28,49.750000,50.400002,46.720001,47.220001,36.378098,2925400
2015-09-29,47.360001,48.410000,46.500000,46.770000,36.031425,2839700
2015-09-30,47.450001,48.930000,47.169998,48.840000,37.626129,2820600
2015-10-01,48.860001,49.919998,48.450001,49.639999,38.242451,2408200
2015-10-02,49.240002,50.560001,48.459999,50.549999,38.943512,2481200
2015-10-05,50.930000,51.610001,50.160000,51.290001,39.513611,2649100
2015-10-06,51.220001,51.419998,50.160000,50.209999,38.681583,3351500
2015-10-07,51.000000,51.099998,49.540001,50.540001,38.935802,2805800
2015-10-08,50.430000,51.509998,50.099998,51.240002,39.475094,3152200
2015-10-09,51.349998,51.610001,49.430000,50.320000,38.766319,2517600
2015-10-12,50.540001,50.750000,49.720001,50.259998,38.720108,2149300
2015-10-13,50.029999,50.450001,48.939999,49.240002,37.934292,2966600
2015-10-14,49.330002,49.669998,48.790001,49.070000,37.803333,2393500
2015-10-15,49.310001,50.419998,49.099998,50.220001,38.689289,2552700
2015-10-16,50.270000,50.880001,50.000000,50.490002,38.897282,1956400
2015-10-19,50.080002,50.160000,47.500000,47.650002,36.709373,2872200
2015-10-20,47.590000,47.590000,46.000000,46.400002,35.746365,3356700
2015-10-21,45.830002,46.340000,44.779999,45.990002,35.430515,4560200
2015-10-22,46.090000,46.520000,45.520000,46.400002,35.746365,2072100
2015-10-23,46.549999,47.529999,46.430000,46.930000,36.154671,2119400
2015-10-26,46.849998,47.369999,46.490002,46.939999,36.162384,1890100
2015-10-27,46.759998,47.130001,46.040001,46.919998,36.146973,2651900
2015-10-28,46.990002,48.430000,46.990002,48.430000,37.310276,2192500
2015-10-29,47.950001,49.320000,47.930000,49.290001,37.972816,2085500
2015-10-30,49.299999,49.549999,48.680000,48.970001,37.726288,2188300
2015-11-02,48.950001,50.570000,48.660000,50.270000,38.727810,2131300
2015-11-03,49.950001,51.160000,49.820000,50.990002,39.282494,2175800
2015-11-04,51.090000,51.910000,50.509998,50.820000,39.151531,3319600
2015-11-05,52.099998,52.299999,49.450001,50.340000,38.781715,3167700
2015-11-06,50.189999,50.759998,49.700001,50.540001,38.935802,1770700
2015-11-09,50.369999,50.580002,49.090000,49.169998,37.880375,1711200
2015-11-10,49.139999,50.820000,49.029999,50.480000,38.889587,2391000
2015-11-11,50.349998,50.849998,49.410000,49.459999,38.103779,1996900
2015-11-12,49.090000,49.279999,47.389999,47.869999,36.878860,2206200
2015-11-13,47.689999,48.389999,47.360001,47.950001,36.940495,1754900
2015-11-16,47.860001,48.610001,47.160000,48.590000,37.433533,1903500
2015-11-17,48.639999,49.180000,48.310001,48.980000,37.733994,1522900
2015-11-18,49.070000,50.029999,48.650002,49.980000,38.504391,1635000
2015-11-19,49.799999,50.810001,49.709999,50.259998,38.720108,2079700
2015-11-20,50.310001,51.130001,50.160000,50.259998,38.720108,1607900
2015-11-23,50.189999,50.820000,49.730000,50.630001,39.005157,1908900
2015-11-24,50.650002,50.990002,49.520000,50.459999,38.874180,1900600
2015-11-25,50.570000,50.930000,49.549999,49.730000,38.311790,1751200
2015-11-27,49.480000,50.029999,49.130001,49.730000,38.311790,886900
2015-11-30,49.990002,50.070000,48.029999,48.080002,37.040634,3300900
2015-12-01,48.299999,50.330002,48.020000,50.250000,38.712402,2849700
2015-12-02,49.770000,50.439999,48.270000,48.500000,37.611202,1799900
2015-12-03,48.849998,49.250000,47.500000,47.700001,36.990807,2346800
2015-12-04,47.720001,48.720001,47.380001,47.900002,37.145920,2409400
2015-12-07,47.270000,48.139999,45.349998,46.080002,35.734520,3449300
2015-12-08,45.380001,46.099998,45.110001,45.720001,35.455338,2132800
2015-12-09,45.799999,46.310001,45.060001,45.490002,35.276989,1695000
2015-12-10,45.400002,46.060001,45.060001,45.509998,35.292492,1439800
2015-12-11,44.669998,45.200001,43.320000,43.540001,33.764782,2270300
2015-12-14,43.230000,43.290001,41.570000,41.830002,32.438702,3090500
2015-12-15,42.080002,42.849998,40.840000,41.070000,31.849329,4496200
2015-12-16,40.750000,42.369999,40.709999,42.169998,32.702351,3623400
2015-12-17,42.400002,43.110001,42.009998,42.259998,32.772156,2777900
2015-12-18,42.130001,42.630001,41.689999,42.029999,32.593796,4430200
2015-12-21,42.150002,42.669998,41.860001,42.380001,32.865211,1842200
2015-12-22,42.380001,42.709999,41.009998,41.200001,31.950130,2481900
2015-12-23,41.860001,41.990002,40.689999,41.959999,32.539505,2845300
2015-12-24,41.759998,42.000000,41.290001,41.689999,32.330128,591600
2015-12-28,41.430000,41.610001,40.419998,40.610001,31.492596,1559100
2015-12-29,41.180000,41.180000,40.080002,40.560001,31.453829,2006200
2015-12-30,40.389999,40.759998,39.660000,39.810001,30.872206,2667900
2015-12-31,39.540001,40.080002,39.000000,39.889999,30.934250,2961700
2016-01-04,39.660000,40.349998,39.189999,40.240002,31.205675,3328900
2016-01-05,40.240002,41.290001,40.150002,41.110001,31.880348,3342700
2016-01-06,40.330002,40.820000,38.610001,38.820000,30.104469,4133100
2016-01-07,37.980000,38.950001,37.759998,38.750000,30.050186,3745900
2016-01-08,38.880001,39.020000,37.500000,37.540001,29.111847,2787400
2016-01-11,37.669998,38.330002,37.150002,38.070000,29.522854,2803400
2016-01-12,38.680000,39.000000,36.980000,38.459999,29.825306,2602500
2016-01-13,38.430000,38.599998,35.160000,35.250000,27.335979,4088900
2016-01-14,35.500000,36.630001,33.980000,36.290001,28.142481,3980800
2016-01-15,34.740002,35.330002,33.900002,33.980000,26.351105,6274900
2016-01-19,34.380001,35.180000,33.439999,33.860001,26.258049,3541500
2016-01-20,32.970001,33.779999,32.419998,33.369999,25.878059,4111000
2016-01-21,33.230000,34.169998,32.540001,33.040001,25.622152,3047800
2016-01-22,34.119999,36.759998,34.049999,36.150002,28.033922,4606100
2016-01-25,35.849998,36.029999,33.709999,33.840000,26.242538,2842700
2016-01-26,34.200001,34.590000,33.299999,34.520000,26.769871,2601600
2016-01-27,34.639999,34.639999,32.529999,32.889999,25.505823,2653400
2016-01-28,33.959999,34.349998,33.070000,33.540001,26.009895,2512800
2016-01-29,33.560001,35.049999,33.389999,34.970001,27.118843,3188300
2016-02-01,34.750000,36.040001,34.299999,35.740002,27.715969,3095000
2016-02-02,34.669998,34.820000,33.099998,33.360001,25.870304,2467200
2016-02-03,33.529999,33.619999,31.040001,31.830000,24.683804,5050900
2016-02-04,32.020000,32.980000,31.490000,32.360001,25.094814,3411700
2016-02-05,32.000000,32.080002,30.570000,31.010000,24.047907,3656800
2016-02-08,30.280001,31.120001,29.549999,30.820000,23.900566,3633100
2016-02-09,30.410000,31.670000,30.000000,31.040001,24.071169,3906400
2016-02-10,31.170000,31.620001,30.160000,30.410000,23.582613,3313600
2016-02-11,29.799999,30.320000,29.000000,29.940001,23.218138,3606000
2016-02-12,30.500000,30.860001,30.120001,30.709999,23.815262,2058500
2016-02-16,31.049999,31.370001,29.920000,30.870001,23.939337,2955800
2016-02-17,31.100000,31.840000,30.860001,31.070000,24.094437,3557000
2016-02-18,31.420000,31.500000,29.770000,30.030001,23.287926,3815600
2016-02-19,29.629999,30.760000,29.350000,30.760000,23.854029,2205600
2016-02-22,31.219999,32.290001,30.950001,31.629999,24.528709,2776600
2016-02-23,31.250000,31.809999,30.360001,30.389999,23.567104,3078700
2016-02-24,30.670000,33.860001,29.770000,33.820000,26.227028,4858300
2016-02-25,33.270000,33.919998,32.099998,33.860001,26.258049,4076700
2016-02-26,34.130001,34.520000,32.849998,32.889999,25.505823,2886100
2016-02-29,32.990002,33.959999,32.689999,33.820000,26.227028,2948400
2016-03-01,33.820000,34.919998,33.150002,34.560001,26.800898,3101300
2016-03-02,33.820000,34.189999,32.549999,33.150002,25.955288,3610900
2016-03-03,33.349998,35.650002,33.349998,35.580002,27.857897,3676000
2016-03-04,35.730000,36.029999,34.500000,34.889999,27.317650,3114500
2016-03-07,34.840000,36.169998,34.610001,35.830002,28.053635,3224500
2016-03-08,35.799999,36.450001,34.889999,35.099998,27.482077,3804100
2016-03-09,35.540001,36.849998,35.389999,36.610001,28.664345,2854200
2016-03-10,36.610001,36.610001,34.900002,35.389999,27.709127,2434200
2016-03-11,35.930000,36.290001,35.049999,36.250000,28.382473,2011600
2016-03-14,35.849998,36.150002,35.029999,35.380001,27.701300,2595600
2016-03-15,34.680000,35.320000,34.270000,35.230000,27.583851,1971300
2016-03-16,34.900002,35.950001,34.840000,35.619999,27.889212,2547800
2016-03-17,35.549999,35.959999,34.849998,35.709999,27.959679,2450000
2016-03-18,35.700001,36.480000,35.509998,36.110001,28.272863,4327400
2016-03-21,36.180000,36.570000,35.810001,35.919998,28.124094,1520600
2016-03-22,35.799999,39.169998,35.610001,38.360001,30.034540,5256300
2016-03-23,37.189999,37.599998,34.959999,35.070000,27.458582,3978000
2016-03-24,34.970001,35.790001,34.750000,35.330002,27.662157,2311900
2016-03-28,35.599998,36.490002,35.070000,35.709999,27.959679,2165500
2016-03-29,35.279999,35.810001,34.639999,35.520000,27.810919,1966300
2016-03-30,35.880001,36.029999,34.349998,34.389999,26.926165,2193800
2016-03-31,34.430000,35.709999,34.049999,35.320000,27.654324,2746200
2016-04-01,34.490002,34.580002,33.700001,34.200001,26.777403,1902800
2016-04-04,33.880001,35.200001,33.750000,34.549999,27.051437,1838800
2016-04-05,34.340000,35.020000,33.919998,33.959999,26.589487,2411400
2016-04-06,34.049999,34.250000,32.910000,34.070000,26.675611,2470200
2016-04-07,33.990002,34.689999,33.689999,34.279999,26.840036,2685400
2016-04-08,34.680000,36.000000,34.250000,35.310001,27.646488,2110700
2016-04-11,35.680000,35.680000,34.230000,34.619999,27.106249,2346000
2016-04-12,34.669998,35.980000,34.299999,35.320000,27.654324,2067600
2016-04-13,35.580002,36.070000,34.930000,35.930000,28.131931,1545400
2016-04-14,36.060001,36.160000,35.349998,35.439999,27.748274,1311900
2016-04-15,35.119999,35.570000,33.919998,34.090000,26.691277,2011800
2016-04-18,33.560001,34.880001,33.230000,34.759998,27.215855,2084000
2016-04-19,34.830002,35.430000,34.110001,34.830002,27.270668,1745100
2016-04-20,34.740002,35.590000,33.889999,35.290001,27.630829,2238600
2016-04-21,35.290001,36.209999,34.939999,36.049999,28.225885,1784300
2016-04-22,36.160000,36.959999,35.820000,36.220001,28.358995,1792500
2016-04-25,36.200001,36.680000,35.689999,36.669998,28.711323,1868900
2016-04-26,36.990002,37.349998,36.650002,37.119999,29.063658,1465900
2016-04-27,37.200001,37.980000,37.049999,37.380001,29.267233,1978800
2016-04-28,37.279999,37.680000,36.330002,36.380001,28.484272,1673500
2016-04-29,36.250000,36.480000,34.860001,35.599998,27.873547,2093900
2016-05-02,35.490002,35.619999,34.160000,35.490002,27.787426,2496800
2016-05-03,34.810001,34.889999,33.570000,34.419998,26.949650,3049200
2016-05-04,33.310001,33.509998,30.809999,31.160000,24.397192,5198500
2016-05-05,31.330000,31.480000,29.680000,30.040001,23.520267,4362300
2016-05-06,29.620001,30.700001,29.600000,29.879999,23.394993,3505000
2016-05-09,29.680000,29.740000,27.840000,28.049999,21.962168,4928200
2016-05-10,28.450001,29.120001,28.280001,29.020000,22.721642,4921100
2016-05-11,29.020000,29.559999,28.490000,29.250000,22.901724,4117300
2016-05-12,29.360001,29.799999,27.950001,28.000000,21.923018,2961400
2016-05-13,27.980000,28.660000,27.590000,28.120001,22.016975,2781300
2016-05-16,28.299999,28.299999,26.820000,27.740000,21.719446,4501300
2016-05-17,27.740000,28.639999,27.459999,27.930000,21.868212,2754500
2016-05-18,28.379999,29.250000,28.180000,28.510000,22.322327,3121600
2016-05-19,28.350000,28.639999,27.209999,27.520000,21.547197,2690000
2016-05-20,27.530001,27.850000,27.010000,27.840000,21.797747,2242200
2016-05-23,27.600000,28.110001,27.350000,27.360001,21.421919,1995700
2016-05-24,27.660000,27.930000,27.209999,27.860001,21.813400,2162200
2016-05-25,27.670000,28.049999,26.990000,27.280001,21.615311,2506100
2016-05-26,27.370001,27.430000,26.469999,26.610001,21.084442,2438200
2016-05-27,26.480000,26.959999,25.799999,26.959999,21.361765,2883200
2016-05-31,26.990000,27.309999,26.549999,26.760000,21.203291,3516700
2016-06-01,26.610001,28.680000,26.610001,28.150000,22.304663,7481500
2016-06-02,27.830000,28.490000,27.389999,27.950001,22.146191,5327300
2016-06-03,28.040001,28.200001,26.969999,27.120001,21.488541,3023400
2016-06-06,27.340000,27.520000,26.370001,27.110001,21.480616,2989500
2016-06-07,27.280001,27.670000,27.059999,27.530001,21.813400,2673300
2016-06-08,27.760000,27.790001,26.610001,26.780001,21.219141,3298400
2016-06-09,26.540001,27.120001,26.110001,26.840000,21.266684,3457900
2016-06-10,26.459999,27.280001,26.190001,27.030001,21.417231,4009600
2016-06-13,26.799999,26.830000,24.950001,24.980000,19.792913,4982300
2016-06-14,24.940001,25.549999,24.170000,24.670000,19.547283,4056900
2016-06-15,24.270000,25.980000,24.110001,25.090000,19.880066,4504200
2016-06-16,24.760000,25.000000,24.410000,24.760000,19.618593,3209500
2016-06-17,24.780001,25.410000,23.959999,24.100000,19.095644,6378600
2016-06-20,24.530001,24.889999,24.090000,24.219999,19.190723,3515300
2016-06-21,24.290001,24.750000,23.670000,24.400000,19.333345,4492900
2016-06-22,24.430000,24.770000,24.170000,24.260000,19.222416,3134400
2016-06-23,24.610001,24.830000,24.450001,24.799999,19.650286,3304100
2016-06-24,23.980000,24.510000,23.670000,24.160000,19.143183,4280300
2016-06-27,23.850000,23.920000,22.530001,22.920000,18.160664,4333400
2016-06-28,23.129999,23.969999,23.000000,23.900000,18.937176,3651000
2016-06-29,23.900000,24.410000,23.660000,23.959999,18.984713,4257600
2016-06-30,23.959999,24.030001,22.850000,23.770000,18.834164,4835000
2016-07-01,23.730000,24.280001,23.559999,24.230000,19.198648,3562800
2016-07-05,24.000000,24.250000,22.750000,23.150000,18.342907,4495800
2016-07-06,22.959999,22.990000,22.070000,22.950001,18.184439,6554000
2016-07-07,23.120001,23.990000,22.170000,22.309999,17.677338,5758600
2016-07-08,22.510000,23.059999,22.209999,22.719999,18.002201,4979900
2016-07-11,22.860001,23.260000,22.129999,23.129999,18.327061,4374200
2016-07-12,23.320000,23.530001,23.010000,23.320000,18.477604,3214600
2016-07-13,23.320000,24.650000,23.200001,24.410000,19.341269,7472800
2016-07-14,24.650000,25.360001,24.650000,24.980000,19.792913,9190900
2016-07-15,25.059999,25.190001,24.010000,24.020000,19.032257,4308100
2016-07-18,24.000000,24.430000,23.080000,24.320000,19.269957,3683600
2016-07-19,24.260000,24.379999,24.049999,24.360001,19.301653,2187100
2016-07-20,24.389999,24.430000,23.879999,23.990000,19.008484,3272800
2016-07-21,24.020000,24.379999,23.940001,23.990000,19.008484,2330100
2016-07-22,24.059999,24.160000,23.580000,24.120001,19.111492,2786000
2016-07-25,23.990000,24.540001,23.770000,24.160000,19.143183,2634600
2016-07-26,24.160000,25.340000,24.010000,25.270000,20.022690,2679700
2016-07-27,25.430000,25.950001,24.420000,24.549999,19.452200,4032600
2016-07-28,24.590000,24.980000,24.219999,24.620001,19.507664,3209500
2016-07-29,24.500000,25.520000,24.200001,25.420000,20.141539,4866200
2016-08-01,25.320000,25.389999,24.570000,24.700001,19.571054,3525800
2016-08-02,25.010000,26.000000,24.870001,25.580000,20.268324,5360400
2016-08-03,24.990000,26.750000,24.969999,26.660000,21.124060,7904300
2016-08-04,26.639999,26.760000,25.520000,25.610001,20.292091,5907600
2016-08-05,25.910000,26.629999,25.690001,26.450001,20.957664,3899000
2016-08-08,26.870001,27.510000,26.750000,27.420000,21.726246,6742100
2016-08-09,27.459999,27.500000,26.260000,26.379999,20.902203,3271200
2016-08-10,26.440001,27.299999,26.180000,26.410000,20.925972,4273700
2016-08-11,26.639999,27.129999,26.200001,26.990000,21.385530,3280000
2016-08-12,27.180000,27.980000,26.809999,27.129999,21.496462,4505300
2016-08-15,27.250000,27.480000,26.990000,27.360001,21.678703,3290700
2016-08-16,27.379999,27.590000,26.889999,27.110001,21.480616,3716200
2016-08-17,27.230000,27.580000,26.799999,27.480000,21.773783,4476400
2016-08-18,27.570000,27.629999,26.959999,27.290001,21.623240,3901400
2016-08-19,26.670000,27.320000,26.660000,27.100000,21.735525,2961000
2016-08-22,26.930000,27.000000,25.950001,25.980000,20.837229,4354800
2016-08-23,26.120001,26.700001,26.000000,26.629999,21.358562,2810400
2016-08-24,26.700001,27.049999,26.219999,26.309999,21.101904,2957400
2016-08-25,26.309999,26.389999,25.570000,25.680000,20.596619,3535200
2016-08-26,25.809999,26.139999,25.299999,25.690001,20.604637,3714700
2016-08-29,25.709999,25.969999,25.559999,25.770000,20.668802,2342100
2016-08-30,25.770000,26.040001,25.580000,25.870001,20.749008,2236900
2016-08-31,25.790001,26.219999,25.540001,25.879999,20.757027,4054300
2016-09-01,25.920000,25.920000,24.600000,24.650000,19.770506,3892500
2016-09-02,24.870001,24.959999,24.389999,24.680000,19.794567,3639000
2016-09-06,24.770000,25.059999,24.530001,24.830000,19.914875,3288600
2016-09-07,24.900000,25.190001,24.650000,25.129999,20.155489,3147100
2016-09-08,25.340000,26.010000,25.200001,25.820000,20.708902,3646900
2016-09-09,25.570000,25.809999,25.270000,25.610001,20.540474,4080700
2016-09-12,25.400000,26.270000,25.190001,26.170000,20.989620,4352400
2016-09-13,25.920000,26.209999,25.430000,25.639999,20.564535,2989900
2016-09-14,25.639999,25.670000,24.030001,24.120001,19.345425,4901500
2016-09-15,24.120001,25.740000,24.120001,25.280001,20.275801,7086700
2016-09-16,24.889999,25.620001,24.889999,25.280001,20.275801,4871200
2016-09-19,25.430000,26.090000,24.969999,25.820000,20.708902,4080200
2016-09-20,25.750000,25.790001,24.780001,24.790001,19.882795,3297000
2016-09-21,24.950001,25.110001,24.240000,24.559999,19.698320,3843500
2016-09-22,24.760000,24.980000,24.590000,24.650000,19.770506,2692200
2016-09-23,24.510000,25.120001,24.360001,24.790001,19.882795,3618800
2016-09-26,24.860001,24.969999,23.850000,23.850000,19.128864,4220800
2016-09-27,23.750000,24.040001,23.280001,23.809999,19.096785,3865000
2016-09-28,23.980000,24.320000,23.360001,24.049999,19.289278,4819000
2016-09-29,23.990000,24.190001,23.299999,23.610001,18.936377,4916600
2016-09-30,23.760000,24.660000,23.469999,24.500000,19.650202,3150200
2016-10-03,24.410000,24.650000,24.090000,24.610001,19.738422,2501000
2016-10-04,24.770000,25.620001,24.730000,25.350000,20.331942,4655900
2016-10-05,25.520000,26.690001,25.440001,26.340000,21.125969,5620900
2016-10-06,26.180000,26.370001,25.680000,26.049999,20.893377,4404900
2016-10-07,25.910000,25.969999,24.650000,24.790001,19.882795,5121800
2016-10-10,24.790001,25.440001,24.790001,25.270000,20.267775,2498600
2016-10-11,25.209999,25.320000,24.570000,24.719999,19.826645,2906300
2016-10-12,24.700001,24.700001,24.030001,24.040001,19.281260,2176300
2016-10-13,23.920000,24.030001,23.360001,23.650000,18.968460,3907300
2016-10-14,23.809999,23.940001,23.219999,23.570000,18.904297,3489000
2016-10-17,23.570000,23.990000,23.450001,23.629999,18.952415,2687100
2016-10-18,23.809999,24.260000,23.700001,23.799999,19.088764,2142200
2016-10-19,23.540001,23.750000,22.969999,23.090000,18.519310,3766700
2016-10-20,23.000000,23.389999,22.809999,23.350000,18.727844,2660100
2016-10-21,23.299999,25.080000,23.000000,24.440001,19.602081,5126000
2016-10-24,24.549999,24.950001,24.330000,24.530001,19.674259,2801800
2016-10-25,24.510000,24.990000,24.260000,24.820000,19.906857,2676800
2016-10-26,24.570000,25.440001,24.450001,25.190001,20.203613,2873900
2016-10-27,25.170000,25.230000,24.190001,24.219999,19.425625,3483400
2016-10-28,24.120001,24.520000,23.600000,23.840000,19.120848,2687200
2016-10-31,24.160000,25.320000,24.049999,24.950001,20.011120,4583300
2016-11-01,25.660000,26.500000,25.120001,25.450001,20.412144,5796600
2016-11-02,25.340000,25.500000,24.309999,24.620001,19.746443,3645900
2016-11-03,24.690001,25.059999,23.309999,23.889999,19.160948,5251300
2016-11-04,23.780001,24.080000,23.270000,23.670000,18.984497,4175800
2016-11-07,23.959999,23.990000,23.190001,23.379999,18.751905,3415900
2016-11-08,23.270000,23.330000,22.629999,22.700001,18.206512,3238900
2016-11-09,23.070000,26.750000,23.070000,26.219999,21.029720,8507400
2016-11-10,26.420000,27.540001,26.020000,26.059999,20.901398,6554900
2016-11-11,25.930000,26.110001,24.799999,25.990000,20.845255,3227700
2016-11-14,26.080000,26.940001,26.010000,26.920000,21.591160,3089300
2016-11-15,27.020000,27.540001,26.629999,27.090000,21.727509,4082000
2016-11-16,27.020000,27.790001,26.830000,27.770000,22.272902,3507100
2016-11-17,27.950001,28.540001,27.280001,27.910000,22.385185,5338800
2016-11-18,28.040001,28.040001,26.900000,27.350000,21.936037,5519100
2016-11-21,27.740000,29.059999,27.639999,29.000000,23.259417,4375100
2016-11-22,29.170000,29.690001,28.870001,29.320000,23.516079,3787200
2016-11-23,28.700001,29.030001,28.000000,28.450001,23.078039,3510500
2016-11-25,28.309999,28.530001,28.010000,28.090000,22.786018,1216900
2016-11-28,28.180000,28.440001,27.670000,27.740000,22.502102,3094500
2016-11-29,27.389999,27.969999,27.059999,27.540001,22.339867,2595900
2016-11-30,27.980000,28.879999,27.100000,28.770000,23.337622,4886900
2016-12-01,29.139999,29.820000,28.700001,29.100000,23.605309,3597200
2016-12-02,29.080000,29.650000,29.080000,29.230000,23.710760,2660800
2016-12-05,29.980000,31.240000,29.670000,31.090000,25.219549,4223000
2016-12-06,30.940001,31.309999,30.450001,31.129999,25.251999,3485100
2016-12-07,31.100000,33.130001,31.090000,33.020000,26.785130,4980900
2016-12-08,33.360001,34.130001,33.349998,34.099998,27.661201,5666500
2016-12-09,33.849998,34.040001,32.810001,33.070000,26.825684,3762200
2016-12-12,33.700001,33.700001,32.169998,32.380001,26.265972,2963800
2016-12-13,32.910000,33.389999,32.560001,32.660000,26.493105,2606700
2016-12-14,32.270000,32.619999,31.430000,31.610001,25.641369,4122400
2016-12-15,31.590000,32.490002,31.480000,31.760000,25.763039,3622200
2016-12-16,32.000000,32.290001,31.320000,31.780001,25.779263,4637600
2016-12-19,31.750000,31.889999,30.990000,31.190001,25.300673,2138900
2016-12-20,31.450001,32.200001,31.209999,31.459999,25.519686,2336500
2016-12-21,31.420000,32.119999,31.270000,31.870001,25.852268,2108900
2016-12-22,32.500000,32.900002,32.009998,32.630001,26.468765,2871500
2016-12-23,32.470001,33.259998,32.400002,33.130001,26.874353,2183300
2016-12-27,33.130001,33.549999,33.049999,33.520000,27.190714,2210100
2016-12-28,33.500000,33.720001,33.099998,33.240002,26.963587,2543700
2016-12-29,33.169998,33.700001,32.770000,33.160000,26.898693,1993900
2016-12-30,33.090000,33.630001,32.680000,32.759998,26.574219,1955200
2017-01-03,33.209999,34.299999,32.889999,33.570000,27.231274,3075900
2017-01-04,34.130001,34.779999,33.619999,34.299999,27.823437,4063500
2017-01-05,34.189999,34.250000,33.290001,33.750000,27.377283,3319800
2017-01-06,33.779999,33.900002,31.980000,32.009998,25.965830,3791800
2017-01-09,31.709999,31.750000,30.860001,30.950001,25.105989,3569900
2017-01-10,30.900000,31.840000,30.670000,30.709999,24.911303,3829100
2017-01-11,30.730000,31.430000,30.660000,31.049999,25.187107,2231700
2017-01-12,31.389999,31.530001,30.299999,30.549999,24.781513,1979700
2017-01-13,30.120001,30.540001,29.980000,30.030001,24.359705,2114700
2017-01-17,30.330000,30.790001,29.750000,30.049999,24.375925,2223200
2017-01-18,29.930000,30.410000,29.879999,30.209999,24.505716,1836100
2017-01-19,30.260000,30.260000,29.600000,29.850000,24.213690,2450900
2017-01-20,30.280001,30.400000,29.709999,29.980000,24.319145,2020600
2017-01-23,29.750000,30.030001,29.200001,29.299999,23.767536,2547900
2017-01-24,29.590000,30.600000,29.370001,30.590000,24.813963,3348700
2017-01-25,30.660000,30.940001,29.950001,30.860001,25.032988,2521000
2017-01-26,30.840000,31.000000,29.639999,29.700001,24.092010,2744600
2017-01-27,29.799999,29.990000,28.959999,29.090000,23.597193,3142500
2017-01-30,28.980000,29.430000,28.660000,29.389999,23.840551,3152600
2017-01-31,29.540001,29.590000,28.430000,28.969999,23.499851,4132000
2017-02-01,29.440001,29.490000,27.850000,28.120001,22.810350,3446700
2017-02-02,28.240000,28.510000,27.660000,28.170000,22.850908,3668900
2017-02-03,28.250000,28.660000,27.879999,28.660000,23.248386,1804600
2017-02-06,28.670000,29.000000,28.440001,28.590000,23.191605,1955000
2017-02-07,28.750000,28.879999,28.290001,28.430000,23.061813,1646300
2017-02-08,28.250000,29.590000,28.100000,29.549999,23.970335,3802300
2017-02-09,29.870001,30.400000,29.750000,30.180000,24.481373,2547900
2017-02-10,30.490000,30.620001,29.889999,30.150000,24.457047,1648800
2017-02-13,29.830000,30.120001,29.510000,29.660000,24.059565,2745100
2017-02-14,29.530001,29.940001,29.209999,29.920000,24.270472,1598100
2017-02-15,29.840000,30.200001,29.639999,30.150000,24.457047,1983600
2017-02-16,30.170000,30.330000,29.809999,30.000000,24.335367,2566200
2017-02-17,29.750000,29.980000,29.500000,29.920000,24.270472,1617000
2017-02-21,30.100000,30.190001,29.580000,29.990000,24.327253,2349600
2017-02-22,29.410000,29.549999,28.580000,28.900000,23.443073,4612800
2017-02-23,29.170000,29.700001,28.959999,29.400000,23.848660,3295700
2017-02-24,28.820000,28.959999,28.270000,28.940001,23.742008,2677500
2017-02-27,28.620001,29.070000,28.410000,28.510000,23.389238,2814800
2017-02-28,28.510000,29.680000,28.450001,29.280001,24.020943,7185200
2017-03-01,29.600000,30.170000,29.240000,29.379999,24.102980,3905600
2017-03-02,29.260000,29.290001,28.020000,28.129999,23.077496,4263300
2017-03-03,28.240000,28.600000,27.959999,28.090000,23.044683,2387100
2017-03-06,28.010000,28.240000,27.620001,28.209999,23.143126,2023500
2017-03-07,28.230000,28.440001,27.340000,27.410000,22.486816,3152000
2017-03-08,27.420000,27.830000,27.190001,27.270000,22.371964,4626200
2017-03-09,27.150000,27.209999,26.650000,27.010000,22.158659,2978500
2017-03-10,27.160000,27.490000,27.030001,27.450001,22.519634,2061100
2017-03-13,27.530001,28.490000,27.530001,27.879999,22.872400,2876600
2017-03-14,27.570000,27.620001,27.209999,27.590000,22.634481,2196300
2017-03-15,27.860001,28.360001,27.790001,28.309999,23.225163,3288700
2017-03-16,28.490000,28.740000,28.209999,28.500000,23.381033,3009800
2017-03-17,28.590000,28.680000,28.160000,28.280001,23.200554,4263000
2017-03-20,28.209999,28.629999,27.900000,28.540001,23.413858,4222800
2017-03-21,28.500000,28.590000,27.420000,27.520000,22.577061,3223600
2017-03-22,27.379999,27.760000,27.129999,27.530001,22.585264,2471400
2017-03-23,27.559999,27.680000,27.010000,27.040001,22.183275,3182600
2017-03-24,27.180000,27.250000,26.639999,26.650000,21.863323,2839000
2017-03-27,26.480000,27.000000,26.230000,26.610001,21.830509,2728900
2017-03-28,26.700001,27.000000,26.330000,26.799999,21.986382,4433100
2017-03-29,27.040001,28.559999,26.969999,28.469999,23.356424,5131600
2017-03-30,28.450001,28.600000,28.080000,28.100000,23.052885,4263100
2017-03-31,28.020000,28.430000,28.020000,28.340000,23.249781,2594200
2017-04-03,28.299999,28.320000,27.340000,27.709999,22.732933,3140100
2017-04-04,27.709999,28.049999,27.510000,27.770000,22.782156,2124500
2017-04-05,27.770000,28.190001,26.870001,26.889999,22.060217,2750000
2017-04-06,27.010000,27.070000,26.260000,26.379999,21.641821,3088300
2017-04-07,26.360001,26.860001,25.980000,26.600000,21.822298,3665700
2017-04-10,26.639999,27.469999,26.629999,27.280001,22.380167,2040800
2017-04-11,27.240000,27.870001,26.930000,27.850000,22.847786,2686600
2017-04-12,27.850000,28.270000,27.570000,27.820000,22.823177,3333900
2017-04-13,27.940001,28.180000,27.270000,27.350000,22.437593,2980600
2017-04-17,27.330000,27.400000,27.040001,27.280001,22.380167,1866000
2017-04-18,27.080000,27.500000,26.700001,26.940001,22.101234,2944400
2017-04-19,26.980000,27.100000,26.309999,26.430000,21.682840,3019500
2017-04-20,26.530001,27.120001,26.420000,26.850000,22.027399,1793700
2017-04-21,26.940001,28.049999,26.820000,27.879999,22.872400,3683800
2017-04-24,28.180000,29.120001,28.139999,28.820000,23.643564,3641100
2017-04-25,28.830000,29.139999,28.600000,28.760000,23.594337,2767200
2017-04-26,28.690001,29.100000,28.240000,28.260000,23.184143,2989900
2017-04-27,28.000000,28.350000,27.670000,28.240000,23.167734,3410800
2017-04-28,28.400000,28.400000,27.760000,28.139999,23.085697,3325500
2017-05-01,28.139999,28.219999,27.860001,28.110001,23.061090,1576200
2017-05-02,28.270000,28.370001,28.080000,28.340000,23.249781,2334000
2017-05-03,26.900000,27.770000,26.330000,27.180000,22.298130,3495700
2017-05-04,26.610001,27.000000,25.830000,26.040001,21.362888,3276300
2017-05-05,26.200001,27.030001,26.070000,26.940001,22.101234,3476500
2017-05-08,26.850000,27.600000,26.770000,27.590000,22.634481,2357300
2017-05-09,27.610001,27.980000,27.379999,27.790001,22.798565,2644300
2017-05-10,27.940001,28.360001,27.559999,28.230000,23.159531,2791600
2017-05-11,28.230000,28.420000,27.670000,27.740000,22.757545,2059600
2017-05-12,27.900000,27.980000,27.549999,27.639999,22.675508,1554700
2017-05-15,28.070000,28.250000,27.280001,27.430000,22.503223,1863900
2017-05-16,27.469999,27.549999,26.879999,27.070000,22.207884,1802400
2017-05-17,27.070000,27.100000,26.309999,26.469999,21.715654,2756900
2017-05-18,26.389999,26.610001,26.059999,26.309999,21.584387,2144900
2017-05-19,26.090000,26.590000,25.990000,26.389999,21.925022,2472800
2017-05-22,26.480000,26.920000,26.400000,26.650000,22.141033,1814400
2017-05-23,26.610001,26.660000,26.080000,26.330000,21.875172,2227000
2017-05-24,26.260000,26.650000,25.820000,26.150000,21.725634,1888400
2017-05-25,26.010000,26.430000,25.430000,25.510000,21.193913,3245800
2017-05-26,25.410000,25.530001,24.620001,24.770000,20.579111,2669300
2017-05-30,24.650000,24.850000,24.350000,24.450001,20.313257,2505000
2017-05-31,24.299999,24.400000,23.459999,23.900000,19.856312,4214200
2017-06-01,24.000000,24.709999,23.620001,24.650000,20.479416,3370700
2017-06-02,24.520000,24.580000,23.850000,24.040001,19.972622,2537000
2017-06-05,24.000000,24.430000,23.889999,24.250000,20.147089,1800700
2017-06-06,24.110001,24.240000,23.639999,24.080000,20.005856,2307400
2017-06-07,23.910000,24.389999,23.650000,24.059999,19.989239,2846100
2017-06-08,24.120001,24.889999,24.059999,24.559999,20.404642,3150700
2017-06-09,24.590000,25.740000,24.440001,25.660000,21.318531,3285500
2017-06-12,25.830000,26.480000,25.820000,25.840000,21.468077,3662200
2017-06-13,25.850000,26.610001,25.629999,26.469999,21.991486,2622400
2017-06-14,26.400000,26.459999,25.100000,25.230000,20.961281,2097900
2017-06-15,25.230000,25.730000,25.139999,25.440001,21.135756,3467600
2017-06-16,25.510000,26.309999,25.400000,26.260000,21.817017,3370800
2017-06-19,26.299999,26.870001,26.209999,26.740000,22.215805,2319300
2017-06-20,26.299999,26.420000,25.750000,25.850000,21.476385,2439200
2017-06-21,25.770000,26.230000,25.330000,25.870001,21.493006,2837500
2017-06-22,26.070000,26.840000,25.930000,26.629999,22.124414,3067500
2017-06-23,26.590000,27.180000,26.270000,27.150000,22.556435,3545300
2017-06-26,27.170000,27.660000,27.020000,27.320000,22.697674,2615100
2017-06-27,27.350000,28.260000,27.200001,27.650000,22.971840,2852200
2017-06-28,27.809999,28.389999,27.700001,27.910000,23.187849,1869900
2017-06-29,28.010000,28.340000,27.570000,28.000000,23.262621,2270700
2017-06-30,28.049999,28.250000,27.450001,27.469999,22.822287,2958700
2017-07-03,27.610001,28.230000,27.610001,28.030001,23.287546,895000
2017-07-05,27.900000,27.900000,26.750000,26.879999,22.332119,2373300
2017-07-06,26.860001,27.030001,26.180000,26.190001,21.758856,3006500
2017-07-07,26.180000,27.170000,25.969999,27.090000,22.506594,2600200
2017-07-10,26.889999,27.440001,26.820000,27.320000,22.697674,3325900
2017-07-11,27.280001,27.559999,27.000000,27.209999,22.606281,1628400
2017-07-12,27.650000,27.700001,27.020000,27.110001,22.523203,2022600
2017-07-13,27.030001,27.230000,26.430000,26.889999,22.340429,1961800
2017-07-14,26.920000,27.129999,26.790001,26.959999,22.398579,1822600
2017-07-17,27.010000,27.270000,26.969999,27.219999,22.614592,2237200
2017-07-18,27.280001,27.290001,26.950001,27.209999,22.606281,1429600
2017-07-19,27.290001,28.059999,27.209999,27.740000,23.046616,2077200
2017-07-20,27.920000,27.930000,27.230000,27.600000,22.930300,1286400
2017-07-21,27.590000,27.750000,26.990000,27.320000,22.697674,1629900
2017-07-24,27.360001,27.610001,27.230000,27.570000,22.905378,1181500
2017-07-25,27.700001,28.750000,27.700001,28.600000,23.761108,2700100
2017-07-26,28.650000,28.730000,28.129999,28.520000,23.694641,1733500
2017-07-27,28.549999,28.900000,28.150000,28.770000,23.902346,2404700
2017-07-28,28.700001,29.100000,27.879999,28.250000,23.470327,2028100
2017-07-31,28.360001,28.959999,28.219999,28.840000,23.960503,1926700
2017-08-01,28.860001,29.540001,28.730000,29.330000,24.367598,3187800
2017-08-02,30.000000,31.070000,29.270000,30.490000,25.331333,5029600
2017-08-03,30.530001,31.270000,30.400000,30.559999,25.389492,5954700
2017-08-04,30.590000,31.000000,30.490000,30.530001,25.364567,4519400
2017-08-07,30.500000,30.650000,30.389999,30.490000,25.331333,2974300
2017-08-08,30.370001,30.570000,29.469999,29.629999,24.616840,3844200
2017-08-09,29.670000,29.730000,28.860001,29.110001,24.184818,3024300
2017-08-10,29.059999,29.180000,28.240000,28.430000,23.619873,2660700
2017-08-11,28.320000,28.700001,28.209999,28.559999,23.727873,1937100
2017-08-14,28.700001,28.969999,28.440001,28.760000,23.894039,2459600
2017-08-15,28.690001,29.049999,28.530001,28.959999,24.060198,2613300
2017-08-16,28.990000,29.080000,27.760000,27.820000,23.113077,2414900
2017-08-17,27.799999,27.969999,27.420000,27.420000,22.780758,2369800
2017-08-18,27.420000,28.040001,27.209999,27.660000,22.980146,1820600
2017-08-21,27.250000,27.570000,27.040001,27.530001,23.148317,1751900
2017-08-22,27.530001,27.889999,27.430000,27.780001,23.358524,1419300
2017-08-23,27.549999,28.170000,27.420000,28.100000,23.627598,1251800
2017-08-24,28.180000,29.219999,28.180000,28.900000,24.300266,5082800
2017-08-25,29.180000,30.059999,29.040001,29.559999,24.855219,4599300
2017-08-28,30.870001,32.250000,30.680000,31.469999,26.461224,8433100
2017-08-29,31.250000,32.250000,31.040001,32.209999,27.083447,4407300
2017-08-30,32.500000,32.599998,31.850000,32.000000,26.906866,4821000
2017-08-31,32.130001,32.189999,30.760000,31.309999,26.326693,6567300
2017-09-01,31.530001,32.650002,31.080000,32.500000,27.327291,3927600
2017-09-05,31.840000,31.910000,30.160000,30.629999,25.754921,4579100
2017-09-06,30.980000,31.350000,30.660000,31.260000,26.284651,3753300
2017-09-07,31.350000,31.910000,31.160000,31.889999,26.814377,1934200
2017-09-08,31.700001,32.580002,31.530001,32.400002,27.243212,2605100
2017-09-11,32.430000,32.959999,31.959999,32.709999,27.503862,2604600
2017-09-12,32.799999,33.340000,32.639999,32.980000,27.730896,2125900
2017-09-13,33.009998,33.040001,32.119999,32.730000,27.520687,3289100
2017-09-14,32.619999,32.619999,31.950001,32.150002,27.032995,2932800
2017-09-15,32.169998,32.720001,32.110001,32.389999,27.234798,4132100
2017-09-18,32.490002,33.090000,32.459999,32.889999,27.655214,2426900
2017-09-19,32.889999,33.709999,32.639999,33.669998,28.311071,2520900
2017-09-20,33.680000,34.040001,33.310001,33.910000,28.512875,1874700
2017-09-21,33.810001,34.209999,33.599998,33.880001,28.487648,1662200
2017-09-22,33.980000,34.430000,33.810001,34.240002,28.790350,1242400
2017-09-25,34.299999,35.560001,34.270000,35.150002,29.555513,3315100
2017-09-26,34.950001,35.180000,34.480000,34.610001,29.101463,2968200
2017-09-27,34.529999,34.779999,33.720001,34.680000,29.160324,2552200
2017-09-28,35.119999,36.070000,34.840000,35.990002,30.261822,2969800
2017-09-29,35.990002,36.459999,35.660000,35.970001,30.245003,3373300
2017-10-02,35.689999,36.439999,35.490002,36.099998,30.354313,2499800
2017-10-03,36.189999,36.680000,35.700001,36.470001,30.665426,2239800
2017-10-04,36.470001,36.830002,36.070000,36.790001,30.934486,1938800
2017-10-05,36.880001,37.000000,35.529999,35.849998,30.144100,3771600
2017-10-06,34.520000,35.730000,34.470001,35.419998,29.782541,3554100
2017-10-09,35.790001,36.240002,35.540001,36.180000,30.421581,1937400
2017-10-10,36.560001,36.610001,35.889999,36.189999,30.429985,2107900
2017-10-11,36.200001,36.529999,35.900002,36.520000,30.707462,1864100
2017-10-12,36.240002,36.490002,35.799999,36.320000,30.539293,1874800
2017-10-13,36.580002,36.700001,36.279999,36.380001,30.589750,1304500
2017-10-16,36.389999,36.480000,35.709999,36.090000,30.345905,1681400
2017-10-17,36.220001,36.580002,36.060001,36.320000,30.539293,1550900
2017-10-18,36.330002,36.520000,35.930000,36.090000,30.345905,1915900
2017-10-19,35.680000,36.139999,35.490002,36.130001,30.379543,1158700
2017-10-20,36.459999,36.840000,35.950001,36.709999,30.867218,2496700
2017-10-23,36.650002,36.840000,36.220001,36.270000,30.497253,1412100
2017-10-24,35.619999,36.509998,35.619999,36.400002,30.606567,1663200
2017-10-25,36.369999,36.930000,35.860001,36.299999,30.522480,2548200
2017-10-26,36.270000,36.459999,35.709999,36.099998,30.354313,1965100
2017-10-27,35.939999,36.360001,35.709999,36.270000,30.497253,1951800
2017-10-30,36.369999,37.259998,36.330002,36.910000,31.035397,3324400
2017-10-31,36.709999,37.419998,36.410000,36.950001,31.069027,3758300
2017-11-01,37.740002,39.770000,37.630001,39.650002,33.339298,5335600
2017-11-02,39.950001,41.340000,39.419998,40.250000,33.843796,4399000
2017-11-03,40.470001,40.709999,40.040001,40.139999,33.751305,2284000
2017-11-06,40.389999,42.230000,40.340000,42.070000,35.374126,3030600
2017-11-07,41.970001,42.470001,41.740002,42.330002,35.592739,2477100
2017-11-08,42.259998,42.490002,41.320000,42.320000,35.584332,2557300
2017-11-09,41.990002,42.200001,41.330002,42.200001,35.483440,2884400
2017-11-10,42.189999,42.500000,41.860001,42.049999,35.357311,2244700
2017-11-13,42.080002,42.599998,41.680000,41.849998,35.189140,1669100
2017-11-14,41.880001,43.270000,41.700001,42.840000,36.021568,3167100
2017-11-15,42.470001,43.090000,42.099998,42.889999,36.063610,2474900
2017-11-16,42.740002,44.099998,42.619999,43.799999,36.828770,2352600
2017-11-17,43.720001,44.480000,43.720001,44.410000,37.341698,2732400
2017-11-20,43.980000,44.599998,43.700001,44.299999,37.528053,2511700
2017-11-21,44.570000,44.860001,44.349998,44.790001,37.943146,2271200
2017-11-22,44.650002,44.740002,43.869999,44.389999,37.604301,1894900
2017-11-24,44.490002,44.509998,43.939999,44.049999,37.316277,2556600
2017-11-27,44.029999,45.139999,43.990002,44.759998,37.917732,2079800
2017-11-28,44.830002,45.330002,44.360001,45.259998,38.341309,3722300
2017-11-29,44.790001,44.790001,44.020000,44.330002,37.553471,2274600
2017-11-30,44.700001,44.720001,43.950001,44.480000,37.680546,3923300
2017-12-01,44.689999,44.840000,43.009998,44.250000,37.485703,2458700
2017-12-04,44.290001,45.090000,44.139999,44.310001,37.536530,3207800
2017-12-05,44.110001,46.160000,44.099998,45.900002,38.883480,3391900
2017-12-06,45.570000,45.889999,44.560001,45.099998,38.205769,1990100
2017-12-07,44.939999,45.770000,44.889999,45.320000,38.392139,3216100
2017-12-08,44.630001,45.840000,44.580002,45.689999,38.705574,1926700
2017-12-11,45.830002,46.910000,45.709999,46.610001,39.484943,3198700
2017-12-12,46.970001,47.500000,46.330002,47.250000,40.027103,2905100
2017-12-13,47.029999,48.279999,46.650002,48.060001,40.713287,2100800
2017-12-14,48.049999,48.410000,47.470001,47.799999,40.493034,2122300
2017-12-15,47.880001,48.240002,47.470001,47.860001,40.543861,2907000
2017-12-18,47.970001,48.490002,47.709999,48.439999,41.035198,2808700
2017-12-19,48.250000,48.250000,47.410000,47.590000,40.315136,1687400
2017-12-20,47.910000,49.599998,47.720001,49.459999,41.899269,2534500
2017-12-21,49.520000,50.549999,49.270000,50.150002,42.483791,2202800
2017-12-22,50.250000,50.880001,49.990002,50.619999,42.881943,1698300
2017-12-26,50.630001,51.310001,50.389999,51.299999,43.458004,815400
2017-12-27,51.369999,52.000000,50.939999,51.630001,43.737556,1336000
2017-12-28,51.599998,51.660000,51.119999,51.500000,43.627422,1314900
2017-12-29,51.619999,51.790001,51.209999,51.220001,43.390228,1077100
2018-01-02,51.380001,52.060001,51.029999,51.299999,43.458004,2449500
2018-01-03,51.450001,52.020000,51.020000,51.380001,43.525768,2333300
2018-01-04,51.500000,51.619999,50.369999,50.970001,43.178448,2682600
2018-01-05,51.080002,51.599998,50.630001,51.250000,43.415642,2288700
2018-01-08,51.250000,51.799999,50.930000,51.720001,43.813789,1782800
2018-01-09,51.990002,52.070000,51.189999,51.259998,43.424114,1879500
2018-01-10,51.360001,51.419998,50.889999,51.279999,43.441063,1311500
2018-01-11,51.349998,51.930000,50.889999,51.500000,43.627422,2083200
2018-01-12,51.750000,52.650002,51.529999,52.509998,44.483028,1815300
2018-01-16,52.840000,53.209999,51.869999,52.250000,44.262775,2939600
2018-01-17,52.349998,52.930000,52.070000,52.400002,44.389847,2253300
2018-01-18,52.200001,52.200001,50.700001,50.910000,43.127621,1987800
2018-01-19,50.910000,51.150002,50.400002,50.939999,43.153034,1797900
2018-01-22,51.099998,52.180000,50.869999,51.740002,43.830742,3242900
2018-01-23,51.930000,51.950001,51.330002,51.720001,43.813789,2228200
2018-01-24,51.799999,51.900002,48.240002,49.259998,41.729839,4830300
2018-01-25,49.200001,49.680000,48.320000,48.500000,41.086018,4077600
2018-01-26,48.759998,49.310001,48.480000,48.810001,41.348633,2112100
2018-01-29,48.389999,48.400002,46.610001,46.820000,39.662830,3335700
2018-01-30,46.020000,47.099998,45.490002,46.549999,39.434116,3140600
2018-01-31,46.709999,48.099998,46.520000,47.959999,40.628574,3166500
2018-02-01,48.029999,48.049999,46.529999,47.619999,40.340542,1959500
2018-02-02,47.009998,47.590000,46.080002,46.400002,39.307041,1946500
2018-02-05,45.790001,47.150002,44.070000,44.990002,38.112591,2714700
2018-02-06,43.820000,46.779999,43.520000,46.470001,39.366344,3116500
2018-02-07,46.549999,47.130001,45.669998,45.790001,38.790291,2322600
2018-02-08,45.650002,46.110001,44.349998,44.360001,37.578888,2515800
2018-02-09,44.720001,45.240002,42.880001,44.500000,37.697483,2808300
2018-02-12,44.930000,45.939999,44.480000,44.730000,37.892338,2388400
2018-02-13,44.630001,45.360001,44.490002,45.259998,38.341309,2104900
2018-02-14,44.799999,46.869999,44.740002,46.779999,39.628944,1866200
2018-02-15,46.889999,47.880001,46.119999,46.810001,39.654366,1952100
2018-02-16,46.580002,46.900002,45.900002,46.400002,39.307041,1424900
2018-02-20,46.209999,46.560001,45.619999,45.980000,38.951241,3908100
2018-02-21,44.500000,45.250000,43.680000,44.410000,37.621243,4368400
2018-02-22,44.630001,45.130001,43.880001,44.090000,37.350166,3113700
2018-02-23,44.459999,45.110001,44.209999,45.000000,38.121048,2735200
2018-02-26,45.130001,45.320000,44.830002,45.060001,38.171883,2211200
2018-02-27,44.750000,46.060001,44.369999,44.400002,37.890266,1985900
2018-02-28,44.549999,44.810001,42.790001,42.830002,36.550461,2643800
2018-03-01,42.820000,43.700001,42.419998,43.450001,37.079552,3178600
2018-03-02,43.029999,44.230000,42.740002,44.080002,37.617188,2130600
2018-03-05,43.830002,44.669998,43.439999,44.419998,37.907322,1620100
2018-03-06,44.660000,45.590000,44.380001,45.230000,38.598568,2441900
2018-03-07,44.759998,46.330002,44.730000,44.950001,38.359623,2214600
2018-03-08,45.029999,45.369999,44.360001,45.290001,38.649776,2121100
2018-03-09,45.790001,46.580002,45.680000,46.520000,39.699432,2397400
2018-03-12,46.700001,47.000000,45.880001,45.990002,39.247147,1795700
2018-03-13,46.349998,47.000000,45.950001,46.139999,39.375156,1517200
2018-03-14,46.220001,46.860001,46.009998,46.270000,39.486092,1515900
2018-03-15,46.230000,46.549999,44.700001,45.590000,38.905788,2760300
2018-03-16,45.820000,46.590000,45.700001,46.509998,39.690907,3813200
2018-03-19,46.459999,46.730000,45.799999,46.259998,39.477562,1767600
2018-03-20,46.700001,48.660000,46.599998,48.009998,40.970982,2344100
2018-03-21,48.160000,49.740002,47.959999,49.029999,41.841431,2147300
2018-03-22,48.470001,49.200001,48.099998,48.180000,41.116055,1717200
2018-03-23,48.430000,49.150002,47.730000,47.810001,40.800308,1507300
2018-03-26,48.590000,49.439999,47.990002,49.360001,42.123055,1639900
2018-03-27,49.700001,50.500000,48.610001,48.980000,41.798763,1549600
2018-03-28,48.980000,49.119999,47.349998,47.560001,40.586960,1947200
2018-03-29,48.000000,49.029999,47.779999,48.860001,41.696358,1649400
2018-04-02,48.610001,48.840000,47.740002,48.299999,41.218460,1346500
2018-04-03,48.619999,49.750000,48.619999,49.689999,42.404663,2048500
2018-04-04,48.910000,50.950001,48.740002,50.900002,43.437271,2249300
2018-04-05,51.020000,52.860001,51.020000,52.490002,44.794147,2183100
2018-04-06,51.849998,53.029999,51.770000,52.259998,44.597866,2514000
2018-04-09,53.009998,53.650002,52.790001,52.910000,45.152569,2062300
2018-04-10,53.860001,54.740002,53.730000,53.959999,46.048615,2364700
2018-04-11,54.070000,54.910000,53.660000,54.570000,46.569187,1780300
2018-04-12,54.790001,54.930000,53.820000,54.189999,46.244896,1861900
2018-04-13,54.950001,55.990002,54.840000,55.709999,47.542042,2474100
2018-04-16,56.000000,57.389999,55.689999,57.169998,48.787979,2083900
2018-04-17,57.360001,57.919998,56.790001,57.759998,49.291477,1724500
2018-04-18,58.009998,58.869999,57.680000,58.029999,49.521896,2306300
2018-04-19,57.950001,58.509998,57.430000,58.240002,49.701103,1341500
2018-04-20,58.250000,58.490002,57.810001,58.259998,49.718170,1859900
2018-04-23,58.380001,59.139999,57.880001,59.080002,50.417950,1972400
2018-04-24,59.799999,62.220001,59.580002,60.389999,51.535881,5317800
2018-04-25,59.500000,59.910000,58.500000,59.630001,50.887318,2815700
2018-04-26,59.570000,62.240002,59.570000,62.110001,53.003704,2143600
2018-04-27,61.880001,61.880001,60.200001,60.439999,51.578552,1516900
2018-04-30,60.799999,62.200001,60.680000,60.689999,51.791885,3449500
2018-05-01,60.310001,60.840000,59.720001,60.459999,51.595612,3117100
2018-05-02,61.000000,64.919998,60.910000,64.480003,55.026222,4858300
2018-05-03,64.300003,66.360001,63.740002,65.629997,56.007607,3693400
2018-05-04,65.610001,66.720001,65.070000,66.050003,56.366035,2540300
2018-05-07,66.410004,67.470001,65.330002,65.599998,55.982025,2387400
2018-05-08,65.650002,67.129997,64.730003,67.099998,57.262081,4147400
2018-05-09,67.639999,68.540001,67.400002,67.970001,58.004536,2786300
2018-05-10,68.620003,68.739998,67.139999,67.449997,57.560772,2622600
2018-05-11,67.910004,68.279999,67.410004,67.620003,57.705845,2056900
2018-05-14,68.080002,69.300003,67.989998,69.040001,58.917656,1743300
2018-05-15,68.529999,69.239998,68.279999,68.900002,58.798183,1983200
2018-05-16,68.730003,69.489998,67.760002,68.959999,58.849373,2355200
2018-05-17,69.580002,72.779999,69.580002,72.430000,61.810631,2963300
2018-05-18,72.849998,73.540001,72.000000,72.959999,62.262924,2915800
2018-05-21,73.699997,75.330002,73.430000,75.139999,64.123291,3514600
2018-05-22,74.900002,75.029999,72.139999,72.940002,62.520439,2908000
2018-05-23,72.330002,73.910004,71.900002,73.669998,63.146145,1762200
2018-05-24,73.500000,76.309998,72.800003,75.550003,64.757584,3086800
2018-05-25,74.120003,74.410004,71.339996,72.690002,62.306145,3154700
2018-05-29,73.349998,75.400002,72.900002,74.849998,64.157570,2734400
2018-05-30,75.820000,78.650002,75.620003,77.589996,66.506142,3026900
2018-05-31,77.459999,80.190002,77.139999,77.180000,66.154732,4654500
2018-06-01,78.160004,82.129997,77.650002,81.650002,69.986198,4857900
2018-06-04,82.029999,83.279999,80.250000,81.000000,69.429062,5185100
2018-06-05,80.970001,81.110001,77.959999,79.029999,67.740456,4418300
2018-06-06,79.160004,79.199997,73.809998,75.849998,65.014732,5814200
2018-06-07,76.820000,77.180000,76.040001,76.750000,65.786156,2189600
2018-06-08,76.599998,77.470001,75.580002,77.190002,66.163322,1637200
2018-06-11,76.370003,77.120003,75.339996,76.279999,65.383301,4203400
2018-06-12,76.169998,76.639999,72.750000,72.879997,62.468998,4982100
2018-06-13,73.010002,74.120003,70.830002,73.050003,62.614716,4659600
2018-06-14,73.519997,74.080002,71.919998,72.959999,62.537575,3907600
2018-06-15,72.349998,72.989998,71.769997,72.300003,61.971851,40982100
2018-06-18,72.830002,76.580002,72.750000,74.199997,63.600441,4256800
2018-06-19,72.709999,75.160004,72.629997,74.699997,64.029007,3739600
2018-06-20,75.019997,75.709999,73.959999,74.589996,63.934734,2763300
2018-06-21,74.610001,74.610001,71.570000,72.000000,61.714714,3214900
2018-06-22,73.739998,74.239998,70.540001,71.190002,61.020409,5017900
2018-06-25,70.830002,70.879997,66.830002,67.290001,57.677536,5582200
2018-06-26,67.720001,68.830002,67.370003,67.559998,57.908955,3755600
2018-06-27,68.099998,68.919998,66.330002,66.489998,56.991814,3145400
2018-06-28,66.989998,67.750000,66.320000,66.980003,57.411831,2237100
2018-06-29,68.410004,69.660004,68.250000,68.430000,58.654690,3159800
2018-07-02,68.199997,69.349998,67.800003,68.360001,58.594688,2865500
2018-07-03,69.029999,69.410004,68.400002,69.040001,59.177551,2207100
2018-07-05,69.949997,69.949997,66.449997,67.279999,57.668980,3655400
2018-07-06,66.440002,68.970001,65.769997,68.599998,58.800407,2211700
2018-07-09,68.989998,70.239998,68.989998,70.000000,60.000420,2537300
2018-07-10,70.260002,70.669998,68.160004,68.949997,59.100399,2884500
2018-07-11,68.519997,69.309998,66.690002,67.260002,57.651833,2546100
2018-07-12,67.169998,67.949997,66.610001,67.919998,58.217545,1853700
2018-07-13,67.830002,69.330002,67.400002,68.680000,58.868980,1606000
2018-07-16,68.339996,70.000000,68.339996,68.900002,59.057552,2453900
2018-07-17,68.720001,71.239998,68.550003,70.570000,60.488979,3479200
2018-07-18,70.570000,71.900002,69.169998,71.599998,61.371834,3172300
2018-07-19,71.690002,72.220001,70.739998,71.809998,61.551853,1561900
2018-07-20,71.879997,72.410004,70.669998,71.019997,60.874699,1578100
2018-07-23,71.459999,71.550003,70.370003,70.959999,60.823265,1716800
2018-07-24,71.610001,71.919998,70.519997,70.900002,60.771847,1652800
2018-07-25,70.919998,72.129997,70.449997,72.050003,61.757572,1542600
2018-07-26,72.500000,74.750000,72.449997,74.410004,63.780445,2771800
2018-07-27,74.510002,75.180000,73.470001,74.070000,63.488998,2030800
2018-07-30,74.610001,75.129997,73.919998,74.910004,64.209015,1991800
2018-07-31,75.180000,75.750000,74.279999,74.580002,63.926151,1844800
2018-08-01,74.160004,74.449997,72.300003,73.809998,63.266155,2588700
2018-08-02,68.099998,69.320000,66.000000,68.910004,59.066124,5485400
2018-08-03,68.339996,68.839996,66.639999,67.650002,57.986126,3625300
2018-08-06,67.820000,68.320000,67.019997,68.199997,58.457550,2498800
2018-08-07,68.669998,69.849998,68.440002,69.110001,59.237545,2139300
2018-08-08,68.620003,70.489998,68.000000,69.419998,59.503265,4170400
2018-08-09,69.410004,69.769997,67.699997,68.360001,58.594688,3263700
2018-08-10,67.930000,69.529999,67.680000,69.019997,59.160404,2166700
2018-08-13,68.839996,70.370003,68.510002,68.550003,58.757542,2391400
2018-08-14,68.830002,69.550003,68.570000,69.029999,59.168972,1866400
2018-08-15,68.910004,69.139999,66.769997,67.370003,57.746120,2214400
2018-08-16,67.559998,68.650002,67.510002,67.750000,58.071831,1593300
2018-08-17,68.160004,68.910004,67.629997,68.639999,58.834686,1570100
2018-08-20,68.889999,71.559998,68.660004,70.680000,60.583267,1823900
2018-08-21,71.080002,72.360001,71.040001,71.260002,61.080418,1494300
2018-08-22,71.230003,71.790001,70.830002,71.410004,61.493763,1283100
2018-08-23,71.570000,73.239998,71.370003,72.870003,62.751026,2205700
2018-08-24,73.489998,74.379997,73.129997,73.580002,63.362431,1355800
2018-08-27,74.080002,74.809998,73.150002,73.889999,63.629375,1495100
2018-08-28,74.110001,75.139999,73.870003,73.980003,63.706902,2011300
2018-08-29,74.209999,75.279999,73.129997,74.629997,64.266617,1708200
2018-08-30,74.800003,75.230003,74.040001,74.669998,64.301064,1808500
2018-08-31,74.519997,75.040001,73.669998,74.519997,64.171906,2112000
2018-09-04,74.669998,76.559998,74.519997,76.190002,65.609993,1999800
2018-09-05,76.000000,76.110001,73.410004,73.839996,63.586330,2331800
2018-09-06,73.470001,74.620003,71.570000,72.010002,62.010441,1816600
2018-09-07,71.660004,71.989998,70.459999,70.809998,60.977085,1774600
2018-09-10,70.489998,71.779999,70.330002,71.190002,61.304310,1592500
2018-09-11,71.129997,72.540001,70.709999,71.750000,61.786552,1660100
2018-09-12,72.110001,72.779999,69.690002,70.650002,60.839298,2058400
2018-09-13,72.000000,72.470001,71.089996,72.029999,62.027664,2275800
2018-09-14,71.919998,71.970001,69.830002,70.389999,60.615410,2517300
2018-09-17,70.400002,70.529999,67.739998,68.919998,59.349529,2251200
2018-09-18,69.489998,70.639999,69.290001,69.519997,59.866215,2724900
2018-09-19,69.080002,69.290001,65.080002,65.500000,56.404446,4046500
2018-09-20,65.809998,66.610001,64.080002,65.940002,56.783352,2885900
2018-09-21,66.089996,67.510002,65.610001,66.879997,57.592815,5066100
2018-09-24,67.379997,70.620003,67.309998,69.589996,59.926495,2742300
2018-09-25,70.269997,71.480003,69.940002,70.760002,60.934021,2490000
2018-09-26,70.510002,71.690002,68.879997,71.120003,61.244022,2170800
2018-09-27,71.669998,72.300003,69.400002,69.769997,60.081501,2109800
2018-09-28,69.580002,70.900002,69.029999,69.900002,60.193451,1856000
2018-10-01,70.360001,71.279999,69.129997,69.559998,59.900661,1897000
2018-10-02,69.650002,70.080002,67.419998,68.559998,59.039524,2411800
2018-10-03,68.930000,71.430000,68.849998,71.349998,61.442097,2262100
2018-10-04,70.949997,71.820000,69.720001,70.209999,60.460403,1623400
2018-10-05,69.870003,70.379997,68.220001,69.209999,59.599270,1743900
2018-10-08,68.919998,69.000000,66.760002,67.610001,58.221439,1883900
2018-10-09,67.699997,69.410004,67.470001,68.639999,59.108418,1786000
2018-10-10,68.629997,69.099998,65.839996,65.879997,56.731674,2347800
2018-10-11,65.250000,67.199997,64.690002,66.040001,56.869453,2993200
2018-10-12,66.940002,67.690002,65.750000,66.470001,57.239754,2199300
2018-10-15,66.449997,66.650002,64.610001,64.660004,55.681091,1730800
2018-10-16,65.610001,67.529999,65.449997,67.269997,57.928658,2151000
2018-10-17,67.279999,67.680000,66.540001,66.779999,57.506699,2174100
2018-10-18,66.150002,68.559998,65.949997,67.949997,58.514225,1944500
2018-10-19,67.010002,67.010002,62.849998,63.169998,54.397995,3095600
2018-10-22,63.299999,65.129997,63.150002,64.800003,55.801659,2141400
2018-10-23,63.230000,64.760002,61.779999,64.410004,55.465813,2716700
2018-10-24,64.309998,64.309998,60.950001,61.009998,52.537945,2124300
2018-10-25,62.180000,64.000000,62.060001,63.150002,54.380779,2591500
2018-10-26,62.200001,63.270000,61.619999,61.990002,53.381866,2638000
2018-10-29,62.619999,64.400002,61.220001,62.150002,53.519638,2124300
2018-10-30,62.259998,63.590000,61.689999,63.259998,54.475498,2119100
2018-10-31,66.510002,69.220001,66.000000,67.440002,58.075054,3984300
2018-11-01,67.959999,68.199997,65.489998,67.260002,57.920044,2730600
2018-11-02,67.559998,69.500000,65.989998,66.489998,57.256969,1870600
2018-11-05,67.480003,67.480003,63.959999,65.190002,56.137501,1450600
2018-11-06,65.180000,65.570000,63.830002,65.500000,56.404446,1667400
2018-11-07,66.459999,68.239998,66.190002,68.129997,58.669231,1618600
2018-11-08,67.720001,68.209999,65.309998,65.739998,56.611107,1587400
2018-11-09,64.779999,65.300003,64.230003,64.699997,55.715530,1541900
2018-11-12,64.709999,65.239998,63.220001,63.439999,54.630501,1628600
2018-11-13,63.250000,63.810001,59.849998,60.810001,52.365715,3513200
2018-11-14,61.599998,62.590000,60.709999,61.849998,53.261295,2321700
2018-11-15,61.330002,63.099998,61.150002,63.090000,54.329105,1870200
2018-11-16,63.560001,64.300003,63.160000,63.830002,54.966351,1924500
2018-11-19,63.430000,64.900002,61.930000,62.330002,53.674648,2800500
2018-11-20,60.230000,61.230000,58.650002,59.250000,51.293911,2420900
2018-11-21,59.660000,60.599998,59.060001,59.860001,51.822002,2316000
2018-11-23,58.490002,59.180000,57.070000,57.169998,49.493210,967200
2018-11-26,58.160000,60.520000,58.049999,60.439999,52.324127,1974000
2018-11-27,59.959999,60.860001,59.790001,60.169998,52.090374,1551400
2018-11-28,60.189999,61.830002,58.880001,61.759998,53.466869,1675300
2018-11-29,61.459999,62.560001,61.360001,61.680000,53.397614,1578400
2018-11-30,61.529999,62.720001,60.860001,62.470001,54.081532,2341600
2018-12-03,62.029999,62.770000,57.650002,58.849998,50.947632,4175100
2018-12-04,59.349998,59.500000,58.029999,58.139999,50.332962,2937600
2018-12-06,57.270000,57.849998,55.459999,57.799999,50.038624,2547300
2018-12-07,58.139999,59.360001,56.619999,56.849998,49.216179,2429500
2018-12-10,56.270000,56.669998,53.680000,54.950001,47.571316,2306800
2018-12-11,55.630001,56.450001,54.660000,55.110001,47.709835,2214700
2018-12-12,56.540001,58.130001,55.869999,57.060001,49.397984,2156600
2018-12-13,57.169998,57.400002,55.470001,55.810001,48.315838,2030400
2018-12-14,55.349998,56.700001,53.939999,54.080002,46.818150,1961300
2018-12-17,53.990002,54.189999,52.139999,52.680000,45.606136,2022200
2018-12-18,52.660000,53.509998,52.070000,52.389999,45.355076,2288400
2018-12-19,52.380001,54.029999,51.340000,51.520000,44.601902,2924100
2018-12-20,50.919998,52.720001,49.950001,50.689999,43.883347,3207300
2018-12-21,50.250000,51.160000,48.230000,49.360001,42.731945,5067700
2018-12-24,49.000000,49.250000,46.750000,46.770000,40.489735,885300
2018-12-26,47.209999,50.880001,47.090000,50.820000,43.995888,1657800
2018-12-27,49.610001,51.610001,49.590000,51.610001,44.679817,1627900
2018-12-28,52.000000,52.250000,50.349998,51.090000,44.229637,1540100
2018-12-31,51.430000,52.070000,50.270000,51.119999,44.255608,1714200
2019-01-02,50.080002,51.630001,49.750000,51.299999,44.411442,2635800
2019-01-03,51.230000,51.380001,48.310001,49.070000,42.480881,3408700
2019-01-04,50.110001,52.139999,49.599998,51.720001,44.775040,3074400
2019-01-07,51.810001,52.660000,50.900002,52.340000,45.311790,2560600
2019-01-08,52.759998,53.189999,51.299999,51.820000,44.861618,2339700
2019-01-09,52.459999,53.830002,51.860001,52.950001,45.839882,2276400
2019-01-10,52.779999,53.970001,51.730000,53.320000,46.160194,2392700
2019-01-11,52.910000,54.480000,52.810001,53.520000,46.333340,1631700
2019-01-14,52.919998,53.470001,52.549999,53.090000,45.961082,1802200
2019-01-15,53.660000,53.660000,52.419998,52.860001,45.761967,1063000
2019-01-16,53.130001,53.799999,52.599998,53.299999,46.142891,1391800
2019-01-17,52.919998,55.259998,52.919998,55.080002,47.683865,2012400
2019-01-18,55.660000,56.049999,54.770000,55.970001,48.454350,2485100
2019-01-22,55.419998,56.040001,54.290001,54.349998,47.051884,3262900
2019-01-23,54.590000,55.389999,53.680000,54.209999,46.930687,1251500
2019-01-24,54.220001,54.549999,53.560001,53.849998,46.619019,1667800
2019-01-25,54.340000,55.840000,53.580002,55.060001,47.666546,2199400
2019-01-28,54.110001,54.669998,53.439999,53.630001,46.428562,1875400
2019-01-29,53.740002,54.200001,53.230000,54.099998,46.835453,1575400
2019-01-30,54.439999,56.060001,53.889999,55.900002,48.393753,2439200
2019-01-31,56.509998,57.669998,55.869999,56.340000,48.774673,3534400
2019-02-01,56.410000,56.410000,54.740002,55.200001,47.787754,1459200
2019-02-04,55.020000,55.619999,54.770000,55.139999,47.735802,1555100
2019-02-05,55.160000,56.470001,54.810001,56.419998,48.843929,1654700
2019-02-06,55.930000,56.560001,55.630001,56.480000,48.895870,1978700
2019-02-07,56.290001,57.320000,54.470001,54.759998,47.406830,2580900
2019-02-08,54.360001,55.240002,53.240002,53.950001,46.705597,1617800
2019-02-11,53.880001,55.520000,53.610001,54.959999,47.579971,2008300
2019-02-12,55.500000,55.650002,54.639999,54.770000,47.415497,2019700
2019-02-13,54.820000,56.330002,54.669998,56.169998,48.627495,1341000
2019-02-14,56.189999,57.340000,55.490002,57.049999,49.389332,2106800
2019-02-15,57.580002,58.130001,57.299999,57.889999,50.116535,1663300
2019-02-19,57.740002,57.939999,57.060001,57.580002,49.848160,1763700
2019-02-20,56.990002,57.389999,55.500000,56.099998,48.566891,2667800
2019-02-21,56.099998,57.099998,54.930000,55.250000,47.831036,2615700
2019-02-22,55.820000,56.040001,55.169998,55.520000,48.064781,2309000
2019-02-25,55.470001,55.790001,54.650002,54.720001,47.372200,1882300
2019-02-26,54.529999,54.849998,53.680000,53.700001,46.771229,1952200
2019-02-27,53.770000,53.869999,52.820000,52.970001,46.135429,1810300
2019-02-28,52.730000,52.799999,51.119999,51.200001,44.593796,2980600
2019-03-01,51.570000,52.310001,51.509998,52.029999,45.316708,2095400
2019-03-04,52.360001,52.570000,50.630001,52.070000,45.351543,2423000
2019-03-05,52.090000,52.139999,51.099998,51.520000,44.872513,2629200
2019-03-06,51.500000,51.560001,49.810001,50.570000,44.045086,3208800
2019-03-07,50.610001,50.610001,49.580002,49.830002,43.400566,2060100
2019-03-08,48.970001,48.970001,48.029999,48.799999,42.503464,1780100
2019-03-11,49.360001,50.070000,48.980000,50.070000,43.609600,2313900
2019-03-12,50.139999,50.790001,49.669998,50.700001,44.158314,2069900
2019-03-13,50.820000,52.230000,50.770000,51.709999,45.037991,2738200
2019-03-14,51.599998,52.240002,51.529999,52.160000,45.429935,2346600
2019-03-15,51.930000,53.430000,51.830002,52.200001,45.464775,4327500
2019-03-18,52.299999,52.939999,52.119999,52.770000,45.961227,2314100
2019-03-19,53.130001,53.400002,51.970001,52.110001,45.386383,1940300
2019-03-20,52.009998,52.220001,51.060001,51.450001,44.811539,1880000
2019-03-21,51.349998,52.580002,51.200001,52.320000,45.569286,1656100
2019-03-22,51.619999,51.709999,50.110001,50.610001,44.079926,1906700
2019-03-25,50.480000,50.720001,49.799999,50.669998,44.132183,1559900
2019-03-26,51.090000,52.090000,50.639999,51.259998,44.646057,1097500
2019-03-27,51.040001,51.959999,50.230000,50.820000,44.262821,1690600
2019-03-28,50.470001,50.820000,49.919998,50.250000,43.766373,1834700
2019-03-29,50.820000,51.230000,49.110001,49.270000,42.912819,1930100
2019-04-01,49.730000,49.930000,48.959999,49.119999,42.782173,1727300
2019-04-02,49.080002,49.500000,48.450001,48.840000,42.538311,2839100
2019-04-03,49.279999,50.180000,48.930000,49.119999,42.782173,2323600
2019-04-04,49.259998,49.810001,48.930000,49.730000,43.313465,1365200
2019-04-05,49.779999,50.389999,49.759998,50.049999,43.592186,2055000
2019-04-08,50.020000,50.330002,48.939999,49.180000,42.834435,2114600
2019-04-09,48.930000,49.070000,48.049999,48.169998,41.954750,1584400
2019-04-10,48.490002,50.610001,48.349998,50.040001,43.583469,2662300
2019-04-11,50.000000,50.930000,49.639999,50.480000,43.966698,2300400
2019-04-12,51.209999,51.220001,49.930000,50.250000,43.766373,2672600
2019-04-15,50.209999,50.270000,48.470001,48.490002,42.233467,2097800
2019-04-16,47.939999,48.250000,47.139999,48.000000,41.806686,2514200
2019-04-17,48.360001,48.849998,48.130001,48.419998,42.172497,2051900
2019-04-18,48.410000,48.450001,47.270000,47.340000,41.231842,1805600
2019-04-22,47.660000,48.980000,47.490002,48.849998,42.547020,2601300
2019-04-23,48.990002,49.470001,48.290001,48.590000,42.320557,2700600
2019-04-24,48.700001,48.700001,47.560001,47.980000,41.789268,2525000
2019-04-25,48.029999,50.230000,47.799999,49.490002,43.104435,2986900
2019-04-26,49.169998,49.270000,47.939999,48.560001,42.294426,2010400
2019-04-29,48.590000,49.189999,48.389999,48.549999,42.285717,2436400
2019-04-30,48.700001,48.910000,47.570000,47.730000,41.571522,2271100
2019-05-01,47.869999,48.779999,47.669998,47.759998,41.597652,3914400
2019-05-02,48.799999,48.849998,45.290001,46.189999,40.230225,4344000
2019-05-03,46.430000,47.299999,46.430000,46.740002,40.709259,2310300
2019-05-06,46.150002,46.340000,45.220001,45.439999,39.577000,2332500
2019-05-07,45.000000,45.529999,43.730000,45.470001,39.603130,2098100
2019-05-08,45.099998,45.290001,43.660000,43.720001,38.078930,2918400
2019-05-09,43.360001,43.869999,42.189999,43.560001,37.939568,2116600
2019-05-10,44.119999,44.630001,43.020000,43.910000,38.244411,2935900
2019-05-13,43.320000,43.939999,42.369999,42.669998,37.164391,2526700
2019-05-14,42.849998,43.779999,42.560001,43.630001,38.000534,1764500
2019-05-15,43.470001,43.840000,43.180000,43.709999,38.070206,1894700
2019-05-16,43.849998,44.849998,43.799999,44.689999,38.923759,2144200
2019-05-17,43.889999,44.270000,42.930000,42.939999,37.677784,1869300
2019-05-20,42.709999,43.650002,42.630001,43.340000,38.028763,2021300
2019-05-21,43.520000,44.500000,43.520000,44.130001,38.721954,1969000
2019-05-22,43.889999,44.430000,42.299999,42.700001,37.467186,2285000
2019-05-23,41.990002,42.020000,40.740002,40.959999,35.940430,2468000
2019-05-24,41.240002,41.590000,40.919998,41.110001,36.072044,1738100
2019-05-28,41.180000,41.650002,40.849998,40.889999,35.879009,2089800
2019-05-29,40.549999,41.119999,40.419998,40.990002,35.966755,1795000
2019-05-30,40.619999,41.049999,39.529999,39.599998,34.747093,1586500
2019-05-31,38.740002,39.029999,37.730000,37.980000,33.325626,2585600
2019-06-03,38.020000,39.099998,38.009998,38.660000,33.922287,2338300
2019-06-04,38.750000,39.770000,38.750000,39.669998,34.808517,2463000
2019-06-05,39.740002,40.950001,38.910000,40.830002,35.826363,2840500
2019-06-06,40.759998,41.340000,39.549999,40.070000,35.159489,2200500
2019-06-07,40.160000,40.419998,39.709999,40.090000,35.177040,1744800
2019-06-10,40.490002,41.230000,40.110001,40.220001,35.291111,2115700
2019-06-11,40.759998,41.040001,40.400002,40.520000,35.554348,1889200
2019-06-12,40.299999,40.410000,39.520000,39.590000,34.738319,1462100
2019-06-13,39.990002,40.560001,39.970001,40.400002,35.449059,1400300
2019-06-14,40.340000,40.369999,39.790001,40.299999,35.361309,1354900
2019-06-17,40.169998,41.560001,40.110001,40.939999,35.922882,1634300
2019-06-18,40.950001,41.939999,40.900002,41.419998,36.344055,1905900
2019-06-19,41.490002,42.169998,41.299999,41.430000,36.352833,1807300
2019-06-20,42.349998,43.900002,42.349998,43.650002,38.300777,3215800
2019-06-21,44.000000,44.480000,43.169998,44.119999,38.713173,3816900
2019-06-24,43.900002,44.250000,43.320000,43.840000,38.467499,2105400
2019-06-25,43.590000,44.160000,42.950001,43.880001,38.502590,2528600
2019-06-26,44.250000,44.910000,44.000000,44.419998,38.976414,2517400
2019-06-27,44.400002,45.290001,44.150002,45.240002,39.695923,1689200
2019-06-28,45.259998,46.419998,45.099998,46.279999,40.608475,3000500
2019-07-01,47.060001,47.240002,45.799999,45.950001,40.318913,2091500
2019-07-02,45.939999,46.279999,45.290001,45.650002,40.055676,2706700
2019-07-03,45.709999,45.880001,45.000000,45.349998,39.792442,1017500
2019-07-05,45.270000,46.029999,45.130001,45.830002,40.213615,1172700
2019-07-08,45.750000,46.090000,45.340000,45.889999,40.266266,2022100
2019-07-09,45.849998,46.860001,45.669998,46.349998,40.669899,1595100
2019-07-10,46.790001,47.349998,46.180000,46.939999,41.187584,1508000
2019-07-11,47.180000,48.150002,46.770000,48.150002,42.249313,1905100
2019-07-12,48.230000,48.919998,47.959999,48.540001,42.591511,1458000
2019-07-15,48.349998,48.380001,47.279999,47.990002,42.108910,1475300
2019-07-16,48.040001,48.189999,47.380001,47.830002,41.968529,1930500
2019-07-17,47.660000,47.889999,46.980000,47.549999,41.722832,2078000
2019-07-18,47.070000,48.490002,46.889999,48.160000,42.258080,1659300
2019-07-19,48.320000,48.970001,48.169998,48.529999,42.582741,1286400
2019-07-22,48.700001,49.060001,47.759998,48.200001,42.293179,1207800
2019-07-23,48.200001,48.689999,47.990002,48.360001,42.433578,1533700
2019-07-24,48.240002,49.790001,47.910000,49.509998,43.442646,1318600
2019-07-25,49.630001,49.630001,48.630001,49.320000,43.275928,1491700
2019-07-26,49.299999,49.900002,49.299999,49.599998,43.521618,1276900
2019-07-29,49.430000,49.619999,48.759998,49.580002,43.504063,1177500
2019-07-30,49.369999,50.139999,48.740002,50.090000,43.951561,1376200
2019-07-31,50.070000,51.310001,49.270000,49.770000,43.670773,2237900
2019-08-01,50.980000,53.889999,50.619999,52.189999,45.794220,3440400
2019-08-02,52.070000,53.180000,51.029999,51.130001,44.864120,2561100
2019-08-05,50.169998,50.650002,47.889999,48.799999,42.819649,2751500
2019-08-06,49.549999,49.990002,48.549999,49.389999,43.337345,2084300
2019-08-07,48.820000,50.400002,48.340000,50.349998,44.179703,2576900
2019-08-08,50.299999,51.259998,50.130001,51.040001,44.785145,1973700
2019-08-09,51.240002,51.240002,48.419998,48.560001,42.609058,2037200
2019-08-12,48.130001,48.570000,46.430000,46.680000,40.959457,2695900
2019-08-13,46.459999,47.930000,46.080002,47.000000,41.240238,2005200
2019-08-14,45.959999,45.959999,44.150002,44.279999,38.853573,2520300
2019-08-15,44.200001,44.730000,43.250000,43.860001,38.485039,2617900
2019-08-16,44.290001,44.730000,43.250000,44.349998,38.914993,2890100
2019-08-19,45.209999,46.610001,44.849998,45.880001,40.257488,2076100
2019-08-20,45.549999,46.400002,45.439999,45.799999,40.187294,2046600
2019-08-21,46.400002,46.910000,44.990002,45.369999,40.098907,2058200
2019-08-22,45.509998,46.180000,45.299999,45.619999,40.319874,1810100
2019-08-23,45.200001,45.840000,43.439999,43.630001,38.561066,2384200
2019-08-26,44.119999,44.450001,43.599998,43.880001,38.782021,1352200
2019-08-27,44.270000,44.619999,42.900002,43.150002,38.136826,3113200
2019-08-28,42.869999,43.560001,42.430000,43.340000,38.304756,1444000
2019-08-29,43.500000,44.689999,43.500000,44.509998,39.338829,1783100
2019-08-30,44.650002,44.779999,44.029999,44.360001,39.206253,1354500
2019-09-03,43.540001,45.389999,43.439999,45.169998,39.922146,2150700
2019-09-04,45.740002,46.020000,45.040001,45.810001,40.487797,1407100
2019-09-05,46.500000,47.700001,46.439999,47.619999,42.087509,3734400
2019-09-06,47.900002,48.840000,47.570000,48.639999,42.989006,2449200
2019-09-09,48.930000,50.470001,48.820000,50.430000,44.571037,2393800
2019-09-10,50.410000,51.430000,50.119999,51.160000,45.216232,2006000
2019-09-11,51.439999,51.610001,50.369999,51.259998,45.304615,1895600
2019-09-12,50.630001,51.259998,49.830002,50.689999,44.800831,1514500
2019-09-13,51.180000,51.950001,50.790001,51.380001,45.410679,1738100
2019-09-16,51.290001,54.150002,50.930000,53.779999,47.531845,3484900
2019-09-17,53.360001,53.900002,52.220001,53.040001,46.877811,2205400
2019-09-18,53.040001,53.250000,52.130001,53.049999,46.886654,1632800
2019-09-19,53.290001,53.490002,52.419998,52.779999,46.648018,1494500
2019-09-20,52.980000,53.220001,52.360001,52.630001,46.515453,3693600
2019-09-23,52.130001,53.380001,51.830002,53.169998,46.992702,1466500
2019-09-24,52.970001,53.380001,51.970001,52.250000,46.179600,2018400
2019-09-25,52.320000,53.750000,52.320000,53.340000,47.142960,1539400
2019-09-26,53.130001,53.720001,52.540001,53.509998,47.293209,1410400
2019-09-27,53.599998,54.360001,53.070000,53.580002,47.355076,1890200
2019-09-30,53.630001,54.099998,53.540001,53.639999,47.408104,1289100
2019-10-01,53.980000,53.980000,52.830002,53.299999,47.107609,1742000
2019-10-02,52.799999,52.860001,51.310001,51.630001,45.631626,1673900
2019-10-03,51.369999,52.889999,51.090000,52.790001,46.656868,1383400
2019-10-04,53.279999,53.709999,52.759998,53.580002,47.355076,838500
2019-10-07,53.669998,53.869999,52.939999,52.970001,46.815956,1547200
2019-10-08,52.430000,52.740002,52.040001,52.090000,46.038189,1057500
2019-10-09,52.799999,53.470001,52.209999,52.259998,46.188431,1200200
2019-10-10,52.540001,53.490002,52.450001,53.169998,46.992702,1122700
2019-10-11,53.900002,54.570000,53.820000,53.880001,47.620224,1063900
2019-10-14,53.639999,54.080002,53.279999,53.669998,47.434616,709400
2019-10-15,53.610001,55.049999,53.049999,54.689999,48.336121,1108300
2019-10-16,54.560001,55.049999,53.560001,53.639999,47.408104,1293100
2019-10-17,54.070000,55.160000,53.970001,55.099998,48.698486,1541700
2019-10-18,54.840000,55.040001,54.270000,54.799999,48.433338,1533400
2019-10-21,55.209999,55.709999,54.869999,55.250000,48.831059,1462200
2019-10-22,55.490002,56.509998,55.270000,55.549999,49.096203,1369200
2019-10-23,55.490002,56.430000,55.389999,55.630001,49.166904,1267300
2019-10-24,55.950001,56.310001,55.560001,56.040001,49.529270,1616900
2019-10-25,56.230000,57.619999,56.230000,57.419998,50.748943,1203100
2019-10-28,57.720001,58.880001,57.720001,58.250000,51.482513,1748100
2019-10-29,58.080002,58.799999,57.919998,58.000000,51.261559,1362200
2019-10-30,58.040001,58.040001,56.259998,56.869999,50.262840,2144300
2019-10-31,58.119999,58.119999,53.340000,54.939999,48.557068,2772100
2019-11-01,55.150002,56.209999,54.150002,54.340000,48.026787,2566800
2019-11-04,55.080002,55.770000,54.180000,54.320000,48.009102,1860600
2019-11-05,54.880001,55.939999,54.580002,55.889999,49.396698,2719400
2019-11-06,55.570000,55.610001,53.259998,53.419998,47.213669,1882700
2019-11-07,53.980000,54.779999,53.830002,54.740002,48.380314,1987500
2019-11-08,54.430000,54.590000,53.230000,54.139999,47.850014,1140400
2019-11-11,53.680000,54.709999,53.570000,54.130001,47.841175,803300
2019-11-12,54.529999,55.009998,53.240002,53.439999,47.231339,1591200
2019-11-13,52.990002,53.200001,52.410000,52.590000,46.480087,1137200
2019-11-14,53.020000,53.910000,52.730000,53.880001,47.620224,1739800
2019-11-15,53.930000,53.930000,52.240002,52.540001,46.435905,1701900
2019-11-18,53.330002,54.580002,52.740002,53.910000,47.646740,1979200
2019-11-19,53.630001,53.740002,51.389999,52.299999,46.223789,1884100
2019-11-20,52.119999,52.950001,51.410000,52.360001,46.276817,2089100
2019-11-21,52.500000,53.619999,52.470001,53.340000,47.142960,1521100
2019-11-22,53.500000,53.869999,52.889999,52.970001,46.815956,1257900
2019-11-25,52.980000,53.869999,52.790001,53.349998,47.151794,1763300
2019-11-26,53.110001,53.279999,52.040001,52.650002,46.840420,2503500
2019-11-27,52.810001,52.880001,51.900002,52.299999,46.529041,1205500
2019-11-29,51.910000,52.020000,51.439999,51.549999,45.861797,549800
2019-12-02,51.790001,52.820000,51.619999,52.720001,46.902699,2299400
2019-12-03,52.270000,52.389999,51.549999,51.860001,46.137589,1549300
2019-12-04,52.200001,52.330002,50.660000,50.779999,45.176762,2057500
2019-12-05,50.939999,51.450001,50.439999,50.750000,45.150070,2318900
2019-12-06,50.959999,51.330002,50.560001,50.939999,45.319103,1320700
2019-12-09,50.529999,50.730000,49.369999,49.410000,43.957932,1224900
2019-12-10,49.330002,50.299999,49.139999,50.060001,44.536205,1097200
2019-12-11,50.139999,50.549999,49.639999,50.099998,44.571793,1746200
2019-12-12,50.150002,50.990002,49.840000,50.450001,44.883171,1069500
2019-12-13,50.500000,51.200001,49.959999,50.189999,44.651855,1249400
2019-12-16,50.410000,51.720001,50.139999,51.540001,45.852894,1612100
2019-12-17,51.580002,52.230000,50.630001,50.869999,45.256824,1762200
2019-12-18,50.889999,51.060001,50.130001,50.790001,45.185654,1648000
2019-12-19,50.900002,51.209999,50.689999,50.950001,45.327999,1161800
2019-12-20,51.419998,51.580002,50.560001,51.459999,45.781734,4032700
2019-12-23,51.340000,51.970001,50.910000,51.759998,46.048622,1378900
2019-12-24,51.770000,51.869999,51.360001,51.619999,45.924072,253300
2019-12-26,51.709999,51.950001,51.320000,51.509998,45.826202,712000
2019-12-27,51.540001,51.630001,50.959999,50.980000,45.354691,930600
2019-12-30,50.939999,51.119999,49.669998,49.830002,44.331589,811200
2019-12-31,49.750000,50.860001,49.660000,50.709999,45.114483,1246200
2020-01-02,51.090000,51.490002,50.900002,51.389999,45.719448,1268900
2020-01-03,51.099998,51.750000,47.660000,48.180000,42.863659,3178400
2020-01-06,47.849998,48.250000,47.040001,48.000000,42.703506,2523400
2020-01-07,47.150002,48.480000,47.150002,48.349998,43.014889,1475400
2020-01-08,48.340000,48.349998,46.869999,47.709999,42.445515,1842800
2020-01-09,47.680000,48.380001,47.150002,48.160000,42.845863,1300300
2020-01-10,48.230000,48.880001,48.110001,48.689999,43.317379,1150800
2020-01-13,48.689999,48.950001,48.020000,48.330002,42.997108,842800
2020-01-14,48.139999,48.639999,47.669998,48.520000,43.166138,1287400
2020-01-15,48.029999,48.160000,46.459999,46.639999,41.493584,1564300
2020-01-16,46.930000,47.389999,46.540001,46.930000,41.751583,1635500
2020-01-17,46.930000,47.310001,46.509998,46.919998,41.742683,1345800
2020-01-21,46.590000,47.130001,46.150002,46.840000,41.671516,1564500
2020-01-22,46.849998,47.630001,46.020000,46.500000,41.369030,1669100
2020-01-23,46.230000,46.770000,45.570000,46.200001,41.102131,2276900
2020-01-24,46.020000,46.669998,45.610001,46.529999,41.395721,2736500
2020-01-27,45.389999,45.650002,43.939999,44.130001,39.260544,3119600
2020-01-28,44.340000,46.259998,43.930000,45.599998,40.568336,8197600
2020-01-29,45.930000,46.599998,45.009998,45.980000,40.906410,8655500
2020-01-30,45.310001,46.349998,44.470001,45.189999,40.203575,1753900
2020-01-31,44.590000,45.209999,44.509998,44.919998,39.963371,2087400
2020-02-03,45.000000,45.000000,42.689999,43.139999,38.379784,1781400
2020-02-04,43.919998,44.349998,42.090000,42.740002,38.023926,2054500
2020-02-05,43.439999,44.759998,43.430000,44.310001,39.420689,1647500
2020-02-06,44.310001,44.570000,43.410000,43.439999,38.646675,1508300
2020-02-07,43.139999,44.000000,42.880001,43.520000,38.717854,1142500
2020-02-10,43.189999,43.630001,42.939999,43.389999,38.602188,1224900
2020-02-11,43.790001,44.590000,43.480000,44.450001,39.545235,1359800
2020-02-12,45.220001,45.490002,44.470001,44.799999,39.856613,1635600
2020-02-13,44.709999,44.840000,43.439999,43.580002,38.771233,3226300
2020-02-14,43.810001,44.000000,42.509998,43.320000,38.539921,2506900
2020-02-18,43.080002,43.279999,42.270000,42.520000,37.828201,1392300
2020-02-19,42.619999,43.009998,42.049999,42.820000,38.095097,1511000
2020-02-20,40.810001,42.980000,39.630001,42.610001,37.908264,2929700
2020-02-21,42.419998,43.259998,41.610001,43.029999,38.598965,2318600
2020-02-24,40.959999,41.320000,39.419998,39.860001,35.755405,2661600
2020-02-25,40.000000,40.150002,37.790001,38.130001,34.203556,4453200
2020-02-26,38.200001,38.450001,35.939999,35.980000,32.274952,3786000
2020-02-27,35.000000,35.000000,32.250000,32.360001,29.027723,3897800
2020-02-28,31.719999,33.730000,31.219999,33.680000,30.211796,4501200
2020-03-02,34.360001,34.439999,32.230000,34.040001,30.534725,3502300
2020-03-03,34.000000,35.070000,32.430000,33.110001,29.700495,4490100
2020-03-04,33.540001,33.650002,32.330002,32.790001,29.413445,2684800
2020-03-05,31.750000,32.830002,30.520000,30.840000,27.664246,3112200
2020-03-06,29.770000,30.020000,28.180000,28.610001,25.663879,3665000
2020-03-09,26.040001,26.730000,24.090000,24.100000,21.618294,7556100
2020-03-10,25.500000,26.370001,22.940001,23.870001,21.411983,4639100
2020-03-11,22.809999,24.129999,21.459999,22.120001,19.842188,4903400
2020-03-12,20.360001,20.690001,18.799999,19.440001,17.438166,5150500
2020-03-13,21.290001,22.750000,19.010000,22.660000,20.326580,5499500
2020-03-16,19.290001,24.660000,19.090000,21.209999,19.025896,5837600
2020-03-17,21.430000,22.240000,20.080000,21.450001,19.241184,5297200
2020-03-18,19.889999,22.850000,19.170000,22.260000,19.967775,4797800
2020-03-19,22.510000,23.820000,20.150000,20.980000,18.819580,4162100
2020-03-20,21.490000,23.080000,20.330000,22.280001,19.985714,4997300
2020-03-23,21.889999,22.299999,18.650000,18.660000,16.738485,3806300
2020-03-24,19.889999,20.270000,18.480000,19.309999,17.321547,3492600
2020-03-25,19.870001,22.500000,19.000000,21.559999,19.339851,3126300
2020-03-26,22.860001,25.620001,22.180000,23.950001,21.483742,4034700
2020-03-27,22.969999,25.100000,22.020000,24.250000,21.752851,3784200
2020-03-30,23.520000,26.670000,23.430000,26.020000,23.340586,3557000
2020-03-31,26.760000,26.990000,24.240000,24.510000,21.986078,2996800
2020-04-01,23.450001,24.139999,21.469999,21.730000,19.492350,2846800
2020-04-02,22.530001,25.680000,21.770000,22.940001,20.577749,3243100
2020-04-03,23.790001,23.790001,21.660000,22.379999,20.075413,1987600
2020-04-06,23.420000,27.950001,23.190001,25.959999,23.286760,3847200
2020-04-07,27.049999,28.250000,25.510000,25.969999,23.295732,2993700
2020-04-08,26.660000,27.450001,25.860001,26.629999,23.887774,2285500
2020-04-09,27.790001,28.200001,25.280001,26.420000,23.699396,2622100
2020-04-13,25.180000,26.850000,24.500000,25.049999,22.470469,2705100
2020-04-14,25.230000,25.799999,24.070000,25.070000,22.488409,2482600
2020-04-15,23.820000,24.280001,22.879999,23.799999,21.349188,2286700
2020-04-16,24.040001,24.250000,22.650000,23.070000,20.694361,2204400
2020-04-17,23.559999,27.230000,23.559999,27.020000,24.237610,2182200
2020-04-20,25.500000,27.620001,25.250000,26.219999,23.519991,2470000
2020-04-21,25.400000,27.540001,25.250000,26.580000,23.842918,2354900
2020-04-22,27.870001,28.219999,26.610001,26.879999,24.112022,1718100
2020-04-23,27.360001,28.950001,27.049999,28.570000,25.627996,2295800
2020-04-24,28.980000,29.280001,28.100000,28.559999,25.619028,2394600
2020-04-27,28.750000,29.900000,27.840000,29.760000,26.695459,1760300
2020-04-28,30.250000,31.410000,29.850000,30.730000,27.565571,1925000
2020-04-29,31.910000,33.779999,31.030001,33.630001,30.166941,2532300
2020-04-30,33.380001,34.160000,32.189999,33.040001,29.637699,2412900
2020-05-01,32.000000,32.320000,30.110001,30.320000,27.197790,1652100
2020-05-04,30.559999,32.669998,30.120001,32.529999,29.180216,2354400
2020-05-05,34.090000,34.240002,31.209999,31.340000,28.112759,2205200
2020-05-06,31.860001,32.240002,30.010000,30.010000,26.919714,2251100
2020-05-07,29.809999,31.160000,27.750000,28.309999,25.394773,3872200
2020-05-08,29.000000,31.280001,28.620001,31.209999,27.996141,2011400
2020-05-11,30.780001,31.410000,29.860001,30.209999,27.099117,1812300
2020-05-12,30.520000,30.910000,28.690001,28.700001,25.744614,2053300
2020-05-13,28.559999,28.820000,26.610001,27.469999,24.641268,2826800
2020-05-14,26.760000,28.190001,25.680000,27.610001,24.766855,2169100
2020-05-15,27.480000,27.820000,26.750000,26.870001,24.103054,2229600
2020-05-18,28.480000,31.059999,28.480000,30.860001,27.682182,2142100
2020-05-19,30.740000,30.920000,29.350000,29.459999,26.426348,1765400
2020-05-20,30.340000,32.070000,30.250000,31.750000,28.480536,2370000
2020-05-21,31.750000,32.320000,30.830000,30.990000,27.798798,2558000
2020-05-22,30.459999,30.670000,29.549999,30.459999,27.635490,1272700
2020-05-26,31.750000,32.580002,31.299999,32.299999,29.304869,1718600
2020-05-27,33.009998,33.230000,32.049999,33.060001,29.994394,3109700
2020-05-28,33.049999,33.299999,31.270000,31.469999,28.551832,2322000
2020-05-29,31.040001,31.889999,30.750000,31.450001,28.533688,2970100
2020-06-01,31.709999,31.959999,31.120001,31.139999,28.252432,1692500
2020-06-02,31.480000,32.610001,31.410000,32.590000,29.567976,2101600
2020-06-03,33.200001,33.849998,32.930000,33.709999,30.584120,2072300
2020-06-04,33.490002,34.700001,33.090000,34.419998,31.228285,2692900
2020-06-05,35.869999,37.740002,35.840000,36.770000,33.360367,2487400
2020-06-08,38.299999,38.610001,36.509998,37.320000,33.859371,2538400
2020-06-09,35.599998,36.369999,34.810001,35.330002,32.053898,1808800
2020-06-10,34.810001,35.740002,33.630001,34.220001,31.046824,2424400
2020-06-11,31.750000,32.450001,30.250000,30.260000,27.454031,1997000
2020-06-12,31.100000,31.750000,30.150000,31.379999,28.470177,1848400
2020-06-15,29.840000,31.750000,29.549999,31.480000,28.560905,1669300
2020-06-16,33.130001,33.790001,32.169998,32.700001,29.667776,1904700
2020-06-17,32.720001,33.130001,31.020000,31.040001,28.161703,1686600
2020-06-18,30.610001,32.810001,30.540001,32.560001,29.540758,1641100
2020-06-19,33.599998,33.660000,32.020000,32.240002,29.250433,4273800
2020-06-22,31.940001,32.450001,31.049999,31.730000,28.787724,2322300
2020-06-23,32.279999,32.470001,31.420000,31.480000,28.560905,1450300
2020-06-24,30.830000,30.830000,29.190001,29.580000,26.837088,2464200
2020-06-25,29.070000,29.930000,28.700001,29.639999,26.891523,1923300
2020-06-26,29.370001,29.549999,27.950001,28.209999,25.594126,2353600
2020-06-29,28.469999,29.150000,28.080000,28.450001,25.811871,1552600
2020-06-30,27.580000,29.420000,26.959999,29.200001,26.492327,2741700
2020-07-01,29.410000,29.940001,27.420000,27.709999,25.140491,2302800
2020-07-02,28.379999,28.760000,27.180000,27.219999,24.695927,1721000
2020-07-06,27.680000,28.280001,27.000000,28.049999,25.448965,2384700
2020-07-07,27.590000,27.969999,26.889999,27.100000,24.587057,2039800
2020-07-08,26.309999,27.760000,26.260000,27.600000,25.040695,2238600
2020-07-09,27.430000,27.530001,26.100000,26.209999,23.779585,1683300
2020-07-10,26.059999,27.559999,26.049999,27.559999,25.004400,1347800
2020-07-13,27.639999,27.700001,26.510000,26.980000,24.478184,1937500
2020-07-14,26.700001,27.330000,26.330000,27.230000,24.705000,2279200
2020-07-15,28.030001,28.830000,27.459999,28.680000,26.020546,1652500
2020-07-16,28.370001,28.870001,27.850000,28.410000,25.775583,1442500
2020-07-17,28.530001,29.030001,27.120001,27.480000,24.931816,1551400
2020-07-20,27.330000,27.780001,26.530001,26.549999,24.088055,1387800
2020-07-21,26.900000,28.190001,26.900000,27.809999,25.231216,2603900
2020-07-22,26.980000,27.670000,26.709999,27.340000,24.804804,1701600
2020-07-23,27.160000,27.730000,26.990000,27.320000,24.786655,1508800
2020-07-24,27.450001,27.860001,26.700001,26.980000,24.478184,1463800
2020-07-27,26.860001,27.129999,26.350000,26.650000,24.178782,1513100
2020-07-28,26.600000,27.110001,26.150000,26.150000,23.725147,1241900
2020-07-29,26.240000,27.870001,26.049999,27.740000,25.167711,2261700
2020-07-30,27.000000,27.309999,25.660000,26.790001,24.305801,2799000
2020-07-31,26.500000,27.600000,26.450001,27.500000,24.949966,4823000
2020-08-03,27.600000,27.930000,26.309999,26.670000,24.196928,2701500
2020-08-04,26.389999,26.559999,25.330000,26.030001,23.616278,3317200
2020-08-05,26.549999,26.549999,25.540001,25.959999,23.552765,2790700
2020-08-06,26.250000,27.230000,24.520000,24.620001,22.337023,3344100
2020-08-07,24.750000,25.760000,24.309999,25.500000,23.135420,3041400
2020-08-10,25.650000,26.330000,25.379999,26.120001,23.697929,2727200
2020-08-11,26.680000,27.410000,26.350000,26.490000,24.033619,2485800
2020-08-12,27.020000,27.240000,26.280001,27.219999,24.695927,1967300
2020-08-13,26.750000,26.889999,25.420000,25.520000,23.153566,2886100
2020-08-14,25.010000,26.000000,24.719999,25.990000,23.907873,1737600
2020-08-17,25.969999,26.680000,25.700001,26.500000,24.377018,1712400
2020-08-18,26.370001,26.559999,25.639999,25.690001,23.631910,3291800
2020-08-19,25.570000,26.170000,25.160000,25.900000,23.825085,2221900
2020-08-20,25.520000,25.790001,24.700001,25.350000,23.319149,2795500
2020-08-21,25.170000,25.660000,24.750000,24.980000,22.978788,2175800
2020-08-24,25.280001,26.540001,25.000000,26.139999,24.045855,3167300
2020-08-25,26.280001,26.660000,25.610001,26.049999,23.963068,3036200
2020-08-26,26.160000,26.600000,25.740000,25.910000,23.834282,3936400
2020-08-27,25.840000,25.860001,24.450001,24.959999,22.960390,3660700
2020-08-28,25.100000,26.100000,24.990000,25.809999,23.742294,2471800
2020-08-31,25.719999,25.850000,23.809999,23.870001,21.957716,14127500
2020-09-01,23.920000,24.370001,23.420000,23.959999,22.040501,2896400
2020-09-02,23.700001,24.100000,23.469999,23.530001,21.644951,3607600
2020-09-03,23.830000,24.549999,23.309999,23.530001,21.644951,3879900
2020-09-04,23.740000,23.850000,22.809999,22.820000,20.991833,3782900
2020-09-08,22.400000,22.600000,21.820000,21.850000,20.099541,3081100
2020-09-09,21.870001,22.040001,20.910000,21.459999,19.740784,3697200
2020-09-10,21.510000,21.700001,20.510000,20.549999,18.903687,2733500
2020-09-11,20.590000,21.330000,20.320000,20.950001,19.271643,2594800
2020-09-14,21.070000,21.889999,20.889999,21.709999,19.970755,3115200
2020-09-15,21.760000,21.940001,21.230000,21.690001,19.952360,3267100
2020-09-16,21.760000,23.010000,21.520000,22.520000,20.715866,2795200
2020-09-17,21.959999,22.480000,21.790001,22.270000,20.485895,2497600
2020-09-18,22.120001,22.320000,21.480000,21.990000,20.228327,5399100
2020-09-21,21.370001,21.430000,20.709999,21.209999,19.510813,2249300
2020-09-22,21.230000,21.639999,20.870001,21.100000,19.409624,1626400
2020-09-23,21.059999,21.350000,20.020000,20.030001,18.425346,2124100
2020-09-24,19.889999,20.360001,19.280001,20.040001,18.434544,2386300
2020-09-25,19.719999,20.299999,19.450001,20.150000,18.535732,2046900
2020-09-28,20.590000,20.980000,20.370001,20.889999,19.216446,2458700
2020-09-29,20.799999,20.969999,19.969999,20.180000,18.563332,1812700
2020-09-30,20.139999,20.309999,19.620001,19.709999,18.130980,2480900
2020-10-01,19.389999,19.600000,18.590000,18.940001,17.422668,3057800
2020-10-02,18.500000,19.809999,18.379999,19.600000,18.029795,2613100
2020-10-05,19.940001,20.280001,19.570000,20.030001,18.425346,2390800
2020-10-06,20.379999,21.020000,20.059999,20.129999,18.517334,2303800
2020-10-07,20.260000,20.790001,19.850000,20.700001,19.041672,2342800
2020-10-08,20.900000,21.660000,20.629999,21.500000,19.777578,1827000
2020-10-09,21.639999,21.850000,20.820000,20.870001,19.198051,1901500
2020-10-12,20.780001,20.840000,20.290001,20.770000,19.106064,1627700
2020-10-13,20.639999,20.650000,19.740000,19.850000,18.259768,2380200
2020-10-14,20.000000,20.889999,19.950001,20.510000,18.866894,1916500
2020-10-15,20.020000,21.240000,19.770000,21.190001,19.492416,3190000
2020-10-16,21.110001,21.110001,20.139999,20.160000,18.544933,2009200
2020-10-19,20.110001,20.270000,19.450001,19.469999,17.910208,1863100
2020-10-20,19.700001,20.010000,19.480000,19.600000,18.029795,1941300
2020-10-21,19.420000,19.750000,18.959999,19.150000,17.615847,2604400
2020-10-22,19.020000,20.010000,18.549999,19.930000,18.333357,2238400
2020-10-23,20.150000,20.889999,20.000000,20.389999,18.756504,1566900
2020-10-26,20.030001,20.139999,19.219999,19.379999,17.827421,1682700
2020-10-27,19.240000,19.350000,18.480000,18.570000,17.082310,3407400
2020-10-28,18.000000,18.110001,17.020000,17.230000,15.849661,3828000
2020-10-29,17.030001,17.850000,16.809999,17.790001,16.364798,2889300
2020-10-30,17.709999,18.549999,17.650000,18.510000,17.027115,4461000
2020-11-02,18.879999,19.500000,18.309999,19.219999,17.680237,2502900
2020-11-03,19.500000,19.610001,18.719999,19.049999,17.523853,2145800
2020-11-04,19.049999,19.680000,18.420000,18.730000,17.229488,3429600
2020-11-05,18.870001,19.700001,18.500000,18.670000,17.174297,3121100
2020-11-06,18.520000,18.969999,17.420000,17.570000,16.162424,4067900
2020-11-09,19.490000,23.200001,19.490000,22.559999,20.752659,6552600
2020-11-10,22.600000,22.719999,20.830000,21.650000,19.915564,4226800
2020-11-11,21.889999,22.129999,20.990000,21.299999,19.593603,2491400
2020-11-12,20.900000,21.580000,20.360001,20.670000,19.014072,3154500
2020-11-13,20.809999,22.330000,20.809999,22.139999,20.366308,2807900
2020-11-16,23.620001,24.469999,22.719999,24.170000,22.233681,4056700
2020-11-17,23.629999,23.680000,22.780001,23.610001,21.718544,3113900
2020-11-18,23.820000,24.100000,22.639999,22.719999,20.899841,2973400
2020-11-19,22.299999,22.900000,22.180000,22.879999,21.047026,2233900
2020-11-20,22.450001,22.730000,21.910000,22.150000,20.692034,1775700
2020-11-23,22.549999,24.430000,22.469999,24.360001,22.756569,3040400
2020-11-24,25.280001,26.389999,24.709999,25.799999,24.101782,4279600
2020-11-25,25.410000,25.520000,24.690001,25.240000,23.578648,2124200
2020-11-27,25.020000,25.209999,24.610001,24.930000,23.289053,2862700
2020-11-30,24.520000,24.680000,23.240000,23.389999,21.850416,5402200
2020-12-01,24.260000,25.230000,24.040001,24.180000,22.588419,4968700
2020-12-02,23.959999,26.490000,23.830000,26.230000,24.503483,5060500
2020-12-03,26.379999,27.770000,26.100000,26.889999,25.120037,4812900
2020-12-04,27.660000,28.770000,27.559999,28.549999,26.670773,2956800
2020-12-07,28.090000,28.610001,27.200001,27.420000,25.615156,2674400
2020-12-08,27.020000,27.860001,26.719999,27.070000,25.288193,3196100
2020-12-09,27.389999,27.910000,26.290001,27.150000,25.362926,2949000
2020-12-10,27.090000,28.670000,27.059999,28.440001,26.568014,4031700
2020-12-11,28.540001,28.600000,27.219999,27.480000,25.671204,3244800
2020-12-14,28.000000,28.160000,25.730000,25.900000,24.195204,4755500
2020-12-15,26.260000,26.520000,25.670000,26.430000,24.690317,3968600
2020-12-16,26.280001,26.280001,25.469999,25.559999,23.877581,2436500
2020-12-17,25.730000,25.969999,25.230000,25.639999,23.952316,4876900
2020-12-18,25.530001,25.799999,24.910000,25.170000,23.513254,8018700
2020-12-21,24.139999,25.000000,23.600000,24.809999,23.176947,4736500
2020-12-22,24.650000,25.080000,24.280001,24.320000,22.719200,2254100
2020-12-23,24.629999,25.889999,24.459999,25.450001,23.774824,1402900
2020-12-24,25.400000,25.500000,24.990000,25.350000,23.681404,731700
2020-12-28,25.500000,26.400000,25.139999,25.219999,23.559959,1244400
2020-12-29,25.400000,25.660000,24.900000,25.270000,23.606668,1099000
2020-12-30,25.299999,26.200001,25.280001,26.080000,24.363356,2806100
2020-12-31,25.889999,26.350000,25.570000,25.850000,24.148493,1607200
2021-01-04,26.049999,26.330000,24.870001,25.270000,23.606668,2567700
2021-01-05,25.520000,26.620001,25.410000,25.580000,23.896267,2661000
2021-01-06,26.340000,26.840000,25.080000,25.639999,23.952316,2783900
2021-01-07,25.799999,26.370001,25.230000,26.120001,24.400724,2144600
2021-01-08,26.420000,26.450001,25.170000,25.389999,23.718771,1481400
2021-01-11,24.660000,26.020000,24.600000,25.860001,24.157835,1869100
2021-01-12,26.110001,27.400000,25.920000,27.350000,25.549761,2075900
2021-01-13,27.190001,27.190001,26.030001,26.340000,24.606241,1814700
2021-01-14,26.490000,29.480000,26.459999,29.230000,27.306015,3813900
2021-01-15,29.000000,29.170000,27.870001,28.209999,26.353151,3785900
2021-01-19,28.549999,29.920000,28.170000,29.520000,27.576925,2630900
2021-01-20,29.719999,29.870001,28.850000,29.280001,27.352728,2400200
2021-01-21,29.080000,29.290001,28.400000,28.680000,26.792217,1611300
2021-01-22,27.860001,29.110001,27.690001,29.059999,27.147203,1374700
2021-01-25,28.530001,30.180000,28.049999,30.129999,28.146770,3658400
2021-01-26,30.410000,31.110001,29.820000,29.969999,27.997307,3074500
2021-01-27,29.490000,31.309999,29.350000,30.870001,28.838066,3295400
2021-01-28,31.200001,31.879999,29.379999,29.740000,27.782446,3597200
2021-01-29,29.459999,31.120001,28.250000,28.459999,26.586697,3691600
2021-02-01,28.840000,29.110001,27.389999,28.010000,26.166321,3284600
2021-02-02,28.730000,29.129999,28.090000,28.240000,26.381176,2309500
2021-02-03,28.290001,29.540001,28.230000,29.420000,27.483509,1971000
2021-02-04,29.770000,30.230000,29.450001,30.090000,28.109409,2003700
2021-02-05,30.639999,30.959999,30.070000,30.200001,28.212170,1909600
2021-02-08,30.620001,32.139999,30.459999,31.930000,29.828295,2462400
2021-02-09,31.709999,31.790001,30.790001,31.320000,29.258448,1800500
2021-02-10,31.320000,31.820000,30.780001,31.730000,29.641460,1479100
2021-02-11,31.280001,31.730000,30.620001,31.309999,29.249105,1849800
2021-02-12,30.930000,31.790001,30.930000,31.750000,29.660145,1482800
2021-02-16,32.450001,33.599998,32.250000,33.349998,31.154823,1673100
2021-02-17,33.860001,34.110001,32.970001,33.709999,31.491129,1487100
2021-02-18,33.520000,33.799999,32.630001,33.320000,31.126802,1612600
2021-02-19,33.540001,36.709999,33.410000,36.590000,34.181564,3553500
2021-02-22,36.730000,38.770000,36.689999,37.900002,35.405338,2927600
2021-02-23,38.490002,39.439999,36.709999,39.029999,36.460953,3121800
2021-02-24,39.080002,39.340000,37.779999,38.450001,35.919136,3048700
2021-02-25,38.740002,38.900002,37.169998,38.410000,35.881771,2108700
2021-02-26,37.549999,38.560001,35.959999,37.880001,35.712070,3294200
2021-03-01,38.720001,38.930000,37.209999,38.180000,35.994900,2145500
2021-03-02,38.000000,38.540001,36.950001,36.980000,34.863575,1773200
2021-03-03,37.549999,40.070000,37.400002,39.029999,36.796249,2726700
2021-03-04,39.310001,40.459999,38.060001,38.990002,36.758545,2699600
2021-03-05,40.000000,40.520000,38.639999,39.970001,37.682461,1974300
2021-03-08,40.480000,41.700001,39.560001,40.630001,38.304680,1693600
2021-03-09,40.169998,41.099998,38.730000,38.810001,36.588844,2424300
2021-03-10,38.910000,41.310001,38.759998,40.970001,38.625225,1793700
2021-03-11,40.849998,42.389999,40.669998,41.270000,38.908058,1726800
2021-03-12,41.619999,41.740002,40.490002,41.040001,38.691219,1640600
2021-03-15,41.040001,41.470001,39.790001,40.529999,38.210407,1710700
2021-03-16,39.820000,39.900002,38.669998,39.060001,36.824535,1823900
2021-03-17,39.169998,39.250000,37.689999,38.630001,36.419144,3532900
2021-03-18,38.349998,38.599998,35.910000,36.000000,33.939663,2875200
2021-03-19,36.340000,37.130001,35.740002,36.290001,34.213066,4101000
2021-03-22,36.049999,36.349998,35.020000,35.849998,33.798248,1981400
2021-03-23,34.860001,35.770000,34.000000,35.020000,33.015751,3482600
2021-03-24,35.900002,36.939999,35.619999,35.730000,33.685120,2287500
2021-03-25,34.900002,36.919998,34.240002,36.680000,34.580746,2070500
2021-03-26,37.610001,37.900002,35.950001,36.930000,34.816444,1953400
2021-03-29,36.279999,36.779999,35.599998,36.099998,34.033943,1177200
2021-03-30,35.900002,36.910000,35.900002,36.049999,33.986801,1508900
2021-03-31,35.910000,36.119999,35.340000,35.779999,33.732254,1605700
2021-04-01,35.980000,38.090000,35.840000,38.020000,35.844063,2845000
2021-04-05,37.930000,38.240002,36.720001,36.990002,34.873005,1847000
2021-04-06,37.119999,38.080002,36.639999,36.930000,34.816444,1316500
2021-04-07,36.810001,37.130001,36.279999,36.849998,34.741016,1283100
2021-04-08,36.509998,36.509998,35.320000,35.849998,33.798248,1912400
2021-04-09,35.919998,36.369999,35.110001,35.169998,33.157162,1451300
2021-04-12,35.320000,35.980000,34.549999,34.639999,32.657494,1835600
2021-04-13,34.500000,34.790001,34.290001,34.639999,32.657494,1523100
2021-04-14,35.180000,36.599998,35.009998,35.459999,33.430569,3295400
2021-04-15,35.340000,35.619999,34.480000,35.410000,33.383427,1516000
2021-04-16,35.680000,36.230000,34.869999,35.480000,33.449425,1641600
2021-04-19,35.549999,35.820000,34.520000,34.869999,32.874332,1493600
2021-04-20,34.660000,34.740002,33.060001,33.750000,31.818438,1481800
2021-04-21,33.259998,34.709999,33.099998,34.470001,32.497234,1228300
2021-04-22,34.570000,34.570000,33.259998,33.279999,31.375334,1869700
2021-04-23,33.480000,34.259998,33.090000,34.090000,32.138981,1971000
2021-04-26,34.090000,34.500000,33.910000,34.380001,32.412384,1051200
2021-04-27,34.389999,34.770000,34.009998,34.590000,32.610363,1193700
2021-04-28,34.779999,36.139999,34.689999,35.730000,33.685120,1994100
2021-04-29,36.340000,36.779999,35.400002,35.669998,33.628551,1500200
2021-04-30,35.230000,36.200001,34.830002,35.000000,32.996899,1811000
2021-05-03,35.549999,37.270000,35.500000,37.000000,34.882439,1696500
2021-05-04,36.939999,37.500000,36.099998,36.220001,34.147076,2320400
2021-05-05,33.400002,35.060001,33.400002,34.680000,32.695213,9163600
2021-05-06,34.830002,35.389999,34.209999,35.330002,33.308010,3166400
2021-05-07,34.919998,35.840000,34.349998,35.650002,33.609703,3825200
2021-05-10,36.049999,37.070000,35.060001,35.130001,33.119457,2569900
2021-05-11,34.380001,34.950001,33.820000,34.209999,32.252113,2393500
2021-05-12,34.660000,36.060001,34.230000,34.490002,32.516087,2504400
2021-05-13,34.139999,35.419998,33.470001,33.880001,31.940998,2467100
2021-05-14,34.349998,36.000000,34.349998,35.820000,33.769962,2373400
2021-05-17,35.529999,36.709999,35.330002,36.669998,34.571320,2086700
2021-05-18,36.680000,37.029999,35.610001,35.639999,33.600266,1716000
2021-05-19,34.680000,34.810001,33.740002,34.630001,32.648075,2129000
2021-05-20,33.950001,34.380001,33.490002,33.770000,31.837296,2749900
2021-05-21,34.299999,34.720001,33.840000,33.990002,32.044701,1857700
2021-05-24,34.270000,34.549999,33.680000,34.200001,32.242683,1255700
2021-05-25,34.040001,34.230000,32.740002,32.939999,31.054792,1912300
2021-05-26,33.000000,33.630001,32.549999,33.049999,31.158499,3574000
2021-05-27,33.060001,33.630001,32.750000,33.000000,31.111359,3825400
2021-05-28,32.000000,32.970001,31.709999,32.470001,30.611694,11026400
2021-06-01,33.240002,34.150002,33.119999,33.950001,32.006989,3080300
2021-06-02,34.320000,36.070000,33.869999,36.009998,33.949097,4177600
2021-06-03,35.709999,37.049999,34.799999,35.000000,32.996899,44093600
2021-06-04,35.389999,35.889999,34.750000,35.730000,33.685120,3644500
2021-06-07,35.910000,36.910000,35.799999,36.160000,34.090508,2637900
2021-06-08,35.650002,36.709999,35.450001,36.099998,34.033943,2104000
2021-06-09,36.389999,36.590000,35.250000,35.290001,33.270298,2775100
2021-06-10,35.980000,36.150002,34.540001,34.799999,32.808338,2239700
2021-06-11,35.369999,36.060001,34.680000,34.700001,32.714066,2916100
2021-06-14,35.080002,35.270000,33.639999,33.820000,31.884428,3453300
2021-06-15,34.009998,34.970001,33.990002,34.959999,32.959183,3134600
2021-06-16,34.740002,36.029999,34.540001,35.360001,33.336296,2714800
2021-06-17,35.349998,35.639999,33.619999,33.779999,31.846716,3567200
2021-06-18,33.150002,33.509998,32.480000,32.529999,30.668255,4504900
2021-06-21,32.779999,33.900002,32.709999,33.889999,31.950424,1799800
2021-06-22,33.740002,34.419998,33.220001,34.119999,32.167259,1276200
2021-06-23,34.450001,34.810001,33.779999,33.790001,31.856150,1784900
2021-06-24,34.080002,34.080002,33.410000,33.680000,31.752445,2405400
2021-06-25,34.020000,34.830002,33.730000,34.689999,32.704636,3970200
2021-06-28,34.349998,34.439999,32.470001,32.709999,30.837954,2837100
2021-06-29,32.810001,33.130001,32.480000,32.529999,30.668255,1980900
2021-06-30,32.709999,33.590000,32.619999,32.900002,31.017080,2829000
2021-07-01,33.669998,33.860001,32.689999,33.040001,31.149073,2355600
2021-07-02,33.000000,33.090000,32.250000,32.590000,30.724827,1711400
2021-07-06,32.419998,32.419998,30.850000,31.170000,29.386093,2829000
2021-07-07,30.980000,31.580000,30.100000,31.150000,29.367237,2903300
2021-07-08,30.299999,31.559999,30.240000,30.850000,29.084408,3339800
2021-07-09,31.420000,31.780001,30.920000,31.670000,29.857479,1998200
2021-07-12,31.100000,32.009998,30.730000,31.510000,29.706635,1552300
2021-07-13,31.180000,31.430000,30.670000,31.200001,29.414377,1459600
2021-07-14,30.570000,31.250000,29.920000,30.049999,28.330191,2439200
2021-07-15,29.570000,30.030001,29.340000,29.639999,27.943655,2681400
2021-07-16,30.040001,30.049999,28.709999,28.809999,27.161160,1915500
2021-07-19,27.670000,28.090000,27.170000,27.590000,26.010983,2541700
2021-07-20,27.590000,28.260000,27.280001,27.740000,26.152399,2149500
2021-07-21,28.299999,29.270000,28.190001,28.799999,27.151731,1762300
2021-07-22,28.500000,28.530001,27.740000,27.969999,26.369234,1486800
2021-07-23,28.000000,28.230000,27.670000,28.110001,26.501223,1319600
2021-07-26,28.209999,29.240000,28.209999,29.030001,27.368570,1236900
2021-07-27,29.129999,29.309999,28.559999,29.120001,27.453417,1601300
2021-07-28,29.330000,30.170000,28.990000,29.820000,28.113356,1529000
2021-07-29,30.350000,30.540001,29.450001,29.590000,27.896519,1682500
2021-07-30,29.250000,29.700001,28.980000,29.400000,27.717394,1352000
2021-08-02,29.570000,30.389999,28.910000,28.940001,27.283720,1489000
2021-08-03,28.180000,29.610001,27.830000,29.559999,27.868237,3423600
2021-08-04,28.610001,29.299999,28.059999,28.600000,26.963179,3091500
2021-08-05,29.090000,30.330000,28.889999,29.400000,27.717394,2337300
2021-08-06,30.010000,30.110001,28.930000,29.020000,27.359140,2276100
2021-08-09,28.469999,28.889999,27.980000,28.760000,27.114021,1989100
2021-08-10,29.000000,29.459999,28.730000,29.459999,27.773956,1843900
2021-08-11,29.750000,30.030001,29.200001,29.930000,28.217062,1697300
2021-08-12,30.250000,30.660000,29.680000,30.120001,28.396187,2335300
2021-08-13,30.090000,30.930000,30.070000,30.389999,28.650734,2882900
2021-08-16,29.920000,30.260000,29.549999,29.879999,28.169922,2400100
2021-08-17,29.510000,30.139999,29.389999,29.700001,28.000223,1592100
2021-08-18,29.760000,30.059999,28.809999,28.850000,27.198872,2095900
2021-08-19,28.270000,28.480000,27.830000,28.240000,26.623779,2159800
2021-08-20,27.920000,29.190001,27.760000,28.860001,27.208298,2495400
2021-08-23,29.740000,30.430000,29.700001,30.389999,28.650734,1774300
2021-08-24,30.700001,31.200001,30.520000,31.070000,29.291819,1460300
2021-08-25,31.240000,32.009998,30.950001,31.510000,29.706635,1371600
2021-08-26,31.000000,31.200001,30.360001,30.879999,29.112688,2358700
2021-08-27,31.200001,33.110001,31.200001,32.570000,30.705965,1960800
2021-08-30,32.820000,33.040001,32.029999,32.060001,30.225159,1562700
2021-08-31,31.799999,32.709999,31.639999,32.330002,30.479706,2003800
2021-09-01,32.389999,32.540001,30.959999,31.190001,29.404947,1622300
2021-09-02,31.730000,32.169998,31.260000,31.440001,29.640640,1375800
2021-09-03,31.500000,31.809999,30.530001,30.730000,28.971275,1508100
2021-09-07,30.690001,31.820000,30.639999,31.000000,29.225821,1365000
2021-09-08,31.129999,31.219999,30.200001,30.280001,28.547031,1321900
2021-09-09,29.980000,30.670000,29.500000,29.940001,28.226490,1689500
2021-09-10,30.480000,30.490000,29.360001,29.530001,27.839954,1125300
2021-09-13,30.000000,30.830000,29.950001,30.670000,28.914711,1375700
2021-09-14,31.129999,31.129999,30.030001,30.080000,28.358477,1329700
2021-09-15,30.500000,31.240000,30.299999,31.049999,29.272963,1573300
2021-09-16,31.120001,31.190001,30.459999,30.719999,28.961847,1606800
2021-09-17,30.580000,31.350000,30.549999,30.690001,28.933565,2740900
2021-09-20,29.600000,30.610001,29.299999,29.790001,28.085073,1617100
2021-09-21,30.160000,30.430000,29.350000,30.040001,28.320763,993000
2021-09-22,30.639999,32.529999,30.440001,31.920000,30.093168,2614500
2021-09-23,31.840000,32.650002,31.639999,32.340000,30.489134,1580300
2021-09-24,32.000000,32.529999,31.660000,32.310001,30.460848,778300
2021-09-27,33.180000,33.970001,32.990002,33.430000,31.516748,1339500
2021-09-28,33.849998,33.930000,32.990002,33.130001,31.233917,1899100
2021-09-29,33.209999,33.209999,32.500000,32.700001,30.828533,855700
2021-09-30,32.689999,33.450001,32.320000,33.130001,31.233917,1193600
2021-10-01,33.279999,34.349998,33.220001,33.910000,31.969282,1298300
2021-10-04,34.369999,35.080002,33.910000,34.259998,32.299244,2428400
2021-10-05,34.770000,34.919998,33.400002,34.070000,32.120117,1833700
2021-10-06,33.730000,35.209999,33.040001,34.689999,32.704636,2552400
2021-10-07,34.810001,35.009998,33.939999,34.270000,32.308678,1989900
2021-10-08,34.599998,35.070000,34.180000,34.689999,32.704636,1704800
2021-10-11,35.279999,35.349998,34.400002,34.439999,32.468952,1604400
2021-10-12,34.369999,35.410000,34.270000,35.160000,33.147739,1187500
2021-10-13,34.910000,35.330002,34.040001,35.220001,33.204308,1607500
2021-10-14,36.080002,36.840000,35.689999,36.810001,34.703312,1453800
2021-10-15,37.060001,37.480000,36.430000,36.439999,34.354481,1840300
2021-10-18,36.689999,37.279999,36.360001,36.709999,34.609024,1029800
2021-10-19,37.130001,37.680000,36.779999,37.529999,35.382099,1295700
2021-10-20,37.189999,37.919998,36.889999,37.389999,35.250111,2199000
2021-10-21,36.959999,37.630001,36.270000,36.570000,34.477043,1158600
2021-10-22,36.709999,36.849998,35.830002,36.540001,34.448765,983900
2021-10-25,36.820000,37.389999,36.730000,37.180000,35.052132,1304300
2021-10-26,37.150002,37.459999,36.119999,36.230000,34.156498,1447500
2021-10-27,35.529999,35.730000,33.970001,34.180000,32.223827,1882100
2021-10-28,34.099998,34.680000,33.560001,33.980000,32.035271,2022900
2021-10-29,34.150002,34.150002,33.270000,33.799999,31.865574,2266400
2021-11-01,34.209999,34.810001,34.029999,34.209999,32.252113,2135800
2021-11-02,33.900002,34.349998,33.529999,33.799999,31.865574,2203300
2021-11-03,33.529999,34.799999,33.169998,33.900002,31.959848,3042000
2021-11-04,34.669998,34.790001,32.060001,32.419998,30.564550,2489100
2021-11-05,33.000000,33.410000,32.599998,32.970001,31.083078,1923700
2021-11-08,33.400002,34.279999,33.180000,33.540001,31.620455,1632600
2021-11-09,33.520000,34.119999,33.340000,33.959999,32.016415,1377000
2021-11-10,33.959999,34.410000,33.349998,33.500000,31.582743,1622600
2021-11-11,33.470001,34.180000,33.270000,33.700001,31.771303,940400
2021-11-12,33.340000,34.700001,33.340000,34.570000,32.591503,1878500
2021-11-15,34.740002,35.070000,34.130001,34.599998,32.619785,1420900
2021-11-16,35.160000,35.240002,34.410000,34.660000,32.676353,1564800
2021-11-17,34.410000,34.470001,32.459999,32.540001,30.677687,2144500
2021-11-18,32.209999,32.779999,32.000000,32.540001,30.677687,1339300
2021-11-19,31.459999,32.000000,30.790001,31.190001,29.404947,1850000
2021-11-22,30.969999,32.470001,30.940001,31.910000,30.083742,1988100
2021-11-23,32.520000,33.630001,32.490002,33.290001,31.384764,1802100
2021-11-24,33.000000,34.160000,33.000000,33.959999,32.016415,1258200
2021-11-26,31.600000,32.049999,30.650000,31.730000,29.914043,1480700
2021-11-29,32.580002,32.939999,31.650000,31.980000,30.149736,1371800
2021-11-30,31.350000,32.520000,31.110001,32.320000,30.470276,2995800
2021-12-01,33.209999,34.360001,32.400002,32.410000,30.555128,3191400
2021-12-02,32.419998,33.860001,32.110001,33.470001,31.554464,2033200
2021-12-03,33.939999,34.290001,31.799999,32.169998,30.328859,1967100
2021-12-06,32.799999,33.810001,32.490002,33.360001,31.450758,1307800
2021-12-07,33.720001,35.060001,33.230000,33.470001,31.554464,2294400
2021-12-08,33.540001,33.849998,32.820000,32.919998,31.035934,1644300
2021-12-09,32.240002,32.720001,32.209999,32.520000,30.658831,1243800
2021-12-10,33.119999,33.150002,32.189999,33.110001,31.215069,1131100
2021-12-13,32.650002,32.900002,31.879999,32.000000,30.168589,1331400
2021-12-14,31.809999,33.009998,31.610001,31.740000,29.923471,1829100
2021-12-15,31.410000,32.060001,30.790001,31.930000,30.102596,1419100
2021-12-16,32.250000,32.549999,31.340000,31.459999,29.659492,1904700
2021-12-17,31.110001,32.110001,30.790001,31.980000,30.149736,3001800
2021-12-20,30.930000,31.520000,30.320000,31.420000,29.621786,1388600
2021-12-21,31.830000,32.560001,31.790001,32.360001,30.507986,1476000
2021-12-22,32.180000,32.549999,31.889999,32.119999,30.281723,894600
2021-12-23,32.439999,32.660000,32.060001,32.080002,30.244015,704600
2021-12-27,31.900000,32.470001,31.400000,32.459999,30.602262,943100
2021-12-28,32.720001,33.419998,32.500000,32.849998,30.969942,898100
2021-12-29,32.700001,33.450001,32.490002,33.080002,31.186785,769900
2021-12-30,33.139999,33.580002,32.650002,32.660000,30.790817,782800
2021-12-31,32.599998,33.040001,32.490002,32.779999,30.903950,690700
2022-01-03,33.250000,34.009998,32.959999,33.869999,31.931566,1346300
2022-01-04,34.419998,34.680000,32.959999,33.320000,31.413044,3430500
2022-01-05,33.660000,33.889999,32.950001,33.119999,31.224489,2324400
2022-01-06,33.910000,34.119999,32.570000,33.849998,31.912716,2597500
2022-01-07,34.049999,34.419998,33.450001,33.650002,31.724157,1575900
2022-01-10,33.759998,34.299999,33.360001,34.240002,32.280399,2401400
2022-01-11,34.580002,35.279999,34.209999,34.959999,32.959183,1551400
2022-01-12,34.759998,35.220001,34.509998,34.810001,32.817772,1418900
2022-01-13,34.930000,35.590000,34.779999,35.259998,33.242016,1554500
2022-01-14,35.220001,37.680000,35.220001,37.669998,35.514088,3231000
2022-01-18,38.189999,38.720001,37.209999,37.540001,35.391525,2296800
2022-01-19,38.009998,38.189999,36.919998,37.049999,34.929569,1755700
2022-01-20,36.709999,37.549999,35.380001,35.439999,33.411713,1600500
2022-01-21,35.070000,35.220001,33.759998,34.009998,32.063553,1791000
2022-01-24,33.490002,33.910000,32.279999,33.750000,31.818438,2215400
2022-01-25,33.529999,34.910000,32.759998,34.630001,32.648075,1774700
2022-01-26,35.200001,36.040001,34.080002,34.299999,32.336956,2408900
2022-01-27,35.209999,35.389999,33.880001,34.759998,32.770622,1862700
2022-01-28,34.400002,35.130001,34.169998,35.009998,33.006325,2179800
2022-01-31,34.910000,35.389999,34.169998,35.160000,33.147739,2048000
2022-02-01,34.820000,36.970001,34.650002,36.810001,34.703312,1744400
2022-02-02,36.889999,37.430000,36.279999,36.869999,34.759872,1586300
2022-02-03,36.950001,36.950001,35.919998,35.930000,33.873672,1221700
2022-02-04,36.150002,36.950001,35.820000,36.540001,34.448765,1459200
2022-02-07,36.200001,37.480000,36.200001,37.200001,35.070992,1263800
2022-02-08,36.930000,37.209999,36.029999,36.389999,34.307346,1823200
2022-02-09,36.490002,36.689999,36.020000,36.189999,34.118786,2035100
2022-02-10,35.860001,36.849998,35.740002,36.070000,34.005657,1812500
2022-02-11,36.380001,38.639999,36.090000,38.619999,36.409714,3345500
2022-02-14,38.070000,38.529999,37.500000,38.200001,36.013760,2429900
2022-02-15,37.320000,38.669998,36.900002,38.139999,35.957188,2100300
2022-02-16,38.610001,39.389999,36.529999,36.549999,34.458187,2084000
2022-02-17,36.340000,36.660000,35.900002,35.980000,33.920803,1383300
2022-02-18,35.459999,36.439999,35.200001,35.430000,33.402287,1461400
2022-02-22,36.480000,36.599998,34.119999,34.439999,32.468952,1981600
2022-02-23,32.950001,33.110001,30.450001,30.490000,28.745012,8366700
2022-02-24,30.360001,30.910000,29.200001,29.850000,28.141638,4312000
2022-02-25,30.059999,30.500000,29.139999,29.820000,28.113356,4358900
2022-02-28,29.420000,30.879999,29.420000,30.450001,28.707302,3668300
2022-03-01,30.730000,31.799999,29.690001,30.030001,28.311337,3813900
2022-03-02,30.379999,31.330000,30.230000,30.850000,29.084408,3144000
2022-03-03,30.590000,31.240000,29.410000,29.690001,27.990797,3598000
2022-03-04,29.580000,30.370001,29.270000,30.150000,28.424469,5343500
2022-03-07,30.750000,31.020000,29.190001,29.340000,27.660828,3809200
2022-03-08,30.410000,34.180000,30.410000,34.139999,32.186111,6952900
2022-03-09,32.799999,34.869999,32.529999,33.560001,31.639313,4081900
2022-03-10,33.840000,35.720001,33.040001,35.590000,33.553131,3806400
2022-03-11,35.480000,37.369999,35.110001,35.680000,33.637981,4027600
2022-03-14,35.230000,37.259998,35.049999,36.389999,34.307346,4784800
2022-03-15,38.500000,38.599998,34.169998,35.419998,33.392857,2201300
2022-03-16,34.250000,35.810001,34.250000,35.389999,33.364574,2062200
2022-03-17,35.599998,36.529999,35.049999,36.060001,33.996235,2893500
2022-03-18,35.860001,36.689999,35.320000,36.610001,34.514759,2969200
2022-03-21,36.959999,37.680000,36.119999,36.380001,34.297916,2184000
2022-03-22,36.349998,36.750000,35.630001,36.299999,34.222492,1847200
2022-03-23,37.040001,37.369999,36.439999,37.040001,34.920147,1711600
2022-03-24,37.110001,39.130001,37.000000,38.610001,36.400291,2140700
2022-03-25,38.630001,39.389999,38.509998,39.290001,37.041374,1464500
2022-03-28,38.820000,40.709999,38.320000,38.799999,36.579414,2698100
2022-03-29,38.000000,39.450001,37.509998,39.130001,36.890530,1855600
2022-03-30,39.630001,40.630001,39.369999,39.650002,37.380775,1897800
2022-03-31,39.150002,40.470001,39.150002,39.849998,37.569321,2156800
2022-04-01,39.950001,40.480000,39.000000,39.889999,37.607033,1524000
2022-04-04,39.930000,40.169998,39.049999,39.220001,36.975380,1615200
2022-04-05,39.380001,39.549999,38.599998,38.779999,36.560558,2616900
2022-04-06,38.680000,39.189999,38.049999,39.000000,36.767971,2086400
2022-04-07,39.060001,39.480000,37.290001,38.090000,35.910053,2103100
2022-04-08,38.459999,39.310001,38.070000,38.919998,36.692547,1690500
2022-04-11,38.720001,38.720001,37.730000,38.009998,35.834625,1472800
2022-04-12,38.259998,38.869999,36.980000,36.990002,34.873005,2118300
2022-04-13,37.189999,38.770000,36.950001,38.520000,36.315445,1464700
2022-04-14,38.299999,38.650002,37.240002,38.150002,35.966618,1764300
2022-04-18,39.060001,40.240002,38.250000,40.150002,37.852154,1937600
2022-04-19,40.080002,40.950001,39.750000,40.000000,37.710743,1621800
2022-04-20,40.000000,40.610001,39.029999,40.529999,38.210407,1270600
2022-04-21,41.250000,41.450001,38.419998,38.509998,36.306011,1414700
2022-04-22,38.330002,38.820000,37.730000,37.930000,35.759209,1194400
2022-04-25,36.930000,37.230000,34.900002,36.759998,34.656162,1710500
2022-04-26,36.880001,37.919998,36.419998,36.529999,34.439331,1415000
2022-04-27,36.250000,37.400002,35.540001,36.750000,34.646744,1402300
2022-04-28,36.610001,39.110001,36.509998,38.459999,36.258877,1759600
2022-04-29,38.720001,39.340000,37.869999,38.020000,35.844063,1694300
2022-05-02,37.790001,39.340000,37.790001,38.990002,36.758545,1533100
2022-05-03,38.849998,41.070000,38.849998,40.700001,38.370678,1867200
2022-05-04,41.360001,43.299999,40.889999,42.970001,40.510761,1730600
2022-05-05,43.290001,43.290001,40.900002,42.220001,39.803688,1489000
2022-05-06,42.799999,42.840000,41.150002,42.680000,40.237358,2114000
2022-05-09,43.930000,46.389999,41.779999,42.290001,39.869678,4783600
2022-05-10,43.029999,45.419998,41.669998,43.779999,41.274403,3652100
2022-05-11,45.660000,46.220001,44.750000,45.040001,42.462296,2983000
2022-05-12,45.209999,45.230000,43.590000,45.060001,42.481148,2508800
2022-05-13,45.759998,47.580002,45.709999,46.860001,44.178131,2170400
2022-05-16,47.599998,48.279999,46.849998,47.160000,44.460960,2826100
2022-05-17,48.290001,48.290001,45.840000,47.180000,44.479816,2722500
2022-05-18,47.540001,47.549999,46.209999,46.939999,44.253551,2115400
2022-05-19,45.939999,46.919998,44.740002,46.360001,43.706749,2106200
2022-05-20,46.169998,46.650002,45.340000,46.470001,44.191746,1629900
2022-05-23,46.980000,47.369999,45.650002,46.889999,44.591156,2006300
2022-05-24,46.810001,47.480000,45.660000,47.439999,45.114189,2345100
2022-05-25,47.750000,49.509998,47.669998,49.419998,46.997112,2453500
2022-05-26,49.580002,49.820000,48.029999,48.830002,46.436039,2264500
2022-05-27,48.959999,50.049999,48.439999,49.849998,47.406029,2004900
2022-05-31,50.500000,50.930000,48.790001,49.099998,46.692802,2433100
2022-06-01,49.480000,51.200001,49.080002,50.480000,48.005146,1889900
2022-06-02,50.250000,51.750000,49.880001,51.509998,48.984642,2515100
2022-06-03,51.750000,53.049999,51.619999,52.840000,50.249443,2461500
2022-06-06,53.000000,54.540001,52.810001,54.279999,51.618847,2903700
2022-06-07,54.320000,57.590000,54.279999,57.549999,54.728535,3551500
2022-06-08,57.400002,58.189999,56.900002,57.349998,54.538334,2820400
2022-06-09,57.130001,58.500000,57.110001,57.459999,54.642944,1832300
2022-06-10,57.240002,57.639999,56.330002,56.369999,53.606377,2555400
2022-06-13,55.049999,55.290001,52.860001,53.099998,50.496696,2881600
2022-06-14,54.639999,55.509998,51.799999,52.709999,50.125816,2708600
2022-06-15,52.349998,52.590000,50.400002,51.570000,49.041706,2433900
2022-06-16,50.290001,50.799999,47.189999,47.770000,45.428009,3684000
2022-06-17,47.820000,48.650002,44.290001,45.000000,42.793808,6787500
2022-06-21,46.520000,47.770000,46.060001,47.169998,44.857426,2750500
2022-06-22,45.150002,46.029999,44.509998,44.750000,42.556072,2659100
2022-06-23,45.310001,45.639999,42.200001,42.660000,40.568535,3085500
2022-06-24,43.340000,45.250000,42.910000,43.490002,41.357845,3534100
2022-06-27,44.290001,46.759998,43.689999,46.349998,44.077625,2698500
2022-06-28,47.369999,48.240002,46.459999,47.509998,45.180752,2609600
2022-06-29,47.689999,48.380001,45.369999,46.209999,43.944485,2331100
2022-06-30,44.619999,46.070000,44.220001,45.160000,42.945965,2853600
2022-07-01,45.639999,46.130001,44.169998,45.650002,43.411942,1589000
2022-07-05,44.349998,44.500000,42.540001,43.810001,41.662159,3124600
2022-07-06,43.290001,43.880001,41.230000,43.880001,41.728722,4349400
2022-07-07,45.139999,46.160000,45.049999,45.720001,43.478516,2205900
2022-07-08,46.540001,46.540001,45.139999,45.650002,43.411942,1820800
2022-07-11,45.060001,46.380001,44.900002,45.669998,43.430965,1476100
2022-07-12,44.799999,45.549999,44.330002,45.250000,43.031555,1687700
2022-07-13,44.380001,45.360001,43.349998,43.570000,41.433918,2337400
2022-07-14,42.119999,42.930000,41.259998,42.580002,40.492458,1708200
2022-07-15,43.610001,44.200001,42.939999,44.160000,41.994995,1747200
2022-07-18,45.029999,45.730000,44.669998,44.939999,42.736752,1826500
2022-07-19,44.740002,46.259998,44.740002,46.099998,43.839878,1236100
2022-07-20,45.480000,46.080002,44.720001,45.860001,43.611645,1549600
2022-07-21,44.220001,44.380001,42.270000,43.840000,41.690685,1465900
2022-07-22,44.110001,44.709999,43.220001,43.439999,41.310291,1590300
2022-07-25,44.209999,45.349998,43.880001,45.320000,43.098122,1466100
2022-07-26,45.900002,46.150002,44.990002,45.650002,43.411942,1101500
2022-07-27,45.669998,47.720001,45.669998,47.500000,45.171246,1556300
2022-07-28,48.279999,48.799999,46.060001,46.730000,44.438995,1554000
2022-07-29,47.450001,48.439999,47.040001,47.820000,45.475555,1818000
2022-08-01,46.770000,47.790001,45.869999,47.410000,45.085655,1377100
2022-08-02,47.639999,49.169998,47.430000,48.709999,46.321926,1903200
2022-08-03,49.119999,49.650002,47.150002,47.349998,45.028603,1328200
2022-08-04,47.029999,47.310001,45.310001,45.369999,43.145668,1858500
2022-08-05,44.779999,46.770000,44.340000,46.299999,44.030075,1619700
2022-08-08,46.900002,47.650002,45.970001,47.150002,44.838409,1728700
2022-08-09,47.660000,49.340000,47.660000,49.290001,46.873489,1479500
2022-08-10,49.310001,50.560001,48.509998,49.820000,47.377502,1936500
2022-08-11,50.490002,50.910000,49.400002,50.639999,48.157299,1419300
2022-08-12,50.689999,51.709999,50.439999,51.630001,49.098763,1217400
2022-08-15,49.799999,50.910000,48.540001,50.810001,48.318966,1402400
2022-08-16,51.400002,51.689999,50.160000,50.750000,48.261913,1139400
2022-08-17,50.110001,52.740002,50.110001,52.040001,49.881821,1404600
2022-08-18,53.049999,54.200001,52.720001,52.889999,50.696571,2072800
2022-08-19,52.660000,53.150002,52.299999,52.650002,50.466522,945300
2022-08-22,52.040001,52.980000,51.270000,52.520000,50.341915,1119600
2022-08-23,53.099998,54.250000,52.820000,53.340000,51.127914,1608400
2022-08-24,53.709999,54.560001,52.720001,53.549999,51.329201,1704600
2022-08-25,53.790001,55.189999,53.639999,55.189999,52.901192,1300000
2022-08-26,55.250000,56.000000,54.080002,54.340000,52.086437,1155700
2022-08-29,54.509998,56.299999,54.360001,55.150002,52.862850,1319200
2022-08-30,54.180000,54.180000,52.439999,53.500000,51.281273,1626800
2022-08-31,52.840000,54.119999,52.209999,52.630001,50.447353,2836200
2022-09-01,52.009998,52.080002,50.250000,51.099998,48.980804,1915500
2022-09-02,52.480000,54.150002,52.009998,53.490002,51.271690,1748100
2022-09-06,54.189999,54.590000,52.849998,53.029999,50.830765,2082800
2022-09-07,51.990002,53.369999,51.070000,52.799999,50.610306,1838900
2022-09-08,53.040001,53.520000,52.049999,52.490002,50.313164,1346800
2022-09-09,53.610001,53.680000,52.599998,53.130001,50.926620,1299000
2022-09-12,53.959999,54.029999,52.580002,53.270000,51.060814,1488900
2022-09-13,52.570000,53.490002,51.660000,51.820000,49.670944,1584900
2022-09-14,52.619999,53.720001,51.580002,52.000000,49.843483,1850100
2022-09-15,51.020000,51.150002,49.119999,50.860001,48.750759,1790900
2022-09-16,50.689999,50.689999,47.980000,49.490002,47.437576,5185800
2022-09-19,48.020000,50.700001,47.779999,50.480000,48.386520,1905200
2022-09-20,50.040001,52.470001,50.040001,52.080002,49.920166,1703400
2022-09-21,52.070000,52.480000,50.500000,50.509998,48.415272,1847700
2022-09-22,51.209999,53.029999,51.209999,52.259998,50.092697,2101300
2022-09-23,50.380001,50.610001,48.400002,49.200001,47.159599,2381700
2022-09-26,48.580002,49.410000,47.419998,47.709999,45.731396,1989500
2022-09-27,48.669998,51.349998,48.639999,50.610001,48.511127,1622300
2022-09-28,51.029999,54.459999,51.009998,54.250000,52.000172,2020300
2022-09-29,53.750000,53.830002,52.299999,53.540001,51.319618,1477900
2022-09-30,52.919998,55.090000,52.590000,53.840000,51.607170,2035200
2022-10-03,55.840000,56.340000,54.049999,55.650002,53.342117,2622400
2022-10-04,56.779999,58.639999,56.759998,58.240002,55.824699,3405700
2022-10-05,58.250000,58.250000,55.900002,57.720001,55.326263,2266200
2022-10-06,57.139999,57.610001,55.470001,57.340000,54.962021,2587400
2022-10-07,57.310001,57.610001,54.900002,55.540001,53.236675,1889400
2022-10-10,55.799999,56.340000,54.480000,54.939999,52.661549,1658900
2022-10-11,53.930000,55.110001,53.349998,54.400002,52.143948,1648300
2022-10-12,54.000000,55.959999,53.110001,55.560001,53.255840,1576800
2022-10-13,55.259998,58.639999,54.930000,57.980000,55.575485,1927800
2022-10-14,57.720001,58.779999,56.099998,56.220001,53.888470,1733300
2022-10-17,57.250000,58.099998,55.919998,56.389999,54.051422,1703700
2022-10-18,56.950001,58.070000,56.209999,58.049999,55.642578,1887400
2022-10-19,58.299999,60.119999,57.730000,59.740002,57.262497,2149200
2022-10-20,60.270000,61.110001,58.849998,59.240002,56.783230,1611200
2022-10-21,59.610001,59.980000,58.400002,59.270000,56.811985,1270900
2022-10-24,59.250000,60.080002,58.599998,58.939999,56.495667,1313100
2022-10-25,58.599998,59.970001,57.470001,59.840000,57.358345,1747800
2022-10-26,59.900002,60.849998,59.470001,60.029999,57.540462,1282700
2022-10-27,61.169998,62.770000,61.119999,61.439999,58.891987,1410700
2022-10-28,62.000000,62.570000,60.230000,61.500000,58.949497,1289800
2022-10-31,60.720001,62.029999,60.240002,61.169998,58.633183,1841700
2022-11-01,62.090000,62.509998,60.660000,62.040001,59.467110,2036900
2022-11-02,61.830002,62.810001,60.400002,60.950001,58.422314,1489600
2022-11-03,60.419998,63.500000,59.770000,63.180000,60.559834,1552000
2022-11-04,64.309998,64.739998,62.599998,63.090000,60.473557,1820000
2022-11-07,63.259998,64.300003,62.740002,63.470001,60.837803,3147700
2022-11-08,64.099998,64.099998,62.160000,62.639999,60.042229,1579100
2022-11-09,62.290001,63.930000,60.529999,60.560001,58.048485,1748700
2022-11-10,61.570000,61.990002,60.380001,61.840000,59.275406,2094900
2022-11-11,63.380001,64.209999,61.730000,62.049999,59.476692,1827000
2022-11-14,62.299999,63.830002,61.880001,62.820000,60.214756,2236500
2022-11-15,63.349998,65.989998,63.200001,65.540001,62.821957,2218100
2022-11-16,65.010002,65.639999,64.230003,64.510002,61.834675,1562900
2022-11-17,63.610001,65.209999,63.070000,65.180000,62.476894,1386700
2022-11-18,63.520000,63.950001,62.110001,63.720001,61.454571,1120100
2022-11-21,63.860001,63.900002,61.110001,63.320000,61.068794,1541100
2022-11-22,64.300003,65.750000,64.139999,65.610001,63.277378,1665100
2022-11-23,64.580002,65.599998,64.309998,64.599998,62.303280,1708200
2022-11-25,64.660004,66.190002,64.610001,64.790001,62.486530,977500
2022-11-28,63.549999,64.820000,62.900002,63.340000,61.088081,3145600
2022-11-29,63.669998,64.849998,62.549999,62.599998,60.374390,2269200
2022-11-30,63.169998,63.790001,60.150002,62.340000,60.123634,14901200
2022-12-01,63.040001,63.580002,60.740002,60.840000,58.676968,2440800
2022-12-02,60.650002,61.180000,56.330002,56.419998,54.414104,4431100
2022-12-05,57.070000,57.480000,52.470001,52.490002,50.623833,3616800
2022-12-06,51.880001,53.230000,50.650002,51.290001,49.466496,2695300
2022-12-07,50.930000,51.889999,50.470001,51.180000,49.360405,2000300
2022-12-08,51.900002,52.259998,49.540001,49.740002,47.971600,2584300
2022-12-09,49.299999,50.000000,48.639999,48.720001,46.987862,2031800
2022-12-12,49.000000,51.130001,48.470001,50.840000,49.032490,2818900
2022-12-13,51.560001,51.869999,50.009998,51.000000,49.186802,2441800
2022-12-14,51.400002,51.930000,50.430000,50.630001,48.829960,1773500
2022-12-15,50.490002,51.130001,50.029999,51.130001,49.312183,2238000
2022-12-16,50.200001,50.889999,49.419998,50.759998,48.955338,6157700
2022-12-19,51.070000,51.639999,49.270000,49.730000,47.961952,1841600
2022-12-20,50.119999,50.590000,49.950001,50.259998,48.473110,2070500
2022-12-21,51.040001,51.490002,49.490002,50.349998,48.559914,1842800
2022-12-22,50.139999,50.349998,48.439999,49.099998,47.354355,1473700
2022-12-23,49.660000,50.959999,49.200001,50.880001,49.071072,1198900
2022-12-27,50.799999,51.200001,50.439999,50.930000,49.119289,1916900
2022-12-28,50.509998,50.810001,48.830002,48.930000,47.190399,1990500
2022-12-29,48.950001,51.810001,48.919998,51.500000,49.669025,2508800
2022-12-30,51.150002,52.189999,51.099998,51.889999,50.045162,1388100
2023-01-03,51.410000,52.130001,49.220001,49.650002,47.884804,1922800
2023-01-04,48.660000,50.290001,48.439999,50.200001,48.415249,2296400
2023-01-05,49.860001,51.439999,49.040001,50.580002,48.781738,2971000
2023-01-06,51.169998,53.500000,50.770000,50.900002,49.090359,1801100
2023-01-09,52.029999,52.430000,49.619999,50.160000,48.376667,2284400
2023-01-10,51.240002,51.919998,49.939999,51.700001,49.861919,2541700
2023-01-11,51.970001,52.299999,51.230000,51.580002,49.746181,1589400
2023-01-12,51.910000,52.820000,51.599998,52.119999,50.266983,1693900
2023-01-13,52.160000,52.529999,51.369999,52.009998,50.160896,1545700
2023-01-17,52.410000,53.180000,51.830002,52.400002,50.537033,1914900
2023-01-18,52.689999,54.660000,52.230000,53.349998,51.453255,2946800
2023-01-19,53.330002,55.180000,53.029999,54.910000,52.957794,1970400
2023-01-20,54.990002,56.970001,54.860001,56.930000,54.905975,2552200
2023-01-23,57.549999,58.849998,57.220001,57.830002,55.773979,1872700
2023-01-24,57.900002,58.480000,56.610001,58.400002,56.323711,1583100
2023-01-25,58.110001,58.480000,56.849998,57.490002,55.446068,1355900
2023-01-26,57.959999,59.400002,57.470001,59.180000,57.075985,1845700
2023-01-27,59.250000,59.320000,56.630001,56.959999,54.934910,1828900
2023-01-30,56.669998,57.290001,55.720001,55.919998,53.931881,1878500
2023-01-31,56.209999,57.230000,55.840000,56.900002,54.877045,2041400
2023-02-01,56.689999,57.209999,53.820000,54.650002,52.707039,2336500
2023-02-02,54.529999,54.810001,52.980000,54.049999,52.128368,1899200
2023-02-03,53.970001,54.900002,53.000000,53.150002,51.260365,1595200
2023-02-06,53.060001,53.730000,51.070000,52.400002,50.537033,2285200
2023-02-07,52.759998,54.639999,52.619999,54.619999,52.678101,1778000
2023-02-08,54.330002,54.599998,52.020000,53.110001,51.221786,1746800
2023-02-09,53.080002,53.250000,52.130001,52.330002,50.469524,1845900
2023-02-10,53.070000,55.509998,52.919998,55.430000,53.459305,2074200
2023-02-13,55.250000,55.330002,54.470001,55.049999,53.092812,1238800
2023-02-14,54.660000,55.759998,54.450001,55.360001,53.391792,1435900
2023-02-15,54.799999,54.990002,53.689999,54.500000,52.562366,1409300
2023-02-16,54.610001,55.220001,53.610001,53.810001,51.896900,1728800
2023-02-17,52.959999,53.169998,51.470001,52.299999,50.440586,1722900
2023-02-21,52.230000,53.220001,52.169998,52.770000,50.893879,2292600
2023-02-22,52.439999,53.650002,52.040001,52.700001,50.826363,1589300
2023-02-23,53.320000,54.110001,52.830002,53.340000,51.443615,1678400
2023-02-24,50.799999,50.820000,47.500000,50.349998,48.559914,5283000
2023-02-27,50.400002,51.580002,49.529999,51.049999,49.235027,3391500
2023-02-28,51.509998,51.700001,49.599998,49.720001,47.952312,3235200
2023-03-01,49.650002,51.630001,49.459999,51.509998,49.678665,4467500
2023-03-02,50.669998,52.139999,50.220001,52.080002,50.228409,2522900
2023-03-03,52.540001,53.990002,51.200001,53.560001,51.655788,2110600
2023-03-06,52.970001,53.230000,51.660000,52.099998,50.673443,2008600
2023-03-07,52.139999,52.480000,51.090000,51.910000,50.488644,1728900
2023-03-08,51.750000,52.070000,49.509998,50.290001,48.913002,2621600
2023-03-09,50.540001,52.040001,49.580002,49.840000,48.475323,2357300
2023-03-10,50.290001,51.020000,48.980000,49.270000,47.920929,2411000
2023-03-13,47.720001,48.330002,46.389999,46.669998,45.392124,2634000
2023-03-14,47.259998,48.580002,46.270000,47.060001,45.771450,2078100
2023-03-15,45.439999,46.049999,44.220001,45.119999,43.884560,3027400
2023-03-16,45.049999,47.480000,44.060001,47.380001,46.082684,3791300
2023-03-17,47.380001,47.840000,46.619999,47.189999,45.897884,7624700
2023-03-20,47.610001,49.549999,47.500000,49.139999,47.794491,3539100
2023-03-21,50.340000,50.470001,48.750000,49.189999,47.843121,3528200
2023-03-22,49.000000,50.740002,49.000000,49.139999,47.794491,2542900
2023-03-23,49.470001,50.209999,47.689999,48.220001,46.899685,2393300
2023-03-24,46.970001,48.000000,46.470001,47.599998,46.296661,2644300
2023-03-27,48.080002,49.419998,47.340000,48.900002,47.561069,2075900
2023-03-28,48.950001,50.000000,48.630001,49.779999,48.416965,1955300
2023-03-29,50.369999,50.779999,48.509998,49.139999,47.794491,2219500
2023-03-30,49.700001,49.700001,48.750000,49.310001,47.959843,1619200
2023-03-31,48.650002,48.889999,47.580002,48.380001,47.055302,4163600
2023-04-03,50.330002,50.330002,47.939999,48.689999,47.356812,5847000
2023-04-04,48.439999,48.570000,44.650002,44.779999,43.553871,4293800
2023-04-05,44.740002,46.860001,44.549999,46.630001,45.353218,3348800
2023-04-06,46.930000,47.119999,46.110001,46.250000,44.983624,2136100
2023-04-10,46.000000,47.430000,46.000000,46.779999,45.499111,1331000
2023-04-11,47.000000,48.080002,46.830002,47.959999,46.646801,1618500
2023-04-12,48.160000,48.160000,46.250000,46.340000,45.071159,2835800
2023-04-13,45.919998,46.650002,44.680000,46.369999,45.100338,1943700
2023-04-14,46.570000,46.959999,45.720001,46.439999,45.168423,1517000
2023-04-17,46.160000,46.369999,45.130001,45.540001,44.293068,1605900
2023-04-18,45.110001,45.680000,44.700001,45.500000,44.254158,1575500
2023-04-19,45.009998,45.299999,44.340000,45.250000,44.011002,2080500
2023-04-20,44.599998,45.310001,44.500000,45.090000,43.855385,2106200
2023-04-21,45.529999,45.529999,44.090000,44.330002,43.116196,1387800
2023-04-24,44.230000,45.549999,44.080002,45.139999,43.904015,1940600
2023-04-25,44.619999,44.840000,43.490002,43.799999,42.600708,1722800
2023-04-26,43.889999,44.320000,43.180000,43.599998,42.406185,2078300
2023-04-27,43.680000,44.070000,42.720001,42.990002,41.812889,2424700
2023-04-28,42.880001,44.279999,42.459999,44.110001,42.902222,3104300
2023-05-01,43.990002,44.450001,43.410000,43.860001,42.659065,2503400
2023-05-02,43.500000,43.570000,41.029999,41.630001,40.490128,2854100
2023-05-03,41.720001,42.540001,40.419998,41.910000,40.762459,6530700
2023-05-04,40.270000,40.799999,37.810001,38.259998,37.212395,6059400
2023-05-05,39.169998,39.389999,37.119999,38.380001,37.329117,3809800
2023-05-08,39.240002,39.779999,38.860001,39.029999,37.961315,2424800
2023-05-09,38.660000,39.980000,38.490002,39.369999,38.292004,2947800
2023-05-10,39.520000,40.830002,39.000000,40.500000,39.391068,3202600
2023-05-11,39.750000,40.439999,39.709999,40.110001,39.011745,2194100
2023-05-12,40.700001,40.770000,39.720001,40.049999,38.953384,1572400
2023-05-15,40.150002,40.900002,39.820000,40.250000,39.147911,3218700
2023-05-16,40.200001,40.380001,39.080002,39.389999,38.311455,2185000
2023-05-17,39.459999,40.880001,39.169998,40.540001,39.885632,2483100
2023-05-18,40.320000,41.830002,40.119999,41.779999,41.105614,2492300
2023-05-19,42.169998,42.290001,41.220001,41.349998,40.682560,2076700
2023-05-22,41.669998,42.650002,41.349998,42.299999,41.617222,2808000
2023-05-23,42.860001,44.000000,42.259998,43.130001,42.433830,4202800
2023-05-24,43.320000,43.880001,42.610001,43.509998,42.807690,2353200
2023-05-25,42.799999,43.110001,42.000000,42.840000,42.148506,2087600
2023-05-26,43.180000,43.299999,42.360001,42.939999,42.246891,2499400
2023-05-30,42.150002,42.790001,41.730000,42.389999,41.705772,1640600
2023-05-31,41.580002,41.919998,41.110001,41.439999,40.771107,4757100
2023-06-01,41.759998,42.330002,41.090000,41.320000,40.653046,2232100
2023-06-02,42.320000,43.529999,42.009998,43.259998,42.561726,2272600
2023-06-05,43.610001,43.750000,42.090000,43.090000,42.394474,2434300
2023-06-06,42.720001,44.119999,42.529999,43.930000,43.220913,2848700
2023-06-07,44.250000,46.099998,43.930000,46.040001,45.296856,2200500
2023-06-08,46.040001,46.209999,44.889999,45.830002,45.090244,2709100
2023-06-09,46.040001,46.040001,45.070000,45.820000,45.080406,1618100
2023-06-12,44.790001,45.900002,44.790001,45.750000,45.011536,1459800
2023-06-13,46.189999,46.779999,45.389999,45.400002,44.667191,1450900
2023-06-14,45.860001,46.049999,43.980000,44.599998,43.880096,1594800
2023-06-15,44.599998,45.790001,44.529999,45.709999,44.972179,2782000
2023-06-16,45.849998,46.240002,45.520000,46.000000,45.257504,3655400
2023-06-20,45.880001,45.880001,44.360001,44.490002,43.771877,1875700
2023-06-21,43.599998,44.889999,43.419998,44.540001,43.821068,1567400
2023-06-22,43.939999,44.169998,42.490002,42.549999,41.863190,2336200
2023-06-23,42.080002,43.230000,42.000000,42.500000,41.813999,3003600
2023-06-26,42.580002,43.180000,42.080002,42.810001,42.118992,2666700
2023-06-27,42.919998,43.759998,42.340000,43.619999,42.915916,2406600
2023-06-28,43.599998,44.000000,43.160000,43.900002,43.191399,1892600
2023-06-29,44.040001,44.630001,43.790001,44.470001,43.752197,1516000
2023-06-30,44.770000,44.810001,44.090000,44.610001,43.889938,1623200
2023-07-03,44.980000,45.380001,44.580002,44.700001,43.978489,696700
2023-07-05,45.009998,45.200001,44.450001,44.740002,44.017841,1463900
2023-07-06,44.200001,44.779999,43.290001,44.669998,43.948967,1654800
2023-07-07,44.650002,46.450001,44.650002,45.759998,45.021374,2168200
2023-07-10,45.590000,46.029999,45.209999,45.270000,44.539288,1317800
2023-07-11,45.500000,46.919998,45.450001,46.779999,46.024910,2110500
2023-07-12,47.349998,47.639999,46.130001,46.439999,45.690399,1703700
2023-07-13,46.740002,47.139999,46.250000,47.020000,46.261040,1375300
2023-07-14,46.750000,46.770000,45.720001,46.209999,45.464111,1771200
2023-07-17,46.169998,46.419998,45.630001,46.060001,45.316536,1394300
2023-07-18,46.459999,47.540001,46.279999,46.580002,45.828144,1396100
2023-07-19,46.790001,47.500000,46.549999,47.400002,46.634903,1142700
2023-07-20,47.950001,48.490002,47.730000,48.340000,47.559731,1715700
2023-07-21,48.599998,49.220001,48.299999,48.959999,48.169724,1679800
2023-07-24,49.459999,51.160000,49.250000,50.279999,49.468414,2731500
2023-07-25,50.060001,50.610001,49.459999,49.900002,49.094555,1911700
2023-07-26,49.599998,51.240002,49.599998,50.900002,50.078411,1953700
2023-07-27,51.139999,51.419998,50.340000,50.689999,49.871799,1613000
2023-07-28,51.110001,51.630001,50.709999,51.599998,50.767109,2017100
2023-07-31,51.919998,52.599998,51.840000,52.090000,51.249199,1693900
2023-08-01,51.889999,52.639999,51.750000,52.330002,51.485329,1689000
2023-08-02,52.259998,52.639999,51.389999,51.619999,50.786789,2721900
2023-08-03,52.060001,53.310001,50.790001,53.040001,52.183868,4269000
2023-08-04,53.540001,55.669998,53.230000,54.939999,54.053196,2875600
2023-08-07,55.119999,56.549999,54.970001,56.380001,55.469959,2830300
2023-08-08,55.939999,57.490002,55.700001,57.419998,56.493168,1967400
2023-08-09,57.490002,59.160000,57.279999,58.709999,57.762344,2276000
2023-08-10,58.970001,59.470001,58.169998,58.220001,57.280258,1819500
2023-08-11,58.310001,59.610001,58.290001,59.340000,58.382179,1723200
2023-08-14,58.950001,58.990002,57.799999,57.950001,57.014618,1492600
2023-08-15,56.849998,56.869999,55.540001,56.220001,55.312542,2221700
2023-08-16,56.180000,58.509998,55.959999,56.650002,56.185322,4344400
2023-08-17,57.250000,57.529999,56.610001,56.740002,56.274582,1833000
2023-08-18,56.130001,57.880001,56.070000,57.610001,57.137444,2236500
2023-08-21,57.599998,57.830002,56.130001,56.840000,56.373760,1921300
2023-08-22,56.740002,57.310001,56.400002,56.549999,56.086140,1802500
2023-08-23,56.060001,56.240002,54.770000,55.360001,54.905899,2113500
2023-08-24,55.150002,56.310001,55.110001,56.029999,55.570404,1626700
2023-08-25,56.119999,57.810001,55.990002,57.099998,56.631626,2106200
2023-08-28,56.900002,57.410000,56.180000,56.459999,55.996876,1549900
2023-08-29,56.480000,56.669998,55.849998,56.290001,55.828274,1527500
2023-08-30,56.310001,56.580002,55.680000,55.770000,55.312538,1546200
2023-08-31,55.709999,55.709999,54.770000,55.090000,54.638115,2462400
2023-09-01,56.090000,57.480000,55.720001,56.880001,56.413433,1872200
2023-09-05,57.310001,58.139999,56.509998,57.220001,56.750645,2076100
2023-09-06,56.990002,57.599998,56.099998,57.250000,56.780396,1792300
2023-09-07,57.400002,58.619999,57.400002,58.389999,57.911045,2269100
2023-09-08,59.200001,61.240002,58.419998,60.990002,60.489719,2780100
2023-09-11,61.580002,62.200001,60.570000,61.209999,60.707912,2895200
2023-09-12,61.080002,61.919998,60.820000,61.310001,60.807095,1717100
2023-09-13,61.619999,61.770000,60.529999,60.970001,60.469883,1812700
2023-09-14,61.560001,61.740002,60.090000,60.200001,59.706200,1905700
2023-09-15,59.560001,59.950001,58.820000,59.259998,58.773907,6852400
2023-09-18,60.299999,61.310001,59.680000,60.349998,59.854969,1958400
2023-09-19,60.730000,60.779999,58.599998,59.080002,58.595387,1824000
2023-09-20,58.779999,59.720001,58.480000,58.520000,58.039982,1717300
2023-09-21,59.480000,61.570000,59.060001,59.259998,58.773907,2672000
2023-09-22,59.660000,60.020000,57.490002,57.580002,57.107693,2429000
2023-09-25,57.509998,58.610001,57.169998,57.889999,57.415146,1915400
2023-09-26,56.889999,57.310001,56.380001,56.820000,56.353924,1619900
2023-09-27,57.290001,58.000000,56.759998,57.520000,57.048183,2478500
2023-09-28,57.419998,58.840000,57.419998,58.630001,58.149078,1808500
2023-09-29,58.509998,58.779999,56.619999,56.930000,56.463020,2148700
2023-10-02,57.290001,57.389999,55.639999,56.400002,55.937370,1681900
2023-10-03,55.230000,55.560001,53.029999,54.150002,53.705826,2289700
2023-10-04,53.419998,53.580002,51.250000,52.250000,51.821411,3078600
2023-10-05,51.889999,52.900002,51.810001,52.549999,52.118950,1734600
2023-10-06,53.049999,53.049999,51.930000,52.070000,51.642887,1779200
2023-10-09,52.919998,53.400002,51.830002,52.990002,52.555344,1732500
2023-10-10,52.910000,54.480000,52.650002,54.259998,53.814922,1631800
2023-10-11,53.700001,54.230000,52.889999,54.090000,53.646317,1204200
2023-10-12,54.340000,54.340000,52.549999,53.450001,53.011566,1473400
2023-10-13,54.259998,54.490002,53.480000,53.590000,53.150417,1277100
2023-10-16,54.369999,55.160000,54.009998,54.990002,54.538937,1439400
2023-10-17,54.779999,56.000000,54.500000,55.750000,55.292702,1577700
2023-10-18,55.980000,57.430000,55.639999,57.279999,56.810150,1686700
2023-10-19,57.160000,57.500000,56.299999,56.689999,56.224991,1077000
2023-10-20,56.689999,57.230000,56.000000,56.160000,55.699337,1604000
2023-10-23,55.910000,55.910000,54.799999,55.549999,55.094341,1420600
2023-10-24,55.830002,56.099998,54.590000,54.610001,54.162052,1563600
2023-10-25,54.770000,55.270000,53.759998,53.810001,53.368614,1638800
2023-10-26,53.450001,54.360001,52.369999,54.119999,53.676071,1660600
2023-10-27,53.950001,53.950001,52.240002,53.380001,52.942142,1401100
2023-10-30,53.910000,54.470001,52.810001,53.349998,52.912384,1107400
2023-10-31,53.630001,55.419998,53.250000,55.380001,54.925735,1888400
2023-11-01,55.380001,56.869999,54.680000,55.770000,55.312538,2400300
2023-11-02,56.770000,58.919998,56.270000,57.750000,57.276295,2974000
2023-11-03,57.590000,57.740002,55.320000,56.279999,55.818352,1904700
2023-11-06,56.650002,57.060001,55.580002,55.799999,55.342289,2020500
2023-11-07,55.000000,55.049999,53.580002,54.189999,53.745495,1930500
2023-11-08,53.880001,54.189999,53.230000,53.250000,52.813210,1490800
2023-11-09,53.389999,53.810001,52.389999,52.500000,52.069359,1447800
2023-11-10,53.000000,54.020000,52.880001,53.799999,53.358696,1454000
2023-11-13,53.840000,54.470001,53.509998,54.209999,53.765331,1310800
2023-11-14,54.380001,55.520000,54.360001,54.860001,54.410004,2025100
2023-11-15,54.340000,55.459999,54.189999,54.590000,54.590000,1919800
2023-11-16,54.060001,54.509998,52.160000,52.790001,52.790001,1466300
2023-11-17,53.099998,54.470001,53.020000,53.680000,53.680000,1358400
2023-11-20,54.000000,54.689999,53.799999,54.250000,54.250000,1661000
2023-11-21,53.919998,54.099998,53.180000,54.000000,54.000000,1379400
2023-11-22,53.000000,54.650002,52.500000,54.529999,54.529999,1351200
2023-11-24,54.810001,55.230000,54.139999,54.160000,54.160000,525300
2023-11-27,53.990002,54.570000,53.639999,54.360001,54.360001,1471700
2023-11-28,54.310001,55.080002,53.880001,54.080002,54.080002,2018400
2023-11-29,54.619999,54.910000,52.320000,52.730000,52.730000,2442500
2023-11-30,52.869999,53.529999,51.889999,52.480000,52.480000,8421900
2023-12-01,52.430000,54.820000,52.349998,54.340000,54.340000,5127200
2023-12-04,53.840000,54.439999,52.889999,54.369999,54.369999,2663100
2023-12-05,54.400002,55.369999,53.970001,54.349998,54.349998,3109500
2023-12-06,54.040001,54.040001,52.430000,52.700001,52.700001,2121100
2023-12-07,53.150002,53.540001,52.020000,52.349998,52.349998,1582400
2023-12-08,52.750000,53.209999,52.349998,52.669998,52.669998,2106700
2023-12-11,52.750000,52.990002,51.779999,51.980000,51.980000,2050000
2023-12-12,51.470001,51.799999,50.970001,51.209999,51.209999,1890700
2023-12-13,51.230000,53.130001,51.130001,53.110001,53.110001,2737600
2023-12-14,53.880001,55.770000,53.880001,55.529999,55.529999,3414000
2023-12-15,55.400002,56.110001,55.080002,55.970001,55.970001,5709900