Date,Open,High,Low,Close,Adj Close,Volume
2019-02-06,9.750000,9.750000,9.750000,9.750000,8.541559,0
2019-02-07,9.750000,9.750000,9.750000,9.750000,8.541559,0
2019-02-08,9.750000,9.750000,9.750000,9.750000,8.541559,0
2019-02-11,9.750000,9.750000,9.750000,9.750000,8.541559,0
2019-02-12,9.750000,9.750000,9.750000,9.750000,8.541559,0
2019-02-13,9.750000,9.750000,9.750000,9.750000,8.541559,0
2019-02-14,9.810000,9.830000,9.810000,9.830000,8.611644,892100
2019-02-15,9.830000,9.880000,9.830000,9.880000,8.655448,126300
2019-02-19,9.835000,9.850000,9.830000,9.830000,8.611644,4000
2019-02-20,9.830000,9.830000,9.830000,9.830000,8.611644,0
2019-02-21,9.830000,9.880000,9.830000,9.880000,8.655448,283500
2019-02-22,9.880000,9.880000,9.880000,9.880000,8.655448,0
2019-02-25,9.880000,9.880000,9.880000,9.880000,8.655448,100
2019-02-26,9.880000,9.880000,9.880000,9.880000,8.655448,100
2019-02-27,9.840000,9.850000,9.840000,9.850000,8.629166,200
2019-02-28,9.850000,9.850000,9.850000,9.850000,8.629166,0
2019-03-01,9.850000,9.850000,9.850000,9.850000,8.629166,0
2019-03-04,9.520000,9.850000,9.520000,9.850000,8.629166,2100
2019-03-05,9.850000,9.850000,9.850000,9.850000,8.629166,100
2019-03-06,9.850000,9.850000,9.850000,9.850000,8.629166,0
2019-03-07,9.840000,9.850000,9.840000,9.850000,8.629166,51100
2019-03-08,9.850000,9.850000,9.850000,9.850000,8.629166,0
2019-03-11,9.850000,9.850000,9.850000,9.850000,8.629166,100
2019-03-12,9.850000,9.860000,9.850000,9.860000,8.637925,122700
2019-03-13,9.860000,9.860000,9.860000,9.860000,8.637925,100
2019-03-14,9.860000,9.860000,9.860000,9.860000,8.637925,0
2019-03-15,9.950000,9.950000,9.870000,9.950000,8.716772,100800
2019-03-18,9.930000,9.930000,9.930000,9.930000,8.699249,300
2019-03-19,9.910000,9.910000,9.910000,9.910000,8.681728,1000
2019-03-20,9.910000,9.910000,9.889000,9.900000,8.672969,4600
2019-03-21,9.900000,9.900000,9.900000,9.900000,8.672969,1000
2019-03-22,9.910000,9.910000,9.900000,9.900000,8.672969,1200
2019-03-25,9.900000,9.900000,9.900000,9.900000,8.672969,0
2019-03-26,9.900000,9.900000,9.900000,9.900000,8.672969,0
2019-03-27,9.900000,9.900000,9.900000,9.900000,8.672969,0
2019-03-28,9.900000,9.900000,9.900000,9.900000,8.672969,0
2019-03-29,9.860000,9.900000,9.860000,9.900000,8.672969,67800
2019-04-01,9.900000,9.900000,9.850000,9.890000,8.664207,14800
2019-04-02,9.880000,9.880000,9.880000,9.880000,8.655448,160200
2019-04-03,9.880000,9.880000,9.880000,9.880000,8.655448,0
2019-04-04,9.640000,9.950000,9.640000,9.950000,8.716772,13700
2019-04-05,9.930000,9.930000,9.930000,9.930000,8.699249,300
2019-04-08,9.930000,9.930000,9.930000,9.930000,8.699249,0
2019-04-09,9.930000,9.930000,9.930000,9.930000,8.699249,0
2019-04-10,9.930000,9.930000,9.930000,9.930000,8.699249,0
2019-04-11,9.930000,9.930000,9.930000,9.930000,8.699249,0
2019-04-12,9.930000,9.930000,9.930000,9.930000,8.699249,0
2019-04-15,9.930000,9.930000,9.930000,9.930000,8.699249,0
2019-04-16,9.910000,9.910000,9.910000,9.910000,8.681728,300
2019-04-17,9.910000,9.910000,9.910000,9.910000,8.681728,600
2019-04-18,9.920000,9.920000,9.920000,9.920000,8.690490,1300
2019-04-22,9.920000,9.920000,9.920000,9.920000,8.690490,0
2019-04-23,9.920000,9.920000,9.920000,9.920000,8.690490,0
2019-04-24,9.920000,9.920000,9.920000,9.920000,8.690490,0
2019-04-25,9.950000,9.950000,9.920000,9.920000,8.690490,5300
2019-04-26,9.690000,9.900000,9.690000,9.900000,8.672969,1600
2019-04-29,9.900000,9.900000,9.900000,9.900000,8.672969,5000
2019-04-30,9.900000,9.900000,9.900000,9.900000,8.672969,1000
2019-05-01,9.900000,9.900000,9.900000,9.900000,8.672969,0
2019-05-02,9.900000,9.900000,9.900000,9.900000,8.672969,0
2019-05-03,9.900000,9.900000,9.900000,9.900000,8.672969,0
2019-05-06,9.940000,9.940000,9.923000,9.923000,8.693118,201300
2019-05-07,9.930000,9.930000,9.930000,9.930000,8.699249,3000
2019-05-08,9.930000,9.930000,9.930000,9.930000,8.699249,0
2019-05-09,9.910000,9.910000,9.910000,9.910000,8.681728,22300
2019-05-10,9.910000,9.910000,9.910000,9.910000,8.681728,1000
2019-05-13,9.980000,9.980000,9.980000,9.980000,8.743052,25000
2019-05-14,9.980000,9.980000,9.980000,9.980000,8.743052,0
2019-05-15,9.980000,9.980000,9.980000,9.980000,8.743052,0
2019-05-16,9.960000,9.960000,9.960000,9.960000,8.725533,800
2019-05-17,9.960000,9.960000,9.960000,9.960000,8.725533,1800
2019-05-20,9.960000,9.960000,9.960000,9.960000,8.725533,0
2019-05-21,9.960000,9.960000,9.960000,9.960000,8.725533,0
2019-05-22,9.960000,9.960000,9.960000,9.960000,8.725533,0
2019-05-23,9.960000,9.960000,9.960000,9.960000,8.725533,0
2019-05-24,9.960000,9.960000,9.960000,9.960000,8.725533,0
2019-05-28,9.960000,9.970000,9.960000,9.970000,8.734292,64200
2019-05-29,9.960000,9.960000,9.920000,9.950000,8.716772,60100
2019-05-30,9.940000,9.950000,9.939000,9.940000,8.708011,10900
2019-05-31,9.980000,9.990000,9.960000,9.960000,8.725533,2276400
2019-06-03,9.960000,9.960000,9.960000,9.960000,8.725533,0
2019-06-04,9.960000,9.980000,9.960000,9.970000,8.734292,146000
2019-06-05,10.000000,10.020000,9.950000,10.020000,8.778094,900
2019-06-06,10.020000,10.020000,10.020000,10.020000,8.778094,100
2019-06-07,9.990000,9.990000,9.990000,9.990000,8.751813,1000
2019-06-10,9.990000,9.990000,9.990000,9.990000,8.751813,0
2019-06-11,9.990000,9.990000,9.990000,9.990000,8.751813,0
2019-06-12,10.026000,10.026000,9.985000,9.985000,8.747432,3100
2019-06-13,9.985000,9.985000,9.985000,9.985000,8.747432,0
2019-06-14,9.985000,9.985000,9.985000,9.985000,8.747432,0
2019-06-17,9.990000,10.030000,9.990000,9.990000,8.751813,194600
2019-06-18,9.990000,9.990000,9.990000,9.990000,8.751813,0
2019-06-19,9.990000,10.000000,9.990000,10.000000,8.760575,1200
2019-06-20,10.000000,10.000000,10.000000,10.000000,8.760575,50000
2019-06-21,10.000000,10.000000,10.000000,10.000000,8.760575,0
2019-06-24,10.000000,10.000000,10.000000,10.000000,8.760575,100
2019-06-25,10.000000,10.000000,10.000000,10.000000,8.760575,0
2019-06-26,10.040000,10.040000,10.040000,10.040000,8.795614,2000
2019-06-27,9.981000,10.030000,9.980000,10.030000,8.786856,5700
2019-06-28,10.020000,10.020000,10.020000,10.020000,8.778094,200
2019-07-01,10.000000,10.000000,10.000000,10.000000,8.760575,100000
2019-07-02,10.000000,10.000000,10.000000,10.000000,8.760575,1500
2019-07-03,10.000000,10.000000,10.000000,10.000000,8.760575,0
2019-07-05,10.040000,10.040000,10.040000,10.040000,8.795614,1400
2019-07-08,9.990000,10.000000,9.990000,9.999000,8.759699,548300
2019-07-09,9.999000,9.999000,9.999000,9.999000,8.759699,200
2019-07-10,10.010000,10.020000,10.010000,10.020000,8.778094,51700
2019-07-11,10.050000,10.050000,10.050000,10.050000,8.804378,400
2019-07-12,10.050000,10.050000,10.050000,10.050000,8.804378,100
2019-07-15,10.050000,10.050000,10.050000,10.050000,8.804378,100
2019-07-16,10.050000,10.050000,10.050000,10.050000,8.804378,100
2019-07-17,10.050000,10.050000,10.050000,10.050000,8.804378,100
2019-07-18,10.000000,10.120000,10.000000,10.070000,8.821898,1200
2019-07-19,10.050000,10.050000,10.000000,10.000000,8.760575,8500
2019-07-22,10.030000,10.040000,10.000000,10.020000,8.778094,2100
2019-07-23,10.010000,10.010000,10.010000,10.010000,8.769335,50000
2019-07-24,10.020000,10.060000,10.020000,10.020000,8.778094,59500
2019-07-25,10.020000,10.020000,10.020000,10.020000,8.778094,100
2019-07-26,10.020000,10.020000,10.020000,10.020000,8.778094,100
2019-07-29,10.085000,10.085000,10.069000,10.069000,8.821022,600
2019-07-30,10.000000,10.040000,10.000000,10.040000,8.795614,2100
2019-07-31,10.000000,10.030000,10.000000,10.030000,8.786856,900
2019-08-01,10.000000,10.040000,9.970000,10.040000,8.795614,1700
2019-08-02,10.020000,10.020000,10.020000,10.020000,8.778094,1000
2019-08-05,10.030000,10.030000,10.030000,10.030000,8.786856,25100
2019-08-06,10.030000,10.030000,10.030000,10.030000,8.786856,200
2019-08-07,10.000000,10.040000,10.000000,10.040000,8.795614,100100
2019-08-08,10.020000,10.040000,10.020000,10.020000,8.778094,251100
2019-08-09,10.020000,10.040000,10.020000,10.020000,8.778094,251100
2019-08-12,10.020000,10.040000,10.020000,10.020000,8.778094,100
2019-08-13,10.040000,10.040000,10.020000,10.020000,8.778094,100
2019-08-14,10.020000,10.040000,10.020000,10.020000,8.778094,100
2019-08-15,10.040000,10.040000,10.020000,10.020000,8.778094,100
2019-08-16,10.020000,10.020000,10.020000,10.020000,8.778094,0
2019-08-19,10.020000,10.020000,10.020000,10.020000,8.778094,0
2019-08-20,10.020000,10.020000,10.020000,10.020000,8.778094,0
2019-08-21,10.060000,10.085000,10.060000,10.060000,8.813138,409000
2019-08-22,10.060000,10.060000,10.060000,10.060000,8.813138,0
2019-08-23,10.060000,10.065000,10.060000,10.065000,8.817517,18100
2019-08-26,10.070000,10.095000,10.060000,10.060000,8.813138,77500
2019-08-27,10.080000,10.140000,10.070000,10.090000,8.839419,1188400
2019-08-28,10.090000,10.090000,10.090000,10.090000,8.839419,0
2019-08-29,10.090000,10.100000,10.070000,10.100000,8.848180,208200
2019-08-30,10.120000,10.120000,10.070000,10.070000,8.821898,1700
2019-09-03,10.070000,10.100000,10.070000,10.085000,8.835039,24700
2019-09-04,10.100000,10.100000,10.100000,10.100000,8.848180,10000
2019-09-05,10.100000,10.100000,10.090000,10.100000,8.848180,111100
2019-09-06,10.100000,10.110000,10.100000,10.110000,8.856939,3600
2019-09-09,10.100000,10.100000,10.100000,10.100000,8.848180,1000
2019-09-10,10.100000,10.120000,10.100000,10.100000,8.848180,411800
2019-09-11,10.100000,10.120000,10.100000,10.120000,8.865701,385300
2019-09-12,10.100000,10.100000,10.100000,10.100000,8.848180,25000
2019-09-13,10.100000,10.100000,10.100000,10.100000,8.848180,0
2019-09-16,10.100000,10.120000,10.100000,10.100000,8.848180,26100
2019-09-17,10.090000,10.140000,10.090000,10.140000,8.883223,200
2019-09-18,10.140000,10.140000,10.140000,10.140000,8.883223,99300
2019-09-19,10.140000,10.140000,10.140000,10.140000,8.883223,0
2019-09-20,10.140000,10.140000,10.140000,10.140000,8.883223,0
2019-09-23,10.140000,10.140000,10.140000,10.140000,8.883223,0
2019-09-24,10.140000,10.140000,10.140000,10.140000,8.883223,100
2019-09-25,10.110000,10.120000,10.110000,10.120000,8.865701,75200
2019-09-26,10.110000,10.140000,10.110000,10.140000,8.883223,10100
2019-09-27,10.140000,10.140000,10.140000,10.140000,8.883223,100
2019-09-30,10.140000,10.140000,10.140000,10.140000,8.883223,0
2019-10-01,10.140000,10.140000,10.140000,10.140000,8.883223,100
2019-10-02,10.140000,10.140000,10.140000,10.140000,8.883223,200
2019-10-03,10.140000,10.140000,10.140000,10.140000,8.883223,100
2019-10-04,10.140000,10.140000,10.140000,10.140000,8.883223,100
2019-10-07,10.110000,10.140000,10.110000,10.130000,8.874461,1198300
2019-10-08,10.120000,10.130000,10.120000,10.130000,8.874461,402200
2019-10-09,10.130000,10.130000,10.130000,10.130000,8.874461,0
2019-10-10,10.120000,10.140000,10.120000,10.140000,8.883223,475100
2019-10-11,10.140000,10.140000,10.140000,10.140000,8.883223,115000
2019-10-14,10.130000,10.150000,10.130000,10.150000,8.891983,3200
2019-10-15,10.130000,10.150000,10.130000,10.130000,8.874461,790600
2019-10-16,10.150000,10.150000,10.150000,10.150000,8.891983,300
2019-10-17,10.140000,10.140000,10.140000,10.140000,8.883223,400
2019-10-18,10.140000,10.140000,10.140000,10.140000,8.883223,1000
2019-10-21,10.140000,10.140000,10.140000,10.140000,8.883223,0
2019-10-22,10.140000,10.160000,10.131000,10.140000,8.883223,2000
2019-10-23,10.140000,10.140000,10.140000,10.140000,8.883223,100
2019-10-24,10.130000,10.130000,10.130000,10.130000,8.874461,2000
2019-10-25,10.150000,10.150000,10.150000,10.150000,8.891983,6900
2019-10-28,10.150000,10.150000,10.150000,10.150000,8.891983,100
2019-10-29,10.140000,10.140000,10.140000,10.140000,8.883223,200
2019-10-30,10.140000,10.140000,10.140000,10.140000,8.883223,100
2019-10-31,10.150000,10.150000,10.150000,10.150000,8.891983,10000
2019-11-01,10.142000,10.142000,10.142000,10.142000,8.884974,200
2019-11-04,10.142000,10.142000,10.142000,10.142000,8.884974,0
2019-11-05,10.142000,10.142000,10.142000,10.142000,8.884974,0
2019-11-06,10.160000,10.170000,10.160000,10.170000,8.909505,11000
2019-11-07,10.150000,10.150000,10.150000,10.150000,8.891983,2800
2019-11-08,10.130000,10.160000,10.130000,10.155000,8.896362,44900
2019-11-11,10.130000,10.130000,10.130000,10.130000,8.874461,10000
2019-11-12,10.130000,10.130000,10.130000,10.130000,8.874461,0
2019-11-13,10.130000,10.139000,10.130000,10.139000,8.882345,503400
2019-11-14,10.150000,10.150000,10.150000,10.150000,8.891983,2800
2019-11-15,10.160000,10.160000,10.150000,10.150000,8.891983,700
2019-11-18,10.140000,10.170000,10.140000,10.170000,8.909505,25700
2019-11-19,10.180000,10.180000,10.130000,10.180000,8.918265,27100
2019-11-20,10.160000,10.160000,10.160000,10.160000,8.900743,100
2019-11-21,10.180000,10.190000,10.180000,10.190000,8.927025,116600
2019-11-22,10.190000,10.190000,10.190000,10.190000,8.927025,10000
2019-11-25,10.190000,10.190000,10.190000,10.190000,8.927025,0
2019-11-26,10.180000,10.190000,10.180000,10.190000,8.927025,5800
2019-11-27,10.190000,10.200000,10.180000,10.200000,8.935787,13100
2019-11-29,10.200000,10.200000,10.200000,10.200000,8.935787,0
2019-12-02,10.210000,10.210000,10.210000,10.210000,8.944546,5200
2019-12-03,10.190000,10.190000,10.190000,10.190000,8.927025,94000
2019-12-04,10.203000,10.203000,10.203000,10.203000,8.938414,500
2019-12-05,10.210000,10.210000,10.210000,10.210000,8.944546,700
2019-12-06,10.210000,10.210000,10.210000,10.210000,8.944546,4100
2019-12-09,10.210000,10.210000,10.210000,10.210000,8.944546,600
2019-12-10,10.210000,10.210000,10.210000,10.210000,8.944546,0
2019-12-11,10.210000,10.210000,10.210000,10.210000,8.944546,0
2019-12-12,10.220000,10.220000,10.220000,10.220000,8.953307,64200
2019-12-13,10.220000,10.220000,10.220000,10.220000,8.953307,0
2019-12-16,10.220000,10.220000,10.220000,10.220000,8.953307,0
2019-12-17,10.250000,10.250000,10.250000,10.250000,8.979589,50100
2019-12-18,10.250000,10.250000,10.250000,10.250000,8.979589,0
2019-12-19,10.230000,10.230000,10.230000,10.230000,8.962067,9900
2019-12-20,10.230000,10.230000,10.230000,10.230000,8.962067,0
2019-12-23,10.230000,10.230000,10.230000,10.230000,8.962067,0
2019-12-24,10.230000,10.230000,10.230000,10.230000,8.962067,0
2019-12-26,10.230000,10.230000,10.230000,10.230000,8.962067,0
2019-12-27,10.230000,10.230000,10.230000,10.230000,8.962067,0
2019-12-30,10.250000,10.250000,10.250000,10.250000,8.979589,400
2019-12-31,10.250000,10.250000,10.250000,10.250000,8.979589,0
2020-01-02,10.250000,10.260000,10.250000,10.260000,8.988349,223300
2020-01-03,10.260000,10.270000,10.260000,10.270000,8.997109,155000
2020-01-06,10.270000,10.270000,10.270000,10.270000,8.997109,0
2020-01-07,10.270000,10.270000,10.270000,10.270000,8.997109,78300
2020-01-08,10.270000,10.270000,10.270000,10.270000,8.997109,70100
2020-01-09,10.300000,10.300000,10.300000,10.300000,9.023393,10400
2020-01-10,10.310000,10.330000,10.310000,10.330000,9.049674,215600
2020-01-13,10.330000,10.330000,10.320000,10.320000,9.040914,117100
2020-01-14,10.320000,10.320000,10.320000,10.320000,9.040914,0
2020-01-15,10.320000,10.320000,10.310000,10.310000,9.032152,200400
2020-01-16,10.350000,10.350000,10.310000,10.330000,9.049674,82100
2020-01-17,10.330000,10.401000,10.330000,10.380000,9.093477,868000
2020-01-21,10.390000,10.400000,10.380000,10.400000,9.110996,400100
2020-01-22,10.400000,10.400000,10.400000,10.400000,9.110996,900
2020-01-23,10.400000,10.400000,10.387000,10.387000,9.099607,1800
2020-01-24,10.387000,10.387000,10.387000,10.387000,9.099607,0
2020-01-27,10.370000,10.370000,10.360000,10.360000,9.075953,5400
2020-01-28,10.360000,10.360000,10.360000,10.360000,9.075953,0
2020-01-29,10.400000,10.400000,10.400000,10.400000,9.110996,113100
2020-01-30,10.400000,10.400000,10.400000,10.400000,9.110996,112900
2020-01-31,10.400000,10.400000,10.400000,10.400000,9.110996,116300
2020-02-03,10.400000,10.400000,10.400000,10.400000,9.110996,0
2020-02-04,10.400000,10.400000,10.400000,10.400000,9.110996,0
2020-02-05,10.400000,10.400000,10.400000,10.400000,9.110996,0
2020-02-06,10.400000,10.400000,10.400000,10.400000,9.110996,500
2020-02-07,10.400000,10.400000,10.400000,10.400000,9.110996,4400
2020-02-10,10.400000,10.400000,10.400000,10.400000,9.110996,0
2020-02-11,10.380000,10.380000,10.360000,10.380000,9.093477,1100
2020-02-12,10.380000,10.380000,10.380000,10.380000,9.093477,0
2020-02-13,10.360000,10.360000,10.300000,10.330000,9.049674,412300
2020-02-14,10.330000,10.330000,10.330000,10.330000,9.049674,0
2020-02-18,10.330000,10.330000,10.330000,10.330000,9.049674,400
2020-02-19,10.330000,10.330000,10.330000,10.330000,9.049674,0
2020-02-20,10.330000,10.330000,10.330000,10.330000,9.049674,200
2020-02-21,10.330000,10.330000,10.325000,10.330000,9.049674,800
2020-02-24,10.350000,10.500000,10.350000,10.500000,9.198605,800
2020-02-25,10.500000,10.500000,10.500000,10.500000,9.198605,0
2020-02-26,10.500000,10.500000,10.500000,10.500000,9.198605,0
2020-02-27,10.500000,10.500000,10.500000,10.500000,9.198605,0
2020-02-28,10.400000,10.400000,10.270000,10.330000,9.049674,205700
2020-03-02,10.330000,10.330000,10.330000,10.330000,9.049674,0
2020-03-03,10.358000,10.358000,10.330000,10.330000,9.049674,1800
2020-03-04,10.360000,10.390000,10.360000,10.390000,9.102237,150200
2020-03-05,10.400000,10.400000,10.400000,10.400000,9.110996,4400
2020-03-06,10.400000,10.400000,10.400000,10.400000,9.110996,300
2020-03-09,10.300000,10.390000,10.300000,10.300000,9.023393,507300
2020-03-10,10.300000,10.350000,10.290000,10.300000,9.023393,593200
2020-03-11,10.323000,10.331000,10.280000,10.290000,9.014631,122300
2020-03-12,10.200000,10.200000,10.190000,10.200000,8.935787,321100
2020-03-13,10.300000,10.300000,10.200000,10.200000,8.935787,975200
2020-03-16,10.230000,10.250000,10.000000,10.050000,8.804378,900
2020-03-17,10.100000,10.100000,10.100000,10.100000,8.848180,1350000
2020-03-18,10.149000,10.172000,10.000000,10.000000,8.760575,16500
2020-03-19,10.000000,10.150000,9.900000,10.080000,8.830657,269100
2020-03-20,10.150000,10.190000,10.090000,10.100000,8.848180,287100
2020-03-23,10.100000,10.150000,10.080000,10.150000,8.891983,123400
2020-03-24,10.110000,10.250000,10.110000,10.250000,8.979589,215000
2020-03-25,10.200000,10.300000,10.200000,10.260000,8.988349,149400
2020-03-26,10.260000,10.260000,10.260000,10.260000,8.988349,0
2020-03-27,10.250000,10.270000,10.250000,10.270000,8.997109,1500
2020-03-30,10.290000,10.290000,10.260000,10.260000,8.988349,276200
2020-03-31,10.270000,10.290000,10.270000,10.290000,9.014631,20400
2020-04-01,10.280000,10.280000,10.250000,10.260000,8.988349,191600
2020-04-02,10.260000,10.260000,10.260000,10.260000,8.988349,0
2020-04-03,10.260000,10.290000,10.260000,10.260000,8.988349,94100
2020-04-06,10.290000,10.300000,10.260000,10.260000,8.988349,255200
2020-04-07,10.260000,10.260000,10.260000,10.260000,8.988349,0
2020-04-08,10.270000,10.350000,10.270000,10.350000,9.067193,347800
2020-04-09,10.300000,10.350000,10.280000,10.280000,9.005871,5200
2020-04-13,10.330000,10.330000,10.330000,10.330000,9.049674,300
2020-04-14,10.339000,10.350000,10.320000,10.350000,9.067193,73200
2020-04-15,10.340000,10.340000,10.280000,10.280000,9.005871,400
2020-04-16,10.280000,10.280000,10.280000,10.280000,9.005871,0
2020-04-17,10.280000,10.280000,10.280000,10.280000,9.005871,0
2020-04-20,10.300000,10.300000,10.300000,10.300000,9.023393,1800
2020-04-21,10.300000,10.300000,10.300000,10.300000,9.023393,0
2020-04-22,10.330000,10.330000,10.330000,10.330000,9.049674,5500
2020-04-23,10.330000,10.330000,10.320000,10.330000,9.049674,1369100
2020-04-24,10.330000,10.330000,10.320000,10.320000,9.040914,311100
2020-04-27,10.280000,10.340000,10.270000,10.340000,9.058434,900
2020-04-28,10.320000,10.340000,10.320000,10.340000,9.058434,202000
2020-04-29,10.320000,10.340000,10.320000,10.330000,9.049674,273000
2020-04-30,10.320000,10.340000,10.320000,10.320000,9.040914,138900
2020-05-01,10.340000,10.340000,10.340000,10.340000,9.058434,300
2020-05-04,10.340000,10.350000,10.320000,10.340000,9.058434,45500
2020-05-05,10.330000,10.340000,10.320000,10.320000,9.040914,4300
2020-05-06,10.320000,10.320000,10.320000,10.320000,9.040914,115000
2020-05-07,10.320000,10.320000,10.320000,10.320000,9.040914,400
2020-05-08,10.310000,10.320000,10.310000,10.320000,9.040914,4200
2020-05-11,10.320000,10.320000,10.320000,10.320000,9.040914,200000
2020-05-12,10.320000,10.320000,10.320000,10.320000,9.040914,0
2020-05-13,10.320000,10.320000,10.320000,10.320000,9.040914,0
2020-05-14,10.300000,10.310000,10.285000,10.300000,9.023393,83300
2020-05-15,10.310000,10.350000,10.300000,10.320000,9.040914,120100
2020-05-18,10.320000,10.320000,10.320000,10.320000,9.040914,0
2020-05-19,10.280000,10.280000,10.270000,10.270000,8.997109,200
2020-05-20,10.270000,10.270000,10.270000,10.270000,8.997109,0
2020-05-21,10.300000,10.340000,10.300000,10.340000,9.058434,3300
2020-05-22,10.340000,10.340000,10.340000,10.340000,9.058434,0
2020-05-26,10.340000,10.340000,10.340000,10.340000,9.058434,0
2020-05-27,10.310000,10.310000,10.310000,10.310000,9.032152,1000
2020-05-28,10.320000,10.320000,10.320000,10.320000,9.040914,10400
2020-05-29,10.340000,10.680000,10.270000,10.350000,9.067193,67100
2020-06-01,10.520000,10.665000,10.320000,10.350000,9.067193,272200
2020-06-02,10.385000,10.385000,10.320000,10.380000,9.093477,17000
2020-06-03,10.350000,10.370000,10.320000,10.360000,9.075953,1034900
2020-06-04,10.370000,10.370000,10.340000,10.360000,9.075953,307200
2020-06-05,10.290000,10.560000,10.290000,10.400000,9.110996,957100
2020-06-08,10.380000,10.850000,10.380000,10.400000,9.110996,139400
2020-06-09,10.390000,10.400000,10.350000,10.350000,9.067193,630700
2020-06-10,10.350000,10.390000,10.350000,10.390000,9.102237,587900
2020-06-11,10.355000,10.390000,10.350000,10.390000,9.102237,12200
2020-06-12,10.500000,10.500000,10.360000,10.380000,9.093477,5500
2020-06-15,10.390000,10.434000,10.363000,10.390000,9.102237,77400
2020-06-16,10.401000,10.500000,10.380000,10.380000,9.093477,403000
2020-06-17,10.450000,10.450000,10.400000,10.450000,9.154799,561700
2020-06-18,10.490000,10.660000,10.410000,10.550000,9.242408,269700
2020-06-19,10.500000,10.578000,10.429000,10.490000,9.189842,63600
2020-06-22,10.620000,10.750000,10.400000,10.550000,9.242408,61600
2020-06-23,10.550000,10.583000,10.500000,10.500000,9.198605,150500
2020-06-24,10.512000,10.700000,10.510000,10.690000,9.365053,93700
2020-06-25,10.700000,10.700000,10.510000,10.650000,9.330010,353900
2020-06-26,10.700000,10.700000,10.500000,10.500000,9.198605,45600
2020-06-29,10.700000,10.700000,10.550000,10.680000,9.356296,21900
2020-06-30,10.700000,10.920000,10.660000,10.850000,9.505224,676800
2020-07-01,10.915000,10.915000,10.750000,10.800000,9.461421,379300
2020-07-02,10.860000,10.860000,10.660000,10.850000,9.505224,136700
2020-07-06,11.050000,11.100000,10.850000,10.900000,9.549025,155600
2020-07-07,10.900000,10.900000,10.789000,10.840000,9.496463,244300
2020-07-08,10.800000,10.840000,10.715000,10.810000,9.470181,31700
2020-07-09,10.760000,10.995000,10.660000,10.890000,9.540267,201600
2020-07-10,11.000000,12.100000,10.990000,11.260000,9.864407,690000
2020-07-13,11.400000,11.450000,10.750000,10.950000,9.592829,233900
2020-07-14,10.750000,10.990000,10.750000,10.830000,9.487702,167500
2020-07-15,10.780000,11.250000,10.777000,10.900000,9.549025,258600
2020-07-16,10.860000,11.000000,10.750000,10.990000,9.627872,155900
2020-07-17,11.140000,11.190000,10.925000,11.090000,9.715477,242500
2020-07-20,11.100000,11.140000,10.960000,11.070000,9.697954,132500
2020-07-21,11.050000,11.150000,11.000000,11.090000,9.715477,146300
2020-07-22,11.050000,11.090000,11.000000,11.013000,9.648021,56100
2020-07-23,11.090000,11.490000,10.938000,11.250000,9.855645,662200
2020-07-24,11.300000,11.300000,11.120000,11.260000,9.864407,201000
2020-07-27,11.270000,11.449000,10.870000,11.020000,9.654153,241800
2020-07-28,11.005000,11.020000,10.940000,11.000000,9.636633,91200
2020-07-29,10.950000,11.150000,10.900000,11.150000,9.768039,167100
2020-07-30,10.930000,11.010000,10.600000,10.600000,9.286208,505200
2020-07-31,10.780000,10.780000,10.410000,10.450000,9.154799,299300
2020-08-03,10.360000,10.437000,10.300000,10.430000,9.137280,1782600
2020-08-04,10.440000,10.470000,10.360000,10.440000,9.146039,1429800
2020-08-05,10.410000,10.450000,10.310000,10.350000,9.067193,346800
2020-08-06,10.350000,10.450000,10.330000,10.350000,9.067193,140200
2020-08-07,10.400000,10.450000,10.350000,10.420000,9.128519,140300
2020-08-10,10.370000,10.400000,10.330000,10.370000,9.084717,150800
2020-08-11,10.375000,10.400000,10.340000,10.390000,9.102237,379100
2020-08-12,10.370000,10.390000,10.340000,10.350000,9.067193,80500
2020-08-13,10.350000,10.440000,10.340000,10.380000,9.093477,695500
2020-08-14,10.370000,10.380000,10.200000,10.330000,9.049674,66800
2020-08-17,10.330000,10.380000,10.325000,10.330000,9.049674,85300
2020-08-18,10.320000,10.365000,10.260000,10.300000,9.023393,553900
2020-08-19,10.300000,10.350000,10.290000,10.300000,9.023393,1043900
2020-08-20,10.300000,10.340000,10.300000,10.320000,9.040914,42800
2020-08-21,10.330000,10.340000,10.310000,10.340000,9.058434,73400
2020-08-24,10.320000,10.340000,10.300000,10.340000,9.058434,14700
2020-08-25,10.340000,10.400000,10.310000,10.340000,9.058434,1310500
2020-08-26,10.330000,10.380000,10.330000,10.360000,9.075953,1811200
2020-08-27,10.340000,10.360000,10.340000,10.350000,9.067193,348700
2020-08-28,10.340000,10.360000,10.340000,10.350000,9.067193,550600
2020-08-31,10.340000,10.360000,10.330000,10.360000,9.075953,238300
2020-09-01,10.360000,10.360000,10.340000,10.350000,9.067193,712800
2020-09-02,10.360000,10.360000,10.310000,10.340000,9.058434,1377800
2020-09-03,10.350000,10.360000,10.340000,10.350000,9.067193,875000
2020-09-04,10.340000,10.360000,10.280000,10.320000,9.040914,486500
2020-09-08,10.250000,10.360000,10.250000,10.360000,9.075953,93100
2020-09-09,10.360000,10.410000,10.320000,10.410000,9.119758,51400
2020-09-10,10.360000,10.400000,10.290000,10.350000,9.067193,249700
2020-09-11,10.250000,10.380000,10.250000,10.345000,9.062816,634100
2020-09-14,10.370000,10.390000,10.320000,10.380000,9.093477,143400
2020-09-15,10.360000,10.380000,10.320000,10.340000,9.058434,23500
2020-09-16,10.330000,10.505000,10.320000,10.480000,9.181081,1446500
2020-09-17,10.400000,10.490000,10.380000,10.450000,9.154799,15300
2020-09-18,10.430000,10.650000,10.400000,10.590000,9.277448,1426400
2020-09-21,10.590000,10.600000,10.360000,10.360000,9.075953,155400
2020-09-22,10.360000,10.570000,10.275000,10.450000,9.154799,277700
2020-09-23,10.500000,10.550000,10.290000,10.390000,9.102237,80300
2020-09-24,10.470000,10.515000,10.320000,10.450000,9.154799,180100
2020-09-25,10.500000,10.500000,10.370000,10.400000,9.110996,121500
2020-09-28,10.470000,10.480000,10.400000,10.450000,9.154799,36900
2020-09-29,10.480000,10.480000,10.350000,10.400000,9.110996,54100
2020-09-30,10.460000,10.480000,10.370000,10.400000,9.110996,146200
2020-10-01,10.440000,10.450000,10.340000,10.420000,9.128519,609400
2020-10-02,10.410000,10.410000,10.300000,10.370000,9.084717,128700
2020-10-05,10.246000,10.415000,10.246000,10.350000,9.067193,819100
2020-10-06,10.380000,10.380000,10.340000,10.350000,9.067193,330200
2020-10-07,10.360000,10.360000,10.290000,10.330000,9.049674,483700
2020-10-08,10.350000,10.370000,10.320000,10.330000,9.049674,279800
2020-10-09,10.350000,10.400000,10.340000,10.370000,9.084717,101500
2020-10-12,10.340000,10.360000,10.330000,10.330000,9.049674,260300
2020-10-13,10.330000,10.357000,10.330000,10.340000,9.058434,73700
2020-10-14,10.330000,10.370000,10.330000,10.350000,9.067193,295200
2020-10-15,10.350000,10.360000,10.340000,10.350000,9.067193,270100
2020-10-16,10.340000,10.380000,10.340000,10.350000,9.067193,575700
2020-10-19,10.350000,10.380000,10.330000,10.340000,9.058434,214800
2020-10-20,10.360000,10.360000,10.330000,10.330000,9.049674,458200
2020-10-21,10.370000,10.370000,10.340000,10.340000,9.058434,219200
2020-10-22,10.340000,10.450000,10.340000,10.380000,9.093477,849400
2020-10-23,10.370000,10.380000,10.250000,10.250000,8.979589,2338300
2020-10-26,10.350000,10.360000,10.330000,10.330000,9.049674,808100
2020-10-27,10.340000,10.360000,10.330000,10.360000,9.075953,397000
2020-10-28,10.350000,10.380000,10.340000,10.350000,9.067193,363700
2020-10-29,9.830000,10.350000,9.100000,10.150000,8.891983,562000
2020-10-30,10.140000,10.350000,9.660000,10.350000,9.067193,264100
2020-11-02,10.200000,10.790000,9.974000,10.750000,9.417617,378700
2020-11-03,10.750000,11.270000,10.430000,10.540000,9.233645,296100
2020-11-04,10.660000,10.880000,10.070000,10.400000,9.110996,273200
2020-11-05,10.700000,10.700000,10.160000,10.230000,8.962067,92500
2020-11-06,10.120000,10.380000,9.780000,9.940000,8.708011,53400
2020-11-09,10.180000,10.450000,9.660000,9.945000,8.712391,182500
2020-11-10,9.940000,10.520000,9.860000,9.900000,8.672969,93600
2020-11-11,9.950000,10.580000,9.890000,10.500000,9.198605,293200
2020-11-12,10.370000,10.720000,9.780000,10.500000,9.198605,205600
2020-11-13,10.110000,10.600000,10.090000,10.350000,9.067193,420900
2020-11-16,10.550000,10.610000,10.310000,10.530000,9.224885,160800
2020-11-17,10.450000,10.600000,10.300000,10.550000,9.242408,194400
2020-11-18,11.940000,11.940000,10.180000,10.900000,9.549025,269600
2020-11-19,10.570000,11.065000,10.370000,10.600000,9.286208,373800
2020-11-20,11.540000,11.540000,9.290000,10.000000,8.760575,350500
2020-11-23,10.150000,10.877000,9.668000,9.940000,8.708011,240100
2020-11-24,10.190000,10.888000,9.663000,9.890000,8.664207,322700
2020-11-25,10.310000,10.310000,9.480000,9.600000,8.410150,269100
2020-11-27,9.575000,9.730000,9.300000,9.500000,8.322546,27200
2020-11-30,9.620000,9.813000,9.100000,9.500000,8.322546,662500
2020-12-01,9.490000,9.510000,9.000000,9.510000,8.331306,687600
2020-12-02,9.580000,10.390000,9.060000,10.210000,8.944546,560800
2020-12-03,10.240000,10.470000,9.750000,10.430000,9.137280,829300
2020-12-04,10.330000,10.670000,10.140000,10.670000,9.347531,506700
2020-12-07,10.780000,12.600000,10.675000,12.240000,10.722941,3053400
2020-12-08,11.750000,12.699000,11.070000,12.500000,10.950719,993600
2020-12-09,12.500000,14.160000,12.470000,13.330000,11.677845,2281400
2020-12-10,13.250000,14.420000,12.746000,14.070000,12.326126,1313200
2020-12-11,14.360000,15.360000,12.820000,13.930000,12.203481,1634000
2020-12-14,13.970000,14.725000,12.890000,13.730000,12.028268,1689400
2020-12-15,13.380000,13.380000,12.620000,12.790000,11.204774,1287600
2020-12-16,12.740000,12.870000,11.640000,12.140000,10.635337,3788200
2020-12-17,13.080000,13.340000,12.060000,12.640000,11.073366,3776800
2020-12-18,12.750000,13.530000,12.040000,12.690000,11.117168,5242300
2020-12-21,12.590000,12.870000,12.170000,12.870000,11.274858,3246300
2020-12-22,12.750000,14.170000,12.700000,13.660000,11.966944,2732100
2020-12-23,13.510000,13.660000,13.100000,13.510000,11.835537,913400
2020-12-24,13.590000,13.810000,12.280000,13.600000,11.914380,570900
2020-12-28,13.600000,13.810000,13.250000,13.700000,12.001987,671200
2020-12-29,13.640000,13.980000,13.290000,13.840000,12.124634,2945200
2020-12-30,13.830000,13.850000,13.120000,13.250000,11.607759,545700
2020-12-31,13.210000,13.350000,13.100000,13.320000,11.669086,417000
2021-01-04,13.350000,13.460000,12.020000,12.270000,10.749225,218400
2021-01-05,12.280000,12.960000,12.280000,12.620000,11.055844,189300
2021-01-06,12.670000,13.140000,12.100000,12.900000,11.301141,1013500
2021-01-07,12.830000,13.400000,11.760000,12.800000,11.213534,2390200
2021-01-08,12.880000,13.300000,12.500000,13.250000,11.607759,717100
2021-01-11,12.960000,13.505000,12.895000,13.400000,11.739171,608000
2021-01-12,13.470000,13.930000,13.245000,13.360000,11.704127,366900
2021-01-13,12.240000,13.990000,12.240000,13.140000,11.511396,772600
2021-01-14,13.350000,13.540000,12.950000,13.340000,11.686604,336800
2021-01-15,13.470000,13.600000,13.100000,13.250000,11.607759,269900
2021-01-19,13.370000,13.600000,13.020000,13.090000,11.467592,289200
2021-01-20,13.150000,13.520000,13.150000,13.410000,11.747931,636400
2021-01-21,13.400000,13.550000,13.055000,13.330000,11.677845,282500
2021-01-22,13.280000,13.455000,13.110000,13.390000,11.730409,145900
2021-01-25,13.260000,13.480000,12.760000,13.300000,11.651564,234700
2021-01-26,13.280000,13.650000,13.035000,13.620000,11.931902,687200
2021-01-27,13.450000,13.800000,12.750000,12.750000,11.169731,482900
2021-01-28,12.620000,13.310000,12.350000,12.960000,11.353704,231300
2021-01-29,12.930000,13.510000,12.360000,12.960000,11.353704,235300
2021-02-01,13.030000,13.270000,12.850000,13.230000,11.590239,237800
2021-02-02,13.330000,13.690000,12.930000,13.200000,11.563958,127000
2021-02-03,13.160000,13.400000,12.920000,13.090000,11.467592,99800
2021-02-04,12.710000,13.090000,12.710000,12.990000,11.379986,44700
2021-02-05,13.070000,13.520000,12.710000,13.380000,11.721647,207700
2021-02-08,13.300000,13.500000,13.230000,13.360000,11.704127,71800
2021-02-09,13.350000,13.500000,13.170000,13.440000,11.774210,332500
2021-02-10,13.470000,13.650000,13.220000,13.600000,11.914380,266900
2021-02-11,13.660000,13.660000,13.030000,13.440000,11.774210,193100
2021-02-12,13.400000,13.540000,13.150000,13.330000,11.677845,133000
2021-02-16,13.480000,13.480000,13.010000,13.180000,11.546437,104000
2021-02-17,13.200000,13.425000,13.020000,13.180000,11.546437,97300
2021-02-18,13.120000,13.450000,12.950000,13.020000,11.406268,284600
2021-02-19,13.030000,13.500000,13.000000,13.090000,11.467592,256500
2021-02-22,13.060000,13.220000,12.610000,12.840000,11.248579,325300
2021-02-23,12.820000,13.460000,12.820000,13.040000,11.423789,475400
2021-02-24,12.970000,13.400000,12.970000,13.180000,11.546437,485600
2021-02-25,13.030000,13.640000,12.350000,12.440000,10.898153,469300
2021-02-26,12.360000,13.250000,12.360000,12.450000,10.959775,278600
2021-03-01,12.490000,13.180000,12.490000,13.040000,11.479155,500400
2021-03-02,13.090000,13.500000,13.000000,13.160000,11.584791,783000
2021-03-03,13.170000,13.280000,12.720000,13.050000,11.487957,2029500
2021-03-04,13.100000,13.100000,12.390000,12.460000,10.968580,639200
2021-03-05,12.740000,12.820000,12.330000,12.520000,11.021397,444000
2021-03-08,12.460000,13.170000,12.440000,13.010000,11.452744,561100
2021-03-09,13.000000,13.250000,13.000000,13.170000,11.593594,416600
2021-03-10,13.230000,13.230000,12.830000,13.110000,11.540775,251100
2021-03-11,13.050000,13.160000,12.970000,12.970000,11.417535,319900
2021-03-12,13.000000,13.130000,12.880000,12.900000,11.355910,301800
2021-03-15,13.050000,13.105000,12.880000,12.980000,11.426334,374300
2021-03-16,12.980000,13.065000,12.620000,12.880000,11.338305,401500
2021-03-17,13.285000,13.285000,12.760000,12.980000,11.426334,434500
2021-03-18,12.940000,13.115000,12.780000,12.830000,11.294291,563700
2021-03-19,12.850000,13.090000,12.570000,12.770000,11.241472,1436700
2021-03-22,12.720000,12.890000,12.620000,12.800000,11.267883,337600
2021-03-23,12.860000,12.990000,12.520000,12.570000,11.065412,274600
2021-03-24,12.720000,12.880000,12.125000,12.215000,10.752905,248100
2021-03-25,12.210000,12.510000,12.100000,12.420000,10.933367,356000
2021-03-26,12.540000,12.850000,12.370000,12.760000,11.232669,516100
2021-03-29,12.610000,12.705000,12.100000,12.300000,10.827731,211100
2021-03-30,12.280000,12.430000,12.090000,12.190000,10.730897,201400
2021-03-31,12.210000,12.210000,11.900000,11.900000,10.475609,319200
2021-04-01,11.920000,12.600000,11.900000,12.400000,10.915759,313800
2021-04-05,12.580000,12.990000,12.225000,12.400000,10.915759,398100
2021-04-06,12.380000,12.980000,12.165000,12.580000,11.074216,370700
2021-04-07,12.450000,12.655000,12.300000,12.440000,10.950971,524000
2021-04-08,12.440000,12.525000,12.190000,12.210000,10.748504,311900
2021-04-09,12.200000,12.360000,12.070000,12.120000,10.669276,245300
2021-04-12,12.110000,12.300000,11.900000,12.050000,10.607655,251900
2021-04-13,11.970000,12.400000,11.890000,12.230000,10.766109,366900
2021-04-14,12.190000,12.510000,12.070000,12.120000,10.669276,239400
2021-04-15,12.200000,12.520000,11.910000,12.250000,10.783715,180500
2021-04-16,12.330000,12.590000,11.990000,12.020000,10.581244,263200
2021-04-19,11.990000,12.120000,11.860000,12.010000,10.572442,300400
2021-04-20,11.950000,12.000000,11.400000,11.590000,10.202715,279300
2021-04-21,11.590000,11.780000,11.250000,11.710000,10.308352,323600
2021-04-22,11.760000,12.290000,11.520000,12.120000,10.669276,289100
2021-04-23,12.620000,13.030000,12.460000,12.810000,11.276685,517200
2021-04-26,12.840000,13.070000,12.685000,12.980000,11.426334,305200
2021-04-27,13.050000,13.180000,12.920000,13.000000,11.443943,565400
2021-04-28,13.040000,13.250000,12.940000,13.250000,11.664018,871900
2021-04-29,13.290000,13.400000,13.090000,13.280000,11.690426,625100
2021-04-30,13.220000,13.390000,13.160000,13.190000,11.611200,282500
2021-05-03,13.300000,13.480000,12.970000,13.170000,11.593594,499900
2021-05-04,13.030000,13.430000,12.830000,13.380000,11.778459,447400
2021-05-05,13.410000,13.510000,13.260000,13.280000,11.690426,309900
2021-05-06,13.350000,13.550000,13.145000,13.290000,11.699229,282400
2021-05-07,13.250000,13.470000,13.000000,13.400000,11.796062,326100
2021-05-10,13.370000,13.380000,12.910000,12.960000,11.408730,227600
2021-05-11,12.780000,12.940000,12.590000,12.650000,11.135836,314800
2021-05-12,12.580000,12.630000,11.740000,11.780000,10.369972,404700
2021-05-13,12.650000,12.650000,11.977000,12.000000,10.563639,349700
2021-05-14,12.180000,12.760000,12.080000,12.200000,10.739699,500200
2021-05-17,12.080000,12.660000,11.985000,12.330000,10.854139,274100
2021-05-18,12.390000,12.720000,12.070000,12.640000,11.127034,364500
2021-05-19,12.510000,12.730000,12.340000,12.690000,11.171046,252800
2021-05-20,12.730000,12.920000,12.460000,12.510000,11.012594,679800
2021-05-21,12.490000,12.650000,12.300000,12.430000,10.942171,246800
2021-05-24,12.580000,12.580000,11.990000,12.090000,10.642868,605500
2021-05-25,12.080000,12.265000,11.860000,11.920000,10.493216,552100
2021-05-26,11.930000,12.300000,11.850000,12.250000,10.783715,672500
2021-05-27,12.100000,12.150000,11.810000,12.060000,10.616458,547300
2021-05-28,12.030000,12.200000,11.850000,11.950000,10.589874,676800
2021-06-01,12.210000,12.270000,11.550000,11.700000,10.368326,590500
2021-06-02,11.670000,11.875000,11.450000,11.840000,10.492392,738600
2021-06-03,11.850000,11.850000,11.380000,11.500000,10.191091,987600
2021-06-04,11.990000,11.990000,11.220000,11.240000,9.960683,622600
2021-06-07,11.160000,11.240000,10.635000,10.930000,9.685967,2438700
2021-06-08,10.910000,11.080000,10.641000,10.960000,9.712551,1447600
2021-06-09,11.000000,11.030000,10.510000,10.900000,9.659381,1218100
2021-06-10,10.880000,10.940000,10.419000,10.550000,9.349217,1032100
2021-06-11,10.530000,10.650000,10.090000,10.200000,9.039053,1709400
2021-06-14,10.220000,10.420000,10.000000,10.240000,9.074501,1439000
2021-06-15,10.300000,10.500000,10.170000,10.370000,9.189705,1725900
2021-06-16,10.290000,10.420000,10.070000,10.310000,9.136535,3722600
2021-06-17,10.300000,10.510000,10.160000,10.170000,9.012469,3849700
2021-06-18,10.150000,10.500000,10.130000,10.450000,9.260600,3414500
2021-06-21,10.500000,10.500000,10.160000,10.190000,9.030190,3144700
2021-06-22,10.230000,10.620000,10.200000,10.240000,9.074501,3693400
2021-06-23,10.220000,10.380000,10.150000,10.170000,9.012469,1033500
2021-06-24,10.225000,10.370000,10.050000,10.370000,9.189705,1382000
2021-06-25,10.350000,10.350000,10.000000,10.010000,8.870680,5637900
2021-06-28,10.070000,10.290000,10.010000,10.070000,8.923849,945100
2021-06-29,10.090000,10.140000,9.850000,9.880000,8.755476,800100
2021-06-30,9.880000,10.490000,9.870000,10.420000,9.234014,1536600
2021-07-01,10.400000,10.450000,10.140000,10.300000,9.127671,830600
2021-07-02,10.280000,10.290000,10.130000,10.260000,9.092225,459500
2021-07-06,10.290000,10.420000,10.180000,10.340000,9.163120,302500
2021-07-07,10.300000,10.390000,10.160000,10.300000,9.127671,440100
2021-07-08,10.230000,10.270000,9.890000,10.100000,8.950438,862700
2021-07-09,10.170000,10.370000,10.140000,10.320000,9.145396,329100
2021-07-12,10.340000,10.400000,10.170000,10.400000,9.216289,355500
2021-07-13,10.390000,10.390000,10.150000,10.230000,9.065639,521600
2021-07-14,10.350000,10.420000,10.110000,10.130000,8.977022,375900
2021-07-15,10.070000,10.350000,9.820000,10.230000,9.065639,585100
2021-07-16,10.270000,10.360000,10.100000,10.230000,9.065639,420500
2021-07-19,10.110000,10.325000,9.940000,10.080000,8.932713,453800
2021-07-20,10.090000,10.350000,9.980000,10.320000,9.145396,361400
2021-07-21,10.350000,10.425000,10.270000,10.350000,9.171982,452700
2021-07-22,10.300000,10.535000,10.275000,10.380000,9.198566,213200
2021-07-23,10.360000,10.450000,10.270000,10.400000,9.216289,176100
2021-07-26,10.400000,10.510000,10.130000,10.310000,9.136535,175300
2021-07-27,10.280000,10.390000,10.060000,10.180000,9.021330,384700
2021-07-28,10.160000,10.230000,9.970000,10.020000,8.879542,355200
2021-07-29,10.020000,10.210000,10.010000,10.100000,8.950438,436700
2021-07-30,10.100000,10.340000,9.960000,9.960000,8.826369,333100
2021-08-02,10.030000,10.220000,9.955000,10.090000,8.941574,470000
2021-08-03,10.110000,10.200000,9.860000,10.110000,8.959297,233200
2021-08-04,10.050000,10.100000,9.750000,9.840000,8.720028,227000
2021-08-05,9.840000,9.920000,9.774000,9.840000,8.720028,172500
2021-08-06,9.840000,9.990000,9.811000,9.950000,8.817509,176600
2021-08-09,9.950000,10.390000,9.810000,10.250000,9.083361,707600
2021-08-10,11.100000,11.100000,10.090000,10.220000,9.056778,683800
2021-08-11,10.340000,10.690000,10.190000,10.610000,9.402389,568300
2021-08-12,10.650000,11.090000,10.480000,11.060000,9.801170,823500
2021-08-13,11.170000,11.370000,10.665000,11.270000,9.987268,670800
2021-08-16,11.220000,11.310000,11.066000,11.270000,9.987268,648100
2021-08-17,11.230000,11.370000,10.860000,11.170000,9.898651,369100
2021-08-18,11.150000,11.180000,10.840000,10.880000,9.641658,662400
2021-08-19,10.810000,11.120000,10.770000,10.890000,9.650519,428200
2021-08-20,10.940000,11.120000,10.940000,10.960000,9.712551,245900
2021-08-23,11.040000,11.550000,11.040000,11.530000,10.217674,526700
2021-08-24,11.540000,11.630000,11.410000,11.580000,10.261985,491000
2021-08-25,11.570000,11.700000,11.500000,11.530000,10.217674,260900
2021-08-26,11.510000,11.620000,11.440000,11.460000,10.155643,375900
2021-08-27,11.480000,11.550000,11.300000,11.460000,10.155643,207600
2021-08-30,11.235000,11.840000,11.150000,11.180000,9.907513,511900
2021-08-31,11.100000,11.210000,10.915000,11.120000,9.934313,223100
2021-09-01,11.275000,11.485000,11.200000,11.460000,10.238062,325000
2021-09-02,11.460000,11.540000,11.360000,11.480000,10.255927,376600
2021-09-03,11.500000,11.870000,11.280000,11.310000,10.104054,608800
2021-09-07,11.270000,11.510000,11.270000,11.440000,10.220193,249700
2021-09-08,11.430000,11.460000,11.040000,11.400000,10.184458,210000
2021-09-09,11.450000,11.590000,11.410000,11.510000,10.282730,227600
2021-09-10,11.560000,11.770000,11.350000,11.600000,10.363133,247200
2021-09-13,11.610000,11.645000,11.350000,11.580000,10.345264,199100
2021-09-14,11.640000,11.670000,11.400000,11.580000,10.345264,225200
2021-09-15,11.580000,11.740000,11.420000,11.570000,10.336330,230900
2021-09-16,11.410000,11.660000,10.930000,11.600000,10.363133,253300
2021-09-17,11.490000,11.800000,11.430000,11.430000,10.211259,1365600
2021-09-20,11.240000,11.600000,10.875000,11.100000,9.916446,383200
2021-09-21,11.190000,11.640000,11.070000,11.200000,10.005783,211200
2021-09-22,11.360000,11.550000,11.160000,11.350000,10.139790,197700
2021-09-23,11.350000,11.635000,11.320000,11.560000,10.327397,264800
2021-09-24,11.580000,11.590000,11.370000,11.550000,10.318463,104600
2021-09-27,11.550000,11.750000,11.460000,11.630000,10.389934,220300
2021-09-28,11.590000,11.730000,11.370000,11.420000,10.202325,122700
2021-09-29,11.470000,11.515000,11.320000,11.350000,10.139790,110500
2021-09-30,11.420000,11.630000,11.310000,11.520000,10.291664,246500
2021-10-01,11.550000,11.660000,11.320000,11.440000,10.220193,193300
2021-10-04,11.440000,11.460000,11.080000,11.300000,10.095122,265800
2021-10-05,11.330000,11.560000,11.000000,11.240000,10.041519,146200
2021-10-06,11.180000,11.290000,11.020000,11.270000,10.068319,147900
2021-10-07,11.350000,11.410000,11.215000,11.260000,10.059385,227900
2021-10-08,11.300000,11.380000,11.070000,11.280000,10.077252,450400
2021-10-11,11.310000,11.330000,11.050000,11.260000,10.059385,458300
2021-10-12,11.180000,11.360000,11.180000,11.260000,10.059385,89000
2021-10-13,11.300000,11.310000,11.130000,11.300000,10.095122,211200
2021-10-14,11.420000,11.470000,11.240000,11.390000,10.175525,155500
2021-10-15,11.510000,11.650000,11.290000,11.380000,10.166591,212400
2021-10-18,11.390000,11.410000,11.210000,11.340000,10.130857,126700
2021-10-19,11.330000,11.460000,11.230000,11.420000,10.202325,73500
2021-10-20,11.310000,11.480000,11.220000,11.380000,10.166591,310200
2021-10-21,11.420000,11.520000,11.330000,11.360000,10.148723,106200
2021-10-22,11.320000,11.550000,11.270000,11.520000,10.291664,116600
2021-10-25,11.540000,11.580000,11.400000,11.460000,10.238062,121800
2021-10-26,11.450000,11.650000,11.370000,11.540000,10.309532,236700
2021-10-27,11.530000,11.580000,11.345000,11.440000,10.220193,123200
2021-10-28,11.370000,11.590000,11.370000,11.440000,10.220193,120700
2021-10-29,11.480000,11.540000,11.390000,11.450000,10.229126,104900
2021-11-01,11.460000,11.690000,11.460000,11.640000,10.398868,136400
2021-11-02,10.980000,11.620000,10.980000,11.560000,10.327397,252600
2021-11-03,11.600000,11.740000,11.320000,11.660000,10.416735,194500
2021-11-04,11.680000,11.780000,11.657000,11.750000,10.497139,133800
2021-11-05,11.840000,11.990000,11.730000,11.950000,10.675813,114900
2021-11-08,11.850000,12.030000,11.850000,11.950000,10.675813,132900
2021-11-09,11.830000,12.040000,11.400000,11.810000,10.550742,377100
2021-11-10,11.860000,12.370000,11.600000,12.050000,10.765150,615900
2021-11-11,12.000000,12.280000,11.970000,12.100000,10.809820,228700
2021-11-12,12.150000,12.260000,11.930000,11.960000,10.684748,267000
2021-11-15,11.930000,12.130000,11.830000,12.100000,10.809820,513200
2021-11-16,12.040000,12.380000,11.830000,11.890000,10.622210,352200
2021-11-17,11.820000,11.950000,11.710000,11.750000,10.497139,316300
2021-11-18,11.730000,11.820000,11.630000,11.750000,10.497139,273300
2021-11-19,11.690000,12.230000,11.585000,11.760000,10.506072,214400
2021-11-22,11.740000,11.890000,11.630000,11.630000,10.389934,87500
2021-11-23,11.660000,11.720000,11.470000,11.600000,10.363133,124100
2021-11-24,11.610000,11.775000,11.530000,11.620000,10.381000,161500
2021-11-26,11.430000,11.520000,11.180000,11.440000,10.220193,203100
2021-11-29,11.680000,11.680000,11.310000,11.530000,10.300596,305700
2021-11-30,11.340000,11.525000,11.120000,11.460000,10.327632,312600
2021-12-01,11.630000,11.789000,11.190000,11.220000,10.111345,350400
2021-12-02,11.210000,11.420000,11.180000,11.230000,10.120358,384900
2021-12-03,11.300000,11.300000,10.870000,10.910000,9.831977,303000
2021-12-06,10.950000,10.950000,10.570000,10.740000,9.678776,449400
2021-12-07,10.860000,11.020000,10.700000,10.750000,9.687788,398600
2021-12-08,10.790000,11.030000,10.560000,10.800000,9.732847,351700
2021-12-09,10.720000,10.920000,10.580000,10.750000,9.687788,367200
2021-12-10,10.750000,10.750000,10.555000,10.590000,9.543597,229900
2021-12-13,10.550000,10.680000,10.350000,10.430000,9.399407,299900
2021-12-14,10.330000,10.425000,10.100000,10.200000,9.192134,1517400
2021-12-15,10.260000,10.270000,9.830000,10.010000,9.020908,695600
2021-12-16,10.170000,10.475000,9.980000,10.180000,9.174109,392000
2021-12-17,10.260000,10.480000,10.050000,10.070000,9.074979,586000
2021-12-20,10.010000,10.520000,9.780000,9.990000,9.002882,333700
2021-12-21,9.960000,10.189000,9.720000,9.980000,8.993871,246000
2021-12-22,10.380000,10.380000,9.810000,10.060000,9.065967,310700
2021-12-23,10.475000,10.475000,9.990000,10.090000,9.093002,191400
2021-12-27,10.130000,10.350000,10.040000,10.210000,9.201144,193800
2021-12-28,10.530000,10.530000,10.095000,10.180000,9.174109,137600
2021-12-29,10.160000,10.280000,10.070000,10.250000,9.237193,125400
2021-12-30,10.240000,10.520000,10.170000,10.360000,9.336322,272600
2021-12-31,10.390000,10.535000,10.340000,10.500000,9.462490,313400
2022-01-03,10.755000,11.020000,10.340000,10.520000,9.480514,178800
2022-01-04,11.100000,11.100000,10.350000,10.390000,9.363360,164600
2022-01-05,10.590000,10.590000,10.230000,10.320000,9.300276,201800
2022-01-06,10.795000,10.795000,10.090000,10.210000,9.201144,149100
2022-01-07,10.150000,10.190000,9.960000,10.010000,9.020908,139600
2022-01-10,10.010000,10.130000,9.770000,10.100000,9.102015,277500
2022-01-11,10.130000,10.540000,10.020000,10.350000,9.327312,298900
2022-01-12,10.420000,10.460000,10.070000,10.080000,9.083991,167800
2022-01-13,10.030000,10.207000,9.930000,10.100000,9.102015,183400
2022-01-14,10.080000,10.080000,9.770000,9.960000,8.975848,230100
2022-01-18,9.940000,10.000000,9.710000,9.750000,8.786597,224700
2022-01-19,9.800000,9.870000,9.620000,9.750000,8.786597,192700
2022-01-20,10.660000,10.660000,9.550000,9.580000,8.633395,241000
2022-01-21,9.500000,9.730000,9.230000,9.550000,8.606359,483900
2022-01-24,9.480000,9.640000,9.360000,9.580000,8.633395,422900
2022-01-25,9.480000,9.480000,9.210000,9.210000,8.299954,423400
2022-01-26,9.280000,9.320000,8.910000,9.010000,8.119719,411400
2022-01-27,9.070000,9.275000,8.780000,8.820000,7.948492,407500
2022-01-28,8.800000,8.860000,8.440000,8.840000,7.966516,419200
2022-01-31,8.870000,9.140000,8.820000,9.090000,8.191813,435000
2022-02-01,9.120000,9.610000,8.870000,9.010000,8.119719,511500
2022-02-02,9.030000,9.220000,8.990000,9.040000,8.146752,498800
2022-02-03,9.050000,9.100000,8.780000,8.910000,8.029598,289700
2022-02-04,8.910000,9.040000,8.690000,8.810000,7.939480,260600
2022-02-07,8.800000,8.820000,8.630000,8.720000,7.858374,228000
2022-02-08,8.750000,8.830000,8.660000,8.820000,7.948492,252700
2022-02-09,8.840000,9.040000,8.780000,9.020000,8.128731,383500
2022-02-10,8.950000,9.080000,8.660000,9.020000,8.128731,522800
2022-02-11,8.990000,9.210000,8.990000,9.100000,8.200825,306000
2022-02-14,9.130000,9.340000,9.120000,9.300000,8.381063,521500
2022-02-15,10.650000,10.650000,9.830000,10.000000,9.011895,579200
2022-02-16,10.070000,10.359000,9.910000,10.340000,9.318300,390600
2022-02-17,10.300000,10.400000,10.120000,10.230000,9.219169,313400
2022-02-18,10.160000,10.330000,10.140000,10.170000,9.165097,231900
2022-02-22,10.130000,10.480000,9.860000,10.230000,9.219169,408700
2022-02-23,10.220000,10.480000,10.050000,10.100000,9.102015,227700
2022-02-24,9.890000,10.210000,9.780000,10.130000,9.129049,235000
2022-02-25,10.120000,10.250000,10.015000,10.200000,9.192134,233200
2022-02-28,10.100000,10.200000,9.990000,9.990000,9.092021,241300
2022-03-01,9.930000,10.100000,9.900000,10.080000,9.173932,438800
2022-03-02,10.080000,10.460000,10.055000,10.440000,9.501572,461900
2022-03-03,10.470000,10.540000,10.360000,10.500000,9.556179,245700
2022-03-04,10.410000,10.445000,10.140000,10.360000,9.428761,253100
2022-03-07,10.320000,10.410000,10.190000,10.330000,9.401460,360200
2022-03-08,10.300000,10.300000,10.040000,10.050000,9.146627,258600
2022-03-09,10.120000,10.350000,10.120000,10.270000,9.346852,110400
2022-03-10,10.170000,10.320000,9.970000,10.200000,9.283144,106400
2022-03-11,10.230000,10.300000,10.170000,10.250000,9.328650,119500
2022-03-14,10.250000,10.335000,10.095000,10.240000,9.319550,164100
2022-03-15,10.250000,10.450000,10.250000,10.400000,9.465167,210000
2022-03-16,10.440000,10.580000,10.280000,10.550000,9.601685,274800
2022-03-17,10.520000,10.683000,10.520000,10.610000,9.656290,221700
2022-03-18,10.640000,10.860000,10.590000,10.780000,9.811010,710000
2022-03-21,10.580000,10.810000,10.420000,10.650000,9.692694,129700
2022-03-22,10.630000,10.760000,10.440000,10.460000,9.519773,186300
2022-03-23,10.440000,10.788000,10.360000,10.370000,9.437862,115100
2022-03-24,10.330000,10.430000,10.220000,10.250000,9.328650,116000
2022-03-25,10.310000,10.350000,10.090000,10.120000,9.210336,140200
2022-03-28,10.070000,10.175000,9.935000,10.010000,9.110223,214900
2022-03-29,10.050000,10.250000,9.950000,9.980000,9.082920,288000
2022-03-30,9.990000,10.080000,9.830000,9.830000,8.946403,203400
2022-03-31,9.810000,9.890000,9.690000,9.710000,8.837189,218100
2022-04-01,9.750000,9.770000,9.570000,9.630000,8.764381,189300
2022-04-04,9.650000,9.800000,9.550000,9.720000,8.846291,256200
2022-04-05,9.730000,9.754000,9.420000,9.450000,8.600560,855600
2022-04-06,9.410000,9.650000,9.380000,9.410000,8.564157,224600
2022-04-07,9.370000,9.709000,9.310000,9.350000,8.509550,389300
2022-04-08,9.380000,9.570000,9.280000,9.300000,8.464044,205100
2022-04-11,9.270000,9.360000,9.150000,9.220000,8.391235,187900
2022-04-12,9.250000,9.370000,9.110000,9.130000,8.309325,101100
2022-04-13,9.080000,9.150000,8.915000,9.130000,8.309325,116700
2022-04-14,9.170000,9.175000,9.040000,9.140000,8.318426,178200
2022-04-18,9.080000,9.180000,9.010000,9.110000,8.291122,248800
2022-04-19,9.060000,9.270000,9.060000,9.230000,8.400333,279600
2022-04-20,9.270000,9.280000,9.160000,9.200000,8.373032,161000
2022-04-21,9.260000,9.310000,9.100000,9.180000,8.354829,156100
2022-04-22,9.200000,9.210000,8.950000,8.980000,8.172807,344500
2022-04-25,8.860000,8.870000,8.590000,8.800000,8.008988,517800
2022-04-26,8.690000,8.720000,8.450000,8.490000,7.726853,298700
2022-04-27,8.510000,8.520000,8.190000,8.330000,7.581235,296000
2022-04-28,8.420000,8.470000,8.200000,8.250000,7.508425,543400
2022-04-29,8.270000,8.420000,8.210000,8.250000,7.508425,320600
2022-05-02,8.250000,8.400000,8.090000,8.160000,7.426516,656200
2022-05-03,8.180000,8.315000,8.050000,8.290000,7.544830,435500
2022-05-04,8.350000,8.430000,8.110000,8.390000,7.635842,257700
2022-05-05,8.330000,8.590000,8.280000,8.480000,7.717751,713000
2022-05-06,8.480000,8.550000,8.340000,8.450000,7.690448,480200
2022-05-09,8.440000,8.700000,8.280000,8.670000,7.890673,1102400
2022-05-10,8.680000,9.070000,8.490000,8.640000,7.863370,407700
2022-05-11,8.590000,8.635000,8.050000,8.130000,7.399212,513700
2022-05-12,8.160000,8.330000,8.030000,8.180000,7.444718,381900
2022-05-13,8.190000,8.260000,8.035000,8.180000,7.444718,373400
2022-05-16,8.150000,8.180000,7.955000,8.080000,7.353707,291100
2022-05-17,8.190000,8.390000,8.080000,8.320000,7.572134,354200
2022-05-18,8.270000,8.320000,7.920000,8.000000,7.280898,468000
2022-05-19,7.960000,8.080000,7.780000,7.990000,7.271796,298500
2022-05-20,8.070000,8.120000,7.800000,8.020000,7.299100,358400
2022-05-23,8.130000,8.225000,8.010000,8.160000,7.426516,299300
2022-05-24,8.125000,8.150000,7.950000,8.040000,7.317302,368600
2022-05-25,8.040000,8.310000,8.000000,8.230000,7.490222,199100
2022-05-26,8.320000,8.430000,8.220000,8.240000,7.499325,213100
2022-05-27,8.260000,8.500000,8.260000,8.430000,7.672245,224500
2022-05-31,8.340000,8.480000,8.160000,8.190000,7.543301,289600
2022-06-01,8.240000,8.270000,7.830000,7.940000,7.313041,333300
2022-06-02,7.940000,8.140000,7.940000,8.080000,7.441987,313500
2022-06-03,8.100000,8.100000,7.940000,7.970000,7.340672,183000
2022-06-06,8.010000,8.140000,7.865000,7.870000,7.248568,266100
2022-06-07,7.830000,8.090000,7.780000,7.890000,7.266989,208800
2022-06-08,7.880000,7.940000,7.765000,7.780000,7.165675,149800
2022-06-09,7.770000,7.909000,7.620000,7.830000,7.211727,236700
2022-06-10,7.810000,7.810000,7.310000,7.340000,6.760418,559300
2022-06-13,7.180000,7.260000,7.040000,7.170000,6.603843,430500
2022-06-14,7.130000,7.150000,6.830000,6.900000,6.355162,277800
2022-06-15,6.880000,7.020000,6.820000,6.920000,6.373582,229200
2022-06-16,6.810000,6.810000,6.260000,6.450000,5.940695,520500
2022-06-17,6.430000,6.675000,6.430000,6.650000,6.124902,388500
2022-06-21,6.760000,6.820000,6.580000,6.590000,6.069640,209000
2022-06-22,6.570000,6.980000,6.460000,6.580000,6.060430,251600
2022-06-23,6.570000,6.900000,6.570000,6.850000,6.309109,246700
2022-06-24,6.890000,7.100000,6.760000,6.850000,6.309109,678600
2022-06-27,6.890000,7.010000,6.795000,6.830000,6.290689,193500
2022-06-28,6.880000,7.045000,6.690000,6.720000,6.189374,145300
2022-06-29,6.650000,6.715000,6.580000,6.700000,6.170954,195000
2022-06-30,6.670000,6.900000,6.620000,6.850000,6.309109,242600
2022-07-01,6.870000,7.020000,6.740000,7.010000,6.456477,228200
2022-07-05,7.030000,7.210000,6.728000,7.090000,6.530159,380900
2022-07-06,7.100000,7.100000,6.790000,6.920000,6.373582,248500
2022-07-07,6.940000,7.170000,6.940000,7.120000,6.557790,199800
2022-07-08,7.080000,7.290000,6.920000,6.940000,6.392004,231300
2022-07-11,6.930000,7.005000,6.795000,6.820000,6.281479,176000
2022-07-12,6.830000,7.065000,6.830000,6.920000,6.373582,180800
2022-07-13,6.870000,6.990000,6.820000,6.890000,6.345952,110300
2022-07-14,6.800000,6.930000,6.750000,6.880000,6.336740,97000
2022-07-15,6.990000,7.100000,6.950000,7.060000,6.502528,152300
2022-07-18,7.130000,7.130000,6.910000,6.910000,6.364372,112200
2022-07-19,6.940000,7.120000,6.940000,7.100000,6.539369,91300
2022-07-20,7.130000,7.310000,7.130000,7.290000,6.714367,204300
2022-07-21,7.250000,7.370000,7.220000,7.350000,6.769629,117800
2022-07-22,7.390000,7.440000,7.330000,7.400000,6.815681,126300
2022-07-25,7.420000,7.485000,7.390000,7.460000,6.870943,127400
2022-07-26,7.450000,7.540000,7.390000,7.540000,6.944625,235700
2022-07-27,7.560000,7.640000,7.500000,7.530000,6.935416,176000
2022-07-28,7.580000,7.880000,7.560000,7.820000,7.202517,198000
2022-07-29,7.830000,8.005000,7.830000,7.910000,7.285410,145700
2022-08-01,7.870000,7.970000,7.865000,7.950000,7.322252,140800
2022-08-02,7.940000,8.070000,7.860000,7.990000,7.359093,167100
2022-08-03,8.040000,8.190000,8.020000,8.160000,7.515670,276600
2022-08-04,8.180000,8.270000,8.130000,8.260000,7.607774,93000
2022-08-05,8.220000,8.250000,8.160000,8.200000,7.552511,99600
2022-08-08,8.220000,8.375000,8.210000,8.300000,7.644614,409700
2022-08-09,9.000000,9.000000,8.000000,8.140000,7.497249,409000
2022-08-10,8.230000,8.595000,8.230000,8.490000,7.819611,303100
2022-08-11,8.490000,8.590000,8.480000,8.520000,7.847243,477500
2022-08-12,8.570000,8.810000,8.560000,8.680000,7.994610,214600
2022-08-15,8.670000,8.710000,8.570000,8.610000,7.930136,88600
2022-08-16,8.560000,8.730000,8.545000,8.640000,7.957768,148100
2022-08-17,8.610000,8.610000,8.460000,8.500000,7.828822,192400
2022-08-18,8.510000,8.515000,8.420000,8.440000,7.773560,149500
2022-08-19,8.380000,8.380000,8.220000,8.330000,7.672245,234900
2022-08-22,8.270000,8.270000,8.110000,8.130000,7.488039,170800
2022-08-23,8.150000,8.180000,8.000000,8.050000,7.414355,227600
2022-08-24,8.040000,8.265000,8.010000,8.210000,7.561722,164100
2022-08-25,8.310000,8.320000,8.160000,8.190000,7.543301,96400
2022-08-26,8.230000,8.230000,7.930000,7.970000,7.340672,173000
2022-08-29,7.890000,8.055000,7.890000,7.970000,7.340672,129900
2022-08-30,7.970000,8.050000,7.830000,7.900000,7.276200,263400
2022-08-31,7.910000,7.980000,7.795000,7.850000,7.322843,137400
2022-09-01,7.810000,7.920000,7.670000,7.790000,7.266871,305100
2022-09-02,7.890000,8.030000,7.680000,7.760000,7.238886,151400
2022-09-06,7.820000,7.950000,7.760000,7.860000,7.332170,264900
2022-09-07,7.810000,7.990000,7.780000,7.840000,7.313513,272600
2022-09-08,7.770000,8.017000,7.570000,7.850000,7.322843,146400
2022-09-09,7.870000,8.140000,7.700000,8.140000,7.593368,177700
2022-09-12,8.150000,8.190000,8.105000,8.160000,7.612025,97200
2022-09-13,8.100000,8.100000,7.950000,8.040000,7.500083,212500
2022-09-14,8.060000,8.270000,8.020000,8.250000,7.695981,468300
2022-09-15,8.200000,8.340000,8.140000,8.220000,7.667995,375100
2022-09-16,8.190000,8.370000,8.030000,8.300000,7.742622,1101400
2022-09-19,8.370000,8.450000,8.140000,8.430000,7.863894,361000
2022-09-20,8.310000,8.320000,8.185000,8.280000,7.723966,515300
2022-09-21,8.350000,8.410000,8.200000,8.240000,7.686651,311100
2022-09-22,8.200000,8.240000,8.040000,8.100000,7.556054,428200
2022-09-23,8.170000,8.170000,7.650000,7.670000,7.154930,541400
2022-09-26,7.660000,7.910000,7.660000,7.860000,7.332170,657300
2022-09-27,7.920000,7.960000,7.790000,7.840000,7.313513,528500
2022-09-28,7.900000,7.950000,7.870000,7.880000,7.350828,202200
2022-09-29,7.840000,7.840000,7.630000,7.730000,7.210901,394400
2022-09-30,7.750000,7.940000,7.700000,7.890000,7.360156,191100
2022-10-03,7.970000,8.105000,7.870000,8.050000,7.509411,493200
2022-10-04,8.180000,8.270000,8.120000,8.140000,7.593368,365000
2022-10-05,8.090000,8.090000,7.950000,8.000000,7.462769,405200
2022-10-06,7.980000,7.980000,7.810000,7.850000,7.322843,632300
2022-10-07,7.770000,7.820000,7.475000,7.550000,7.042989,565900
2022-10-10,7.640000,7.680000,7.380000,7.500000,6.996346,605800
2022-10-11,7.440000,7.505000,7.140000,7.300000,6.809777,379300
2022-10-12,7.320000,7.320000,7.110000,7.120000,6.641864,253000
2022-10-13,7.010000,7.285000,6.860000,7.270000,6.781792,332700
2022-10-14,7.350000,7.490000,7.180000,7.250000,6.763134,274900
2022-10-17,7.290000,7.480000,7.290000,7.400000,6.903061,166800
2022-10-18,7.490000,7.560000,7.390000,7.450000,6.949703,203600
2022-10-19,7.490000,7.550000,7.370000,7.460000,6.959032,246500
2022-10-20,7.390000,7.580000,7.390000,7.500000,6.996346,185300
2022-10-21,7.530000,7.890000,7.270000,7.670000,7.154930,281300
2022-10-24,7.720000,7.840000,7.640000,7.790000,7.266871,246600
2022-10-25,7.800000,7.970000,7.590000,7.950000,7.416127,258800
2022-10-26,7.990000,8.180000,7.880000,8.110000,7.565381,86000
2022-10-27,8.170000,8.230000,8.110000,8.120000,7.574710,92500
2022-10-28,8.190000,8.420000,8.130000,8.250000,7.695981,166300
2022-10-31,8.240000,8.350000,8.060000,8.270000,7.714638,118800
2022-11-01,8.370000,8.510000,8.350000,8.370000,7.807922,199500
2022-11-02,8.370000,8.620000,8.230000,8.230000,7.677323,133400
2022-11-03,8.160000,8.250000,7.960000,7.960000,7.425455,97300
2022-11-04,8.060000,8.195000,7.970000,7.990000,7.453440,172300
2022-11-07,8.040000,8.280000,8.000000,8.280000,7.723966,291300
2022-11-08,8.280000,8.360000,7.920000,8.000000,7.462769,488100
2022-11-09,8.020000,8.500000,7.900000,8.350000,7.789266,364300
2022-11-10,8.550000,9.010000,8.405000,8.820000,8.227702,541500
2022-11-11,8.830000,9.040000,8.800000,8.870000,8.274343,466900
2022-11-14,8.770000,8.930000,8.650000,8.760000,8.171732,184400
2022-11-15,8.770000,9.060000,8.770000,8.810000,8.218374,225800
2022-11-16,8.740000,8.835000,8.675000,8.700000,8.115762,154500
2022-11-17,8.600000,8.955000,8.540000,8.640000,8.059792,106400
2022-11-18,8.790000,8.790000,8.630000,8.700000,8.115762,468700
2022-11-21,8.660000,8.860000,8.660000,8.690000,8.106432,209600
2022-11-22,8.750000,8.800000,8.600000,8.800000,8.209046,164600
2022-11-23,8.820000,8.980000,8.720000,8.840000,8.246360,75500
2022-11-25,8.850000,9.000000,8.840000,8.850000,8.255689,64000
2022-11-28,8.860000,8.860000,8.640000,8.700000,8.115762,213200
2022-11-29,8.680000,8.940000,8.600000,8.860000,8.265017,677200
2022-11-30,8.690000,8.780000,8.540000,8.770000,8.283909,223100
2022-12-01,8.840000,8.940000,8.730000,8.810000,8.321691,241400
2022-12-02,8.800000,8.910000,8.730000,8.790000,8.302799,148400
2022-12-05,8.720000,8.860000,8.640000,8.720000,8.236680,174600
2022-12-06,8.700000,8.780000,8.590000,8.640000,8.161115,257600
2022-12-07,8.590000,8.800000,8.520000,8.550000,8.076102,177200
2022-12-08,8.550000,8.690000,8.525000,8.560000,8.085548,86500
2022-12-09,8.550000,8.675000,8.530000,8.610000,8.132776,159100
2022-12-12,8.590000,8.770000,8.510000,8.700000,8.217789,224600
2022-12-13,8.860000,9.030000,8.580000,8.610000,8.132776,433300
2022-12-14,8.630000,8.765000,8.510000,8.550000,8.076102,159200
2022-12-15,8.460000,8.555000,8.230000,8.380000,7.915524,278000
2022-12-16,8.330000,8.345000,7.810000,8.100000,7.651044,1467300
2022-12-19,8.100000,8.100000,7.680000,7.810000,7.377118,280800
2022-12-20,7.780000,8.040000,7.780000,7.940000,7.499912,372600
2022-12-21,7.960000,8.130000,7.960000,8.000000,7.556587,287200
2022-12-22,7.940000,8.000000,7.670000,7.720000,7.292106,215800
2022-12-23,7.750000,7.850000,7.680000,7.840000,7.405455,244100
2022-12-27,7.880000,7.915000,7.710000,7.720000,7.292106,221300
2022-12-28,7.730000,7.880000,7.520000,7.550000,7.131529,241000
2022-12-29,7.590000,7.770000,7.550000,7.730000,7.301552,287400
2022-12-30,7.710000,7.720000,7.580000,7.610000,7.188203,170800
2023-01-03,7.680000,7.820000,7.630000,7.660000,7.235432,231500
2023-01-04,7.750000,7.875000,7.620000,7.780000,7.348781,220400
2023-01-05,7.790000,7.790000,7.630000,7.660000,7.235432,108500
2023-01-06,7.730000,7.855000,7.710000,7.830000,7.396009,185400
2023-01-09,7.910000,7.980000,7.790000,7.820000,7.386564,245400
2023-01-10,7.830000,7.930000,7.720000,7.890000,7.452683,136700
2023-01-11,7.880000,8.100000,7.880000,8.060000,7.613262,171400
2023-01-12,8.080000,8.245000,8.020000,8.200000,7.745502,115400
2023-01-13,8.120000,8.220000,8.060000,8.200000,7.745502,57000
2023-01-17,8.220000,8.235000,8.090000,8.120000,7.669936,102000
2023-01-18,8.110000,8.310000,8.040000,8.220000,7.764393,225500
2023-01-19,8.150000,8.240000,7.970000,8.180000,7.726611,131000
2023-01-20,8.260000,8.590000,8.190000,8.460000,7.991090,336800
2023-01-23,8.460000,8.570000,8.375000,8.480000,8.009981,122600
2023-01-24,8.420000,8.610000,8.390000,8.510000,8.038319,106900
2023-01-25,8.510000,8.760000,8.435000,8.760000,8.274464,353600
2023-01-26,8.840000,8.880000,8.690000,8.870000,8.378365,512500
2023-01-27,8.850000,8.995000,8.850000,8.910000,8.416148,225800
2023-01-30,8.880000,8.955000,8.820000,8.890000,8.397258,97400
2023-01-31,8.910000,9.000000,8.780000,8.960000,8.463378,137200
2023-02-01,8.950000,9.210000,8.880000,9.120000,8.614510,203000
2023-02-02,9.160000,9.350000,9.160000,9.350000,8.831760,221800
2023-02-03,9.280000,9.460000,9.220000,9.400000,8.878989,101200
2023-02-06,9.350000,9.440000,9.275000,9.300000,8.784532,106400
2023-02-07,9.220000,9.480000,9.185000,9.390000,8.869544,176400
2023-02-08,9.350000,9.390000,9.200000,9.230000,8.718410,152100
2023-02-09,9.240000,9.360000,9.150000,9.190000,8.680629,98700
2023-02-10,9.120000,9.400000,9.120000,9.300000,8.784532,73100
2023-02-13,9.250000,9.410000,9.160000,9.400000,8.878989,149900
2023-02-14,9.170000,9.430000,8.755000,8.950000,8.453931,372200
2023-02-15,8.440000,8.790000,8.250000,8.450000,7.981644,398700
2023-02-16,8.310000,8.620000,8.300000,8.510000,8.038319,304200
2023-02-17,8.580000,8.650000,8.260000,8.640000,8.161115,206400
2023-02-21,8.460000,8.520000,8.280000,8.330000,7.868296,151100
2023-02-22,8.350000,8.430000,8.260000,8.290000,7.830513,149800
2023-02-23,8.360000,8.375000,8.150000,8.150000,7.698272,80800
2023-02-24,8.050000,8.110000,7.900000,8.090000,7.641598,111100
2023-02-27,8.170000,8.175000,7.950000,8.090000,7.641598,171400
2023-02-28,8.060000,8.370000,7.830000,8.230000,7.880996,499600
2023-03-01,8.320000,8.350000,8.170000,8.270000,7.919301,151100
2023-03-02,8.270000,8.270000,8.190000,8.240000,7.890573,69100
2023-03-03,8.320000,8.470000,8.320000,8.430000,8.072515,128200
2023-03-06,8.480000,8.480000,8.305000,8.380000,8.024635,170400
2023-03-07,8.400000,8.410000,8.265000,8.270000,7.919301,86200
2023-03-08,8.320000,8.430000,8.310000,8.420000,8.062940,56700
2023-03-09,8.400000,8.470000,8.310000,8.330000,7.976756,141600
2023-03-10,8.280000,8.280000,7.810000,8.110000,7.766085,334500
2023-03-13,7.980000,7.980000,7.520000,7.830000,7.497959,443900
2023-03-14,8.020000,8.030000,7.690000,7.760000,7.430928,452100
2023-03-15,7.590000,7.740000,7.510000,7.700000,7.373472,343600
2023-03-16,7.600000,7.890000,7.510000,7.800000,7.469231,311100
2023-03-17,7.730000,7.770000,7.440000,7.580000,7.258561,1018400
2023-03-20,7.630000,8.105000,7.555000,7.680000,7.354320,160500
2023-03-21,7.810000,7.905000,7.760000,7.840000,7.507535,189400
2023-03-22,7.790000,7.790000,7.580000,7.590000,7.268137,155700
2023-03-23,7.590000,7.660000,7.445000,7.510000,7.191529,145000
2023-03-24,7.440000,7.555000,7.420000,7.540000,7.220257,108100
2023-03-27,7.630000,7.633000,7.560000,7.570000,7.248985,118500
2023-03-28,7.530000,7.610000,7.530000,7.570000,7.248985,73200
2023-03-29,7.640000,7.640000,7.460000,7.590000,7.268137,112800
2023-03-30,7.670000,7.710000,7.600000,7.650000,7.325593,47600
2023-03-31,7.350000,7.840000,7.020000,7.810000,7.478807,495500
2023-04-03,7.810000,7.810000,7.530000,7.720000,7.392623,180500
2023-04-04,7.730000,7.730000,7.505000,7.520000,7.201105,116900
2023-04-05,7.610000,7.760000,7.540000,7.630000,7.306440,178100
2023-04-06,7.610000,7.730000,7.610000,7.670000,7.344744,51900
2023-04-10,7.600000,7.740000,7.600000,7.680000,7.354320,108400
2023-04-11,7.720000,7.850000,7.720000,7.790000,7.459655,86000
2023-04-12,7.830000,7.860000,7.780000,7.790000,7.459655,54500
2023-04-13,7.790000,8.070000,7.690000,7.980000,7.641598,231700
2023-04-14,7.990000,8.060000,7.880000,7.940000,7.603294,58900
2023-04-17,7.970000,8.125000,7.904000,8.010000,7.670326,132400
2023-04-18,8.040000,8.105000,7.990000,8.030000,7.689477,49800
2023-04-19,7.960000,8.075000,7.900000,8.020000,7.679902,65000
2023-04-20,7.970000,8.050000,7.895000,7.960000,7.622447,87900
2023-04-21,7.940000,8.090000,7.895000,8.010000,7.670326,112500
2023-04-24,8.000000,8.030000,7.950000,8.020000,7.679902,41200
2023-04-25,7.950000,7.990000,7.890000,7.910000,7.574566,35500
2023-04-26,7.840000,7.920000,7.750000,7.870000,7.536263,177000
2023-04-27,7.920000,8.080000,7.860000,8.080000,7.737357,161000
2023-04-28,8.060000,8.160000,8.020000,8.070000,7.727781,314300
2023-05-01,8.030000,8.180000,7.940000,8.000000,7.660750,106800
2023-05-02,7.970000,8.070000,7.880000,8.030000,7.689477,295500
2023-05-03,8.040000,8.150000,7.690000,7.750000,7.421352,478100
2023-05-04,7.700000,7.730000,7.485000,7.550000,7.229833,130300
2023-05-05,7.660000,7.845000,7.530000,7.840000,7.507535,253900
2023-05-08,7.830000,7.905000,7.750000,7.790000,7.459655,172700
2023-05-09,7.730000,7.740000,7.640000,7.680000,7.354320,122700
2023-05-10,7.780000,7.940000,7.220000,7.410000,7.095769,392000
2023-05-11,7.310000,7.410000,6.930000,7.150000,6.846796,251700
2023-05-12,7.180000,7.180000,6.920000,6.950000,6.655277,481900
2023-05-15,6.970000,7.050000,6.950000,6.980000,6.684005,149400
2023-05-16,6.930000,6.970000,6.810000,6.860000,6.569093,227200
2023-05-17,6.900000,7.140000,6.890000,7.110000,6.808492,176100
2023-05-18,7.120000,7.160000,7.050000,7.120000,6.818068,103300
2023-05-19,7.220000,7.220000,7.080000,7.120000,6.818068,83500
2023-05-22,7.130000,7.330000,7.070000,7.230000,6.923403,62400
2023-05-23,7.230000,7.290000,7.150000,7.180000,6.875523,91500
2023-05-24,7.170000,7.170000,6.960000,6.990000,6.693580,237200
2023-05-25,7.000000,7.055000,6.940000,7.030000,6.731884,89800
2023-05-26,7.030000,7.140000,6.960000,7.110000,6.808492,112700
2023-05-30,7.090000,7.160000,7.050000,7.050000,6.751036,92400
2023-05-31,6.910000,6.980000,6.830000,6.900000,6.712125,216400
2023-06-01,6.900000,6.995000,6.830000,6.960000,6.770492,110700
2023-06-02,7.040000,7.150000,7.030000,7.050000,6.858041,201800
2023-06-05,7.000000,7.095000,7.000000,7.020000,6.828858,166600
2023-06-06,6.990000,7.160000,6.990000,7.110000,6.916407,239800
2023-06-07,7.120000,7.220000,7.070000,7.180000,6.984501,604000
2023-06-08,7.190000,7.190000,7.040000,7.050000,6.858041,102300
2023-06-09,7.020000,7.040000,6.970000,7.010000,6.819130,70100
2023-06-12,7.030000,7.160000,6.560000,7.070000,6.877496,371200
2023-06-13,7.060000,7.240000,7.040000,7.220000,7.023412,115200
2023-06-14,7.200000,7.330000,7.110000,7.140000,6.945590,228200
2023-06-15,7.140000,7.200000,7.100000,7.190000,6.994229,126200
2023-06-16,7.350000,7.350000,7.035000,7.100000,6.906679,930400
2023-06-20,7.070000,7.151000,7.000000,7.150000,6.955318,149700
2023-06-21,7.140000,7.160000,7.090000,7.120000,6.926135,93900
2023-06-22,7.110000,7.310000,7.050000,7.290000,7.091506,402000
2023-06-23,7.250000,7.360000,7.140000,7.330000,7.130417,914800
2023-06-26,7.310000,7.440000,7.290000,7.410000,7.208239,95800
2023-06-27,7.460000,7.705000,7.240000,7.410000,7.208239,272300
2023-06-28,7.440000,7.810000,7.360000,7.570000,7.363882,213000
2023-06-29,7.580000,7.690000,7.500000,7.570000,7.363882,138900
2023-06-30,7.620000,7.660000,7.510000,7.540000,7.334699,121800
2023-07-03,7.520000,7.560000,7.430000,7.500000,7.295788,60500
2023-07-05,7.530000,7.540000,7.250000,7.420000,7.217967,126200
2023-07-06,7.410000,7.410000,7.290000,7.320000,7.120689,140400
2023-07-07,7.350000,7.380000,7.320000,7.340000,7.140145,311500
2023-07-10,7.380000,7.470000,7.310000,7.390000,7.188783,69000
2023-07-11,7.390000,7.520000,7.350000,7.450000,7.247149,170800
2023-07-12,7.560000,7.570000,7.460000,7.530000,7.324971,126700
2023-07-13,7.540000,7.700000,7.540000,7.700000,7.490342,146200
2023-07-14,7.720000,7.760000,7.570000,7.580000,7.373610,109100
2023-07-17,7.570000,7.640000,7.560000,7.610000,7.402793,343500
2023-07-18,7.590000,7.680000,7.590000,7.620000,7.412520,134900
2023-07-19,7.610000,7.700000,7.370000,7.680000,7.470887,156600
2023-07-20,7.650000,7.790000,7.580000,7.760000,7.548709,142800
2023-07-21,7.690000,7.920000,7.690000,7.880000,7.665442,208600
2023-07-24,7.910000,8.030000,7.830000,7.940000,7.723808,79900
2023-07-25,7.910000,7.980000,7.890000,7.900000,7.684897,44300
2023-07-26,7.900000,8.020000,7.900000,7.940000,7.723808,65200
2023-07-27,7.950000,7.980000,7.790000,7.810000,7.597347,121300
2023-07-28,7.820000,7.990000,7.720000,7.780000,7.568164,67300
2023-07-31,7.820000,7.920000,7.820000,7.850000,7.636258,131400
2023-08-01,7.850000,7.900000,7.770000,7.870000,7.655714,52300
2023-08-02,7.820000,7.900000,7.750000,7.880000,7.665442,86000
2023-08-03,7.880000,8.060000,7.770000,8.050000,7.830812,135000
2023-08-04,8.100000,8.180000,7.940000,7.960000,7.743263,230900
2023-08-07,8.000000,8.020000,7.890000,7.970000,7.752991,65100
2023-08-08,7.940000,7.960000,7.750000,7.800000,7.587620,160300
2023-08-09,8.430000,8.430000,7.940000,8.000000,7.782174,175100
2023-08-10,8.190000,8.360000,8.130000,8.230000,8.005911,133800
2023-08-11,8.250000,8.340000,8.210000,8.270000,8.044823,99300
2023-08-14,8.300000,8.300000,7.850000,8.180000,7.957273,138300
2023-08-15,8.160000,8.160000,7.935000,7.990000,7.772446,137500
2023-08-16,8.030000,8.090000,7.810000,7.820000,7.607075,147200
2023-08-17,7.870000,8.089000,7.710000,7.710000,7.500070,82500
2023-08-18,7.670000,7.735000,7.575000,7.670000,7.461159,314200
2023-08-21,7.680000,7.800000,7.675000,7.760000,7.548709,85800
2023-08-22,7.790000,7.790000,7.639000,7.670000,7.461159,69200
2023-08-23,7.690000,7.790000,7.560000,7.740000,7.529253,159100
2023-08-24,7.710000,7.810000,7.650000,7.710000,7.500070,146300
2023-08-25,7.710000,7.710000,7.550000,7.570000,7.363882,80800
2023-08-28,7.590000,7.660000,7.577000,7.650000,7.441704,48900
2023-08-29,7.660000,7.740000,7.640000,7.670000,7.461159,52500
2023-08-30,7.640000,7.840000,7.615000,7.820000,7.607075,701000
2023-08-31,7.720000,7.805000,7.620000,7.640000,7.538010,125700
2023-09-01,7.680000,7.800000,7.640000,7.770000,7.666274,165400
2023-09-05,7.740000,7.780000,7.655000,7.760000,7.656408,82800
2023-09-06,7.780000,7.780000,7.650000,7.690000,7.587342,151700
2023-09-07,7.680000,7.770000,7.520000,7.750000,7.646541,365700
2023-09-08,7.790000,7.890000,7.710000,7.880000,7.774806,116000
2023-09-11,7.900000,7.900000,7.760000,7.800000,7.695874,159600
2023-09-12,7.770000,8.050000,7.770000,8.010000,7.903070,176700
2023-09-13,8.000000,8.000000,7.830000,7.850000,7.745206,129700
2023-09-14,7.870000,7.940000,7.730000,7.900000,7.794539,135400
2023-09-15,7.870000,7.940000,7.700000,7.730000,7.626808,640400
2023-09-18,7.730000,7.960000,7.730000,7.880000,7.774806,121500
2023-09-19,7.860000,7.930000,7.860000,7.910000,7.804405,69100
2023-09-20,7.940000,7.970000,7.810000,7.810000,7.705740,113500
2023-09-21,7.770000,7.850000,7.700000,7.710000,7.607075,68000
2023-09-22,7.740000,7.740000,7.470000,7.670000,7.567609,93900
2023-09-25,7.630000,7.790000,7.580000,7.770000,7.666274,70500
2023-09-26,7.770000,7.795000,7.695000,7.720000,7.616941,97400
2023-09-27,7.740000,7.770000,7.680000,7.740000,7.636674,138400
2023-09-28,7.740000,7.800000,7.690000,7.760000,7.656408,65600
2023-09-29,7.770000,7.805000,7.720000,7.760000,7.656408,92600
2023-10-02,7.750000,7.750000,7.585000,7.620000,7.518276,94200
2023-10-03,7.560000,7.660000,7.520000,7.550000,7.449211,78200
2023-10-04,7.560000,7.660000,7.520000,7.590000,7.488677,131800
2023-10-05,7.590000,7.710000,7.560000,7.680000,7.577476,118500
2023-10-06,7.655000,7.720000,7.640000,7.670000,7.567609,84400
2023-10-09,7.630000,7.840000,7.590000,7.820000,7.715607,225000
2023-10-10,7.830000,8.000000,7.750000,7.750000,7.646541,153700
2023-10-11,7.770000,7.850000,7.750000,7.800000,7.695874,75000
2023-10-12,7.820000,7.930000,7.740000,7.780000,7.676141,178100
2023-10-13,7.820000,7.895000,7.750000,7.860000,7.755073,127600
2023-10-16,7.930000,8.110000,7.930000,8.050000,7.942536,178200
2023-10-17,8.050000,8.120000,7.970000,8.000000,7.893204,149500
2023-10-18,7.950000,8.050000,7.875000,7.920000,7.814272,104100
2023-10-19,7.890000,8.020000,7.870000,7.890000,7.784672,99900
2023-10-20,7.870000,7.940000,7.740000,7.780000,7.676141,198600
2023-10-23,7.750000,7.860000,7.710000,7.740000,7.636674,115200
2023-10-24,7.740000,7.870000,7.731000,7.860000,7.755073,66900
2023-10-25,7.780000,7.800000,7.705000,7.710000,7.607075,88900
2023-10-26,7.710000,7.880000,7.710000,7.840000,7.735340,62600
2023-10-27,7.840000,7.840000,7.700000,7.800000,7.695874,110300
2023-10-30,7.880000,7.900000,7.830000,7.880000,7.774806,77100
2023-10-31,7.910000,8.050000,7.890000,8.050000,7.942536,231000
2023-11-01,8.030000,8.195000,7.940000,8.170000,8.060934,135900
2023-11-02,8.260000,8.400000,8.120000,8.390000,8.277998,230900
2023-11-03,8.410000,8.590000,8.380000,8.450000,8.337196,452800
2023-11-06,8.440000,8.620000,8.400000,8.450000,8.337196,141000
2023-11-07,8.440000,8.530000,8.385000,8.470000,8.356930,252000
2023-11-08,8.840000,8.840000,8.550000,8.650000,8.534526,189800
2023-11-09,8.550000,8.695000,8.460000,8.610000,8.495060,126900
2023-11-10,8.610000,8.750000,8.400000,8.740000,8.623324,228200
2023-11-13,8.700000,8.740000,8.520000,8.590000,8.475327,177000
2023-11-14,8.760000,8.860000,8.700000,8.860000,8.741723,251000
2023-11-15,8.820000,8.930000,8.590000,8.590000,8.475327,229600
2023-11-16,8.600000,8.650000,7.750000,8.490000,8.376662,487900
2023-11-17,8.510000,8.570000,8.410000,8.430000,8.317464,136900
2023-11-20,8.480000,8.540000,8.380000,8.440000,8.327330,196000
2023-11-21,8.440000,8.440000,8.320000,8.360000,8.248398,160600
2023-11-22,8.410000,8.580000,8.350000,8.410000,8.297730,539600
2023-11-24,8.410000,8.500000,8.410000,8.460000,8.347063,47300
2023-11-27,8.410000,8.520000,8.350000,8.460000,8.347063,115900
2023-11-28,8.480000,8.480000,8.230000,8.230000,8.120132,80200
2023-11-29,8.310000,8.340000,8.225000,8.240000,8.129999,93200
2023-11-30,8.160000,8.240000,8.060000,8.070000,8.070000,93700
2023-12-01,8.080000,8.225000,8.040000,8.210000,8.210000,112700
2023-12-04,8.210000,8.400000,8.210000,8.350000,8.350000,136600
2023-12-05,8.360000,8.460000,8.350000,8.460000,8.460000,105300
2023-12-06,8.470000,8.600000,8.470000,8.540000,8.540000,203200
2023-12-07,8.530000,8.580000,8.420000,8.560000,8.560000,130200
2023-12-08,8.580000,8.700000,8.520000,8.660000,8.660000,99900
2023-12-11,8.680000,8.730000,8.445000,8.680000,8.680000,176700
2023-12-12,8.690000,8.770000,8.620000,8.710000,8.710000,138900
2023-12-13,8.730000,8.950000,8.640000,8.920000,8.920000,503300
2023-12-14,8.950000,9.060000,8.835000,8.910000,8.910000,237800
2023-12-15,8.930000,9.010000,8.840000,8.900000,8.900000,1177800