Date,Open,High,Low,Close,Adj Close,Volume
2003-11-20,15.000000,15.350000,15.000000,15.250000,4.019701,115000
2003-11-21,15.150000,15.220000,15.070000,15.080000,3.974890,41200
2003-11-24,15.090000,15.090000,14.950000,15.030000,3.961709,148500
2003-11-25,15.070000,15.070000,14.990000,15.000000,3.953804,95800
2003-11-26,14.980000,15.000000,14.980000,14.990000,3.951170,48000
2003-11-28,15.000000,15.000000,14.950000,14.950000,3.940623,7600
2003-12-01,15.000000,15.010000,14.950000,15.000000,3.953804,84700
2003-12-02,15.100000,15.300000,15.050000,15.150000,3.993339,27700
2003-12-03,15.150000,15.300000,15.100000,15.250000,4.019701,50700
2003-12-04,15.200000,15.250000,15.090000,15.250000,4.019701,15200
2003-12-05,15.300000,15.300000,15.260000,15.270000,4.024972,23100
2003-12-08,15.370000,15.390000,15.270000,15.330000,4.040787,33600
2003-12-09,15.330000,15.400000,15.000000,15.100000,3.980163,25100
2003-12-10,15.130000,15.350000,15.130000,15.300000,4.032880,20700
2003-12-11,15.200000,15.300000,15.050000,15.300000,4.032880,29100
2003-12-12,15.300000,15.300000,15.150000,15.250000,4.019701,17100
2003-12-15,15.350000,15.350000,15.200000,15.300000,4.032880,27400
2003-12-16,15.200000,15.300000,15.110000,15.250000,4.019701,14600
2003-12-17,15.250000,15.250000,15.000000,15.000000,3.953804,77900
2003-12-18,15.010000,15.150000,15.000000,15.000000,3.953804,141500
2003-12-19,15.040000,15.050000,15.010000,15.010000,3.956439,47100
2003-12-22,15.000000,15.050000,15.000000,15.040000,3.964349,101900
2003-12-23,15.060000,15.220000,15.020000,15.180000,4.001247,29900
2003-12-24,15.080000,15.080000,15.000000,15.040000,3.964349,52900
2003-12-26,15.040000,15.050000,15.000000,15.000000,3.953804,34300
2003-12-29,15.100000,15.100000,15.010000,15.100000,3.980163,24400
2003-12-30,15.150000,15.150000,15.000000,15.070000,3.972254,27600
2003-12-31,15.050000,15.300000,15.000000,15.250000,4.019701,24700
2004-01-02,15.220000,15.220000,15.000000,15.020000,3.959075,64900
2004-01-05,15.050000,15.050000,15.010000,15.010000,3.956439,20200
2004-01-06,15.010000,15.100000,15.000000,15.040000,3.964349,51600
2004-01-07,15.050000,15.080000,15.000000,15.080000,3.974890,26400
2004-01-08,15.020000,15.130000,15.010000,15.060000,3.969617,20900
2004-01-09,15.100000,15.190000,15.050000,15.090000,3.977528,67700
2004-01-12,15.100000,15.250000,15.100000,15.250000,4.019701,70900
2004-01-13,15.200000,15.300000,15.160000,15.180000,4.001247,115200
2004-01-14,15.190000,15.230000,15.110000,15.110000,4.006287,151900
2004-01-15,15.200000,15.200000,15.100000,15.150000,4.016890,57000
2004-01-16,15.160000,15.240000,15.150000,15.200000,4.030147,58300
2004-01-20,15.220000,15.280000,15.100000,15.210000,4.032799,57900
2004-01-21,15.240000,15.250000,15.090000,15.230000,4.038102,87800
2004-01-22,15.230000,15.250000,15.140000,15.160000,4.019547,63000
2004-01-23,15.220000,15.400000,15.210000,15.300000,4.056666,53800
2004-01-26,15.260000,15.280000,15.190000,15.250000,4.043407,51400
2004-01-27,15.250000,15.250000,15.100000,15.170000,4.022196,50600
2004-01-28,15.190000,15.240000,15.130000,15.170000,4.022196,21200
2004-01-29,15.270000,15.290000,15.060000,15.120000,4.008939,46500
2004-01-30,15.160000,15.340000,15.120000,15.340000,4.067268,25800
2004-02-02,15.370000,15.500000,15.250000,15.350000,4.069922,58100
2004-02-03,15.390000,15.390000,15.250000,15.310000,4.059315,77600
2004-02-04,15.280000,15.390000,15.270000,15.380000,4.077874,29300
2004-02-05,15.380000,15.380000,15.250000,15.250000,4.043407,65600
2004-02-06,15.250000,15.340000,15.250000,15.340000,4.067268,47400
2004-02-09,15.330000,15.400000,15.300000,15.380000,4.077874,12100
2004-02-10,15.360000,15.400000,15.280000,15.400000,4.083175,33400
2004-02-11,15.350000,15.390000,15.250000,15.360000,4.096246,67600
2004-02-12,15.340000,15.340000,15.250000,15.250000,4.066910,51900
2004-02-13,15.300000,15.340000,15.210000,15.310000,4.082912,28900
2004-02-17,15.360000,15.390000,15.200000,15.250000,4.066910,48700
2004-02-18,15.280000,15.370000,15.260000,15.280000,4.074911,35500
2004-02-19,15.280000,15.340000,15.240000,15.300000,4.080244,54600
2004-02-20,15.240000,15.330000,15.210000,15.260000,4.069577,35300
2004-02-23,15.260000,15.280000,15.080000,15.160000,4.042909,71200
2004-02-24,15.170000,15.170000,15.020000,15.100000,4.026908,62600
2004-02-25,15.080000,15.110000,15.050000,15.100000,4.026908,34200
2004-02-26,15.100000,15.200000,15.090000,15.200000,4.053575,28700
2004-02-27,15.220000,15.270000,15.120000,15.250000,4.066910,49400
2004-03-01,15.250000,15.260000,15.130000,15.200000,4.053575,33600
2004-03-02,15.160000,15.240000,15.160000,15.240000,4.064240,16400
2004-03-03,15.250000,15.320000,15.190000,15.320000,4.085579,26700
2004-03-04,15.320000,15.390000,15.270000,15.330000,4.088242,56400
2004-03-05,15.400000,15.400000,15.320000,15.390000,4.104242,43300
2004-03-08,15.500000,15.600000,15.400000,15.400000,4.106912,52600
2004-03-09,15.520000,15.550000,15.420000,15.430000,4.114913,45300
2004-03-10,15.430000,15.550000,15.390000,15.450000,4.120245,67800
2004-03-11,15.450000,15.530000,15.450000,15.530000,4.165578,35900
2004-03-12,15.480000,15.600000,15.460000,15.590000,4.181674,42200
2004-03-15,15.590000,15.590000,15.480000,15.590000,4.181674,56300
2004-03-16,15.600000,15.620000,15.480000,15.570000,4.176304,79800
2004-03-17,15.570000,15.700000,15.560000,15.600000,4.184353,60000
2004-03-18,15.640000,15.640000,15.510000,15.520000,4.162893,61200
2004-03-19,15.560000,15.590000,15.440000,15.460000,4.146801,52600
2004-03-22,15.460000,15.510000,15.350000,15.510000,4.160213,45800
2004-03-23,15.530000,15.530000,15.400000,15.490000,4.154848,46900
2004-03-24,15.500000,15.500000,15.390000,15.450000,4.144119,76900
2004-03-25,15.460000,15.470000,15.350000,15.470000,4.149484,46300
2004-03-26,15.470000,15.490000,15.390000,15.450000,4.144119,73800
2004-03-29,15.450000,15.550000,15.450000,15.500000,4.157528,28900
2004-03-30,15.520000,15.550000,15.450000,15.550000,4.170939,73600
2004-03-31,15.570000,15.700000,15.500000,15.550000,4.170939,69900
2004-04-01,15.590000,15.600000,15.500000,15.520000,4.162893,29000
2004-04-02,15.500000,15.500000,15.340000,15.350000,4.117297,84100
2004-04-05,15.280000,15.310000,14.950000,15.040000,4.034145,94800
2004-04-06,15.100000,15.210000,14.700000,14.940000,4.007321,87200
2004-04-07,15.040000,15.050000,14.950000,15.050000,4.036829,48000
2004-04-08,15.050000,15.060000,14.900000,15.000000,4.023414,58600
2004-04-12,14.960000,15.010000,14.800000,14.990000,4.020732,59500
2004-04-13,14.950000,14.950000,14.420000,14.620000,3.944912,116600
2004-04-14,14.710000,14.710000,14.360000,14.360000,3.874757,53400
2004-04-15,14.300000,14.550000,14.300000,14.390000,3.882852,49500
2004-04-16,14.460000,14.500000,14.350000,14.500000,3.912532,35100
2004-04-19,14.450000,14.740000,14.450000,14.700000,3.966496,59300
2004-04-20,14.700000,14.700000,14.350000,14.400000,3.885550,33100
2004-04-21,14.500000,14.640000,14.250000,14.300000,3.858567,42800
2004-04-22,14.400000,14.400000,14.120000,14.280000,3.853169,22000
2004-04-23,14.200000,14.330000,14.050000,14.240000,3.842376,58000
2004-04-26,14.190000,14.400000,13.800000,13.980000,3.772222,82200
2004-04-27,14.080000,14.190000,13.610000,13.610000,3.672381,92700
2004-04-28,13.690000,13.800000,13.600000,13.750000,3.710159,66800
2004-04-29,13.850000,14.300000,13.850000,14.150000,3.818090,46600
2004-04-30,14.250000,14.450000,14.100000,14.100000,3.804598,37400
2004-05-03,14.250000,14.400000,13.910000,14.130000,3.812697,50200
2004-05-04,14.200000,14.480000,14.000000,14.200000,3.831585,47600
2004-05-05,14.290000,14.460000,14.200000,14.350000,3.872056,38600
2004-05-06,14.350000,14.500000,14.100000,14.280000,3.853169,62500
2004-05-07,14.290000,14.500000,13.750000,14.250000,3.845071,51300
2004-05-10,14.300000,14.500000,13.600000,13.850000,3.737143,62700
2004-05-11,13.980000,14.180000,13.670000,13.830000,3.731745,58000
2004-05-12,13.800000,13.850000,13.510000,13.680000,3.715178,43500
2004-05-13,13.600000,13.640000,13.510000,13.590000,3.690738,26000
2004-05-14,13.600000,13.740000,13.570000,13.650000,3.707032,29000
2004-05-17,13.720000,13.950000,13.610000,13.870000,3.766780,35800
2004-05-18,13.800000,14.000000,13.790000,13.930000,3.783072,29300
2004-05-19,13.940000,13.990000,12.800000,13.700000,3.720611,28200
2004-05-20,13.700000,13.790000,13.610000,13.610000,3.696167,39200
2004-05-21,13.600000,13.850000,13.350000,13.650000,3.707032,47100
2004-05-24,13.600000,13.800000,13.570000,13.660000,3.709748,28100
2004-05-25,13.630000,13.800000,13.440000,13.600000,3.693454,63500
2004-05-26,13.550000,13.640000,13.400000,13.510000,3.669013,72500
2004-05-27,13.480000,13.620000,13.440000,13.600000,3.693454,31100
2004-05-28,13.650000,13.840000,13.650000,13.840000,3.758633,28700
2004-06-01,13.940000,13.950000,13.770000,13.800000,3.747770,19000
2004-06-02,13.870000,13.940000,13.840000,13.890000,3.772210,27500
2004-06-03,13.860000,14.150000,13.860000,14.150000,3.842822,53000
2004-06-04,14.110000,14.350000,14.110000,14.220000,3.861833,12000
2004-06-07,14.230000,14.350000,14.200000,14.350000,3.897137,30800
2004-06-08,14.260000,14.480000,14.230000,14.340000,3.894422,34700
2004-06-09,14.370000,14.450000,14.290000,14.290000,3.880841,42200
2004-06-10,14.240000,14.300000,13.940000,14.070000,3.821095,37800
2004-06-14,13.880000,13.980000,13.590000,13.750000,3.757961,27900
2004-06-15,13.780000,14.000000,13.730000,13.790000,3.768891,42300
2004-06-16,13.800000,13.980000,13.650000,13.700000,3.744296,17000
2004-06-17,13.750000,13.800000,13.470000,13.540000,3.700566,64600
2004-06-18,13.640000,13.980000,13.620000,13.750000,3.757961,18400
2004-06-21,13.860000,13.910000,13.580000,13.650000,3.730630,30300
2004-06-22,13.650000,13.890000,13.490000,13.580000,3.711498,30700
2004-06-23,13.600000,13.620000,13.310000,13.350000,3.648639,75700
2004-06-24,13.440000,13.490000,13.340000,13.380000,3.656839,31100
2004-06-25,13.370000,13.490000,13.360000,13.450000,3.675970,43200
2004-06-28,13.460000,13.570000,13.400000,13.570000,3.708765,61700
2004-06-29,13.520000,13.750000,13.410000,13.750000,3.757961,13000
2004-06-30,13.840000,14.350000,13.670000,14.350000,3.921945,37500
2004-07-01,14.330000,14.380000,13.900000,14.290000,3.905546,29700
2004-07-02,14.250000,14.340000,14.200000,14.300000,3.908277,17700
2004-07-06,14.300000,14.300000,14.050000,14.060000,3.842685,12000
2004-07-07,14.140000,14.260000,13.950000,14.060000,3.842685,24900
2004-07-08,14.150000,14.220000,14.150000,14.200000,3.880948,21500
2004-07-09,14.150000,14.270000,14.150000,14.200000,3.880948,21000
2004-07-12,14.270000,14.320000,14.150000,14.320000,3.913745,25600
2004-07-13,14.290000,14.380000,14.250000,14.320000,3.938221,64200
2004-07-14,14.390000,14.440000,14.290000,14.350000,3.946472,24600
2004-07-15,14.400000,14.520000,14.230000,14.490000,3.984974,34800
2004-07-16,14.450000,14.510000,14.410000,14.510000,3.990474,8900
2004-07-19,14.570000,14.750000,14.550000,14.550000,4.001478,37200
2004-07-20,14.530000,14.800000,14.500000,14.570000,4.006974,37700
2004-07-21,14.550000,14.550000,14.200000,14.220000,3.910722,29600
2004-07-22,14.250000,14.250000,13.970000,14.030000,3.858467,48000
2004-07-23,14.080000,14.210000,14.020000,14.140000,3.888717,22200
2004-07-26,14.150000,14.290000,14.100000,14.290000,3.929971,29200
2004-07-27,14.290000,14.700000,14.200000,14.330000,3.940972,50800
2004-07-28,14.360000,14.550000,14.290000,14.500000,3.987724,25300
2004-07-29,14.500000,14.500000,14.300000,14.400000,3.960223,28900
2004-07-30,14.550000,14.600000,14.510000,14.530000,3.995976,22300
2004-08-02,14.560000,14.700000,14.350000,14.350000,3.946472,26300
2004-08-03,14.400000,14.440000,14.350000,14.430000,3.968474,28300
2004-08-04,14.400000,14.470000,14.340000,14.470000,3.979473,19000
2004-08-05,14.420000,14.570000,14.410000,14.540000,3.998725,16100
2004-08-06,14.590000,14.590000,14.460000,14.460000,3.976725,17400
2004-08-09,14.540000,14.590000,14.410000,14.490000,3.984974,32100
2004-08-10,14.500000,14.560000,14.400000,14.550000,4.001478,38200
2004-08-11,14.540000,14.550000,14.380000,14.510000,4.015035,8900
2004-08-12,14.490000,14.680000,14.480000,14.680000,4.062076,36000
2004-08-13,14.630000,14.750000,14.600000,14.750000,4.081443,32800
2004-08-16,14.750000,14.840000,14.650000,14.760000,4.084214,39400
2004-08-17,14.800000,14.840000,14.600000,14.610000,4.042703,35200
2004-08-18,14.600000,14.700000,14.470000,14.630000,4.048241,42400
2004-08-19,14.530000,14.610000,14.530000,14.600000,4.039938,15100
2004-08-20,14.610000,14.610000,14.400000,14.540000,4.023335,43000
2004-08-23,14.510000,14.550000,14.450000,14.510000,4.015035,30400
2004-08-24,14.450000,14.520000,14.400000,14.460000,4.001201,26900
2004-08-25,14.460000,14.600000,14.460000,14.600000,4.039938,18400
2004-08-26,14.610000,14.650000,14.500000,14.610000,4.042703,33900
2004-08-27,14.650000,14.660000,14.600000,14.640000,4.051006,17900
2004-08-30,14.640000,14.750000,14.610000,14.720000,4.073148,63500
2004-08-31,14.650000,14.850000,14.640000,14.710000,4.070379,37300
2004-09-01,14.810000,14.900000,14.740000,14.790000,4.092514,37600
2004-09-02,14.800000,14.980000,14.690000,14.760000,4.084214,17900
2004-09-03,14.790000,14.850000,14.700000,14.710000,4.070379,30900
2004-09-07,14.810000,14.900000,14.790000,14.900000,4.122950,30100
2004-09-08,14.900000,14.980000,14.830000,14.950000,4.136786,60800
2004-09-09,14.950000,14.980000,14.640000,14.750000,4.081443,78700
2004-09-10,14.750000,14.920000,14.730000,14.820000,4.100810,44100
2004-09-13,14.670000,14.770000,14.630000,14.650000,4.078266,36400
2004-09-14,14.600000,14.720000,14.600000,14.630000,4.072699,49200
2004-09-15,14.670000,14.690000,14.570000,14.650000,4.078266,46400
2004-09-16,14.630000,14.790000,14.620000,14.700000,4.092185,48000
2004-09-17,14.750000,14.780000,14.630000,14.710000,4.094969,35300
2004-09-20,14.670000,14.770000,14.670000,14.710000,4.094969,52400
2004-09-21,14.750000,14.810000,14.680000,14.740000,4.103319,57900
2004-09-22,14.750000,14.770000,14.670000,14.770000,4.111670,76100
2004-09-23,14.750000,14.800000,14.700000,14.800000,4.120021,35900
2004-09-24,14.760000,14.880000,14.760000,14.880000,4.142293,32700
2004-09-27,14.800000,14.950000,14.800000,14.860000,4.136723,35800
2004-09-28,14.890000,14.990000,14.850000,14.910000,4.150645,63500
2004-09-29,14.910000,14.980000,14.800000,14.920000,4.153428,40300
2004-09-30,15.000000,15.000000,14.750000,14.790000,4.117239,27000
2004-10-01,14.790000,14.970000,14.790000,14.870000,4.139511,56800
2004-10-04,14.900000,14.990000,14.800000,14.900000,4.147862,30100
2004-10-05,14.880000,14.990000,14.820000,14.900000,4.147862,33900
2004-10-06,14.950000,14.970000,14.840000,14.850000,4.133942,28900
2004-10-07,14.900000,15.000000,14.850000,14.890000,4.145077,35200
2004-10-08,14.900000,15.000000,14.900000,14.990000,4.172915,41200
2004-10-11,15.000000,15.020000,14.920000,14.980000,4.170132,21600
2004-10-12,14.990000,15.020000,14.940000,15.000000,4.175697,18200
2004-10-13,14.930000,15.000000,14.920000,14.930000,4.181020,17500
2004-10-14,15.000000,15.030000,14.900000,14.970000,4.192219,23600
2004-10-15,15.000000,15.010000,14.900000,15.000000,4.200620,10600
2004-10-18,15.010000,15.010000,14.910000,14.910000,4.175418,13500
2004-10-19,14.910000,15.040000,14.900000,15.000000,4.200620,63700
2004-10-20,15.000000,15.010000,14.850000,14.990000,4.197823,45100
2004-10-21,14.990000,15.010000,14.910000,15.000000,4.200620,18500
2004-10-22,14.940000,15.050000,14.900000,14.980000,4.195023,28200
2004-10-25,14.990000,15.010000,14.920000,14.950000,4.186617,28900
2004-10-26,14.950000,15.050000,14.920000,14.950000,4.186617,52100
2004-10-27,14.850000,15.000000,14.750000,15.000000,4.200620,57200
2004-10-28,14.950000,15.000000,14.860000,14.980000,4.195023,25100
2004-10-29,15.010000,15.050000,14.900000,15.040000,4.211824,24200
2004-11-01,15.050000,15.060000,14.960000,15.050000,4.214626,19400
2004-11-02,15.100000,15.160000,15.010000,15.160000,4.245427,66700
2004-11-03,15.040000,15.150000,15.020000,15.050000,4.214626,25100
2004-11-04,15.180000,15.210000,15.050000,15.080000,4.223024,26700
2004-11-05,14.990000,15.140000,14.760000,14.860000,4.161415,69000
2004-11-08,14.950000,14.950000,14.800000,14.800000,4.144615,50200
2004-11-09,14.700000,15.000000,14.670000,14.730000,4.125010,49600
2004-11-10,14.650000,14.770000,14.580000,14.770000,4.161355,34100
2004-11-11,14.660000,14.770000,14.620000,14.770000,4.161355,19400
2004-11-12,14.800000,15.000000,14.800000,14.980000,4.220521,13700
2004-11-15,14.990000,15.000000,14.910000,15.000000,4.226155,42000
2004-11-16,14.910000,15.030000,14.900000,14.950000,4.212068,69300
2004-11-17,14.850000,15.030000,14.850000,14.930000,4.206435,35800
2004-11-18,14.920000,15.030000,14.910000,15.020000,4.231791,40700
2004-11-19,14.920000,15.020000,14.870000,14.890000,4.195165,20500
2004-11-22,14.990000,14.990000,14.840000,14.930000,4.206435,40400
2004-11-23,14.980000,14.980000,14.800000,14.880000,4.192348,27900
2004-11-24,14.870000,14.910000,14.810000,14.910000,4.200801,35900
2004-11-26,14.940000,14.970000,14.880000,14.880000,4.192348,15500
2004-11-29,14.880000,15.000000,14.880000,15.000000,4.226155,36600
2004-11-30,15.030000,15.100000,14.850000,15.090000,4.251514,63300
2004-12-01,15.080000,15.130000,15.000000,15.000000,4.226155,31000
2004-12-02,15.090000,15.090000,14.850000,15.000000,4.226155,31000
2004-12-03,15.010000,15.130000,14.960000,15.020000,4.231791,38400
2004-12-06,15.050000,15.090000,14.930000,15.060000,4.243062,20400
2004-12-07,15.080000,15.150000,14.950000,15.000000,4.226155,33700
2004-12-08,15.070000,15.070000,14.950000,15.000000,4.226155,14500
2004-12-09,15.000000,15.020000,14.970000,14.980000,4.220521,33900
2004-12-10,14.980000,15.000000,14.930000,15.000000,4.226155,15200
2004-12-13,14.740000,14.990000,14.720000,14.850000,4.226441,37700
2004-12-14,14.950000,14.960000,14.750000,14.820000,4.217902,42400
2004-12-15,14.910000,14.960000,14.750000,14.920000,4.246361,49000
2004-12-16,14.850000,15.000000,14.840000,14.950000,4.254904,31500
2004-12-17,14.970000,14.970000,14.850000,14.920000,4.246361,23900
2004-12-20,14.960000,15.000000,14.910000,15.000000,4.269131,25100
2004-12-21,15.010000,15.010000,14.920000,14.950000,4.254904,25700
2004-12-22,14.980000,15.020000,14.960000,15.000000,4.269131,28200
2004-12-23,15.020000,15.020000,14.960000,15.010000,4.271980,29900
2004-12-27,15.000000,15.020000,14.950000,15.020000,4.274826,15500
2004-12-28,15.020000,15.020000,15.000000,15.010000,4.271980,28700
2004-12-29,15.020000,15.020000,14.980000,15.020000,4.274826,28000
2004-12-30,15.120000,15.190000,15.030000,15.150000,4.311824,28700
2004-12-31,15.150000,15.180000,15.030000,15.180000,4.320363,31900
2005-01-03,15.100000,15.170000,15.070000,15.100000,4.297594,34000
2005-01-04,15.150000,15.150000,14.900000,15.010000,4.271980,34500
2005-01-05,15.050000,15.080000,14.930000,15.080000,4.291900,46000
2005-01-06,15.090000,15.100000,15.010000,15.010000,4.271980,19100
2005-01-07,15.030000,15.140000,15.030000,15.140000,4.308980,26000
2005-01-10,15.170000,15.180000,15.100000,15.110000,4.300442,22900
2005-01-11,15.170000,15.170000,14.890000,15.000000,4.269131,56500
2005-01-12,14.970000,15.000000,14.910000,14.950000,4.280300,22800
2005-01-13,15.050000,15.050000,14.890000,14.980000,4.288889,48600
2005-01-14,14.950000,15.100000,14.900000,15.100000,4.323250,25300
2005-01-18,15.150000,15.150000,14.980000,14.980000,4.288889,23900
2005-01-19,15.050000,15.150000,14.910000,14.940000,4.277435,66100
2005-01-20,14.900000,15.010000,14.890000,14.900000,4.265981,27300
2005-01-21,14.950000,15.000000,14.900000,14.920000,4.271710,29600
2005-01-24,14.990000,15.000000,14.900000,14.960000,4.283160,27200
2005-01-25,14.970000,15.030000,14.900000,14.910000,4.268843,37400
2005-01-26,14.990000,14.990000,14.840000,14.870000,4.257391,61100
2005-01-27,14.920000,15.000000,14.830000,14.950000,4.280300,35300
2005-01-28,14.950000,15.030000,14.930000,15.000000,4.294615,15500
2005-01-31,15.100000,15.150000,14.940000,14.950000,4.280300,58700
2005-02-01,15.000000,15.000000,14.940000,15.000000,4.294615,28100
2005-02-02,15.080000,15.120000,14.990000,15.090000,4.320385,35200
2005-02-03,15.090000,15.140000,15.000000,15.120000,4.328971,27200
2005-02-04,15.140000,15.270000,15.130000,15.200000,4.351877,43400
2005-02-07,15.130000,15.320000,15.080000,15.300000,4.380508,40200
2005-02-08,15.280000,15.470000,15.280000,15.420000,4.414863,28700
2005-02-09,15.420000,15.450000,15.300000,15.340000,4.391962,54200
2005-02-10,15.380000,15.450000,15.290000,15.400000,4.409139,48100
2005-02-11,15.400000,15.400000,15.190000,15.200000,4.377173,36500
2005-02-14,15.300000,15.390000,15.200000,15.300000,4.405972,29600
2005-02-15,15.390000,15.390000,15.240000,15.270000,4.397332,46700
2005-02-16,15.240000,15.350000,15.180000,15.250000,4.391573,63200
2005-02-17,15.310000,15.310000,15.140000,15.180000,4.371411,35400
2005-02-18,15.250000,15.250000,15.070000,15.230000,4.385811,47900
2005-02-22,15.170000,15.240000,15.080000,15.200000,4.377173,38800
2005-02-23,15.200000,15.260000,15.080000,15.100000,4.348380,51900
2005-02-24,15.250000,15.250000,15.110000,15.250000,4.391573,49700
2005-02-25,15.250000,15.380000,15.100000,15.360000,4.423248,39800
2005-02-28,15.430000,15.430000,15.270000,15.300000,4.405972,32900
2005-03-01,15.370000,15.370000,15.220000,15.250000,4.391573,48500
2005-03-02,15.300000,15.300000,15.190000,15.250000,4.391573,34100
2005-03-03,15.240000,15.350000,15.240000,15.320000,4.411728,34900
2005-03-04,15.400000,15.430000,15.300000,15.330000,4.414609,29200
2005-03-07,15.310000,15.420000,15.310000,15.340000,4.417491,39300
2005-03-08,15.350000,15.350000,15.270000,15.300000,4.405972,36800
2005-03-09,15.300000,15.300000,15.100000,15.210000,4.380054,69200
2005-03-10,15.210000,15.280000,15.160000,15.200000,4.377173,31000
2005-03-11,15.070000,15.170000,15.010000,15.110000,4.376884,27400
2005-03-14,15.150000,15.150000,14.920000,14.970000,4.336328,59800
2005-03-15,14.990000,15.080000,14.990000,15.040000,4.356604,43500
2005-03-16,15.000000,15.180000,14.910000,14.910000,4.318947,29000
2005-03-17,14.940000,15.110000,14.940000,15.000000,4.345017,18900
2005-03-18,15.000000,15.090000,14.940000,15.080000,4.368194,19000
2005-03-21,15.100000,15.190000,14.890000,14.900000,4.316050,23000
2005-03-22,14.850000,14.930000,14.850000,14.850000,4.301569,50300
2005-03-23,14.840000,14.840000,14.690000,14.700000,4.258120,43500
2005-03-24,14.670000,14.840000,14.650000,14.820000,4.292877,26900
2005-03-28,14.900000,15.040000,14.690000,14.750000,4.272604,29600
2005-03-29,14.800000,15.000000,14.620000,14.780000,4.281291,50100
2005-03-30,14.780000,14.880000,14.700000,14.790000,4.284190,49800
2005-03-31,14.800000,15.090000,14.800000,14.920000,4.321845,57900
2005-04-01,14.920000,15.090000,14.920000,14.930000,4.324740,26500
2005-04-04,14.910000,15.110000,14.910000,15.010000,4.347915,30300
2005-04-05,14.980000,15.080000,14.980000,14.990000,4.342122,14600
2005-04-06,15.000000,15.110000,14.910000,15.100000,4.373987,28400
2005-04-07,15.040000,15.130000,15.040000,15.060000,4.362397,24900
2005-04-08,15.090000,15.100000,15.010000,15.030000,4.353708,20400
2005-04-11,14.920000,15.030000,14.920000,15.000000,4.345017,26800
2005-04-12,14.930000,15.050000,14.920000,15.050000,4.359506,19800
2005-04-13,15.050000,15.050000,14.940000,14.950000,4.356297,20000
2005-04-14,15.000000,15.050000,14.930000,14.930000,4.350471,41700
2005-04-15,14.930000,15.010000,14.910000,15.000000,4.370865,16000
2005-04-18,15.040000,15.040000,14.940000,15.020000,4.376693,22200
2005-04-19,15.020000,15.100000,14.960000,15.000000,4.370865,29000
2005-04-20,15.000000,15.090000,15.000000,15.070000,4.391263,21300
2005-04-21,15.000000,15.240000,14.990000,15.160000,4.417492,59900
2005-04-22,15.150000,15.350000,15.000000,15.120000,4.405835,127300
2005-04-25,15.150000,15.150000,15.030000,15.040000,4.382524,44800
2005-04-26,15.040000,15.220000,15.040000,15.140000,4.411661,26900
2005-04-27,15.060000,15.310000,15.060000,15.150000,4.414575,19700
2005-04-28,15.350000,15.400000,15.130000,15.230000,4.437886,37600
2005-04-29,15.350000,15.430000,15.260000,15.430000,4.496165,46700
2005-05-02,15.440000,15.440000,15.250000,15.260000,4.446630,62500
2005-05-03,15.220000,15.370000,15.190000,15.370000,4.478680,28200
2005-05-04,15.270000,15.450000,15.270000,15.390000,4.484509,54300
2005-05-05,15.450000,15.480000,15.280000,15.470000,4.507820,39200
2005-05-06,15.280000,15.500000,15.280000,15.470000,4.507820,58300
2005-05-09,15.450000,15.700000,15.440000,15.630000,4.554442,38900
2005-05-10,15.680000,15.680000,15.480000,15.620000,4.551529,69900
2005-05-11,15.630000,15.670000,15.440000,15.440000,4.524860,79500
2005-05-12,15.490000,15.500000,15.400000,15.480000,4.536583,28400
2005-05-13,15.480000,15.500000,15.390000,15.440000,4.524860,36100
2005-05-16,15.480000,15.480000,15.360000,15.440000,4.524860,39000
2005-05-17,15.360000,15.440000,15.300000,15.310000,4.486765,69700
2005-05-18,15.350000,15.600000,15.340000,15.400000,4.513138,22100
2005-05-19,15.400000,15.430000,15.300000,15.360000,4.501416,43900
2005-05-20,15.400000,15.400000,15.300000,15.350000,4.498486,22900
2005-05-23,15.450000,15.490000,15.330000,15.470000,4.533652,67200
2005-05-24,15.460000,15.460000,15.300000,15.330000,4.492620,45100
2005-05-25,15.390000,15.390000,15.260000,15.320000,4.489693,49800
2005-05-26,15.320000,15.400000,15.300000,15.400000,4.513138,27900
2005-05-27,15.400000,15.440000,15.370000,15.390000,4.510208,12000
2005-05-31,15.590000,15.590000,15.420000,15.420000,4.519000,21500
2005-06-01,15.400000,15.560000,15.400000,15.460000,4.530721,33000
2005-06-02,15.510000,15.560000,15.430000,15.560000,4.560030,36300
2005-06-03,15.560000,15.610000,15.510000,15.550000,4.557097,40800
2005-06-06,15.580000,15.630000,15.520000,15.620000,4.577611,23700
2005-06-07,15.670000,15.780000,15.640000,15.640000,4.583475,46300
2005-06-08,15.700000,15.700000,15.600000,15.600000,4.571754,37000
2005-06-09,15.630000,15.700000,15.520000,15.610000,4.574681,53000
2005-06-10,15.630000,15.640000,15.570000,15.630000,4.580541,35200
2005-06-13,15.600000,15.600000,15.470000,15.490000,4.565512,40300
2005-06-14,15.480000,15.600000,15.480000,15.600000,4.597932,50100
2005-06-15,15.650000,15.650000,15.600000,15.630000,4.606774,48100
2005-06-16,15.650000,15.690000,15.610000,15.640000,4.609720,32400
2005-06-17,15.700000,15.700000,15.580000,15.650000,4.612670,33600
2005-06-20,15.650000,15.680000,15.600000,15.670000,4.618563,21200
2005-06-21,15.690000,15.690000,15.470000,15.590000,4.594985,84300
2005-06-22,15.620000,15.680000,15.620000,15.640000,4.609720,34900
2005-06-23,15.650000,15.710000,15.610000,15.680000,4.621511,27200
2005-06-24,15.710000,15.770000,15.630000,15.670000,4.618563,61200
2005-06-27,15.750000,15.760000,15.600000,15.730000,4.636250,49800
2005-06-28,15.750000,15.760000,15.650000,15.730000,4.636250,33600
2005-06-29,15.740000,15.800000,15.660000,15.750000,4.642145,35400
2005-06-30,15.820000,15.830000,15.670000,15.670000,4.618563,42700
2005-07-01,15.700000,15.800000,15.690000,15.750000,4.642145,32000
2005-07-05,15.780000,15.840000,15.750000,15.840000,4.668668,52300
2005-07-06,15.850000,15.890000,15.780000,15.840000,4.668668,47300
2005-07-07,16.200001,16.200001,15.870000,15.940000,4.698143,67500
2005-07-08,16.040001,16.059999,15.900000,16.000000,4.715827,29800
2005-07-11,16.059999,16.230000,15.960000,15.970000,4.706989,34700
2005-07-12,16.000000,16.200001,15.950000,16.000000,4.715827,64000
2005-07-13,15.990000,16.010000,15.900000,15.970000,4.733317,42700
2005-07-14,15.980000,16.010000,15.910000,15.910000,4.715529,35800
2005-07-15,15.930000,16.010000,15.620000,15.630000,4.632543,157600
2005-07-18,15.630000,15.680000,15.410000,15.420000,4.570302,212900
2005-07-19,15.490000,15.510000,15.410000,15.450000,4.579191,152600
2005-07-20,15.410000,15.560000,15.410000,15.470000,4.585119,128000
2005-07-21,15.450000,15.530000,15.450000,15.500000,4.594013,55900
2005-07-22,15.450000,15.520000,15.450000,15.510000,4.596976,95500
2005-07-25,15.540000,15.540000,15.460000,15.500000,4.594013,35800
2005-07-26,15.500000,15.800000,15.500000,15.800000,4.682926,105900
2005-07-27,15.790000,15.790000,15.640000,15.690000,4.650325,36200
2005-07-28,15.700000,15.810000,15.690000,15.790000,4.679964,42800
2005-07-29,15.890000,15.900000,15.710000,15.770000,4.674038,53900
2005-08-01,15.790000,15.800000,15.710000,15.800000,4.682926,45300
2005-08-02,15.850000,15.890000,15.800000,15.890000,4.709604,28200
2005-08-03,15.890000,15.890000,15.760000,15.810000,4.685891,84400
2005-08-04,15.780000,15.880000,15.780000,15.860000,4.700711,31000
2005-08-05,15.850000,15.900000,15.700000,15.840000,4.694783,70900
2005-08-08,15.840000,15.870000,15.750000,15.750000,4.668111,52100
2005-08-09,15.770000,15.900000,15.750000,15.800000,4.682926,30000
2005-08-10,15.900000,15.900000,15.760000,15.800000,4.682926,61300
2005-08-11,15.800000,15.800000,15.660000,15.680000,4.673693,72400
2005-08-12,15.750000,15.820000,15.690000,15.740000,4.691571,27600
2005-08-15,15.800000,15.860000,15.750000,15.780000,4.703494,27400
2005-08-16,15.750000,15.830000,15.750000,15.780000,4.703494,78400
2005-08-17,15.850000,15.850000,15.690000,15.750000,4.694551,65000
2005-08-18,15.760000,15.790000,15.700000,15.730000,4.688590,40900
2005-08-19,15.790000,15.840000,15.700000,15.700000,4.679650,65600
2005-08-22,15.720000,15.770000,15.700000,15.730000,4.688590,51500
2005-08-23,15.720000,15.840000,15.700000,15.840000,4.721378,44000
2005-08-24,15.850000,15.870000,15.780000,15.850000,4.724360,32100
2005-08-25,15.880000,15.880000,15.770000,15.770000,4.700512,30400
2005-08-26,15.800000,15.830000,15.760000,15.790000,4.706476,30300
2005-08-29,15.780000,15.920000,15.780000,15.810000,4.712441,52500
2005-08-30,15.800000,15.910000,15.760000,15.800000,4.709456,109500
2005-08-31,15.890000,15.960000,15.800000,15.960000,4.757149,74800
2005-09-01,15.950000,16.049999,15.870000,16.010000,4.772050,47800
2005-09-02,16.010000,16.049999,15.950000,16.040001,4.780993,29500
2005-09-06,16.000000,16.100000,15.910000,16.030001,4.778013,83300
2005-09-07,16.080000,16.160000,16.010000,16.020000,4.775027,63400
2005-09-08,16.059999,16.080000,16.010000,16.070000,4.789934,46500
2005-09-09,16.049999,16.180000,16.010000,16.180000,4.822721,63700
2005-09-12,16.219999,16.290001,16.150000,16.290001,4.855508,77800
2005-09-13,16.180000,16.200001,16.090000,16.139999,4.837226,60300
2005-09-14,16.209999,16.299999,16.049999,16.049999,4.810256,47200
2005-09-15,16.070000,16.260000,16.040001,16.049999,4.810256,76000
2005-09-16,16.020000,16.020000,15.820000,15.980000,4.789274,84200
2005-09-19,16.000000,16.020000,15.940000,15.950000,4.780283,43200
2005-09-20,16.000000,16.030001,15.920000,15.920000,4.771292,36500
2005-09-21,15.920000,16.000000,15.910000,15.980000,4.789274,28900
2005-09-22,16.049999,16.049999,15.860000,15.950000,4.780283,43300
2005-09-23,15.970000,15.970000,15.820000,15.920000,4.771292,29800
2005-09-26,15.910000,15.920000,15.800000,15.870000,4.756307,52000
2005-09-27,15.870000,15.900000,15.780000,15.800000,4.735328,42100
2005-09-28,15.760000,15.920000,15.760000,15.920000,4.771292,28000
2005-09-29,15.920000,15.950000,15.860000,15.870000,4.756307,14900
2005-09-30,15.970000,16.049999,15.910000,16.000000,4.795270,37100
2005-10-03,16.120001,16.190001,16.000000,16.049999,4.810256,21000
2005-10-04,16.010000,16.150000,16.000000,16.020000,4.801260,11200
2005-10-05,16.200001,16.200001,15.970000,15.980000,4.789274,61500
2005-10-06,16.049999,16.049999,15.950000,16.049999,4.810256,20000
2005-10-07,16.120001,16.120001,15.950000,16.000000,4.795270,19100
2005-10-10,16.010000,16.090000,16.010000,16.090000,4.822243,21400
2005-10-11,16.049999,16.180000,16.000000,16.180000,4.849214,49300
2005-10-12,16.080000,16.080000,15.990000,16.000000,4.821793,50000
2005-10-13,16.049999,16.049999,15.780000,15.780000,4.755496,30700
2005-10-14,15.850000,15.890000,15.710000,15.730000,4.740422,24900
2005-10-17,15.780000,15.780000,15.700000,15.700000,4.731381,20100
2005-10-18,15.700000,15.780000,15.660000,15.680000,4.725356,28500
2005-10-19,15.660000,15.690000,15.610000,15.660000,4.719328,23700
2005-10-20,15.610000,15.740000,15.610000,15.650000,4.716315,33700
2005-10-21,15.620000,15.850000,15.620000,15.850000,4.776587,23800
2005-10-24,15.750000,15.900000,15.740000,15.810000,4.764534,23600
2005-10-25,15.850000,15.960000,15.850000,15.860000,4.779604,43800
2005-10-26,15.860000,16.000000,15.810000,15.880000,4.785631,20400
2005-10-27,16.000000,16.020000,15.880000,16.000000,4.821793,16700
2005-10-28,16.400000,16.400000,15.970000,16.020000,4.827819,77200
2005-10-31,16.150000,16.299999,15.990000,15.990000,4.818774,50800
2005-11-01,16.049999,16.080000,16.000000,16.070000,4.842887,9700
2005-11-02,16.070000,16.090000,16.020000,16.020000,4.827819,17900
2005-11-03,16.049999,16.129999,16.010000,16.030001,4.830835,37600
2005-11-04,16.100000,16.120001,16.040001,16.040001,4.833845,27600
2005-11-07,16.129999,16.139999,16.000000,16.030001,4.830835,41300
2005-11-08,16.030001,16.030001,16.010000,16.020000,4.827819,40700
2005-11-09,16.400000,16.400000,15.990000,16.049999,4.836858,83900
2005-11-10,16.049999,16.080000,15.820000,15.910000,4.821402,42400
2005-11-11,15.830000,15.920000,15.810000,15.810000,4.791099,21100
2005-11-14,15.810000,15.910000,15.750000,15.820000,4.794130,11700
2005-11-15,15.810000,15.830000,15.690000,15.740000,4.769890,36600
2005-11-16,15.750000,15.900000,15.600000,15.760000,4.775946,26200
2005-11-17,15.800000,15.950000,15.790000,15.800000,4.788069,36700
2005-11-18,15.800000,16.000000,15.750000,16.000000,4.848680,47600
2005-11-21,15.800000,15.980000,15.760000,15.920000,4.824438,47400
2005-11-22,15.980000,16.000000,15.810000,15.980000,4.842620,32000
2005-11-23,16.090000,16.090000,15.910000,15.930000,4.827466,41300
2005-11-25,16.049999,16.049999,15.910000,15.930000,4.827466,6000
2005-11-28,16.020000,16.090000,15.940000,16.000000,4.848680,22600
2005-11-29,16.000000,16.110001,15.940000,15.940000,4.830496,26000
2005-11-30,16.100000,16.120001,15.880000,15.910000,4.821402,71100
2005-12-01,16.000000,16.000000,15.910000,15.960000,4.836556,29900
2005-12-02,15.970000,16.070000,15.950000,16.000000,4.848680,17700
2005-12-05,16.000000,16.030001,15.900000,15.900000,4.818373,36100
2005-12-06,16.020000,16.020000,15.840000,15.850000,4.803218,34600
2005-12-07,15.850000,15.910000,15.840000,15.900000,4.818373,39100
2005-12-08,15.910000,15.910000,15.750000,15.790000,4.785042,74000
2005-12-09,15.850000,15.850000,15.500000,15.680000,4.751704,103500
2005-12-12,15.680000,15.740000,15.380000,15.520000,4.703217,99900
2005-12-13,15.410000,15.550000,15.410000,15.530000,4.733393,81500
2005-12-14,15.530000,15.610000,15.510000,15.600000,4.754730,61700
2005-12-15,15.610000,15.850000,15.600000,15.650000,4.769967,90100
2005-12-16,15.640000,15.710000,15.620000,15.640000,4.766920,27700
2005-12-19,15.750000,15.750000,15.580000,15.700000,4.785207,75500
2005-12-20,15.700000,15.730000,15.580000,15.720000,4.791302,20300
2005-12-21,15.660000,15.740000,15.660000,15.720000,4.791302,25200
2005-12-22,15.700000,15.910000,15.700000,15.800000,4.815689,33000
2005-12-23,15.900000,15.990000,15.800000,15.800000,4.815689,22200
2005-12-27,15.950000,16.000000,15.880000,15.980000,4.870550,40400
2005-12-28,16.080000,16.080000,15.900000,16.040001,4.888838,67900
2005-12-29,16.120001,16.200001,16.000000,16.120001,4.913221,47500
2005-12-30,16.200001,16.209999,16.059999,16.100000,4.907124,63600
2006-01-03,16.200001,16.200001,16.010000,16.110001,4.910173,30300
2006-01-04,16.139999,16.230000,16.110001,16.190001,4.934553,36100
2006-01-05,16.090000,16.200001,16.090000,16.200001,4.937605,24800
2006-01-06,16.209999,16.340000,16.129999,16.230000,4.946748,44500
2006-01-09,16.389999,16.389999,16.160000,16.230000,4.946748,26000
2006-01-10,16.250000,16.379999,16.240000,16.350000,4.983323,31800
2006-01-11,16.320000,16.320000,16.150000,16.290001,4.992209,34000
2006-01-12,16.290001,16.309999,16.100000,16.180000,4.958498,41600
2006-01-13,16.100000,16.280001,16.070000,16.120001,4.940109,23800
2006-01-17,16.280001,16.299999,16.129999,16.290001,4.992209,40400
2006-01-18,16.080000,16.299999,16.070000,16.290001,4.992209,46300
2006-01-19,16.230000,16.379999,16.230000,16.299999,4.995275,15700
2006-01-20,16.320000,16.500000,16.180000,16.440001,5.038180,35800
2006-01-23,16.360001,16.480000,16.230000,16.430000,5.035111,19600
2006-01-24,16.370001,16.590000,16.350000,16.379999,5.019789,49800
2006-01-25,16.260000,16.450001,16.250000,16.260000,4.983011,82700
2006-01-26,16.270000,16.389999,16.260000,16.290001,4.992209,42300
2006-01-27,16.450001,16.450001,16.280001,16.400000,5.025920,18600
2006-01-30,16.480000,16.520000,16.340000,16.480000,5.050436,33300
2006-01-31,16.600000,16.620001,16.410000,16.559999,5.074955,33600
2006-02-01,16.459999,16.600000,16.459999,16.590000,5.084145,37100
2006-02-02,16.650000,16.750000,16.549999,16.740000,5.130116,39700
2006-02-03,16.650000,16.760000,16.580000,16.690001,5.114790,52800
2006-02-06,16.660000,16.700001,16.590000,16.600000,5.087210,18300
2006-02-07,16.610001,16.730000,16.600000,16.620001,5.093339,38500
2006-02-08,16.639999,16.670000,16.510000,16.629999,5.096406,47500
2006-02-09,16.629999,16.690001,16.570000,16.620001,5.093339,29700
2006-02-10,16.709999,16.719999,16.549999,16.709999,5.120919,26200
2006-02-13,16.549999,16.700001,16.530001,16.670000,5.136017,51300
2006-02-14,16.639999,16.639999,16.510000,16.510000,5.086721,33700
2006-02-15,16.549999,16.650000,16.500000,16.500000,5.083643,50900
2006-02-16,16.500000,16.620001,16.430000,16.430000,5.062074,44600
2006-02-17,16.549999,16.549999,16.430000,16.469999,5.074394,23400
2006-02-21,16.389999,16.490000,16.379999,16.420000,5.058994,46200
2006-02-22,16.490000,16.520000,16.420000,16.420000,5.058994,44200
2006-02-23,16.420000,16.450001,16.379999,16.400000,5.052831,67400
2006-02-24,16.420000,16.450001,16.370001,16.389999,5.049747,31800
2006-02-27,16.440001,16.450001,16.389999,16.450001,5.068232,28000
2006-02-28,16.450001,16.450001,16.400000,16.450001,5.068232,29100
2006-03-01,16.580000,16.580000,16.400000,16.500000,5.083643,37700
2006-03-02,17.150000,17.150000,16.590000,16.750000,5.160667,121300
2006-03-03,16.520000,16.690001,16.520000,16.650000,5.129858,32700
2006-03-06,16.530001,16.620001,16.400000,16.469999,5.074394,50100
2006-03-07,16.490000,16.620001,16.370001,16.590000,5.111369,57800
2006-03-08,16.500000,16.629999,16.410000,16.510000,5.086721,38900
2006-03-09,16.510000,16.700001,16.510000,16.520000,5.089804,31000
2006-03-10,16.510000,16.680000,16.510000,16.650000,5.129858,43300
2006-03-13,16.510000,16.879999,16.490000,16.879999,5.228667,55000
2006-03-14,16.740000,16.900000,16.620001,16.650000,5.157426,48700
2006-03-15,16.600000,16.709999,16.559999,16.639999,5.154324,45200
2006-03-16,16.660000,16.690001,16.610001,16.650000,5.157426,51400
2006-03-17,16.740000,16.740000,16.570000,16.709999,5.176009,30700
2006-03-20,16.620001,16.799999,16.610001,16.799999,5.203885,52600
2006-03-21,16.969999,16.969999,16.680000,16.920000,5.241057,49400
2006-03-22,16.700001,17.379999,16.700001,17.080000,5.290617,73400
2006-03-23,17.010000,17.090000,16.990000,17.080000,5.290617,50800
2006-03-24,17.000000,17.080000,16.959999,16.980000,5.259640,35000
2006-03-27,16.910000,16.969999,16.840000,16.959999,5.253449,27800
2006-03-28,16.900000,16.950001,16.760000,16.920000,5.241057,41500
2006-03-29,16.969999,16.969999,16.780001,16.850000,5.219377,34000
2006-03-30,16.969999,16.980000,16.820000,16.980000,5.259640,36000
2006-03-31,16.980000,16.980000,16.780001,16.940001,5.247251,28500
2006-04-03,16.860001,17.000000,16.860001,17.000000,5.265836,14600
2006-04-04,17.000000,17.000000,16.760000,16.950001,5.250350,47300
2006-04-05,16.780001,16.860001,16.780001,16.790001,5.200788,26900
2006-04-06,16.860001,16.860001,16.650000,16.740000,5.185302,32100
2006-04-07,16.709999,16.830000,16.639999,16.780001,5.197693,14000
2006-04-10,16.809999,16.809999,16.670000,16.750000,5.188401,25500
2006-04-11,16.799999,16.799999,16.549999,16.639999,5.181858,29500
2006-04-12,16.639999,16.650000,16.459999,16.650000,5.184976,43100
2006-04-13,16.650000,16.650000,16.549999,16.620001,5.175633,23300
2006-04-17,16.620001,16.650000,16.370001,16.510000,5.141378,44200
2006-04-18,16.400000,16.590000,16.389999,16.590000,5.166286,29800
2006-04-19,16.940001,17.020000,16.340000,16.530001,5.147604,59300
2006-04-20,16.379999,16.500000,16.350000,16.480000,5.132032,54600
2006-04-21,16.400000,16.490000,16.379999,16.450001,5.122689,9400
2006-04-24,16.670000,16.670000,16.450001,16.660000,5.188089,31400
2006-04-25,16.730000,16.730000,16.500000,16.730000,5.209885,22600
2006-04-26,16.740000,16.930000,16.540001,16.920000,5.269054,35600
2006-04-27,16.809999,16.950001,16.610001,16.940001,5.275283,28100
2006-04-28,17.040001,17.040001,16.690001,16.860001,5.250369,24000
2006-05-01,16.920000,17.040001,16.889999,16.920000,5.269054,42400
2006-05-02,16.990000,17.049999,16.920000,17.049999,5.309535,20700
2006-05-03,17.049999,17.090000,16.900000,16.920000,5.269054,42600
2006-05-04,17.040001,17.049999,16.889999,16.920000,5.269054,55200
2006-05-05,17.030001,17.040001,16.900000,17.040001,5.306424,9500
2006-05-08,16.920000,17.059999,16.920000,17.059999,5.312651,19400
2006-05-09,17.049999,17.250000,17.049999,17.150000,5.340677,21200
2006-05-10,17.059999,17.230000,17.030001,17.160000,5.343796,20800
2006-05-11,17.020000,17.020000,16.940001,16.980000,5.315304,35100
2006-05-12,16.920000,17.000000,16.830000,16.889999,5.287133,36400
2006-05-15,16.889999,16.889999,16.820000,16.820000,5.265221,31800
2006-05-16,16.889999,17.020000,16.860001,17.000000,5.321567,43500
2006-05-17,16.969999,17.080000,16.959999,16.969999,5.312177,25900
2006-05-18,17.020000,17.100000,16.959999,17.090000,5.349740,30400
2006-05-19,17.010000,17.120001,17.010000,17.030001,5.330958,21200
2006-05-22,17.020000,17.129999,16.959999,17.000000,5.321567,31500
2006-05-23,16.990000,17.299999,16.969999,16.969999,5.312177,26200
2006-05-24,17.200001,17.299999,16.959999,17.100000,5.352868,41900
2006-05-25,17.030001,17.150000,17.010000,17.049999,5.337221,31500
2006-05-26,17.030001,17.190001,17.030001,17.129999,5.362260,22400
2006-05-30,17.020000,17.139999,17.010000,17.040001,5.334089,22900
2006-05-31,17.030001,17.150000,17.020000,17.120001,5.359131,82500
2006-06-01,17.200001,17.200001,17.020000,17.190001,5.381045,40600
2006-06-02,17.240000,17.250000,17.110001,17.250000,5.399826,23300
2006-06-05,17.100000,17.250000,17.100000,17.190001,5.381045,52100
2006-06-06,17.150000,17.250000,17.010000,17.010000,5.324697,31200
2006-06-07,17.040001,17.250000,17.000000,17.040001,5.334089,32300
2006-06-08,17.040001,17.209999,16.959999,16.969999,5.312177,34600
2006-06-09,16.940001,17.120001,16.940001,17.120001,5.359131,22500
2006-06-12,17.010000,17.170000,16.959999,16.959999,5.309046,25200
2006-06-13,17.000000,17.049999,16.820000,16.820000,5.291739,34600
2006-06-14,16.820000,16.920000,16.760000,16.760000,5.272866,36300
2006-06-15,16.790001,16.980000,16.770000,16.879999,5.310620,24300
2006-06-16,16.780001,16.889999,16.780001,16.879999,5.310620,31300
2006-06-19,16.990000,16.990000,16.760000,16.760000,5.272866,34200
2006-06-20,16.799999,16.959999,16.500000,16.600000,5.222528,125600
2006-06-21,16.600000,16.680000,16.600000,16.639999,5.235114,23000
2006-06-22,16.629999,16.629999,16.450001,16.530001,5.200503,32600
2006-06-23,16.580000,16.590000,16.440001,16.440001,5.172191,26900
2006-06-26,16.450001,16.520000,16.299999,16.370001,5.150167,32100
2006-06-27,16.400000,16.440001,15.870000,16.330000,5.137585,34500
2006-06-28,16.280001,16.299999,16.219999,16.280001,5.121855,14100
2006-06-29,16.320000,16.370001,16.250000,16.299999,5.128148,27800
2006-06-30,16.389999,16.400000,16.290001,16.360001,5.147021,22300
2006-07-03,16.430000,16.510000,16.350000,16.510000,5.194212,17800
2006-07-05,16.690001,16.690001,16.510000,16.610001,5.225672,28700
2006-07-06,16.690001,16.700001,16.490000,16.490000,5.187920,28200
2006-07-07,16.549999,16.680000,16.549999,16.580000,5.216234,15700
2006-07-10,16.559999,16.639999,16.430000,16.549999,5.206797,16600
2006-07-11,16.549999,16.570000,16.469999,16.490000,5.187920,40200
2006-07-12,16.340000,16.469999,16.340000,16.340000,5.167366,44500
2006-07-13,16.350000,16.459999,16.350000,16.400000,5.186342,23500
2006-07-14,16.360001,16.590000,16.360001,16.500000,5.217966,38300
2006-07-17,16.500000,16.670000,16.459999,16.530001,5.227450,25700
2006-07-18,16.500000,16.670000,16.330000,16.530001,5.227450,54500
2006-07-19,16.410000,16.610001,16.410000,16.459999,5.205317,16700
2006-07-20,16.410000,16.480000,16.400000,16.440001,5.198988,9300
2006-07-21,16.559999,16.600000,16.440001,16.540001,5.230612,35300
2006-07-24,16.590000,16.700001,16.510000,16.650000,5.265403,50100
2006-07-25,16.660000,16.750000,16.559999,16.750000,5.297025,29700
2006-07-26,16.700001,16.740000,16.580000,16.680000,5.274887,69700
2006-07-27,16.650000,16.889999,16.650000,16.700001,5.281210,43500
2006-07-28,16.650000,16.770000,16.650000,16.750000,5.297025,35100
2006-07-31,16.889999,16.889999,16.700001,16.730000,5.290699,48700
2006-08-01,16.879999,16.889999,16.750000,16.790001,5.309675,33100
2006-08-02,16.950001,16.990000,16.809999,16.990000,5.372921,39200
2006-08-03,16.990000,16.990000,16.799999,16.990000,5.372921,29800
2006-08-04,16.990000,17.040001,16.950001,17.040001,5.388734,20000
2006-08-07,17.000000,17.080000,16.950001,17.070000,5.398221,25200
2006-08-08,17.030001,17.299999,16.920000,17.120001,5.414033,64500
2006-08-09,17.250000,17.250000,17.010000,17.110001,5.410875,24900
2006-08-10,17.120001,17.209999,17.030001,17.139999,5.420357,21400
2006-08-11,17.030001,17.100000,16.950001,17.030001,5.412413,29600
2006-08-14,17.040001,17.049999,16.930000,17.040001,5.415594,33900
2006-08-15,17.049999,17.049999,16.920000,17.010000,5.406058,57400
2006-08-16,17.040001,17.080000,16.959999,16.969999,5.393343,34100
2006-08-17,17.090000,17.090000,16.969999,17.080000,5.428301,35200
2006-08-18,17.090000,17.150000,16.980000,17.070000,5.425125,26200
2006-08-21,17.090000,17.100000,16.990000,17.090000,5.431479,23500
2006-08-22,17.190001,17.190001,17.100000,17.190001,5.463261,22900
2006-08-23,17.049999,17.160000,17.010000,17.090000,5.431479,34900
2006-08-24,17.160000,17.170000,17.010000,17.080000,5.428301,32800
2006-08-25,17.120001,17.160000,17.040001,17.090000,5.431479,26700
2006-08-28,17.100000,17.160000,17.030001,17.110001,5.437840,52700
2006-08-29,17.139999,17.150000,17.049999,17.139999,5.447374,27400
2006-08-30,17.150000,17.160000,17.049999,17.049999,5.418768,35100
2006-08-31,17.049999,17.100000,17.040001,17.090000,5.431479,38700
2006-09-01,17.100000,17.170000,17.030001,17.129999,5.444192,52900
2006-09-05,17.059999,17.139999,17.010000,17.100000,5.434659,26600
2006-09-06,17.100000,17.170000,17.000000,17.010000,5.406058,71100
2006-09-07,17.010000,17.010000,16.850000,16.860001,5.358382,46900
2006-09-08,16.850000,17.040001,16.809999,16.820000,5.345673,42800
2006-09-11,16.809999,16.900000,16.809999,16.809999,5.342494,17100
2006-09-12,16.840000,16.940001,16.809999,16.930000,5.380629,38100
2006-09-13,16.889999,17.059999,16.660000,16.790001,5.362108,51700
2006-09-14,16.830000,16.870001,16.719999,16.719999,5.339753,23200
2006-09-15,16.719999,16.760000,16.610001,16.670000,5.323781,62800
2006-09-18,16.730000,16.730000,16.570000,16.600000,5.301428,67700
2006-09-19,16.600000,16.680000,16.530001,16.629999,5.311007,62600
2006-09-20,16.559999,16.680000,16.549999,16.600000,5.301428,36500
2006-09-21,16.709999,16.709999,16.620001,16.690001,5.330170,39400
2006-09-22,16.690001,16.799999,16.680000,16.730000,5.342949,42600
2006-09-25,16.780001,16.780001,16.700001,16.780001,5.358914,40600
2006-09-26,16.860001,16.860001,16.660000,16.760000,5.352531,26900
2006-09-27,16.799999,16.980000,16.740000,16.920000,5.403624,98600
2006-09-28,16.990000,16.990000,16.809999,16.879999,5.390851,45300
2006-09-29,16.820000,16.980000,16.809999,16.830000,5.374882,47300
2006-10-02,16.969999,16.990000,16.950001,16.990000,5.425980,38600
2006-10-03,16.969999,17.000000,16.900000,16.930000,5.406819,30300
2006-10-04,16.930000,17.070000,16.920000,17.070000,5.451528,34300
2006-10-05,16.980000,17.049999,16.980000,17.010000,5.432370,16300
2006-10-06,17.040001,17.080000,17.000000,17.080000,5.454724,34700
2006-10-09,17.100000,17.120001,17.070000,17.120001,5.467498,13300
2006-10-10,17.150000,17.170000,17.100000,17.150000,5.477079,28500
2006-10-11,17.190001,17.190001,17.100000,17.100000,5.487346,20800
2006-10-12,17.190001,17.190001,17.100000,17.170000,5.509811,28900
2006-10-13,17.240000,17.240000,16.950001,17.000000,5.455261,58000
2006-10-16,17.000000,17.150000,16.920000,17.100000,5.487346,23100
2006-10-17,17.000000,17.160000,17.000000,17.139999,5.500181,34600
2006-10-18,17.020000,17.129999,16.980000,17.120001,5.493766,18100
2006-10-19,17.020000,17.230000,17.020000,17.230000,5.529060,40400
2006-10-20,17.170000,17.240000,17.120001,17.190001,5.516228,17700
2006-10-23,17.110001,17.250000,17.110001,17.250000,5.535484,20000
2006-10-24,17.120001,17.230000,17.100000,17.160000,5.506603,34000
2006-10-25,17.120001,17.230000,17.120001,17.200001,5.519438,20600
2006-10-26,17.200001,17.200001,17.180000,17.200001,5.519438,10200
2006-10-27,17.200001,17.209999,17.170000,17.200001,5.519438,23700
2006-10-30,17.219999,17.219999,17.139999,17.139999,5.500181,14700
2006-10-31,17.219999,17.250000,17.170000,17.250000,5.535484,20600
2006-11-01,17.299999,17.400000,17.219999,17.230000,5.529060,31800
2006-11-02,17.379999,17.379999,17.160000,17.209999,5.522647,19700
2006-11-03,17.360001,17.360001,17.090000,17.150000,5.503393,33900
2006-11-06,17.400000,17.400000,17.170000,17.260000,5.538690,20000
2006-11-07,17.200001,17.299999,17.110001,17.170000,5.509811,24800
2006-11-08,17.110001,17.280001,17.110001,17.209999,5.522647,25600
2006-11-09,17.250000,17.320000,17.200001,17.250000,5.535484,14100
2006-11-10,17.209999,17.320000,17.209999,17.250000,5.535484,21000
2006-11-13,17.240000,17.250000,17.110001,17.120001,5.520006,35600
2006-11-14,17.209999,17.209999,17.070000,17.180000,5.539350,31800
2006-11-15,17.070000,17.200001,17.059999,17.180000,5.539350,19700
2006-11-16,17.209999,17.209999,17.110001,17.150000,5.529679,26600
2006-11-17,17.129999,17.200001,17.100000,17.100000,5.513556,20600
2006-11-20,17.200001,17.200001,17.070000,17.070000,5.503883,34300
2006-11-21,17.170000,17.190001,17.059999,17.080000,5.507109,15100
2006-11-22,17.059999,17.200001,17.049999,17.100000,5.513556,34000
2006-11-24,17.100000,17.200001,17.100000,17.190001,5.542575,12500
2006-11-27,17.190001,17.190001,17.030001,17.070000,5.503883,55600
2006-11-28,17.120001,17.160000,17.040001,17.049999,5.497435,38300
2006-11-29,17.020000,17.129999,16.930000,16.930000,5.458745,54700
2006-11-30,17.160000,17.170000,16.920000,17.000000,5.481317,66700
2006-12-01,17.000000,17.059999,16.920000,16.930000,5.458745,56400
2006-12-04,17.100000,17.110001,16.920000,16.959999,5.468419,54400
2006-12-05,17.030001,17.270000,17.030001,17.219999,5.552247,48800
2006-12-06,17.400000,17.480000,17.209999,17.280001,5.571592,29200
2006-12-07,17.430000,17.450001,17.250000,17.320000,5.584494,21600
2006-12-08,17.260000,17.299999,17.260000,17.299999,5.578045,18700
2006-12-11,17.299999,17.299999,17.250000,17.299999,5.578045,34300
2006-12-12,17.330000,17.420000,17.299999,17.410000,5.613507,28900
2006-12-13,17.350000,17.500000,17.270000,17.309999,5.608977,17100
2006-12-14,17.290001,17.309999,17.160000,17.160000,5.560369,49100
2006-12-15,17.410000,17.410000,17.200001,17.299999,5.605731,21300
2006-12-18,17.400000,17.400000,17.200001,17.290001,5.602496,28700
2006-12-19,17.200001,17.379999,17.200001,17.379999,5.631655,15400
2006-12-20,17.379999,17.500000,17.260000,17.450001,5.654337,33700
2006-12-21,17.360001,17.639999,17.360001,17.639999,5.715903,20600
2006-12-22,17.760000,17.780001,17.600000,17.709999,5.738580,22100
2006-12-26,17.700001,17.750000,17.650000,17.750000,5.751548,19300
2006-12-27,17.840000,17.850000,17.770000,17.770000,5.758027,11900
2006-12-28,18.020000,18.150000,17.610001,17.780001,5.761271,21200
2006-12-29,18.020000,18.020000,17.700001,17.709999,5.738580,37200
2007-01-03,17.650000,17.770000,17.309999,17.389999,5.634894,48700
2007-01-04,17.360001,17.600000,17.209999,17.590000,5.699703,50300
2007-01-05,17.590000,17.590000,17.440001,17.490000,5.667297,50200
2007-01-08,17.530001,17.559999,17.370001,17.500000,5.670539,43400
2007-01-09,17.450001,17.700001,17.389999,17.700001,5.735346,35100
2007-01-10,17.690001,17.690001,17.400000,17.559999,5.716464,33100
2007-01-11,17.360001,17.690001,17.360001,17.580000,5.722974,58400
2007-01-12,17.480000,17.540001,17.480000,17.490000,5.693676,27900
2007-01-16,17.680000,17.680000,17.450001,17.530001,5.706703,27500
2007-01-17,17.590000,17.590000,17.490000,17.500000,5.696932,25000
2007-01-18,17.440001,17.559999,17.440001,17.530001,5.706703,32900
2007-01-19,17.459999,17.700001,17.459999,17.510000,5.700191,42400
2007-01-22,17.520000,17.620001,17.480000,17.600000,5.729488,15600
2007-01-23,17.700001,17.700001,17.480000,17.620001,5.735999,26800
2007-01-24,17.639999,17.639999,17.530001,17.600000,5.729488,29600
2007-01-25,17.510000,17.670000,17.500000,17.510000,5.700191,33500
2007-01-26,17.510000,17.639999,17.480000,17.639999,5.742506,26000
2007-01-29,17.590000,17.730000,17.549999,17.559999,5.716464,53500
2007-01-30,17.610001,17.650000,17.530001,17.549999,5.713211,37300
2007-01-31,17.639999,17.639999,17.510000,17.530001,5.706703,25500
2007-02-01,17.530001,17.590000,17.480000,17.480000,5.690421,67600
2007-02-02,17.500000,17.620001,17.490000,17.549999,5.713211,25900
2007-02-05,17.500000,17.600000,17.469999,17.520000,5.703443,30800
2007-02-06,17.549999,17.750000,17.450001,17.629999,5.739251,34200
2007-02-07,17.650000,17.690001,17.500000,17.650000,5.745764,34900
2007-02-08,17.580000,17.719999,17.549999,17.549999,5.713211,18800
2007-02-09,17.600000,17.700001,17.490000,17.620001,5.735999,48500
2007-02-12,17.620001,17.850000,17.530001,17.680000,5.755532,38600
2007-02-13,17.600000,17.799999,17.520000,17.670000,5.779078,27300
2007-02-14,17.639999,17.660000,17.549999,17.580000,5.749641,42900
2007-02-15,17.600000,17.650000,17.570000,17.580000,5.749641,17100
2007-02-16,17.580000,17.820000,17.580000,17.700001,5.788888,33100
2007-02-20,17.600000,17.700001,17.570000,17.580000,5.749641,47600
2007-02-21,17.510000,17.680000,17.500000,17.600000,5.756185,32500
2007-02-22,17.690001,17.690001,17.490000,17.610001,5.759450,30700
2007-02-23,17.690001,17.700001,17.570000,17.660000,5.775806,9900
2007-02-26,17.680000,17.750000,17.629999,17.750000,5.805241,33700
2007-02-27,17.750000,18.000000,17.570000,17.780001,5.815051,30300
2007-02-28,17.940001,17.940001,17.790001,17.860001,5.841216,32800
2007-03-01,17.959999,17.959999,17.799999,17.820000,5.828134,17000
2007-03-02,17.850000,17.950001,17.600000,17.889999,5.851032,25900
2007-03-05,17.889999,17.889999,17.660000,17.790001,5.818323,25600
2007-03-06,17.770000,18.000000,17.770000,17.889999,5.851032,22600
2007-03-07,17.900000,18.000000,17.799999,17.830000,5.831404,20000
2007-03-08,17.850000,17.900000,17.830000,17.830000,5.831404,12700
2007-03-09,17.889999,17.980000,17.809999,17.820000,5.828134,40000
2007-03-12,17.830000,18.200001,17.629999,17.910000,5.857570,45900
2007-03-13,17.790001,17.879999,17.680000,17.750000,5.831946,34000
2007-03-14,17.750000,17.820000,17.709999,17.820000,5.854939,27800
2007-03-15,17.980000,17.980000,17.650000,17.709999,5.818803,25200
2007-03-16,17.760000,17.760000,17.660000,17.719999,5.822085,12800
2007-03-19,17.709999,17.809999,17.650000,17.809999,5.851655,39500
2007-03-20,17.670000,17.740000,17.639999,17.650000,5.799087,15500
2007-03-21,17.670000,17.719999,17.639999,17.650000,5.799087,14200
2007-03-22,17.639999,17.709999,17.600000,17.690001,5.812233,32000
2007-03-23,17.639999,17.700001,17.639999,17.680000,5.808943,17800
2007-03-26,17.690001,17.730000,17.629999,17.730000,5.825372,24600
2007-03-27,17.650000,17.709999,17.549999,17.639999,5.795799,36500
2007-03-28,17.650000,17.700001,17.600000,17.690001,5.812233,22600
2007-03-29,17.620001,17.719999,17.620001,17.719999,5.822085,22400
2007-03-30,17.719999,17.770000,17.660000,17.750000,5.831946,29200
2007-04-02,17.770000,17.809999,17.750000,17.750000,5.831946,23400
2007-04-03,17.760000,18.000000,17.700001,17.740000,5.828658,36500
2007-04-04,17.840000,18.020000,17.690001,17.690001,5.812233,55400
2007-04-05,17.650000,17.850000,17.650000,17.670000,5.805658,27300
2007-04-09,17.680000,17.809999,17.670000,17.809999,5.851655,49300
2007-04-10,17.639999,17.950001,17.639999,17.900000,5.881227,61300
2007-04-11,17.670000,17.900000,17.670000,17.790001,5.871988,62600
2007-04-12,18.100000,18.100000,17.799999,17.920000,5.914891,33100
2007-04-13,18.080000,18.150000,17.860001,18.049999,5.957801,45800
2007-04-16,17.990000,18.020000,17.900000,17.910000,5.911593,29900
2007-04-17,17.940001,17.990000,17.840000,17.910000,5.911593,27800
2007-04-18,17.910000,17.969999,17.900000,17.900000,5.908294,12000
2007-04-19,18.010000,18.020000,17.940001,17.969999,5.931399,18200
2007-04-20,17.980000,18.150000,17.950001,18.059999,5.961103,19600
2007-04-23,18.139999,18.160000,18.040001,18.100000,5.974309,22100
2007-04-24,18.139999,18.280001,18.090000,18.209999,6.010610,24100
2007-04-25,18.209999,18.209999,18.080000,18.120001,5.980913,44700
2007-04-26,18.120001,18.219999,18.100000,18.139999,5.987510,22800
2007-04-27,18.129999,18.639999,18.129999,18.200001,6.007318,36600
2007-04-30,18.389999,18.389999,18.160000,18.170000,5.997412,49500
2007-05-01,18.290001,18.299999,18.010000,18.030001,5.951203,70000
2007-05-02,18.000000,18.150000,17.969999,18.000000,5.941302,60500
2007-05-03,18.100000,18.139999,18.000000,18.100000,5.974309,22800
2007-05-04,18.110001,18.170000,18.080000,18.110001,5.977605,35000
2007-05-07,18.100000,18.219999,18.059999,18.219999,6.013916,27800
2007-05-08,18.200001,18.230000,18.100000,18.129999,5.984210,24700
2007-05-09,18.110001,18.139999,18.049999,18.129999,5.984210,32700
2007-05-10,18.070000,18.200001,18.059999,18.139999,5.987510,29800
2007-05-11,17.889999,18.160000,17.889999,18.160000,6.021331,36800
2007-05-14,18.280001,18.299999,18.000000,18.150000,6.018016,34400
2007-05-15,18.200001,18.200001,18.059999,18.059999,5.988173,9900
2007-05-16,18.170000,18.360001,17.950001,17.950001,5.951703,49500
2007-05-17,17.950001,18.090000,17.950001,17.950001,5.951703,32700
2007-05-18,18.120001,18.120001,17.820000,17.820000,5.908594,53200
2007-05-21,17.900000,17.900000,17.760000,17.809999,5.905283,42800
2007-05-22,17.760000,17.860001,17.750000,17.790001,5.898653,26200
2007-05-23,17.980000,17.980000,17.719999,17.750000,5.885388,45000
2007-05-24,17.709999,17.740000,17.570000,17.670000,5.858863,35000
2007-05-25,17.650000,17.760000,17.570000,17.690001,5.865494,41700
2007-05-29,17.719999,17.770000,17.660000,17.670000,5.858863,20000
2007-05-30,17.740000,17.740000,17.650000,17.730000,5.878754,32100
2007-05-31,17.770000,17.770000,17.549999,17.730000,5.878754,19500
2007-06-01,17.680000,17.900000,17.590000,17.600000,5.835654,29600
2007-06-04,17.600000,17.600000,17.510000,17.530001,5.812442,32000
2007-06-05,17.540001,17.540001,17.059999,17.209999,5.706340,84800
2007-06-06,17.209999,17.209999,17.030001,17.110001,5.673184,61600
2007-06-07,17.100000,17.110001,16.450001,16.750000,5.553816,136400
2007-06-08,16.600000,16.690001,16.270000,16.650000,5.520659,51400
2007-06-11,16.650000,16.660000,16.360001,16.559999,5.490816,59000
2007-06-12,16.540001,16.540001,16.299999,16.400000,5.437767,74200
2007-06-13,16.299999,16.389999,16.209999,16.280001,5.425102,71100
2007-06-14,16.379999,16.379999,16.299999,16.299999,5.431767,27000
2007-06-15,16.430000,16.440001,16.299999,16.440001,5.478418,45500
2007-06-18,16.600000,16.680000,16.440001,16.680000,5.558398,61100
2007-06-19,16.680000,17.000000,16.600000,16.860001,5.618383,67400
2007-06-20,16.790001,16.950001,16.770000,16.910000,5.635045,24600
2007-06-21,16.920000,16.959999,16.770000,16.920000,5.638373,31600
2007-06-22,16.920000,16.950001,16.840000,16.900000,5.631709,24200
2007-06-25,16.870001,16.959999,16.870001,16.950001,5.648372,18900
2007-06-26,16.920000,17.090000,16.860001,17.090000,5.695024,42800
2007-06-27,16.950001,17.000000,16.910000,16.950001,5.648372,48600
2007-06-28,16.980000,17.049999,16.980000,17.000000,5.665037,12000
2007-06-29,17.070000,17.090000,16.980000,17.059999,5.685030,51700
2007-07-02,17.040001,17.049999,16.990000,17.020000,5.671703,44500
2007-07-03,17.040001,17.080000,17.020000,17.020000,5.671703,18400
2007-07-05,17.090000,17.090000,16.990000,16.990000,5.661702,20800
2007-07-06,17.020000,17.020000,16.969999,16.990000,5.661702,8600
2007-07-09,17.000000,17.209999,16.950001,17.000000,5.665037,25000
2007-07-10,17.000000,17.120001,16.969999,17.010000,5.668369,31800
2007-07-11,16.920000,16.950001,16.860001,16.930000,5.669035,19700
2007-07-12,16.990000,17.120001,16.740000,16.740000,5.605413,39800
2007-07-13,17.090000,17.090000,16.590000,16.740000,5.605413,45400
2007-07-16,16.540001,16.680000,16.500000,16.500000,5.525049,39500
2007-07-17,16.500000,16.590000,16.389999,16.400000,5.491565,44200
2007-07-18,16.420000,16.490000,16.299999,16.299999,5.458077,50900
2007-07-19,16.219999,16.330000,16.209999,16.209999,5.427944,38800
2007-07-20,16.330000,16.450001,16.200001,16.309999,5.461431,26500
2007-07-23,16.270000,16.350000,16.230000,16.230000,5.434639,27800
2007-07-24,16.280001,16.299999,16.020000,16.030001,5.367670,57400
2007-07-25,16.049999,16.160000,16.049999,16.100000,5.391109,39300
2007-07-26,16.100000,16.100000,15.660000,15.910000,5.327486,70700
2007-07-27,15.850000,16.150000,15.800000,16.150000,5.407853,59400
2007-07-30,16.070000,16.180000,16.049999,16.150000,5.407853,29200
2007-07-31,16.200001,16.270000,16.100000,16.270000,5.448037,30200
2007-08-01,16.459999,16.930000,16.209999,16.290001,5.454731,28700
2007-08-02,16.270000,16.379999,16.170000,16.190001,5.421248,38000
2007-08-03,16.180000,16.250000,16.150000,16.200001,5.424592,22200
2007-08-06,16.059999,16.270000,16.000000,16.000000,5.357622,36800
2007-08-07,16.000000,16.120001,16.000000,16.120001,5.397804,31900
2007-08-08,16.120001,16.299999,16.059999,16.120001,5.397804,44800
2007-08-09,16.180000,16.400000,16.180000,16.299999,5.458077,13300
2007-08-10,16.389999,16.389999,16.250000,16.290001,5.454731,28800
2007-08-13,16.459999,16.719999,16.200001,16.430000,5.529443,33700
2007-08-14,16.350000,16.580000,16.139999,16.139999,5.431845,23400
2007-08-15,16.400000,16.400000,15.750000,15.760000,5.303960,59200
2007-08-16,15.600000,15.600000,14.460000,15.120000,5.088570,137000
2007-08-17,15.050000,15.750000,14.900000,15.330000,5.159242,113600
2007-08-20,15.300000,15.330000,15.100000,15.180000,5.108763,39800
2007-08-21,15.180000,15.230000,15.050000,15.140000,5.095303,92800
2007-08-22,15.180000,15.910000,15.140000,15.650000,5.266936,86400
2007-08-23,15.650000,18.969999,15.650000,16.480000,5.546269,118500
2007-08-24,16.480000,16.480000,15.970000,16.010000,5.388095,37500
2007-08-27,16.020000,16.430000,16.020000,16.299999,5.485693,70600
2007-08-28,16.299999,16.420000,16.150000,16.209999,5.455404,31800
2007-08-29,16.230000,16.450001,16.230000,16.450001,5.536175,23500
2007-08-30,16.469999,16.500000,16.410000,16.500000,5.553001,16400
2007-08-31,16.500000,16.520000,16.459999,16.500000,5.553001,31200
2007-09-04,16.549999,16.600000,16.459999,16.600000,5.586657,33100
2007-09-05,16.299999,16.700001,16.299999,16.700001,5.620310,35800
2007-09-06,16.600000,16.920000,16.510000,16.820000,5.660695,23100
2007-09-07,16.850000,16.950001,16.740000,16.809999,5.657328,47500
2007-09-10,16.709999,17.090000,16.709999,17.030001,5.731371,20300
2007-09-11,17.070000,17.070000,16.780001,16.850000,5.670791,44300
2007-09-12,16.760000,16.850000,16.750000,16.830000,5.691761,16800
2007-09-13,16.879999,16.879999,16.629999,16.629999,5.624122,22900
2007-09-14,16.559999,16.559999,16.440001,16.450001,5.563251,25800
2007-09-17,16.559999,16.580000,16.350000,16.580000,5.607213,30300
2007-09-18,16.549999,16.690001,16.480000,16.650000,5.630888,12700
2007-09-19,16.629999,16.629999,16.400000,16.410000,5.549724,25000
2007-09-20,16.350000,16.500000,16.350000,16.450001,5.563251,15200
2007-09-21,16.450001,16.480000,15.760000,16.209999,5.482082,57200
2007-09-24,16.209999,16.219999,16.030001,16.129999,5.455027,42500
2007-09-25,16.100000,16.120001,15.900000,16.049999,5.427973,52400
2007-09-26,16.100000,16.170000,16.040001,16.049999,5.427973,21600
2007-09-27,16.020000,16.260000,16.010000,16.059999,5.431353,16600
2007-09-28,16.190001,16.200001,16.120001,16.170000,5.468557,41000
2007-10-01,16.219999,16.219999,16.100000,16.170000,5.468557,16900
2007-10-02,16.200001,16.209999,16.049999,16.080000,5.438116,24200
2007-10-03,16.059999,16.200001,16.059999,16.090000,5.441504,33900
2007-10-04,16.129999,16.150000,16.049999,16.080000,5.438116,57500
2007-10-05,16.110001,16.110001,16.020000,16.070000,5.434738,57700
2007-10-08,16.049999,16.059999,16.000000,16.010000,5.414446,23300
2007-10-09,16.049999,16.100000,16.000000,16.090000,5.441504,15500
2007-10-10,16.059999,16.200001,15.990000,16.139999,5.458408,31500
2007-10-11,16.379999,16.420000,16.000000,16.030001,5.448891,47700
2007-10-12,16.020000,16.150000,16.020000,16.110001,5.476084,66700
2007-10-15,16.100000,16.190001,16.000000,16.150000,5.489681,33100
2007-10-16,16.110001,16.150000,16.000000,16.049999,5.455690,16700
2007-10-17,16.080000,16.299999,15.970000,16.010000,5.442095,18600
2007-10-18,16.100000,16.139999,15.960000,16.139999,5.486282,15000
2007-10-19,16.000000,16.139999,15.950000,16.000000,5.438693,25800
2007-10-22,16.010000,16.219999,16.000000,16.010000,5.442095,23100
2007-10-23,16.049999,16.290001,15.960000,16.129999,5.482881,33000
2007-10-24,16.049999,16.299999,15.930000,16.049999,5.455690,30600
2007-10-25,16.049999,16.059999,15.840000,15.860000,5.391105,23200
2007-10-26,15.840000,16.000000,15.810000,15.850000,5.387707,17600
2007-10-29,16.040001,16.049999,15.900000,15.950000,5.421695,29700
2007-10-30,15.940000,16.059999,15.800000,15.860000,5.391105,26800
2007-10-31,16.020000,16.020000,15.800000,15.820000,5.377508,13100
2007-11-01,15.880000,16.000000,15.820000,15.900000,5.404700,23500
2007-11-02,15.900000,16.030001,15.870000,15.870000,5.394504,20000
2007-11-05,15.860000,16.059999,15.860000,15.890000,5.401303,24400
2007-11-06,15.980000,16.049999,15.860000,16.020000,5.445492,53700
2007-11-07,15.950000,16.059999,15.870000,15.870000,5.394504,29500
2007-11-08,16.000000,16.010000,15.750000,15.870000,5.394504,33500
2007-11-09,15.870000,16.030001,15.610000,15.690000,5.333319,29100
2007-11-12,15.690000,15.860000,15.610000,15.620000,5.309525,26000
2007-11-13,15.720000,15.750000,15.520000,15.650000,5.347796,23400
2007-11-14,15.650000,15.960000,15.650000,15.660000,5.351214,16600
2007-11-15,15.940000,15.940000,15.500000,15.540000,5.310206,35100
2007-11-16,15.510000,15.750000,15.500000,15.510000,5.299956,25700
2007-11-19,15.200000,15.570000,15.200000,15.270000,5.217944,62000
2007-11-20,15.770000,15.770000,15.270000,15.440000,5.276036,50200
2007-11-21,15.470000,15.470000,14.940000,15.200000,5.194025,33600
2007-11-23,15.120000,15.310000,15.120000,15.310000,5.231614,6800
2007-11-26,15.200000,15.570000,15.190000,15.300000,5.228195,34400
2007-11-27,15.300000,15.350000,15.010000,15.200000,5.194025,48000
2007-11-28,15.320000,15.350000,15.290000,15.350000,5.245286,35900
2007-11-29,15.350000,15.390000,15.150000,15.240000,5.207696,86700
2007-11-30,15.480000,15.480000,14.950000,14.980000,5.118854,56000
2007-12-03,15.470000,15.470000,14.990000,15.000000,5.125683,83800
2007-12-04,14.900000,15.300000,14.900000,15.300000,5.228195,53500
2007-12-05,15.290000,15.570000,15.270000,15.380000,5.255538,35400
2007-12-06,15.380000,15.560000,15.350000,15.400000,5.262367,55800
2007-12-07,15.410000,15.420000,15.350000,15.380000,5.255538,45300
2007-12-10,15.600000,15.750000,15.320000,15.450000,5.279455,66900
2007-12-11,15.550000,15.550000,15.400000,15.500000,5.296540,42100
2007-12-12,15.530000,15.530000,15.300000,15.370000,5.312088,70900
2007-12-13,15.270000,15.300000,15.010000,15.070000,5.208409,33500
2007-12-14,15.250000,15.250000,14.960000,15.000000,5.184215,68300
2007-12-17,14.810000,15.090000,14.810000,14.870000,5.139285,73000
2007-12-18,14.890000,15.000000,14.730000,14.750000,5.097812,93800
2007-12-19,14.970000,14.970000,14.710000,14.710000,5.083989,91000
2007-12-20,14.660000,14.660000,14.000000,14.530000,5.021777,217900
2007-12-21,14.420000,14.660000,14.190000,14.340000,4.956109,193000
2007-12-24,14.340000,14.530000,14.180000,14.270000,4.931918,89600
2007-12-26,14.520000,14.520000,14.080000,14.200000,4.907724,141800
2007-12-27,14.020000,14.680000,14.020000,14.120000,4.880076,205100
2007-12-28,14.100000,14.570000,14.100000,14.570000,5.035600,225700
2007-12-31,14.990000,14.990000,14.340000,14.980000,5.177301,208700
2008-01-02,14.690000,15.250000,14.690000,15.160000,5.239512,47000
2008-01-03,15.300000,15.450000,15.170000,15.400000,5.322460,52100
2008-01-04,15.500000,15.550000,15.430000,15.520000,5.363935,42000
2008-01-07,15.480000,15.840000,15.480000,15.700000,5.426145,52200
2008-01-08,15.850000,15.850000,15.710000,15.790000,5.457249,31300
2008-01-09,15.780000,15.830000,15.740000,15.820000,5.467621,43300
2008-01-10,15.800000,15.900000,15.800000,15.900000,5.495270,32400
2008-01-11,15.970000,15.980000,15.750000,15.980000,5.551546,16000
2008-01-14,15.760000,16.240000,15.760000,15.970000,5.548075,39700
2008-01-15,16.209999,16.209999,15.970000,16.040001,5.572395,63700
2008-01-16,16.100000,16.200001,15.850000,15.850000,5.506384,82300
2008-01-17,15.820000,15.980000,15.620000,15.630000,5.429956,67400
2008-01-18,15.750000,15.900000,15.400000,15.540000,5.398686,52200
2008-01-22,15.060000,15.620000,15.060000,15.620000,5.426483,58300
2008-01-23,15.630000,16.090000,15.550000,16.070000,5.582813,41400
2008-01-24,16.100000,16.129999,16.000000,16.080000,5.586289,29900
2008-01-25,16.260000,16.260000,15.780000,15.810000,5.492488,20200
2008-01-28,15.780000,15.920000,15.690000,15.920000,5.530704,29000
2008-01-29,16.000000,16.020000,15.810000,15.840000,5.502910,49500
2008-01-30,16.030001,16.030001,15.810000,15.880000,5.516806,25400
2008-01-31,15.800000,15.990000,15.800000,15.890000,5.520285,33700
2008-02-01,16.000000,16.120001,15.860000,15.970000,5.548075,32200
2008-02-04,15.930000,16.000000,15.910000,15.960000,5.544600,10600
2008-02-05,16.000000,16.049999,15.870000,15.910000,5.527234,29100
2008-02-06,16.040001,16.040001,15.870000,15.910000,5.527234,25600
2008-02-07,16.040001,16.049999,15.750000,15.920000,5.530704,43300
2008-02-08,15.790000,16.049999,15.790000,16.030001,5.568918,35200
2008-02-11,16.100000,16.150000,15.950000,15.980000,5.551546,64500
2008-02-12,16.139999,16.190001,16.010000,16.120001,5.600183,71800
2008-02-13,16.080000,16.120001,15.690000,15.700000,5.482160,71200
2008-02-14,15.680000,15.750000,14.960000,15.010000,5.241224,115200
2008-02-15,15.220000,15.220000,14.750000,15.010000,5.241224,143000
2008-02-19,15.080000,15.430000,15.080000,15.430000,5.387884,45300
2008-02-20,15.170000,15.420000,15.160000,15.170000,5.297093,77100
2008-02-21,15.170000,15.250000,14.990000,15.170000,5.297093,64800
2008-02-22,14.950000,15.110000,14.940000,14.950000,5.220274,67800
2008-02-25,15.040000,15.280000,15.000000,15.250000,5.325029,54900
2008-02-26,15.420000,15.420000,15.270000,15.330000,5.352964,21600
2008-02-27,15.330000,15.420000,15.120000,15.190000,5.304077,26900
2008-02-28,15.070000,15.180000,14.970000,14.990000,5.234242,35200
2008-02-29,15.140000,15.140000,14.660000,14.920000,5.209798,65200
2008-03-03,14.980000,15.160000,14.920000,15.150000,5.290110,57400
2008-03-04,15.160000,15.280000,15.010000,15.210000,5.311060,31100
2008-03-05,15.410000,15.520000,15.300000,15.520000,5.419309,41700
2008-03-06,15.240000,15.470000,14.940000,15.280000,5.335504,79700
2008-03-07,15.320000,15.340000,15.250000,15.260000,5.328521,21900
2008-03-10,15.290000,15.290000,15.180000,15.230000,5.318046,21000
2008-03-11,15.290000,15.490000,15.190000,15.350000,5.359945,47900
2008-03-12,15.400000,15.400000,15.060000,15.060000,5.286928,17700
2008-03-13,15.070000,15.140000,14.980000,14.990000,5.262353,17800
2008-03-14,15.030000,15.170000,14.920000,15.030000,5.276394,25000
2008-03-17,14.900000,14.900000,14.560000,14.600000,5.125441,57100
2008-03-18,14.700000,14.840000,14.700000,14.730000,5.171077,35300
2008-03-19,14.870000,14.880000,14.580000,14.670000,5.150013,33000
2008-03-20,14.610000,14.810000,14.590000,14.750000,5.178097,39000
2008-03-24,14.820000,15.050000,14.800000,15.050000,5.283414,49700
2008-03-25,15.100000,15.210000,14.930000,15.210000,5.339585,34200
2008-03-26,15.040000,15.350000,15.040000,15.350000,5.388731,32500
2008-03-27,15.460000,15.460000,15.200000,15.300000,5.371178,60900
2008-03-28,15.220000,15.320000,15.200000,15.210000,5.339585,17100
2008-03-31,15.330000,15.390000,15.070000,15.270000,5.360649,53700
2008-04-01,15.350000,15.350000,15.140000,15.320000,5.378205,24000
2008-04-02,15.250000,15.370000,15.210000,15.210000,5.339585,50600
2008-04-03,15.180000,15.410000,15.180000,15.270000,5.360649,34200
2008-04-04,15.350000,15.440000,15.240000,15.240000,5.350117,22100
2008-04-07,15.220000,15.460000,15.220000,15.360000,5.392242,27900
2008-04-08,15.360000,15.440000,15.200000,15.230000,5.346606,27200
2008-04-09,15.360000,15.360000,15.250000,15.250000,5.353628,18300
2008-04-10,15.220000,15.350000,15.220000,15.350000,5.388731,40200
2008-04-11,15.320000,15.440000,15.220000,15.220000,5.371793,37700
2008-04-14,15.220000,15.350000,15.220000,15.290000,5.396497,30800
2008-04-15,15.290000,15.310000,15.180000,15.180000,5.357673,14100
2008-04-16,15.150000,15.350000,15.150000,15.220000,5.371793,25400
2008-04-17,15.350000,15.400000,15.260000,15.380000,5.428262,17900
2008-04-18,15.450000,15.450000,15.330000,15.400000,5.435322,31900
2008-04-21,15.430000,15.500000,15.400000,15.500000,5.470616,26800
2008-04-22,15.500000,15.500000,15.340000,15.400000,5.435322,26200
2008-04-23,15.490000,15.490000,15.370000,15.380000,5.428262,26000
2008-04-24,15.430000,15.440000,15.310000,15.310000,5.403559,30100
2008-04-25,15.350000,15.390000,15.310000,15.310000,5.403559,35400
2008-04-28,15.460000,15.470000,15.290000,15.320000,5.407088,55900
2008-04-29,15.350000,15.480000,15.350000,15.360000,5.421204,30700
2008-04-30,15.490000,15.500000,15.350000,15.500000,5.470616,27600
2008-05-01,15.390000,15.590000,15.390000,15.500000,5.470616,30900
2008-05-02,15.500000,15.500000,15.410000,15.440000,5.449441,33900
2008-05-05,15.500000,15.680000,15.380000,15.470000,5.460028,28300
2008-05-06,15.410000,15.490000,15.400000,15.420000,5.442380,34700
2008-05-07,15.320000,15.490000,15.320000,15.390000,5.431794,31800
2008-05-08,15.390000,15.480000,15.360000,15.360000,5.421204,33800
2008-05-09,15.530000,15.530000,15.330000,15.380000,5.428262,24900
2008-05-12,15.480000,15.480000,15.390000,15.470000,5.460028,25900
2008-05-13,15.470000,15.470000,15.400000,15.400000,5.464288,16500
2008-05-14,15.400000,15.500000,15.380000,15.490000,5.496220,16000
2008-05-15,15.500000,15.500000,15.350000,15.490000,5.496220,21200
2008-05-16,15.450000,15.540000,15.450000,15.540000,5.513964,7000
2008-05-19,15.410000,15.600000,15.410000,15.600000,5.535250,17100
2008-05-20,15.600000,15.600000,15.360000,15.400000,5.464288,56700
2008-05-21,15.350000,15.500000,15.330000,15.450000,5.482029,22700
2008-05-22,15.550000,15.580000,15.400000,15.500000,5.499768,24300
2008-05-23,15.500000,16.000000,15.430000,15.540000,5.513964,26200
2008-05-27,15.460000,15.570000,15.440000,15.440000,5.478478,26800
2008-05-28,15.640000,15.640000,15.430000,15.530000,5.510413,25600
2008-05-29,15.570000,15.570000,15.370000,15.450000,5.482029,35700
2008-05-30,15.560000,15.560000,15.400000,15.560000,5.521055,17600
2008-06-02,15.640000,15.700000,15.410000,15.410000,5.467835,18100
2008-06-03,15.380000,15.510000,15.380000,15.410000,5.467835,26300
2008-06-04,15.410000,15.480000,15.350000,15.350000,5.446546,43400
2008-06-05,15.520000,15.590000,15.420000,15.480000,5.492671,55300
2008-06-06,15.650000,15.650000,15.410000,15.410000,5.467835,16200
2008-06-09,15.520000,15.540000,15.460000,15.530000,5.510413,12600
2008-06-10,15.550000,15.550000,15.450000,15.530000,5.510413,33900
2008-06-11,15.510000,15.510000,15.240000,15.410000,5.496859,33100
2008-06-12,15.480000,15.490000,15.230000,15.240000,5.436216,36000
2008-06-13,15.180000,15.310000,15.160000,15.240000,5.436216,19000
2008-06-16,15.230000,15.350000,15.220000,15.330000,5.468319,27300
2008-06-17,15.250000,15.300000,15.090000,15.200000,5.421950,41600
2008-06-18,15.150000,15.220000,15.000000,15.060000,5.372010,41200
2008-06-19,15.000000,15.120000,14.860000,14.970000,5.339907,43200
2008-06-20,14.960000,14.960000,14.760000,14.850000,5.297102,44800
2008-06-23,14.780000,14.900000,14.710000,14.770000,5.268566,27500
2008-06-24,14.580000,14.950000,14.580000,14.950000,5.332775,67500
2008-06-25,14.950000,14.950000,14.900000,14.950000,5.332775,22100
2008-06-26,15.090000,15.770000,14.880000,15.000000,5.350607,110000
2008-06-27,15.070000,15.500000,15.060000,15.150000,5.404115,26400
2008-06-30,15.150000,15.270000,15.100000,15.140000,5.400548,24400
2008-07-01,15.280000,15.410000,15.060000,15.280000,5.450482,29800
2008-07-02,15.280000,15.300000,15.120000,15.240000,5.436216,21200
2008-07-03,15.330000,15.500000,15.170000,15.170000,5.411248,12200
2008-07-07,15.170000,15.480000,15.170000,15.300000,5.457619,25700
2008-07-08,15.300000,15.380000,15.300000,15.300000,5.457619,56100
2008-07-09,15.590000,15.590000,15.300000,15.490000,5.525391,15800
2008-07-10,15.500000,15.510000,15.300000,15.430000,5.503989,64500
2008-07-11,15.300000,15.350000,15.160000,15.160000,5.436573,17400
2008-07-14,15.010000,15.270000,15.010000,15.030000,5.389949,24400
2008-07-15,14.950000,14.950000,14.570000,14.750000,5.289540,84300
2008-07-16,14.560000,14.790000,14.520000,14.790000,5.303887,46300
2008-07-17,14.800000,14.830000,14.700000,14.730000,5.282369,26400
2008-07-18,14.850000,14.850000,14.650000,14.730000,5.282369,9500
2008-07-21,14.670000,14.790000,14.630000,14.790000,5.303887,24800
2008-07-22,14.840000,14.900000,14.690000,14.770000,5.296711,27800
2008-07-23,14.860000,14.920000,14.710000,14.710000,5.275197,20000
2008-07-24,14.720000,14.900000,14.670000,14.860000,5.328991,24200
2008-07-25,14.750000,14.970000,14.730000,14.860000,5.328991,21800
2008-07-28,15.340000,15.340000,14.750000,14.930000,5.354090,24500
2008-07-29,15.000000,15.150000,14.930000,15.150000,5.432986,22400
2008-07-30,15.150000,15.160000,15.010000,15.150000,5.432986,14400
2008-07-31,15.200000,15.220000,14.890000,15.050000,5.397127,32000
2008-08-01,15.160000,15.220000,14.780000,14.940000,5.357681,30100
2008-08-04,14.990000,15.000000,14.820000,14.980000,5.372020,25300
2008-08-05,14.850000,15.020000,14.850000,14.890000,5.339749,13900
2008-08-06,14.830000,14.990000,14.740000,14.740000,5.285954,31800
2008-08-07,15.150000,15.150000,14.690000,14.760000,5.293126,17100
2008-08-08,14.880000,14.880000,14.400000,14.740000,5.285954,66800
2008-08-11,14.750000,14.750000,14.600000,14.730000,5.282369,23000
2008-08-12,14.750000,14.750000,14.620000,14.660000,5.257266,22300
2008-08-13,14.650000,14.650000,14.510000,14.520000,5.236350,31200
2008-08-14,14.480000,14.480000,14.250000,14.440000,5.207498,54900
2008-08-15,14.400000,14.470000,14.310000,14.310000,5.160619,21000
2008-08-18,14.350000,14.540000,14.300000,14.450000,5.211106,37800
2008-08-19,14.590000,14.750000,14.370000,14.470000,5.218318,38700
2008-08-20,14.740000,14.820000,14.390000,14.780000,5.330117,26300
2008-08-21,14.800000,14.800000,14.360000,14.360000,5.178649,28900
2008-08-22,14.260000,14.520000,14.260000,14.420000,5.200286,17400
2008-08-25,14.570000,14.650000,14.400000,14.410000,5.196681,32200
2008-08-26,14.290000,14.750000,14.290000,14.560000,5.250776,42800
2008-08-27,14.620000,14.700000,14.420000,14.570000,5.254384,32400
2008-08-28,14.680000,14.680000,14.160000,14.380000,5.185863,44400
2008-08-29,14.510000,14.510000,14.330000,14.470000,5.218318,17600
2008-09-02,14.520000,14.580000,14.420000,14.420000,5.200286,11200
2008-09-03,14.520000,14.580000,14.400000,14.540000,5.243561,23900
2008-09-04,14.680000,14.680000,14.400000,14.500000,5.229137,23300
2008-09-05,14.500000,14.620000,14.450000,14.500000,5.229137,15300
2008-09-08,14.600000,14.600000,14.400000,14.490000,5.225532,30300
2008-09-09,14.600000,14.600000,14.300000,14.420000,5.200286,46600
2008-09-10,14.420000,14.480000,14.420000,14.420000,5.200286,19900
2008-09-11,14.450000,14.590000,14.330000,14.330000,5.198109,33000
2008-09-12,14.590000,14.590000,14.330000,14.400000,5.223502,24300
2008-09-15,14.260000,14.470000,14.090000,14.100000,5.114682,60100
2008-09-16,14.030000,14.250000,13.320000,14.250000,5.169090,159000
2008-09-17,13.560000,14.250000,13.300000,13.520000,4.904286,138300
2008-09-18,13.860000,13.860000,12.500000,12.990000,4.712030,120600
2008-09-19,13.390000,14.170000,13.390000,14.170000,5.140072,91200
2008-09-22,14.010000,14.220000,13.010000,13.210000,4.791839,62100
2008-09-23,13.020000,13.310000,12.900000,12.920000,4.686643,59100
2008-09-24,13.490000,13.500000,12.650000,12.800000,4.643111,42500
2008-09-25,12.750000,12.760000,12.600000,12.600000,4.570563,92200
2008-09-26,12.650000,12.670000,12.510000,12.650000,4.588701,52200
2008-09-29,12.740000,12.740000,10.790000,11.770000,4.269489,120400
2008-09-30,12.500000,12.500000,11.500000,12.500000,4.534288,51300
2008-10-01,12.310000,12.690000,11.390000,11.830000,4.291252,44700
2008-10-02,11.800000,11.920000,11.650000,11.750000,4.262232,26200
2008-10-03,11.800000,12.000000,11.600000,11.850000,4.298510,60200
2008-10-06,11.730000,11.750000,10.110000,10.780000,3.910371,128000
2008-10-07,10.600000,10.950000,9.660000,9.900000,3.591157,105500
2008-10-08,9.580000,9.870000,8.000000,8.800000,3.192141,219400
2008-10-09,8.280000,9.230000,7.500000,7.600000,2.756847,210900
2008-10-10,6.900000,7.050000,6.010000,7.040000,2.582253,218100
2008-10-13,7.500000,9.500000,7.500000,9.340000,3.425886,177500
2008-10-14,10.100000,10.500000,9.750000,10.370000,3.803688,122200
2008-10-15,11.100000,11.100000,9.020000,9.770000,3.583610,99500
2008-10-16,9.540000,9.800000,9.200000,9.750000,3.576276,99800
2008-10-17,9.700000,10.120000,9.500000,9.920000,3.638631,70600
2008-10-20,9.920000,10.620000,9.920000,10.570000,3.877047,120400
2008-10-21,10.460000,10.620000,10.270000,10.530000,3.862375,28800
2008-10-22,10.450000,10.620000,10.110000,10.450000,3.833033,28200
2008-10-23,10.370000,11.650000,9.960000,10.690000,3.921062,76100
2008-10-24,10.120000,10.690000,10.120000,10.670000,3.913727,15900
2008-10-27,10.600000,10.930000,10.400000,10.430000,3.825699,42400
2008-10-28,10.590000,12.250000,10.530000,11.450000,4.199829,75900
2008-10-29,11.460000,11.730000,10.910000,11.070000,4.060446,56900
2008-10-30,11.120000,11.320000,10.810000,10.820000,3.968745,35700
2008-10-31,11.180000,11.180000,10.710000,11.020000,4.042110,33000
2008-11-03,11.020000,11.880000,10.460000,10.910000,4.001757,35800
2008-11-04,10.960000,11.080000,10.750000,11.020000,4.042110,61200
2008-11-05,11.000000,11.410000,11.000000,11.260000,4.130140,45500
2008-11-06,11.340000,11.340000,11.070000,11.180000,4.100795,47900
2008-11-07,11.170000,11.290000,11.120000,11.250000,4.126469,37200
2008-11-10,11.980000,11.980000,11.150000,11.230000,4.119134,27700
2008-11-11,11.230000,11.350000,11.130000,11.180000,4.100795,39200
2008-11-12,10.930000,11.200000,10.350000,10.350000,3.825092,59600
2008-11-13,10.100000,10.270000,9.540000,10.160000,3.754872,106800
2008-11-14,9.920000,10.270000,9.750000,9.970000,3.684654,48500
2008-11-17,9.740000,9.870000,9.510000,9.510000,3.514649,56900
2008-11-18,9.200000,9.670000,9.040000,9.600000,3.547909,41100
2008-11-19,9.240000,11.180000,9.240000,9.500000,3.510954,35800
2008-11-20,9.170000,9.700000,9.170000,9.300000,3.437039,50200
2008-11-21,9.200000,9.420000,8.050000,8.170000,3.019420,150100
2008-11-24,8.060000,8.720000,8.060000,8.710000,3.218991,79900
2008-11-25,8.990000,9.020000,8.450000,8.660000,3.200511,47200
2008-11-26,8.630000,9.000000,8.430000,8.950000,3.307687,43600
2008-11-28,9.310000,9.370000,8.890000,9.270000,3.425950,22700
2008-12-01,10.010000,10.010000,8.750000,8.780000,3.244860,55700
2008-12-02,8.750000,8.750000,8.400000,8.500000,3.141379,62600
2008-12-03,8.260000,8.700000,8.250000,8.400000,3.104420,25400
2008-12-04,8.270000,8.540000,8.000000,8.160000,3.015724,56100
2008-12-05,8.160000,8.290000,8.000000,8.140000,3.008333,30700
2008-12-08,8.240000,8.530000,8.240000,8.430000,3.115510,49900
2008-12-09,8.400000,8.600000,8.330000,8.520000,3.148769,56400
2008-12-10,8.500000,8.650000,8.240000,8.250000,3.048986,60500
2008-12-11,7.480000,8.120000,7.370000,7.700000,2.888788,78000
2008-12-12,7.380000,7.500000,7.260000,7.370000,2.764983,54400
2008-12-15,7.310000,7.500000,6.650000,6.700000,2.513621,97400
2008-12-16,6.660000,6.830000,6.610000,6.660000,2.498615,93800
2008-12-17,6.660000,7.370000,6.660000,7.300000,2.738722,115500
2008-12-18,7.700000,8.190000,7.240000,8.100000,3.038857,119500
2008-12-19,7.980000,8.410000,7.600000,7.830000,2.937561,113300
2008-12-22,7.700000,8.250000,7.700000,7.990000,2.997588,66700
2008-12-23,8.000000,8.000000,7.850000,7.940000,2.978832,48400
2008-12-24,7.900000,8.000000,7.800000,7.810000,2.930058,32400
2008-12-26,7.650000,8.600000,7.650000,8.170000,3.065119,60100
2008-12-29,7.850000,8.350000,7.850000,8.080000,3.031353,41500
2008-12-30,8.380000,8.400000,8.050000,8.400000,3.151405,95100
2008-12-31,8.480000,9.280000,7.770000,9.050000,3.395266,173900
2009-01-02,8.820000,9.150000,8.820000,9.150000,3.432781,36500
2009-01-05,9.150000,9.490000,9.150000,9.480000,3.556588,69900
2009-01-06,9.490000,9.630000,9.450000,9.530000,3.575347,55100
2009-01-07,10.290000,10.290000,9.210000,9.350000,3.507815,78600
2009-01-08,9.100000,9.900000,9.100000,9.730000,3.650379,70500
2009-01-09,9.660000,10.520000,9.660000,10.340000,3.879234,69600
2009-01-12,10.260000,10.430000,10.120000,10.140000,3.804199,94400
2009-01-13,10.000000,10.220000,10.000000,10.010000,3.786795,23900
2009-01-14,10.000000,10.110000,9.150000,9.430000,3.567380,91200
2009-01-15,9.350000,9.720000,9.110000,9.600000,3.631692,66100
2009-01-16,9.980000,10.290000,9.500000,9.950000,3.764099,30700
2009-01-20,9.710000,10.250000,9.520000,10.100000,3.820844,38000
2009-01-21,10.020000,10.390000,9.850000,10.280000,3.888937,55900
2009-01-22,10.450000,10.490000,10.200000,10.230000,3.870023,39000
2009-01-23,10.210000,10.680000,10.210000,10.570000,3.998642,43100
2009-01-26,10.550000,10.740000,10.200000,10.540000,3.987296,34200
2009-01-27,10.650000,10.650000,10.220000,10.330000,3.907851,39300
2009-01-28,10.580000,10.580000,10.310000,10.560000,3.994863,25300
2009-01-29,10.860000,10.860000,10.370000,10.540000,3.987296,17200
2009-01-30,10.340000,10.480000,10.320000,10.440000,3.949465,24400
2009-02-02,10.310000,10.550000,10.170000,10.170000,3.847323,51900
2009-02-03,10.200000,10.550000,10.100000,10.300000,3.896505,44900
2009-02-04,10.200000,10.350000,10.150000,10.160000,3.843541,24300
2009-02-05,10.170000,10.400000,10.160000,10.340000,3.911638,24600
2009-02-06,10.350000,10.520000,10.320000,10.360000,3.919201,19800
2009-02-09,10.500000,10.690000,10.400000,10.650000,4.028909,44300
2009-02-10,10.900000,10.900000,10.500000,10.630000,4.021340,39100
2009-02-11,10.500000,10.850000,10.500000,10.630000,4.053370,29300
2009-02-12,10.560000,10.560000,10.280000,10.500000,4.003802,14200
2009-02-13,10.500000,10.500000,10.120000,10.150000,3.870342,43100
2009-02-17,10.230000,10.250000,10.010000,10.010000,3.816957,36700
2009-02-18,10.120000,10.150000,10.000000,10.000000,3.813144,38100
2009-02-19,10.000000,10.300000,10.000000,10.000000,3.813144,26300
2009-02-20,9.970000,10.040000,9.910000,10.040000,3.828397,26300
2009-02-23,9.950000,10.000000,9.280000,9.300000,3.546226,63900
2009-02-24,9.300000,9.420000,9.010000,9.420000,3.591984,47700
2009-02-25,9.970000,10.380000,9.200000,10.380000,3.958042,61700
2009-02-26,10.300000,10.500000,10.260000,10.260000,3.912289,45600
2009-02-27,10.200000,10.210000,10.000000,10.190000,3.885593,24900
2009-03-02,10.060000,10.410000,9.420000,9.420000,3.591984,55500
2009-03-03,9.310000,9.730000,9.130000,9.300000,3.546226,40700
2009-03-04,9.300000,9.720000,9.280000,9.670000,3.687312,27800
2009-03-05,9.770000,9.900000,9.020000,9.210000,3.511905,56300
2009-03-06,9.250000,9.340000,8.860000,8.860000,3.378448,31700
2009-03-09,8.800000,9.200000,8.510000,8.800000,3.355568,35800
2009-03-10,8.900000,9.670000,8.900000,9.350000,3.565293,38300
2009-03-11,9.410000,9.780000,9.300000,9.710000,3.736130,21100
2009-03-12,9.680000,9.760000,9.500000,9.660000,3.716890,21600
2009-03-13,9.500000,9.860000,9.310000,9.460000,3.639935,32300
2009-03-16,9.650000,9.700000,9.500000,9.640000,3.709196,25700
2009-03-17,9.650000,9.660000,9.420000,9.560000,3.678414,20100
2009-03-18,9.730000,9.980000,9.700000,9.860000,3.793845,19300
2009-03-19,9.910000,10.200000,9.600000,10.010000,3.851559,51600
2009-03-20,9.900000,10.090000,9.900000,9.910000,3.813085,31100
2009-03-23,9.070000,10.050000,9.070000,9.900000,3.809237,25000
2009-03-24,10.040000,10.040000,9.580000,9.600000,3.693803,31900
2009-03-25,9.980000,10.050000,9.600000,10.050000,3.866951,26700
2009-03-26,9.850000,10.180000,9.850000,10.070000,3.874646,30100
2009-03-27,10.290000,10.300000,10.060000,10.300000,3.963145,29500
2009-03-30,10.300000,10.300000,9.850000,10.040000,3.863105,39000
2009-03-31,10.200000,10.200000,10.060000,10.200000,3.924666,9500
2009-04-01,10.540000,10.570000,10.120000,10.180000,3.916972,44800
2009-04-02,10.270000,10.280000,9.820000,10.120000,3.893883,31000
2009-04-03,10.250000,10.470000,10.170000,10.370000,3.990078,32600
2009-04-06,10.470000,10.470000,10.360000,10.430000,4.013167,29200
2009-04-07,10.330000,10.450000,10.330000,10.360000,3.986230,16800
2009-04-08,10.380000,10.440000,10.260000,10.380000,3.993928,37500
2009-04-09,10.380000,10.380000,9.910000,10.130000,3.897733,45000
2009-04-13,9.940000,10.050000,9.750000,9.900000,3.841087,32000
2009-04-14,9.850000,10.180000,9.850000,10.030000,3.891526,26200
2009-04-15,10.030000,10.190000,9.770000,10.190000,3.953602,55200
2009-04-16,10.290000,10.290000,9.410000,9.700000,3.763490,80500
2009-04-17,9.880000,9.980000,9.700000,9.700000,3.763490,61300
2009-04-20,9.710000,9.950000,9.700000,9.920000,3.848845,25400
2009-04-21,9.990000,9.990000,9.880000,9.950000,3.860486,20200
2009-04-22,9.830000,10.000000,9.750000,9.990000,3.876006,44000
2009-04-23,9.990000,10.000000,9.950000,9.970000,3.868245,28400
2009-04-24,10.000000,10.100000,9.990000,10.100000,3.918685,30300
2009-04-27,10.120000,10.120000,10.010000,10.040000,3.895406,24400
2009-04-28,10.030000,10.530000,10.030000,10.280000,3.988521,43200
2009-04-29,10.290000,10.330000,10.160000,10.200000,3.957484,27700
2009-04-30,10.230000,10.390000,10.170000,10.220000,3.965243,19900
2009-05-01,10.280000,10.500000,10.280000,10.490000,4.070001,38100
2009-05-04,10.480000,10.500000,10.410000,10.470000,4.062239,51500
2009-05-05,10.460000,10.500000,10.400000,10.500000,4.073879,30600
2009-05-06,10.500000,10.500000,10.310000,10.440000,4.050600,25400
2009-05-07,10.540000,10.550000,10.400000,10.440000,4.050600,57400
2009-05-08,10.810000,10.810000,10.420000,10.620000,4.120437,33000
2009-05-11,10.690000,10.700000,10.520000,10.570000,4.101039,46400
2009-05-12,10.680000,10.770000,10.580000,10.610000,4.116557,55900
2009-05-13,10.570000,10.570000,10.270000,10.290000,4.024263,55900
2009-05-14,10.290000,10.350000,10.270000,10.340000,4.043819,53300
2009-05-15,10.400000,10.550000,10.250000,10.410000,4.071192,20800
2009-05-18,10.570000,10.570000,10.410000,10.430000,4.079015,29800
2009-05-19,10.550000,10.680000,10.320000,10.320000,4.035995,50800
2009-05-20,10.540000,10.700000,10.330000,10.540000,4.122033,30200
2009-05-21,10.670000,10.680000,10.460000,10.550000,4.125945,33100
2009-05-22,10.580000,10.680000,10.570000,10.590000,4.141588,48300
2009-05-26,10.770000,10.770000,10.550000,10.580000,4.137679,43400
2009-05-27,11.070000,11.070000,10.550000,10.640000,4.161143,52700
2009-05-28,10.670000,11.070000,10.560000,10.940000,4.278469,187800
2009-05-29,10.960000,10.980000,10.800000,10.920000,4.270645,35100
2009-06-01,11.450000,11.450000,10.860000,11.030000,4.313665,36300
2009-06-02,11.030000,11.320000,10.990000,11.140000,4.356685,36000
2009-06-03,11.130000,11.350000,11.100000,11.180000,4.372330,37200
2009-06-04,11.150000,11.230000,11.140000,11.180000,4.372330,24700
2009-06-05,11.400000,15.150000,11.160000,11.440000,4.474010,127100
2009-06-08,11.330000,11.710000,11.320000,11.330000,4.430993,61600
2009-06-09,11.420000,11.470000,11.300000,11.470000,4.485746,46700
2009-06-10,11.450000,11.530000,11.300000,11.440000,4.474010,36700
2009-06-11,11.440000,11.460000,11.300000,11.370000,4.479526,57100
2009-06-12,11.170000,11.360000,10.810000,10.850000,4.274657,86000
2009-06-15,10.850000,10.850000,10.340000,10.500000,4.136765,286200
2009-06-16,11.350000,11.350000,10.600000,10.730000,4.227381,26700
2009-06-17,10.790000,10.810000,10.620000,10.620000,4.184045,31400
2009-06-18,10.600000,10.720000,10.500000,10.530000,4.148585,32000
2009-06-19,10.680000,10.680000,10.500000,10.510000,4.140703,33300
2009-06-22,10.500000,10.600000,10.250000,10.280000,4.050087,27300
2009-06-23,10.350000,10.360000,10.100000,10.120000,3.987052,46600
2009-06-24,10.110000,10.280000,10.100000,10.170000,4.006752,44300
2009-06-25,10.350000,10.430000,10.200000,10.300000,4.057971,25300
2009-06-26,10.450000,10.550000,10.250000,10.350000,4.077669,66000
2009-06-29,10.570000,10.570000,10.370000,10.400000,4.097367,19600
2009-06-30,10.380000,10.750000,10.380000,10.580000,4.168285,55800
2009-07-01,10.680000,10.880000,10.610000,10.620000,4.184045,44800
2009-07-02,10.650000,10.750000,10.500000,10.520000,4.144644,57700
2009-07-06,10.620000,10.680000,10.480000,10.590000,4.172220,49200
2009-07-07,10.540000,10.680000,10.540000,10.590000,4.172220,25800
2009-07-08,10.600000,10.680000,10.560000,10.600000,4.176161,112400
2009-07-09,10.600000,10.680000,10.570000,10.570000,4.164343,51900
2009-07-10,10.600000,10.690000,10.560000,10.630000,4.187983,42200
2009-07-13,10.640000,10.640000,10.520000,10.520000,4.177657,55100
2009-07-14,10.500000,10.630000,10.500000,10.520000,4.177657,41600
2009-07-15,10.550000,10.650000,10.550000,10.570000,4.197507,27100
2009-07-16,10.560000,10.700000,10.560000,10.600000,4.209426,41400
2009-07-17,10.550000,10.680000,10.550000,10.590000,4.205454,48500
2009-07-20,10.770000,10.770000,10.570000,10.650000,4.229282,41100
2009-07-21,10.690000,10.730000,10.600000,10.650000,4.229282,55700
2009-07-22,10.770000,10.800000,10.640000,10.700000,4.249138,75400
2009-07-23,10.660000,11.190000,10.660000,10.950000,4.348415,90200
2009-07-24,10.840000,10.990000,10.830000,10.850000,4.308703,56300
2009-07-27,10.950000,11.180000,10.880000,11.170000,4.435784,51700
2009-07-28,11.430000,11.430000,11.140000,11.350000,4.507265,60500
2009-07-29,11.390000,11.580000,11.290000,11.290000,4.483437,102000
2009-07-30,11.340000,11.480000,11.300000,11.310000,4.491378,54100
2009-07-31,11.310000,11.430000,11.260000,11.390000,4.523149,66200
2009-08-03,11.400000,11.740000,11.170000,11.280000,4.479463,129300
2009-08-04,11.300000,11.500000,11.230000,11.230000,4.459609,70000
2009-08-05,11.300000,11.360000,10.840000,10.930000,4.340473,159000
2009-08-06,10.920000,11.100000,10.910000,10.950000,4.348415,85000
2009-08-07,11.090000,11.130000,10.960000,11.010000,4.372245,40900
2009-08-10,11.160000,11.260000,11.020000,11.100000,4.407984,62500
2009-08-11,11.410000,11.410000,11.110000,11.110000,4.411953,79500
2009-08-12,11.110000,11.290000,10.960000,11.000000,4.401552,80700
2009-08-13,10.900000,11.250000,10.780000,10.890000,4.357535,124100
2009-08-14,10.940000,11.000000,10.890000,10.960000,4.385546,35500
2009-08-17,10.960000,11.040000,10.910000,10.910000,4.365539,85100
2009-08-18,10.970000,11.010000,10.900000,10.950000,4.381546,32600
2009-08-19,10.910000,11.010000,10.880000,10.940000,4.377546,51500
2009-08-20,10.920000,11.040000,10.910000,11.040000,4.417556,67800
2009-08-21,11.170000,11.250000,11.020000,11.040000,4.417556,149100
2009-08-24,11.030000,11.330000,11.030000,11.190000,4.477577,60300
2009-08-25,11.080000,11.220000,11.050000,11.140000,4.457570,55500
2009-08-26,11.170000,11.200000,11.100000,11.140000,4.457570,59700
2009-08-27,11.190000,11.240000,11.130000,11.170000,4.469578,47200
2009-08-28,11.250000,11.300000,11.160000,11.200000,4.481577,86900
2009-08-31,11.290000,11.300000,11.160000,11.280000,4.513589,86800
2009-09-01,11.300000,11.550000,11.240000,11.330000,4.533599,121000
2009-09-02,11.430000,11.450000,11.320000,11.410000,4.565610,101900
2009-09-03,11.460000,11.580000,11.430000,11.530000,4.613625,130700
2009-09-04,11.560000,11.620000,11.530000,11.560000,4.625630,108400
2009-09-08,11.620000,11.790000,11.590000,11.790000,4.717664,91200
2009-09-09,11.750000,11.980000,11.750000,11.900000,4.761677,128100
2009-09-10,12.020000,12.200000,11.950000,12.190000,4.877720,102700
2009-09-11,12.200000,12.240000,12.030000,12.100000,4.875305,67500
2009-09-14,12.250000,12.310000,12.030000,12.080000,4.867243,119100
2009-09-15,12.100000,12.100000,12.080000,12.100000,4.875305,73400
2009-09-16,12.180000,12.350000,12.090000,12.310000,4.959915,156300
2009-09-17,12.310000,12.440000,12.250000,12.430000,5.008268,76600
2009-09-18,12.400000,12.500000,12.310000,12.480000,5.028413,51400
2009-09-21,12.450000,12.870000,12.450000,12.610000,5.080794,97800
2009-09-22,12.640000,12.940000,12.620000,12.800000,5.157345,73200
2009-09-23,12.800000,12.950000,12.740000,12.950000,5.217781,33900
2009-09-24,12.500000,12.890000,12.050000,12.620000,5.084819,285100
2009-09-25,12.620000,12.820000,12.590000,12.750000,5.137198,70900
2009-09-28,12.930000,13.050000,12.830000,13.000000,5.237931,68900
2009-09-29,13.000000,13.010000,12.890000,12.910000,5.201665,59600
2009-09-30,12.920000,12.960000,12.910000,12.950000,5.217781,37000
2009-10-01,13.010000,13.050000,12.900000,12.960000,5.221810,58400
2009-10-02,12.940000,13.000000,12.860000,12.990000,5.233899,37500
2009-10-05,13.000000,13.030000,12.850000,13.030000,5.250013,64600
2009-10-06,13.000000,13.080000,12.960000,13.040000,5.254045,93500
2009-10-07,12.990000,13.130000,12.990000,13.070000,5.266131,59700
2009-10-08,13.190000,13.190000,13.070000,13.090000,5.274193,51200
2009-10-09,13.150000,13.160000,12.850000,12.870000,5.185550,82100
2009-10-12,12.850000,12.860000,12.300000,12.390000,4.992149,148700
2009-10-13,12.290000,12.460000,12.290000,12.420000,5.038393,57200
2009-10-14,12.370000,12.540000,12.110000,12.130000,4.920750,156200
2009-10-15,12.160000,12.170000,11.710000,11.890000,4.823390,180100
2009-10-16,11.750000,12.340000,11.750000,12.300000,4.989716,108400
2009-10-19,12.250000,12.580000,12.250000,12.570000,5.099243,63800
2009-10-20,12.500000,12.640000,12.400000,12.620000,5.119527,59000
2009-10-21,12.570000,12.640000,12.550000,12.600000,5.111417,37200
2009-10-22,12.600000,12.780000,12.580000,12.730000,5.164151,56200
2009-10-23,12.660000,12.850000,12.660000,12.710000,5.156038,36200
2009-10-26,12.770000,12.770000,12.500000,12.560000,5.095188,74500
2009-10-27,12.560000,12.600000,12.500000,12.510000,5.074906,37600
2009-10-28,12.540000,12.540000,12.050000,12.050000,4.888298,65200
2009-10-29,12.000000,12.000000,11.880000,12.000000,4.868015,74400
2009-10-30,11.900000,12.010000,11.760000,11.920000,4.835561,77000
2009-11-02,11.980000,11.980000,11.780000,11.790000,4.782825,61100
2009-11-03,11.850000,11.890000,11.530000,11.770000,4.774708,100800
2009-11-04,11.770000,12.000000,11.720000,12.000000,4.868015,72600
2009-11-05,11.980000,12.290000,11.980000,12.270000,4.977543,36300
2009-11-06,12.150000,12.370000,12.120000,12.320000,4.997826,29400
2009-11-09,12.360000,12.620000,12.330000,12.390000,5.026224,71700
2009-11-10,12.340000,12.380000,12.130000,12.130000,4.954340,44100
2009-11-11,12.220000,12.230000,11.980000,12.010000,4.905324,60300
2009-11-12,12.010000,12.010000,11.910000,11.970000,4.888991,31700
2009-11-13,12.000000,12.000000,11.720000,11.870000,4.848149,82800
2009-11-16,11.920000,11.950000,11.710000,11.710000,4.782795,76500
2009-11-17,11.820000,11.830000,11.590000,11.820000,4.827723,76700
2009-11-18,11.840000,11.940000,11.760000,11.920000,4.868569,60100
2009-11-19,11.930000,11.930000,11.800000,11.870000,4.848149,47900
2009-11-20,11.800000,11.820000,11.680000,11.750000,4.799133,65900
2009-11-23,11.830000,11.870000,11.650000,11.840000,4.835893,58200
2009-11-24,11.890000,11.900000,11.760000,11.850000,4.839977,38300
2009-11-25,11.900000,11.980000,11.850000,11.980000,4.893075,62000
2009-11-27,11.850000,12.140000,11.850000,12.080000,4.933918,25400
2009-11-30,12.080000,12.230000,12.050000,12.230000,4.995185,58200
2009-12-01,12.220000,12.380000,12.220000,12.260000,5.007435,46400
2009-12-02,12.250000,12.320000,12.170000,12.320000,5.031942,42100
2009-12-03,12.250000,12.420000,12.200000,12.390000,5.060533,63600
2009-12-04,12.410000,12.440000,12.270000,12.420000,5.072786,54100
2009-12-07,12.480000,12.480000,12.250000,12.270000,5.011521,65500
2009-12-08,12.300000,12.480000,12.300000,12.430000,5.076870,75800
2009-12-09,12.460000,12.580000,12.450000,12.500000,5.105459,46400
2009-12-10,12.540000,12.600000,12.450000,12.570000,5.134050,57100
2009-12-11,12.550000,12.550000,12.390000,12.510000,5.145568,35900
2009-12-14,12.500000,12.590000,12.480000,12.500000,5.141454,70500
2009-12-15,12.500000,12.540000,12.270000,12.290000,5.055079,57800
2009-12-16,12.300000,12.470000,12.300000,12.410000,5.104438,34100
2009-12-17,12.290000,12.400000,12.170000,12.280000,5.050965,74000
2009-12-18,12.270000,12.300000,11.910000,12.140000,4.993383,70400
2009-12-21,12.200000,12.200000,12.010000,12.050000,4.956364,94400
2009-12-22,12.080000,12.190000,12.010000,12.190000,5.013949,56700
2009-12-23,12.130000,12.290000,12.130000,12.290000,5.055079,32000
2009-12-24,12.290000,12.380000,12.250000,12.300000,5.059196,61800
2009-12-28,12.360000,12.550000,12.300000,12.500000,5.141454,64100
2009-12-29,12.550000,12.590000,12.290000,12.400000,5.100324,105900
2009-12-30,12.330000,12.540000,12.320000,12.540000,5.157906,21700
2009-12-31,12.570000,12.600000,12.470000,12.600000,5.182589,51400
2010-01-04,12.590000,12.600000,12.500000,12.510000,5.145568,39400
2010-01-05,12.580000,12.600000,12.510000,12.600000,5.182589,28000
2010-01-06,12.550000,12.720000,12.540000,12.720000,5.231944,88000
2010-01-07,12.660000,12.750000,12.650000,12.730000,5.236056,35500
2010-01-08,12.680000,12.820000,12.680000,12.820000,5.273078,28100
2010-01-11,12.760000,12.850000,12.730000,12.780000,5.256623,79800
2010-01-12,12.710000,12.800000,12.650000,12.710000,5.227833,43100
2010-01-13,12.620000,12.710000,12.550000,12.600000,5.217067,36200
2010-01-14,12.540000,12.660000,12.540000,12.610000,5.221210,23700
2010-01-15,12.610000,12.720000,12.580000,12.690000,5.254333,36100
2010-01-19,12.660000,12.740000,12.650000,12.740000,5.275031,51900
2010-01-20,12.580000,12.750000,12.580000,12.720000,5.266751,36100
2010-01-21,12.740000,12.760000,12.650000,12.660000,5.241911,22400
2010-01-22,12.640000,12.690000,12.490000,12.500000,5.175659,72900
2010-01-25,12.560000,12.630000,12.380000,12.430000,5.146677,92500
2010-01-26,12.460000,12.540000,12.430000,12.510000,5.179802,29000
2010-01-27,12.550000,12.590000,12.490000,12.510000,5.179802,29200
2010-01-28,12.500000,12.550000,12.410000,12.520000,5.183942,18900
2010-01-29,12.530000,12.550000,12.440000,12.550000,5.196366,31300
2010-02-01,12.580000,12.720000,12.580000,12.680000,5.250188,49700
2010-02-02,12.680000,12.800000,12.680000,12.800000,5.299875,72800
2010-02-03,12.770000,12.830000,12.720000,12.800000,5.299875,33800
2010-02-04,12.800000,12.840000,12.540000,12.620000,5.225348,54400
2010-02-05,12.640000,12.640000,12.420000,12.500000,5.175659,58200
2010-02-08,12.460000,12.660000,12.450000,12.630000,5.229489,43700
2010-02-09,12.610000,12.720000,12.610000,12.660000,5.241911,42300
2010-02-10,12.580000,12.630000,12.500000,12.500000,5.210233,20700
2010-02-11,12.500000,12.550000,12.440000,12.460000,5.193560,32000
2010-02-12,12.430000,12.440000,12.310000,12.310000,5.131036,61300
2010-02-16,12.360000,12.410000,12.280000,12.400000,5.168549,68600
2010-02-17,12.380000,12.480000,12.310000,12.350000,5.147707,31200
2010-02-18,12.290000,12.330000,12.200000,12.310000,5.131036,64500
2010-02-19,12.250000,12.400000,12.200000,12.250000,5.106027,65100
2010-02-22,12.240000,12.330000,12.010000,12.110000,5.047673,77800
2010-02-23,12.140000,12.340000,12.100000,12.250000,5.106027,48700
2010-02-24,12.300000,12.450000,12.240000,12.390000,5.164383,44100
2010-02-25,12.310000,12.450000,12.250000,12.310000,5.131036,22600
2010-02-26,12.360000,12.440000,12.240000,12.440000,5.185219,40900
2010-03-01,12.460000,12.550000,12.440000,12.520000,5.218570,51700
2010-03-02,12.540000,12.540000,12.400000,12.420000,5.176885,56200
2010-03-03,12.430000,12.500000,12.400000,12.410000,5.172717,53200
2010-03-04,12.430000,12.540000,12.410000,12.480000,5.201893,59900
2010-03-05,12.490000,12.570000,12.440000,12.550000,5.231074,58700
2010-03-08,12.510000,12.620000,12.510000,12.620000,5.260249,34000
2010-03-09,12.580000,12.640000,12.580000,12.620000,5.260249,33300
2010-03-10,12.630000,12.700000,12.550000,12.700000,5.293595,34200
2010-03-11,12.600000,12.620000,12.510000,12.580000,5.278489,42900
2010-03-12,12.620000,12.620000,12.530000,12.530000,5.257512,41200
2010-03-15,12.570000,12.650000,12.540000,12.600000,5.286884,24100
2010-03-16,12.560000,12.650000,12.540000,12.630000,5.299469,42200
2010-03-17,12.640000,12.650000,12.600000,12.630000,5.299469,38200
2010-03-18,12.650000,12.700000,12.630000,12.700000,5.328844,26200
2010-03-19,12.700000,12.780000,12.670000,12.700000,5.328844,46600
2010-03-22,12.740000,12.890000,12.670000,12.850000,5.391780,48000
2010-03-23,12.850000,12.950000,12.850000,12.880000,5.404366,21100
2010-03-24,12.900000,12.940000,12.870000,12.930000,5.425346,18200
2010-03-25,12.930000,12.940000,12.800000,12.800000,5.370798,61000
2010-03-26,12.890000,12.900000,12.800000,12.810000,5.374998,39000
2010-03-29,12.840000,12.850000,12.800000,12.810000,5.374998,22100
2010-03-30,12.790000,12.850000,12.760000,12.850000,5.391780,42500
2010-03-31,12.850000,12.890000,12.800000,12.890000,5.408563,30600
2010-04-01,12.940000,12.970000,12.900000,12.940000,5.429546,46800
2010-04-05,12.980000,13.070000,12.930000,13.020000,5.463114,67100
2010-04-06,13.040000,13.100000,12.950000,13.060000,5.479897,45300
2010-04-07,13.070000,13.150000,13.030000,13.090000,5.492483,35600
2010-04-08,13.280000,13.280000,13.160000,13.190000,5.534440,65500
2010-04-09,13.160000,13.180000,13.140000,13.150000,5.517660,19900
2010-04-12,13.160000,13.220000,13.160000,13.210000,5.542835,43900
2010-04-13,13.150000,13.200000,13.060000,13.150000,5.552969,42700
2010-04-14,13.170000,13.190000,13.090000,13.150000,5.552969,35900
2010-04-15,13.120000,13.200000,13.120000,13.130000,5.544523,31200
2010-04-16,13.150000,13.180000,13.060000,13.090000,5.527632,43000
2010-04-19,13.080000,13.220000,13.060000,13.140000,5.548744,19000
2010-04-20,13.120000,13.160000,13.110000,13.140000,5.548744,49200
2010-04-21,13.000000,13.110000,12.990000,13.070000,5.519188,164200
2010-04-22,13.070000,13.130000,13.060000,13.130000,5.544523,32400
2010-04-23,13.090000,13.190000,13.090000,13.190000,5.569857,42100
2010-04-26,13.250000,13.300000,13.130000,13.130000,5.544523,69100
2010-04-27,13.170000,13.210000,13.130000,13.150000,5.552969,40600
2010-04-28,13.180000,13.290000,13.150000,13.240000,5.590973,31400
2010-04-29,13.290000,13.290000,13.190000,13.190000,5.569857,17700
2010-04-30,13.190000,13.190000,13.100000,13.180000,5.565636,16400
2010-05-03,13.220000,13.270000,13.130000,13.270000,5.603641,40700
2010-05-04,13.270000,13.350000,13.220000,13.320000,5.624754,19900
2010-05-05,13.290000,13.380000,13.100000,13.200000,5.574081,67400
2010-05-06,13.170000,13.200000,9.120000,12.300000,5.194034,459000
2010-05-07,12.190000,12.670000,12.190000,12.500000,5.278487,146500
2010-05-10,12.760000,12.950000,12.620000,12.890000,5.443177,63200
2010-05-11,12.880000,13.060000,12.880000,13.010000,5.493851,71500
2010-05-12,12.910000,13.040000,12.910000,12.920000,5.491298,47900
2010-05-13,12.900000,12.960000,12.900000,12.930000,5.495550,30600
2010-05-14,12.920000,12.930000,12.750000,12.850000,5.461548,58400
2010-05-17,12.810000,12.830000,12.650000,12.750000,5.419048,47700
2010-05-18,12.770000,12.780000,12.660000,12.700000,5.397796,35500
2010-05-19,12.650000,12.700000,12.590000,12.610000,5.359542,72300
2010-05-20,12.530000,12.730000,12.310000,12.310000,5.232034,151300
2010-05-21,12.220000,12.310000,12.050000,12.280000,5.219284,89700
2010-05-24,12.260000,12.350000,12.240000,12.300000,5.227785,46800
2010-05-25,12.250000,12.280000,12.120000,12.150000,5.164034,73100
2010-05-26,12.220000,12.360000,12.220000,12.310000,5.232034,47500
2010-05-27,12.330000,12.480000,12.280000,12.350000,5.249039,40500
2010-05-28,12.480000,12.530000,12.400000,12.530000,5.325542,31700
2010-06-01,12.480000,12.790000,12.480000,12.620000,5.363793,84500
2010-06-02,12.680000,12.680000,12.580000,12.630000,5.368042,34000
2010-06-03,12.630000,12.700000,12.580000,12.610000,5.359542,32400
2010-06-04,12.570000,12.700000,12.560000,12.650000,5.376542,49400
2010-06-07,12.700000,12.700000,12.600000,12.660000,5.380795,32600
2010-06-08,12.670000,12.760000,12.660000,12.700000,5.397796,35500
2010-06-09,12.690000,12.800000,12.660000,12.690000,5.393543,43200
2010-06-10,12.730000,12.850000,12.690000,12.820000,5.448796,33700
2010-06-11,12.630000,12.790000,12.630000,12.710000,5.437674,14400
2010-06-14,12.780000,12.780000,12.590000,12.610000,5.394892,27000
2010-06-15,12.630000,12.740000,12.600000,12.650000,5.412004,38200
2010-06-16,12.600000,12.650000,12.500000,12.520000,5.356388,46700
2010-06-17,12.530000,12.650000,12.410000,12.640000,5.407724,46100
2010-06-18,12.610000,12.740000,12.610000,12.740000,5.450506,38300
2010-06-21,12.770000,13.040000,12.770000,12.860000,5.501845,66700
2010-06-22,12.860000,12.860000,12.710000,12.790000,5.471899,41000
2010-06-23,12.790000,12.790000,12.740000,12.790000,5.471899,28100
2010-06-24,12.750000,12.860000,12.680000,12.780000,5.467622,41900
2010-06-25,12.780000,12.890000,12.740000,12.820000,5.484735,24500
2010-06-28,12.820000,12.940000,12.810000,12.930000,5.531795,51000
2010-06-29,12.900000,12.910000,12.750000,12.850000,5.497571,54400
2010-06-30,12.830000,12.870000,12.750000,12.800000,5.476177,36300
2010-07-01,12.850000,12.900000,12.740000,12.850000,5.497571,52700
2010-07-02,12.880000,13.110000,12.830000,12.960000,5.544631,27500
2010-07-06,13.080000,13.080000,12.850000,12.890000,5.514681,48100
2010-07-07,12.920000,13.100000,12.890000,12.990000,5.557465,40700
2010-07-08,13.020000,13.020000,12.970000,12.990000,5.557465,29400
2010-07-09,12.950000,13.100000,12.950000,13.100000,5.604524,52400
2010-07-12,13.080000,13.140000,13.000000,13.140000,5.621639,71900
2010-07-13,13.070000,13.100000,12.990000,12.990000,5.593219,54200
2010-07-14,12.990000,13.000000,12.910000,12.970000,5.584609,28500
2010-07-15,12.940000,12.990000,12.940000,12.940000,5.571691,22200
2010-07-16,12.980000,12.980000,12.900000,12.900000,5.554469,40100
2010-07-19,12.900000,12.960000,12.900000,12.900000,5.554469,21600
2010-07-20,12.900000,12.960000,12.870000,12.950000,5.575996,29900
2010-07-21,12.950000,13.070000,12.910000,13.030000,5.610442,46000
2010-07-22,13.020000,13.100000,12.950000,13.060000,5.623362,65400
2010-07-23,12.840000,13.070000,12.840000,13.060000,5.623362,70500
2010-07-26,13.110000,13.110000,12.950000,13.040000,5.614750,88200
2010-07-27,13.020000,13.090000,12.960000,13.030000,5.610442,53900
2010-07-28,13.070000,13.100000,12.990000,13.070000,5.627668,21700
2010-07-29,13.070000,13.070000,13.000000,13.000000,5.597524,20300
2010-07-30,13.000000,13.120000,12.990000,13.060000,5.623362,31200
2010-08-02,13.120000,13.140000,13.030000,13.140000,5.657807,55000
2010-08-03,13.130000,13.200000,13.100000,13.170000,5.670723,38100
2010-08-04,13.220000,13.280000,13.150000,13.230000,5.696557,120900
2010-08-05,13.210000,13.290000,13.150000,13.150000,5.662115,44400
2010-08-06,13.150000,13.280000,13.150000,13.210000,5.687950,65900
2010-08-09,13.240000,13.300000,13.180000,13.300000,5.726699,47100
2010-08-10,13.320000,13.390000,13.240000,13.340000,5.743924,53300
2010-08-11,13.240000,13.240000,13.130000,13.160000,5.702325,32500
2010-08-12,13.180000,13.260000,13.060000,13.080000,5.667660,44300
2010-08-13,13.060000,13.310000,13.060000,13.310000,5.767321,45700
2010-08-16,13.360000,13.360000,13.270000,13.340000,5.780322,36100
2010-08-17,13.420000,13.490000,13.250000,13.400000,5.806319,91000
2010-08-18,13.370000,13.400000,13.310000,13.360000,5.788990,35700
2010-08-19,13.320000,13.420000,13.270000,13.310000,5.767321,47600
2010-08-20,13.350000,13.350000,13.250000,13.340000,5.780322,26900
2010-08-23,13.380000,13.380000,13.290000,13.290000,5.758656,41300
2010-08-24,13.310000,13.310000,13.210000,13.220000,5.728326,24800
2010-08-25,13.210000,13.330000,13.210000,13.220000,5.728326,41000
2010-08-26,13.210000,13.310000,13.120000,13.260000,5.745656,29900
2010-08-27,13.330000,13.440000,13.250000,13.400000,5.806319,42400
2010-08-30,13.380000,13.510000,13.300000,13.370000,5.793319,34000
2010-08-31,13.400000,13.440000,13.350000,13.440000,5.823652,21100
2010-09-01,13.500000,13.530000,13.370000,13.420000,5.814985,37900
2010-09-02,13.480000,13.520000,13.390000,13.490000,5.845319,40700
2010-09-03,13.450000,13.480000,13.310000,13.390000,5.801988,77300
2010-09-07,13.420000,13.440000,13.340000,13.360000,5.788990,31400
2010-09-08,13.400000,13.470000,13.360000,13.400000,5.806319,38200
2010-09-09,13.470000,13.600000,13.430000,13.500000,5.849650,42000
2010-09-10,13.500000,13.550000,13.500000,13.540000,5.866981,40700
2010-09-13,13.540000,13.560000,13.400000,13.400000,5.842570,58200
2010-09-14,13.430000,13.430000,13.330000,13.330000,5.812047,16300
2010-09-15,13.330000,13.330000,13.010000,13.120000,5.720485,89600
2010-09-16,13.120000,13.140000,12.700000,13.010000,5.672519,142100
2010-09-17,13.010000,13.170000,12.930000,13.150000,5.733563,54200
2010-09-20,13.210000,13.210000,13.050000,13.110000,5.716120,40300
2010-09-21,13.100000,13.260000,13.080000,13.210000,5.759724,33600
2010-09-22,13.210000,13.230000,13.130000,13.130000,5.724840,27400
2010-09-23,13.130000,13.210000,13.110000,13.110000,5.716120,24200
2010-09-24,13.120000,13.150000,13.110000,13.110000,5.716120,36900
2010-09-27,13.100000,13.270000,13.100000,13.210000,5.759724,43300
2010-09-28,13.170000,13.250000,13.110000,13.120000,5.720485,44900
2010-09-29,13.150000,13.160000,13.110000,13.150000,5.733563,26000
2010-09-30,13.160000,13.160000,13.070000,13.100000,5.711765,40800
2010-10-01,13.150000,13.150000,13.050000,13.120000,5.720485,57600
2010-10-04,13.070000,13.100000,13.010000,13.080000,5.703042,63000
2010-10-05,13.080000,13.100000,13.030000,13.090000,5.707402,26200
2010-10-06,13.080000,13.080000,13.020000,13.070000,5.698684,29300
2010-10-07,13.030000,13.110000,13.030000,13.110000,5.716120,51000
2010-10-08,13.110000,13.110000,13.030000,13.100000,5.711765,28200
2010-10-11,13.110000,13.190000,13.070000,13.150000,5.733563,36500
2010-10-12,13.190000,13.200000,13.100000,13.130000,5.724840,84200
2010-10-13,13.020000,13.060000,12.970000,12.980000,5.695881,84800
2010-10-14,12.970000,13.080000,12.910000,12.990000,5.700271,59600
2010-10-15,12.970000,13.040000,12.920000,12.920000,5.669552,44200
2010-10-18,12.900000,12.950000,12.810000,12.900000,5.660778,81600
2010-10-19,12.900000,12.940000,12.820000,12.820000,5.625671,42200
2010-10-20,12.820000,12.860000,12.800000,12.800000,5.616889,39000
2010-10-21,12.860000,12.890000,12.800000,12.860000,5.643223,34300
2010-10-22,12.830000,12.990000,12.800000,12.890000,5.656385,39700
2010-10-25,12.900000,12.960000,12.830000,12.870000,5.647607,41200
2010-10-26,12.860000,12.890000,12.810000,12.880000,5.651994,50000
2010-10-27,12.910000,12.980000,12.870000,12.910000,5.665163,42500
2010-10-28,12.910000,12.930000,12.870000,12.880000,5.651994,21500
2010-10-29,12.870000,12.950000,12.870000,12.950000,5.682717,19100
2010-11-01,13.000000,13.030000,12.870000,12.880000,5.651994,55200
2010-11-02,12.980000,13.040000,12.910000,12.990000,5.700271,51300
2010-11-03,12.960000,13.100000,12.950000,13.050000,5.726599,32600
2010-11-04,13.130000,13.180000,13.000000,13.180000,5.783642,61600
2010-11-05,13.150000,13.160000,13.050000,13.050000,5.726599,49700
2010-11-08,13.080000,13.080000,12.940000,12.940000,5.678327,67900
2010-11-09,13.000000,13.010000,12.780000,12.990000,5.700271,97000
2010-11-10,12.910000,12.910000,12.310000,12.600000,5.565115,193800
2010-11-11,12.550000,12.550000,12.040000,12.180000,5.379614,233800
2010-11-12,12.150000,12.430000,12.120000,12.230000,5.401697,68200
2010-11-15,12.210000,12.280000,11.720000,11.800000,5.211774,210600
2010-11-16,11.730000,11.780000,11.040000,11.730000,5.180858,472300
2010-11-17,11.750000,12.000000,11.700000,12.000000,5.300113,161800
2010-11-18,11.990000,12.000000,11.680000,11.780000,5.202939,113000
2010-11-19,12.370000,12.370000,11.410000,11.840000,5.229442,317900
2010-11-22,11.750000,12.340000,11.750000,12.340000,5.450279,136500
2010-11-23,12.300000,12.390000,12.200000,12.300000,5.432615,79900
2010-11-24,12.270000,12.400000,12.140000,12.160000,5.370777,93300
2010-11-26,12.150000,12.280000,12.120000,12.240000,5.406114,17100
2010-11-29,12.290000,12.300000,11.960000,12.130000,5.357530,71300
2010-11-30,12.050000,12.220000,12.000000,12.100000,5.344280,93200
2010-12-01,12.150000,12.250000,12.090000,12.150000,5.366360,79900
2010-12-02,12.100000,12.140000,11.930000,11.970000,5.286860,108200
2010-12-03,11.940000,12.300000,11.810000,12.000000,5.300113,84700
2010-12-06,11.960000,12.000000,11.770000,11.850000,5.233858,95100
2010-12-07,11.650000,11.810000,11.510000,11.680000,5.158772,208100
2010-12-08,11.650000,11.660000,11.500000,11.530000,5.092522,199700
2010-12-09,11.600000,11.600000,11.510000,11.530000,5.092522,138400
2010-12-10,11.550000,11.550000,11.260000,11.380000,5.026269,180300
2010-12-13,11.270000,11.330000,11.000000,11.000000,4.894565,236400
2010-12-14,11.080000,11.100000,10.850000,10.970000,4.881212,191800
2010-12-15,10.970000,11.150000,10.950000,11.130000,4.952410,146800
2010-12-16,11.180000,11.700000,11.150000,11.700000,5.206035,107200
2010-12-17,11.760000,11.970000,11.690000,11.850000,5.272779,93200
2010-12-20,11.910000,11.910000,11.170000,11.220000,4.992454,224900
2010-12-21,11.150000,11.300000,11.100000,11.270000,5.014701,154100
2010-12-22,11.200000,11.380000,11.200000,11.290000,5.023603,81600
2010-12-23,11.250000,11.290000,11.110000,11.120000,4.947959,98900
2010-12-27,11.150000,11.240000,11.110000,11.240000,5.001353,65700
2010-12-28,11.180000,11.300000,11.120000,11.130000,4.952410,110900
2010-12-29,11.190000,11.220000,11.000000,11.150000,4.961307,158400
2010-12-30,11.220000,11.240000,11.090000,11.240000,5.001353,105100
2010-12-31,11.290000,11.450000,11.100000,11.450000,5.094794,106700
2011-01-03,11.420000,11.550000,11.190000,11.380000,5.063647,68200
2011-01-04,11.320000,11.490000,11.280000,11.460000,5.099247,74700
2011-01-05,11.460000,11.500000,11.360000,11.420000,5.081448,45400
2011-01-06,11.500000,11.520000,11.400000,11.400000,5.072547,73400
2011-01-07,11.400000,11.490000,11.380000,11.390000,5.068099,71100
2011-01-10,11.400000,11.430000,11.350000,11.360000,5.054748,62200
2011-01-11,11.350000,11.360000,11.250000,11.270000,5.014701,76300
2011-01-12,11.230000,11.230000,11.030000,11.050000,4.953733,115700
2011-01-13,11.050000,11.090000,10.810000,10.880000,4.877522,204100
2011-01-14,10.850000,10.850000,10.430000,10.730000,4.810275,377700
2011-01-18,10.750000,10.970000,10.590000,10.930000,4.899938,128800
2011-01-19,10.930000,11.000000,10.680000,10.820000,4.850625,79100
2011-01-20,10.830000,11.050000,10.760000,11.020000,4.940288,82400
2011-01-21,11.080000,11.180000,11.000000,11.090000,4.971666,119100
2011-01-24,11.160000,11.330000,11.060000,11.300000,5.065804,107400
2011-01-25,11.230000,11.380000,11.190000,11.310000,5.070293,66900
2011-01-26,11.360000,11.410000,11.270000,11.360000,5.092709,122200
2011-01-27,11.400000,11.400000,11.220000,11.260000,5.047877,66100
2011-01-28,11.210000,11.290000,11.150000,11.210000,5.025464,75000
2011-01-31,11.170000,11.210000,11.140000,11.200000,5.020977,60200
2011-02-01,11.210000,11.320000,11.180000,11.310000,5.070293,59800
2011-02-02,11.370000,11.430000,11.300000,11.420000,5.119605,66600
2011-02-03,11.360000,11.450000,11.350000,11.410000,5.115121,74200
2011-02-04,11.390000,11.450000,11.300000,11.340000,5.083742,59100
2011-02-07,11.330000,11.550000,11.300000,11.510000,5.159951,115900
2011-02-08,11.560000,11.570000,11.460000,11.520000,5.164436,67700
2011-02-09,11.500000,11.600000,11.460000,11.560000,5.182367,77700
2011-02-10,11.560000,11.670000,11.510000,11.590000,5.195817,57700
2011-02-11,11.580000,11.580000,11.450000,11.460000,5.175046,59300
2011-02-14,11.450000,11.490000,11.360000,11.440000,5.166014,97800
2011-02-15,11.450000,11.450000,11.360000,11.420000,5.156979,51300
2011-02-16,11.390000,11.460000,11.370000,11.390000,5.143433,44600
2011-02-17,11.330000,11.600000,11.320000,11.460000,5.175046,95700
2011-02-18,11.450000,11.600000,11.450000,11.470000,5.179560,42500
2011-02-22,11.450000,11.450000,11.300000,11.300000,5.102787,67300
2011-02-23,11.300000,11.470000,11.300000,11.390000,5.143433,72100
2011-02-24,11.350000,11.450000,11.330000,11.390000,5.143433,47200
2011-02-25,11.360000,11.460000,11.360000,11.430000,5.161496,31200
2011-02-28,11.430000,11.610000,11.430000,11.610000,5.242779,59200
2011-03-01,11.600000,11.690000,11.570000,11.590000,5.233752,64100
2011-03-02,11.530000,11.690000,11.500000,11.610000,5.242779,66300
2011-03-03,11.640000,11.770000,11.620000,11.620000,5.247297,89100
2011-03-04,11.620000,11.720000,11.600000,11.660000,5.265359,117300
2011-03-07,11.710000,11.710000,11.620000,11.670000,5.269872,58100
2011-03-08,11.650000,11.740000,11.650000,11.680000,5.274387,115400
2011-03-09,11.690000,11.780000,11.650000,11.720000,5.292454,52700
2011-03-10,11.720000,11.750000,11.520000,11.620000,5.247297,115900
2011-03-11,11.530000,11.610000,11.490000,11.510000,5.235470,34700
2011-03-14,11.510000,11.710000,11.510000,11.570000,5.262761,37200
2011-03-15,11.500000,11.730000,11.420000,11.610000,5.280955,49800
2011-03-16,11.630000,11.740000,11.550000,11.590000,5.271862,72200
2011-03-17,11.680000,11.710000,11.480000,11.600000,5.276407,87700
2011-03-18,11.600000,11.650000,11.550000,11.560000,5.258212,56900
2011-03-21,11.560000,11.640000,11.560000,11.630000,5.290055,42600
2011-03-22,11.600000,11.640000,11.540000,11.570000,5.262761,32100
2011-03-23,11.570000,11.640000,11.550000,11.610000,5.280955,39500
2011-03-24,11.650000,11.650000,11.550000,11.610000,5.280955,50600
2011-03-25,11.570000,11.630000,11.550000,11.610000,5.280955,23700
2011-03-28,11.660000,11.750000,11.620000,11.650000,5.299150,142200
2011-03-29,11.690000,11.740000,11.620000,11.710000,5.326440,49800
2011-03-30,11.750000,11.760000,11.650000,11.690000,5.317343,80700
2011-03-31,11.670000,11.740000,11.670000,11.730000,5.335539,43900
2011-04-01,11.750000,11.920000,11.700000,11.830000,5.381026,68600
2011-04-04,11.830000,11.990000,11.800000,11.810000,5.371927,71200
2011-04-05,11.800000,11.880000,11.800000,11.830000,5.381026,60600
2011-04-06,11.820000,11.840000,11.780000,11.780000,5.358282,64000
2011-04-07,11.780000,11.810000,11.750000,11.770000,5.353734,45400
2011-04-08,11.790000,11.830000,11.750000,11.750000,5.344636,50500
2011-04-11,11.770000,11.790000,11.680000,11.680000,5.312794,53700
2011-04-12,11.670000,11.800000,11.670000,11.770000,5.353734,89700
2011-04-13,11.650000,11.700000,11.640000,11.690000,5.355565,59600
2011-04-14,11.680000,11.680000,11.520000,11.560000,5.296008,106600
2011-04-15,11.540000,11.700000,11.520000,11.680000,5.350983,43600
2011-04-18,11.650000,11.840000,11.640000,11.690000,5.355565,60600
2011-04-19,11.650000,11.730000,11.610000,11.690000,5.355565,25100
2011-04-20,11.780000,11.780000,11.640000,11.770000,5.392217,54600
2011-04-21,11.740000,11.800000,11.660000,11.770000,5.392217,26100
2011-04-25,11.770000,11.770000,11.700000,11.770000,5.392217,31600
2011-04-26,11.720000,11.750000,11.690000,11.690000,5.355565,49300
2011-04-27,11.740000,11.820000,11.710000,11.710000,5.364727,50100
2011-04-28,11.740000,11.740000,11.670000,11.700000,5.360146,39600
2011-04-29,11.740000,11.770000,11.710000,11.770000,5.392217,19000
2011-05-02,11.800000,11.930000,11.790000,11.860000,5.433449,81000
2011-05-03,11.870000,11.920000,11.810000,11.900000,5.451773,38300
2011-05-04,11.920000,12.000000,11.900000,12.000000,5.497588,36000
2011-05-05,11.960000,12.290000,11.960000,12.230000,5.602958,126200
2011-05-06,12.290000,12.340000,12.060000,12.240000,5.607541,58600
2011-05-09,12.280000,12.350000,12.240000,12.290000,5.630446,40600
2011-05-10,12.350000,12.350000,12.170000,12.240000,5.607541,48800
2011-05-11,12.200000,12.200000,12.070000,12.080000,5.572481,25900
2011-05-12,12.050000,12.170000,12.030000,12.130000,5.595547,36700
2011-05-13,12.110000,12.260000,12.110000,12.200000,5.627836,25100
2011-05-16,12.160000,12.180000,12.080000,12.120000,5.590935,21000
2011-05-17,12.080000,12.160000,12.080000,12.150000,5.604767,31900
2011-05-18,12.150000,12.200000,12.100000,12.190000,5.623223,41000
2011-05-19,12.160000,12.210000,12.150000,12.210000,5.632447,43200
2011-05-20,12.210000,12.230000,12.190000,12.210000,5.632447,40400
2011-05-23,12.210000,12.310000,12.190000,12.300000,5.673967,27100
2011-05-24,12.340000,12.430000,12.310000,12.360000,5.701643,43000
2011-05-25,12.350000,12.350000,12.250000,12.330000,5.687804,38300
2011-05-26,12.340000,12.480000,12.300000,12.480000,5.756998,54500
2011-05-27,12.480000,12.570000,12.400000,12.560000,5.793906,57600
2011-05-31,12.570000,12.610000,12.470000,12.520000,5.775448,38000
2011-06-01,12.550000,12.550000,12.450000,12.460000,5.747774,36900
2011-06-02,12.440000,12.440000,12.140000,12.390000,5.715485,167600
2011-06-03,12.400000,12.410000,12.290000,12.330000,5.687804,42700
2011-06-06,12.320000,12.350000,12.120000,12.140000,5.600157,102000
2011-06-07,12.110000,12.180000,12.010000,12.010000,5.540189,99800
2011-06-08,12.050000,12.050000,11.820000,11.820000,5.452542,160500
2011-06-09,11.780000,11.800000,11.650000,11.710000,5.401798,137100
2011-06-10,11.750000,11.750000,11.600000,11.670000,5.383346,73800
2011-06-13,11.590000,11.660000,11.500000,11.660000,5.414928,85200
2011-06-14,11.640000,11.720000,11.590000,11.600000,5.387065,63400
2011-06-15,11.570000,11.690000,11.530000,11.540000,5.359198,71100
2011-06-16,11.490000,11.530000,11.440000,11.450000,5.317402,89800
2011-06-17,11.530000,11.610000,11.470000,11.510000,5.345269,31900
2011-06-20,11.500000,11.600000,11.500000,11.500000,5.340623,38800
2011-06-21,11.510000,11.600000,11.500000,11.550000,5.363841,34000
2011-06-22,11.510000,11.590000,11.510000,11.580000,5.377777,29200
2011-06-23,11.580000,11.640000,11.540000,11.640000,5.405640,41000
2011-06-24,11.610000,11.730000,11.600000,11.650000,5.410284,34000
2011-06-27,11.690000,11.730000,11.660000,11.680000,5.424217,43700
2011-06-28,11.730000,11.850000,11.690000,11.810000,5.484588,79200
2011-06-29,11.830000,11.900000,11.830000,11.850000,5.503160,29400
2011-06-30,11.840000,11.930000,11.830000,11.880000,5.517096,31200
2011-07-01,11.860000,11.940000,11.860000,11.910000,5.531029,20800
2011-07-05,11.920000,11.950000,11.840000,11.850000,5.503160,72700
2011-07-06,11.850000,11.910000,11.820000,11.900000,5.526382,38300
2011-07-07,11.880000,11.910000,11.860000,11.870000,5.512452,36700
2011-07-08,11.880000,11.940000,11.880000,11.890000,5.521740,69700
2011-07-11,11.900000,11.950000,11.880000,11.880000,5.517096,64600
2011-07-12,11.880000,11.900000,11.750000,11.800000,5.479942,111800
2011-07-13,11.700000,11.780000,11.690000,11.700000,5.469661,85000
2011-07-14,11.700000,11.770000,11.560000,11.580000,5.413561,75500
2011-07-15,11.580000,11.710000,11.500000,11.520000,5.385509,106800
2011-07-18,11.500000,11.570000,11.370000,11.410000,5.334086,198600
2011-07-19,11.410000,11.470000,11.340000,11.340000,5.301364,131600
2011-07-20,11.360000,11.480000,11.360000,11.370000,5.315384,62200
2011-07-21,11.430000,11.560000,11.400000,11.420000,5.338760,55900
2011-07-22,11.430000,11.630000,11.430000,11.630000,5.436935,56400
2011-07-25,11.590000,11.630000,11.420000,11.540000,5.394858,92000
2011-07-26,11.510000,11.560000,11.450000,11.480000,5.366810,45300
2011-07-27,11.460000,11.510000,11.250000,11.330000,5.296687,154900
2011-07-28,11.260000,11.470000,11.120000,11.300000,5.282660,92900
2011-07-29,11.240000,11.380000,11.150000,11.300000,5.282660,62900
2011-08-01,11.460000,11.590000,11.400000,11.440000,5.348110,123200
2011-08-02,11.400000,11.640000,11.400000,11.510000,5.380837,90500
2011-08-03,11.520000,11.640000,11.520000,11.630000,5.436935,57200
2011-08-04,11.610000,11.620000,11.350000,11.370000,5.315384,137800
2011-08-05,11.350000,11.480000,11.090000,11.430000,5.343440,180000
2011-08-08,11.150000,11.200000,10.800000,10.960000,5.123715,190300
2011-08-09,10.960000,11.350000,10.820000,11.150000,5.212536,139600
2011-08-10,11.160000,11.430000,11.160000,11.350000,5.306038,176000
2011-08-11,11.370000,11.370000,11.120000,11.140000,5.243902,104100
2011-08-12,11.120000,11.330000,11.120000,11.290000,5.314512,54800
2011-08-15,11.330000,11.450000,11.320000,11.420000,5.375707,60400
2011-08-16,11.420000,11.450000,11.380000,11.450000,5.389825,51200
2011-08-17,11.440000,11.500000,11.400000,11.430000,5.380411,50900
2011-08-18,11.360000,11.390000,11.230000,11.230000,5.286266,51100
2011-08-19,11.170000,11.380000,11.170000,11.360000,5.347457,60500
2011-08-22,11.370000,11.420000,11.260000,11.340000,5.338048,56400
2011-08-23,11.330000,11.450000,11.320000,11.420000,5.375707,16300
2011-08-24,11.440000,11.440000,11.360000,11.400000,5.366290,29600
2011-08-25,11.410000,11.410000,11.350000,11.400000,5.366290,22300
2011-08-26,11.330000,11.460000,11.330000,11.400000,5.366290,75200
2011-08-29,11.460000,11.490000,11.430000,11.490000,5.408654,41200
2011-08-30,11.400000,11.500000,11.400000,11.420000,5.375707,88800
2011-08-31,11.430000,11.600000,11.430000,11.600000,5.460435,48900
2011-09-01,11.590000,11.640000,11.510000,11.560000,5.441605,62100
2011-09-02,11.520000,11.520000,11.360000,11.420000,5.375707,146000
2011-09-06,11.360000,11.370000,11.260000,11.290000,5.314512,102700
2011-09-07,11.290000,11.370000,11.280000,11.320000,5.328631,38400
2011-09-08,11.320000,11.370000,11.310000,11.320000,5.328631,37500
2011-09-09,11.310000,11.370000,11.310000,11.350000,5.342753,54400
2011-09-12,11.300000,11.440000,11.300000,11.430000,5.380411,40700
2011-09-13,11.400000,11.400000,11.330000,11.370000,5.386568,46600
2011-09-14,11.350000,11.380000,11.290000,11.340000,5.372360,96000
2011-09-15,11.340000,11.340000,11.300000,11.300000,5.353405,44900
2011-09-16,11.330000,11.370000,11.250000,11.360000,5.381828,69000
2011-09-19,11.330000,11.430000,11.300000,11.380000,5.391308,47800
2011-09-20,11.410000,11.410000,11.320000,11.340000,5.372360,45400
2011-09-21,11.380000,11.400000,11.320000,11.380000,5.391308,52400
2011-09-22,11.350000,11.430000,11.350000,11.430000,5.414998,44500
2011-09-23,11.450000,11.480000,11.350000,11.470000,5.433944,61700
2011-09-26,11.440000,11.500000,11.400000,11.490000,5.443421,18300
2011-09-27,11.500000,11.520000,11.470000,11.470000,5.433944,71300
2011-09-28,11.530000,11.530000,11.460000,11.460000,5.429210,62000
2011-09-29,11.520000,11.530000,11.490000,11.490000,5.443421,65800
2011-09-30,11.510000,11.570000,11.500000,11.570000,5.481319,68300
2011-10-03,11.570000,11.570000,11.510000,11.520000,5.457633,107000
2011-10-04,11.550000,11.560000,11.350000,11.360000,5.381828,132500
2011-10-05,11.420000,11.470000,11.400000,11.430000,5.414998,51300
2011-10-06,11.460000,11.470000,11.400000,11.450000,5.424468,50400
2011-10-07,11.440000,11.470000,11.400000,11.400000,5.400786,50200
2011-10-10,11.440000,11.460000,11.400000,11.410000,5.405520,77200
2011-10-11,11.440000,11.480000,11.410000,11.460000,5.429210,45000
2011-10-12,11.450000,11.460000,11.370000,11.450000,5.459246,89900
2011-10-13,11.450000,11.450000,11.320000,11.450000,5.459246,51700
2011-10-14,11.430000,11.450000,11.380000,11.440000,5.454478,76700
2011-10-17,11.470000,11.480000,11.360000,11.410000,5.440175,42900
2011-10-18,11.430000,11.450000,11.350000,11.430000,5.449712,86700
2011-10-19,11.380000,11.490000,11.380000,11.480000,5.473548,37400
2011-10-20,11.510000,11.550000,11.490000,11.540000,5.502156,37200
2011-10-21,11.540000,11.540000,11.500000,11.540000,5.502156,33100
2011-10-24,11.500000,11.550000,11.490000,11.550000,5.506923,63500
2011-10-25,11.550000,11.600000,11.490000,11.600000,5.530766,39300
2011-10-26,11.620000,11.710000,11.600000,11.700000,5.578443,89600
2011-10-27,11.750000,11.770000,11.700000,11.750000,5.602283,54100
2011-10-28,11.760000,11.760000,11.690000,11.740000,5.597519,51600
2011-10-31,11.760000,11.780000,11.730000,11.750000,5.602283,64200
2011-11-01,11.700000,11.780000,11.640000,11.650000,5.554604,93500
2011-11-02,11.660000,11.720000,11.530000,11.580000,5.521230,89900
2011-11-03,11.550000,11.660000,11.550000,11.590000,5.525997,64900
2011-11-04,11.590000,11.690000,11.590000,11.620000,5.540301,54500
2011-11-07,11.600000,11.690000,11.600000,11.630000,5.545068,69300
2011-11-08,11.650000,11.770000,11.650000,11.770000,5.611820,61500
2011-11-09,11.760000,11.940000,11.680000,11.940000,5.692869,83100
2011-11-10,11.880000,11.880000,11.680000,11.720000,5.622353,58900
2011-11-11,11.770000,11.840000,11.680000,11.800000,5.660729,47800
2011-11-14,11.820000,11.880000,11.720000,11.860000,5.689514,47400
2011-11-15,11.860000,11.860000,11.730000,11.860000,5.689514,58100
2011-11-16,11.860000,11.880000,11.770000,11.840000,5.679921,74000
2011-11-17,11.880000,11.880000,11.800000,11.810000,5.665530,59200
2011-11-18,11.840000,11.840000,11.800000,11.830000,5.675122,51100
2011-11-21,11.830000,11.950000,11.780000,11.930000,5.723095,83800
2011-11-22,11.960000,12.120000,11.920000,12.090000,5.799850,113300
2011-11-23,12.050000,12.150000,12.020000,12.100000,5.804648,41300
2011-11-25,12.110000,12.120000,12.040000,12.080000,5.795053,25800
2011-11-28,12.180000,12.190000,12.090000,12.110000,5.809447,92800
2011-11-29,12.180000,12.180000,12.030000,12.060000,5.785460,60600
2011-11-30,12.110000,12.170000,12.010000,12.090000,5.799850,90400
2011-12-01,12.140000,12.160000,12.090000,12.110000,5.809447,105300
2011-12-02,12.170000,12.220000,12.110000,12.220000,5.862216,71900
2011-12-05,12.210000,12.260000,12.130000,12.170000,5.838230,56600
2011-12-06,12.220000,12.290000,12.100000,12.100000,5.804648,98500
2011-12-07,12.110000,12.360000,12.110000,12.260000,5.881403,92700
2011-12-08,12.280000,12.350000,12.210000,12.250000,5.876608,57000
2011-12-09,12.260000,12.340000,12.200000,12.260000,5.881403,31500
2011-12-12,12.260000,12.340000,12.250000,12.320000,5.910186,43800
2011-12-13,12.250000,12.270000,12.170000,12.170000,5.884080,60200
2011-12-14,12.130000,12.180000,12.050000,12.100000,5.850237,71800
2011-12-15,12.120000,12.140000,12.050000,12.060000,5.830895,51500
2011-12-16,12.100000,12.110000,12.050000,12.090000,5.845399,22200
2011-12-19,12.090000,12.170000,12.040000,12.100000,5.850237,51400
2011-12-20,12.120000,12.190000,12.050000,12.070000,5.835731,56100
2011-12-21,12.090000,12.170000,12.040000,12.060000,5.830895,35400
2011-12-22,12.100000,12.200000,12.090000,12.170000,5.884080,59600
2011-12-23,12.150000,12.200000,12.090000,12.160000,5.879244,66100
2011-12-27,12.140000,12.210000,12.120000,12.160000,5.879244,73300
2011-12-28,12.170000,12.200000,12.110000,12.130000,5.864738,74200
2011-12-29,12.120000,12.200000,12.100000,12.150000,5.874408,60300
2011-12-30,12.190000,12.200000,12.110000,12.110000,5.855069,66300
2012-01-03,12.170000,12.180000,12.050000,12.120000,5.859905,83800
2012-01-04,12.150000,12.200000,12.150000,12.190000,5.893753,47800
2012-01-05,12.190000,12.250000,12.190000,12.210000,5.903423,52100
2012-01-06,12.210000,12.290000,12.210000,12.290000,5.942098,47600
2012-01-09,12.320000,12.430000,12.300000,12.400000,5.995284,76800
2012-01-10,12.440000,12.440000,12.350000,12.370000,5.980777,56300
2012-01-11,12.280000,12.390000,12.270000,12.310000,5.987100,51000
2012-01-12,12.350000,12.460000,12.310000,12.380000,6.021142,85400
2012-01-13,12.400000,12.560000,12.370000,12.560000,6.108691,36900
2012-01-17,12.600000,12.640000,12.420000,12.450000,6.055193,81600
2012-01-18,12.490000,12.510000,12.290000,12.390000,6.026008,82300
2012-01-19,12.430000,12.480000,12.370000,12.400000,6.030874,50000
2012-01-20,12.400000,12.470000,12.400000,12.430000,6.045465,78700
2012-01-23,12.490000,12.640000,12.430000,12.540000,6.098958,99700
2012-01-24,12.580000,12.640000,12.540000,12.630000,6.142735,84800
2012-01-25,12.650000,12.750000,12.540000,12.750000,6.201097,52800
2012-01-26,12.810000,12.850000,12.610000,12.700000,6.176778,126800
2012-01-27,12.740000,13.100000,12.740000,12.930000,6.288645,139000
2012-01-30,12.980000,13.150000,12.940000,13.000000,6.322686,87900
2012-01-31,13.060000,13.090000,12.970000,12.990000,6.317830,87300
2012-02-01,13.050000,13.150000,13.020000,13.020000,6.332415,95400
2012-02-02,13.020000,13.180000,13.020000,13.050000,6.347007,88700
2012-02-03,13.090000,13.090000,12.990000,13.010000,6.327554,65800
2012-02-06,13.050000,13.050000,12.770000,12.920000,6.283780,120300
2012-02-07,12.850000,12.990000,12.850000,12.990000,6.317830,42100
2012-02-08,12.960000,13.050000,12.950000,13.010000,6.327554,90200
2012-02-09,13.040000,13.040000,12.910000,12.910000,6.278913,70000
2012-02-10,12.920000,12.970000,12.810000,12.860000,6.254596,89200
2012-02-13,12.850000,12.900000,12.780000,12.900000,6.309873,71800
2012-02-14,12.910000,12.910000,12.730000,12.820000,6.270742,71400
2012-02-15,12.830000,12.830000,12.610000,12.640000,6.182695,102200
2012-02-16,12.610000,12.700000,12.450000,12.450000,6.089758,65300
2012-02-17,12.450000,12.500000,12.260000,12.460000,6.094648,126100
2012-02-21,12.500000,12.730000,12.500000,12.730000,6.226720,85200
2012-02-22,12.790000,12.800000,12.640000,12.790000,6.256067,79800
2012-02-23,12.830000,12.840000,12.760000,12.820000,6.270742,60100
2012-02-24,12.820000,12.880000,12.760000,12.880000,6.300086,93800
2012-02-27,12.910000,12.910000,12.760000,12.870000,6.295197,104000
2012-02-28,12.900000,12.900000,12.800000,12.860000,6.290306,45800
2012-02-29,12.970000,12.970000,12.850000,12.900000,6.309873,18800
2012-03-01,12.940000,12.950000,12.820000,12.890000,6.304978,27700
2012-03-02,12.890000,12.930000,12.860000,12.910000,6.314764,31500
2012-03-05,12.930000,12.950000,12.860000,12.920000,6.319653,40400
2012-03-06,12.890000,12.930000,12.790000,12.800000,6.260957,55700
2012-03-07,12.850000,12.910000,12.810000,12.910000,6.314764,18700
2012-03-08,12.940000,12.940000,12.860000,12.860000,6.290306,47100
2012-03-09,12.900000,12.940000,12.900000,12.940000,6.329436,46600
2012-03-12,12.900000,12.980000,12.900000,12.940000,6.329436,49100
2012-03-13,12.910000,12.960000,12.870000,12.880000,6.335829,68600
2012-03-14,12.880000,12.880000,12.670000,12.700000,6.247286,55300
2012-03-15,12.680000,12.680000,12.220000,12.330000,6.065275,198300
2012-03-16,12.280000,12.320000,11.980000,12.170000,5.986572,253000
2012-03-19,12.080000,12.480000,11.980000,12.420000,6.109554,101800
2012-03-20,12.450000,12.550000,12.400000,12.450000,6.124309,62000
2012-03-21,12.530000,12.570000,12.480000,12.500000,6.148903,44700
2012-03-22,12.530000,12.580000,12.520000,12.570000,6.183335,52400
2012-03-23,12.580000,12.680000,12.580000,12.640000,6.217773,50900
2012-03-26,12.690000,12.750000,12.640000,12.700000,6.247286,142300
2012-03-27,12.720000,12.800000,12.590000,12.790000,6.291557,96000
2012-03-28,12.830000,12.940000,12.810000,12.910000,6.350594,119400
2012-03-29,12.930000,12.940000,12.810000,12.810000,6.301398,49700
2012-03-30,12.780000,12.910000,12.780000,12.890000,6.340752,42700
2012-04-02,12.960000,12.970000,12.880000,12.960000,6.375184,49800
2012-04-03,12.960000,13.000000,12.850000,12.940000,6.365344,61900
2012-04-04,12.970000,12.970000,12.870000,12.900000,6.345671,52100
2012-04-05,12.940000,13.000000,12.920000,13.000000,6.394863,51700
2012-04-09,12.950000,13.000000,12.910000,12.970000,6.380104,86400
2012-04-10,12.940000,13.020000,12.900000,13.020000,6.404695,72200
2012-04-11,12.970000,13.020000,12.920000,12.930000,6.396289,54800
2012-04-12,12.890000,12.990000,12.890000,12.990000,6.425972,59400
2012-04-13,12.960000,13.020000,12.920000,12.930000,6.396289,43400
2012-04-16,12.980000,13.010000,12.940000,12.980000,6.421024,32600
2012-04-17,13.010000,13.010000,12.930000,12.970000,6.416077,32800
2012-04-18,12.980000,13.050000,12.980000,13.040000,6.450706,40200
2012-04-19,13.040000,13.060000,13.010000,13.060000,6.460599,41100
2012-04-20,13.010000,13.060000,12.990000,13.040000,6.450706,36800
2012-04-23,13.000000,13.100000,13.000000,13.100000,6.480386,49800
2012-04-24,13.110000,13.120000,13.050000,13.120000,6.490281,60600
2012-04-25,13.190000,13.190000,12.960000,12.990000,6.425972,90500
2012-04-26,13.040000,13.150000,13.000000,13.150000,6.505122,49500
2012-04-27,13.150000,13.170000,13.060000,13.150000,6.505122,40300
2012-04-30,13.150000,13.150000,13.010000,13.090000,6.475441,46400
2012-05-01,13.160000,13.320000,13.150000,13.220000,6.539750,77000
2012-05-02,13.220000,13.320000,13.150000,13.320000,6.589217,70500
2012-05-03,13.430000,13.430000,13.250000,13.280000,6.569432,66300
2012-05-04,13.320000,13.350000,13.280000,13.280000,6.569432,53900
2012-05-07,13.300000,13.400000,13.280000,13.340000,6.599115,48400
2012-05-08,13.390000,13.440000,13.310000,13.380000,6.618896,64500
2012-05-09,13.390000,13.440000,13.360000,13.360000,6.609004,38700
2012-05-10,13.420000,13.490000,13.360000,13.460000,6.658471,62200
2012-05-11,13.380000,13.480000,13.250000,13.350000,6.640069,37800
2012-05-14,13.350000,13.350000,13.230000,13.290000,6.610229,48700
2012-05-15,13.250000,13.380000,13.220000,13.230000,6.580382,46300
2012-05-16,13.290000,13.300000,13.230000,13.280000,6.605254,61400
2012-05-17,13.310000,13.340000,13.220000,13.240000,6.585354,46900
2012-05-18,13.300000,13.300000,13.220000,13.240000,6.585354,42000
2012-05-21,13.220000,13.350000,13.220000,13.290000,6.610229,48300
2012-05-22,13.250000,13.320000,13.250000,13.310000,6.620175,25200
2012-05-23,13.330000,13.400000,13.310000,13.400000,6.664937,30300
2012-05-24,13.430000,13.460000,13.390000,13.460000,6.694779,38500
2012-05-25,13.500000,13.550000,13.440000,13.470000,6.699759,28600
2012-05-29,13.530000,13.560000,13.410000,13.430000,6.679856,33200
2012-05-30,13.450000,13.450000,13.400000,13.400000,6.664937,33500
2012-05-31,13.440000,13.510000,13.420000,13.470000,6.699759,21800
2012-06-01,13.420000,13.500000,13.390000,13.490000,6.709704,47100
2012-06-04,13.490000,13.540000,13.460000,13.460000,6.694779,53500
2012-06-05,13.460000,13.550000,13.460000,13.550000,6.739546,45700
2012-06-06,13.550000,13.550000,13.420000,13.430000,6.679856,61500
2012-06-07,13.480000,13.480000,13.360000,13.360000,6.645041,51500
2012-06-08,13.400000,13.500000,13.400000,13.410000,6.669912,51200
2012-06-11,13.430000,13.510000,13.400000,13.400000,6.664937,77200
2012-06-12,13.430000,13.440000,13.360000,13.440000,6.684832,32900
2012-06-13,13.330000,13.380000,13.280000,13.290000,6.646328,54100
2012-06-14,13.260000,13.300000,13.040000,13.110000,6.556309,74200
2012-06-15,13.070000,13.120000,12.960000,13.000000,6.501297,118800
2012-06-18,13.090000,13.130000,13.020000,13.100000,6.551308,68200
2012-06-19,13.180000,13.180000,13.100000,13.120000,6.561309,31400
2012-06-20,13.090000,13.200000,13.090000,13.190000,6.596318,23600
2012-06-21,13.230000,13.260000,13.190000,13.230000,6.616320,53400
2012-06-22,13.230000,13.250000,13.200000,13.220000,6.611320,50200
2012-06-25,13.180000,13.380000,13.180000,13.350000,6.676333,91000
2012-06-26,13.300000,13.350000,13.260000,13.300000,6.651332,32600
2012-06-27,13.300000,13.370000,13.270000,13.330000,6.666327,47500
2012-06-28,13.310000,13.360000,13.280000,13.340000,6.671330,23700
2012-06-29,13.360000,13.360000,13.240000,13.360000,6.681336,47400
2012-07-02,13.400000,13.500000,13.350000,13.490000,6.746346,54200
2012-07-03,13.460000,13.510000,13.410000,13.510000,6.756345,54700
2012-07-05,13.510000,13.520000,13.420000,13.520000,6.761348,76400
2012-07-06,13.450000,13.530000,13.430000,13.520000,6.761348,79400
2012-07-09,13.500000,13.530000,13.370000,13.510000,6.756345,77900
2012-07-10,13.480000,13.550000,13.440000,13.550000,6.776352,83400
2012-07-11,13.490000,13.540000,13.390000,13.390000,6.732612,45300
2012-07-12,13.360000,13.480000,13.330000,13.410000,6.742669,83300
2012-07-13,13.400000,13.490000,13.390000,13.470000,6.772834,41400
2012-07-16,13.440000,13.540000,13.390000,13.510000,6.792944,59000
2012-07-17,13.550000,13.560000,13.500000,13.560000,6.818083,93300
2012-07-18,13.560000,13.690000,13.560000,13.650000,6.863337,76400
2012-07-19,13.650000,13.650000,13.570000,13.600000,6.838194,67200
2012-07-20,13.640000,13.670000,13.580000,13.600000,6.838194,117300
2012-07-23,13.640000,13.750000,13.610000,13.730000,6.903561,68200
2012-07-24,13.770000,13.850000,13.760000,13.850000,6.963902,71500
2012-07-25,13.850000,13.860000,13.780000,13.840000,6.958869,89900
2012-07-26,13.880000,13.940000,13.820000,13.900000,6.989037,102400
2012-07-27,13.950000,13.990000,13.860000,13.930000,7.004126,104300
2012-07-30,13.960000,13.990000,13.870000,13.940000,7.009151,47900
2012-07-31,14.000000,14.050000,13.950000,14.040000,7.059435,56800
2012-08-01,14.100000,14.100000,13.880000,13.960000,7.019207,112500
2012-08-02,13.960000,14.020000,13.880000,13.940000,7.009151,72800
2012-08-03,14.010000,14.050000,13.940000,13.950000,7.014179,63300
2012-08-06,13.950000,14.050000,13.950000,14.040000,7.059435,64300
2012-08-07,14.110000,14.110000,13.870000,13.870000,6.973953,61500
2012-08-08,13.990000,14.000000,13.800000,13.840000,6.958869,70500
2012-08-09,14.010000,14.010000,13.800000,13.800000,6.938756,84800
2012-08-10,13.820000,13.860000,13.740000,13.830000,6.953846,64600
2012-08-13,13.730000,13.830000,13.640000,13.730000,6.940194,71700
2012-08-14,13.780000,13.790000,13.680000,13.710000,6.930091,85300
2012-08-15,13.800000,13.810000,13.650000,13.690000,6.919978,37700
2012-08-16,13.760000,13.760000,13.640000,13.650000,6.899758,44400
2012-08-17,13.710000,13.780000,13.640000,13.690000,6.919978,45400
2012-08-20,13.760000,13.770000,13.620000,13.710000,6.930091,70200
2012-08-21,13.770000,13.770000,13.570000,13.590000,6.869432,77300
2012-08-22,13.510000,13.530000,13.340000,13.430000,6.788554,99600
2012-08-23,13.340000,13.450000,13.280000,13.400000,6.773390,98100
2012-08-24,13.430000,13.470000,13.410000,13.450000,6.798661,71100
2012-08-27,13.490000,13.610000,13.430000,13.540000,6.844153,63800
2012-08-28,13.580000,13.670000,13.550000,13.630000,6.889648,62900
2012-08-29,13.700000,13.750000,13.630000,13.730000,6.940194,40900
2012-08-30,13.780000,13.820000,13.620000,13.780000,6.965467,94500
2012-08-31,13.820000,13.890000,13.790000,13.890000,7.021074,74200
2012-09-04,13.940000,13.950000,13.640000,13.660000,6.904813,119100
2012-09-05,13.720000,13.720000,13.580000,13.660000,6.904813,74900
2012-09-06,13.710000,13.780000,13.630000,13.780000,6.965467,49100
2012-09-07,13.820000,13.820000,13.700000,13.810000,6.980637,45100
2012-09-10,13.840000,13.900000,13.760000,13.890000,7.021074,82700
2012-09-11,13.920000,13.940000,13.870000,13.920000,7.036236,43800
2012-09-12,13.920000,13.950000,13.830000,13.890000,7.058091,101900
2012-09-13,13.940000,13.940000,13.790000,13.820000,7.022515,85100
2012-09-14,13.900000,13.900000,13.790000,13.790000,7.007272,67800
2012-09-17,13.810000,13.870000,13.750000,13.810000,7.017438,87600
2012-09-18,13.850000,13.900000,13.800000,13.900000,7.063166,53600
2012-09-19,13.900000,14.000000,13.870000,14.000000,7.113985,88200
2012-09-20,13.920000,14.010000,13.910000,14.000000,7.113985,66500
2012-09-21,14.000000,14.160000,13.990000,14.130000,7.180041,58600
2012-09-24,14.110000,14.120000,13.970000,13.980000,7.103818,115300
2012-09-25,14.000000,14.080000,13.980000,14.050000,7.139392,76100
2012-09-26,14.090000,14.140000,14.060000,14.070000,7.149554,92500
2012-09-27,14.120000,14.210000,14.070000,14.210000,7.220691,64000
2012-09-28,14.220000,14.340000,14.150000,14.280000,7.256259,71400
2012-10-01,14.350000,14.360000,14.180000,14.180000,7.205448,62600
2012-10-02,14.240000,14.240000,14.090000,14.130000,7.180041,82800
2012-10-03,14.160000,14.160000,14.060000,14.060000,7.144475,75400
2012-10-04,14.100000,14.130000,14.060000,14.080000,7.154632,54800
2012-10-05,14.160000,14.180000,14.050000,14.170000,7.200367,99800
2012-10-08,14.150000,14.220000,14.140000,14.190000,7.210533,90200
2012-10-09,14.210000,14.220000,14.070000,14.080000,7.154632,86000
2012-10-10,14.080000,14.110000,14.040000,14.100000,7.164801,55600
2012-10-11,14.030000,14.100000,13.950000,13.960000,7.130573,94900
2012-10-12,14.030000,14.050000,13.960000,14.000000,7.151007,80500
2012-10-15,14.010000,14.050000,13.980000,14.000000,7.151007,60000
2012-10-16,14.060000,14.070000,13.890000,13.980000,7.140789,107300
2012-10-17,14.050000,14.100000,14.000000,14.100000,7.202090,42600
2012-10-18,14.100000,14.100000,13.960000,14.060000,7.181656,112500
2012-10-19,14.100000,14.170000,14.050000,14.150000,7.227621,44400
2012-10-22,14.150000,14.180000,14.100000,14.100000,7.202090,60300
2012-10-23,14.060000,14.250000,14.060000,14.150000,7.227621,98200
2012-10-24,14.240000,14.250000,14.100000,14.220000,7.263380,87600
2012-10-25,14.220000,14.260000,14.100000,14.200000,7.253163,73400
2012-10-26,14.180000,14.280000,14.180000,14.250000,7.278699,88000
2012-10-31,14.250000,14.260000,14.080000,14.220000,7.263380,119900
2012-11-01,14.270000,14.300000,14.140000,14.270000,7.288915,81700
2012-11-02,14.310000,14.310000,14.100000,14.130000,7.217408,70100
2012-11-05,14.100000,14.140000,14.020000,14.050000,7.176547,61100
2012-11-06,14.020000,14.180000,14.020000,14.130000,7.217408,47400
2012-11-07,14.140000,14.230000,14.080000,14.160000,7.232733,79000
2012-11-08,14.240000,14.270000,14.130000,14.190000,7.248059,119300
2012-11-09,14.230000,14.230000,13.980000,14.020000,7.161221,181500
2012-11-12,14.000000,14.100000,13.900000,14.060000,7.181656,169200
2012-11-13,13.970000,13.970000,13.700000,13.730000,7.049698,120500
2012-11-14,13.750000,13.790000,13.630000,13.670000,7.018888,80900
2012-11-15,13.630000,13.640000,13.220000,13.520000,6.941869,288000
2012-11-16,13.490000,13.770000,13.410000,13.730000,7.049698,132000
2012-11-19,13.760000,13.840000,13.720000,13.810000,7.090772,117200
2012-11-20,13.770000,13.830000,13.740000,13.800000,7.085634,85200
2012-11-21,13.840000,13.940000,13.780000,13.930000,7.152383,151700
2012-11-23,13.950000,14.000000,13.910000,13.970000,7.172923,29700
2012-11-26,13.970000,13.970000,13.760000,13.850000,7.111310,116500
2012-11-27,13.800000,13.940000,13.800000,13.840000,7.106174,95000
2012-11-28,13.880000,13.980000,13.880000,13.980000,7.178060,114400
2012-11-29,14.020000,14.070000,13.940000,14.030000,7.203732,122000
2012-11-30,14.070000,14.110000,14.060000,14.110000,7.244812,165500
2012-12-03,14.120000,14.140000,14.000000,14.050000,7.214001,123500
2012-12-04,14.100000,14.120000,14.050000,14.120000,7.249940,121100
2012-12-05,14.110000,14.230000,14.070000,14.230000,7.306421,96700
2012-12-06,14.250000,14.250000,14.140000,14.180000,7.280749,159400
2012-12-07,14.240000,14.250000,14.140000,14.180000,7.280749,114300
2012-12-10,14.180000,14.240000,14.120000,14.190000,7.285887,144100
2012-12-11,14.230000,14.280000,14.170000,14.280000,7.332090,138700
2012-12-12,14.160000,14.310000,14.070000,14.230000,7.343966,150000
2012-12-13,14.230000,14.330000,14.140000,14.320000,7.390409,124200
2012-12-14,14.340000,14.340000,14.100000,14.210000,7.333644,184000
2012-12-17,14.200000,14.200000,13.890000,13.940000,7.194296,182900
2012-12-18,13.910000,13.920000,13.670000,13.680000,7.060113,316000
2012-12-19,13.620000,13.960000,13.620000,13.720000,7.080759,148100
2012-12-20,13.770000,13.980000,13.770000,13.880000,7.163333,120900
2012-12-21,13.870000,14.050000,13.810000,14.000000,7.225266,160500
2012-12-24,14.020000,14.050000,13.980000,14.040000,7.245910,42100
2012-12-26,14.050000,14.060000,13.970000,14.010000,7.230428,92800
2012-12-27,14.040000,14.040000,13.760000,13.870000,7.158174,131700
2012-12-28,13.820000,13.960000,13.780000,13.960000,7.204618,80200
2012-12-31,13.970000,14.210000,13.920000,14.100000,7.276872,121200
2013-01-02,14.100000,14.240000,14.080000,14.190000,7.323321,117900
2013-01-03,14.250000,14.350000,14.220000,14.280000,7.369765,109300
2013-01-04,14.330000,14.420000,14.220000,14.420000,7.442022,131100
2013-01-07,14.380000,14.440000,14.290000,14.410000,7.436863,152700
2013-01-08,14.410000,14.420000,14.340000,14.380000,7.421376,82700
2013-01-09,14.360000,14.440000,14.360000,14.420000,7.442022,114800
2013-01-10,14.440000,14.490000,14.360000,14.400000,7.431701,97700
2013-01-11,14.390000,14.460000,14.190000,14.320000,7.428066,141000
2013-01-14,14.290000,14.380000,14.200000,14.290000,7.412507,73800
2013-01-15,14.290000,14.370000,14.030000,14.080000,7.303579,158700
2013-01-16,14.180000,14.320000,14.000000,14.280000,7.407319,132300
2013-01-17,14.340000,14.400000,14.240000,14.270000,7.402133,110300
2013-01-18,14.340000,14.490000,14.260000,14.470000,7.505874,105800
2013-01-22,14.480000,14.530000,14.370000,14.480000,7.511064,79800
2013-01-23,14.500000,14.520000,14.410000,14.500000,7.521440,69000
2013-01-24,14.540000,14.590000,14.460000,14.520000,7.531817,118400
2013-01-25,14.550000,14.550000,14.210000,14.300000,7.417693,152700
2013-01-28,14.270000,14.370000,14.060000,14.060000,7.293202,96300
2013-01-29,14.070000,14.300000,14.040000,14.070000,7.298389,68500
2013-01-30,14.140000,14.160000,14.010000,14.030000,7.277638,123600
2013-01-31,14.070000,14.100000,13.950000,14.070000,7.298389,106100
2013-02-01,14.110000,14.200000,14.080000,14.170000,7.350257,56300
2013-02-04,14.170000,14.210000,14.070000,14.140000,7.334701,101300
2013-02-05,14.190000,14.250000,14.100000,14.150000,7.339888,77700
2013-02-06,14.190000,14.220000,14.110000,14.180000,7.355448,63100
2013-02-07,14.190000,14.210000,14.140000,14.160000,7.345074,58100
2013-02-08,14.200000,14.210000,14.070000,14.110000,7.319136,87200
2013-02-11,14.150000,14.260000,14.120000,14.210000,7.371011,58200
2013-02-12,14.260000,14.280000,14.180000,14.250000,7.391758,45800
2013-02-13,14.230000,14.240000,14.110000,14.120000,7.362038,84200
2013-02-14,14.150000,14.160000,14.010000,14.030000,7.315114,68100
2013-02-15,14.030000,14.070000,13.920000,14.010000,7.304692,75800
2013-02-19,14.040000,14.050000,13.980000,14.030000,7.315114,76200
2013-02-20,14.010000,14.030000,13.860000,13.900000,7.247331,132800
2013-02-21,13.900000,14.010000,13.870000,13.900000,7.247331,51000
2013-02-22,13.970000,14.040000,13.900000,13.970000,7.283830,53800
2013-02-25,13.950000,13.990000,13.820000,13.860000,7.226477,118400
2013-02-26,13.880000,14.050000,13.830000,14.050000,7.325544,62000
2013-02-27,14.070000,14.110000,13.940000,14.040000,7.320326,59400
2013-02-28,14.030000,14.120000,13.950000,14.080000,7.341181,71800
2013-03-01,14.110000,14.140000,14.040000,14.100000,7.351618,67200
2013-03-04,14.110000,14.110000,14.010000,14.090000,7.346396,96800
2013-03-05,14.110000,14.110000,13.980000,14.000000,7.299471,84100
2013-03-06,14.040000,14.110000,13.980000,14.100000,7.351618,65600
2013-03-07,14.100000,14.190000,14.050000,14.190000,7.398531,73600
2013-03-08,14.160000,14.160000,13.980000,14.050000,7.325544,71200
2013-03-11,14.060000,14.100000,13.910000,13.930000,7.262974,76900
2013-03-12,13.880000,13.940000,13.790000,13.870000,7.231693,117200
2013-03-13,13.820000,13.820000,13.630000,13.630000,7.144156,101600
2013-03-14,13.630000,13.630000,13.310000,13.390000,7.018360,282100
2013-03-15,13.280000,13.420000,13.150000,13.270000,6.955465,130600
2013-03-18,13.180000,13.630000,13.160000,13.630000,7.144156,100600
2013-03-19,13.690000,13.740000,13.560000,13.720000,7.191332,97000
2013-03-20,13.740000,13.780000,13.650000,13.690000,7.175606,111500
2013-03-21,13.690000,13.760000,13.590000,13.600000,7.128438,69600
2013-03-22,13.560000,13.700000,13.550000,13.570000,7.112709,63500
2013-03-25,13.570000,13.640000,13.500000,13.580000,7.117954,79000
2013-03-26,13.570000,13.680000,13.490000,13.660000,7.159881,76700
2013-03-27,13.650000,13.750000,13.600000,13.610000,7.133677,104300
2013-03-28,13.660000,13.670000,13.520000,13.580000,7.117954,99900
2013-04-01,13.630000,13.680000,13.560000,13.610000,7.133677,101600
2013-04-02,13.590000,13.650000,13.570000,13.590000,7.123191,92000
2013-04-03,13.610000,13.630000,13.550000,13.580000,7.117954,74000
2013-04-04,13.600000,13.650000,13.520000,13.560000,7.107468,65500
2013-04-05,13.590000,13.800000,13.590000,13.750000,7.207058,141700
2013-04-08,13.720000,13.750000,13.670000,13.740000,7.201815,84700
2013-04-09,13.780000,13.800000,13.710000,13.800000,7.233263,48600
2013-04-10,13.810000,13.830000,13.730000,13.770000,7.217535,87400
2013-04-11,13.670000,13.700000,13.650000,13.680000,7.208580,58200
2013-04-12,13.700000,13.760000,13.650000,13.760000,7.250732,62600
2013-04-15,13.800000,13.800000,13.690000,13.710000,7.224391,71000
2013-04-16,13.730000,13.780000,13.570000,13.630000,7.182231,96100
2013-04-17,13.600000,13.730000,13.520000,13.620000,7.176962,89300
2013-04-18,13.640000,13.660000,13.560000,13.610000,7.171697,54800
2013-04-19,13.640000,13.750000,13.630000,13.730000,7.234926,41800
2013-04-22,13.730000,13.800000,13.710000,13.790000,7.266547,61800
2013-04-23,13.800000,13.800000,13.730000,13.750000,7.245469,75900
2013-04-24,13.800000,13.810000,13.750000,13.800000,7.271815,54000
2013-04-25,13.780000,13.820000,13.760000,13.780000,7.261277,94700
2013-04-26,13.770000,13.860000,13.770000,13.780000,7.261277,105300
2013-04-29,13.760000,13.880000,13.620000,13.830000,7.287621,96400
2013-04-30,13.800000,13.930000,13.760000,13.850000,7.298163,73600
2013-05-01,13.850000,13.900000,13.760000,13.820000,7.282353,209600
2013-05-02,13.830000,13.940000,13.810000,13.890000,7.319240,177600
2013-05-03,13.870000,13.900000,13.810000,13.820000,7.282353,183800
2013-05-06,13.780000,13.880000,13.750000,13.840000,7.292891,103000
2013-05-07,13.800000,13.860000,13.790000,13.800000,7.271815,127100
2013-05-08,13.800000,13.820000,13.710000,13.750000,7.245469,148300
2013-05-09,13.720000,13.870000,13.590000,13.850000,7.298163,151300
2013-05-10,13.880000,13.900000,13.770000,13.770000,7.256001,82300
2013-05-13,13.700000,13.800000,13.670000,13.720000,7.268188,102400
2013-05-14,13.760000,13.790000,13.660000,13.790000,7.305272,83000
2013-05-15,13.800000,13.820000,13.710000,13.790000,7.305272,143200
2013-05-16,13.800000,13.820000,13.700000,13.770000,7.294675,100800
2013-05-17,13.740000,13.790000,13.720000,13.730000,7.273485,52400
2013-05-20,13.760000,13.820000,13.760000,13.800000,7.310567,108900
2013-05-21,13.830000,13.830000,13.700000,13.770000,7.294675,54800
2013-05-22,13.790000,13.820000,13.740000,13.780000,7.299973,106100
2013-05-23,13.770000,13.800000,13.730000,13.740000,7.278784,60900
2013-05-24,13.750000,13.750000,13.700000,13.710000,7.262890,63400
2013-05-28,13.740000,13.760000,13.540000,13.620000,7.215214,123400
2013-05-29,13.640000,13.640000,13.240000,13.250000,7.019206,170500
2013-05-30,13.310000,13.360000,13.230000,13.360000,7.077478,97600
2013-05-31,13.330000,13.330000,13.050000,13.080000,6.929148,201300
2013-06-03,13.080000,13.080000,12.650000,12.680000,6.717249,326900
2013-06-04,12.630000,12.780000,12.600000,12.720000,6.738439,232100
2013-06-05,12.710000,12.910000,12.710000,12.780000,6.770224,205900
2013-06-06,12.840000,12.960000,12.760000,12.850000,6.807307,119200
2013-06-07,12.910000,12.930000,12.770000,12.920000,6.844388,55700
2013-06-10,12.950000,12.950000,12.710000,12.760000,6.759631,112800
2013-06-11,12.700000,12.990000,12.500000,12.880000,6.823201,309600
2013-06-12,12.800000,12.800000,12.400000,12.400000,6.606363,218400
2013-06-13,12.400000,12.600000,12.200000,12.530000,6.675618,221300
2013-06-14,12.580000,12.740000,12.500000,12.580000,6.702261,120800
2013-06-17,12.590000,12.680000,12.510000,12.650000,6.739554,208600
2013-06-18,12.600000,12.620000,12.450000,12.560000,6.691603,98100
2013-06-19,12.490000,12.680000,12.490000,12.510000,6.664966,188700
2013-06-20,12.490000,12.530000,12.310000,12.320000,6.563738,279800
2013-06-21,12.380000,12.490000,12.310000,12.380000,6.595702,141700
2013-06-24,12.310000,12.330000,12.010000,12.240000,6.521116,201000
2013-06-25,12.250000,12.250000,11.950000,12.210000,6.505132,278300
2013-06-26,12.240000,12.540000,12.240000,12.420000,6.617017,114300
2013-06-27,12.450000,12.700000,12.450000,12.660000,6.744879,129800
2013-06-28,12.710000,12.710000,12.590000,12.680000,6.755537,79000
2013-07-01,12.760000,12.800000,12.640000,12.720000,6.776847,92900
2013-07-02,12.800000,12.800000,12.650000,12.690000,6.760866,138800
2013-07-03,12.670000,12.670000,12.530000,12.540000,6.680946,69100
2013-07-05,12.520000,12.520000,12.190000,12.370000,6.590379,126100
2013-07-08,12.400000,12.570000,12.390000,12.530000,6.675618,101200
2013-07-09,12.500000,12.580000,12.460000,12.470000,6.643656,95200
2013-07-10,12.420000,12.500000,12.250000,12.250000,6.574427,86900
2013-07-11,12.380000,12.420000,12.240000,12.270000,6.585154,87800
2013-07-12,12.300000,12.340000,12.160000,12.170000,6.531486,119600
2013-07-15,12.200000,12.260000,12.150000,12.200000,6.547589,107400
2013-07-16,12.240000,12.250000,12.140000,12.140000,6.515384,178500
2013-07-17,12.210000,12.260000,12.160000,12.210000,6.552953,203900
2013-07-18,12.260000,12.270000,12.060000,12.140000,6.515384,188800
2013-07-19,12.120000,12.150000,11.870000,11.930000,6.402683,287900
2013-07-22,11.890000,11.930000,11.760000,11.820000,6.343648,225300
2013-07-23,11.740000,11.910000,11.740000,11.840000,6.384085,178600
2013-07-24,11.830000,11.900000,11.600000,11.640000,6.276242,285900
2013-07-25,11.680000,11.680000,11.320000,11.480000,6.189970,513900
2013-07-26,11.470000,11.540000,11.370000,11.540000,6.222328,203000
2013-07-29,11.470000,11.630000,11.420000,11.590000,6.249287,238600
2013-07-30,11.580000,11.620000,11.480000,11.590000,6.249287,105800
2013-07-31,11.580000,11.580000,11.420000,11.500000,6.200761,210000
2013-08-01,11.540000,11.600000,11.340000,11.400000,6.146839,179200
2013-08-02,11.400000,11.450000,11.390000,11.410000,6.152233,93400
2013-08-05,11.350000,11.380000,11.290000,11.290000,6.087531,156000
2013-08-06,11.200000,11.330000,11.140000,11.240000,6.060565,304000
2013-08-07,11.140000,11.230000,11.070000,11.170000,6.022822,255700
2013-08-08,11.250000,11.290000,11.100000,11.280000,6.082139,244900
2013-08-09,11.210000,11.320000,11.150000,11.260000,6.071353,236700
2013-08-12,11.220000,11.350000,11.220000,11.340000,6.114488,132600
2013-08-13,11.270000,11.320000,11.140000,11.150000,6.012037,194400
2013-08-14,11.160000,11.220000,11.080000,11.160000,6.017431,154200
2013-08-15,11.050000,11.100000,11.020000,11.030000,5.947338,116900
2013-08-16,11.020000,11.050000,10.820000,11.050000,5.958120,442000
2013-08-19,11.040000,11.100000,10.880000,10.900000,5.877242,319100
2013-08-20,10.940000,11.020000,10.850000,11.020000,5.941947,210300
2013-08-21,11.040000,11.090000,10.960000,11.090000,5.979689,210300
2013-08-22,11.060000,11.390000,11.060000,11.390000,6.141446,451700
2013-08-23,11.390000,11.480000,11.320000,11.410000,6.152233,277600
2013-08-26,11.440000,11.470000,11.340000,11.450000,6.173800,288600
2013-08-27,11.450000,11.540000,11.400000,11.540000,6.222328,255100
2013-08-28,11.570000,11.610000,11.500000,11.510000,6.206155,97500
2013-08-29,11.430000,11.540000,11.240000,11.540000,6.222328,158900
2013-08-30,11.510000,11.540000,11.360000,11.540000,6.222328,69300
2013-09-03,11.540000,11.660000,11.360000,11.410000,6.152233,143800
2013-09-04,11.410000,11.460000,11.250000,11.450000,6.173800,140500
2013-09-05,11.450000,11.520000,11.260000,11.280000,6.082139,228100
2013-09-06,11.380000,11.380000,11.200000,11.280000,6.082139,119400
2013-09-09,11.280000,11.410000,11.240000,11.340000,6.114488,183900
2013-09-10,11.390000,11.400000,11.260000,11.320000,6.103704,106400
2013-09-11,11.250000,11.280000,11.030000,11.050000,5.996792,342900
2013-09-12,11.090000,11.150000,11.040000,11.090000,6.018500,156300
2013-09-13,11.100000,11.140000,11.070000,11.110000,6.029355,194400
2013-09-16,11.200000,11.200000,11.090000,11.160000,6.056488,161900
2013-09-17,11.110000,11.240000,11.110000,11.230000,6.094479,332300
2013-09-18,11.210000,11.550000,11.210000,11.550000,6.268142,211500
2013-09-19,11.540000,11.680000,11.450000,11.670000,6.333263,240300
2013-09-20,11.670000,11.720000,11.560000,11.720000,6.360399,161800
2013-09-23,11.730000,11.760000,11.600000,11.750000,6.376681,116100
2013-09-24,11.740000,11.790000,11.500000,11.600000,6.295275,185000
2013-09-25,11.650000,11.780000,11.570000,11.780000,6.392959,189000
2013-09-26,11.750000,11.840000,11.690000,11.790000,6.398388,102000
2013-09-27,11.830000,11.940000,11.740000,11.800000,6.403815,214400
2013-09-30,11.820000,11.840000,11.670000,11.670000,6.333263,257400
2013-10-01,11.740000,11.790000,11.690000,11.790000,6.398388,115500
2013-10-02,11.770000,11.870000,11.720000,11.850000,6.430951,119400
2013-10-03,11.830000,11.830000,11.720000,11.790000,6.398388,113500
2013-10-04,11.750000,11.800000,11.700000,11.740000,6.371254,104200
2013-10-07,11.730000,11.730000,11.570000,11.640000,6.316980,155200
2013-10-08,11.640000,11.650000,11.520000,11.650000,6.322411,123000
2013-10-09,11.660000,11.690000,11.560000,11.620000,6.306127,97800
2013-10-10,11.550000,11.600000,11.440000,11.440000,6.247692,235500
2013-10-11,11.420000,11.500000,11.340000,11.450000,6.253156,164300
2013-10-14,11.410000,11.520000,11.410000,11.500000,6.280463,104400
2013-10-15,11.460000,11.470000,11.330000,11.390000,6.220384,119900
2013-10-16,11.380000,11.580000,11.320000,11.510000,6.285926,97200
2013-10-17,11.480000,11.820000,11.480000,11.820000,6.455225,205300
2013-10-18,11.800000,11.880000,11.740000,11.880000,6.487990,181400
2013-10-21,11.840000,11.910000,11.760000,11.810000,6.449759,107700
2013-10-22,11.810000,11.850000,11.730000,11.830000,6.460681,136600
2013-10-23,11.860000,11.950000,11.820000,11.910000,6.504373,109600
2013-10-24,11.950000,12.010000,11.870000,12.000000,6.553525,148600
2013-10-25,12.000000,12.060000,11.850000,12.060000,6.586296,148600
2013-10-28,12.060000,12.100000,12.000000,12.080000,6.597217,89000
2013-10-29,12.110000,12.110000,12.010000,12.020000,6.564445,96400
2013-10-30,12.050000,12.050000,11.910000,12.020000,6.564445,108500
2013-10-31,12.030000,12.030000,11.940000,11.990000,6.548064,63200
2013-11-01,11.990000,11.990000,11.820000,11.880000,6.487990,194700
2013-11-04,11.900000,11.920000,11.790000,11.790000,6.438839,120700
2013-11-05,11.830000,11.950000,11.810000,11.920000,6.509833,115200
2013-11-06,11.930000,11.990000,11.890000,11.960000,6.531681,73600
2013-11-07,11.930000,11.970000,11.890000,11.920000,6.509833,71000
2013-11-08,11.910000,11.910000,11.790000,11.870000,6.482528,195100
2013-11-11,11.820000,11.840000,11.800000,11.810000,6.449759,74600
2013-11-12,11.800000,11.830000,11.710000,11.720000,6.400609,116200
2013-11-13,11.640000,11.670000,11.560000,11.560000,6.352802,86400
2013-11-14,11.560000,11.620000,11.550000,11.570000,6.358293,76100
2013-11-15,11.550000,11.590000,11.470000,11.500000,6.319826,95400
2013-11-18,11.470000,11.560000,11.450000,11.490000,6.314331,138000
2013-11-19,11.440000,11.500000,11.440000,11.440000,6.286853,83600
2013-11-20,11.410000,11.440000,11.360000,11.360000,6.242888,98400
2013-11-21,11.370000,11.450000,11.360000,11.410000,6.270364,88900
2013-11-22,11.400000,11.430000,11.350000,11.360000,6.242888,96600
2013-11-25,11.390000,11.400000,11.280000,11.320000,6.220908,104700
2013-11-26,11.340000,11.400000,11.330000,11.390000,6.259374,123800
2013-11-27,11.420000,11.460000,11.320000,11.340000,6.231896,140800
2013-11-29,11.390000,11.420000,11.340000,11.400000,6.264868,61300
2013-12-02,11.400000,11.400000,11.310000,11.340000,6.231896,158900
2013-12-03,11.350000,11.470000,11.300000,11.470000,6.303339,104100
2013-12-04,11.430000,11.450000,11.310000,11.410000,6.270364,111300
2013-12-05,11.330000,11.380000,11.310000,11.320000,6.220908,334500
2013-12-06,11.320000,11.390000,11.310000,11.360000,6.242888,295300
2013-12-09,11.330000,11.400000,11.300000,11.340000,6.231896,152100
2013-12-10,11.340000,11.420000,11.310000,11.400000,6.264868,321700
2013-12-11,11.310000,11.380000,11.260000,11.330000,6.269298,136600
2013-12-12,11.330000,11.430000,11.320000,11.400000,6.308032,240700
2013-12-13,11.380000,11.440000,11.350000,11.380000,6.296961,212200
2013-12-16,11.370000,11.400000,11.300000,11.310000,6.258229,258500
2013-12-17,11.310000,11.480000,11.290000,11.440000,6.330163,337300
2013-12-18,11.520000,11.820000,11.500000,11.750000,6.501698,491000
2013-12-19,11.710000,11.890000,11.710000,11.850000,6.557030,292800
2013-12-20,11.780000,11.980000,11.780000,11.870000,6.568099,335000
2013-12-23,11.870000,12.170000,11.870000,12.090000,6.689831,451900
2013-12-24,12.120000,12.120000,11.990000,12.000000,6.640035,197900
2013-12-26,11.990000,12.120000,11.970000,12.020000,6.651101,242600
2013-12-27,11.960000,12.030000,11.820000,11.970000,6.623430,316000
2013-12-30,12.080000,12.080000,11.880000,11.950000,6.612367,196600
2013-12-31,11.990000,12.040000,11.850000,12.000000,6.640035,286300
2014-01-02,11.930000,12.070000,11.870000,12.050000,6.667700,95400
2014-01-03,12.100000,12.110000,12.030000,12.050000,6.667700,102400
2014-01-06,12.090000,12.210000,12.080000,12.130000,6.711966,117100
2014-01-07,12.200000,12.250000,12.130000,12.170000,6.734095,185400
2014-01-08,12.150000,12.250000,12.100000,12.170000,6.734095,110500
2014-01-09,12.210000,12.300000,12.180000,12.200000,6.750697,190700
2014-01-10,12.220000,12.340000,12.220000,12.310000,6.811567,134800
2014-01-13,12.310000,12.310000,12.180000,12.180000,6.781500,159000
2014-01-14,12.190000,12.300000,12.180000,12.300000,6.848310,117800
2014-01-15,12.300000,12.400000,12.270000,12.370000,6.887288,138600
2014-01-16,12.340000,12.380000,12.330000,12.340000,6.870587,85300
2014-01-17,12.340000,12.450000,12.330000,12.390000,6.898418,97400
2014-01-21,12.400000,12.450000,12.350000,12.360000,6.881719,167400
2014-01-22,12.360000,12.450000,12.350000,12.450000,6.931830,145300
2014-01-23,12.450000,12.600000,12.440000,12.510000,6.965238,202900
2014-01-24,12.510000,12.550000,12.400000,12.480000,6.948534,173300
2014-01-27,12.440000,12.490000,12.370000,12.380000,6.892853,150200
2014-01-28,12.360000,12.500000,12.360000,12.450000,6.931830,150400
2014-01-29,12.400000,12.560000,12.180000,12.470000,6.942966,183600
2014-01-30,12.470000,12.580000,12.470000,12.540000,6.981943,85000
2014-01-31,12.510000,12.660000,12.510000,12.600000,7.015345,144700
2014-02-03,12.630000,12.740000,12.630000,12.650000,7.043182,150000
2014-02-04,12.640000,12.680000,12.600000,12.610000,7.020916,197600
2014-02-05,12.600000,12.640000,12.560000,12.620000,7.026483,94100
2014-02-06,12.600000,12.670000,12.580000,12.580000,7.004209,61300
2014-02-07,12.590000,12.730000,12.590000,12.730000,7.087727,86300
2014-02-10,12.750000,12.780000,12.700000,12.700000,7.071024,99000
2014-02-11,12.670000,12.800000,12.670000,12.770000,7.110000,181600
2014-02-12,12.740000,12.760000,12.670000,12.710000,7.118958,123800
2014-02-13,12.740000,12.740000,12.650000,12.730000,7.130160,69500
2014-02-14,12.750000,12.750000,12.690000,12.690000,7.107753,66000
2014-02-18,12.700000,12.760000,12.680000,12.720000,7.124560,88500
2014-02-19,12.740000,12.830000,12.710000,12.740000,7.135760,122900
2014-02-20,12.720000,12.810000,12.720000,12.750000,7.141364,117000
2014-02-21,12.800000,12.820000,12.700000,12.700000,7.113357,133900
2014-02-24,12.690000,12.750000,12.690000,12.700000,7.113357,120500
2014-02-25,12.680000,12.750000,12.660000,12.730000,7.130160,138200
2014-02-26,12.700000,12.750000,12.680000,12.680000,7.102155,79600
2014-02-27,12.690000,12.730000,12.620000,12.670000,7.096555,146000
2014-02-28,12.650000,12.680000,12.570000,12.620000,7.068545,169800
2014-03-03,12.610000,12.660000,12.550000,12.590000,7.051747,181300
2014-03-04,12.600000,12.640000,12.560000,12.610000,7.062947,153200
2014-03-05,12.590000,12.640000,12.590000,12.640000,7.079753,108200
2014-03-06,12.650000,12.650000,12.550000,12.550000,7.029341,146400
2014-03-07,12.550000,12.560000,12.450000,12.500000,7.001342,172700
2014-03-10,12.470000,12.620000,12.460000,12.540000,7.023739,77200
2014-03-11,12.540000,12.600000,12.510000,12.560000,7.034945,71000
2014-03-12,12.530000,12.650000,12.490000,12.570000,7.083406,127100
2014-03-13,12.570000,12.700000,12.530000,12.700000,7.156664,93100
2014-03-14,12.680000,12.700000,12.600000,12.640000,7.122855,123600
2014-03-17,12.670000,12.750000,12.640000,12.700000,7.156664,155200
2014-03-18,12.690000,12.760000,12.610000,12.670000,7.139758,140800
2014-03-19,12.660000,12.710000,12.570000,12.570000,7.083406,133100
2014-03-20,12.530000,12.560000,12.440000,12.450000,7.015784,176500
2014-03-21,12.490000,12.620000,12.490000,12.600000,7.100312,131200
2014-03-24,12.570000,12.670000,12.570000,12.670000,7.139758,95200
2014-03-25,12.650000,12.740000,12.640000,12.700000,7.156664,90200
2014-03-26,12.700000,12.750000,12.650000,12.730000,7.173566,113400
2014-03-27,12.760000,12.840000,12.700000,12.770000,7.196112,95200
2014-03-28,12.800000,12.800000,12.700000,12.750000,7.184838,59600
2014-03-31,12.770000,12.770000,12.670000,12.720000,7.167933,110600
2014-04-01,12.740000,12.750000,12.670000,12.700000,7.156664,82600
2014-04-02,12.690000,12.770000,12.650000,12.760000,7.190474,143200
2014-04-03,12.760000,12.780000,12.750000,12.780000,7.201744,67500
2014-04-04,12.780000,12.890000,12.780000,12.800000,7.213012,143900
2014-04-07,12.800000,12.880000,12.800000,12.860000,7.246828,71400
2014-04-08,12.850000,12.900000,12.810000,12.900000,7.269364,68000
2014-04-09,12.920000,12.950000,12.870000,12.900000,7.269364,128800
2014-04-10,12.910000,12.940000,12.900000,12.940000,7.291901,75300
2014-04-11,12.900000,12.900000,12.780000,12.790000,7.249958,99100
2014-04-14,12.830000,12.840000,12.620000,12.660000,7.176265,193000
2014-04-15,12.660000,12.750000,12.650000,12.730000,7.215951,88800
2014-04-16,12.780000,12.810000,12.760000,12.800000,7.255625,89800
2014-04-17,12.830000,12.840000,12.730000,12.730000,7.215951,113400
2014-04-21,12.770000,12.840000,12.740000,12.810000,7.261299,111300
2014-04-22,12.840000,12.870000,12.800000,12.850000,7.283972,110000
2014-04-23,12.880000,12.990000,12.880000,12.940000,7.334983,116600
2014-04-24,12.970000,12.970000,12.890000,12.890000,7.306645,103200
2014-04-25,12.940000,12.990000,12.910000,12.990000,7.363330,102200
2014-04-28,13.000000,13.050000,13.000000,13.000000,7.368993,84800
2014-04-29,13.000000,13.000000,12.950000,12.980000,7.357657,54300
2014-04-30,13.020000,13.030000,12.980000,13.020000,7.380329,90100
2014-05-01,13.040000,13.110000,13.000000,13.080000,7.414346,113500
2014-05-02,13.050000,13.080000,13.040000,13.060000,7.403007,110400
2014-05-05,13.060000,13.100000,13.060000,13.080000,7.414346,114800
2014-05-06,13.110000,13.140000,13.070000,13.110000,7.431351,145100
2014-05-07,13.130000,13.230000,13.110000,13.200000,7.482364,132700
2014-05-08,13.190000,13.300000,13.190000,13.300000,7.539053,152900
2014-05-09,13.320000,13.330000,13.250000,13.280000,7.527712,67400
2014-05-12,13.310000,13.360000,13.300000,13.330000,7.556053,79500
2014-05-13,13.300000,13.300000,13.200000,13.300000,7.582281,117000
2014-05-14,13.330000,13.330000,13.250000,13.310000,7.587981,92800
2014-05-15,13.330000,13.350000,13.230000,13.230000,7.542370,148100
2014-05-16,13.310000,13.340000,13.270000,13.340000,7.605083,120500
2014-05-19,13.350000,13.360000,13.240000,13.280000,7.570879,153700
2014-05-20,13.310000,13.330000,13.280000,13.330000,7.599385,73300
2014-05-21,13.320000,13.350000,13.280000,13.350000,7.610783,50200
2014-05-22,13.360000,13.430000,13.330000,13.430000,7.656396,135000
2014-05-23,13.430000,13.500000,13.370000,13.500000,7.696300,96500
2014-05-27,13.510000,13.620000,13.460000,13.510000,7.702001,128600
2014-05-28,13.540000,13.580000,13.490000,13.540000,7.719103,89700
2014-05-29,13.560000,13.580000,13.460000,13.510000,7.702001,119900
2014-05-30,13.520000,13.520000,13.390000,13.400000,7.639291,138500
2014-06-02,13.440000,13.460000,13.350000,13.390000,7.633588,148400
2014-06-03,13.400000,13.400000,13.250000,13.270000,7.565180,130300
2014-06-04,13.310000,13.310000,13.150000,13.160000,7.502471,162400
2014-06-05,13.160000,13.260000,13.160000,13.240000,7.548078,154100
2014-06-06,13.310000,13.380000,13.260000,13.380000,7.627891,104100
2014-06-09,13.390000,13.390000,13.320000,13.380000,7.627891,61500
2014-06-10,13.380000,13.420000,13.350000,13.390000,7.633588,146600
2014-06-11,13.340000,13.340000,13.220000,13.260000,7.602628,116000
2014-06-12,13.260000,13.440000,13.250000,13.440000,7.705834,107600
2014-06-13,13.420000,13.420000,13.250000,13.290000,7.619830,108400
2014-06-16,13.280000,13.300000,13.230000,13.270000,7.608362,86100
2014-06-17,13.260000,13.260000,13.110000,13.130000,7.528093,133100
2014-06-18,13.150000,13.190000,13.100000,13.180000,7.556759,73000
2014-06-19,13.220000,13.300000,13.160000,13.270000,7.608362,84400
2014-06-20,13.220000,13.280000,13.190000,13.280000,7.614093,38500
2014-06-23,13.260000,13.280000,13.220000,13.270000,7.608362,74000
2014-06-24,13.250000,13.250000,13.200000,13.210000,7.573958,79600
2014-06-25,13.220000,13.280000,13.220000,13.270000,7.608362,60300
2014-06-26,13.270000,13.270000,13.190000,13.220000,7.579695,85900
2014-06-27,13.250000,13.280000,13.220000,13.280000,7.614093,49900
2014-06-30,13.300000,13.300000,13.250000,13.250000,7.596898,111100
2014-07-01,13.300000,13.310000,13.220000,13.220000,7.579695,89500
2014-07-02,13.200000,13.260000,13.100000,13.100000,7.510890,133900
2014-07-03,13.050000,13.080000,12.960000,12.980000,7.442091,213400
2014-07-07,13.020000,13.090000,12.980000,13.030000,7.470761,135100
2014-07-08,13.090000,13.130000,13.020000,13.060000,7.487959,123700
2014-07-09,13.100000,13.100000,13.000000,13.000000,7.453555,117300
2014-07-10,13.050000,13.050000,12.980000,13.000000,7.453555,117600
2014-07-11,12.910000,13.000000,12.910000,12.990000,7.491618,64800
2014-07-14,12.960000,13.000000,12.900000,12.900000,7.439717,147200
2014-07-15,12.900000,12.970000,12.900000,12.950000,7.468549,114100
2014-07-16,12.950000,12.970000,12.920000,12.950000,7.468549,129700
2014-07-17,12.980000,13.010000,12.960000,12.980000,7.485854,74200
2014-07-18,12.990000,13.030000,12.980000,13.020000,7.508920,68100
2014-07-21,13.050000,13.120000,13.030000,13.070000,7.537758,85300
2014-07-22,13.100000,13.100000,13.020000,13.040000,7.520456,66700
2014-07-23,13.030000,13.140000,13.030000,13.120000,7.566594,61400
2014-07-24,13.110000,13.130000,13.060000,13.130000,7.572362,39300
2014-07-25,13.150000,13.160000,13.070000,13.080000,7.543527,71900
2014-07-28,13.080000,13.130000,13.030000,13.070000,7.537758,115900
2014-07-29,13.100000,13.100000,13.040000,13.060000,7.531994,79100
2014-07-30,13.060000,13.080000,12.930000,12.990000,7.491618,211400
2014-07-31,12.940000,12.970000,12.890000,12.890000,7.433950,151500
2014-08-01,12.900000,12.950000,12.900000,12.940000,7.462780,162800
2014-08-04,12.930000,12.940000,12.760000,12.860000,7.416648,266000
2014-08-05,12.810000,12.830000,12.780000,12.780000,7.370506,160700
2014-08-06,12.800000,12.840000,12.790000,12.830000,7.399344,110500
2014-08-07,12.820000,12.860000,12.790000,12.860000,7.416648,186700
2014-08-08,12.900000,12.950000,12.870000,12.940000,7.462780,85800
2014-08-11,12.990000,13.010000,12.930000,12.950000,7.468549,124400
2014-08-12,12.970000,13.010000,12.910000,13.010000,7.503157,111200
2014-08-13,12.970000,12.980000,12.930000,12.960000,7.518237,77300
2014-08-14,12.960000,12.980000,12.920000,12.970000,7.524041,47400
2014-08-15,13.010000,13.040000,12.880000,12.930000,7.500836,207000
2014-08-18,12.950000,12.960000,12.890000,12.930000,7.500836,140500
2014-08-19,12.960000,12.980000,12.910000,12.940000,7.506638,74500
2014-08-20,12.920000,12.960000,12.890000,12.940000,7.506638,91800
2014-08-21,12.910000,12.940000,12.890000,12.900000,7.483433,77600
2014-08-22,12.890000,12.900000,12.830000,12.870000,7.466029,98700
2014-08-25,12.860000,12.870000,12.810000,12.860000,7.460227,203400
2014-08-26,12.840000,12.880000,12.810000,12.880000,7.471828,117500
2014-08-27,12.910000,12.940000,12.860000,12.930000,7.500836,116200
2014-08-28,12.930000,12.950000,12.890000,12.940000,7.506638,74900
2014-08-29,12.930000,12.960000,12.900000,12.960000,7.518237,132100
2014-09-02,12.940000,12.960000,12.900000,12.960000,7.518237,153300
2014-09-03,12.940000,12.970000,12.920000,12.960000,7.518237,113600
2014-09-04,12.930000,12.960000,12.900000,12.920000,7.495035,66000
2014-09-05,12.940000,12.980000,12.900000,12.950000,7.512437,88400
2014-09-08,12.940000,12.990000,12.920000,12.920000,7.495035,145500
2014-09-09,12.900000,12.980000,12.900000,12.950000,7.512437,80200
2014-09-10,12.950000,13.010000,12.930000,13.010000,7.547241,133100
2014-09-11,12.930000,12.930000,12.870000,12.930000,7.544911,97000
2014-09-12,12.880000,12.890000,12.820000,12.840000,7.492392,131600
2014-09-15,12.820000,12.840000,12.790000,12.820000,7.480723,121000
2014-09-16,12.790000,12.840000,12.760000,12.840000,7.492392,162700
2014-09-17,12.840000,12.920000,12.830000,12.900000,7.527404,107600
2014-09-18,12.880000,12.900000,12.850000,12.870000,7.509898,98400
2014-09-19,12.880000,12.900000,12.870000,12.900000,7.527404,70000
2014-09-22,12.900000,12.950000,12.880000,12.950000,7.556585,118200
2014-09-23,12.920000,12.960000,12.910000,12.930000,7.544911,92000
2014-09-24,12.920000,12.970000,12.920000,12.970000,7.568252,99100
2014-09-25,12.930000,12.990000,12.920000,12.980000,7.574084,132900
2014-09-26,12.940000,12.990000,12.940000,12.990000,7.579925,106100
2014-09-29,12.990000,13.010000,12.960000,13.000000,7.585753,79500
2014-09-30,13.000000,13.040000,12.980000,13.040000,7.609093,87300
2014-10-01,13.040000,13.100000,13.030000,13.060000,7.620768,160400
2014-10-02,13.020000,13.070000,12.940000,12.980000,7.574084,153900
2014-10-03,12.950000,13.000000,12.950000,12.970000,7.568252,100000
2014-10-06,12.990000,13.050000,12.990000,13.040000,7.609093,123500
2014-10-07,13.040000,13.120000,13.040000,13.080000,7.632438,153700
2014-10-08,13.100000,13.180000,13.080000,13.150000,7.673282,142500
2014-10-09,13.200000,13.200000,13.070000,13.120000,7.655774,114400
2014-10-10,13.090000,13.120000,13.000000,13.090000,7.682774,138700
2014-10-13,13.040000,13.070000,13.010000,13.040000,7.653428,156600
2014-10-14,13.050000,13.050000,13.000000,13.000000,7.629950,115900
2014-10-15,13.020000,13.100000,12.980000,13.060000,7.665171,162500
2014-10-16,13.020000,13.090000,12.990000,13.090000,7.682774,91900
2014-10-17,13.140000,13.190000,13.110000,13.110000,7.694513,100500
2014-10-20,13.130000,13.200000,13.120000,13.190000,7.741466,98400
2014-10-21,13.190000,13.190000,13.110000,13.190000,7.741466,127900
2014-10-22,13.170000,13.170000,13.130000,13.140000,7.712127,99900
2014-10-23,13.120000,13.170000,13.110000,13.110000,7.694513,121700
2014-10-24,13.130000,13.160000,13.120000,13.140000,7.712127,78000
2014-10-27,13.150000,13.180000,13.140000,13.180000,7.735601,51400
2014-10-28,13.190000,13.230000,13.150000,13.230000,7.764948,138400
2014-10-29,13.230000,13.260000,13.210000,13.230000,7.764948,108800
2014-10-30,13.250000,13.260000,13.180000,13.230000,7.764948,116000
2014-10-31,13.220000,13.220000,13.140000,13.210000,7.753208,118900
2014-11-03,13.350000,13.350000,13.180000,13.210000,7.753208,95200
2014-11-04,13.220000,13.330000,13.190000,13.330000,7.823636,126600
2014-11-05,13.320000,13.380000,13.270000,13.380000,7.852988,119300
2014-11-06,13.350000,13.410000,13.340000,13.410000,7.870590,100700
2014-11-07,13.410000,13.410000,13.370000,13.410000,7.870590,98900
2014-11-10,13.400000,13.450000,13.360000,13.420000,7.876459,130800
2014-11-11,13.420000,13.500000,13.400000,13.500000,7.923415,109400
2014-11-12,13.440000,13.450000,13.350000,13.370000,7.891538,85700
2014-11-13,13.350000,13.390000,13.350000,13.360000,7.885635,73100
2014-11-14,13.360000,13.380000,13.300000,13.330000,7.867933,67400
2014-11-17,13.360000,13.370000,13.200000,13.200000,7.791200,117400
2014-11-18,13.200000,13.240000,13.160000,13.220000,7.803001,117500
2014-11-19,13.230000,13.230000,13.160000,13.160000,7.767590,114000
2014-11-20,13.180000,13.230000,13.140000,13.140000,7.755785,120500
2014-11-21,13.150000,13.200000,13.100000,13.100000,7.732175,135900
2014-11-24,13.100000,13.160000,13.100000,13.100000,7.732175,141600
2014-11-25,13.100000,13.170000,13.100000,13.120000,7.743982,106800
2014-11-26,13.130000,13.170000,13.120000,13.140000,7.755785,119200
2014-11-28,13.140000,13.160000,13.100000,13.120000,7.743982,104900
2014-12-01,13.150000,13.190000,13.140000,13.170000,7.773495,209400
2014-12-02,13.170000,13.350000,13.150000,13.350000,7.879734,96300
2014-12-03,13.420000,13.450000,13.370000,13.430000,7.926956,182300
2014-12-04,13.460000,13.460000,13.350000,13.410000,7.915150,96400
2014-12-05,13.420000,13.420000,13.350000,13.370000,7.891538,96100
2014-12-08,13.340000,13.340000,13.290000,13.340000,7.873835,137800
2014-12-09,13.360000,13.390000,13.280000,13.380000,7.897444,122800
2014-12-10,13.390000,13.490000,13.340000,13.490000,7.962368,104400
2014-12-11,13.400000,13.400000,13.250000,13.280000,7.888708,141700
2014-12-12,13.280000,13.430000,13.230000,13.380000,7.948116,225500
2014-12-15,13.370000,13.400000,13.300000,13.350000,7.930290,100600
2014-12-16,13.330000,13.370000,13.300000,13.360000,7.936232,77400
2014-12-17,13.350000,13.360000,13.300000,13.340000,7.924351,102600
2014-12-18,13.350000,13.360000,13.300000,13.300000,7.900593,147500
2014-12-19,13.310000,13.360000,13.300000,13.320000,7.912469,68200
2014-12-22,13.350000,13.370000,13.300000,13.300000,7.900593,126600
2014-12-23,13.350000,13.390000,13.320000,13.380000,7.948116,74100
2014-12-24,13.390000,13.430000,13.390000,13.410000,7.965937,45800
2014-12-26,13.380000,13.430000,13.370000,13.420000,7.971875,59600
2014-12-29,13.400000,13.410000,13.320000,13.370000,7.942170,104900
2014-12-30,13.380000,13.440000,13.310000,13.430000,7.977818,111300
2014-12-31,13.450000,13.500000,13.360000,13.400000,7.959992,105800
2015-01-02,13.440000,13.490000,13.370000,13.460000,7.995630,117200
2015-01-05,13.490000,13.540000,13.400000,13.410000,7.965937,185900
2015-01-06,13.440000,13.550000,13.430000,13.490000,8.013457,170100
2015-01-07,13.500000,13.570000,13.480000,13.520000,8.031278,169500
2015-01-08,13.520000,13.550000,13.480000,13.480000,8.007513,126700
2015-01-09,13.510000,13.550000,13.490000,13.520000,8.031278,132600
2015-01-12,13.510000,13.580000,13.500000,13.580000,8.066919,151800
2015-01-13,13.520000,13.560000,13.460000,13.560000,8.100372,178900
2015-01-14,13.570000,13.640000,13.570000,13.640000,8.148163,117000
2015-01-15,13.640000,13.750000,13.640000,13.750000,8.213870,138600
2015-01-16,13.750000,13.750000,13.650000,13.690000,8.178030,160000
2015-01-20,13.720000,13.770000,13.690000,13.770000,8.225821,116500
2015-01-21,13.720000,13.790000,13.720000,13.760000,8.219846,145800
2015-01-22,13.780000,13.810000,13.750000,13.780000,8.231793,104700
2015-01-23,13.830000,13.830000,13.750000,13.770000,8.225821,72800
2015-01-26,13.780000,13.830000,13.780000,13.800000,8.243742,88500
2015-01-27,13.840000,13.890000,13.800000,13.890000,8.297505,89600
2015-01-28,13.890000,14.020000,13.840000,14.020000,8.375164,225200
2015-01-29,14.050000,14.060000,13.950000,14.030000,8.381141,157300
2015-01-30,14.020000,14.090000,14.010000,14.080000,8.411005,138300
2015-02-02,14.100000,14.170000,14.090000,14.170000,8.464769,168100
2015-02-03,14.150000,14.190000,14.110000,14.110000,8.428925,121000
2015-02-04,14.080000,14.110000,14.010000,14.070000,8.405030,124000
2015-02-05,14.070000,14.070000,14.020000,14.040000,8.387111,105700
2015-02-06,14.000000,14.030000,13.980000,13.980000,8.351268,142400
2015-02-09,13.980000,14.030000,13.980000,14.000000,8.363218,166700
2015-02-10,13.970000,13.990000,13.860000,13.870000,8.285558,170400
2015-02-11,13.820000,13.890000,13.690000,13.710000,8.235102,157200
2015-02-12,13.740000,13.790000,13.700000,13.770000,8.271140,142400
2015-02-13,13.730000,13.800000,13.600000,13.600000,8.169027,168100
2015-02-17,13.600000,13.630000,13.280000,13.300000,7.988831,378200
2015-02-18,13.290000,13.600000,13.280000,13.600000,8.169027,202900
2015-02-19,13.610000,13.710000,13.540000,13.560000,8.145003,191300
2015-02-20,13.620000,13.670000,13.560000,13.560000,8.145003,97000
2015-02-23,13.600000,13.680000,13.560000,13.600000,8.169027,130200
2015-02-24,13.590000,13.730000,13.540000,13.730000,8.247112,162300
2015-02-25,13.750000,13.780000,13.700000,13.710000,8.235102,92800
2015-02-26,13.740000,13.740000,13.640000,13.640000,8.193058,82000
2015-02-27,13.670000,13.760000,13.660000,13.760000,8.265136,77400
2015-03-02,13.730000,13.800000,13.730000,13.740000,8.253119,116400
2015-03-03,13.730000,13.820000,13.730000,13.820000,8.301177,98700
2015-03-04,13.840000,13.920000,13.800000,13.900000,8.349230,104200
2015-03-05,13.870000,13.910000,13.860000,13.860000,8.325202,59700
2015-03-06,13.800000,13.850000,13.640000,13.650000,8.199063,349800
2015-03-09,13.700000,13.810000,13.670000,13.750000,8.259127,134300
2015-03-10,13.760000,13.900000,13.760000,13.890000,8.343222,110900
2015-03-11,13.830000,13.830000,13.740000,13.780000,8.322680,115400
2015-03-12,13.820000,13.870000,13.750000,13.780000,8.322680,98600
2015-03-13,13.760000,13.780000,13.720000,13.730000,8.292486,55100
2015-03-16,13.740000,13.750000,13.660000,13.660000,8.250212,88700
2015-03-17,13.660000,13.690000,13.590000,13.590000,8.207934,89000
2015-03-18,13.630000,13.780000,13.610000,13.770000,8.316648,96500
2015-03-19,13.770000,13.800000,13.650000,13.700000,8.274364,109500
2015-03-20,13.760000,13.840000,13.720000,13.820000,8.346848,69700
2015-03-23,13.830000,13.840000,13.760000,13.830000,8.352884,93200
2015-03-24,13.810000,13.940000,13.780000,13.910000,8.401202,139400
2015-03-25,13.870000,13.870000,13.820000,13.860000,8.371001,47000
2015-03-26,13.800000,13.900000,13.790000,13.830000,8.352884,93500
2015-03-27,13.840000,13.880000,13.800000,13.830000,8.352884,115700
2015-03-30,13.830000,13.860000,13.750000,13.770000,8.316648,156200
2015-03-31,13.770000,13.880000,13.770000,13.840000,8.358923,112600
2015-04-01,13.780000,13.900000,13.780000,13.840000,8.358923,78700
2015-04-02,13.840000,13.890000,13.830000,13.840000,8.358923,83400
2015-04-06,13.900000,13.910000,13.860000,13.880000,8.383087,116500
2015-04-07,13.870000,13.910000,13.850000,13.890000,8.389126,80600
2015-04-08,13.890000,13.960000,13.880000,13.960000,8.431397,75400
2015-04-09,13.910000,13.950000,13.900000,13.910000,8.401202,106700
2015-04-10,13.910000,13.940000,13.880000,13.880000,8.383087,83100
2015-04-13,13.830000,13.860000,13.760000,13.770000,8.362433,199600
2015-04-14,13.820000,13.850000,13.810000,13.850000,8.411018,48200
2015-04-15,13.850000,13.880000,13.830000,13.860000,8.417093,98100
2015-04-16,13.850000,13.890000,13.840000,13.890000,8.435313,94800
2015-04-17,13.870000,13.880000,13.840000,13.880000,8.429236,57500
2015-04-20,13.890000,13.940000,13.870000,13.900000,8.441386,82400
2015-04-21,13.900000,13.930000,13.850000,13.900000,8.441386,75900
2015-04-22,13.910000,13.910000,13.790000,13.810000,8.386730,111500
2015-04-23,13.810000,13.840000,13.800000,13.810000,8.386730,81900
2015-04-24,13.810000,13.830000,13.780000,13.810000,8.386730,85200
2015-04-27,13.810000,13.830000,13.800000,13.800000,8.380653,64200
2015-04-28,13.820000,13.870000,13.810000,13.870000,8.423161,59900
2015-04-29,13.790000,13.870000,13.790000,13.830000,8.398873,86600
2015-04-30,13.850000,13.850000,13.790000,13.800000,8.380653,106800
2015-05-01,13.800000,13.840000,13.720000,13.740000,8.344214,150200
2015-05-04,13.770000,13.800000,13.730000,13.750000,8.350288,90000
2015-05-05,13.790000,13.830000,13.720000,13.810000,8.386730,190300
2015-05-06,13.750000,13.810000,13.570000,13.580000,8.247047,241500
2015-05-07,13.570000,13.620000,13.520000,13.560000,8.234902,152200
2015-05-08,13.610000,13.710000,13.570000,13.680000,8.307777,78900
2015-05-11,13.680000,13.690000,13.590000,13.620000,8.271342,251200
2015-05-12,13.520000,13.610000,13.480000,13.590000,8.253122,150800
2015-05-13,13.580000,13.580000,13.420000,13.490000,8.238462,121300
2015-05-14,13.480000,13.550000,13.450000,13.510000,8.250677,96000
2015-05-15,13.520000,13.670000,13.520000,13.650000,8.336178,77000
2015-05-18,13.610000,13.660000,13.520000,13.590000,8.299538,105700
2015-05-19,13.570000,13.570000,13.360000,13.420000,8.195716,473000
2015-05-20,13.420000,13.450000,13.380000,13.380000,8.171283,66700
2015-05-21,13.430000,13.470000,13.430000,13.460000,8.220142,60700
2015-05-22,13.460000,13.460000,13.330000,13.340000,8.146862,118100
2015-05-26,13.370000,13.400000,13.300000,13.400000,8.183499,104400
2015-05-27,13.400000,13.440000,13.370000,13.390000,8.177396,56800
2015-05-28,13.360000,13.420000,13.300000,13.350000,8.152966,89000
2015-05-29,13.330000,13.470000,13.330000,13.440000,8.207933,65100
2015-06-01,13.450000,13.480000,13.430000,13.450000,8.214032,76900
2015-06-02,13.430000,13.450000,13.410000,13.440000,8.207933,72200
2015-06-03,13.410000,13.410000,13.320000,13.320000,8.134643,71200
2015-06-04,13.350000,13.350000,13.230000,13.270000,8.104108,107600
2015-06-05,13.230000,13.230000,13.010000,13.080000,7.988075,191900
2015-06-08,13.070000,13.090000,12.870000,12.990000,7.933107,325000
2015-06-09,12.980000,12.980000,12.910000,12.920000,7.890360,171400
2015-06-10,12.920000,13.000000,12.920000,12.950000,7.908681,192000
2015-06-11,12.900000,13.000000,12.890000,12.990000,7.979940,184600
2015-06-12,12.990000,13.110000,12.990000,13.090000,8.041375,147300
2015-06-15,13.090000,13.140000,13.070000,13.100000,8.047517,168500
2015-06-16,13.080000,13.140000,13.080000,13.090000,8.041375,92400
2015-06-17,13.090000,13.120000,13.080000,13.120000,8.059803,77000
2015-06-18,13.080000,13.160000,13.080000,13.130000,8.065948,83000
2015-06-19,13.170000,13.230000,13.140000,13.200000,8.108947,133400
2015-06-22,13.190000,13.250000,13.180000,13.210000,8.115093,146000
2015-06-23,13.180000,13.250000,13.150000,13.240000,8.133520,114100
2015-06-24,13.270000,13.270000,13.210000,13.240000,8.133520,63100
2015-06-25,13.250000,13.280000,13.210000,13.270000,8.151951,144600
2015-06-26,13.250000,13.250000,13.150000,13.160000,8.084373,126500
2015-06-29,13.160000,13.160000,13.000000,13.000000,7.986086,118500
2015-06-30,13.010000,13.120000,13.000000,13.060000,8.022944,154900
2015-07-01,13.080000,13.140000,13.060000,13.060000,8.022944,132100
2015-07-02,13.070000,13.140000,13.060000,13.060000,8.022944,89400
2015-07-06,13.090000,13.150000,13.090000,13.130000,8.065948,121200
2015-07-07,13.190000,13.300000,13.190000,13.290000,8.164240,120000
2015-07-08,13.280000,13.350000,13.240000,13.350000,8.201098,95200
2015-07-09,13.300000,13.330000,13.250000,13.260000,8.145808,129500
2015-07-10,13.220000,13.350000,13.210000,13.350000,8.201098,127400
2015-07-13,13.230000,13.300000,13.200000,13.200000,8.155375,124300
2015-07-14,13.200000,13.280000,13.170000,13.280000,8.204799,76600
2015-07-15,13.240000,13.280000,13.210000,13.250000,8.186267,54300
2015-07-16,13.230000,13.290000,13.220000,13.290000,8.210981,101400
2015-07-17,13.270000,13.320000,13.240000,13.320000,8.229517,33900
2015-07-20,13.310000,13.320000,13.270000,13.310000,8.223337,49600
2015-07-21,13.260000,13.300000,13.250000,13.250000,8.186267,103300
2015-07-22,13.250000,13.300000,13.200000,13.230000,8.173911,140500
2015-07-23,13.230000,13.260000,13.200000,13.240000,8.180089,100600
2015-07-24,13.200000,13.240000,13.180000,13.200000,8.155375,230500
2015-07-27,13.200000,13.330000,13.190000,13.290000,8.210981,75900
2015-07-28,13.290000,13.350000,13.280000,13.290000,8.210981,56300
2015-07-29,13.290000,13.400000,13.290000,13.380000,8.266584,81400
2015-07-30,13.350000,13.400000,13.340000,13.380000,8.266584,57800
2015-07-31,13.380000,13.410000,13.350000,13.350000,8.248053,63300
2015-08-03,13.390000,13.410000,13.320000,13.380000,8.266584,135800
2015-08-04,13.350000,13.410000,13.320000,13.320000,8.229517,92100
2015-08-05,13.320000,13.360000,13.250000,13.250000,8.186267,117100
2015-08-06,13.250000,13.380000,13.240000,13.340000,8.241873,120900
2015-08-07,13.380000,13.410000,13.350000,13.350000,8.248053,89400
2015-08-10,13.360000,13.380000,13.310000,13.380000,8.266584,101800
2015-08-11,13.380000,13.550000,13.360000,13.550000,8.371615,95700
2015-08-12,13.560000,13.560000,13.470000,13.470000,8.369132,116300
2015-08-13,13.470000,13.500000,13.430000,13.470000,8.369132,52500
2015-08-14,13.440000,13.480000,13.360000,13.400000,8.325638,59800
2015-08-17,13.400000,13.450000,13.320000,13.390000,8.319429,85200
2015-08-18,13.340000,13.460000,13.330000,13.410000,8.331852,47700
2015-08-19,13.390000,13.430000,13.360000,13.420000,8.338066,40200
2015-08-20,13.460000,13.470000,13.400000,13.420000,8.338066,56900
2015-08-21,13.380000,13.480000,13.380000,13.480000,8.375347,77600
2015-08-24,13.280000,13.400000,13.250000,13.280000,8.251081,117700
2015-08-25,13.320000,13.380000,13.240000,13.280000,8.251081,127500
2015-08-26,13.280000,13.310000,13.240000,13.290000,8.257298,112000
2015-08-27,13.330000,13.380000,13.300000,13.300000,8.263508,75600
2015-08-28,13.310000,13.350000,13.280000,13.320000,8.275932,55400
2015-08-31,13.360000,13.460000,13.290000,13.360000,8.300789,73900
2015-09-01,13.440000,13.500000,13.390000,13.440000,8.350494,84800
2015-09-02,13.480000,13.500000,13.430000,13.460000,8.362919,86800
2015-09-03,13.440000,13.500000,13.440000,13.500000,8.387771,70100
2015-09-04,13.500000,13.600000,13.500000,13.600000,8.449903,83000
2015-09-08,13.600000,13.600000,13.510000,13.520000,8.400205,113300
2015-09-09,13.500000,13.550000,13.430000,13.500000,8.387771,158900
2015-09-10,13.500000,13.560000,13.460000,13.540000,8.412622,110900
2015-09-11,13.480000,13.540000,13.450000,13.500000,8.435120,89100
2015-09-14,13.480000,13.530000,13.430000,13.440000,8.397629,53200
2015-09-15,13.420000,13.420000,13.320000,13.340000,8.335150,105700
2015-09-16,13.360000,13.360000,13.250000,13.310000,8.316404,93100
2015-09-17,13.260000,13.450000,13.230000,13.390000,8.366390,75400
2015-09-18,13.360000,13.470000,13.330000,13.400000,8.372634,105900
2015-09-21,13.400000,13.510000,13.350000,13.460000,8.410123,64400
2015-09-22,13.460000,13.550000,13.460000,13.550000,8.466355,93400
2015-09-23,13.530000,13.530000,13.500000,13.520000,8.447620,20900
2015-09-24,13.520000,13.540000,13.450000,13.450000,8.403878,53500
2015-09-25,13.470000,13.500000,13.370000,13.370000,8.353893,51000
2015-09-28,13.370000,13.430000,13.310000,13.350000,8.341393,121300
2015-09-29,13.380000,13.440000,13.360000,13.410000,8.378881,107000
2015-09-30,13.400000,13.470000,13.270000,13.290000,8.303908,182400
2015-10-01,13.350000,13.430000,13.310000,13.400000,8.372634,64700
2015-10-02,13.410000,13.450000,13.400000,13.420000,8.385135,142900
2015-10-05,13.450000,13.460000,13.400000,13.440000,8.397629,151700
2015-10-06,13.410000,13.470000,13.400000,13.450000,8.403878,55300
2015-10-07,13.450000,13.520000,13.450000,13.510000,8.441364,77100
2015-10-08,13.540000,13.640000,13.500000,13.640000,8.522597,100100
2015-10-09,13.640000,13.700000,13.580000,13.700000,8.560082,76300
2015-10-12,13.670000,13.700000,13.550000,13.550000,8.466355,187600
2015-10-13,13.510000,13.530000,13.440000,13.490000,8.476414,77800
2015-10-14,13.500000,13.600000,13.460000,13.600000,8.545529,108100
2015-10-15,13.560000,13.590000,13.530000,13.530000,8.501544,87800
2015-10-16,13.530000,13.590000,13.490000,13.540000,8.507832,87400
2015-10-19,13.540000,13.580000,13.500000,13.500000,8.482697,84500
2015-10-20,13.500000,13.530000,13.500000,13.510000,8.488984,106100
2015-10-21,13.510000,13.590000,13.510000,13.520000,8.495262,97900
2015-10-22,13.560000,13.710000,13.540000,13.660000,8.583231,67800
2015-10-23,13.620000,13.670000,13.620000,13.660000,8.583231,67500
2015-10-26,13.700000,13.750000,13.660000,13.660000,8.583231,119600
2015-10-27,13.650000,13.670000,13.590000,13.600000,8.545529,85000
2015-10-28,13.630000,13.700000,13.610000,13.610000,8.551813,87300
2015-10-29,13.610000,13.710000,13.610000,13.670000,8.589520,37000
2015-10-30,13.700000,13.780000,13.630000,13.760000,8.646065,77100
2015-11-02,13.760000,13.810000,13.700000,13.800000,8.671201,108200
2015-11-03,13.760000,13.810000,13.760000,13.790000,8.664915,94500
2015-11-04,13.780000,13.810000,13.750000,13.750000,8.639786,77600
2015-11-05,13.750000,13.820000,13.730000,13.740000,8.633501,67400
2015-11-06,13.700000,13.700000,13.610000,13.670000,8.589520,120300
2015-11-09,13.600000,13.600000,13.450000,13.530000,8.501544,184700
2015-11-10,13.490000,13.490000,13.340000,13.390000,8.461106,174100
2015-11-11,13.360000,13.420000,13.330000,13.350000,8.435831,133200
2015-11-12,13.330000,13.540000,13.330000,13.470000,8.511656,59300
2015-11-13,13.470000,13.660000,13.470000,13.580000,8.581162,112600
2015-11-16,13.570000,13.600000,13.480000,13.600000,8.593803,100700
2015-11-17,13.590000,13.620000,13.510000,13.510000,8.536935,96300
2015-11-18,13.530000,13.570000,13.450000,13.470000,8.511656,119300
2015-11-19,13.520000,13.620000,13.450000,13.620000,8.606442,148400
2015-11-20,13.620000,13.640000,13.530000,13.580000,8.581162,62800
2015-11-23,13.600000,13.620000,13.510000,13.560000,8.568525,88600
2015-11-24,13.530000,13.570000,13.510000,13.540000,8.555892,85400
2015-11-25,13.580000,13.640000,13.570000,13.620000,8.606442,76700
2015-11-27,13.670000,13.730000,13.620000,13.710000,8.663316,38400
2015-11-30,13.700000,13.700000,13.600000,13.650000,8.625401,85100
2015-12-01,13.680000,13.740000,13.650000,13.700000,8.656993,90500
2015-12-02,13.730000,13.740000,13.590000,13.650000,8.625401,140600
2015-12-03,13.630000,13.650000,13.550000,13.550000,8.562207,182800
2015-12-04,13.560000,13.670000,13.560000,13.610000,8.600123,79900
2015-12-07,13.670000,13.690000,13.560000,13.650000,8.625401,153200
2015-12-08,13.690000,13.800000,13.610000,13.800000,8.720183,219600
2015-12-09,13.820000,13.820000,13.730000,13.770000,8.701230,63800
2015-12-10,13.820000,13.850000,13.750000,13.850000,8.751778,169800
2015-12-11,13.790000,13.800000,13.590000,13.620000,8.659586,178500
2015-12-14,13.650000,13.650000,13.450000,13.450000,8.551502,160000
2015-12-15,13.450000,13.520000,13.440000,13.450000,8.551502,199900
2015-12-16,13.510000,13.540000,13.450000,13.480000,8.570576,136900
2015-12-17,13.490000,13.630000,13.490000,13.600000,8.646872,114200
2015-12-18,13.610000,13.700000,13.570000,13.660000,8.685019,209300
2015-12-21,13.700000,13.730000,13.610000,13.690000,8.704093,107300
2015-12-22,13.720000,13.740000,13.660000,13.720000,8.723161,86800
2015-12-23,13.750000,13.770000,13.700000,13.750000,8.742242,116300
2015-12-24,13.780000,13.780000,13.720000,13.780000,8.761311,50300
2015-12-28,13.760000,13.790000,13.760000,13.760000,8.748599,93000
2015-12-29,13.730000,13.830000,13.730000,13.750000,8.742242,113700
2015-12-30,13.740000,13.830000,13.740000,13.780000,8.761311,167600
2015-12-31,13.830000,13.890000,13.800000,13.820000,8.786750,96900
2016-01-04,13.820000,13.890000,13.810000,13.840000,8.799465,193500
2016-01-05,13.830000,13.960000,13.830000,13.900000,8.837614,173200
2016-01-06,13.970000,13.990000,13.910000,13.960000,8.875756,217500
2016-01-07,13.930000,13.980000,13.930000,13.940000,8.863047,120000
2016-01-08,13.930000,13.960000,13.850000,13.880000,8.824894,217100
2016-01-11,13.840000,13.960000,13.840000,13.890000,8.831255,209200
2016-01-12,13.940000,13.950000,13.880000,13.940000,8.863047,144800
2016-01-13,13.920000,13.920000,13.800000,13.820000,8.834918,191700
2016-01-14,13.810000,13.880000,13.770000,13.840000,8.847702,137700
2016-01-15,13.850000,13.890000,13.810000,13.850000,8.854093,58200
2016-01-19,13.920000,13.940000,13.750000,13.750000,8.790167,165800
2016-01-20,13.850000,13.850000,13.620000,13.690000,8.751808,165700
2016-01-21,13.690000,13.750000,13.640000,13.710000,8.764595,117600
2016-01-22,13.740000,13.850000,13.670000,13.850000,8.854093,80500
2016-01-25,13.840000,13.850000,13.780000,13.780000,8.809340,99800
2016-01-26,13.770000,13.850000,13.750000,13.850000,8.854093,150600
2016-01-27,13.910000,13.910000,13.800000,13.820000,8.834918,105400
2016-01-28,13.800000,13.860000,13.800000,13.850000,8.854093,68400
2016-01-29,13.870000,13.960000,13.840000,13.870000,8.866877,177100
2016-02-01,13.870000,14.010000,13.870000,13.980000,8.937202,277100
2016-02-02,13.960000,14.010000,13.930000,13.950000,8.918024,190100
2016-02-03,13.920000,13.990000,13.910000,13.910000,8.892453,132500
2016-02-04,13.950000,13.990000,13.930000,13.970000,8.930808,118300
2016-02-05,14.000000,14.000000,13.910000,13.980000,8.937202,118900
2016-02-08,14.030000,14.030000,13.920000,13.970000,8.930808,214300
2016-02-09,13.980000,13.980000,13.940000,13.960000,8.924411,163900
2016-02-10,13.910000,13.960000,13.890000,13.930000,8.953986,157200
2016-02-11,13.940000,13.990000,13.880000,13.880000,8.921843,284100
2016-02-12,13.880000,13.970000,13.840000,13.860000,8.908992,165100
2016-02-16,13.820000,13.850000,13.760000,13.760000,8.844707,148200
2016-02-17,13.810000,13.910000,13.760000,13.790000,8.863991,189300
2016-02-18,13.860000,13.880000,13.820000,13.840000,8.896132,110600
2016-02-19,13.880000,13.880000,13.810000,13.810000,8.876848,100700
2016-02-22,13.840000,13.870000,13.810000,13.830000,8.889698,80400
2016-02-23,13.850000,13.920000,13.840000,13.890000,8.928275,103000
2016-02-24,13.940000,13.950000,13.890000,13.900000,8.934703,99300
2016-02-25,13.910000,13.970000,13.890000,13.900000,8.934703,219400
2016-02-26,13.930000,13.950000,13.870000,13.870000,8.915417,135900
2016-02-29,13.920000,13.950000,13.890000,13.900000,8.934703,129600
2016-03-01,13.930000,13.970000,13.890000,13.900000,8.934703,220900
2016-03-02,13.910000,13.920000,13.810000,13.850000,8.902558,393000
2016-03-03,13.860000,13.920000,13.860000,13.920000,8.947555,139900
2016-03-04,13.920000,13.930000,13.870000,13.880000,8.921843,183000
2016-03-07,13.900000,13.940000,13.870000,13.920000,8.947555,203900
2016-03-08,13.920000,13.940000,13.880000,13.940000,8.960411,149700
2016-03-09,13.940000,13.960000,13.900000,13.940000,8.960411,195800
2016-03-10,13.970000,13.980000,13.940000,13.970000,8.979695,151600
2016-03-11,13.890000,13.930000,13.870000,13.870000,8.964181,153500
2016-03-14,13.880000,13.890000,13.860000,13.880000,8.970645,152500
2016-03-15,13.880000,13.890000,13.870000,13.870000,8.964181,143800
2016-03-16,13.900000,13.950000,13.870000,13.950000,9.015886,93600
2016-03-17,13.970000,13.990000,13.940000,13.950000,9.015886,149200
2016-03-18,13.950000,13.980000,13.940000,13.940000,9.009426,84400
2016-03-21,13.970000,13.990000,13.960000,13.990000,9.041738,92900
2016-03-22,14.000000,14.020000,14.000000,14.020000,9.061126,206400
2016-03-23,14.040000,14.060000,14.010000,14.030000,9.067594,137800
2016-03-24,14.070000,14.090000,13.970000,13.970000,9.028812,242900
2016-03-28,14.060000,14.060000,13.980000,14.000000,9.048203,110800
2016-03-29,13.970000,14.030000,13.960000,13.970000,9.028812,391400
2016-03-30,13.950000,14.020000,13.950000,13.960000,9.022346,288600
2016-03-31,14.020000,14.030000,13.970000,13.980000,9.035275,512900
2016-04-01,14.040000,14.050000,14.000000,14.050000,9.080520,161200
2016-04-04,14.050000,14.060000,14.020000,14.050000,9.080520,357000
2016-04-05,14.060000,14.080000,14.040000,14.070000,9.093444,358100
2016-04-06,14.100000,14.150000,14.060000,14.070000,9.093444,338600
2016-04-07,14.060000,14.100000,14.050000,14.060000,9.086978,199500
2016-04-08,14.150000,14.150000,14.080000,14.110000,9.119295,165000
2016-04-11,14.120000,14.160000,14.080000,14.080000,9.099907,209700
2016-04-12,14.140000,14.180000,14.100000,14.180000,9.164536,211300
2016-04-13,14.130000,14.150000,14.060000,14.140000,9.187926,176000
2016-04-14,14.090000,14.160000,14.090000,14.130000,9.181426,237500
2016-04-15,14.130000,14.140000,14.080000,14.100000,9.161938,217300
2016-04-18,14.140000,14.180000,14.110000,14.180000,9.213919,200800
2016-04-19,14.190000,14.190000,14.140000,14.140000,9.187926,285900
2016-04-20,14.190000,14.260000,14.140000,14.170000,9.207418,394600
2016-04-21,14.210000,14.220000,14.130000,14.170000,9.207418,270300
2016-04-22,14.190000,14.210000,14.160000,14.180000,9.213919,169300
2016-04-25,14.180000,14.190000,14.120000,14.130000,9.181426,186300
2016-04-26,14.170000,14.170000,14.120000,14.140000,9.187926,266200
2016-04-27,14.170000,14.180000,14.120000,14.140000,9.187926,298800
2016-04-28,14.170000,14.170000,14.120000,14.130000,9.181426,225100
2016-04-29,14.170000,14.170000,14.120000,14.140000,9.187926,189600
2016-05-02,14.140000,14.160000,14.100000,14.100000,9.161938,357100
2016-05-03,14.100000,14.140000,14.090000,14.120000,9.174933,395000
2016-05-04,14.120000,14.120000,14.090000,14.120000,9.174933,222100
2016-05-05,14.100000,14.170000,14.100000,14.160000,9.200925,412100
2016-05-06,14.160000,14.170000,14.130000,14.170000,9.207418,235800
2016-05-09,14.170000,14.190000,14.140000,14.190000,9.220415,192100
2016-05-10,14.180000,14.200000,14.150000,14.150000,9.194420,206600
2016-05-11,14.140000,14.180000,14.090000,14.180000,9.263674,265800
2016-05-12,14.190000,14.190000,14.120000,14.120000,9.224482,256000
2016-05-13,14.180000,14.180000,14.140000,14.150000,9.244072,260900
2016-05-16,14.180000,14.180000,14.130000,14.140000,9.237546,221900
2016-05-17,14.170000,14.170000,14.120000,14.140000,9.237546,296600
2016-05-18,14.160000,14.160000,14.090000,14.090000,9.204876,211700
2016-05-19,14.080000,14.130000,13.950000,14.050000,9.178750,576100
2016-05-20,14.090000,14.100000,14.020000,14.040000,9.172212,178200
2016-05-23,14.090000,14.150000,14.070000,14.090000,9.204876,236500
2016-05-24,14.050000,14.120000,14.050000,14.100000,9.211411,178300
2016-05-25,14.120000,14.150000,14.050000,14.090000,9.204876,419600
2016-05-26,14.130000,14.160000,14.090000,14.130000,9.231006,231100
2016-05-27,14.130000,14.130000,14.060000,14.060000,9.185280,189600
2016-05-31,14.060000,14.090000,14.030000,14.060000,9.185280,223000
2016-06-01,14.100000,14.130000,14.070000,14.120000,9.224482,228600
2016-06-02,14.110000,14.150000,14.080000,14.150000,9.244072,152400
2016-06-03,14.180000,14.340000,14.180000,14.220000,9.289805,346600
2016-06-06,14.300000,14.310000,14.210000,14.230000,9.296340,227500
2016-06-07,14.230000,14.300000,14.230000,14.260000,9.315937,124100
2016-06-08,14.260000,14.380000,14.250000,14.380000,9.394334,164900
2016-06-09,14.440000,14.450000,14.310000,14.360000,9.381264,169700
2016-06-10,14.400000,14.500000,14.360000,14.500000,9.472729,161200
2016-06-13,14.470000,14.470000,14.350000,14.430000,9.476672,122900
2016-06-14,14.450000,14.490000,14.380000,14.380000,9.443831,117400
2016-06-15,14.470000,14.490000,14.390000,14.400000,9.456966,139900
2016-06-16,14.470000,14.620000,14.440000,14.570000,9.568613,169900
2016-06-17,14.600000,14.630000,14.540000,14.550000,9.555472,167500
2016-06-20,14.560000,14.620000,14.500000,14.550000,9.555472,128800
2016-06-21,14.590000,14.670000,14.510000,14.670000,9.634279,225600
2016-06-22,14.680000,14.770000,14.650000,14.720000,9.667122,185900
2016-06-23,14.700000,14.750000,14.680000,14.750000,9.686821,129300
2016-06-24,14.880000,14.900000,14.740000,14.900000,9.785331,252700
2016-06-27,14.900000,14.950000,14.790000,14.800000,9.719659,158300
2016-06-28,14.890000,14.900000,14.800000,14.850000,9.752498,112700
2016-06-29,14.800000,14.950000,14.800000,14.910000,9.791901,233200
2016-06-30,14.910000,14.940000,14.860000,14.870000,9.765633,176100
2016-07-01,14.940000,14.980000,14.920000,14.940000,9.811599,290100
2016-07-05,15.050000,15.090000,15.000000,15.050000,9.883844,226900
2016-07-06,15.070000,15.120000,15.030000,15.060000,9.890409,178100
2016-07-07,15.110000,15.310000,15.100000,15.310000,10.054594,279100
2016-07-08,15.340000,15.340000,15.210000,15.330000,10.067729,156300
2016-07-11,15.380000,15.420000,15.130000,15.210000,9.988920,400600
2016-07-12,15.280000,15.280000,14.940000,14.960000,9.824736,663000
2016-07-13,14.890000,14.940000,14.670000,14.680000,9.690080,525800
2016-07-14,14.640000,14.710000,14.260000,14.360000,9.478852,906100
2016-07-15,14.360000,14.770000,14.310000,14.770000,9.749489,255900
2016-07-18,14.840000,14.900000,14.730000,14.870000,9.815499,164800
2016-07-19,14.870000,14.900000,14.730000,14.790000,9.762687,149900
2016-07-20,14.800000,14.850000,14.790000,14.850000,9.802296,108100
2016-07-21,14.850000,14.900000,14.830000,14.900000,9.835297,152000
2016-07-22,14.900000,14.990000,14.820000,14.930000,9.855101,91800
2016-07-25,14.980000,15.020000,14.940000,14.970000,9.881505,91100
2016-07-26,14.980000,15.000000,14.830000,14.910000,9.841900,125800
2016-07-27,14.950000,15.020000,14.910000,14.990000,9.894708,127700
2016-07-28,15.000000,15.030000,14.840000,14.910000,9.841900,160900
2016-07-29,14.940000,14.990000,14.910000,14.930000,9.855101,142700
2016-08-01,14.970000,15.030000,14.930000,15.000000,9.901306,160500
2016-08-02,14.960000,14.990000,14.900000,14.960000,9.874902,119800
2016-08-03,14.960000,15.130000,14.940000,15.130000,9.987122,172100
2016-08-04,15.110000,15.160000,15.050000,15.100000,9.967314,110700
2016-08-05,15.130000,15.130000,15.060000,15.060000,9.940912,72200
2016-08-08,15.110000,15.120000,15.060000,15.120000,9.980519,111800
2016-08-09,15.080000,15.150000,15.020000,15.090000,9.960716,151800
2016-08-10,15.130000,15.150000,15.100000,15.150000,10.000323,92500
2016-08-11,15.020000,15.170000,15.020000,15.040000,9.977763,139500
2016-08-12,15.070000,15.140000,15.070000,15.140000,10.044107,100400
2016-08-15,15.110000,15.110000,15.050000,15.060000,9.991029,122700
2016-08-16,15.090000,15.100000,15.020000,15.080000,10.004300,107500
2016-08-17,15.090000,15.120000,15.030000,15.080000,10.004300,128800
2016-08-18,15.080000,15.190000,15.080000,15.140000,10.044107,97300
2016-08-19,15.140000,15.190000,15.100000,15.140000,10.044107,109100
2016-08-22,15.140000,15.190000,15.130000,15.170000,10.064009,75700
2016-08-23,15.170000,15.180000,15.140000,15.160000,10.057371,58400
2016-08-24,15.160000,15.240000,15.150000,15.160000,10.057371,98300
2016-08-25,15.230000,15.230000,15.100000,15.100000,10.017568,120100
2016-08-26,15.090000,15.130000,15.000000,15.000000,9.951228,183600
2016-08-29,15.010000,15.070000,15.000000,15.040000,9.977763,89200
2016-08-30,15.040000,15.090000,15.020000,15.020000,9.964495,102700
2016-08-31,15.060000,15.120000,15.030000,15.120000,10.030838,151900
2016-09-01,15.070000,15.140000,15.050000,15.070000,9.997663,131100
2016-09-02,15.030000,15.090000,15.020000,15.040000,9.977763,131400
2016-09-06,15.050000,15.100000,14.960000,14.970000,9.931324,231900
2016-09-07,14.980000,14.990000,14.820000,14.820000,9.831814,197200
2016-09-08,14.860000,14.860000,14.760000,14.800000,9.818544,193100
2016-09-09,14.760000,14.760000,14.510000,14.530000,9.639419,337700
2016-09-12,14.500000,14.550000,14.400000,14.530000,9.639419,275400
2016-09-13,14.380000,14.490000,14.260000,14.290000,9.526098,227800
2016-09-14,14.310000,14.480000,14.250000,14.440000,9.626094,189700
2016-09-15,14.380000,14.520000,14.360000,14.410000,9.606090,123700
2016-09-16,14.400000,14.440000,14.250000,14.320000,9.546090,228800
2016-09-19,14.350000,14.390000,14.320000,14.370000,9.579422,63900
2016-09-20,14.400000,14.420000,14.360000,14.390000,9.592760,105300
2016-09-21,14.400000,14.460000,14.330000,14.460000,9.639420,70300
2016-09-22,14.540000,14.610000,14.520000,14.560000,9.706084,140200
2016-09-23,14.560000,14.600000,14.480000,14.530000,9.686085,132500
2016-09-26,14.600000,14.620000,14.520000,14.570000,9.712753,139500
2016-09-27,14.590000,14.620000,14.540000,14.550000,9.699417,121600
2016-09-28,14.590000,14.670000,14.590000,14.670000,9.779408,109500
2016-09-29,14.620000,14.620000,14.450000,14.460000,9.639420,176600
2016-09-30,14.530000,14.570000,14.480000,14.510000,9.672757,144500
2016-10-03,14.540000,14.610000,14.440000,14.470000,9.646090,213100
2016-10-04,14.480000,14.480000,14.310000,14.320000,9.546090,183200
2016-10-05,14.320000,14.330000,14.200000,14.210000,9.472764,201400
2016-10-06,14.200000,14.220000,14.060000,14.130000,9.419440,167100
2016-10-07,14.140000,14.180000,14.010000,14.040000,9.359439,188400
2016-10-10,14.040000,14.120000,14.020000,14.050000,9.366103,205800
2016-10-11,14.050000,14.100000,14.020000,14.020000,9.346109,120100
2016-10-12,13.950000,13.960000,13.680000,13.790000,9.238914,623600
2016-10-13,13.770000,13.770000,13.460000,13.540000,9.071418,528100
2016-10-14,13.500000,13.610000,13.360000,13.410000,8.984323,427100
2016-10-17,13.380000,13.440000,13.190000,13.240000,8.870428,414800
2016-10-18,13.310000,13.410000,13.210000,13.330000,8.930725,468100
2016-10-19,13.400000,13.570000,13.380000,13.570000,9.091516,265400
2016-10-20,13.670000,13.710000,13.560000,13.640000,9.138414,201300
2016-10-21,13.700000,13.720000,13.650000,13.710000,9.185313,122200
2016-10-24,13.700000,13.740000,13.680000,13.730000,9.198716,138200
2016-10-25,13.780000,13.780000,13.680000,13.720000,9.192016,209600
2016-10-26,13.700000,13.710000,13.610000,13.640000,9.138414,183300
2016-10-27,13.590000,13.630000,13.460000,13.500000,9.044620,150200
2016-10-28,13.400000,13.480000,13.280000,13.350000,8.944121,337300
2016-10-31,13.340000,13.370000,13.300000,13.320000,8.924022,246500
2016-11-01,13.290000,13.440000,13.210000,13.400000,8.977618,226900
2016-11-02,13.440000,13.490000,13.390000,13.460000,9.017817,156200
2016-11-03,13.450000,13.480000,13.440000,13.480000,9.031221,145900
2016-11-04,13.470000,13.500000,13.460000,13.460000,9.017817,99600
2016-11-07,13.460000,13.530000,13.450000,13.450000,9.011126,130900
2016-11-08,13.480000,13.540000,13.480000,13.530000,9.064714,113400
2016-11-09,13.450000,13.580000,13.350000,13.490000,9.037919,497900
2016-11-10,13.400000,13.410000,13.150000,13.230000,8.909961,604200
2016-11-11,13.200000,13.220000,13.060000,13.120000,8.835880,345200
2016-11-14,13.100000,13.140000,12.820000,12.930000,8.707919,633100
2016-11-15,12.970000,13.150000,12.900000,13.060000,8.795475,479500
2016-11-16,13.120000,13.170000,13.040000,13.050000,8.788735,168100
2016-11-17,13.010000,13.090000,12.950000,12.960000,8.728127,289900
2016-11-18,12.920000,13.010000,12.840000,12.870000,8.667515,216800
2016-11-21,12.870000,13.040000,12.860000,13.000000,8.755065,223600
2016-11-22,13.060000,13.130000,13.010000,13.100000,8.822409,227900
2016-11-23,12.890000,12.970000,12.850000,12.940000,8.714652,257600
2016-11-25,12.910000,12.940000,12.860000,12.870000,8.667515,155200
2016-11-28,12.950000,13.000000,12.890000,12.930000,8.707919,218200
2016-11-29,12.960000,12.960000,12.900000,12.960000,8.728127,79400
2016-11-30,12.860000,12.880000,12.760000,12.810000,8.627106,320600
2016-12-01,12.770000,12.800000,12.700000,12.700000,8.553023,206500
2016-12-02,12.700000,12.860000,12.650000,12.790000,8.613634,319900
2016-12-05,12.820000,12.820000,12.710000,12.780000,8.606899,262800
2016-12-06,12.770000,12.820000,12.740000,12.810000,8.627106,223500
2016-12-07,12.840000,12.970000,12.840000,12.910000,8.694453,388900
2016-12-08,12.900000,13.000000,12.850000,12.940000,8.714652,315700
2016-12-09,12.900000,12.950000,12.790000,12.890000,8.680982,223600
2016-12-12,12.820000,12.850000,12.800000,12.850000,8.654041,223900
2016-12-13,12.800000,12.850000,12.720000,12.850000,8.703485,186100
2016-12-14,12.870000,12.920000,12.780000,12.820000,8.683167,225700
2016-12-15,12.780000,12.790000,12.690000,12.770000,8.649300,251600
2016-12-16,12.730000,12.790000,12.690000,12.740000,8.628983,223800
2016-12-19,12.730000,12.820000,12.700000,12.710000,8.608661,447400
2016-12-20,12.640000,12.710000,12.640000,12.700000,8.601891,323300
2016-12-21,12.660000,12.760000,12.660000,12.720000,8.615436,257400
2016-12-22,12.720000,12.790000,12.690000,12.780000,8.656074,316200
2016-12-23,12.800000,12.810000,12.740000,12.740000,8.628983,198300
2016-12-27,12.710000,12.750000,12.680000,12.700000,8.601891,429400
2016-12-28,12.700000,12.750000,12.670000,12.750000,8.635756,167300
2016-12-29,12.760000,12.810000,12.720000,12.740000,8.628983,360100
2016-12-30,12.750000,12.820000,12.750000,12.810000,8.676395,276900
2017-01-03,12.810000,12.870000,12.750000,12.860000,8.710258,234600
2017-01-04,12.870000,12.900000,12.830000,12.830000,8.689942,274300
2017-01-05,12.880000,12.960000,12.880000,12.950000,8.771220,172700
2017-01-06,12.930000,12.950000,12.870000,12.910000,8.744127,197700
2017-01-09,12.950000,13.110000,12.850000,12.950000,8.771220,419600
2017-01-10,12.970000,13.020000,12.950000,12.970000,8.784767,280600
2017-01-11,12.930000,13.030000,12.910000,12.990000,8.844686,171000
2017-01-12,13.050000,13.110000,13.040000,13.080000,8.905957,197000
2017-01-13,13.070000,13.090000,13.010000,13.080000,8.905957,144600
2017-01-17,13.120000,13.140000,13.030000,13.030000,8.871917,244900
2017-01-18,13.030000,13.120000,13.030000,13.100000,8.919580,140500
2017-01-19,13.080000,13.110000,13.030000,13.090000,8.912771,122400
2017-01-20,13.080000,13.080000,12.990000,13.040000,8.878723,211400
2017-01-23,13.040000,13.110000,13.040000,13.050000,8.885536,171400
2017-01-24,13.070000,13.090000,13.000000,13.010000,8.858298,140900
2017-01-25,13.000000,13.020000,12.970000,12.990000,8.844686,195800
2017-01-26,13.000000,13.100000,13.000000,13.100000,8.919580,227000
2017-01-27,13.080000,13.110000,13.040000,13.060000,8.892347,169000
2017-01-30,13.040000,13.060000,13.020000,13.030000,8.871917,99800
2017-01-31,13.030000,13.070000,13.000000,13.030000,8.871917,233200
2017-02-01,13.010000,13.040000,13.000000,13.020000,8.865109,136600
2017-02-02,13.070000,13.070000,13.020000,13.030000,8.871917,177200
2017-02-03,13.040000,13.070000,13.030000,13.030000,8.871917,132600
2017-02-06,13.060000,13.070000,13.030000,13.030000,8.871917,229200
2017-02-07,13.060000,13.130000,13.050000,13.130000,8.940006,164300
2017-02-08,13.150000,13.170000,13.130000,13.160000,8.960432,132100
2017-02-09,13.150000,13.150000,13.100000,13.120000,8.933199,165300
2017-02-10,13.110000,13.130000,13.090000,13.110000,8.926391,93200
2017-02-13,13.080000,13.100000,13.050000,13.090000,8.959241,157200
2017-02-14,13.090000,13.100000,13.000000,13.000000,8.897644,162000
2017-02-15,12.990000,13.040000,12.980000,12.980000,8.883954,259700
2017-02-16,12.980000,13.000000,12.950000,12.950000,8.863420,241800
2017-02-17,12.970000,12.990000,12.920000,12.930000,8.849733,166700
2017-02-21,12.930000,13.040000,12.930000,13.020000,8.911332,164800
2017-02-22,12.990000,13.050000,12.990000,13.020000,8.911332,119400
2017-02-23,13.080000,13.110000,13.030000,13.090000,8.959241,126600
2017-02-24,13.130000,13.130000,13.080000,13.130000,8.986619,143400
2017-02-27,13.130000,13.130000,13.010000,13.020000,8.911332,152900
2017-02-28,13.060000,13.130000,13.020000,13.130000,8.986619,153300
2017-03-01,13.050000,13.120000,13.040000,13.100000,8.966085,106400
2017-03-02,13.050000,13.080000,13.020000,13.020000,8.911332,144200
2017-03-03,13.070000,13.090000,13.000000,13.090000,8.959241,132800
2017-03-06,13.040000,13.050000,12.980000,13.010000,8.904482,149900
2017-03-07,13.010000,13.060000,13.010000,13.060000,8.938711,89900
2017-03-08,13.040000,13.060000,13.010000,13.030000,8.918176,277700
2017-03-09,13.030000,13.030000,12.820000,12.900000,8.829199,258200
2017-03-10,12.870000,12.920000,12.820000,12.900000,8.829199,221400
2017-03-13,12.870000,12.870000,12.750000,12.800000,8.807183,169000
2017-03-14,12.800000,12.800000,12.720000,12.730000,8.759017,142200
2017-03-15,12.730000,12.930000,12.730000,12.880000,8.862225,135300
2017-03-16,12.900000,12.990000,12.840000,12.960000,8.917272,170700
2017-03-17,12.980000,12.980000,12.930000,12.940000,8.903505,65700
2017-03-20,12.970000,13.030000,12.940000,13.000000,8.944799,217400
2017-03-21,13.010000,13.050000,12.990000,13.010000,8.951670,141900
2017-03-22,13.030000,13.050000,13.000000,13.000000,8.944799,136500
2017-03-23,13.020000,13.030000,12.980000,13.010000,8.951670,96100
2017-03-24,13.010000,13.050000,12.970000,13.030000,8.965437,146400
2017-03-27,13.070000,13.100000,13.070000,13.100000,9.013597,94000
2017-03-28,13.110000,13.130000,13.100000,13.130000,9.034244,71000
2017-03-29,13.130000,13.170000,13.120000,13.130000,9.034244,128800
2017-03-30,13.160000,13.170000,13.130000,13.160000,9.054884,149800
2017-03-31,13.160000,13.180000,13.120000,13.150000,9.048004,104500
2017-04-03,13.160000,13.180000,13.100000,13.140000,9.041121,135300
2017-04-04,13.140000,13.180000,13.130000,13.170000,9.061765,182500
2017-04-05,13.170000,13.190000,13.140000,13.170000,9.061765,119300
2017-04-06,13.180000,13.200000,13.170000,13.180000,9.068646,102800
2017-04-07,13.240000,13.240000,13.190000,13.210000,9.089286,78200
2017-04-10,13.210000,13.250000,13.190000,13.230000,9.103051,200400
2017-04-11,13.170000,13.250000,13.170000,13.220000,9.143159,127700
2017-04-12,13.220000,13.240000,13.200000,13.200000,9.129328,219100
2017-04-13,13.220000,13.270000,13.220000,13.230000,9.150080,159300
2017-04-17,13.240000,13.250000,13.220000,13.230000,9.150080,110300
2017-04-18,13.240000,13.300000,13.240000,13.250000,9.163913,115300
2017-04-19,13.270000,13.300000,13.250000,13.280000,9.184658,112200
2017-04-20,13.280000,13.310000,13.270000,13.270000,9.177743,117100
2017-04-21,13.320000,13.330000,13.270000,13.280000,9.184658,86300
2017-04-24,13.270000,13.300000,13.250000,13.260000,9.170825,123500
2017-04-25,13.250000,13.270000,13.190000,13.210000,9.136246,182000
2017-04-26,13.200000,13.240000,13.200000,13.210000,9.136246,121900
2017-04-27,13.170000,13.240000,13.170000,13.210000,9.136246,147200
2017-04-28,13.210000,13.240000,13.210000,13.220000,9.143159,113800
2017-05-01,13.270000,13.290000,13.220000,13.230000,9.150080,197600
2017-05-02,13.230000,13.280000,13.200000,13.250000,9.163913,367200
2017-05-03,13.260000,13.280000,13.220000,13.280000,9.184658,496500
2017-05-04,13.270000,13.270000,13.210000,13.240000,9.156995,161000
2017-05-05,13.260000,13.290000,13.240000,13.270000,9.177743,121600
2017-05-08,13.260000,13.430000,13.240000,13.270000,9.177743,236900
2017-05-09,13.270000,13.310000,13.240000,13.260000,9.170825,129600
2017-05-10,13.330000,13.330000,13.240000,13.260000,9.170825,105500
2017-05-11,13.190000,13.260000,13.180000,13.250000,9.211149,246300
2017-05-12,13.270000,13.300000,13.240000,13.290000,9.238954,382500
2017-05-15,13.290000,13.320000,13.270000,13.300000,9.245906,167000
2017-05-16,13.290000,13.320000,13.270000,13.270000,9.225052,234900
2017-05-17,13.280000,13.360000,13.280000,13.340000,9.273710,395800
2017-05-18,13.340000,13.360000,13.300000,13.320000,9.259805,65600
2017-05-19,13.310000,13.360000,13.310000,13.360000,9.287614,72700
2017-05-22,13.320000,13.370000,13.320000,13.350000,9.280663,115100
2017-05-23,13.370000,13.420000,13.350000,13.360000,9.287614,123000
2017-05-24,13.410000,13.450000,13.370000,13.400000,9.315417,210000
2017-05-25,13.400000,13.430000,13.350000,13.360000,9.287614,164300
2017-05-26,13.430000,13.430000,13.360000,13.410000,9.322374,96100
2017-05-30,13.410000,13.450000,13.400000,13.430000,9.336280,133300
2017-05-31,13.490000,13.490000,13.420000,13.440000,9.343229,130900
2017-06-01,13.440000,13.480000,13.430000,13.460000,9.357133,265700
2017-06-02,13.500000,13.500000,13.460000,13.470000,9.364086,133000
2017-06-05,13.470000,13.490000,13.420000,13.490000,9.377991,156000
2017-06-06,13.510000,13.510000,13.440000,13.480000,9.371039,273600
2017-06-07,13.500000,13.500000,13.450000,13.470000,9.364086,160600
2017-06-08,13.580000,13.580000,13.440000,13.470000,9.364086,273800
2017-06-09,13.470000,13.470000,13.430000,13.450000,9.350181,257400
2017-06-12,13.450000,13.450000,13.400000,13.400000,9.315417,132500
2017-06-13,13.380000,13.450000,13.360000,13.450000,9.397873,169100
2017-06-14,13.470000,13.470000,13.400000,13.400000,9.362937,102600
2017-06-15,13.400000,13.450000,13.400000,13.450000,9.397873,84300
2017-06-16,13.480000,13.490000,13.420000,13.450000,9.397873,137500
2017-06-19,13.480000,13.490000,13.440000,13.460000,9.404858,150500
2017-06-20,13.450000,13.510000,13.450000,13.480000,9.418835,162300
2017-06-21,13.480000,13.500000,13.460000,13.460000,9.404858,160800
2017-06-22,13.460000,13.520000,13.450000,13.450000,9.397873,149700
2017-06-23,13.470000,13.490000,13.450000,13.470000,9.411845,109400
2017-06-26,13.480000,13.500000,13.450000,13.460000,9.404858,144700
2017-06-27,13.510000,13.510000,13.440000,13.490000,9.425823,156700
2017-06-28,13.500000,13.510000,13.460000,13.480000,9.418835,172100
2017-06-29,13.460000,13.470000,13.400000,13.440000,9.390884,303800
2017-06-30,13.470000,13.470000,13.390000,13.420000,9.376908,205800
2017-07-03,13.480000,13.500000,13.420000,13.450000,9.397873,138600
2017-07-05,13.460000,13.490000,13.410000,13.450000,9.397873,126100
2017-07-06,13.430000,13.450000,13.400000,13.430000,9.383898,148500
2017-07-07,13.430000,13.470000,13.410000,13.440000,9.390884,186200
2017-07-10,13.440000,13.490000,13.430000,13.470000,9.411845,266000
2017-07-11,13.450000,13.500000,13.440000,13.450000,9.397873,222700
2017-07-12,13.460000,13.460000,13.400000,13.420000,9.424556,145600
2017-07-13,13.420000,13.450000,13.400000,13.420000,9.424556,298800
2017-07-14,13.450000,13.540000,13.420000,13.520000,9.494787,505800
2017-07-17,13.530000,13.550000,13.470000,13.480000,9.466695,200800
2017-07-18,13.470000,13.520000,13.400000,13.490000,9.473718,167900
2017-07-19,13.500000,13.530000,13.480000,13.500000,9.480740,105300
2017-07-20,13.520000,13.540000,13.480000,13.500000,9.480740,84500
2017-07-21,13.500000,13.520000,13.490000,13.500000,9.480740,87900
2017-07-24,13.520000,13.520000,13.500000,13.510000,9.487767,137500
2017-07-25,13.510000,13.520000,13.470000,13.480000,9.466695,125600
2017-07-26,13.500000,13.570000,13.490000,13.570000,9.529903,189600
2017-07-27,13.570000,13.590000,13.510000,13.550000,9.515855,169100
2017-07-28,13.550000,13.570000,13.520000,13.550000,9.515855,150600
2017-07-31,13.590000,13.610000,13.550000,13.610000,9.557992,171800
2017-08-01,13.630000,13.650000,13.570000,13.600000,9.550969,257900
2017-08-02,13.600000,13.670000,13.600000,13.660000,9.593107,240000
2017-08-03,13.660000,13.660000,13.610000,13.610000,9.557992,211800
2017-08-04,13.800000,13.800000,13.540000,13.570000,9.529903,412000
2017-08-07,13.560000,13.610000,13.550000,13.550000,9.515855,178900
2017-08-08,13.610000,13.620000,13.510000,13.560000,9.522883,241100
2017-08-09,13.570000,13.570000,13.470000,13.550000,9.515855,275100
2017-08-10,13.560000,13.600000,13.480000,13.580000,9.536922,228900
2017-08-11,13.470000,13.580000,13.450000,13.520000,9.542571,185000
2017-08-14,13.580000,13.580000,13.470000,13.500000,9.528452,124600
2017-08-15,13.510000,13.540000,13.510000,13.540000,9.556684,159400
2017-08-16,13.530000,13.550000,13.510000,13.530000,9.549626,168900
2017-08-17,13.560000,13.580000,13.510000,13.540000,9.556684,103500
2017-08-18,13.530000,13.600000,13.490000,13.540000,9.556684,129300
2017-08-21,13.540000,13.570000,13.530000,13.550000,9.563745,122400
2017-08-22,13.580000,13.580000,13.540000,13.550000,9.563745,118100
2017-08-23,13.560000,13.560000,13.540000,13.550000,9.563745,137000
2017-08-24,13.540000,13.580000,13.540000,13.560000,9.570808,58800
2017-08-25,13.560000,13.580000,13.520000,13.560000,9.570808,104700
2017-08-28,13.560000,13.610000,13.550000,13.600000,9.599034,124300
2017-08-29,13.620000,13.670000,13.590000,13.590000,9.591978,310300
2017-08-30,13.600000,13.650000,13.560000,13.640000,9.627269,117300
2017-08-31,13.650000,13.700000,13.620000,13.630000,9.620211,116100
2017-09-01,13.640000,13.680000,13.630000,13.640000,9.627269,89200
2017-09-05,13.670000,13.700000,13.590000,13.700000,9.669618,294800
2017-09-06,13.690000,13.710000,13.650000,13.700000,9.669618,138900
2017-09-07,13.700000,13.710000,13.640000,13.680000,9.655504,239000
2017-09-08,13.690000,13.700000,13.650000,13.700000,9.669618,93800
2017-09-11,13.670000,13.750000,13.660000,13.750000,9.704910,109600
2017-09-12,13.740000,13.790000,13.700000,13.790000,9.733140,130800
2017-09-13,13.770000,13.810000,13.720000,13.810000,9.747258,157300
2017-09-14,13.750000,13.770000,13.680000,13.690000,9.708251,111700
2017-09-15,13.740000,13.740000,13.710000,13.740000,9.743708,76200
2017-09-18,13.700000,13.730000,13.680000,13.710000,9.722438,99700
2017-09-19,13.730000,13.730000,13.670000,13.700000,9.715344,115000
2017-09-20,13.680000,13.700000,13.600000,13.600000,9.644429,106300
2017-09-21,13.640000,13.640000,13.560000,13.580000,9.630246,137200
2017-09-22,13.600000,13.620000,13.550000,13.580000,9.630246,165100
2017-09-25,13.620000,13.650000,13.590000,13.640000,9.672793,82500
2017-09-26,13.670000,13.690000,13.610000,13.610000,9.651520,145800
2017-09-27,13.570000,13.580000,13.530000,13.560000,9.616066,185500
2017-09-28,13.530000,13.580000,13.530000,13.540000,9.601879,163400
2017-09-29,13.620000,13.620000,13.550000,13.610000,9.651520,94400
2017-10-02,13.650000,13.660000,13.540000,13.550000,9.608973,193700
2017-10-03,13.560000,13.600000,13.530000,13.590000,9.637337,112800
2017-10-04,13.570000,13.660000,13.570000,13.600000,9.644429,93500
2017-10-05,13.620000,13.670000,13.620000,13.670000,9.694070,46600
2017-10-06,13.630000,13.660000,13.580000,13.660000,9.686977,123600
2017-10-09,13.650000,13.700000,13.620000,13.660000,9.686977,181600
2017-10-10,13.680000,13.720000,13.670000,13.720000,9.729529,138800
2017-10-11,13.690000,13.750000,13.680000,13.750000,9.750803,112500
2017-10-12,13.680000,13.750000,13.660000,13.750000,9.797114,173400
2017-10-13,13.760000,13.770000,13.630000,13.630000,9.711612,164700
2017-10-16,13.630000,13.690000,13.630000,13.670000,9.740111,105000
2017-10-17,13.670000,13.680000,13.650000,13.650000,9.725862,100800
2017-10-18,13.630000,13.680000,13.620000,13.630000,9.711612,88900
2017-10-19,13.680000,13.690000,13.660000,13.680000,9.747236,63500
2017-10-20,13.650000,13.670000,13.630000,13.670000,9.740111,127900
2017-10-23,13.660000,13.660000,13.630000,13.630000,9.711612,97000
2017-10-24,13.650000,13.670000,13.610000,13.620000,9.704488,142100
2017-10-25,13.600000,13.650000,13.580000,13.650000,9.725862,147500
2017-10-26,13.620000,13.630000,13.550000,13.560000,9.661738,250700
2017-10-27,13.560000,13.580000,13.450000,13.450000,9.583357,351700
2017-10-30,13.520000,13.590000,13.510000,13.530000,9.640360,107600
2017-10-31,13.520000,13.550000,13.520000,13.530000,9.640360,68400
2017-11-01,13.530000,13.580000,13.530000,13.530000,9.640360,122700
2017-11-02,13.580000,13.620000,13.560000,13.620000,9.704488,143400
2017-11-03,13.600000,13.610000,13.540000,13.610000,9.697363,107500
2017-11-06,13.630000,13.640000,13.580000,13.630000,9.711612,132000
2017-11-07,13.630000,13.670000,13.620000,13.670000,9.740111,60200
2017-11-08,13.670000,13.700000,13.640000,13.660000,9.732987,113800
2017-11-09,13.680000,13.680000,13.570000,13.630000,9.711612,136500
2017-11-10,13.600000,13.700000,13.580000,13.640000,9.718739,186500
2017-11-13,13.730000,13.760000,13.630000,13.690000,9.754360,181900
2017-11-14,13.630000,13.700000,13.620000,13.650000,9.772261,157000
2017-11-15,13.650000,13.670000,13.640000,13.660000,9.779417,133300
2017-11-16,13.670000,13.690000,13.670000,13.670000,9.786579,110300
2017-11-17,13.670000,13.730000,13.660000,13.660000,9.779417,68400
2017-11-20,13.660000,13.700000,13.660000,13.690000,9.800896,73200
2017-11-21,13.690000,13.770000,13.680000,13.730000,9.829535,118500
2017-11-22,13.730000,13.730000,13.650000,13.660000,9.779417,111500
2017-11-24,13.680000,13.720000,13.660000,13.710000,9.815212,25200
2017-11-27,13.710000,13.720000,13.620000,13.640000,9.765100,205500
2017-11-28,13.640000,13.660000,13.630000,13.630000,9.757948,128000
2017-11-29,13.620000,13.630000,13.390000,13.570000,9.714989,318600
2017-11-30,13.610000,13.620000,13.550000,13.560000,9.707830,116400
2017-12-01,13.620000,13.680000,13.580000,13.680000,9.793738,51000
2017-12-04,13.670000,13.700000,13.610000,13.620000,9.750786,197500
2017-12-05,13.630000,13.760000,13.630000,13.750000,9.843853,243100
2017-12-06,13.780000,13.830000,13.760000,13.820000,9.893970,208500
2017-12-07,13.820000,13.880000,13.760000,13.880000,9.936916,196000
2017-12-08,13.860000,13.870000,13.780000,13.870000,9.929765,121200
2017-12-11,13.860000,13.910000,13.850000,13.850000,9.915447,78000
2017-12-12,13.850000,13.850000,13.770000,13.810000,9.886811,113400
2017-12-13,13.830000,13.830000,13.770000,13.800000,9.879652,163200
2017-12-14,13.740000,13.800000,13.740000,13.780000,9.918513,121300
2017-12-15,13.770000,13.790000,13.640000,13.650000,9.824946,215700
2017-12-18,13.670000,13.720000,13.650000,13.660000,9.832142,126600
2017-12-19,13.630000,13.680000,13.600000,13.670000,9.839341,138900
2017-12-20,13.630000,13.630000,13.590000,13.600000,9.788960,90300
2017-12-21,13.620000,13.630000,13.590000,13.600000,9.788960,133200
2017-12-22,13.600000,13.620000,13.540000,13.540000,9.745769,117800
2017-12-26,13.550000,13.650000,13.550000,13.570000,9.767365,139300
2017-12-27,13.590000,13.700000,13.590000,13.690000,9.853733,143000
2017-12-28,13.710000,13.710000,13.550000,13.610000,9.796156,301100
2017-12-29,13.640000,13.640000,13.600000,13.610000,9.796156,170000
2018-01-02,13.650000,13.680000,13.620000,13.680000,9.846539,118400
2018-01-03,13.700000,13.760000,13.670000,13.730000,9.882527,142400
2018-01-04,13.750000,13.800000,13.670000,13.790000,9.925714,223600
2018-01-05,13.790000,13.810000,13.720000,13.800000,9.932914,199000
2018-01-08,13.800000,13.840000,13.770000,13.820000,9.947310,206300
2018-01-09,13.800000,13.810000,13.750000,13.750000,9.896924,212300
2018-01-10,13.720000,13.730000,13.570000,13.710000,9.868130,421700
2018-01-11,13.650000,13.650000,13.600000,13.630000,9.857288,127200
2018-01-12,13.690000,13.690000,13.570000,13.600000,9.835592,203000
2018-01-16,13.660000,13.680000,13.560000,13.640000,9.864516,216000
2018-01-17,13.630000,13.650000,13.590000,13.630000,9.857288,116200
2018-01-18,13.610000,13.660000,13.580000,13.610000,9.842822,198000
2018-01-19,13.610000,13.690000,13.570000,13.640000,9.864516,278200
2018-01-22,13.650000,13.670000,13.620000,13.650000,9.871747,130000
2018-01-23,13.680000,13.680000,13.640000,13.650000,9.871747,116700
2018-01-24,13.650000,13.650000,13.570000,13.580000,9.821123,169100
2018-01-25,13.600000,13.600000,13.510000,13.530000,9.784964,190200
2018-01-26,13.530000,13.530000,13.430000,13.490000,9.756034,230800
2018-01-29,13.420000,13.420000,13.180000,13.180000,9.531840,468800
2018-01-30,13.090000,13.150000,13.030000,13.140000,9.502915,249100
2018-01-31,13.150000,13.200000,13.120000,13.130000,9.495679,242100
2018-02-01,13.160000,13.210000,13.140000,13.150000,9.510144,144800
2018-02-02,13.090000,13.120000,12.890000,12.890000,9.322113,372700
2018-02-05,12.790000,12.880000,12.790000,12.810000,9.264259,621400
2018-02-06,12.870000,13.040000,12.850000,12.980000,9.387203,295200
2018-02-07,13.050000,13.190000,12.990000,13.170000,9.524611,251700
2018-02-08,13.170000,13.170000,13.030000,13.040000,9.430594,149000
2018-02-09,13.000000,13.160000,12.970000,13.040000,9.430594,248500
2018-02-12,13.010000,13.090000,13.010000,13.030000,9.423361,154700
2018-02-13,13.030000,13.100000,13.030000,13.060000,9.445057,227700
2018-02-14,12.980000,13.030000,12.970000,13.010000,9.455961,75000
2018-02-15,13.010000,13.070000,12.990000,13.020000,9.463227,118800
2018-02-16,13.030000,13.080000,13.030000,13.050000,9.485035,63600
2018-02-20,13.050000,13.050000,12.980000,13.030000,9.470496,132600
2018-02-21,13.000000,13.080000,12.990000,13.030000,9.470496,176700
2018-02-22,13.030000,13.040000,12.970000,12.970000,9.426886,145300
2018-02-23,12.970000,13.100000,12.960000,13.090000,9.514109,146800
2018-02-26,13.080000,13.110000,13.030000,13.050000,9.485035,182300
2018-02-27,13.080000,13.090000,13.000000,13.050000,9.485035,125700
2018-02-28,13.030000,13.040000,12.970000,13.010000,9.455961,98000
2018-03-01,12.980000,13.010000,12.920000,12.940000,9.405083,133600
2018-03-02,12.880000,12.980000,12.880000,12.970000,9.426886,195400
2018-03-05,13.000000,13.000000,12.860000,12.900000,9.376010,202100
2018-03-06,12.920000,12.960000,12.870000,12.910000,9.383281,129100
2018-03-07,12.900000,12.950000,12.820000,12.840000,9.332397,217000
2018-03-08,12.860000,12.880000,12.730000,12.790000,9.296062,228300
2018-03-09,12.800000,12.810000,12.500000,12.760000,9.274255,301400
2018-03-12,12.740000,12.780000,12.640000,12.700000,9.230646,204200
2018-03-13,12.690000,12.740000,12.640000,12.690000,9.223375,253900
2018-03-14,12.670000,12.670000,12.550000,12.580000,9.186869,169600
2018-03-15,12.570000,12.600000,12.500000,12.520000,9.143045,201400
2018-03-16,12.500000,12.610000,12.500000,12.550000,9.164957,235700
2018-03-19,12.530000,12.560000,12.500000,12.530000,9.150351,201800
2018-03-20,12.500000,12.530000,12.480000,12.500000,9.128441,202900
2018-03-21,12.450000,12.480000,12.410000,12.460000,9.099231,215800
2018-03-22,12.460000,12.510000,12.460000,12.460000,9.099231,99200
2018-03-23,12.460000,12.460000,12.430000,12.430000,9.077322,238800
2018-03-26,12.430000,12.450000,12.400000,12.420000,9.070021,113900
2018-03-27,12.410000,12.470000,12.400000,12.400000,9.055413,284300
2018-03-28,12.430000,12.540000,12.410000,12.500000,9.128441,137300
2018-03-29,12.510000,12.540000,12.470000,12.500000,9.128441,150000
2018-04-02,12.530000,12.540000,12.490000,12.500000,9.128441,142000
2018-04-03,12.500000,12.500000,12.450000,12.470000,9.106530,140200
2018-04-04,12.470000,12.520000,12.430000,12.490000,9.121139,140700
2018-04-05,12.530000,12.570000,12.480000,12.570000,9.179558,105600
2018-04-06,12.640000,12.650000,12.580000,12.590000,9.194167,143700
2018-04-09,12.640000,12.640000,12.540000,12.570000,9.179558,88200
2018-04-10,12.590000,12.590000,12.550000,12.560000,9.172258,90000
2018-04-11,12.590000,12.590000,12.540000,12.580000,9.186869,103800
2018-04-12,12.520000,12.520000,12.380000,12.390000,9.091474,236800
2018-04-13,12.400000,12.470000,12.390000,12.440000,9.128160,137700
2018-04-16,12.400000,12.430000,12.380000,12.400000,9.098813,147600
2018-04-17,12.490000,12.490000,12.350000,12.400000,9.098813,290400
2018-04-18,12.400000,12.400000,12.330000,12.370000,9.076798,166200
2018-04-19,12.380000,12.380000,12.330000,12.370000,9.076798,94600
2018-04-20,12.390000,12.420000,12.360000,12.390000,9.091474,132700
2018-04-23,12.360000,12.420000,12.360000,12.370000,9.076798,187200
2018-04-24,12.370000,12.440000,12.350000,12.380000,9.084138,141500
2018-04-25,12.370000,12.400000,12.280000,12.280000,9.010756,178000
2018-04-26,12.280000,12.350000,12.280000,12.290000,9.018099,124900
2018-04-27,12.330000,12.370000,12.320000,12.350000,9.062124,130700
2018-04-30,12.370000,12.420000,12.360000,12.410000,9.106148,134500
2018-05-01,12.420000,12.460000,12.390000,12.460000,9.142835,132300
2018-05-02,12.430000,12.470000,12.430000,12.470000,9.150177,177900
2018-05-03,12.440000,12.510000,12.440000,12.450000,9.135503,131400
2018-05-04,12.450000,12.500000,12.420000,12.430000,9.120826,120500
2018-05-07,12.420000,12.500000,12.420000,12.470000,9.150177,208100
2018-05-08,12.450000,12.490000,12.440000,12.480000,9.157508,163200
2018-05-09,12.470000,12.510000,12.450000,12.460000,9.142835,223700
2018-05-10,12.460000,12.640000,12.460000,12.640000,9.274919,157700
2018-05-11,12.640000,12.640000,12.540000,12.540000,9.201540,229100
2018-05-14,12.530000,12.550000,12.490000,12.510000,9.223660,176800
2018-05-15,12.490000,12.490000,12.430000,12.450000,9.179425,184700
2018-05-16,12.450000,12.470000,12.420000,12.430000,9.164676,183900
2018-05-17,12.430000,12.440000,12.390000,12.400000,9.142557,169700
2018-05-18,12.430000,12.440000,12.390000,12.420000,9.157301,148700
2018-05-21,12.440000,12.450000,12.390000,12.450000,9.179425,189900
2018-05-22,12.450000,12.470000,12.450000,12.460000,9.186792,105300
2018-05-23,12.490000,12.510000,12.460000,12.460000,9.186792,71400
2018-05-24,12.510000,12.550000,12.500000,12.520000,9.231033,127500
2018-05-25,12.540000,12.580000,12.530000,12.540000,9.245778,164000
2018-05-29,12.570000,12.600000,12.560000,12.600000,9.290016,127600
2018-05-30,12.600000,12.600000,12.560000,12.590000,9.282644,105500
2018-05-31,12.600000,12.670000,12.600000,12.670000,9.341627,183600
2018-06-01,12.740000,12.740000,12.620000,12.620000,9.304758,155200
2018-06-04,12.640000,12.710000,12.620000,12.640000,9.319510,213100
2018-06-05,12.680000,12.720000,12.660000,12.680000,9.348998,130100
2018-06-06,12.720000,12.720000,12.620000,12.660000,9.334253,89100
2018-06-07,12.680000,12.690000,12.610000,12.660000,9.334253,126900
2018-06-08,12.670000,12.710000,12.640000,12.650000,9.326877,64700
2018-06-11,12.640000,12.680000,12.610000,12.650000,9.326877,131800
2018-06-12,12.640000,12.660000,12.600000,12.630000,9.312133,212400
2018-06-13,12.670000,12.690000,12.550000,12.550000,9.253148,148000
2018-06-14,12.530000,12.600000,12.500000,12.590000,9.327235,141700
2018-06-15,12.520000,12.560000,12.500000,12.530000,9.282784,156900
2018-06-18,12.520000,12.570000,12.520000,12.550000,9.297599,101100
2018-06-19,12.600000,12.610000,12.540000,12.590000,9.327235,130600
2018-06-20,12.590000,12.590000,12.550000,12.560000,9.305012,86300
2018-06-21,12.580000,12.620000,12.530000,12.530000,9.282784,165400
2018-06-22,12.600000,12.610000,12.550000,12.610000,9.342052,85300
2018-06-25,12.610000,12.610000,12.550000,12.590000,9.327235,90200
2018-06-26,12.560000,12.590000,12.560000,12.580000,9.319828,52900
2018-06-27,12.610000,12.620000,12.590000,12.620000,9.349459,52800
2018-06-28,12.580000,12.660000,12.580000,12.620000,9.349459,129000
2018-06-29,12.660000,12.680000,12.640000,12.670000,9.386501,82600
2018-07-02,12.750000,12.760000,12.620000,12.620000,9.349459,146300
2018-07-03,12.660000,12.720000,12.650000,12.650000,9.371684,69100
2018-07-05,12.720000,12.720000,12.630000,12.660000,9.379095,249000
2018-07-06,12.700000,12.700000,12.600000,12.690000,9.401321,155300
2018-07-09,12.650000,12.710000,12.650000,12.700000,9.408729,155000
2018-07-10,12.700000,12.760000,12.660000,12.680000,9.393912,171700
2018-07-11,12.710000,12.740000,12.650000,12.690000,9.401321,132100
2018-07-12,12.680000,12.850000,12.660000,12.800000,9.527863,185500
2018-07-13,12.800000,12.850000,12.780000,12.840000,9.557632,139000
2018-07-16,12.830000,12.910000,12.760000,12.790000,9.520422,165200
2018-07-17,12.850000,12.850000,12.690000,12.730000,9.475754,206700
2018-07-18,12.730000,12.740000,12.700000,12.740000,9.483200,102200
2018-07-19,12.790000,12.790000,12.760000,12.780000,9.512973,54700
2018-07-20,12.810000,12.810000,12.740000,12.770000,9.505531,74400
2018-07-23,12.820000,12.850000,12.780000,12.830000,9.550195,121000
2018-07-24,12.830000,12.830000,12.790000,12.830000,9.550195,85400
2018-07-25,12.830000,12.840000,12.800000,12.830000,9.550195,118500
2018-07-26,12.830000,12.910000,12.810000,12.900000,9.602300,293200
2018-07-27,12.890000,12.960000,12.880000,12.900000,9.602300,169700
2018-07-30,12.880000,12.940000,12.850000,12.880000,9.587413,139000
2018-07-31,12.880000,12.910000,12.850000,12.900000,9.602300,118200
2018-08-01,12.930000,12.980000,12.860000,12.910000,9.609743,162200
2018-08-02,12.910000,12.980000,12.910000,12.980000,9.661844,80600
2018-08-03,12.960000,13.000000,12.950000,12.990000,9.669289,74200
2018-08-06,12.960000,13.060000,12.950000,13.050000,9.713953,158500
2018-08-07,13.030000,13.150000,13.010000,13.080000,9.736282,156500
2018-08-08,13.020000,13.120000,13.020000,13.070000,9.728842,152300
2018-08-09,13.140000,13.140000,13.040000,13.050000,9.713953,172300
2018-08-10,13.030000,13.140000,13.030000,13.110000,9.758615,152700
2018-08-13,13.110000,13.110000,13.100000,13.110000,9.758615,108000
2018-08-14,13.090000,13.130000,13.060000,13.110000,9.803480,125500
2018-08-15,13.110000,13.160000,13.100000,13.140000,9.825922,97800
2018-08-16,13.140000,13.140000,13.040000,13.050000,9.758615,132100
2018-08-17,13.070000,13.110000,13.050000,13.070000,9.773571,88000
2018-08-20,13.060000,13.100000,13.060000,13.070000,9.773571,93600
2018-08-21,13.070000,13.120000,13.050000,13.060000,9.766091,78100
2018-08-22,13.070000,13.100000,13.050000,13.050000,9.758615,103400
2018-08-23,13.060000,13.110000,13.050000,13.060000,9.766091,97700
2018-08-24,13.100000,13.100000,13.070000,13.080000,9.781047,47100
2018-08-27,13.130000,13.130000,13.070000,13.110000,9.803480,87500
2018-08-28,13.070000,13.140000,13.070000,13.120000,9.810961,94700
2018-08-29,13.130000,13.150000,13.120000,13.120000,9.810961,79800
2018-08-30,13.150000,13.150000,13.090000,13.110000,9.803480,129200
2018-08-31,13.100000,13.130000,13.090000,13.110000,9.803480,132900
2018-09-04,13.070000,13.110000,13.070000,13.100000,9.796007,95500
2018-09-05,13.010000,13.020000,12.980000,13.010000,9.728706,270500
2018-09-06,13.050000,13.110000,13.010000,13.060000,9.766091,114600
2018-09-07,13.020000,13.040000,13.000000,13.030000,9.743658,100600
2018-09-10,13.030000,13.030000,12.910000,12.910000,9.653926,194600
2018-09-11,12.890000,12.930000,12.840000,12.850000,9.609055,141900
2018-09-12,12.900000,12.960000,12.850000,12.940000,9.676354,127700
2018-09-13,12.940000,12.960000,12.810000,12.830000,9.636549,188000
2018-09-14,12.850000,12.850000,12.660000,12.670000,9.516377,164300
2018-09-17,12.550000,12.720000,12.410000,12.520000,9.403711,285400
2018-09-18,12.510000,12.550000,12.510000,12.510000,9.396198,135700
2018-09-19,12.540000,12.620000,12.440000,12.620000,9.478822,195300
2018-09-20,12.670000,12.670000,12.590000,12.630000,9.486332,75100
2018-09-21,12.590000,12.630000,12.480000,12.480000,9.373668,117100
2018-09-24,12.500000,12.500000,12.440000,12.480000,9.373668,136900
2018-09-25,12.480000,12.550000,12.460000,12.510000,9.396198,86000
2018-09-26,12.510000,12.550000,12.500000,12.510000,9.396198,78900
2018-09-27,12.520000,12.570000,12.510000,12.510000,9.396198,86600
2018-09-28,12.530000,12.580000,12.520000,12.550000,9.426245,77100
2018-10-01,12.580000,12.610000,12.570000,12.610000,9.471307,131100
2018-10-02,12.650000,12.690000,12.590000,12.640000,9.493844,98400
2018-10-03,12.650000,12.650000,12.560000,12.560000,9.433758,168400
2018-10-04,12.560000,12.630000,12.390000,12.400000,9.313579,277900
2018-10-05,12.400000,12.400000,12.220000,12.280000,9.223449,230600
2018-10-08,12.230000,12.300000,12.120000,12.120000,9.103275,154800
2018-10-09,12.320000,12.320000,12.090000,12.120000,9.103275,201700
2018-10-10,12.070000,12.100000,11.900000,11.940000,8.968075,260000
2018-10-11,11.960000,11.970000,11.730000,11.840000,8.892966,351000
2018-10-12,11.850000,11.850000,11.800000,11.840000,8.935986,127500
2018-10-15,11.850000,11.960000,11.820000,11.870000,8.958631,155400
2018-10-16,11.940000,11.950000,11.900000,11.920000,8.996367,115100
2018-10-17,11.920000,11.950000,11.870000,11.930000,9.003912,131800
2018-10-18,11.890000,11.910000,11.800000,11.810000,8.913348,170700
2018-10-19,11.800000,11.850000,11.750000,11.770000,8.883150,188900
2018-10-22,11.770000,11.880000,11.760000,11.840000,8.935986,103300
2018-10-23,11.780000,11.850000,11.760000,11.770000,8.883150,196600
2018-10-24,11.800000,11.860000,11.760000,11.840000,8.935986,102800
2018-10-25,11.840000,11.840000,11.770000,11.780000,8.890700,120500
2018-10-26,11.770000,11.850000,11.770000,11.810000,8.913348,143800
2018-10-29,11.780000,11.810000,11.770000,11.790000,8.898250,242300
2018-10-30,11.780000,11.810000,11.770000,11.810000,8.913348,132600
2018-10-31,11.810000,11.830000,11.730000,11.760000,8.875614,275400
2018-11-01,11.740000,11.770000,11.660000,11.720000,8.845419,358600
2018-11-02,11.730000,11.750000,11.620000,11.620000,8.769946,236200
2018-11-05,11.620000,11.680000,11.620000,11.660000,8.800136,215500
2018-11-06,11.670000,11.700000,11.600000,11.610000,8.762400,214600
2018-11-07,11.600000,11.700000,11.600000,11.660000,8.800136,198300
2018-11-08,11.660000,11.760000,11.660000,11.740000,8.860514,236500
2018-11-09,11.800000,11.820000,11.760000,11.820000,8.920889,212100
2018-11-12,11.830000,11.870000,11.800000,11.870000,8.958631,129000
2018-11-13,11.920000,11.980000,11.850000,11.970000,9.034101,110600
2018-11-14,11.870000,11.890000,11.840000,11.880000,9.009077,100400
2018-11-15,11.880000,11.900000,11.770000,11.830000,8.971158,212000
2018-11-16,11.830000,11.870000,11.810000,11.830000,8.971158,185000
2018-11-19,11.860000,11.860000,11.750000,11.840000,8.978742,302900
2018-11-20,11.810000,11.870000,11.780000,11.800000,8.948415,211700
2018-11-21,11.810000,11.810000,11.750000,11.780000,8.933242,101500
2018-11-23,11.730000,11.760000,11.700000,11.710000,8.880158,68400
2018-11-26,11.750000,11.770000,11.680000,11.700000,8.872574,152100
2018-11-27,11.690000,11.710000,11.650000,11.710000,8.880158,126500
2018-11-28,11.700000,11.790000,11.680000,11.720000,8.887742,240300
2018-11-29,11.760000,11.810000,11.700000,11.750000,8.910493,264200
2018-11-30,11.770000,11.810000,11.680000,11.720000,8.887742,285100
2018-12-03,11.760000,11.830000,11.730000,11.790000,8.940825,263600
2018-12-04,11.840000,11.960000,11.840000,11.950000,9.062159,266300
2018-12-06,11.950000,11.980000,11.900000,11.910000,9.031827,266900
2018-12-07,11.910000,11.950000,11.850000,11.950000,9.062159,138500
2018-12-10,11.990000,12.040000,11.960000,11.990000,9.092491,273900
2018-12-11,11.990000,12.000000,11.910000,11.910000,9.031827,261000
2018-12-12,11.920000,11.950000,11.870000,11.870000,9.001494,198800
2018-12-13,11.790000,11.850000,11.770000,11.770000,8.968725,99800
2018-12-14,11.780000,11.840000,11.760000,11.770000,8.968725,180700
2018-12-17,11.830000,11.830000,11.600000,11.600000,8.839186,271300
2018-12-18,11.620000,11.720000,11.590000,11.660000,8.884905,394100
2018-12-19,11.670000,11.710000,11.590000,11.610000,8.846808,322200
2018-12-20,11.620000,11.660000,11.300000,11.420000,8.702023,440200
2018-12-21,11.420000,11.470000,11.350000,11.400000,8.686792,315500
2018-12-24,11.470000,11.470000,11.360000,11.430000,8.709645,295400
2018-12-26,11.630000,11.640000,11.310000,11.370000,8.663924,726100
2018-12-27,11.360000,11.500000,11.340000,11.460000,8.732508,410900
2018-12-28,11.450000,11.540000,11.450000,11.500000,8.762988,454700
2018-12-31,11.540000,11.640000,11.500000,11.640000,8.869667,699500
2019-01-02,11.630000,11.980000,11.630000,11.870000,9.044925,205100
2019-01-03,11.880000,11.950000,11.820000,11.880000,9.052543,397900
2019-01-04,11.900000,11.960000,11.800000,11.950000,9.105888,210900
2019-01-07,11.970000,12.080000,11.970000,12.030000,9.166843,235300
2019-01-08,12.120000,12.170000,12.040000,12.140000,9.250669,214900
2019-01-09,12.170000,12.230000,12.120000,12.180000,9.281147,164900
2019-01-10,12.200000,12.240000,12.170000,12.230000,9.319242,214700
2019-01-11,12.290000,12.290000,12.170000,12.220000,9.311626,339700
2019-01-14,12.210000,12.250000,12.170000,12.190000,9.332294,135200
2019-01-15,12.240000,12.270000,12.170000,12.240000,9.370577,147400
2019-01-16,12.230000,12.240000,12.150000,12.180000,9.324640,160300
2019-01-17,12.240000,12.240000,12.160000,12.170000,9.316985,117500
2019-01-18,12.220000,12.230000,12.150000,12.190000,9.332294,208500
2019-01-22,12.190000,12.230000,12.160000,12.190000,9.332294,189000
2019-01-23,12.210000,12.230000,12.170000,12.230000,9.362918,175900
2019-01-24,12.230000,12.410000,12.200000,12.370000,9.470100,360200
2019-01-25,12.400000,12.400000,12.320000,12.380000,9.477758,202600
2019-01-28,12.380000,12.400000,12.340000,12.390000,9.485412,173900
2019-01-29,12.390000,12.390000,12.330000,12.360000,9.462443,168500
2019-01-30,12.390000,12.400000,12.360000,12.370000,9.470100,138100
2019-01-31,12.380000,12.440000,12.380000,12.400000,9.493064,178000
2019-02-01,12.450000,12.490000,12.370000,12.450000,9.531342,185900
2019-02-04,12.420000,12.480000,12.420000,12.460000,9.539001,139500
2019-02-05,12.480000,12.480000,12.440000,12.450000,9.531342,164200
2019-02-06,12.500000,12.550000,12.460000,12.540000,9.600245,212300
2019-02-07,12.560000,12.700000,12.540000,12.700000,9.722735,167000
2019-02-08,12.690000,12.750000,12.680000,12.740000,9.753361,128800
2019-02-11,12.750000,12.820000,12.710000,12.790000,9.791640,125200
2019-02-12,12.760000,12.840000,12.750000,12.840000,9.829920,93400
2019-02-13,12.830000,12.920000,12.810000,12.920000,9.891163,139400
2019-02-14,12.850000,12.890000,12.830000,12.840000,9.873477,111000
2019-02-15,12.850000,12.950000,12.830000,12.910000,9.927301,179200
2019-02-19,12.910000,12.970000,12.890000,12.900000,9.919611,176800
2019-02-20,12.910000,12.950000,12.910000,12.930000,9.942682,66600
2019-02-21,12.930000,12.990000,12.850000,12.870000,9.896544,218300
2019-02-22,12.930000,12.960000,12.850000,12.910000,9.927301,224900
2019-02-25,12.960000,12.990000,12.900000,12.940000,9.950375,114100
2019-02-26,12.910000,13.000000,12.900000,12.980000,9.981130,90200
2019-02-27,13.000000,13.080000,12.980000,13.080000,10.058027,148300
2019-02-28,13.090000,13.090000,12.970000,13.020000,10.011891,81900
2019-03-01,13.060000,13.060000,12.890000,12.890000,9.911924,371900
2019-03-04,12.900000,13.020000,12.900000,13.020000,10.011891,273500
2019-03-05,13.020000,13.070000,13.010000,13.040000,10.027269,269500
2019-03-06,13.040000,13.060000,12.960000,12.990000,9.988819,327600
2019-03-07,13.030000,13.130000,13.030000,13.030000,10.019578,226600
2019-03-08,13.080000,13.140000,13.040000,13.120000,10.088782,74800
2019-03-11,13.160000,13.300000,13.120000,13.300000,10.227200,172000
2019-03-12,13.370000,13.390000,13.280000,13.300000,10.227200,115500
2019-03-13,13.300000,13.340000,13.130000,13.150000,10.111856,233400
2019-03-14,13.150000,13.180000,13.040000,13.060000,10.088681,192900
2019-03-15,13.120000,13.120000,13.000000,13.030000,10.065507,161500
2019-03-18,13.050000,13.070000,12.950000,12.980000,10.026882,138800
2019-03-19,12.970000,13.090000,12.970000,13.050000,10.080955,225000
2019-03-20,13.070000,13.130000,13.070000,13.090000,10.111856,229000
2019-03-21,13.120000,13.180000,13.110000,13.170000,10.173649,138000
2019-03-22,13.210000,13.320000,13.180000,13.310000,10.281801,209100
2019-03-25,13.300000,13.360000,13.280000,13.360000,10.320423,146400
2019-03-26,13.370000,13.430000,13.350000,13.430000,10.374500,112200
2019-03-27,13.430000,13.480000,13.400000,13.420000,10.366775,116400
2019-03-28,13.470000,13.620000,13.450000,13.590000,10.498096,204600
2019-03-29,13.600000,13.600000,13.520000,13.540000,10.459473,106700
2019-04-01,13.590000,13.600000,13.540000,13.550000,10.467200,199900
2019-04-02,13.540000,13.610000,13.540000,13.580000,10.490374,138200
2019-04-03,13.600000,13.610000,13.500000,13.560000,10.474924,177200
2019-04-04,13.560000,13.600000,13.540000,13.600000,10.505823,141400
2019-04-05,13.630000,13.630000,13.550000,13.610000,10.513550,165200
2019-04-08,13.610000,13.630000,13.580000,13.630000,10.528997,105900
2019-04-09,13.630000,13.680000,13.610000,13.630000,10.528997,108000
2019-04-10,13.670000,13.700000,13.630000,13.630000,10.528997,198700
2019-04-11,13.630000,13.700000,13.630000,13.670000,10.559896,98000
2019-04-12,13.640000,13.640000,13.570000,13.640000,10.583174,169700
2019-04-15,13.630000,13.640000,13.580000,13.600000,10.552136,101200
2019-04-16,13.600000,13.620000,13.510000,13.550000,10.513346,221100
2019-04-17,13.580000,13.600000,13.530000,13.540000,10.505586,155500
2019-04-18,13.580000,13.590000,13.490000,13.530000,10.497827,179500
2019-04-22,13.530000,13.530000,13.260000,13.350000,10.358166,450800
2019-04-23,13.400000,13.480000,13.380000,13.450000,10.435754,236600
2019-04-24,13.500000,13.540000,13.410000,13.440000,10.427997,147300
2019-04-25,13.450000,13.530000,13.450000,13.510000,10.482306,93200
2019-04-26,13.520000,13.600000,13.520000,13.600000,10.552136,76900
2019-04-29,13.570000,13.620000,13.510000,13.520000,10.490067,163100
2019-04-30,13.600000,13.640000,13.550000,13.610000,10.559896,77100
2019-05-01,13.680000,13.680000,13.640000,13.680000,10.614211,109500
2019-05-02,13.700000,13.700000,13.550000,13.650000,10.590933,207100
2019-05-03,13.700000,13.720000,13.640000,13.710000,10.637489,136900
2019-05-06,13.780000,13.810000,13.730000,13.770000,10.684045,150800
2019-05-07,13.750000,13.790000,13.700000,13.790000,10.699559,94900
2019-05-08,13.820000,13.820000,13.600000,13.690000,10.621967,281400
2019-05-09,13.690000,13.770000,13.690000,13.710000,10.637489,88600
2019-05-10,13.710000,13.780000,13.710000,13.780000,10.691799,65200
2019-05-13,13.750000,13.830000,13.750000,13.770000,10.684045,91300
2019-05-14,13.720000,13.720000,13.660000,13.680000,10.660663,92000
2019-05-15,13.680000,13.740000,13.650000,13.660000,10.645076,107200
2019-05-16,13.670000,13.730000,13.670000,13.710000,10.684043,106800
2019-05-17,13.730000,13.770000,13.690000,13.720000,10.691833,56600
2019-05-20,13.720000,13.830000,13.710000,13.790000,10.746385,95300
2019-05-21,13.790000,13.790000,13.750000,13.770000,10.730801,59100
2019-05-22,13.800000,13.830000,13.780000,13.820000,10.769762,77500
2019-05-23,13.790000,13.820000,13.760000,13.770000,10.730801,88500
2019-05-24,13.810000,13.830000,13.720000,13.750000,10.715209,96700
2019-05-28,13.760000,13.830000,13.760000,13.830000,10.777553,85300
2019-05-29,13.820000,13.880000,13.820000,13.850000,10.793139,80700
2019-05-30,13.850000,13.890000,13.800000,13.840000,10.785347,148800
2019-05-31,13.840000,13.910000,13.840000,13.910000,10.839897,77400
2019-06-03,13.890000,14.030000,13.880000,14.000000,10.910034,156900
2019-06-04,13.990000,14.040000,13.960000,13.990000,10.902239,178100
2019-06-05,13.990000,14.030000,13.950000,13.950000,10.871070,120600
2019-06-06,13.980000,14.010000,13.950000,13.960000,10.878861,144300
2019-06-07,14.040000,14.070000,13.920000,14.020000,10.925621,156100
2019-06-10,13.980000,14.060000,13.980000,14.050000,10.949000,114200
2019-06-11,14.020000,14.060000,14.020000,14.050000,10.949000,96200
2019-06-12,14.040000,14.080000,14.000000,14.030000,10.933411,236000
2019-06-13,14.000000,14.010000,13.940000,13.960000,10.925588,112300
2019-06-14,14.000000,14.000000,13.900000,13.990000,10.949063,93700
2019-06-17,13.990000,14.000000,13.930000,13.990000,10.949063,107800
2019-06-18,13.990000,14.000000,13.890000,13.890000,10.870801,223900
2019-06-19,13.850000,13.950000,13.850000,13.880000,10.862974,170800
2019-06-20,13.880000,13.940000,13.850000,13.870000,10.855148,154500
2019-06-21,13.910000,13.950000,13.870000,13.880000,10.862974,101800
2019-06-24,13.900000,14.010000,13.870000,13.960000,10.925588,202200
2019-06-25,13.940000,14.000000,13.870000,13.890000,10.870801,240600
2019-06-26,13.920000,13.930000,13.870000,13.910000,10.886453,125700
2019-06-27,13.970000,13.990000,13.880000,13.990000,10.949063,157200
2019-06-28,13.960000,14.000000,13.940000,13.960000,10.925588,133400
2019-07-01,14.020000,14.060000,14.000000,14.040000,10.988194,129300
2019-07-02,14.060000,14.090000,14.050000,14.050000,10.996023,187400
2019-07-03,14.050000,14.090000,14.020000,14.070000,11.011680,92400
2019-07-05,14.060000,14.100000,14.010000,14.060000,11.003849,140100
2019-07-08,14.060000,14.070000,13.980000,14.050000,10.996023,130700
2019-07-09,14.010000,14.150000,14.010000,14.110000,11.042980,183700
2019-07-10,14.140000,14.270000,14.140000,14.220000,11.129067,192700
2019-07-11,14.220000,14.250000,14.190000,14.220000,11.129067,173200
2019-07-12,14.160000,14.190000,14.120000,14.180000,11.144791,108900
2019-07-15,14.230000,14.230000,14.130000,14.140000,11.113353,126600
2019-07-16,14.130000,14.180000,14.110000,14.120000,11.097630,87700
2019-07-17,14.120000,14.140000,14.040000,14.040000,11.034756,193600
2019-07-18,14.020000,14.100000,13.940000,13.960000,10.971881,231900
2019-07-19,13.960000,14.090000,13.950000,14.050000,11.042619,92500
2019-07-22,14.060000,14.100000,14.060000,14.080000,11.066195,84900
2019-07-23,14.090000,14.130000,14.050000,14.080000,11.066195,139800
2019-07-24,14.110000,14.120000,14.070000,14.090000,11.074056,126800
2019-07-25,14.090000,14.110000,14.060000,14.060000,11.050478,124900
2019-07-26,14.060000,14.100000,14.050000,14.090000,11.074056,105200
2019-07-29,14.090000,14.130000,14.080000,14.100000,11.081914,132500
2019-07-30,14.100000,14.140000,14.100000,14.110000,11.089775,192900
2019-07-31,14.110000,14.140000,14.080000,14.110000,11.089775,155800
2019-08-01,14.120000,14.140000,14.110000,14.110000,11.089775,236200
2019-08-02,14.110000,14.180000,14.110000,14.170000,11.136930,286000
2019-08-05,14.180000,14.220000,14.140000,14.160000,11.129068,243200
2019-08-06,14.150000,14.290000,14.150000,14.290000,11.231241,345500
2019-08-07,14.300000,14.400000,14.240000,14.250000,11.199804,192500
2019-08-08,14.300000,14.400000,14.280000,14.370000,11.294119,144100
2019-08-09,14.400000,14.430000,14.330000,14.400000,11.317698,131400
2019-08-12,14.440000,14.570000,14.410000,14.550000,11.435590,241700
2019-08-13,14.570000,14.580000,14.330000,14.360000,11.286263,576400
2019-08-14,14.320000,14.390000,14.310000,14.380000,11.349400,230900
2019-08-15,14.350000,14.390000,14.340000,14.340000,11.317833,158600
2019-08-16,14.340000,14.440000,14.340000,14.360000,11.333618,131000
2019-08-19,14.370000,14.490000,14.340000,14.470000,11.420435,130400
2019-08-20,14.480000,14.490000,14.380000,14.380000,11.349400,227700
2019-08-21,14.380000,14.450000,14.360000,14.360000,11.333618,196200
2019-08-22,14.360000,14.400000,14.360000,14.370000,11.341507,108700
2019-08-23,14.370000,14.420000,14.340000,14.350000,11.325724,317800
2019-08-26,14.360000,14.450000,14.350000,14.350000,11.325724,189600
2019-08-27,14.370000,14.420000,14.360000,14.360000,11.333618,124000
2019-08-28,14.420000,14.420000,14.360000,14.360000,11.333618,181400
2019-08-29,14.400000,14.420000,14.350000,14.410000,11.373078,150800
2019-08-30,14.430000,14.440000,14.410000,14.420000,11.380970,91000
2019-09-03,14.430000,14.440000,14.410000,14.430000,11.388860,201000
2019-09-04,14.460000,14.480000,14.420000,14.430000,11.388860,198900
2019-09-05,14.420000,14.450000,14.370000,14.410000,11.373078,215900
2019-09-06,14.430000,14.450000,14.390000,14.390000,11.357289,242100
2019-09-09,14.390000,14.420000,14.340000,14.400000,11.365188,237200
2019-09-10,14.380000,14.410000,14.320000,14.360000,11.333618,192700
2019-09-11,14.340000,14.370000,14.170000,14.170000,11.183657,427900
2019-09-12,14.110000,14.140000,13.840000,13.870000,10.993431,452800
2019-09-13,13.840000,13.860000,13.650000,13.710000,10.866614,383400
2019-09-16,13.700000,13.820000,13.680000,13.700000,10.858690,273600
2019-09-17,13.800000,14.040000,13.800000,14.020000,11.112326,285600
2019-09-18,14.010000,14.190000,14.010000,14.090000,11.167807,292600
2019-09-19,14.170000,14.170000,14.120000,14.120000,11.191586,154500
2019-09-20,14.180000,14.190000,14.140000,14.170000,11.231213,84200
2019-09-23,14.190000,14.210000,14.150000,14.180000,11.239141,118300
2019-09-24,14.190000,14.250000,14.180000,14.220000,11.270845,138200
2019-09-25,14.220000,14.290000,14.190000,14.220000,11.270845,262300
2019-09-26,14.260000,14.270000,14.210000,14.240000,11.286699,74000
2019-09-27,14.250000,14.380000,14.210000,14.210000,11.262918,172500
2019-09-30,14.260000,14.320000,14.210000,14.280000,11.318401,222300
2019-10-01,14.250000,14.300000,14.220000,14.270000,11.310475,299500
2019-10-02,14.290000,14.350000,14.220000,14.220000,11.270845,432900
2019-10-03,14.260000,14.310000,14.240000,14.250000,11.294624,178000
2019-10-04,14.270000,14.300000,14.260000,14.280000,11.318401,98700
2019-10-07,14.280000,14.340000,14.280000,14.300000,11.334252,242100
2019-10-08,14.300000,14.340000,14.300000,14.300000,11.334252,250100
2019-10-09,14.350000,14.380000,14.320000,14.340000,11.365955,272300
2019-10-10,14.350000,14.370000,14.300000,14.330000,11.358033,322700
2019-10-11,14.280000,14.340000,14.260000,14.300000,11.381907,309800
2019-10-14,14.320000,14.360000,14.260000,14.290000,11.373949,241600
2019-10-15,14.290000,14.320000,14.210000,14.240000,11.334155,434500
2019-10-16,14.240000,14.290000,14.230000,14.260000,11.350073,240800
2019-10-17,14.270000,14.270000,14.170000,14.170000,11.278439,332300
2019-10-18,14.200000,14.210000,14.140000,14.190000,11.294356,234500
2019-10-21,14.140000,14.180000,13.860000,14.080000,11.206804,393500
2019-10-22,14.120000,14.160000,14.080000,14.160000,11.270481,90500
2019-10-23,14.190000,14.210000,14.090000,14.100000,11.222723,176300
2019-10-24,14.130000,14.170000,14.120000,14.130000,11.246602,108700
2019-10-25,14.160000,14.180000,14.110000,14.160000,11.270481,151700
2019-10-28,14.130000,14.150000,14.080000,14.140000,11.254562,183900
2019-10-29,14.130000,14.140000,14.100000,14.130000,11.246602,150100
2019-10-30,14.180000,14.280000,14.160000,14.200000,11.302315,310100
2019-10-31,14.210000,14.270000,14.200000,14.220000,11.318237,327500
2019-11-01,14.240000,14.250000,14.150000,14.210000,11.310273,293400
2019-11-04,14.210000,14.260000,14.170000,14.190000,11.294356,289700
2019-11-05,14.180000,14.230000,14.180000,14.220000,11.318237,279700
2019-11-06,14.220000,14.240000,14.190000,14.190000,11.294356,337700
2019-11-07,14.180000,14.190000,14.130000,14.140000,11.254562,373400
2019-11-08,14.130000,14.300000,14.130000,14.280000,11.365990,188300
2019-11-11,14.260000,14.370000,14.240000,14.370000,11.437627,372000
2019-11-12,14.420000,14.440000,14.380000,14.410000,11.469462,394500
2019-11-13,14.470000,14.500000,14.390000,14.400000,11.461503,1185700
2019-11-14,14.340000,14.350000,14.190000,14.260000,11.397562,664400
2019-11-15,14.290000,14.320000,14.190000,14.190000,11.341614,491900
2019-11-18,14.230000,14.250000,14.160000,14.180000,11.333623,292500
2019-11-19,14.220000,14.250000,14.170000,14.170000,11.325624,319300
2019-11-20,14.230000,14.230000,14.160000,14.190000,11.341614,341800
2019-11-21,14.210000,14.250000,14.140000,14.150000,11.309646,414900
2019-11-22,14.190000,14.230000,14.140000,14.140000,11.301654,432400
2019-11-25,14.190000,14.230000,14.160000,14.230000,11.373584,322100
2019-11-26,14.200000,14.220000,14.140000,14.160000,11.317638,430800
2019-11-27,14.170000,14.240000,14.170000,14.180000,11.333623,316700
2019-11-29,14.190000,14.280000,14.190000,14.280000,11.413547,84900
2019-12-02,14.260000,14.260000,14.180000,14.190000,11.341614,323100
2019-12-03,14.210000,14.220000,14.180000,14.180000,11.333623,237200
2019-12-04,14.200000,14.240000,14.190000,14.220000,11.365594,224700
2019-12-05,14.230000,14.270000,14.200000,14.260000,11.397562,251800
2019-12-06,14.250000,14.270000,14.210000,14.220000,11.365594,443300
2019-12-09,14.230000,14.300000,14.230000,14.270000,11.405555,328000
2019-12-10,14.280000,14.300000,14.200000,14.200000,11.349607,378300
2019-12-11,14.230000,14.260000,14.210000,14.210000,11.357598,351100
2019-12-12,14.220000,14.250000,14.210000,14.230000,11.421812,296700
2019-12-13,14.250000,14.250000,14.150000,14.160000,11.365628,568200
2019-12-16,14.190000,14.210000,14.170000,14.180000,11.381680,255100
2019-12-17,14.200000,14.200000,14.160000,14.160000,11.365628,404700
2019-12-18,14.190000,14.200000,14.170000,14.170000,11.373651,257200
2019-12-19,14.190000,14.200000,14.160000,14.170000,11.373651,299600
2019-12-20,14.180000,14.200000,14.160000,14.190000,11.389704,249000
2019-12-23,14.190000,14.200000,14.150000,14.200000,11.397733,302600
2019-12-24,14.200000,14.200000,14.180000,14.190000,11.389704,121300
2019-12-26,14.200000,14.230000,14.190000,14.230000,11.421812,237000
2019-12-27,14.250000,14.250000,14.180000,14.180000,11.381680,376900
2019-12-30,14.210000,14.210000,14.170000,14.190000,11.389704,263200
2019-12-31,14.220000,14.250000,14.170000,14.190000,11.389704,527500
2020-01-02,14.250000,14.270000,14.180000,14.180000,11.381680,492800
2020-01-03,14.190000,14.240000,14.190000,14.200000,11.397733,360500
2020-01-06,14.200000,14.270000,14.200000,14.260000,11.445892,480800
2020-01-07,14.290000,14.390000,14.260000,14.390000,11.550237,589500
2020-01-08,14.350000,14.400000,14.330000,14.330000,11.502080,396300
2020-01-09,14.370000,14.430000,14.350000,14.350000,11.518131,352300
2020-01-10,14.390000,14.430000,14.360000,14.410000,11.566289,357900
2020-01-13,14.450000,14.460000,14.380000,14.390000,11.550237,453300
2020-01-14,14.360000,14.410000,14.360000,14.380000,11.590542,277900
2020-01-15,14.390000,14.440000,14.380000,14.420000,11.622779,274000
2020-01-16,14.410000,14.420000,14.360000,14.360000,11.574422,443500
2020-01-17,14.380000,14.450000,14.370000,14.440000,11.638901,252900
2020-01-21,14.440000,14.440000,14.400000,14.410000,11.614717,264600
2020-01-22,14.420000,14.450000,14.410000,14.410000,11.614717,325900
2020-01-23,14.420000,14.450000,14.410000,14.440000,11.638901,345800
2020-01-24,14.480000,14.480000,14.440000,14.450000,11.646960,215600
2020-01-27,14.460000,14.500000,14.450000,14.480000,11.671139,210500
2020-01-28,14.490000,14.530000,14.480000,14.530000,11.711441,230300
2020-01-29,14.560000,14.580000,14.520000,14.540000,11.719501,206800
2020-01-30,14.570000,14.580000,14.540000,14.540000,11.719501,198900
2020-01-31,14.600000,14.610000,14.560000,14.560000,11.735622,237000
2020-02-03,14.590000,14.670000,14.550000,14.550000,11.727559,764800
2020-02-04,14.560000,14.600000,14.560000,14.570000,11.743681,313800
2020-02-05,14.570000,14.600000,14.550000,14.550000,11.727559,295400
2020-02-06,14.560000,14.600000,14.540000,14.560000,11.735622,413200
2020-02-07,14.600000,14.600000,14.550000,14.580000,11.751744,369500
2020-02-10,14.600000,14.610000,14.550000,14.550000,11.727559,417300
2020-02-11,14.600000,14.630000,14.570000,14.570000,11.743681,441900
2020-02-12,14.590000,14.650000,14.580000,14.590000,11.759804,466200
2020-02-13,14.570000,14.610000,14.570000,14.580000,11.800272,540500
2020-02-14,14.600000,14.620000,14.560000,14.570000,11.792173,275600
2020-02-18,14.620000,14.620000,14.550000,14.570000,11.792173,275900
2020-02-19,14.600000,14.710000,14.580000,14.710000,11.905482,331500
2020-02-20,14.730000,14.920000,14.730000,14.920000,12.075447,313900
2020-02-21,14.960000,15.000000,14.870000,14.880000,12.043074,362800
2020-02-24,14.880000,14.930000,14.830000,14.840000,12.010705,216100
2020-02-25,14.840000,14.920000,14.820000,14.910000,12.067353,293000
2020-02-26,14.910000,14.980000,14.820000,14.860000,12.026890,437500
2020-02-27,14.870000,14.920000,14.730000,14.740000,11.929764,397300
2020-02-28,14.670000,14.710000,14.180000,14.270000,11.549374,1424900
2020-03-02,14.300000,14.750000,14.300000,14.750000,11.937858,598600
2020-03-03,14.800000,14.930000,14.760000,14.880000,12.043074,367600
2020-03-04,14.880000,14.920000,14.770000,14.870000,12.034981,366100
2020-03-05,14.850000,14.870000,14.780000,14.810000,11.986419,253700
2020-03-06,14.800000,14.820000,14.700000,14.730000,11.921671,373500
2020-03-09,14.640000,14.660000,14.260000,14.290000,11.565559,572100
2020-03-10,14.420000,14.430000,14.110000,14.250000,11.533185,564300
2020-03-11,14.180000,14.200000,13.000000,13.240000,10.715746,2070300
2020-03-12,12.400000,12.440000,11.300000,11.330000,9.211639,2345900
2020-03-13,11.800000,12.570000,11.800000,12.550000,10.203533,1291000
2020-03-16,11.020000,11.990000,11.000000,11.670000,9.488071,1022900
2020-03-17,11.750000,11.860000,11.400000,11.590000,9.423025,697500
2020-03-18,11.250000,11.250000,9.300000,10.010000,8.138441,1453600
2020-03-19,9.780000,11.790000,9.250000,10.870000,8.837646,1389800
2020-03-20,10.990000,11.590000,10.620000,10.990000,8.935208,796700
2020-03-23,10.800000,10.900000,9.900000,10.350000,8.414871,772500
2020-03-24,10.580000,11.070000,10.580000,10.730000,8.723819,649500
2020-03-25,10.860000,12.000000,10.860000,11.670000,9.488071,671200
2020-03-26,11.950000,12.750000,11.830000,12.470000,10.138494,810100
2020-03-27,12.310000,12.480000,11.970000,12.190000,9.910845,548200
2020-03-30,12.210000,12.970000,12.150000,12.740000,10.358011,496900
2020-03-31,12.580000,12.780000,12.320000,12.450000,10.122232,383100
2020-04-01,12.010000,12.130000,11.520000,11.620000,9.447416,451400
2020-04-02,11.600000,11.860000,11.340000,11.790000,9.585631,379000
2020-04-03,11.650000,11.680000,11.310000,11.470000,9.325462,463700
2020-04-06,11.520000,11.840000,11.520000,11.650000,9.471809,498500
2020-04-07,11.850000,11.940000,11.750000,11.850000,9.634414,474500
2020-04-08,11.900000,12.200000,11.860000,12.080000,9.821409,394500
2020-04-09,12.350000,12.550000,12.340000,12.470000,10.138494,775000
2020-04-13,12.450000,12.530000,12.310000,12.460000,10.130362,497300
2020-04-14,12.510000,12.750000,12.510000,12.710000,10.383624,495100
2020-04-15,12.610000,12.740000,12.530000,12.720000,10.391791,237800
2020-04-16,12.720000,12.730000,12.590000,12.660000,10.342774,314400
2020-04-17,12.700000,12.720000,12.620000,12.630000,10.318268,343300
2020-04-20,12.650000,12.680000,12.550000,12.590000,10.285589,317800
2020-04-21,12.480000,12.600000,12.480000,12.600000,10.293756,377100
2020-04-22,12.630000,12.660000,12.500000,12.570000,10.269246,301100
2020-04-23,12.540000,12.610000,12.150000,12.200000,9.966971,515800
2020-04-24,12.230000,12.230000,11.810000,11.890000,9.713710,456700
2020-04-27,11.830000,11.850000,11.550000,11.590000,9.468621,514500
2020-04-28,11.690000,11.870000,11.630000,11.800000,9.640184,320000
2020-04-29,11.840000,12.100000,11.800000,12.060000,9.852596,307600
2020-04-30,11.960000,12.010000,11.820000,12.000000,9.803576,216900
2020-05-01,12.000000,12.110000,11.910000,12.110000,9.893442,201700
2020-05-04,12.100000,12.210000,12.020000,12.140000,9.917952,202700
2020-05-05,12.220000,12.450000,12.200000,12.380000,10.114025,350700
2020-05-06,12.300000,12.420000,12.300000,12.330000,10.073175,365200
2020-05-07,12.360000,12.380000,12.300000,12.350000,10.089516,284900
2020-05-08,12.370000,12.460000,12.330000,12.390000,10.122197,319300
2020-05-11,12.390000,12.450000,12.340000,12.350000,10.089516,237400
2020-05-12,12.400000,12.430000,12.340000,12.360000,10.097683,138200
2020-05-13,12.390000,12.440000,12.220000,12.290000,10.040498,310500
2020-05-14,12.180000,12.190000,12.100000,12.160000,9.984664,232100
2020-05-15,12.190000,12.340000,12.130000,12.160000,9.984664,208900
2020-05-18,12.300000,12.320000,12.190000,12.250000,10.058561,191400
2020-05-19,12.250000,12.310000,12.210000,12.230000,10.042139,255900
2020-05-20,12.280000,12.300000,12.230000,12.290000,10.091406,196800
2020-05-21,12.290000,12.350000,12.260000,12.340000,10.132460,218400
2020-05-22,12.340000,12.430000,12.340000,12.410000,10.189939,227200
2020-05-26,12.450000,12.540000,12.390000,12.470000,10.239206,357400
2020-05-27,12.550000,12.560000,12.470000,12.500000,10.263840,238700
2020-05-28,12.560000,12.660000,12.550000,12.650000,10.387005,391200
2020-05-29,12.670000,12.850000,12.670000,12.690000,10.419851,639900
2020-06-01,12.750000,12.800000,12.700000,12.740000,10.460903,502000
2020-06-02,12.800000,12.850000,12.750000,12.780000,10.493747,282100
2020-06-03,12.850000,12.920000,12.770000,12.840000,10.543015,277300
2020-06-04,12.850000,12.910000,12.850000,12.900000,10.592279,280100
2020-06-05,13.040000,13.060000,12.970000,13.040000,10.707238,438800
2020-06-08,13.150000,13.200000,13.080000,13.130000,10.781136,502600
2020-06-09,13.230000,13.400000,13.150000,13.200000,10.838614,280100
2020-06-10,13.210000,13.290000,13.170000,13.250000,10.879668,284000
2020-06-11,13.210000,13.240000,13.080000,13.160000,10.805770,428800
2020-06-12,13.200000,13.250000,13.090000,13.220000,10.906419,226400
2020-06-15,13.170000,13.230000,13.130000,13.220000,10.906419,142400
2020-06-16,13.240000,13.300000,13.170000,13.170000,10.865170,262100
2020-06-17,13.170000,13.250000,13.170000,13.250000,10.931169,134000
2020-06-18,13.210000,13.300000,13.180000,13.280000,10.955918,116400
2020-06-19,13.260000,13.340000,13.250000,13.260000,10.939422,150800
2020-06-22,13.230000,13.320000,13.210000,13.300000,10.972417,255900
2020-06-23,13.340000,13.350000,13.250000,13.330000,10.997166,189100
2020-06-24,13.270000,13.330000,13.260000,13.320000,10.988917,160200
2020-06-25,13.310000,13.350000,13.300000,13.330000,10.997166,104100
2020-06-26,13.320000,13.350000,13.260000,13.290000,10.964170,186900
2020-06-29,13.260000,13.290000,13.180000,13.260000,10.939422,227400
2020-06-30,13.280000,13.320000,13.190000,13.190000,10.881669,166800
2020-07-01,13.330000,13.370000,13.240000,13.290000,10.964170,196500
2020-07-02,13.320000,13.320000,13.230000,13.250000,10.931169,458100
2020-07-06,13.290000,13.300000,13.230000,13.280000,10.955918,232600
2020-07-07,13.280000,13.340000,13.250000,13.340000,11.005418,250600
2020-07-08,13.350000,13.430000,13.340000,13.390000,11.046671,245300
2020-07-09,13.430000,13.450000,13.400000,13.410000,11.063169,145900
2020-07-10,13.420000,13.450000,13.400000,13.430000,11.079670,196000
2020-07-13,13.490000,13.500000,13.450000,13.470000,11.112669,237900
2020-07-14,13.400000,13.450000,13.400000,13.440000,11.139190,103100
2020-07-15,13.400000,13.480000,13.350000,13.410000,11.114326,223100
2020-07-16,13.400000,13.430000,13.400000,13.430000,11.130902,127300
2020-07-17,13.410000,13.500000,13.410000,13.480000,11.172342,85300
2020-07-20,13.440000,13.510000,13.440000,13.480000,11.172342,122400
2020-07-21,13.510000,13.630000,13.510000,13.590000,11.263511,202000
2020-07-22,13.560000,13.620000,13.520000,13.540000,11.222071,123500
2020-07-23,13.550000,13.590000,13.480000,13.480000,11.172342,252300
2020-07-24,13.510000,13.550000,13.480000,13.490000,11.180627,272100
2020-07-27,13.560000,13.570000,13.450000,13.480000,11.172342,225700
2020-07-28,13.480000,13.510000,13.460000,13.460000,11.155767,150100
2020-07-29,13.460000,13.550000,13.460000,13.540000,11.222071,168600
2020-07-30,13.520000,13.560000,13.520000,13.550000,11.230358,131200
2020-07-31,13.560000,13.630000,13.550000,13.560000,11.238647,182800
2020-08-03,13.600000,13.640000,13.550000,13.570000,11.246936,335600
2020-08-04,13.590000,13.640000,13.570000,13.600000,11.271799,354800
2020-08-05,13.620000,13.660000,13.600000,13.640000,11.304954,188800
2020-08-06,13.680000,13.700000,13.650000,13.670000,11.329817,236800
2020-08-07,13.670000,13.720000,13.670000,13.700000,11.354680,214400
2020-08-10,13.700000,13.760000,13.690000,13.740000,11.387832,238500
2020-08-11,13.820000,13.820000,13.700000,13.720000,11.371257,221000
2020-08-12,13.670000,13.750000,13.670000,13.740000,11.387832,245100
2020-08-13,13.700000,13.740000,13.610000,13.670000,11.381171,169500
2020-08-14,13.680000,13.680000,13.590000,13.610000,11.331220,156400
2020-08-17,13.580000,13.610000,13.500000,13.510000,11.247962,243600
2020-08-18,13.520000,13.580000,13.510000,13.580000,11.306242,158500
2020-08-19,13.590000,13.590000,13.470000,13.550000,11.281266,206000
2020-08-20,13.550000,13.550000,13.460000,13.460000,11.206332,179100
2020-08-21,13.470000,13.520000,13.460000,13.520000,11.256287,185200
2020-08-24,13.520000,13.590000,13.470000,13.520000,11.256287,258100
2020-08-25,13.500000,13.520000,13.460000,13.500000,11.239635,171400
2020-08-26,13.480000,13.480000,13.340000,13.380000,11.139723,375900
2020-08-27,13.410000,13.430000,13.250000,13.250000,11.031493,273100
2020-08-28,13.260000,13.520000,13.230000,13.500000,11.239635,372500
2020-08-31,13.540000,13.580000,13.480000,13.490000,11.231309,202000
2020-09-01,13.500000,13.570000,13.470000,13.540000,11.272937,260900
2020-09-02,13.540000,13.570000,13.490000,13.570000,11.297916,248800
2020-09-03,13.530000,13.550000,13.410000,13.460000,11.206332,246900
2020-09-04,13.430000,13.460000,13.150000,13.190000,10.981540,341200
2020-09-08,13.240000,13.340000,13.180000,13.340000,11.106423,249000
2020-09-09,13.350000,13.500000,13.340000,13.450000,11.198007,195200
2020-09-10,13.460000,13.480000,13.410000,13.440000,11.189682,163100
2020-09-11,13.450000,13.490000,13.420000,13.490000,11.231309,115900
2020-09-14,13.430000,13.480000,13.420000,13.450000,11.249712,87800
2020-09-15,13.450000,13.510000,13.420000,13.480000,11.274805,152800
2020-09-16,13.460000,13.490000,13.390000,13.460000,11.258075,95100
2020-09-17,13.400000,13.470000,13.370000,13.460000,11.258075,144700
2020-09-18,13.440000,13.490000,13.410000,13.440000,11.241346,142900
2020-09-21,13.420000,13.430000,13.310000,13.400000,11.207891,170700
2020-09-22,13.370000,13.400000,13.370000,13.400000,11.207891,89100
2020-09-23,13.390000,13.460000,13.310000,13.340000,11.157706,222200
2020-09-24,13.300000,13.370000,13.290000,13.350000,11.166070,141900
2020-09-25,13.350000,13.350000,13.260000,13.290000,11.115883,121900
2020-09-28,13.350000,13.430000,13.340000,13.390000,11.199528,110600
2020-09-29,13.390000,13.500000,13.390000,13.470000,11.266440,109600
2020-09-30,13.480000,13.500000,13.460000,13.490000,11.283170,163900
2020-10-01,13.490000,13.500000,13.460000,13.480000,11.274805,430000
2020-10-02,13.430000,13.520000,13.430000,13.450000,11.249712,188200
2020-10-05,13.470000,13.470000,13.360000,13.440000,11.241346,206900
2020-10-06,13.440000,13.490000,13.430000,13.460000,11.258075,194200
2020-10-07,13.480000,13.540000,13.450000,13.450000,11.249712,192000
2020-10-08,13.480000,13.490000,13.400000,13.430000,11.232983,220900
2020-10-09,13.470000,13.490000,13.410000,13.450000,11.249712,141900
2020-10-12,13.450000,13.500000,13.410000,13.430000,11.232983,191500
2020-10-13,13.450000,13.470000,13.420000,13.440000,11.241346,91300
2020-10-14,13.370000,13.430000,13.360000,13.420000,11.276637,102500
2020-10-15,13.410000,13.420000,13.370000,13.420000,11.276637,74300
2020-10-16,13.420000,13.420000,13.360000,13.380000,11.243026,173600
2020-10-19,13.390000,13.410000,13.370000,13.390000,11.251434,178700
2020-10-20,13.370000,13.410000,13.360000,13.370000,11.234621,197700
2020-10-21,13.390000,13.390000,13.330000,13.350000,11.217820,162200
2020-10-22,13.350000,13.370000,13.310000,13.330000,11.201013,91500
2020-10-23,13.360000,13.370000,13.300000,13.300000,11.175806,139100
2020-10-26,13.290000,13.330000,13.220000,13.280000,11.158997,204000
2020-10-27,13.290000,13.350000,13.280000,13.350000,11.217820,162000
2020-10-28,13.290000,13.290000,13.200000,13.260000,11.142196,258600
2020-10-29,13.260000,13.270000,13.200000,13.250000,11.133787,101600
2020-10-30,13.250000,13.270000,13.200000,13.220000,11.108581,129000
2020-11-02,13.270000,13.330000,13.220000,13.240000,11.125385,183500
2020-11-03,13.280000,13.310000,13.240000,13.250000,11.133787,145600
2020-11-04,13.300000,13.380000,13.300000,13.370000,11.234621,114700
2020-11-05,13.390000,13.450000,13.370000,13.420000,11.276637,199600
2020-11-06,13.420000,13.450000,13.370000,13.420000,11.276637,198700
2020-11-09,13.450000,13.490000,13.420000,13.490000,11.335457,269900
2020-11-10,13.480000,13.530000,13.430000,13.530000,11.369069,289700
2020-11-11,13.540000,13.540000,13.480000,13.490000,11.335457,255600
2020-11-12,13.430000,13.500000,13.430000,13.450000,11.354031,131600
2020-11-13,13.440000,13.470000,13.420000,13.450000,11.354031,173200
2020-11-16,13.440000,13.490000,13.430000,13.480000,11.379353,262100
2020-11-17,13.480000,13.490000,13.470000,13.480000,11.379353,211000
2020-11-18,13.480000,13.500000,13.480000,13.490000,11.387796,160200
2020-11-19,13.490000,13.560000,13.480000,13.500000,11.396238,259500
2020-11-20,13.500000,13.540000,13.500000,13.520000,11.413122,138600
2020-11-23,13.530000,13.590000,13.530000,13.570000,11.455329,237900
2020-11-24,13.580000,13.610000,13.580000,13.600000,11.480659,152600
2020-11-25,13.600000,13.750000,13.600000,13.750000,11.607279,218700
2020-11-27,13.800000,13.870000,13.750000,13.780000,11.632604,165700
2020-11-30,13.780000,13.800000,13.730000,13.770000,11.624164,169600
2020-12-01,13.800000,13.800000,13.750000,13.790000,11.641047,210500
2020-12-02,13.750000,13.860000,13.750000,13.810000,11.657928,240900
2020-12-03,13.840000,13.960000,13.810000,13.830000,11.674812,292100
2020-12-04,13.840000,13.970000,13.830000,13.900000,11.733907,290500
2020-12-07,13.920000,14.030000,13.890000,13.940000,11.767672,309300
2020-12-08,13.950000,14.030000,13.920000,13.990000,11.809878,182400
2020-12-09,14.030000,14.050000,13.950000,13.990000,11.809878,303300
2020-12-10,13.990000,14.100000,13.990000,14.080000,11.885854,203600
2020-12-11,14.070000,14.250000,14.070000,14.250000,12.029364,280900
2020-12-14,14.150000,14.190000,13.980000,14.030000,11.895399,333200
2020-12-15,14.030000,14.040000,14.000000,14.030000,11.895399,199800
2020-12-16,14.010000,14.030000,13.920000,13.970000,11.844530,192800
2020-12-17,13.980000,14.020000,13.920000,13.960000,11.836050,209600
2020-12-18,13.920000,14.040000,13.920000,13.980000,11.853010,200500
2020-12-21,13.990000,14.040000,13.960000,14.030000,11.895399,201100
2020-12-22,14.030000,14.200000,14.000000,14.200000,12.039538,259400
2020-12-23,14.180000,14.220000,14.100000,14.160000,12.005623,170100
2020-12-24,14.190000,14.240000,14.180000,14.230000,12.064971,118700
2020-12-28,14.140000,14.240000,14.060000,14.150000,11.997144,335900
2020-12-29,14.160000,14.190000,14.140000,14.190000,12.031060,127000
2020-12-30,14.200000,14.250000,14.160000,14.250000,12.081932,143900
2020-12-31,14.260000,14.420000,14.260000,14.420000,12.226065,218600
2021-01-04,14.360000,14.370000,14.190000,14.210000,12.048016,326700
2021-01-05,14.200000,14.250000,14.180000,14.190000,12.031060,126300
2021-01-06,14.190000,14.230000,14.150000,14.180000,12.022582,278900
2021-01-07,14.150000,14.240000,14.110000,14.230000,12.064971,214700
2021-01-08,14.210000,14.290000,14.210000,14.250000,12.081932,154600
2021-01-11,14.250000,14.300000,14.180000,14.210000,12.048016,214200
2021-01-12,14.200000,14.350000,14.200000,14.260000,12.090411,189900
2021-01-13,14.250000,14.390000,14.250000,14.280000,12.107363,205500
2021-01-14,14.220000,14.280000,14.210000,14.250000,12.134618,116000
2021-01-15,14.250000,14.250000,14.210000,14.220000,12.109068,163500
2021-01-19,14.240000,14.250000,14.210000,14.220000,12.109068,148400
2021-01-20,14.250000,14.310000,14.230000,14.270000,12.151646,160300
2021-01-21,14.290000,14.350000,14.280000,14.310000,12.185706,116000
2021-01-22,14.310000,14.380000,14.270000,14.310000,12.185706,226700
2021-01-25,14.330000,14.400000,14.320000,14.390000,12.253833,211300
2021-01-26,14.340000,14.400000,14.320000,14.370000,12.236802,178800
2021-01-27,14.350000,14.400000,14.320000,14.350000,12.219770,140900
2021-01-28,14.360000,14.430000,14.360000,14.410000,12.270864,160900
2021-01-29,14.370000,14.440000,14.320000,14.420000,12.279379,176800
2021-02-01,14.420000,14.520000,14.420000,14.460000,12.313442,226600
2021-02-02,14.450000,14.510000,14.440000,14.440000,12.296411,220300
2021-02-03,14.430000,14.500000,14.430000,14.460000,12.313442,171600
2021-02-04,14.440000,14.500000,14.380000,14.440000,12.296411,177400
2021-02-05,14.470000,14.540000,14.460000,14.510000,12.356022,239300
2021-02-08,14.540000,14.630000,14.520000,14.590000,12.424145,302000
2021-02-09,14.570000,14.880000,14.530000,14.680000,12.500783,263600
2021-02-10,14.730000,14.760000,14.660000,14.730000,12.543362,208900
2021-02-11,14.650000,14.860000,14.630000,14.860000,12.707547,186800
2021-02-12,14.830000,14.830000,14.620000,14.690000,12.562174,227900
2021-02-16,14.640000,14.640000,14.530000,14.550000,12.442451,295100
2021-02-17,14.610000,14.620000,14.560000,14.620000,12.502314,171600
2021-02-18,14.560000,14.580000,14.340000,14.490000,12.391141,410200
2021-02-19,14.480000,14.510000,14.350000,14.440000,12.348388,252500
2021-02-22,14.450000,14.460000,14.250000,14.290000,12.220114,407000
2021-02-23,14.150000,14.230000,13.940000,14.040000,12.006325,577500
2021-02-24,14.010000,14.190000,13.900000,14.160000,12.108944,397000
2021-02-25,14.130000,14.200000,14.020000,14.080000,12.040532,256200
2021-02-26,14.110000,14.190000,14.080000,14.170000,12.117495,210200
2021-03-01,14.220000,14.330000,14.180000,14.270000,12.203011,237300
2021-03-02,14.300000,14.470000,14.280000,14.450000,12.356939,198300
2021-03-03,14.450000,14.510000,14.380000,14.430000,12.339837,123000
2021-03-04,14.470000,14.510000,14.340000,14.360000,12.279973,204100
2021-03-05,14.410000,14.450000,14.330000,14.390000,12.305626,99800
2021-03-08,14.420000,14.420000,14.310000,14.330000,12.254317,146600
2021-03-09,14.390000,14.540000,14.340000,14.430000,12.339837,257100
2021-03-10,14.480000,14.480000,14.340000,14.390000,12.305626,283900
2021-03-11,14.410000,14.500000,14.360000,14.400000,12.314178,352800
2021-03-12,14.340000,14.370000,14.280000,14.300000,12.281545,114700
2021-03-15,14.320000,14.390000,14.270000,14.330000,12.307305,188000
2021-03-16,14.350000,14.360000,14.260000,14.330000,12.307305,116500
2021-03-17,14.330000,14.370000,14.290000,14.330000,12.307305,89400
2021-03-18,14.290000,14.330000,14.240000,14.310000,12.290130,194200
2021-03-19,14.270000,14.380000,14.230000,14.350000,12.324484,219500
2021-03-22,14.330000,14.390000,14.320000,14.320000,12.298721,129000
2021-03-23,14.310000,14.320000,14.260000,14.320000,12.298721,135100
2021-03-24,14.290000,14.350000,14.250000,14.290000,12.272955,135700
2021-03-25,14.280000,14.350000,14.260000,14.300000,12.281545,174000
2021-03-26,14.310000,14.360000,14.290000,14.330000,12.307305,165000
2021-03-29,14.340000,14.370000,14.310000,14.370000,12.341662,177700
2021-03-30,14.350000,14.410000,14.330000,14.410000,12.376017,114200
2021-03-31,14.410000,14.450000,14.350000,14.430000,12.393195,189100
2021-04-01,14.450000,14.490000,14.420000,14.470000,12.427548,191300
2021-04-05,14.510000,14.570000,14.490000,14.510000,12.461904,206900
2021-04-06,14.500000,14.630000,14.490000,14.610000,12.547785,203800
2021-04-07,14.610000,14.690000,14.560000,14.620000,12.556375,279600
2021-04-08,14.650000,14.750000,14.620000,14.740000,12.659436,196600
2021-04-09,14.750000,14.780000,14.700000,14.700000,12.625083,160000
2021-04-12,14.760000,14.770000,14.680000,14.720000,12.642262,171200
2021-04-13,14.750000,14.800000,14.710000,14.800000,12.710969,212600
2021-04-14,14.760000,14.800000,14.640000,14.700000,12.680775,262400
2021-04-15,14.740000,14.750000,14.660000,14.730000,12.706656,180600
2021-04-16,14.680000,14.750000,14.600000,14.710000,12.689404,167400
2021-04-19,14.710000,14.800000,14.660000,14.740000,12.715281,241100
2021-04-20,14.750000,14.770000,14.680000,14.740000,12.715281,176100
2021-04-21,14.710000,14.800000,14.710000,14.730000,12.706656,116300
2021-04-22,14.740000,14.790000,14.700000,14.740000,12.715281,181300
2021-04-23,14.720000,14.830000,14.720000,14.830000,12.792918,145800
2021-04-26,14.860000,14.870000,14.760000,14.840000,12.801547,167300
2021-04-27,14.940000,15.180000,14.780000,14.830000,12.792918,214500
2021-04-28,14.840000,14.950000,14.820000,14.900000,12.853300,210700
2021-04-29,14.870000,14.910000,14.740000,14.760000,12.732537,275600
2021-04-30,14.720000,14.840000,14.710000,14.840000,12.801547,171900
2021-05-03,14.870000,14.960000,14.840000,14.900000,12.853300,286300
2021-05-04,14.920000,14.950000,14.840000,14.950000,12.896435,294000
2021-05-05,14.980000,15.100000,14.910000,15.050000,12.982698,381400
2021-05-06,15.030000,15.190000,15.010000,15.120000,13.043083,259600
2021-05-07,15.150000,15.180000,15.040000,15.070000,12.999952,328100
2021-05-10,15.100000,15.150000,15.060000,15.140000,13.060336,174300
2021-05-11,15.140000,15.200000,15.090000,15.180000,13.094844,244900
2021-05-12,15.160000,15.190000,14.700000,14.860000,12.818796,550600
2021-05-13,14.800000,14.890000,14.740000,14.750000,12.779810,381100
2021-05-14,14.800000,14.840000,14.730000,14.760000,12.788473,246700
2021-05-17,14.780000,14.810000,14.740000,14.780000,12.805799,219400
2021-05-18,14.790000,14.790000,14.700000,14.730000,12.762480,242700
2021-05-19,14.730000,14.800000,14.630000,14.650000,12.693164,497000
2021-05-20,14.660000,14.770000,14.600000,14.710000,12.745154,272400
2021-05-21,14.740000,14.890000,14.720000,14.770000,12.797138,282800
2021-05-24,14.770000,14.810000,14.700000,14.810000,12.831793,270200
2021-05-25,14.820000,14.950000,14.790000,14.930000,12.935766,217200
2021-05-26,14.920000,15.000000,14.910000,14.990000,12.987751,177500
2021-05-27,15.000000,15.050000,14.920000,14.950000,12.953094,257600
2021-05-28,14.940000,15.040000,14.880000,15.040000,13.031071,175300
2021-06-01,15.050000,15.110000,15.010000,15.090000,13.074396,269200
2021-06-02,15.100000,15.170000,15.070000,15.110000,13.091722,187700
2021-06-03,15.130000,15.180000,15.100000,15.140000,13.117715,233700
2021-06-04,15.140000,15.160000,15.030000,15.050000,13.039738,311700
2021-06-07,15.060000,15.150000,15.020000,15.070000,13.057068,365100
2021-06-08,15.090000,15.120000,15.010000,15.050000,13.039738,211900
2021-06-09,15.100000,15.130000,15.060000,15.120000,13.100387,155100
2021-06-10,15.130000,15.150000,15.080000,15.130000,13.109051,262900
2021-06-11,15.120000,15.200000,15.100000,15.190000,13.161036,269800
2021-06-14,15.160000,15.220000,15.090000,15.160000,13.191493,361100
2021-06-15,15.190000,15.200000,15.130000,15.150000,13.182791,194100
2021-06-16,15.130000,15.170000,15.050000,15.090000,13.130582,305200
2021-06-17,15.100000,15.200000,15.060000,15.200000,13.226295,238400
2021-06-18,15.200000,15.200000,15.100000,15.140000,13.174088,249000
2021-06-21,15.130000,15.150000,15.040000,15.120000,13.156685,171400
2021-06-22,15.140000,15.150000,15.120000,15.130000,13.165390,145800
2021-06-23,15.130000,15.200000,15.110000,15.110000,13.147985,183700
2021-06-24,15.180000,15.230000,15.120000,15.220000,13.243703,146800
2021-06-25,15.190000,15.210000,15.140000,15.140000,13.174088,158800
2021-06-28,15.150000,15.250000,15.140000,15.220000,13.243703,215800
2021-06-29,15.240000,15.370000,15.170000,15.180000,13.208895,292600
2021-06-30,15.200000,15.410000,15.200000,15.390000,13.391628,209900
2021-07-01,15.390000,15.470000,15.350000,15.440000,13.435134,277200
2021-07-02,15.440000,15.550000,15.400000,15.500000,13.487341,211200
2021-07-06,15.500000,15.600000,15.460000,15.530000,13.513448,178200
2021-07-07,15.540000,15.590000,15.500000,15.550000,13.530849,202900
2021-07-08,15.550000,15.680000,15.510000,15.620000,13.591764,243000
2021-07-09,15.640000,15.770000,15.580000,15.690000,13.652671,393600
2021-07-12,15.700000,15.810000,15.690000,15.730000,13.687482,483800
2021-07-13,15.780000,15.860000,15.750000,15.810000,13.757089,330200
2021-07-14,15.780000,15.780000,15.670000,15.720000,13.735249,219400
2021-07-15,15.700000,15.720000,15.510000,15.530000,13.569237,320900
2021-07-16,15.530000,15.550000,15.260000,15.430000,13.481865,611400
2021-07-19,15.380000,15.410000,15.260000,15.370000,13.429437,497600
2021-07-20,15.390000,15.510000,15.370000,15.480000,13.525546,271300
2021-07-21,15.470000,15.570000,15.430000,15.520000,13.560500,210200
2021-07-22,15.470000,15.530000,15.390000,15.390000,13.446916,220600
2021-07-23,15.430000,15.550000,15.370000,15.550000,13.586708,179800
2021-07-26,15.550000,15.680000,15.500000,15.650000,13.674082,257400
2021-07-27,15.680000,15.710000,15.500000,15.540000,13.577972,316000
2021-07-28,15.540000,15.680000,15.510000,15.580000,13.612925,212800
2021-07-29,15.570000,15.670000,15.540000,15.580000,13.612925,185400
2021-07-30,15.560000,15.560000,15.400000,15.400000,13.455648,532000
2021-08-02,15.410000,15.490000,15.370000,15.430000,13.481865,441800
2021-08-03,15.430000,15.500000,15.390000,15.490000,13.534285,211300
2021-08-04,15.490000,15.550000,15.450000,15.490000,13.534285,150400
2021-08-05,15.460000,15.520000,15.410000,15.420000,13.473125,380900
2021-08-06,15.410000,15.430000,15.310000,15.400000,13.455648,226300
2021-08-09,15.400000,15.490000,15.390000,15.460000,13.508075,244600
2021-08-10,15.510000,15.600000,15.470000,15.600000,13.630399,242300
2021-08-11,15.640000,15.690000,15.570000,15.690000,13.709035,287300
2021-08-12,15.630000,15.630000,15.440000,15.490000,13.590590,306500
2021-08-13,15.590000,15.590000,15.450000,15.530000,13.625683,236200
2021-08-16,15.570000,15.580000,15.400000,15.430000,13.537945,360200
2021-08-17,15.450000,15.470000,15.400000,15.470000,13.573041,164400
2021-08-18,15.470000,15.500000,15.410000,15.440000,13.546719,223200
2021-08-19,15.400000,15.500000,15.380000,15.470000,13.573041,225200
2021-08-20,15.500000,15.510000,15.380000,15.420000,13.529174,306900
2021-08-23,15.430000,15.510000,15.420000,15.510000,13.608136,253200
2021-08-24,15.510000,15.630000,15.490000,15.580000,13.669552,331000
2021-08-25,15.550000,15.600000,15.500000,15.500000,13.599362,174300
2021-08-26,15.510000,15.550000,15.330000,15.350000,13.467755,630700
2021-08-27,15.360000,15.440000,15.340000,15.380000,13.494076,301300
2021-08-30,15.370000,15.430000,15.320000,15.350000,13.467755,336700
2021-08-31,15.370000,15.410000,15.320000,15.350000,13.467755,295500
2021-09-01,15.380000,15.410000,15.320000,15.350000,13.467755,254600
2021-09-02,15.390000,15.390000,15.300000,15.310000,13.432659,417500
2021-09-03,15.310000,15.320000,15.100000,15.230000,13.362473,562500
2021-09-07,15.210000,15.220000,15.080000,15.210000,13.344921,366200
2021-09-08,15.170000,15.210000,15.120000,15.170000,13.309826,275700
2021-09-09,15.150000,15.210000,15.140000,15.140000,13.283509,320100
2021-09-10,15.150000,15.230000,15.150000,15.210000,13.344921,218300
2021-09-13,15.200000,15.300000,15.180000,15.230000,13.362473,473900
2021-09-14,15.150000,15.230000,15.140000,15.200000,13.393311,316700
2021-09-15,15.230000,15.300000,15.190000,15.230000,13.419746,238100
2021-09-16,15.210000,15.210000,15.110000,15.110000,13.314008,332700
2021-09-17,15.110000,15.180000,15.100000,15.160000,13.358066,180800
2021-09-20,15.130000,15.160000,15.070000,15.110000,13.314008,305100
2021-09-21,15.130000,15.150000,15.090000,15.140000,13.340444,215600
2021-09-22,15.150000,15.210000,15.120000,15.170000,13.366874,240600
2021-09-23,15.160000,15.180000,15.100000,15.150000,13.349253,418100
2021-09-24,15.160000,15.160000,15.060000,15.080000,13.287573,322900
2021-09-27,15.080000,15.080000,14.950000,15.020000,13.234705,474800
2021-09-28,14.940000,14.960000,14.750000,14.820000,13.058476,855200
2021-09-29,14.830000,14.890000,14.770000,14.780000,13.023234,375700
2021-09-30,14.790000,14.820000,14.640000,14.760000,13.005608,540100
2021-10-01,14.780000,14.800000,14.620000,14.730000,12.979176,285300
2021-10-04,14.750000,14.780000,14.690000,14.730000,12.979176,300600
2021-10-05,14.750000,14.780000,14.650000,14.670000,12.926308,399300
2021-10-06,14.640000,14.670000,14.410000,14.620000,12.882249,645600
2021-10-07,14.670000,14.820000,14.640000,14.730000,12.979176,265700
2021-10-08,14.720000,14.750000,14.670000,14.690000,12.943928,199600
2021-10-11,14.740000,14.760000,14.650000,14.700000,12.952741,154300
2021-10-12,14.710000,14.780000,14.660000,14.690000,12.943928,290900
2021-10-13,14.700000,14.880000,14.700000,14.820000,13.058476,260900
2021-10-14,14.860000,14.860000,14.670000,14.700000,13.009802,361400
2021-10-15,14.710000,14.720000,14.620000,14.640000,12.956699,312300
2021-10-18,14.640000,14.670000,14.580000,14.640000,12.956699,293000
2021-10-19,14.650000,14.660000,14.580000,14.620000,12.938998,169700
2021-10-20,14.620000,14.670000,14.580000,14.590000,12.912448,195700
2021-10-21,14.620000,14.620000,14.480000,14.510000,12.841647,246900
2021-10-22,14.560000,14.600000,14.490000,14.600000,12.921299,249500
2021-10-25,14.590000,14.590000,14.480000,14.520000,12.850499,380800
2021-10-26,14.520000,14.580000,14.410000,14.540000,12.868196,307200
2021-10-27,14.540000,14.580000,14.470000,14.560000,12.885899,178100
2021-10-28,14.580000,14.620000,14.500000,14.600000,12.921299,276900
2021-10-29,14.580000,14.740000,14.560000,14.710000,13.018653,239900
2021-11-01,14.710000,14.840000,14.670000,14.730000,13.036351,380200
2021-11-02,14.770000,14.840000,14.730000,14.800000,13.098304,279100
2021-11-03,14.800000,14.810000,14.660000,14.690000,13.000949,267300
2021-11-04,14.690000,14.800000,14.690000,14.730000,13.036351,230500
2021-11-05,14.800000,14.880000,14.780000,14.800000,13.098304,367100
2021-11-08,14.830000,14.890000,14.810000,14.820000,13.116003,439800
2021-11-09,14.850000,14.890000,14.820000,14.870000,13.160253,234400
2021-11-10,14.870000,14.950000,14.840000,14.900000,13.186805,412300
2021-11-11,14.920000,14.950000,14.860000,14.920000,13.204506,412700
2021-11-12,14.890000,14.930000,14.830000,14.930000,13.271173,235400
2021-11-15,14.940000,14.950000,14.830000,14.880000,13.226728,196000
2021-11-16,14.860000,14.960000,14.830000,14.890000,13.235616,312500
2021-11-17,14.860000,14.880000,14.830000,14.840000,13.191172,155900
2021-11-18,14.840000,14.870000,14.800000,14.820000,13.173393,246900
2021-11-19,14.840000,14.880000,14.830000,14.880000,13.226728,220700
2021-11-22,14.860000,14.890000,14.810000,14.870000,13.217840,182700
2021-11-23,14.870000,14.870000,14.800000,14.860000,13.208952,209800
2021-11-24,14.850000,14.850000,14.750000,14.810000,13.164505,171200
2021-11-26,14.760000,14.850000,14.650000,14.790000,13.146725,197700
2021-11-29,14.820000,14.890000,14.750000,14.880000,13.226728,276300
2021-11-30,14.890000,14.930000,14.730000,14.840000,13.191172,260200
2021-12-01,14.870000,14.910000,14.800000,14.880000,13.226728,244300
2021-12-02,14.880000,14.940000,14.850000,14.930000,13.271173,249400
2021-12-03,14.930000,14.940000,14.750000,14.920000,13.262285,240900
2021-12-06,14.920000,14.920000,14.800000,14.910000,13.253393,204900
2021-12-07,14.940000,15.000000,14.920000,14.970000,13.306727,281000
2021-12-08,14.950000,15.040000,14.900000,14.990000,13.324505,299400
2021-12-09,14.990000,15.050000,14.920000,14.930000,13.271173,289900
2021-12-10,14.950000,15.050000,14.940000,15.030000,13.360063,213000
2021-12-13,15.030000,15.030000,14.940000,14.970000,13.306727,346300
2021-12-14,14.900000,14.990000,14.900000,14.960000,13.355834,273000
2021-12-15,14.960000,14.960000,14.810000,14.850000,13.257628,270200
2021-12-16,14.870000,14.910000,14.830000,14.890000,13.293337,200400
2021-12-17,14.850000,15.130000,14.850000,15.020000,13.409396,249800
2021-12-20,14.990000,15.040000,14.910000,14.940000,13.337977,145400
2021-12-21,14.920000,15.000000,14.840000,15.000000,13.391541,243500
2021-12-22,15.000000,15.030000,14.930000,15.030000,13.418326,198800
2021-12-23,15.040000,15.190000,15.030000,15.070000,13.454033,267600
2021-12-27,15.110000,15.140000,15.090000,15.140000,13.516531,133700
2021-12-28,15.140000,15.160000,15.090000,15.150000,13.525455,121300
2021-12-29,15.130000,15.160000,15.020000,15.120000,13.498676,255700
2021-12-30,15.090000,15.120000,15.030000,15.100000,13.480818,224000
2021-12-31,15.120000,15.160000,15.090000,15.120000,13.498676,321300
2022-01-03,15.120000,15.150000,15.040000,15.100000,13.480818,414600
2022-01-04,15.080000,15.120000,15.010000,15.070000,13.454033,401800
2022-01-05,15.070000,15.190000,14.920000,14.940000,13.337977,531200
2022-01-06,14.900000,15.050000,14.830000,14.920000,13.320120,888800
2022-01-07,14.920000,14.980000,14.850000,14.970000,13.364758,342600
2022-01-10,14.940000,15.000000,14.860000,14.970000,13.364758,309700
2022-01-11,14.970000,15.010000,14.950000,14.960000,13.355834,289200
2022-01-12,14.990000,15.010000,14.960000,15.000000,13.391541,301300
2022-01-13,14.900000,14.940000,14.800000,14.860000,13.324292,372200
2022-01-14,14.810000,14.810000,14.620000,14.630000,13.118063,570200
2022-01-18,14.570000,14.710000,14.280000,14.300000,12.822165,743700
2022-01-19,14.330000,14.430000,14.050000,14.140000,12.678700,704200
2022-01-20,14.170000,14.300000,14.120000,14.160000,12.696632,455600
2022-01-21,14.160000,14.260000,14.120000,14.130000,12.669732,384500
2022-01-24,14.100000,14.160000,14.010000,14.140000,12.678700,417400
2022-01-25,14.110000,14.370000,14.110000,14.300000,12.822165,271400
2022-01-26,14.300000,14.360000,14.200000,14.200000,12.732498,233900
2022-01-27,14.240000,14.320000,14.200000,14.250000,12.777333,272800
2022-01-28,14.230000,14.280000,14.200000,14.220000,12.750433,220700
2022-01-31,14.200000,14.210000,14.130000,14.210000,12.741466,260600
2022-02-01,14.230000,14.350000,14.190000,14.260000,12.786299,375000
2022-02-02,14.270000,14.330000,14.200000,14.210000,12.741466,521400
2022-02-03,14.150000,14.240000,14.150000,14.180000,12.714566,321500
2022-02-04,14.140000,14.160000,14.000000,14.000000,12.553168,569000
2022-02-07,14.020000,14.200000,14.010000,14.170000,12.705601,360500
2022-02-08,14.260000,14.260000,14.080000,14.090000,12.633868,390300
2022-02-09,14.130000,14.130000,14.040000,14.080000,12.624901,276500
2022-02-10,14.050000,14.160000,14.040000,14.080000,12.624901,225600
2022-02-11,14.070000,14.110000,13.960000,14.010000,12.562137,477200
2022-02-14,13.900000,13.940000,13.600000,13.660000,12.305397,776500
2022-02-15,13.670000,13.700000,13.460000,13.510000,12.170273,650700
2022-02-16,13.500000,13.630000,13.360000,13.610000,12.260358,514500
2022-02-17,13.610000,13.760000,13.590000,13.650000,12.296389,432200
2022-02-18,13.660000,13.730000,13.630000,13.710000,12.350441,239600
2022-02-22,13.560000,13.560000,13.410000,13.450000,12.116224,578000
2022-02-23,13.480000,13.530000,13.410000,13.430000,12.098205,285400
2022-02-24,13.350000,13.520000,13.300000,13.450000,12.116224,634800
2022-02-25,13.480000,13.600000,13.420000,13.530000,12.188288,373900
2022-02-28,13.510000,13.760000,13.510000,13.760000,12.395480,307500
2022-03-01,13.810000,13.940000,13.790000,13.890000,12.512592,288600
2022-03-02,13.890000,13.930000,13.820000,13.820000,12.449532,331600
2022-03-03,13.880000,13.940000,13.850000,13.930000,12.548623,193300
2022-03-04,13.910000,13.930000,13.810000,13.880000,12.503582,192100
2022-03-07,13.850000,13.870000,13.650000,13.690000,12.332423,246500
2022-03-08,13.650000,13.730000,13.560000,13.710000,12.350441,279900
2022-03-09,13.720000,13.750000,13.660000,13.740000,12.377465,215100
2022-03-10,13.660000,13.690000,13.510000,13.560000,12.215314,235600
2022-03-11,13.550000,13.600000,13.500000,13.550000,12.206305,324300
2022-03-14,13.430000,13.460000,13.340000,13.360000,12.093159,432900
2022-03-15,13.360000,13.360000,13.270000,13.310000,12.047903,311800
2022-03-16,13.300000,13.310000,13.090000,13.300000,12.038849,760300
2022-03-17,13.300000,13.370000,13.270000,13.290000,12.029796,410000
2022-03-18,13.280000,13.450000,13.280000,13.370000,12.102211,1045400
2022-03-21,13.340000,13.370000,13.300000,13.330000,12.066001,404100
2022-03-22,13.290000,13.290000,13.210000,13.210000,11.957385,299400
2022-03-23,13.210000,13.210000,13.130000,13.180000,11.930227,273700
2022-03-24,13.150000,13.160000,13.100000,13.100000,11.857814,333400
2022-03-25,13.100000,13.100000,12.950000,13.000000,11.767297,503700
2022-03-28,13.020000,13.080000,12.830000,12.860000,11.640570,436000
2022-03-29,12.860000,12.950000,12.770000,12.910000,11.685830,483600
2022-03-30,12.890000,13.040000,12.890000,13.010000,11.776348,378700
2022-03-31,13.040000,13.100000,12.990000,13.010000,11.776348,582300
2022-04-01,13.030000,13.140000,12.990000,13.140000,11.894020,289600
2022-04-04,13.150000,13.200000,13.100000,13.130000,11.884969,339000
2022-04-05,13.100000,13.140000,12.940000,12.960000,11.731088,344600
2022-04-06,12.880000,12.900000,12.740000,12.810000,11.595313,611100
2022-04-07,12.800000,12.830000,12.680000,12.730000,11.522898,317200
2022-04-08,12.690000,12.730000,12.570000,12.610000,11.414276,456400
2022-04-11,12.570000,12.600000,12.460000,12.470000,11.287553,488700
2022-04-12,12.490000,12.580000,12.380000,12.380000,11.206086,828700
2022-04-13,12.310000,12.390000,12.190000,12.280000,11.174235,527900
2022-04-14,12.300000,12.300000,11.930000,11.990000,10.910352,973100
2022-04-18,11.990000,12.050000,11.920000,11.980000,10.901251,781800
2022-04-19,11.950000,11.980000,11.810000,11.950000,10.873953,557900
2022-04-20,11.950000,12.090000,11.860000,12.040000,10.955849,1265900
2022-04-21,12.070000,12.120000,11.950000,12.050000,10.964949,425900
2022-04-22,12.050000,12.150000,11.920000,12.100000,11.010446,632400
2022-04-25,12.130000,12.420000,12.110000,12.310000,11.201534,1964800
2022-04-26,12.330000,12.480000,12.310000,12.410000,11.292529,1308800
2022-04-27,12.430000,12.460000,12.230000,12.280000,11.174235,591900
2022-04-28,12.290000,12.410000,12.250000,12.380000,11.265233,541600
2022-04-29,12.300000,12.350000,12.150000,12.220000,11.119639,791600
2022-05-02,12.230000,12.240000,12.110000,12.130000,11.037744,368800
2022-05-03,12.200000,12.260000,12.150000,12.180000,11.083243,438500
2022-05-04,12.150000,12.240000,12.120000,12.200000,11.101442,685100
2022-05-05,12.140000,12.150000,12.040000,12.140000,11.046844,510100
2022-05-06,12.130000,12.210000,12.070000,12.090000,11.001347,633100
2022-05-09,12.010000,12.090000,11.940000,12.000000,10.919452,638800
2022-05-10,12.030000,12.230000,11.910000,11.930000,10.855753,537600
2022-05-11,11.900000,11.980000,11.870000,11.890000,10.819357,770500
2022-05-12,11.800000,11.890000,11.800000,11.850000,10.842228,458700
2022-05-13,11.830000,11.830000,11.730000,11.750000,10.750734,567100
2022-05-16,11.730000,11.790000,11.550000,11.570000,10.586041,567600
2022-05-17,11.580000,11.590000,11.500000,11.510000,10.531146,544500
2022-05-18,11.500000,11.500000,11.100000,11.190000,10.238358,784600
2022-05-19,11.150000,11.420000,11.120000,11.390000,10.421350,562700
2022-05-20,11.420000,11.490000,11.360000,11.430000,10.457949,664500
2022-05-23,11.440000,11.700000,11.410000,11.550000,10.567744,609900
2022-05-24,11.560000,11.730000,11.560000,11.670000,10.677537,744300
2022-05-25,11.740000,12.240000,11.740000,12.240000,11.199060,1226700
2022-05-26,12.210000,12.420000,12.050000,12.380000,11.327154,1045400
2022-05-27,12.430000,12.630000,12.410000,12.540000,11.473548,822200
2022-05-31,12.540000,12.540000,12.410000,12.460000,11.400353,669500
2022-06-01,12.530000,12.650000,12.480000,12.650000,11.574194,485900
2022-06-02,12.600000,12.770000,12.560000,12.710000,11.629091,587800
2022-06-03,12.600000,12.710000,12.510000,12.540000,11.473548,473100
2022-06-06,12.540000,12.580000,12.340000,12.400000,11.345454,400600
2022-06-07,12.370000,12.510000,12.340000,12.430000,11.372903,494800
2022-06-08,12.430000,12.480000,12.270000,12.290000,11.244810,284200
2022-06-09,12.250000,12.310000,12.140000,12.160000,11.125865,329800
2022-06-10,12.100000,12.100000,12.010000,12.030000,11.006923,464700
2022-06-13,11.840000,11.900000,11.560000,11.600000,10.613489,780600
2022-06-14,11.510000,11.580000,11.300000,11.420000,10.507677,652200
2022-06-15,11.440000,11.500000,11.140000,11.250000,10.351259,845600
2022-06-16,11.100000,11.130000,10.940000,10.990000,10.112029,991300
2022-06-17,11.100000,11.210000,10.980000,11.030000,10.148832,650600
2022-06-21,11.090000,11.150000,11.010000,11.050000,10.167235,592000
2022-06-22,11.090000,11.260000,11.080000,11.210000,10.314453,703900
2022-06-23,11.300000,11.420000,11.220000,11.300000,10.397264,623600
2022-06-24,11.310000,11.470000,11.310000,11.420000,10.507677,413100
2022-06-27,11.400000,11.460000,11.270000,11.370000,10.461671,485800
2022-06-28,11.430000,11.570000,11.320000,11.470000,10.553683,467300
2022-06-29,11.530000,11.650000,11.480000,11.570000,10.645694,918400
2022-06-30,11.560000,11.800000,11.520000,11.700000,10.765307,705600
2022-07-01,11.810000,11.940000,11.790000,11.930000,10.976934,422400
2022-07-05,11.930000,12.100000,11.750000,12.050000,11.087346,564000
2022-07-06,12.090000,12.160000,12.020000,12.070000,11.105750,375200
2022-07-07,12.020000,12.060000,11.900000,11.960000,11.004538,469700
2022-07-08,11.950000,12.000000,11.850000,11.980000,11.022939,304900
2022-07-11,12.000000,12.080000,11.940000,12.000000,11.041341,708100
2022-07-12,12.020000,12.070000,11.960000,11.970000,11.013739,512000
2022-07-13,11.900000,12.010000,11.850000,11.960000,11.004538,547700
2022-07-14,11.850000,11.990000,11.810000,11.920000,11.022107,406900
2022-07-15,11.990000,12.030000,11.890000,11.920000,11.022107,297100
2022-07-18,11.940000,11.980000,11.810000,11.870000,10.975872,614200
2022-07-19,11.860000,11.910000,11.820000,11.860000,10.966625,333600
2022-07-20,11.860000,11.920000,11.750000,11.800000,10.911145,580100
2022-07-21,11.800000,11.870000,11.770000,11.820000,10.929638,446900
2022-07-22,11.840000,11.910000,11.830000,11.890000,10.994366,453500
2022-07-25,11.890000,11.890000,11.830000,11.840000,10.948133,323300
2022-07-26,11.840000,11.930000,11.800000,11.840000,10.948133,310400
2022-07-27,11.860000,11.990000,11.830000,11.970000,11.068339,645000
2022-07-28,12.000000,12.150000,11.990000,12.140000,11.225533,527400
2022-07-29,12.190000,12.350000,12.150000,12.350000,11.419715,517700
2022-08-01,12.420000,12.510000,12.350000,12.410000,11.475196,766000
2022-08-02,12.420000,12.540000,12.410000,12.410000,11.475196,460300
2022-08-03,12.490000,12.520000,12.460000,12.510000,11.567663,370600
2022-08-04,12.520000,12.550000,12.430000,12.440000,11.502934,390400
2022-08-05,12.400000,12.460000,12.320000,12.340000,11.410469,343500
2022-08-08,12.390000,12.440000,12.340000,12.380000,11.447455,335100
2022-08-09,12.400000,12.420000,12.250000,12.350000,11.419715,393900
2022-08-10,12.380000,12.430000,12.370000,12.400000,11.465948,788800
2022-08-11,12.490000,12.570000,12.380000,12.420000,11.484443,614200
2022-08-12,12.430000,12.460000,12.330000,12.430000,11.548550,241500
2022-08-15,12.430000,12.470000,12.370000,12.440000,11.557839,548500
2022-08-16,12.450000,12.450000,12.330000,12.410000,11.529968,349200
2022-08-17,12.360000,12.370000,12.260000,12.280000,11.409186,261600
2022-08-18,12.280000,12.360000,12.190000,12.240000,11.372024,416400
2022-08-19,12.140000,12.140000,12.000000,12.090000,11.232659,393100
2022-08-22,12.060000,12.070000,12.010000,12.020000,11.167626,289500
2022-08-23,12.000000,12.110000,12.000000,12.100000,11.241951,327200
2022-08-24,12.090000,12.140000,12.060000,12.070000,11.214079,332200
2022-08-25,12.100000,12.110000,12.000000,12.030000,11.176914,413200
2022-08-26,12.030000,12.030000,11.910000,11.930000,11.084006,528500
2022-08-29,11.860000,11.950000,11.800000,11.800000,10.963225,336700
2022-08-30,11.850000,11.890000,11.740000,11.820000,10.981806,315300
2022-08-31,11.830000,11.860000,11.760000,11.810000,10.972517,313700
2022-09-01,11.690000,11.710000,11.550000,11.590000,10.768115,604600
2022-09-02,11.630000,11.710000,11.570000,11.610000,10.786697,291100
2022-09-06,11.600000,11.600000,11.470000,11.520000,10.703081,335900
2022-09-07,11.530000,11.570000,11.420000,11.490000,10.675208,303300
2022-09-08,11.480000,11.480000,11.400000,11.430000,10.619465,210900
2022-09-09,11.430000,11.460000,11.380000,11.410000,10.600881,262000
2022-09-12,11.410000,11.490000,11.350000,11.360000,10.554425,282500
2022-09-13,11.260000,11.320000,11.210000,11.260000,10.461518,358400
2022-09-14,11.250000,11.300000,11.200000,11.250000,10.507283,342000
2022-09-15,11.200000,11.230000,11.140000,11.200000,10.460585,355200
2022-09-16,11.140000,11.170000,11.100000,11.130000,10.395206,450100
2022-09-19,11.090000,11.110000,10.990000,11.080000,10.348505,587300
2022-09-20,11.050000,11.080000,10.960000,11.000000,10.273787,589800
2022-09-21,11.010000,11.050000,10.980000,11.010000,10.283128,483900
2022-09-22,10.990000,10.990000,10.900000,10.930000,10.208412,576400
2022-09-23,10.880000,10.920000,10.700000,10.780000,10.068311,689900
2022-09-26,10.620000,10.650000,10.350000,10.380000,9.694721,1113400
2022-09-27,10.410000,10.510000,10.380000,10.450000,9.760099,637200
2022-09-28,10.520000,10.600000,10.410000,10.450000,9.760099,761000
2022-09-29,10.390000,10.410000,10.200000,10.320000,9.638680,539600
2022-09-30,10.300000,10.410000,10.200000,10.280000,9.601322,863300
2022-10-03,10.370000,10.520000,10.220000,10.330000,9.648021,820900
2022-10-04,10.340000,10.620000,10.340000,10.590000,9.890857,791300
2022-10-05,10.520000,10.520000,10.180000,10.200000,9.526602,816400
2022-10-06,10.240000,10.360000,10.220000,10.330000,9.648021,395900
2022-10-07,10.280000,10.290000,10.120000,10.170000,9.498585,762600
2022-10-10,10.250000,10.250000,10.000000,10.170000,9.498585,557600
2022-10-11,10.170000,10.240000,10.090000,10.140000,9.470566,627200
2022-10-12,10.100000,10.350000,10.100000,10.300000,9.620001,447200
2022-10-13,10.110000,10.230000,10.010000,10.040000,9.426588,598300
2022-10-14,10.080000,10.120000,10.020000,10.040000,9.426588,306200
2022-10-17,10.070000,10.130000,9.950000,9.990000,9.379642,448600
2022-10-18,10.000000,10.050000,9.940000,10.040000,9.426588,490400
2022-10-19,9.980000,10.080000,9.950000,10.030000,9.417196,372600
2022-10-20,10.010000,10.090000,10.000000,10.050000,9.435976,281500
2022-10-21,10.000000,10.050000,9.960000,10.020000,9.407809,307300
2022-10-24,10.000000,10.000000,9.760000,9.780000,9.182473,561000
2022-10-25,9.880000,10.090000,9.870000,10.010000,9.398421,1262400
2022-10-26,10.060000,10.140000,9.910000,10.000000,9.389031,725300
2022-10-27,10.010000,10.020000,9.820000,9.830000,9.229419,784900
2022-10-28,9.860000,9.940000,9.800000,9.860000,9.257584,428300
2022-10-31,9.850000,9.850000,9.700000,9.850000,9.248198,835100
2022-11-01,9.910000,10.000000,9.730000,9.800000,9.201252,617000
2022-11-02,9.760000,9.890000,9.730000,9.840000,9.238806,497800
2022-11-03,9.840000,9.930000,9.810000,9.910000,9.304529,509000
2022-11-04,9.950000,10.100000,9.900000,9.990000,9.379642,466300
2022-11-07,9.980000,10.110000,9.940000,10.050000,9.435976,376200
2022-11-08,10.070000,10.120000,10.040000,10.060000,9.445365,403500
2022-11-09,9.980000,10.080000,9.950000,9.950000,9.342088,472900
2022-11-10,10.120000,10.280000,10.120000,10.170000,9.548646,804100
2022-11-11,10.200000,10.480000,10.180000,10.420000,9.783372,576900
2022-11-14,10.380000,10.420000,10.210000,10.250000,9.673888,287500
2022-11-15,10.410000,10.570000,10.390000,10.480000,9.890962,436300
2022-11-16,10.530000,10.690000,10.470000,10.650000,10.051409,290800
2022-11-17,10.600000,10.840000,10.550000,10.700000,10.098597,419400
2022-11-18,10.820000,10.820000,10.460000,10.620000,10.023092,466800
2022-11-21,10.670000,10.830000,10.560000,10.810000,10.202414,420000
2022-11-22,10.890000,10.950000,10.860000,10.890000,10.277919,396100
2022-11-23,10.930000,11.050000,10.850000,10.900000,10.287356,336000
2022-11-25,10.960000,11.000000,10.910000,10.980000,10.362860,82700
2022-11-28,10.970000,11.050000,10.900000,10.960000,10.343985,539100
2022-11-29,10.990000,11.050000,10.950000,11.010000,10.391174,332100
2022-11-30,11.050000,11.100000,11.020000,11.070000,10.447801,320100
2022-12-01,11.150000,11.170000,10.940000,11.010000,10.391174,536100
2022-12-02,10.970000,11.260000,10.920000,11.230000,10.598808,502700
2022-12-05,11.190000,11.230000,11.010000,11.180000,10.551618,344700
2022-12-06,11.220000,11.300000,11.080000,11.100000,10.476116,411400
2022-12-07,11.120000,11.170000,11.050000,11.120000,10.494992,659300
2022-12-08,11.120000,11.120000,10.960000,11.040000,10.419486,575400
2022-12-09,11.030000,11.040000,10.860000,11.000000,10.381736,622800
2022-12-12,11.020000,11.050000,10.870000,10.910000,10.296795,529700
2022-12-13,11.080000,11.290000,11.040000,11.060000,10.438365,563800
2022-12-14,11.080000,11.090000,10.860000,10.940000,10.375768,552600
2022-12-15,10.880000,10.910000,10.760000,10.760000,10.205052,512200
2022-12-16,10.730000,10.810000,10.670000,10.780000,10.224021,446300
2022-12-19,10.770000,10.830000,10.630000,10.690000,10.138660,921900
2022-12-20,10.630000,10.700000,10.520000,10.590000,10.043819,837800
2022-12-21,10.620000,10.700000,10.530000,10.580000,10.034334,714400
2022-12-22,10.610000,10.630000,10.460000,10.500000,9.958462,545800
2022-12-23,10.500000,10.560000,10.450000,10.470000,9.930008,362900
2022-12-27,10.450000,10.490000,10.270000,10.340000,9.806712,984400
2022-12-28,10.350000,10.450000,10.230000,10.270000,9.740324,856000
2022-12-29,10.320000,10.450000,10.320000,10.400000,9.863618,791900
2022-12-30,10.400000,10.500000,10.340000,10.340000,9.806712,1176100
2023-01-03,10.500000,10.720000,10.430000,10.530000,9.986913,521400
2023-01-04,10.500000,10.640000,10.430000,10.590000,10.043819,526900
2023-01-05,10.550000,10.590000,10.440000,10.480000,9.939492,323600
2023-01-06,10.490000,10.590000,10.350000,10.490000,9.948976,512800
2023-01-09,10.530000,10.620000,10.500000,10.540000,9.996397,521100
2023-01-10,10.540000,10.610000,10.500000,10.580000,10.034334,297100
2023-01-11,10.620000,10.680000,10.570000,10.620000,10.072271,631600
2023-01-12,10.640000,10.880000,10.610000,10.750000,10.239921,685900
2023-01-13,10.720000,10.850000,10.660000,10.680000,10.173243,570900
2023-01-17,10.650000,10.710000,10.570000,10.580000,10.077987,502200
2023-01-18,10.690000,10.760000,10.650000,10.670000,10.163718,473600
2023-01-19,10.690000,10.770000,10.650000,10.730000,10.220869,661100
2023-01-20,10.770000,10.900000,10.710000,10.890000,10.373280,269600
2023-01-23,10.930000,10.990000,10.910000,10.920000,10.401855,439400
2023-01-24,10.920000,11.110000,10.920000,10.960000,10.439956,374100
2023-01-25,10.920000,10.970000,10.860000,10.930000,10.411381,312600
2023-01-26,10.930000,10.980000,10.910000,10.960000,10.439956,287300
2023-01-27,10.910000,10.970000,10.870000,10.930000,10.411381,283800
2023-01-30,10.940000,10.960000,10.890000,10.930000,10.411381,317500
2023-01-31,10.950000,11.030000,10.900000,11.010000,10.487585,207000
2023-02-01,11.080000,11.090000,10.920000,11.060000,10.535213,567700
2023-02-02,11.130000,11.210000,11.080000,11.130000,10.601891,849300
2023-02-03,11.080000,11.120000,11.040000,11.100000,10.573316,305800
2023-02-06,11.060000,11.060000,10.880000,10.880000,10.363753,697600
2023-02-07,10.920000,11.030000,10.880000,10.960000,10.439956,402500
2023-02-08,10.990000,11.020000,10.900000,10.910000,10.392328,361900
2023-02-09,10.990000,11.000000,10.740000,10.750000,10.239921,501900
2023-02-10,10.790000,10.860000,10.760000,10.850000,10.335176,268400
2023-02-13,10.910000,10.930000,10.820000,10.850000,10.335176,211400
2023-02-14,10.810000,10.810000,10.730000,10.780000,10.312217,157700
2023-02-15,10.760000,10.790000,10.520000,10.620000,10.159161,447300
2023-02-16,10.580000,10.580000,10.410000,10.440000,9.986972,458400
2023-02-17,10.450000,10.470000,10.370000,10.430000,9.977406,307100
2023-02-21,10.390000,10.390000,10.270000,10.370000,9.920008,399000
2023-02-22,10.370000,10.370000,10.270000,10.310000,9.862613,329900
2023-02-23,10.350000,10.410000,10.310000,10.360000,9.910442,328700
2023-02-24,10.330000,10.380000,10.300000,10.360000,9.910442,251500
2023-02-27,10.400000,10.410000,10.290000,10.310000,9.862613,309300
2023-02-28,10.300000,10.300000,10.220000,10.230000,9.786083,350900
2023-03-01,10.260000,10.260000,10.170000,10.200000,9.757384,273700
2023-03-02,10.170000,10.250000,10.130000,10.220000,9.776517,405000
2023-03-03,10.260000,10.350000,10.260000,10.290000,9.843481,187300
2023-03-06,10.310000,10.350000,10.260000,10.290000,9.843481,441600
2023-03-07,10.290000,10.320000,10.230000,10.270000,9.824348,379600
2023-03-08,10.300000,10.330000,10.280000,10.290000,9.843481,154700
2023-03-09,10.350000,10.360000,10.290000,10.300000,9.853046,293800
2023-03-10,10.350000,10.430000,10.280000,10.300000,9.853046,339600
2023-03-13,10.300000,10.390000,10.280000,10.370000,9.920008,364700
2023-03-14,10.440000,10.470000,10.340000,10.380000,9.973817,318400
2023-03-15,10.350000,10.400000,10.250000,10.340000,9.935382,289200
2023-03-16,10.390000,10.470000,10.340000,10.340000,9.935382,472900
2023-03-17,10.370000,10.440000,10.370000,10.420000,10.012252,189600
2023-03-20,10.400000,10.430000,10.340000,10.350000,9.944992,96600
2023-03-21,10.390000,10.390000,10.260000,10.270000,9.868122,256300
2023-03-22,10.300000,10.330000,10.230000,10.290000,9.887339,251200
2023-03-23,10.320000,10.340000,10.230000,10.250000,9.848907,177200
2023-03-24,10.290000,10.320000,10.240000,10.290000,9.887339,151200
2023-03-27,10.270000,10.400000,10.270000,10.290000,9.887339,217400
2023-03-28,10.310000,10.370000,10.300000,10.350000,9.944992,248600
2023-03-29,10.340000,10.400000,10.340000,10.360000,9.954599,317600
2023-03-30,10.400000,10.550000,10.400000,10.550000,10.137164,284200
2023-03-31,10.600000,10.800000,10.590000,10.800000,10.377382,329500
2023-04-03,10.800000,10.870000,10.740000,10.790000,10.367773,394600
2023-04-04,10.790000,10.920000,10.740000,10.910000,10.483078,299300
2023-04-05,10.910000,10.980000,10.880000,10.920000,10.492687,199500
2023-04-06,10.960000,11.060000,10.940000,10.970000,10.540730,323800
2023-04-10,11.010000,11.040000,10.930000,11.040000,10.607992,241500
2023-04-11,11.070000,11.090000,11.000000,11.070000,10.636817,210400
2023-04-12,11.110000,11.140000,10.950000,11.010000,10.579165,252700
2023-04-13,11.020000,11.040000,10.980000,11.030000,10.642848,140000
2023-04-14,11.020000,11.030000,10.860000,10.870000,10.488463,212900
2023-04-17,10.830000,10.850000,10.710000,10.740000,10.363027,245800
2023-04-18,10.760000,10.760000,10.610000,10.730000,10.353378,234600
2023-04-19,10.660000,10.670000,10.300000,10.490000,10.121803,553300
2023-04-20,10.510000,10.570000,10.490000,10.570000,10.198994,213700
2023-04-21,10.620000,10.630000,10.490000,10.550000,10.179697,191400
2023-04-24,10.570000,10.680000,10.570000,10.620000,10.247238,195800
2023-04-25,10.620000,10.700000,10.600000,10.690000,10.314783,172200
2023-04-26,10.700000,10.780000,10.660000,10.690000,10.314783,228100
2023-04-27,10.690000,10.810000,10.690000,10.810000,10.430571,159200
2023-04-28,10.810000,10.850000,10.770000,10.800000,10.420922,163300
2023-05-01,10.800000,10.840000,10.620000,10.640000,10.266539,375300
2023-05-02,10.600000,10.680000,10.540000,10.640000,10.266539,491300
2023-05-03,10.590000,10.620000,10.480000,10.480000,10.112153,673600
2023-05-04,10.460000,10.510000,10.400000,10.410000,10.044609,578100
2023-05-05,10.470000,10.560000,10.440000,10.490000,10.121803,324300
2023-05-08,10.480000,10.500000,10.420000,10.430000,10.063908,397200
2023-05-09,10.490000,10.490000,10.430000,10.470000,10.102504,177800
2023-05-10,10.500000,10.550000,10.440000,10.480000,10.112153,211700
2023-05-11,10.490000,10.500000,10.450000,10.470000,10.102504,226900
2023-05-12,10.500000,10.500000,10.450000,10.490000,10.166469,197200
2023-05-15,10.480000,10.550000,10.450000,10.460000,10.137396,185700
2023-05-16,10.480000,10.490000,10.440000,10.470000,10.147085,233700
2023-05-17,10.480000,10.480000,10.400000,10.410000,10.088935,231500
2023-05-18,10.410000,10.420000,10.360000,10.370000,10.050170,311500
2023-05-19,10.350000,10.380000,10.330000,10.360000,10.040479,251800
2023-05-22,10.360000,10.380000,10.250000,10.260000,9.943563,308500
2023-05-23,10.260000,10.300000,10.210000,10.230000,9.914487,326300
2023-05-24,10.230000,10.250000,10.050000,10.070000,9.759422,314200
2023-05-25,10.100000,10.180000,10.100000,10.120000,9.807880,163200
2023-05-26,10.150000,10.250000,10.140000,10.220000,9.904797,125000
2023-05-30,10.260000,10.390000,10.260000,10.330000,10.011404,147500
2023-05-31,10.370000,10.490000,10.360000,10.470000,10.147085,220900
2023-06-01,10.530000,10.630000,10.500000,10.600000,10.273076,452100
2023-06-02,10.650000,10.650000,10.470000,10.470000,10.147085,322200
2023-06-05,10.490000,10.620000,10.470000,10.620000,10.292459,218900
2023-06-06,10.620000,10.650000,10.580000,10.620000,10.292459,146300
2023-06-07,10.600000,10.640000,10.550000,10.590000,10.263385,677500
2023-06-08,10.620000,10.720000,10.610000,10.690000,10.360301,295100
2023-06-09,10.740000,10.750000,10.620000,10.680000,10.350610,294800
2023-06-12,10.710000,10.800000,10.680000,10.800000,10.466908,272400
2023-06-13,10.800000,10.870000,10.760000,10.760000,10.428142,205800
2023-06-14,10.750000,10.790000,10.660000,10.720000,10.433982,233600
2023-06-15,10.750000,10.810000,10.720000,10.790000,10.502112,138100
2023-06-16,10.820000,10.830000,10.690000,10.700000,10.414515,179900
2023-06-20,10.670000,10.780000,10.670000,10.760000,10.472915,267400
2023-06-21,10.750000,10.760000,10.700000,10.720000,10.433982,133300
2023-06-22,10.720000,10.740000,10.660000,10.660000,10.375584,209200
2023-06-23,10.710000,10.760000,10.700000,10.710000,10.424248,203400
2023-06-26,10.740000,10.780000,10.690000,10.720000,10.433982,180000
2023-06-27,10.780000,10.840000,10.720000,10.810000,10.521580,265300
2023-06-28,10.830000,10.850000,10.740000,10.750000,10.463181,172500
2023-06-29,10.700000,10.730000,10.580000,10.620000,10.336650,350900
2023-06-30,10.700000,10.730000,10.570000,10.570000,10.287983,257700
2023-07-03,10.690000,10.760000,10.680000,10.740000,10.453446,218900
2023-07-05,10.710000,10.770000,10.590000,10.600000,10.317183,306700
2023-07-06,10.540000,10.550000,10.470000,10.550000,10.268517,428800
2023-07-07,10.500000,10.620000,10.500000,10.550000,10.268517,192300
2023-07-10,10.580000,10.610000,10.570000,10.610000,10.326916,141500
2023-07-11,10.630000,10.660000,10.520000,10.570000,10.287983,247200
2023-07-12,10.710000,10.710000,10.590000,10.620000,10.336650,203000
2023-07-13,10.640000,10.670000,10.600000,10.660000,10.420719,131100
2023-07-14,10.700000,10.700000,10.550000,10.590000,10.352290,216600
2023-07-17,10.570000,10.640000,10.520000,10.570000,10.332739,500000
2023-07-18,10.570000,10.640000,10.560000,10.570000,10.332739,311000
2023-07-19,10.590000,10.660000,10.590000,10.650000,10.410944,290800
2023-07-20,10.620000,10.630000,10.530000,10.560000,10.322965,340800
2023-07-21,10.610000,10.660000,10.550000,10.550000,10.313190,229100
2023-07-24,10.560000,10.630000,10.560000,10.570000,10.332739,175000
2023-07-25,10.580000,10.610000,10.550000,10.560000,10.322965,218900
2023-07-26,10.560000,10.570000,10.510000,10.530000,10.293637,431600
2023-07-27,10.530000,10.550000,10.450000,10.470000,10.234984,363600
2023-07-28,10.500000,10.570000,10.460000,10.530000,10.293637,386700
2023-07-31,10.540000,10.610000,10.520000,10.580000,10.342515,357400
2023-08-01,10.550000,10.600000,10.480000,10.590000,10.352290,379800
2023-08-02,10.530000,10.620000,10.490000,10.570000,10.332739,597800
2023-08-03,10.480000,10.490000,10.380000,10.390000,10.156779,542000
2023-08-04,10.410000,10.500000,10.410000,10.460000,10.225209,282900
2023-08-07,10.450000,10.480000,10.340000,10.350000,10.117678,542600
2023-08-08,10.370000,10.460000,10.370000,10.370000,10.137228,310300
2023-08-09,10.390000,10.490000,10.390000,10.440000,10.205656,167400
2023-08-10,10.470000,10.530000,10.370000,10.400000,10.166555,325300
2023-08-11,10.430000,10.510000,10.410000,10.480000,10.244760,158400
2023-08-14,10.360000,10.420000,10.350000,10.360000,10.172101,283000
2023-08-15,10.320000,10.390000,10.310000,10.360000,10.172101,209300
2023-08-16,10.340000,10.380000,10.240000,10.240000,10.054277,235000
2023-08-17,10.260000,10.260000,10.140000,10.190000,10.005184,424600
2023-08-18,10.200000,10.300000,10.190000,10.250000,10.064096,200500
2023-08-21,10.200000,10.200000,10.140000,10.160000,9.975728,214300
2023-08-22,10.200000,10.200000,10.110000,10.110000,9.926636,230600
2023-08-23,10.150000,10.210000,10.110000,10.200000,10.015003,382600
2023-08-24,10.180000,10.180000,10.060000,10.070000,9.887360,252400
2023-08-25,10.060000,10.100000,10.040000,10.070000,9.887360,187400
2023-08-28,10.110000,10.110000,10.030000,10.030000,9.848086,386000
2023-08-29,10.060000,10.150000,10.050000,10.150000,9.965910,410100
2023-08-30,10.140000,10.190000,10.100000,10.100000,9.916818,343400
2023-08-31,10.130000,10.140000,10.050000,10.080000,9.897180,309000
2023-09-01,10.100000,10.120000,10.040000,10.110000,9.926636,339300
2023-09-05,10.070000,10.140000,10.070000,10.110000,9.926636,247200
2023-09-06,10.140000,10.140000,10.080000,10.080000,9.897180,160000
2023-09-07,10.100000,10.100000,9.980000,10.010000,9.828449,302600
2023-09-08,10.010000,10.060000,9.950000,9.990000,9.808811,306900
2023-09-11,10.050000,10.060000,9.960000,9.980000,9.798993,303200
2023-09-12,9.990000,10.000000,9.950000,9.970000,9.789175,288900
2023-09-13,10.010000,10.100000,10.010000,10.060000,9.877542,174400
2023-09-14,10.030000,10.030000,9.950000,9.970000,9.834143,203700
2023-09-15,10.000000,10.000000,9.900000,9.910000,9.774960,177100
2023-09-18,9.870000,9.890000,9.830000,9.850000,9.715778,465400
2023-09-19,9.850000,9.860000,9.790000,9.840000,9.705914,236200
2023-09-20,9.840000,9.940000,9.820000,9.890000,9.755233,363600
2023-09-21,9.830000,9.850000,9.560000,9.730000,9.597412,1294400
2023-09-22,9.800000,9.800000,9.700000,9.740000,9.607277,421900
2023-09-25,9.640000,9.670000,9.350000,9.480000,9.350820,1080200
2023-09-26,9.450000,9.480000,9.270000,9.310000,9.183137,573900
2023-09-27,9.320000,9.340000,9.110000,9.170000,9.045044,684600
2023-09-28,9.140000,9.190000,8.920000,9.190000,9.064770,775500
2023-09-29,9.250000,9.280000,9.140000,9.280000,9.153544,697500
2023-10-02,9.270000,9.270000,8.990000,9.010000,8.887224,742400
2023-10-03,8.970000,9.040000,8.920000,8.970000,8.847769,629000
2023-10-04,9.040000,9.120000,9.010000,9.090000,8.966134,704500
2023-10-05,9.070000,9.110000,8.890000,8.940000,8.818177,559900
2023-10-06,8.890000,8.940000,8.800000,8.900000,8.778723,529500
2023-10-09,8.940000,8.980000,8.900000,8.970000,8.847769,292200
2023-10-10,8.950000,9.070000,8.930000,9.020000,8.897088,486300
2023-10-11,9.120000,9.170000,9.110000,9.160000,9.035179,302400
2023-10-12,9.140000,9.140000,9.010000,9.050000,8.968781,356600
2023-10-13,9.100000,9.130000,9.070000,9.070000,8.988602,331100
2023-10-16,9.100000,9.100000,8.960000,8.970000,8.889500,346800
2023-10-17,8.900000,8.910000,8.780000,8.840000,8.760666,610400
2023-10-18,8.780000,8.790000,8.650000,8.670000,8.592192,680400
2023-10-19,8.670000,8.700000,8.570000,8.600000,8.522820,530300
2023-10-20,8.580000,8.630000,8.520000,8.590000,8.512910,626500
2023-10-23,8.580000,8.620000,8.460000,8.490000,8.413807,674700
2023-10-24,8.540000,8.610000,8.530000,8.590000,8.512910,445000
2023-10-25,8.550000,8.550000,8.360000,8.430000,8.354345,531600
2023-10-26,8.420000,8.470000,8.290000,8.370000,8.294884,876000
2023-10-27,8.370000,8.390000,8.260000,8.330000,8.255242,753400
2023-10-30,8.320000,8.430000,8.310000,8.370000,8.294884,589300
2023-10-31,8.410000,8.450000,8.320000,8.370000,8.294884,663200
2023-11-01,8.430000,8.550000,8.380000,8.550000,8.473269,561100
2023-11-02,8.630000,8.880000,8.630000,8.830000,8.750756,953100
2023-11-03,8.950000,9.050000,8.940000,9.040000,8.958871,757700
2023-11-06,9.010000,9.080000,8.940000,9.030000,8.948960,451900
2023-11-07,9.070000,9.240000,9.070000,9.200000,9.117435,397600
2023-11-08,9.260000,9.300000,9.170000,9.260000,9.176897,463300
2023-11-09,9.260000,9.290000,9.130000,9.200000,9.117435,316900
2023-11-10,9.250000,9.330000,9.180000,9.310000,9.226449,309100
2023-11-13,9.300000,9.370000,9.240000,9.280000,9.196716,350800
2023-11-14,9.400000,9.470000,9.380000,9.450000,9.408788,407400
2023-11-15,9.440000,9.480000,9.370000,9.440000,9.398831,414400
2023-11-16,9.540000,9.630000,9.490000,9.620000,9.578047,304900
2023-11-17,9.690000,9.690000,9.560000,9.620000,9.578047,323600
2023-11-20,9.650000,9.690000,9.610000,9.680000,9.637786,384700
2023-11-21,9.690000,9.690000,9.640000,9.690000,9.647741,194600
2023-11-22,9.750000,9.770000,9.660000,9.690000,9.647741,249700
2023-11-24,9.710000,9.710000,9.640000,9.680000,9.637786,130700
2023-11-27,9.680000,9.710000,9.560000,9.560000,9.518309,514500
2023-11-28,9.570000,9.610000,9.520000,9.560000,9.518309,511500
2023-11-29,9.600000,9.690000,9.580000,9.640000,9.597960,498700
2023-11-30,9.640000,9.680000,9.580000,9.650000,9.607916,449000
2023-12-01,9.680000,9.940000,9.660000,9.940000,9.896651,633100
2023-12-04,9.920000,9.960000,9.880000,9.910000,9.866782,400500
2023-12-05,9.940000,9.960000,9.880000,9.910000,9.866782,348500
2023-12-06,9.920000,9.940000,9.830000,9.840000,9.797088,607100
2023-12-07,9.840000,9.920000,9.820000,9.910000,9.866782,329000
2023-12-08,9.880000,9.910000,9.800000,9.890000,9.846869,277200
2023-12-11,9.850000,9.870000,9.790000,9.810000,9.767219,259700
2023-12-12,9.830000,9.880000,9.740000,9.810000,9.767219,421900
2023-12-13,9.850000,9.890000,9.700000,9.860000,9.816999,655500
2023-12-14,9.860000,10.090000,9.860000,10.050000,10.050000,824900
2023-12-15,10.090000,10.100000,9.980000,10.020000,10.020000,618100