Date,Open,High,Low,Close,Adj Close,Volume
2013-12-19,9.620000,9.620000,9.620000,9.620000,8.006758,27500
2013-12-20,9.620000,9.620000,9.620000,9.620000,8.006758,0
2013-12-23,9.620000,9.620000,9.620000,9.620000,8.006758,0
2013-12-24,9.620000,9.620000,9.620000,9.620000,8.006758,0
2013-12-26,9.620000,9.620000,9.620000,9.620000,8.006758,0
2013-12-27,9.620000,9.620000,9.620000,9.620000,8.006758,0
2013-12-30,9.620000,9.620000,9.620000,9.620000,8.006758,0
2013-12-31,9.620000,9.620000,9.620000,9.620000,8.006758,0
2014-01-02,9.620000,9.620000,9.620000,9.620000,8.006758,0
2014-01-03,9.620000,9.620000,9.620000,9.620000,8.006758,0
2014-01-06,9.620000,9.620000,9.620000,9.620000,8.006758,0
2014-01-07,9.620000,9.620000,9.620000,9.620000,8.006758,0
2014-01-08,9.620000,9.620000,9.620000,9.620000,8.006758,0
2014-01-09,9.620000,9.620000,9.620000,9.620000,8.006758,0
2014-01-10,9.620000,9.620000,9.620000,9.620000,8.006758,0
2014-01-13,9.620000,9.620000,9.620000,9.620000,8.006758,0
2014-01-14,9.620000,9.620000,9.620000,9.620000,8.006758,0
2014-01-15,9.620000,9.620000,9.620000,9.620000,8.006758,0
2014-01-16,9.620000,9.620000,9.620000,9.620000,8.006758,0
2014-01-17,9.620000,9.620000,9.620000,9.620000,8.006758,0
2014-01-21,9.620000,9.620000,9.620000,9.620000,8.006758,0
2014-01-22,9.620000,9.620000,9.620000,9.620000,8.006758,0
2014-01-23,9.600000,9.600000,9.600000,9.600000,7.990110,100
2014-01-24,9.600000,9.600000,9.600000,9.600000,7.990110,0
2014-01-27,9.730000,10.730000,9.600000,9.890000,8.231479,16700
2014-01-28,9.650000,9.790000,9.650000,9.740000,8.106634,16600
2014-01-29,9.740000,9.740000,9.740000,9.740000,8.106634,0
2014-01-30,9.740000,9.830000,9.700000,9.760000,8.123279,238800
2014-01-31,9.700000,9.830000,9.700000,9.740000,8.106634,213800
2014-02-03,9.710000,9.780000,9.700000,9.720000,8.089988,70500
2014-02-04,9.700000,9.730000,9.700000,9.720000,8.089988,9200
2014-02-05,9.720000,9.740000,9.720000,9.730000,8.098310,25300
2014-02-06,9.720000,9.730000,9.710000,9.710000,8.081662,10400
2014-02-07,9.720000,9.720000,9.720000,9.720000,8.089988,300
2014-02-10,9.710000,9.740000,9.710000,9.720000,8.089988,1100
2014-02-11,9.720000,9.720000,9.720000,9.720000,8.089988,0
2014-02-12,9.730000,9.810000,9.710000,9.710000,8.081662,10500
2014-02-13,9.720000,9.720000,9.720000,9.720000,8.089988,5200
2014-02-14,9.720000,9.810000,9.710000,9.800000,8.156571,17500
2014-02-18,9.750000,9.750000,9.750000,9.750000,8.114954,200
2014-02-19,9.720000,9.720000,9.720000,9.720000,8.089988,6000
2014-02-20,9.720000,9.720000,9.720000,9.720000,8.089988,265100
2014-02-21,9.720000,9.720000,9.710000,9.720000,8.089988,237900
2014-02-24,9.720000,9.740000,9.720000,9.740000,8.106634,1800
2014-02-25,9.720000,9.720000,9.720000,9.720000,8.089988,300
2014-02-26,9.720000,9.720000,9.720000,9.720000,8.089988,0
2014-02-27,9.720000,9.720000,9.720000,9.720000,8.089988,0
2014-02-28,9.720000,9.720000,9.720000,9.720000,8.089988,0
2014-03-03,9.720000,9.720000,9.720000,9.720000,8.089988,0
2014-03-04,9.720000,9.720000,9.720000,9.720000,8.089988,0
2014-03-05,9.720000,9.720000,9.720000,9.720000,8.089988,0
2014-03-06,9.720000,9.720000,9.720000,9.720000,8.089988,0
2014-03-07,9.730000,9.750000,9.720000,9.720000,8.089988,6900
2014-03-10,9.720000,9.720000,9.720000,9.720000,8.089988,0
2014-03-11,9.720000,9.720000,9.720000,9.720000,8.089988,0
2014-03-12,9.720000,9.720000,9.720000,9.720000,8.089988,0
2014-03-13,9.720000,9.720000,9.720000,9.720000,8.089988,0
2014-03-14,9.720000,9.720000,9.720000,9.720000,8.089988,0
2014-03-17,9.740000,9.770000,9.720000,9.720000,8.089988,69400
2014-03-18,9.740000,9.860000,9.720000,9.790000,8.148248,92000
2014-03-19,9.750000,9.800000,9.720000,9.720000,8.089988,74900
2014-03-20,9.800000,9.940000,9.740000,9.810000,8.164893,159700
2014-03-21,9.750000,9.830000,9.740000,9.740000,8.106634,197100
2014-03-24,9.760000,9.870000,9.750000,9.870000,8.214830,14500
2014-03-25,9.720000,9.800000,9.720000,9.790000,8.148248,9800
2014-03-26,9.780000,9.850000,9.770000,9.810000,8.164893,97200
2014-03-27,9.760000,9.830000,9.740000,9.760000,8.123279,132500
2014-03-28,9.770000,9.810000,9.750000,9.750000,8.114954,62400
2014-03-31,9.760000,9.820000,9.760000,9.800000,8.156571,99300
2014-04-01,9.750000,9.790000,9.750000,9.760000,8.123279,14300
2014-04-02,9.790000,9.800000,9.750000,9.750000,8.114954,10600
2014-04-03,9.770000,9.780000,9.750000,9.750000,8.114954,3900
2014-04-04,9.810000,9.810000,9.750000,9.750000,8.114954,6800
2014-04-07,9.780000,9.870000,9.770000,9.830000,8.181540,141800
2014-04-08,9.780000,9.860000,9.780000,9.800000,8.156571,58300
2014-04-09,9.760000,9.860000,9.760000,9.790000,8.148248,50900
2014-04-10,9.780000,9.780000,9.780000,9.780000,8.139926,200
2014-04-11,9.800000,9.820000,9.780000,9.795000,8.152410,3300
2014-04-14,9.795000,9.795000,9.795000,9.795000,8.152410,0
2014-04-15,9.840000,9.840000,9.780000,9.830000,8.181540,5300
2014-04-16,10.520000,10.520000,9.760000,9.840000,8.189862,54200
2014-04-17,9.870000,9.870000,9.750000,9.820000,8.173215,79100
2014-04-21,9.760000,9.950000,9.760000,9.860000,8.206509,67100
2014-04-22,9.820000,9.870000,9.800000,9.850000,8.198186,8300
2014-04-23,9.800000,9.880000,9.800000,9.860000,8.206509,12500
2014-04-24,9.840000,9.870000,9.820000,9.860000,8.206509,5000
2014-04-25,9.860000,9.860000,9.860000,9.860000,8.206509,0
2014-04-28,9.810000,9.900000,9.810000,9.900000,8.239799,10100
2014-04-29,9.790000,9.870000,9.790000,9.870000,8.214830,6400
2014-04-30,9.870000,9.870000,9.870000,9.870000,8.214830,0
2014-05-01,9.980000,10.000000,9.940000,9.980000,8.306384,82900
2014-05-02,10.000000,10.030000,10.000000,10.010000,8.331353,61100
2014-05-05,10.000000,10.040000,9.990000,10.040000,8.356322,21900
2014-05-06,10.060000,10.060000,10.060000,10.060000,8.372970,300
2014-05-07,10.010000,10.060000,10.010000,10.060000,8.372970,3400
2014-05-08,10.060000,10.080000,10.050000,10.070000,8.381290,3400
2014-05-09,10.070000,10.070000,10.070000,10.070000,8.381290,0
2014-05-12,10.040000,10.050000,10.030000,10.030000,8.348000,1100
2014-05-13,10.070000,10.100000,10.050000,10.100000,8.406261,3400
2014-05-14,10.070000,10.080000,10.060000,10.080000,8.389616,4000
2014-05-15,10.060000,10.080000,10.060000,10.080000,8.389616,4700
2014-05-16,10.070000,10.100000,10.060000,10.100000,8.406261,8200
2014-05-19,10.100000,10.100000,10.100000,10.100000,8.406261,0
2014-05-20,10.100000,10.100000,10.100000,10.100000,8.406261,0
2014-05-21,10.100000,10.100000,10.100000,10.100000,8.406261,0
2014-05-22,10.100000,10.100000,10.100000,10.100000,8.406261,0
2014-05-23,10.100000,10.100000,10.100000,10.100000,8.406261,0
2014-05-27,10.050000,10.090000,10.010000,10.010000,8.331353,600
2014-05-28,10.010000,10.010000,10.010000,10.010000,8.331353,0
2014-05-29,9.950000,10.040000,9.950000,10.000000,8.323032,43900
2014-05-30,10.050000,10.050000,10.000000,10.020000,8.339676,500
2014-06-02,10.020000,10.020000,10.020000,10.020000,8.339676,0
2014-06-03,9.900000,10.050000,9.900000,10.010000,8.331353,10200
2014-06-04,10.010000,10.070000,9.980000,10.010000,8.331353,22300
2014-06-05,10.000000,10.200000,9.800000,10.020000,8.339676,59200
2014-06-06,10.020000,10.080000,9.900000,10.010000,8.331353,49300
2014-06-09,10.020000,10.090000,10.020000,10.060000,8.372970,45700
2014-06-10,10.030000,10.150000,10.030000,10.030000,8.348000,23300
2014-06-11,10.070000,10.090000,10.070000,10.070000,8.381290,700
2014-06-12,10.040000,10.090000,10.000000,10.000000,8.323032,51000
2014-06-13,10.030000,10.150000,10.020000,10.040000,8.356322,34800
2014-06-16,10.020000,10.080000,10.000000,10.000000,8.323032,51600
2014-06-17,10.100000,10.130000,10.000000,10.000000,8.323032,5100
2014-06-18,10.020000,10.120000,10.010000,10.010000,8.331353,21400
2014-06-19,10.050000,10.070000,10.000000,10.050000,8.364648,13700
2014-06-20,10.050000,10.050000,10.050000,10.050000,8.364648,700
2014-06-23,10.080000,10.080000,10.020000,10.020000,8.339676,36800
2014-06-24,10.020000,10.120000,10.020000,10.030000,8.348000,38100
2014-06-25,10.040000,10.120000,10.040000,10.100000,8.406261,19000
2014-06-26,10.090000,10.090000,10.060000,10.060000,8.372970,5700
2014-06-27,10.090000,10.090000,10.050000,10.050000,8.364648,1100
2014-06-30,10.030000,10.082000,10.030000,10.040000,8.356322,4300
2014-07-01,10.030000,10.070000,10.030000,10.070000,8.381290,3900
2014-07-02,10.030000,10.060000,10.030000,10.060000,8.372970,700
2014-07-03,10.060000,10.060000,10.060000,10.060000,8.372970,0
2014-07-07,10.060000,10.060000,10.060000,10.060000,8.372970,0
2014-07-08,10.030000,10.040000,10.000000,10.040000,8.356322,1700
2014-07-09,10.090000,10.090000,10.090000,10.090000,8.397938,1000
2014-07-10,10.080000,10.080000,10.080000,10.080000,8.389616,500
2014-07-11,10.080000,10.080000,10.080000,10.080000,8.389616,0
2014-07-14,10.080000,10.080000,10.080000,10.080000,8.389616,0
2014-07-15,10.070000,10.070000,10.070000,10.070000,8.381290,800
2014-07-16,10.070000,10.070000,10.000000,10.010000,8.331353,12700
2014-07-17,10.000000,10.008000,10.000000,10.000000,8.323032,64100
2014-07-18,10.000000,10.010000,9.970000,10.010000,8.331353,1400
2014-07-21,10.010000,10.010000,10.010000,10.010000,8.331353,0
2014-07-22,10.010000,10.010000,10.010000,10.010000,8.331353,0
2014-07-23,10.000000,10.010000,9.980000,10.010000,8.331353,1500
2014-07-24,10.010000,10.010000,10.010000,10.010000,8.331353,0
2014-07-25,10.030000,10.030000,10.000000,10.010000,8.331353,1500
2014-07-28,10.027000,10.100000,10.010000,10.040000,8.356322,22300
2014-07-29,10.027000,10.090000,10.000000,10.000000,8.323032,33700
2014-07-30,10.020000,10.100000,9.990000,10.010000,8.331353,63600
2014-07-31,10.060000,10.100000,9.970000,9.970000,8.298062,45100
2014-08-01,9.980000,10.090000,9.970000,9.980000,8.306384,12200
2014-08-04,9.980000,10.000000,9.970000,9.970000,8.298062,2000
2014-08-05,10.000000,10.000000,9.970000,9.970000,8.298062,500
2014-08-06,10.050000,10.050000,9.970000,9.970000,8.298062,7700
2014-08-07,10.010000,10.020000,9.970000,10.000000,8.323032,13600
2014-08-08,10.000000,10.000000,10.000000,10.000000,8.323032,0
2014-08-11,10.000000,10.000000,10.000000,10.000000,8.323032,0
2014-08-12,10.000000,10.000000,10.000000,10.000000,8.323032,0
2014-08-13,10.010000,10.010000,10.010000,10.010000,8.331353,100
2014-08-14,10.070000,10.100000,10.046000,10.090000,8.397938,7800
2014-08-15,10.050000,10.070000,10.010000,10.040000,8.356322,8100
2014-08-18,10.070000,10.070000,10.046000,10.046000,8.361317,11000
2014-08-19,10.050000,10.050000,10.020000,10.020000,8.339676,1400
2014-08-20,10.000000,10.043000,10.000000,10.020000,8.339676,3100
2014-08-21,10.020000,10.020000,10.020000,10.020000,8.339676,0
2014-08-22,10.280000,10.280000,10.018000,10.018000,8.338012,600
2014-08-25,9.960000,10.020000,9.950000,9.950000,8.281415,16400
2014-08-26,9.919000,9.919000,9.919000,9.919000,8.255612,300
2014-08-27,9.840000,9.840000,9.820000,9.840000,8.189862,5200
2014-08-28,9.840000,9.840000,9.840000,9.840000,8.189862,0
2014-08-29,9.750000,10.050000,9.010000,10.050000,8.364648,16000
2014-09-02,10.030000,10.030000,9.990000,10.010000,8.331353,5800
2014-09-03,10.050000,10.250000,10.000000,10.030000,8.348000,93200
2014-09-04,10.050000,10.080000,10.016000,10.040000,8.356322,46200
2014-09-05,10.050000,10.050000,10.020000,10.050000,8.364648,39700
2014-09-08,10.070000,10.070000,10.000000,10.050000,8.364648,24600
2014-09-09,10.060000,10.100000,10.050000,10.090000,8.397938,22100
2014-09-10,10.090000,10.090000,10.050000,10.090000,8.397938,19300
2014-09-11,10.090000,10.100000,10.070000,10.090000,8.397938,17300
2014-09-12,10.100000,10.140000,10.050000,10.050000,8.364648,26100
2014-09-15,10.020000,10.050000,9.970000,10.050000,8.364648,6900
2014-09-16,10.030000,10.030000,10.020000,10.030000,8.348000,5600
2014-09-17,10.030000,10.030000,9.910000,9.980000,8.306384,9300
2014-09-18,9.920000,9.990000,9.920000,9.940000,8.273093,2100
2014-09-19,10.010000,10.030000,10.010000,10.030000,8.348000,2600
2014-09-22,10.021000,10.021000,9.900000,9.927000,8.262274,11000
2014-09-23,9.830000,9.958000,9.830000,9.930000,8.264771,3700
2014-09-24,9.940000,9.940000,9.920000,9.930000,8.264771,4200
2014-09-25,9.880000,9.909000,9.880000,9.880000,8.223154,2700
2014-09-26,9.880000,9.960000,9.880000,9.959000,8.288907,3000
2014-09-29,9.880000,9.936000,9.880000,9.900000,8.239799,4600
2014-09-30,9.580000,9.580000,9.540000,9.580000,7.973464,4100
2014-10-01,9.440000,9.510000,9.390000,9.400000,7.823650,7800
2014-10-02,9.710000,9.710000,9.140000,9.170000,7.632218,11400
2014-10-03,10.090000,10.090000,9.000000,9.150000,7.615571,2400
2014-10-06,8.810000,8.810000,7.034000,7.780000,6.475318,47000
2014-10-07,7.870000,7.870000,7.150000,7.370000,6.134073,34500
2014-10-08,7.170000,7.290000,6.360000,7.060000,5.876060,44500
2014-10-09,6.770000,6.770000,6.470000,6.500000,5.409970,37600
2014-10-10,6.400000,6.450000,6.130000,6.260000,5.210217,30500
2014-10-13,6.250000,6.430000,6.130000,6.250000,5.201895,65200
2014-10-14,6.240000,6.520000,6.240000,6.520000,5.426616,3900
2014-10-15,6.290000,6.690000,6.151000,6.690000,5.568107,18700
2014-10-16,6.480000,6.850000,6.460000,6.730000,5.601399,15000
2014-10-17,6.790000,6.820000,6.716000,6.720000,5.593075,1500
2014-10-20,6.770000,6.770000,6.600000,6.640000,5.526492,10800
2014-10-21,6.640000,6.850000,6.600000,6.800000,5.659662,25900
2014-10-22,6.840000,7.000000,6.440000,6.750000,5.618045,33200
2014-10-23,6.900000,6.900000,6.750000,6.750000,5.618045,9500
2014-10-24,6.600000,6.750000,6.500000,6.650000,5.534815,14200
2014-10-27,6.501000,6.621000,6.500000,6.550000,5.451585,3400
2014-10-28,6.680000,6.750000,6.620000,6.700000,5.576430,1300
2014-10-29,6.670000,6.700000,6.600000,6.600000,5.493200,7500
2014-10-30,6.580000,6.600000,6.500000,6.500000,5.409970,13000
2014-10-31,6.630000,6.630000,6.150000,6.400000,5.326739,17200
2014-11-03,6.400000,6.490000,6.160000,6.160000,5.126987,47400
2014-11-04,6.160000,6.320000,5.920000,6.150000,5.118664,44200
2014-11-05,6.040000,6.060000,5.800000,5.900000,4.910588,25100
2014-11-06,5.960000,5.960000,5.620000,5.680000,4.727481,11900
2014-11-07,5.736000,5.740000,5.180000,5.300000,4.411205,37900
2014-11-10,5.310000,5.310000,5.120000,5.120000,4.261392,10400
2014-11-11,5.200000,5.200000,4.950000,5.010000,4.169838,39100
2014-11-12,5.100000,6.850000,5.100000,5.710000,4.752450,56400
2014-11-13,5.700000,6.100000,5.550000,5.580000,4.644251,23000
2014-11-14,5.580000,5.830000,5.560000,5.750000,4.785743,16300
2014-11-17,5.560000,5.580000,4.510000,4.640000,3.861886,78900
2014-11-18,4.570000,5.000000,4.570000,4.650000,3.870209,33400
2014-11-19,4.750000,4.750000,4.650000,4.650000,3.870209,7300
2014-11-20,4.740000,4.890000,4.740000,4.870000,4.053317,2800
2014-11-21,4.900000,5.000000,4.829000,4.920000,4.094931,4600
2014-11-24,4.700000,5.150000,4.650000,5.090000,4.236423,48000
2014-11-25,5.000000,5.090000,4.990000,5.090000,4.236423,10500
2014-11-26,5.070000,5.250000,5.061000,5.250000,4.369591,13900
2014-11-28,5.237000,5.237000,5.237000,5.237000,4.358771,600
2014-12-01,5.120000,5.230000,4.850000,5.230000,4.352945,10300
2014-12-02,4.910000,5.270000,4.910000,5.270000,4.386237,7100
2014-12-03,5.250000,5.270000,5.020000,5.030000,4.186485,5400
2014-12-04,5.140000,5.140000,5.040000,5.100000,4.244746,1800
2014-12-05,5.170000,5.440000,5.060000,5.440000,4.527729,12600
2014-12-08,5.630000,5.640000,5.078000,5.195000,4.323815,12200
2014-12-09,5.450000,5.550000,5.200000,5.480000,4.561021,6500
2014-12-10,5.500000,5.500000,5.155000,5.290000,4.402883,13200
2014-12-11,5.259000,5.270000,5.000000,5.160000,4.294684,2700
2014-12-12,5.101000,5.101000,4.950000,5.000000,4.161516,9000
2014-12-15,4.950000,5.020000,4.750000,5.020000,4.178161,5000
2014-12-16,4.990000,4.990000,4.500000,4.990000,4.153192,10300
2014-12-17,4.850000,5.040000,4.810000,5.030000,4.186485,5800
2014-12-18,5.040000,5.250000,4.790000,5.150000,4.286362,9900
2014-12-19,5.240000,5.250000,4.610000,4.610000,3.836917,18800
2014-12-22,4.610000,4.750000,4.610000,4.740000,3.945117,11200
2014-12-23,4.640000,4.740000,4.620000,4.740000,3.945117,3900
2014-12-24,4.620000,4.660000,4.620000,4.660000,3.878532,500
2014-12-26,4.610000,4.750000,4.550000,4.620000,3.845240,11800
2014-12-29,4.990000,4.990000,4.700000,4.700000,3.911825,800
2014-12-30,4.890000,4.990000,4.631000,4.890000,4.069963,6200
2014-12-31,4.640000,4.980000,4.550000,4.750000,3.953441,9700
2015-01-02,4.770000,4.770000,4.700000,4.700000,3.911825,800
2015-01-05,4.700000,4.710000,4.580000,4.580000,3.811948,500
2015-01-06,4.600000,4.620000,4.600000,4.620000,3.845240,200
2015-01-07,4.560000,4.560000,4.560000,4.560000,3.795302,200
2015-01-08,4.570000,4.600000,4.450000,4.450000,3.703749,4400
2015-01-09,4.440000,4.600000,4.200000,4.211000,3.504828,3300
2015-01-12,4.200000,4.300000,4.110000,4.110000,3.420766,300
2015-01-13,4.110000,4.120000,4.010000,4.010000,3.337535,1800
2015-01-14,4.060000,4.120000,4.000000,4.010000,3.337535,7800
2015-01-15,3.910000,3.910000,3.890000,3.890000,3.237659,500
2015-01-16,3.890000,3.890000,3.820000,3.830000,3.187720,22400
2015-01-20,3.820000,3.820000,3.710000,3.710000,3.087844,800
2015-01-21,3.800000,3.800000,3.570000,3.730000,3.104490,500
2015-01-22,3.570000,3.680000,3.570000,3.680000,3.062876,2300
2015-01-23,3.690000,3.730000,3.690000,3.730000,3.104490,300
2015-01-26,3.680000,3.990000,3.680000,3.990000,3.320889,1000
2015-01-27,3.930000,3.930000,3.800000,3.800000,3.162752,400
2015-01-28,3.700000,3.800000,3.560000,3.720000,3.096168,1700
2015-01-29,3.670000,3.710000,3.590000,3.640000,3.029583,2900
2015-01-30,3.990000,3.990000,3.990000,3.990000,3.320889,100
2015-02-02,3.650000,3.670000,3.650000,3.670000,3.054552,1300
2015-02-03,3.610000,3.620000,3.400000,3.470000,2.888092,27100
2015-02-04,3.430000,3.430000,3.200000,3.230000,2.688339,5100
2015-02-05,3.200000,3.400000,3.010000,3.370000,2.804861,83600
2015-02-06,3.150000,3.320000,3.150000,3.260000,2.713308,16000
2015-02-09,3.220000,3.380000,3.220000,3.240000,2.696662,2200
2015-02-10,3.185000,3.390000,3.185000,3.260000,2.713308,4700
2015-02-11,3.210000,3.290000,3.140000,3.150000,2.621754,3700
2015-02-12,3.140000,3.150000,3.030000,3.040000,2.530201,10300
2015-02-13,3.040000,3.120000,2.630000,2.630000,2.188957,42400
2015-02-17,2.600000,2.990000,2.530000,2.620000,2.180634,17100
2015-02-18,2.500000,2.570000,2.400000,2.510000,2.089081,8300
2015-02-19,2.470000,2.500000,2.410000,2.490000,2.072434,5800
2015-02-20,2.510000,2.650000,2.510000,2.629000,2.188125,800
2015-02-23,2.500000,2.690000,2.500000,2.670000,2.222249,5400
2015-02-24,2.550000,2.810000,2.470000,2.800000,2.330448,1700
2015-02-25,2.826000,2.870000,2.700000,2.750000,2.288834,1400
2015-02-26,2.730000,2.880000,2.720000,2.768000,2.303815,1600
2015-02-27,2.720000,2.900000,2.720000,2.840000,2.363741,600
2015-03-02,2.980000,2.999000,2.850000,2.990000,2.488586,2400
2015-03-03,2.890000,2.890000,2.850000,2.850000,2.372063,300
2015-03-04,2.950000,3.100000,2.900000,3.080000,2.563494,8300
2015-03-05,2.940000,3.090000,2.940000,3.000000,2.496909,4700
2015-03-06,3.030000,3.090000,3.030000,3.030000,2.521878,300
2015-03-09,3.040000,3.050000,2.830000,2.890000,2.405356,2000
2015-03-10,2.760000,2.760000,2.750000,2.750000,2.288834,200
2015-03-11,2.750000,2.870000,2.750000,2.760000,2.297156,2000
2015-03-12,2.810000,2.890000,2.750000,2.870000,2.388710,4000
2015-03-13,2.750000,2.860000,2.750000,2.810000,2.338772,1500
2015-03-16,2.830000,2.848000,2.830000,2.848000,2.370399,500
2015-03-17,2.840000,2.849000,2.840000,2.849000,2.371232,300
2015-03-18,2.840000,2.880000,2.750000,2.750000,2.288834,3900
2015-03-19,2.839000,2.839000,2.750000,2.750000,2.288834,1100
2015-03-20,2.750000,2.790000,2.750000,2.787000,2.319628,1000
2015-03-23,2.820000,2.840000,2.820000,2.840000,2.363741,700
2015-03-24,2.770000,2.820000,2.770000,2.820000,2.347094,400
2015-03-25,2.758000,2.758000,2.700000,2.700000,2.247218,2600
2015-03-26,2.700000,2.700000,2.700000,2.700000,2.247218,0
2015-03-27,2.790000,2.800000,2.700000,2.790000,2.322125,14500
2015-03-30,2.750000,2.750000,2.700000,2.750000,2.288834,1400
2015-03-31,2.660000,2.739000,2.660000,2.736000,2.277181,1100
2015-04-01,2.650000,2.720000,2.650000,2.670000,2.222249,1100
2015-04-02,2.680000,2.680000,2.680000,2.680000,2.230572,100
2015-04-06,2.680000,2.740000,2.530000,2.610000,2.172311,8000
2015-04-07,2.410000,2.632000,2.410000,2.580000,2.147342,4200
2015-04-08,2.580000,2.650000,2.410000,2.420000,2.014174,19100
2015-04-09,2.630000,2.630000,2.460000,2.500000,2.080758,3800
2015-04-10,2.590000,2.600000,2.410000,2.520000,2.097404,17300
2015-04-13,2.590000,2.640000,2.460000,2.520000,2.097404,3000
2015-04-14,2.520000,2.599000,2.520000,2.590000,2.155665,2800
2015-04-15,2.590000,2.600000,2.520000,2.570000,2.139019,3100
2015-04-16,2.550000,2.550000,2.450000,2.550000,2.122373,2800
2015-04-17,2.520000,2.520000,2.500000,2.500000,2.080758,4100
2015-04-20,2.500000,2.510000,2.390000,2.440000,2.030820,8700
2015-04-21,2.440000,2.440000,2.440000,2.440000,2.030820,0
2015-04-22,2.440000,2.520000,2.370000,2.370000,1.972558,7700
2015-04-23,2.350000,2.350000,2.350000,2.350000,1.955913,200
2015-04-24,2.430000,2.479000,2.380000,2.380000,1.980882,2200
2015-04-27,2.450000,2.450000,2.350000,2.350000,1.955913,5000
2015-04-28,2.330000,2.400000,2.330000,2.396000,1.994198,500
2015-04-29,2.405000,2.420000,2.400000,2.400000,1.997527,2400
2015-04-30,2.400000,2.400000,2.290000,2.350000,1.955913,2600
2015-05-01,2.330000,2.330000,2.220000,2.220000,1.847713,2500
2015-05-04,2.379000,2.394000,2.350000,2.350000,1.955913,1400
2015-05-05,2.260000,2.340000,2.260000,2.260000,1.881005,2900
2015-05-06,2.250000,2.300000,2.250000,2.260000,1.881005,3100
2015-05-07,2.270000,2.290000,2.110000,2.230000,1.856036,19000
2015-05-08,2.250000,2.300000,2.110000,2.250000,1.872682,8800
2015-05-11,2.340000,2.400000,2.300000,2.370000,1.972558,7900
2015-05-12,2.400000,2.560000,2.400000,2.410000,2.005850,14900
2015-05-13,2.490000,2.700000,2.410000,2.580000,2.147342,25400
2015-05-14,2.570000,2.640000,2.480000,2.630000,2.188957,5000
2015-05-15,2.850000,3.750000,2.670000,3.700000,3.079522,132300
2015-05-18,3.790000,3.890000,3.490000,3.602000,2.997956,54100
2015-05-19,3.610000,3.610000,3.300000,3.540000,2.946353,12400
2015-05-20,3.620000,3.770000,3.250000,3.770000,3.137782,19700
2015-05-21,3.600000,3.700000,3.600000,3.630000,3.021260,3400
2015-05-22,3.610000,3.660000,3.610000,3.660000,3.046229,1700
2015-05-26,3.640000,3.662000,3.290000,3.470000,2.888092,7700
2015-05-27,3.410000,3.600000,3.401000,3.465000,2.883930,1600
2015-05-28,3.500000,3.536000,3.479000,3.479000,2.895582,3000
2015-05-29,3.470000,3.500000,3.400000,3.400000,2.829831,4700
2015-06-01,3.510000,3.630000,3.450000,3.630000,3.021260,1600
2015-06-02,3.620000,3.680000,3.320000,3.400000,2.829831,14700
2015-06-03,3.420000,3.650000,3.410000,3.450000,2.871446,24100
2015-06-04,3.400000,3.410000,3.400000,3.410000,2.838154,400
2015-06-05,3.450000,3.600000,3.400000,3.500000,2.913061,1900
2015-06-08,3.500000,3.521000,3.400000,3.400000,2.829831,27600
2015-06-09,3.380000,3.420000,3.370000,3.370000,2.804861,11700
2015-06-10,3.380000,3.670000,3.380000,3.662000,3.047894,1700
2015-06-11,3.530000,3.710000,3.400000,3.510000,2.921384,21000
2015-06-12,3.480000,3.640000,3.450000,3.480000,2.896415,8000
2015-06-15,3.480000,3.480000,3.480000,3.480000,2.896415,0
2015-06-16,3.400000,3.500000,3.300000,3.500000,2.913061,5300
2015-06-17,3.420000,3.650000,3.420000,3.650000,3.037906,11500
2015-06-18,3.650000,3.650000,3.610000,3.620000,3.012937,12900
2015-06-19,3.630000,3.640000,3.610000,3.610000,3.004615,7400
2015-06-22,3.610000,3.610000,3.500000,3.500000,2.913061,800
2015-06-23,3.650000,3.650000,3.540000,3.540000,2.946353,7200
2015-06-24,3.540000,3.540000,3.310000,3.310000,2.754923,20600
2015-06-25,3.210000,3.490000,3.200000,3.310000,2.754923,13900
2015-06-26,3.340000,3.430000,3.340000,3.340000,2.779892,2100
2015-06-29,3.340000,3.450000,3.110000,3.380000,2.813184,13800
2015-06-30,3.270000,3.380000,3.230000,3.230000,2.688339,600
2015-07-01,3.220000,3.400000,3.220000,3.250000,2.704985,600
2015-07-02,3.250000,3.260000,3.150000,3.150000,2.621754,2200
2015-07-06,3.070000,3.213000,2.980000,2.980000,2.480263,5600
2015-07-07,3.010000,3.126000,3.000000,3.021000,2.514387,1100
2015-07-08,3.070000,3.170000,3.070000,3.110000,2.588463,16100
2015-07-09,3.110000,3.110000,3.110000,3.110000,2.588463,0
2015-07-10,3.060000,3.110000,3.060000,3.110000,2.588463,2100
2015-07-13,3.070000,3.260000,3.070000,3.110000,2.588463,7100
2015-07-14,3.030000,3.430000,3.030000,3.300000,2.746600,7900
2015-07-15,3.300000,3.301000,3.130000,3.130000,2.605109,10100
2015-07-16,3.190000,3.350000,3.150000,3.270000,2.721631,8300
2015-07-17,3.170000,3.340000,3.160000,3.200000,2.663370,3500
2015-07-20,3.180000,3.193000,3.180000,3.190000,2.655047,1700
2015-07-21,3.240000,3.250000,3.240000,3.250000,2.704985,800
2015-07-22,3.250000,3.250000,3.250000,3.250000,2.704985,0
2015-07-23,3.190000,3.190000,3.190000,3.190000,2.655047,100
2015-07-24,3.170000,3.170000,3.170000,3.170000,2.638401,100
2015-07-27,3.200000,3.330000,3.060000,3.290000,2.738277,1400
2015-07-28,3.220000,3.410000,3.010000,3.290000,2.738277,32900
2015-07-29,3.350000,3.380000,3.250000,3.350000,2.788215,7000
2015-07-30,3.350000,3.350000,3.350000,3.350000,2.788215,9900
2015-07-31,3.350000,3.350000,3.350000,3.350000,2.788215,0
2015-08-03,3.340000,3.340000,3.340000,3.340000,2.779892,600
2015-08-04,3.260000,3.310000,3.250000,3.310000,2.754923,1100
2015-08-05,3.270000,3.400000,3.270000,3.310000,2.754923,5500
2015-08-06,3.295000,3.300000,3.290000,3.300000,2.746600,400
2015-08-07,3.250000,3.250000,3.250000,3.250000,2.704985,200
2015-08-10,3.270000,3.300000,3.250000,3.250000,2.704985,8000
2015-08-11,3.300000,3.300000,3.040000,3.040000,2.530201,3200
2015-08-12,3.110000,3.310000,3.110000,3.295000,2.742439,12800
2015-08-13,3.310000,3.370000,3.170000,3.370000,2.804861,17500
2015-08-14,3.360000,3.360000,3.110000,3.220000,2.680016,23600
2015-08-17,3.160000,3.300000,3.160000,3.261000,2.714140,4100
2015-08-18,3.380000,3.390000,3.260000,3.284000,2.733283,2700
2015-08-19,3.293000,3.340000,3.210000,3.310000,2.754923,2200
2015-08-20,3.360000,3.370000,3.319000,3.360000,2.796538,6600
2015-08-21,3.332000,3.340000,3.210000,3.210000,2.671693,2700
2015-08-24,3.332000,3.340000,3.100000,3.100000,2.580140,17100
2015-08-25,3.110000,3.110000,3.000000,3.000000,2.496909,1900
2015-08-26,3.000000,3.050000,2.950000,2.950000,2.455294,9300
2015-08-27,2.870000,3.200000,2.870000,3.170000,2.638401,1100
2015-08-28,3.160000,3.300000,3.150000,3.210000,2.671693,15000
2015-08-31,3.250000,3.250000,3.110000,3.200000,2.663370,8000
2015-09-01,3.020000,3.160000,3.020000,3.160000,2.630078,1400
2015-09-02,3.120000,3.250000,3.120000,3.230000,2.688339,500
2015-09-03,3.300000,3.400000,3.220000,3.400000,2.829831,3500
2015-09-04,3.220000,3.240000,3.080000,3.140000,2.613431,15800
2015-09-08,3.190000,3.350000,3.180000,3.300000,2.746600,11400
2015-09-09,3.270000,3.300000,3.130000,3.300000,2.746600,9700
2015-09-10,3.290000,3.300000,3.190000,3.290000,2.738277,12300
2015-09-11,3.360000,3.620000,3.360000,3.560000,2.962999,20800
2015-09-14,3.580000,3.650000,3.410000,3.530000,2.938030,13100
2015-09-15,3.630000,3.680000,3.510000,3.600000,2.996291,7800
2015-09-16,3.510000,3.600000,3.500000,3.540000,2.946353,13100
2015-09-17,3.540000,3.550000,3.500000,3.550000,2.954676,8700
2015-09-18,3.540000,3.550000,2.740000,3.230000,2.688339,25100
2015-09-21,3.310000,3.430000,3.250000,3.390000,2.821507,2100
2015-09-22,3.360000,3.450000,3.360000,3.450000,2.871446,2800
2015-09-23,3.450000,3.460000,3.330000,3.440000,2.863123,4000
2015-09-24,3.390000,3.390000,3.310000,3.310000,2.754923,1500
2015-09-25,3.240000,3.250000,3.150000,3.250000,2.704985,6500
2015-09-28,3.220000,3.250000,2.720000,3.250000,2.704985,9300
2015-09-29,3.150000,3.280000,3.110000,3.280000,2.729954,2600
2015-09-30,3.160000,3.160000,3.000000,3.100000,2.580140,4600
2015-10-01,3.030000,3.090000,3.025000,3.046000,2.535195,3500
2015-10-02,3.020000,3.020000,3.020000,3.020000,2.513556,100
2015-10-05,3.100000,3.160000,3.100000,3.120000,2.596786,2600
2015-10-06,3.070000,3.330000,3.070000,3.310000,2.754923,1900
2015-10-07,3.420000,3.650000,3.320000,3.590000,2.987968,8000
2015-10-08,3.500000,3.525000,3.500000,3.520000,2.929707,1800
2015-10-09,3.577000,3.577000,3.400000,3.400000,2.829831,2000
2015-10-12,3.270000,3.270000,3.270000,3.270000,2.721631,200
2015-10-13,3.310000,3.340000,3.310000,3.310000,2.754923,500
2015-10-14,3.230000,3.230000,3.230000,3.230000,2.688339,100
2015-10-15,3.210000,3.300000,3.210000,3.300000,2.746600,600
2015-10-16,3.300000,3.300000,3.300000,3.300000,2.746600,0
2015-10-19,3.310000,3.310000,3.220000,3.220000,2.680016,2800
2015-10-20,3.210000,3.300000,3.210000,3.300000,2.746600,11800
2015-10-21,3.250000,3.250000,3.210000,3.210000,2.671693,3700
2015-10-22,3.150000,3.150000,3.150000,3.150000,2.621754,200
2015-10-23,3.150000,3.150000,3.150000,3.150000,2.621754,0
2015-10-26,3.150000,3.150000,3.080000,3.080000,2.563494,18400
2015-10-27,3.110000,3.244000,3.110000,3.130000,2.605109,5500
2015-10-28,3.110000,3.110000,3.018000,3.080000,2.563494,11700
2015-10-29,3.060000,3.070000,2.970000,2.970000,2.471940,15900
2015-10-30,2.960000,3.170000,2.960000,3.030000,2.521878,5700
2015-11-02,2.950000,3.150000,2.950000,3.110000,2.588463,6600
2015-11-03,3.150000,3.150000,3.022000,3.100000,2.580140,400
2015-11-04,3.060000,3.100000,3.010000,3.070000,2.555171,2000
2015-11-05,3.050000,3.050000,2.930000,3.040000,2.530201,10000
2015-11-06,3.030000,3.050000,3.000000,3.000000,2.496909,6000
2015-11-09,3.030000,3.062000,2.960000,3.010000,2.505232,3800
2015-11-10,3.010000,3.010000,3.010000,3.010000,2.505232,0
2015-11-11,2.980000,2.980000,2.980000,2.980000,2.480263,100
2015-11-12,3.040000,3.181000,3.040000,3.100000,2.580140,27100
2015-11-13,3.090000,3.110000,2.980000,3.000000,2.496909,28700
2015-11-16,2.981000,3.000000,2.981000,3.000000,2.496909,2300
2015-11-17,2.980000,3.060000,2.980000,3.060000,2.546847,1700
2015-11-18,3.060000,3.060000,2.890000,2.890000,2.405356,20200
2015-11-19,2.890000,2.890000,2.890000,2.890000,2.405356,100
2015-11-20,2.890000,2.900000,2.850000,2.850000,2.372063,4400
2015-11-23,2.850000,2.913000,2.850000,2.913000,2.424499,1800
2015-11-24,2.860000,2.860000,2.780000,2.810000,2.338772,2000
2015-11-25,2.740000,3.150000,2.740000,3.010000,2.505232,7600
2015-11-27,3.010000,3.010000,3.010000,3.010000,2.505232,0
2015-11-30,3.010000,3.030000,2.900000,2.940000,2.446971,5600
2015-12-01,2.944000,3.036000,2.820000,2.850000,2.372063,13100
2015-12-02,2.820000,2.820000,2.820000,2.820000,2.347094,500
2015-12-03,2.820000,2.850000,2.820000,2.850000,2.372063,1400
2015-12-04,2.910000,2.910000,2.780000,2.810000,2.338772,5300
2015-12-07,2.780000,2.780000,2.780000,2.780000,2.313803,400
2015-12-08,2.780000,2.780000,2.740000,2.740000,2.280510,3000
2015-12-09,2.800000,2.800000,2.740000,2.740000,2.280510,4700
2015-12-10,2.670000,2.870000,2.670000,2.870000,2.388710,2900
2015-12-11,2.790000,2.830000,2.670000,2.820000,2.347094,800
2015-12-14,2.751000,2.760000,2.630000,2.730000,2.272187,5500
2015-12-15,2.700000,2.850000,2.700000,2.830000,2.355417,5900
2015-12-16,2.720000,2.860000,2.710000,2.860000,2.380387,900
2015-12-17,2.760000,2.860000,2.740000,2.750000,2.288834,5100
2015-12-18,2.840000,2.850000,2.740000,2.740000,2.280510,4900
2015-12-21,2.740000,2.840000,2.740000,2.830000,2.355417,500
2015-12-22,2.850000,2.870000,2.740000,2.770000,2.305480,9500
2015-12-23,2.770000,2.770000,2.770000,2.770000,2.305480,0
2015-12-24,2.770000,2.770000,2.770000,2.770000,2.305480,0
2015-12-28,2.770000,2.770000,2.590000,2.590000,2.155665,51300
2015-12-29,2.630000,2.660000,2.570000,2.570000,2.139019,33200
2015-12-30,2.590000,2.660000,2.590000,2.610000,2.172311,21400
2015-12-31,2.610000,2.686000,2.610000,2.640000,2.197280,14600
2016-01-04,2.650000,2.839000,2.650000,2.690000,2.238895,4600
2016-01-05,2.670000,2.670000,2.650000,2.650000,2.205603,700
2016-01-06,2.660000,2.660000,2.650000,2.650000,2.205603,500
2016-01-07,2.650000,2.650000,2.650000,2.650000,2.205603,300
2016-01-08,2.769000,2.769000,2.650000,2.650000,2.205603,700
2016-01-11,2.650000,2.650000,2.570000,2.600000,2.163988,6000
2016-01-12,2.600000,2.600000,2.600000,2.600000,2.163988,0
2016-01-13,2.570000,2.650000,2.500000,2.500000,2.080758,9400
2016-01-14,2.560000,2.586000,2.500000,2.500000,2.080758,7700
2016-01-15,2.500000,2.700000,2.500000,2.530000,2.105727,7000
2016-01-19,2.564000,2.564000,2.500000,2.500000,2.080758,400
2016-01-20,2.500000,2.520000,2.500000,2.500000,2.080758,1400
2016-01-21,2.460000,2.540000,2.410000,2.410000,2.005850,7900
2016-01-22,2.440000,2.440000,2.410000,2.410000,2.005850,400
2016-01-25,2.320000,2.340000,2.320000,2.330000,1.939266,600
2016-01-26,2.420000,2.420000,2.330000,2.330000,1.939266,400
2016-01-27,2.380000,2.520000,1.890000,2.210000,1.839390,12300
2016-01-28,2.310000,2.310000,2.300000,2.310000,1.922620,1700
2016-01-29,2.310000,2.570000,2.290000,2.340000,1.947589,4400
2016-02-01,2.350000,2.350000,2.350000,2.350000,1.955913,300
2016-02-02,2.476000,2.476000,2.350000,2.350000,1.955913,600
2016-02-03,2.400000,2.400000,2.400000,2.400000,1.997527,300
2016-02-04,2.470000,2.550000,2.450000,2.500000,2.080758,4600
2016-02-05,2.560000,2.810000,2.400000,2.410000,2.005850,2400
2016-02-08,2.410000,2.410000,2.410000,2.410000,2.005850,100
2016-02-09,2.440000,2.455000,2.300000,2.390000,1.989205,12600
2016-02-10,2.390000,2.390000,2.390000,2.390000,1.989205,100
2016-02-11,2.363000,2.380000,2.280000,2.300000,1.914297,11700
2016-02-12,2.340000,2.340000,2.330000,2.330000,1.939266,200
2016-02-16,2.280000,2.320000,2.220000,2.260000,1.881005,12800
2016-02-17,2.270000,2.280000,2.270000,2.280000,1.897651,100
2016-02-18,2.300000,2.300000,2.280000,2.280000,1.897651,300
2016-02-19,2.280000,2.280000,2.260000,2.260000,1.881005,1700
2016-02-22,2.230000,2.230000,2.230000,2.230000,1.856036,200
2016-02-23,2.220000,2.220000,2.160000,2.160000,1.797774,9700
2016-02-24,2.356000,2.356000,2.160000,2.160000,1.797774,600
2016-02-25,2.160000,2.160000,2.160000,2.160000,1.797774,200
2016-02-26,2.220000,2.220000,2.160000,2.160000,1.797774,200
2016-02-29,2.220000,2.230000,2.200000,2.210000,1.839390,4700
2016-03-01,2.210000,2.210000,2.160000,2.160000,1.797774,300
2016-03-02,2.160000,2.160000,2.160000,2.160000,1.797774,0
2016-03-03,2.160000,2.180000,2.110000,2.120000,1.764482,6300
2016-03-04,2.120000,2.300000,2.080000,2.140000,1.781129,29200
2016-03-07,2.132000,2.210000,2.132000,2.150000,1.789452,8000
2016-03-08,2.160000,2.310000,2.160000,2.300000,1.914297,7500
2016-03-09,2.310000,2.350000,2.240000,2.310000,1.922620,2800
2016-03-10,2.250000,2.250000,2.250000,2.250000,1.872682,100
2016-03-11,2.250000,2.250000,2.200000,2.220000,1.847713,8200
2016-03-14,2.238000,2.330000,2.238000,2.330000,1.939266,3700
2016-03-15,2.270000,2.270000,2.270000,2.270000,1.889329,200
2016-03-16,2.270000,2.270000,2.270000,2.270000,1.889329,0
2016-03-17,2.330000,2.330000,2.330000,2.330000,1.939266,400
2016-03-18,2.310000,2.320000,2.310000,2.320000,1.930943,600
2016-03-21,2.260000,2.263000,2.220000,2.220000,1.847713,4200
2016-03-22,2.320000,2.339000,2.300000,2.310000,1.922620,3800
2016-03-23,2.340000,2.350000,2.230000,2.320000,1.930943,5000
2016-03-24,2.260000,2.332000,2.260000,2.270000,1.889329,2500
2016-03-28,2.287000,2.287000,2.260000,2.260000,1.881005,500
2016-03-29,2.450000,2.450000,2.300000,2.300000,1.914297,1600
2016-03-30,2.300000,2.300000,2.300000,2.300000,1.914297,300
2016-03-31,2.300000,2.310000,2.300000,2.300000,1.914297,600
2016-04-01,2.290000,2.290000,2.290000,2.290000,1.905974,400
2016-04-04,2.290000,2.290000,2.290000,2.290000,1.905974,100
2016-04-05,2.350000,2.350000,2.350000,2.350000,1.955913,100
2016-04-06,2.440000,2.450000,2.350000,2.395000,1.993366,6900
2016-04-07,2.370000,2.370000,2.370000,2.370000,1.972558,300
2016-04-08,2.460000,2.580000,2.350000,2.580000,2.147342,3600
2016-04-11,2.669000,2.669000,2.510000,2.610000,2.172311,6300
2016-04-12,2.560000,2.680000,2.550000,2.680000,2.230572,3500
2016-04-13,2.750000,2.750000,2.700000,2.700000,2.247218,3500
2016-04-14,2.520000,2.520000,2.520000,2.520000,2.097404,300
2016-04-15,2.600000,2.600000,2.430000,2.450000,2.039143,4100
2016-04-18,2.590000,2.590000,2.510000,2.520000,2.097404,3800
2016-04-19,2.550000,2.550000,2.470000,2.470000,2.055789,700
2016-04-20,2.500000,2.550000,2.500000,2.550000,2.122373,7800
2016-04-21,2.500000,2.500000,2.420000,2.420000,2.014174,300
2016-04-22,2.430000,2.430000,2.420000,2.420000,2.014174,400
2016-04-25,2.420000,2.450000,2.420000,2.450000,2.039143,900
2016-04-26,2.590000,2.710000,2.460000,2.460000,2.047466,7500
2016-04-27,2.600000,2.850000,2.500000,2.630000,2.188957,13600
2016-04-28,2.840000,2.880000,2.770000,2.800000,2.330448,2600
2016-04-29,2.800000,2.800000,2.800000,2.800000,2.330448,700
2016-05-02,2.900000,3.000000,2.870000,2.910000,2.422002,4000
2016-05-03,3.730000,3.740000,2.920000,2.920000,2.430325,1200
2016-05-04,3.040000,3.040000,2.860000,2.860000,2.380387,1900
2016-05-05,2.850000,2.850000,2.850000,2.850000,2.372063,100
2016-05-06,2.870000,2.870000,2.870000,2.870000,2.388710,100
2016-05-09,2.870000,2.870000,2.870000,2.870000,2.388710,100
2016-05-10,2.710000,2.710000,2.710000,2.710000,2.255541,100
2016-05-11,2.700000,2.700000,2.700000,2.700000,2.247218,1400
2016-05-12,2.850000,2.870000,2.700000,2.700000,2.247218,700
2016-05-13,2.720000,2.720000,2.710000,2.710000,2.255541,400
2016-05-16,2.700000,2.850000,2.700000,2.720000,2.263865,1000
2016-05-17,2.700000,2.700000,2.700000,2.700000,2.247218,400
2016-05-18,2.720000,2.720000,2.560000,2.560000,2.130696,6500
2016-05-19,2.440000,2.440000,2.360000,2.360000,1.964235,7400
2016-05-20,2.400000,2.400000,2.400000,2.400000,1.997527,300
2016-05-23,2.400000,2.400000,2.400000,2.400000,1.997527,0
2016-05-24,2.400000,2.450000,2.250000,2.450000,2.039143,10900
2016-05-25,2.310000,2.450000,2.310000,2.450000,2.039143,1400
2016-05-26,2.250000,2.260000,2.237000,2.250000,1.872682,10400
2016-05-27,2.260000,2.260000,2.220000,2.250000,1.872682,7900
2016-05-31,2.290000,2.290000,2.290000,2.290000,1.905974,100
2016-06-01,2.293000,2.293000,2.220000,2.250000,1.872682,7800
2016-06-02,2.270000,2.270000,2.250000,2.250000,1.872682,500
2016-06-03,2.270000,2.420000,2.270000,2.420000,2.014174,600
2016-06-06,2.290000,2.335000,2.280000,2.300000,1.914297,800
2016-06-07,2.390000,2.890000,2.310000,2.454000,2.042472,1900
2016-06-08,2.454000,2.454000,2.454000,2.454000,2.042472,0
2016-06-09,2.420000,2.420000,2.300000,2.408000,2.004185,1100
2016-06-10,2.370000,2.770000,2.370000,2.770000,2.305480,400
2016-06-13,2.680000,2.680000,2.670000,2.670000,2.222249,700
2016-06-14,2.400000,2.640000,2.400000,2.420000,2.014174,1200
2016-06-15,2.580000,2.580000,2.410000,2.410000,2.005850,400
2016-06-16,2.500000,2.500000,2.500000,2.500000,2.080758,200
2016-06-17,2.510000,2.510000,2.510000,2.510000,2.089081,2500
2016-06-20,2.560000,2.560000,2.400000,2.400000,1.997527,200
2016-06-21,2.410000,2.410000,2.410000,2.410000,2.005850,400
2016-06-22,2.420000,2.420000,2.410000,2.410000,2.005850,300
2016-06-23,2.550000,2.620000,2.550000,2.620000,2.180634,700
2016-06-24,2.420000,2.670000,2.300000,2.410000,2.005850,3200
2016-06-27,2.300000,2.352000,2.220000,2.352000,1.957577,1200
2016-06-28,2.270000,2.330000,2.270000,2.330000,1.939266,400
2016-06-29,2.330000,2.350000,2.330000,2.350000,1.955913,600
2016-06-30,2.490000,2.490000,2.380000,2.380000,1.980882,500
2016-07-01,2.460000,2.480000,2.400000,2.400000,1.997527,600
2016-07-05,2.400000,2.400000,2.400000,2.400000,1.997527,200
2016-07-06,2.350000,2.350000,2.350000,2.350000,1.955913,2500
2016-07-07,2.450000,2.450000,2.360000,2.360000,1.964235,400
2016-07-08,2.360000,2.360000,2.360000,2.360000,1.964235,200
2016-07-11,2.360000,2.360000,2.340000,2.340000,1.947589,300
2016-07-12,2.340000,2.340000,2.330000,2.330000,1.939266,900
2016-07-13,2.350000,2.350000,2.350000,2.350000,1.955913,100
2016-07-14,2.350000,2.350000,2.350000,2.350000,1.955913,100
2016-07-15,2.350000,2.350000,2.350000,2.350000,1.955913,500
2016-07-18,2.350000,2.350000,2.350000,2.350000,1.955913,100
2016-07-19,2.350000,2.350000,2.350000,2.350000,1.955913,0
2016-07-20,2.350000,2.350000,2.350000,2.350000,1.955913,200
2016-07-21,2.350000,2.350000,2.350000,2.350000,1.955913,100
2016-07-22,2.350000,2.350000,2.350000,2.350000,1.955913,0
2016-07-25,2.350000,2.380000,2.330000,2.380000,1.980882,700
2016-07-26,2.420000,2.420000,2.330000,2.340000,1.947589,4600
2016-07-27,2.340000,2.400000,2.340000,2.400000,1.997527,700
2016-07-28,2.386000,2.400000,2.386000,2.400000,1.997527,400
2016-07-29,2.400000,2.400000,2.400000,2.400000,1.997527,0
2016-08-01,2.490000,2.490000,2.490000,2.490000,2.072434,700
2016-08-02,2.660000,2.780000,2.400000,2.400000,1.997527,32400
2016-08-03,2.410000,2.455000,2.370000,2.370000,1.972558,5100
2016-08-04,2.380000,2.390000,2.380000,2.390000,1.989205,1500
2016-08-05,2.410000,3.070000,2.410000,2.420000,2.014174,9900
2016-08-08,2.360000,2.420000,2.350000,2.380000,1.980882,1100
2016-08-09,2.385000,2.551000,2.385000,2.551000,2.123205,400
2016-08-10,2.551000,2.551000,2.551000,2.551000,2.123205,0
2016-08-11,2.390000,2.390000,2.300000,2.328000,1.937602,2500
2016-08-12,2.560000,2.560000,2.250000,2.290000,1.905974,5100
2016-08-15,2.545000,2.545000,2.310000,2.310000,1.922620,2200
2016-08-16,2.340000,2.340000,2.330000,2.330000,1.939266,1000
2016-08-17,2.310000,2.350000,2.310000,2.350000,1.955913,1100
2016-08-18,2.320000,2.320000,2.320000,2.320000,1.930943,200
2016-08-19,2.320000,2.320000,2.320000,2.320000,1.930943,0
2016-08-22,2.400000,2.500000,2.390000,2.430000,2.022497,3700
2016-08-23,2.440000,2.647000,2.430000,2.430000,2.022497,600
2016-08-24,2.460000,2.460000,2.460000,2.460000,2.047466,600
2016-08-25,2.550000,2.916000,2.460000,2.700000,2.247218,18900
2016-08-26,2.810000,3.090000,2.450000,2.538000,2.112386,32800
2016-08-29,2.460000,2.750000,2.460000,2.560000,2.130696,3000
2016-08-30,2.870000,2.870000,2.450000,2.740000,2.280510,13500
2016-08-31,2.600000,2.635000,2.550000,2.600000,2.163988,4800
2016-09-01,2.750000,2.750000,2.510000,2.540000,2.114050,1100
2016-09-02,2.510000,2.780000,2.510000,2.520000,2.097404,500
2016-09-06,2.520000,2.710000,2.370000,2.390000,1.989205,14500
2016-09-07,2.370000,2.710000,2.350000,2.350000,1.955913,9700
2016-09-08,2.360000,2.400000,2.350000,2.350000,1.955913,2900
2016-09-09,2.360000,2.380000,2.300000,2.300000,1.914297,4900
2016-09-12,2.310000,2.330000,2.300000,2.310000,1.922620,5800
2016-09-13,2.300000,2.390000,2.300000,2.300000,1.914297,3900
2016-09-14,2.310000,2.430000,2.310000,2.320000,1.930943,9300
2016-09-15,2.320000,2.480000,2.310000,2.470000,2.055789,19300
2016-09-16,2.310000,2.560000,2.310000,2.560000,2.130696,23800
2016-09-19,2.550000,2.550000,2.480000,2.480000,2.064112,400
2016-09-20,2.510000,2.605000,2.510000,2.530000,2.105727,1100
2016-09-21,2.550000,2.550000,2.550000,2.550000,2.122373,400
2016-09-22,2.550000,2.650000,2.550000,2.640000,2.197280,6400
2016-09-23,2.540000,2.560000,2.540000,2.560000,2.130696,3400
2016-09-26,2.650000,2.671000,2.650000,2.650000,2.205603,4600
2016-09-27,2.700000,2.770000,2.540000,2.540000,2.114050,2700
2016-09-28,2.740000,2.740000,2.550000,2.550000,2.122373,800
2016-09-29,2.750000,2.750000,2.550000,2.625000,2.184796,700
2016-09-30,2.630000,2.680000,2.500000,2.500000,2.080758,8500
2016-10-03,2.520000,2.635000,2.520000,2.550000,2.122373,3400
2016-10-04,2.560000,2.560000,2.560000,2.560000,2.130696,100
2016-10-05,2.570000,2.570000,2.550000,2.550000,2.122373,1200
2016-10-06,2.540000,2.630000,2.531000,2.540000,2.114050,800
2016-10-07,2.610000,2.610000,2.610000,2.610000,2.172311,200
2016-10-10,2.610000,2.610000,2.610000,2.610000,2.172311,0
2016-10-11,2.610000,2.610000,2.610000,2.610000,2.172311,0
2016-10-12,2.620000,2.620000,2.620000,2.620000,2.180634,200
2016-10-13,2.530000,2.680000,2.530000,2.540000,2.114050,600
2016-10-14,2.680000,2.680000,2.550000,2.550000,2.122373,16200
2016-10-17,2.530000,2.640000,2.520000,2.520000,2.097404,10800
2016-10-18,2.540000,2.540000,2.540000,2.540000,2.114050,3900
2016-10-19,2.540000,2.540000,2.540000,2.540000,2.114050,6600
2016-10-20,2.540000,2.540000,2.520000,2.520000,2.097404,3800
2016-10-21,2.639000,2.730000,2.540000,2.600000,2.163988,16400
2016-10-24,2.570000,2.740000,2.550000,2.650000,2.205603,19900
2016-10-25,2.580000,2.750000,2.550000,2.550000,2.122373,19700
2016-10-26,2.700000,2.750000,2.570000,2.570000,2.139019,5600
2016-10-27,2.600000,2.610000,2.550000,2.550000,2.122373,5200
2016-10-28,2.550000,2.600000,2.550000,2.570000,2.139019,15500
2016-10-31,2.650000,2.730000,2.550000,2.560000,2.130696,25800
2016-11-01,2.585000,2.629000,2.560000,2.560000,2.130696,5000
2016-11-02,2.575000,2.690000,2.575000,2.580000,2.147342,19100
2016-11-03,2.560000,2.680000,2.400000,2.530000,2.105727,17000
2016-11-04,2.570000,2.680000,2.500000,2.500000,2.080758,11800
2016-11-07,2.560000,2.570000,2.480000,2.480000,2.064112,12400
2016-11-08,2.530000,2.680000,2.400000,2.480000,2.064112,16600
2016-11-09,2.420000,2.550000,2.420000,2.550000,2.122373,6900
2016-11-10,2.551000,2.590000,2.470000,2.490000,2.072434,8900
2016-11-11,2.530000,2.670000,2.530000,2.550000,2.122373,2100
2016-11-14,2.580000,2.620000,2.480000,2.480000,2.064112,11300
2016-11-15,2.510000,3.500000,2.496000,3.000000,2.496909,327400
2016-11-16,3.230000,4.440000,3.000000,3.240000,2.696662,544800
2016-11-17,3.750000,4.250000,3.256000,3.400000,2.829831,513000
2016-11-18,3.450000,3.500000,2.807000,3.160000,2.630078,39000
2016-11-21,3.240000,3.450000,3.160000,3.300000,2.746600,55500
2016-11-22,3.280000,3.600000,3.174000,3.370000,2.804861,6200
2016-11-23,3.280000,3.480000,3.280000,3.400000,2.829831,7100
2016-11-25,3.380000,3.500000,3.380000,3.480000,2.896415,2000
2016-11-28,3.460000,3.460000,3.290000,3.380000,2.813184,19700
2016-11-29,3.210000,3.300000,3.200000,3.250000,2.704985,5700
2016-11-30,3.250000,3.250000,3.090000,3.230000,2.688339,2800
2016-12-01,3.170000,3.175000,3.010000,3.070000,2.555171,8600
2016-12-02,3.050000,3.490000,3.050000,3.490000,2.904738,34400
2016-12-05,3.500000,3.700000,3.280000,3.530000,2.938030,66400
2016-12-06,3.350000,3.495000,3.230000,3.310000,2.754923,14800
2016-12-07,3.276000,3.276000,3.180000,3.190000,2.655047,6800
2016-12-08,3.190000,3.460000,3.040000,3.190000,2.655047,21600
2016-12-09,3.190000,3.190000,3.160000,3.160000,2.630078,500
2016-12-12,3.100000,3.130000,3.100000,3.130000,2.605109,4300
2016-12-13,3.220000,3.326000,3.010000,3.010000,2.505232,4100
2016-12-14,3.020000,3.020000,2.800000,2.800000,2.330448,1600
2016-12-15,2.789000,2.789000,2.600000,2.600000,2.163988,40500
2016-12-16,2.660000,2.676000,2.610000,2.640000,2.197280,28700
2016-12-19,2.570000,2.626000,2.400000,2.460000,2.047466,63100
2016-12-20,2.480000,2.650000,2.480000,2.650000,2.205603,13600
2016-12-21,2.640000,2.650000,2.520000,2.600000,2.163988,27900
2016-12-22,2.620000,2.660000,2.620000,2.620000,2.180634,11900
2016-12-23,2.650000,2.670000,2.620000,2.670000,2.222249,60900
2016-12-27,2.670000,3.442000,2.670000,3.350000,2.788215,16500
2016-12-28,3.350000,3.490000,3.150000,3.400000,2.829831,76500
2016-12-29,3.440000,3.440000,3.200000,3.370000,2.804861,44500
2016-12-30,3.330000,3.400000,3.060000,3.400000,2.829831,7600
2017-01-03,3.450000,3.450000,3.000000,3.170000,2.638401,3900
2017-01-04,3.200000,3.370000,3.101000,3.340000,2.779892,900
2017-01-05,3.340000,3.340000,3.340000,3.340000,2.779892,700
2017-01-06,3.330000,3.340000,3.150000,3.330000,2.771569,5800
2017-01-09,3.370000,3.370000,3.240000,3.350000,2.788215,6200
2017-01-10,3.360000,3.360000,3.280000,3.280000,2.729954,2700
2017-01-11,3.200000,3.390000,3.200000,3.390000,2.821507,2500
2017-01-12,3.300000,3.360000,3.220000,3.220000,2.680016,8400
2017-01-13,3.250000,3.330000,3.250000,3.330000,2.771569,1200
2017-01-17,3.211000,3.320000,3.211000,3.280000,2.729954,1100
2017-01-18,3.240000,3.380000,3.240000,3.380000,2.813184,6300
2017-01-19,3.440000,3.440000,3.356000,3.389000,2.820675,5700
2017-01-20,3.400000,3.400000,3.250000,3.260000,2.713308,4500
2017-01-23,3.164000,3.300000,3.160000,3.160000,2.630078,900
2017-01-24,3.370000,3.370000,3.290000,3.290000,2.738277,200
2017-01-25,3.330000,3.330000,3.190000,3.320000,2.763246,1300
2017-01-26,3.350000,3.350000,3.330000,3.350000,2.788215,1500
2017-01-27,3.370000,3.370000,3.282000,3.282000,2.731619,600
2017-01-30,3.290000,3.340000,3.220000,3.340000,2.779892,9200
2017-01-31,3.310000,3.750000,3.110000,3.152000,2.623419,76600
2017-02-01,3.100000,3.158000,3.080000,3.080000,2.563494,3600
2017-02-02,3.040000,3.150000,2.950000,2.950000,2.455294,1600
2017-02-03,2.870000,2.930000,2.850000,2.920000,2.430325,4400
2017-02-06,2.856000,2.870000,2.856000,2.870000,2.388710,1100
2017-02-07,2.873000,2.990000,2.873000,2.930000,2.438648,5300
2017-02-08,2.930000,2.930000,2.930000,2.930000,2.438648,0
2017-02-09,2.950000,3.100000,2.850000,2.870000,2.388710,8100
2017-02-10,3.010000,3.190000,3.010000,3.030000,2.521878,8600
2017-02-13,3.100000,3.173000,3.090000,3.110000,2.588463,3000
2017-02-14,3.184000,3.184000,3.110000,3.120000,2.596786,2400
2017-02-15,3.030000,3.090000,3.030000,3.080000,2.563494,800
2017-02-16,3.365000,3.365000,3.060000,3.060000,2.546847,1600
2017-02-17,3.080000,3.100000,3.070000,3.100000,2.580140,800
2017-02-21,3.260000,3.270000,3.260000,3.270000,2.721631,800
2017-02-22,3.250000,3.260000,3.050000,3.220000,2.680016,21100
2017-02-23,3.260000,3.620000,3.050000,3.130000,2.605109,57100
2017-02-24,3.030000,3.360000,3.030000,3.280000,2.729954,24600
2017-02-27,3.180000,3.500000,3.160000,3.350000,2.788215,65800
2017-02-28,3.186000,3.186000,3.100000,3.100000,2.580140,300
2017-03-01,3.330000,3.330000,3.150000,3.220000,2.680016,22400
2017-03-02,3.330000,3.341000,3.240000,3.250000,2.704985,30100
2017-03-03,3.150000,3.290000,3.070000,3.220000,2.680016,18800
2017-03-06,3.221000,3.330000,3.200000,3.200000,2.663370,21600
2017-03-07,3.200000,3.200000,3.200000,3.200000,2.663370,0
2017-03-08,3.110000,3.330000,3.100000,3.300000,2.746600,23700
2017-03-09,3.390000,3.390000,3.135000,3.380000,2.813184,39200
2017-03-10,3.300000,3.310000,3.250000,3.250000,2.704985,4200
2017-03-13,3.260000,3.620000,3.260000,3.340000,2.779892,30700
2017-03-14,3.390000,3.650000,3.340000,3.390000,2.821507,23700
2017-03-15,3.345000,3.540000,3.340000,3.340000,2.779892,19700
2017-03-16,3.380000,3.660000,3.350000,3.430000,2.854800,81300
2017-03-17,3.480000,3.670000,3.350000,3.360000,2.796538,20300
2017-03-20,3.350000,3.576000,3.341000,3.410000,2.838154,76400
2017-03-21,3.670000,3.670000,3.390000,3.410000,2.838154,26600
2017-03-22,3.450000,3.550000,3.400000,3.400000,2.829831,39100
2017-03-23,3.400000,3.430000,3.340000,3.340000,2.779892,8600
2017-03-24,3.388000,3.465000,3.340000,3.430000,2.854800,25800
2017-03-27,3.360000,3.670000,3.340000,3.350000,2.788215,66500
2017-03-28,3.640000,3.640000,3.340000,3.340000,2.779892,10900
2017-03-29,3.351000,3.440000,3.340000,3.370000,2.804861,12200
2017-03-30,3.370000,3.400000,3.280000,3.350000,2.788215,33700
2017-03-31,3.480000,3.480000,3.300000,3.410000,2.838154,21500
2017-04-03,3.390000,3.390000,3.340000,3.340000,2.779892,3500
2017-04-04,3.390000,3.450000,3.360000,3.360000,2.796538,12400
2017-04-05,3.400000,3.460000,3.351000,3.410000,2.838154,16600
2017-04-06,3.440000,3.440000,3.360000,3.400000,2.829831,25600
2017-04-07,3.356000,3.450000,3.290000,3.400000,2.829831,14800
2017-04-10,3.370000,3.650000,3.350000,3.380000,2.813184,41500
2017-04-11,3.380000,3.690000,3.380000,3.400000,2.829831,40500
2017-04-12,3.500000,3.700000,3.360000,3.370000,2.804861,47400
2017-04-13,3.370000,3.500000,3.370000,3.430000,2.854800,34600
2017-04-17,3.410000,3.500000,3.350000,3.390000,2.821507,15400
2017-04-18,3.501000,3.501000,3.270000,3.270000,2.721631,25800
2017-04-19,3.280000,3.400000,3.270000,3.300000,2.746600,34500
2017-04-20,3.450000,3.450000,3.270000,3.340000,2.779892,24100
2017-04-21,3.290000,3.500000,3.290000,3.310000,2.754923,33000
2017-04-24,3.441000,3.660000,3.300000,3.370000,2.804861,15600
2017-04-25,3.470000,3.470000,3.360000,3.390000,2.821507,10600
2017-04-26,3.420000,3.420000,3.390000,3.390000,2.821507,800
2017-04-27,3.300000,3.320000,3.280000,3.290000,2.738277,16200
2017-04-28,3.316000,3.316000,3.275000,3.280000,2.729954,11600
2017-05-01,3.250000,3.540000,3.250000,3.350000,2.788215,46100
2017-05-02,3.548000,3.548000,3.400000,3.440000,2.863123,5800
2017-05-03,3.440000,3.650000,3.440000,3.520000,2.929707,26100
2017-05-04,3.500000,3.530000,3.260000,3.330000,2.771569,14200
2017-05-05,3.410000,3.550000,3.280000,3.330000,2.771569,29400
2017-05-08,3.350000,3.480000,3.250000,3.340000,2.779892,41500
2017-05-09,3.280000,3.285000,3.250000,3.250000,2.704985,4700
2017-05-10,3.300000,3.345000,3.300000,3.340000,2.779892,4000
2017-05-11,3.383000,3.383000,3.383000,3.383000,2.815681,200
2017-05-12,3.375000,3.375000,3.375000,3.375000,2.809022,300
2017-05-15,3.350000,3.370000,3.300000,3.370000,2.804861,1200
2017-05-16,3.400000,3.400000,3.370000,3.370000,2.804861,400
2017-05-17,3.403000,3.403000,3.300000,3.300000,2.746600,10900
2017-05-18,3.300000,3.300000,3.260000,3.290000,2.738277,17600
2017-05-19,3.274000,3.302000,3.274000,3.302000,2.748265,700
2017-05-22,3.300000,3.450000,3.190000,3.190000,2.655047,62000
2017-05-23,3.280000,3.440000,3.170000,3.170000,2.638401,35300
2017-05-24,3.170000,3.170000,3.170000,3.170000,2.638401,0
2017-05-25,3.180000,3.190000,3.050000,3.070000,2.555171,22900
2017-05-26,3.145000,3.150000,3.120000,3.120000,2.596786,6300
2017-05-30,3.120000,3.140000,3.020000,3.020000,2.513556,24000
2017-05-31,3.060000,3.140000,3.010000,3.140000,2.613431,18600
2017-06-01,3.160000,3.190000,3.059000,3.180000,2.646724,19800
2017-06-02,3.180000,3.280000,3.180000,3.190000,2.655047,27200
2017-06-05,3.130000,3.160000,3.120000,3.120000,2.596786,24500
2017-06-06,3.179000,3.319000,3.060000,3.060000,2.546847,48600
2017-06-07,3.070000,3.230000,3.060000,3.060000,2.546847,17100
2017-06-08,3.220000,3.240000,3.070000,3.070000,2.555171,17900
2017-06-09,3.110000,3.190000,3.100000,3.100000,2.580140,3600
2017-06-12,3.190000,3.190000,3.050000,3.090000,2.571816,23500
2017-06-13,3.160000,3.160000,3.050000,3.130000,2.605109,25600
2017-06-14,3.190000,3.190000,3.100000,3.110000,2.588463,7100
2017-06-15,2.980000,2.990000,2.720000,2.750000,2.288834,81200
2017-06-16,2.750000,2.850000,2.660000,2.660000,2.213926,32200
2017-06-19,2.690000,2.690000,2.620000,2.640000,2.197280,4900
2017-06-20,2.630000,2.650000,2.620000,2.630000,2.188957,3200
2017-06-21,2.639000,2.720000,2.600000,2.600000,2.163988,8000
2017-06-22,2.610000,2.620000,2.540000,2.540000,2.114050,9800
2017-06-23,2.600000,2.790000,2.576000,2.790000,2.322125,25600
2017-06-26,2.790000,2.820000,2.690000,2.690000,2.238895,2600
2017-06-27,2.910000,2.910000,2.710000,2.710000,2.255541,14300
2017-06-28,2.853000,2.853000,2.690000,2.740000,2.280510,10600
2017-06-29,2.710000,2.810000,2.630000,2.760000,2.297156,29900
2017-06-30,2.820000,2.860000,2.780000,2.780000,2.313803,1800
2017-07-03,2.780000,2.780000,2.780000,2.780000,2.313803,0
2017-07-05,2.890000,2.890000,2.530000,2.650000,2.205603,5400
2017-07-06,2.640000,2.650000,2.630000,2.630000,2.188957,400
2017-07-07,2.760000,2.760000,2.640000,2.660000,2.213926,1400
2017-07-10,2.660000,2.660000,2.610000,2.610000,2.172311,6200
2017-07-11,2.660000,2.800000,2.660000,2.660000,2.213926,10400
2017-07-12,2.680000,2.860000,2.680000,2.860000,2.380387,2700
2017-07-13,2.840000,2.840000,2.700000,2.700000,2.247218,1300
2017-07-14,2.700000,2.870000,2.620000,2.800000,2.330448,34700
2017-07-17,2.800000,2.981000,2.685000,2.780000,2.313803,41400
2017-07-18,2.780000,2.820000,2.740000,2.750000,2.288834,2200
2017-07-19,2.800000,2.800000,2.680000,2.700000,2.247218,3000
2017-07-20,2.801000,2.801000,2.801000,2.801000,2.331281,200
2017-07-21,2.704000,2.760000,2.690000,2.760000,2.297156,4200
2017-07-24,2.800000,2.860000,2.750000,2.860000,2.380387,11300
2017-07-25,2.700000,2.850000,2.700000,2.700000,2.247218,6200
2017-07-26,2.700000,2.700000,2.700000,2.700000,2.247218,0
2017-07-27,2.700000,2.700000,2.700000,2.700000,2.247218,0
2017-07-28,2.800000,2.800000,2.800000,2.800000,2.330448,100
2017-07-31,2.720000,2.850000,2.690000,2.690000,2.238895,11700
2017-08-01,2.700000,2.856000,2.690000,2.856000,2.377058,5600
2017-08-02,2.690000,2.710000,2.690000,2.710000,2.255541,2100
2017-08-03,2.740000,2.740000,2.730000,2.730000,2.272187,400
2017-08-04,2.760000,2.850000,2.752000,2.850000,2.372063,2000
2017-08-07,2.780000,2.780000,2.760000,2.760000,2.297156,2500
2017-08-08,2.730000,2.730000,2.690000,2.700000,2.247218,24800
2017-08-09,2.690000,2.700000,2.560000,2.600000,2.163988,10600
2017-08-10,2.610000,2.620000,2.590000,2.600000,2.163988,1100
2017-08-11,2.620000,2.620000,2.580000,2.580000,2.147342,800
2017-08-14,2.603000,2.620000,2.560000,2.610000,2.172311,2200
2017-08-15,2.588000,2.600000,2.570000,2.600000,2.163988,9000
2017-08-16,2.590000,2.640000,2.550000,2.550000,2.122373,9000
2017-08-17,2.530000,2.530000,2.530000,2.530000,2.105727,1100
2017-08-18,2.510000,2.510000,2.460000,2.490000,2.072434,10500
2017-08-21,2.550000,2.550000,2.500000,2.500000,2.080758,4400
2017-08-22,2.570000,2.768000,2.480000,2.490000,2.072434,42900
2017-08-23,2.490000,2.490000,2.490000,2.490000,2.072434,0
2017-08-24,2.550000,2.600000,2.440000,2.450000,2.039143,37600
2017-08-25,2.500000,2.530000,2.470000,2.470000,2.055789,5100
2017-08-28,2.510000,2.510000,2.470000,2.470000,2.055789,9500
2017-08-29,2.510000,2.510000,2.430000,2.450000,2.039143,8400
2017-08-30,2.510000,2.510000,2.430000,2.445000,2.034981,1200
2017-08-31,2.508000,2.510000,2.470000,2.470000,2.055789,4600
2017-09-01,2.500000,2.500000,2.390000,2.470000,2.055789,2100
2017-09-05,2.480000,2.510000,2.381000,2.500000,2.080758,10900
2017-09-06,2.510000,2.580000,2.500000,2.570000,2.139019,12200
2017-09-07,2.590000,2.650000,2.500000,2.580000,2.147342,11600
2017-09-08,2.620000,2.620000,2.470000,2.550000,2.122373,8600
2017-09-11,2.550000,2.590000,2.500000,2.550000,2.122373,10400
2017-09-12,2.550000,2.650000,2.520000,2.650000,2.205603,10600
2017-09-13,2.625000,2.650000,2.590000,2.650000,2.205603,19800
2017-09-14,2.650000,2.650000,2.510000,2.550000,2.122373,18000
2017-09-15,2.630000,2.640000,2.140000,2.250000,1.872682,34600
2017-09-18,2.290000,2.500000,2.260000,2.460000,2.047466,6300
2017-09-19,2.460000,2.460000,2.460000,2.460000,2.047466,0
2017-09-20,2.300000,2.340000,2.300000,2.330000,1.939266,2000
2017-09-21,2.320000,2.450000,2.320000,2.335000,1.943428,13000
2017-09-22,2.400000,2.400000,2.324000,2.400000,1.997527,1000
2017-09-25,2.420000,2.440000,2.320000,2.440000,2.030820,2300
2017-09-26,2.440000,2.500000,2.420000,2.420000,2.014174,18600
2017-09-27,2.490000,2.790000,2.426000,2.500000,2.080758,30800
2017-09-28,2.490000,2.490000,2.460000,2.470000,2.055789,900
2017-09-29,2.460000,2.480000,2.460000,2.460000,2.047466,1100
2017-10-02,2.310000,2.370000,2.265000,2.346000,1.952583,9200
2017-10-03,2.340000,2.450000,2.320000,2.350000,1.955913,4100
2017-10-04,2.320000,2.390000,2.250000,2.250000,1.872682,10300
2017-10-05,2.380000,2.380000,2.250000,2.300000,1.914297,3000
2017-10-06,2.260000,2.320000,2.260000,2.320000,1.930943,800
2017-10-09,2.300000,2.400000,2.300000,2.390000,1.989205,4900
2017-10-10,2.390000,2.490000,2.320000,2.360000,1.964235,26400
2017-10-11,2.331000,2.369000,2.300000,2.300000,1.914297,10600
2017-10-12,2.310000,2.390000,2.310000,2.320000,1.930943,1500
2017-10-13,2.360000,2.390000,2.330000,2.370000,1.972558,14000
2017-10-16,2.400000,2.400000,2.320000,2.350000,1.955913,11500
2017-10-17,2.400000,2.400000,2.370000,2.390000,1.989205,23600
2017-10-18,2.390000,2.400000,2.320000,2.400000,1.997527,4300
2017-10-19,2.400000,2.400000,2.320000,2.350000,1.955913,5600
2017-10-20,2.330000,2.400000,2.320000,2.350000,1.955913,11500
2017-10-23,2.370000,2.390000,2.310000,2.360000,1.964235,9100
2017-10-24,2.400000,2.410000,2.398000,2.407000,2.003354,6500
2017-10-25,2.400000,2.400000,2.350000,2.360000,1.964235,5500
2017-10-26,2.370000,2.370000,2.367000,2.367000,1.970062,1500
2017-10-27,2.410000,2.450000,2.390000,2.400000,1.997527,19200
2017-10-30,2.490000,2.490000,2.350000,2.359000,1.963403,9600
2017-10-31,2.360000,2.400000,2.347000,2.400000,1.997527,6100
2017-11-01,2.410000,2.410000,2.347000,2.390000,1.989205,3900
2017-11-02,2.360000,2.360000,2.320000,2.320000,1.930943,5000
2017-11-03,2.350000,2.560000,2.250000,2.370000,1.972558,113400
2017-11-06,2.400000,3.390000,2.400000,3.210000,2.671693,615900
2017-11-07,3.500000,3.550000,3.100000,3.350000,2.788215,499300
2017-11-08,3.320000,4.140000,3.320000,3.990000,3.320889,509700
2017-11-09,3.610000,5.080000,3.610000,4.680000,3.895179,647000
2017-11-10,4.230000,8.400000,4.229000,4.880000,4.061639,1571200
2017-11-13,5.000000,5.500000,4.210000,4.500000,3.745364,120200
2017-11-14,4.500000,5.150000,4.330000,4.660000,3.878532,150400
2017-11-15,4.940000,4.940000,4.000000,4.060000,3.379150,58600
2017-11-16,4.100000,4.220000,3.540000,3.950000,3.287598,95800
2017-11-17,3.920000,4.650000,3.920000,4.380000,3.645487,78800
2017-11-20,4.750000,4.750000,4.440000,4.480000,3.728719,46800
2017-11-21,4.920000,4.920000,4.350000,4.420000,3.678780,71900
2017-11-22,4.450000,4.510000,4.390000,4.400000,3.662133,38700
2017-11-24,4.360000,5.050000,4.360000,4.440000,3.695426,47600
2017-11-27,4.670000,4.910000,4.350000,4.500000,3.745364,32700
2017-11-28,4.460000,4.510000,4.076000,4.510000,3.753688,65700
2017-11-29,4.420000,4.630000,4.400000,4.460000,3.712072,16000
2017-11-30,4.490000,4.570000,4.400000,4.410000,3.670456,13300
2017-12-01,4.470000,4.567000,4.190000,4.310000,3.587226,193400
2017-12-04,4.150000,4.400000,3.800000,3.960000,3.295920,115600
2017-12-05,3.980000,4.270000,3.970000,3.990000,3.320889,60400
2017-12-06,3.990000,4.190000,3.720000,3.720000,3.096168,25500
2017-12-07,3.750000,4.000000,3.750000,3.940000,3.279275,39700
2017-12-08,3.910000,3.910000,3.790000,3.800000,3.162752,72600
2017-12-11,4.040000,4.480000,3.911000,3.960000,3.295920,40800
2017-12-12,3.990000,4.200000,3.900000,3.990000,3.320889,18600
2017-12-13,3.850000,3.950000,3.785000,3.950000,3.287598,7100
2017-12-14,3.950000,3.980000,3.900000,3.900000,3.245982,20300
2017-12-15,4.020000,4.500000,3.910000,4.500000,3.745364,41000
2017-12-18,3.920000,4.470000,3.880000,4.020000,3.345858,46100
2017-12-19,4.000000,4.000000,3.910000,4.000000,3.329212,9200
2017-12-20,3.990000,3.990000,3.590000,3.661000,3.047062,28100
2017-12-21,3.670000,3.850000,3.670000,3.710000,3.087844,17800
2017-12-22,3.620000,3.830000,3.540000,3.670000,3.054552,9900
2017-12-26,3.900000,4.000000,3.820000,3.990000,3.320889,27600
2017-12-27,3.960000,4.000000,3.960000,4.000000,3.329212,15900
2017-12-28,3.950000,4.000000,3.920000,4.000000,3.329212,38900
2017-12-29,4.000000,4.000000,3.620000,3.680000,3.062876,18400
2018-01-02,3.590000,3.680000,3.328000,3.370000,2.804861,78300
2018-01-03,3.440000,3.500000,3.320000,3.360000,2.796538,42800
2018-01-04,3.360000,3.420000,3.340000,3.380000,2.813184,25700
2018-01-05,3.530000,3.530000,3.350000,3.360000,2.796538,8200
2018-01-08,3.317000,3.320000,3.240000,3.240000,2.696662,8700
2018-01-09,3.210000,3.210000,2.780000,2.840000,2.363741,83700
2018-01-10,2.810000,2.900000,2.570000,2.635000,2.193119,44500
2018-01-11,2.740000,2.870000,2.690000,2.767000,2.302983,24600
2018-01-12,2.810000,2.850000,2.650000,2.800000,2.330448,17100
2018-01-16,2.770000,2.770000,2.650000,2.700000,2.247218,36000
2018-01-17,2.680000,2.804000,2.650000,2.650000,2.205603,26300
2018-01-18,2.650000,2.840000,2.640000,2.710000,2.255541,16400
2018-01-19,2.710000,2.746000,2.665000,2.710000,2.255541,4000
2018-01-22,2.770000,2.790000,2.720000,2.760000,2.297156,30400
2018-01-23,2.700000,2.830000,2.670000,2.800000,2.330448,25200
2018-01-24,2.800000,2.800000,2.750000,2.760000,2.297156,23700
2018-01-25,2.720000,2.735000,2.605000,2.610000,2.172311,19700
2018-01-26,2.600000,2.600000,2.420000,2.500000,2.080758,109300
2018-01-29,2.500000,2.500000,2.410000,2.420000,2.014174,13300
2018-01-30,2.430000,2.430000,2.378000,2.390000,1.989205,39300
2018-01-31,2.420000,2.480000,2.394000,2.430000,2.022497,66100
2018-02-01,2.430000,2.430000,2.380000,2.420000,2.014174,6400
2018-02-02,2.420000,2.420000,2.322000,2.380000,1.980882,261000
2018-02-05,2.350000,2.445000,2.319000,2.420000,2.014174,14700
2018-02-06,2.400000,2.410000,2.310000,2.390000,1.989205,62200
2018-02-07,2.390000,2.390000,2.250000,2.300000,1.914297,53900
2018-02-08,2.250000,2.300000,2.250000,2.260000,1.881005,17200
2018-02-09,2.250000,2.257000,2.160000,2.190000,1.822744,46500
2018-02-12,2.170000,2.190000,2.160000,2.180000,1.814421,172300
2018-02-13,2.162000,2.196000,2.150000,2.150000,1.789452,48100
2018-02-14,2.150000,2.500000,2.130000,2.390000,1.989205,232500
2018-02-15,2.500000,2.640000,2.300000,2.640000,2.197280,56900
2018-02-16,2.650000,2.900000,2.600000,2.870000,2.388710,52400
2018-02-20,2.870000,3.000000,2.620000,2.750000,2.288834,32300
2018-02-21,2.770000,3.100000,2.620000,2.940000,2.446971,49400
2018-02-22,2.910000,2.924000,2.696000,2.850000,2.372063,45300
2018-02-23,2.860000,2.884000,2.790000,2.790000,2.322125,9900
2018-02-26,2.810000,2.810000,2.720000,2.740000,2.280510,27900
2018-02-27,2.750000,2.853000,2.610000,2.690000,2.238895,4700
2018-02-28,2.690000,2.740000,2.644000,2.700000,2.247218,32500
2018-03-01,2.680000,2.833000,2.680000,2.702000,2.248883,8600
2018-03-02,2.720000,3.240000,2.720000,3.240000,2.696662,10000
2018-03-05,2.980000,3.450000,2.777000,3.450000,2.871446,81600
2018-03-06,3.450000,3.600000,3.257000,3.380000,2.813184,109800
2018-03-07,3.390000,3.390000,3.100000,3.100000,2.580140,15800
2018-03-08,3.130000,3.210000,3.110000,3.190000,2.655047,12100
2018-03-09,3.220000,3.320000,3.160000,3.200000,2.663370,44400
2018-03-12,3.220000,3.240000,3.000000,3.060000,2.546847,15900
2018-03-13,3.010000,3.020000,2.957000,3.020000,2.513556,5400
2018-03-14,2.990000,3.070000,2.920000,3.000000,2.496909,16000
2018-03-15,3.030000,3.200000,2.970000,3.100000,2.580140,30100
2018-03-16,3.140000,3.200000,3.090000,3.170000,2.638401,49100
2018-03-19,3.170000,3.180000,3.090000,3.120000,2.596786,29200
2018-03-20,3.130000,3.130000,2.921000,2.990000,2.488586,20100
2018-03-21,3.150000,3.190000,3.020000,3.170000,2.638401,39900
2018-03-22,3.300000,3.300000,2.990000,3.040000,2.530201,124200
2018-03-23,3.040000,3.040000,2.800000,2.860000,2.380387,60300
2018-03-26,2.940000,3.020000,2.880000,3.000000,2.496909,8100
2018-03-27,3.000000,3.000000,2.850000,2.860000,2.380387,8800
2018-03-28,2.820000,2.820000,2.700000,2.740000,2.280510,43900
2018-03-29,2.700000,2.710000,2.650000,2.650000,2.205603,74900
2018-04-02,2.600000,2.720000,2.350000,2.520000,2.097404,29800
2018-04-03,2.550000,2.700000,2.530000,2.530000,2.105727,14400
2018-04-04,2.348000,2.560000,2.348000,2.440000,2.030820,15700
2018-04-05,2.660000,2.950000,2.430000,2.800000,2.330448,24000
2018-04-06,2.800000,3.000000,2.480000,2.730000,2.272187,74400
2018-04-09,2.760000,2.780000,2.720000,2.780000,2.313803,5400
2018-04-10,2.800000,3.100000,2.700000,2.870000,2.388710,42300
2018-04-11,2.780000,3.220000,2.750000,2.920000,2.430325,68700
2018-04-12,3.000000,3.250000,2.860000,3.040000,2.530201,54800
2018-04-13,3.470000,3.470000,2.960000,3.140000,2.613431,111800
2018-04-16,3.260000,3.365000,3.051000,3.200000,2.663370,27000
2018-04-17,3.270000,3.370000,3.270000,3.300000,2.746600,20000
2018-04-18,3.321000,3.321000,3.220000,3.220000,2.680016,10300
2018-04-19,3.230000,3.489000,3.181000,3.470000,2.888092,21700
2018-04-20,3.500000,3.500000,3.100000,3.290000,2.738277,16000
2018-04-23,3.250000,3.360000,3.160000,3.160000,2.630078,8300
2018-04-24,3.200000,3.220000,3.100000,3.180000,2.646724,19900
2018-04-25,3.100000,3.180000,3.050000,3.070000,2.555171,43300
2018-04-26,2.965000,3.050000,2.900000,2.980000,2.480263,18100
2018-04-27,2.880000,3.140000,2.880000,3.140000,2.613431,15600
2018-04-30,3.106000,3.106000,3.010000,3.046000,2.535195,4700
2018-05-01,3.049000,3.070000,3.000000,3.070000,2.555171,6500
2018-05-02,3.010000,3.030000,2.961000,3.000000,2.496909,13300
2018-05-03,3.020000,3.380000,3.000000,3.380000,2.813184,18000
2018-05-04,3.380000,3.510000,3.330000,3.420000,2.846477,22200
2018-05-07,3.390000,3.440000,3.310000,3.310000,2.754923,14700
2018-05-08,3.040000,3.301000,3.040000,3.270000,2.721631,3500
2018-05-09,3.280000,3.455000,3.280000,3.310000,2.754923,12000
2018-05-10,3.330000,3.453000,3.216000,3.340000,2.779892,22400
2018-05-11,3.540000,3.600000,3.340000,3.370000,2.804861,35000
2018-05-14,3.383000,3.440000,3.300000,3.320000,2.763246,7900
2018-05-15,3.360000,3.460000,3.260000,3.460000,2.879769,4500
2018-05-16,3.320000,3.670000,3.251000,3.340000,2.779892,8600
2018-05-17,3.380000,3.380000,3.370000,3.370000,2.804861,4500
2018-05-18,3.430000,3.430000,3.150000,3.190000,2.655047,11900
2018-05-21,3.200000,3.200000,3.150000,3.150000,2.621754,2500
2018-05-22,3.220000,3.530000,3.200000,3.200000,2.663370,11500
2018-05-23,3.280000,3.410000,3.280000,3.410000,2.838154,3600
2018-05-24,3.430000,3.430000,3.260000,3.310000,2.754923,3200
2018-05-25,3.350000,3.420000,3.230000,3.410000,2.838154,5600
2018-05-29,3.403000,3.420000,3.160000,3.170000,2.638401,10800
2018-05-30,3.290000,3.290000,3.160000,3.170000,2.638401,5000
2018-05-31,3.190000,3.269000,3.160000,3.200000,2.663370,7000
2018-06-01,3.239000,3.467000,3.130000,3.230000,2.688339,76600
2018-06-04,3.240000,3.240000,3.140000,3.140000,2.613431,2400
2018-06-05,3.213000,3.213000,3.170000,3.210000,2.671693,3300
2018-06-06,3.210000,3.370000,3.210000,3.220000,2.680016,24500
2018-06-07,3.230000,3.230000,3.137000,3.137000,2.610934,700
2018-06-08,3.200000,3.295000,3.160000,3.230000,2.688339,3200
2018-06-11,3.170000,3.200000,3.165000,3.170000,2.638401,1300
2018-06-12,3.160000,3.270000,3.130000,3.270000,2.721631,1300
2018-06-13,3.260000,3.260000,3.190000,3.190000,2.655047,1600
2018-06-14,3.190000,3.200000,3.190000,3.200000,2.663370,500
2018-06-15,3.150000,3.250000,3.150000,3.150000,2.621754,16700
2018-06-18,3.160000,3.350000,3.160000,3.240000,2.696662,3600
2018-06-19,3.180000,3.230000,3.160000,3.160000,2.630078,2400
2018-06-20,3.180000,3.190000,3.120000,3.160000,2.630078,7300
2018-06-21,3.150000,3.150000,3.110000,3.110000,2.588463,8700
2018-06-22,3.170000,3.170000,3.100000,3.100000,2.580140,3700
2018-06-25,3.100000,3.100000,3.060000,3.060000,2.546847,13500
2018-06-26,3.073000,3.080000,3.070000,3.080000,2.563494,4700
2018-06-27,3.050000,3.050000,2.970000,2.970000,2.471940,13800
2018-06-28,2.990000,3.140000,2.940000,2.970000,2.471940,35600
2018-06-29,3.013000,3.280000,2.940000,3.010000,2.505232,6500
2018-07-02,3.000000,3.095000,2.950000,2.950000,2.455294,1400
2018-07-03,2.990000,2.990000,2.990000,2.990000,2.488586,1200
2018-07-05,2.990000,2.990000,2.990000,2.990000,2.488586,0
2018-07-06,3.006000,3.040000,3.000000,3.040000,2.530201,2200
2018-07-09,3.040000,3.040000,2.950000,2.950000,2.455294,2100
2018-07-10,3.000000,3.030000,2.950000,2.950000,2.455294,4100
2018-07-11,2.960000,2.960000,2.960000,2.960000,2.463617,1100
2018-07-12,2.960000,2.960000,2.960000,2.960000,2.463617,0
2018-07-13,3.006000,3.006000,3.000000,3.000000,2.496909,1000
2018-07-16,3.000000,3.009000,2.831000,2.831000,2.356250,17000
2018-07-17,2.810000,2.918000,2.810000,2.856000,2.377058,11300
2018-07-18,3.000000,3.043000,2.980000,3.000000,2.496909,9100
2018-07-19,3.050000,3.150000,3.050000,3.140000,2.613431,10500
2018-07-20,3.140000,3.140000,3.140000,3.140000,2.613431,0
2018-07-23,3.070000,3.210000,3.050000,3.158000,2.628413,11100
2018-07-24,3.220000,3.300000,3.214000,3.240000,2.696662,26600
2018-07-25,3.290000,3.290000,3.180000,3.240000,2.696662,23600
2018-07-26,3.250000,3.260000,3.180000,3.180000,2.646724,17500
2018-07-27,3.180000,3.210000,3.160000,3.210000,2.671693,5400
2018-07-30,3.168000,3.199000,3.168000,3.199000,2.662537,1900
2018-07-31,3.180000,3.180000,3.180000,3.180000,2.646724,400
2018-08-01,3.220000,3.223000,3.153000,3.153000,2.624252,9500
2018-08-02,3.178000,3.178000,3.167000,3.167000,2.635904,1200
2018-08-03,3.229000,3.250000,3.200000,3.200000,2.663370,26900
2018-08-06,3.220000,3.241000,3.200000,3.224000,2.683345,2400
2018-08-07,3.230000,3.230000,3.230000,3.230000,2.688339,2000
2018-08-08,3.410000,3.900000,3.351000,3.450000,2.871446,168400
2018-08-09,3.500000,3.500000,3.380000,3.410000,2.838154,7100
2018-08-10,3.400000,3.400000,3.380000,3.380000,2.813184,10200
2018-08-13,3.380000,3.400000,3.380000,3.380000,2.813184,3400
2018-08-14,3.380000,3.380000,3.380000,3.380000,2.813184,0
2018-08-15,3.367000,3.367000,3.150000,3.150000,2.621754,65500
2018-08-16,3.200000,3.200000,3.151000,3.200000,2.663370,8500
2018-08-17,3.200000,3.200000,3.150000,3.150000,2.621754,6100
2018-08-20,3.130000,3.190000,3.130000,3.190000,2.655047,4500
2018-08-21,3.180000,3.200000,3.150000,3.150000,2.621754,34500
2018-08-22,3.100000,3.390000,3.097000,3.210000,2.671693,25500
2018-08-23,3.210000,3.600000,3.210000,3.380000,2.813184,86700
2018-08-24,3.410000,3.472000,3.410000,3.430000,2.854800,35900
2018-08-27,3.480000,3.520000,3.407000,3.490000,2.904738,12900
2018-08-28,3.496000,3.600000,3.490000,3.530000,2.938030,43300
2018-08-29,3.490000,3.592000,3.370000,3.400000,2.829831,16400
2018-08-30,3.350000,3.532000,3.350000,3.440000,2.863123,26100
2018-08-31,3.482000,3.482000,3.301000,3.350000,2.788215,22900
2018-09-04,3.300000,3.399000,3.300000,3.300000,2.746600,16300
2018-09-05,3.353000,3.353000,3.300000,3.300000,2.746600,29300
2018-09-06,3.320000,3.420000,3.320000,3.350000,2.788215,26300
2018-09-07,3.380000,3.410000,3.355000,3.400000,2.829831,23100
2018-09-10,3.400000,3.542000,3.310000,3.430000,2.854800,38600
2018-09-11,3.380000,3.550000,3.380000,3.460000,2.879769,30600
2018-09-12,3.473000,3.532000,3.450000,3.450000,2.871446,12700
2018-09-13,3.450000,3.600000,3.400000,3.430000,2.854800,109400
2018-09-14,3.484000,3.590000,3.430000,3.470000,2.888092,25600
2018-09-17,3.580000,3.590000,3.500000,3.540000,2.946353,65700
2018-09-18,3.590000,3.590000,3.500000,3.530000,2.938030,13600
2018-09-19,3.532000,3.650000,3.520000,3.620000,3.012937,17900
2018-09-20,3.640000,3.820000,3.610000,3.740000,3.112813,67700
2018-09-21,3.722000,3.750000,3.695000,3.700000,3.079522,33600
2018-09-24,3.640000,3.800000,3.510000,3.520000,2.929707,48200
2018-09-25,3.440000,3.740000,3.420000,3.510000,2.921384,163100
2018-09-26,3.540000,3.650000,3.500000,3.600000,2.996291,21300
2018-09-27,3.500000,3.650000,3.500000,3.520000,2.929707,34200
2018-09-28,3.500000,3.590000,3.500000,3.500000,2.913061,5200
2018-10-01,3.550000,3.690000,3.500000,3.560000,2.962999,45500
2018-10-02,3.550000,3.662000,3.550000,3.580000,2.979645,23900
2018-10-03,3.560000,3.690000,3.560000,3.600000,2.996291,9300
2018-10-04,3.586000,3.586000,3.550000,3.562000,2.964663,17200
2018-10-05,3.520000,3.590000,3.520000,3.520000,2.929707,8500
2018-10-08,3.520000,3.565000,3.380000,3.480000,2.896415,37300
2018-10-09,3.450000,3.580000,3.430000,3.430000,2.854800,3000
2018-10-10,3.420000,3.530000,3.400000,3.400000,2.829831,6700
2018-10-11,3.440000,3.470000,3.206000,3.350000,2.788215,19900
2018-10-12,3.490000,3.490000,3.437000,3.437000,2.860625,1400
2018-10-15,3.400000,3.433000,3.300000,3.350000,2.788215,14300
2018-10-16,3.350000,3.459000,3.350000,3.350000,2.788215,4000
2018-10-17,3.450000,3.450000,3.370000,3.370000,2.804861,2400
2018-10-18,3.420000,3.420000,3.310000,3.325000,2.767408,12500
2018-10-19,3.350000,3.400000,3.281000,3.281000,2.730787,26200
2018-10-22,3.280000,3.500000,3.280000,3.300000,2.746600,35000
2018-10-23,3.310000,3.414000,3.300000,3.310000,2.754923,14200
2018-10-24,3.320000,3.410000,3.275000,3.330000,2.771569,22800
2018-10-25,3.390000,3.390000,3.350000,3.350000,2.788215,1400
2018-10-26,3.300000,3.331000,3.300000,3.300000,2.746600,12700
2018-10-29,3.290000,3.350000,3.290000,3.350000,2.788215,23000
2018-10-30,3.350000,3.900000,3.330000,3.500000,2.913061,48600
2018-10-31,3.471000,3.550000,3.390000,3.390000,2.821507,7800
2018-11-01,3.417000,3.589000,3.417000,3.573000,2.973819,12900
2018-11-02,3.620000,3.620000,3.470000,3.470000,2.888092,11600
2018-11-05,3.500000,3.580000,3.500000,3.500000,2.913061,14100
2018-11-06,3.480000,3.513000,3.330000,3.412000,2.839818,7200
2018-11-07,3.340000,3.511000,3.340000,3.390000,2.821507,19200
2018-11-08,3.370000,3.501000,3.370000,3.427000,2.852303,9000
2018-11-09,3.470000,3.479000,3.310000,3.420000,2.846477,37900
2018-11-12,3.310000,3.371000,3.310000,3.350000,2.788215,14700
2018-11-13,3.300000,3.400000,3.300000,3.350000,2.788215,15800
2018-11-14,3.337000,3.340000,3.330000,3.340000,2.779892,2000
2018-11-15,3.300000,3.340000,3.250000,3.310000,2.754923,14800
2018-11-16,3.320000,3.320000,3.220000,3.220000,2.680016,13000
2018-11-19,3.280000,3.280000,3.180000,3.190000,2.655047,35000
2018-11-20,3.150000,3.180000,3.110000,3.180000,2.646724,11000
2018-11-21,3.022000,3.130000,3.022000,3.130000,2.605109,24400
2018-11-23,3.090000,3.150000,3.070000,3.110000,2.588463,10300
2018-11-26,3.000000,3.145000,3.000000,3.065000,2.551009,3000
2018-11-27,3.031000,3.070000,3.031000,3.070000,2.555171,7800
2018-11-28,3.017000,3.100000,3.017000,3.060000,2.546847,9000
2018-11-29,3.100000,3.150000,3.100000,3.150000,2.621754,4100
2018-11-30,3.210000,3.210000,3.020000,3.020000,2.513556,9400
2018-12-03,3.020000,3.090000,3.020000,3.050000,2.538524,12200
2018-12-04,3.070000,3.210000,3.000000,3.060000,2.546847,6600
2018-12-06,3.090000,3.200000,3.000000,3.000000,2.496909,14200
2018-12-07,3.111000,3.111000,3.010000,3.020000,2.513556,6700
2018-12-10,3.073000,3.073000,3.000000,3.000000,2.496909,6600
2018-12-11,3.090000,3.090000,3.010000,3.010000,2.505232,3400
2018-12-12,3.010000,3.010000,3.010000,3.010000,2.505232,100
2018-12-13,3.010000,3.010000,2.900000,2.940000,2.446971,12200
2018-12-14,3.043000,3.043000,2.900000,2.900000,2.413680,4500
2018-12-17,3.075000,3.075000,2.950000,2.950000,2.455294,1400
2018-12-18,2.950000,2.960000,2.950000,2.950000,2.455294,1600
2018-12-19,2.950000,2.950000,2.800000,2.840000,2.363741,20300
2018-12-20,2.780000,2.810000,2.780000,2.810000,2.338772,5500
2018-12-21,2.883000,2.883000,2.870000,2.870000,2.388710,800
2018-12-24,2.890000,3.050000,2.890000,3.050000,2.538524,1900
2018-12-26,2.910000,2.940000,2.810000,2.820000,2.347094,3400
2018-12-27,2.850000,3.050000,2.820000,2.820000,2.347094,4500
2018-12-28,2.910000,3.070000,2.900000,3.010000,2.505232,9000
2018-12-31,3.050000,3.140000,3.027000,3.030000,2.521878,3500
2019-01-02,2.870000,2.870000,2.800000,2.811000,2.339604,1600
2019-01-03,2.820000,3.080000,2.800000,3.080000,2.563494,9800
2019-01-04,3.080000,3.080000,2.900000,2.990000,2.488586,5600
2019-01-07,2.930000,3.020000,2.930000,2.950000,2.455294,2900
2019-01-08,2.910000,3.000000,2.900000,2.900000,2.413680,6500
2019-01-09,2.910000,2.923000,2.850000,2.910000,2.422002,47100
2019-01-10,2.990000,3.113000,2.990000,3.100000,2.580140,12600
2019-01-11,3.110000,3.130000,2.980000,3.010000,2.505232,24000
2019-01-14,3.020000,3.070000,2.948000,3.060000,2.546847,1800
2019-01-15,2.925000,2.925000,2.925000,2.925000,2.434486,500
2019-01-16,2.970000,3.080000,2.920000,3.000000,2.496909,2000
2019-01-17,3.080000,3.080000,2.910000,2.910000,2.422002,1700
2019-01-18,2.950000,3.100000,2.950000,3.100000,2.580140,3300
2019-01-22,3.050000,3.050000,3.030000,3.030000,2.521878,1500
2019-01-23,3.020000,3.030000,2.930000,3.030000,2.521878,1000
2019-01-24,2.950000,3.040000,2.935000,2.970000,2.471940,19000
2019-01-25,3.010000,3.040000,2.995000,3.020000,2.513556,3400
2019-01-28,3.006000,3.090000,3.006000,3.090000,2.571816,5500
2019-01-29,3.090000,3.090000,2.950000,2.950000,2.455294,700
2019-01-30,2.965000,3.100000,2.950000,3.100000,2.580140,32500
2019-01-31,3.000000,3.060000,2.919000,3.050000,2.538524,16300
2019-02-01,3.004000,3.070000,2.923000,3.000000,2.496909,2300
2019-02-04,3.030000,3.050000,2.955000,3.050000,2.538524,3100
2019-02-05,3.010000,3.010000,2.910000,2.910000,2.422002,1300
2019-02-06,2.930000,2.990000,2.930000,2.990000,2.488586,1200
2019-02-07,3.030000,3.030000,3.030000,3.030000,2.521878,2500
2019-02-08,2.975000,3.110000,2.975000,3.100000,2.580140,2100
2019-02-11,3.090000,3.470000,3.060000,3.130000,2.605109,19100
2019-02-12,3.210000,3.210000,3.060000,3.150000,2.621754,4000
2019-02-13,3.150000,3.340000,3.130000,3.330000,2.771569,3600
2019-02-14,3.237000,3.390000,3.200000,3.330000,2.771569,8900
2019-02-15,3.380000,3.400000,3.290000,3.290000,2.738277,7100
2019-02-19,3.290000,3.440000,3.250000,3.440000,2.863123,10500
2019-02-20,3.313000,3.500000,3.313000,3.370000,2.804861,6300
2019-02-21,3.400000,3.500000,3.400000,3.500000,2.913061,22200
2019-02-22,3.377000,3.630000,3.377000,3.570000,2.971322,42200
2019-02-25,3.570000,3.658000,3.460000,3.630000,3.021260,21100
2019-02-26,3.598000,3.630000,3.470000,3.470000,2.888092,20700
2019-02-27,3.670000,3.670000,3.440000,3.550000,2.954676,23100
2019-02-28,3.550000,3.620000,3.510000,3.620000,3.012937,13800
2019-03-01,3.620000,3.620000,3.400000,3.480000,2.896415,12000
2019-03-04,3.405000,3.405000,3.375000,3.400000,2.829831,11200
2019-03-05,3.390000,3.390000,3.390000,3.390000,2.821507,600
2019-03-06,3.400000,3.400000,3.230000,3.330000,2.771569,15000
2019-03-07,3.330000,3.430000,3.290000,3.390000,2.821507,4100
2019-03-08,3.380000,3.400000,3.340000,3.400000,2.829831,3200
2019-03-11,3.380000,3.430000,3.340000,3.400000,2.829831,9600
2019-03-12,3.400000,3.460000,3.290000,3.300000,2.746600,22500
2019-03-13,3.365000,3.860000,3.340000,3.390000,2.821507,323900
2019-03-14,3.800000,3.800000,3.410000,3.540000,2.946353,46900
2019-03-15,3.550000,3.782000,3.483000,3.510000,2.921384,46400
2019-03-18,3.500000,3.500000,3.450000,3.500000,2.913061,25900
2019-03-19,3.480000,3.490000,3.350000,3.370000,2.804861,14800
2019-03-20,3.420000,3.480000,3.420000,3.420000,2.846477,26900
2019-03-21,3.370000,3.370000,3.220000,3.260000,2.713308,27400
2019-03-22,3.232000,3.280000,3.210000,3.216000,2.676687,27600
2019-03-25,3.220000,3.220000,3.138000,3.160000,2.630078,11300
2019-03-26,3.230000,3.240000,3.185000,3.200000,2.663370,14600
2019-03-27,3.230000,3.290000,3.080000,3.125000,2.600947,16300
2019-03-28,3.180000,3.230000,3.150000,3.220000,2.680016,13900
2019-03-29,3.250000,3.484000,3.070000,3.070000,2.555171,31600
2019-04-01,3.070000,3.460000,3.050000,3.270000,2.721631,45700
2019-04-02,3.310000,3.500000,3.310000,3.410000,2.838154,19100
2019-04-03,3.360000,3.400000,3.160000,3.240000,2.696662,48500
2019-04-04,3.240000,3.250000,3.240000,3.250000,2.704985,5900
2019-04-05,3.250000,3.250000,3.176000,3.250000,2.704985,10300
2019-04-08,3.240000,3.250000,3.230000,3.230000,2.688339,10300
2019-04-09,3.240000,3.380000,3.240000,3.325000,2.767408,6700
2019-04-10,3.290000,3.290000,3.150000,3.150000,2.621754,6500
2019-04-11,3.150000,3.330000,3.150000,3.270000,2.721631,26500
2019-04-12,3.320000,3.340000,3.172000,3.280000,2.729954,23000
2019-04-15,3.270000,3.440000,3.236000,3.430000,2.854800,21300
2019-04-16,3.400000,3.401000,3.230000,3.400000,2.829831,19200
2019-04-17,3.370000,3.415000,3.240000,3.390000,2.821507,19700
2019-04-18,3.360000,3.460000,3.270000,3.450000,2.871446,22900
2019-04-22,3.400000,3.400000,3.290000,3.300000,2.746600,15400
2019-04-23,3.390000,3.470000,3.317000,3.450000,2.871446,16900
2019-04-24,3.478000,3.480000,3.337000,3.370000,2.804861,35800
2019-04-25,3.390000,3.490000,3.346000,3.480000,2.896415,29900
2019-04-26,3.420000,3.490000,3.410000,3.480000,2.896415,24600
2019-04-29,3.480000,3.480000,3.280000,3.450000,2.871446,40100
2019-04-30,3.450000,3.480000,3.430000,3.480000,2.896415,23200
2019-05-01,3.500000,3.500000,3.296000,3.470000,2.888092,42800
2019-05-02,3.460000,3.470000,3.290000,3.300000,2.746600,47500
2019-05-03,3.280000,3.450000,3.263000,3.440000,2.863123,25700
2019-05-06,3.100000,3.410000,3.070000,3.360000,2.796538,52200
2019-05-07,3.400000,3.400000,3.230000,3.280000,2.729954,32700
2019-05-08,3.310000,3.390000,3.120000,3.390000,2.821507,74300
2019-05-09,3.330000,3.340000,3.200000,3.230000,2.688339,22600
2019-05-10,3.250000,3.430000,3.240000,3.420000,2.846477,40300
2019-05-13,3.350000,3.490000,3.230000,3.480000,2.896415,32500
2019-05-14,3.410000,3.410000,3.320000,3.400000,2.829831,19600
2019-05-15,3.370000,3.500000,3.339000,3.500000,2.913061,26900
2019-05-16,3.500000,3.500000,3.341000,3.450000,2.871446,43500
2019-05-17,3.347000,3.500000,3.340000,3.450000,2.871446,16100
2019-05-20,3.450000,3.500000,3.330000,3.490000,2.904738,26000
2019-05-21,3.500000,3.500000,3.440000,3.485000,2.900576,34000
2019-05-22,3.500000,3.590000,3.470000,3.510000,2.921384,40400
2019-05-23,3.530000,3.570000,3.460000,3.540000,2.946353,45000
2019-05-24,3.560000,3.600000,3.540000,3.590000,2.987968,11000
2019-05-28,3.600000,3.720000,3.580000,3.720000,3.096168,38900
2019-05-29,3.700000,3.700000,3.507000,3.590000,2.987968,30800
2019-05-30,3.550000,3.600000,3.410000,3.600000,2.996291,38200
2019-05-31,3.500000,3.500000,3.350000,3.450000,2.899637,19000
2019-06-03,3.470000,3.500000,3.360000,3.390000,2.849208,31000
2019-06-04,3.400000,3.570000,3.400000,3.520000,2.958470,15800
2019-06-05,3.580000,3.600000,3.490000,3.595000,3.021505,32700
2019-06-06,3.620000,4.350000,3.538000,3.860000,3.244231,81200
2019-06-07,3.750000,3.990000,3.650000,3.700000,3.109755,78500
2019-06-10,3.700000,3.875000,3.305000,3.370000,2.832398,99600
2019-06-11,3.490000,3.500000,3.330000,3.400000,2.857613,17400
2019-06-12,3.400000,3.425000,3.260000,3.260000,2.739946,33800
2019-06-13,3.300000,3.430000,3.200000,3.320000,2.790375,80900
2019-06-14,3.310000,3.370000,3.250000,3.300000,2.773565,53000
2019-06-17,3.320000,3.400000,3.274000,3.400000,2.857613,16100
2019-06-18,3.470000,3.470000,3.290000,3.303000,2.776087,15200
2019-06-19,3.310000,3.470000,3.310000,3.470000,2.916446,9400
2019-06-20,3.460000,3.500000,3.450000,3.480000,2.924851,13600
2019-06-21,3.450000,3.490000,3.301000,3.320000,2.790375,24900
2019-06-24,3.350000,3.480000,3.300000,3.350000,2.815589,20900
2019-06-25,3.330000,3.390000,3.170000,3.290000,2.765161,32800
2019-06-26,3.310000,3.330000,3.155000,3.330000,2.798779,39600
2019-06-27,3.380000,3.380000,3.260000,3.290000,2.765161,7700
2019-06-28,3.350000,3.383000,3.276000,3.350000,2.815589,45400
2019-07-01,3.420000,3.580000,3.400000,3.400000,2.857613,14300
2019-07-02,3.430000,3.430000,3.370000,3.400000,2.857613,9400
2019-07-03,3.490000,3.490000,3.380000,3.400000,2.857613,4400
2019-07-05,3.430000,3.553000,3.408000,3.550000,2.983684,15800
2019-07-08,3.560000,3.590000,3.530000,3.590000,3.017303,13400
2019-07-09,3.521000,3.590000,3.400000,3.400000,2.857613,13300
2019-07-10,3.417000,3.480000,3.400000,3.440000,2.891232,7500
2019-07-11,3.470000,3.470000,3.376000,3.420000,2.874422,11700
2019-07-12,3.370000,3.500000,3.370000,3.410000,2.866018,14900
2019-07-15,3.440000,3.500000,3.410000,3.500000,2.941660,8600
2019-07-16,3.480000,3.490000,3.420000,3.420000,2.874422,17000
2019-07-17,3.460000,3.486000,3.410000,3.410000,2.866018,8100
2019-07-18,3.400000,3.600000,3.400000,3.430000,2.882827,18000
2019-07-19,3.400000,3.480000,3.400000,3.480000,2.924851,2300
2019-07-22,3.500000,3.500000,3.422000,3.450000,2.899637,14400
2019-07-23,3.512000,3.512000,3.512000,3.512000,2.951746,500
2019-07-24,3.500000,3.500000,3.470000,3.480000,2.924851,10200
2019-07-25,3.510000,3.510000,3.410000,3.440000,2.891232,4100
2019-07-26,3.500000,3.500000,3.370000,3.400000,2.857613,8600
2019-07-29,3.430000,3.490000,3.430000,3.440000,2.891232,9900
2019-07-30,3.490000,3.500000,3.440000,3.490000,2.933256,21400
2019-07-31,3.490000,3.590000,3.490000,3.540000,2.975279,26700
2019-08-01,3.550000,3.600000,3.509000,3.580000,3.008898,8100
2019-08-02,3.600000,3.600000,3.400000,3.580000,3.008898,20800
2019-08-05,3.590000,3.590000,3.394000,3.400000,2.857613,22100
2019-08-06,3.500000,3.550000,3.450000,3.520000,2.958470,3600
2019-08-07,3.510000,3.530000,3.415000,3.450000,2.899637,15200
2019-08-08,3.540000,3.540000,3.400000,3.400000,2.857613,9800
2019-08-09,3.461000,3.461000,3.410000,3.440000,2.891232,6200
2019-08-12,3.470000,3.500000,3.440000,3.450000,2.899637,8800
2019-08-13,3.400000,3.408000,3.266000,3.320000,2.790375,42500
2019-08-14,3.320000,3.339000,2.714000,3.180000,2.672709,98500
2019-08-15,3.130000,3.190000,3.000000,3.000000,2.521423,18400
2019-08-16,3.000000,3.230000,2.990000,3.120000,2.622280,38500
2019-08-19,3.120000,3.201000,3.080000,3.120000,2.622280,20900
2019-08-20,3.184000,3.250000,3.110000,3.250000,2.731541,11900
2019-08-21,3.250000,3.250000,3.100000,3.120000,2.622280,8400
2019-08-22,3.120000,3.250000,3.120000,3.250000,2.731541,11200
2019-08-23,3.040000,3.175000,3.040000,3.080000,2.616843,3500
2019-08-26,3.070000,3.185000,3.030000,3.090000,2.625339,8400
2019-08-27,3.055000,3.114000,3.047000,3.050000,2.591354,11200
2019-08-28,3.040000,3.170000,3.040000,3.170000,2.693308,7200
2019-08-29,3.170000,3.170000,3.100000,3.100000,2.633835,5800
2019-08-30,3.113000,3.170000,3.100000,3.120000,2.650827,7300
2019-09-03,3.100000,3.120000,3.083000,3.090000,2.625339,15000
2019-09-04,3.070000,3.140000,3.050000,3.050000,2.591354,8200
2019-09-05,3.060000,3.130000,3.060000,3.120000,2.650827,2100
2019-09-06,3.120000,3.190000,3.105000,3.130000,2.659323,9500
2019-09-09,3.180000,3.200000,3.179000,3.200000,2.718798,4900
2019-09-10,3.200000,3.250000,3.186000,3.250000,2.761278,3900
2019-09-11,3.250000,3.250000,3.200000,3.225000,2.740038,7700
2019-09-12,3.230000,3.300000,3.227000,3.300000,2.803760,7900
2019-09-13,3.260000,3.300000,3.250000,3.270000,2.778271,6700
2019-09-16,3.290000,3.290000,3.200000,3.270000,2.778271,26900
2019-09-17,3.201000,3.250000,3.201000,3.230000,2.744286,3600
2019-09-18,3.230000,3.250000,3.210000,3.220000,2.735790,10200
2019-09-19,3.230000,3.280000,3.225000,3.270000,2.778271,5100
2019-09-20,3.270000,3.270000,3.220000,3.270000,2.778271,30900
2019-09-23,3.270000,3.270000,3.220000,3.270000,2.778271,10300
2019-09-24,3.230000,3.260000,3.220000,3.260000,2.769775,5200
2019-09-25,3.190000,3.250000,3.190000,3.230000,2.744286,6100
2019-09-26,3.240000,3.248000,3.220000,3.230000,2.744286,4900
2019-09-27,3.235000,3.250000,3.190000,3.210000,2.727294,15300
2019-09-30,3.240000,3.240000,3.200000,3.210000,2.727294,4600
2019-10-01,3.190000,3.230000,3.190000,3.200000,2.718798,3900
2019-10-02,3.212000,3.230000,3.210000,3.210000,2.727294,8400
2019-10-03,3.223000,3.223000,3.190000,3.202000,2.720497,13200
2019-10-04,3.215000,3.230000,3.190000,3.210000,2.727294,5500
2019-10-07,3.200000,3.200000,3.200000,3.200000,2.718798,1500
2019-10-08,3.230000,3.270000,3.207000,3.240000,2.752782,26000
2019-10-09,3.281000,3.300000,3.160000,3.210000,2.727294,95300
2019-10-10,3.230000,3.250000,3.175000,3.190000,2.710301,12800
2019-10-11,3.212000,3.245000,3.190000,3.220000,2.735790,7300
2019-10-14,3.210000,3.230000,3.197000,3.230000,2.744286,9900
2019-10-15,3.190000,3.250000,3.190000,3.210000,2.727294,8300
2019-10-16,3.234000,3.260000,3.220000,3.235000,2.748534,7300
2019-10-17,3.250000,3.250000,3.229000,3.231000,2.745136,38800
2019-10-18,3.250000,3.300000,3.250000,3.286000,2.791865,7100
2019-10-21,3.250000,3.250000,3.250000,3.250000,2.761278,100
2019-10-22,3.230000,3.290000,3.230000,3.260000,2.769775,5200
2019-10-23,3.290000,3.290000,3.250000,3.250000,2.761278,10500
2019-10-24,3.240000,3.250000,3.230000,3.250000,2.761278,1500
2019-10-25,3.240000,3.240000,3.232000,3.232000,2.745986,1000
2019-10-28,3.250000,3.250000,3.177000,3.210000,2.727294,7100
2019-10-29,3.200000,3.240000,3.200000,3.200000,2.718798,3400
2019-10-30,3.225000,3.225000,3.225000,3.225000,2.740038,500
2019-10-31,3.240000,3.250000,3.223000,3.250000,2.761278,11700
2019-11-01,3.244000,3.250000,3.230000,3.244000,2.756181,23900
2019-11-04,3.250000,3.320000,3.248000,3.300000,2.803760,32300
2019-11-05,3.271000,3.320000,3.240000,3.320000,2.820753,8000
2019-11-06,3.310000,3.360000,3.260000,3.320000,2.820753,24500
2019-11-07,3.355000,3.380000,3.250000,3.260000,2.769775,18400
2019-11-08,3.120000,3.160000,3.030000,3.120000,2.650827,89800
2019-11-11,3.130000,3.150000,3.090000,3.150000,2.676316,20800
2019-11-12,3.140000,3.190000,3.130000,3.180000,2.701805,38800
2019-11-13,3.162000,3.180000,3.120000,3.180000,2.701805,6600
2019-11-14,3.120000,3.152000,3.120000,3.150000,2.676316,4200
2019-11-15,3.150000,3.210000,3.120000,3.130000,2.659323,28300
2019-11-18,3.150000,3.170000,3.150000,3.150000,2.676316,9200
2019-11-19,3.130000,3.170000,3.130000,3.150000,2.676316,14200
2019-11-20,3.100000,3.160000,3.030000,3.030000,2.603287,31100
2019-11-21,3.100000,3.100000,3.050000,3.052000,2.622189,16500
2019-11-22,3.080000,3.080000,3.010000,3.040000,2.611879,59800
2019-11-25,3.010000,3.210000,3.010000,3.130000,2.689204,10700
2019-11-26,3.027000,3.120000,3.010000,3.050000,2.620470,12800
2019-11-27,3.020000,3.100000,3.020000,3.045000,2.616174,9300
2019-11-29,3.060000,3.090000,3.035000,3.040000,2.611879,5300
2019-12-02,3.100000,3.100000,3.050000,3.050000,2.620470,19200
2019-12-03,3.001000,3.100000,3.000000,3.010000,2.586103,12200
2019-12-04,3.055000,3.075000,3.010000,3.010000,2.586103,4500
2019-12-05,3.041000,3.085000,3.000000,3.020000,2.594695,37000
2019-12-06,3.010000,3.105000,3.010000,3.020000,2.594695,3600
2019-12-09,3.025000,3.080000,3.022000,3.050000,2.620470,4700
2019-12-10,3.010000,3.030000,3.009000,3.010000,2.586103,7000
2019-12-11,2.940000,3.005000,2.900000,2.980000,2.560328,21100
2019-12-12,2.972000,2.990000,2.950000,2.950000,2.534553,11600
2019-12-13,2.970000,2.985000,2.950000,2.950000,2.534553,7900
2019-12-16,2.940000,3.000000,2.860000,2.920000,2.508778,247900
2019-12-17,2.950000,3.160000,2.910000,2.940000,2.525961,25600
2019-12-18,2.950000,3.013000,2.880000,2.900000,2.491595,46300
2019-12-19,2.870000,3.200000,2.870000,3.150000,2.706387,21100
2019-12-20,3.180000,3.180000,2.984000,3.050000,2.620470,7000
2019-12-23,3.050000,3.066000,2.981000,2.990000,2.568920,6900
2019-12-24,2.990000,2.990000,2.990000,2.990000,2.568920,0
2019-12-26,3.050000,3.050000,2.915000,2.950000,2.534553,12500
2019-12-27,2.950000,2.999000,2.950000,2.960000,2.543145,5700
2019-12-30,2.970000,2.970000,2.890000,2.930000,2.517370,8500
2019-12-31,2.990000,2.990000,2.932000,2.950000,2.534553,6200
2020-01-02,2.930000,3.000000,2.930000,2.930000,2.517370,2100
2020-01-03,2.930000,2.980000,2.900000,2.950000,2.534553,4700
2020-01-06,2.920000,2.949000,2.920000,2.949000,2.533694,1500
2020-01-07,2.980000,2.980000,2.920000,2.920000,2.508778,4500
2020-01-08,2.950000,2.975000,2.950000,2.965000,2.547441,1200
2020-01-09,2.950000,2.950000,2.920000,2.920000,2.508778,1000
2020-01-10,2.920000,2.950000,2.870000,2.950000,2.534553,12300
2020-01-13,2.940000,2.960000,2.920000,2.930000,2.517370,3400
2020-01-14,2.940000,2.960000,2.930000,2.930000,2.517370,1900
2020-01-15,2.970000,2.985000,2.940000,2.940000,2.525961,6000
2020-01-16,2.940000,2.990000,2.940000,2.960000,2.543145,6000
2020-01-17,2.980000,3.170000,2.980000,3.140000,2.697796,18800
2020-01-21,3.100000,3.100000,3.000000,3.075000,2.641949,20300
2020-01-22,3.080000,3.110000,2.961000,3.030000,2.603287,8400
2020-01-23,3.004000,3.100000,2.910000,2.930000,2.517370,18300
2020-01-24,2.900000,3.060000,2.900000,2.930000,2.517370,8400
2020-01-27,3.060000,3.147000,2.980000,3.075000,2.641949,4600
2020-01-28,3.100000,3.140000,2.990000,3.028000,2.601568,1700
2020-01-29,2.985000,3.060000,2.980000,2.980000,2.560328,1200
2020-01-30,3.020000,3.160000,3.020000,3.040000,2.611879,6800
2020-01-31,2.950000,3.096000,2.913000,2.920000,2.508778,8800
2020-02-03,3.020000,3.059000,2.950000,2.950000,2.534553,10000
2020-02-04,2.952000,2.952000,2.900000,2.920000,2.508778,7700
2020-02-05,3.080000,3.080000,2.920000,2.955000,2.538849,5100
2020-02-06,3.050000,3.105000,3.008000,3.105000,2.667725,500
2020-02-07,3.060000,3.150000,3.050000,3.090000,2.654837,3900
2020-02-10,3.110000,3.120000,3.080000,3.120000,2.680612,8500
2020-02-11,3.123000,3.160000,3.080000,3.080000,2.646245,2000
2020-02-12,3.080000,3.100000,3.080000,3.100000,2.663429,1900
2020-02-13,3.120000,3.120000,3.099000,3.099000,2.662569,3400
2020-02-14,3.080000,3.089000,3.080000,3.080000,2.646245,2600
2020-02-18,3.080000,3.080000,2.955000,2.955000,2.538849,14700
2020-02-19,2.960000,2.960000,2.930000,2.930000,2.517370,11400
2020-02-20,2.933000,2.933000,2.900000,2.910000,2.500186,2500
2020-02-21,2.940000,2.950000,2.900000,2.930000,2.517370,9400
2020-02-24,2.900000,2.920000,2.890000,2.890000,2.483003,11200
2020-02-25,2.890000,2.900000,2.850000,2.870000,2.465820,18400
2020-02-26,2.855000,2.870000,2.790000,2.807000,2.411691,10200
2020-02-27,2.754000,2.823000,2.630000,2.740000,2.354127,28000
2020-02-28,2.750000,2.750000,2.650000,2.750000,2.362719,7800
2020-03-02,2.720000,2.738000,2.700000,2.700000,2.319760,4500
2020-03-03,2.653000,2.740000,2.650000,2.740000,2.354127,14000
2020-03-04,2.740000,2.740000,2.730000,2.730000,2.345535,2000
2020-03-05,2.660000,2.700000,2.660000,2.680000,2.302577,7100
2020-03-06,2.640000,2.720000,2.620000,2.710000,2.328352,10500
2020-03-09,2.650000,2.700000,2.600000,2.645000,2.272506,28800
2020-03-10,2.650000,2.650000,2.592000,2.630000,2.259619,11800
2020-03-11,2.520000,2.525000,2.392000,2.440000,2.096376,18900
2020-03-12,2.300000,2.350000,2.250000,2.280000,1.958909,46400
2020-03-13,2.280000,2.280000,2.200000,2.200000,1.890175,16100
2020-03-16,2.010000,2.070000,2.000000,2.000000,1.718341,29600
2020-03-17,2.000000,2.076000,1.900000,1.960000,1.683974,39100
2020-03-18,1.960000,1.995000,1.700000,1.710000,1.469181,63700
2020-03-19,1.700000,1.710000,1.600000,1.620000,1.391856,23400
2020-03-20,1.700000,1.980000,1.675000,1.700000,1.460590,24800
2020-03-23,1.650000,1.688000,1.630000,1.650000,1.417631,9000
2020-03-24,1.670000,1.870000,1.670000,1.825000,1.567986,8700
2020-03-25,1.900000,2.025000,1.765000,1.850000,1.589465,41700
2020-03-26,1.890000,2.100000,1.890000,1.960000,1.683974,4700
2020-03-27,1.960000,2.000000,1.760000,1.910000,1.641016,11000
2020-03-30,1.769000,2.090000,1.769000,1.970000,1.692566,5900
2020-03-31,2.000000,2.080000,1.970000,2.000000,1.718341,5000
2020-04-01,2.000000,2.030000,1.915000,1.950000,1.675383,18400
2020-04-02,1.950000,2.000000,1.880000,1.880000,1.615241,5300
2020-04-03,1.960000,1.990000,1.850000,1.875000,1.610945,4200
2020-04-06,1.880000,1.980000,1.850000,1.850000,1.589465,9300
2020-04-07,1.950000,2.100000,1.790000,1.930000,1.658199,52600
2020-04-08,1.930000,1.940000,1.890000,1.920000,1.649607,23000
2020-04-09,1.910000,1.965000,1.840000,1.930000,1.658199,17400
2020-04-13,1.920000,1.930000,1.880000,1.930000,1.658199,3100
2020-04-14,1.930000,2.040000,1.930000,2.030000,1.744116,27600
2020-04-15,1.985000,2.050000,1.890000,1.990000,1.709749,21800
2020-04-16,2.030000,2.040000,1.930000,1.930000,1.658199,5000
2020-04-17,1.985000,2.050000,1.964000,2.030000,1.744116,5100
2020-04-20,2.040000,2.050000,1.980000,2.050000,1.761299,34200
2020-04-21,2.050000,2.650000,1.900000,2.000000,1.718341,144400
2020-04-22,2.000000,2.000000,1.945000,2.000000,1.718341,6200
2020-04-23,1.980000,2.150000,1.960000,2.150000,1.847217,17200
2020-04-24,2.140000,2.200000,2.138000,2.200000,1.890175,6800
2020-04-27,2.150000,2.200000,2.050000,2.200000,1.890175,7500
2020-04-28,2.200000,2.200000,2.070000,2.170000,1.864400,7900
2020-04-29,2.130000,2.300000,2.130000,2.300000,1.976092,12100
2020-04-30,2.260000,2.380000,2.260000,2.380000,2.044826,12300
2020-05-01,2.245000,2.330000,2.240000,2.310000,1.984684,5900
2020-05-04,2.210000,2.310000,2.210000,2.280000,1.958909,10200
2020-05-05,2.370000,2.370000,2.300000,2.330000,2.001867,9500
2020-05-06,2.250000,2.320000,2.220000,2.280000,1.958909,5600
2020-05-07,2.269000,2.450000,2.269000,2.450000,2.104968,8700
2020-05-08,2.340000,2.450000,2.330000,2.450000,2.104968,16200
2020-05-11,2.450000,2.530000,2.225000,2.350000,2.019051,20500
2020-05-12,2.320000,2.350000,2.200000,2.310000,1.984684,6500
2020-05-13,2.130000,2.480000,2.100000,2.160000,1.855809,14100
2020-05-14,2.060000,2.330000,1.990000,2.070000,1.778483,46200
2020-05-15,2.030000,2.040000,1.990000,2.000000,1.718341,22200
2020-05-18,1.970000,2.095000,1.970000,1.990000,1.709749,28300
2020-05-19,2.030000,2.065000,1.970000,1.970000,1.692566,12700
2020-05-20,2.044000,2.050000,1.950000,1.990000,1.709749,20000
2020-05-21,2.030000,2.030000,1.970000,1.970000,1.692566,25400
2020-05-22,2.000000,2.040000,1.960000,2.040000,1.752708,6400
2020-05-26,2.040000,2.040000,1.950000,2.010000,1.726933,18300
2020-05-27,2.000000,2.040000,1.940000,2.000000,1.718341,28000
2020-05-28,1.990000,2.000000,1.960000,1.960000,1.683974,16200
2020-05-29,1.960000,2.120000,1.950000,2.080000,1.787075,34800
2020-06-01,2.080000,2.080000,1.840000,1.950000,1.675383,30000
2020-06-02,2.020000,2.040000,1.890000,2.010000,1.726933,12900
2020-06-03,2.040000,2.040000,1.940000,2.040000,1.752708,25800
2020-06-04,1.960000,2.040000,1.940000,2.040000,1.752708,47500
2020-06-05,2.040000,2.350000,2.040000,2.100000,1.804258,54400
2020-06-08,2.130000,2.340000,2.050000,2.190000,1.881583,115000
2020-06-09,2.220000,2.345000,2.169000,2.220000,1.907358,35100
2020-06-10,2.270000,2.340000,2.140000,2.320000,1.993276,37900
2020-06-11,2.200000,2.310000,2.080000,2.090000,1.795666,44600
2020-06-12,2.100000,2.300000,2.100000,2.300000,1.976092,21700
2020-06-15,2.320000,2.350000,2.170000,2.290000,1.967501,28900
2020-06-16,2.350000,2.500000,2.110000,2.500000,2.147927,38100
2020-06-17,2.500000,2.640000,2.480000,2.640000,2.268210,63700
2020-06-18,2.640000,2.640000,2.355000,2.400000,2.062009,14800
2020-06-19,2.300000,2.600000,2.265000,2.570000,2.208069,29700
2020-06-22,2.560000,2.670000,2.420000,2.500000,2.147927,56800
2020-06-23,2.590000,2.610000,2.440000,2.480000,2.130743,48300
2020-06-24,2.520000,2.590000,2.390000,2.560000,2.199476,39100
2020-06-25,2.520000,2.640000,2.510000,2.560000,2.199476,73100
2020-06-26,2.600000,2.930000,2.350000,2.390000,2.053418,915200
2020-06-29,2.410000,2.800000,2.400000,2.800000,2.405678,84400
2020-06-30,2.850000,2.850000,2.500000,2.510000,2.156518,20300
2020-07-01,2.500000,2.500000,2.350000,2.350000,2.019051,11100
2020-07-02,2.320000,2.339000,2.260000,2.270000,1.950317,8100
2020-07-06,2.250000,2.310000,2.210000,2.270000,1.950317,16300
2020-07-07,2.300000,2.300000,2.160000,2.170000,1.864400,16700
2020-07-08,2.130000,2.240000,2.050000,2.220000,1.907358,19200
2020-07-09,2.170000,2.170000,2.070000,2.150000,1.847217,19000
2020-07-10,2.200000,2.200000,2.050000,2.130000,1.830033,23900
2020-07-13,2.145000,2.145000,2.070000,2.070000,1.778483,16200
2020-07-14,2.094000,2.150000,2.060000,2.110000,1.812850,12900
2020-07-15,2.170000,2.280000,2.080000,2.210000,1.898767,24100
2020-07-16,2.180000,2.180000,2.100000,2.120000,1.821441,4300
2020-07-17,2.100000,2.160000,2.010000,2.120000,1.821441,21100
2020-07-20,2.120000,2.120000,2.080000,2.080000,1.787075,2700
2020-07-21,2.060000,2.190000,2.060000,2.150000,1.847217,6600
2020-07-22,2.140000,2.150000,2.045000,2.140000,1.838625,9100
2020-07-23,2.080000,2.125000,2.070000,2.070000,1.778483,2500
2020-07-24,2.040000,2.070000,2.040000,2.040000,1.752708,4400
2020-07-27,2.065000,2.090000,2.065000,2.090000,1.795666,4800
2020-07-28,2.050000,2.090000,2.040000,2.040000,1.752708,4400
2020-07-29,2.080000,2.230000,2.080000,2.140000,1.838625,4800
2020-07-30,2.050000,2.130000,2.050000,2.090000,1.795666,8100
2020-07-31,2.090000,2.090000,2.020000,2.040000,1.752708,8000
2020-08-03,2.010000,2.190000,2.010000,2.190000,1.881583,11600
2020-08-04,2.167000,2.390000,2.150000,2.390000,2.053418,23100
2020-08-05,2.400000,2.640000,2.210000,2.230000,1.915950,44000
2020-08-06,2.133000,2.550000,2.133000,2.340000,2.010459,21700
2020-08-07,2.390000,2.390000,2.270000,2.350000,2.019051,10600
2020-08-10,2.420000,2.440000,2.280000,2.330000,2.001867,5000
2020-08-11,2.410000,2.750000,2.410000,2.540000,2.182293,78700
2020-08-12,2.650000,2.650000,2.441000,2.590000,2.225251,11600
2020-08-13,2.670000,2.670000,2.420000,2.460000,2.113560,14200
2020-08-14,2.380000,2.640000,2.380000,2.520000,2.165110,8200
2020-08-17,2.520000,2.586000,2.400000,2.400000,2.062009,2700
2020-08-18,2.500000,2.500000,2.310000,2.470000,2.122151,399600
2020-08-19,2.450000,2.520000,2.450000,2.500000,2.147927,98300
2020-08-20,2.450000,2.500000,2.440000,2.500000,2.147927,68600
2020-08-21,2.430000,2.540000,2.400000,2.450000,2.104968,53100
2020-08-24,2.430000,2.500000,2.310000,2.330000,2.001867,4000
2020-08-25,2.290000,2.500000,2.280000,2.420000,2.079193,57700
2020-08-26,2.470000,2.470000,2.330000,2.330000,2.001867,6900
2020-08-27,2.380000,2.520000,2.290000,2.420000,2.079193,66000
2020-08-28,2.478000,2.530000,2.420000,2.530000,2.173702,3000
2020-08-31,2.520000,2.520000,2.450000,2.450000,2.104968,43100
2020-09-01,2.450000,2.500000,2.440000,2.480000,2.130743,24900
2020-09-02,2.450000,2.500000,2.420000,2.430000,2.087785,4600
2020-09-03,2.377000,2.377000,2.260000,2.300000,1.976092,11600
2020-09-04,2.350000,2.350000,2.225000,2.270000,1.950317,9100
2020-09-08,2.250000,2.280000,2.160000,2.160000,1.855809,9200
2020-09-09,2.180000,2.240000,2.080000,2.100000,1.804258,16800
2020-09-10,2.110000,2.110000,2.100000,2.110000,1.812850,3300
2020-09-11,2.110000,2.200000,2.110000,2.140000,1.838625,10400
2020-09-14,2.180000,2.240000,2.160000,2.200000,1.890175,13400
2020-09-15,2.180000,2.180000,2.150000,2.170000,1.864400,14200
2020-09-16,2.150000,2.450000,2.150000,2.410000,2.070601,58000
2020-09-17,2.180000,2.440000,2.180000,2.400000,2.062009,4500
2020-09-18,2.470000,3.000000,2.310000,2.760000,2.371310,290600
2020-09-21,2.730000,2.916000,2.240000,2.290000,1.967501,46200
2020-09-22,2.290000,2.340000,2.250000,2.300000,1.976092,14000
2020-09-23,2.270000,2.310000,2.210000,2.250000,1.933134,17500
2020-09-24,2.300000,2.305000,2.200000,2.290000,1.967501,9200
2020-09-25,2.330000,2.360000,2.250000,2.350000,2.019051,19100
2020-09-28,2.500000,2.500000,2.360000,2.420000,2.079193,33700
2020-09-29,2.390000,2.600000,2.280000,2.590000,2.225251,9300
2020-09-30,2.600000,2.600000,2.430000,2.590000,2.225251,22000
2020-10-01,2.630000,2.650000,2.560000,2.590000,2.225251,8200
2020-10-02,2.520000,2.690000,2.500000,2.620000,2.251027,19600
2020-10-05,2.660000,2.850000,2.650000,2.850000,2.448636,20800
2020-10-06,2.840000,2.850000,2.690000,2.690000,2.311169,18800
2020-10-07,2.675000,2.820000,2.675000,2.820000,2.422861,10400
2020-10-08,2.870000,3.180000,2.860000,3.080000,2.646245,139500
2020-10-09,3.200000,3.220000,3.050000,3.180000,2.732162,85500
2020-10-12,3.250000,3.280000,3.000000,3.170000,2.723571,253800
2020-10-13,3.190000,3.210000,3.030000,3.210000,2.757937,30700
2020-10-14,3.250000,3.250000,2.940000,3.100000,2.663429,18300
2020-10-15,3.085000,3.270000,3.080000,3.190000,2.740754,51200
2020-10-16,3.150000,3.190000,3.150000,3.170000,2.723571,14100
2020-10-19,3.140000,3.510000,2.980000,3.100000,2.663429,244100
2020-10-20,3.080000,3.235000,3.045000,3.160000,2.714979,62600
2020-10-21,3.190000,3.259000,3.050000,3.100000,2.663429,48300
2020-10-22,3.040000,3.080000,2.990000,3.010000,2.586103,21200
2020-10-23,3.070000,3.180000,3.020000,3.180000,2.732162,25300
2020-10-26,3.260000,3.460000,3.200000,3.245000,2.788008,141600
2020-10-27,3.200000,3.320000,3.150000,3.180000,2.732162,54100
2020-10-28,3.150000,3.235000,2.920000,2.980000,2.560328,36300
2020-10-29,2.980000,2.980000,2.730000,2.920000,2.508778,44500
2020-10-30,2.920000,2.920000,2.617000,2.670000,2.293985,34600
2020-11-02,2.610000,2.717000,2.580000,2.640000,2.268210,35600
2020-11-03,2.620000,2.790000,2.620000,2.790000,2.397086,46300
2020-11-04,2.800000,2.800000,2.680000,2.690000,2.311169,6400
2020-11-05,2.691000,2.810000,2.691000,2.790000,2.397086,8900
2020-11-06,2.824000,2.824000,2.620000,2.660000,2.285393,28300
2020-11-09,2.900000,3.180000,2.730000,3.010000,2.586103,71900
2020-11-10,3.190000,3.250000,3.060000,3.130000,2.689204,40300
2020-11-11,3.130000,3.240000,3.043000,3.240000,2.783713,299100
2020-11-12,3.380000,3.380000,2.520000,2.760000,2.371310,285600
2020-11-13,2.690000,2.800000,2.640000,2.760000,2.371310,62200
2020-11-16,2.680000,2.773000,2.650000,2.750000,2.362719,61300
2020-11-17,2.740000,2.770000,2.670000,2.700000,2.319760,26200
2020-11-18,2.750000,2.750000,2.700000,2.700000,2.319760,20600
2020-11-19,2.710000,2.710000,2.640000,2.680000,2.302577,26500
2020-11-20,2.650000,2.700000,2.650000,2.680000,2.302577,15500
2020-11-23,2.720000,2.770000,2.680000,2.720000,2.336944,27300
2020-11-24,2.730000,2.800000,2.660000,2.740000,2.354127,67600
2020-11-25,2.770000,2.800000,2.765000,2.790000,2.397086,23300
2020-11-27,2.800000,2.800000,2.750000,2.770000,2.379902,9900
2020-11-30,2.800000,2.800000,2.640000,2.640000,2.268210,33000
2020-12-01,2.630000,2.690000,2.520000,2.550000,2.190885,39800
2020-12-02,2.590000,2.610000,2.430000,2.480000,2.130743,57800
2020-12-03,2.460000,2.529000,2.400000,2.450000,2.104968,47400
2020-12-04,2.479000,2.680000,2.390000,2.550000,2.190885,137900
2020-12-07,2.550000,2.635000,2.510000,2.620000,2.251027,44600
2020-12-08,2.620000,2.700000,2.600000,2.700000,2.319760,30100
2020-12-09,2.740000,2.750000,2.630000,2.700000,2.319760,44200
2020-12-10,2.660000,2.740000,2.660000,2.710000,2.328352,14700
2020-12-11,2.670000,2.682000,2.620000,2.680000,2.302577,17800
2020-12-14,2.630000,2.680000,2.580000,2.590000,2.225251,38800
2020-12-15,2.594000,2.670000,2.521000,2.600000,2.233843,26900
2020-12-16,2.625000,2.660000,2.610000,2.610000,2.242435,8100
2020-12-17,2.660000,2.720000,2.609000,2.690000,2.311169,27200
2020-12-18,2.700000,2.820000,2.620000,2.810000,2.414269,105800
2020-12-21,2.680000,2.740000,2.600000,2.740000,2.354127,28500
2020-12-22,2.700000,2.790000,2.630000,2.790000,2.397086,30900
2020-12-23,2.750000,2.800000,2.670000,2.750000,2.362719,55900
2020-12-24,2.697000,2.770000,2.660000,2.690000,2.311169,10200
2020-12-28,2.650000,2.740000,2.650000,2.650000,2.276802,21400
2020-12-29,2.650000,2.800000,2.650000,2.800000,2.405678,21100
2020-12-30,2.820000,2.820000,2.735000,2.820000,2.422861,21300
2020-12-31,2.765000,2.797000,2.760000,2.770000,2.379902,13300
2021-01-04,2.760000,2.790000,2.700000,2.750000,2.362719,18100
2021-01-05,2.770000,2.990000,2.760000,2.930000,2.517370,42500
2021-01-06,2.970000,2.970000,2.810000,2.820000,2.422861,28800
2021-01-07,2.820000,2.935000,2.780000,2.870000,2.465820,32800
2021-01-08,2.900000,2.970000,2.830000,2.890000,2.483003,11400
2021-01-11,2.850000,2.860000,2.770000,2.820000,2.422861,23600
2021-01-12,2.783000,2.870000,2.750000,2.840000,2.440045,32500
2021-01-13,2.880000,2.900000,2.830000,2.830000,2.431453,19000
2021-01-14,2.870000,2.900000,2.830000,2.870000,2.465820,15700
2021-01-15,2.820000,2.900000,2.780000,2.780000,2.388495,14500
2021-01-19,2.890000,2.890000,2.771000,2.810000,2.414269,24600
2021-01-20,2.790000,2.840000,2.770000,2.780000,2.388495,8400
2021-01-21,2.760000,2.820000,2.740000,2.750000,2.362719,17300
2021-01-22,2.720000,2.880000,2.670000,2.850000,2.448636,25200
2021-01-25,2.890000,2.900000,2.740000,2.800000,2.405678,18600
2021-01-26,2.760000,2.900000,2.730000,2.860000,2.457228,23900
2021-01-27,2.820000,2.840000,2.660000,2.710000,2.328352,27800
2021-01-28,2.770000,2.790000,2.710000,2.760000,2.371310,29700
2021-01-29,2.840000,3.190000,2.690000,2.780000,2.388495,515800
2021-02-01,2.830000,2.940000,2.780000,2.910000,2.500186,46400
2021-02-02,2.980000,2.990000,2.850000,2.950000,2.534553,33700
2021-02-03,2.920000,3.110000,2.820000,2.870000,2.465820,120000
2021-02-04,2.830000,2.990000,2.740000,2.880000,2.474411,71400
2021-02-05,2.840000,2.990000,2.840000,2.990000,2.568920,89300
2021-02-08,2.990000,3.170000,2.990000,3.160000,2.714979,126200
2021-02-09,3.090000,3.220000,2.910000,2.950000,2.534553,111900
2021-02-10,3.030000,3.030000,2.950000,2.990000,2.568920,50800
2021-02-11,3.030000,3.140000,2.910000,3.110000,2.672021,114600
2021-02-12,3.070000,3.360000,3.010000,3.220000,2.766529,383600
2021-02-16,3.400000,3.900000,3.390000,3.520000,3.024281,689100
2021-02-17,3.540000,3.540000,3.150000,3.180000,2.732162,206800
2021-02-18,3.120000,3.170000,3.040000,3.110000,2.672021,89700
2021-02-19,3.160000,3.184000,3.080000,3.120000,2.680612,44000
2021-02-22,3.100000,3.190000,3.100000,3.110000,2.672021,27000
2021-02-23,3.070000,3.070000,2.800000,2.980000,2.560328,115000
2021-02-24,3.020000,3.150000,2.966000,3.080000,2.646245,66100
2021-02-25,3.100000,3.150000,2.990000,3.000000,2.577512,45300
2021-02-26,2.980000,3.030000,2.920000,3.005000,2.599135,55100
2021-03-01,3.040000,3.060000,3.010000,3.040000,2.629408,47100
2021-03-02,3.060000,3.150000,3.040000,3.140000,2.715902,43700
2021-03-03,3.160000,3.230000,3.140000,3.150000,2.724551,57400
2021-03-04,3.187000,3.190000,2.990000,3.160000,2.733200,86600
2021-03-05,3.170000,3.170000,2.880000,3.040000,2.629408,158500
2021-03-08,3.100000,3.130000,3.000000,3.090000,2.672655,77900
2021-03-09,3.080000,3.230000,3.080000,3.170000,2.741850,36500
2021-03-10,3.180000,3.230000,3.100000,3.150000,2.724551,145100
2021-03-11,3.150000,3.350000,3.130000,3.320000,2.871590,91700
2021-03-12,3.320000,3.320000,3.150000,3.230000,2.793746,107300
2021-03-15,3.200000,3.322000,3.180000,3.300000,2.854291,314800
2021-03-16,3.650000,3.700000,3.300000,3.420000,2.958084,501400
2021-03-17,3.430000,3.500000,3.270000,3.380000,2.923486,431200
2021-03-18,3.420000,3.540000,3.220000,3.260000,2.819694,728200
2021-03-19,3.290000,3.440000,3.280000,3.370000,2.914837,480700
2021-03-22,3.380000,3.415000,3.243000,3.330000,2.880240,170200
2021-03-23,3.340000,3.340000,3.130000,3.180000,2.750499,222200
2021-03-24,3.170000,3.250000,3.130000,3.140000,2.715902,146200
2021-03-25,3.080000,3.140000,3.010000,3.110000,2.689954,149400
2021-03-26,3.150000,3.260000,3.130000,3.230000,2.793746,60300
2021-03-29,3.200000,3.220000,3.040000,3.090000,2.672655,134800
2021-03-30,3.122000,3.155000,3.060000,3.090000,2.672655,71300
2021-03-31,3.090000,3.190000,3.070000,3.160000,2.733200,57200
2021-04-01,3.160000,3.200000,3.100000,3.170000,2.741850,37100
2021-04-05,3.200000,3.210000,3.050000,3.090000,2.672655,85800
2021-04-06,3.080000,3.110000,3.060000,3.070000,2.655356,97300
2021-04-07,3.100000,3.100000,3.035000,3.050000,2.638057,59800
2021-04-08,3.080000,3.080000,3.000000,3.040000,2.629408,112300
2021-04-09,3.020000,3.050000,3.000000,3.040000,2.629408,72300
2021-04-12,3.010000,3.030000,2.920000,2.940000,2.542914,84700
2021-04-13,2.940000,2.980000,2.860000,2.940000,2.542914,68600
2021-04-14,2.930000,3.005000,2.910000,2.930000,2.534265,154400
2021-04-15,3.000000,3.030000,2.950000,2.970000,2.568862,173300
2021-04-16,2.990000,3.010000,2.910000,2.990000,2.586161,317700
2021-04-19,3.000000,3.010000,2.970000,2.970000,2.568862,136000
2021-04-20,2.970000,3.000000,2.916000,2.980000,2.577512,42100
2021-04-21,3.000000,3.025000,2.920000,3.000000,2.594810,566000
2021-04-22,2.990000,3.010000,2.940000,2.980000,2.577512,472500
2021-04-23,2.990000,3.170000,2.960000,3.030000,2.620758,2954300
2021-04-26,3.060000,3.290000,3.040000,3.220000,2.785097,3954600
2021-04-27,3.300000,3.530000,3.300000,3.530000,3.053227,1322800
2021-04-28,3.570000,3.700000,3.420000,3.670000,3.174318,698400
2021-04-29,3.740000,3.780000,3.570000,3.750000,3.243513,590500
2021-04-30,3.780000,3.940000,3.720000,3.860000,3.338656,697000
2021-05-03,3.960000,4.050000,3.890000,4.030000,3.485696,781400
2021-05-04,4.080000,4.100000,3.820000,3.870000,3.347306,597400
2021-05-05,3.900000,3.980000,3.880000,3.900000,3.373254,345800
2021-05-06,3.820000,3.840000,3.610000,3.720000,3.217565,440700
2021-05-07,3.820000,3.900000,3.680000,3.730000,3.226214,428900
2021-05-10,3.800000,3.940000,3.750000,3.850000,3.330006,242200
2021-05-11,3.730000,3.840000,3.650000,3.770000,3.260811,306100
2021-05-12,3.760000,3.790000,3.410000,3.520000,3.044578,562800
2021-05-13,3.664000,3.730000,3.520000,3.530000,3.053227,305200
2021-05-14,3.550000,3.770000,3.550000,3.750000,3.243513,289200
2021-05-17,3.760000,3.880000,3.710000,3.780000,3.269461,288200
2021-05-18,3.770000,3.880000,3.740000,3.740000,3.234864,218600
2021-05-19,3.710000,3.830000,3.650000,3.700000,3.200266,190200
2021-05-20,3.710000,3.740000,3.530000,3.660000,3.165669,349900
2021-05-21,3.700000,3.790000,3.650000,3.780000,3.269461,274200
2021-05-24,3.840000,4.290000,3.830000,4.170000,3.606786,1335300
2021-05-25,4.139000,4.240000,3.830000,3.860000,3.338656,647000
2021-05-26,3.860000,4.050000,3.850000,4.030000,3.485696,327500
2021-05-27,4.050000,4.260000,4.010000,4.190000,3.624085,612800
2021-05-28,4.180000,4.200000,4.000000,4.050000,3.532502,190300
2021-06-01,4.090000,4.220000,4.080000,4.140000,3.611002,369700
2021-06-02,4.190000,4.190000,4.000000,4.030000,3.515058,353900
2021-06-03,4.040000,4.055000,3.930000,4.000000,3.488891,189400
2021-06-04,3.990000,4.180000,3.930000,4.140000,3.611002,346000
2021-06-07,4.130000,4.130000,3.920000,4.090000,3.567391,541900
2021-06-08,4.150000,4.170000,4.057000,4.100000,3.576113,218700
2021-06-09,4.120000,4.130000,4.050000,4.100000,3.576113,195200
2021-06-10,4.150000,4.170000,4.070000,4.130000,3.602279,259300
2021-06-11,4.150000,4.450000,4.000000,4.250000,3.706947,4262000
2021-06-14,4.350000,4.430000,4.320000,4.360000,3.802891,804600
2021-06-15,4.530000,4.890000,4.460000,4.880000,4.256446,1850500
2021-06-16,4.890000,5.030000,4.760000,4.990000,4.352390,905400
2021-06-17,5.030000,5.150000,4.750000,4.890000,4.265169,774500
2021-06-18,4.850000,4.890000,4.630000,4.890000,4.265169,693700
2021-06-21,4.970000,5.110000,4.800000,4.850000,4.230280,596700
2021-06-22,4.890000,4.960000,4.710000,4.950000,4.317501,339100
2021-06-23,4.960000,5.390000,4.950000,5.250000,4.579169,978400
2021-06-24,5.340000,5.340000,5.120000,5.290000,4.614058,560700
2021-06-25,5.350000,5.350000,5.030000,5.085000,4.435252,1976300
2021-06-28,5.130000,5.150000,4.770000,4.820000,4.204113,435000
2021-06-29,4.850000,4.980000,4.770000,4.970000,4.334947,235900
2021-06-30,4.990000,5.030000,4.860000,5.020000,4.378558,248600
2021-07-01,5.060000,5.060000,4.730000,4.860000,4.239002,369200
2021-07-02,4.860000,4.890000,4.760000,4.840000,4.221559,156800
2021-07-06,4.830000,4.890000,4.450000,4.590000,4.003502,606000
2021-07-07,4.600000,4.790000,4.360000,4.720000,4.116891,495600
2021-07-08,4.600000,4.600000,4.460000,4.490000,3.916280,249000
2021-07-09,4.460000,4.690000,4.460000,4.630000,4.038391,247300
2021-07-12,4.570000,4.730000,4.530000,4.690000,4.090724,304600
2021-07-13,4.720000,4.720000,4.450000,4.530000,3.951169,292500
2021-07-14,4.520000,4.610000,4.380000,4.410000,3.846501,351100
2021-07-15,4.440000,4.580000,4.440000,4.530000,3.951169,201600
2021-07-16,4.570000,4.570000,4.240000,4.250000,3.706947,532100
2021-07-19,4.220000,4.335000,4.080000,4.250000,3.706947,410900
2021-07-20,4.300000,4.470000,4.260000,4.400000,3.837780,319700
2021-07-21,4.470000,4.650000,4.470000,4.620000,4.029668,196400
2021-07-22,4.670000,4.670000,4.560000,4.640000,4.047113,173700
2021-07-23,4.680000,4.810000,4.550000,4.760000,4.151780,247800
2021-07-26,4.820000,4.880000,4.760000,4.870000,4.247725,269600
2021-07-27,4.900000,4.910000,4.650000,4.690000,4.090724,238600
2021-07-28,4.700000,4.770000,4.620000,4.680000,4.082001,78700
2021-07-29,4.720000,4.910000,4.695000,4.880000,4.256446,89700
2021-07-30,4.860000,4.880000,4.680000,4.710000,4.108169,160500
2021-08-02,4.760000,4.940000,4.720000,4.800000,4.186669,152600
2021-08-03,4.960000,4.960000,4.710000,4.910000,4.282613,161300
2021-08-04,4.840000,4.920000,4.790000,4.810000,4.195391,74700
2021-08-05,4.840000,5.000000,4.820000,4.920000,4.291335,175500
2021-08-06,4.960000,4.960000,4.860000,4.920000,4.291335,101700
2021-08-09,4.940000,4.940000,4.730000,4.940000,4.308780,208400
2021-08-10,4.920000,4.990000,4.870000,4.970000,4.334947,374400
2021-08-11,4.970000,5.050000,4.880000,4.970000,4.334947,524800
2021-08-12,4.940000,4.970000,4.890000,4.950000,4.317501,154700
2021-08-13,4.910000,4.945000,4.630000,4.700000,4.099446,384000
2021-08-16,4.630000,4.940000,4.520000,4.870000,4.247725,354800
2021-08-17,4.830000,4.860000,4.710000,4.830000,4.212835,109600
2021-08-18,4.770000,4.920000,4.760000,4.820000,4.204113,128900
2021-08-19,4.750000,4.810000,4.640000,4.810000,4.195391,141900
2021-08-20,4.810000,4.890000,4.770000,4.880000,4.256446,192600
2021-08-23,4.920000,4.940000,4.756000,4.800000,4.186669,216200
2021-08-24,4.800000,4.865000,4.700000,4.810000,4.195391,1407300
2021-08-25,4.810000,4.850000,4.740000,4.800000,4.186669,210700
2021-08-26,4.830000,4.830000,4.650000,4.820000,4.204113,190800
2021-08-27,4.840000,4.970000,4.800000,4.850000,4.230280,591600
2021-08-30,4.900000,4.940000,4.780000,4.850000,4.230280,467200
2021-08-31,4.830000,4.910000,4.775000,4.900000,4.304958,315700
2021-09-01,4.910000,5.180000,4.820000,5.080000,4.463100,940400
2021-09-02,5.120000,5.190000,4.960000,5.070000,4.454313,729500
2021-09-03,5.050000,5.300000,5.040000,5.280000,4.638812,374800
2021-09-07,5.340000,5.864000,5.230000,5.690000,4.999023,2379100
2021-09-08,5.810000,6.200000,5.110000,5.290000,4.647597,1500400
2021-09-09,5.280000,5.580000,5.140000,5.380000,4.726668,567200
2021-09-10,5.450000,5.600000,5.290000,5.380000,4.726668,457900
2021-09-13,5.430000,5.690000,5.350000,5.600000,4.919952,532500
2021-09-14,5.640000,5.640000,5.400000,5.500000,4.832097,324600
2021-09-15,5.530000,5.712000,5.403000,5.560000,4.884809,497800
2021-09-16,5.600000,5.900000,5.600000,5.850000,5.139592,567200
2021-09-17,5.950000,6.000000,5.510000,5.540000,4.867239,1295800
2021-09-20,5.220000,5.220000,4.700000,4.850000,4.261030,1345000
2021-09-21,5.050000,5.050000,4.510000,4.640000,4.076532,1257600
2021-09-22,4.760000,4.940000,4.600000,4.860000,4.269815,509000
2021-09-23,4.960000,4.970000,4.860000,4.940000,4.340100,388200
2021-09-24,4.900000,5.170000,4.880000,5.100000,4.480670,368900
2021-09-27,5.060000,5.230000,5.060000,5.180000,4.550955,313400
2021-09-28,5.220000,5.300000,5.000000,5.110000,4.489456,324700
2021-09-29,5.150000,5.186000,4.970000,5.040000,4.427957,243500
2021-09-30,5.050000,5.120000,4.950000,5.050000,4.436742,160400
2021-10-01,5.080000,5.300000,5.060000,5.240000,4.603669,230400
2021-10-04,5.290000,5.325000,4.980000,5.000000,4.392814,320100
2021-10-05,5.080000,5.260000,5.010000,5.180000,4.550955,234800
2021-10-06,5.020000,5.200000,4.960000,5.140000,4.515813,292700
2021-10-07,5.240000,5.370000,5.160000,5.200000,4.568527,289000
2021-10-08,5.240000,5.240000,4.970000,5.080000,4.463100,234100
2021-10-11,5.120000,5.276000,5.100000,5.130000,4.507027,216700
2021-10-12,5.120000,5.140000,4.970000,5.020000,4.410386,236800
2021-10-13,5.020000,5.080000,4.620000,4.820000,4.234673,998700
2021-10-14,4.730000,4.750000,4.370000,4.450000,3.909604,812800
2021-10-15,4.450000,4.615000,4.380000,4.520000,3.971104,237400
2021-10-18,4.460000,4.626000,4.420000,4.600000,4.041389,251100
2021-10-19,4.640000,4.800000,4.620000,4.700000,4.129245,253400
2021-10-20,4.670000,4.670000,4.530000,4.670000,4.102889,229100
2021-10-21,4.650000,4.650000,4.530000,4.580000,4.023818,162300
2021-10-22,4.560000,4.590000,4.450000,4.510000,3.962319,221100
2021-10-25,4.510000,4.620000,4.500000,4.590000,4.032603,199300
2021-10-26,4.550000,4.550000,4.360000,4.400000,3.865676,313700
2021-10-27,4.380000,4.490000,4.350000,4.370000,3.839319,227000
2021-10-28,4.400000,4.510000,4.390000,4.500000,3.953532,142000
2021-10-29,4.530000,4.560000,4.390000,4.520000,3.971104,214700
2021-11-01,4.520000,4.630000,4.470000,4.570000,4.015032,202900
2021-11-02,4.520000,4.570000,4.330000,4.570000,4.015032,347400
2021-11-03,4.590000,4.640000,4.470000,4.610000,4.050174,256800
2021-11-04,4.620000,4.640000,4.360000,4.430000,3.892033,467500
2021-11-05,4.440000,4.470000,4.350000,4.410000,3.874461,268600
2021-11-08,4.430000,4.480000,4.350000,4.410000,3.874461,235500
2021-11-09,4.440000,4.533000,4.430000,4.500000,3.953532,371500
2021-11-10,4.740000,4.750000,4.450000,4.640000,4.076532,1075700
2021-11-11,4.620000,4.620000,4.460000,4.540000,3.988675,285300
2021-11-12,4.540000,4.540000,4.350000,4.380000,3.848105,298800
2021-11-15,4.420000,4.450000,4.210000,4.270000,3.751463,551800
2021-11-16,4.220000,4.230000,3.900000,3.940000,3.461538,650800
2021-11-17,3.950000,3.960000,3.800000,3.810000,3.347324,262500
2021-11-18,3.850000,3.990000,3.750000,3.910000,3.435181,343000
2021-11-19,3.950000,3.950000,3.850000,3.910000,3.435181,266500
2021-11-22,3.950000,4.060000,3.890000,3.910000,3.435181,295600
2021-11-23,3.910000,3.990000,3.880000,3.980000,3.496680,287800
2021-11-24,3.990000,4.110000,3.930000,4.110000,3.610893,304500
2021-11-26,3.970000,3.980000,3.840000,3.940000,3.461538,194100
2021-11-29,4.000000,4.055000,3.890000,4.020000,3.531822,214300
2021-11-30,3.960000,3.960000,3.720000,3.820000,3.385587,221900
2021-12-01,3.850000,3.880000,3.600000,3.700000,3.279233,240100
2021-12-02,3.690000,3.768000,3.610000,3.720000,3.296958,235500
2021-12-03,3.790000,3.810000,3.700000,3.780000,3.350135,211000
2021-12-06,3.830000,3.900000,3.780000,3.890000,3.447626,189200
2021-12-07,3.910000,4.090000,3.910000,4.080000,3.616019,187600
2021-12-08,4.110000,4.150000,4.020000,4.100000,3.633744,149000
2021-12-09,4.040000,4.040000,3.890000,3.920000,3.474215,100300
2021-12-10,3.940000,3.958000,3.810000,3.830000,3.394449,74600
2021-12-13,3.800000,3.870000,3.675000,3.730000,3.305821,113500
2021-12-14,3.730000,3.740000,3.600000,3.660000,3.243782,162500
2021-12-15,3.660000,3.740000,3.470000,3.720000,3.296958,276100
2021-12-16,3.720000,3.810000,3.670000,3.670000,3.252645,161800
2021-12-17,3.710000,3.740000,3.570000,3.670000,3.252645,252800
2021-12-20,3.610000,3.610000,3.420000,3.510000,3.110840,217300
2021-12-21,3.510000,3.630000,3.510000,3.560000,3.155154,111200
2021-12-22,3.510000,3.650000,3.510000,3.620000,3.208330,175300
2021-12-23,3.640000,3.780000,3.620000,3.710000,3.288095,94000
2021-12-27,3.700000,3.720000,3.640000,3.690000,3.270371,139400
2021-12-28,3.650000,3.870000,3.620000,3.750000,3.323547,185600
2021-12-29,3.780000,3.830000,3.670000,3.710000,3.288095,191600
2021-12-30,3.700000,3.770000,3.620000,3.720000,3.296958,291700
2021-12-31,3.720000,3.810000,3.650000,3.780000,3.350135,213300
2022-01-03,3.800000,3.909000,3.780000,3.850000,3.412175,102700
2022-01-04,3.870000,4.029000,3.815000,3.980000,3.527391,228200
2022-01-05,3.990000,4.040000,3.890000,3.890000,3.447626,121600
2022-01-06,3.920000,3.980000,3.900000,3.920000,3.474215,115600
2022-01-07,3.970000,4.050000,3.930000,3.960000,3.509666,84700
2022-01-10,3.970000,3.970000,3.770000,3.780000,3.350135,165200
2022-01-11,3.800000,4.000000,3.750000,3.950000,3.500803,203900
2022-01-12,4.000000,4.000000,3.900000,3.960000,3.509666,159900
2022-01-13,3.960000,3.981000,3.900000,3.950000,3.500803,74800
2022-01-14,3.910000,4.000000,3.870000,3.990000,3.536254,100800
2022-01-18,3.980000,4.010000,3.910000,3.970000,3.518529,100000
2022-01-19,3.990000,4.000000,3.830000,3.870000,3.429900,123200
2022-01-20,3.910000,3.976000,3.850000,3.940000,3.491940,181200
2022-01-21,3.910000,3.920000,3.750000,3.760000,3.332410,217800
2022-01-24,3.780000,3.850000,3.595000,3.830000,3.394449,305300
2022-01-25,3.830000,3.950000,3.720000,3.890000,3.447626,77300
2022-01-26,3.940000,4.000000,3.780000,3.810000,3.376724,102000
2022-01-27,3.810000,3.916000,3.805000,3.870000,3.429900,47400
2022-01-28,3.870000,3.950000,3.829000,3.920000,3.474215,90500
2022-01-31,3.890000,4.030000,3.840000,4.000000,3.545116,130300
2022-02-01,4.090000,4.390000,4.070000,4.380000,3.881903,280700
2022-02-02,4.340000,4.500000,4.225000,4.340000,3.846452,148900
2022-02-03,4.350000,4.400000,4.220000,4.250000,3.766687,96300
2022-02-04,4.260000,4.340000,4.170000,4.280000,3.793275,72400
2022-02-07,4.310000,4.510000,4.310000,4.440000,3.935079,115200
2022-02-08,4.470000,4.520000,4.400000,4.430000,3.926216,91000
2022-02-09,4.480000,4.670000,4.460000,4.660000,4.130061,164800
2022-02-10,4.670000,4.750000,4.538000,4.620000,4.094610,243100
2022-02-11,4.600000,4.660000,4.430000,4.470000,3.961667,137800
2022-02-14,4.410000,4.590000,4.330000,4.520000,4.005982,122200
2022-02-15,4.580000,4.650000,4.520000,4.540000,4.023707,116700
2022-02-16,4.520000,4.690000,4.500000,4.680000,4.147786,114900
2022-02-17,4.690000,4.790000,4.630000,4.770000,4.227551,210600
2022-02-18,4.820000,5.090000,4.780000,4.810000,4.263003,277500
2022-02-22,4.800000,5.100000,4.800000,5.080000,4.502299,669000
2022-02-23,5.740000,5.849000,4.960000,5.020000,4.449121,1371400
2022-02-24,4.590000,5.040000,4.510000,4.990000,4.422532,423500
2022-02-25,4.990000,5.117000,4.610000,4.880000,4.325042,589100
2022-02-28,4.950000,5.330000,4.950000,5.080000,4.548906,816800
2022-03-01,5.120000,5.240000,4.900000,5.000000,4.477270,478800
2022-03-02,5.020000,5.190000,4.983000,5.090000,4.557861,640300
2022-03-03,5.160000,5.290000,5.020000,5.180000,4.638451,713900
2022-03-04,5.240000,5.240000,5.030000,5.210000,4.665315,355900
2022-03-07,5.180000,5.420000,4.980000,5.070000,4.539951,687800
2022-03-08,5.190000,5.190000,5.030000,5.110000,4.575770,212000
2022-03-09,5.110000,5.390000,5.110000,5.340000,4.781724,362100
2022-03-10,5.330000,5.600000,5.290000,5.470000,4.898133,430400
2022-03-11,5.540000,5.980000,5.540000,5.630000,5.041406,1002300
2022-03-14,5.840000,5.850000,4.940000,4.990000,4.468314,832900
2022-03-15,5.150000,5.500000,5.020000,5.400000,4.835451,828400
2022-03-16,5.600000,5.900000,5.490000,5.900000,5.283178,1318200
2022-03-17,5.720000,5.830000,5.010000,5.220000,4.674269,1799800
2022-03-18,5.270000,5.530000,5.220000,5.350000,4.790679,802600
2022-03-21,5.370000,5.650000,5.360000,5.630000,5.041406,776100
2022-03-22,5.620000,5.790000,5.600000,5.680000,5.086179,505300
2022-03-23,5.720000,5.830000,5.580000,5.800000,5.193633,657200
2022-03-24,5.840000,5.860000,5.630000,5.660000,5.068269,556300
2022-03-25,5.630000,5.670000,5.470000,5.570000,4.987679,659900
2022-03-28,5.610000,5.749000,5.550000,5.630000,5.041406,573000
2022-03-29,5.670000,5.700000,5.500000,5.680000,5.086179,356000
2022-03-30,5.650000,5.780000,5.600000,5.690000,5.095133,235600
2022-03-31,5.690000,5.720000,5.560000,5.560000,4.978724,217400
2022-04-01,5.570000,5.605000,5.230000,5.280000,4.727997,515500
2022-04-04,5.280000,5.280000,4.860000,4.990000,4.468314,803600
2022-04-05,5.020000,5.020000,4.800000,4.850000,4.342952,497700
2022-04-06,4.840000,4.840000,4.590000,4.760000,4.262361,477900
2022-04-07,4.710000,4.790000,4.640000,4.750000,4.253406,294600
2022-04-08,4.720000,4.960000,4.710000,4.900000,4.387724,228600
2022-04-11,4.840000,4.840000,4.670000,4.720000,4.226542,487900
2022-04-12,4.760000,4.820000,4.695000,4.780000,4.280271,258500
2022-04-13,4.800000,4.990000,4.800000,4.930000,4.414588,153300
2022-04-14,4.980000,5.240000,4.980000,5.240000,4.692178,291500
2022-04-18,5.240000,5.460000,5.070000,5.360000,4.799633,361300
2022-04-19,5.320000,5.475000,5.290000,5.420000,4.853361,209200
2022-04-20,5.460000,5.460000,5.250000,5.330000,4.772769,292300
2022-04-21,5.340000,5.402000,4.965000,4.990000,4.468314,301800
2022-04-22,5.000000,5.140000,4.970000,5.010000,4.486224,267600
2022-04-25,4.990000,4.990000,4.620000,4.700000,4.208633,439400
2022-04-26,4.710000,4.790000,4.640000,4.720000,4.226542,161800
2022-04-27,4.770000,4.980000,4.765000,4.950000,4.432497,260300
2022-04-28,5.000000,5.040000,4.870000,4.950000,4.432497,163400
2022-04-29,4.970000,4.980000,4.750000,4.780000,4.280271,244200
2022-05-02,4.740000,4.830000,4.710000,4.790000,4.289224,279600
2022-05-03,4.860000,5.050000,4.860000,4.990000,4.468314,177400
2022-05-04,5.010000,5.080000,4.910000,4.980000,4.459361,195800
2022-05-05,4.940000,5.130000,4.890000,5.110000,4.575770,175600
2022-05-06,5.140000,5.187000,4.985000,5.090000,4.557861,147100
2022-05-09,4.990000,5.030000,4.650000,4.820000,4.316088,386600
2022-05-10,4.890000,4.990000,4.720000,4.810000,4.307134,185600
2022-05-11,5.000000,5.360000,4.980000,5.270000,4.719042,430300
2022-05-12,5.240000,5.288000,4.910000,5.140000,4.602633,279900
2022-05-13,5.190000,5.280000,5.180000,5.190000,4.647405,337100
2022-05-16,5.280000,5.730000,5.280000,5.510000,4.933950,624700
2022-05-17,5.720000,6.000000,5.720000,5.850000,5.238405,574900
2022-05-18,5.870000,6.100000,5.740000,5.860000,5.247360,463800
2022-05-19,5.760000,5.980000,5.610000,5.830000,5.220497,334200
2022-05-20,5.900000,6.050000,5.820000,5.960000,5.336905,376100
2022-05-23,6.080000,6.630000,6.030000,6.630000,5.936859,1534600
2022-05-24,6.610000,6.680000,6.200000,6.200000,5.551815,668600
2022-05-25,6.200000,6.650000,6.000000,6.580000,5.892087,735300
2022-05-26,6.570000,6.660000,6.360000,6.570000,5.883132,398900
2022-05-27,6.640000,6.640000,6.260000,6.440000,5.766724,465000
2022-05-31,6.550000,6.830000,6.510000,6.710000,6.079295,708100
2022-06-01,6.840000,6.980000,6.590000,6.840000,6.197076,768000
2022-06-02,6.780000,6.860000,6.620000,6.750000,6.115535,477300
2022-06-03,6.820000,7.050000,6.660000,6.900000,6.251436,471600
2022-06-06,6.980000,7.020000,6.560000,6.580000,5.961515,547700
2022-06-07,6.580000,6.890000,6.340000,6.800000,6.160836,625900
2022-06-08,6.800000,6.800000,6.141000,6.300000,5.707833,696500
2022-06-09,6.310000,6.390000,5.820000,5.880000,5.327311,624300
2022-06-10,5.840000,6.130000,5.770000,6.040000,5.472271,445900
2022-06-13,5.760000,5.890000,5.570000,5.700000,5.164230,640900
2022-06-14,5.860000,5.980000,5.745000,5.770000,5.227650,372100
2022-06-15,5.770000,5.770000,5.560000,5.610000,5.082690,331400
2022-06-16,5.485000,5.580000,5.215000,5.300000,4.801828,508100
2022-06-17,5.290000,5.370000,5.210000,5.320000,4.819948,380500
2022-06-21,5.370000,5.570000,5.280000,5.420000,4.910549,327400
2022-06-22,5.300000,5.350000,5.160000,5.170000,4.684048,303900
2022-06-23,5.130000,5.190000,5.010000,5.080000,4.602507,394000
2022-06-24,5.090000,5.229000,5.021000,5.150000,4.665927,298500
2022-06-27,5.160000,5.440000,5.160000,5.410000,4.901488,331500
2022-06-28,5.500000,5.535000,5.352000,5.410000,4.901488,310900
2022-06-29,5.400000,5.400000,5.112000,5.150000,4.665927,190700
2022-06-30,5.050000,5.170000,5.040000,5.080000,4.602507,176000
2022-07-01,5.145000,5.145000,4.860000,5.030000,4.557207,268800
2022-07-05,4.930000,4.930000,4.751000,4.930000,4.466606,410200
2022-07-06,4.860000,4.900000,4.730000,4.800000,4.348825,412800
2022-07-07,4.940000,5.140000,4.910000,4.970000,4.502846,218200
2022-07-08,4.940000,5.020000,4.880000,4.950000,4.484725,145700
2022-07-11,4.910000,4.930000,4.760000,4.810000,4.357885,202500
2022-07-12,4.680000,4.687000,4.450000,4.520000,4.095144,538600
2022-07-13,4.510000,4.570000,4.350000,4.420000,4.004543,335800
2022-07-14,4.380000,4.390000,4.230000,4.380000,3.968303,239900
2022-07-15,4.390000,4.560000,4.330000,4.530000,4.104203,156200
2022-07-18,4.530000,4.660000,4.520000,4.550000,4.122324,207400
2022-07-19,4.600000,4.640000,4.560000,4.620000,4.185744,271900
2022-07-20,4.670000,4.670000,4.560000,4.630000,4.194805,318500
2022-07-21,4.590000,4.730000,4.505000,4.720000,4.276345,252700
2022-07-22,4.740000,4.830000,4.610000,4.680000,4.240104,118200
2022-07-25,4.680000,4.795000,4.450000,4.760000,4.312585,366000
2022-07-26,4.750000,4.900000,4.690000,4.830000,4.376005,168000
2022-07-27,4.890000,5.180000,4.850000,5.150000,4.665927,317400
2022-07-28,5.170000,5.204000,5.040000,5.090000,4.611567,113600
2022-07-29,5.150000,5.190000,5.024000,5.080000,4.602507,106900
2022-08-01,5.080000,5.319000,5.025000,5.170000,4.684048,389500
2022-08-02,5.190000,5.220000,5.000000,5.020000,4.548146,183000
2022-08-03,5.210000,5.210000,4.858000,4.910000,4.448485,233900
2022-08-04,4.910000,4.910000,4.590000,4.590000,4.158564,260000
2022-08-05,4.610000,4.860000,4.610000,4.800000,4.348825,186600
2022-08-08,4.850000,5.050000,4.850000,5.050000,4.575326,165900
2022-08-09,5.040000,5.040000,4.850000,4.850000,4.394126,176300
2022-08-10,5.270000,5.790000,5.210000,5.550000,5.028329,542300
2022-08-11,5.660000,5.690000,5.410000,5.480000,4.964909,223800
2022-08-12,5.520000,5.690000,5.440000,5.660000,5.127989,234700
2022-08-15,5.530000,5.616000,5.250000,5.480000,4.964909,310200
2022-08-16,5.500000,5.500000,5.350000,5.400000,4.892428,124300
2022-08-17,5.260000,5.290000,5.170000,5.240000,4.747467,135700
2022-08-18,5.240000,5.290000,5.165000,5.240000,4.747467,243800
2022-08-19,5.120000,5.190000,5.040000,5.060000,4.584386,216400
2022-08-22,5.080000,5.080000,4.890000,5.070000,4.593446,330900
2022-08-23,5.110000,5.300000,5.090000,5.120000,4.638747,142300
2022-08-24,5.070000,5.200000,5.038000,5.170000,4.684048,219000
2022-08-25,5.255000,5.255000,5.085000,5.220000,4.729347,111100
2022-08-26,5.210000,5.240000,5.072000,5.190000,4.702167,135900
2022-08-29,5.180000,5.300000,5.120000,5.170000,4.684048,134300
2022-08-30,5.170000,5.170000,4.910000,5.000000,4.530026,236000
2022-08-31,5.000000,5.060000,4.920000,5.010000,4.608209,234500
2022-09-01,4.970000,5.103000,4.800000,4.850000,4.461041,197500
2022-09-02,4.830000,4.915000,4.800000,4.890000,4.497833,177900
2022-09-06,4.850000,4.950000,4.800000,4.850000,4.461041,241000
2022-09-07,4.800000,4.935000,4.795000,4.900000,4.507031,188600
2022-09-08,4.900000,4.900000,4.790000,4.820000,4.433447,125900
2022-09-09,4.880000,5.020000,4.845000,5.000000,4.599011,144000
2022-09-12,5.050000,5.150000,5.020000,5.030000,4.626606,94400
2022-09-13,4.950000,5.120000,4.902000,4.950000,4.553020,105700
2022-09-14,4.940000,5.070000,4.920000,4.930000,4.534625,140600
2022-09-15,4.910000,5.030000,4.890000,5.000000,4.599011,138500
2022-09-16,5.030000,5.030000,4.680000,4.700000,4.323071,662300
2022-09-19,4.760000,4.850000,4.590000,4.790000,4.405853,157400
2022-09-20,4.820000,4.840000,4.760000,4.790000,4.405853,117800
2022-09-21,4.850000,4.850000,4.692000,4.700000,4.323071,93400
2022-09-22,4.720000,4.760000,4.650000,4.700000,4.323071,124600
2022-09-23,4.620000,4.700000,4.420000,4.550000,4.185100,305700
2022-09-26,4.520000,4.580000,4.408000,4.440000,4.083922,112800
2022-09-27,4.450000,4.550000,4.430000,4.500000,4.139110,75800
2022-09-28,4.560000,4.630000,4.465000,4.570000,4.203496,114900
2022-09-29,4.490000,4.540000,4.412000,4.510000,4.148308,150200
2022-09-30,4.500000,4.695000,4.500000,4.620000,4.249486,169900
2022-10-03,4.710000,4.763000,4.621000,4.660000,4.286278,174800
2022-10-04,4.700000,4.800000,4.700000,4.760000,4.378259,97500
2022-10-05,4.730000,4.810000,4.690000,4.800000,4.415051,95700
2022-10-06,4.750000,4.840000,4.740000,4.820000,4.433447,71700
2022-10-07,4.800000,4.850000,4.665000,4.710000,4.332269,96200
2022-10-10,4.700000,4.790000,4.500000,4.560000,4.194298,124800
2022-10-11,4.520000,4.580000,4.400000,4.480000,4.120714,107900
2022-10-12,4.600000,4.635000,4.395000,4.590000,4.221892,107800
2022-10-13,4.590000,4.760000,4.540000,4.700000,4.323071,71600
2022-10-14,4.720000,4.800000,4.660000,4.700000,4.323071,114300
2022-10-17,4.700000,4.790000,4.640000,4.730000,4.350665,89200
2022-10-18,4.710000,4.870000,4.710000,4.810000,4.424249,119000
2022-10-19,4.800000,4.886000,4.780000,4.870000,4.479437,92500
2022-10-20,4.870000,4.920000,4.839000,4.890000,4.497833,88300
2022-10-21,4.900000,4.990000,4.865000,4.970000,4.571417,157700
2022-10-24,4.980000,5.000000,4.905000,4.960000,4.562219,94600
2022-10-25,4.980000,5.140000,4.980000,5.130000,4.718585,75700
2022-10-26,5.250000,5.320000,5.130000,5.150000,4.736982,125200
2022-10-27,5.210000,5.250000,4.850000,4.850000,4.461041,117100
2022-10-28,4.830000,4.890000,4.730000,4.860000,4.470239,154900
2022-10-31,4.900000,4.930000,4.750000,4.830000,4.442645,228900
2022-11-01,4.890000,4.890000,4.810000,4.860000,4.470239,97000
2022-11-02,4.870000,4.930000,4.730000,4.750000,4.369061,129900
2022-11-03,4.720000,4.760000,4.570000,4.690000,4.313872,144200
2022-11-04,4.760000,4.920000,4.760000,4.910000,4.516229,78400
2022-11-07,4.960000,5.170000,4.930000,5.100000,4.690991,85400
2022-11-08,5.100000,5.240000,5.100000,5.140000,4.727784,109700
2022-11-09,5.140000,5.240000,5.130000,5.160000,4.746180,85000
2022-11-10,5.060000,5.100000,4.680000,4.900000,4.507031,406900
2022-11-11,4.890000,5.100000,4.880000,5.070000,4.663397,124700
2022-11-14,5.130000,5.200000,5.050000,5.060000,4.654200,273100
2022-11-15,5.040000,5.225000,5.020000,5.070000,4.663397,142600
2022-11-16,5.020000,5.046000,4.760000,4.790000,4.405853,153400
2022-11-17,4.820000,4.840000,4.660000,4.770000,4.387456,99500
2022-11-18,4.760000,4.900000,4.760000,4.830000,4.442645,113300
2022-11-21,4.840000,4.910000,4.775000,4.890000,4.497833,103700
2022-11-22,4.920000,4.970000,4.850000,4.910000,4.516229,84400
2022-11-23,4.910000,4.945000,4.870000,4.930000,4.534625,166800
2022-11-25,4.950000,5.140000,4.950000,5.060000,4.654200,74100
2022-11-28,5.050000,5.220000,5.020000,5.140000,4.727784,140300
2022-11-29,5.180000,5.350000,5.123000,5.170000,4.755378,126800
2022-11-30,5.080000,5.170000,5.030000,5.130000,4.811654,117700
2022-12-01,5.110000,5.290000,5.030000,5.130000,4.811654,122200
2022-12-02,5.120000,5.140000,5.018000,5.070000,4.755378,82700
2022-12-05,5.030000,5.150000,4.961000,5.080000,4.764757,114800
2022-12-06,5.040000,5.065000,4.950000,5.010000,4.699101,39400
2022-12-07,5.000000,5.000000,4.810000,4.880000,4.577168,107400
2022-12-08,4.900000,5.000000,4.870000,4.920000,4.614686,77900
2022-12-09,4.900000,4.970000,4.840000,4.900000,4.595927,91000
2022-12-12,4.900000,5.040000,4.900000,5.020000,4.708480,103000
2022-12-13,5.050000,5.190000,4.970000,5.000000,4.689722,90200
2022-12-14,5.010000,5.060000,4.930000,5.000000,4.689722,68200
2022-12-15,4.930000,5.000000,4.900000,4.950000,4.642824,87000
2022-12-16,4.900000,5.020000,4.900000,5.010000,4.699101,141400
2022-12-19,5.000000,5.130000,4.840000,4.900000,4.595927,144100
2022-12-20,4.890000,5.080000,4.880000,5.060000,4.745998,125000
2022-12-21,5.100000,5.240000,5.090000,5.180000,4.858552,84100
2022-12-22,5.100000,5.100000,4.940000,5.040000,4.727240,127900
2022-12-23,5.000000,5.250000,5.000000,5.220000,4.896069,71100
2022-12-27,5.220000,5.250000,5.112000,5.210000,4.886690,84200
2022-12-28,5.230000,5.242000,5.030000,5.060000,4.745998,66700
2022-12-29,5.080000,5.210000,5.080000,5.170000,4.849172,49500
2022-12-30,5.160000,5.210000,5.040000,5.150000,4.830413,114000
2023-01-03,5.230000,5.540000,5.230000,5.410000,5.074279,212800
2023-01-04,5.460000,5.460000,5.290000,5.320000,4.989864,150900
2023-01-05,5.270000,5.360000,5.180000,5.320000,4.989864,101000
2023-01-06,5.370000,5.500000,5.370000,5.470000,5.130556,136200
2023-01-09,5.460000,5.500000,5.280000,5.330000,4.999243,212800
2023-01-10,5.330000,5.570000,5.330000,5.450000,5.111796,264700
2023-01-11,5.500000,5.630000,5.479000,5.580000,5.233729,227500
2023-01-12,5.600000,5.840000,5.580000,5.670000,5.318144,253500
2023-01-13,5.660000,5.690000,5.560000,5.680000,5.327524,89200
2023-01-17,5.750000,5.925000,5.750000,5.810000,5.449456,194000
2023-01-18,5.770000,5.930000,5.730000,5.740000,5.383801,134700
2023-01-19,5.720000,5.775000,5.570000,5.760000,5.402560,136600
2023-01-20,5.790000,5.990000,5.780000,5.960000,5.590148,166600
2023-01-23,6.000000,6.000000,5.820000,5.820000,5.458836,186200
2023-01-24,5.820000,5.960000,5.760000,5.890000,5.524491,135900
2023-01-25,5.830000,5.940000,5.790000,5.840000,5.477595,178800
2023-01-26,5.880000,5.920000,5.622000,5.730000,5.374421,234400
2023-01-27,5.730000,5.830000,5.680000,5.800000,5.440078,181000
2023-01-30,5.920000,6.100000,5.910000,5.920000,5.552630,291600
2023-01-31,5.940000,6.100000,5.940000,6.070000,5.693322,220700
2023-02-01,6.120000,6.240000,5.990000,6.040000,5.665184,301100
2023-02-02,6.070000,6.130000,6.010000,6.020000,5.646425,228100
2023-02-03,6.000000,6.090000,5.980000,6.020000,5.646425,170300
2023-02-06,6.080000,6.080000,5.920000,6.010000,5.637045,205400
2023-02-07,6.000000,6.090000,5.950000,6.020000,5.646425,245100
2023-02-08,6.020000,6.300000,6.000000,6.120000,5.740219,310100
2023-02-09,6.180000,6.540000,6.140000,6.290000,5.899670,354400
2023-02-10,6.250000,6.290000,6.100000,6.150000,5.768358,208100
2023-02-13,6.150000,6.210000,6.120000,6.190000,5.805875,211000
2023-02-14,6.150000,6.330000,6.125000,6.240000,5.852772,282400
2023-02-15,6.220000,6.290000,6.110000,6.140000,5.758978,107800
2023-02-16,6.130000,6.290000,6.090000,6.180000,5.796496,188200
2023-02-17,6.200000,6.280000,6.120000,6.150000,5.768358,216100
2023-02-21,6.100000,6.150000,6.020000,6.090000,5.712081,249100
2023-02-22,6.090000,6.300000,6.090000,6.300000,5.909050,268600
2023-02-23,6.370000,6.690000,6.369000,6.680000,6.265468,284800
2023-02-24,6.600000,6.600000,6.430000,6.490000,6.087258,176900
2023-02-27,6.560000,6.940000,6.530000,6.680000,6.265468,412900
2023-02-28,6.580000,6.750000,6.513000,6.640000,6.322600,302400
2023-03-01,6.640000,6.700000,6.510000,6.540000,6.227380,146700
2023-03-02,6.400000,6.650000,6.290000,6.630000,6.313078,268600
2023-03-03,6.630000,6.795000,6.520000,6.790000,6.465430,304200
2023-03-06,6.840000,7.120000,6.730000,7.010000,6.674914,519400
2023-03-07,6.990000,7.020000,6.900000,7.000000,6.665391,205500
2023-03-08,6.990000,6.990000,6.870000,6.950000,6.617782,229400
2023-03-09,6.950000,7.010000,6.660000,6.680000,6.360688,244500
2023-03-10,6.630000,6.630000,6.490000,6.530000,6.217858,221900
2023-03-13,6.330000,6.340000,5.920000,5.930000,5.646539,484700
2023-03-14,5.910000,6.319000,5.903000,6.200000,5.903632,315600
2023-03-15,6.040000,6.180000,5.950000,6.050000,5.760803,211900
2023-03-16,5.740000,5.892000,5.070000,5.740000,5.465621,583000
2023-03-17,5.600000,5.600000,5.340000,5.530000,5.265659,555700
2023-03-20,5.460000,5.490000,5.130000,5.220000,4.970478,388700
2023-03-21,5.070000,5.530000,5.060000,5.500000,5.237093,265400
2023-03-22,5.500000,5.625000,5.420000,5.510000,5.246615,155300
2023-03-23,5.530000,5.740000,5.530000,5.625000,5.356118,154800
2023-03-24,5.590000,5.775000,5.520000,5.750000,5.475143,136400
2023-03-27,5.800000,5.800000,5.625000,5.750000,5.475143,166700
2023-03-28,5.760000,5.810000,5.690000,5.700000,5.427533,133900
2023-03-29,5.750000,5.810000,5.650000,5.710000,5.437055,108100
2023-03-30,5.710000,5.790000,5.660000,5.750000,5.475143,253600
2023-03-31,5.800000,5.900000,5.750000,5.870000,5.589407,202500
2023-04-03,5.840000,5.840000,5.550000,5.670000,5.398967,289800
2023-04-04,5.670000,5.675000,5.230000,5.460000,5.199006,357300
2023-04-05,5.460000,5.535000,5.410000,5.530000,5.265659,168600
2023-04-06,5.530000,5.579000,5.480000,5.510000,5.246615,103300
2023-04-10,5.530000,5.815000,5.500000,5.760000,5.484665,176700
2023-04-11,5.770000,5.880000,5.765000,5.820000,5.541797,136400
2023-04-12,5.880000,6.050000,5.820000,6.020000,5.732236,163400
2023-04-13,6.020000,6.105000,6.010000,6.040000,5.751281,112700
2023-04-14,6.020000,6.200000,6.020000,6.190000,5.894111,114300
2023-04-17,6.200000,6.500000,6.190000,6.450000,6.141682,196300
2023-04-18,6.470000,6.480000,6.310000,6.340000,6.036940,110500
2023-04-19,6.340000,6.360000,6.230000,6.330000,6.027419,93300
2023-04-20,6.320000,6.390000,6.210000,6.260000,5.960765,130600
2023-04-21,6.220000,6.220000,6.120000,6.180000,5.884588,146200
2023-04-24,6.190000,6.450000,6.160000,6.420000,6.113116,135300
2023-04-25,6.330000,6.330000,6.090000,6.180000,5.884588,201800
2023-04-26,6.140000,6.210000,6.055000,6.070000,5.779847,116900
2023-04-27,6.070000,6.220000,6.070000,6.180000,5.884588,144700
2023-04-28,6.200000,6.295000,6.180000,6.210000,5.913154,90300
2023-05-01,6.250000,6.350000,6.075000,6.170000,5.875066,144600
2023-05-02,6.170000,6.190000,6.010000,6.040000,5.751281,107300
2023-05-03,6.100000,6.290000,6.040000,6.150000,5.856023,191000
2023-05-04,6.130000,6.150000,5.720000,5.780000,5.503709,170500
2023-05-05,6.020000,6.080000,5.940000,6.010000,5.722715,146000
2023-05-08,6.070000,6.125000,6.010000,6.080000,5.789369,136800
2023-05-09,6.050000,6.110000,6.010000,6.050000,5.760803,134300
2023-05-10,6.050000,6.070000,5.925000,6.030000,5.741759,103900
2023-05-11,6.150000,6.300000,6.080000,6.120000,5.827456,118200
2023-05-12,6.150000,6.230000,6.060000,6.120000,5.827456,87200
2023-05-15,6.090000,6.160000,6.030000,6.140000,5.846500,126900
2023-05-16,6.070000,6.150000,5.850000,5.850000,5.570363,143200
2023-05-17,5.840000,6.090000,5.840000,6.070000,5.779847,160000
2023-05-18,6.070000,6.070000,5.865000,5.990000,5.703670,139700
2023-05-19,6.020000,6.090000,5.980000,6.070000,5.779847,120000
2023-05-22,6.090000,6.140000,6.020000,6.075000,5.784607,126500
2023-05-23,6.080000,6.190000,6.050000,6.060000,5.770325,89100
2023-05-24,6.000000,6.000000,5.825000,5.850000,5.570363,233000
2023-05-25,5.900000,5.950000,5.810000,5.860000,5.579885,161000
2023-05-26,5.970000,5.985000,5.840000,5.850000,5.570363,123600
2023-05-30,5.860000,5.930000,5.740000,5.860000,5.579885,184300
2023-05-31,5.820000,5.860000,5.710000,5.740000,5.560510,224500
2023-06-01,5.730000,5.975000,5.730000,5.940000,5.754257,172100
2023-06-02,5.970000,6.190000,5.970000,6.130000,5.938315,130700
2023-06-05,6.160000,6.300000,6.110000,6.250000,6.054563,155100
2023-06-06,6.250000,6.340000,6.140000,6.190000,5.996439,239800
2023-06-07,6.220000,6.280000,6.159000,6.200000,6.006126,172400
2023-06-08,6.220000,6.290000,6.175000,6.270000,6.073937,159900
2023-06-09,6.290000,6.365000,6.215000,6.230000,6.035188,124600
2023-06-12,6.240000,6.270000,6.140000,6.230000,6.035188,168900
2023-06-13,6.290000,6.460000,6.275000,6.370000,6.170810,239600
2023-06-14,6.390000,6.491000,6.330000,6.350000,6.151435,144200
2023-06-15,6.360000,6.470000,6.280000,6.280000,6.083625,264800
2023-06-16,6.340000,6.730000,6.235000,6.720000,6.509865,630400
2023-06-20,6.730000,6.955000,6.560000,6.930000,6.713299,466900
2023-06-21,6.850000,7.240000,6.850000,7.110000,6.887671,535400
2023-06-22,7.000000,7.160000,6.880000,7.090000,6.868296,380400
2023-06-23,7.060000,7.085000,6.570000,6.610000,6.403306,4595000
2023-06-26,6.630000,6.740000,6.400000,6.540000,6.335494,400600
2023-06-27,6.590000,6.670000,6.455000,6.595000,6.388775,273400
2023-06-28,6.650000,6.650000,6.500000,6.600000,6.393618,176900
2023-06-29,6.580000,6.810000,6.580000,6.750000,6.538928,254200
2023-06-30,6.790000,6.850000,6.620000,6.770000,6.558302,635100
2023-07-03,6.790000,7.050000,6.780000,6.980000,6.761736,160700
2023-07-05,6.910000,7.120000,6.885000,7.050000,6.829547,203700
2023-07-06,7.010000,7.010000,6.730000,6.840000,6.626114,242500
2023-07-07,6.870000,7.085000,6.870000,7.070000,6.848921,386100
2023-07-10,7.000000,7.080000,6.860000,6.910000,6.693924,145200
2023-07-11,6.900000,6.935000,6.730000,6.780000,6.567990,160900
2023-07-12,6.840000,6.920000,6.790000,6.820000,6.606739,121100
2023-07-13,6.840000,6.900000,6.800000,6.840000,6.626114,90500
2023-07-14,6.840000,6.840000,6.565000,6.580000,6.374244,125800
2023-07-17,6.630000,6.680000,6.530000,6.640000,6.432367,141600
2023-07-18,6.650000,6.930000,6.650000,6.900000,6.684237,150600
2023-07-19,6.920000,7.020000,6.840000,6.920000,6.703612,182100
2023-07-20,6.920000,6.960000,6.850000,6.960000,6.742361,125800
2023-07-21,6.960000,6.960000,6.730000,6.740000,6.529240,124500
2023-07-24,6.750000,6.860000,6.725000,6.790000,6.577677,142600
2023-07-25,6.790000,6.940000,6.632000,6.800000,6.587365,149300
2023-07-26,6.850000,6.900000,6.790000,6.870000,6.655175,124600
2023-07-27,6.880000,6.970000,6.815000,6.880000,6.664863,155800
2023-07-28,6.910000,7.138000,6.910000,7.050000,6.829547,167700
2023-07-31,7.100000,7.140000,6.935000,6.970000,6.752048,170100
2023-08-01,6.970000,7.090000,6.900000,7.080000,6.858608,124700
2023-08-02,7.030000,7.040000,6.920000,6.970000,6.752048,110700
2023-08-03,6.960000,7.105000,6.950000,6.970000,6.752048,154100
2023-08-04,6.980000,7.070000,6.932000,6.980000,6.761736,163500
2023-08-07,7.030000,7.035000,6.945000,6.990000,6.771423,116100
2023-08-08,6.940000,7.005000,6.690000,7.000000,6.781110,169500
2023-08-09,7.000000,7.110000,6.930000,6.970000,6.752048,286700
2023-08-10,6.560000,6.680000,5.780000,6.155000,5.962533,799700
2023-08-11,6.170000,6.240000,5.925000,6.010000,5.822068,315700
2023-08-14,5.970000,6.073000,5.884000,5.970000,5.783319,274300
2023-08-15,5.960000,6.020000,5.840000,5.860000,5.676758,188000
2023-08-16,5.880000,6.100000,5.880000,6.020000,5.831755,188200
2023-08-17,6.070000,6.170000,6.032000,6.160000,5.967377,160000
2023-08-18,6.090000,6.180000,5.970000,5.970000,5.783319,239600
2023-08-21,5.950000,6.010000,5.850000,5.910000,5.725194,118300
2023-08-22,5.910000,6.015000,5.800000,6.000000,5.812380,213300
2023-08-23,5.980000,6.005000,5.850000,5.910000,5.725194,195100
2023-08-24,5.870000,5.870000,5.700000,5.730000,5.550823,167700
2023-08-25,5.730000,5.730000,5.590000,5.605000,5.429732,153500
2023-08-28,5.640000,5.750000,5.620000,5.640000,5.463637,239200
2023-08-29,5.670000,5.810000,5.670000,5.740000,5.560510,148800
2023-08-30,5.750000,5.770000,5.650000,5.750000,5.570198,113300
2023-08-31,5.670000,5.715000,5.610000,5.640000,5.560339,129800
2023-09-01,5.670000,5.799000,5.660000,5.750000,5.668786,234000
2023-09-05,5.710000,5.710000,5.560000,5.610000,5.530763,205400
2023-09-06,5.610000,5.655000,5.510000,5.520000,5.442034,166500
2023-09-07,5.520000,5.560000,5.322000,5.350000,5.274435,350900
2023-09-08,5.380000,5.467000,5.280000,5.360000,5.284294,131100
2023-09-11,5.350000,5.550000,5.350000,5.500000,5.422317,165400
2023-09-12,5.460000,5.520000,5.430000,5.510000,5.432176,105600
2023-09-13,5.540000,5.550000,5.465000,5.490000,5.412457,109100
2023-09-14,5.530000,5.650000,5.512000,5.620000,5.540621,95900
2023-09-15,5.620000,5.650000,5.560000,5.570000,5.491328,205200
2023-09-18,5.570000,5.580000,5.420000,5.520000,5.442034,161400
2023-09-19,5.550000,5.650000,5.540000,5.560000,5.481469,126300
2023-09-20,5.570000,5.675000,5.570000,5.570000,5.491328,103900
2023-09-21,5.550000,5.645000,5.512000,5.600000,5.520904,83200
2023-09-22,5.630000,5.705000,5.551000,5.650000,5.570198,128300
2023-09-25,5.650000,5.700000,5.600000,5.690000,5.609633,107600
2023-09-26,5.700000,5.860000,5.700000,5.770000,5.688503,163300
2023-09-27,5.810000,5.810000,5.600000,5.710000,5.629351,146200
2023-09-28,5.710000,5.870000,5.650000,5.870000,5.787090,141000
2023-09-29,5.900000,5.930000,5.795000,5.880000,5.796949,530700
2023-10-02,5.880000,5.930000,5.780000,5.920000,5.836384,197200
2023-10-03,5.860000,5.980000,5.840000,5.960000,5.875819,175400
2023-10-04,5.990000,5.990000,5.900000,5.920000,5.836384,189800
2023-10-05,5.870000,5.980000,5.870000,5.960000,5.875819,119300
2023-10-06,5.970000,6.050000,5.930000,6.030000,5.944831,92300
2023-10-09,6.010000,6.205000,5.990000,6.140000,6.053277,91600
2023-10-10,6.180000,6.270000,6.105000,6.110000,6.023701,93900
2023-10-11,6.080000,6.130000,5.960000,6.040000,5.954690,98400
2023-10-12,6.070000,6.099000,5.935000,6.010000,5.925113,169500
2023-10-13,6.050000,6.090000,6.027000,6.060000,5.974407,57500
2023-10-16,6.120000,6.125000,6.040000,6.060000,5.974407,69500
2023-10-17,6.010000,6.230000,5.960000,6.140000,6.053277,104000
2023-10-18,6.150000,6.150000,6.030000,6.090000,6.003983,78300
2023-10-19,6.090000,6.090000,5.880000,5.920000,5.836384,90200
2023-10-20,5.930000,6.010000,5.920000,5.960000,5.875819,93900
2023-10-23,5.930000,5.940000,5.830000,5.840000,5.757514,61700
2023-10-24,5.880000,5.990000,5.875000,5.930000,5.846243,124200
2023-10-25,5.920000,5.980000,5.855000,5.950000,5.865961,114600
2023-10-26,5.950000,6.000000,5.890000,5.970000,5.885678,61900
2023-10-27,5.940000,5.970000,5.875000,5.890000,5.806808,64500
2023-10-30,5.900000,5.980000,5.810000,5.870000,5.787090,72200
2023-10-31,5.850000,5.890000,5.735000,5.790000,5.708220,100400
2023-11-01,5.810000,5.950000,5.810000,5.950000,5.865961,77100
2023-11-02,5.960000,6.080000,5.950000,6.060000,5.974407,82600
2023-11-03,6.070000,6.130000,6.030000,6.090000,6.003983,81900
2023-11-06,6.100000,6.100000,5.980000,6.030000,5.944831,53700
2023-11-07,6.030000,6.110000,5.980000,6.040000,5.954690,65300
2023-11-08,6.050000,6.075000,5.860000,5.900000,5.816667,73200
2023-11-09,6.110000,6.380000,6.000000,6.350000,6.260311,149100
2023-11-10,6.350000,6.547000,6.330000,6.400000,6.309605,170200
2023-11-13,6.410000,6.530000,6.230000,6.530000,6.437768,191300
2023-11-14,6.660000,6.920000,6.565000,6.910000,6.812401,139900
2023-11-15,6.900000,7.150000,6.830000,7.080000,6.980000,266600
2023-11-16,7.070000,7.100000,6.940000,7.090000,6.989859,145700
2023-11-17,7.000000,7.100000,6.960000,6.990000,6.891271,259700
2023-11-20,7.060000,7.100000,6.930000,7.060000,6.960283,272500
2023-11-21,7.060000,7.090000,6.950000,7.020000,6.920847,139400
2023-11-22,7.010000,7.080000,6.980000,7.040000,6.940565,104200
2023-11-24,7.090000,7.400000,7.030000,7.400000,7.295480,333700
2023-11-27,7.370000,7.440000,7.120000,7.250000,7.147599,208300
2023-11-28,7.240000,7.240000,7.100000,7.210000,7.108164,154000
2023-11-29,7.280000,7.280000,7.070000,7.080000,6.980000,140800
2023-11-30,7.030000,7.100000,6.920000,7.000000,7.000000,169200
2023-12-01,7.030000,7.210000,6.950000,7.060000,7.060000,377000
2023-12-04,7.100000,7.200000,7.000000,7.160000,7.160000,235800
2023-12-05,7.140000,7.140000,6.920000,7.000000,7.000000,140100
2023-12-06,7.070000,7.095000,6.970000,7.030000,7.030000,156900
2023-12-07,7.060000,7.090000,6.810000,6.990000,6.990000,142800
2023-12-08,7.000000,7.050000,6.910000,6.990000,6.990000,153600
2023-12-11,6.990000,7.040000,6.930000,6.990000,6.990000,175500
2023-12-12,7.020000,7.830000,7.020000,7.740000,7.740000,845600
2023-12-13,7.840000,7.900000,7.480000,7.660000,7.660000,358000
2023-12-14,7.700000,7.777000,7.470000,7.700000,7.700000,284800
2023-12-15,7.750000,7.950000,7.730000,7.880000,7.880000,555600