Date,Open,High,Low,Close,Adj Close,Volume
2021-05-21,24.750000,25.980000,24.700001,25.500000,20.530571,28500
2021-05-24,26.000000,26.915001,25.809999,26.600000,21.416206,19000
2021-05-25,26.799999,26.799999,26.000000,26.240000,21.126362,50600
2021-05-26,26.100000,26.320000,26.000000,26.320000,21.190769,12500
2021-05-27,26.469999,26.930000,26.400000,26.700001,21.496716,20800
2021-05-28,26.870001,26.959999,26.299999,26.440001,21.287388,29800
2021-06-01,26.370001,26.700001,26.350000,26.350000,21.214928,17800
2021-06-02,26.450001,26.500000,26.100000,26.280001,21.158569,43700
2021-06-03,26.420000,26.500000,26.150000,26.320000,21.190769,12500
2021-06-04,26.320000,26.500000,26.139999,26.270000,21.150517,50400
2021-06-07,26.270000,26.469999,26.230000,26.469999,21.311537,29200
2021-06-08,26.559999,26.670000,26.320000,26.590000,21.408152,21500
2021-06-09,26.580000,26.629999,26.389999,26.500000,21.335691,28500
2021-06-10,26.530001,28.000000,26.420000,27.600000,22.221323,259400
2021-06-11,27.790001,28.844999,27.750000,28.219999,22.720501,18600
2021-06-14,28.250000,28.735001,28.200001,28.351000,22.825968,19200
2021-06-15,28.340000,28.500000,27.549999,27.870001,22.438709,18300
2021-06-16,28.049999,28.197001,27.934999,28.197001,22.701981,5900
2021-06-17,28.490000,28.490000,28.000000,28.190001,22.696348,3700
2021-06-18,28.490000,28.490000,27.629999,27.629999,22.245480,2700
2021-06-21,27.870001,28.500000,27.700001,28.299000,22.784103,49400
2021-06-22,28.500000,30.000000,28.309999,29.000000,23.348495,53400
2021-06-23,29.000000,29.990000,28.504000,29.299999,23.590029,35700
2021-06-24,29.799999,30.525000,29.245001,30.100000,24.234125,27400
2021-06-25,29.750000,30.000000,29.030001,30.000000,24.153612,11900
2021-06-28,30.000000,30.000000,29.700001,30.000000,24.153612,9900
2021-06-29,29.629999,30.825001,29.629999,30.290001,24.387100,19400
2021-06-30,30.200001,30.200001,28.709999,29.780001,23.976486,32900
2021-07-01,30.000000,30.000000,28.510000,29.139999,23.461208,12200
2021-07-02,29.139999,29.500000,28.820000,28.900000,23.267982,12900
2021-07-06,29.250000,29.250000,28.740000,28.850000,23.227728,3200
2021-07-07,28.980000,29.000000,28.500000,28.500000,22.945934,12300
2021-07-08,28.469999,29.000000,28.469999,28.850000,23.227728,2300
2021-07-09,28.680000,28.860001,28.680000,28.860001,23.235775,2200
2021-07-12,28.860001,28.900000,28.700001,28.799999,23.187469,3400
2021-07-13,28.700001,28.899000,28.469999,28.899000,23.267178,12200
2021-07-14,28.575001,28.850000,28.400000,28.476999,22.927416,6300
2021-07-15,28.663000,28.753000,28.320000,28.750000,23.147211,16700
2021-07-16,28.850000,29.420000,28.850000,29.264000,23.561047,5700
2021-07-19,29.280001,29.500000,29.032000,29.500000,23.751055,3700
2021-07-20,29.160000,29.434999,28.799999,29.049999,23.388746,8800
2021-07-21,29.025000,29.100000,28.629999,28.629999,23.050598,2800
2021-07-22,28.770000,29.360001,28.690001,28.690001,23.098906,6600
2021-07-23,28.670000,29.030001,28.549999,29.030001,23.372646,2500
2021-07-26,28.480000,28.763000,28.480000,28.665001,23.078775,6900
2021-07-27,28.510000,28.510000,28.100000,28.264000,22.755928,7000
2021-07-28,28.260000,28.330000,28.100000,28.330000,22.809061,4700
2021-07-29,28.280001,28.445000,28.280001,28.400000,22.865419,9300
2021-07-30,28.400000,28.400000,28.261000,28.400000,22.865419,4500
2021-08-02,28.400000,28.400000,28.172001,28.340000,22.817112,2100
2021-08-03,28.299999,28.500000,28.299999,28.462999,22.916142,8300
2021-08-04,28.500000,28.500000,28.400000,28.450001,22.905678,7800
2021-08-05,28.445000,28.500000,28.434999,28.499001,22.945131,1100
2021-08-06,28.469999,28.492001,28.440001,28.440001,22.897625,1200
2021-08-09,28.420000,28.500000,28.266001,28.299999,22.784908,6700
2021-08-10,28.469999,28.500000,28.400000,28.420000,22.881519,2800
2021-08-11,28.433001,28.451000,28.433001,28.451000,22.906483,1500
2021-08-12,28.500000,28.500000,28.020000,28.120001,22.639988,22100
2021-08-13,28.336000,28.393000,28.000000,28.100000,22.623886,11400
2021-08-16,28.080000,28.215000,28.040001,28.215000,22.716475,3100
2021-08-17,28.160000,28.200001,28.010000,28.100000,22.623886,9000
2021-08-18,28.100000,28.200001,28.000000,28.125000,22.644014,16900
2021-08-19,28.150000,28.150000,27.900000,28.000000,22.543371,12900
2021-08-20,28.121000,28.370001,28.000000,28.000000,22.543371,13500
2021-08-23,27.910000,28.212999,27.910000,28.000000,22.543371,5700
2021-08-24,28.010000,28.010000,27.784000,27.938999,22.494259,4400
2021-08-25,27.639999,28.308001,27.639999,27.990000,22.535322,27600
2021-08-26,28.129999,28.270000,27.905001,28.000000,22.543371,21800
2021-08-27,28.138000,28.180000,27.933001,28.030001,22.567530,5000
2021-08-30,27.804001,28.106001,27.804001,27.900000,22.657669,2100
2021-08-31,27.906000,27.930000,27.860001,27.889999,22.649548,1600
2021-09-01,27.760000,28.400000,27.760000,28.000000,22.738878,12600
2021-09-02,28.134001,28.320000,27.860001,27.950001,22.698275,66900
2021-09-03,27.950001,28.180000,27.410000,27.500000,22.332829,24900
2021-09-07,27.510000,27.830000,27.252001,27.400000,22.251617,39100
2021-09-08,27.250000,27.309999,26.900000,27.030001,21.951139,19400
2021-09-09,27.000000,27.000000,26.750000,26.860001,21.813086,16500
2021-09-10,26.750000,27.129000,26.610001,26.610001,21.610056,14800
2021-09-13,26.500000,26.650000,26.038000,26.400000,21.439516,43900
2021-09-14,26.400000,26.700001,26.365999,26.500000,21.520725,6400
2021-09-15,26.309999,27.080000,26.309999,26.639999,21.634422,14500
2021-09-16,26.670000,26.980000,26.260000,26.510000,21.528845,26800
2021-09-17,26.530001,26.580000,26.360001,26.360001,21.407032,8200
2021-09-20,26.270000,26.485001,26.100000,26.250000,21.317699,7300
2021-09-21,26.400000,26.570000,26.299999,26.566000,21.574326,5600
2021-09-22,26.600000,26.600000,26.340000,26.440001,21.472000,5500
2021-09-23,26.639999,26.840000,26.459999,26.459999,21.488239,4400
2021-09-24,26.700001,26.740000,26.600000,26.600000,21.601934,2200
2021-09-27,26.500000,26.639999,26.500000,26.639999,21.634422,3400
2021-09-28,26.629999,26.700001,26.500000,26.680000,21.666906,9800
2021-09-29,26.410000,27.000000,26.400000,26.990000,21.918653,4300
2021-09-30,26.510000,27.000000,26.450001,26.450001,21.480118,3000
2021-10-01,26.719999,26.719999,26.500000,26.549999,21.561333,1000
2021-10-04,26.299999,26.299999,26.059999,26.120001,21.212126,31700
2021-10-05,26.049999,26.200001,26.040001,26.059999,21.163401,9600
2021-10-06,26.150000,26.150000,25.900000,26.020000,21.130917,7200
2021-10-07,26.100000,26.370001,26.020000,26.260000,21.325819,7600
2021-10-08,26.280001,26.549999,26.280001,26.549999,21.561333,5000
2021-10-11,26.549999,26.830000,26.309999,26.739000,21.714819,5900
2021-10-12,26.540001,26.750000,26.540001,26.665001,21.654726,2600
2021-10-13,26.555000,26.780001,26.365000,26.500000,21.520725,3200
2021-10-14,26.959999,26.959999,26.549999,26.736000,21.712383,5900
2021-10-15,27.480000,27.480000,27.037001,27.120001,22.024229,6600
2021-10-18,26.868000,27.264999,26.760000,26.900000,21.845566,6100
2021-10-19,27.000000,27.000000,26.459999,26.459999,21.488239,12400
2021-10-20,26.500000,26.500000,26.000000,26.010000,21.122793,32000
2021-10-21,26.070000,26.278000,26.070000,26.278000,21.340439,4200
2021-10-22,26.260000,26.260000,25.900000,25.950001,21.074070,21900
2021-10-25,25.910000,26.000000,25.860001,25.945000,21.070005,10500
2021-10-26,26.000000,26.230000,26.000000,26.135000,21.224308,4900
2021-10-27,26.129999,26.350000,26.004000,26.170000,21.252731,7800
2021-10-28,26.250000,26.590000,26.120001,26.573000,21.580011,12800
2021-10-29,26.375000,26.490000,26.200001,26.490000,21.512606,2500
2021-11-01,26.570000,26.576000,26.299999,26.549999,21.561333,5200
2021-11-02,26.370001,26.686001,26.370001,26.450001,21.480118,5500
2021-11-03,26.540001,26.666000,26.480000,26.570000,21.577574,6200
2021-11-04,26.625000,26.684999,26.625000,26.625000,21.622238,1900
2021-11-05,26.709999,26.889999,26.687000,26.849001,21.804150,10800
2021-11-08,26.620001,26.860001,26.600000,26.639999,21.634422,1500
2021-11-09,26.725000,26.725000,26.600000,26.669001,21.657972,600
2021-11-10,26.600000,26.941000,26.450001,26.450001,21.480118,7200
2021-11-11,26.542000,26.584999,26.459999,26.525000,21.541027,9000
2021-11-12,26.525000,26.525000,26.260000,26.340000,21.390791,9400
2021-11-15,26.834000,26.834000,26.610001,26.610001,21.610056,1500
2021-11-16,26.620001,26.645000,26.417000,26.645000,21.638481,2100
2021-11-17,26.740000,27.070000,26.379999,27.070000,21.983624,16700
2021-11-18,27.018999,27.049999,26.459999,27.028000,21.949520,6500
2021-11-19,27.340000,27.969999,27.184000,27.400000,22.251617,9400
2021-11-22,27.930000,28.209999,27.709999,27.980000,22.722637,11000
2021-11-23,28.000000,28.000000,27.622000,27.940001,22.690153,4600
2021-11-24,28.000000,28.690001,28.000000,28.000000,22.738878,13400
2021-11-26,27.889999,28.485001,27.750000,27.950001,22.698275,5900
2021-11-29,27.750000,27.850000,26.750000,26.750000,22.542376,17800
2021-11-30,27.000000,27.650000,27.000000,27.590000,23.250248,5100
2021-12-01,27.200001,27.555000,27.000000,27.131001,22.863445,1800
2021-12-02,27.150000,27.441999,26.730000,27.280001,22.989010,5000
2021-12-03,27.389999,27.389999,26.934000,27.075001,22.816252,12400
2021-12-06,27.000000,27.150000,26.799999,27.075001,22.816252,4600
2021-12-07,26.860001,27.150000,26.860001,27.100000,22.837322,3200
2021-12-08,27.150000,27.150000,26.950001,27.063999,22.806982,7900
2021-12-09,27.080000,27.150000,26.860001,27.150000,22.879457,6400
2021-12-10,27.150000,27.490000,27.056000,27.490000,23.165977,4400
2021-12-13,27.760000,27.770000,27.473000,27.770000,23.401937,4600
2021-12-14,27.770000,27.770000,27.690001,27.690001,23.334518,1800
2021-12-15,27.000000,27.750000,26.760000,27.594999,23.254459,4400
2021-12-16,27.334999,27.600000,27.250000,27.250000,22.963724,4500
2021-12-17,27.170000,27.770000,26.500000,26.879999,22.651926,34100
2021-12-20,26.600000,26.969999,26.600000,26.879999,22.651926,7000
2021-12-21,26.959999,27.106001,26.940001,26.959999,22.719341,2600
2021-12-22,26.830000,27.320000,26.830000,27.080000,22.820467,3000
2021-12-23,26.990999,27.295000,26.990999,27.120001,22.854176,6200
2021-12-27,27.010000,27.312000,27.010000,27.150000,22.879457,3300
2021-12-28,27.125000,27.400000,27.125000,27.330000,23.031143,2600
2021-12-29,27.350000,27.372000,27.350000,27.350000,23.047998,1600
2021-12-30,27.118000,27.492001,27.118000,27.400000,23.090132,4900
2021-12-31,27.520000,27.750000,27.400000,27.750000,23.385082,1300
2022-01-03,27.584000,27.700001,27.280001,27.280001,22.989010,1900
2022-01-04,27.290001,27.730000,27.290001,27.650000,23.300808,6400
2022-01-05,27.600000,27.600000,27.400000,27.400000,23.090132,4400
2022-01-06,27.750000,28.000000,27.740000,27.750000,23.385082,3200
2022-01-07,28.108999,28.200001,27.660999,28.200001,23.764299,5500
2022-01-10,28.000000,29.000000,27.990000,28.000000,23.595755,13600
2022-01-11,27.910000,29.000000,27.891001,28.309999,23.856993,6600
2022-01-12,28.570000,28.570000,28.056999,28.490000,24.008682,3000
2022-01-13,28.490000,28.642000,28.049999,28.055000,23.642103,14500
2022-01-14,28.170000,28.450001,28.153000,28.450001,23.974974,3800
2022-01-18,28.400000,28.700001,28.400000,28.650000,24.143515,1800
2022-01-19,28.514999,28.850000,28.514999,28.743999,24.222731,4500
2022-01-20,28.850000,28.850000,28.629999,28.700001,24.185650,1200
2022-01-21,28.934000,28.990000,28.760000,28.760000,24.236212,1600
2022-01-24,28.834999,28.834999,27.139999,27.295000,23.001650,19600
2022-01-25,27.320000,28.421000,27.320000,28.000000,23.595755,7200
2022-01-26,28.110001,28.110001,27.900000,27.930000,23.536766,5100
2022-01-27,27.900000,28.000000,27.465000,27.500000,23.174402,8300
2022-01-28,27.510000,28.000000,27.510000,27.959999,23.562048,1700
2022-01-31,28.910000,28.910000,27.549999,28.285000,23.835924,9900
2022-02-01,28.495001,28.495001,27.658001,27.909000,23.519070,7300
2022-02-02,28.150000,28.980000,27.639999,28.679001,24.167955,4700
2022-02-03,28.131001,28.131001,28.131001,28.131001,23.706148,700
2022-02-04,28.129999,28.480000,28.129999,28.480000,24.000256,1500
2022-02-07,28.035000,28.459999,28.035000,28.129999,23.705305,1800
2022-02-08,28.959999,28.959999,27.629999,27.900000,23.511486,5400
2022-02-09,28.950001,29.500000,27.900000,28.250999,23.807272,1700
2022-02-10,28.063000,28.424999,27.999001,27.999001,23.594913,700
2022-02-11,28.424999,28.424999,28.125000,28.340000,23.882275,2000
2022-02-14,27.900000,28.215000,27.900000,28.150000,23.722162,2000
2022-02-15,28.299999,28.334000,27.900000,27.900000,23.511486,3000
2022-02-16,27.955000,28.799999,27.955000,28.700001,24.185650,3800
2022-02-17,28.600000,28.600000,27.639999,28.440001,23.966549,1600
2022-02-18,28.523001,28.600000,27.614000,27.900000,23.511486,6300
2022-02-22,28.000000,28.872000,27.955000,28.538000,24.049129,2800
2022-02-23,27.990000,28.566999,27.910000,28.410000,23.941265,2300
2022-02-24,28.879999,28.879999,27.910000,28.110001,23.688454,2600
2022-02-25,28.020000,28.525000,27.850000,27.950001,24.021055,3900
2022-02-28,27.950001,28.500000,27.625000,27.650000,23.763224,5700
2022-03-01,27.799999,28.018999,27.750000,27.750000,23.849167,8400
2022-03-02,28.150000,28.150000,27.754999,27.780001,23.874950,7400
2022-03-03,28.200001,28.200001,27.809999,27.850000,23.935108,4900
2022-03-04,27.700001,28.000000,27.700001,27.980000,24.046835,5100
2022-03-07,28.490000,28.490000,28.000000,28.180000,24.218723,6100
2022-03-08,28.350000,28.490000,28.000000,28.132000,24.177471,8500
2022-03-09,28.100000,28.201000,28.002001,28.125000,24.171450,2000
2022-03-10,28.000000,28.226999,27.834000,27.950001,24.021055,14600
2022-03-11,28.250000,28.250000,27.680000,27.680000,23.789007,2400
2022-03-14,27.549999,28.200001,27.350000,27.350000,23.505394,2500
2022-03-15,27.450001,28.014000,27.450001,27.820000,23.909327,5300
2022-03-16,27.950001,27.950001,27.650000,27.950001,24.021055,1300
2022-03-17,27.950001,28.480000,27.594000,27.594000,23.715097,3100
2022-03-18,27.670000,28.497000,27.670000,28.290001,24.313257,2100
2022-03-21,28.000000,28.230000,27.545000,27.750000,23.849167,3100
2022-03-22,27.895000,27.895000,27.809999,27.850000,23.935108,1200
2022-03-23,28.250000,28.250000,27.549999,27.549999,23.677279,1100
2022-03-24,28.009001,28.084000,27.664000,27.750000,23.849167,3900
2022-03-25,28.000000,28.000000,28.000000,28.000000,24.064022,800
2022-03-28,27.900000,28.226999,27.740000,28.174999,24.214424,5700
2022-03-29,27.850000,28.250000,27.796000,27.796000,23.888700,4000
2022-03-30,27.895000,27.895000,27.799999,27.799999,23.892138,1400
2022-03-31,28.100000,28.250000,27.820000,28.250000,24.278881,3500
2022-04-01,27.900000,27.900000,27.900000,27.900000,23.978081,800
2022-04-04,28.125000,28.261999,27.750000,28.000000,24.064022,4800
2022-04-05,27.850000,27.996000,27.549999,27.750000,23.849167,2000
2022-04-06,27.583000,28.129999,27.299999,27.900000,23.978081,26000
2022-04-07,27.879999,27.879999,27.374001,27.450001,23.591337,3400
2022-04-08,27.299999,27.360001,27.299999,27.360001,23.513992,900
2022-04-11,27.440001,27.832001,27.030001,27.832001,23.919641,700
2022-04-12,27.395000,28.170000,26.930000,26.930000,23.144434,8900
2022-04-13,27.200001,27.434000,27.028000,27.094999,23.286242,4500
2022-04-14,27.280001,27.680000,26.900000,26.900000,23.118650,16000
2022-04-18,27.792000,27.792000,26.760000,26.760000,22.998331,4300
2022-04-19,27.000000,27.614000,26.860001,27.010000,23.213190,3600
2022-04-20,26.870001,27.000000,26.850000,27.000000,23.204596,1200
2022-04-21,26.830000,26.962999,26.709999,26.962999,23.172798,700
2022-04-22,26.879999,26.879999,26.663000,26.663000,22.914968,2700
2022-04-25,26.230000,27.000000,26.230000,26.698000,22.945045,2100
2022-04-26,26.700001,26.750000,26.700001,26.750000,22.989737,700
2022-04-27,27.450001,27.450001,26.735001,26.950001,23.161625,4800
2022-04-28,26.950001,26.950001,26.950001,26.950001,23.161625,100
2022-04-29,26.680000,26.680000,26.200001,26.327999,22.627056,2800
2022-05-02,26.350000,26.490000,26.299999,26.334999,22.633074,4400
2022-05-03,26.482000,27.480000,26.450001,26.799999,23.032709,5300
2022-05-04,26.760000,26.945000,26.490000,26.945000,23.157328,2800
2022-05-05,26.320000,26.700001,26.320000,26.700001,22.946768,800
2022-05-06,26.320000,26.370001,26.320000,26.330000,22.628778,1800
2022-05-09,26.290001,26.862000,26.290001,26.750000,22.989737,2400
2022-05-10,26.575001,26.575001,26.575001,26.575001,22.839338,300
2022-05-11,26.820000,26.820000,26.820000,26.820000,23.049894,200
2022-05-12,26.684999,26.750000,26.299999,26.697001,22.944189,1500
2022-05-13,26.700001,26.736000,26.250000,26.736000,22.977703,3600
2022-05-16,26.670000,26.870001,26.670000,26.870001,23.092871,800
2022-05-17,26.750000,26.750000,26.750000,26.750000,22.989737,400
2022-05-18,26.500000,26.500000,26.500000,26.500000,22.774879,500
2022-05-19,26.686001,26.870001,26.686001,26.715000,22.959658,1200
2022-05-20,26.870001,27.450001,26.719999,27.450001,23.591337,2300
2022-05-23,27.490000,28.150000,27.490000,28.139999,24.184341,2800
2022-05-24,28.208000,28.208000,28.208000,28.208000,24.242785,700
2022-05-25,27.510000,27.530001,27.426001,27.426001,23.570713,3800
2022-05-26,27.469999,28.181999,27.440001,28.014999,24.076916,3600
2022-05-27,27.500000,27.500000,27.000000,27.055000,23.725267,3500
2022-05-31,27.129999,27.620001,26.820000,26.879999,23.571804,8300
2022-06-01,26.770000,26.770000,26.559999,26.559999,23.291187,2500
2022-06-02,26.617001,26.690001,26.510000,26.600000,23.326265,2900
2022-06-03,26.520000,26.520000,26.160000,26.400000,23.150881,3900
2022-06-06,26.700001,26.809999,26.240000,26.754999,23.462187,3000
2022-06-07,26.738001,26.738001,26.250000,26.405001,23.155264,6100
2022-06-08,26.400000,26.462000,25.660000,26.000000,22.800110,14000
2022-06-09,25.969999,26.010000,25.799999,25.889999,22.703646,8200
2022-06-10,25.799999,26.030001,25.750000,25.950001,22.756266,5000
2022-06-13,25.879999,26.054001,25.049999,25.764000,22.593153,7700
2022-06-14,25.770000,26.965000,25.500000,26.965000,23.646347,13500
2022-06-15,26.500000,26.500000,25.450001,26.000000,22.800110,11000
2022-06-16,25.790001,26.250000,25.700001,25.725000,22.558954,12200
2022-06-17,26.283001,26.500000,25.950001,26.260000,23.028112,12300
2022-06-21,26.549999,26.549999,25.700001,25.709999,22.545799,11700
2022-06-22,25.850000,26.650000,25.775000,25.799999,22.624723,1700
2022-06-23,25.990000,26.000000,25.650000,25.885000,22.699263,4000
2022-06-24,26.174999,26.174999,25.665001,26.090000,22.879032,1600
2022-06-27,26.049999,26.587999,25.809999,25.830000,22.651033,3600
2022-06-28,25.900000,26.379999,25.750000,25.812000,22.635250,11400
2022-06-29,25.799999,26.290001,25.500000,25.500000,22.361645,11700
2022-06-30,25.799999,25.945000,25.559999,25.930000,22.738724,3600
2022-07-01,25.739000,26.000000,25.650000,25.900000,22.712416,2400
2022-07-05,25.900000,25.990000,25.750000,25.760000,22.589647,3000
2022-07-06,25.750000,25.900000,25.750000,25.879999,22.694878,9000
2022-07-07,25.854000,25.920000,25.780001,25.920000,22.729956,7800
2022-07-08,25.790001,26.000000,25.790001,25.999001,22.799232,1000
2022-07-11,26.135000,26.473000,26.000000,26.000000,22.800110,5700
2022-07-12,26.400000,26.400000,25.950001,25.950001,22.756266,1300
2022-07-13,26.090000,26.400000,25.990000,26.000000,22.800110,8300
2022-07-14,26.000000,26.268000,25.950001,25.950001,22.756266,3700
2022-07-15,26.532000,26.532000,25.950001,26.311001,23.072834,3100
2022-07-18,26.430000,26.799999,26.000000,26.000000,22.800110,12400
2022-07-19,26.049999,26.544001,25.980000,26.544001,23.277157,2700
2022-07-20,26.020000,26.245001,25.985001,26.245001,23.014959,7100
2022-07-21,26.049999,26.049999,25.900000,25.900000,22.712416,3100
2022-07-22,26.139999,26.139999,25.809999,25.900000,22.712416,1900
2022-07-25,25.830000,25.937000,25.830000,25.937000,22.744862,1000
2022-07-26,25.986000,25.986000,25.809999,25.850000,22.668570,1400
2022-07-27,25.850000,26.014999,25.850000,25.950001,22.756266,2500
2022-07-28,25.990000,26.174999,25.980000,26.174999,22.953569,2500
2022-07-29,26.125000,26.250000,26.049999,26.049999,22.843956,13800
2022-08-01,26.250000,26.292999,26.110001,26.110001,22.896572,2300
2022-08-02,26.200001,26.200001,25.799999,26.059999,22.852726,12200
2022-08-03,26.025000,26.100000,26.000000,26.100000,22.887804,2400
2022-08-04,26.049999,26.170000,26.049999,26.052999,22.846586,2200
2022-08-05,26.014000,26.100000,25.990000,26.045000,22.839571,7300
2022-08-08,26.110001,26.170000,26.073999,26.135000,22.918493,4900
2022-08-09,26.059999,26.270000,26.059999,26.270000,23.036880,2000
2022-08-10,26.270000,26.299999,26.174999,26.299999,23.063187,2800
2022-08-11,26.280001,26.459999,26.250000,26.360001,23.115805,7100
2022-08-12,26.360001,26.469999,26.360001,26.469999,23.212265,2400
2022-08-15,26.469999,26.830000,26.150000,26.150000,22.931648,11400
2022-08-16,26.139999,26.629000,26.000000,26.360001,23.115805,10500
2022-08-17,26.450001,26.500000,25.850000,26.020000,22.817646,12500
2022-08-18,26.350000,26.370001,26.350000,26.370001,23.124575,1300
2022-08-19,26.309999,26.370001,26.200001,26.370001,23.124575,5200
2022-08-22,26.400000,26.400000,26.000000,26.000000,22.800110,8400
2022-08-23,26.100000,26.615999,25.910000,25.990000,22.791342,19300
2022-08-24,26.100000,26.768999,26.100000,26.184999,22.962341,1400
2022-08-25,26.320000,26.535000,26.000000,26.040001,22.835186,30500
2022-08-26,26.200001,26.430000,26.163000,26.280001,23.045647,17300
2022-08-29,26.240000,26.340000,26.120001,26.340000,23.098263,2300
2022-08-30,26.090000,26.100000,25.559999,25.980000,23.276554,8600
2022-08-31,25.896000,25.997999,25.896000,25.990000,23.285519,2000
2022-09-01,25.875000,25.900000,25.649000,25.799999,23.115286,4000
2022-09-02,25.879999,26.000000,25.680000,25.950001,23.249680,13100
2022-09-06,25.950001,26.100000,25.950001,26.010000,23.303434,10200
2022-09-07,26.000000,26.000000,25.900000,25.900000,23.204880,2500
2022-09-08,25.801001,25.959999,25.801001,25.959999,23.258638,500
2022-09-09,26.021999,26.021999,25.900000,25.900000,23.204880,1600
2022-09-12,26.120001,26.120001,25.799999,25.799999,23.115286,2300
2022-09-13,25.879999,25.910000,25.851999,25.910000,23.213840,900
2022-09-14,25.981001,25.997000,25.981001,25.997000,23.291788,1900
2022-09-15,25.799999,26.000000,25.700001,26.000000,23.294477,6000
2022-09-16,25.790001,25.969000,25.784000,25.948999,23.248781,1700
2022-09-19,25.950001,26.000000,25.950001,26.000000,23.294477,1800
2022-09-20,26.040001,26.040001,25.639999,25.900000,23.204880,2700
2022-09-21,25.760000,25.760000,24.552000,25.540001,22.882343,31700
2022-09-22,25.500000,25.900000,25.110001,25.500000,22.846502,7000
2022-09-23,25.153999,25.940001,25.150999,25.367001,22.727346,14200
2022-09-26,25.299999,25.590000,25.299999,25.520000,22.864424,3100
2022-09-27,25.620001,25.620001,25.176001,25.299999,22.667316,11300
2022-09-28,25.490000,25.684999,25.325001,25.684999,23.012253,3900
2022-09-29,25.540001,25.684999,25.450001,25.450001,22.801708,8800
2022-09-30,25.469999,25.870001,25.469999,25.600000,22.936100,5100
2022-10-03,25.709999,25.709999,25.170000,25.398001,22.755121,1700
2022-10-04,25.500000,25.500000,25.389999,25.389999,22.747950,400
2022-10-05,25.299999,25.299999,25.139999,25.290001,22.658360,2400
2022-10-06,25.264999,25.500000,25.230000,25.290001,22.658360,4200
2022-10-07,25.792000,25.792000,25.129999,25.235001,22.609083,800
2022-10-10,25.274000,25.340000,25.150000,25.340000,22.703157,2700
2022-10-11,25.150000,25.323000,25.049999,25.197001,22.575035,2000
2022-10-12,25.250000,25.438000,25.250000,25.438000,22.790956,1200
2022-10-13,25.400000,25.490000,25.139999,25.160000,22.541885,7500
2022-10-14,25.264999,25.264999,25.264999,25.264999,22.635958,1500
2022-10-17,25.475000,25.475000,25.197001,25.225000,22.600122,1600
2022-10-18,25.340000,25.340000,24.940001,25.010000,22.407494,12300
2022-10-19,25.000000,25.049999,24.780001,25.028000,22.423620,8400
2022-10-20,24.950001,25.250000,24.860001,25.070000,22.461250,4700
2022-10-21,25.000000,25.250000,25.000000,25.000000,22.398535,1600
2022-10-24,25.084999,25.084999,25.000000,25.070000,22.461250,2000
2022-10-25,25.490000,25.490000,25.160000,25.160000,22.541885,1100
2022-10-26,25.250000,25.459999,25.049999,25.049999,22.443333,2700
2022-10-27,25.361000,25.361000,25.100000,25.100000,22.488131,500
2022-10-28,25.290001,25.500000,25.180000,25.260000,22.631481,4400
2022-10-31,25.351000,25.360001,25.299999,25.360001,22.721071,1100
2022-11-01,25.270000,25.415001,25.250000,25.250000,22.622519,600
2022-11-02,25.450001,25.469999,25.219999,25.230000,22.604599,2700
2022-11-03,25.350000,25.350000,25.240000,25.240000,22.613560,500
2022-11-04,25.350000,25.357000,25.094999,25.094999,22.483648,1000
2022-11-07,25.200001,25.316999,25.100000,25.139999,22.523966,4300
2022-11-08,25.150000,25.360001,25.059999,25.237000,22.610870,2100
2022-11-09,25.040001,25.226000,25.040001,25.190001,22.568764,500
2022-11-10,25.250000,25.362000,25.080000,25.245001,22.618040,3300
2022-11-11,25.139999,25.500000,25.100000,25.250000,22.622519,6900
2022-11-14,25.334999,25.500000,25.290001,25.500000,22.846502,4500
2022-11-15,25.299999,25.299999,24.500000,24.799999,22.219347,27900
2022-11-16,24.950001,25.058001,24.400000,24.770000,22.192467,5200
2022-11-17,24.770000,25.150000,24.700001,25.150000,22.532923,3500
2022-11-18,25.150000,25.260000,25.110001,25.200001,22.577723,3100
2022-11-21,25.260000,25.600000,25.260000,25.480000,22.828587,8000
2022-11-22,25.350000,26.200001,25.350000,25.860001,23.169043,10900
2022-11-23,25.930000,26.340000,25.502001,25.700001,23.025696,8500
2022-11-25,26.389999,26.389999,26.000000,26.000000,23.294477,600
2022-11-28,25.930000,26.180000,25.840000,25.840000,23.151127,2600
2022-11-29,26.200001,26.200001,25.299999,25.430000,23.282047,3800
2022-11-30,25.670000,25.757999,25.030001,25.230000,23.098938,2800
2022-12-01,25.320000,25.330000,25.299999,25.299999,23.163027,800
2022-12-02,25.309999,25.709999,25.309999,25.500000,23.346132,2200
2022-12-05,25.240000,26.000000,25.240000,25.639999,23.474308,10500
2022-12-06,26.049999,26.049999,25.340000,25.403000,23.257326,1600
2022-12-07,25.450001,25.750000,25.400000,25.625000,23.460575,2500
2022-12-08,25.580000,26.049999,25.500000,25.850000,23.666573,1500
2022-12-09,25.995001,25.995001,25.730000,25.730000,23.556709,800
2022-12-12,25.780001,25.799999,25.780001,25.799999,23.620792,800
2022-12-13,25.750000,25.750000,25.240000,25.600000,23.437689,5800
2022-12-14,25.539000,25.539000,25.150000,25.233000,23.101686,6000
2022-12-15,25.150000,25.454000,24.990000,25.049999,22.934143,9900
2022-12-16,25.370001,25.370001,25.150000,25.150000,23.025698,1100
2022-12-19,25.219999,25.294001,25.219999,25.294001,23.157534,700
2022-12-20,25.400000,25.500000,25.049999,25.275000,23.140139,4900
2022-12-21,25.386000,25.386000,25.386000,25.386000,23.241764,900
2022-12-22,25.049999,25.275000,25.049999,25.049999,22.934143,1400
2022-12-23,25.209999,25.209999,25.000000,25.040001,22.924990,3100
2022-12-27,25.100000,25.430000,25.000000,25.150000,23.025698,4200
2022-12-28,25.340000,25.400000,25.184999,25.400000,23.254580,10900
2022-12-29,25.389999,25.400000,25.209999,25.400000,23.254580,2100
2022-12-30,25.209999,25.209999,25.209999,25.209999,23.080626,400
2023-01-03,25.400000,25.400000,25.400000,25.400000,23.254580,300
2023-01-04,25.400000,25.504999,25.400000,25.504999,23.350710,1800
2023-01-05,25.549999,25.600000,25.549999,25.552000,23.393740,800
2023-01-06,25.459999,25.580000,25.459999,25.580000,23.419376,900
2023-01-09,25.250000,25.690001,25.250000,25.690001,23.520084,3200
2023-01-10,25.639999,25.660000,25.309999,25.615000,23.451422,4900
2023-01-11,25.565001,25.565001,25.548000,25.559999,23.401066,1300
2023-01-12,25.549999,25.700001,25.549999,25.580000,23.419376,2900
2023-01-13,25.549999,25.700001,25.549999,25.700001,23.529242,1700
2023-01-17,25.750000,25.750000,25.400000,25.500000,23.346132,2400
2023-01-18,25.420000,25.700001,25.400000,25.650000,23.483461,1600
2023-01-19,25.625000,25.697001,25.625000,25.697001,23.526495,300
2023-01-20,25.750000,25.750000,25.650000,25.650000,23.483461,1100
2023-01-23,25.587999,25.650000,25.587999,25.639999,23.474308,1800
2023-01-24,25.575001,25.750000,25.400000,25.750000,23.575020,1200
2023-01-25,25.799999,25.799999,25.600000,25.600000,23.437689,900
2023-01-26,25.430000,25.799999,25.400000,25.799999,23.620792,1800
2023-01-27,25.600000,25.850000,25.563000,25.799000,23.619881,2000
2023-01-30,25.730000,25.850000,25.620001,25.850000,23.666573,2700
2023-01-31,25.735001,25.735001,25.735001,25.735001,23.561285,300
2023-02-01,25.850000,25.850000,25.850000,25.850000,23.666573,500
2023-02-02,25.950001,25.950001,25.799999,25.815001,23.634527,3100
2023-02-03,25.760000,25.950001,25.760000,25.785000,23.607061,1200
2023-02-06,25.854000,25.854000,25.799999,25.799999,23.620792,700
2023-02-07,25.799999,25.799999,25.799999,25.799999,23.620792,200
2023-02-08,25.799999,25.799999,25.799999,25.799999,23.620792,0
2023-02-09,25.719999,25.750000,25.719999,25.750000,23.575020,1000
2023-02-10,25.750000,25.770000,25.709999,25.770000,23.593328,1600
2023-02-13,25.889999,25.903999,25.840000,25.885000,23.698614,4000
2023-02-14,25.750000,25.969000,25.750000,25.950001,23.758125,700
2023-02-15,25.870001,25.870001,25.530001,25.600000,23.437689,4200
2023-02-16,25.750000,25.750000,25.450001,25.450001,23.300360,2300
2023-02-17,25.499001,25.600000,25.400000,25.600000,23.437689,1000
2023-02-21,25.740000,25.750000,25.469999,25.469999,23.318668,5900
2023-02-22,25.530001,25.750000,25.530001,25.750000,23.575020,1500
2023-02-23,25.840000,25.968000,25.760000,25.822001,23.640936,2500
2023-02-24,25.990000,25.990000,25.570000,25.900000,23.712347,2800
2023-02-27,25.490000,25.700001,25.299999,25.480000,23.831131,4400
2023-02-28,25.419001,25.695000,25.010000,25.695000,24.032215,6400
2023-03-01,25.580000,25.580000,25.000000,25.150000,23.522484,8700
2023-03-02,25.240000,25.287001,25.000000,25.040001,23.419603,3200
2023-03-03,25.040001,25.299999,25.040001,25.299999,23.662777,4900
2023-03-06,25.100000,25.100000,25.049999,25.049999,23.428953,2600
2023-03-07,25.049999,25.135000,24.950001,24.980000,23.363485,4700
2023-03-08,24.930000,24.969999,24.750000,24.850000,23.241899,3900
2023-03-09,24.900000,24.900000,24.875000,24.900000,23.288662,3600
2023-03-10,24.850000,24.980000,24.730000,24.950001,23.335430,2600
2023-03-13,24.780001,25.000000,24.450001,24.650000,23.054842,6600
2023-03-14,24.709999,24.908001,24.709999,24.850000,23.241899,4600
2023-03-15,24.900000,24.900000,24.500000,24.500000,22.914549,3300
2023-03-16,24.840000,24.879999,24.549999,24.809000,23.203552,3700
2023-03-17,24.870001,24.900000,24.860001,24.874001,23.264345,1000
2023-03-20,24.900000,24.900000,24.500000,24.900000,23.288662,2700
2023-03-21,24.700001,24.700001,24.610001,24.670000,23.073547,1400
2023-03-22,24.700001,24.700001,24.049999,24.209999,22.643314,8200
2023-03-23,24.440001,24.440001,21.990000,23.799999,22.259848,21300
2023-03-24,23.750000,24.110001,23.750000,24.110001,22.549786,1100
2023-03-27,24.285000,24.407000,24.048000,24.249001,22.679790,1000
2023-03-28,24.420000,24.750000,24.264999,24.530001,22.942606,4900
2023-03-29,24.631001,24.631001,24.631001,24.631001,23.037071,500
2023-03-30,24.445000,24.799999,24.350000,24.799999,23.195135,3500
2023-03-31,24.728001,24.799999,24.299999,24.600000,23.008076,3000
2023-04-03,24.790001,24.790001,24.645000,24.645000,23.050165,500
2023-04-04,24.700001,24.700001,24.450001,24.469999,22.886488,4200
2023-04-05,24.542000,24.542000,24.410000,24.420000,22.839725,1300
2023-04-06,24.690001,24.690001,24.410000,24.410000,22.830372,500
2023-04-10,24.770000,24.799000,24.459999,24.459999,22.877134,3900
2023-04-11,24.790001,24.790001,24.521000,24.600000,23.008076,1900
2023-04-12,24.530001,24.650000,24.025000,24.360001,22.783609,6200
2023-04-13,24.500000,24.622000,24.450001,24.450001,22.867783,1700
2023-04-14,24.730000,24.730000,24.270000,24.299999,22.727489,1400
2023-04-17,24.650000,24.700001,24.250000,24.299999,22.727489,5000
2023-04-18,24.680000,24.680000,24.350000,24.379999,22.802313,6200
2023-04-19,24.250000,24.450001,24.250000,24.360001,22.783609,500
2023-04-20,24.455999,24.480000,24.260000,24.260000,22.690079,1300
2023-04-21,24.500000,24.510000,24.500000,24.500000,22.914549,5100
2023-04-24,24.540001,24.600000,24.350000,24.549999,22.961311,1700
2023-04-25,24.389999,24.420000,24.280001,24.280001,22.708786,400
2023-04-26,24.299999,24.600000,24.200001,24.200001,22.633963,1900
2023-04-27,24.660000,24.679001,24.400000,24.500000,22.914549,4800
2023-04-28,24.660000,24.660000,24.530001,24.540001,22.951962,700
2023-05-01,24.514000,24.594999,24.469999,24.469999,22.886488,1400
2023-05-02,24.350000,24.639999,24.340000,24.379999,22.802313,2500
2023-05-03,24.250000,24.620001,24.250000,24.260000,22.690079,900
2023-05-04,24.280001,24.535000,24.200001,24.200001,22.633963,3700
2023-05-05,24.420000,24.420000,24.200001,24.200001,22.633963,1300
2023-05-08,24.340000,24.525000,24.270000,24.270000,22.699432,1000
2023-05-09,24.190001,24.549999,24.180000,24.180000,22.615257,1600
2023-05-10,24.200001,24.889999,24.180000,24.500000,22.914549,4800
2023-05-11,24.490000,24.490000,24.150000,24.150000,22.587196,3400
2023-05-12,24.379999,24.500000,24.350000,24.400000,22.821020,2600
2023-05-15,24.330000,24.330000,24.230000,24.230000,22.662020,1100
2023-05-16,24.415001,24.475000,24.209999,24.225000,22.657345,1500
2023-05-17,24.490000,24.490000,24.250000,24.250000,22.680727,4200
2023-05-18,24.190001,24.500000,24.010000,24.150000,22.587196,5000
2023-05-19,24.389999,24.420000,24.176001,24.398001,22.819149,1200
2023-05-22,24.386000,24.400000,24.386000,24.400000,22.821020,2300
2023-05-23,24.350000,24.584999,24.350000,24.584999,22.994045,2100
2023-05-24,24.500000,24.900000,24.500000,24.680000,23.082899,1600
2023-05-25,24.780001,24.780001,24.760000,24.760000,23.157724,300
2023-05-26,24.500000,24.700001,24.500000,24.700001,23.101606,600
2023-05-30,24.600000,24.792000,24.370001,24.370001,23.320747,1400
2023-05-31,24.900000,24.900000,24.250000,24.299999,23.253759,3700
2023-06-01,24.299999,24.299999,23.850000,24.250000,23.205914,2300
2023-06-02,24.549999,24.893999,24.549999,24.893999,23.822184,500
2023-06-05,24.480000,24.900000,24.250000,24.549999,23.492996,4600
2023-06-06,24.570000,24.629999,24.570000,24.580000,23.521704,1200
2023-06-07,24.646000,24.646000,24.459999,24.459999,23.406870,3800
2023-06-08,24.500000,24.650000,24.500000,24.650000,23.588692,2300
2023-06-09,24.650000,24.650000,24.650000,24.650000,23.588692,0
2023-06-12,24.600000,24.620001,24.600000,24.600000,23.540844,2800
2023-06-13,24.610001,24.650000,24.010000,24.650000,23.588692,3000
2023-06-14,24.649000,24.649000,24.455000,24.563999,23.506393,1100
2023-06-15,24.650000,24.799999,24.650000,24.700001,23.636539,8400
2023-06-16,24.700001,24.750000,24.405001,24.725000,23.660463,5200
2023-06-20,24.760000,24.799999,24.726999,24.799999,23.732233,3700
2023-06-21,24.799999,24.799999,24.760000,24.760000,23.693954,5100
2023-06-22,24.760000,24.760000,24.760000,24.760000,23.693954,200
2023-06-23,24.655001,24.655001,24.627001,24.655001,23.593475,900
2023-06-26,24.700001,24.799999,24.700001,24.700001,23.636539,1100
2023-06-27,24.700001,24.700001,24.700001,24.700001,23.636539,500
2023-06-28,24.650000,24.650000,24.500000,24.650000,23.588692,800
2023-06-29,24.650000,24.650000,24.650000,24.650000,23.588692,500
2023-06-30,24.600000,24.600000,24.445999,24.540001,23.483429,900
2023-07-03,24.410000,24.475000,24.410000,24.475000,23.421227,400
2023-07-05,24.500000,24.500000,24.372000,24.500000,23.445150,1300
2023-07-06,24.150000,24.299999,24.150000,24.299999,23.253759,500
2023-07-07,24.200001,24.200001,24.040001,24.040001,23.004955,2100
2023-07-10,24.056999,24.056999,21.650000,23.600000,22.583900,18100
2023-07-11,23.730000,23.868999,22.559999,23.000000,22.009731,12800
2023-07-12,23.000000,23.480000,22.811001,23.264999,22.263321,2700
2023-07-13,23.299999,23.980000,23.260000,23.980000,22.947536,600
2023-07-14,23.620001,23.620001,22.865999,23.260000,22.258539,800
2023-07-17,23.540001,23.570000,23.184000,23.570000,22.555189,900
2023-07-18,23.200001,23.205000,22.910000,23.100000,22.105427,2200
2023-07-19,23.250000,23.500000,22.000000,23.490000,22.478634,13700
2023-07-20,22.740000,23.170000,22.500000,23.170000,22.172411,7200
2023-07-21,23.100000,23.250000,23.100000,23.120001,22.124565,4800
2023-07-24,23.180000,23.180000,23.120001,23.180000,22.181982,12500
2023-07-25,23.230000,24.000000,23.180000,23.400000,22.392509,3500
2023-07-26,23.750000,23.790001,23.350000,23.740000,22.717871,4300
2023-07-27,23.650000,23.705000,23.299999,23.360001,22.354233,9500
2023-07-28,23.320000,23.910000,23.320000,23.910000,22.880550,1300
2023-07-31,23.790001,23.790001,23.790001,23.790001,22.765718,1000
2023-08-01,23.510000,23.809000,23.510000,23.764999,22.741795,900
2023-08-02,23.730000,23.990000,23.730000,23.750000,22.727442,1800
2023-08-03,23.969999,23.969999,23.969999,23.969999,22.937967,100
2023-08-04,23.959999,23.961000,23.750000,23.750000,22.727442,800
2023-08-07,23.870001,23.990000,23.770000,23.770000,22.746578,3600
2023-08-08,23.872999,23.900000,23.872999,23.900000,22.870983,1100
2023-08-09,23.895000,23.895000,23.750000,23.750000,22.727442,4300
2023-08-10,23.750000,23.914000,23.750000,23.750000,22.727442,2200
2023-08-11,23.750000,24.000000,23.750000,23.930000,22.899691,3200
2023-08-14,24.000000,24.049999,23.924999,24.040001,23.004955,1500
2023-08-15,23.924999,24.049999,23.850000,23.870001,22.842274,1000
2023-08-16,23.900000,23.976000,23.760000,23.760000,22.737009,400
2023-08-17,23.850000,23.920000,23.780001,23.920000,22.890121,900
2023-08-18,24.000000,24.500000,24.000000,24.500000,23.445150,6100
2023-08-21,24.420000,24.420000,24.160000,24.330000,23.282469,7600
2023-08-22,24.361000,24.476000,24.340000,24.476000,23.422182,1400
2023-08-23,24.450001,24.450001,24.049999,24.200001,23.158068,1300
2023-08-24,24.379999,24.625000,24.264999,24.622000,23.561895,5800
2023-08-25,24.549999,24.561001,24.350000,24.520000,23.464289,6100
2023-08-28,24.520000,25.219999,24.500000,24.889999,23.818357,20800
2023-08-29,25.600000,25.600000,24.990000,25.150000,24.067162,4600
2023-08-30,24.750000,25.450001,24.730000,25.379999,24.839355,3300
2023-08-31,24.402000,24.860001,24.402000,24.860001,24.330433,1200
2023-09-01,24.704000,24.905001,24.704000,24.905001,24.374475,1400
2023-09-05,25.120001,25.120001,24.799999,24.799999,24.271709,500
2023-09-06,25.090000,25.090000,24.760000,24.760000,24.232563,400
2023-09-07,24.872999,25.042999,24.850000,25.004000,24.471365,5600
2023-09-08,25.010000,25.010000,24.900000,24.900000,24.369579,1500
2023-09-11,24.900000,24.955000,24.853001,24.900000,24.369579,2300
2023-09-12,24.975000,25.049999,24.940001,25.049000,24.515406,1300
2023-09-13,25.049999,25.049999,24.900000,25.049999,24.516384,1100
2023-09-14,25.170000,25.170000,24.950001,25.059999,24.526173,1900
2023-09-15,25.030001,25.030001,25.000000,25.000000,24.467451,1100
2023-09-18,24.990000,25.100000,24.990000,25.100000,24.565321,6200
2023-09-19,25.035000,25.049999,25.000000,25.000000,24.467451,13300
2023-09-20,24.629999,24.629999,24.500000,24.500000,23.978102,500
2023-09-21,24.605000,24.612000,24.200001,24.200001,23.684492,5300
2023-09-22,24.469999,24.750000,24.270000,24.299999,23.782360,3500
2023-09-25,24.740000,24.750000,24.622999,24.622999,24.098480,2100
2023-09-26,24.309999,24.690001,24.280001,24.280001,23.762789,1800
2023-09-27,24.230000,24.299999,24.230000,24.299999,23.782360,800
2023-09-28,24.600000,24.600000,24.500000,24.500000,23.978102,600
2023-09-29,24.625000,24.625000,24.625000,24.625000,24.100439,500
2023-10-02,24.749001,24.749001,24.705000,24.705000,24.178734,200
2023-10-03,24.660000,24.660000,24.438999,24.438999,23.918400,5500
2023-10-04,24.320000,24.400000,24.299999,24.349001,23.830318,1400
2023-10-05,24.750000,24.750000,24.200001,24.405001,23.885126,1800
2023-10-06,24.450001,24.450001,24.250000,24.440001,23.919380,2100
2023-10-09,24.299999,24.600000,24.299999,24.525000,24.002569,2400
2023-10-10,24.730000,25.000000,24.719999,24.900000,24.369579,5800
2023-10-11,24.950001,24.950001,24.799999,24.950001,24.418516,4000
2023-10-12,24.920000,24.920000,24.530001,24.530001,24.007463,8900
2023-10-13,24.850000,24.899000,24.850000,24.850000,24.320646,1200
2023-10-16,24.850000,24.990000,24.830000,24.959999,24.428301,2200
2023-10-17,24.937000,25.450001,24.937000,25.000000,24.467451,11300
2023-10-18,24.969999,24.980000,24.920000,24.920000,24.389154,2100
2023-10-19,24.920000,25.000000,24.900000,24.941000,24.409708,3100
2023-10-20,24.976000,24.976000,24.416000,24.416000,23.895891,7300
2023-10-23,24.750000,25.000000,24.750000,24.799999,24.271709,2800
2023-10-24,25.000000,25.299999,24.980000,25.299999,24.761059,1700
2023-10-25,25.200001,25.200001,24.889999,24.889999,24.359793,600
2023-10-26,24.910000,25.084999,24.910000,25.084999,24.550638,700
2023-10-27,25.270000,25.270000,25.000000,25.000000,24.467451,2400
2023-10-30,25.100000,25.329000,25.100000,25.329000,24.789442,700
2023-10-31,25.200001,25.400000,25.100000,25.330000,24.790421,3400
2023-11-01,25.350000,25.350000,25.040001,25.299999,24.761059,3600
2023-11-02,25.400000,25.400000,25.225000,25.280001,24.741486,8400
2023-11-03,25.070000,25.299999,25.070000,25.100000,24.565321,7100
2023-11-06,25.270000,25.270000,25.270000,25.270000,24.731699,300
2023-11-07,25.270000,25.270000,25.270000,25.270000,24.731699,0
2023-11-08,25.250000,25.250000,25.250000,25.250000,24.712126,200
2023-11-09,25.209999,25.225000,25.150000,25.160000,24.624043,1800
2023-11-10,25.120001,25.280001,25.100000,25.280001,24.741486,9300
2023-11-13,25.219999,25.296000,25.200001,25.236000,24.698423,17300
2023-11-14,25.299999,25.400000,25.290001,25.400000,24.858929,26800
2023-11-15,25.290001,25.400000,25.290001,25.330000,24.790421,2400
2023-11-16,25.500000,25.510000,25.424999,25.500000,24.956799,1400
2023-11-17,25.600000,25.610001,25.486000,25.610001,25.064457,600
2023-11-20,25.719999,26.000000,25.719999,25.900000,25.348278,6200
2023-11-21,25.850000,25.966999,25.770000,25.850000,25.299345,5100
2023-11-22,25.900000,25.900000,25.900000,25.900000,25.348278,500
2023-11-24,25.900000,25.950001,25.799999,25.950001,25.397215,2500
2023-11-27,26.000000,26.000000,25.965000,25.990000,25.436361,4800
2023-11-28,26.000000,26.000000,25.950001,25.959999,25.407000,4400
2023-11-29,25.900000,26.000000,25.120001,25.820000,25.820000,22100
2023-11-30,25.850000,25.850000,25.850000,25.850000,25.850000,900
2023-12-01,25.850000,25.850000,25.500000,25.770000,25.770000,1600
2023-12-04,25.664000,25.664000,25.664000,25.664000,25.664000,300
2023-12-05,25.680000,26.000000,25.680000,25.820000,25.820000,2900
2023-12-06,25.780001,26.000000,25.740000,25.909000,25.909000,2800
2023-12-07,25.750000,25.910000,25.750000,25.750000,25.750000,2700
2023-12-08,26.075001,26.075001,26.000000,26.058001,26.058001,10500
2023-12-11,26.010000,26.090000,26.010000,26.090000,26.090000,1700
2023-12-12,26.100000,26.100000,26.000000,26.100000,26.100000,6100
2023-12-13,26.020000,26.045000,26.020000,26.040001,26.040001,7000
2023-12-14,26.100000,26.190001,26.070000,26.170000,26.170000,1800
2023-12-15,26.170000,26.170000,26.100000,26.100000,26.100000,900