Date,Open,High,Low,Close,Adj Close,Volume
1999-08-17,0.936779,0.936779,0.816679,0.816679,0.752921,19645
1999-08-18,0.816679,0.864719,0.816679,0.864719,0.797210,13270
1999-08-19,0.816679,0.864719,0.672560,0.768640,0.708632,66091
1999-08-20,0.672560,0.960799,0.672560,0.960799,0.885789,42283
1999-08-23,0.960799,1.008839,0.864719,0.864719,0.797210,40461
1999-08-24,0.864719,0.960799,0.864719,0.960799,0.885789,10538
1999-08-25,1.056879,1.152959,0.924769,1.152959,1.062947,73116
1999-08-26,1.152959,1.200999,1.056879,1.056879,0.974368,24849
1999-08-27,1.104919,1.104919,0.816679,0.912759,0.841500,29142
1999-08-30,1.008839,1.008839,0.912759,0.912759,0.841500,9758
1999-08-31,0.912759,1.008839,0.912759,1.008839,0.930079,4554
1999-09-01,1.008839,1.008839,0.864719,0.960799,0.885789,9758
1999-09-02,0.864719,0.864719,0.864719,0.864719,0.797210,2602
1999-09-03,0.864719,1.008839,0.864719,1.008839,0.930079,15482
1999-09-07,0.960799,1.152959,0.864719,0.960799,0.885789,39420
1999-09-08,0.960799,1.056879,0.960799,0.960799,0.885789,10928
1999-09-09,0.912759,0.960799,0.912759,0.960799,0.885789,4033
1999-09-10,0.912759,0.912759,0.912759,0.912759,0.841500,130
1999-09-13,0.960799,1.008839,0.912759,0.960799,0.885789,64790
1999-09-14,0.960799,0.960799,0.936779,0.960799,0.885789,11709
1999-09-15,0.912759,0.984819,0.912759,0.984819,0.907934,520
1999-09-16,0.912759,0.960799,0.912759,0.960799,0.885789,3253
1999-09-17,0.888739,0.984819,0.864719,0.864719,0.797210,29012
1999-09-20,0.960799,0.960799,0.960799,0.960799,0.885789,1301
1999-09-21,0.960799,0.960799,0.840699,0.864719,0.797210,10278
1999-09-22,0.864719,0.912759,0.792659,0.864719,0.797210,12620
1999-09-23,0.792659,0.912759,0.792659,0.912759,0.841500,19515
1999-09-24,0.864719,0.864719,0.792659,0.792659,0.730776,15222
1999-09-27,0.816679,0.864719,0.768640,0.864719,0.797210,15092
1999-09-28,0.768640,0.816679,0.768640,0.816679,0.752921,10018
1999-09-29,0.816679,0.888739,0.768640,0.888739,0.819355,21597
1999-09-30,0.888739,0.960799,0.888739,0.960799,0.885789,15352
1999-10-01,0.960799,0.960799,0.912759,0.912759,0.841500,5334
1999-10-04,0.912759,1.008839,0.912759,0.912759,0.841500,5074
1999-10-05,0.912759,0.912759,0.912759,0.912759,0.841500,1561
1999-10-06,0.912759,0.912759,0.768640,0.816679,0.752921,26020
1999-10-07,0.816679,0.864719,0.792659,0.816679,0.752921,8977
1999-10-08,0.792659,0.816679,0.792659,0.816679,0.752921,4684
1999-10-11,0.768640,0.864719,0.768640,0.864719,0.797210,10928
1999-10-12,0.816679,0.864719,0.816679,0.864719,0.797210,2732
1999-10-13,0.840699,0.864719,0.768640,0.864719,0.797210,15872
1999-10-14,0.864719,0.864719,0.792659,0.792659,0.730776,8587
1999-10-15,0.864719,0.864719,0.768640,0.768640,0.708632,4944
1999-10-18,0.768640,0.816679,0.768640,0.768640,0.708632,30053
1999-10-19,0.792659,0.792659,0.744620,0.768640,0.708632,32395
1999-10-20,0.744620,0.792659,0.744620,0.744620,0.686487,5855
1999-10-21,0.768640,0.792659,0.744620,0.768640,0.708632,21597
1999-10-22,0.744620,0.768640,0.672560,0.768640,0.708632,31875
1999-10-25,0.672560,0.768640,0.672560,0.768640,0.708632,3903
1999-10-26,0.768640,1.008839,0.624520,0.960799,0.885789,119952
1999-10-27,0.816679,0.864719,0.720600,0.768640,0.708632,43974
1999-10-28,0.672560,0.912759,0.648540,0.672560,0.620053,50479
1999-10-29,0.864719,0.864719,0.864719,0.864719,0.797210,390
1999-11-01,0.864719,0.912759,0.720600,0.912759,0.841500,11319
1999-11-02,0.864719,0.960799,0.840699,0.960799,0.885789,13921
1999-11-03,0.816679,0.960799,0.792659,0.960799,0.885789,16783
1999-11-04,0.672560,0.768640,0.624520,0.768640,0.708632,27451
1999-11-05,0.624520,0.816679,0.624520,0.672560,0.620053,23808
1999-11-08,0.672560,0.792659,0.672560,0.792659,0.730776,2732
1999-11-09,0.672560,0.792659,0.672560,0.792659,0.730776,2212
1999-11-10,0.672560,0.792659,0.672560,0.792659,0.730776,911
1999-11-11,0.720600,0.792659,0.672560,0.792659,0.730776,7025
1999-11-12,0.768640,0.936779,0.672560,0.912759,0.841500,93672
1999-11-15,0.912759,0.984819,0.912759,0.936779,0.863644,91721
1999-11-16,0.984819,0.984819,0.840699,0.912759,0.841500,48657
1999-11-17,0.864719,0.912759,0.864719,0.864719,0.797210,10798
1999-11-18,0.912759,0.912759,0.840699,0.864719,0.797210,13921
1999-11-19,0.864719,0.912759,0.864719,0.912759,0.841500,7546
1999-11-22,0.864719,0.912759,0.816679,0.912759,0.841500,30443
1999-11-23,0.864719,0.864719,0.768640,0.816679,0.752921,33436
1999-11-24,0.816679,0.912759,0.792659,0.864719,0.797210,21987
1999-11-26,0.792659,0.864719,0.792659,0.816679,0.752921,7676
1999-11-29,0.792659,0.840699,0.768640,0.840699,0.775066,27711
1999-11-30,0.840699,0.840699,0.672560,0.672560,0.620053,28752
1999-12-01,0.816679,0.816679,0.768640,0.768640,0.708632,10538
1999-12-02,0.816679,0.912759,0.768640,0.912759,0.841500,36168
1999-12-03,0.912759,0.960799,0.864719,0.864719,0.797210,40201
1999-12-06,0.864719,0.960799,0.864719,0.912759,0.841500,53861
1999-12-07,0.888739,0.924769,0.816679,0.912759,0.841500,36168
1999-12-08,0.864719,0.864719,0.816679,0.864719,0.797210,16132
1999-12-09,0.864719,0.864719,0.672560,0.720600,0.664343,49308
1999-12-10,0.720600,0.864719,0.672560,0.720600,0.664343,31484
1999-12-13,0.864719,0.864719,0.720600,0.720600,0.664343,10408
1999-12-14,0.720600,0.816679,0.720600,0.720600,0.664343,7156
1999-12-15,0.720600,0.816679,0.720600,0.720600,0.664343,12620
1999-12-16,0.672560,0.792659,0.672560,0.672560,0.620053,50349
1999-12-17,0.672560,0.696580,0.624520,0.624520,0.575764,47356
1999-12-20,0.720600,0.720600,0.576480,0.648540,0.597908,37079
1999-12-21,0.576480,0.672560,0.576480,0.624520,0.575764,62578
1999-12-22,0.624520,0.672560,0.576480,0.672560,0.620053,20035
1999-12-23,0.576480,0.816679,0.576480,0.768640,0.708632,48527
1999-12-27,0.672560,0.696580,0.576480,0.648540,0.597908,41892
1999-12-28,0.576480,0.768640,0.528440,0.720600,0.664343,17824
1999-12-29,0.528440,0.720600,0.528440,0.672560,0.620053,21597
1999-12-30,0.528440,0.672560,0.528440,0.648540,0.597908,54122
1999-12-31,0.576480,0.672560,0.576480,0.624520,0.575764,18214
2000-01-03,0.624520,0.720600,0.528440,0.672560,0.620053,53731
2000-01-04,0.720600,0.816679,0.672560,0.816679,0.752921,8977
2000-01-05,0.672560,0.816679,0.672560,0.672560,0.620053,23028
2000-01-06,0.768640,0.816679,0.624520,0.816679,0.752921,30574
2000-01-07,0.816679,0.816679,0.576480,0.816679,0.752921,5985
2000-01-10,0.816679,0.816679,0.816679,0.816679,0.752921,781
2000-01-11,0.576480,0.864719,0.576480,0.792659,0.730776,52170
2000-01-12,0.780650,0.792659,0.576480,0.576480,0.531474,7416
2000-01-13,0.576480,0.792659,0.576480,0.768640,0.708632,12099
2000-01-14,0.792659,0.816679,0.624520,0.816679,0.752921,51390
2000-01-18,0.864719,1.585319,0.768640,1.561299,1.439408,439088
2000-01-19,1.537279,1.729439,1.104919,1.249039,1.151526,398496
2000-01-20,1.152959,1.441199,1.008839,1.008839,0.930079,152217
2000-01-21,1.152959,1.249039,1.008839,1.152959,1.062947,35908
2000-01-24,1.104919,1.249039,1.008839,1.056879,0.974368,80142
2000-01-25,1.104919,1.249039,1.104919,1.200999,1.107237,90940
2000-01-26,1.249039,1.393159,1.200999,1.249039,1.151526,163276
2000-01-27,1.249039,1.297079,1.176979,1.249039,1.151526,46836
2000-01-28,1.200999,1.441199,1.200999,1.369139,1.262250,141289
2000-01-31,1.441199,1.489239,1.200999,1.249039,1.151526,86256
2000-02-01,1.273059,1.273059,1.176979,1.249039,1.151526,70905
2000-02-02,1.249039,1.297079,1.200999,1.200999,1.107237,16523
2000-02-03,1.200999,1.297079,1.200999,1.200999,1.107237,9237
2000-02-04,1.345119,1.513259,1.297079,1.321099,1.217961,119692
2000-02-07,1.321099,1.537279,1.321099,1.537279,1.417263,123595
2000-02-08,1.537279,1.537279,1.393159,1.393159,1.284395,21076
2000-02-09,1.393159,1.537279,1.393159,1.393159,1.284395,40331
2000-02-10,1.465219,1.489239,1.369139,1.441199,1.328685,34607
2000-02-11,1.537279,1.537279,1.441199,1.441199,1.328685,52040
2000-02-14,1.489239,1.537279,1.441199,1.537279,1.417263,52040
2000-02-15,1.537279,1.537279,1.393159,1.465219,1.350829,33436
2000-02-16,1.513259,1.513259,1.393159,1.393159,1.284395,74157
2000-02-17,1.393159,1.441199,1.176979,1.297079,1.195816,57504
2000-02-18,1.297079,1.297079,1.176979,1.200999,1.107237,63619
2000-02-22,1.176979,1.200999,1.152959,1.152959,1.062947,78450
2000-02-23,1.152959,1.176979,1.104919,1.104919,1.018658,44754
2000-02-24,1.104919,1.152959,0.912759,0.960799,0.885789,15222
2000-02-25,1.056879,1.056879,0.864719,0.864719,0.797210,46706
2000-02-28,0.960799,1.056879,0.864719,0.888739,0.819355,45145
2000-02-29,0.864719,0.960799,0.864719,0.960799,0.885789,77019
2000-03-01,0.960799,1.753459,0.960799,1.393159,1.284395,186173
2000-03-02,1.393159,1.537279,1.345119,1.345119,1.240105,145452
2000-03-03,1.561299,1.561299,1.393159,1.489239,1.372974,154559
2000-03-06,1.537279,1.561299,1.393159,1.537279,1.417263,167048
2000-03-07,1.537279,1.633359,1.345119,1.441199,1.328685,185262
2000-03-08,1.441199,1.537279,1.393159,1.441199,1.328685,48137
2000-03-09,1.633359,1.633359,1.249039,1.441199,1.328685,122554
2000-03-10,1.441199,1.441199,1.441199,1.441199,1.328685,0
2000-03-13,1.537279,1.561299,1.200999,1.489239,1.372974,51129
2000-03-14,1.345119,1.345119,1.200999,1.321099,1.217961,31875
2000-03-15,1.321099,1.321099,1.200999,1.200999,1.107237,35647
2000-03-16,1.200999,1.249039,1.104919,1.176979,1.085092,90159
2000-03-17,1.164969,2.209839,1.164969,1.609339,1.483698,799985
2000-03-20,1.777479,2.305919,1.633359,1.801499,1.660856,636579
2000-03-21,1.909589,1.921599,1.561299,1.633359,1.505842,133092
2000-03-22,1.825519,1.873559,1.537279,1.681399,1.550132,69213
2000-03-23,1.681399,1.945619,1.681399,1.777479,1.638711,80532
2000-03-24,1.705419,1.825519,1.609339,1.681399,1.550132,73507
2000-03-27,1.705419,1.705419,1.537279,1.537279,1.417263,24199
2000-03-28,1.729439,1.729439,1.345119,1.537279,1.417263,50089
2000-03-29,1.537279,1.633359,1.441199,1.585319,1.461553,58025
2000-03-30,1.537279,1.633359,1.489239,1.537279,1.417263,29923
2000-03-31,1.249039,1.489239,1.152959,1.249039,1.151526,112537
2000-04-03,1.249039,1.345119,1.249039,1.249039,1.151526,20946
2000-04-04,1.345119,1.441199,1.249039,1.345119,1.240105,43714
2000-04-05,1.297079,1.345119,1.200999,1.345119,1.240105,50219
2000-04-06,1.249039,1.537279,1.249039,1.537279,1.417263,26020
2000-04-07,1.537279,1.537279,1.441199,1.489239,1.372974,43974
2000-04-10,1.537279,1.537279,1.441199,1.537279,1.417263,59065
2000-04-11,1.537279,1.537279,1.441199,1.441199,1.328685,11449
2000-04-12,1.441199,1.537279,1.249039,1.297079,1.195816,22377
2000-04-13,1.441199,1.441199,1.249039,1.249039,1.151526,115529
2000-04-14,1.345119,1.489239,1.249039,1.297079,1.195816,115269
2000-04-17,1.297079,1.393159,1.200999,1.249039,1.151526,88988
2000-04-18,1.176979,1.297079,1.176979,1.297079,1.195816,16002
2000-04-19,1.297079,1.297079,1.176979,1.176979,1.085092,19775
2000-04-20,1.225019,1.249039,1.176979,1.249039,1.151526,11059
2000-04-24,1.297079,1.297079,1.176979,1.176979,1.085092,5724
2000-04-25,1.249039,1.297079,1.176979,1.200999,1.107237,15222
2000-04-26,1.176979,1.345119,1.176979,1.297079,1.195816,19385
2000-04-27,1.345119,1.345119,1.176979,1.345119,1.240105,10798
2000-04-28,1.249039,1.249039,1.176979,1.176979,1.085092,14831
2000-05-01,1.176979,1.249039,1.176979,1.200999,1.107237,39681
2000-05-02,1.297079,1.297079,1.200999,1.200999,1.107237,25109
2000-05-03,1.200999,1.249039,1.200999,1.200999,1.107237,23418
2000-05-04,1.152959,1.164969,1.128939,1.152959,1.062947,72466
2000-05-05,1.128939,1.152959,1.056879,1.104919,1.018658,28362
2000-05-08,1.056879,1.152959,0.864719,0.960799,0.885789,79101
2000-05-09,0.960799,1.104919,0.912759,0.912759,0.841500,17043
2000-05-10,1.056879,1.152959,0.912759,0.960799,0.885789,25500
2000-05-11,0.960799,1.056879,0.864719,0.960799,0.885789,36818
2000-05-12,0.960799,1.056879,0.912759,0.912759,0.841500,29142
2000-05-15,1.008839,1.008839,0.864719,0.864719,0.797210,83654
2000-05-16,0.960799,0.960799,0.768640,0.912759,0.841500,13661
2000-05-17,0.912759,0.912759,0.792659,0.912759,0.841500,17433
2000-05-18,0.972809,0.984819,0.792659,0.912759,0.841500,70254
2000-05-19,0.792659,0.864719,0.792659,0.816679,0.752921,49958
2000-05-22,0.816679,0.816679,0.768640,0.816679,0.752921,23028
2000-05-23,0.768640,0.864719,0.768640,0.864719,0.797210,63879
2000-05-24,0.912759,0.912759,0.816679,0.912759,0.841500,58935
2000-05-25,0.912759,0.912759,0.768640,0.816679,0.752921,24459
2000-05-26,0.816679,0.816679,0.768640,0.816679,0.752921,25109
2000-05-30,0.816679,0.816679,0.696580,0.768640,0.708632,92111
2000-05-31,0.864719,0.864719,0.672560,0.768640,0.708632,60236
2000-06-01,0.768640,0.792659,0.768640,0.792659,0.730776,14831
2000-06-02,0.864719,0.864719,0.672560,0.816679,0.752921,31354
2000-06-05,0.768640,0.816679,0.672560,0.816679,0.752921,44364
2000-06-06,0.816679,0.816679,0.672560,0.768640,0.708632,91590
2000-06-07,0.768640,0.768640,0.672560,0.768640,0.708632,63229
2000-06-08,0.768640,0.792659,0.672560,0.768640,0.708632,288302
2000-06-09,0.768640,0.768640,0.672560,0.720600,0.664343,57634
2000-06-12,0.720600,0.720600,0.696580,0.720600,0.664343,5464
2000-06-13,0.720600,0.720600,0.696580,0.720600,0.664343,22768
2000-06-14,0.720600,0.720600,0.672560,0.720600,0.664343,33956
2000-06-15,0.672560,0.720600,0.672560,0.720600,0.664343,35647
2000-06-16,0.672560,0.720600,0.648540,0.696580,0.642198,86256
2000-06-19,0.648540,0.720600,0.600500,0.600500,0.553619,64920
2000-06-20,0.576480,0.624520,0.576480,0.624520,0.575764,65831
2000-06-21,0.624520,0.648540,0.624520,0.648540,0.597908,8196
2000-06-22,0.672560,0.672560,0.624520,0.672560,0.620053,33176
2000-06-23,0.672560,0.816679,0.672560,0.768640,0.708632,32785
2000-06-26,0.744620,0.864719,0.744620,0.864719,0.797210,43844
2000-06-27,0.720600,0.864719,0.720600,0.816679,0.752921,22898
2000-06-28,0.768640,0.768640,0.768640,0.768640,0.708632,3253
2000-06-29,0.720600,0.768640,0.720600,0.756630,0.697560,10668
2000-06-30,0.756630,0.756630,0.720600,0.756630,0.697560,7416
2000-07-03,0.720600,0.744620,0.720600,0.744620,0.686487,7806
2000-07-05,0.756630,0.756630,0.720600,0.756630,0.697560,27581
2000-07-06,0.672560,0.864719,0.672560,0.756630,0.697560,80012
2000-07-07,0.720600,0.792659,0.720600,0.792659,0.730776,30704
2000-07-10,0.792659,0.864719,0.720600,0.864719,0.797210,59976
2000-07-11,0.720600,0.816679,0.696580,0.816679,0.752921,28492
2000-07-12,0.720600,0.960799,0.696580,0.864719,0.797210,45795
2000-07-13,0.816679,0.864719,0.816679,0.816679,0.752921,39550
2000-07-14,0.816679,1.008839,0.768640,0.960799,0.885789,126848
2000-07-17,0.696580,0.864719,0.696580,0.864719,0.797210,74157
2000-07-18,0.696580,0.864719,0.696580,0.864719,0.797210,9497
2000-07-19,0.792659,0.840699,0.768640,0.840699,0.775066,71815
2000-07-20,0.864719,0.864719,0.768640,0.864719,0.797210,40851
2000-07-21,0.672560,0.816679,0.672560,0.768640,0.708632,48137
2000-07-24,0.768640,0.768640,0.672560,0.768640,0.708632,4814
2000-07-25,0.768640,0.768640,0.672560,0.768640,0.708632,7676
2000-07-26,0.768640,0.768640,0.672560,0.768640,0.708632,4163
2000-07-27,0.672560,0.768640,0.672560,0.768640,0.708632,55813
2000-07-28,0.768640,0.768640,0.672560,0.768640,0.708632,14571
2000-07-31,0.768640,0.768640,0.624520,0.720600,0.664343,22507
2000-08-01,0.720600,0.720600,0.624520,0.720600,0.664343,19255
2000-08-02,0.624520,0.720600,0.624520,0.720600,0.664343,88858
2000-08-03,0.624520,0.672560,0.600500,0.648540,0.597908,182921
2000-08-04,0.648540,0.816679,0.624520,0.816679,0.752921,83915
2000-08-07,0.816679,0.816679,0.720600,0.720600,0.664343,1691
2000-08-08,0.624520,0.768640,0.576480,0.672560,0.620053,87687
2000-08-09,0.672560,0.768640,0.552460,0.600500,0.553619,148184
2000-08-10,0.672560,0.720600,0.576480,0.720600,0.664343,138036
2000-08-11,0.672560,0.792659,0.576480,0.792659,0.730776,96014
2000-08-14,0.792659,0.816679,0.576480,0.768640,0.708632,35387
2000-08-15,0.720600,0.720600,0.576480,0.624520,0.575764,48137
2000-08-16,0.624520,0.624520,0.480400,0.576480,0.531474,123855
2000-08-17,0.576480,0.576480,0.504420,0.576480,0.531474,120603
2000-08-18,0.576480,0.648540,0.528440,0.648540,0.597908,66481
2000-08-21,0.624520,0.624520,0.528440,0.576480,0.531474,96404
2000-08-22,0.576480,0.576480,0.504420,0.576480,0.531474,108634
2000-08-23,0.624520,0.624520,0.528440,0.552460,0.509329,64269
2000-08-24,0.576480,0.648540,0.528440,0.600500,0.553619,46055
2000-08-25,0.624520,0.624520,0.552460,0.588490,0.542546,70384
2000-08-28,0.576480,0.768640,0.504420,0.624520,0.575764,218438
2000-08-29,0.576480,0.612510,0.480400,0.552460,0.509329,147273
2000-08-30,0.576480,0.576480,0.528440,0.576480,0.531474,118261
2000-08-31,0.576480,0.576480,0.456380,0.480400,0.442895,151046
2000-09-01,0.504420,0.504420,0.480400,0.504420,0.465040,168089
2000-09-05,0.480400,0.552460,0.480400,0.528440,0.487185,29663
2000-09-06,0.576480,0.576480,0.480400,0.528440,0.487185,44624
2000-09-07,0.504420,0.528440,0.504420,0.528440,0.487185,144931
2000-09-08,0.528440,0.528440,0.480400,0.528440,0.487185,34216
2000-09-11,0.528440,0.528440,0.504420,0.528440,0.487185,134654
2000-09-12,0.528440,0.528440,0.492410,0.528440,0.487185,184482
2000-09-13,0.528440,0.528440,0.492410,0.528440,0.487185,11189
2000-09-14,0.528440,0.576480,0.480400,0.576480,0.531474,104210
2000-09-15,0.528440,0.528440,0.456380,0.456380,0.420750,119432
2000-09-18,0.480400,0.480400,0.408340,0.432360,0.398606,60497
2000-09-19,0.408340,0.432360,0.408340,0.432360,0.398606,51520
2000-09-20,0.408340,0.456380,0.408340,0.456380,0.420750,13140
2000-09-21,0.456380,0.456380,0.432360,0.456380,0.420750,6245
2000-09-22,0.432360,0.456380,0.396330,0.456380,0.420750,70384
2000-09-25,0.456380,0.456380,0.396330,0.432360,0.398606,19645
2000-09-26,0.396330,0.456380,0.396330,0.444370,0.409678,55553
2000-09-27,0.456380,0.456380,0.384320,0.432360,0.398606,27581
2000-09-28,0.384320,0.408340,0.384320,0.408340,0.376461,58025
2000-09-29,0.336280,0.408340,0.336280,0.408340,0.376461,24199
2000-10-02,0.384320,0.408340,0.360300,0.408340,0.376461,7286
2000-10-03,0.408340,0.408340,0.408340,0.408340,0.376461,0
2000-10-04,0.360300,0.408340,0.360300,0.408340,0.376461,26671
2000-10-05,0.408340,0.408340,0.408340,0.408340,0.376461,0
2000-10-06,0.336280,0.408340,0.288240,0.408340,0.376461,8457
2000-10-09,0.408340,0.408340,0.288240,0.408340,0.376461,5594
2000-10-10,0.288240,0.408340,0.288240,0.408340,0.376461,3643
2000-10-11,0.300250,0.408340,0.288240,0.408340,0.376461,4684
2000-10-12,0.408340,0.408340,0.288240,0.336280,0.310027,30183
2000-10-13,0.360300,0.360300,0.288240,0.360300,0.332171,10408
2000-10-16,0.336280,0.408340,0.336280,0.408340,0.376461,9888
2000-10-17,0.336280,0.408340,0.336280,0.408340,0.376461,3643
2000-10-18,0.336280,0.408340,0.288240,0.408340,0.376461,18214
2000-10-19,0.300250,0.408340,0.288240,0.408340,0.376461,9367
2000-10-20,0.288240,0.408340,0.288240,0.408340,0.376461,49178
2000-10-23,0.384320,0.408340,0.336280,0.408340,0.376461,15612
2000-10-24,0.336280,0.384320,0.312260,0.384320,0.354316,79361
2000-10-25,0.288240,0.408340,0.288240,0.408340,0.376461,85216
2000-10-26,0.312260,0.384320,0.312260,0.384320,0.354316,8066
2000-10-27,0.312260,0.408340,0.288240,0.408340,0.376461,69994
2000-10-30,0.288240,0.408340,0.288240,0.408340,0.376461,9627
2000-10-31,0.408340,0.408340,0.408340,0.408340,0.376461,0
2000-11-01,0.408340,0.408340,0.408340,0.408340,0.376461,0
2000-11-02,0.288240,0.408340,0.288240,0.408340,0.376461,3253
2000-11-03,0.408340,0.408340,0.408340,0.408340,0.376461,260
2000-11-06,0.288240,0.384320,0.288240,0.384320,0.354316,4033
2000-11-07,0.288240,0.384320,0.288240,0.384320,0.354316,2082
2000-11-08,0.288240,0.384320,0.288240,0.384320,0.354316,7546
2000-11-09,0.360300,0.384320,0.288240,0.384320,0.354316,162885
2000-11-10,0.264220,0.384320,0.264220,0.384320,0.354316,88728
2000-11-13,0.384320,0.384320,0.264220,0.384320,0.354316,5985
2000-11-14,0.384320,0.384320,0.288240,0.312260,0.287882,11709
2000-11-15,0.300250,0.312260,0.300250,0.312260,0.287882,9497
2000-11-16,0.300250,0.300250,0.264220,0.300250,0.276809,83004
2000-11-17,0.264220,0.360300,0.240200,0.360300,0.332171,90420
2000-11-20,0.288240,0.288240,0.288240,0.288240,0.265737,4163
2000-11-21,0.288240,0.288240,0.264220,0.264220,0.243592,46186
2000-11-22,0.240200,0.264220,0.216180,0.264220,0.243592,46966
2000-11-24,0.240200,0.264220,0.240200,0.264220,0.243592,4554
2000-11-27,0.240200,0.264220,0.240200,0.264220,0.243592,29403
2000-11-28,0.216180,0.336280,0.216180,0.288240,0.265737,273210
2000-11-29,0.288240,0.288240,0.240200,0.240200,0.221448,4684
2000-11-30,0.240200,0.336280,0.240200,0.336280,0.310027,10148
2000-12-01,0.240200,0.240200,0.192160,0.240200,0.221448,268917
2000-12-04,0.264220,0.264220,0.216180,0.264220,0.243592,58545
2000-12-05,0.192160,0.264220,0.192160,0.264220,0.243592,71165
2000-12-06,0.216180,0.264220,0.216180,0.240200,0.221448,32135
2000-12-07,0.264220,0.264220,0.192160,0.264220,0.243592,45795
2000-12-08,0.192160,0.252210,0.168140,0.216180,0.199303,46446
2000-12-11,0.216180,0.216180,0.168140,0.168140,0.155013,143761
2000-12-12,0.168140,0.168140,0.144120,0.168140,0.155013,24719
2000-12-13,0.168140,0.168140,0.132110,0.156130,0.143941,275942
2000-12-14,0.156130,0.156130,0.096080,0.144120,0.132869,410986
2000-12-15,0.096080,0.108090,0.096080,0.108090,0.099651,108113
2000-12-18,0.108090,0.108090,0.096080,0.108090,0.099651,217657
2000-12-19,0.108090,0.120100,0.096080,0.108090,0.099651,191637
2000-12-20,0.108090,0.108090,0.072060,0.096080,0.088579,765248
2000-12-21,0.072060,0.096080,0.072060,0.096080,0.088579,42673
2000-12-22,0.084070,0.084070,0.072060,0.084070,0.077507,249662
2000-12-26,0.084070,0.084070,0.072060,0.084070,0.077507,185002
2000-12-27,0.084070,0.084070,0.072060,0.072060,0.066434,104340
2000-12-28,0.072060,0.084070,0.072060,0.084070,0.077507,159763
2000-12-29,0.084070,0.144120,0.072060,0.144120,0.132869,1405991
2001-01-02,0.156130,0.156130,0.120100,0.120100,0.110724,227285
2001-01-03,0.120100,0.120100,0.120100,0.120100,0.110724,36298
2001-01-04,0.120100,0.120100,0.108090,0.120100,0.110724,134523
2001-01-05,0.120100,0.120100,0.120100,0.120100,0.110724,257598
2001-01-08,0.120100,0.120100,0.084070,0.096080,0.088579,251613
2001-01-09,0.096080,0.096080,0.084070,0.084070,0.077507,301182
2001-01-10,0.084070,0.096080,0.084070,0.096080,0.088579,779299
2001-01-11,0.096080,0.120100,0.096080,0.120100,0.110724,809092
2001-01-12,0.120100,0.120100,0.096080,0.096080,0.088579,459513
2001-01-16,0.096080,0.120100,0.096080,0.096080,0.088579,944786
2001-01-17,0.096080,0.096080,0.096080,0.096080,0.088579,461855
2001-01-18,0.096080,0.120100,0.096080,0.120100,0.110724,883639
2001-01-19,0.120100,0.120100,0.108090,0.120100,0.110724,661298
2001-01-22,0.120100,0.132110,0.108090,0.120100,0.110724,892226
2001-01-23,0.144120,0.144120,0.120100,0.120100,0.110724,220780
2001-01-24,0.132110,0.132110,0.108090,0.108090,0.099651,118781
2001-01-25,0.120100,0.132110,0.120100,0.132110,0.121796,1293064
2001-01-26,0.132110,0.324270,0.132110,0.240200,0.221448,1163224
2001-01-29,0.312260,0.432360,0.264220,0.384320,0.354316,748726
2001-01-30,0.480400,0.480400,0.336280,0.396330,0.365388,388609
2001-01-31,0.408340,0.504420,0.336280,0.432360,0.398606,717502
2001-02-01,0.408340,0.456380,0.384320,0.420350,0.387533,73767
2001-02-02,0.408340,0.432360,0.336280,0.360300,0.332171,111105
2001-02-05,0.360300,0.396330,0.288240,0.312260,0.287882,159112
2001-02-06,0.288240,0.348290,0.288240,0.336280,0.310027,38510
2001-02-07,0.336280,0.348290,0.312260,0.348290,0.321099,95103
2001-02-08,0.348290,0.348290,0.312260,0.312260,0.287882,182921
2001-02-09,0.312260,0.348290,0.312260,0.348290,0.321099,240815
2001-02-12,0.312260,0.384320,0.300250,0.312260,0.287882,173814
2001-02-13,0.312260,0.348290,0.312260,0.312260,0.287882,31224
2001-02-14,0.336280,0.432360,0.324270,0.420350,0.387533,297539
2001-02-15,0.432360,0.720600,0.420350,0.600500,0.553619,456651
2001-02-16,0.636530,0.672560,0.576480,0.612510,0.564691,129970
2001-02-20,0.576480,0.672560,0.576480,0.624520,0.575764,26801
2001-02-21,0.576480,0.720600,0.576480,0.600500,0.553619,142199
2001-02-22,0.672560,0.672560,0.504420,0.504420,0.465040,113577
2001-02-23,0.504420,0.576480,0.456380,0.456380,0.420750,41762
2001-02-26,0.456380,0.456380,0.360300,0.384320,0.354316,104731
2001-02-27,0.372310,0.384320,0.312260,0.336280,0.310027,56203
2001-02-28,0.372310,0.372310,0.312260,0.372310,0.343244,94843
2001-03-01,0.372310,0.372310,0.312260,0.372310,0.343244,17173
2001-03-02,0.372310,0.372310,0.336280,0.348290,0.321099,26671
2001-03-05,0.348290,0.420350,0.336280,0.420350,0.387533,66091
2001-03-06,0.420350,0.432360,0.384320,0.384320,0.354316,51520
2001-03-07,0.408340,0.408340,0.360300,0.408340,0.376461,15742
2001-03-08,0.408340,0.408340,0.408340,0.408340,0.376461,14831
2001-03-09,0.360300,0.456380,0.360300,0.372310,0.343244,33436
2001-03-12,0.384320,0.564470,0.384320,0.504420,0.465040,48007
2001-03-13,0.480400,0.576480,0.432360,0.576480,0.531474,146493
2001-03-14,0.600500,0.612510,0.552460,0.576480,0.531474,303914
2001-03-15,0.600500,0.768640,0.600500,0.768640,0.708632,515977
2001-03-16,0.720600,0.768640,0.576480,0.624520,0.575764,191767
2001-03-19,0.624520,0.660550,0.528440,0.528440,0.487185,54902
2001-03-20,0.636530,0.672560,0.624520,0.672560,0.620053,72726
2001-03-21,0.672560,0.672560,0.612510,0.672560,0.620053,10668
2001-03-22,0.624520,0.672560,0.576480,0.576480,0.531474,62058
2001-03-23,0.672560,0.672560,0.576480,0.648540,0.597908,75198
2001-03-26,0.672560,0.744620,0.648540,0.720600,0.664343,158982
2001-03-27,0.696580,0.744620,0.696580,0.720600,0.664343,75978
2001-03-28,0.720600,0.732610,0.624520,0.696580,0.642198,59716
2001-03-29,0.720600,0.720600,0.672560,0.696580,0.642198,71815
2001-03-30,0.696580,0.720600,0.648540,0.672560,0.620053,15742
2001-04-02,0.720600,0.732610,0.648540,0.720600,0.664343,39811
2001-04-03,0.720600,0.720600,0.624520,0.648540,0.597908,148834
2001-04-04,0.720600,0.720600,0.624520,0.648540,0.597908,18995
2001-04-05,0.720600,0.720600,0.624520,0.672560,0.620053,35778
2001-04-06,0.624520,0.720600,0.576480,0.672560,0.620053,148054
2001-04-09,0.607225,0.691776,0.607225,0.661030,0.609423,105381
2001-04-10,0.653344,0.668716,0.614912,0.653344,0.602337,136345
2001-04-11,0.637971,0.653344,0.622598,0.645657,0.595250,208290
2001-04-12,0.637971,0.668716,0.614912,0.668716,0.616509,147533
2001-04-16,0.653344,0.714835,0.545734,0.584166,0.538560,316663
2001-04-17,0.599539,0.622598,0.530361,0.530361,0.488956,292985
2001-04-18,0.568793,0.691776,0.499616,0.691776,0.637769,175115
2001-04-19,0.691776,0.691776,0.584166,0.614912,0.566906,83784
2001-04-20,0.553420,0.645657,0.545734,0.599539,0.552733,118911
2001-04-23,0.653344,0.684089,0.599539,0.684089,0.630682,76629
2001-04-24,0.676403,0.714835,0.599539,0.614912,0.566906,172122
2001-04-25,0.614912,0.668716,0.614912,0.637971,0.588164,110715
2001-04-26,0.676403,0.684089,0.591852,0.630284,0.581078,115399
2001-04-27,0.614912,0.630284,0.591852,0.630284,0.581078,23808
2001-04-30,0.653344,0.730208,0.630284,0.676403,0.623596,153128
2001-05-01,0.691776,0.699462,0.614912,0.653344,0.602337,154299
2001-05-02,0.614912,0.653344,0.614912,0.653344,0.602337,62448
2001-05-03,0.653344,0.668716,0.637971,0.637971,0.588164,45535
2001-05-04,0.691776,0.691776,0.614912,0.653344,0.602337,27321
2001-05-07,0.653344,0.676403,0.614912,0.653344,0.602337,107593
2001-05-08,0.614912,0.691776,0.614912,0.691776,0.637769,200744
2001-05-09,0.691776,0.737894,0.630284,0.730208,0.673200,145582
2001-05-10,0.737894,0.960799,0.730208,0.930054,0.857444,795952
2001-05-11,0.999231,1.152959,0.999231,1.076095,0.992084,516757
2001-05-14,1.045350,1.160646,0.614912,0.883935,0.814926,1602312
2001-05-15,1.022291,1.114527,0.968486,1.037663,0.956652,754840
2001-05-16,1.029977,1.029977,0.853190,0.914681,0.843272,504658
2001-05-17,0.906995,0.922367,0.845503,0.868563,0.800754,364931
2001-05-18,0.930054,0.937740,0.868563,0.906995,0.836186,282968
2001-05-21,0.945427,0.953113,0.883935,0.914681,0.843272,187734
2001-05-22,0.906995,0.914681,0.876249,0.883935,0.814926,121253
2001-05-23,0.891622,0.899308,0.730208,0.807071,0.744063,288952
2001-05-24,0.784012,0.784012,0.699462,0.760953,0.701545,218178
2001-05-25,0.776326,0.776326,0.753267,0.768640,0.708632,57504
2001-05-29,0.768640,0.776326,0.722521,0.722521,0.666114,120993
2001-05-30,0.753267,0.753267,0.614912,0.614912,0.566906,249792
2001-05-31,0.630284,0.668716,0.538048,0.538048,0.496043,178107
2001-06-01,0.576480,0.630284,0.553420,0.576480,0.531474,125547
2001-06-04,0.630284,0.653344,0.561107,0.561107,0.517301,149875
2001-06-05,0.561107,0.584166,0.545734,0.568793,0.524387,80922
2001-06-06,0.576480,0.614912,0.568793,0.584166,0.538560,209071
2001-06-07,0.607225,0.630284,0.568793,0.584166,0.538560,141419
2001-06-08,0.599539,0.614912,0.576480,0.614912,0.566906,92371
2001-06-11,0.614912,0.614912,0.568793,0.568793,0.524387,17564
2001-06-12,0.568793,0.591852,0.568793,0.591852,0.545646,26931
2001-06-13,0.599539,0.599539,0.568793,0.591852,0.545646,35517
2001-06-14,0.591852,0.607225,0.553420,0.599539,0.552733,144151
2001-06-15,0.599539,0.599539,0.545734,0.576480,0.531474,48007
2001-06-18,0.584166,0.591852,0.545734,0.591852,0.545646,54382
2001-06-19,0.599539,0.614912,0.561107,0.614912,0.566906,35647
2001-06-20,0.614912,0.614912,0.545734,0.576480,0.531474,30313
2001-06-21,0.614912,0.668716,0.599539,0.637971,0.588164,125286
2001-06-22,0.661030,0.661030,0.545734,0.599539,0.552733,34867
2001-06-25,0.599539,0.607225,0.561107,0.576480,0.531474,16523
2001-06-26,0.561107,0.591852,0.561107,0.591852,0.545646,23678
2001-06-27,0.561107,0.591852,0.545734,0.576480,0.531474,34346
2001-06-28,0.576480,0.607225,0.553420,0.576480,0.531474,50609
2001-06-29,0.568793,0.614912,0.568793,0.568793,0.524387,34477
2001-07-02,0.576480,0.614912,0.576480,0.607225,0.559819,76369
2001-07-03,0.614912,0.614912,0.607225,0.614912,0.566906,28102
2001-07-05,0.576480,0.591852,0.553420,0.591852,0.545646,49958
2001-07-06,0.553420,0.591852,0.553420,0.591852,0.545646,70905
2001-07-09,0.530361,0.591852,0.530361,0.591852,0.545646,17303
2001-07-10,0.591852,0.607225,0.553420,0.553420,0.510214,72206
2001-07-11,0.553420,0.607225,0.545734,0.607225,0.559819,70774
2001-07-12,0.607225,0.607225,0.545734,0.576480,0.531474,41892
2001-07-13,0.576480,0.591852,0.568793,0.584166,0.538560,35127
2001-07-16,0.584166,0.591852,0.568793,0.584166,0.538560,18995
2001-07-17,0.576480,0.622598,0.576480,0.599539,0.552733,60887
2001-07-18,0.576480,0.622598,0.576480,0.591852,0.545646,52040
2001-07-19,0.591852,0.622598,0.576480,0.622598,0.573992,78190
2001-07-20,0.622598,0.622598,0.591852,0.607225,0.559819,9107
2001-07-23,0.584166,0.614912,0.584166,0.614912,0.566906,11449
2001-07-24,0.614912,0.614912,0.584166,0.599539,0.552733,15222
2001-07-25,0.576480,0.584166,0.561107,0.576480,0.531474,56333
2001-07-26,0.607225,0.607225,0.561107,0.591852,0.545646,33436
2001-07-27,0.576480,0.591852,0.553420,0.553420,0.510214,50739
2001-07-30,0.576480,0.614912,0.561107,0.576480,0.531474,49828
2001-07-31,0.614912,0.614912,0.576480,0.576480,0.531474,16132
2001-08-01,0.576480,0.622598,0.576480,0.622598,0.573992,368183
2001-08-02,0.622598,0.722521,0.607225,0.691776,0.637769,204257
2001-08-03,0.699462,0.807071,0.691776,0.776326,0.715718,325640
2001-08-06,0.791699,0.814758,0.791699,0.807071,0.744063,208420
2001-08-07,0.814758,0.976172,0.799385,0.922367,0.850358,406042
2001-08-08,0.922367,0.945427,0.822444,0.830131,0.765323,122164
2001-08-09,0.830131,0.914681,0.776326,0.791699,0.729891,132572
2001-08-10,0.807071,0.807071,0.691776,0.707148,0.651941,95233
2001-08-13,0.753267,0.753267,0.676403,0.730208,0.673200,13791
2001-08-14,0.745580,0.753267,0.707148,0.722521,0.666114,25109
2001-08-15,0.753267,0.807071,0.707148,0.799385,0.736977,55943
2001-08-16,0.784012,0.814758,0.784012,0.799385,0.736977,73246
2001-08-17,0.807071,0.845503,0.768640,0.784012,0.722804,100697
2001-08-20,0.784012,0.807071,0.730208,0.784012,0.722804,15872
2001-08-21,0.799385,0.799385,0.745580,0.745580,0.687372,29923
2001-08-22,0.753267,0.776326,0.745580,0.768640,0.708632,34477
2001-08-23,0.768640,0.768640,0.753267,0.753267,0.694459,26671
2001-08-24,0.730208,0.753267,0.707148,0.707148,0.651941,23158
2001-08-27,0.707148,0.737894,0.707148,0.737894,0.680286,30313
2001-08-28,0.768640,0.768640,0.684089,0.699462,0.644855,30834
2001-08-29,0.699462,0.707148,0.676403,0.676403,0.623596,55162
2001-08-30,0.661030,0.722521,0.661030,0.668716,0.616509,16393
2001-08-31,0.661030,0.737894,0.661030,0.737894,0.680286,13400
2001-09-04,0.676403,0.722521,0.676403,0.722521,0.666114,18084
2001-09-05,0.691776,0.714835,0.691776,0.691776,0.637769,25239
2001-09-06,0.676403,0.707148,0.676403,0.699462,0.644855,8847
2001-09-07,0.676403,0.699462,0.661030,0.699462,0.644855,26150
2001-09-10,0.699462,0.699462,0.645657,0.661030,0.609423,41892
2001-09-17,0.707148,0.776326,0.653344,0.730208,0.673200,182921
2001-09-18,0.668716,0.737894,0.630284,0.730208,0.673200,71555
2001-09-19,0.730208,0.730208,0.653344,0.730208,0.673200,10018
2001-09-20,0.653344,0.730208,0.653344,0.707148,0.651941,19515
2001-09-21,0.653344,0.707148,0.591852,0.614912,0.566906,69473
2001-09-24,0.645657,0.691776,0.591852,0.668716,0.616509,32265
2001-09-25,0.691776,0.691776,0.553420,0.653344,0.602337,22247
2001-09-26,0.653344,0.653344,0.553420,0.653344,0.602337,48397
2001-09-27,0.653344,0.668716,0.553420,0.653344,0.602337,4163
2001-09-28,0.668716,0.668716,0.591852,0.653344,0.602337,19255
2001-10-01,0.591852,0.668716,0.591852,0.668716,0.616509,6245
2001-10-02,0.591852,0.668716,0.591852,0.668716,0.616509,27581
2001-10-03,0.668716,0.668716,0.553420,0.614912,0.566906,79231
2001-10-04,0.561107,0.607225,0.561107,0.607225,0.559819,30964
2001-10-05,0.607225,0.607225,0.607225,0.607225,0.559819,4293
2001-10-08,0.607225,0.607225,0.545734,0.576480,0.531474,47617
2001-10-09,0.576480,0.599539,0.553420,0.599539,0.552733,31875
2001-10-10,0.591852,0.591852,0.561107,0.576480,0.531474,24199
2001-10-11,0.561107,0.568793,0.538048,0.568793,0.524387,76369
2001-10-12,0.545734,0.576480,0.545734,0.576480,0.531474,26801
2001-10-15,0.553420,0.614912,0.553420,0.607225,0.559819,33566
2001-10-16,0.607225,0.607225,0.576480,0.599539,0.552733,47226
2001-10-17,0.568793,0.576480,0.545734,0.568793,0.524387,44754
2001-10-18,0.545734,0.553420,0.538048,0.553420,0.510214,20426
2001-10-19,0.514988,0.553420,0.514988,0.553420,0.510214,8847
2001-10-22,0.553420,0.630284,0.514988,0.614912,0.566906,310939
2001-10-23,0.614912,0.622598,0.584166,0.622598,0.573992,39550
2001-10-24,0.622598,0.653344,0.584166,0.653344,0.602337,45405
2001-10-25,0.637971,0.653344,0.545734,0.607225,0.559819,88598
2001-10-26,0.607225,0.614912,0.561107,0.584166,0.538560,44364
2001-10-29,0.614912,0.645657,0.591852,0.637971,0.588164,86126
2001-10-30,0.637971,0.637971,0.614912,0.637971,0.588164,11189
2001-10-31,0.637971,0.637971,0.607225,0.614912,0.566906,24849
2001-11-01,0.622598,0.622598,0.553420,0.576480,0.531474,55553
2001-11-02,0.576480,0.576480,0.545734,0.553420,0.510214,23028
2001-11-05,0.576480,0.576480,0.545734,0.545734,0.503128,20166
2001-11-06,0.568793,0.576480,0.522675,0.545734,0.503128,86647
2001-11-07,0.591852,0.591852,0.545734,0.576480,0.531474,38119
2001-11-08,0.576480,0.576480,0.553420,0.576480,0.531474,6635
2001-11-09,0.568793,0.607225,0.553420,0.607225,0.559819,90940
2001-11-12,0.630284,0.637971,0.591852,0.607225,0.559819,34607
2001-11-13,0.637971,0.668716,0.630284,0.653344,0.602337,147794
2001-11-14,0.653344,0.653344,0.614912,0.622598,0.573992,20296
2001-11-15,0.661030,0.668716,0.614912,0.668716,0.616509,87557
2001-11-16,0.676403,0.676403,0.645657,0.661030,0.609423,71815
2001-11-19,0.630284,0.661030,0.630284,0.630284,0.581078,36298
2001-11-20,0.661030,0.661030,0.614912,0.622598,0.573992,40331
2001-11-21,0.622598,0.653344,0.622598,0.630284,0.581078,25239
2001-11-23,0.630284,0.645657,0.622598,0.622598,0.573992,24459
2001-11-26,0.645657,0.645657,0.599539,0.614912,0.566906,75198
2001-11-27,0.607225,0.630284,0.607225,0.630284,0.581078,7546
2001-11-28,0.607225,0.645657,0.591852,0.591852,0.545646,21727
2001-11-29,0.645657,0.645657,0.645657,0.645657,0.595250,4684
2001-11-30,0.645657,0.653344,0.614912,0.645657,0.595250,21987
2001-12-03,0.622598,0.645657,0.622598,0.630284,0.581078,9497
2001-12-04,0.622598,0.645657,0.599539,0.645657,0.595250,34997
2001-12-05,0.630284,0.645657,0.599539,0.614912,0.566906,65961
2001-12-06,0.645657,0.645657,0.614912,0.614912,0.566906,43974
2001-12-07,0.614912,0.614912,0.599539,0.607225,0.559819,34477
2001-12-10,0.607225,0.607225,0.576480,0.591852,0.545646,35127
2001-12-11,0.607225,0.607225,0.584166,0.584166,0.538560,30443
2001-12-12,0.607225,0.607225,0.576480,0.576480,0.531474,33436
2001-12-13,0.568793,0.599539,0.553420,0.599539,0.552733,45925
2001-12-14,0.553420,0.599539,0.553420,0.568793,0.524387,14311
2001-12-17,0.561107,0.599539,0.561107,0.568793,0.524387,13400
2001-12-18,0.538048,0.584166,0.538048,0.568793,0.524387,19125
2001-12-19,0.545734,0.584166,0.545734,0.584166,0.538560,5985
2001-12-20,0.576480,0.699462,0.576480,0.691776,0.637769,245369
2001-12-21,0.699462,0.699462,0.599539,0.622598,0.573992,93022
2001-12-24,0.645657,0.653344,0.622598,0.622598,0.573992,18734
2001-12-26,0.622598,0.676403,0.622598,0.676403,0.623596,29533
2001-12-27,0.676403,0.676403,0.630284,0.676403,0.623596,35387
2001-12-28,0.630284,0.676403,0.622598,0.622598,0.573992,37209
2001-12-31,0.622598,0.630284,0.614912,0.614912,0.566906,140508
2002-01-02,0.676403,0.684089,0.591852,0.622598,0.573992,28232
2002-01-03,0.622598,0.622598,0.576480,0.576480,0.531474,35647
2002-01-04,0.614912,0.614912,0.576480,0.584166,0.538560,20035
2002-01-07,0.584166,0.622598,0.584166,0.622598,0.573992,7286
2002-01-08,0.584166,0.622598,0.584166,0.614912,0.566906,71555
2002-01-09,0.614912,0.622598,0.599539,0.622598,0.573992,10668
2002-01-10,0.614912,0.676403,0.614912,0.676403,0.623596,179408
2002-01-11,0.668716,0.668716,0.599539,0.653344,0.602337,24459
2002-01-14,0.653344,0.668716,0.622598,0.668716,0.616509,28362
2002-01-15,0.622598,0.668716,0.622598,0.653344,0.602337,13530
2002-01-16,0.622598,0.630284,0.622598,0.630284,0.581078,14311
2002-01-17,0.622598,0.653344,0.622598,0.622598,0.573992,45925
2002-01-18,0.622598,0.661030,0.622598,0.645657,0.595250,57764
2002-01-22,0.645657,0.661030,0.630284,0.661030,0.609423,43063
2002-01-23,0.661030,0.661030,0.637971,0.661030,0.609423,9888
2002-01-24,0.637971,0.676403,0.637971,0.661030,0.609423,100567
2002-01-25,0.653344,0.653344,0.614912,0.645657,0.595250,17173
2002-01-28,0.645657,0.645657,0.630284,0.637971,0.588164,17824
2002-01-29,0.645657,0.645657,0.645657,0.645657,0.595250,23548
2002-01-30,0.645657,0.645657,0.622598,0.622598,0.573992,14962
2002-01-31,0.637971,0.645657,0.622598,0.637971,0.588164,47226
2002-02-01,0.637971,0.645657,0.614912,0.622598,0.573992,14311
2002-02-04,0.653344,0.661030,0.614912,0.622598,0.573992,20035
2002-02-05,0.622598,0.661030,0.614912,0.661030,0.609423,72336
2002-02-06,0.630284,0.661030,0.630284,0.630284,0.581078,31484
2002-02-07,0.645657,0.661030,0.645657,0.645657,0.595250,44104
2002-02-08,0.637971,0.653344,0.637971,0.653344,0.602337,34477
2002-02-11,0.653344,0.661030,0.630284,0.653344,0.602337,42022
2002-02-12,0.653344,0.707148,0.630284,0.707148,0.651941,243807
2002-02-13,0.837817,0.960799,0.768640,0.937740,0.864530,651281
2002-02-14,0.953113,0.976172,0.899308,0.922367,0.850358,290253
2002-02-15,0.899308,0.930054,0.807071,0.883935,0.814926,216226
2002-02-19,0.883935,0.899308,0.845503,0.883935,0.814926,51259
2002-02-20,0.891622,0.937740,0.868563,0.922367,0.850358,154819
2002-02-21,0.930054,0.953113,0.922367,0.953113,0.878703,103039
2002-02-22,0.937740,0.953113,0.883935,0.914681,0.843272,145452
2002-02-25,0.914681,0.914681,0.837817,0.868563,0.800754,187084
2002-02-26,0.876249,0.922367,0.868563,0.922367,0.850358,21206
2002-02-27,0.883935,0.930054,0.883935,0.922367,0.850358,79491
2002-02-28,0.937740,0.945427,0.906995,0.930054,0.857444,63099
2002-03-01,0.922367,0.960799,0.922367,0.960799,0.885789,33045
2002-03-04,0.960799,0.983859,0.930054,0.983859,0.907049,110325
2002-03-05,0.983859,1.053036,0.968486,1.037663,0.956652,161975
2002-03-06,1.053036,1.245196,1.029977,1.199078,1.105466,393422
2002-03-07,1.214450,1.214450,1.145273,1.152959,1.062947,143500
2002-03-08,1.168332,1.206764,1.129900,1.152959,1.062947,267746
2002-03-11,1.152959,1.306687,1.145273,1.299001,1.197588,320827
2002-03-12,1.283628,1.306687,1.176018,1.291314,1.190501,143500
2002-03-13,1.322060,1.544965,1.306687,1.483474,1.367659,265924
2002-03-14,1.537279,1.652575,1.537279,1.591084,1.466868,276723
2002-03-15,1.614143,1.737125,1.498847,1.714066,1.580248,411246
2002-03-18,1.837048,1.890853,1.737125,1.890853,1.743234,884420
2002-03-19,1.944658,2.152191,1.944658,2.152191,1.984169,792309
2002-03-20,2.152191,2.275173,2.144504,2.182936,2.012514,753149
2002-03-21,2.182936,2.182936,1.737125,1.798616,1.658198,1076578
2002-03-22,1.790930,1.921599,1.790930,1.867794,1.721975,318095
2002-03-25,1.875480,1.875480,1.660261,1.714066,1.580248,205818
2002-03-26,1.737125,1.813989,1.714066,1.729439,1.594421,239514
2002-03-27,1.706380,1.760184,1.537279,1.537279,1.417263,231838
2002-03-28,1.521906,1.537279,1.176018,1.537279,1.417263,740269
2002-04-01,1.606457,1.913912,1.598770,1.767871,1.629853,751588
2002-04-02,1.790930,1.790930,1.606457,1.729439,1.594421,138817
2002-04-03,1.752498,1.952344,1.744812,1.913912,1.764493,372997
2002-04-04,1.921599,1.929285,1.790930,1.867794,1.721975,184092
2002-04-05,1.867794,1.921599,1.737125,1.921599,1.771579,184742
2002-04-08,1.913912,2.052267,1.883167,1.967717,1.814097,221690
2002-04-09,1.921599,1.983090,1.898540,1.952344,1.799924,77019
2002-04-10,1.983090,2.121445,1.960031,2.098386,1.934565,124376
2002-04-11,2.098386,2.167563,2.013836,2.075327,1.913306,235611
2002-04-12,2.083013,2.083013,2.013836,2.052267,1.892046,39941
2002-04-15,2.052267,2.052267,1.983090,1.983090,1.828270,54642
2002-04-16,1.998463,2.106072,1.998463,2.006149,1.849529,76499
2002-04-17,2.098386,2.098386,1.960031,1.967717,1.814097,139207
2002-04-18,1.990776,2.021522,1.960031,1.975404,1.821184,104340
2002-04-19,1.967717,1.967717,1.913912,1.936972,1.785752,90550
2002-04-22,1.936972,1.998463,1.921599,1.921599,1.771579,64660
2002-04-23,1.936972,1.936972,1.906226,1.906226,1.757407,60236
2002-04-24,1.913912,1.975404,1.906226,1.944658,1.792838,123335
2002-04-25,1.960031,1.960031,1.906226,1.906226,1.757407,31875
2002-04-26,1.913912,1.913912,1.829362,1.829362,1.686543,82483
2002-04-29,1.829362,1.829362,1.706380,1.721752,1.587335,72336
2002-04-30,1.698693,1.752498,1.614143,1.752498,1.615680,147794
2002-05-01,1.683321,1.837048,1.644889,1.790930,1.651112,111886
2002-05-02,1.775557,1.913912,1.775557,1.875480,1.729061,90420
2002-05-03,1.890853,1.913912,1.883167,1.883167,1.736148,73767
2002-05-06,1.883167,2.013836,1.867794,1.975404,1.821184,182400
2002-05-07,1.960031,2.205995,1.960031,2.106072,1.941650,524433
2002-05-08,2.113759,2.113759,1.990776,2.036895,1.877874,141159
2002-05-09,1.998463,2.044581,1.883167,1.944658,1.792838,110195
2002-05-10,1.983090,1.983090,1.898540,1.898540,1.750321,9497
2002-05-13,1.944658,2.044581,1.898540,2.036895,1.877874,106162
2002-05-14,2.036895,2.067640,2.006149,2.021522,1.863702,124896
2002-05-15,2.067640,2.067640,2.006149,2.036895,1.877874,96925
2002-05-16,2.044581,2.044581,2.006149,2.036895,1.877874,50219
2002-05-17,2.044581,2.044581,2.021522,2.044581,1.884960,32135
2002-05-20,2.029208,2.044581,1.960031,1.960031,1.807011,142199
2002-05-21,1.998463,2.029208,1.952344,1.952344,1.799924,68042
2002-05-22,1.960031,1.960031,1.844735,1.875480,1.729061,92241
2002-05-23,1.883167,1.975404,1.867794,1.944658,1.792838,83784
2002-05-24,1.975404,2.006149,1.944658,1.998463,1.842443,141809
2002-05-28,1.983090,1.998463,1.952344,1.990776,1.835356,25890
2002-05-29,1.998463,2.006149,1.952344,1.975404,1.821184,55293
2002-05-30,1.983090,2.013836,1.936972,2.006149,1.849529,115399
2002-05-31,2.029208,2.029208,1.952344,1.998463,1.842443,98095
2002-06-03,2.029208,2.029208,1.906226,1.960031,1.807011,81573
2002-06-04,1.960031,1.967717,1.921599,1.929285,1.778666,70384
2002-06-05,1.929285,1.960031,1.929285,1.960031,1.807011,77279
2002-06-06,1.944658,1.990776,1.929285,1.960031,1.807011,80922
2002-06-07,1.960031,1.983090,1.906226,1.921599,1.771579,45405
2002-06-10,1.906226,1.960031,1.906226,1.960031,1.807011,27451
2002-06-11,1.921599,1.921599,1.906226,1.921599,1.771579,14311
2002-06-12,1.921599,1.921599,1.852421,1.875480,1.729061,15872
2002-06-13,1.875480,1.875480,1.729439,1.737125,1.601507,101738
2002-06-14,1.737125,1.760184,1.675634,1.714066,1.580248,129580
2002-06-17,1.706380,1.714066,1.652575,1.691007,1.558990,40591
2002-06-18,1.691007,1.729439,1.675634,1.698693,1.566076,45925
2002-06-19,1.714066,1.737125,1.691007,1.691007,1.558990,30443
2002-06-20,1.691007,1.767871,1.683321,1.698693,1.566076,64920
2002-06-21,1.752498,1.752498,1.691007,1.691007,1.558990,9888
2002-06-24,1.691007,1.714066,1.683321,1.714066,1.580248,54902
2002-06-25,1.698693,1.714066,1.683321,1.683321,1.551904,44104
2002-06-26,1.683321,1.691007,1.498847,1.568025,1.445609,136605
2002-06-27,1.552652,1.652575,1.552652,1.652575,1.523558,72206
2002-06-28,1.644889,1.644889,1.575711,1.575711,1.452695,33696
2002-07-01,1.583397,1.583397,1.491161,1.537279,1.417263,122164
2002-07-02,1.537279,1.552652,1.398924,1.529593,1.410178,42543
2002-07-03,1.498847,1.614143,1.460415,1.583397,1.459781,44624
2002-07-05,1.591084,1.660261,1.568025,1.660261,1.530644,17564
2002-07-08,1.660261,1.660261,1.606457,1.614143,1.488127,11969
2002-07-09,1.591084,1.621829,1.568025,1.583397,1.459781,27581
2002-07-10,1.606457,1.606457,1.375865,1.537279,1.417263,173944
2002-07-11,1.460415,1.491161,1.368178,1.491161,1.374746,50219
2002-07-12,1.514220,1.514220,1.383551,1.437356,1.325141,61277
2002-07-15,1.421983,1.421983,1.214450,1.252882,1.155069,132442
2002-07-16,1.268255,1.314374,1.214450,1.299001,1.197588,44494
2002-07-17,1.314374,1.437356,1.314374,1.437356,1.325141,29923
2002-07-18,1.460415,1.529593,1.421983,1.498847,1.381832,48657
2002-07-19,1.529593,1.544965,1.506533,1.514220,1.396005,45015
2002-07-22,1.537279,1.544965,1.429669,1.506533,1.388918,43844
2002-07-23,1.506533,1.506533,1.345119,1.383551,1.275537,40591
2002-07-24,1.306687,1.322060,1.191391,1.322060,1.218847,94062
2002-07-25,1.322060,1.322060,1.214450,1.237510,1.140897,67652
2002-07-26,1.214450,1.214450,1.152959,1.191391,1.098379,102259
2002-07-29,1.168332,1.306687,1.168332,1.299001,1.197588,20946
2002-07-30,1.299001,1.299001,1.283628,1.291314,1.190501,11709
2002-07-31,1.291314,1.345119,1.268255,1.268255,1.169242,21987
2002-08-01,1.306687,1.314374,1.275942,1.275942,1.176329,10668
2002-08-02,1.275942,1.345119,1.252882,1.306687,1.204674,43453
2002-08-05,1.306687,1.306687,1.199078,1.214450,1.119638,67002
2002-08-06,1.206764,1.229823,1.183705,1.191391,1.098379,33045
2002-08-07,1.191391,1.245196,1.191391,1.229823,1.133811,13140
2002-08-08,1.245196,1.275942,1.199078,1.222137,1.126724,34346
2002-08-09,1.222137,1.237510,1.206764,1.206764,1.112552,30443
2002-08-12,1.199078,1.237510,1.191391,1.191391,1.098379,20426
2002-08-13,1.229823,1.229823,1.168332,1.168332,1.077120,12099
2002-08-14,1.191391,1.306687,1.183705,1.229823,1.133811,16002
2002-08-15,1.245196,1.245196,1.199078,1.199078,1.105466,3122
2002-08-16,1.206764,1.206764,1.145273,1.152959,1.062947,66091
2002-08-19,1.145273,1.152959,1.037663,1.060723,0.977912,74938
2002-08-20,1.006918,1.076095,1.006918,1.045350,0.963740,11839
2002-08-21,1.076095,1.083782,0.906995,0.906995,0.836186,143110
2002-08-22,0.914681,0.914681,0.830131,0.899308,0.829099,124766
2002-08-23,0.899308,1.114527,0.883935,1.114527,1.027516,87167
2002-08-26,1.006918,1.037663,0.968486,1.029977,0.949567,33566
2002-08-27,1.022291,1.114527,0.968486,0.999231,0.921221,103169
2002-08-28,0.968486,1.037663,0.968486,1.037663,0.956652,8717
2002-08-29,0.968486,0.999231,0.953113,0.968486,0.892876,62968
2002-08-30,0.937740,0.937740,0.853190,0.937740,0.864530,184742
2002-09-03,0.937740,0.960799,0.937740,0.960799,0.885789,8977
2002-09-04,0.991545,0.991545,0.976172,0.991545,0.914135,9758
2002-09-05,1.014604,1.076095,0.976172,0.976172,0.899962,12360
2002-09-06,1.014604,1.076095,0.976172,1.076095,0.992084,22117
2002-09-09,1.076095,1.076095,0.983859,0.983859,0.907049,9237
2002-09-10,0.983859,1.060723,0.983859,1.060723,0.977912,11839
2002-09-11,1.060723,1.114527,1.014604,1.014604,0.935394,78450
2002-09-12,1.014604,1.114527,1.014604,1.114527,1.027516,69734
2002-09-13,1.114527,1.145273,1.106841,1.114527,1.027516,41892
2002-09-16,1.114527,1.168332,0.983859,0.999231,0.921221,198272
2002-09-17,1.022291,1.022291,0.906995,0.930054,0.857444,57764
2002-09-18,0.945427,0.945427,0.906995,0.906995,0.836186,51780
2002-09-19,0.906995,0.937740,0.768640,0.776326,0.715718,218308
2002-09-20,0.784012,0.845503,0.784012,0.830131,0.765323,52300
2002-09-23,0.860876,0.868563,0.830131,0.868563,0.800754,65180
2002-09-24,0.868563,0.868563,0.845503,0.853190,0.786581,12099
2002-09-25,0.853190,0.891622,0.830131,0.860876,0.793667,77930
2002-09-26,0.876249,0.891622,0.860876,0.883935,0.814926,31875
2002-09-27,0.891622,0.991545,0.883935,0.976172,0.899962,70254
2002-09-30,0.991545,1.022291,0.968486,1.022291,0.942480,20946
2002-10-01,1.037663,1.037663,1.022291,1.037663,0.956652,40331
2002-10-02,1.037663,1.045350,0.968486,0.976172,0.899962,35387
2002-10-03,0.960799,0.968486,0.960799,0.960799,0.885789,3383
2002-10-04,1.022291,1.029977,0.960799,0.960799,0.885789,27972
2002-10-07,0.960799,0.991545,0.922367,0.960799,0.885789,16653
2002-10-08,0.991545,0.991545,0.845503,0.860876,0.793667,28492
2002-10-09,0.860876,0.899308,0.845503,0.876249,0.807840,37339
2002-10-10,0.899308,0.922367,0.883935,0.914681,0.843272,50089
2002-10-11,0.891622,0.891622,0.891622,0.891622,0.822013,4554
2002-10-14,0.883935,0.937740,0.883935,0.914681,0.843272,11449
2002-10-15,0.883935,0.922367,0.845503,0.906995,0.836186,49178
2002-10-16,0.914681,1.014604,0.891622,1.014604,0.935394,95754
2002-10-17,1.045350,1.083782,1.037663,1.076095,0.992084,102649
2002-10-18,1.076095,1.076095,1.053036,1.076095,0.992084,15482
2002-10-21,1.076095,1.076095,1.045350,1.076095,0.992084,11709
2002-10-22,1.053036,1.076095,1.053036,1.068409,0.984998,8587
2002-10-23,1.076095,1.099154,1.060723,1.099154,1.013343,22507
2002-10-24,1.106841,1.168332,1.106841,1.152959,1.062947,105381
2002-10-25,1.152959,1.268255,1.129900,1.214450,1.119638,65440
2002-10-28,1.229823,1.252882,1.214450,1.222137,1.126724,13400
2002-10-29,1.222137,1.268255,1.222137,1.245196,1.147983,16132
2002-10-30,1.229823,1.268255,1.222137,1.252882,1.155069,23678
2002-10-31,1.260569,1.268255,1.152959,1.168332,1.077120,35778
2002-11-01,1.152959,1.222137,1.152959,1.160646,1.070034,21336
2002-11-04,1.152959,1.214450,1.152959,1.214450,1.119638,33306
2002-11-05,1.229823,1.245196,1.214450,1.237510,1.140897,34477
2002-11-06,1.237510,1.291314,1.222137,1.291314,1.190501,58285
2002-11-07,1.237510,1.291314,1.229823,1.260569,1.162156,45275
2002-11-08,1.152959,1.229823,1.152959,1.229823,1.133811,28232
2002-11-11,1.168332,1.168332,1.168332,1.168332,1.077120,651
2002-11-12,1.191391,1.229823,1.168332,1.168332,1.077120,1561
2002-11-13,1.229823,1.291314,1.214450,1.229823,1.133811,8587
2002-11-14,1.191391,1.268255,1.191391,1.229823,1.133811,14831
2002-11-15,1.268255,1.283628,1.191391,1.268255,1.169242,46055
2002-11-18,1.283628,1.283628,1.252882,1.252882,1.155069,11709
2002-11-19,1.252882,1.283628,1.252882,1.283628,1.183415,77800
2002-11-20,1.283628,1.314374,1.275942,1.314374,1.211761,50479
2002-11-21,1.314374,1.383551,1.291314,1.375865,1.268451,68823
2002-11-22,1.375865,1.544965,1.345119,1.537279,1.417263,153388
2002-11-25,1.491161,1.621829,1.491161,1.598770,1.473954,115399
2002-11-26,1.575711,1.598770,1.506533,1.537279,1.417263,94583
2002-11-27,1.514220,1.552652,1.514220,1.529593,1.410178,34607
2002-11-29,1.537279,2.006149,1.537279,1.906226,1.757407,113707
2002-12-02,1.921599,2.075327,1.767871,1.883167,1.736148,165617
2002-12-03,1.883167,1.913912,1.598770,1.767871,1.629853,83134
2002-12-04,1.806303,1.806303,1.575711,1.706380,1.573162,54122
2002-12-05,1.706380,1.706380,1.621829,1.637202,1.509385,23418
2002-12-06,1.614143,1.683321,1.537279,1.568025,1.445609,74677
2002-12-09,1.568025,1.575711,1.383551,1.568025,1.445609,40591
2002-12-10,1.537279,1.568025,1.498847,1.498847,1.381832,13400
2002-12-11,1.537279,1.537279,1.506533,1.537279,1.417263,10018
2002-12-12,1.529593,1.614143,1.460415,1.614143,1.488127,37729
2002-12-13,1.614143,1.721752,1.460415,1.652575,1.523558,41762
2002-12-16,1.614143,1.629516,1.537279,1.629516,1.502299,9367
2002-12-17,1.614143,1.614143,1.529593,1.568025,1.445609,76109
2002-12-18,1.575711,1.575711,1.375865,1.421983,1.310969,77149
2002-12-19,1.421983,1.491161,1.360492,1.360492,1.254278,56073
2002-12-20,1.452729,1.460415,1.383551,1.460415,1.346400,20296
2002-12-23,1.498847,1.537279,1.460415,1.506533,1.388918,36948
2002-12-24,1.460415,1.498847,1.460415,1.460415,1.346400,21857
2002-12-26,1.498847,1.521906,1.383551,1.514220,1.396005,45405
2002-12-27,1.514220,1.575711,1.475788,1.568025,1.445609,47487
2002-12-30,1.568025,1.568025,1.398924,1.468101,1.353486,32265
2002-12-31,1.521906,1.537279,1.383551,1.460415,1.346400,56594
2003-01-02,1.391238,1.498847,1.383551,1.498847,1.381832,11319
2003-01-03,1.460415,1.475788,1.383551,1.414297,1.303883,25109
2003-01-06,1.529593,1.529593,1.383551,1.421983,1.310969,23028
2003-01-07,1.421983,1.452729,1.383551,1.445042,1.332227,9107
2003-01-08,1.391238,1.468101,1.383551,1.421983,1.310969,11579
2003-01-09,1.460415,1.460415,1.345119,1.421983,1.310969,8457
2003-01-10,1.460415,1.498847,1.421983,1.421983,1.310969,18344
2003-01-13,1.421983,1.460415,1.345119,1.360492,1.254278,20686
2003-01-14,1.345119,1.406610,1.252882,1.299001,1.197588,70254
2003-01-15,1.306687,1.421983,1.299001,1.414297,1.303883,9367
2003-01-16,1.429669,1.475788,1.421983,1.475788,1.360573,13661
2003-01-17,1.475788,1.475788,1.421983,1.421983,1.310969,5985
2003-01-21,1.421983,1.498847,1.421983,1.483474,1.367659,12229
2003-01-22,1.460415,1.491161,1.460415,1.460415,1.346400,6505
2003-01-23,1.491161,1.498847,1.475788,1.498847,1.381832,44494
2003-01-24,1.460415,1.491161,1.391238,1.391238,1.282624,13140
2003-01-27,1.398924,1.468101,1.306687,1.368178,1.261364,30704
2003-01-28,1.437356,1.437356,1.345119,1.345119,1.240105,10018
2003-01-29,1.345119,1.491161,1.345119,1.445042,1.332227,16002
2003-01-30,1.421983,1.421983,1.345119,1.352806,1.247192,5074
2003-01-31,1.383551,1.491161,1.383551,1.383551,1.275537,9367
2003-02-03,1.398924,1.498847,1.398924,1.398924,1.289710,10668
2003-02-04,1.391238,1.475788,1.383551,1.398924,1.289710,3773
2003-02-05,1.437356,1.483474,1.437356,1.437356,1.325141,7676
2003-02-06,1.483474,1.537279,1.468101,1.483474,1.367659,45275
2003-02-07,1.537279,1.537279,1.421983,1.421983,1.310969,21597
2003-02-10,1.498847,1.498847,1.383551,1.398924,1.289710,16783
2003-02-11,1.437356,1.437356,1.368178,1.383551,1.275537,15742
2003-02-12,1.368178,1.452729,1.345119,1.383551,1.275537,7416
2003-02-13,1.345119,1.383551,1.306687,1.375865,1.268451,22637
2003-02-14,1.421983,1.491161,1.375865,1.491161,1.374746,16393
2003-02-18,1.491161,1.498847,1.421983,1.460415,1.346400,24459
2003-02-19,1.491161,1.491161,1.306687,1.421983,1.310969,19905
2003-02-20,1.383551,1.421983,1.314374,1.383551,1.275537,18084
2003-02-21,1.406610,1.483474,1.406610,1.437356,1.325141,34086
2003-02-24,1.475788,1.483474,1.383551,1.452729,1.339314,40721
2003-02-25,1.445042,1.445042,1.345119,1.345119,1.240105,34346
2003-02-26,1.460415,1.460415,1.383551,1.429669,1.318054,28102
2003-02-27,1.452729,1.460415,1.391238,1.421983,1.310969,59846
2003-02-28,1.429669,1.445042,1.368178,1.368178,1.261364,10538
2003-03-03,1.368178,1.445042,1.306687,1.306687,1.204674,104991
2003-03-04,1.383551,1.406610,1.306687,1.368178,1.261364,33956
2003-03-05,1.368178,1.398924,1.306687,1.398924,1.289710,23548
2003-03-06,1.345119,1.368178,1.306687,1.368178,1.261364,6895
2003-03-07,1.291314,1.375865,1.268255,1.268255,1.169242,13530
2003-03-10,1.345119,1.375865,1.283628,1.283628,1.183415,21857
2003-03-11,1.368178,1.368178,1.229823,1.237510,1.140897,57114
2003-03-12,1.360492,1.368178,1.229823,1.322060,1.218847,40201
2003-03-13,1.268255,1.360492,1.268255,1.337433,1.233019,55943
2003-03-14,1.345119,1.368178,1.275942,1.306687,1.204674,45795
2003-03-17,1.360492,1.375865,1.275942,1.375865,1.268451,19385
2003-03-18,1.375865,1.375865,1.268255,1.314374,1.211761,34607
2003-03-19,1.283628,1.345119,1.237510,1.306687,1.204674,17433
2003-03-20,1.268255,1.306687,1.229823,1.260569,1.162156,31875
2003-03-21,1.306687,1.306687,1.245196,1.268255,1.169242,18084
2003-03-24,1.314374,1.322060,1.306687,1.306687,1.204674,24589
2003-03-25,1.306687,1.306687,1.268255,1.268255,1.169242,44364
2003-03-26,1.306687,1.306687,1.245196,1.252882,1.155069,28102
2003-03-27,1.229823,1.299001,1.191391,1.299001,1.197588,35387
2003-03-28,1.299001,1.306687,1.176018,1.222137,1.126724,16913
2003-03-31,1.191391,1.222137,1.168332,1.206764,1.112552,13530
2003-04-01,1.191391,1.245196,1.168332,1.183705,1.091293,24199
2003-04-02,1.191391,1.191391,1.160646,1.176018,1.084206,42673
2003-04-03,1.176018,1.176018,1.160646,1.176018,1.084206,6895
2003-04-04,1.176018,1.191391,1.152959,1.191391,1.098379,13400
2003-04-07,1.199078,1.199078,1.137586,1.160646,1.070034,26801
2003-04-08,1.160646,1.176018,1.145273,1.176018,1.084206,15612
2003-04-09,1.160646,1.160646,1.129900,1.160646,1.070034,32785
2003-04-10,1.160646,1.160646,1.129900,1.145273,1.055861,15742
2003-04-11,1.129900,1.145273,1.122214,1.122214,1.034602,7286
2003-04-14,1.114527,1.114527,1.037663,1.091468,1.006257,40982
2003-04-15,1.076095,1.106841,0.999231,1.076095,0.992084,80012
2003-04-16,1.014604,1.114527,1.014604,1.106841,1.020430,27581
2003-04-17,1.114527,1.114527,1.076095,1.114527,1.027516,31354
2003-04-21,1.122214,1.129900,1.060723,1.114527,1.027516,29403
2003-04-22,1.114527,1.129900,1.037663,1.076095,0.992084,49438
2003-04-23,1.106841,1.114527,1.076095,1.091468,1.006257,18604
2003-04-24,1.083782,1.106841,1.083782,1.083782,0.999171,3903
2003-04-25,1.076095,1.099154,1.060723,1.099154,1.013343,19515
2003-04-28,1.099154,1.106841,1.076095,1.076095,0.992084,3903
2003-04-29,1.114527,1.114527,1.037663,1.037663,0.956652,39160
2003-04-30,1.091468,1.106841,1.037663,1.037663,0.956652,17043
2003-05-01,1.037663,1.145273,1.037663,1.091468,1.006257,30964
2003-05-02,1.137586,1.137586,1.068409,1.076095,0.992084,24719
2003-05-05,1.114527,1.129900,1.083782,1.114527,1.027516,33826
2003-05-06,1.114527,1.152959,1.076095,1.122214,1.034602,44494
2003-05-07,1.122214,1.152959,1.083782,1.122214,1.034602,19255
2003-05-08,1.114527,1.152959,1.114527,1.145273,1.055861,24979
2003-05-09,1.152959,1.168332,1.137586,1.160646,1.070034,39420
2003-05-12,1.183705,1.206764,1.145273,1.152959,1.062947,40721
2003-05-13,1.129900,1.268255,1.122214,1.152959,1.062947,104210
2003-05-14,1.245196,1.345119,1.160646,1.245196,1.147983,73897
2003-05-15,1.268255,1.345119,1.252882,1.306687,1.204674,85996
2003-05-16,1.345119,1.345119,1.268255,1.306687,1.204674,52040
2003-05-19,1.329746,1.337433,1.245196,1.275942,1.176329,46966
2003-05-20,1.268255,1.337433,1.199078,1.268255,1.169242,49828
2003-05-21,1.306687,1.306687,1.152959,1.291314,1.190501,63229
2003-05-22,1.291314,1.291314,1.237510,1.252882,1.155069,9107
2003-05-23,1.229823,1.268255,1.191391,1.229823,1.133811,36558
2003-05-27,1.229823,1.283628,1.229823,1.252882,1.155069,43193
2003-05-28,1.260569,1.306687,1.237510,1.252882,1.155069,167699
2003-05-29,1.252882,1.337433,1.252882,1.260569,1.162156,68303
2003-05-30,1.322060,1.337433,1.268255,1.299001,1.197588,40982
2003-06-02,1.306687,1.322060,1.245196,1.275942,1.176329,58805
2003-06-03,1.299001,1.306687,1.245196,1.245196,1.147983,24849
2003-06-04,1.245196,1.268255,1.229823,1.252882,1.155069,68172
2003-06-05,1.268255,1.306687,1.245196,1.252882,1.155069,50609
2003-06-06,1.283628,1.306687,1.275942,1.275942,1.176329,68823
2003-06-09,1.283628,1.375865,1.275942,1.375865,1.268451,55813
2003-06-10,1.345119,1.368178,1.306687,1.306687,1.204674,39030
2003-06-11,1.345119,1.352806,1.275942,1.291314,1.190501,18604
2003-06-12,1.237510,1.306687,1.237510,1.291314,1.190501,42413
2003-06-13,1.314374,1.314374,1.245196,1.283628,1.183415,11449
2003-06-16,1.245196,1.383551,1.245196,1.314374,1.211761,33176
2003-06-17,1.306687,1.352806,1.291314,1.352806,1.247192,40071
2003-06-18,1.329746,1.491161,1.329746,1.460415,1.346400,168610
2003-06-19,1.398924,1.460415,1.398924,1.429669,1.318054,16913
2003-06-20,1.460415,1.460415,1.383551,1.383551,1.275537,17433
2003-06-23,1.421983,1.445042,1.252882,1.360492,1.254278,59456
2003-06-24,1.375865,1.375865,1.283628,1.291314,1.190501,26931
2003-06-25,1.299001,1.329746,1.291314,1.329746,1.225932,275682
2003-06-26,1.322060,1.445042,1.322060,1.322060,1.218847,73507
2003-06-27,1.314374,1.414297,1.314374,1.368178,1.261364,11449
2003-06-30,1.398924,1.398924,1.337433,1.398924,1.289710,43453
2003-07-01,1.345119,1.414297,1.337433,1.414297,1.303883,8847
2003-07-02,1.414297,1.414297,1.345119,1.391238,1.282624,31744
2003-07-03,1.383551,1.391238,1.360492,1.391238,1.282624,13140
2003-07-07,1.406610,1.421983,1.368178,1.383551,1.275537,30053
2003-07-08,1.352806,1.414297,1.352806,1.383551,1.275537,65570
2003-07-09,1.352806,1.406610,1.345119,1.352806,1.247192,15352
2003-07-10,1.383551,1.383551,1.345119,1.345119,1.240105,237563
2003-07-11,1.314374,1.368178,1.291314,1.352806,1.247192,43063
2003-07-14,1.322060,1.383551,1.314374,1.329746,1.225932,78190
2003-07-15,1.329746,1.414297,1.306687,1.414297,1.303883,67132
2003-07-16,1.421983,1.421983,1.345119,1.383551,1.275537,84305
2003-07-17,1.383551,1.460415,1.383551,1.460415,1.346400,75068
2003-07-18,1.429669,1.491161,1.429669,1.460415,1.346400,21987
2003-07-21,1.460415,1.483474,1.429669,1.437356,1.325141,34477
2003-07-22,1.437356,1.460415,1.429669,1.452729,1.339314,21987
2003-07-23,1.445042,1.460415,1.383551,1.445042,1.332227,25500
2003-07-24,1.398924,1.445042,1.398924,1.421983,1.310969,9627
2003-07-25,1.429669,1.483474,1.421983,1.421983,1.310969,30443
2003-07-28,1.452729,1.475788,1.383551,1.383551,1.275537,20426
2003-07-29,1.383551,1.414297,1.383551,1.383551,1.275537,10408
2003-07-30,1.398924,1.398924,1.306687,1.345119,1.240105,58285
2003-07-31,1.306687,1.368178,1.283628,1.352806,1.247192,34997
2003-08-01,1.291314,1.406610,1.268255,1.314374,1.211761,30183
2003-08-04,1.383551,1.421983,1.306687,1.322060,1.218847,43193
2003-08-05,1.306687,1.421983,1.306687,1.421983,1.310969,48788
2003-08-06,1.329746,1.383551,1.329746,1.345119,1.240105,21076
2003-08-07,1.329746,1.375865,1.306687,1.329746,1.225932,48267
2003-08-08,1.375865,1.375865,1.306687,1.345119,1.240105,15222
2003-08-11,1.375865,1.414297,1.345119,1.414297,1.303883,47226
2003-08-12,1.383551,1.414297,1.322060,1.383551,1.275537,39160
2003-08-13,1.314374,1.383551,1.314374,1.383551,1.275537,14831
2003-08-14,1.391238,1.529593,1.391238,1.491161,1.374746,321737
2003-08-15,1.483474,1.483474,1.483474,1.483474,1.367659,5855
2003-08-18,1.445042,1.460415,1.391238,1.391238,1.282624,43844
2003-08-19,1.421983,1.460415,1.398924,1.460415,1.346400,48527
2003-08-20,1.460415,1.498847,1.429669,1.475788,1.360573,49568
2003-08-21,1.491161,1.498847,1.468101,1.475788,1.360573,48267
2003-08-22,1.468101,1.498847,1.460415,1.491161,1.374746,11189
2003-08-25,1.491161,1.491161,1.452729,1.460415,1.346400,39420
2003-08-26,1.460415,1.483474,1.429669,1.475788,1.360573,26410
2003-08-27,1.460415,1.468101,1.445042,1.452729,1.339314,17043
2003-08-28,1.445042,1.460415,1.445042,1.445042,1.332227,33045
2003-08-29,1.460415,1.460415,1.421983,1.429669,1.318054,13400
2003-09-02,1.421983,1.429669,1.421983,1.421983,1.310969,16653
2003-09-03,1.421983,1.483474,1.421983,1.460415,1.346400,36038
2003-09-04,1.460415,1.483474,1.429669,1.452729,1.339314,36168
2003-09-05,1.452729,1.498847,1.452729,1.460415,1.346400,58155
2003-09-08,1.460415,1.506533,1.421983,1.460415,1.346400,54122
2003-09-09,1.460415,1.475788,1.398924,1.437356,1.325141,34607
2003-09-10,1.406610,1.445042,1.398924,1.398924,1.289710,17433
2003-09-11,1.452729,1.452729,1.391238,1.421983,1.310969,5855
2003-09-12,1.414297,1.452729,1.383551,1.421983,1.310969,22898
2003-09-15,1.437356,1.452729,1.383551,1.398924,1.289710,13010
2003-09-16,1.445042,1.445042,1.352806,1.383551,1.275537,38900
2003-09-17,1.383551,1.383551,1.360492,1.375865,1.268451,10668
2003-09-18,1.360492,1.452729,1.345119,1.429669,1.318054,25370
2003-09-19,1.445042,1.452729,1.352806,1.421983,1.310969,9497
2003-09-22,1.406610,1.437356,1.345119,1.352806,1.247192,59326
2003-09-23,1.352806,1.406610,1.345119,1.406610,1.296796,18734
2003-09-24,1.383551,1.421983,1.345119,1.421983,1.310969,21336
2003-09-25,1.421983,1.437356,1.421983,1.437356,1.325141,31224
2003-09-26,1.398924,1.437356,1.383551,1.391238,1.282624,5985
2003-09-29,1.460415,1.460415,1.383551,1.429669,1.318054,13530
2003-09-30,1.391238,1.452729,1.383551,1.452729,1.339314,21336
2003-10-01,1.383551,1.452729,1.383551,1.391238,1.282624,24719
2003-10-02,1.383551,1.445042,1.383551,1.445042,1.332227,10278
2003-10-03,1.421983,1.460415,1.421983,1.452729,1.339314,27581
2003-10-06,1.421983,1.452729,1.383551,1.452729,1.339314,8457
2003-10-07,1.391238,1.421983,1.352806,1.391238,1.282624,11319
2003-10-08,1.421983,1.429669,1.391238,1.429669,1.318054,27581
2003-10-09,1.429669,1.437356,1.398924,1.437356,1.325141,22898
2003-10-10,1.421983,1.445042,1.421983,1.445042,1.332227,4814
2003-10-13,1.452729,1.452729,1.421983,1.452729,1.339314,15742
2003-10-14,1.421983,1.460415,1.421983,1.460415,1.346400,74417
2003-10-15,1.460415,1.506533,1.429669,1.498847,1.381832,80922
2003-10-16,1.498847,1.691007,1.468101,1.660261,1.530644,198272
2003-10-17,1.614143,1.921599,1.544965,1.806303,1.665285,249792
2003-10-20,1.729439,1.806303,1.598770,1.652575,1.523558,147794
2003-10-21,1.729439,1.767871,1.667948,1.698693,1.566076,90680
2003-10-22,1.775557,1.806303,1.691007,1.714066,1.580248,104210
2003-10-23,1.714066,1.714066,1.652575,1.706380,1.573162,49698
2003-10-24,1.706380,1.714066,1.652575,1.691007,1.558990,32655
2003-10-27,1.714066,1.714066,1.614143,1.706380,1.573162,40591
2003-10-28,1.714066,1.714066,1.652575,1.652575,1.523558,45665
2003-10-29,1.652575,1.714066,1.621829,1.691007,1.558990,75328
2003-10-30,1.706380,1.721752,1.652575,1.721752,1.587335,42413
2003-10-31,1.729439,1.729439,1.691007,1.729439,1.594421,12880
2003-11-03,1.729439,1.729439,1.691007,1.698693,1.566076,25239
2003-11-04,1.691007,1.714066,1.675634,1.714066,1.580248,17043
2003-11-05,1.721752,1.729439,1.667948,1.675634,1.544817,33436
2003-11-06,1.691007,1.691007,1.652575,1.675634,1.544817,29663
2003-11-07,1.652575,1.729439,1.614143,1.729439,1.594421,65440
2003-11-10,1.691007,1.721752,1.629516,1.721752,1.587335,29923
2003-11-11,1.614143,1.721752,1.606457,1.721752,1.587335,26801
2003-11-12,1.714066,1.721752,1.691007,1.691007,1.558990,67262
2003-11-13,1.706380,1.729439,1.660261,1.721752,1.587335,47096
2003-11-14,1.729439,1.729439,1.660261,1.683321,1.551904,28362
2003-11-17,1.660261,1.721752,1.660261,1.675634,1.544817,17173
2003-11-18,1.691007,1.721752,1.691007,1.691007,1.558990,25370
2003-11-19,1.660261,1.721752,1.660261,1.721752,1.587335,3122
2003-11-20,1.683321,1.729439,1.675634,1.729439,1.594421,56203
2003-11-21,1.729439,1.844735,1.721752,1.790930,1.651112,116049
2003-11-24,1.729439,1.798616,1.675634,1.760184,1.622766,19905
2003-11-25,1.767871,1.767871,1.706380,1.706380,1.573162,18084
2003-11-26,1.714066,1.714066,1.414297,1.475788,1.360573,574001
2003-11-28,1.460415,1.544965,1.391238,1.475788,1.360573,147924
2003-12-01,1.498847,1.552652,1.498847,1.552652,1.431436,49568
2003-12-02,1.506533,1.560338,1.506533,1.506533,1.388918,45275
2003-12-03,1.506533,1.537279,1.475788,1.475788,1.360573,37729
2003-12-04,1.460415,1.544965,1.460415,1.544965,1.424349,29142
2003-12-05,1.475788,1.544965,1.460415,1.537279,1.417263,20556
2003-12-08,1.529593,1.552652,1.421983,1.452729,1.339314,166918
2003-12-09,1.429669,1.506533,1.429669,1.445042,1.332227,52040
2003-12-10,1.429669,1.491161,1.429669,1.491161,1.374746,21467
2003-12-11,1.475788,1.498847,1.445042,1.491161,1.374746,19255
2003-12-12,1.460415,1.498847,1.445042,1.445042,1.332227,28882
2003-12-15,1.498847,1.498847,1.229823,1.345119,1.240105,153128
2003-12-16,1.345119,1.460415,1.345119,1.421983,1.310969,35647
2003-12-17,1.383551,1.445042,1.383551,1.398924,1.289710,14962
2003-12-18,1.398924,1.491161,1.391238,1.460415,1.346400,108894
2003-12-19,1.421983,1.460415,1.421983,1.452729,1.339314,25109
2003-12-22,1.421983,1.429669,1.383551,1.383551,1.275537,151306
2003-12-23,1.383551,1.445042,1.345119,1.406610,1.296796,110715
2003-12-24,1.429669,1.429669,1.383551,1.429669,1.318054,11839
2003-12-26,1.437356,1.452729,1.360492,1.452729,1.339314,5855
2003-12-29,1.406610,1.452729,1.360492,1.421983,1.310969,87427
2003-12-30,1.391238,1.437356,1.375865,1.414297,1.303883,34477
2003-12-31,1.391238,1.421983,1.368178,1.375865,1.268451,23678
2004-01-02,1.437356,1.437356,1.360492,1.383551,1.275537,20946
2004-01-05,1.383551,1.383551,1.322060,1.360492,1.254278,40982
2004-01-06,1.383551,1.391238,1.337433,1.383551,1.275537,34216
2004-01-07,1.352806,1.383551,1.352806,1.383551,1.275537,12750
2004-01-08,1.383551,1.383551,1.345119,1.375865,1.268451,29923
2004-01-09,1.337433,1.368178,1.337433,1.360492,1.254278,34737
2004-01-12,1.345119,1.345119,1.245196,1.245196,1.147983,135044
2004-01-13,1.229823,1.275942,1.114527,1.199078,1.105466,203607
2004-01-14,1.122214,1.152959,1.068409,1.152959,1.062947,249142
2004-01-15,1.160646,1.383551,1.152959,1.260569,1.162156,122294
2004-01-16,1.322060,1.383551,1.268255,1.306687,1.204674,72466
2004-01-20,1.368178,1.421983,1.322060,1.345119,1.240105,34086
2004-01-21,1.368178,1.368178,1.306687,1.345119,1.240105,44104
2004-01-22,1.306687,1.352806,1.291314,1.291314,1.190501,44104
2004-01-23,1.337433,1.337433,1.268255,1.268255,1.169242,53731
2004-01-26,1.322060,1.329746,1.260569,1.268255,1.169242,31354
2004-01-27,1.229823,1.268255,1.191391,1.229823,1.133811,106942
2004-01-28,1.275942,1.275942,1.191391,1.191391,1.098379,84955
2004-01-29,1.191391,1.252882,1.168332,1.229823,1.133811,106032
2004-01-30,1.252882,1.252882,1.191391,1.229823,1.133811,39420
2004-02-02,1.191391,1.229823,1.160646,1.160646,1.070034,69604
2004-02-03,1.229823,1.229823,1.183705,1.191391,1.098379,16913
2004-02-04,1.191391,1.252882,1.160646,1.237510,1.140897,137386
2004-02-05,1.229823,1.229823,1.176018,1.229823,1.133811,33826
2004-02-06,1.191391,1.229823,1.191391,1.214450,1.119638,24459
2004-02-09,1.237510,1.237510,1.191391,1.214450,1.119638,57114
2004-02-10,1.229823,1.229823,1.214450,1.229823,1.133811,37989
2004-02-11,1.237510,1.268255,1.214450,1.268255,1.169242,38640
2004-02-12,1.237510,1.260569,1.229823,1.260569,1.162156,21597
2004-02-13,1.229823,1.260569,1.229823,1.260569,1.162156,38770
2004-02-17,1.260569,1.268255,1.183705,1.183705,1.091293,159373
2004-02-18,1.222137,1.222137,1.183705,1.199078,1.105466,12099
2004-02-19,1.183705,1.222137,1.183705,1.191391,1.098379,18734
2004-02-20,1.214450,1.252882,1.199078,1.199078,1.105466,62188
2004-02-23,1.229823,1.229823,1.176018,1.191391,1.098379,37989
2004-02-24,1.191391,1.191391,1.152959,1.152959,1.062947,100567
2004-02-25,1.183705,1.191391,1.152959,1.191391,1.098379,29533
2004-02-26,1.191391,1.237510,1.168332,1.183705,1.091293,98486
2004-02-27,1.183705,1.268255,1.176018,1.268255,1.169242,240555
2004-03-01,1.268255,1.352806,1.268255,1.306687,1.204674,175115
2004-03-02,1.345119,1.345119,1.283628,1.329746,1.225932,147013
2004-03-03,1.299001,1.299001,1.268255,1.299001,1.197588,60366
2004-03-04,1.329746,1.337433,1.275942,1.314374,1.211761,44104
2004-03-05,1.275942,1.329746,1.275942,1.299001,1.197588,44234
2004-03-08,1.337433,1.375865,1.283628,1.283628,1.183415,122164
2004-03-09,1.283628,1.337433,1.283628,1.299001,1.197588,119302
2004-03-10,1.337433,1.345119,1.283628,1.283628,1.183415,90029
2004-03-11,1.322060,1.322060,1.237510,1.237510,1.140897,71295
2004-03-12,1.283628,1.299001,1.237510,1.237510,1.140897,21727
2004-03-15,1.229823,1.291314,1.229823,1.268255,1.169242,66871
2004-03-16,1.245196,1.345119,1.237510,1.237510,1.140897,105251
2004-03-17,1.229823,1.329746,1.160646,1.268255,1.169242,196451
2004-03-18,1.314374,1.314374,1.275942,1.283628,1.183415,86256
2004-03-19,1.299001,1.306687,1.268255,1.275942,1.176329,57764
2004-03-22,1.306687,1.306687,1.260569,1.268255,1.169242,16913
2004-03-23,1.268255,1.283628,1.245196,1.268255,1.169242,77410
2004-03-24,1.237510,1.306687,1.229823,1.268255,1.169242,25500
2004-03-25,1.268255,1.306687,1.268255,1.283628,1.183415,40591
2004-03-26,1.299001,1.314374,1.291314,1.306687,1.204674,51910
2004-03-29,1.306687,1.314374,1.291314,1.291314,1.190501,49308
2004-03-30,1.306687,1.306687,1.283628,1.299001,1.197588,10278
2004-03-31,1.306687,1.306687,1.268255,1.291314,1.190501,52691
2004-04-01,1.306687,1.306687,1.252882,1.275942,1.176329,33566
2004-04-02,1.268255,1.375865,1.268255,1.337433,1.233019,200224
2004-04-05,1.345119,1.375865,1.299001,1.360492,1.254278,144931
2004-04-06,1.360492,1.368178,1.306687,1.345119,1.240105,66481
2004-04-07,1.306687,1.375865,1.306687,1.352806,1.247192,131531
2004-04-08,1.368178,1.598770,1.314374,1.491161,1.374746,354653
2004-04-12,1.521906,1.598770,1.445042,1.544965,1.424349,358556
2004-04-13,1.583397,1.621829,1.552652,1.606457,1.481041,254346
2004-04-14,1.552652,1.583397,1.491161,1.498847,1.381832,132182
2004-04-15,1.460415,1.560338,1.429669,1.537279,1.417263,90550
2004-04-16,1.544965,1.544965,1.498847,1.521906,1.403090,19905
2004-04-19,1.529593,1.537279,1.421983,1.452729,1.339314,41762
2004-04-20,1.452729,1.529593,1.391238,1.391238,1.282624,53861
2004-04-21,1.383551,1.383551,1.360492,1.383551,1.275537,46966
2004-04-22,1.360492,1.368178,1.299001,1.306687,1.204674,114748
2004-04-23,1.306687,1.345119,1.275942,1.314374,1.211761,49178
2004-04-26,1.329746,1.329746,1.275942,1.306687,1.204674,41892
2004-04-27,1.283628,1.291314,1.229823,1.268255,1.169242,93152
2004-04-28,1.260569,1.268255,1.214450,1.245196,1.147983,75718
2004-04-29,1.229823,1.314374,1.229823,1.252882,1.155069,50739
2004-04-30,1.260569,1.268255,1.229823,1.237510,1.140897,48137
2004-05-03,1.283628,1.283628,1.199078,1.214450,1.119638,48397
2004-05-04,1.260569,1.306687,1.199078,1.299001,1.197588,58675
2004-05-05,1.260569,1.299001,1.206764,1.237510,1.140897,45665
2004-05-06,1.245196,1.260569,1.206764,1.206764,1.112552,73507
2004-05-07,1.245196,1.245196,1.191391,1.222137,1.126724,44234
2004-05-10,1.214450,1.214450,1.099154,1.152959,1.062947,145712
2004-05-11,1.145273,1.229823,1.137586,1.229823,1.133811,55553
2004-05-12,1.229823,1.252882,1.191391,1.252882,1.155069,49178
2004-05-13,1.252882,1.268255,1.199078,1.214450,1.119638,67912
2004-05-14,1.168332,1.260569,1.168332,1.206764,1.112552,37469
2004-05-17,1.176018,1.260569,1.168332,1.229823,1.133811,60627
2004-05-18,1.237510,1.237510,1.206764,1.214450,1.119638,56073
2004-05-19,1.229823,1.229823,1.191391,1.229823,1.133811,52821
2004-05-20,1.229823,1.229823,1.168332,1.222137,1.126724,28232
2004-05-21,1.168332,1.252882,1.168332,1.199078,1.105466,59456
2004-05-24,1.191391,1.237510,1.168332,1.176018,1.084206,46836
2004-05-25,1.168332,1.229823,1.168332,1.214450,1.119638,66091
2004-05-26,1.222137,1.229823,1.222137,1.229823,1.133811,26150
2004-05-27,1.229823,1.245196,1.183705,1.199078,1.105466,48918
2004-05-28,1.199078,1.268255,1.199078,1.245196,1.147983,52821
2004-06-01,1.268255,1.268255,1.191391,1.229823,1.133811,38380
2004-06-02,1.229823,1.229823,1.191391,1.199078,1.105466,49048
2004-06-03,1.214450,1.229823,1.183705,1.183705,1.091293,34086
2004-06-04,1.183705,1.206764,1.168332,1.183705,1.091293,27061
2004-06-07,1.199078,1.214450,1.176018,1.176018,1.084206,20426
2004-06-08,1.199078,1.206764,1.176018,1.183705,1.091293,39941
2004-06-09,1.176018,1.183705,1.168332,1.183705,1.091293,13010
2004-06-10,1.168332,1.183705,1.152959,1.176018,1.084206,61017
2004-06-14,1.152959,1.183705,1.152959,1.152959,1.062947,42022
2004-06-15,1.152959,1.168332,1.137586,1.137586,1.048774,58285
2004-06-16,1.137586,1.152959,1.129900,1.137586,1.048774,122814
2004-06-17,1.145273,1.152959,1.083782,1.091468,1.006257,96404
2004-06-18,1.083782,1.137586,1.076095,1.137586,1.048774,55943
2004-06-21,1.137586,1.152959,1.122214,1.145273,1.055861,40851
2004-06-22,1.106841,1.145273,1.083782,1.145273,1.055861,16263
2004-06-23,1.145273,1.260569,1.137586,1.252882,1.155069,153388
2004-06-24,1.229823,1.268255,1.191391,1.252882,1.155069,22898
2004-06-25,1.245196,1.291314,1.214450,1.268255,1.169242,116700
2004-06-28,1.214450,1.260569,1.191391,1.222137,1.126724,21336
2004-06-29,1.222137,1.229823,1.183705,1.191391,1.098379,15612
2004-06-30,1.191391,1.222137,1.191391,1.214450,1.119638,6115
2004-07-01,1.214450,1.214450,1.183705,1.206764,1.112552,27581
2004-07-02,1.191391,1.229823,1.168332,1.168332,1.077120,25500
2004-07-06,1.199078,1.206764,1.152959,1.152959,1.062947,19385
2004-07-07,1.152959,1.199078,1.152959,1.152959,1.062947,62838
2004-07-08,1.152959,1.152959,1.091468,1.106841,1.020430,36298
2004-07-09,1.114527,1.222137,1.106841,1.183705,1.091293,34867
2004-07-12,1.160646,1.160646,1.106841,1.114527,1.027516,26280
2004-07-13,1.114527,1.137586,1.099154,1.137586,1.048774,21336
2004-07-14,1.106841,1.183705,1.091468,1.145273,1.055861,161454
2004-07-15,1.160646,1.252882,1.152959,1.191391,1.098379,216617
2004-07-16,1.191391,1.229823,1.183705,1.214450,1.119638,46446
2004-07-19,1.214450,1.214450,1.176018,1.176018,1.084206,20296
2004-07-20,1.191391,1.191391,1.106841,1.160646,1.070034,60366
2004-07-21,1.114527,1.160646,1.114527,1.122214,1.034602,24459
2004-07-22,1.145273,1.152959,1.106841,1.145273,1.055861,30183
2004-07-23,1.137586,1.152959,1.137586,1.137586,1.048774,41892
2004-07-26,1.137586,1.137586,1.099154,1.099154,1.013343,23288
2004-07-27,1.099154,1.137586,1.099154,1.106841,1.020430,17043
2004-07-28,1.114527,1.137586,1.076095,1.076095,0.992084,34737
2004-07-29,1.091468,1.137586,1.076095,1.114527,1.027516,29793
2004-07-30,1.129900,1.129900,1.091468,1.129900,1.041689,8457
2004-08-02,1.129900,1.137586,1.083782,1.114527,1.027516,24849
2004-08-03,1.137586,1.137586,1.076095,1.099154,1.013343,73376
2004-08-04,1.083782,1.106841,1.076095,1.076095,0.992084,35778
2004-08-05,1.076095,1.106841,1.060723,1.106841,1.020430,14311
2004-08-06,1.076095,1.106841,0.883935,0.999231,0.921221,96274
2004-08-09,1.029977,1.076095,1.029977,1.076095,0.992084,49568
2004-08-10,1.091468,1.106841,1.053036,1.053036,0.970825,34216
2004-08-11,1.045350,1.099154,1.037663,1.045350,0.963740,40461
2004-08-12,1.037663,1.091468,1.037663,1.060723,0.977912,25630
2004-08-13,1.076095,1.099154,1.037663,1.091468,1.006257,67002
2004-08-16,1.053036,1.106841,1.053036,1.106841,1.020430,25239
2004-08-17,1.060723,1.099154,1.037663,1.099154,1.013343,24589
2004-08-18,1.091468,1.099154,1.045350,1.060723,0.977912,21206
2004-08-19,1.060723,1.083782,1.037663,1.045350,0.963740,23158
2004-08-20,1.037663,1.045350,1.037663,1.037663,0.956652,21076
2004-08-23,1.029977,1.099154,1.029977,1.076095,0.992084,135304
2004-08-24,1.076095,1.099154,1.037663,1.091468,1.006257,77800
2004-08-25,1.099154,1.145273,1.099154,1.099154,1.013343,107983
2004-08-26,1.145273,1.152959,1.076095,1.152959,1.062947,21467
2004-08-27,1.145273,1.152959,1.045350,1.145273,1.055861,38249
2004-08-30,1.068409,1.137586,1.068409,1.068409,0.984998,33306
2004-08-31,1.083782,1.137586,1.060723,1.129900,1.041689,56203
2004-09-01,1.129900,1.137586,1.114527,1.129900,1.041689,39030
2004-09-02,1.145273,1.152959,1.114527,1.137586,1.048774,54382
2004-09-03,1.137586,1.145273,1.099154,1.145273,1.055861,66091
2004-09-07,1.091468,1.160646,1.091468,1.129900,1.041689,311329
2004-09-08,1.152959,1.199078,1.122214,1.199078,1.105466,331105
2004-09-09,1.214450,1.252882,1.199078,1.245196,1.147983,363369
2004-09-10,1.260569,1.306687,1.237510,1.275942,1.176329,164056
2004-09-13,1.283628,1.291314,1.237510,1.291314,1.190501,149875
2004-09-14,1.291314,1.306687,1.222137,1.306687,1.204674,64530
2004-09-15,1.375865,1.375865,1.283628,1.375865,1.268451,220520
2004-09-16,1.345119,1.521906,1.345119,1.491161,1.374746,187995
2004-09-17,1.498847,1.498847,1.391238,1.437356,1.325141,90289
2004-09-20,1.491161,1.498847,1.391238,1.437356,1.325141,129970
2004-09-21,1.475788,1.506533,1.437356,1.483474,1.367659,162235
2004-09-22,1.498847,1.498847,1.452729,1.460415,1.346400,156120
2004-09-23,1.475788,1.475788,1.429669,1.475788,1.360573,174594
2004-09-24,1.445042,1.460415,1.429669,1.437356,1.325141,83915
2004-09-27,1.445042,1.460415,1.383551,1.391238,1.282624,54382
2004-09-28,1.421983,1.429669,1.391238,1.414297,1.303883,25630
2004-09-29,1.421983,1.429669,1.260569,1.345119,1.240105,137646
2004-09-30,1.345119,1.345119,1.214450,1.229823,1.133811,159763
2004-10-01,1.299001,1.360492,1.214450,1.314374,1.211761,72986
2004-10-04,1.306687,1.337433,1.306687,1.306687,1.204674,37079
2004-10-05,1.345119,1.345119,1.260569,1.260569,1.162156,219869
2004-10-06,1.306687,1.322060,1.268255,1.291314,1.190501,39290
2004-10-07,1.322060,1.322060,1.275942,1.283628,1.183415,17173
2004-10-08,1.275942,1.275942,1.229823,1.268255,1.169242,34737
2004-10-11,1.291314,1.306687,1.245196,1.268255,1.169242,27711
2004-10-12,1.268255,1.306687,1.268255,1.306687,1.204674,27581
2004-10-13,1.275942,1.299001,1.260569,1.299001,1.197588,17564
2004-10-14,1.275942,1.306687,1.183705,1.214450,1.119638,77540
2004-10-15,1.214450,1.229823,1.199078,1.222137,1.126724,49828
2004-10-18,1.229823,1.252882,1.206764,1.214450,1.119638,44364
2004-10-19,1.206764,1.206764,1.137586,1.137586,1.048774,119432
2004-10-20,1.229823,1.229823,1.160646,1.206764,1.112552,34607
2004-10-21,1.168332,1.206764,1.168332,1.206764,1.112552,7676
2004-10-22,1.176018,1.229823,1.168332,1.222137,1.126724,4163
2004-10-25,1.206764,1.206764,1.168332,1.191391,1.098379,44364
2004-10-26,1.191391,1.191391,1.122214,1.160646,1.070034,37729
2004-10-27,1.137586,1.160646,1.129900,1.129900,1.041689,45405
2004-10-28,1.152959,1.160646,1.145273,1.145273,1.055861,12880
2004-10-29,1.152959,1.160646,1.137586,1.137586,1.048774,34346
2004-11-01,1.114527,1.152959,1.114527,1.152959,1.062947,30183
2004-11-02,1.152959,1.152959,1.114527,1.137586,1.048774,35517
2004-11-03,1.145273,1.152959,1.060723,1.145273,1.055861,290123
2004-11-04,1.114527,1.191391,1.091468,1.191391,1.098379,128279
2004-11-05,1.176018,1.214450,1.160646,1.214450,1.119638,55683
2004-11-08,1.191391,1.214450,1.160646,1.214450,1.119638,92761
2004-11-09,1.176018,1.222137,1.160646,1.160646,1.070034,54122
2004-11-10,1.168332,1.206764,1.168332,1.199078,1.105466,11319
2004-11-11,1.168332,1.206764,1.145273,1.183705,1.091293,83524
2004-11-12,1.191391,1.199078,1.145273,1.152959,1.062947,17173
2004-11-15,1.145273,1.199078,1.145273,1.168332,1.077120,19775
2004-11-16,1.191391,1.191391,1.152959,1.191391,1.098379,32785
2004-11-17,1.176018,1.199078,1.137586,1.152959,1.062947,156510
2004-11-18,1.129900,1.168332,1.099154,1.137586,1.048774,89899
2004-11-19,1.122214,1.152959,1.091468,1.122214,1.034602,46706
2004-11-22,1.106841,1.152959,1.106841,1.114527,1.027516,64139
2004-11-23,1.145273,1.145273,1.106841,1.114527,1.027516,62058
2004-11-24,1.137586,1.152959,1.122214,1.145273,1.055861,32395
2004-11-26,1.145273,1.160646,1.122214,1.160646,1.070034,39160
2004-11-29,1.152959,1.152959,1.114527,1.129900,1.041689,50739
2004-11-30,1.122214,1.145273,1.114527,1.145273,1.055861,17173
2004-12-01,1.145273,1.152959,1.122214,1.129900,1.041689,98486
2004-12-02,1.145273,1.145273,1.114527,1.114527,1.027516,31744
2004-12-03,1.106841,1.137586,1.106841,1.129900,1.041689,34086
2004-12-06,1.122214,1.145273,1.122214,1.129900,1.041689,49958
2004-12-07,1.114527,1.122214,1.076095,1.083782,0.999171,107593
2004-12-08,1.076095,1.114527,1.076095,1.091468,1.006257,106682
2004-12-09,1.076095,1.106841,1.060723,1.068409,0.984998,55423
2004-12-10,1.145273,1.191391,1.083782,1.083782,0.999171,369354
2004-12-13,1.091468,1.129900,1.091468,1.106841,1.020430,97705
2004-12-14,1.106841,1.152959,1.099154,1.152959,1.062947,63099
2004-12-15,1.106841,1.152959,1.091468,1.129900,1.041689,67132
2004-12-16,1.129900,1.160646,1.099154,1.160646,1.070034,104600
2004-12-17,1.137586,1.160646,1.114527,1.160646,1.070034,24589
2004-12-20,1.114527,1.152959,1.114527,1.152959,1.062947,105381
2004-12-21,1.122214,1.168332,1.114527,1.152959,1.062947,133873
2004-12-22,1.152959,1.252882,1.152959,1.252882,1.155069,330324
2004-12-23,1.237510,1.245196,1.199078,1.199078,1.105466,173684
2004-12-27,1.214450,1.275942,1.199078,1.252882,1.155069,187604
2004-12-28,1.229823,1.245196,1.206764,1.229823,1.133811,114488
2004-12-29,1.222137,1.291314,1.222137,1.268255,1.169242,103039
2004-12-30,1.291314,1.329746,1.268255,1.322060,1.218847,157031
2004-12-31,1.322060,1.345119,1.306687,1.345119,1.240105,51780
2005-01-03,1.345119,1.345119,1.222137,1.291314,1.190501,83915
2005-01-04,1.268255,1.291314,1.229823,1.229823,1.133811,24459
2005-01-05,1.268255,1.275942,1.229823,1.245196,1.147983,7156
2005-01-06,1.237510,1.245196,1.229823,1.229823,1.133811,33956
2005-01-07,1.229823,1.275942,1.214450,1.252882,1.155069,78190
2005-01-10,1.260569,1.391238,1.206764,1.322060,1.218847,399407
2005-01-11,1.322060,1.844735,1.322060,1.529593,1.410178,5740012
2005-01-12,1.537279,1.598770,1.314374,1.437356,1.325141,1064088
2005-01-13,1.429669,1.437356,1.345119,1.352806,1.247192,210502
2005-01-14,1.352806,1.491161,1.352806,1.475788,1.360573,295327
2005-01-18,1.498847,1.537279,1.445042,1.529593,1.410178,266185
2005-01-19,1.529593,1.537279,1.460415,1.498847,1.381832,152737
2005-01-20,1.429669,1.560338,1.421983,1.460415,1.346400,214535
2005-01-21,1.452729,1.498847,1.429669,1.475788,1.360573,129059
2005-01-24,1.437356,1.491161,1.368178,1.383551,1.275537,127628
2005-01-25,1.383551,1.460415,1.368178,1.383551,1.275537,344895
2005-01-26,1.406610,1.514220,1.383551,1.506533,1.388918,279065
2005-01-27,1.460415,1.514220,1.421983,1.468101,1.353486,109024
2005-01-28,1.475788,1.498847,1.452729,1.460415,1.346400,86647
2005-01-31,1.437356,1.498847,1.429669,1.498847,1.381832,121644
2005-02-01,1.514220,1.529593,1.491161,1.521906,1.403090,87427
2005-02-02,1.537279,1.606457,1.529593,1.598770,1.473954,371826
2005-02-03,1.606457,1.844735,1.606457,1.767871,1.629853,1138375
2005-02-04,1.783244,1.906226,1.737125,1.798616,1.658198,668194
2005-02-07,1.806303,1.890853,1.691007,1.744812,1.608594,502837
2005-02-08,1.706380,1.844735,1.675634,1.775557,1.636939,155990
2005-02-09,1.767871,1.867794,1.737125,1.829362,1.686543,232229
2005-02-10,1.775557,1.829362,1.767871,1.790930,1.651112,95363
2005-02-11,1.821676,1.867794,1.806303,1.837048,1.693630,135304
2005-02-14,1.898540,1.960031,1.852421,1.921599,1.771579,509472
2005-02-15,1.952344,2.029208,1.929285,1.998463,1.842443,538224
2005-02-16,1.998463,2.144504,1.960031,2.067640,1.906219,358426
2005-02-17,2.129131,2.144504,1.960031,2.044581,1.884960,415149
2005-02-18,2.044581,2.113759,1.975404,2.113759,1.948738,210502
2005-02-22,2.113759,2.113759,1.998463,2.036895,1.877874,249142
2005-02-23,1.990776,2.067640,1.983090,2.067640,1.906219,178107
2005-02-24,2.067640,2.121445,2.006149,2.106072,1.941650,199573
2005-02-25,2.106072,2.113759,2.036895,2.106072,1.941650,131791
2005-02-28,2.075327,2.090699,1.883167,2.006149,1.849529,319786
2005-03-01,2.006149,2.006149,1.890853,1.983090,1.828270,189035
2005-03-02,1.975404,1.975404,1.729439,1.875480,1.729061,325250
2005-03-03,1.767871,1.813989,1.729439,1.767871,1.629853,276463
2005-03-04,1.652575,1.806303,1.629516,1.744812,1.608594,258639
2005-03-07,1.714066,1.775557,1.698693,1.775557,1.636939,106552
2005-03-08,1.767871,1.767871,1.737125,1.760184,1.622766,28102
2005-03-09,1.760184,1.844735,1.575711,1.675634,1.544817,276332
2005-03-10,1.652575,1.714066,1.475788,1.575711,1.452695,440779
2005-03-11,1.706380,1.852421,1.652575,1.806303,1.665285,570228
2005-03-14,1.852421,1.906226,1.767871,1.875480,1.729061,229496
2005-03-15,1.906226,1.983090,1.844735,1.921599,1.771579,225463
2005-03-16,1.936972,1.998463,1.921599,1.960031,1.807011,201655
2005-03-17,1.960031,1.998463,1.883167,1.883167,1.736148,99787
2005-03-18,1.883167,1.952344,1.806303,1.883167,1.736148,131791
2005-03-21,1.913912,1.967717,1.890853,1.913912,1.764493,96404
2005-03-22,1.960031,1.998463,1.906226,1.936972,1.785752,167569
2005-03-23,1.890853,1.960031,1.883167,1.936972,1.785752,78060
2005-03-24,1.952344,1.967717,1.883167,1.898540,1.750321,142329
2005-03-28,1.921599,1.921599,1.729439,1.760184,1.622766,107593
2005-03-29,1.767871,1.844735,1.729439,1.806303,1.665285,156771
2005-03-30,1.821676,1.883167,1.760184,1.875480,1.729061,345806
2005-03-31,1.837048,1.883167,1.783244,1.852421,1.707802,131921
2005-04-01,1.813989,1.921599,1.790930,1.921599,1.771579,39811
2005-04-04,1.844735,1.960031,1.829362,1.929285,1.778666,142850
2005-04-05,1.960031,1.967717,1.875480,1.913912,1.764493,84175
2005-04-06,1.952344,1.975404,1.913912,1.975404,1.821184,98876
2005-04-07,1.967717,2.006149,1.929285,1.944658,1.792838,110845
2005-04-08,1.990776,1.998463,1.952344,1.952344,1.799924,92501
2005-04-11,1.990776,1.990776,1.844735,1.883167,1.736148,124115
2005-04-12,1.883167,1.898540,1.852421,1.890853,1.743234,135304
2005-04-13,1.913912,1.944658,1.844735,1.890853,1.743234,100958
2005-04-14,1.913912,1.913912,1.860108,1.883167,1.736148,61798
2005-04-15,1.898540,1.913912,1.806303,1.852421,1.707802,147013
2005-04-18,1.852421,1.960031,1.852421,1.960031,1.807011,202956
2005-04-19,1.967717,1.967717,1.890853,1.921599,1.771579,57114
2005-04-20,1.898540,1.936972,1.898540,1.936972,1.785752,119172
2005-04-21,1.936972,1.960031,1.921599,1.960031,1.807011,99527
2005-04-22,1.960031,1.990776,1.921599,1.990776,1.835356,120733
2005-04-25,1.990776,2.036895,1.936972,2.036895,1.877874,172252
2005-04-26,2.029208,2.098386,1.998463,2.036895,1.877874,153518
2005-04-27,2.052267,2.083013,2.006149,2.052267,1.892046,115139
2005-04-28,2.152191,2.259800,2.075327,2.198309,2.026687,529507
2005-04-29,2.159877,2.229055,2.152191,2.182936,2.012514,132572
2005-05-02,2.205995,2.221368,2.152191,2.167563,1.998341,194630
2005-05-03,2.159877,2.213682,2.144504,2.213682,2.040859,116960
2005-05-04,2.229055,2.382782,2.213682,2.305919,2.125895,399147
2005-05-05,2.305919,2.382782,2.236741,2.298232,2.118809,297148
2005-05-06,2.305919,2.344350,2.244427,2.336664,2.154240,157031
2005-05-09,2.344350,2.513451,2.336664,2.459646,2.267621,532499
2005-05-10,2.421214,2.505765,2.390469,2.467333,2.274708,416320
2005-05-11,2.459646,2.490392,2.436587,2.436587,2.246362,92501
2005-05-12,2.467333,2.613374,2.436587,2.444274,2.253449,368964
2005-05-13,2.451960,2.467333,2.152191,2.344350,2.161326,412677
2005-05-16,2.344350,2.490392,2.267487,2.336664,2.154240,140248
2005-05-17,2.321291,2.398155,2.305919,2.382782,2.196758,90029
2005-05-18,2.413528,2.421214,2.352037,2.421214,2.232190,67132
2005-05-19,2.421214,2.444274,2.313605,2.428901,2.239276,169130
2005-05-20,2.352037,2.451960,2.344350,2.451960,2.260535,88468
2005-05-23,2.459646,2.467333,2.428901,2.451960,2.260535,127238
2005-05-24,2.444274,2.574942,2.382782,2.574942,2.373916,537183
2005-05-25,2.574942,2.720984,2.459646,2.705611,2.494383,456261
2005-05-26,2.713297,2.820907,2.582629,2.659493,2.451866,323949
2005-05-27,2.705611,2.805534,2.674865,2.805534,2.586505,318745
2005-05-31,2.843966,2.959262,2.690238,2.920830,2.692800,398626
2005-06-01,2.943889,2.959262,2.882398,2.913144,2.685714,276983
2005-06-02,2.920830,2.943889,2.882398,2.920830,2.692800,255386
2005-06-03,2.920830,2.920830,2.851653,2.882398,2.657369,115659
2005-06-06,2.959262,2.997694,2.867025,2.913144,2.685714,187604
2005-06-07,2.913144,2.920830,2.805534,2.851653,2.629024,139207
2005-06-08,2.828593,2.843966,2.697925,2.790161,2.572332,253045
2005-06-09,2.713297,2.920830,2.713297,2.867025,2.643196,133743
2005-06-10,2.867025,2.913144,2.851653,2.890085,2.664455,106942
2005-06-13,2.913144,2.920830,2.828593,2.897771,2.671541,133613
2005-06-14,2.920830,3.136049,2.920830,3.097617,2.855785,835112
2005-06-15,3.043812,3.112990,3.020753,3.074558,2.834527,226244
2005-06-16,3.112990,3.189854,3.036126,3.089931,2.848699,269827
2005-06-17,3.013067,3.220600,2.997694,3.151422,2.905390,252134
2005-06-20,3.151422,3.189854,3.082244,3.189854,2.940821,142460
2005-06-21,3.189854,3.228286,3.112990,3.128363,2.884131,167309
2005-06-22,3.166795,3.212913,3.036126,3.059185,2.820354,124896
2005-06-23,3.005380,3.036126,2.859339,2.928517,2.699887,346456
2005-06-24,2.882398,2.928517,2.767102,2.813221,2.593592,164316
2005-06-27,2.820907,2.997694,2.820907,2.951576,2.721146,326161
2005-06-28,3.059185,3.059185,2.966949,2.997694,2.763664,146363
2005-06-29,3.005380,3.066872,2.997694,3.059185,2.820354,192548
2005-06-30,3.074558,3.136049,2.997694,3.089931,2.848699,357645
2005-07-01,3.082244,3.097617,3.036126,3.074558,2.834527,80532
2005-07-05,3.074558,3.074558,2.905457,2.997694,2.763664,243417
2005-07-06,3.059185,3.059185,2.959262,2.982321,2.749490,37729
2005-07-07,2.966949,3.066872,2.890085,3.066872,2.827441,149355
2005-07-08,3.066872,3.259032,3.066872,3.259032,3.004599,218828
2005-07-11,3.243659,3.282091,3.189854,3.282091,3.025857,316533
2005-07-12,3.266718,3.420446,3.259032,3.320523,3.061290,201395
2005-07-13,3.382014,3.474251,3.305150,3.458878,3.188843,325901
2005-07-14,3.458878,3.497310,3.382014,3.474251,3.203016,246409
2005-07-15,3.474251,3.481937,3.405073,3.466564,3.195929,96794
2005-07-18,3.428132,3.458878,3.228286,3.374327,3.110893,262672
2005-07-19,3.420446,3.458878,3.382014,3.428132,3.160497,112406
2005-07-20,3.451191,3.612606,3.435819,3.604919,3.323482,311459
2005-07-21,3.604919,3.612606,3.581860,3.612606,3.330569,262542
2005-07-22,3.612606,3.612606,3.535742,3.604919,3.323482,117610
2005-07-25,3.612606,3.612606,3.535742,3.612606,3.330569,261371
2005-07-26,3.612606,3.612606,3.504996,3.504996,3.231360,138687
2005-07-27,3.535742,3.604919,3.420446,3.435819,3.167584,192158
2005-07-28,3.451191,3.758647,3.343582,3.658724,3.373087,1806959
2005-07-29,4.419677,5.342045,4.381245,4.588778,4.230532,8825594
2005-08-01,4.704074,4.811683,4.419677,4.481168,4.131323,2181647
2005-08-02,4.481168,4.511914,4.112221,4.250576,3.918733,1416529
2005-08-03,4.096849,4.219831,3.873943,4.135281,3.812438,1116388
2005-08-04,4.212145,4.381245,4.158340,4.327440,3.989596,550323
2005-08-05,4.227517,4.312068,4.150653,4.304381,3.968338,363109
2005-08-08,4.173713,4.227517,4.050730,4.073789,3.755747,597940
2005-08-09,3.912375,4.035357,3.904689,3.927748,3.621108,468230
2005-08-10,3.889316,3.996925,3.850884,3.935434,3.628194,354783
2005-08-11,3.935434,4.150653,3.897002,4.112221,3.791179,259550
2005-08-12,4.189085,4.373559,4.166026,4.365872,4.025028,549412
2005-08-15,4.419677,4.519600,4.358186,4.488855,4.138409,546680
2005-08-16,4.604151,4.611837,4.481168,4.558032,4.202186,926832
2005-08-17,4.558032,4.565719,4.381245,4.381245,4.039200,374558
2005-08-18,4.312068,4.373559,4.112221,4.327440,3.989596,385356
2005-08-19,4.227517,4.304381,4.150653,4.235204,3.904561,198142
2005-08-22,4.235204,4.458109,4.227517,4.373559,4.032114,329543
2005-08-23,4.419677,4.496541,4.312068,4.319754,3.982511,176286
2005-08-24,4.304381,4.342813,4.227517,4.250576,3.918733,171862
2005-08-25,4.242890,4.265949,4.158340,4.181399,3.854957,174074
2005-08-26,4.166026,4.204458,3.881630,3.981553,3.670712,447934
2005-08-29,3.958493,4.066103,3.935434,4.066103,3.748662,196581
2005-08-30,4.043044,4.112221,3.950807,4.019985,3.706144,248621
2005-08-31,3.996925,4.066103,3.904689,4.035357,3.720316,326681
2005-09-01,3.966180,4.035357,3.889316,3.897002,3.592762,282837
2005-09-02,3.881630,3.996925,3.881630,3.989239,3.677798,205168
2005-09-06,3.958493,4.112221,3.958493,4.081476,3.762835,223122
2005-09-07,4.112221,4.204458,3.612606,3.804766,3.507727,1215654
2005-09-08,3.873943,3.973866,3.843198,3.850884,3.550245,723486
2005-09-09,3.850884,3.850884,3.766334,3.789393,3.493555,442080
2005-09-12,3.789393,3.789393,3.458878,3.627978,3.344741,769411
2005-09-13,3.597233,3.627978,3.366641,3.382014,3.117980,751328
2005-09-14,3.382014,3.466564,3.189854,3.451191,3.181756,810133
2005-09-15,3.597233,3.612606,3.251345,3.443505,3.174670,1030262
2005-09-16,3.512683,3.574174,3.458878,3.558801,3.280965,594687
2005-09-19,3.674097,3.727902,3.512683,3.566487,3.288050,570358
2005-09-20,3.758647,4.050730,3.743274,4.019985,3.706144,1825173
2005-09-21,4.096849,4.189085,3.858570,4.081476,3.762835,961179
2005-09-22,4.089162,4.304381,4.081476,4.296695,3.961251,867897
2005-09-23,4.373559,4.381245,4.150653,4.258263,3.925820,666893
2005-09-26,4.189085,4.327440,4.189085,4.242890,3.911647,381844
2005-09-27,4.258263,4.381245,4.058417,4.342813,4.003769,732723
2005-09-28,4.365872,4.381245,4.227517,4.304381,3.968338,275162
2005-09-29,4.304381,4.319754,4.227517,4.273636,3.939992,270738
2005-09-30,4.235204,4.319754,4.073789,4.319754,3.982511,537703
2005-10-03,4.335127,4.396618,4.127594,4.258263,3.925820,1007234
2005-10-04,4.227517,4.265949,4.150653,4.196772,3.869129,434924
2005-10-05,4.196772,4.212145,4.058417,4.058417,3.741575,349319
2005-10-06,4.035357,4.073789,3.781706,3.850884,3.550245,505569
2005-10-07,3.781706,3.927748,3.781706,3.858570,3.557331,155079
2005-10-10,4.242890,4.242890,3.850884,3.881630,3.578591,121513
2005-10-11,3.897002,3.958493,3.789393,3.804766,3.507727,262542
2005-10-12,3.781706,3.781706,3.458878,3.581860,3.302223,517928
2005-10-13,3.597233,3.820138,3.535742,3.743274,3.451036,198272
2005-10-14,3.804766,3.920061,3.766334,3.827825,3.528986,277113
2005-10-17,3.897002,3.935434,3.789393,3.850884,3.550245,108373
2005-10-18,3.789393,3.866257,3.789393,3.812452,3.514814,98616
2005-10-19,3.873943,3.873943,3.689470,3.766334,3.472296,314712
2005-10-20,3.774020,3.996925,3.774020,3.820138,3.521899,619927
2005-10-21,3.881630,3.981553,3.866257,3.897002,3.592762,400318
2005-10-24,3.973866,3.981553,3.866257,3.920061,3.614021,113577
2005-10-25,3.889316,3.973866,3.889316,3.958493,3.649453,248491
2005-10-26,3.973866,3.996925,3.912375,3.981553,3.670712,229366
2005-10-27,4.027671,4.035357,3.912375,3.958493,3.649453,619406
2005-10-28,3.958493,4.027671,3.920061,3.989239,3.677798,313411
2005-10-31,3.989239,4.035357,3.850884,3.920061,3.614021,367402
2005-11-01,3.920061,3.943121,3.858570,3.881630,3.578591,122945
2005-11-02,3.881630,3.881630,3.689470,3.758647,3.465208,260981
2005-11-03,3.658724,3.720215,3.581860,3.720215,3.429777,285830
2005-11-04,3.727902,3.812452,3.627978,3.758647,3.465208,151046
2005-11-07,3.758647,3.766334,3.704842,3.727902,3.436864,123335
2005-11-08,3.804766,3.804766,3.689470,3.789393,3.493555,117480
2005-11-09,3.812452,3.812452,3.720215,3.774020,3.479382,78190
2005-11-10,3.727902,3.804766,3.612606,3.651038,3.366001,208160
2005-11-11,3.597233,3.651038,3.458878,3.535742,3.259706,782291
2005-11-14,3.574174,3.581860,3.320523,3.443505,3.174670,332406
2005-11-15,3.443505,3.458878,3.320523,3.335895,3.075461,189556
2005-11-16,3.312836,3.328209,3.166795,3.166795,2.919563,375599
2005-11-17,3.151422,3.351268,3.120676,3.343582,3.082548,298059
2005-11-18,3.420446,3.443505,3.343582,3.374327,3.110893,155339
2005-11-21,3.351268,3.382014,3.266718,3.305150,3.047116,170431
2005-11-22,3.305150,3.366641,3.266718,3.282091,3.025857,121644
2005-11-23,3.282091,3.305150,3.228286,3.259032,3.004599,156771
2005-11-25,3.212913,3.305150,3.159108,3.266718,3.011685,97835
2005-11-28,3.197540,3.251345,3.189854,3.189854,2.940821,122554
2005-11-29,3.159108,3.220600,3.136049,3.151422,2.905390,236001
2005-11-30,3.136049,3.228286,2.997694,3.220600,2.969167,464457
2005-12-01,3.259032,3.305150,3.174481,3.297463,3.040030,249142
2005-12-02,3.335895,3.335895,3.228286,3.251345,2.997512,83394
2005-12-05,3.212913,3.305150,3.159108,3.289777,3.032943,148574
2005-12-06,3.243659,3.451191,3.228286,3.412759,3.146324,531979
2005-12-07,3.443505,3.458878,3.205227,3.259032,3.004599,364150
2005-12-08,3.297463,3.305150,3.059185,3.112990,2.869958,612771
2005-12-09,3.043812,3.105304,2.828593,2.859339,2.636110,701629
2005-12-12,3.028440,3.028440,2.751729,3.005380,2.770749,726218
2005-12-13,3.036126,3.043812,2.882398,3.036126,2.799095,581157
2005-12-14,3.220600,3.220600,3.036126,3.074558,2.834527,493860
2005-12-15,3.112990,3.136049,3.005380,3.051499,2.813268,241466
2005-12-16,3.066872,3.066872,2.928517,2.951576,2.721146,200354
2005-12-19,2.959262,3.059185,2.959262,2.997694,2.763664,336439
2005-12-20,3.036126,3.112990,3.036126,3.074558,2.834527,235871
2005-12-21,3.082244,3.143736,2.997694,3.074558,2.834527,128929
2005-12-22,3.013067,3.074558,2.959262,2.990008,2.756578,225463
2005-12-23,2.943889,3.028440,2.905457,2.913144,2.685714,238343
2005-12-27,2.913144,2.920830,2.767102,2.797848,2.579420,402529
2005-12-28,2.697925,2.874712,2.697925,2.759416,2.543988,239254
2005-12-29,2.690238,2.828593,2.690238,2.797848,2.579420,347497
2005-12-30,2.859339,3.028440,2.805534,3.020753,2.784922,649719
2006-01-03,3.020753,3.136049,3.013067,3.082244,2.841612,230537
2006-01-04,3.128363,3.128363,3.005380,3.013067,2.777837,201785
2006-01-05,3.013067,3.051499,2.997694,3.036126,2.799095,187344
2006-01-06,3.036126,3.051499,2.966949,3.020753,2.784922,236132
2006-01-09,3.020753,3.112990,2.982321,2.990008,2.756578,287001
2006-01-10,2.990008,3.066872,2.982321,3.051499,2.813268,298059
2006-01-11,3.074558,3.105304,3.028440,3.043812,2.806181,253175
2006-01-12,3.036126,3.159108,3.036126,3.143736,2.898304,513114
2006-01-13,3.166795,3.343582,3.166795,3.320523,3.061290,843438
2006-01-17,3.343582,3.358955,3.228286,3.305150,3.047116,651411
2006-01-18,3.343582,3.420446,3.235972,3.366641,3.103807,630204
2006-01-19,3.397387,3.405073,3.282091,3.374327,3.110893,236912
2006-01-20,3.374327,3.382014,3.312836,3.382014,3.117980,220910
2006-01-23,3.382014,3.389700,3.328209,3.382014,3.117980,328503
2006-01-24,3.382014,3.428132,3.351268,3.374327,3.110893,216096
2006-01-25,3.382014,3.382014,3.189854,3.297463,3.040030,161584
2006-01-26,3.235972,3.382014,3.228286,3.312836,3.054202,149745
2006-01-27,3.343582,3.405073,3.305150,3.335895,3.075461,217007
2006-01-30,3.328209,3.343582,3.243659,3.343582,3.082548,157941
2006-01-31,3.343582,3.535742,3.274404,3.528055,3.252619,327332
2006-02-01,3.528055,3.689470,3.458878,3.512683,3.238447,460944
2006-02-02,3.458878,3.597233,3.412759,3.458878,3.188843,214925
2006-02-03,3.458878,3.512683,3.420446,3.474251,3.203016,158202
2006-02-06,3.512683,3.528055,3.428132,3.474251,3.203016,221040
2006-02-07,3.474251,3.528055,3.443505,3.458878,3.188843,319005
2006-02-08,3.458878,3.497310,3.374327,3.458878,3.188843,909009
2006-02-09,3.458878,3.497310,3.443505,3.458878,3.188843,289863
2006-02-10,3.458878,3.497310,3.451191,3.458878,3.188843,655314
2006-02-13,3.458878,3.574174,3.428132,3.574174,3.295137,168480
2006-02-14,3.551115,3.651038,3.497310,3.620292,3.337656,245499
2006-02-15,3.627978,3.689470,3.428132,3.535742,3.259706,307947
2006-02-16,3.612606,3.866257,3.612606,3.866257,3.564417,1348617
2006-02-17,3.843198,3.989239,3.812452,3.827825,3.528986,419182
2006-02-21,3.766334,3.881630,3.766334,3.804766,3.507727,261631
2006-02-22,3.873943,3.873943,3.789393,3.789393,3.493555,261241
2006-02-23,3.827825,3.827825,3.758647,3.789393,3.493555,177196
2006-02-24,3.804766,3.858570,3.781706,3.850884,3.550245,240945
2006-02-27,3.858570,3.858570,3.766334,3.835511,3.536072,257338
2006-02-28,3.835511,3.843198,3.774020,3.843198,3.543159,211022
2006-03-01,3.843198,3.843198,3.797079,3.843198,3.543159,181750
2006-03-02,3.843198,4.012298,3.804766,3.973866,3.663625,604705
2006-03-03,3.966180,3.996925,3.850884,3.958493,3.649453,271649
2006-03-06,3.958493,4.181399,3.958493,4.150653,3.826611,737147
2006-03-07,4.112221,4.219831,4.035357,4.073789,3.755747,784763
2006-03-08,4.035357,4.158340,4.019985,4.081476,3.762835,435965
2006-03-09,4.158340,4.358186,4.135281,4.319754,3.982511,958317
2006-03-10,4.373559,4.373559,4.081476,4.235204,3.904561,397846
2006-03-13,4.296695,4.335127,4.235204,4.242890,3.911647,241205
2006-03-14,4.304381,4.365872,4.227517,4.365872,4.025028,343464
2006-03-15,4.365872,4.450423,4.304381,4.442736,4.095891,329023
2006-03-16,4.419677,4.488855,4.365872,4.458109,4.110064,627472
2006-03-17,4.488855,4.534973,4.427364,4.488855,4.138409,347497
2006-03-20,4.488855,4.519600,4.435050,4.473482,4.124237,440649
2006-03-21,4.473482,4.757879,4.473482,4.750192,4.379344,1252343
2006-03-22,4.803997,4.919293,4.550346,4.688701,4.322653,801026
2006-03-23,4.696387,4.780938,4.650269,4.711760,4.343912,372216
2006-03-24,4.788624,4.865488,4.688701,4.819370,4.443121,555007
2006-03-27,4.919293,4.996157,4.857802,4.888547,4.506897,673398
2006-03-28,4.926979,5.034589,4.704074,4.773251,4.400602,560471
2006-03-29,4.850115,4.857802,4.611837,4.750192,4.379344,639181
2006-03-30,4.750192,4.757879,4.511914,4.604151,4.244704,616934
2006-03-31,4.534973,4.765565,4.534973,4.650269,4.287221,797123
2006-04-03,4.650269,4.757879,4.581091,4.734819,4.365170,432192
2006-04-04,4.734819,4.750192,4.627210,4.704074,4.336826,270218
2006-04-05,4.742506,4.850115,4.688701,4.803997,4.428948,437787
2006-04-06,4.996157,4.996157,4.811683,4.880861,4.499811,222081
2006-04-07,4.942352,4.980784,4.911606,4.926979,4.542329,261761
2006-04-10,4.788624,4.926979,4.757879,4.757879,4.386429,428029
2006-04-11,4.803997,4.988470,4.757879,4.873174,4.492724,534711
2006-04-12,4.926979,4.934666,4.719447,4.834743,4.457293,253435
2006-04-13,4.865488,4.865488,4.711760,4.811683,4.436034,234700
2006-04-17,4.957725,5.088394,4.880861,5.088394,4.691143,754450
2006-04-18,5.180630,5.242121,4.988470,5.111453,4.712401,681204
2006-04-19,5.119139,5.211376,5.073021,5.149885,4.747833,346066
2006-04-20,5.119139,5.211376,5.111453,5.165257,4.762004,246930
2006-04-21,5.180630,5.295926,5.149885,5.249808,4.839955,434404
2006-04-24,5.288240,5.288240,5.188317,5.226749,4.818696,302873
2006-04-25,5.265181,5.288240,5.042275,5.188317,4.783264,347627
2006-04-26,5.188317,5.188317,5.042275,5.073021,4.676969,212453
2006-04-27,5.073021,5.073021,4.773251,4.842429,4.464381,675479
2006-04-28,4.765565,4.980784,4.673328,4.911606,4.528156,661559
2006-05-01,4.727133,4.842429,4.534973,4.619523,4.258876,704231
2006-05-02,4.650269,4.834743,4.611837,4.803997,4.428948,318355
2006-05-03,4.842429,4.988470,4.757879,4.957725,4.570675,228195
2006-05-04,4.980784,4.996157,4.880861,4.988470,4.599019,219479
2006-05-05,4.973098,4.988470,4.850115,4.980784,4.591933,150526
2006-05-08,4.980784,5.057648,4.850115,5.057648,4.662796,176936
2006-05-09,5.057648,5.142198,4.957725,5.111453,4.712401,133222
2006-05-10,5.111453,5.303613,5.103766,5.265181,4.854128,487615
2006-05-11,5.311299,5.311299,5.196003,5.226749,4.818696,448064
2006-05-12,5.226749,5.226749,4.803997,4.934666,4.549416,346717
2006-05-15,4.704074,4.980784,4.619523,4.926979,4.542329,439088
2006-05-16,4.926979,5.203689,4.926979,5.172944,4.769092,277764
2006-05-17,5.172944,5.188317,5.073021,5.157571,4.754918,301051
2006-05-18,5.119139,5.318985,5.119139,5.134512,4.733661,506479
2006-05-19,5.211376,5.211376,4.880861,5.088394,4.691143,308857
2006-05-22,5.157571,5.157571,4.803997,5.019216,4.627364,247060
2006-05-23,5.219062,5.226749,5.149885,5.172944,4.769092,477597
2006-05-24,5.111453,5.142198,4.919293,5.019216,4.627364,205948
2006-05-25,4.880861,5.073021,4.880861,4.980784,4.591933,87818
2006-05-26,5.134512,5.295926,5.134512,5.288240,4.875387,546680
2006-05-30,5.288240,5.649500,5.280553,5.634128,5.194271,1198481
2006-05-31,5.634128,5.841660,5.495772,5.718678,5.272220,940623
2006-06-01,5.749424,5.864719,5.495772,5.687932,5.243875,511033
2006-06-02,5.687932,6.026134,5.687932,5.941583,5.477723,587532
2006-06-05,6.018447,6.033820,5.833974,5.872406,5.413947,744432
2006-06-06,5.949270,5.956956,5.380477,5.695619,5.250961,743522
2006-06-07,5.649500,5.841660,5.564950,5.780169,5.328910,328633
2006-06-08,5.795542,5.795542,5.272867,5.588009,5.151752,674438
2006-06-09,5.603382,5.833974,5.534204,5.757110,5.307652,364150
2006-06-12,5.833974,5.833974,5.318985,5.365104,4.946249,465758
2006-06-13,5.303613,5.434281,5.203689,5.372790,4.953336,618626
2006-06-14,5.342045,5.672560,5.342045,5.618755,5.180098,520660
2006-06-15,5.749424,6.018447,5.687932,5.956956,5.491896,1030652
2006-06-16,6.156802,6.156802,6.003075,6.087625,5.612363,950381
2006-06-19,6.149116,6.418140,6.141430,6.410453,5.909987,1353040
2006-06-20,6.410453,6.418140,6.072252,6.241353,5.754089,888193
2006-06-21,6.264412,6.379708,6.264412,6.302844,5.810780,489566
2006-06-22,6.372022,6.456572,6.318217,6.372022,5.874558,365061
2006-06-23,6.372022,6.456572,6.264412,6.302844,5.810780,417751
2006-06-26,6.302844,6.418140,6.233666,6.341276,5.846212,341773
2006-06-27,6.302844,6.302844,6.156802,6.233666,5.747002,551364
2006-06-28,6.302844,6.318217,6.149116,6.310530,5.817866,410466
2006-06-29,6.233666,6.333590,6.156802,6.233666,5.747002,544078
2006-06-30,6.372022,6.402767,6.279785,6.318217,5.824953,2223929
2006-07-03,6.318217,6.779400,6.318217,6.779400,6.250131,547201
2006-07-05,6.733282,6.756341,6.510377,6.687164,6.165096,729341
2006-07-06,6.771714,6.994620,6.225980,6.395081,5.895816,1023237
2006-07-07,6.395081,6.456572,6.225980,6.264412,5.775348,432973
2006-07-10,6.264412,6.525749,6.264412,6.341276,5.846212,465888
2006-07-11,6.456572,6.579554,6.287471,6.579554,6.065887,406563
2006-07-12,6.656418,6.717909,6.310530,6.471945,5.966679,702930
2006-07-13,6.533436,6.625673,6.341276,6.495004,5.987938,586231
2006-07-14,6.471945,6.533436,6.310530,6.456572,5.952507,493730
2006-07-17,6.418140,6.456572,5.772483,6.126057,5.647795,706833
2006-07-18,6.141430,6.256726,5.495772,5.764796,5.314738,1074626
2006-07-19,5.764796,6.295158,5.764796,6.295158,5.803695,850464
2006-07-20,6.325903,6.341276,5.841660,6.018447,5.548586,364150
2006-07-21,6.033820,6.149116,5.757110,5.780169,5.328910,253695
2006-07-24,5.826287,6.126057,5.826287,6.087625,5.612363,266055
2006-07-25,6.141430,6.495004,5.749424,6.356649,5.860384,460164
2006-07-26,6.395081,6.418140,6.149116,6.249039,5.761176,247320
2006-07-27,6.302844,6.341276,6.164489,6.325903,5.832038,197492
2006-07-28,6.302844,6.341276,6.149116,6.210607,5.725745,127628
2006-07-31,6.187548,6.333590,6.095311,6.318217,5.824953,360507
2006-08-01,6.341276,6.379708,6.149116,6.225980,5.739916,493209
2006-08-02,6.202921,6.641045,6.187548,6.387394,5.888730,433363
2006-08-03,6.418140,6.779400,6.318217,6.679477,6.158010,435835
2006-08-04,6.802460,7.009992,6.625673,6.671791,6.150922,595988
2006-08-07,6.641045,6.687164,6.502690,6.648732,6.129665,287261
2006-08-08,6.610300,6.648732,6.487317,6.502690,5.995023,275942
2006-08-09,6.541122,6.541122,6.295158,6.356649,5.860384,190466
2006-08-10,6.341276,6.372022,6.249039,6.333590,5.839126,194239
2006-08-11,6.279785,6.372022,6.195234,6.272098,5.782434,186043
2006-08-14,6.272098,6.556495,6.264412,6.310530,5.817866,234310
2006-08-15,6.471945,6.518063,6.333590,6.379708,5.881642,314061
2006-08-16,6.541122,6.725596,6.356649,6.625673,6.108405,521051
2006-08-17,6.733282,6.802460,6.633359,6.794773,6.264305,762256
2006-08-18,6.779400,6.894696,6.648732,6.871637,6.335166,302352
2006-08-21,6.917756,6.917756,6.471945,6.594927,6.080060,437396
2006-08-22,6.587241,6.840892,6.464258,6.764028,6.235959,308727
2006-08-23,6.794773,6.840892,6.541122,6.564181,6.051714,206339
2006-08-24,6.687164,6.825519,6.587241,6.756341,6.228873,502056
2006-08-25,6.764028,6.917756,6.702537,6.802460,6.271391,327202
2006-08-28,6.740968,7.202152,6.625673,7.132975,6.576102,754190
2006-08-29,7.232898,7.263643,6.894696,6.994620,6.448548,651931
2006-08-30,7.017679,7.302075,7.017679,7.294389,6.724915,730772
2006-08-31,7.455803,7.678709,7.401998,7.609531,7.015453,1223460
2006-09-01,7.609531,7.671022,7.294389,7.532667,6.944591,749376
2006-09-05,7.555726,7.970792,7.524981,7.909301,7.291821,1246748
2006-09-06,7.916987,8.270561,7.778632,8.063028,7.433547,1877603
2006-09-07,8.109147,8.109147,7.309762,7.655650,7.057972,1293584
2006-09-08,8.262875,8.439662,7.840123,8.278248,7.631964,1710555
2006-09-11,7.940046,8.654881,7.878555,8.401230,7.745345,1353560
2006-09-12,8.431975,8.816295,8.408916,8.739431,8.057140,989150
2006-09-13,8.877786,10.000000,8.839354,10.000000,9.219299,4996491
2006-09-14,9.976941,10.668716,9.377402,9.853958,9.084659,4551679
2006-09-15,9.930822,10.530361,9.607994,10.307456,9.502751,2080819
2006-09-18,10.353574,10.507302,9.723290,9.900077,9.127176,1949939
2006-09-19,9.984627,9.992314,8.877786,9.438893,8.701994,2377447
2006-09-20,9.315911,9.715603,9.131437,9.569562,8.822465,1271337
2006-09-21,9.646426,10.061491,9.646426,9.961568,9.183867,1155158
2006-09-22,9.915450,9.961568,9.415834,9.546503,8.801206,910830
2006-09-25,9.492698,9.761722,9.116065,9.631053,8.879154,921498
2006-09-26,9.692544,10.161414,9.646426,9.877018,9.105918,1031823
2006-09-27,9.877018,10.222905,9.877018,10.184473,9.389369,670666
2006-09-28,10.284397,10.714835,10.184473,10.499616,9.679910,1320125
2006-09-29,10.422752,10.745580,10.269024,10.668716,9.835808,1281875
2006-10-02,10.760953,11.129900,10.491929,10.745580,9.906672,1552483
2006-10-03,10.684089,10.837817,10.484243,10.545734,9.722425,928003
2006-10-04,10.491929,11.375865,10.384320,11.291314,10.409797,1478587
2006-10-05,11.375865,11.414297,10.730208,10.999231,10.140521,1499012
2006-10-06,10.999231,11.053036,10.768640,10.899308,10.048397,713729
2006-10-09,10.699462,10.707148,9.500384,10.169101,9.375197,3467165
2006-10-10,10.146042,10.684089,9.769408,10.553420,9.729512,1160752
2006-10-11,10.530361,10.530361,9.723290,9.838586,9.070486,1507859
2006-10-12,9.969254,10.222905,9.838586,10.215219,9.417715,751848
2006-10-13,10.269024,10.284397,9.846272,9.992314,9.212213,791138
2006-10-16,9.930822,10.176787,9.877018,10.122982,9.332678,602363
2006-10-17,10.030746,10.146042,9.838586,9.938509,9.162606,657656
2006-10-18,9.961568,10.146042,9.538816,9.830899,9.063400,645686
2006-10-19,9.984627,10.161414,9.784781,10.107610,9.318508,755751
2006-10-20,10.153728,10.737894,10.069178,10.353574,9.545270,1082432
2006-10-23,10.607225,10.784012,10.415065,10.722521,9.885411,1116909
2006-10-24,10.661030,10.953113,10.461184,10.514988,9.694080,1025058
2006-10-25,10.507302,10.730208,10.061491,10.361261,9.552358,723876
2006-10-26,10.484243,10.668716,10.299769,10.637971,9.807463,594687
2006-10-27,10.637971,10.945427,10.491929,10.699462,9.864154,801676
2006-10-30,10.576480,10.637971,10.392006,10.561107,9.736599,433363
2006-10-31,10.576480,10.868563,10.453497,10.530361,9.708255,557609
2006-11-01,10.553420,10.637971,10.392006,10.453497,9.637392,369874
2006-11-02,10.415065,10.430438,9.661799,10.245965,9.446060,822102
2006-11-03,10.238278,10.307456,10.061491,10.184473,9.389369,362719
2006-11-06,10.192160,10.299769,10.007686,10.169101,9.375197,514155
2006-11-07,10.199846,10.222905,9.976941,10.069178,9.283077,391471
2006-11-08,9.923136,10.107610,9.677171,10.076864,9.290162,730772
2006-11-09,10.076864,10.153728,9.807840,9.877018,9.105918,585190
2006-11-10,9.838586,9.969254,9.700231,9.853958,9.084659,414499
2006-11-13,9.777095,9.838586,9.046887,9.331284,8.602789,2220547
2006-11-14,9.285165,9.331284,8.877786,9.300538,8.574443,1272638
2006-11-15,9.254420,9.607994,9.223674,9.446580,8.709084,575172
2006-11-16,9.446580,10.345888,9.300538,10.292083,9.488578,1483921
2006-11-17,10.269024,10.292083,9.661799,9.800154,9.035052,661298
2006-11-20,9.777095,10.023059,9.669485,9.930822,9.155522,470312
2006-11-21,9.938509,10.107610,9.846272,10.069178,9.283077,312891
2006-11-22,10.115296,10.184473,9.992314,10.130669,9.339766,267876
2006-11-24,10.184473,10.322829,10.084550,10.084550,9.297247,171472
2006-11-27,10.007686,10.138355,9.546503,9.623367,8.872068,781251
2006-11-28,9.561875,9.869331,9.546503,9.815527,9.049228,413588
2006-11-29,9.884704,10.107610,9.846272,10.084550,9.297247,309118
2006-11-30,10.069178,10.069178,9.800154,9.992314,9.212213,902504
2006-12-01,9.992314,10.107610,9.800154,9.938509,9.162606,379372
2006-12-04,9.953882,10.745580,9.946195,10.730208,9.892499,1283306
2006-12-05,10.722521,10.760953,10.376633,10.561107,9.736599,744953
2006-12-06,10.599539,11.060723,10.530361,10.868563,10.020052,919677
2006-12-07,11.068409,11.068409,10.345888,10.584166,9.757858,1114437
2006-12-08,9.423520,9.600307,8.762490,8.916218,8.220127,4137961
2006-12-11,9.031514,9.100692,8.854727,8.900846,8.205955,963130
2006-12-12,8.916218,8.916218,7.617218,7.709454,7.107576,3836389
2006-12-13,7.817064,8.485780,7.817064,8.355111,7.702826,1910909
2006-12-14,8.293620,8.378171,7.847809,7.901614,7.284734,976401
2006-12-15,7.940046,8.070715,7.786318,7.893928,7.277648,795041
2006-12-18,7.955419,8.401230,7.916987,7.963105,7.341424,3095339
2006-12-19,7.747886,7.886241,7.386626,7.740200,7.135922,2298607
2006-12-20,7.755573,7.763259,7.532667,7.594158,7.001281,1062527
2006-12-21,7.747886,7.970792,7.647963,7.947733,7.327251,1252733
2006-12-22,7.978478,7.993851,7.717141,7.794005,7.185526,547201
2006-12-26,7.809377,7.817064,7.678709,7.724827,7.121748,488005
2006-12-27,7.724827,7.978478,7.709454,7.955419,7.334338,655054
2006-12-28,7.932360,7.932360,7.801691,7.847809,7.235129,509342
2006-12-29,7.901614,8.032283,7.794005,7.947733,7.327251,945046
2007-01-03,8.009224,8.232129,7.763259,7.924673,7.305992,1043922
2007-01-04,7.924673,8.439662,7.909301,8.324366,7.674481,1182219
2007-01-05,8.316679,8.316679,8.009224,8.086088,7.454806,999558
2007-01-08,8.109147,8.293620,8.039969,8.239816,7.596534,514025
2007-01-09,8.224443,8.339739,8.162952,8.301307,7.653222,617455
2007-01-10,8.285934,8.385857,8.178324,8.355111,7.702826,518058
2007-01-11,8.370484,8.816295,8.339739,8.731745,8.050056,1308416
2007-01-12,8.731745,8.823982,8.524212,8.808609,8.120921,731552
2007-01-16,8.823982,8.954650,8.800922,8.831668,8.142179,971066
2007-01-17,8.931591,9.169869,8.923905,9.046887,8.340595,1386996
2007-01-18,9.062260,9.077633,8.462721,8.547271,7.879982,1135383
2007-01-19,8.554958,8.647194,8.324366,8.455035,7.794950,683155
2007-01-22,8.455035,8.524212,8.201384,8.224443,7.582360,604184
2007-01-23,8.216756,8.378171,8.070715,8.362798,7.709914,683155
2007-01-24,8.447348,8.531899,8.362798,8.439662,7.780777,377810
2007-01-25,8.393543,8.447348,8.086088,8.270561,7.624876,802197
2007-01-26,8.285934,8.431975,8.247502,8.278248,7.631964,384836
2007-01-29,8.332052,8.654881,8.301307,8.601076,7.929589,575042
2007-01-30,8.601076,8.601076,8.401230,8.455035,7.794950,280756
2007-01-31,8.455035,8.647194,8.416603,8.531899,7.865814,306255
2007-02-01,8.531899,8.831668,8.447348,8.770177,8.085486,592996
2007-02-02,8.654881,9.023828,8.654881,8.977709,8.276817,526124
2007-02-05,8.970023,9.023828,8.900846,9.000769,8.298079,386137
2007-02-06,8.993082,9.116065,8.916218,9.108378,8.397286,326811
2007-02-07,9.139124,9.577248,9.123751,9.569562,8.822465,1255725
2007-02-08,9.592621,9.930822,9.592621,9.800154,9.035052,1104159
2007-02-09,9.823213,9.869331,9.431207,9.715603,8.957105,970676
2007-02-12,9.715603,9.761722,9.454266,9.669485,8.914586,640352
2007-02-13,9.723290,10.053805,9.592621,9.961568,9.183867,703451
2007-02-14,9.946195,10.376633,9.946195,10.284397,9.481493,1329622
2007-02-15,10.299769,10.299769,9.730976,9.792467,9.027968,788276
2007-02-16,9.784781,9.953882,9.592621,9.907763,9.134263,606266
2007-02-20,9.930822,10.007686,9.715603,9.992314,9.212213,292985
2007-02-21,9.984627,10.061491,9.838586,9.984627,9.205126,362068
2007-02-22,9.969254,10.000000,9.769408,9.984627,9.205126,414759
2007-02-23,9.946195,9.969254,9.777095,9.915450,9.141350,370004
2007-02-26,9.938509,9.992314,9.884704,9.915450,9.141350,439348
2007-02-27,9.823213,9.915450,9.400461,9.446580,8.709084,706183
2007-02-28,9.415834,9.661799,9.154497,9.546503,8.801206,670015
2007-03-01,9.415834,9.692544,9.300538,9.492698,8.751602,572830
2007-03-02,9.400461,9.469639,9.346656,9.461952,8.723255,622398
2007-03-05,9.385088,9.400461,9.162183,9.300538,8.574443,845260
2007-03-06,9.354343,9.577248,9.231360,9.577248,8.829551,431932
2007-03-07,9.477325,9.600307,9.323597,9.423520,8.687824,330584
2007-03-08,9.546503,9.607994,9.408148,9.446580,8.709084,322258
2007-03-09,9.538816,9.546503,9.369716,9.485012,8.744516,368053
2007-03-12,9.431207,9.607994,9.408148,9.592621,8.843722,510773
2007-03-13,10.099923,10.561107,9.953882,10.230592,9.431887,2354550
2007-03-14,10.061491,10.392006,9.969254,10.245965,9.446060,936850
2007-03-15,10.384320,10.392006,10.192160,10.322829,9.516924,551494
2007-03-16,10.315142,10.491929,10.153728,10.169101,9.375197,625911
2007-03-19,10.184473,10.292083,10.099923,10.122982,9.332678,357125
2007-03-20,10.099923,10.245965,10.053805,10.084550,9.297247,495811
2007-03-21,10.038432,10.169101,9.830899,10.169101,9.375197,431282
2007-03-22,10.184473,10.507302,10.161414,10.384320,9.573616,569578
2007-03-23,10.415065,10.422752,10.222905,10.284397,9.481493,273600
2007-03-26,10.299769,10.461184,10.284397,10.299769,9.495665,260981
2007-03-27,10.215219,10.222905,10.046118,10.192160,9.396458,355824
2007-03-28,10.153728,10.330515,10.023059,10.061491,9.275990,430371
2007-03-29,10.122982,10.215219,9.953882,10.176787,9.382284,360117
2007-03-30,10.146042,10.238278,9.938509,10.061491,9.275990,332666
2007-04-02,10.284397,10.376633,10.161414,10.269024,9.467321,605746
2007-04-03,10.384320,11.291314,10.299769,10.883935,10.034225,2645453
2007-04-04,11.076095,11.083782,10.707148,10.768640,9.927929,1197050
2007-04-05,10.999231,11.299001,10.799385,10.822444,9.977533,1018293
2007-04-09,10.968486,11.529593,10.830131,11.445042,10.551526,1625600
2007-04-10,11.491161,11.491161,11.091468,11.414297,10.523180,811304
2007-04-11,11.375865,11.437356,10.914681,10.968486,10.112175,815467
2007-04-12,10.922367,11.506533,10.791699,11.468101,10.572783,1497841
2007-04-13,11.491161,11.875480,11.168332,11.675634,10.764115,2689948
2007-04-16,11.644889,11.798616,11.283628,11.322060,10.438145,1415488
2007-04-17,11.129900,11.260569,10.853190,11.060723,10.197211,1591123
2007-04-18,10.953113,11.283628,10.914681,11.237510,10.360195,943095
2007-04-19,11.114527,11.145273,10.807071,10.906995,10.055482,1287209
2007-04-20,11.076095,11.076095,10.261337,10.722521,9.885411,1799023
2007-04-23,10.760953,10.768640,10.561107,10.676403,9.842894,869719
2007-04-24,10.737894,10.737894,10.499616,10.561107,9.736599,782552
2007-04-25,10.607225,10.722521,10.499616,10.622598,9.793289,804148
2007-04-26,10.699462,10.968486,10.607225,10.868563,10.020052,1071374
2007-04-27,10.845503,10.906995,10.684089,10.830131,9.984619,855668
2007-04-30,10.814758,10.830131,10.284397,10.545734,9.722425,1161663
2007-05-01,10.499616,10.507302,10.030746,10.407379,9.594874,1233478
2007-05-02,10.376633,10.661030,10.307456,10.661030,9.828721,838625
2007-05-03,10.676403,10.837817,10.399693,10.491929,9.672824,930866
2007-05-04,10.553420,10.599539,10.345888,10.514988,9.694080,551624
2007-05-07,10.568793,10.760953,10.468870,10.507302,9.686994,575302
2007-05-08,10.476556,10.476556,10.146042,10.169101,9.375197,834071
2007-05-09,10.153728,10.368947,10.146042,10.269024,9.467321,507650
2007-05-10,10.230592,10.315142,9.877018,10.061491,9.275990,920458
2007-05-11,10.138355,10.222905,9.938509,9.984627,9.205126,452618
2007-05-14,9.961568,9.976941,9.485012,9.661799,8.907501,1390379
2007-05-15,9.607994,9.738663,9.254420,9.569562,8.822465,2088756
2007-05-16,9.607994,10.330515,9.607994,10.238278,9.438974,2279872
2007-05-17,10.192160,10.230592,10.000000,10.069178,9.283077,1229575
2007-05-18,10.122982,10.176787,10.023059,10.153728,9.361024,535492
2007-05-21,10.184473,10.561107,10.161414,10.315142,9.509835,580766
2007-05-22,10.299769,10.830131,10.299769,10.591852,9.764944,1178316
2007-05-23,10.684089,11.091468,10.653344,10.730208,9.892499,1778337
2007-05-24,10.776326,10.784012,10.384320,10.553420,9.729512,1003071
2007-05-25,10.568793,10.699462,10.468870,10.661030,9.828721,675219
2007-05-29,10.714835,10.906995,10.637971,10.661030,9.828721,828997
2007-05-30,10.568793,10.776326,10.484243,10.737894,9.899584,502186
2007-05-31,10.822444,10.953113,10.607225,10.699462,9.864154,625261
2007-06-01,10.745580,11.068409,10.722521,10.776326,9.935017,550323
2007-06-04,10.776326,10.983859,10.661030,10.807071,9.963362,567756
2007-06-05,10.753267,10.953113,10.676403,10.837817,9.991706,465498
2007-06-06,10.822444,11.591084,10.745580,11.529593,10.629478,2398654
2007-06-07,11.491161,11.698693,11.283628,11.375865,10.487750,1840525
2007-06-08,11.345119,11.437356,11.268255,11.398924,10.509007,444292
2007-06-11,11.683321,11.721752,11.345119,11.514220,10.615303,936980
2007-06-12,11.529593,11.529593,11.145273,11.145273,10.275160,712037
2007-06-13,11.183705,11.360492,11.076095,11.352806,10.466491,756401
2007-06-14,11.414297,11.629516,11.383551,11.460415,10.565700,1126666
2007-06-15,12.259800,12.413528,11.990776,12.413528,11.444403,5536015
2007-06-18,12.298232,12.943889,12.282859,12.651806,11.664077,2233687
2007-06-19,12.667179,12.882398,12.398155,12.836280,11.834149,1388037
2007-06-20,12.928517,13.051499,12.044581,12.321291,11.359365,1560550
2007-06-21,12.298232,12.682552,12.121445,12.628747,11.642819,802067
2007-06-22,12.536510,12.720984,12.421214,12.536510,11.557781,932427
2007-06-25,12.682552,12.682552,12.321291,12.382782,11.416057,741700
2007-06-26,12.428901,13.043812,12.398155,12.774789,11.777460,1299049
2007-06-27,12.774789,13.243659,12.628747,13.059185,12.039652,1658645
2007-06-28,13.112990,13.112990,12.736357,12.774789,11.777460,1093621
2007-06-29,12.828593,13.212913,12.767102,12.874712,11.869580,1417700
2007-07-02,13.043812,13.066872,12.843966,12.905457,11.897925,518188
2007-07-03,13.036126,13.036126,12.598002,12.697925,11.706596,473824
2007-07-05,12.682552,12.836280,12.659493,12.828593,11.827063,448064
2007-07-06,12.920830,13.043812,12.882398,12.928517,11.919185,478248
2007-07-09,12.928517,13.105304,12.820907,12.867025,11.862494,722575
2007-07-10,12.882398,13.205227,12.774789,13.066872,12.046739,1317002
2007-07-11,13.082244,13.451191,12.897771,13.451191,12.401055,1281355
2007-07-12,13.451191,14.381245,13.389700,14.219831,13.109685,2728587
2007-07-13,13.935434,14.135281,13.612606,13.766334,12.691594,1665150
2007-07-16,13.835511,14.089162,13.643351,13.651038,12.585298,701629
2007-07-17,13.651038,13.958493,13.451191,13.866257,12.783715,850854
2007-07-18,13.750961,13.827825,13.597233,13.758647,12.684507,936850
2007-07-19,13.820138,14.696387,13.758647,14.435050,13.308103,1264182
2007-07-20,14.404304,14.404304,13.481937,13.651038,12.585298,1328581
2007-07-23,13.643351,13.812452,13.458878,13.674097,12.606559,671186
2007-07-24,13.804766,14.342813,13.735588,13.927748,12.840405,1129268
2007-07-25,13.927748,14.058417,13.474251,13.651038,12.585298,885461
2007-07-26,13.458878,13.635665,12.720984,13.405073,12.358537,1139416
2007-07-27,13.451191,13.820138,13.289777,13.351268,12.308930,796342
2007-07-30,13.497310,14.027671,13.405073,13.989239,12.897096,851765
2007-07-31,14.104535,14.757879,14.012298,14.450423,13.322276,1605954
2007-08-01,14.534973,14.973098,14.235204,14.827056,13.669505,1180007
2007-08-02,14.988470,15.073021,14.634896,15.026902,13.853749,1094401
2007-08-03,15.065334,15.103766,14.150653,14.181399,13.074254,1330403
2007-08-06,14.219831,14.381245,13.943121,14.350500,13.230154,992403
2007-08-07,14.327440,15.372790,14.273636,15.372790,14.172632,1510461
2007-08-08,15.365104,16.756342,15.234435,16.133743,14.874180,2767747
2007-08-09,16.133743,17.524981,15.956956,16.833204,15.519033,2674856
2007-08-10,16.272099,16.525749,14.973098,15.349731,14.151375,1509420
2007-08-13,15.764796,15.918524,15.065334,15.211376,14.023823,630725
2007-08-14,15.088394,15.372790,14.473482,14.504228,13.371881,615373
2007-08-15,14.342813,14.342813,13.643351,13.958493,12.868752,1342892
2007-08-16,13.474251,14.973098,13.182168,14.742506,13.591557,806880
2007-08-17,15.372790,15.641814,13.927748,14.650269,13.506519,857489
2007-08-20,15.126826,15.357417,14.481168,15.049962,13.875010,586101
2007-08-21,15.165257,15.326672,14.657955,14.757879,13.605732,414759
2007-08-22,14.834743,15.411222,14.765565,15.365104,14.165548,644385
2007-08-23,15.488086,15.549577,14.926979,15.049962,13.875010,383925
2007-08-24,15.119139,15.449654,14.834743,15.380477,14.179719,627342
2007-08-27,15.395849,15.495772,14.965411,15.003843,13.832490,302873
2007-08-28,14.934666,15.242121,14.596464,14.704074,13.556124,381974
2007-08-29,14.681015,15.403536,14.681015,15.380477,14.179719,285309
2007-08-30,15.257494,15.803228,15.234435,15.472713,14.264756,359596
2007-08-31,15.941583,16.541122,15.910838,16.141430,14.881265,1351739
2007-09-04,16.272099,16.448885,15.757110,16.102999,14.845836,742221
2007-09-05,15.987702,16.487316,15.803228,16.287472,15.015906,1146311
2007-09-06,16.202921,16.471945,15.249808,15.403536,14.200980,1671915
2007-09-07,15.649500,16.418140,15.203689,16.187548,14.923783,2952880
2007-09-10,16.218294,16.671791,15.457341,15.703305,14.477346,1201864
2007-09-11,15.795542,16.187548,15.672560,15.910838,14.668675,644906
2007-09-12,15.918524,16.095310,15.526518,15.588009,14.371051,689530
2007-09-13,15.564950,15.564950,14.696387,14.880861,13.719109,1127577
2007-09-14,14.896234,15.196003,14.673328,14.719447,13.570296,866076
2007-09-17,14.704074,15.026902,14.450423,14.465796,13.336451,881167
2007-09-18,14.527287,15.334358,14.527287,15.242121,14.052167,1206157
2007-09-19,15.372790,15.372790,14.965411,15.272867,14.080513,735716
2007-09-20,15.196003,15.265181,14.727133,14.873174,13.712022,600281
2007-09-21,14.996157,15.003843,14.511914,14.650269,13.506519,1839744
2007-09-24,14.527287,14.704074,13.797079,13.943121,12.854580,1278233
2007-09-25,14.050730,14.773251,13.966180,14.742506,13.591557,1151515
2007-09-26,14.727133,15.411222,14.704074,15.196003,14.009647,1286039
2007-09-27,15.326672,15.449654,14.988470,15.157571,13.974217,1222290
2007-09-28,15.073021,15.303613,14.634896,14.673328,13.527780,840576
2007-10-01,14.719447,14.757879,14.104535,14.365872,13.244327,1779508
2007-10-02,14.365872,14.673328,14.219831,14.458109,13.329362,550063
2007-10-03,14.404304,14.957725,14.365872,14.796311,13.641161,452488
2007-10-04,14.873174,14.903920,14.496541,14.727133,13.577383,761605
2007-10-05,14.827056,14.842429,14.496541,14.558032,13.421484,365061
2007-10-08,14.481168,14.734819,14.327440,14.734819,13.584470,468620
2007-10-09,14.757879,16.102999,14.634896,16.010761,14.760799,1983505
2007-10-10,16.049192,16.164490,15.687932,16.049192,14.796229,1491987
2007-10-11,15.980015,16.656418,15.980015,16.049192,14.796229,976661
2007-10-12,16.026134,16.502689,15.926211,16.433514,15.150546,508431
2007-10-15,16.364334,16.410454,15.810915,15.810915,14.576555,642694
2007-10-16,15.703305,16.287472,15.572636,16.164490,14.902526,525344
2007-10-17,16.348963,16.910069,16.141430,16.702538,15.398567,1117299
2007-10-18,16.602613,16.863951,16.410454,16.794773,15.483603,474475
2007-10-19,16.740969,16.756342,15.757110,16.264412,14.994646,929304
2007-10-22,16.141430,16.525749,15.964643,16.448885,15.164719,516887
2007-10-23,16.518063,16.756342,16.372023,16.717909,15.412737,852155
2007-10-24,16.625673,16.679478,16.126057,16.556496,15.263928,431802
2007-10-25,16.525749,16.525749,16.110683,16.318216,15.044249,804929
2007-10-26,16.525749,16.525749,15.810915,15.949270,14.704108,699288
2007-10-29,15.941583,15.941583,15.265181,15.441968,14.236413,1199652
2007-10-30,10.568793,10.676403,9.208301,9.315911,8.588616,19353806
2007-10-31,9.531130,9.700231,9.223674,9.292852,8.567358,5742874
2007-11-01,9.285165,9.300538,8.101460,8.347425,7.695741,7240065
2007-11-02,8.954650,9.531130,8.800922,9.415834,8.680737,6172725
2007-11-05,9.415834,9.815527,9.300538,9.469639,8.730342,2850491
2007-11-06,9.631053,9.646426,9.023828,9.108378,8.397286,1664499
2007-11-07,9.016141,9.108378,8.724058,8.731745,8.050056,1647717
2007-11-08,8.762490,8.808609,7.932360,8.262875,7.617791,3933834
2007-11-09,8.193697,8.677940,7.932360,8.593390,7.922503,2479706
2007-11-12,8.631822,8.685626,8.285934,8.301307,7.653222,1085685
2007-11-13,8.416603,8.531899,8.355111,8.524212,7.858726,1256506
2007-11-14,8.562644,8.716372,8.455035,8.608762,7.936675,1214744
2007-11-15,8.585703,8.662567,8.431975,8.578017,7.908330,1331183
2007-11-16,8.601076,8.662567,8.493467,8.616449,7.943762,1306204
2007-11-19,8.570331,8.716372,8.478094,8.585703,7.915414,948039
2007-11-20,8.578017,8.608762,7.732513,8.009224,7.383943,2734832
2007-11-21,7.863182,7.993851,7.540354,7.709454,7.107576,1536221
2007-11-23,7.786318,7.878555,7.724827,7.855496,7.242216,293115
2007-11-26,7.847809,8.032283,7.455803,7.494235,6.909158,1426286
2007-11-27,7.509608,7.678709,7.309762,7.455803,6.873727,1337558
2007-11-28,7.501922,7.786318,7.501922,7.663336,7.065058,1020635
2007-11-29,7.686395,7.724827,7.486549,7.494235,6.909158,833160
2007-11-30,7.617218,7.747886,7.594158,7.655650,7.057972,1339119
2007-12-03,7.701768,7.955419,7.671022,7.694081,7.093402,1366440
2007-12-04,7.609531,7.786318,7.378939,7.386626,6.809950,1214874
2007-12-05,7.555726,7.594158,7.363566,7.409685,6.831209,1325589
2007-12-06,7.532667,7.732513,7.455803,7.624904,7.029627,2750054
2007-12-07,5.395849,5.572636,5.134512,5.441968,5.017113,16519968
2007-12-10,5.518832,5.518832,5.149885,5.226749,4.818696,5055556
2007-12-11,5.280553,5.280553,4.957725,4.988470,4.599019,3758329
2007-12-12,5.111453,5.111453,4.665642,4.742506,4.372258,4500679
2007-12-13,4.688701,4.688701,4.350500,4.388932,4.046288,4845575
2007-12-14,4.396618,4.980784,4.265949,4.842429,4.464381,4594091
2007-12-17,4.803997,4.842429,4.381245,4.381245,4.039200,2824081
2007-12-18,4.411991,4.488855,4.296695,4.442736,4.095891,1763375
2007-12-19,4.565719,4.573405,4.388932,4.458109,4.110064,1078659
2007-12-20,4.473482,4.481168,4.296695,4.442736,4.095891,1598669
2007-12-21,4.588778,4.611837,4.427364,4.611837,4.251790,1819449
2007-12-24,4.681015,4.696387,4.558032,4.573405,4.216358,572310
2007-12-26,4.588778,4.588778,4.442736,4.519600,4.166754,1387256
2007-12-27,4.465796,4.573405,4.427364,4.519600,4.166754,1225932
2007-12-28,4.527287,4.842429,4.496541,4.727133,4.358085,1883198
2007-12-31,4.757879,4.942352,4.611837,4.688701,4.322653,1559639
2008-01-02,4.719447,4.780938,4.504228,4.527287,4.173840,1090108
2008-01-03,4.596464,4.604151,4.035357,4.073789,3.755747,3040047
2008-01-04,4.050730,4.058417,3.712529,3.958493,3.649453,2989308
2008-01-07,4.035357,4.073789,3.750961,3.820138,3.521899,1932896
2008-01-08,3.927748,4.019985,3.681783,3.712529,3.422691,2373154
2008-01-09,3.843198,4.035357,3.720215,3.958493,3.649453,3771339
2008-01-10,3.989239,4.527287,3.989239,4.427364,4.081718,2587039
2008-01-11,4.419677,4.711760,4.312068,4.427364,4.081718,1833239
2008-01-14,4.527287,4.581091,4.096849,4.158340,3.833698,1567575
2008-01-15,4.166026,4.181399,3.989239,4.112221,3.791179,715940
2008-01-16,4.112221,4.327440,4.073789,4.258263,3.925820,1532448
2008-01-17,4.235204,4.381245,3.904689,3.958493,3.649453,1546499
2008-01-18,3.958493,4.073789,3.850884,3.866257,3.564417,953113
2008-01-22,3.420446,3.458878,2.997694,3.066872,2.827441,4214720
2008-01-23,3.043812,3.243659,2.859339,3.197540,2.947908,2981111
2008-01-24,3.266718,3.266718,2.959262,3.005380,2.770749,1753098
2008-01-25,3.082244,3.397387,3.043812,3.282091,3.025857,2017721
2008-01-28,3.289777,3.420446,3.266718,3.328209,3.068375,1290072
2008-01-29,3.374327,3.697156,3.297463,3.574174,3.295137,1251172
2008-01-30,3.651038,3.835511,3.535742,3.720215,3.429777,1278233
2008-01-31,3.820138,3.820138,3.612606,3.651038,3.366001,1243106
2008-02-01,3.704842,3.750961,3.581860,3.612606,3.330569,1242715
2008-02-04,3.651038,3.674097,3.481937,3.597233,3.316397,909659
2008-02-05,3.566487,3.804766,3.504996,3.597233,3.316397,1214223
2008-02-06,3.651038,3.681783,3.458878,3.466564,3.195929,957016
2008-02-07,3.458878,3.612606,3.458878,3.558801,3.280965,605095
2008-02-08,3.558801,3.674097,3.504996,3.535742,3.259706,733894
2008-02-11,3.597233,3.651038,3.504996,3.535742,3.259706,547071
2008-02-12,3.627978,4.373559,3.597233,4.358186,4.017941,3505935
2008-02-13,4.373559,4.419677,4.058417,4.227517,3.897475,2160701
2008-02-14,4.312068,4.442736,4.227517,4.335127,3.996683,1233608
2008-02-15,4.312068,4.335127,3.897002,3.973866,3.663625,1396493
2008-02-19,4.119908,4.219831,3.973866,4.043044,3.727403,919026
2008-02-20,4.104535,4.166026,3.897002,3.927748,3.621108,781511
2008-02-21,3.920061,4.027671,3.904689,3.920061,3.614021,862173
2008-02-22,3.958493,3.958493,3.750961,3.866257,3.564417,787105
2008-02-25,3.904689,4.027671,3.873943,3.996925,3.684884,651020
2008-02-26,4.035357,4.189085,3.958493,4.173713,3.847871,1204726
2008-02-27,4.142967,4.204458,4.073789,4.150653,3.826611,569318
2008-02-28,4.189085,4.335127,4.119908,4.181399,3.854957,728300
2008-02-29,4.181399,4.212145,3.843198,3.935434,3.628194,1352520
2008-03-03,3.920061,3.989239,3.720215,3.797079,3.500641,1230096
2008-03-04,3.843198,3.858570,3.735588,3.789393,3.493555,834852
2008-03-05,3.843198,3.866257,3.612606,3.681783,3.394346,986678
2008-03-06,3.758647,3.758647,3.289777,3.289777,3.032943,1894386
2008-03-07,3.481937,3.935434,3.458878,3.804766,3.507727,2320854
2008-03-10,3.873943,3.881630,3.389700,3.489623,3.217188,1392200
2008-03-11,3.743274,3.797079,3.489623,3.681783,3.394346,904846
2008-03-12,3.797079,3.797079,3.589547,3.604919,3.323482,678081
2008-03-13,3.558801,3.835511,3.474251,3.804766,3.507727,1207588
2008-03-14,3.835511,3.843198,3.612606,3.797079,3.500641,855147
2008-03-17,3.620292,3.720215,3.528055,3.612606,3.330569,531198
2008-03-18,3.627978,3.873943,3.627978,3.804766,3.507727,1077488
2008-03-19,3.781706,3.804766,3.643351,3.658724,3.373087,587402
2008-03-20,3.843198,3.843198,3.497310,3.497310,3.224274,1959306
2008-03-24,3.574174,3.804766,3.504996,3.789393,3.493555,858790
2008-03-25,3.789393,3.897002,3.766334,3.843198,3.543159,1079960
2008-03-26,3.843198,3.920061,3.812452,3.850884,3.550245,668454
2008-03-27,3.920061,3.935434,3.843198,3.866257,3.564417,569968
2008-03-28,3.866257,3.920061,3.835511,3.889316,3.585676,754190
2008-03-31,3.843198,4.027671,3.827825,3.858570,3.557331,701239
2008-04-01,4.035357,4.035357,3.820138,4.019985,3.706144,835242
2008-04-02,4.035357,4.235204,3.996925,4.189085,3.862042,1130829
2008-04-03,4.173713,4.488855,4.112221,4.488855,4.138409,1004242
2008-04-04,4.504228,4.642583,4.296695,4.350500,4.010855,942965
2008-04-07,4.404304,4.634896,4.404304,4.558032,4.202186,863214
2008-04-08,4.550346,4.819370,4.496541,4.711760,4.343912,1327801
2008-04-09,4.727133,4.880861,4.335127,4.350500,4.010855,1754268
2008-04-10,4.342813,4.573405,4.265949,4.496541,4.145495,548111
2008-04-11,4.450423,4.550346,4.312068,4.319754,3.982511,524173
2008-04-14,4.296695,4.473482,4.289008,4.327440,3.989596,516237
2008-04-15,4.350500,4.419677,4.342813,4.342813,4.003769,425687
2008-04-16,4.373559,4.465796,4.296695,4.465796,4.117150,480069
2008-04-17,4.419677,4.481168,4.381245,4.435050,4.088805,366362
2008-04-18,4.527287,4.573405,4.458109,4.527287,4.173840,472653
2008-04-21,4.481168,4.596464,4.419677,4.558032,4.202186,326161
2008-04-22,4.504228,4.588778,4.427364,4.488855,4.138409,387048
2008-04-23,4.496541,4.634896,4.465796,4.542659,4.188013,581807
2008-04-24,4.550346,4.842429,4.550346,4.842429,4.464381,1082042
2008-04-25,4.911606,5.188317,4.842429,5.180630,4.776178,1726297
2008-04-28,5.196003,5.488086,5.103766,5.372790,4.953336,1444370
2008-04-29,5.418909,5.910838,5.411222,5.872406,5.413947,2341670
2008-04-30,5.872406,5.972329,5.418909,5.764796,5.314738,2224710
2008-05-01,5.611068,5.618755,5.388163,5.418909,4.995853,1350308
2008-05-02,5.472713,5.749424,5.434281,5.687932,5.243875,1363058
2008-05-05,5.718678,5.718678,5.418909,5.518832,5.087976,641523
2008-05-06,5.457341,5.641814,5.395849,5.588009,5.151752,394073
2008-05-07,5.588009,5.588009,5.203689,5.203689,4.797437,890014
2008-05-08,5.380477,5.380477,5.034589,5.057648,4.662796,934248
2008-05-09,5.034589,5.188317,4.926979,4.965411,4.577761,927873
2008-05-12,4.980784,5.196003,4.911606,5.119139,4.719487,691351
2008-05-13,5.134512,5.134512,4.919293,4.988470,4.599019,649459
2008-05-14,5.042275,5.257494,4.942352,5.073021,4.676969,694084
2008-05-15,5.049962,5.073021,4.773251,4.857802,4.478553,1190415
2008-05-16,4.880861,4.880861,4.611837,4.650269,4.287221,961439
2008-05-19,4.650269,4.811683,4.627210,4.742506,4.372258,612251
2008-05-20,4.404304,4.488855,4.166026,4.335127,3.996683,2485040
2008-05-21,4.327440,4.465796,4.227517,4.235204,3.904561,907838
2008-05-22,4.242890,4.319754,4.227517,4.235204,3.904561,762906
2008-05-23,4.227517,4.388932,4.158340,4.358186,4.017941,805579
2008-05-27,4.388932,4.450423,4.289008,4.381245,4.039200,713599
2008-05-28,4.419677,4.435050,4.227517,4.319754,3.982511,589613
2008-05-29,4.319754,4.419677,4.281322,4.396618,4.053373,783462
2008-05-30,4.411991,4.588778,4.388932,4.435050,4.088805,1523081
2008-06-02,4.488855,4.558032,4.419677,4.465796,4.117150,757963
2008-06-03,4.473482,4.527287,4.381245,4.388932,4.046288,668064
2008-06-04,4.381245,4.419677,4.227517,4.258263,3.925820,684586
2008-06-05,4.242890,4.411991,4.242890,4.365872,4.025028,682244
2008-06-06,4.365872,4.365872,4.196772,4.196772,3.869129,856318
2008-06-09,4.196772,4.219831,3.774020,3.797079,3.500641,1209800
2008-06-10,3.774020,3.889316,3.651038,3.881630,3.578591,1015821
2008-06-11,3.935434,4.027671,3.827825,3.920061,3.614021,969375
2008-06-12,4.073789,4.212145,3.843198,3.989239,3.677798,1358244
2008-06-13,4.227517,4.335127,4.096849,4.212145,3.883301,2318382
2008-06-16,4.166026,4.312068,4.043044,4.273636,3.939992,1106370
2008-06-17,4.273636,4.289008,4.119908,4.227517,3.897475,843048
2008-06-18,4.189085,4.219831,4.027671,4.043044,3.727403,652972
2008-06-19,4.035357,4.189085,3.958493,4.189085,3.862042,519750
2008-06-20,4.150653,4.212145,3.996925,4.089162,3.769920,922929
2008-06-23,4.096849,4.096849,3.866257,3.881630,3.578591,764468
2008-06-24,3.843198,4.058417,3.843198,3.935434,3.628194,625521
2008-06-25,3.927748,4.035357,3.904689,3.927748,3.621108,462766
2008-06-26,3.912375,4.419677,3.904689,4.189085,3.862042,2163303
2008-06-27,4.166026,4.227517,3.958493,4.004612,3.691971,1646546
2008-06-30,3.973866,4.058417,3.912375,4.004612,3.691971,536532
2008-07-01,3.920061,4.089162,3.843198,4.058417,3.741575,710216
2008-07-02,4.035357,4.058417,3.881630,3.889316,3.585676,527816
2008-07-03,3.873943,3.912375,3.774020,3.827825,3.528986,575953
2008-07-07,3.820138,3.881630,3.535742,3.589547,3.309310,883899
2008-07-08,3.558801,3.835511,3.543428,3.835511,3.536072,655184
2008-07-09,3.843198,3.843198,3.604919,3.604919,3.323482,456001
2008-07-10,3.612606,3.681783,3.520369,3.612606,3.330569,671446
2008-07-11,3.574174,3.651038,3.512683,3.627978,3.344741,403180
2008-07-14,3.643351,3.666410,3.351268,3.397387,3.132153,563333
2008-07-15,3.343582,3.420446,3.136049,3.282091,3.025857,758743
2008-07-16,3.266718,3.727902,3.259032,3.727902,3.436864,542647
2008-07-17,3.735588,3.766334,3.558801,3.766334,3.472296,468230
2008-07-18,3.766334,3.774020,3.612606,3.674097,3.387259,341513
2008-07-21,3.658724,3.750961,3.558801,3.627978,3.344741,420874
2008-07-22,3.604919,3.781706,3.543428,3.766334,3.472296,643084
2008-07-23,3.766334,3.850884,3.704842,3.804766,3.507727,765899
2008-07-24,3.820138,3.843198,3.612606,3.704842,3.415604,587271
2008-07-25,3.758647,3.758647,3.597233,3.689470,3.401433,554746
2008-07-28,3.666410,3.689470,3.474251,3.497310,3.224274,446503
2008-07-29,3.535742,3.651038,3.458878,3.597233,3.316397,657135
2008-07-30,3.604919,3.612606,3.458878,3.497310,3.224274,428549
2008-07-31,3.481937,3.558801,3.428132,3.451191,3.181756,461855
2008-08-01,3.466564,3.574174,3.382014,3.481937,3.210101,374688
2008-08-04,3.474251,3.474251,3.289777,3.328209,3.068375,634238
2008-08-05,3.374327,3.666410,3.358955,3.651038,3.366001,684716
2008-08-06,3.635665,3.804766,3.405073,3.789393,3.493555,528596
2008-08-07,3.781706,3.843198,3.689470,3.735588,3.443950,444942
2008-08-08,3.766334,3.950807,3.720215,3.904689,3.599849,632156
2008-08-11,3.889316,4.258263,3.889316,4.058417,3.741575,1024147
2008-08-12,4.035357,4.189085,4.004612,4.089162,3.769920,437396
2008-08-13,4.073789,4.181399,4.043044,4.127594,3.805352,436746
2008-08-14,4.066103,4.342813,4.066103,4.196772,3.869129,695254
2008-08-15,4.281322,4.381245,4.127594,4.319754,3.982511,512074
2008-08-18,4.335127,4.342813,4.189085,4.212145,3.883301,411246
2008-08-19,4.158340,4.319754,4.135281,4.219831,3.890389,589223
2008-08-20,4.227517,4.435050,4.204458,4.327440,3.989596,464587
2008-08-21,4.304381,4.365872,4.173713,4.235204,3.904561,225593
2008-08-22,4.204458,4.265949,4.058417,4.212145,3.883301,382234
2008-08-25,4.189085,4.212145,4.073789,4.081476,3.762835,189296
2008-08-26,4.089162,4.189085,3.981553,4.096849,3.777008,229236
2008-08-27,4.073789,4.265949,4.073789,4.258263,3.925820,288432
2008-08-28,4.265949,4.411991,4.189085,4.381245,4.039200,391991
2008-08-29,4.342813,4.419677,4.227517,4.358186,4.017941,249402
2008-09-02,4.381245,4.473482,4.289008,4.473482,4.124237,460554
2008-09-03,4.458109,4.481168,4.227517,4.381245,4.039200,412937
2008-09-04,4.411991,4.411991,3.996925,4.142967,3.819525,775266
2008-09-05,3.743274,3.881630,3.604919,3.735588,3.443950,1164525
2008-09-08,3.735588,3.743274,3.474251,3.528055,3.252619,1136684
2008-09-09,3.535742,3.658724,3.458878,3.489623,3.217188,712818
2008-09-10,3.566487,3.581860,3.458878,3.504996,3.231360,332406
2008-09-11,3.481937,3.658724,3.466564,3.543428,3.266792,471092
2008-09-12,3.535742,3.704842,3.489623,3.681783,3.394346,372997
2008-09-15,3.497310,3.597233,3.382014,3.412759,3.146324,667543
2008-09-16,3.320523,3.535742,3.228286,3.528055,3.252619,489696
2008-09-17,3.481937,3.520369,3.305150,3.389700,3.125065,494250
2008-09-18,3.497310,3.727902,3.458878,3.727902,3.436864,820281
2008-09-19,3.912375,3.958493,3.651038,3.843198,3.543159,1297487
2008-09-22,3.666410,3.843198,3.512683,3.528055,3.252619,395504
2008-09-23,3.535742,3.674097,3.489623,3.512683,3.238447,560861
2008-09-24,3.289777,3.343582,3.189854,3.235972,2.983339,470051
2008-09-25,3.266718,3.335895,3.228286,3.282091,3.025857,265014
2008-09-26,3.189854,3.228286,2.598002,2.813221,2.593592,1231397
2008-09-29,2.805534,3.036126,2.728670,2.767102,2.551074,556698
2008-09-30,2.782475,2.905457,2.690238,2.874712,2.650283,583629
2008-10-01,2.836280,2.859339,2.613374,2.644120,2.437693,696425
2008-10-02,2.667179,2.751729,2.382782,2.405842,2.218017,1004502
2008-10-03,2.467333,2.621061,2.205995,2.205995,2.033772,1043012
2008-10-06,2.190623,2.244427,1.890853,2.098386,1.934565,1467918
2008-10-07,2.129131,2.398155,2.067640,2.167563,1.998341,975880
2008-10-08,2.067640,2.259800,1.913912,1.967717,1.814097,745733
2008-10-09,2.006149,2.113759,1.406610,1.621829,1.495213,943876
2008-10-10,1.406610,1.806303,1.406610,1.698693,1.566076,1404430
2008-10-13,1.860108,1.906226,1.744812,1.906226,1.757407,737017
2008-10-14,2.052267,2.052267,1.783244,1.806303,1.665285,511163
2008-10-15,1.813989,1.844735,1.575711,1.575711,1.452695,569448
2008-10-16,1.614143,1.721752,1.537279,1.568025,1.445609,887802
2008-10-17,1.544965,1.629516,1.537279,1.537279,1.417263,788016
2008-10-20,1.614143,1.637202,1.537279,1.560338,1.438522,459383
2008-10-21,1.675634,1.675634,1.568025,1.568025,1.445609,599891
2008-10-22,1.552652,1.575711,1.445042,1.452729,1.339314,924361
2008-10-23,1.498847,1.498847,1.360492,1.375865,1.268451,598850
2008-10-24,1.314374,1.368178,1.260569,1.329746,1.225932,1024147
2008-10-27,1.360492,1.421983,1.229823,1.229823,1.133811,545249
2008-10-28,1.514220,1.529593,1.176018,1.214450,1.119638,1170119
2008-10-29,1.452729,1.452729,1.229823,1.275942,1.176329,1350568
2008-10-30,1.345119,1.375865,1.291314,1.345119,1.240105,727779
2008-10-31,1.483474,1.767871,1.383551,1.767871,1.629853,3204883
2008-11-03,1.829362,1.998463,1.767871,1.998463,1.842443,1380751
2008-11-04,2.144504,2.275173,1.998463,2.190623,2.019600,1985326
2008-11-05,2.136818,2.136818,1.813989,1.898540,1.750321,739749
2008-11-06,1.890853,1.983090,1.744812,1.783244,1.644026,680033
2008-11-07,1.790930,1.906226,1.775557,1.790930,1.651112,571790
2008-11-10,1.998463,2.528824,1.998463,2.236741,2.062118,2210269
2008-11-11,2.328978,2.344350,1.883167,2.067640,1.906219,1201343
2008-11-12,2.098386,2.167563,1.852421,1.852421,1.707802,973929
2008-11-13,1.860108,2.013836,1.767871,2.006149,1.849529,745603
2008-11-14,1.967717,2.075327,1.844735,1.952344,1.799924,688229
2008-11-17,1.929285,2.006149,1.883167,1.898540,1.750321,286090
2008-11-18,1.952344,1.952344,1.660261,1.737125,1.601507,703191
2008-11-19,1.667948,1.760184,1.468101,1.491161,1.374746,696555
2008-11-20,1.460415,1.583397,1.375865,1.375865,1.268451,857489
2008-11-21,1.414297,1.691007,1.283628,1.421983,1.310969,1416269
2008-11-24,1.460415,1.568025,1.445042,1.491161,1.374746,871540
2008-11-25,1.552652,1.614143,1.291314,1.429669,1.318054,759914
2008-11-26,1.437356,1.568025,1.337433,1.560338,1.438522,611210
2008-11-28,1.583397,1.583397,1.468101,1.583397,1.459781,215185
2008-12-01,1.637202,1.675634,1.552652,1.552652,1.431436,731032
2008-12-02,1.629516,1.667948,1.575711,1.667948,1.537731,597289
2008-12-03,1.667948,1.783244,1.660261,1.760184,1.622766,864905
2008-12-04,1.783244,2.029208,1.752498,1.936972,1.785752,1395713
2008-12-05,1.936972,1.983090,1.775557,1.960031,1.807011,670796
2008-12-08,1.983090,1.983090,1.660261,1.944658,1.792838,1122113
2008-12-09,1.913912,1.998463,1.806303,1.844735,1.700717,404741
2008-12-10,1.844735,1.975404,1.844735,1.967717,1.814097,616934
2008-12-11,1.960031,2.106072,1.867794,1.875480,1.729061,643735
2008-12-12,1.783244,2.013836,1.767871,2.013836,1.856615,511163
2008-12-15,2.098386,2.113759,2.013836,2.052267,1.892046,686408
2008-12-16,1.767871,1.837048,1.652575,1.783244,1.644026,1727338
2008-12-17,1.806303,1.844735,1.767871,1.829362,1.686543,714509
2008-12-18,1.883167,1.983090,1.790930,1.821676,1.679458,856969
2008-12-19,1.913912,1.921599,1.767871,1.860108,1.714889,982255
2008-12-22,1.921599,1.921599,1.752498,1.821676,1.679458,429850
2008-12-23,1.821676,1.867794,1.737125,1.752498,1.615680,360117
2008-12-24,1.798616,1.806303,1.706380,1.714066,1.580248,253435
2008-12-26,1.706380,1.737125,1.652575,1.721752,1.587335,425297
2008-12-29,1.721752,1.729439,1.660261,1.667948,1.537731,329153
2008-12-30,1.660261,1.698693,1.606457,1.698693,1.566076,702800
2008-12-31,1.698693,1.760184,1.660261,1.744812,1.608594,736236
2009-01-02,1.744812,1.813989,1.706380,1.806303,1.665285,345936
2009-01-05,1.844735,1.998463,1.806303,1.998463,1.842443,780730
2009-01-06,2.044581,2.221368,2.029208,2.198309,2.026687,1093360
2009-01-07,2.198309,2.229055,1.998463,2.167563,1.998341,982385
2009-01-08,2.152191,2.229055,2.044581,2.229055,2.055032,559430
2009-01-09,2.221368,2.244427,2.129131,2.144504,1.977082,311199
2009-01-12,2.136818,2.152191,2.013836,2.013836,1.856615,485013
2009-01-13,2.021522,2.044581,1.875480,1.913912,1.764493,586621
2009-01-14,1.921599,2.059954,1.867794,1.898540,1.750321,543558
2009-01-15,1.860108,1.936972,1.737125,1.875480,1.729061,706833
2009-01-16,1.906226,1.998463,1.806303,1.967717,1.814097,667673
2009-01-20,1.975404,2.113759,1.813989,1.883167,1.736148,878175
2009-01-21,1.921599,1.998463,1.744812,1.898540,1.750321,557739
2009-01-22,1.860108,1.860108,1.737125,1.790930,1.651112,554356
2009-01-23,1.767871,1.844735,1.737125,1.775557,1.636939,272169
2009-01-26,1.775557,1.921599,1.775557,1.829362,1.686543,335788
2009-01-27,1.829362,1.906226,1.806303,1.844735,1.700717,359727
2009-01-28,1.844735,1.860108,1.568025,1.775557,1.636939,985247
2009-01-29,1.775557,1.890853,1.767871,1.867794,1.721975,484232
2009-01-30,1.844735,1.898540,1.775557,1.813989,1.672371,382494
2009-02-02,1.783244,1.867794,1.767871,1.798616,1.658198,227675
2009-02-03,1.821676,1.883167,1.767871,1.883167,1.736148,337479
2009-02-04,1.921599,2.021522,1.844735,1.867794,1.721975,731032
2009-02-05,1.883167,1.960031,1.806303,1.960031,1.807011,933858
2009-02-06,1.952344,2.152191,1.921599,2.044581,1.884960,897430
2009-02-09,2.083013,2.136818,2.006149,2.059954,1.899133,570358
2009-02-10,2.036895,2.113759,1.990776,2.006149,1.849529,558910
2009-02-11,2.021522,2.075327,1.967717,1.975404,1.821184,247971
2009-02-12,1.990776,2.106072,1.967717,2.067640,1.906219,350229
2009-02-13,2.090699,2.167563,2.036895,2.136818,1.969996,488395
2009-02-17,2.129131,2.152191,1.883167,1.921599,1.771579,748335
2009-02-18,1.921599,2.021522,1.883167,1.960031,1.807011,306255
2009-02-19,1.936972,2.036895,1.921599,1.936972,1.785752,431672
2009-02-20,1.936972,2.198309,1.936972,2.175250,2.005428,1595156
2009-02-23,2.229055,2.367410,2.198309,2.344350,2.161326,2609416
2009-02-24,2.375096,2.997694,2.367410,2.713297,2.501470,3922385
2009-02-25,2.598002,3.051499,2.536510,2.936203,2.706973,2840864
2009-02-26,2.966949,3.182168,2.697925,2.813221,2.593592,2744980
2009-02-27,2.728670,3.074558,2.720984,2.943889,2.714059,1689869
2009-03-02,2.920830,2.920830,2.498078,2.521138,2.324312,1725646
2009-03-03,2.590315,2.836280,2.574942,2.613374,2.409348,1445931
2009-03-04,2.736357,2.897771,2.705611,2.843966,2.621937,1537782
2009-03-05,2.790161,3.028440,2.690238,2.913144,2.685714,1864593
2009-03-06,3.059185,3.420446,2.997694,3.405073,3.139238,4257783
2009-03-09,3.497310,3.689470,3.320523,3.351268,3.089634,3304410
2009-03-10,3.428132,3.689470,2.951576,3.243659,2.990426,3857985
2009-03-11,3.228286,3.443505,3.059185,3.059185,2.820354,1691820
2009-03-12,3.059185,3.604919,3.013067,3.528055,3.252619,4382679
2009-03-13,3.827825,3.943121,3.458878,3.927748,3.621108,6645768
2009-03-16,4.012298,4.404304,3.920061,4.019985,3.706144,4502501
2009-03-17,4.019985,4.435050,4.019985,4.388932,4.046288,4050794
2009-03-18,4.388932,4.419677,4.135281,4.289008,3.954165,2455638
2009-03-19,4.350500,4.411991,4.112221,4.358186,4.017941,1809431
2009-03-20,4.381245,4.419677,4.212145,4.304381,3.968338,1427327
2009-03-23,4.319754,4.727133,4.319754,4.727133,4.358085,2516915
2009-03-24,4.727133,4.788624,4.573405,4.665642,4.301394,2119329
2009-03-25,4.688701,5.134512,4.688701,5.049962,4.655711,3147770
2009-03-26,5.226749,5.295926,5.049962,5.226749,4.818696,2322415
2009-03-27,5.226749,5.226749,4.427364,4.642583,4.280136,3074133
2009-03-30,4.527287,4.611837,4.158340,4.588778,4.230532,2510670
2009-03-31,4.673328,4.827056,4.565719,4.627210,4.265964,1747373
2009-04-01,4.519600,4.588778,3.927748,4.250576,3.918733,3900918
2009-04-02,4.350500,4.611837,4.342813,4.465796,4.117150,2314739
2009-04-03,4.304381,4.573405,4.227517,4.558032,4.202186,1123023
2009-04-06,4.573405,4.573405,4.196772,4.365872,4.025028,1269386
2009-04-07,4.350500,4.388932,4.242890,4.258263,3.925820,891705
2009-04-08,4.304381,4.519600,4.265949,4.519600,4.166754,1309326
2009-04-09,4.573405,4.957725,4.534973,4.857802,4.478553,2405419
2009-04-13,4.903920,4.919293,4.688701,4.857802,4.478553,1339510
2009-04-14,4.842429,4.857802,4.634896,4.642583,4.280136,1076317
2009-04-15,4.673328,4.957725,4.611837,4.819370,4.443121,1235950
2009-04-16,4.896234,5.034589,4.850115,4.988470,4.599019,1290202
2009-04-17,5.042275,5.219062,4.996157,5.080707,4.684055,1713157
2009-04-20,5.034589,5.034589,4.811683,4.857802,4.478553,1120031
2009-04-21,4.873174,5.111453,4.765565,5.042275,4.648623,1123544
2009-04-22,5.111453,5.488086,4.880861,5.149885,4.747833,2492066
2009-04-23,5.288240,5.357417,4.896234,4.980784,4.591933,1136944
2009-04-24,5.073021,5.165257,5.019216,5.088394,4.691143,994745
2009-04-27,5.188317,5.188317,5.003843,5.019216,4.627364,1045354
2009-04-28,5.011530,5.149885,4.957725,5.057648,4.662796,721925
2009-04-29,5.288240,5.664873,5.242121,5.526518,5.095062,2569995
2009-04-30,5.687932,5.764796,5.495772,5.511145,5.080889,1560419
2009-05-01,5.541891,5.588009,5.318985,5.388163,4.967508,1349137
2009-05-04,5.511145,5.657187,5.426595,5.534204,5.102148,1711466
2009-05-05,5.611068,5.780169,5.541891,5.588009,5.151752,2221458
2009-05-06,5.726364,5.741737,5.457341,5.588009,5.151752,1062917
2009-05-07,5.196003,5.211376,4.788624,4.850115,4.471466,4721719
2009-05-08,4.896234,5.057648,4.803997,4.865488,4.485640,2136242
2009-05-11,4.903920,4.903920,4.250576,4.450423,4.102977,3502943
2009-05-12,4.565719,4.688701,4.304381,4.435050,4.088805,1912600
2009-05-13,4.258263,4.435050,3.651038,3.697156,3.408518,4679957
2009-05-14,3.866257,4.227517,3.843198,4.035357,3.720316,2833968
2009-05-15,4.066103,4.419677,4.035357,4.235204,3.904561,3020272
2009-05-18,4.511914,4.534973,4.073789,4.319754,3.982511,1585659
2009-05-19,4.373559,4.496541,4.204458,4.442736,4.095891,1596327
2009-05-20,4.527287,4.534973,4.196772,4.227517,3.897475,1770661
2009-05-21,4.189085,4.189085,4.004612,4.081476,3.762835,975750
2009-05-22,4.096849,4.281322,3.989239,4.050730,3.734489,832380
2009-05-26,4.058417,4.212145,3.958493,4.204458,3.876216,1413016
2009-05-27,4.227517,4.411991,4.173713,4.227517,3.897475,1005933
2009-05-28,4.273636,4.289008,3.958493,4.058417,3.741575,1366701
2009-05-29,4.058417,4.150653,4.035357,4.058417,3.741575,1295536
2009-06-01,4.189085,4.265949,4.089162,4.196772,3.869129,1460763
2009-06-02,4.189085,4.381245,4.081476,4.196772,3.869129,1910779
2009-06-03,4.081476,4.227517,4.012298,4.058417,3.741575,1463755
2009-06-04,4.096849,4.096849,3.850884,3.850884,3.550245,1737095
2009-06-05,3.843198,3.973866,3.643351,3.674097,3.387259,2583526
2009-06-08,3.674097,3.835511,3.551115,3.774020,3.479382,1766498
2009-06-09,3.843198,3.950807,3.774020,3.797079,3.500641,1255465
2009-06-10,3.881630,3.920061,3.727902,3.820138,3.521899,1589692
2009-06-11,3.774020,3.920061,3.774020,3.843198,3.543159,1112615
2009-06-12,3.881630,3.881630,3.727902,3.804766,3.507727,829518
2009-06-15,3.804766,3.804766,3.528055,3.643351,3.358914,1406121
2009-06-16,3.766334,4.027671,3.627978,3.812452,3.514814,1877343
2009-06-17,3.835511,3.904689,3.666410,3.720215,3.429777,1362928
2009-06-18,3.781706,3.820138,3.689470,3.789393,3.493555,1412756
2009-06-19,4.458109,4.711760,4.265949,4.634896,4.273048,11354868
2009-06-22,4.588778,4.588778,4.335127,4.419677,4.074632,5771106
2009-06-23,4.150653,4.265949,3.881630,4.166026,3.840784,5646340
2009-06-24,4.219831,4.227517,3.958493,3.958493,3.649453,2292622
2009-06-25,4.066103,4.066103,3.889316,3.920061,3.614021,2174361
2009-06-26,3.935434,4.504228,3.889316,4.496541,4.145495,6067994
2009-06-29,4.227517,4.304381,4.035357,4.250576,3.918733,3672983
2009-06-30,4.219831,4.442736,4.096849,4.365872,4.025028,2929852
2009-07-01,4.419677,4.527287,4.365872,4.458109,4.110064,2279872
2009-07-02,4.365872,4.373559,4.173713,4.289008,3.954165,1229835
2009-07-06,4.258263,4.258263,3.927748,4.158340,3.833698,1448013
2009-07-07,4.119908,4.258263,4.119908,4.173713,3.847871,1648367
2009-07-08,4.212145,4.242890,3.920061,4.027671,3.713230,1493288
2009-07-09,4.050730,4.089162,3.973866,4.027671,3.713230,1372555
2009-07-10,4.027671,4.396618,4.027671,4.296695,3.961251,2375886
2009-07-13,4.373559,4.442736,4.212145,4.265949,3.932906,1711075
2009-07-14,4.258263,4.419677,4.250576,4.419677,4.074632,1782630
2009-07-15,4.527287,4.596464,4.458109,4.573405,4.216358,2841904
2009-07-16,4.573405,5.034589,4.542659,4.919293,4.535243,4654588
2009-07-17,4.996157,5.203689,4.926979,5.088394,4.691143,3172879
2009-07-20,5.119139,5.342045,5.111453,5.272867,4.861213,2459410
2009-07-21,5.357417,5.365104,4.965411,5.180630,4.776178,1812423
2009-07-22,5.119139,5.272867,4.988470,5.073021,4.676969,1672436
2009-07-23,5.034589,5.196003,5.003843,5.026902,4.634450,1861341
2009-07-24,4.996157,5.026902,4.850115,5.003843,4.613192,1293714
2009-07-27,5.019216,5.034589,4.896234,4.926979,4.542329,1002290
2009-07-28,4.903920,4.903920,4.481168,4.842429,4.464381,1466878
2009-07-29,4.788624,5.111453,4.704074,4.926979,4.542329,1233868
2009-07-30,4.996157,5.142198,4.734819,4.765565,4.393517,2430398
2009-07-31,4.704074,4.750192,4.511914,4.657955,4.294308,1880986
2009-08-03,4.788624,4.788624,4.511914,4.742506,4.372258,1944865
2009-08-04,4.657955,4.765565,4.611837,4.634896,4.273048,1066820
2009-08-05,4.634896,4.696387,4.550346,4.696387,4.329740,1187163
2009-08-06,4.742506,4.750192,4.550346,4.558032,4.202186,999949
2009-08-07,4.634896,4.704074,4.573405,4.657955,4.294308,900162
2009-08-10,4.650269,4.657955,4.542659,4.565719,4.209272,1103768
2009-08-11,4.534973,4.588778,4.450423,4.465796,4.117150,1168428
2009-08-12,4.442736,4.550346,4.381245,4.465796,4.117150,1484831
2009-08-13,4.481168,4.581091,4.350500,4.542659,4.188013,1717450
2009-08-14,4.550346,4.573405,4.388932,4.435050,4.088805,1476505
2009-08-17,4.373559,4.381245,4.096849,4.296695,3.961251,1752187
2009-08-18,4.304381,4.450423,4.304381,4.373559,4.032114,683545
2009-08-19,4.365872,4.373559,4.242890,4.365872,4.025028,824574
2009-08-20,4.381245,4.558032,4.381245,4.542659,4.188013,1234129
2009-08-21,4.573405,4.611837,4.427364,4.527287,4.173840,1145140
2009-08-24,4.304381,4.419677,4.158340,4.196772,3.869129,2383432
2009-08-25,4.204458,4.227517,4.104535,4.189085,3.862042,1559249
2009-08-26,4.173713,4.189085,3.958493,4.043044,3.727403,1939791
2009-08-27,4.004612,4.166026,3.850884,4.142967,3.819525,1956964
2009-08-28,4.173713,4.227517,4.104535,4.204458,3.876216,1585008
2009-08-31,4.189085,4.212145,4.089162,4.135281,3.812438,1860300
2009-09-01,4.112221,4.158340,3.850884,3.904689,3.599849,2117378
2009-09-02,3.889316,4.050730,3.881630,3.920061,3.614021,1797462
2009-09-03,3.950807,4.043044,3.904689,3.989239,3.677798,1288120
2009-09-04,4.004612,4.058417,3.920061,4.058417,3.741575,799595
2009-09-08,4.073789,4.212145,4.043044,4.096849,3.777008,1498102
2009-09-09,4.181399,4.388932,4.142967,4.312068,3.975424,4473228
2009-09-10,4.850115,4.880861,4.558032,4.604151,4.244704,7945597
2009-09-11,4.681015,4.704074,4.404304,4.504228,4.152583,3748962
2009-09-14,4.450423,4.504228,4.319754,4.450423,4.102977,1959957
2009-09-15,4.473482,4.473482,4.342813,4.396618,4.053373,1629633
2009-09-16,4.419677,4.519600,4.404304,4.450423,4.102977,1498882
2009-09-17,4.419677,4.450423,4.265949,4.342813,4.003769,1908047
2009-09-18,4.342813,4.381245,4.258263,4.265949,3.932906,1373206
2009-09-21,4.235204,4.296695,4.150653,4.158340,3.833698,1545588
2009-09-22,4.173713,4.189085,4.043044,4.058417,3.741575,1572519
2009-09-23,4.058417,4.112221,3.973866,3.973866,3.663625,1553264
2009-09-24,4.004612,4.066103,3.904689,3.996925,3.684884,2356892
2009-09-25,3.973866,4.035357,3.920061,3.950807,3.642367,1392851
2009-09-28,3.958493,4.004612,3.920061,3.981553,3.670712,1415748
2009-09-29,3.889316,4.027671,3.881630,3.958493,3.649453,682895
2009-09-30,3.981553,4.066103,3.927748,4.019985,3.706144,1605174
2009-10-01,4.027671,4.066103,3.827825,3.904689,3.599849,2154976
2009-10-02,3.820138,3.820138,3.328209,3.720215,3.429777,3569944
2009-10-05,3.781706,3.804766,3.627978,3.674097,3.387259,1781459
2009-10-06,3.658724,3.758647,3.643351,3.704842,3.415604,1229055
2009-10-07,3.704842,3.804766,3.666410,3.758647,3.465208,1107802
2009-10-08,3.804766,3.835511,3.704842,3.720215,3.429777,1284868
2009-10-09,3.735588,3.781706,3.720215,3.758647,3.465208,885331
2009-10-12,3.804766,3.812452,3.658724,3.727902,3.436864,1689999
2009-10-13,3.704842,3.727902,3.658724,3.674097,3.387259,836283
2009-10-14,3.697156,3.743274,3.651038,3.720215,3.429777,1365139
2009-10-15,3.735588,3.973866,3.735588,3.927748,3.621108,2845027
2009-10-16,3.727902,3.950807,3.689470,3.881630,3.578591,1603483
2009-10-19,3.943121,3.958493,3.812452,3.850884,3.550245,1426156
2009-10-20,3.850884,3.866257,3.766334,3.850884,3.550245,1163224
2009-10-21,3.820138,3.912375,3.766334,3.797079,3.500641,1236731
2009-10-22,3.827825,3.866257,3.704842,3.789393,3.493555,967294
2009-10-23,3.804766,3.835511,3.651038,3.697156,3.408518,1253123
2009-10-26,3.697156,3.766334,3.558801,3.581860,3.302223,1913771
2009-10-27,3.574174,3.666410,3.543428,3.558801,3.280965,1620526
2009-10-28,3.558801,3.612606,3.266718,3.305150,3.047116,3619642
2009-10-29,3.328209,3.420446,3.305150,3.374327,3.110893,1596717
2009-10-30,3.497310,3.497310,3.266718,3.282091,3.025857,1728509
2009-11-02,3.289777,3.328209,3.159108,3.182168,2.933736,3235847
2009-11-03,3.143736,3.266718,3.112990,3.228286,2.976254,1217996
2009-11-04,3.251345,3.320523,3.151422,3.151422,2.905390,861002
2009-11-05,3.189854,3.297463,3.151422,3.282091,3.025857,1104029
2009-11-06,3.282091,3.312836,3.235972,3.282091,3.025857,747034
2009-11-09,3.358955,3.551115,3.305150,3.504996,3.231360,2992820
2009-11-10,3.566487,3.651038,3.451191,3.551115,3.273879,2008094
2009-11-11,3.635665,3.727902,3.535742,3.727902,3.436864,2276750
2009-11-12,3.727902,3.735588,3.581860,3.581860,3.302223,1039109
2009-11-13,3.727902,3.735588,3.651038,3.704842,3.415604,1454518
2009-11-16,3.750961,3.766334,3.689470,3.720215,3.429777,1190025
2009-11-17,3.697156,3.735588,3.658724,3.666410,3.380173,818069
2009-11-18,3.704842,3.735588,3.643351,3.720215,3.429777,1230096
2009-11-19,3.674097,3.689470,3.581860,3.620292,3.337656,1274199
2009-11-20,3.589547,3.627978,3.551115,3.612606,3.330569,1141888
2009-11-23,3.635665,3.674097,3.535742,3.566487,3.288050,1144880
2009-11-24,3.589547,3.597233,3.466564,3.535742,3.259706,1417309
2009-11-25,3.528055,3.643351,3.504996,3.627978,3.344741,1340030
2009-11-27,3.512683,3.643351,3.497310,3.612606,3.330569,541867
2009-11-30,3.612606,3.804766,3.612606,3.797079,3.500641,2778025
2009-12-01,3.950807,4.181399,3.881630,4.150653,3.826611,6501357
2009-12-02,4.204458,4.411991,4.189085,4.365872,4.025028,5130884
2009-12-03,4.442736,4.458109,4.004612,4.050730,3.734489,6592297
2009-12-04,3.504996,3.535742,3.305150,3.420446,3.153411,11342769
2009-12-07,3.428132,3.458878,3.205227,3.220600,2.969167,5567760
2009-12-08,3.212913,3.220600,3.059185,3.128363,2.884131,5427772
2009-12-09,3.197540,3.205227,3.074558,3.105304,2.862873,3668950
2009-12-10,3.082244,3.128363,3.013067,3.028440,2.792009,3103536
2009-12-11,3.082244,3.082244,3.005380,3.013067,2.777837,2378358
2009-12-14,3.074558,3.074558,2.943889,3.020753,2.784922,2684223
2009-12-15,3.020753,3.051499,2.959262,3.005380,2.770749,1403779
2009-12-16,2.997694,3.136049,2.997694,3.089931,2.848699,2583656
2009-12-17,3.082244,3.089931,2.982321,3.020753,2.784922,1558468
2009-12-18,3.043812,3.066872,2.997694,3.051499,2.813268,1835971
2009-12-21,3.089931,3.097617,3.020753,3.059185,2.820354,1476765
2009-12-22,3.074558,3.074558,3.013067,3.028440,2.792009,1692731
2009-12-23,3.043812,3.059185,3.005380,3.028440,2.792009,1168688
2009-12-24,3.020753,3.036126,2.997694,2.997694,2.763664,482281
2009-12-28,3.043812,3.043812,2.990008,3.005380,2.770749,1112875
2009-12-29,3.020753,3.028440,2.997694,3.020753,2.784922,936070
2009-12-30,3.005380,3.151422,3.005380,3.151422,2.905390,2677328
2009-12-31,3.151422,3.259032,3.143736,3.143736,2.898304,2859338
2010-01-04,3.151422,3.228286,3.066872,3.182168,2.933736,2447962
2010-01-05,3.189854,3.220600,3.105304,3.212913,2.962080,2042050
2010-01-06,3.220600,3.458878,3.174481,3.420446,3.153411,5190990
2010-01-07,3.458878,3.512683,3.382014,3.458878,3.188843,2399955
2010-01-08,3.458878,3.458878,3.343582,3.428132,3.160497,1821400
2010-01-11,3.420446,3.443505,3.358955,3.397387,3.132153,1301000
2010-01-12,3.366641,3.397387,3.266718,3.305150,3.047116,2053238
2010-01-13,3.297463,3.343582,3.235972,3.312836,3.054202,1993652
2010-01-14,3.289777,3.335895,3.266718,3.305150,3.047116,1262881
2010-01-15,3.297463,3.297463,3.197540,3.228286,2.976254,2047384
2010-01-19,3.251345,3.289777,3.182168,3.282091,3.025857,2535909
2010-01-20,3.282091,3.282091,3.174481,3.205227,2.954994,1235430
2010-01-21,3.220600,3.220600,3.082244,3.128363,2.884131,1567705
2010-01-22,3.112990,3.151422,3.036126,3.082244,2.841612,1628332
2010-01-25,3.105304,3.112990,3.066872,3.082244,2.841612,959227
2010-01-26,3.074558,3.112990,3.005380,3.036126,2.799095,995525
2010-01-27,3.020753,3.105304,2.990008,3.066872,2.827441,1186122
2010-01-28,3.082244,3.112990,3.036126,3.089931,2.848699,812995
2010-01-29,3.112990,3.159108,3.036126,3.043812,2.806181,1343413
2010-02-01,3.066872,3.105304,3.043812,3.059185,2.820354,1042882
2010-02-02,3.112990,3.266718,3.105304,3.182168,2.933736,2034244
2010-02-03,3.182168,3.266718,3.174481,3.259032,3.004599,1179487
2010-02-04,3.228286,3.243659,3.074558,3.089931,2.848699,1304643
2010-02-05,3.082244,3.151422,3.020753,3.074558,2.834527,1239723
2010-02-08,3.089931,3.182168,3.089931,3.166795,2.919563,1471041
2010-02-09,3.189854,3.220600,3.112990,3.136049,2.891217,978872
2010-02-10,3.112990,3.174481,3.112990,3.143736,2.898304,540566
2010-02-11,3.143736,3.212913,3.089931,3.212913,2.962080,586101
2010-02-12,3.174481,3.243659,3.151422,3.243659,2.990426,1020504
2010-02-16,3.266718,3.351268,3.243659,3.343582,3.082548,1605954
2010-02-17,3.382014,3.389700,3.305150,3.343582,3.082548,900552
2010-02-18,3.351268,3.351268,3.235972,3.305150,3.047116,652712
2010-02-19,3.305150,3.320523,3.228286,3.305150,3.047116,533280
2010-02-22,3.305150,3.351268,3.266718,3.289777,3.032943,881688
2010-02-23,3.274404,3.305150,3.159108,3.235972,2.983339,1000859
2010-02-24,3.228286,3.274404,3.189854,3.228286,2.976254,616674
2010-02-25,3.182168,3.274404,3.182168,3.243659,2.990426,787105
2010-02-26,3.259032,3.305150,3.228286,3.282091,3.025857,625651
2010-03-01,3.266718,3.328209,3.197540,3.266718,3.011685,1591383
2010-03-02,3.259032,3.266718,3.220600,3.266718,3.011685,696295
2010-03-03,3.274404,3.420446,3.274404,3.405073,3.139238,1938360
2010-03-04,3.451191,3.727902,3.420446,3.681783,3.394346,3169106
2010-03-05,3.689470,3.727902,3.551115,3.643351,3.358914,2287809
2010-03-08,3.674097,3.750961,3.604919,3.750961,3.458123,2733791
2010-03-09,3.743274,3.758647,3.589547,3.612606,3.330569,1837532
2010-03-10,3.612606,3.651038,3.481937,3.627978,3.344741,1694162
2010-03-11,3.735588,3.743274,3.574174,3.635665,3.351828,1967502
2010-03-12,3.328209,3.366641,3.174481,3.182168,2.933736,6951503
2010-03-15,3.205227,3.220600,3.051499,3.082244,2.841612,4873546
2010-03-16,3.112990,3.136049,3.066872,3.074558,2.834527,2808729
2010-03-17,3.089931,3.105304,3.043812,3.043812,2.806181,1973877
2010-03-18,3.043812,3.066872,3.020753,3.036126,2.799095,1908567
2010-03-19,3.059185,3.059185,2.943889,2.966949,2.735319,2837611
2010-03-22,2.959262,3.059185,2.951576,3.020753,2.784922,1685576
2010-03-23,3.036126,3.051499,3.005380,3.013067,2.777837,1544807
2010-03-24,2.990008,3.013067,2.951576,2.959262,2.728232,2058833
2010-03-25,2.966949,3.005380,2.959262,2.974635,2.742405,1066039
2010-03-26,2.974635,2.997694,2.966949,2.982321,2.749490,648418
2010-03-29,2.997694,3.005380,2.982321,3.005380,2.770749,1037287
2010-03-30,2.982321,3.005380,2.974635,2.990008,2.756578,904976
2010-03-31,2.974635,2.997694,2.882398,2.913144,2.685714,2485821
2010-04-01,2.920830,2.974635,2.913144,2.966949,2.735319,1166086
2010-04-05,2.974635,3.097617,2.974635,3.059185,2.820354,2522899
2010-04-06,3.074558,3.189854,3.066872,3.174481,2.926649,2760202
2010-04-07,3.120676,3.182168,3.105304,3.128363,2.884131,1256896
2010-04-08,3.128363,3.159108,3.082244,3.097617,2.855785,738448
2010-04-09,3.097617,3.128363,3.051499,3.051499,2.813268,1304383
2010-04-12,3.066872,3.136049,3.066872,3.105304,2.862873,1160492
2010-04-13,3.105304,3.151422,3.074558,3.151422,2.905390,1094011
2010-04-14,3.151422,3.266718,3.128363,3.266718,3.011685,2664708
2010-04-15,3.251345,3.282091,3.197540,3.228286,2.976254,1661117
2010-04-16,3.235972,3.243659,3.112990,3.212913,2.962080,1274590
2010-04-19,3.197540,3.205227,3.112990,3.174481,2.926649,1869407
2010-04-20,3.212913,3.212913,3.159108,3.174481,2.926649,633197
2010-04-21,3.189854,3.220600,3.166795,3.182168,2.933736,594687
2010-04-22,3.151422,3.266718,3.128363,3.228286,2.976254,1134732
2010-04-23,3.259032,3.259032,3.189854,3.212913,2.962080,628123
2010-04-26,3.197540,3.251345,3.189854,3.189854,2.940821,1161793
2010-04-27,3.189854,3.235972,3.143736,3.166795,2.919563,1190415
2010-04-28,3.166795,3.382014,3.166795,3.374327,3.110893,3848098
2010-04-29,3.366641,3.420446,3.266718,3.274404,3.018770,1996385
2010-04-30,3.389700,3.451191,3.335895,3.435819,3.167584,3293612
2010-05-03,3.458878,3.581860,3.428132,3.528055,3.252619,2239802
2010-05-04,3.489623,3.489623,3.343582,3.389700,3.125065,1545848
2010-05-05,3.343582,3.443505,3.266718,3.305150,3.047116,1477676
2010-05-06,3.305150,3.428132,3.059185,3.197540,2.947908,2184899
2010-05-07,3.197540,3.328209,3.166795,3.243659,2.990426,1969194
2010-05-10,3.335895,3.382014,3.182168,3.235972,2.983339,1444891
2010-05-11,3.351268,3.474251,3.320523,3.443505,3.174670,2348305
2010-05-12,3.458878,3.458878,3.374327,3.443505,3.174670,1111444
2010-05-13,3.428132,3.528055,3.397387,3.474251,3.203016,1215915
2010-05-14,3.458878,3.543428,3.343582,3.428132,3.160497,1478977
2010-05-17,3.435819,3.512683,3.335895,3.489623,3.217188,1133691
2010-05-18,3.535742,3.620292,3.466564,3.520369,3.245533,2523420
2010-05-19,3.520369,3.612606,3.435819,3.474251,3.203016,1402608
2010-05-20,3.382014,3.435819,3.212913,3.228286,2.976254,2648836
2010-05-21,3.212913,3.420446,3.074558,3.312836,3.054202,2357932
2010-05-24,3.358955,3.443505,3.320523,3.320523,3.061290,1192887
2010-05-25,3.259032,3.320523,3.159108,3.282091,3.025857,1155158
2010-05-26,3.297463,3.428132,3.274404,3.328209,3.068375,1443590
2010-05-27,3.389700,3.420446,3.320523,3.382014,3.117980,693043
2010-05-28,3.382014,3.435819,3.312836,3.351268,3.089634,911871
2010-06-01,3.320523,3.351268,3.205227,3.205227,2.954994,779039
2010-06-02,3.212913,3.320523,3.205227,3.297463,3.040030,883379
2010-06-03,3.274404,3.443505,3.266718,3.351268,3.089634,1096483
2010-06-04,3.312836,3.343582,3.189854,3.197540,2.947908,1072675
2010-06-07,3.212913,3.274404,3.089931,3.120676,2.877044,1022976
2010-06-08,3.143736,3.189854,3.089931,3.120676,2.877044,925401
2010-06-09,3.151422,3.220600,3.120676,3.128363,2.884131,756662
2010-06-10,3.182168,3.259032,3.159108,3.243659,2.990426,854107
2010-06-11,3.220600,3.266718,3.205227,3.266718,3.011685,479028
2010-06-14,3.274404,3.312836,3.259032,3.282091,3.025857,575823
2010-06-15,3.274404,3.328209,3.266718,3.312836,3.054202,642174
2010-06-16,3.282091,3.343582,3.274404,3.282091,3.025857,519229
2010-06-17,3.282091,3.312836,3.197540,3.228286,2.976254,475255
2010-06-18,3.243659,3.312836,3.220600,3.235972,2.983339,758483
2010-06-21,3.266718,3.305150,3.166795,3.174481,2.926649,807921
2010-06-22,3.174481,3.228286,3.120676,3.128363,2.884131,697336
2010-06-23,3.128363,3.228286,3.128363,3.151422,2.905390,630335
2010-06-24,3.136049,3.189854,3.136049,3.136049,2.891217,591044
2010-06-25,3.136049,3.166795,3.136049,3.151422,2.905390,1331183
2010-06-28,3.136049,3.343582,3.136049,3.328209,3.068375,2968232
2010-06-29,3.351268,3.351268,3.136049,3.197540,2.947908,2014078
2010-06-30,3.197540,3.259032,3.105304,3.143736,2.898304,1238162
2010-07-01,3.282091,3.535742,3.205227,3.358955,3.096721,5045668
2010-07-02,3.366641,3.366641,3.166795,3.174481,2.926649,1948638
2010-07-06,3.212913,3.259032,3.112990,3.112990,2.869958,1656043
2010-07-07,3.136049,3.182168,3.112990,3.112990,2.869958,1267825
2010-07-08,3.143736,3.159108,2.974635,3.020753,2.784922,2649877
2010-07-09,3.066872,3.066872,2.990008,3.059185,2.820354,792309
2010-07-12,3.066872,3.074558,2.990008,2.997694,2.763664,873752
2010-07-13,3.020753,3.066872,2.997694,3.043812,2.806181,947128
2010-07-14,3.043812,3.059185,3.005380,3.013067,2.777837,896519
2010-07-15,3.013067,3.082244,3.013067,3.074558,2.834527,1433182
2010-07-16,3.051499,3.066872,2.966949,2.974635,2.742405,820931
2010-07-19,2.982321,3.036126,2.951576,2.966949,2.735319,832120
2010-07-20,2.951576,3.036126,2.943889,3.013067,2.777837,932687
2010-07-21,3.028440,3.036126,2.966949,2.966949,2.735319,770582
2010-07-22,2.997694,3.059185,2.974635,3.059185,2.820354,850334
2010-07-23,3.059185,3.128363,3.013067,3.120676,2.877044,1071634
2010-07-26,3.136049,3.151422,3.089931,3.143736,2.898304,1040150
2010-07-27,3.151422,3.151422,3.005380,3.005380,2.770749,1255205
2010-07-28,3.005380,3.059185,2.951576,2.959262,2.728232,957666
2010-07-29,2.990008,3.020753,2.959262,2.974635,2.742405,682765
2010-07-30,2.959262,3.005380,2.959262,2.959262,2.728232,614462
2010-08-02,2.997694,3.028440,2.966949,3.013067,2.777837,846691
2010-08-03,2.997694,3.028440,2.966949,2.974635,2.742405,803107
2010-08-04,2.982321,3.020753,2.974635,3.013067,2.777837,582718
2010-08-05,3.005380,3.028440,2.974635,2.974635,2.742405,742351
2010-08-06,2.966949,3.020753,2.966949,3.013067,2.777837,976270
2010-08-09,3.028440,3.089931,3.005380,3.089931,2.848699,758873
2010-08-10,3.043812,3.051499,2.974635,2.997694,2.763664,949340
2010-08-11,2.974635,2.997694,2.928517,2.943889,2.714059,884810
2010-08-12,2.920830,2.928517,2.843966,2.851653,2.629024,996826
2010-08-13,2.874712,2.890085,2.843966,2.843966,2.621937,778258
2010-08-16,2.828593,2.920830,2.767102,2.790161,2.572332,2290280
2010-08-17,2.805534,2.882398,2.728670,2.859339,2.636110,2578712
2010-08-18,2.843966,2.859339,2.797848,2.859339,2.636110,1023237
2010-08-19,2.828593,2.859339,2.767102,2.859339,2.636110,1115608
2010-08-20,2.836280,2.913144,2.820907,2.913144,2.685714,1534530
2010-08-23,2.913144,2.920830,2.820907,2.843966,2.621937,1663979
2010-08-24,2.820907,2.882398,2.782475,2.797848,2.579420,1438386
2010-08-25,2.774789,2.820907,2.774789,2.813221,2.593592,973278
2010-08-26,2.813221,2.843966,2.797848,2.797848,2.579420,534061
2010-08-27,2.813221,2.905457,2.797848,2.882398,2.657369,924230
2010-08-30,2.882398,2.905457,2.828593,2.828593,2.607764,760174
2010-08-31,2.836280,2.936203,2.813221,2.882398,2.657369,2239541
2010-09-01,2.920830,2.982321,2.897771,2.982321,2.749490,871410
2010-09-02,2.974635,3.159108,2.928517,3.120676,2.877044,3063855
2010-09-03,3.136049,3.143736,3.059185,3.128363,2.884131,1298268
2010-09-07,3.128363,3.151422,2.959262,2.974635,2.742405,1575511
2010-09-08,2.997694,3.051499,2.959262,2.966949,2.735319,889103
2010-09-09,3.028440,3.066872,2.974635,3.043812,2.806181,1386866
2010-09-10,2.843966,2.882398,2.713297,2.805534,2.586505,6633929
2010-09-13,2.820907,2.874712,2.820907,2.851653,2.629024,1704830
2010-09-14,2.843966,2.882398,2.820907,2.836280,2.614851,1160882
2010-09-15,2.828593,2.851653,2.813221,2.843966,2.621937,765378
2010-09-16,2.843966,2.851653,2.805534,2.820907,2.600678,1458941
2010-09-17,2.859339,2.859339,2.820907,2.828593,2.607764,997347
2010-09-20,2.828593,2.859339,2.813221,2.843966,2.621937,942965
2010-09-21,2.851653,2.874712,2.828593,2.851653,2.629024,916424
2010-09-22,2.843966,2.859339,2.790161,2.797848,2.579420,864905
2010-09-23,2.790161,2.836280,2.774789,2.774789,2.558161,667153
2010-09-24,2.813221,2.820907,2.759416,2.805534,2.586505,1434222
2010-09-27,2.805534,2.859339,2.767102,2.836280,2.614851,816898
2010-09-28,2.836280,2.851653,2.805534,2.813221,2.593592,575172
2010-09-29,2.828593,2.836280,2.736357,2.744043,2.529815,1803706
2010-09-30,2.774789,2.782475,2.713297,2.736357,2.522729,1406771
2010-10-01,2.736357,2.790161,2.713297,2.774789,2.558161,969765
2010-10-04,2.774789,2.797848,2.751729,2.767102,2.551074,800245
2010-10-05,2.782475,2.874712,2.759416,2.851653,2.629024,1722784
2010-10-06,2.843966,2.905457,2.836280,2.882398,2.657369,907578
2010-10-07,2.890085,2.920830,2.890085,2.905457,2.678628,1301520
2010-10-08,2.897771,2.920830,2.882398,2.920830,2.692800,768631
2010-10-11,2.913144,2.959262,2.913144,2.951576,2.721146,673398
2010-10-12,2.920830,2.959262,2.897771,2.920830,2.692800,465628
2010-10-13,2.959262,2.959262,2.920830,2.928517,2.699887,629814
2010-10-14,2.943889,2.951576,2.836280,2.882398,2.657369,2659764
2010-10-15,2.936203,2.974635,2.867025,2.943889,2.714059,901723
2010-10-18,2.943889,3.028440,2.920830,3.028440,2.792009,774876
2010-10-19,3.005380,3.059185,2.943889,2.959262,2.728232,834592
2010-10-20,2.982321,3.028440,2.936203,2.982321,2.749490,514025
2010-10-21,2.982321,3.028440,2.928517,2.943889,2.714059,446763
2010-10-22,2.966949,3.013067,2.959262,3.013067,2.777837,331235
2010-10-25,3.028440,3.028440,2.943889,2.951576,2.721146,447154
2010-10-26,2.943889,3.005380,2.943889,2.966949,2.735319,274121
2010-10-27,2.943889,2.974635,2.928517,2.959262,2.728232,437136
2010-10-28,2.959262,2.966949,2.843966,2.897771,2.671541,1384654
2010-10-29,2.882398,2.905457,2.859339,2.882398,2.657369,701890
2010-11-01,2.882398,2.913144,2.843966,2.851653,2.629024,951291
2010-11-02,2.867025,2.928517,2.843966,2.928517,2.699887,770582
2010-11-03,2.913144,2.920830,2.859339,2.897771,2.671541,377810
2010-11-04,2.913144,2.936203,2.890085,2.913144,2.685714,722575
2010-11-05,2.905457,2.959262,2.905457,2.943889,2.714059,628383
2010-11-08,2.943889,2.951576,2.920830,2.943889,2.714059,341122
2010-11-09,2.936203,2.951576,2.882398,2.890085,2.664455,470572
2010-11-10,2.913144,2.990008,2.905457,2.982321,2.749490,941404
2010-11-11,2.982321,3.036126,2.943889,3.013067,2.777837,729080
2010-11-12,3.005380,3.036126,2.959262,2.966949,2.735319,578425
2010-11-15,2.990008,3.066872,2.974635,3.043812,2.806181,740399
2010-11-16,3.005380,3.043812,2.936203,2.951576,2.721146,1171681
2010-11-17,2.966949,2.997694,2.936203,2.936203,2.706973,452618
2010-11-18,2.959262,2.990008,2.936203,2.990008,2.756578,449886
2010-11-19,2.997694,2.997694,2.943889,2.959262,2.728232,310289
2010-11-22,2.951576,2.959262,2.920830,2.943889,2.714059,478378
2010-11-23,2.920830,2.966949,2.867025,2.936203,2.706973,587141
2010-11-24,2.943889,2.997694,2.920830,2.974635,2.742405,531068
2010-11-26,2.959262,2.997694,2.928517,2.928517,2.699887,145322
2010-11-29,2.928517,2.951576,2.882398,2.928517,2.699887,681854
2010-11-30,2.920830,2.951576,2.905457,2.951576,2.721146,555267
2010-12-01,2.974635,3.051499,2.959262,3.043812,2.806181,1491857
2010-12-02,3.028440,3.066872,2.997694,3.051499,2.813268,1225802
2010-12-03,3.043812,3.220600,3.036126,3.182168,2.933736,4031279
2010-12-06,3.182168,3.228286,3.159108,3.182168,2.933736,1105590
2010-12-07,3.205227,3.212913,3.143736,3.159108,2.912476,1276541
2010-12-08,3.151422,3.166795,3.097617,3.112990,2.869958,1007234
2010-12-09,3.074558,3.082244,2.905457,3.043812,2.806181,3114724
2010-12-10,3.020753,3.074558,2.943889,2.974635,2.742405,1327801
2010-12-13,2.974635,2.997694,2.928517,2.936203,2.706973,1123934
2010-12-14,2.920830,2.928517,2.851653,2.867025,2.643196,1721743
2010-12-15,2.859339,2.882398,2.851653,2.867025,2.643196,728950
2010-12-16,2.859339,2.905457,2.851653,2.882398,2.657369,493860
2010-12-17,2.882398,2.897771,2.859339,2.897771,2.671541,1618184
2010-12-20,2.920830,2.920830,2.859339,2.867025,2.643196,946478
2010-12-21,2.867025,2.874712,2.859339,2.867025,2.643196,562813
2010-12-22,2.882398,2.905457,2.851653,2.897771,2.671541,920588
2010-12-23,2.882398,2.920830,2.882398,2.905457,2.678628,759394
2010-12-27,2.882398,2.920830,2.882398,2.913144,2.685714,352701
2010-12-28,2.920830,2.920830,2.867025,2.913144,2.685714,517928
2010-12-29,2.890085,2.913144,2.890085,2.913144,2.685714,356214
2010-12-30,2.897771,2.913144,2.874712,2.874712,2.650283,424386
2010-12-31,2.867025,2.890085,2.859339,2.874712,2.650283,550323
2011-01-03,2.882398,2.897771,2.851653,2.867025,2.643196,703711
2011-01-04,2.859339,2.874712,2.820907,2.828593,2.607764,803498
2011-01-05,2.843966,2.897771,2.836280,2.859339,2.636110,868808
2011-01-06,2.859339,2.859339,2.828593,2.828593,2.607764,576473
2011-01-07,2.843966,2.851653,2.820907,2.828593,2.607764,565415
2011-01-10,2.805534,2.828593,2.790161,2.820907,2.600678,478508
2011-01-11,2.820907,2.851653,2.813221,2.828593,2.607764,516627
2011-01-12,2.843966,2.920830,2.843966,2.874712,2.650283,960268
2011-01-13,2.874712,2.905457,2.874712,2.897771,2.671541,499324
2011-01-14,2.890085,2.897771,2.890085,2.897771,2.671541,362329
2011-01-18,2.882398,2.897771,2.867025,2.867025,2.643196,349709
2011-01-19,2.867025,2.882398,2.797848,2.797848,2.579420,654403
2011-01-20,2.805534,2.859339,2.790161,2.790161,2.572332,648549
2011-01-21,2.813221,2.820907,2.790161,2.790161,2.572332,685887
2011-01-24,2.790161,2.820907,2.736357,2.813221,2.593592,891445
2011-01-25,2.805534,2.828593,2.774789,2.782475,2.565247,711517
2011-01-26,2.782475,2.797848,2.744043,2.782475,2.565247,990321
2011-01-27,2.767102,2.797848,2.744043,2.759416,2.543988,1037678
2011-01-28,2.759416,2.774789,2.720984,2.728670,2.515642,753409
2011-01-31,2.720984,2.751729,2.720984,2.728670,2.515642,435835
2011-02-01,2.736357,2.797848,2.720984,2.797848,2.579420,616674
2011-02-02,2.797848,2.797848,2.744043,2.797848,2.579420,670275
2011-02-03,2.797848,2.874712,2.774789,2.859339,2.636110,1806959
2011-02-04,2.843966,2.874712,2.790161,2.867025,2.643196,678081
2011-02-07,2.874712,2.890085,2.843966,2.867025,2.643196,475906
2011-02-08,2.867025,2.874712,2.843966,2.874712,2.650283,439478
2011-02-09,2.851653,2.882398,2.836280,2.859339,2.636110,775006
2011-02-10,2.851653,2.882398,2.843966,2.882398,2.657369,361678
2011-02-11,2.882398,2.882398,2.843966,2.882398,2.657369,310158
2011-02-14,2.867025,2.897771,2.859339,2.882398,2.657369,876354
2011-02-15,2.859339,2.882398,2.859339,2.874712,2.650283,439088
2011-02-16,2.882398,2.959262,2.843966,2.951576,2.721146,1245577
2011-02-17,2.951576,2.951576,2.913144,2.943889,2.714059,487225
2011-02-18,2.943889,2.951576,2.913144,2.920830,2.692800,728170
2011-02-22,2.890085,2.990008,2.890085,2.966949,2.735319,1764416
2011-02-23,2.959262,2.997694,2.943889,2.974635,2.742405,733504
2011-02-24,2.959262,3.097617,2.951576,3.082244,2.841612,2045823
2011-02-25,3.074558,3.120676,3.043812,3.074558,2.834527,921889
2011-02-28,3.074558,3.112990,3.020753,3.066872,2.827441,718542
2011-03-01,3.059185,3.074558,2.951576,2.982321,2.749490,912001
2011-03-02,2.951576,3.066872,2.943889,3.051499,2.813268,506349
2011-03-03,3.066872,3.089931,3.013067,3.028440,2.792009,552275
2011-03-04,3.020753,3.028440,2.982321,2.982321,2.749490,433884
2011-03-07,2.966949,3.005380,2.951576,2.966949,2.735319,417101
2011-03-08,2.966949,3.074558,2.966949,3.059185,2.820354,1119901
2011-03-09,3.066872,3.089931,3.036126,3.051499,2.813268,721014
2011-03-10,3.020753,3.043812,2.982321,2.990008,2.756578,972237
2011-03-11,2.805534,2.805534,2.667179,2.690238,2.480211,3732959
2011-03-14,2.736357,2.736357,2.590315,2.613374,2.409348,1086335
2011-03-15,2.551883,2.720984,2.513451,2.674865,2.466038,1401047
2011-03-16,2.644120,2.674865,2.605688,2.621061,2.416434,966253
2011-03-17,2.644120,2.651806,2.598002,2.605688,2.402262,795431
2011-03-18,2.613374,2.667179,2.590315,2.667179,2.458952,809482
2011-03-21,2.674865,2.697925,2.644120,2.690238,2.480211,670926
2011-03-22,2.690238,2.690238,2.636434,2.667179,2.458952,392902
2011-03-23,2.674865,2.744043,2.651806,2.728670,2.515642,582718
2011-03-24,2.728670,2.736357,2.690238,2.705611,2.494383,374818
2011-03-25,2.705611,2.720984,2.674865,2.697925,2.487298,409425
2011-03-28,2.713297,2.713297,2.651806,2.697925,2.487298,368443
2011-03-29,2.697925,2.720984,2.682552,2.705611,2.494383,210242
2011-03-30,2.705611,2.705611,2.667179,2.697925,2.487298,308077
2011-03-31,2.713297,2.744043,2.690238,2.728670,2.515642,527556
2011-04-01,2.720984,2.751729,2.697925,2.713297,2.501470,423606
2011-04-04,2.697925,2.713297,2.697925,2.713297,2.501470,277373
2011-04-05,2.720984,2.751729,2.690238,2.751729,2.536901,634238
2011-04-06,2.744043,2.813221,2.736357,2.759416,2.543988,1013739
2011-04-07,2.751729,2.805534,2.728670,2.728670,2.515642,446503
2011-04-08,2.744043,2.751729,2.682552,2.697925,2.487298,407343
2011-04-11,2.690238,2.720984,2.690238,2.697925,2.487298,241596
2011-04-12,2.697925,2.720984,2.674865,2.682552,2.473125,429850
2011-04-13,2.690238,2.728670,2.659493,2.674865,2.466038,378981
2011-04-14,2.659493,2.713297,2.659493,2.705611,2.494383,285049
2011-04-15,2.690238,2.720984,2.690238,2.705611,2.494383,261241
2011-04-18,2.674865,2.690238,2.659493,2.674865,2.466038,358556
2011-04-19,2.674865,2.682552,2.651806,2.667179,2.458952,264233
2011-04-20,2.697925,2.697925,2.659493,2.667179,2.458952,326161
2011-04-21,2.690238,2.690238,2.659493,2.682552,2.473125,189426
2011-04-25,2.674865,2.682552,2.644120,2.682552,2.473125,322128
2011-04-26,2.674865,2.697925,2.667179,2.682552,2.473125,265664
2011-04-27,2.674865,2.759416,2.659493,2.720984,2.508556,949340
2011-04-28,2.705611,2.744043,2.705611,2.744043,2.529815,257598
2011-04-29,2.759416,2.782475,2.705611,2.767102,2.551074,668714
2011-05-02,2.767102,2.797848,2.728670,2.744043,2.529815,490997
2011-05-03,2.728670,2.805534,2.651806,2.674865,2.466038,532890
2011-05-04,2.690238,2.744043,2.659493,2.720984,2.508556,495031
2011-05-05,2.667179,2.728670,2.667179,2.697925,2.487298,446503
2011-05-06,2.728670,2.728670,2.674865,2.705611,2.494383,266705
2011-05-09,2.690238,2.713297,2.690238,2.705611,2.494383,271909
2011-05-10,2.720984,2.728670,2.697925,2.713297,2.501470,200614
2011-05-11,2.705611,2.736357,2.690238,2.720984,2.508556,361548
2011-05-12,2.697925,2.736357,2.690238,2.736357,2.522729,699938
2011-05-13,2.720984,2.736357,2.697925,2.720984,2.508556,372086
2011-05-16,2.690238,2.705611,2.659493,2.659493,2.451866,756662
2011-05-17,2.651806,2.674865,2.651806,2.651806,2.444779,369484
2011-05-18,2.651806,2.674865,2.651806,2.659493,2.451866,230017
2011-05-19,2.667179,2.674865,2.651806,2.674865,2.466038,346847
2011-05-20,2.651806,2.682552,2.628747,2.636434,2.430607,387828
2011-05-23,2.621061,2.682552,2.613374,2.651806,2.444779,484362
2011-05-24,2.651806,2.659493,2.621061,2.659493,2.451866,397325
2011-05-25,2.628747,2.667179,2.628747,2.644120,2.437693,385616
2011-05-26,2.628747,2.674865,2.628747,2.667179,2.458952,333837
2011-05-27,2.667179,2.690238,2.651806,2.651806,2.444779,312630
2011-05-31,2.667179,2.674865,2.628747,2.674865,2.466038,858660
2011-06-01,2.674865,2.674865,2.590315,2.590315,2.388089,464977
2011-06-02,2.621061,2.636434,2.590315,2.598002,2.395175,214275
2011-06-03,2.574942,2.598002,2.528824,2.536510,2.338484,480069
2011-06-06,2.528824,2.528824,2.459646,2.459646,2.267621,357775
2011-06-07,2.467333,2.513451,2.451960,2.451960,2.260535,261371
2011-06-08,2.436587,2.490392,2.421214,2.421214,2.232190,269827
2011-06-09,2.398155,2.444274,2.390469,2.413528,2.225103,285570
2011-06-10,2.382782,2.436587,2.382782,2.428901,2.239276,367663
2011-06-13,2.444274,2.444274,2.313605,2.336664,2.154240,700849
2011-06-14,2.336664,2.413528,2.336664,2.382782,2.196758,283618
2011-06-15,2.359723,2.398155,2.321291,2.336664,2.154240,339691
2011-06-16,2.336664,2.382782,2.321291,2.336664,2.154240,335788
2011-06-17,2.336664,2.344350,2.213682,2.259800,2.083377,1049647
2011-06-20,2.244427,2.275173,2.021522,2.059954,1.899133,1567575
2011-06-21,2.083013,2.213682,2.083013,2.198309,2.026687,811304
2011-06-22,2.167563,2.236741,2.106072,2.113759,1.948738,635148
2011-06-23,2.113759,2.190623,2.067640,2.075327,1.913306,644125
2011-06-24,2.083013,2.182936,2.075327,2.167563,1.998341,2019022
2011-06-27,2.036895,2.159877,2.036895,2.129131,1.962910,698377
2011-06-28,2.129131,2.267487,2.129131,2.267487,2.090464,421394
2011-06-29,2.275173,2.290546,2.205995,2.252114,2.076291,310939
2011-06-30,2.259800,2.328978,2.229055,2.305919,2.125895,1031563
2011-07-01,2.413528,2.621061,2.405842,2.621061,2.416434,2987356
2011-07-05,2.574942,2.651806,2.536510,2.651806,2.444779,1128878
2011-07-06,2.636434,2.674865,2.613374,2.667179,2.458952,679903
2011-07-07,2.674865,2.767102,2.659493,2.767102,2.551074,1121852
2011-07-08,2.759416,2.805534,2.705611,2.759416,2.543988,897950
2011-07-11,2.728670,2.767102,2.667179,2.751729,2.536901,601713
2011-07-12,2.744043,2.790161,2.720984,2.744043,2.529815,503357
2011-07-13,2.736357,2.820907,2.728670,2.767102,2.551074,620837
2011-07-14,2.774789,2.790161,2.697925,2.720984,2.508556,403570
2011-07-15,2.728670,2.774789,2.713297,2.736357,2.522729,455480
2011-07-18,2.720984,2.720984,2.590315,2.621061,2.416434,601713
2011-07-19,2.613374,2.736357,2.590315,2.736357,2.522729,319786
2011-07-20,2.736357,2.736357,2.613374,2.697925,2.487298,171082
2011-07-21,2.628747,2.736357,2.628747,2.720984,2.508556,223122
2011-07-22,2.705611,2.705611,2.659493,2.682552,2.473125,180579
2011-07-25,2.651806,2.690238,2.582629,2.644120,2.437693,354392
2011-07-26,2.659493,2.682552,2.574942,2.574942,2.373916,547851
2011-07-27,2.574942,2.574942,2.490392,2.505765,2.310140,558910
2011-07-28,2.513451,2.690238,2.482706,2.590315,2.388089,569708
2011-07-29,2.559570,2.605688,2.536510,2.582629,2.381002,363760
2011-08-01,2.605688,2.605688,2.498078,2.513451,2.317225,371956
2011-08-02,2.490392,2.536510,2.428901,2.428901,2.239276,406172
2011-08-03,2.428901,2.482706,2.382782,2.428901,2.239276,318355
2011-08-04,2.405842,2.444274,2.244427,2.244427,2.069204,703581
2011-08-05,2.267487,2.352037,2.190623,2.298232,2.118809,535362
2011-08-08,2.236741,2.321291,2.121445,2.121445,1.955823,961439
2011-08-09,2.175250,2.298232,2.090699,2.290546,2.111723,886241
2011-08-10,2.275173,2.598002,2.144504,2.152191,1.984169,485143
2011-08-11,2.175250,2.298232,2.136818,2.252114,2.076291,1130699
2011-08-12,2.267487,2.267487,2.152191,2.167563,1.998341,396155
2011-08-15,2.190623,2.229055,2.175250,2.205995,2.033772,338780
2011-08-16,2.190623,2.198309,2.129131,2.175250,2.005428,315362
2011-08-17,2.190623,2.236741,2.152191,2.167563,1.998341,225333
2011-08-18,2.129131,2.221368,2.113759,2.144504,1.977082,490477
2011-08-19,2.136818,2.205995,2.121445,2.182936,2.012514,458342
2011-08-22,2.221368,2.221368,2.182936,2.205995,2.033772,243547
2011-08-23,2.221368,2.252114,2.182936,2.236741,2.062118,592736
2011-08-24,2.236741,2.282859,2.182936,2.213682,2.040859,298319
2011-08-25,2.229055,2.259800,2.175250,2.182936,2.012514,316663
2011-08-26,2.182936,2.267487,2.182936,2.244427,2.069204,464327
2011-08-29,2.267487,2.398155,2.236741,2.375096,2.189672,481500
2011-08-30,2.367410,2.536510,2.359723,2.498078,2.303053,676130
2011-08-31,2.521138,2.582629,2.444274,2.513451,2.317225,876093
2011-09-01,2.498078,2.521138,2.321291,2.451960,2.260535,556178
2011-09-02,2.428901,2.459646,2.305919,2.321291,2.140067,428940
2011-09-06,2.236741,2.382782,2.152191,2.367410,2.182586,569578
2011-09-07,2.398155,2.459646,2.305919,2.352037,2.168413,1272118
2011-09-08,2.413528,2.413528,2.121445,2.167563,1.998341,2157839
2011-09-09,2.167563,2.198309,2.106072,2.106072,1.941650,1065259
2011-09-12,2.113759,2.152191,2.013836,2.075327,1.913306,961049
2011-09-13,2.075327,2.113759,2.036895,2.052267,1.892046,563593
2011-09-14,2.113759,2.198309,2.075327,2.182936,2.012514,1010487
2011-09-15,2.190623,2.198309,2.098386,2.121445,1.955823,505048
2011-09-16,2.129131,2.175250,2.090699,2.175250,2.005428,585710
2011-09-19,2.144504,2.144504,2.098386,2.121445,1.955823,238734
2011-09-20,2.129131,2.136818,2.052267,2.067640,1.906219,405912
2011-09-21,2.059954,2.083013,2.029208,2.036895,1.877874,454960
2011-09-22,1.998463,2.013836,1.913912,1.936972,1.785752,746904
2011-09-23,1.913912,2.036895,1.913912,2.036895,1.877874,337349
2011-09-26,2.036895,2.036895,1.990776,2.036895,1.877874,255907
2011-09-27,2.052267,2.113759,2.029208,2.090699,1.927478,547591
2011-09-28,2.090699,2.090699,1.921599,1.936972,1.785752,533800
2011-09-29,1.983090,1.998463,1.860108,1.921599,1.771579,440909
2011-09-30,1.906226,1.983090,1.883167,1.936972,1.785752,536532
2011-10-03,1.906226,1.944658,1.806303,1.806303,1.665285,657135
2011-10-04,1.790930,2.036895,1.760184,2.029208,1.870787,1060055
2011-10-05,2.036895,2.075327,1.975404,2.013836,1.856615,310419
2011-10-06,2.006149,2.036895,1.960031,2.029208,1.870787,420874
2011-10-07,2.229055,2.359723,2.113759,2.136818,1.969996,2252812
2011-10-10,2.167563,2.290546,2.090699,2.205995,2.033772,1193928
2011-10-11,2.190623,2.298232,2.167563,2.282859,2.104636,630335
2011-10-12,2.305919,2.305919,2.236741,2.244427,2.069204,400578
2011-10-13,2.229055,2.252114,2.152191,2.229055,2.055032,538614
2011-10-14,2.244427,2.282859,2.144504,2.259800,2.083377,535882
2011-10-17,2.252114,2.259800,2.167563,2.229055,2.055032,397586
2011-10-18,2.205995,2.244427,2.144504,2.236741,2.062118,681854
2011-10-19,2.229055,2.259800,2.198309,2.236741,2.062118,448064
2011-10-20,2.244427,2.252114,2.175250,2.229055,2.055032,303523
2011-10-21,2.259800,2.267487,2.205995,2.259800,2.083377,351270
2011-10-24,2.267487,2.344350,2.221368,2.305919,2.125895,394463
2011-10-25,2.290546,2.298232,2.205995,2.205995,2.033772,363109
2011-10-26,2.244427,2.298232,2.205995,2.282859,2.104636,391991
2011-10-27,2.313605,2.382782,2.298232,2.382782,2.196758,997086
2011-10-28,2.375096,2.421214,2.321291,2.344350,2.161326,750027
2011-10-31,2.313605,2.336664,2.267487,2.267487,2.090464,338130
2011-11-01,2.213682,2.336664,2.213682,2.229055,2.055032,450797
2011-11-02,2.267487,2.336664,2.229055,2.290546,2.111723,440128
2011-11-03,2.313605,2.359723,2.252114,2.290546,2.111723,578555
2011-11-04,2.267487,2.359723,2.267487,2.344350,2.161326,240815
2011-11-07,2.328978,2.382782,2.267487,2.328978,2.147154,437396
2011-11-08,2.344350,2.398155,2.298232,2.390469,2.203845,585060
2011-11-09,2.336664,2.367410,2.282859,2.282859,2.104636,770582
2011-11-10,2.321291,2.359723,2.298232,2.352037,2.168413,482281
2011-11-11,2.375096,2.405842,2.336664,2.398155,2.210930,641263
2011-11-14,2.375096,2.382782,2.305919,2.321291,2.140067,570749
2011-11-15,2.313605,2.421214,2.305919,2.421214,2.232190,311199
2011-11-16,2.390469,2.398155,2.290546,2.305919,2.125895,262542
2011-11-17,2.313605,2.367410,2.305919,2.313605,2.132982,226764
2011-11-18,2.313605,2.359723,2.298232,2.321291,2.140067,273600
2011-11-21,2.290546,2.313605,2.275173,2.275173,2.097550,358946
2011-11-22,2.275173,2.336664,2.267487,2.275173,2.097550,277503
2011-11-23,2.267487,2.290546,2.221368,2.229055,2.055032,690961
2011-11-25,2.229055,2.229055,2.090699,2.090699,1.927478,214665
2011-11-28,2.328978,2.328978,2.167563,2.259800,2.083377,319265
2011-11-29,2.252114,2.267487,2.190623,2.198309,2.026687,248231
2011-11-30,2.267487,2.367410,2.221368,2.367410,2.182586,831469
2011-12-01,2.352037,2.367410,2.267487,2.298232,2.118809,327462
2011-12-02,2.328978,2.328978,2.244427,2.290546,2.111723,194239
2011-12-05,2.313605,2.321291,2.259800,2.305919,2.125895,356474
2011-12-06,2.305919,2.398155,2.282859,2.390469,2.203845,554356
2011-12-07,2.367410,2.459646,2.344350,2.436587,2.246362,892746
2011-12-08,2.421214,2.598002,2.421214,2.559570,2.359744,1191846
2011-12-09,2.590315,3.005380,2.567256,2.943889,2.714059,3635514
2011-12-12,2.828593,3.082244,2.797848,3.020753,2.784922,1577983
2011-12-13,3.020753,3.020753,2.874712,2.882398,2.657369,1067080
2011-12-14,2.867025,2.913144,2.782475,2.913144,2.685714,898210
2011-12-15,2.928517,3.036126,2.920830,2.990008,2.756578,1058884
2011-12-16,3.020753,3.136049,2.982321,2.997694,2.763664,2035154
2011-12-19,3.013067,3.051499,2.943889,2.943889,2.714059,736886
2011-12-20,3.028440,3.112990,2.943889,3.112990,2.869958,1542466
2011-12-21,3.089931,3.266718,3.059185,3.251345,2.997512,1739047
2011-12-22,3.282091,3.405073,3.228286,3.389700,3.125065,2496619
2011-12-23,3.443505,3.451191,3.312836,3.382014,3.117980,685367
2011-12-27,3.335895,3.451191,3.297463,3.451191,3.181756,704101
2011-12-28,3.443505,3.451191,3.343582,3.382014,3.117980,686538
2011-12-29,3.382014,3.412759,3.358955,3.405073,3.139238,853976
2011-12-30,3.397387,3.458878,3.343582,3.351268,3.089634,1153467
2012-01-03,3.412759,3.466564,3.351268,3.451191,3.181756,1847420
2012-01-04,3.451191,3.551115,3.405073,3.489623,3.217188,2291712
2012-01-05,3.458878,3.643351,3.428132,3.627978,3.344741,1574470
2012-01-06,3.651038,3.651038,3.558801,3.597233,3.316397,971066
2012-01-09,3.589547,3.666410,3.574174,3.658724,3.373087,797773
2012-01-10,3.697156,3.720215,3.566487,3.589547,3.309310,1101817
2012-01-11,3.574174,3.643351,3.535742,3.620292,3.337656,636709
2012-01-12,3.604919,3.635665,3.474251,3.581860,3.302223,679773
2012-01-13,3.535742,3.743274,3.481937,3.689470,3.401433,2115426
2012-01-17,3.712529,3.758647,3.597233,3.604919,3.323482,801026
2012-01-18,3.604919,3.750961,3.528055,3.727902,3.436864,1155678
2012-01-19,3.735588,3.804766,3.666410,3.697156,3.408518,640092
2012-01-20,3.681783,3.720215,3.612606,3.643351,3.358914,486184
2012-01-23,3.627978,3.658724,3.535742,3.627978,3.344741,771883
2012-01-24,3.589547,3.766334,3.535742,3.750961,3.458123,668324
2012-01-25,3.758647,3.843198,3.743274,3.797079,3.500641,1100256
2012-01-26,3.835511,3.920061,3.797079,3.897002,3.592762,1321816
2012-01-27,3.889316,3.996925,3.873943,3.950807,3.642367,764728
2012-01-30,3.935434,3.935434,3.866257,3.881630,3.578591,545119
2012-01-31,3.935434,3.973866,3.889316,3.950807,3.642367,649329
2012-02-01,3.973866,4.012298,3.912375,3.989239,3.677798,965993
2012-02-02,3.981553,4.043044,3.966180,4.027671,3.713230,1392721
2012-02-03,4.096849,4.119908,4.050730,4.089162,3.769920,1176885
2012-02-06,4.081476,4.112221,4.050730,4.081476,3.762835,501275
2012-02-07,4.081476,4.104535,3.958493,4.035357,3.720316,814556
2012-02-08,4.035357,4.043044,3.789393,4.035357,3.720316,2145479
2012-02-09,4.027671,4.058417,3.981553,4.043044,3.727403,899511
2012-02-10,3.981553,4.035357,3.912375,3.966180,3.656540,465628
2012-02-13,4.004612,4.112221,3.973866,4.043044,3.727403,733374
2012-02-14,4.027671,4.096849,4.004612,4.081476,3.762835,546680
2012-02-15,4.081476,4.081476,3.966180,4.019985,3.706144,518839
2012-02-16,4.004612,4.081476,3.989239,4.035357,3.720316,796732
2012-02-17,4.043044,4.066103,4.027671,4.035357,3.720316,442210
2012-02-21,4.073789,4.250576,4.035357,4.173713,3.847871,2569215
2012-02-22,4.189085,4.212145,4.073789,4.073789,3.755747,695645
2012-02-23,4.096849,4.142967,3.927748,4.104535,3.784094,1027140
2012-02-24,4.127594,4.219831,4.058417,4.204458,3.876216,762126
2012-02-27,4.181399,4.204458,4.112221,4.158340,3.833698,299230
2012-02-28,4.158340,4.189085,4.073789,4.081476,3.762835,362589
2012-02-29,4.073789,4.142967,4.004612,4.027671,3.713230,711907
2012-03-01,4.066103,4.112221,4.004612,4.081476,3.762835,586881
2012-03-02,4.089162,4.089162,3.927748,3.943121,3.635281,587271
2012-03-05,3.958493,4.135281,3.958493,4.127594,3.805352,664551
2012-03-06,4.096849,4.189085,4.043044,4.181399,3.854957,922409
2012-03-07,4.212145,4.235204,4.135281,4.158340,3.833698,522482
2012-03-08,4.196772,4.358186,4.150653,4.350500,4.010855,1162964
2012-03-09,4.604151,5.449654,4.604151,5.342045,4.924990,11850159
2012-03-12,5.311299,5.365104,5.103766,5.180630,4.776178,2896156
2012-03-13,5.280553,5.395849,5.180630,5.357417,4.939163,2598487
2012-03-14,5.380477,5.403536,5.242121,5.295926,4.882472,1175323
2012-03-15,5.288240,5.380477,5.188317,5.318985,4.903731,968464
2012-03-16,5.342045,5.349731,5.157571,5.180630,4.776178,1245187
2012-03-19,5.280553,5.303613,5.119139,5.226749,4.818696,1037027
2012-03-20,5.188317,5.288240,5.172944,5.242121,4.832868,875313
2012-03-21,5.288240,5.418909,5.226749,5.303613,4.889559,1538042
2012-03-22,5.503459,6.149116,5.457341,5.903151,5.442291,8118500
2012-03-23,5.956956,6.095311,5.741737,5.987702,5.520241,2575980
2012-03-26,6.095311,6.110684,5.972329,6.041507,5.569845,2135982
2012-03-27,6.072252,6.087625,5.956956,5.964643,5.498981,1558598
2012-03-28,6.003075,6.056879,5.841660,5.910838,5.449378,1252733
2012-03-29,5.895465,5.995388,5.849347,5.972329,5.506068,1148393
2012-03-30,6.072252,6.110684,5.926211,5.956956,5.491896,1003591
2012-04-02,6.010761,6.533436,6.010761,6.510377,6.002111,6406905
2012-04-03,6.533436,6.610300,6.318217,6.402767,5.902903,2904352
2012-04-04,6.372022,6.479631,6.318217,6.402767,5.902903,1970625
2012-04-05,6.418140,6.525749,6.341276,6.372022,5.874558,2122582
2012-04-09,6.325903,6.325903,6.041507,6.241353,5.754089,2496879
2012-04-10,6.264412,6.287471,5.588009,5.749424,5.300565,3808027
2012-04-11,5.887779,6.126057,5.841660,6.033820,5.562759,1540254
2012-04-12,6.026134,6.325903,5.995388,6.287471,5.796607,2010826
2012-04-13,6.249039,6.249039,5.956956,6.033820,5.562759,1359285
2012-04-16,6.079939,6.156802,5.918524,6.056879,5.584018,1358244
2012-04-17,6.079939,6.202921,6.064566,6.118370,5.640708,716461
2012-04-18,6.087625,6.210607,6.003075,6.187548,5.704484,1063568
2012-04-19,6.141430,6.341276,6.072252,6.225980,5.739916,1508510
2012-04-20,6.302844,6.341276,6.156802,6.241353,5.754089,1387256
2012-04-23,6.126057,6.164489,5.956956,6.149116,5.669054,1282396
2012-04-24,6.179862,6.241353,6.095311,6.133743,5.654881,1002290
2012-04-25,6.225980,6.487317,6.149116,6.333590,5.839126,1565103
2012-04-26,6.348962,6.418140,6.310530,6.348962,5.853298,810523
2012-04-27,6.387394,6.387394,6.187548,6.364335,5.867471,793610
2012-04-30,6.410453,6.418140,6.287471,6.341276,5.846212,759003
2012-05-01,6.372022,6.625673,6.225980,6.225980,5.739916,2793117
2012-05-02,6.202921,6.502690,6.156802,6.395081,5.895816,2265822
2012-05-03,6.379708,6.556495,6.264412,6.333590,5.839126,2129087
2012-05-04,6.302844,6.402767,6.202921,6.264412,5.775348,1424465
2012-05-07,6.233666,6.310530,6.156802,6.279785,5.789521,1282786
2012-05-08,6.210607,6.241353,5.272867,5.357417,4.939163,4353016
2012-05-09,5.295926,5.434281,5.165257,5.234435,4.825782,1951240
2012-05-10,5.541891,5.726364,5.365104,5.657187,5.215529,2341800
2012-05-11,5.588009,5.918524,5.580323,5.880092,5.421031,1733843
2012-05-14,5.787855,5.880092,5.349731,5.372790,4.953336,1855746
2012-05-15,5.426595,5.641814,5.388163,5.441968,5.017113,1478977
2012-05-16,5.434281,5.557264,5.096080,5.111453,4.712401,2407370
2012-05-17,5.142198,5.180630,4.719447,4.780938,4.407690,2674986
2012-05-18,4.780938,4.919293,4.688701,4.788624,4.414775,1709644
2012-05-21,5.203689,5.418909,4.834743,5.065334,4.669882,3740375
2012-05-22,5.096080,5.226749,5.034589,5.057648,4.662796,2432350
2012-05-23,5.026902,5.272867,4.919293,5.265181,4.854128,1733322
2012-05-24,5.265181,5.441968,5.034589,5.403536,4.981681,1989359
2012-05-25,5.395849,5.441968,5.257494,5.295926,4.882472,1376328
2012-05-29,5.318985,5.411222,5.203689,5.272867,4.861213,866726
2012-05-30,5.226749,5.234435,5.049962,5.111453,4.712401,928394
2012-05-31,5.142198,5.211376,4.996157,5.180630,4.776178,1495369
2012-06-01,5.042275,5.065334,4.988470,5.011530,4.620279,1601271
2012-06-04,5.003843,5.134512,4.665642,4.911606,4.528156,2030861
2012-06-05,4.880861,5.088394,4.827056,5.049962,4.655711,1141628
2012-06-06,5.111453,5.388163,5.073021,5.149885,4.747833,2166295
2012-06-07,5.226749,5.357417,4.934666,4.942352,4.556502,1642773
2012-06-08,4.934666,5.203689,4.704074,5.149885,4.747833,1376458
2012-06-11,5.188317,5.211376,4.903920,4.942352,4.556502,1039629
2012-06-12,4.957725,5.096080,4.857802,5.073021,4.676969,1011788
2012-06-13,5.065334,5.065334,4.788624,4.850115,4.471466,1133431
2012-06-14,4.880861,5.003843,4.834743,4.980784,4.591933,1032604
2012-06-15,4.980784,5.126826,4.888547,5.049962,4.655711,1463885
2012-06-18,5.026902,5.211376,4.973098,5.180630,4.776178,996696
2012-06-19,5.196003,5.342045,5.149885,5.280553,4.868299,993574
2012-06-20,5.318985,5.634128,5.249808,5.557264,5.123407,1836362
2012-06-21,5.564950,5.564950,5.380477,5.434281,5.010026,1394022
2012-06-22,5.511145,5.541891,5.434281,5.441968,5.017113,3637726
2012-06-25,5.380477,5.380477,5.265181,5.280553,4.868299,875573
2012-06-26,5.265181,5.365104,5.180630,5.203689,4.797437,787625
2012-06-27,5.234435,5.449654,5.203689,5.411222,4.988767,1182479
2012-06-28,5.326672,5.403536,5.203689,5.295926,4.882472,1906355
2012-06-29,6.018447,6.402767,5.872406,6.387394,5.888730,11210067
2012-07-02,6.372022,6.840892,6.287471,6.833205,6.299736,4216151
2012-07-03,6.756341,6.917756,6.740968,6.879324,6.342254,2168897
2012-07-05,6.794773,7.009992,6.764028,6.802460,6.271391,3720210
2012-07-06,6.717909,7.056111,6.625673,6.764028,6.235959,3535728
2012-07-09,6.902383,7.033051,6.802460,6.994620,6.448548,2317341
2012-07-10,7.048424,7.302075,7.002306,7.079170,6.526498,3607413
2012-07-11,7.271330,7.279016,6.940815,6.994620,6.448548,2816795
2012-07-12,7.017679,7.079170,6.633359,7.056111,6.505239,2740426
2012-07-13,7.056111,7.624904,7.033051,7.401998,6.824122,4770897
2012-07-16,7.386626,7.686395,7.386626,7.432744,6.852468,3253541
2012-07-17,7.448117,7.678709,7.355880,7.425058,6.845383,2677068
2012-07-18,7.378939,7.501922,7.340507,7.401998,6.824122,1575901
2012-07-19,7.471176,7.594158,7.340507,7.455803,6.873727,1243106
2012-07-20,7.340507,7.417371,7.148347,7.355880,6.781604,2577801
2012-07-23,7.302075,7.517294,7.048424,7.417371,6.838295,2437944
2012-07-24,7.494235,7.494235,7.209839,7.294389,6.724915,1846119
2012-07-25,7.332821,7.409685,7.148347,7.163720,6.604447,1988709
2012-07-26,7.332821,7.417371,7.071483,7.401998,6.824122,2147301
2012-07-27,7.394312,7.647963,7.386626,7.532667,6.944591,1951630
2012-07-30,7.632590,7.878555,7.594158,7.678709,7.079231,4058730
2012-07-31,7.686395,7.855496,7.655650,7.763259,7.157181,3143867
2012-08-01,7.824750,7.840123,7.386626,7.386626,6.809950,2030601
2012-08-02,7.309762,7.448117,6.940815,7.394312,6.817036,4272484
2012-08-03,7.532667,7.663336,7.340507,7.378939,6.802866,2013167
2012-08-06,7.371253,7.571099,7.294389,7.302075,6.732000,1377629
2012-08-07,7.348194,7.425058,7.225211,7.232898,6.668225,1421993
2012-08-08,7.232898,7.394312,7.163720,7.248271,6.682397,1067210
2012-08-09,7.263643,7.632590,7.209839,7.624904,7.029627,2688256
2012-08-10,7.601845,7.601845,7.302075,7.371253,6.795778,1366440
2012-08-13,7.363566,7.578786,7.302075,7.494235,6.909158,1604133
2012-08-14,7.425058,7.624904,7.425058,7.501922,6.916245,1365139
2012-08-15,7.248271,7.371253,6.471945,6.610300,6.094233,6821273
2012-08-16,6.617986,6.617986,6.179862,6.195234,5.711571,4020610
2012-08-17,6.179862,6.364335,6.018447,6.325903,5.832038,3641629
2012-08-20,6.356649,6.364335,6.210607,6.302844,5.810780,2067029
2012-08-21,6.348962,6.418140,6.118370,6.156802,5.676139,1692991
2012-08-22,6.133743,6.218294,6.056879,6.118370,5.640708,2438985
2012-08-23,6.095311,6.126057,5.687932,5.887779,5.428119,6045747
2012-08-24,5.880092,6.264412,5.880092,6.187548,5.704484,2277270
2012-08-27,6.225980,6.318217,6.172175,6.210607,5.725745,1522170
2012-08-28,6.272098,6.302844,6.179862,6.264412,5.775348,1186772
2012-08-29,6.295158,6.333590,6.241353,6.264412,5.775348,708785
2012-08-30,6.225980,6.256726,6.164489,6.195234,5.711571,678081
2012-08-31,6.241353,6.264412,6.072252,6.179862,5.697399,1396103
2012-09-04,6.218294,6.272098,6.041507,6.202921,5.718658,1552223
2012-09-05,6.318217,6.756341,6.249039,6.702537,6.179269,3910546
2012-09-06,6.863951,7.025365,6.764028,6.917756,6.377686,6042625
2012-09-07,8.455035,8.455035,7.709454,7.740200,7.135922,18586346
2012-09-10,7.855496,8.078401,7.763259,7.970792,7.348511,6206421
2012-09-11,7.970792,8.124520,7.870869,7.909301,7.291821,3958813
2012-09-12,7.947733,8.332052,7.947733,8.186011,7.546928,4508876
2012-09-13,8.224443,8.401230,8.170638,8.308993,7.660310,3648004
2012-09-14,8.378171,8.416603,7.978478,8.109147,7.476066,3568383
2012-09-17,8.093774,8.362798,8.009224,8.355111,7.702826,3049154
2012-09-18,8.370484,8.524212,8.301307,8.462721,7.802034,4683340
2012-09-19,8.478094,8.616449,8.401230,8.485780,7.823294,2967191
2012-09-20,8.401230,8.562644,8.393543,8.508839,7.844552,2084202
2012-09-21,8.601076,8.608762,8.332052,8.431975,7.773689,2904483
2012-09-24,8.393543,8.455035,8.047656,8.093774,7.461892,2924648
2012-09-25,8.016910,8.262875,7.909301,7.955419,7.334338,3418117
2012-09-26,7.970792,8.216756,7.893928,7.955419,7.334338,2679279
2012-09-27,7.986164,8.370484,7.963105,8.293620,7.646136,2285857
2012-09-28,8.332052,8.485780,8.186011,8.470407,7.809120,3959463
2012-10-01,8.562644,8.639508,8.401230,8.493467,7.830381,2712715
2012-10-02,8.524212,8.554958,8.332052,8.370484,7.716999,2477755
2012-10-03,8.262875,8.301307,7.916987,8.001537,7.376856,4033100
2012-10-04,8.116833,8.139892,7.824750,7.963105,7.341424,2918663
2012-10-05,7.978478,8.124520,7.801691,7.855496,7.242216,1481319
2012-10-08,7.855496,8.116833,7.724827,8.039969,7.412288,1670484
2012-10-09,8.039969,8.147579,7.732513,7.770945,7.164266,2286377
2012-10-10,7.794005,8.070715,7.786318,7.955419,7.334338,1690389
2012-10-11,8.039969,8.063028,7.840123,7.870869,7.256390,1144880
2012-10-12,7.855496,7.901614,7.732513,7.817064,7.206785,1007885
2012-10-15,7.801691,7.863182,7.471176,7.594158,7.001281,2406590
2012-10-16,7.671022,7.916987,7.624904,7.886241,7.270561,1914552
2012-10-17,7.924673,8.047656,7.863182,7.932360,7.313081,1851193
2012-10-18,7.993851,7.993851,7.747886,7.794005,7.185526,1465316
2012-10-19,7.740200,7.786318,7.486549,7.501922,6.916245,2831236
2012-10-22,7.632590,7.632590,7.401998,7.463490,6.880815,2651048
2012-10-23,7.432744,7.432744,7.163720,7.332821,6.760346,2972004
2012-10-24,7.363566,7.432744,7.279016,7.302075,6.732000,1404950
2012-10-25,7.325135,7.455803,7.194466,7.255957,6.689484,1625600
2012-10-26,7.232898,7.478862,7.132975,7.463490,6.880815,1567575
2012-10-31,7.509608,7.571099,7.240584,7.371253,6.795778,1401307
2012-11-01,7.363566,7.386626,6.871637,6.871637,6.335166,4144205
2012-11-02,6.917756,7.002306,6.594927,6.940815,6.398944,4234235
2012-11-05,7.063797,7.140661,6.933128,7.117602,6.561930,2267253
2012-11-06,7.163720,7.363566,7.163720,7.271330,6.703656,2541243
2012-11-07,7.878555,8.055342,7.755573,7.970792,7.348511,10451063
2012-11-08,8.009224,8.393543,7.986164,8.155265,7.518582,8278003
2012-11-09,8.139892,8.431975,7.801691,7.886241,7.270561,4420408
2012-11-12,7.955419,8.285934,7.863182,8.209070,7.568187,3198769
2012-11-13,8.255188,8.262875,8.032283,8.039969,7.412288,2388376
2012-11-14,8.070715,8.162952,7.348194,7.501922,6.916245,4040646
2012-11-15,7.501922,7.548040,6.971560,7.125288,6.569015,4011634
2012-11-16,7.117602,7.440430,7.025365,7.248271,6.682397,2499481
2012-11-19,7.578786,8.001537,7.494235,7.724827,7.121748,3117586
2012-11-20,7.686395,7.832437,7.355880,7.432744,6.852468,4283152
2012-11-21,7.432744,7.601845,7.363566,7.548040,6.958764,2176703
2012-11-23,7.471176,7.571099,7.371253,7.563413,6.972937,1088807
2012-11-26,7.501922,7.609531,7.463490,7.586472,6.994195,1820750
2012-11-27,7.571099,8.009224,7.524981,7.993851,7.369770,3934354
2012-11-28,8.001537,8.401230,7.955419,8.262875,7.617791,5993057
2012-11-29,8.339739,8.401230,8.047656,8.239816,7.596534,3214121
2012-11-30,8.193697,8.332052,8.101460,8.147579,7.511496,2847889
2012-12-03,8.193697,8.293620,7.855496,7.986164,7.362683,5255780
2012-12-04,8.070715,8.209070,7.909301,8.193697,7.554014,3061904
2012-12-05,8.262875,8.378171,8.016910,8.132206,7.497323,5456524
2012-12-06,8.162952,8.378171,8.124520,8.339739,7.688653,7493630
2012-12-07,8.501153,8.647194,7.509608,7.624904,7.029627,17292372
2012-12-10,7.609531,7.832437,7.132975,7.225211,6.661138,9350807
2012-12-11,7.217525,7.517294,7.132975,7.517294,6.930417,6024541
2012-12-12,7.555726,7.640277,7.448117,7.501922,6.916245,3594143
2012-12-13,7.463490,7.532667,7.294389,7.332821,6.760346,3755467
2012-12-14,7.494235,7.647963,6.956188,7.017679,6.469809,12697760
2012-12-17,7.148347,7.148347,6.594927,6.656418,6.136751,17575209
2012-12-18,6.348962,6.356649,5.895465,5.987702,5.520241,28877126
2012-12-19,6.233666,6.579554,6.126057,6.418140,5.917075,23703700
2012-12-20,6.564181,6.625673,6.256726,6.341276,5.846212,9650298
2012-12-21,6.264412,6.356649,6.110684,6.225980,5.739916,8152847
2012-12-24,6.295158,6.341276,6.149116,6.172175,5.690313,2763194
2012-12-26,6.210607,6.256726,6.087625,6.118370,5.640708,3732309
2012-12-27,6.202921,6.418140,6.202921,6.348962,5.853298,8007005
2012-12-28,6.356649,6.356649,6.218294,6.287471,5.796607,3754166
2012-12-31,6.356649,6.502690,6.310530,6.487317,5.980851,5874926
2013-01-02,6.863951,6.879324,6.541122,6.564181,6.051714,6342375
2013-01-03,6.648732,6.863951,6.564181,6.740968,6.214700,6571611
2013-01-04,6.840892,6.887010,6.694850,6.764028,6.235959,4943410
2013-01-07,6.825519,6.833205,6.502690,6.641045,6.122578,4909844
2013-01-08,6.648732,6.748655,6.594927,6.733282,6.207615,3814792
2013-01-09,6.740968,6.794773,6.479631,6.587241,6.072974,4992978
2013-01-10,6.587241,6.602613,6.133743,6.348962,5.853298,11865771
2013-01-11,6.456572,6.495004,6.348962,6.402767,5.902903,3865401
2013-01-14,6.372022,6.425826,6.241353,6.325903,5.832038,5011452
2013-01-15,6.333590,6.502690,6.279785,6.479631,5.973764,3984703
2013-01-16,6.448885,7.109915,6.348962,6.848578,6.313909,17057281
2013-01-17,7.017679,7.102229,6.794773,6.817832,6.285563,7309408
2013-01-18,6.917756,6.948501,6.802460,6.933128,6.391857,4016057
2013-01-22,7.025365,7.025365,6.764028,6.863951,6.328081,5724270
2013-01-23,6.856264,6.871637,6.694850,6.840892,6.306822,5274124
2013-01-24,6.802460,6.917756,6.771714,6.863951,6.328081,4331810
2013-01-25,6.863951,6.879324,6.764028,6.787087,6.257217,2356762
2013-01-28,6.856264,6.856264,6.771714,6.825519,6.292649,2395792
2013-01-29,6.833205,6.840892,6.740968,6.802460,6.271391,2188412
2013-01-30,6.764028,6.840892,6.694850,6.733282,6.207615,3014157
2013-01-31,6.702537,6.733282,6.587241,6.610300,6.094233,2766446
2013-02-01,6.610300,6.756341,6.518063,6.733282,6.207615,2654040
2013-02-04,6.717909,6.817832,6.656418,6.756341,6.228873,2863371
2013-02-05,6.771714,6.917756,6.764028,6.879324,6.342254,3158438
2013-02-06,6.856264,6.948501,6.817832,6.948501,6.406031,2363267
2013-02-07,6.956188,7.056111,6.863951,7.033051,6.483980,3084151
2013-02-08,7.017679,7.109915,7.009992,7.079170,6.526498,2303811
2013-02-11,7.109915,7.109915,6.933128,7.017679,6.469809,3704598
2013-02-12,7.017679,7.071483,6.948501,7.002306,6.455635,2655081
2013-02-13,7.009992,7.294389,7.009992,7.279016,6.710742,3882574
2013-02-14,7.286703,7.340507,7.186779,7.279016,6.710742,2413355
2013-02-15,7.340507,7.440430,7.225211,7.240584,6.675311,2762283
2013-02-19,7.279016,7.386626,7.171407,7.225211,6.661138,2901100
2013-02-20,7.209839,7.217525,6.825519,6.902383,6.363513,3507496
2013-02-21,6.902383,7.017679,6.617986,6.748655,6.221786,4257392
2013-02-22,6.802460,7.071483,6.764028,7.056111,6.505239,3130336
2013-02-25,7.109915,7.156034,7.002306,7.033051,6.483980,3022874
2013-02-26,7.033051,7.056111,6.840892,6.879324,6.342254,3360873
2013-02-27,6.925442,7.186779,6.925442,7.179093,6.618620,3823379
2013-02-28,7.302075,7.371253,7.094543,7.340507,6.767433,5922933
2013-03-01,7.302075,7.563413,7.209839,7.548040,6.958764,5094196
2013-03-04,7.686395,7.940046,7.655650,7.901614,7.284734,9584727
2013-03-05,8.132206,8.170638,7.732513,7.855496,7.242216,12870793
2013-03-06,7.601845,7.686395,7.348194,7.494235,6.909158,10366498
2013-03-07,7.555726,7.686395,7.478862,7.609531,7.015453,4518893
2013-03-08,7.671022,7.671022,7.455803,7.509608,6.923332,3305451
2013-03-11,7.463490,7.517294,7.156034,7.401998,6.824122,4714174
2013-03-12,7.409685,7.463490,7.325135,7.363566,6.788691,2780237
2013-03-13,7.340507,7.409685,7.279016,7.317448,6.746174,1897899
2013-03-14,7.302075,7.332821,7.048424,7.117602,6.561930,4809016
2013-03-15,7.148347,7.156034,7.033051,7.079170,6.526498,3470418
2013-03-18,7.056111,7.255957,6.902383,7.202152,6.639879,3222057
2013-03-19,7.171407,7.409685,7.117602,7.240584,6.675311,3418247
2013-03-20,7.263643,7.448117,7.263643,7.425058,6.845383,2733401
2013-03-21,7.471176,7.509608,7.271330,7.294389,6.724915,2362616
2013-03-22,7.309762,7.340507,7.179093,7.232898,6.668225,1947597
2013-03-25,7.263643,7.340507,7.033051,7.071483,6.519412,3308833
2013-03-26,7.056111,7.148347,6.933128,7.079170,6.526498,3764444
2013-03-27,7.025365,7.063797,6.948501,6.986933,6.441463,2273498
2013-03-28,6.963874,7.025365,6.887010,6.917756,6.377686,3111992
2013-04-01,6.894696,6.933128,6.687164,6.710223,6.186355,4588237
2013-04-02,6.702537,6.779400,6.610300,6.717909,6.193440,2862590
2013-04-03,6.694850,6.702537,6.479631,6.571868,6.058801,4108818
2013-04-04,6.495004,6.610300,6.341276,6.602613,6.087145,2909556
2013-04-05,6.495004,6.610300,6.464258,6.610300,6.094233,1523211
2013-04-08,6.579554,6.641045,6.479631,6.610300,6.094233,1685315
2013-04-09,6.610300,6.687164,6.594927,6.641045,6.122578,2345833
2013-04-10,6.671791,6.871637,6.579554,6.833205,6.299736,3163251
2013-04-11,6.879324,7.071483,6.848578,6.986933,6.441463,3954390
2013-04-12,6.994620,7.094543,6.894696,6.948501,6.406031,1993132
2013-04-15,6.894696,6.910069,6.564181,6.625673,6.108405,2616701
2013-04-16,6.725596,6.764028,6.617986,6.641045,6.122578,1864333
2013-04-17,6.625673,6.656418,6.441199,6.525749,6.016282,1996645
2013-04-18,6.717909,6.725596,6.548809,6.633359,6.115492,2307193
2013-04-19,6.687164,6.702537,6.579554,6.633359,6.115492,1802275
2013-04-22,6.641045,6.671791,6.518063,6.641045,6.122578,1318303
2013-04-23,6.648732,6.664105,6.533436,6.571868,6.058801,1733713
2013-04-24,6.548809,6.633359,6.525749,6.610300,6.094233,1108322
2013-04-25,6.633359,6.840892,6.633359,6.802460,6.271391,2182297
2013-04-26,6.810146,6.840892,6.664105,6.694850,6.172182,1340811
2013-04-29,6.694850,6.840892,6.694850,6.794773,6.264305,1887361
2013-04-30,6.917756,6.948501,6.710223,6.748655,6.221786,2213652
2013-05-01,6.748655,6.764028,6.556495,6.594927,6.080060,2196348
2013-05-02,6.602613,6.710223,6.594927,6.679477,6.158010,1561200
2013-05-03,6.748655,6.748655,6.664105,6.717909,6.193440,1362798
2013-05-06,6.710223,6.871637,6.694850,6.802460,6.271391,2104888
2013-05-07,6.810146,6.863951,6.725596,6.817832,6.285563,1406511
2013-05-08,6.833205,6.840892,6.740968,6.771714,6.243044,995785
2013-05-09,6.756341,6.840892,6.725596,6.740968,6.214700,911741
2013-05-10,6.725596,6.817832,6.694850,6.810146,6.278477,1393761
2013-05-13,6.779400,6.848578,6.725596,6.787087,6.257217,959357
2013-05-14,6.764028,6.956188,6.740968,6.925442,6.384772,1862772
2013-05-15,6.917756,7.079170,6.879324,7.025365,6.476894,1678420
2013-05-16,6.994620,7.056111,6.925442,7.017679,6.469809,1248179
2013-05-17,7.017679,7.125288,6.994620,7.056111,6.505239,1840785
2013-05-20,7.056111,7.094543,6.994620,7.063797,6.512325,1449314
2013-05-21,7.048424,7.125288,7.025365,7.079170,6.526498,1436824
2013-05-22,7.079170,7.109915,6.787087,6.894696,6.356426,2668351
2013-05-23,6.771714,7.025365,6.702537,6.986933,6.441463,1738266
2013-05-24,6.948501,7.002306,6.856264,6.979247,6.434376,1045093
2013-05-28,7.033051,7.102229,6.948501,7.017679,6.469809,1661897
2013-05-29,6.971560,7.002306,6.848578,6.879324,6.342254,1439036
2013-05-30,6.917756,7.040738,6.840892,7.025365,6.476894,1406251
2013-05-31,6.979247,7.102229,6.956188,7.002306,6.455635,1199912
2013-06-03,7.009992,7.102229,6.917756,7.086856,6.533584,1393111
2013-06-04,7.071483,7.202152,6.963874,7.086856,6.533584,2111393
2013-06-05,7.056111,7.071483,6.933128,6.971560,6.427289,1580585
2013-06-06,6.956188,7.079170,6.940815,7.079170,6.526498,1167778
2013-06-07,7.094543,7.109915,6.994620,7.079170,6.526498,1104809
2013-06-10,7.071483,7.125288,7.033051,7.102229,6.547757,962480
2013-06-11,7.025365,7.102229,6.986933,7.033051,6.483980,1480538
2013-06-12,7.048424,7.117602,6.979247,6.986933,6.441463,1454388
2013-06-13,7.002306,7.156034,6.986933,7.148347,6.590274,2039968
2013-06-14,7.509608,7.624904,7.386626,7.517294,6.930417,9339879
2013-06-17,7.578786,7.609531,7.394312,7.486549,6.902073,4243732
2013-06-18,7.471176,7.594158,7.425058,7.571099,6.980022,2226011
2013-06-19,7.532667,7.709454,7.532667,7.686395,7.086316,2945854
2013-06-20,7.609531,7.655650,7.463490,7.586472,6.994195,2724684
2013-06-21,7.601845,7.640277,7.386626,7.409685,6.831209,3044080
2013-06-24,7.332821,7.478862,7.271330,7.401998,6.824122,2800012
2013-06-25,7.524981,7.686395,7.494235,7.678709,7.079231,6704053
2013-06-26,7.678709,7.686395,7.302075,7.517294,6.930417,6042234
2013-06-27,7.571099,7.763259,7.540354,7.763259,7.157181,4755415
2013-06-28,7.694081,7.763259,7.655650,7.671022,7.072144,4010072
2013-07-01,7.778632,7.932360,7.724827,7.855496,7.242216,3459359
2013-07-02,7.909301,8.032283,7.601845,7.663336,7.065058,5232362
2013-07-03,7.671022,7.863182,7.663336,7.755573,7.150094,1643423
2013-07-05,7.786318,7.878555,7.701768,7.878555,7.263475,2667050
2013-07-08,7.886241,7.955419,7.878555,7.940046,7.320165,2725075
2013-07-09,7.963105,8.109147,7.963105,8.101460,7.468978,4038955
2013-07-10,8.109147,8.262875,8.024596,8.162952,7.525669,3526361
2013-07-11,8.339739,8.401230,8.247502,8.332052,7.681567,3132808
2013-07-12,8.316679,8.455035,8.308993,8.439662,7.780777,1933286
2013-07-15,8.470407,8.762490,8.439662,8.693313,8.014625,4066666
2013-07-16,8.747118,8.747118,8.485780,8.539585,7.872899,2877031
2013-07-17,8.562644,8.639508,8.516526,8.562644,7.894157,1561981
2013-07-18,8.601076,8.662567,8.554958,8.578017,7.908330,1663198
2013-07-19,8.524212,8.631822,8.462721,8.470407,7.809120,1786143
2013-07-22,8.462721,8.524212,8.332052,8.347425,7.695741,2925429
2013-07-23,8.378171,8.493467,8.339739,8.370484,7.716999,1939271
2013-07-24,8.378171,8.639508,8.378171,8.531899,7.865814,2181387
2013-07-25,8.508839,8.539585,8.447348,8.524212,7.858726,1154898
2013-07-26,8.455035,8.539585,8.431975,8.508839,7.844552,1178576
2013-07-29,8.593390,8.616449,8.478094,8.508839,7.844552,1610508
2013-07-30,8.516526,8.877786,8.501153,8.816295,8.128006,4385151
2013-07-31,8.839354,9.192929,8.816295,9.100692,8.390200,3492535
2013-08-01,9.223674,9.392775,9.100692,9.354343,8.624046,3069059
2013-08-02,9.354343,9.715603,9.239047,9.569562,8.822465,3906903
2013-08-05,9.623367,10.207533,9.592621,10.169101,9.375197,5981087
2013-08-06,10.230592,10.284397,9.469639,9.584935,8.836637,6560813
2013-08-07,9.577248,9.946195,9.508071,9.669485,8.914586,4310603
2013-08-08,9.746349,9.861645,9.500384,9.523444,8.779947,3360743
2013-08-09,9.492698,9.646426,9.392775,9.431207,8.694910,3023264
2013-08-12,9.346656,9.638739,9.308224,9.577248,8.829551,2189453
2013-08-13,9.607994,9.607994,9.400461,9.431207,8.694910,1804227
2013-08-14,9.415834,9.431207,9.308224,9.362029,8.631133,1886450
2013-08-15,9.100692,9.108378,8.416603,8.624135,7.950848,8401338
2013-08-16,8.677940,8.931591,8.631822,8.639508,7.965022,3262778
2013-08-19,8.639508,8.677940,8.424289,8.431975,7.773689,3803083
2013-08-20,8.431975,8.747118,8.431975,8.716372,8.035883,3882704
2013-08-21,8.685626,8.708686,8.508839,8.516526,7.851640,2778806
2013-08-22,8.516526,8.708686,8.508839,8.654881,7.979192,1502785
2013-08-23,8.677940,8.700999,8.524212,8.616449,7.943762,1389078
2013-08-26,8.616449,8.685626,8.447348,8.470407,7.809120,2462663
2013-08-27,8.401230,8.585703,8.301307,8.455035,7.794950,2368731
2013-08-28,8.462721,8.524212,8.224443,8.301307,7.653222,3318981
2013-08-29,8.293620,8.524212,8.293620,8.493467,7.830381,2621905
2013-08-30,8.493467,8.554958,8.378171,8.408916,7.752431,2011606
2013-09-03,8.508839,8.562644,8.439662,8.485780,7.823294,2495318
2013-09-04,8.455035,8.585703,8.439662,8.524212,7.858726,3153754
2013-09-05,8.570331,8.870100,8.470407,8.823982,8.135092,5223905
2013-09-06,8.339739,8.485780,7.878555,7.924673,7.305992,11483277
2013-09-09,8.016910,8.293620,8.016910,8.178324,7.539839,5608091
2013-09-10,8.216756,8.332052,8.147579,8.170638,7.532754,3753385
2013-09-11,8.124520,8.332052,8.101460,8.324366,7.674481,2491285
2013-09-12,8.285934,8.516526,8.262875,8.431975,7.773689,3029379
2013-09-13,8.439662,8.662567,8.439662,8.616449,7.943762,2566613
2013-09-16,8.700999,8.739431,8.408916,8.493467,7.830381,4423140
2013-09-17,8.508839,8.777863,8.508839,8.762490,8.078400,4016707
2013-09-18,8.739431,8.862414,8.570331,8.808609,8.120921,3151282
2013-09-19,8.854727,9.008455,8.785550,8.939277,8.241385,3381950
2013-09-20,8.993082,9.046887,8.785550,8.916218,8.220127,2994382
2013-09-23,8.862414,8.939277,8.662567,8.916218,8.220127,2257886
2013-09-24,8.916218,8.970023,8.747118,8.916218,8.220127,2856866
2013-09-25,8.862414,8.931591,8.754804,8.770177,8.085486,1842216
2013-09-26,8.808609,8.839354,8.616449,8.670254,7.993367,1826214
2013-09-27,8.601076,8.677940,8.539585,8.631822,7.957932,1616362
2013-09-30,8.501153,8.608762,8.385857,8.447348,7.787863,1943824
2013-10-01,8.462721,8.616449,8.424289,8.608762,7.936675,1686226
2013-10-02,8.516526,8.554958,8.393543,8.431975,7.773689,1564453
2013-10-03,8.439662,8.455035,8.232129,8.308993,7.660310,2587949
2013-10-04,8.293620,8.324366,8.193697,8.239816,7.596534,2146650
2013-10-07,8.209070,8.262875,8.024596,8.063028,7.433547,2017851
2013-10-08,8.139892,8.170638,7.940046,7.947733,7.327251,1668402
2013-10-09,7.963105,8.139892,7.947733,8.078401,7.447718,2968492
2013-10-10,8.216756,8.339739,8.178324,8.332052,7.681567,2090577
2013-10-11,8.339739,8.654881,8.301307,8.654881,7.979192,3415906
2013-10-14,8.547271,8.601076,8.439662,8.570331,7.901243,1449574
2013-10-15,8.578017,8.585703,8.462721,8.547271,7.879982,1253774
2013-10-16,8.547271,8.647194,8.455035,8.501153,7.837465,1474944
2013-10-17,8.516526,8.808609,8.493467,8.685626,8.007538,1799153
2013-10-18,8.747118,8.777863,8.570331,8.624135,7.950848,1719141
2013-10-21,8.624135,8.639508,8.508839,8.516526,7.851640,1276411
2013-10-22,8.524212,8.608762,8.378171,8.393543,7.738257,1761944
2013-10-23,8.378171,8.570331,8.347425,8.547271,7.879982,1597108
2013-10-24,8.508839,8.508839,8.186011,8.316679,7.667394,2380310
2013-10-25,8.332052,8.355111,8.124520,8.162952,7.525669,1817237
2013-10-28,8.139892,8.186011,8.070715,8.132206,7.497323,1469219
2013-10-29,8.147579,8.324366,8.116833,8.324366,7.674481,1284087
2013-10-30,8.324366,8.424289,8.316679,8.370484,7.716999,1235169
2013-10-31,8.347425,8.378171,8.201384,8.293620,7.646136,1895427
2013-11-01,8.339739,8.439662,8.270561,8.439662,7.780777,1315831
2013-11-04,8.462721,8.647194,8.462721,8.631822,7.957932,2662236
2013-11-05,8.647194,8.754804,8.547271,8.724058,8.042971,1505387
2013-11-06,8.785550,8.823982,8.462721,8.747118,8.064228,1487954
2013-11-07,8.762490,8.777863,8.524212,8.578017,7.908330,1271467
2013-11-08,8.562644,8.624135,8.470407,8.585703,7.915414,1391029
2013-11-11,8.547271,8.777863,8.508839,8.754804,8.071315,1049907
2013-11-12,8.777863,8.800922,8.624135,8.777863,8.092573,986028
2013-11-13,8.685626,8.754804,8.624135,8.662567,7.986279,1690259
2013-11-14,8.647194,8.677940,8.485780,8.570331,7.901243,1716409
2013-11-15,8.585703,8.593390,8.516526,8.570331,7.901243,1378410
2013-11-18,8.585703,8.693313,8.578017,8.639508,7.965022,1568356
2013-11-19,8.631822,8.724058,8.478094,8.547271,7.879982,1824132
2013-11-20,8.554958,8.639508,8.524212,8.601076,7.929589,957146
2013-11-21,8.647194,9.131437,8.624135,9.100692,8.390200,3362565
2013-11-22,9.031514,9.215988,8.970023,9.200615,8.482323,2171499
2013-11-25,9.200615,9.215988,9.031514,9.100692,8.390200,1944995
2013-11-26,9.054573,9.123751,8.985396,9.031514,8.326424,1434743
2013-11-27,9.077633,9.192929,9.031514,9.169869,8.453977,1133301
2013-11-29,9.162183,9.192929,9.039201,9.085319,8.376025,668584
2013-12-02,9.054573,9.077633,8.708686,8.785550,8.099658,2063516
2013-12-03,8.731745,9.031514,8.724058,8.962337,8.262647,2259577
2013-12-04,8.931591,9.069946,8.862414,8.916218,8.220127,2012517
2013-12-05,9.177556,9.392775,9.116065,9.208301,8.489408,2673815
2013-12-06,9.269792,9.500384,9.239047,9.385088,8.652394,1908177
2013-12-09,9.454266,9.592621,9.338970,9.377402,8.645306,2408671
2013-12-10,9.300538,9.377402,9.116065,9.315911,8.588616,3743888
2013-12-11,9.777095,9.976941,9.508071,9.684858,8.928761,6576555
2013-12-12,9.684858,9.838586,9.523444,9.669485,8.914586,3000496
2013-12-13,9.607994,9.677171,9.285165,9.508071,8.765774,2125184
2013-12-16,9.669485,9.715603,9.454266,9.623367,8.872068,2359494
2013-12-17,9.654112,9.938509,9.654112,9.807840,9.042141,2467086
2013-12-18,9.838586,9.930822,9.800154,9.884704,9.113005,2103847
2013-12-19,9.892390,9.923136,9.792467,9.823213,9.056313,1775735
2013-12-20,9.869331,9.961568,9.792467,9.938509,9.162606,2716098
2013-12-23,9.953882,10.330515,9.953882,10.261337,9.460233,2428317
2013-12-24,10.276710,10.330515,10.107610,10.192160,9.396458,638141
2013-12-26,10.207533,10.315142,10.107610,10.245965,9.446060,934638
2013-12-27,10.222905,10.230592,10.107610,10.153728,9.361024,986809
2013-12-30,10.130669,10.392006,10.107610,10.345888,9.538183,1433442
2013-12-31,10.345888,10.392006,10.299769,10.368947,9.559442,1115087
2014-01-02,10.422752,10.661030,10.368947,10.438125,9.623219,2005361
2014-01-03,10.568793,10.568793,10.176787,10.322829,9.516924,1792258
2014-01-06,10.338201,10.392006,10.222905,10.230592,9.431887,1279794
2014-01-07,10.238278,10.630284,10.115296,10.568793,9.743686,1955793
2014-01-08,10.714835,11.022291,10.599539,10.960799,10.105089,3147249
2014-01-09,11.083782,11.637202,11.053036,11.498847,10.601130,5851378
2014-01-10,11.544965,11.737125,11.352806,11.521906,10.622389,2311357
2014-01-13,11.514220,11.960031,11.306687,11.375865,10.487750,3028468
2014-01-14,11.352806,11.637202,11.352806,11.491161,10.594044,1423034
2014-01-15,11.529593,11.583397,11.275942,11.445042,10.551526,1639650
2014-01-16,11.383551,11.560338,11.345119,11.391238,10.501923,1274590
2014-01-17,11.414297,11.421983,10.814758,10.976172,10.119262,2297436
2014-01-21,11.129900,11.398924,10.953113,11.053036,10.190125,2062736
2014-01-22,11.022291,11.029977,10.814758,10.922367,10.069656,1301651
2014-01-23,10.860876,10.945427,10.637971,10.699462,9.864154,1532318
2014-01-24,10.445811,10.568793,10.130669,10.330515,9.524009,2301079
2014-01-27,10.361261,10.376633,10.007686,10.153728,9.361024,1331964
2014-01-28,10.192160,10.292083,10.069178,10.192160,9.396458,990712
2014-01-29,10.138355,10.153728,9.877018,9.969254,9.190952,1353040
2014-01-30,9.746349,10.330515,9.746349,10.107610,9.318508,1541555
2014-01-31,9.992314,10.138355,9.869331,10.061491,9.275990,1210971
2014-02-03,10.061491,10.061491,9.607994,9.692544,8.935845,1501224
2014-02-04,9.738663,9.915450,9.638739,9.638739,8.886241,1192236
2014-02-05,9.615680,9.638739,9.239047,9.469639,8.730342,1136944
2014-02-06,9.477325,9.677171,9.354343,9.385088,8.652394,1336908
2014-02-07,9.392775,9.677171,9.392775,9.623367,8.872068,1886060
2014-02-10,9.500384,9.861645,9.492698,9.800154,9.035052,1834800
2014-02-11,9.838586,9.961568,9.723290,9.884704,9.113005,1637569
2014-02-12,9.915450,9.946195,9.654112,9.715603,8.957105,1628462
2014-02-13,9.477325,9.746349,9.369716,9.631053,8.879154,3293091
2014-02-14,9.600307,9.823213,9.554189,9.715603,8.957105,1063437
2014-02-18,9.723290,9.830899,9.600307,9.661799,8.907501,1204986
2014-02-19,9.615680,9.669485,9.485012,9.485012,8.744516,1354471
2014-02-20,9.661799,9.754035,9.369716,9.631053,8.879154,2524981
2014-02-21,9.684858,9.715603,9.415834,9.623367,8.872068,2915281
2014-02-24,9.661799,9.715603,9.323597,9.331284,8.602789,2367170
2014-02-25,9.308224,9.538816,9.246733,9.461952,8.723255,2276100
2014-02-26,9.423520,9.446580,8.693313,8.908532,8.213040,6817630
2014-02-27,8.908532,9.093005,8.777863,9.046887,8.340595,1873830
2014-02-28,9.085319,9.169869,8.839354,8.839354,8.149263,2263220
2014-03-03,8.870100,9.008455,8.754804,8.931591,8.234300,1683494
2014-03-04,9.077633,9.169869,8.939277,9.069946,8.361854,4591489
2014-03-05,10.207533,10.968486,10.207533,10.561107,9.736599,16487833
2014-03-06,10.637971,10.661030,10.222905,10.484243,9.665735,3527141
2014-03-07,10.507302,10.668716,10.468870,10.599539,9.772030,2447311
2014-03-10,10.607225,11.306687,10.568793,10.914681,10.062571,4265979
2014-03-11,10.991545,11.022291,10.584166,10.630284,9.800376,2798061
2014-03-12,10.530361,10.776326,10.461184,10.745580,9.906672,1712116
2014-03-13,10.737894,10.906995,10.491929,10.538048,9.715341,1968933
2014-03-14,10.468870,10.737894,10.453497,10.699462,9.864154,1395192
2014-03-17,10.760953,10.860876,10.607225,10.630284,9.800376,1656563
2014-03-18,10.645657,10.799385,10.530361,10.776326,9.935017,1553394
2014-03-19,10.760953,10.776326,10.576480,10.668716,9.835808,1495239
2014-03-20,10.661030,10.753267,10.599539,10.668716,9.835808,2130778
2014-03-21,10.676403,10.722521,10.430438,10.645657,9.814548,3515692
2014-03-24,10.637971,10.730208,10.545734,10.622598,9.793289,1826604
2014-03-25,10.699462,10.945427,10.699462,10.768640,9.927929,1744901
2014-03-26,10.791699,11.137586,10.784012,10.853190,10.005881,2081600
2014-03-27,10.837817,10.860876,10.684089,10.760953,9.920843,1326370
2014-03-28,10.922367,11.137586,10.837817,11.014604,10.154692,1657084
2014-03-31,11.068409,11.414297,10.999231,11.237510,10.360195,2736263
2014-04-01,11.268255,11.398924,11.191391,11.345119,10.459405,1318564
2014-04-02,11.368178,11.452729,11.160646,11.445042,10.551526,2241363
2014-04-03,11.460415,11.552652,11.199078,11.360492,10.473577,3253931
2014-04-04,11.391238,11.598770,11.245196,11.475788,10.579872,2959775
2014-04-07,11.483474,11.506533,11.229823,11.260569,10.381454,2738605
2014-04-08,11.252882,11.414297,10.999231,11.391238,10.501923,1982854
2014-04-09,11.429669,11.491161,11.160646,11.229823,10.353109,1619485
2014-04-10,11.268255,11.337433,10.807071,10.883935,10.034225,1634707
2014-04-11,10.830131,10.876249,10.491929,10.691776,9.857068,1842867
2014-04-14,10.776326,10.976172,10.622598,10.845503,9.998792,1171420
2014-04-15,10.937740,11.037663,10.645657,10.883935,10.034225,1631064
2014-04-16,10.983859,11.076095,10.745580,11.060723,10.197211,1584488
2014-04-17,10.999231,11.068409,10.906995,10.914681,10.062571,748986
2014-04-21,10.922367,11.106841,10.776326,10.968486,10.112175,965862
2014-04-22,10.953113,11.029977,10.853190,10.960799,10.105089,792699
2014-04-23,10.937740,11.252882,10.937740,11.114527,10.246813,1031693
2014-04-24,11.168332,11.237510,10.922367,10.968486,10.112175,1078659
2014-04-25,10.922367,10.953113,10.668716,10.784012,9.942104,1299179
2014-04-28,10.853190,11.521906,10.845503,11.452729,10.558613,2843856
2014-04-29,11.421983,12.067640,11.345119,11.691007,10.778288,3012335
2014-04-30,11.890853,11.890853,11.544965,11.798616,10.877495,1670224
2014-05-01,11.821676,12.244427,11.760184,12.213682,11.260158,3260826
2014-05-02,12.198309,12.451960,12.129131,12.205995,11.253072,3170407
2014-05-05,12.352037,12.367410,11.837048,11.898540,10.969620,1758302
2014-05-06,11.883167,11.921599,11.529593,11.621829,10.714512,1967632
2014-05-07,11.667948,11.852421,11.537279,11.837048,10.912927,1307115
2014-05-08,11.867794,12.075327,11.721752,11.898540,10.969620,1630153
2014-05-09,11.813989,12.044581,11.806303,11.960031,11.026310,1091669
2014-05-12,12.036895,12.413528,12.036895,12.305919,11.345193,1740608
2014-05-13,12.267487,12.290546,11.952344,11.975404,11.040482,1390379
2014-05-14,11.898540,11.983090,11.721752,11.744812,10.827893,1488214
2014-05-15,11.706380,11.721752,11.322060,11.652575,10.742856,1917024
2014-05-16,11.621829,11.752498,11.544965,11.721752,10.806632,940493
2014-05-19,11.737125,11.952344,11.560338,11.591084,10.686166,1604393
2014-05-20,11.883167,12.136818,11.529593,11.667948,10.757030,3185759
2014-05-21,11.744812,11.813989,11.544965,11.721752,10.806632,1271467
2014-05-22,11.691007,11.767871,11.591084,11.706380,10.792461,1146701
2014-05-23,11.737125,11.829362,11.591084,11.813989,10.891669,959227
2014-05-27,11.913912,12.129131,11.698693,11.813989,10.891669,1742039
2014-05-28,11.798616,12.036895,11.783244,11.998463,11.061741,1395062
2014-05-29,12.075327,12.175250,11.944658,12.106072,11.160950,1161533
2014-05-30,12.182936,12.428901,12.121445,12.205995,11.253072,1683364
2014-06-02,12.290546,12.590315,12.190623,12.528824,11.550695,2360144
2014-06-03,12.475019,12.767102,12.459646,12.690238,11.699509,2257886
2014-06-04,12.628747,12.767102,12.505765,12.590315,11.607388,1810992
2014-06-05,12.621061,12.767102,12.305919,12.759416,11.763285,1714978
2014-06-06,12.805534,12.836280,12.582629,12.820907,11.819975,1154247
2014-06-09,12.943889,13.043812,12.790161,12.920830,11.912099,1505777
2014-06-10,12.982321,13.197540,12.951576,13.174481,12.145947,1655262
2014-06-11,13.066872,13.282091,13.066872,13.120676,12.096342,1319474
2014-06-12,13.159108,13.197540,12.820907,13.013067,11.997134,1260799
2014-06-13,13.059185,13.059185,12.674865,12.774789,11.777460,1292023
2014-06-16,12.705611,12.928517,12.682552,12.813221,11.812890,1066820
2014-06-17,12.813221,12.859339,12.682552,12.797848,11.798717,1112225
2014-06-18,12.759416,12.959262,12.720984,12.936203,11.926271,1220858
2014-06-19,13.112990,13.259032,12.874712,13.066872,12.046739,3501902
2014-06-20,11.929285,11.960031,11.537279,11.929285,10.997962,10181626
2014-06-23,11.860108,12.075327,11.621829,11.760184,10.842063,3619642
2014-06-24,11.644889,11.752498,11.421983,11.445042,10.551526,4366807
2014-06-25,11.368178,11.621829,11.206764,11.506533,10.608215,2414526
2014-06-26,11.460415,11.491161,11.206764,11.237510,10.360195,1888271
2014-06-27,11.183705,11.260569,11.022291,11.060723,10.197211,2987356
2014-06-30,10.860876,11.306687,10.845503,11.176018,10.303504,3070100
2014-07-01,11.214450,11.391238,11.145273,11.214450,10.338935,1823872
2014-07-02,11.237510,11.291314,11.045350,11.122214,10.253900,3074783
2014-07-03,11.191391,11.299001,11.091468,11.214450,10.338935,609258
2014-07-07,11.191391,11.214450,10.799385,10.853190,10.005881,1993262
2014-07-08,10.807071,10.899308,10.399693,10.453497,9.637392,2755128
2014-07-09,10.491929,10.691776,10.491929,10.545734,9.722425,1570827
2014-07-10,10.376633,10.461184,10.222905,10.315142,9.509835,1380491
2014-07-11,10.269024,10.315142,10.130669,10.253651,9.453147,1239072
2014-07-14,10.307456,10.468870,10.299769,10.399693,9.587786,1641472
2014-07-15,10.353574,10.445811,10.269024,10.284397,9.481493,1659946
2014-07-16,10.338201,10.522675,10.253651,10.399693,9.587786,1838053
2014-07-17,10.299769,10.507302,10.276710,10.407379,9.594874,1830247
2014-07-18,10.376633,10.507302,10.261337,10.453497,9.637392,1649018
2014-07-21,10.407379,10.614912,10.307456,10.553420,9.729512,1176104
2014-07-22,10.607225,10.661030,10.499616,10.545734,9.722425,1165566
2014-07-23,10.561107,10.753267,10.430438,10.684089,9.849978,1321035
2014-07-24,10.730208,10.799385,10.553420,10.607225,9.779118,931516
2014-07-25,10.514988,10.576480,10.461184,10.499616,9.679910,1019724
2014-07-28,10.507302,10.622598,10.415065,10.430438,9.616132,1604784
2014-07-29,10.422752,10.514988,10.253651,10.269024,9.467321,1143449
2014-07-30,10.130669,10.138355,9.800154,9.923136,9.148435,2946635
2014-07-31,9.846272,9.938509,9.469639,9.492698,8.751602,3533126
2014-08-01,9.454266,9.600307,9.323597,9.431207,8.694910,1683754
2014-08-04,9.477325,9.677171,9.477325,9.584935,8.836637,1142018
2014-08-05,9.538816,9.677171,9.461952,9.538816,8.794121,622008
2014-08-06,9.461952,9.777095,9.461952,9.715603,8.957105,991232
2014-08-07,9.769408,9.869331,9.638739,9.638739,8.886241,1132260
2014-08-08,9.615680,9.707917,9.569562,9.677171,8.921675,1096093
2014-08-11,9.738663,9.861645,9.623367,9.707917,8.950019,815337
2014-08-12,9.684858,9.723290,9.584935,9.623367,8.872068,758353
2014-08-13,9.684858,9.838586,9.623367,9.777095,9.013795,821972
2014-08-14,9.754035,10.038432,9.754035,9.946195,9.169692,1177275
2014-08-15,10.023059,10.061491,9.830899,9.930822,9.155522,1284607
2014-08-18,9.992314,10.061491,9.938509,9.992314,9.212213,878565
2014-08-19,9.976941,10.230592,9.976941,10.169101,9.375197,1041971
2014-08-20,10.169101,10.253651,10.007686,10.138355,9.346850,942054
2014-08-21,10.146042,10.161414,9.853958,9.915450,9.141350,1693382
2014-08-22,9.953882,10.061491,9.823213,9.976941,9.198039,1572389
2014-08-25,10.061491,10.322829,10.030746,10.084550,9.297247,1164525
2014-08-26,10.261337,10.261337,9.900077,10.069178,9.283077,3479134
2014-08-27,8.885473,9.154497,8.654881,8.700999,8.021710,15554626
2014-08-28,8.785550,8.785550,8.531899,8.547271,7.879982,4060291
2014-08-29,8.539585,8.578017,8.455035,8.508839,7.844552,2501303
2014-09-02,8.531899,8.593390,8.408916,8.493467,7.830381,2071062
2014-09-03,8.485780,8.493467,8.209070,8.270561,7.624876,3967139
2014-09-04,8.285934,8.401230,8.216756,8.224443,7.582360,2378228
2014-09-05,8.186011,8.209070,8.009224,8.047656,7.419374,3011945
2014-09-08,8.016910,8.139892,7.924673,7.978478,7.355596,2198690
2014-09-09,7.940046,8.001537,7.809377,7.809377,7.199698,2017721
2014-09-10,7.778632,7.878555,7.609531,7.870869,7.256390,2704389
2014-09-11,7.855496,8.170638,7.817064,8.124520,7.490238,3952828
2014-09-12,8.124520,8.147579,7.940046,7.970792,7.348511,1778337
2014-09-15,7.970792,7.986164,7.801691,7.893928,7.277648,1104549
2014-09-16,7.855496,7.940046,7.747886,7.763259,7.157181,1397144
2014-09-17,7.755573,7.901614,7.724827,7.732513,7.128834,1164395
2014-09-18,7.732513,7.747886,7.632590,7.717141,7.114663,1297357
2014-09-19,7.724827,7.801691,7.440430,7.532667,6.944591,2594845
2014-09-22,7.501922,7.578786,7.425058,7.440430,6.859554,1754659
2014-09-23,7.409685,7.432744,7.225211,7.232898,6.668225,1928993
2014-09-24,7.225211,7.463490,7.202152,7.432744,6.852468,1357463
2014-09-25,7.394312,7.409685,7.186779,7.240584,6.675311,1254424
2014-09-26,7.263643,7.494235,7.255957,7.440430,6.859554,1357594
2014-09-29,7.302075,7.486549,7.286703,7.463490,6.880815,1023627
2014-09-30,7.486549,7.501922,7.255957,7.255957,6.689484,1169209
2014-10-01,7.248271,7.263643,7.094543,7.179093,6.618620,1828165
2014-10-02,7.171407,7.317448,7.171407,7.286703,6.717829,1322987
2014-10-03,7.378939,7.409685,7.286703,7.332821,6.760346,1049777
2014-10-06,7.355880,7.394312,7.148347,7.186779,6.625706,1652660
2014-10-07,7.148347,7.202152,7.009992,7.009992,6.462721,952462
2014-10-08,6.986933,7.240584,6.940815,7.232898,6.668225,1660596
2014-10-09,7.225211,7.309762,7.109915,7.171407,6.611534,1565623
2014-10-10,7.140661,7.325135,7.009992,7.148347,6.590274,1789135
2014-10-13,7.132975,7.217525,7.033051,7.056111,6.505239,1165306
2014-10-14,7.125288,7.409685,7.125288,7.255957,6.689484,1627941
2014-10-15,7.140661,7.425058,7.063797,7.325135,6.753261,2217555
2014-10-16,7.263643,7.678709,7.163720,7.578786,6.987109,1924309
2014-10-17,7.747886,7.893928,7.586472,7.794005,7.185526,2532006
2014-10-20,7.801691,7.940046,7.747886,7.916987,7.298907,1417309
2014-10-21,7.955419,7.986164,7.847809,7.986164,7.362683,1164395
2014-10-22,8.009224,8.024596,7.840123,7.855496,7.242216,1013869
2014-10-23,7.855496,7.986164,7.563413,7.601845,7.008368,2176573
2014-10-24,7.594158,7.932360,7.571099,7.886241,7.270561,1508770
2014-10-27,7.870869,7.870869,7.617218,7.632590,7.036712,882598
2014-10-28,7.663336,7.924673,7.647963,7.840123,7.228043,1596067
2014-10-29,7.940046,8.355111,7.924673,8.139892,7.504409,2139364
2014-10-30,7.763259,7.855496,7.325135,7.709454,7.107576,2700356
2014-10-31,7.855496,7.932360,7.732513,7.809377,7.199698,1094792
2014-11-03,7.809377,7.855496,7.501922,7.624904,7.029627,1641472
2014-11-04,7.571099,7.817064,7.532667,7.801691,7.192612,1305684
2014-11-05,7.832437,7.870869,7.770945,7.809377,7.199698,1303472
2014-11-06,7.801691,7.855496,7.663336,7.732513,7.128834,826135
2014-11-07,7.724827,7.778632,7.609531,7.678709,7.079231,1585138
2014-11-10,7.647963,7.717141,7.509608,7.578786,6.987109,1213573
2014-11-11,7.617218,7.686395,7.501922,7.509608,6.923332,748335
2014-11-12,7.463490,7.640277,7.386626,7.548040,6.958764,961049
2014-11-13,7.524981,7.632590,7.348194,7.409685,6.831209,969896
2014-11-14,7.440430,7.571099,7.394312,7.417371,6.838295,965862
2014-11-17,7.386626,7.486549,7.309762,7.363566,6.788691,902634
2014-11-18,7.378939,7.786318,7.302075,7.694081,7.093402,1440858
2014-11-19,7.709454,7.778632,7.563413,7.632590,7.036712,1971535
2014-11-20,7.578786,7.801691,7.578786,7.778632,7.171352,869979
2014-11-21,7.801691,7.801691,7.309762,7.332821,6.760346,3212950
2014-11-24,7.340507,7.463490,7.248271,7.255957,6.689484,1629112
2014-11-25,7.302075,7.425058,7.294389,7.348194,6.774519,1030782
2014-11-26,7.425058,7.540354,7.386626,7.448117,6.866640,1992742
2014-11-28,7.494235,7.724827,7.432744,7.663336,7.065058,1301130
2014-12-01,7.663336,7.794005,7.601845,7.640277,7.043799,1981813
2014-12-02,7.617218,7.671022,7.186779,7.225211,6.661138,2211700
2014-12-03,7.255957,7.363566,7.148347,7.309762,6.739088,1417440
2014-12-04,7.425058,7.471176,7.086856,7.232898,6.668225,2676027
2014-12-05,7.109915,7.609531,7.109915,7.532667,6.944591,7826035
2014-12-08,7.409685,7.578786,7.271330,7.401998,6.824122,2717008
2014-12-09,7.340507,7.609531,7.302075,7.455803,6.873727,2868705
2014-12-10,7.432744,7.501922,7.302075,7.340507,6.767433,1524512
2014-12-11,7.363566,7.478862,7.340507,7.401998,6.824122,1256636
2014-12-12,7.401998,7.455803,7.317448,7.378939,6.802866,1354081
2014-12-15,7.386626,7.440430,7.332821,7.371253,6.795778,1296447
2014-12-16,7.332821,7.432744,7.225211,7.225211,6.661138,1331704
2014-12-17,7.248271,7.425058,7.225211,7.394312,6.817036,1175844
2014-12-18,7.471176,7.471176,7.271330,7.378939,6.802866,1302952
2014-12-19,7.378939,7.609531,7.355880,7.548040,6.958764,1940311
2014-12-22,7.540354,7.594158,7.455803,7.563413,6.972937,944006
2014-12-23,7.563413,7.794005,7.517294,7.694081,7.093402,1155678
2014-12-24,7.686395,7.763259,7.632590,7.755573,7.150094,580506
2014-12-26,7.709454,7.740200,7.609531,7.617218,7.022541,637230
2014-12-29,7.594158,7.709454,7.409685,7.463490,6.880815,985508
2014-12-30,7.463490,7.609531,7.440430,7.486549,6.902073,938151
2014-12-31,7.478862,7.540354,7.279016,7.279016,6.710742,1321816
2015-01-02,7.340507,7.363566,7.156034,7.286703,6.717829,1276411
2015-01-05,7.248271,7.309762,7.156034,7.248271,6.682397,1231787
2015-01-06,7.271330,7.471176,7.217525,7.232898,6.668225,1558858
2015-01-07,7.309762,7.640277,7.294389,7.632590,7.036712,1898679
2015-01-08,7.671022,7.840123,7.663336,7.809377,7.199698,2110092
2015-01-09,7.786318,7.955419,7.701768,7.909301,7.291821,1303342
2015-01-12,7.916987,7.963105,7.763259,7.901614,7.284734,1328451
2015-01-13,7.932360,7.955419,7.632590,7.847809,7.235129,1192887
2015-01-14,7.732513,7.809377,7.655650,7.740200,7.135922,716591
2015-01-15,7.786318,7.840123,7.532667,7.609531,7.015453,1300089
2015-01-16,7.586472,7.763259,7.578786,7.701768,7.100490,874792
2015-01-20,8.455035,9.254420,8.455035,8.970023,8.269732,12266218
2015-01-21,8.954650,9.154497,8.847041,9.139124,8.425632,3430737
2015-01-22,9.223674,9.377402,9.108378,9.200615,8.482323,2882105
2015-01-23,9.308224,9.584935,9.169869,9.508071,8.765774,2482048
2015-01-26,9.538816,9.646426,9.385088,9.577248,8.829551,2144568
2015-01-27,9.508071,9.746349,9.446580,9.538816,8.794121,1510331
2015-01-28,9.577248,9.577248,9.239047,9.400461,8.666565,1702228
2015-01-29,9.454266,9.546503,9.331284,9.538816,8.794121,1180918
2015-01-30,9.454266,9.531130,9.354343,9.454266,8.716170,1683104
2015-02-02,9.461952,9.584935,9.346656,9.577248,8.829551,1792128
2015-02-03,9.607994,9.777095,9.446580,9.769408,9.006710,1536871
2015-02-04,9.730976,9.900077,9.707917,9.800154,9.035052,1610248
2015-02-05,9.838586,9.877018,9.723290,9.769408,9.006710,1430710
2015-02-06,9.746349,9.823213,9.454266,9.561875,8.815380,1247399
2015-02-09,9.538816,9.646426,9.415834,9.561875,8.815380,943355
2015-02-10,9.592621,9.792467,9.538816,9.700231,8.942932,1244537
2015-02-11,9.700231,9.723290,9.561875,9.607994,8.857897,590394
2015-02-12,9.615680,9.869331,9.569562,9.861645,9.091743,1047175
2015-02-13,9.838586,9.877018,9.623367,9.707917,8.950019,1006324
2015-02-17,9.684858,9.800154,9.654112,9.769408,9.006710,643865
2015-02-18,9.700231,9.830899,9.661799,9.746349,8.985450,725047
2015-02-19,9.692544,9.992314,9.684858,9.777095,9.013795,893137
2015-02-20,9.738663,9.838586,9.692544,9.823213,9.056313,770322
2015-02-23,9.792467,9.892390,9.738663,9.861645,9.091743,1069422
2015-02-24,9.869331,9.992314,9.738663,9.800154,9.035052,1009966
2015-02-25,9.784781,9.930822,9.638739,9.907763,9.134263,1050818
2015-02-26,9.923136,10.568793,9.907763,10.530361,9.708255,2487252
2015-02-27,10.530361,10.584166,10.345888,10.399693,9.587786,1219297
2015-03-02,10.476556,10.661030,10.407379,10.484243,9.665735,1657084
2015-03-03,10.507302,10.530361,9.900077,10.030746,9.247643,2669522
2015-03-04,10.999231,11.337433,10.768640,11.022291,10.161779,8414998
2015-03-05,11.106841,11.129900,10.791699,11.068409,10.204296,2347264
2015-03-06,10.976172,11.029977,10.830131,10.937740,10.083830,1490686
2015-03-09,10.937740,10.983859,10.661030,10.737894,9.899584,1296577
2015-03-10,10.622598,10.630284,10.245965,10.507302,9.686994,1356162
2015-03-11,10.507302,10.514988,10.345888,10.415065,9.601960,819110
2015-03-12,10.438125,10.807071,10.430438,10.722521,9.885411,854887
2015-03-13,10.707148,10.776326,10.338201,10.468870,9.651565,1152036
2015-03-16,10.538048,10.568793,10.384320,10.415065,9.601960,898731
2015-03-17,10.392006,10.392006,10.161414,10.338201,9.531096,846821
2015-03-18,10.299769,10.445811,10.238278,10.361261,9.552358,968074
2015-03-19,10.345888,10.445811,10.245965,10.322829,9.516924,654403
2015-03-20,10.338201,10.461184,10.299769,10.399693,9.587786,1743080
2015-03-23,10.415065,10.468870,10.192160,10.199846,9.403543,974319
2015-03-24,10.169101,10.307456,10.146042,10.215219,9.417715,755361
2015-03-25,10.215219,10.215219,9.984627,9.984627,9.205126,903935
2015-03-26,9.953882,10.138355,9.707917,9.992314,9.212213,1015951
2015-03-27,9.976941,10.292083,9.923136,10.107610,9.318508,750287
2015-03-30,10.076864,10.245965,9.900077,9.907763,9.134263,1145270
2015-03-31,9.869331,9.984627,9.707917,9.784781,9.020881,1362407
2015-04-01,9.784781,9.907763,9.500384,9.623367,8.872068,1528805
2015-04-02,9.607994,10.038432,9.607994,9.961568,9.183867,931776
2015-04-06,9.877018,10.138355,9.838586,9.938509,9.162606,705272
2015-04-07,9.923136,10.115296,9.877018,10.015373,9.233471,1426416
2015-04-08,10.015373,10.038432,9.907763,9.953882,9.176779,999949
2015-04-09,9.969254,10.000000,9.777095,9.869331,9.098830,897170
2015-04-10,9.853958,9.953882,9.777095,9.900077,9.127176,457562
2015-04-13,9.900077,10.038432,9.830899,9.853958,9.084659,761736
2015-04-14,9.838586,10.038432,9.838586,9.992314,9.212213,1239593
2015-04-15,11.137586,11.529593,10.876249,11.506533,10.608215,7717272
2015-04-16,11.529593,11.683321,11.206764,11.537279,10.636563,2717919
2015-04-17,11.483474,11.706380,11.337433,11.691007,10.778288,1759342
2015-04-20,11.691007,11.760184,11.460415,11.552652,10.650735,1178316
2015-04-21,11.606457,11.637202,11.252882,11.375865,10.487750,1001380
2015-04-22,11.352806,11.391238,11.106841,11.283628,10.402714,833160
2015-04-23,11.299001,11.529593,11.252882,11.460415,10.565700,1342762
2015-04-24,11.491161,11.537279,11.383551,11.537279,10.636563,1045484
2015-04-27,11.506533,11.629516,11.414297,11.483474,10.586957,1360456
2015-04-28,11.521906,11.552652,11.421983,11.498847,10.601130,945957
2015-04-29,11.391238,11.483474,11.283628,11.452729,10.558613,862043
2015-04-30,11.445042,11.514220,11.322060,11.429669,10.537353,1148783
2015-05-01,11.391238,11.521906,11.260569,11.498847,10.601130,1299179
2015-05-04,11.514220,11.698693,11.421983,11.675634,10.764115,1230096
2015-05-05,11.683321,11.813989,11.437356,11.437356,10.544439,1686486
2015-05-06,11.475788,11.575711,11.314374,11.468101,10.572783,794261
2015-05-07,11.452729,11.568025,11.421983,11.498847,10.601130,572700
2015-05-08,11.583397,11.614143,11.475788,11.491161,10.594044,560471
2015-05-11,11.445042,11.591084,11.421983,11.552652,10.650735,529637
2015-05-12,11.514220,11.591084,11.421983,11.568025,10.664906,782421
2015-05-13,11.568025,11.637202,11.529593,11.552652,10.650735,534191
2015-05-14,11.568025,11.714066,11.514220,11.629516,10.721598,642304
2015-05-15,11.652575,11.875480,11.652575,11.852421,10.927099,1076578
2015-05-18,11.844735,11.975404,11.844735,11.875480,10.948359,880127
2015-05-19,11.860108,11.983090,11.775557,11.813989,10.891669,636059
2015-05-20,11.852421,11.860108,11.575711,11.637202,10.728684,685237
2015-05-21,11.621829,11.906226,11.583397,11.821676,10.898757,658957
2015-05-22,11.813989,11.883167,11.675634,11.683321,10.771201,539395
2015-05-26,11.637202,11.675634,11.437356,11.437356,10.544439,751718
2015-05-27,11.460415,11.514220,11.237510,11.475788,10.579872,536142
2015-05-28,11.429669,11.452729,11.306687,11.337433,10.452318,421394
2015-05-29,11.299001,11.460415,11.260569,11.306687,10.423974,582067
2015-06-01,11.375865,11.560338,11.275942,11.414297,10.523180,1084123
2015-06-02,11.345119,11.714066,11.345119,11.621829,10.714512,655444
2015-06-03,11.683321,11.898540,11.683321,11.744812,10.827893,693693
2015-06-04,11.691007,11.744812,11.506533,11.598770,10.693253,825745
2015-06-05,11.591084,11.790930,11.514220,11.790930,10.870408,433233
2015-06-08,11.790930,11.837048,11.667948,11.683321,10.771201,375469
2015-06-09,11.714066,11.798616,11.606457,11.652575,10.742856,458472
2015-06-10,11.714066,11.921599,11.591084,11.775557,10.856236,790227
2015-06-11,11.790930,11.875480,11.691007,11.821676,10.898757,535882
2015-06-12,11.760184,12.021522,11.760184,11.983090,11.047569,681464
2015-06-15,11.967717,12.167563,11.860108,12.121445,11.175121,806490
2015-06-16,12.144504,12.298232,12.075327,12.282859,11.323933,986809
2015-06-17,12.298232,12.328978,12.106072,12.129131,11.182209,1008795
2015-06-18,12.205995,12.467333,12.182936,12.375096,11.408969,2216123
2015-06-19,12.167563,12.528824,11.691007,12.436587,11.465661,4444216
2015-06-22,12.498078,13.028440,12.382782,12.890085,11.883754,3443097
2015-06-23,12.936203,13.051499,12.544197,12.890085,11.883754,1909608
2015-06-24,12.874712,13.066872,12.820907,12.859339,11.855409,1269516
2015-06-25,12.874712,12.959262,12.797848,12.843966,11.841235,952332
2015-06-26,13.036126,13.097617,12.851653,12.913144,11.905014,1760643
2015-06-29,12.813221,12.836280,12.659493,12.667179,11.678250,853716
2015-06-30,12.728670,12.813221,12.605688,12.751729,11.756200,804148
2015-07-01,12.836280,12.859339,12.713297,12.805534,11.805805,1062527
2015-07-02,12.836280,12.859339,12.659493,12.667179,11.678250,967684
2015-07-06,12.590315,12.720984,12.459646,12.690238,11.699509,1024017
2015-07-07,12.728670,12.797848,12.398155,12.744043,11.749115,1182609
2015-07-08,12.667179,12.759416,12.513451,12.644120,11.656990,965993
2015-07-09,12.728670,12.797848,12.398155,12.498078,11.522351,1099996
2015-07-10,12.598002,12.659493,12.451960,12.636434,11.649905,641003
2015-07-13,12.682552,12.836280,12.636434,12.705611,11.713683,770712
2015-07-14,12.697925,12.851653,12.659493,12.697925,11.706596,599891
2015-07-15,12.713297,12.859339,12.605688,12.613374,11.628646,683415
2015-07-16,12.659493,12.943889,12.659493,12.890085,11.883754,844609
2015-07-17,12.920830,12.951576,12.521138,12.567256,11.586128,733374
2015-07-20,12.628747,12.751729,12.505765,12.667179,11.678250,751328
2015-07-21,12.636434,12.759416,12.513451,12.567256,11.586128,576213
2015-07-22,12.490392,12.667179,12.475019,12.621061,11.635732,424386
2015-07-23,12.590315,12.590315,12.382782,12.505765,11.529438,779559
2015-07-24,12.428901,12.513451,12.090699,12.152191,11.203468,1088937
2015-07-27,12.044581,12.198309,11.960031,12.175250,11.224726,617455
2015-07-28,12.213682,12.390469,11.960031,12.359723,11.394796,815207
2015-07-29,12.382782,12.398155,12.036895,12.298232,11.338107,725308
2015-07-30,12.236741,12.475019,12.213682,12.352037,11.387711,598850
2015-07-31,12.328978,12.644120,12.252114,12.467333,11.494005,578164
2015-08-03,12.436587,12.582629,11.929285,11.967717,11.033394,1246748
2015-08-04,11.913912,12.167563,11.875480,12.136818,11.189294,910700
2015-08-05,12.182936,12.851653,12.182936,12.790161,11.791632,1318173
2015-08-06,12.790161,12.920830,12.644120,12.690238,11.699509,1022586
2015-08-07,12.682552,12.759416,12.544197,12.613374,11.628646,744432
2015-08-10,12.705611,12.882398,12.667179,12.759416,11.763285,895218
2015-08-11,12.767102,12.966949,12.767102,12.851653,11.848323,862693
2015-08-12,12.797848,13.059185,12.621061,12.990008,11.975877,649980
2015-08-13,13.059185,13.266718,12.913144,13.043812,12.025478,788276
2015-08-14,12.997694,13.128363,12.859339,13.120676,12.096342,575042
2015-08-17,13.136049,13.320523,13.066872,13.289777,12.252242,745343
2015-08-18,13.335895,13.335895,13.043812,13.059185,12.039652,616544
2015-08-19,12.990008,13.097617,12.713297,12.843966,11.841235,736886
2015-08-20,12.805534,13.005380,12.667179,12.667179,11.678250,790097
2015-08-21,12.459646,12.820907,12.221368,12.674865,11.685335,1514104
2015-08-24,11.483474,11.921599,11.306687,11.921599,10.990878,1808260
2015-08-25,12.298232,12.451960,11.775557,11.821676,10.898757,1178446
2015-08-26,12.029208,12.367410,11.898540,12.259800,11.302676,872190
2015-08-27,12.375096,12.559570,12.152191,12.467333,11.494005,1343413
2015-08-28,13.259032,13.950807,13.089931,13.858570,12.776629,6594769
2015-08-31,13.912375,14.173713,13.812452,13.897002,12.812061,2578192
2015-09-01,13.666410,14.404304,13.643351,14.127594,13.024651,3126823
2015-09-02,14.411991,14.473482,13.943121,14.096849,12.996305,2265431
2015-09-03,14.173713,14.250576,13.920061,14.089162,12.989220,1430970
2015-09-04,13.966180,14.173713,13.943121,13.958493,12.868752,993964
2015-09-08,14.173713,14.404304,14.027671,14.296695,13.180549,1711335
2015-09-09,14.442736,14.619523,14.373559,14.404304,13.279758,1858479
2015-09-10,14.419677,14.773251,14.419677,14.511914,13.378967,1125235
2015-09-11,14.511914,14.573405,14.289008,14.435050,13.308103,896129
2015-09-14,14.511914,14.604151,14.404304,14.581091,13.442743,1241674
2015-09-15,14.581091,14.611837,14.027671,14.150653,13.045908,1555215
2015-09-16,14.212145,14.604151,14.158340,14.396618,13.272674,911871
2015-09-17,14.327440,14.419677,14.119908,14.142967,13.038824,1169079
2015-09-18,13.981553,14.219831,13.535742,13.574174,12.514435,1848851
2015-09-21,13.612606,13.750961,13.305150,13.374327,12.330192,1523341
2015-09-22,13.305150,13.428132,13.189854,13.374327,12.330192,1137204
2015-09-23,13.458878,13.627978,13.374327,13.489623,12.436486,766289
2015-09-24,13.351268,13.627978,13.259032,13.558801,12.500262,721925
2015-09-25,13.735588,13.774020,13.458878,13.497310,12.443572,846301
2015-09-28,13.428132,13.481937,12.928517,12.959262,11.947529,1353040
2015-09-29,13.028440,13.112990,12.644120,12.943889,11.933357,1031433
2015-09-30,12.974635,13.112990,12.836280,12.966949,11.954617,773965
2015-10-01,12.943889,12.966949,12.551883,12.782475,11.784547,1319344
2015-10-02,12.697925,12.867025,12.582629,12.759416,11.763285,1594376
2015-10-05,12.744043,13.789393,12.744043,13.689470,12.620730,1854836
2015-10-06,13.727902,13.835511,13.374327,13.466564,12.415230,1244927
2015-10-07,13.497310,13.827825,13.489623,13.558801,12.500262,1036377
2015-10-08,13.520369,13.989239,13.451191,13.935434,12.847491,1267694
2015-10-09,14.035357,14.043044,13.789393,13.973866,12.882926,826655
2015-10-12,14.012298,14.312068,13.920061,14.166026,13.060082,1070593
2015-10-13,14.289008,14.550346,14.066103,14.281322,13.166377,1608296
2015-10-14,14.342813,14.481168,14.219831,14.265949,13.152203,1549751
2015-10-15,14.235204,14.411991,13.873943,14.404304,13.279758,1436174
2015-10-16,14.365872,14.581091,14.127594,14.319754,13.201809,1137725
2015-10-19,14.242890,14.488855,14.227517,14.435050,13.308103,833681
2015-10-20,14.365872,14.465796,14.189085,14.373559,13.251413,614853
2015-10-21,14.442736,14.450423,14.073789,14.089162,12.989220,910700
2015-10-22,14.096849,14.219831,13.920061,13.973866,12.882926,1268735
2015-10-23,14.027671,14.089162,13.704842,13.797079,12.719939,992013
2015-10-26,13.766334,13.866257,13.574174,13.651038,12.585298,824184
2015-10-27,13.643351,13.835511,13.512683,13.604919,12.542781,504138
2015-10-28,13.597233,13.958493,13.574174,13.935434,12.847491,893917
2015-10-29,13.943121,14.058417,13.781706,13.981553,12.890012,803628
2015-10-30,13.943121,14.012298,13.674097,13.727902,12.656161,908879
2015-11-02,13.743274,13.912375,13.428132,13.766334,12.691594,992533
2015-11-03,13.727902,13.996925,13.489623,13.797079,12.719939,848382
2015-11-04,13.789393,13.935434,13.504996,13.558801,12.500262,1020895
2015-11-05,13.528055,13.635665,13.105304,13.358955,12.316021,1078789
2015-11-06,13.343582,14.019985,13.259032,13.966180,12.875839,956495
2015-11-09,13.966180,13.966180,13.451191,13.566487,12.507347,561902
2015-11-10,13.535742,13.804766,13.474251,13.766334,12.691594,510122
2015-11-11,13.743274,13.827825,13.466564,13.535742,12.479003,507910
2015-11-12,13.481937,13.666410,13.289777,13.535742,12.479003,636449
2015-11-13,13.443505,13.512683,13.166795,13.174481,12.145947,837584
2015-11-16,13.666410,13.758647,13.105304,13.443505,12.393970,1140457
2015-11-17,13.481937,13.558801,13.266718,13.312836,12.273501,712428
2015-11-18,13.320523,13.827825,13.282091,13.604919,12.542781,1112485
2015-11-19,13.620292,13.635665,13.343582,13.589547,12.528610,1134082
2015-11-20,13.643351,13.904689,13.481937,13.812452,12.734114,1107151
2015-11-23,13.858570,14.142967,13.781706,14.043044,12.946702,944656
2015-11-24,14.035357,14.465796,13.843198,14.335127,13.215981,1153467
2015-11-25,14.373559,14.442736,14.127594,14.258263,13.145118,667543
2015-11-27,14.281322,14.365872,14.135281,14.335127,13.215981,232879
2015-11-30,14.335127,14.358186,13.981553,14.096849,12.996305,760955
2015-12-01,14.196772,14.265949,14.004612,14.158340,13.052997,743912
2015-12-02,14.258263,14.296695,13.973866,14.089162,12.989220,1443850
2015-12-03,14.281322,14.604151,13.943121,14.112221,13.010476,2001198
2015-12-04,14.335127,14.650269,14.158340,14.596464,13.456915,2060524
2015-12-07,15.134512,15.849347,14.681015,15.710992,14.484431,8415258
2015-12-08,16.026134,16.525749,15.726364,16.441198,15.157633,8930064
2015-12-09,16.333590,17.102228,15.757110,16.633360,15.334790,8070884
2015-12-10,16.694851,17.932360,16.694851,17.678709,16.298529,9552853
2015-12-11,17.717140,18.032284,17.217525,18.024595,16.617411,6520612
2015-12-14,18.285934,18.408916,17.886242,18.278248,16.851263,4939767
2015-12-15,18.285934,18.493467,16.233665,16.464258,15.178889,8095212
2015-12-16,16.510378,17.194466,16.495005,16.871637,15.554464,3787341
2015-12-17,17.094543,17.171408,16.541122,16.579554,15.285183,2210789
2015-12-18,16.379707,16.679478,16.195234,16.402767,15.122199,2914240
2015-12-21,16.641045,16.948502,16.625673,16.848577,15.533203,1630673
2015-12-22,16.871637,17.163719,16.518063,17.071484,15.738713,1997165
2015-12-23,17.079170,17.163719,16.733282,16.940815,15.618242,1608947
2015-12-24,16.848577,17.002306,16.740969,16.902384,15.582814,545509
2015-12-28,16.879324,16.994619,16.648731,16.871637,15.554464,986548
2015-12-29,16.871637,17.348194,16.833204,17.094543,15.759967,1208629
2015-12-30,17.117601,17.332821,16.979246,17.017679,15.689105,830428
2015-12-31,16.925442,17.071484,16.771713,16.894695,15.575726,1347446
2016-01-04,16.787086,18.132206,16.725595,17.893929,16.496946,5462509
2016-01-05,19.669485,20.399693,19.223675,19.877018,18.325212,19480133
2016-01-06,19.492699,19.500383,18.501154,18.993082,17.510288,8016242
2016-01-07,18.570332,19.446581,18.116833,18.155266,16.737879,5335661
2016-01-08,18.531898,18.908531,17.294390,17.394312,16.036335,4266109
2016-01-11,17.455803,17.586472,16.625673,17.140661,15.802485,4096849
2016-01-12,17.179092,17.455803,16.687164,17.386625,16.029249,3265900
2016-01-13,17.409685,17.540354,16.041508,16.187548,14.923783,3051235
2016-01-14,16.187548,16.333590,15.626441,16.003075,14.753713,3862799
2016-01-15,15.534204,15.887779,15.219062,15.795542,14.562382,3344351
2016-01-19,15.941583,16.172174,15.249808,15.526518,14.314362,2728067
2016-01-20,15.211376,15.772483,14.742506,15.595696,14.378138,2869225
2016-01-21,15.595696,16.133743,15.564950,15.780169,14.548208,3021703
2016-01-22,15.941583,16.195234,15.826287,15.987702,14.739539,1681803
2016-01-25,16.210608,16.687164,15.864719,16.064566,14.810401,2310186
2016-01-26,16.141430,16.356649,15.841660,16.310530,15.037164,1615712
2016-01-27,16.064566,16.256725,15.342045,15.465027,14.257668,1916113
2016-01-28,15.657187,15.780169,15.380477,15.695619,14.470260,1526333
2016-01-29,15.764796,16.602613,15.764796,16.571869,15.278101,2829285
2016-02-01,16.487316,16.940815,16.279785,16.664104,15.363134,2636997
2016-02-02,16.487316,16.979246,16.379707,16.925442,15.604069,2029300
2016-02-03,17.063797,17.094543,16.333590,16.633360,15.334790,1613370
2016-02-04,16.525749,16.794773,16.079939,16.787086,15.476515,1930814
2016-02-05,16.664104,16.902384,16.433514,16.448885,15.164719,2113344
2016-02-08,16.364334,16.395081,15.680246,16.364334,15.086768,2150423
2016-02-09,16.172174,16.725595,16.033819,16.172174,14.909611,2376277
2016-02-10,16.264412,16.971560,16.256725,16.794773,15.483603,1943694
2016-02-11,16.541122,17.279016,16.525749,16.971560,15.646587,2367950
2016-02-12,17.125288,17.586472,16.664104,17.555725,16.185146,2348695
2016-02-16,18.393543,18.408916,17.809378,18.070715,16.659931,2683833
2016-02-17,18.201384,18.247501,17.609531,17.824751,16.433167,2447051
2016-02-18,17.909302,18.847040,17.632589,18.293619,16.865433,2543325
2016-02-19,18.162952,18.462721,17.855495,18.147579,16.730797,1682323
2016-02-22,18.393543,18.455034,17.640278,17.886242,16.489861,1846639
2016-02-23,17.901613,18.362799,17.747887,18.139893,16.723707,1375677
2016-02-24,18.047655,18.562643,17.863182,18.401230,16.964645,1573560
2016-02-25,18.578016,19.116064,18.508839,19.054573,17.566978,2491805
2016-02-26,19.215988,19.446581,18.831669,19.016142,17.531548,1729940
2016-02-29,19.385088,19.946196,19.215988,19.492699,17.970900,3105227
2016-03-01,19.638739,19.938509,19.500383,19.792467,18.247267,3305841
2016-03-02,19.807840,19.892389,18.946964,19.431208,17.914211,3548998
2016-03-03,19.623367,19.692545,19.154497,19.523443,17.999243,3741936
2016-03-04,20.599539,21.514219,19.815527,20.791698,19.168488,15564123
2016-03-07,20.753267,20.753267,19.177555,19.938509,18.381907,6286302
2016-03-08,19.730976,21.014605,19.631054,20.668716,19.055107,4619851
2016-03-09,20.876249,21.898540,20.837816,21.706381,20.011763,5320440
2016-03-10,22.006149,22.021523,21.068409,21.460415,19.784996,3629790
2016-03-11,21.637201,21.714066,21.222137,21.606457,19.919634,2107490
2016-03-14,21.721752,22.075327,21.598770,21.806303,20.103880,2316691
2016-03-15,21.683321,21.952345,21.537279,21.621828,19.933805,1949158
2016-03-16,21.521906,21.952345,21.368177,21.921598,20.210178,1844688
2016-03-17,21.944658,22.690239,21.806303,22.574942,20.812510,3093908
2016-03-18,22.759417,23.397387,22.428902,22.505766,20.748737,4035962
2016-03-21,22.252113,22.951576,21.998463,22.475019,20.720390,2817446
2016-03-22,22.674866,22.744043,22.390469,22.467333,20.713306,2099294
2016-03-23,22.598001,22.813221,22.305920,22.328978,20.585749,1765977
2016-03-24,22.175249,22.213682,20.061491,20.384319,18.792915,6966205
2016-03-28,20.722521,21.437357,20.445810,20.691776,19.076366,4358870
2016-03-29,20.707148,21.114527,20.269024,21.006918,19.366901,3022613
2016-03-30,21.099154,21.137587,20.415066,20.753267,19.133057,3232204
2016-03-31,20.668716,20.868563,20.415066,20.461184,18.863773,1841045
2016-04-01,20.368946,21.345119,20.253651,21.337433,19.671616,3684692
2016-04-04,19.915449,19.923136,17.255957,17.509607,16.142630,18518304
2016-04-05,17.532667,18.262875,17.532667,17.947733,16.546549,6154381
2016-04-06,18.101460,18.531898,17.901613,18.055342,16.645758,3809198
2016-04-07,17.970793,18.355110,17.847809,18.209070,16.787485,2635045
2016-04-08,18.293619,18.324366,17.694080,17.893929,16.496946,2354160
2016-04-11,17.909302,18.016911,17.548040,17.571098,16.199314,2308755
2016-04-12,17.532667,17.647963,17.132975,17.448116,16.085941,3162471
2016-04-13,17.486549,17.663336,17.163719,17.401999,16.043421,2664058
2016-04-14,17.340508,17.609531,17.102228,17.417372,16.057592,2710894
2016-04-15,17.386625,17.440430,16.756342,16.887011,15.568638,3854603
2016-04-18,16.617987,17.202152,16.441198,17.156034,15.816661,2522639
2016-04-19,17.232899,17.294390,16.917755,17.109915,15.774143,1568616
2016-04-20,17.063797,17.248272,17.063797,17.094543,15.759967,1443850
2016-04-21,17.140661,17.156034,16.756342,16.794773,15.483603,1269256
2016-04-22,16.833204,17.263643,16.756342,17.217525,15.873352,1489905
2016-04-25,17.102228,17.209839,16.956188,17.048424,15.717452,1196530
2016-04-26,17.009993,17.294390,16.917755,17.194466,15.852091,1833369
2016-04-27,17.179092,17.417372,17.033051,17.279016,15.930044,1869537
2016-04-28,17.125288,17.271330,16.810146,16.856264,15.540291,1373336
2016-04-29,16.856264,16.910069,16.587240,16.779400,15.469429,1525423
2016-05-02,16.756342,17.740200,16.717909,17.555725,16.185146,2762023
2016-05-03,18.063028,18.063028,17.294390,17.809378,16.419001,3013376
2016-05-04,17.694080,17.840122,17.102228,17.417372,16.057592,1946296
2016-05-05,17.425058,17.694080,17.255957,17.578787,16.206409,1228144
2016-05-06,17.501923,17.524981,16.825520,17.033051,15.703279,2225230
2016-05-09,17.086857,17.909302,16.986933,17.770945,16.383564,2064557
2016-05-10,17.801691,17.932360,17.486549,17.740200,16.355219,1314270
2016-05-11,17.640278,17.678709,17.317448,17.494234,16.128454,1587740
2016-05-12,17.494234,17.624905,17.371252,17.563414,16.192234,972107
2016-05-13,17.540354,17.709454,17.355881,17.463490,16.100113,731943
2016-05-16,17.425058,17.817064,17.386625,17.732513,16.348133,910440
2016-05-17,17.647963,17.786318,17.240583,17.371252,16.015076,1201474
2016-05-18,17.309761,17.524981,17.033051,17.240583,15.894608,900162
2016-05-19,17.209839,17.632589,17.163719,17.586472,16.213493,1014780
2016-05-20,17.624905,17.794004,17.540354,17.794004,16.404825,1133171
2016-05-23,17.794004,17.955420,17.717140,17.732513,16.348133,1066300
2016-05-24,17.794004,18.416603,17.794004,18.293619,16.865433,1523861
2016-05-25,18.339739,18.447348,18.070715,18.247501,16.822914,1556907
2016-05-26,18.308992,18.739431,18.255188,18.647194,17.191406,1386736
2016-05-27,18.647194,18.700998,18.293619,18.447348,17.007158,1357333
2016-05-31,18.501154,18.777863,18.455034,18.731745,17.269352,1148263
2016-06-01,18.685625,19.054573,18.608763,18.908531,17.432341,1920276
2016-06-02,18.831669,18.908531,18.593390,18.762489,17.297701,1659556
2016-06-03,18.739431,19.054573,17.209839,17.432743,16.071766,6933940
2016-06-06,17.478863,17.655649,16.418140,16.556496,15.263928,5079755
2016-06-07,16.594927,16.679478,16.225981,16.541122,15.249752,2894465
2016-06-08,16.525749,17.202152,16.256725,16.702538,15.398567,3063855
2016-06-09,16.671791,17.325134,16.525749,16.917755,15.596982,3262908
2016-06-10,16.756342,17.017679,16.372023,16.456572,15.171805,1892044
2016-06-13,17.986164,18.362799,17.294390,17.586472,16.213493,10752895
2016-06-14,17.940046,17.947733,16.441198,16.802460,15.490689,6202387
2016-06-15,16.825520,16.979246,16.464258,16.510378,15.221411,3346432
2016-06-16,16.771713,16.894695,16.379707,16.717909,15.412737,5686021
2016-06-17,18.531898,18.562643,17.717140,18.178324,16.759138,15186833
2016-06-20,18.408916,18.831669,18.186010,18.608763,17.155975,5282841
2016-06-21,18.677940,19.093004,18.539585,19.031513,17.545715,3661534
2016-06-22,19.054573,19.754036,19.031513,19.584934,18.055937,3991598
2016-06-23,19.784781,19.853958,19.300537,19.469639,17.949640,2961076
2016-06-24,18.501154,19.923136,18.362799,19.861645,18.311045,5153131
2016-06-27,19.861645,20.276711,19.392775,19.684858,18.148058,3789683
2016-06-28,19.707916,20.169102,19.692545,20.030746,18.466942,2276490
2016-06-29,20.330515,20.514988,20.161413,20.491928,18.892120,2928421
2016-06-30,20.561108,21.006918,20.476557,20.891623,19.260611,2682402
2016-07-01,20.914680,21.475788,20.630283,21.345119,19.678703,3714095
2016-07-05,21.629517,21.675634,21.106840,21.368177,19.699957,3709541
2016-07-06,21.368177,21.821676,21.283628,21.775557,20.075535,2704779
2016-07-07,21.752499,21.921598,21.552652,21.744812,20.047192,2385514
2016-07-08,22.867025,22.867025,22.090698,22.344351,20.599922,6383226
2016-07-11,22.713297,22.751728,22.136818,22.559570,20.798342,3904952
2016-07-12,22.451960,22.667179,20.991545,21.967716,20.252693,5054255
2016-07-13,21.529593,22.090698,21.521906,21.844734,20.139313,2029690
2016-07-14,21.906225,22.205996,21.698692,21.860107,20.153482,2380570
2016-07-15,22.067640,22.236740,21.029978,21.790930,20.089708,3359182
2016-07-18,22.106071,22.498077,22.006149,22.121445,20.394421,2963808
2016-07-19,22.059954,22.198309,21.860107,22.106071,20.380249,1683624
2016-07-20,22.067640,22.382782,22.013836,22.083014,20.358992,1452046
2016-07-21,22.090698,22.182936,21.806303,21.883167,20.174744,1558598
2016-07-22,21.852421,22.175249,21.521906,22.021523,20.302298,1254164
2016-07-25,22.098387,22.644119,22.098387,22.574942,20.812510,2533567
2016-07-26,22.705610,23.366640,22.674866,22.897772,21.110142,3235197
2016-07-27,23.020754,23.182167,22.851652,22.928516,21.138483,2219766
2016-07-28,22.920830,22.966949,22.505766,22.659492,20.890461,1549621
2016-07-29,22.628748,22.905457,22.059954,22.636435,20.869204,2687346
2016-08-01,22.882399,23.512684,22.828592,23.335896,21.514061,2724684
2016-08-02,23.343582,23.428131,22.774790,22.905457,21.117224,1631064
2016-08-03,22.767101,22.982321,22.252113,22.851652,21.067623,2237590
2016-08-04,22.805534,23.174480,22.690239,22.736357,20.961325,1537392
2016-08-05,22.805534,23.059185,22.767101,22.843966,21.060537,1233348
2016-08-08,22.982321,23.105305,22.536510,22.705610,20.932980,1522430
2016-08-09,22.690239,23.066872,22.651806,22.843966,21.060537,1208499
2016-08-10,22.913143,23.128363,22.759417,22.966949,21.173916,1162444
2016-08-11,22.936203,23.973866,22.928516,22.966949,21.173916,2006532
2016-08-12,22.905457,23.182167,22.736357,22.813221,21.032185,1478847
2016-08-15,22.890085,23.089931,22.551884,22.621061,20.855030,1709254
2016-08-16,22.521137,22.613375,21.983089,22.159878,20.429853,1816847
2016-08-17,22.052267,22.182936,21.644890,21.929285,20.217262,1612980
2016-08-18,21.875481,22.198309,21.837048,22.144505,20.415682,997347
2016-08-19,22.144505,22.167562,21.883167,21.929285,20.217262,879346
2016-08-22,21.906225,22.052267,21.675634,21.983089,20.266865,1066820
2016-08-23,21.998463,22.359722,21.952345,22.152191,20.422766,1485742
2016-08-24,22.059954,22.621061,21.913912,22.482706,20.727478,1638870
2016-08-25,22.674866,23.036125,22.598001,22.928516,21.138483,2279352
2016-08-26,23.059185,23.120676,21.960032,22.167562,20.436939,3564220
2016-08-29,22.221369,22.920830,22.190622,22.621061,20.855030,2472290
2016-08-30,22.928516,23.089931,22.521137,22.736357,20.961325,2363917
2016-08-31,22.674866,22.767101,21.283628,21.637201,19.947981,5064143
2016-09-01,22.059954,22.744043,21.829363,22.736357,20.961325,5675743
2016-09-02,22.367411,22.482706,20.814758,21.283628,19.622013,13382867
2016-09-06,21.514219,21.591084,20.976171,21.491161,19.813347,5008200
2016-09-07,21.398924,21.552652,21.222137,21.544966,19.862947,2982543
2016-09-08,21.452728,21.521906,21.337433,21.437357,19.763739,2348435
2016-09-09,21.229822,21.637201,21.168331,21.168331,19.515717,2995422
2016-09-12,20.945427,21.053036,20.407379,20.691776,19.076366,4034401
2016-09-13,20.591852,20.737894,20.407379,20.530361,18.927553,2288329
2016-09-14,20.461184,20.814758,20.345888,20.453497,18.856688,3101974
2016-09-15,20.476557,20.999231,20.392006,20.999231,19.359819,1837142
2016-09-16,20.999231,21.014605,20.676403,21.006918,19.366901,2143658
2016-09-19,21.260569,21.667948,21.222137,21.498846,19.820429,2750314
2016-09-20,21.498846,21.514219,20.976171,20.991545,19.352732,2029820
2016-09-21,21.006918,21.383551,20.999231,21.368177,19.699957,1919495
2016-09-22,21.406610,21.498846,21.014605,21.222137,19.565321,2049205
2016-09-23,21.183704,21.398924,21.137587,21.183704,19.529888,1173372
2016-09-26,20.368946,20.445810,19.508072,19.623367,18.091368,7144962
2016-09-27,19.707916,20.092237,19.492699,19.877018,18.325212,3376485
2016-09-28,19.830898,19.984627,19.746349,19.984627,18.424423,1966331
2016-09-29,19.938509,20.053804,19.777096,19.846272,18.296869,1803446
2016-09-30,19.938509,20.514988,19.877018,20.438126,18.842516,2250340
2016-10-03,20.269024,20.553419,20.269024,20.430437,18.835430,2223019
2016-10-04,20.945427,20.945427,19.884705,20.169102,18.594496,2409322
2016-10-05,20.184473,20.422752,20.084551,20.107611,18.537804,1193798
2016-10-06,19.485012,19.607994,18.893160,19.377401,17.864603,4962274
2016-10-07,19.323597,19.623367,18.916218,19.469639,17.949640,2466696
2016-10-10,19.531130,19.792467,19.423519,19.669485,18.133886,1662418
2016-10-11,19.607994,19.631054,19.200615,19.239046,17.737049,1542596
2016-10-12,19.215988,19.669485,19.162184,19.438892,17.921297,1027400
2016-10-13,19.346657,19.661798,19.254419,19.508072,17.985073,1184951
2016-10-14,19.584934,19.861645,19.446581,19.454266,17.935467,1172721
2016-10-17,19.600307,20.176786,19.561874,19.961569,18.403164,2095651
2016-10-18,20.115295,20.269024,19.877018,20.176786,18.601582,1940572
2016-10-19,20.199846,20.430437,20.000000,20.368946,18.778738,1134732
2016-10-20,20.445810,20.584166,20.299768,20.476557,18.877949,1338469
2016-10-21,20.376633,20.453497,20.153728,20.438126,18.842516,1183650
2016-10-24,20.568792,20.684090,20.292084,20.599539,18.991329,895739
2016-10-25,20.845503,20.845503,20.438126,20.514988,18.913382,1273159
2016-10-26,20.415066,20.584166,20.130669,20.192160,18.615755,1126796
2016-10-27,20.353575,20.376633,19.615681,19.777096,18.233093,1721874
2016-10-28,19.754036,20.122982,19.715603,19.761723,18.218924,1127056
2016-10-31,19.923136,20.330515,19.684858,20.315142,18.729137,1156589
2016-11-01,20.292084,20.353575,19.815527,20.030746,18.466942,2140275
2016-11-02,20.176786,20.430437,20.099922,20.230593,18.651182,1947207
2016-11-03,20.292084,20.614912,20.184473,20.514988,18.913382,1254815
2016-11-04,20.607225,21.560337,20.561108,20.937740,19.303129,3237539
2016-11-07,21.652575,21.675634,21.291313,21.406610,19.735394,2702307
2016-11-08,21.598770,21.960032,21.437357,21.867794,20.160572,2805607
2016-11-09,19.408148,20.146042,18.063028,18.539585,17.092196,14726409
2016-11-10,18.839354,19.062260,16.848577,16.894695,15.575726,11494205
2016-11-11,17.094543,17.417372,16.156801,16.325903,15.051336,7146653
2016-11-14,16.833204,18.132206,16.525749,18.124519,16.709536,7487255
2016-11-15,18.247501,18.800922,17.824751,18.186010,16.766226,3996672
2016-11-16,18.255188,18.731745,18.063028,18.439663,17.000078,2608245
2016-11-17,18.693314,19.016142,18.616449,18.754805,17.290611,2435212
2016-11-18,18.854727,19.223675,18.416603,18.547272,17.099281,2755258
2016-11-21,18.570332,19.154497,18.393543,18.554958,17.106369,3790724
2016-11-22,18.485781,18.624134,18.186010,18.455034,17.014248,3029899
2016-11-23,18.316679,18.570332,17.893929,18.070715,16.659931,2941431
2016-11-25,18.024595,18.370483,17.963104,18.308992,16.879606,1213052
2016-11-28,18.132206,18.485781,17.586472,18.355110,16.922125,2771781
2016-11-29,18.408916,18.908531,18.393543,18.447348,17.007158,2511581
2016-11-30,18.478094,18.531898,17.724827,17.932360,16.532375,3058131
2016-12-01,17.978477,18.578016,17.740200,18.431974,16.992990,4384630
2016-12-02,17.079170,17.217525,16.156801,16.218294,14.952131,11614547
2016-12-05,16.487316,16.602613,15.757110,16.087626,14.831664,5704365
2016-12-06,16.187548,16.241352,15.926211,16.056879,14.803316,4351715
2016-12-07,15.964643,16.049192,15.726364,15.795542,14.562382,3301678
2016-12-08,15.826287,16.548809,15.687932,16.318216,15.044249,3786300
2016-12-09,16.518063,16.641045,16.018448,16.195234,14.930869,2364047
2016-12-12,16.087626,16.610300,16.079939,16.210608,14.945043,2266732
2016-12-13,16.410454,16.518063,16.195234,16.341276,15.065509,2357672
2016-12-14,16.372023,16.756342,16.272099,16.295158,15.022991,2411404
2016-12-15,16.264412,16.525749,16.195234,16.256725,14.987560,1906355
2016-12-16,16.295158,16.625673,16.272099,16.594927,15.299360,2924908
2016-12-19,16.648731,16.833204,16.548809,16.764029,15.455259,2007833
2016-12-20,16.856264,17.017679,16.764029,16.887011,15.568638,1843907
2016-12-21,16.910069,17.071484,16.894695,16.917755,15.596982,1123023
2016-12-22,16.887011,16.894695,16.372023,16.602613,15.306444,1668793
2016-12-23,16.602613,17.040737,16.541122,16.994619,15.667848,1512673
2016-12-27,16.456572,16.856264,16.410454,16.571869,15.278101,3009343
2016-12-28,16.556496,16.679478,16.179861,16.225981,14.959216,2087975
2016-12-29,16.225981,16.487316,16.179861,16.395081,15.115115,1333525
2016-12-30,16.402767,16.518063,16.187548,16.202921,14.937957,2162782
2017-01-03,16.287472,16.602613,16.141430,16.533436,15.242666,1361757
2017-01-04,16.225981,16.448885,15.995388,16.064566,14.810401,2938829
2017-01-05,15.903151,16.325903,15.849347,16.318216,15.044249,1900631
2017-01-06,16.210608,16.287472,15.964643,16.141430,14.881265,1804487
2017-01-09,16.141430,16.249039,16.026134,16.141430,14.881265,1227754
2017-01-10,16.133743,16.141430,15.726364,15.818601,14.583640,2057141
2017-01-11,15.803228,15.818601,15.388163,15.611068,14.392309,1748934
2017-01-12,15.611068,15.926211,15.426595,15.849347,14.611985,1793168
2017-01-13,15.895465,16.087626,15.703305,15.833974,14.597814,1427587
2017-01-17,15.757110,16.010761,15.618755,15.926211,14.682848,1599059
2017-01-18,15.926211,15.972329,15.572636,15.726364,14.498605,2072363
2017-01-19,15.634128,15.872406,15.411222,15.572636,14.356876,1701708
2017-01-20,15.541891,15.695619,15.457341,15.472713,14.264756,1257286
2017-01-23,15.434281,15.541891,15.380477,15.465027,14.257668,1313229
2017-01-24,15.372790,15.987702,15.288240,15.941583,14.697021,2367300
2017-01-25,15.987702,16.095310,15.772483,16.056879,14.803316,1400787
2017-01-26,16.095310,16.095310,15.880092,15.987702,14.739539,1411715
2017-01-27,15.933897,15.949270,15.626441,15.818601,14.583640,1076708
2017-01-30,15.680246,15.810915,15.372790,15.526518,14.314362,1269386
2017-01-31,15.626441,16.787086,15.626441,16.372023,15.093857,5136348
2017-02-01,16.156801,16.425825,16.156801,16.325903,15.051336,1831808
2017-02-02,16.102999,16.279785,15.757110,15.772483,14.541123,2254503
2017-02-03,15.795542,15.964643,15.395849,15.465027,14.257668,2448482
2017-02-06,15.465027,15.549577,15.311299,15.372790,14.172632,1732021
2017-02-07,15.388163,15.465027,14.965411,15.073021,13.896267,2147301
2017-02-08,15.026902,15.649500,14.888547,15.595696,14.378138,1997555
2017-02-09,15.003843,15.541891,14.811683,15.119139,13.938787,2344662
2017-02-10,15.126826,15.526518,15.111453,15.426595,14.222238,1520869
2017-02-13,15.211376,15.242121,14.458109,14.780938,13.626987,3280081
2017-02-14,14.719447,14.965411,14.673328,14.773251,13.619899,1442159
2017-02-15,14.696387,14.773251,14.419677,14.481168,13.350622,2344922
2017-02-16,14.281322,14.980784,13.989239,14.911606,13.747455,3155836
2017-02-17,14.903920,14.919293,14.665642,14.773251,13.619899,1270817
2017-02-21,14.711760,15.011530,14.711760,14.780938,13.626987,1343283
2017-02-22,14.719447,14.942352,14.688701,14.857802,13.697850,974189
2017-02-23,14.934666,15.126826,14.865488,14.911606,13.747455,1264832
2017-02-24,14.834743,14.988470,14.734819,14.950038,13.782885,1509160
2017-02-27,14.926979,15.219062,14.857802,15.165257,13.981304,1572389
2017-02-28,15.049962,15.188317,14.896234,14.942352,13.775800,2071062
2017-03-01,14.911606,15.057648,14.650269,14.950038,13.782885,2333734
2017-03-02,14.865488,15.111453,14.842429,14.896234,13.733280,2736784
2017-03-03,13.927748,14.757879,13.451191,14.473482,13.343535,7460064
2017-03-06,14.319754,14.657955,14.096849,14.634896,13.492348,4232023
2017-03-07,14.534973,14.811683,14.527287,14.711760,13.563209,2952750
2017-03-08,14.650269,15.088394,14.581091,15.057648,13.882095,2460581
2017-03-09,15.026902,15.057648,14.711760,14.757879,13.605732,3299466
2017-03-10,14.750192,15.096080,14.719447,15.003843,13.832490,2489984
2017-03-13,14.988470,15.165257,14.558032,14.704074,13.556124,3053057
2017-03-14,14.727133,14.873174,14.565719,14.757879,13.605732,1714848
2017-03-15,14.850115,14.973098,14.704074,14.934666,13.768714,1958395
2017-03-16,14.973098,15.034589,14.873174,15.026902,13.853749,1256896
2017-03-17,14.965411,15.103766,14.865488,14.950038,13.782885,1861861
2017-03-20,14.880861,15.026902,14.803997,14.919293,13.754541,1217606
2017-03-21,14.911606,14.973098,14.665642,14.757879,13.605732,2213912
2017-03-22,14.704074,14.742506,14.350500,14.427364,13.301017,2333083
2017-03-23,14.388932,14.588778,14.273636,14.511914,13.378967,1294495
2017-03-24,14.534973,14.565719,14.312068,14.396618,13.272674,1159191
2017-03-27,14.250576,14.335127,14.158340,14.265949,13.152203,1157109
2017-03-28,14.219831,14.419677,14.189085,14.411991,13.286844,1268605
2017-03-29,14.481168,14.857802,14.473482,14.750192,13.598640,2477624
2017-03-30,14.842429,15.165257,14.558032,15.096080,13.917527,2581965
2017-03-31,15.111453,15.311299,14.880861,15.226749,14.037995,1592684
2017-04-03,15.172944,16.102999,15.142198,15.718678,14.491519,3988606
2017-04-04,15.710992,15.795542,15.057648,15.134512,13.952959,2327099
2017-04-05,15.142198,15.488086,15.142198,15.449654,14.243496,1701708
2017-04-06,15.403536,15.826287,15.395849,15.803228,14.569468,1979081
2017-04-07,15.795542,15.949270,15.664873,15.857033,14.619072,1960217
2017-04-10,15.903151,16.310530,15.833974,16.310530,15.037164,2641030
2017-04-11,16.333590,16.856264,16.333590,16.840893,15.526121,4010593
2017-04-12,16.817833,16.902384,16.279785,16.287472,15.015906,1759472
2017-04-13,16.295158,16.448885,15.926211,16.264412,14.994646,1636918
2017-04-17,16.218294,16.418140,16.179861,16.395081,15.115115,817028
2017-04-18,16.318216,16.333590,16.195234,16.287472,15.015906,898991
2017-04-19,16.264412,16.410454,16.218294,16.295158,15.022991,993704
2017-04-20,16.364334,16.602613,16.264412,16.364334,15.086768,1214093
2017-04-21,16.348963,16.441198,16.172174,16.256725,14.987560,1079180
2017-04-24,16.310530,16.433514,15.926211,16.195234,14.930869,1401828
2017-04-25,16.187548,16.356649,16.126057,16.341276,15.065509,1089457
2017-04-26,16.302843,16.671791,16.141430,16.610300,15.313532,1364489
2017-04-27,16.641045,16.833204,16.587240,16.825520,15.511947,1059014
2017-04-28,16.794773,17.109915,16.794773,17.025366,15.696193,2679540
2017-05-01,17.079170,17.294390,16.387394,16.887011,15.568638,2475413
2017-05-02,16.910069,17.048424,16.756342,16.940815,15.618242,1424205
2017-05-03,16.887011,16.887011,16.395081,16.525749,15.235581,1325719
2017-05-04,16.479631,16.679478,16.149117,16.471945,15.185976,1140977
2017-05-05,16.487316,16.648731,16.395081,16.502689,15.214322,1837663
2017-05-08,16.471945,16.502689,16.149117,16.164490,14.902526,1046264
2017-05-09,16.671791,17.617218,16.525749,16.994619,15.667848,2865192
2017-05-10,16.986933,17.317448,16.910069,17.294390,15.944219,1190415
2017-05-11,17.063797,17.594158,16.894695,17.501923,16.135544,1438906
2017-05-12,17.478863,17.632589,17.240583,17.517294,16.149715,1016341
2017-05-15,17.532667,17.755573,17.378939,17.409685,16.050512,1481058
2017-05-16,17.371252,17.432743,17.132975,17.186779,15.845003,668714
2017-05-17,17.109915,17.279016,17.017679,17.140661,15.802485,783853
2017-05-18,17.094543,17.240583,16.986933,17.117601,15.781231,1087246
2017-05-19,17.102228,17.601845,17.071484,17.586472,16.213493,948819
2017-05-22,17.609531,17.778631,17.317448,17.378939,16.022161,1259628
2017-05-23,17.432743,17.524981,17.271330,17.386625,16.029249,450406
2017-05-24,17.286703,17.678709,17.240583,17.540354,16.170973,924621
2017-05-25,17.532667,17.671022,17.355881,17.409685,16.050512,747034
2017-05-26,17.486549,17.678709,17.417372,17.555725,16.185146,889234
2017-05-30,17.524981,17.617218,17.317448,17.432743,16.071766,764468
2017-05-31,17.440430,17.486549,17.209839,17.409685,16.050512,995265
2017-06-01,17.340508,17.755573,17.302074,17.732513,16.348133,1425896
2017-06-02,17.786318,18.685625,17.763260,18.247501,16.822914,2326318
2017-06-05,18.408916,18.478094,18.009224,18.216757,16.794573,1494199
2017-06-06,18.109146,18.370483,17.932360,18.316679,16.886690,658696
2017-06-07,18.270561,18.378172,18.193697,18.262875,16.837088,826135
2017-06-08,18.201384,18.447348,18.201384,18.255188,16.830006,699027
2017-06-09,18.201384,18.439663,18.186010,18.424290,16.985905,736106
2017-06-12,18.355110,18.631823,18.355110,18.585703,17.134716,1149954
2017-06-13,18.616449,18.639507,18.332052,18.439663,17.000078,737797
2017-06-14,18.647194,18.793236,18.370483,18.793236,17.326046,1174803
2017-06-15,18.793236,18.793236,18.362799,18.501154,17.056765,714119
2017-06-16,18.385857,18.593390,18.270561,18.501154,17.056765,1464666
2017-06-19,18.608763,18.823982,18.508839,18.685625,17.226833,684586
2017-06-20,18.716372,18.716372,17.755573,17.778631,16.390648,1390769
2017-06-21,17.855495,18.193697,17.632589,18.132206,16.716623,2016030
2017-06-22,18.063028,18.247501,17.916986,17.963104,16.560722,1231527
2017-06-23,18.016911,18.308992,17.940046,18.216757,16.794573,952852
2017-06-26,18.301308,18.301308,17.824751,17.878555,16.482773,1074626
2017-06-27,17.863182,17.963104,17.586472,17.640278,16.263098,956105
2017-06-28,17.671022,18.155266,17.671022,18.093775,16.681190,1945515
2017-06-29,18.155266,18.601076,17.955420,18.401230,16.964645,3334853
2017-06-30,16.717909,17.832438,16.456572,17.033051,15.703279,9202884
2017-07-03,16.863951,17.102228,16.533436,16.687164,15.384397,2850231
2017-07-05,16.648731,16.764029,16.010761,16.372023,15.093857,2697493
2017-07-06,16.302843,17.317448,16.110683,16.986933,15.660761,2409842
2017-07-07,17.033051,17.094543,16.410454,16.518063,15.228495,1469480
2017-07-10,16.495005,17.071484,16.379707,16.717909,15.412737,1178706
2017-07-11,16.610300,16.879324,16.379707,16.602613,15.306444,1819839
2017-07-12,16.679478,16.710222,16.195234,16.210608,14.945043,1402348
2017-07-13,16.141430,16.348963,15.918524,16.179861,14.916696,1337168
2017-07-14,16.218294,16.456572,16.172174,16.395081,15.115115,855147
2017-07-17,16.372023,16.710222,16.272099,16.671791,15.370223,957146
2017-07-18,16.641045,16.641045,16.256725,16.348963,15.072596,1597628
2017-07-19,16.410454,16.487316,16.272099,16.333590,15.058426,631375
2017-07-20,16.341276,16.518063,16.218294,16.333590,15.058426,606917
2017-07-21,16.433514,16.433514,15.864719,15.995388,14.746625,1027400
2017-07-24,15.972329,15.972329,15.641814,15.741737,14.512778,1063568
2017-07-25,15.757110,16.079939,15.703305,15.741737,14.512778,757052
2017-07-26,15.772483,15.987702,15.695619,15.956956,14.711192,931256
2017-07-27,15.964643,16.018448,15.757110,15.787855,14.555295,1169209
2017-07-28,15.741737,15.887779,15.541891,15.718678,14.491519,771623
2017-07-31,15.664873,16.010761,15.657187,15.887779,14.647417,773835
2017-08-01,15.841660,16.302843,15.772483,16.149117,14.888351,1344844
2017-08-02,16.141430,16.279785,15.980015,16.172174,14.909611,822752
2017-08-03,15.588009,15.995388,15.226749,15.295926,14.101771,2211050
2017-08-04,15.372790,15.372790,14.957725,15.134512,13.952959,1408202
2017-08-07,15.103766,15.249808,14.980784,15.057648,13.882095,892876
2017-08-08,15.003843,15.165257,14.773251,14.819370,13.662418,1016862
2017-08-09,14.827056,14.857802,14.634896,14.827056,13.669505,959097
2017-08-10,14.857802,14.996157,14.619523,14.734819,13.584470,934118
2017-08-11,14.704074,14.911606,14.673328,14.757879,13.605732,899121
2017-08-14,14.773251,14.850115,14.619523,14.704074,13.556124,675219
2017-08-15,14.650269,14.704074,14.089162,14.166026,13.060082,1536221
2017-08-16,14.173713,14.296695,14.096849,14.142967,13.038824,715550
2017-08-17,14.142967,14.504228,14.089162,14.273636,13.159291,1520219
2017-08-18,14.212145,14.634896,14.173713,14.435050,13.308103,1572519
2017-08-21,14.488855,14.681015,14.296695,14.435050,13.308103,1227233
2017-08-22,14.450423,14.473482,13.843198,13.866257,12.783715,2329310
2017-08-23,13.866257,13.989239,13.674097,13.712529,12.641989,1221899
2017-08-24,13.735588,13.889316,13.643351,13.651038,12.585298,1294105
2017-08-25,13.658724,13.950807,13.558801,13.897002,12.812061,1073325
2017-08-28,13.812452,13.812452,13.574174,13.666410,12.599472,970416
2017-08-29,13.651038,13.697156,13.013067,13.051499,12.032565,2306933
2017-08-30,13.028440,13.051499,12.482706,12.690238,11.699509,2955222
2017-08-31,12.690238,12.751729,12.536510,12.544197,11.564870,1316092
2017-09-01,12.551883,12.882398,12.490392,12.697925,11.706596,1373856
2017-09-05,12.697925,12.813221,12.298232,12.536510,11.557781,1648497
2017-09-06,12.605688,13.036126,12.490392,13.020753,12.004221,1577202
2017-09-07,12.997694,13.305150,12.890085,13.020753,12.004221,2723383
2017-09-08,10.668716,11.483474,10.561107,10.699462,9.864154,13391453
2017-09-11,10.791699,11.337433,10.207533,10.230592,9.431887,5988893
2017-09-12,10.261337,10.891622,10.215219,10.768640,9.927929,3391057
2017-09-13,10.868563,11.137586,10.653344,11.029977,10.168865,2986185
2017-09-14,10.922367,11.060723,10.676403,10.768640,9.927929,2253072
2017-09-15,10.784012,11.014604,10.714835,10.960799,10.105089,2842815
2017-09-18,10.999231,11.045350,10.883935,10.960799,10.105089,1275631
2017-09-19,10.953113,12.990008,10.906995,12.067640,11.125519,7971357
2017-09-20,12.213682,12.390469,11.252882,11.445042,10.551526,6660209
2017-09-21,11.437356,11.752498,11.306687,11.652575,10.742856,2216514
2017-09-22,11.614143,11.744812,11.383551,11.537279,10.636563,2726376
2017-09-25,11.875480,12.029208,11.437356,11.775557,10.856236,2125574
2017-09-26,11.783244,11.936972,11.652575,11.844735,10.920014,1582276
2017-09-27,11.837048,12.136818,11.767871,12.129131,11.182209,1670874
2017-09-28,12.121445,12.275173,11.837048,11.875480,10.948359,1455429
2017-09-29,11.936972,11.983090,11.706380,11.721752,10.806632,1468699
2017-10-02,12.290546,12.682552,11.952344,12.098386,11.153862,5290907
2017-10-03,12.451960,12.674865,11.952344,12.390469,11.423142,4310603
2017-10-04,12.605688,12.674865,12.229055,12.382782,11.416057,3249638
2017-10-05,12.490392,12.544197,12.190623,12.321291,11.359365,1592294
2017-10-06,12.298232,12.305919,12.013836,12.067640,11.125519,1379320
2017-10-09,12.067640,12.144504,11.445042,11.483474,10.586957,2585607
2017-10-10,11.437356,11.498847,11.268255,11.275942,10.395627,1543116
2017-10-11,11.222137,11.383551,10.922367,11.029977,10.168865,1676599
2017-10-12,10.991545,10.991545,10.768640,10.937740,10.083830,2267253
2017-10-13,10.914681,11.053036,10.791699,10.837817,9.991706,842267
2017-10-16,10.799385,10.945427,10.614912,10.914681,10.062571,1333525
2017-10-17,10.930054,11.129900,10.845503,11.099154,10.232641,1113136
2017-10-18,11.099154,11.406610,11.022291,11.299001,10.416886,1524902
2017-10-19,11.252882,11.421983,11.176018,11.391238,10.501923,1090758
2017-10-20,11.445042,11.506533,11.245196,11.452729,10.558613,925011
2017-10-23,11.421983,11.506533,10.999231,11.145273,10.275160,1267304
2017-10-24,11.214450,11.260569,11.014604,11.199078,10.324762,1476895
2017-10-25,11.206764,11.314374,11.053036,11.229823,10.353109,623699
2017-10-26,11.199078,11.314374,10.837817,10.899308,10.048397,899251
2017-10-27,10.853190,11.283628,10.607225,11.160646,10.289331,1739957
2017-10-30,11.129900,11.222137,10.922367,11.053036,10.190125,963391
2017-10-31,11.029977,11.068409,10.899308,11.014604,10.154692,1033645
2017-11-01,10.745580,11.475788,10.722521,11.099154,10.232641,2703478
2017-11-02,11.145273,11.275942,10.937740,11.045350,10.183038,1554435
2017-11-03,11.076095,11.122214,10.807071,10.960799,10.105089,1706652
2017-11-06,11.214450,11.345119,10.630284,10.637971,9.807463,2206236
2017-11-07,10.645657,10.868563,10.607225,10.768640,9.927929,1744381
2017-11-08,10.776326,10.822444,10.445811,10.561107,9.736599,1061876
2017-11-09,10.361261,10.453497,9.930822,10.330515,9.524009,2358193
2017-11-10,10.292083,10.622598,10.192160,10.445811,9.630305,845260
2017-11-13,10.415065,10.691776,10.230592,10.261337,9.460233,969115
2017-11-14,10.222905,10.230592,9.892390,10.084550,9.297247,1377109
2017-11-15,10.053805,10.607225,9.946195,10.253651,9.453147,1655262
2017-11-16,10.245965,10.499616,10.207533,10.261337,9.460233,1238552
2017-11-17,10.238278,10.491929,10.230592,10.368947,9.559442,1642643
2017-11-20,10.292083,10.422752,9.976941,10.169101,9.375197,1367871
2017-11-21,10.184473,10.330515,10.076864,10.330515,9.524009,865165
2017-11-22,10.330515,10.445811,10.299769,10.361261,9.552358,1003722
2017-11-24,10.430438,10.438125,10.192160,10.207533,9.410628,455220
2017-11-27,10.230592,10.607225,10.222905,10.553420,9.729512,1506818
2017-11-28,10.584166,10.753267,10.415065,10.676403,9.842894,1663719
2017-11-29,10.676403,11.099154,10.661030,10.753267,9.913757,2401646
2017-11-30,10.807071,11.022291,10.730208,10.784012,9.942104,2362876
2017-12-01,10.745580,10.745580,10.238278,10.453497,9.637392,1757781
2017-12-04,10.538048,10.922367,10.430438,10.822444,9.977533,1707563
2017-12-05,10.845503,11.029977,10.284397,10.991545,10.133432,2556075
2017-12-06,10.930054,11.014604,10.714835,10.945427,10.090917,1727728
2017-12-07,11.183705,11.698693,11.137586,11.475788,10.579872,6270430
2017-12-08,9.800154,10.760953,9.577248,10.384320,9.573616,17393069
2017-12-11,10.415065,10.906995,10.315142,10.599539,9.772030,5116052
2017-12-12,10.599539,11.206764,10.568793,10.837817,9.991706,3654249
2017-12-13,10.906995,11.068409,10.338201,10.453497,9.637392,3154405
2017-12-14,10.430438,10.584166,10.207533,10.276710,9.474406,1848721
2017-12-15,10.315142,10.484243,10.230592,10.438125,9.623219,2357022
2017-12-18,10.491929,10.799385,10.484243,10.753267,9.913757,2115166
2017-12-19,10.737894,10.822444,10.430438,10.491929,9.672824,1794209
2017-12-20,10.484243,10.661030,10.261337,10.284397,9.481493,1470781
2017-12-21,10.399693,10.453497,10.122982,10.169101,9.375197,1775995
2017-12-22,10.184473,10.215219,9.838586,9.984627,9.205126,2539942
2017-12-26,9.969254,10.215219,9.969254,10.207533,9.410628,1346015
2017-12-27,10.184473,10.292083,9.853958,9.938509,9.162606,1630673
2017-12-28,9.930822,9.976941,9.715603,9.938509,9.162606,1832198
2017-12-29,9.915450,10.061491,9.754035,9.869331,9.098830,1641862
2018-01-02,9.938509,10.338201,9.892390,10.261337,9.460233,1823352
2018-01-03,10.261337,10.338201,9.315911,9.331284,8.602789,4402584
2018-01-04,9.331284,9.508071,9.093005,9.485012,8.744516,3080378
2018-01-05,9.454266,9.654112,9.362029,9.508071,8.765774,1420302
2018-01-08,9.500384,9.500384,9.185242,9.292852,8.567358,1835581
2018-01-09,9.300538,9.377402,9.031514,9.085319,8.376025,1699106
2018-01-10,9.062260,9.200615,8.993082,9.146810,8.432716,1226713
2018-01-11,9.177556,9.438893,9.139124,9.338970,8.609875,1342242
2018-01-12,9.362029,9.392775,9.208301,9.369716,8.638221,1086075
2018-01-16,9.354343,9.538816,9.262106,9.323597,8.595703,1525553
2018-01-17,9.338970,9.461952,9.177556,9.200615,8.482323,1470781
2018-01-18,9.162183,9.231360,9.069946,9.200615,8.482323,965342
2018-01-19,9.185242,9.446580,9.123751,9.346656,8.616961,1291112
2018-01-22,9.346656,9.531130,9.146810,9.415834,8.680737,1891654
2018-01-23,9.438893,9.546503,9.262106,9.523444,8.779947,1226453
2018-01-24,9.531130,9.700231,9.485012,9.584935,8.836637,1194448
2018-01-25,9.615680,9.646426,9.362029,9.454266,8.716170,681724
2018-01-26,9.485012,9.823213,9.392775,9.730976,8.971279,2450434
2018-01-29,9.723290,9.746349,9.254420,9.415834,8.680737,1545198
2018-01-30,9.354343,9.431207,9.162183,9.285165,8.560270,1382443
2018-01-31,9.331284,9.338970,9.016141,9.169869,8.453977,1249480
2018-02-01,9.108378,9.177556,8.793236,8.800922,8.113833,1785362
2018-02-02,8.777863,8.808609,8.539585,8.601076,7.929589,1451916
2018-02-05,8.531899,8.547271,8.070715,8.078401,7.447718,2479576
2018-02-06,7.940046,8.193697,7.870869,8.155265,7.518582,2106449
2018-02-07,8.193697,8.316679,8.070715,8.255188,7.610704,1439947
2018-02-08,8.316679,8.455035,8.101460,8.285934,7.639050,1861731
2018-02-09,8.347425,8.378171,7.548040,7.955419,7.334338,2324497
2018-02-12,7.963105,8.009224,7.740200,7.855496,7.242216,1329102
2018-02-13,7.832437,7.924673,7.717141,7.817064,7.206785,1083993
2018-02-14,7.786318,8.270561,7.732513,8.255188,7.610704,1801235
2018-02-15,8.601076,8.624135,8.047656,8.378171,7.724084,1858088
2018-02-16,8.339739,8.385857,8.239816,8.255188,7.610704,1320645
2018-02-20,8.308993,8.339739,7.801691,7.824750,7.213871,1481319
2018-02-21,7.817064,7.955419,7.609531,7.732513,7.128834,2433260
2018-02-22,7.778632,8.339739,7.778632,7.778632,7.171352,1863552
2018-02-23,7.847809,7.901614,7.248271,7.686395,7.086316,4255571
2018-02-26,7.678709,7.686395,7.386626,7.463490,6.880815,2857907
2018-02-27,7.524981,7.563413,7.125288,7.148347,6.590274,5780733
2018-02-28,7.117602,7.248271,6.817832,6.917756,6.377686,4335322
2018-03-01,6.917756,7.471176,6.917756,7.232898,6.668225,4523707
2018-03-02,6.395081,7.563413,6.395081,7.494235,6.909158,9934956
2018-03-05,7.617218,8.124520,7.348194,7.786318,7.178438,5181233
2018-03-06,7.847809,8.247502,7.694081,8.178324,7.539839,3665047
2018-03-07,8.086088,8.370484,8.032283,8.039969,7.412288,2384473
2018-03-08,8.039969,8.170638,7.986164,8.124520,7.490238,2188542
2018-03-09,8.193697,8.362798,8.078401,8.201384,7.561100,1682453
2018-03-12,8.178324,8.362798,7.955419,8.162952,7.525669,1883978
2018-03-13,8.216756,8.316679,8.039969,8.132206,7.497323,1330403
2018-03-14,8.147579,8.270561,8.078401,8.116833,7.483150,1487303
2018-03-15,8.132206,8.155265,7.863182,7.978478,7.355596,1052769
2018-03-16,7.978478,8.124520,7.855496,8.047656,7.419374,3177953
2018-03-19,8.009224,8.147579,7.840123,8.016910,7.391027,1480408
2018-03-20,8.032283,8.086088,7.717141,7.794005,7.185526,1833239
2018-03-21,7.770945,7.978478,7.732513,7.886241,7.270561,1153206
2018-03-22,7.778632,7.940046,7.709454,7.724827,7.121748,2137283
2018-03-23,7.717141,7.847809,7.548040,7.563413,6.972937,3039526
2018-03-26,7.655650,7.732513,7.179093,7.386626,6.809950,3567212
2018-03-27,7.378939,7.678709,7.309762,7.501922,6.916245,1499793
2018-03-28,7.509608,7.770945,7.494235,7.601845,7.008368,1835061
2018-03-29,7.686395,8.001537,7.686395,7.932360,7.313081,1600230
2018-04-02,7.916987,8.370484,7.824750,8.247502,7.603618,3096640
2018-04-03,8.378171,8.601076,8.055342,8.339739,7.688653,3189532
2018-04-04,8.262875,8.301307,8.093774,8.239816,7.596534,1653571
2018-04-05,8.232129,8.447348,8.201384,8.424289,7.766602,2773082
2018-04-06,8.401230,8.516526,8.170638,8.247502,7.603618,1366050
2018-04-09,8.278248,8.278248,8.024596,8.063028,7.433547,981605
2018-04-10,8.147579,8.162952,7.978478,8.039969,7.412288,1044443
2018-04-11,7.993851,8.139892,7.855496,8.009224,7.383943,780990
2018-04-12,8.439662,8.508839,8.239816,8.332052,7.681567,1411845
2018-04-13,8.355111,8.455035,8.262875,8.370484,7.716999,693563
2018-04-16,8.401230,8.401230,8.155265,8.339739,7.688653,1004632
2018-04-17,8.362798,8.601076,8.301307,8.493467,7.830381,1272248
2018-04-18,8.562644,9.146810,8.531899,8.700999,8.021710,1822701
2018-04-19,8.631822,8.754804,8.493467,8.585703,7.915414,972498
2018-04-20,8.624135,8.754804,8.516526,8.562644,7.894157,1121722
2018-04-23,8.624135,8.831668,8.570331,8.747118,8.064228,981084
2018-04-24,8.823982,8.847041,8.601076,8.685626,8.007538,871540
2018-04-25,8.677940,8.808609,8.662567,8.693313,8.014625,649850
2018-04-26,8.731745,8.754804,8.524212,8.539585,7.872899,814946
2018-04-27,8.570331,8.647194,8.508839,8.562644,7.894157,705662
2018-04-30,8.608762,8.654881,8.424289,8.455035,7.794950,1386606
2018-05-01,8.431975,8.478094,8.239816,8.447348,7.787863,927613
2018-05-02,8.416603,8.508839,8.347425,8.478094,7.816208,684456
2018-05-03,8.501153,8.501153,8.132206,8.193697,7.554014,1044573
2018-05-04,8.186011,8.408916,8.162952,8.301307,7.653222,1487563
2018-05-07,8.332052,8.347425,8.116833,8.201384,7.561100,1337948
2018-05-08,8.201384,8.378171,8.186011,8.293620,7.646136,1050037
2018-05-09,8.285934,8.408916,8.162952,8.324366,7.674481,1231006
2018-05-10,8.347425,8.601076,8.347425,8.524212,7.858726,1180788
2018-05-11,8.578017,8.854727,8.562644,8.677940,8.000453,1118730
2018-05-14,8.685626,8.747118,8.585703,8.631822,7.957932,1018163
2018-05-15,8.570331,8.762490,8.570331,8.685626,8.007538,798033
2018-05-16,8.685626,8.862414,8.670254,8.777863,8.092573,993053
2018-05-17,8.785550,8.885473,8.700999,8.823982,8.135092,865035
2018-05-18,8.839354,8.893159,8.739431,8.823982,8.135092,868938
2018-05-21,8.831668,8.970023,8.785550,8.970023,8.269732,740139
2018-05-22,9.016141,9.139124,8.970023,9.031514,8.326424,825094
2018-05-23,9.000769,9.362029,8.993082,9.162183,8.446891,1496150
2018-05-24,9.254420,9.607994,9.246733,9.584935,8.836637,2083812
2018-05-25,9.592621,9.700231,9.500384,9.631053,8.879154,1039369
2018-05-29,9.607994,9.800154,9.592621,9.700231,8.942932,1841956
2018-05-30,9.723290,9.961568,9.646426,9.953882,9.176779,1566274
2018-05-31,9.953882,10.015373,9.654112,9.677171,8.921675,1108062
2018-06-01,9.738663,9.800154,9.500384,9.577248,8.829551,1374897
2018-06-04,9.638739,9.769408,9.385088,9.446580,8.709084,1639650
2018-06-05,9.477325,9.569562,9.331284,9.508071,8.765774,1674387
2018-06-06,9.500384,9.661799,9.485012,9.615680,8.864983,757963
2018-06-07,9.607994,9.723290,9.454266,9.707917,8.950019,866076
2018-06-08,9.677171,9.838586,9.607994,9.823213,9.056313,1450745
2018-06-11,9.784781,9.815527,9.577248,9.623367,8.872068,1947337
2018-06-12,9.677171,9.838586,9.677171,9.723290,8.964192,1415098
2018-06-13,9.738663,9.738663,9.554189,9.615680,8.864983,1033905
2018-06-14,9.600307,9.723290,9.446580,9.684858,8.928761,938021
2018-06-15,9.638739,9.877018,9.607994,9.792467,9.027968,1376588
2018-06-18,9.769408,10.015373,9.769408,9.969254,9.190952,1580585
2018-06-19,9.900077,10.176787,9.761722,10.061491,9.275990,1461283
2018-06-20,10.046118,10.269024,10.038432,10.169101,9.375197,3229212
2018-06-21,9.415834,9.976941,8.923905,9.838586,9.070486,7363140
2018-06-22,9.869331,10.107610,9.715603,9.730976,8.971279,4856503
2018-06-25,9.692544,9.907763,9.600307,9.715603,8.957105,2545407
2018-06-26,9.715603,9.846272,9.669485,9.815527,9.049228,2159140
2018-06-27,9.853958,9.953882,9.777095,9.800154,9.035052,1611939
2018-06-28,9.777095,9.777095,9.485012,9.508071,8.765774,1085424
2018-06-29,9.531130,9.546503,9.192929,9.246733,8.524838,1307765
2018-07-02,9.208301,9.277479,8.962337,9.039201,8.333509,1772092
2018-07-03,9.062260,9.285165,9.000769,9.016141,8.312248,816378
2018-07-05,9.062260,9.077633,8.900846,9.039201,8.333509,1406381
2018-07-06,9.016141,9.185242,8.939277,9.093005,8.383113,1108972
2018-07-09,9.108378,9.223674,8.939277,9.023828,8.319337,1247659
2018-07-10,9.016141,9.016141,8.816295,8.847041,8.156351,1040670
2018-07-11,8.793236,8.793236,8.554958,8.570331,7.901243,1223460
2018-07-12,8.593390,8.601076,8.416603,8.531899,7.865814,940233
2018-07-13,8.516526,8.624135,8.408916,8.424289,7.766602,503487
2018-07-16,8.401230,8.431975,8.293620,8.339739,7.688653,628383
2018-07-17,8.362798,8.670254,8.362798,8.401230,7.745345,1037678
2018-07-18,8.416603,8.424289,8.278248,8.339739,7.688653,1001770
2018-07-19,8.332052,8.401230,8.216756,8.216756,7.575272,823533
2018-07-20,8.216756,8.239816,7.993851,8.016910,7.391027,840056
2018-07-23,8.039969,8.162952,7.970792,8.070715,7.440632,681724
2018-07-24,8.070715,8.139892,7.732513,7.786318,7.178438,1123544
2018-07-25,7.763259,7.763259,7.471176,7.586472,6.994195,1585269
2018-07-26,7.555726,7.740200,7.417371,7.548040,6.958764,1460633
2018-07-27,7.509608,7.578786,7.263643,7.271330,6.703656,1326109
2018-07-30,7.279016,7.332821,7.156034,7.225211,6.661138,1221509
2018-07-31,7.225211,7.348194,7.202152,7.279016,6.710742,677951
2018-08-01,7.309762,7.340507,7.125288,7.202152,6.639879,1212402
2018-08-02,7.202152,7.524981,7.179093,7.248271,6.682397,2088495
2018-08-03,7.271330,7.378939,7.194466,7.294389,6.724915,959748
2018-08-06,7.302075,7.302075,7.202152,7.248271,6.682397,521571
2018-08-07,7.263643,7.317448,7.194466,7.217525,6.654051,497893
2018-08-08,7.263643,7.263643,7.125288,7.140661,6.583189,558649
2018-08-09,7.125288,7.440430,7.125288,7.363566,6.788691,1038718
2018-08-10,7.348194,7.440430,7.255957,7.371253,6.795778,962610
2018-08-13,7.371253,7.494235,7.325135,7.471176,6.887900,1223721
2018-08-14,7.501922,7.671022,7.501922,7.540354,6.951678,861002
2018-08-15,7.532667,7.555726,7.455803,7.540354,6.951678,1066560
2018-08-16,7.532667,7.817064,7.455803,7.709454,7.107576,2548139
2018-08-17,7.686395,7.901614,7.678709,7.870869,7.256390,723356
2018-08-20,7.893928,7.970792,7.517294,7.517294,6.930417,1511112
2018-08-21,7.548040,7.724827,7.448117,7.455803,6.873727,1731501
2018-08-22,7.455803,7.555726,7.294389,7.325135,6.753261,1274460
2018-08-23,7.340507,7.409685,7.286703,7.302075,6.732000,910050
2018-08-24,7.302075,7.425058,7.232898,7.417371,6.838295,1052769
2018-08-27,7.440430,7.586472,7.401998,7.571099,6.980022,1103508
2018-08-28,7.532667,7.609531,7.517294,7.594158,7.001281,677040
2018-08-29,7.609531,7.801691,7.532667,7.778632,7.171352,1115738
2018-08-30,7.809377,7.832437,7.501922,7.509608,6.923332,2334645
2018-08-31,9.146810,10.791699,8.993082,10.784012,9.942104,33367398
2018-09-04,10.837817,11.568025,10.392006,11.122214,10.253900,14688160
2018-09-05,10.922367,11.437356,10.876249,11.083782,10.218471,5223905
2018-09-06,11.083782,11.606457,11.014604,11.214450,10.338935,3039136
2018-09-07,11.252882,11.560338,11.137586,11.291314,10.409797,2328270
2018-09-10,11.345119,11.529593,11.222137,11.360492,10.473577,1909218
2018-09-11,11.375865,11.560338,11.245196,11.445042,10.551526,1184170
2018-09-12,11.437356,11.975404,11.368178,11.821676,10.898757,2507027
2018-09-13,11.790930,11.867794,11.660261,11.698693,10.785375,1388557
2018-09-14,11.714066,11.929285,11.683321,11.790930,10.870408,1071894
2018-09-17,11.760184,12.075327,11.729439,12.021522,11.082999,1731501
2018-09-18,12.021522,12.136818,11.860108,11.998463,11.061741,1555736
2018-09-19,11.998463,12.259800,11.998463,12.059954,11.118432,1277062
2018-09-20,12.152191,12.236741,12.029208,12.075327,11.132605,903024
2018-09-21,12.182936,12.213682,12.044581,12.106072,11.160950,1773653
2018-09-24,12.113759,12.167563,11.437356,11.683321,10.771201,1933676
2018-09-25,11.675634,12.044581,11.498847,11.883167,10.955447,1587480
2018-09-26,11.875480,12.029208,11.737125,11.875480,10.948359,795041
2018-09-27,11.875480,12.090699,11.821676,11.913912,10.983791,981605
2018-09-28,11.875480,11.990776,11.821676,11.936972,11.005051,859180
2018-10-01,11.936972,12.036895,11.260569,11.398924,10.509007,1887881
2018-10-02,11.306687,11.437356,11.014604,11.160646,10.289331,2103327
2018-10-03,11.114527,11.183705,10.661030,11.091468,10.225556,2323976
2018-10-04,11.060723,11.498847,10.991545,11.268255,10.388540,1553784
2018-10-05,11.252882,11.368178,11.099154,11.229823,10.353109,893917
2018-10-08,11.183705,11.322060,10.991545,11.045350,10.183038,1015691
2018-10-09,11.006918,11.398924,11.006918,11.222137,10.346023,1359935
2018-10-10,11.176018,11.306687,10.883935,11.006918,10.147605,1181048
2018-10-11,10.822444,11.337433,10.807071,10.960799,10.105089,1245187
2018-10-12,11.129900,11.329746,10.976172,11.245196,10.367281,1267955
2018-10-15,11.206764,11.375865,11.022291,11.176018,10.303504,1111574
2018-10-16,11.214450,11.491161,11.152959,11.429669,10.537353,829257
2018-10-17,11.398924,11.452729,11.045350,11.199078,10.324762,1082302
2018-10-18,11.145273,11.176018,10.276710,10.914681,10.062571,1942523
2018-10-19,10.899308,10.899308,10.415065,10.691776,9.857068,1241414
2018-10-22,10.722521,10.876249,10.645657,10.691776,9.857068,1288901
2018-10-23,10.568793,10.860876,10.491929,10.768640,9.927929,987069
2018-10-24,10.768640,10.983859,10.722521,10.730208,9.892499,877785
2018-10-25,10.745580,10.999231,10.661030,10.899308,10.048397,836413
2018-10-26,10.837817,11.014604,10.599539,10.791699,9.949189,1139286
2018-10-29,10.891622,11.114527,10.345888,10.468870,9.651565,1471561
2018-10-30,10.507302,11.106841,10.422752,11.053036,10.190125,1346145
2018-10-31,11.099154,11.145273,9.661799,10.514988,9.694080,2166816
2018-11-01,9.692544,10.868563,9.646426,10.599539,9.772030,2317992
2018-11-02,10.591852,10.753267,10.276710,10.392006,9.580700,2229003
2018-11-05,10.368947,10.937740,10.061491,10.061491,9.275990,3032631
2018-11-06,10.138355,10.737894,10.138355,10.530361,9.708255,1579934
2018-11-07,10.630284,10.768640,10.453497,10.622598,9.793289,900552
2018-11-08,10.607225,10.645657,10.399693,10.453497,9.637392,910180
2018-11-09,10.438125,10.484243,10.192160,10.392006,9.580700,616154
2018-11-12,10.376633,10.568793,10.253651,10.430438,9.616132,611730
2018-11-13,10.438125,10.745580,10.392006,10.453497,9.637392,852415
2018-11-14,10.468870,10.730208,10.415065,10.561107,9.736599,772013
2018-11-15,10.530361,10.830131,10.399693,10.745580,9.906672,859701
2018-11-16,10.661030,10.707148,10.230592,10.430438,9.616132,1076838
2018-11-19,10.407379,10.407379,10.115296,10.153728,9.361024,782031
2018-11-20,10.122982,10.338201,9.992314,10.138355,9.346850,854367
2018-11-21,10.169101,10.407379,10.153728,10.322829,9.516924,683676
2018-11-23,10.284397,10.376633,10.084550,10.184473,9.389369,337740
2018-11-26,10.238278,10.322829,10.038432,10.207533,9.410628,779689
2018-11-27,10.192160,10.207533,9.823213,9.907763,9.134263,825745
2018-11-28,9.869331,10.030746,9.584935,9.815527,9.049228,1094401
2018-11-29,9.777095,9.777095,9.308224,9.377402,8.645306,1181308
2018-11-30,9.331284,9.477325,9.169869,9.362029,8.631133,1189244
2018-12-03,9.623367,9.623367,9.154497,9.400461,8.666565,1633406
2018-12-04,9.315911,9.523444,9.046887,9.085319,8.376025,1288250
2018-12-06,9.085319,9.415834,8.839354,9.385088,8.652394,2309795
2018-12-07,10.899308,11.775557,10.545734,10.830131,9.984619,7806911
2018-12-10,10.830131,10.891622,10.361261,10.399693,9.587786,2712715
2018-12-11,10.445811,10.461184,9.976941,10.192160,9.396458,1628462
2018-12-12,10.245965,10.322829,10.000000,10.015373,9.233471,1015691
2018-12-13,10.061491,10.238278,9.800154,9.815527,9.049228,1549101
2018-12-14,9.807840,10.000000,9.715603,9.784781,9.020881,1105590
2018-12-17,9.738663,10.122982,9.692544,9.730976,8.971279,1076838
2018-12-18,9.777095,9.930822,9.669485,9.754035,8.992537,680813
2018-12-19,9.746349,9.984627,9.592621,9.761722,8.999621,1443069
2018-12-20,9.761722,9.961568,9.623367,9.684858,8.928761,957666
2018-12-21,9.715603,9.900077,9.554189,9.607994,8.857897,2081470
2018-12-24,9.569562,9.615680,9.369716,9.438893,8.701994,578034
2018-12-26,9.500384,9.654112,9.408148,9.607994,8.857897,708525
2018-12-27,9.538816,9.623367,9.277479,9.623367,8.872068,759003
2018-12-28,9.600307,9.869331,9.300538,9.684858,8.928761,1008926
2018-12-31,9.800154,9.884704,9.607994,9.884704,9.113005,713599
2019-01-02,9.754035,10.199846,9.661799,10.030746,9.247643,886632
2019-01-03,10.000000,10.153728,9.923136,9.992314,9.212213,817028
2019-01-04,10.038432,10.092237,9.723290,9.969254,9.190952,866336
2019-01-07,9.961568,10.253651,9.861645,10.122982,9.332678,787105
2019-01-08,10.184473,10.407379,10.084550,10.353574,9.545270,932427
2019-01-09,10.353574,10.407379,10.122982,10.345888,9.538183,425817
2019-01-10,10.261337,10.338201,10.122982,10.292083,9.488578,369354
2019-01-11,10.261337,10.468870,10.192160,10.438125,9.623219,652972
2019-01-14,10.407379,10.545734,10.330515,10.345888,9.538183,470312
2019-01-15,10.222905,10.361261,10.153728,10.230592,9.431887,388869
2019-01-16,10.230592,10.376633,10.146042,10.315142,9.509835,483452
2019-01-17,10.315142,10.453497,10.138355,10.245965,9.446060,473954
2019-01-18,10.261337,10.476556,10.199846,10.253651,9.453147,559820
2019-01-22,10.238278,10.338201,10.023059,10.076864,9.290162,432192
2019-01-23,10.099923,10.207533,9.584935,9.792467,9.027968,1318303
2019-01-24,9.715603,9.761722,9.277479,9.362029,8.631133,1480018
2019-01-25,9.385088,9.515757,9.208301,9.292852,8.567358,611210
2019-01-28,9.262106,9.362029,9.154497,9.239047,8.517754,636579
2019-01-29,9.215988,9.300538,9.069946,9.100692,8.390200,711777
2019-01-30,9.116065,9.346656,8.931591,9.223674,8.503579,748595
2019-01-31,9.223674,9.354343,9.031514,9.277479,8.553185,601192
2019-02-01,9.285165,9.300538,9.085319,9.262106,8.539011,826395
2019-02-04,9.246733,9.362029,9.208301,9.292852,8.567358,995785
2019-02-05,9.331284,9.938509,9.285165,9.907763,9.134263,1366180
2019-02-06,9.892390,9.923136,9.584935,9.623367,8.872068,712558
2019-02-07,9.600307,9.677171,9.292852,9.446580,8.709084,601582
2019-02-08,9.454266,9.469639,9.215988,9.262106,8.539011,469921
2019-02-11,9.277479,9.423520,9.231360,9.315911,8.588616,303523
2019-02-12,9.354343,9.538816,9.346656,9.461952,8.723255,401489
2019-02-13,9.477325,9.554189,9.369716,9.415834,8.680737,303784
2019-02-14,9.415834,9.623367,9.315911,9.500384,8.758689,367663
2019-02-15,9.523444,9.830899,9.515757,9.730976,8.971279,599501
2019-02-19,9.730976,9.946195,9.692544,9.884704,9.113005,693823
2019-02-20,9.892390,10.038432,9.807840,9.907763,9.134263,494120
2019-02-21,9.915450,9.984627,9.715603,9.792467,9.027968,672487
2019-02-22,9.823213,9.892390,9.761722,9.853958,9.084659,406953
2019-02-25,9.892390,9.961568,9.654112,9.661799,8.907501,745213
2019-02-26,9.669485,9.853958,9.561875,9.631053,8.879154,851374
2019-02-27,9.615680,9.853958,9.531130,9.838586,9.070486,762386
2019-02-28,9.838586,9.953882,9.623367,9.646426,8.893329,509602
2019-03-01,9.730976,9.984627,9.669485,9.961568,9.183867,670015
2019-03-04,9.961568,9.969254,9.016141,9.023828,8.319337,1510461
2019-03-05,9.069946,9.116065,8.724058,8.754804,8.071315,1128487
2019-03-06,8.754804,8.777863,8.516526,8.585703,7.915414,876224
2019-03-07,8.578017,8.785550,8.416603,8.739431,8.057140,1544938
2019-03-08,8.124520,8.316679,7.655650,7.655650,7.057972,2805216
2019-03-11,7.724827,7.724827,7.171407,7.417371,6.838295,3041608
2019-03-12,7.440430,7.586472,7.309762,7.363566,6.788691,1441248
2019-03-13,7.302075,7.371253,7.148347,7.194466,6.632793,1604523
2019-03-14,7.186779,7.494235,7.125288,7.186779,6.625706,2351818
2019-03-15,7.302075,7.448117,7.294389,7.448117,6.866640,3519335
2019-03-18,7.478862,7.732513,7.279016,7.355880,6.781604,1218256
2019-03-19,7.409685,7.578786,7.317448,7.440430,6.859554,1342242
2019-03-20,7.448117,7.540354,7.225211,7.309762,6.739088,681724
2019-03-21,7.325135,7.401998,7.194466,7.248271,6.682397,1043272
2019-03-22,7.240584,7.325135,7.102229,7.156034,6.597362,1111835
2019-03-25,7.186779,7.394312,7.132975,7.340507,6.767433,1249611
2019-03-26,7.417371,7.448117,7.202152,7.286703,6.717829,1137594
2019-03-27,7.286703,7.386626,7.217525,7.309762,6.739088,415409
2019-03-28,7.317448,7.401998,7.202152,7.263643,6.696568,540826
2019-03-29,7.271330,7.332821,7.179093,7.179093,6.618620,614072
2019-04-01,7.186779,7.240584,6.986933,7.109915,6.554842,1395323
2019-04-02,7.109915,7.156034,7.002306,7.048424,6.498152,599241
2019-04-03,7.094543,7.202152,6.940815,7.186779,6.625706,2246046
2019-04-04,7.163720,7.486549,7.163720,7.378939,6.802866,951551
2019-04-05,7.394312,7.486549,7.371253,7.478862,6.894986,2110092
2019-04-08,7.486549,7.594158,7.317448,7.401998,6.824122,785414
2019-04-09,7.355880,7.409685,7.271330,7.317448,6.746174,1481969
2019-04-10,7.325135,7.463490,7.317448,7.448117,6.866640,612641
2019-04-11,7.455803,7.594158,7.440430,7.517294,6.930417,944136
2019-04-12,7.586472,7.640277,7.378939,7.432744,6.852468,636319
2019-04-15,7.455803,7.532667,7.371253,7.371253,6.795778,463937
2019-04-16,7.394312,7.448117,7.255957,7.340507,6.767433,812084
2019-04-17,7.363566,7.555726,7.340507,7.494235,6.909158,1135123
2019-04-18,7.478862,7.617218,7.440430,7.494235,6.909158,1671265
2019-04-22,7.478862,7.586472,7.325135,7.417371,6.838295,772144
2019-04-23,7.401998,7.578786,7.332821,7.509608,6.923332,851114
2019-04-24,7.501922,7.640277,7.463490,7.548040,6.958764,787756
2019-04-25,7.548040,7.663336,7.425058,7.578786,6.987109,1202384
2019-04-26,7.578786,7.701768,7.517294,7.663336,7.065058,1501874
2019-04-29,7.663336,7.686395,7.471176,7.578786,6.987109,1144880
2019-04-30,7.578786,7.601845,7.486549,7.571099,6.980022,1853405
2019-05-01,7.548040,7.617218,7.486549,7.555726,6.965848,893917
2019-05-02,7.524981,7.678709,7.409685,7.548040,6.958764,1132781
2019-05-03,7.555726,7.624904,7.425058,7.571099,6.980022,985377
2019-05-06,7.509608,7.609531,7.463490,7.578786,6.987109,464977
2019-05-07,7.532667,7.586472,7.494235,7.571099,6.980022,717762
2019-05-08,7.548040,7.586472,7.209839,7.225211,6.661138,723746
2019-05-09,7.232898,7.263643,7.017679,7.240584,6.675311,734024
2019-05-10,7.232898,7.255957,7.117602,7.186779,6.625706,1168688
2019-05-13,7.109915,7.209839,7.009992,7.163720,6.604447,712558
2019-05-14,7.171407,7.263643,7.086856,7.255957,6.689484,718412
2019-05-15,7.232898,7.240584,7.086856,7.186779,6.625706,361028
2019-05-16,7.186779,7.371253,7.171407,7.217525,6.654051,396675
2019-05-17,7.217525,7.248271,7.056111,7.079170,6.526498,882598
2019-05-20,7.086856,7.117602,6.948501,6.963874,6.420203,604835
2019-05-21,7.002306,7.002306,6.779400,6.817832,6.285563,899772
2019-05-22,6.817832,6.963874,6.810146,6.863951,6.328081,1255855
2019-05-23,6.856264,7.156034,6.856264,7.048424,6.498152,1045354
2019-05-24,7.063797,7.163720,6.794773,6.925442,6.384772,1131610
2019-05-28,6.925442,6.994620,6.794773,6.810146,6.278477,591305
2019-05-29,6.702537,6.810146,6.548809,6.648732,6.129665,1463235
2019-05-30,6.664105,6.740968,6.602613,6.641045,6.122578,424386
2019-05-31,6.587241,6.641045,6.433513,6.448885,5.945419,477467
2019-06-03,6.433513,6.456572,6.295158,6.425826,5.924161,639051
2019-06-04,6.479631,6.594927,6.410453,6.471945,5.966679,1228274
2019-06-05,6.495004,6.525749,6.395081,6.418140,5.917075,939842
2019-06-06,6.425826,6.533436,6.341276,6.479631,5.973764,690050
2019-06-07,6.479631,6.502690,6.341276,6.410453,5.909987,482801
2019-06-10,6.425826,6.641045,6.425826,6.541122,6.030456,904325
2019-06-11,6.579554,6.648732,6.425826,6.518063,6.009197,728560
2019-06-12,6.510377,6.602613,6.495004,6.525749,6.016282,346586
2019-06-13,6.533436,6.887010,6.533436,6.863951,6.328081,1045484
2019-06-14,6.910069,6.979247,6.848578,6.940815,6.398944,817939
2019-06-17,6.971560,7.033051,6.794773,6.933128,6.391857,940233
2019-06-18,6.948501,7.056111,6.887010,6.948501,6.406031,897950
2019-06-19,6.963874,7.079170,6.848578,7.025365,6.476894,2355461
2019-06-20,7.717141,7.724827,7.048424,7.255957,6.689484,3993550
2019-06-21,7.217525,7.217525,6.856264,6.925442,6.384772,3529353
2019-06-24,6.910069,7.148347,6.856264,6.902383,6.363513,1500964
2019-06-25,6.871637,6.902383,6.448885,6.448885,5.945419,1502135
2019-06-26,6.456572,6.510377,6.302844,6.310530,5.817866,1237251
2019-06-27,6.372022,6.495004,6.318217,6.410453,5.909987,958056
2019-06-28,6.456572,6.933128,6.456572,6.925442,6.384772,1810081
2019-07-01,6.925442,6.986933,6.810146,6.917756,6.377686,996436
2019-07-02,6.948501,7.102229,6.879324,6.963874,6.420203,999038
2019-07-03,6.956188,7.071483,6.887010,7.056111,6.505239,409034
2019-07-05,7.002306,7.079170,6.879324,6.994620,6.448548,584539
2019-07-08,6.948501,7.002306,6.910069,6.925442,6.384772,484883
2019-07-09,6.902383,6.940815,6.787087,6.940815,6.398944,1065649
2019-07-10,6.940815,7.094543,6.925442,7.048424,6.498152,615503
2019-07-11,7.025365,7.079170,6.917756,6.963874,6.420203,576603
2019-07-12,7.002306,7.063797,6.956188,7.009992,6.462721,412027
2019-07-15,7.048424,7.194466,6.986933,7.163720,6.604447,734675
2019-07-16,7.117602,7.409685,7.109915,7.317448,6.746174,764858
2019-07-17,7.294389,7.363566,7.209839,7.302075,6.732000,713599
2019-07-18,7.263643,7.340507,7.225211,7.302075,6.732000,491778
2019-07-19,7.271330,7.325135,7.156034,7.217525,6.654051,438697
2019-07-22,7.279016,7.294389,7.148347,7.202152,6.639879,696946
2019-07-23,7.217525,7.294389,7.179093,7.248271,6.682397,374818
2019-07-24,7.232898,7.286703,7.148347,7.279016,6.710742,524173
2019-07-25,7.248271,7.317448,7.140661,7.156034,6.597362,461335
2019-07-26,7.156034,7.209839,7.086856,7.194466,6.632793,412287
2019-07-29,7.179093,7.317448,7.094543,7.140661,6.583189,486054
2019-07-30,7.117602,7.271330,7.017679,7.255957,6.689484,612381
2019-07-31,7.263643,7.571099,7.263643,7.409685,6.831209,1051989
2019-08-01,7.355880,7.355880,6.771714,6.771714,6.243044,1002551
2019-08-02,6.787087,6.856264,6.541122,6.641045,6.122578,857879
2019-08-05,6.917756,7.140661,6.633359,6.787087,6.257217,1289031
2019-08-06,6.848578,7.002306,6.579554,6.664105,6.143837,624610
2019-08-07,6.610300,6.641045,6.348962,6.418140,5.917075,683155
2019-08-08,6.441199,6.617986,6.341276,6.594927,6.080060,667803
2019-08-09,6.617986,6.617986,6.341276,6.356649,5.860384,636059
2019-08-12,6.518063,6.518063,6.149116,6.395081,5.895816,1027660
2019-08-13,6.410453,6.487317,6.249039,6.287471,5.796607,958447
2019-08-14,6.225980,6.249039,6.003075,6.072252,5.598190,965472
2019-08-15,6.056879,6.126057,5.910838,5.956956,5.491896,735325
2019-08-16,5.987702,6.064566,5.926211,5.980015,5.513155,659737
2019-08-19,6.072252,6.141430,5.980015,5.995388,5.527327,575562
2019-08-20,5.980015,6.010761,5.718678,5.849347,5.392688,789447
2019-08-21,5.880092,5.995388,5.833974,5.918524,5.456463,1199132
2019-08-22,5.980015,6.087625,5.910838,5.918524,5.456463,899121
2019-08-23,5.880092,5.933897,5.703305,5.726364,5.279306,888193
2019-08-26,5.764796,5.941583,5.734051,5.764796,5.314738,1098304
2019-08-27,5.787855,5.880092,5.611068,5.649500,5.208443,1051338
2019-08-28,5.657187,5.795542,5.641814,5.726364,5.279306,929695
2019-08-29,5.903151,5.987702,5.810915,5.903151,5.442291,3151152
2019-08-30,5.111453,5.326672,4.558032,4.619523,4.258876,9815655
2019-09-03,4.627210,4.627210,4.358186,4.411991,4.067546,5072079
2019-09-04,4.458109,4.681015,4.411991,4.473482,4.124237,2405809
2019-09-05,4.504228,4.788624,4.488855,4.534973,4.180927,2125964
2019-09-06,4.558032,4.819370,4.550346,4.681015,4.315567,1911039
2019-09-09,4.619523,4.788624,4.588778,4.780938,4.407690,2266993
2019-09-10,4.803997,5.111453,4.788624,5.088394,4.691143,1439036
2019-09-11,5.149885,5.295926,4.988470,5.272867,4.861213,1700407
2019-09-12,5.272867,5.342045,5.180630,5.303613,4.889559,1806308
2019-09-13,5.342045,5.403536,5.119139,5.157571,4.754918,1023497
2019-09-16,5.165257,5.226749,4.980784,5.019216,4.627364,1146181
2019-09-17,5.042275,5.065334,4.803997,4.903920,4.521070,1330793
2019-09-18,4.888547,4.919293,4.719447,4.734819,4.365170,1407292
2019-09-19,4.780938,4.819370,4.634896,4.634896,4.273048,1408463
2019-09-20,4.619523,4.734819,4.581091,4.673328,4.308481,1687007
2019-09-23,4.665642,4.757879,4.627210,4.673328,4.308481,1098044
2019-09-24,4.681015,4.704074,4.550346,4.581091,4.223445,1268865
2019-09-25,4.588778,4.611837,4.465796,4.519600,4.166754,1316092
2019-09-26,4.519600,4.573405,4.365872,4.442736,4.095891,1802405
2019-09-27,4.458109,4.642583,4.419677,4.619523,4.258876,3175481
2019-09-30,4.619523,4.696387,4.481168,4.496541,4.145495,1187553
2019-10-01,4.481168,4.581091,4.342813,4.419677,4.074632,1161923
2019-10-02,4.396618,4.404304,4.235204,4.358186,4.017941,1244407
2019-10-03,4.350500,4.350500,4.158340,4.319754,3.982511,1272378
2019-10-04,4.250576,4.442736,4.250576,4.427364,4.081718,965342
2019-10-07,4.435050,4.581091,4.342813,4.550346,4.195100,926832
2019-10-08,4.542659,4.657955,4.427364,4.619523,4.258876,1472472
2019-10-09,4.950038,5.219062,4.865488,4.957725,4.570675,6434226
2019-10-10,4.942352,5.203689,4.942352,5.165257,4.762004,2460972
2019-10-11,5.188317,5.418909,5.165257,5.295926,4.882472,3171708
2019-10-14,5.265181,5.349731,5.134512,5.172944,4.769092,1006974
2019-10-15,5.149885,5.280553,5.134512,5.196003,4.790350,720494
2019-10-16,5.180630,5.288240,5.111453,5.165257,4.762004,773705
2019-10-17,5.226749,5.288240,5.157571,5.257494,4.847040,828737
2019-10-18,5.249808,5.257494,5.196003,5.249808,4.839955,745213
2019-10-21,5.303613,5.465027,5.303613,5.365104,4.946249,721274
2019-10-22,5.365104,5.411222,5.272867,5.395849,4.974594,625131
2019-10-23,5.418909,5.472713,5.357417,5.465027,5.038371,643605
2019-10-24,5.495772,5.572636,5.457341,5.472713,5.045458,986288
2019-10-25,5.457341,5.549577,5.418909,5.518832,5.087976,760695
2019-10-28,5.495772,5.588009,5.418909,5.441968,5.017113,932557
2019-10-29,5.372790,5.511145,5.342045,5.495772,5.066716,554226
2019-10-30,5.518832,5.534204,5.334358,5.426595,5.002941,721925
2019-10-31,5.426595,5.472713,5.342045,5.441968,5.017113,531589
2019-11-01,5.457341,5.618755,5.372790,5.595696,5.158839,563463
2019-11-04,5.618755,5.795542,5.603382,5.787855,5.335997,749896
2019-11-05,5.803228,5.995388,5.764796,5.795542,5.343083,1241935
2019-11-06,5.787855,5.980015,5.734051,5.910838,5.449378,997477
2019-11-07,5.964643,6.402767,5.933897,6.141430,5.661967,2056491
2019-11-08,6.087625,6.249039,5.995388,6.126057,5.647795,799074
2019-11-11,6.102998,6.302844,6.056879,6.264412,5.775348,797253
2019-11-12,6.264412,6.272098,5.833974,5.903151,5.442291,1826994
2019-11-13,5.826287,6.110684,5.795542,6.072252,5.598190,942835
2019-11-14,6.141430,6.548809,6.133743,6.425826,5.924161,2531746
2019-11-15,6.525749,6.625673,6.333590,6.533436,6.023369,1338209
2019-11-18,6.525749,6.533436,6.333590,6.402767,5.902903,1410154
2019-11-19,6.395081,6.495004,6.364335,6.448885,5.945419,916294
2019-11-20,6.425826,6.456572,6.218294,6.348962,5.853298,1049777
2019-11-21,6.372022,6.410453,6.295158,6.395081,5.895816,657265
2019-11-22,6.387394,6.556495,6.387394,6.479631,5.973764,830689
2019-11-25,6.471945,6.656418,6.425826,6.633359,6.115492,1266393
2019-11-26,6.656418,6.802460,6.571868,6.579554,6.065887,1710945
2019-11-27,6.587241,6.740968,6.487317,6.733282,6.207615,998127
2019-11-29,6.725596,6.764028,6.633359,6.717909,6.193440,485533
2019-12-02,6.740968,6.933128,6.579554,6.617986,6.101319,1371124
2019-12-03,6.594927,6.710223,6.525749,6.602613,6.087145,1160882
2019-12-04,6.679477,6.963874,6.679477,6.948501,6.406031,1426416
2019-12-05,7.048424,7.371253,7.040738,7.255957,6.689484,3074133
2019-12-06,7.640277,7.740200,7.002306,7.071483,6.519412,3672073
2019-12-09,7.071483,7.102229,6.833205,6.863951,6.328081,1694553
2019-12-10,6.848578,7.056111,6.779400,6.979247,6.434376,1791477
2019-12-11,7.025365,7.033051,6.817832,7.033051,6.483980,802327
2019-12-12,6.994620,7.163720,6.963874,7.125288,6.569015,826395
2019-12-13,7.086856,7.194466,7.033051,7.102229,6.547757,718803
2019-12-16,7.109915,7.217525,7.094543,7.125288,6.569015,817548
2019-12-17,7.109915,7.132975,6.910069,7.071483,6.519412,1347055
2019-12-18,7.040738,7.056111,6.933128,7.033051,6.483980,1487043
2019-12-19,7.033051,7.125288,6.933128,7.117602,6.561930,1149954
2019-12-20,7.109915,7.148347,7.048424,7.071483,6.519412,1264702
2019-12-23,7.071483,7.117602,7.009992,7.079170,6.526498,1457380
2019-12-24,7.079170,7.125288,7.009992,7.102229,6.547757,388479
2019-12-26,7.094543,7.109915,7.033051,7.086856,6.533584,604445
2019-12-27,7.102229,7.125288,7.002306,7.079170,6.526498,1758171
2019-12-30,7.056111,7.202152,6.979247,7.094543,6.540670,647248
2019-12-31,7.086856,7.194466,7.063797,7.132975,6.576102,716591
2020-01-02,7.209839,7.209839,6.994620,7.048424,6.498152,775006
2020-01-03,7.040738,7.179093,6.933128,7.163720,6.604447,1044963
2020-01-06,7.163720,7.386626,7.117602,7.371253,6.795778,865035
2020-01-07,7.401998,7.425058,7.217525,7.286703,6.717829,913953
2020-01-08,7.263643,7.348194,7.209839,7.317448,6.746174,804278
2020-01-09,7.309762,7.340507,7.171407,7.248271,6.682397,535231
2020-01-10,7.217525,7.271330,7.071483,7.094543,6.540670,616934
2020-01-13,7.132975,7.186779,7.071483,7.186779,6.625706,772274
2020-01-14,7.209839,7.325135,7.171407,7.271330,6.703656,690831
2020-01-15,7.263643,7.417371,7.217525,7.363566,6.788691,535101
2020-01-16,7.271330,7.417371,7.240584,7.386626,6.809950,670275
2020-01-17,7.440430,7.440430,7.209839,7.255957,6.689484,656745
2020-01-21,7.240584,7.286703,7.079170,7.217525,6.654051,782161
2020-01-22,7.202152,7.217525,6.986933,7.040738,6.491067,853066
2020-01-23,7.017679,7.132975,6.879324,7.079170,6.526498,770843
2020-01-24,7.086856,7.132975,6.948501,7.056111,6.505239,776697
2020-01-27,6.979247,7.255957,6.940815,7.186779,6.625706,626692
2020-01-28,7.202152,7.263643,7.148347,7.186779,6.625706,501275
2020-01-29,7.186779,7.471176,7.071483,7.448117,6.866640,1848591
2020-01-30,7.302075,7.517294,7.240584,7.363566,6.788691,1303732
2020-01-31,7.332821,7.478862,7.179093,7.240584,6.675311,964041
2020-02-03,7.225211,7.371253,7.117602,7.202152,6.639879,707224
2020-02-04,7.255957,7.401998,7.102229,7.355880,6.781604,1016341
2020-02-05,7.386626,7.801691,7.371253,7.794005,7.185526,1213963
2020-02-06,7.847809,7.970792,7.740200,7.893928,7.277648,759914
2020-02-07,7.847809,7.863182,7.555726,7.578786,6.987109,745343
2020-02-10,7.548040,7.663336,7.417371,7.609531,7.015453,607177
2020-02-11,7.655650,7.909301,7.548040,7.786318,7.178438,801546
2020-02-12,7.847809,7.970792,7.809377,7.916987,7.298907,705662
2020-02-13,7.886241,7.947733,7.801691,7.886241,7.270561,353612
2020-02-14,7.863182,8.001537,7.817064,7.847809,7.235129,851895
2020-02-18,7.870869,8.232129,7.855496,8.032283,7.405200,1045484
2020-02-19,8.032283,8.293620,8.032283,8.170638,7.532754,934508
2020-02-20,8.124520,8.324366,7.778632,8.285934,7.639050,1758562
2020-02-21,8.285934,8.408916,8.116833,8.378171,7.724084,928524
2020-02-24,8.139892,8.285934,8.032283,8.239816,7.596534,731292
2020-02-25,8.247502,8.247502,7.947733,7.963105,7.341424,1623128
2020-02-26,7.970792,8.132206,7.840123,7.932360,7.313081,1002811
2020-02-27,7.755573,7.970792,7.355880,7.724827,7.121748,1730330
2020-02-28,7.448117,7.717141,7.394312,7.655650,7.057972,2695542
2020-03-02,7.732513,8.116833,7.594158,8.109147,7.476066,1587220
2020-03-03,8.116833,8.332052,7.916987,8.093774,7.461892,987459
2020-03-04,8.193697,8.362798,8.009224,8.324366,7.674481,967684
2020-03-05,8.232129,8.262875,7.886241,8.016910,7.391027,1107411
2020-03-06,5.534204,6.387394,4.611837,5.549577,5.116321,8771472
2020-03-09,5.073021,5.219062,4.657955,4.850115,4.471466,2172150
2020-03-10,5.042275,5.073021,4.304381,4.573405,4.216358,2513402
2020-03-11,4.473482,4.788624,4.450423,4.688701,4.322653,1535700
2020-03-12,4.596464,5.818601,4.242890,5.511145,5.080889,4262857
2020-03-13,5.703305,6.133743,5.488086,6.049193,5.576931,3530784
2020-03-16,5.826287,7.109915,5.672560,6.379708,5.881642,4127683
2020-03-17,6.510377,6.948501,6.064566,6.779400,6.250131,3862929
2020-03-18,6.379708,6.810146,6.018447,6.325903,5.832038,2217945
2020-03-19,6.602613,6.840892,6.126057,6.425826,5.924161,1817887
2020-03-20,6.471945,6.541122,5.726364,5.918524,5.456463,2136632
2020-03-23,6.249039,6.963874,5.926211,6.833205,6.299736,2693851
2020-03-24,7.232898,7.294389,6.072252,6.202921,5.718658,2664968
2020-03-25,6.302844,6.518063,5.695619,5.818601,5.364342,2536169
2020-03-26,5.841660,5.880092,5.249808,5.480400,5.052545,3039526
2020-03-27,5.488086,5.887779,5.349731,5.687932,5.243875,1698195
2020-03-30,5.710992,5.910838,5.480400,5.895465,5.435204,1219557
2020-03-31,5.887779,6.479631,5.880092,6.379708,5.881642,4250757
2020-04-01,6.164489,6.817832,5.987702,6.579554,6.065887,2298217
2020-04-02,6.602613,6.771714,5.926211,6.018447,5.548586,1890093
2020-04-03,5.972329,6.210607,5.810915,6.064566,5.591105,1350698
2020-04-06,6.164489,6.295158,5.880092,5.995388,5.527327,1227624
2020-04-07,6.041507,6.126057,5.434281,5.488086,5.059631,1851063
2020-04-08,5.534204,5.903151,5.403536,5.841660,5.385600,1423294
2020-04-09,5.872406,6.179862,5.841660,6.149116,5.669054,1255205
2020-04-13,6.149116,6.448885,6.102998,6.387394,5.888730,1854836
2020-04-14,6.541122,6.541122,6.210607,6.210607,5.725745,990972
2020-04-15,6.118370,6.571868,5.980015,6.418140,5.917075,1353560
2020-04-16,6.433513,6.518063,6.241353,6.433513,5.931247,772924
2020-04-17,6.518063,6.833205,6.249039,6.756341,6.228873,1391550
2020-04-20,6.664105,7.086856,6.641045,6.794773,6.264305,1047305
2020-04-21,6.740968,6.925442,6.625673,6.879324,6.342254,680423
2020-04-22,6.994620,7.025365,6.848578,6.925442,6.384772,912652
2020-04-23,7.025365,7.478862,6.971560,7.417371,6.838295,1549101
2020-04-24,7.463490,7.609531,7.240584,7.409685,6.831209,1312969
2020-04-27,7.524981,7.609531,7.378939,7.548040,6.958764,1529846
2020-04-28,7.632590,7.794005,7.386626,7.425058,6.845383,1083863
2020-04-29,7.432744,7.740200,7.394312,7.532667,6.944591,1022976
2020-04-30,7.463490,7.463490,7.255957,7.279016,6.710742,1050688
2020-05-01,7.186779,7.248271,6.956188,7.225211,6.661138,821712
2020-05-04,7.171407,7.232898,7.025365,7.125288,6.569015,722836
2020-05-05,7.148347,7.501922,7.102229,7.140661,6.583189,689400
2020-05-06,7.194466,7.463490,7.186779,7.309762,6.739088,669234
2020-05-07,7.378939,7.401998,6.848578,7.132975,6.576102,1525553
2020-05-08,7.263643,7.463490,7.017679,7.432744,6.852468,1149564
2020-05-11,7.409685,8.039969,7.401998,7.993851,7.369770,1383614
2020-05-12,8.009224,8.009224,7.486549,7.524981,6.937505,1324548
2020-05-13,7.509608,7.632590,7.217525,7.478862,6.894986,764207
2020-05-14,7.363566,7.494235,7.279016,7.340507,6.767433,706053
2020-05-15,7.340507,7.824750,7.309762,7.686395,7.086316,789187
2020-05-18,7.763259,7.924673,7.524981,7.640277,7.043799,855928
2020-05-19,7.632590,8.009224,7.594158,7.855496,7.242216,791268
2020-05-20,7.901614,8.063028,7.732513,7.801691,7.192612,798554
2020-05-21,7.809377,7.947733,7.732513,7.947733,7.327251,451447
2020-05-22,7.986164,8.047656,7.817064,7.940046,7.320165,485273
2020-05-26,8.070715,8.170638,7.993851,8.116833,7.483150,744562
2020-05-27,8.209070,8.232129,7.855496,8.101460,7.468978,662990
2020-05-28,8.209070,9.000769,8.155265,8.293620,7.646136,3050715
2020-05-29,8.378171,9.100692,8.316679,9.085319,8.376025,2014208
2020-06-01,11.521906,11.637202,9.892390,10.461184,9.644479,3804254
2020-06-02,11.452729,12.513451,11.152959,11.521906,10.622389,8760414
2020-06-03,11.837048,11.867794,10.584166,10.730208,9.892499,4584074
2020-06-04,10.722521,11.299001,10.653344,11.037663,10.175952,2666400
2020-06-05,11.106841,11.291314,10.760953,10.868563,10.020052,2260227
2020-06-08,11.176018,11.952344,11.137586,11.821676,10.898757,4619721
2020-06-09,12.098386,12.990008,11.944658,12.943889,11.933357,4021261
2020-06-10,13.043812,13.604919,12.213682,12.744043,11.749115,3875939
2020-06-11,12.182936,13.397387,12.013836,13.274404,12.238070,3812581
2020-06-12,14.150653,14.196772,12.205995,12.659493,11.671165,4656930
2020-06-15,13.066872,14.089162,12.682552,14.050730,12.953788,5080665
2020-06-16,15.126826,15.180630,13.658724,14.096849,12.996305,6670617
2020-06-17,14.373559,14.427364,13.766334,13.927748,12.840405,3855514
2020-06-18,14.135281,14.950038,13.996925,14.388932,13.265587,8105490
2020-06-19,13.797079,14.581091,13.374327,13.604919,12.542781,7836053
2020-06-22,13.597233,14.265949,13.535742,14.204458,13.095513,3299856
2020-06-23,14.265949,14.519600,13.989239,14.219831,13.109685,2919574
2020-06-24,14.012298,14.327440,13.681783,14.035357,12.939616,2185810
2020-06-25,13.912375,14.166026,13.666410,14.058417,12.960876,1601271
2020-06-26,14.127594,14.988470,13.881630,14.919293,13.754541,4018789
2020-06-29,15.180630,15.526518,14.750192,15.426595,14.222238,3121619
2020-06-30,15.418909,16.664104,15.196003,16.541122,15.249752,4507315
2020-07-01,16.986933,17.386625,15.980015,16.871637,15.554464,6572652
2020-07-02,17.140661,17.794004,16.925442,17.409685,16.050512,5542911
2020-07-06,18.178324,18.993082,17.455803,17.817064,16.426081,6140200
2020-07-07,17.486549,17.740200,16.648731,16.833204,15.519033,4369669
2020-07-08,17.255957,17.886242,16.902384,17.271330,15.922957,2660285
2020-07-09,17.532667,17.747887,16.856264,17.102228,15.767053,1522821
2020-07-10,16.956188,17.309761,16.733282,16.817833,15.504863,1778207
2020-07-13,16.902384,16.910069,15.219062,15.280553,14.087598,4089303
2020-07-14,15.411222,16.817833,15.342045,16.633360,15.334790,3269673
2020-07-15,16.917755,16.963875,16.033819,16.479631,15.193068,2065728
2020-07-16,16.364334,17.202152,16.225981,17.033051,15.703279,1646546
2020-07-17,17.033051,17.186779,16.402767,16.525749,15.235581,1815415
2020-07-20,16.602613,16.771713,16.356649,16.740969,15.433998,1299569
2020-07-21,16.817833,17.940046,16.764029,17.617218,16.241842,2400215
2020-07-22,17.671022,17.786318,16.948502,17.432743,16.071766,1767929
2020-07-23,17.494234,18.639507,17.494234,17.847809,16.454428,2650397
2020-07-24,17.870869,18.055342,17.125288,17.947733,16.546549,2108921
2020-07-27,18.093775,19.323597,17.824751,19.077633,17.588242,2672644
2020-07-28,19.062260,19.346657,18.401230,18.485781,17.042595,2147431
2020-07-29,18.977709,19.269793,18.593390,18.939278,17.460684,1321166
2020-07-30,18.508839,18.954651,17.778631,18.747118,17.283524,1805268
2020-07-31,18.677940,18.900846,17.901613,18.362799,16.929211,1678160
2020-08-03,18.447348,20.315142,18.308992,19.815527,18.268526,5402012
2020-08-04,19.907763,20.514988,19.338970,19.800154,18.254353,3050715
2020-08-05,20.230593,20.368946,19.746349,19.984627,18.424423,2813413
2020-08-06,20.476557,21.360493,19.461952,19.707916,18.169317,4290308
2020-08-07,19.884705,20.714834,19.738663,20.238277,18.658268,2252031
2020-08-10,20.684090,21.291313,20.299768,20.538048,18.934643,2022795
2020-08-11,20.468870,20.599539,19.069946,19.208302,17.708708,2647145
2020-08-12,19.377401,19.769407,19.123751,19.239046,17.737049,1195489
2020-08-13,19.131437,19.830898,18.747118,19.800154,18.254353,1531797
2020-08-14,19.792467,19.830898,19.123751,19.285166,17.779573,1067471
2020-08-17,19.285166,19.523443,18.531898,18.562643,17.113459,1504607
2020-08-18,18.462721,18.639507,17.732513,18.478094,17.035507,2128436
2020-08-19,18.385857,18.424290,17.524981,17.640278,16.263098,2169678
2020-08-20,17.386625,17.632589,16.940815,17.348194,15.993818,2064817
2020-08-21,16.979246,17.363565,16.771713,17.194466,15.852091,2380440
2020-08-24,17.294390,17.401999,15.780169,16.072252,14.817485,2961076
2020-08-25,18.400000,19.400000,16.580000,17.270000,15.921731,6149500
2020-08-26,17.500000,20.340000,17.500000,19.879999,18.327965,6383000
2020-08-27,20.420000,20.420000,18.469999,18.860001,17.387596,3609600
2020-08-28,18.840000,18.920000,18.010000,18.049999,16.640831,3003200
2020-08-31,18.290001,18.620001,17.650000,18.260000,16.834442,2954400
2020-09-01,18.209999,22.059999,18.200001,21.110001,19.461941,7505100
2020-09-02,22.280001,22.400000,19.799999,20.790001,19.166918,4980400
2020-09-03,20.500000,20.719999,18.030001,18.820000,17.350714,6648700
2020-09-04,19.910000,20.389999,17.040001,18.170000,16.751465,7726400
2020-09-08,17.690001,18.299999,16.820000,17.350000,15.995482,4431300
2020-09-09,17.860001,18.139999,16.700001,16.990000,15.663585,3469800
2020-09-10,17.160000,17.840000,16.910000,17.090000,15.755777,2764200
2020-09-11,17.160000,17.549999,16.799999,17.030001,15.700466,1991600
2020-09-14,17.330000,17.330000,16.200001,16.709999,15.405445,3377100
2020-09-15,16.629999,17.290001,16.320000,16.490000,15.202622,2085100
2020-09-16,16.459999,16.530001,16.049999,16.170000,14.952945,2063400
2020-09-17,15.720000,16.080000,15.420000,15.620000,14.444342,2477800
2020-09-18,15.650000,15.870000,14.780000,15.190000,14.046705,3201600
2020-09-21,14.650000,15.540000,14.580000,15.220000,14.074448,2269700
2020-09-22,15.310000,16.280001,15.080000,16.190001,14.971442,2382200
2020-09-23,16.260000,16.450001,15.260000,15.510000,14.342622,2795700
2020-09-24,15.670000,16.700001,15.630000,15.960000,14.758751,2870200
2020-09-25,16.120001,16.230000,15.660000,15.880000,14.684772,1519900
2020-09-28,16.000000,16.110001,14.960000,15.510000,14.342622,2734700
2020-09-29,15.460000,16.180000,15.270000,15.400000,14.240900,1581400
2020-09-30,15.700000,16.049999,15.260000,15.520000,14.351868,1533100
2020-10-01,15.570000,16.320000,15.270000,16.150000,14.934450,1864600
2020-10-02,15.700000,16.940001,15.610000,16.540001,15.295097,2106300
2020-10-05,16.799999,17.440001,16.770000,17.270000,15.970155,2736900
2020-10-06,17.469999,17.629999,16.660000,16.990000,15.711224,2224300
2020-10-07,17.150000,17.690001,17.150000,17.299999,15.997894,1646900
2020-10-08,17.430000,17.469999,16.500000,16.690001,15.433807,2161300
2020-10-09,16.820000,16.980000,16.520000,16.790001,15.526279,1385700
2020-10-12,17.000000,17.450001,16.320000,16.500000,15.258108,1630700
2020-10-13,16.490000,16.700001,16.200001,16.620001,15.369075,1404000
2020-10-14,16.740000,17.150000,16.410000,16.440001,15.202624,1251300
2020-10-15,16.150000,16.820000,15.760000,16.780001,15.517031,1626800
2020-10-16,16.860001,17.080000,16.629999,16.680000,15.424559,1326600
2020-10-19,17.049999,17.590000,16.799999,16.860001,15.591010,2975300
2020-10-20,16.900000,17.420000,16.260000,17.160000,15.868430,2110000
2020-10-21,17.200001,17.510000,16.309999,16.469999,15.230365,1840700
2020-10-22,16.559999,16.600000,16.100000,16.190001,14.971442,1365800
2020-10-23,16.250000,16.360001,15.630000,16.250000,15.026924,1449200
2020-10-26,16.160000,16.500000,15.870000,16.080000,14.869719,1416200
2020-10-27,16.070000,17.240000,15.910000,16.959999,15.683482,2289300
2020-10-28,16.639999,17.639999,16.600000,17.469999,16.155098,2368800
2020-10-29,18.059999,18.379999,16.930000,17.830000,16.488005,2321300
2020-10-30,17.830000,17.969999,16.389999,16.590000,15.341333,3340500
2020-11-02,16.920000,17.830000,16.540001,17.309999,16.007141,3197700
2020-11-03,17.680000,17.920000,17.260000,17.580000,16.256819,2826500
2020-11-04,17.400000,17.650000,15.050000,15.500000,14.333373,7970700
2020-11-05,15.870000,16.790001,15.500000,16.510000,15.267354,3184800
2020-11-06,16.500000,17.719999,16.160000,17.520000,16.201336,3249600
2020-11-09,16.969999,17.020000,15.080000,15.810000,14.620042,4240700
2020-11-10,15.890000,16.150000,15.260000,16.059999,14.851226,2996500
2020-11-11,16.100000,16.670000,16.010000,16.580000,15.332087,1722800
2020-11-12,16.440001,16.959999,16.110001,16.340000,15.110150,1211600
2020-11-13,16.400000,16.610001,15.810000,16.070000,14.860471,1629300
2020-11-16,15.890000,16.190001,15.350000,16.090000,14.878966,2557100
2020-11-17,15.900000,16.330000,15.780000,16.309999,15.082408,2801000
2020-11-18,16.250000,16.590000,15.850000,15.940000,14.740256,2057800
2020-11-19,15.930000,16.410000,15.900000,16.209999,14.989934,1413100
2020-11-20,16.129999,16.500000,15.990000,16.150000,14.934450,1540300
2020-11-23,16.250000,16.490000,16.049999,16.080000,14.869719,1581400
2020-11-24,16.120001,16.150000,15.080000,15.250000,14.102190,3532600
2020-11-25,15.200000,15.590000,14.550000,15.270000,14.120686,1933900
2020-11-27,15.350000,15.660000,15.130000,15.600000,14.425848,1506600
2020-11-30,15.650000,16.250000,15.300000,15.760000,14.573804,2178300
2020-12-01,15.800000,15.970000,15.560000,15.720000,14.536814,1607600
2020-12-02,15.640000,15.650000,15.270000,15.470000,14.305631,2247400
2020-12-03,15.550000,15.780000,14.870000,15.130000,13.991223,4489200
2020-12-04,14.990000,16.170000,14.700000,15.910000,14.712514,5199900
2020-12-07,15.870000,16.440001,15.370000,15.490000,14.324125,2976700
2020-12-08,15.670000,15.700000,15.090000,15.480000,14.314878,2502000
2020-12-09,15.480000,15.960000,15.260000,15.420000,14.259393,1905500
2020-12-10,15.300000,16.100000,15.120000,16.030001,14.823484,2727800
2020-12-11,16.000000,16.299999,15.360000,15.430000,14.268641,2018600
2020-12-14,15.600000,15.830000,15.320000,15.490000,14.324125,2018700
2020-12-15,15.500000,17.299999,15.380000,17.230000,15.933161,5125300
2020-12-16,17.070000,17.420000,16.850000,16.930000,15.701305,2248900
2020-12-17,17.490000,17.559999,16.940001,17.080000,15.840417,2324400
2020-12-18,17.090000,17.510000,16.950001,17.219999,15.970259,2406500
2020-12-21,17.059999,17.680000,17.020000,17.530001,16.257763,1475000
2020-12-22,17.700001,18.650000,17.629999,18.040001,16.730751,2297700
2020-12-23,18.120001,18.309999,17.629999,18.100000,16.786396,1578900
2020-12-24,18.160000,18.629999,17.969999,17.969999,16.665827,691900
2020-12-28,18.200001,18.559999,17.670000,17.980000,16.675102,1780100
2020-12-29,18.020000,18.020000,16.660000,17.129999,15.886791,3015700
2020-12-30,17.030001,17.570000,16.840000,17.270000,16.016632,1698600
2020-12-31,17.469999,18.110001,17.309999,17.750000,16.461794,2340300
2021-01-04,17.950001,18.209999,17.510000,18.180000,16.860586,2136000
2021-01-05,18.160000,19.170000,18.150000,19.020000,17.639627,2274300
2021-01-06,19.490000,23.570000,19.379999,22.520000,20.885614,12688000
2021-01-07,21.990000,22.280001,20.209999,21.030001,19.503754,5713100
2021-01-08,21.080000,21.250000,18.770000,19.270000,17.871481,5245900
2021-01-11,20.000000,21.129999,19.709999,19.959999,18.511404,3901400
2021-01-12,20.090000,20.790001,19.700001,20.690001,19.188425,2135100
2021-01-13,20.990000,21.620001,20.549999,20.680000,19.179152,3381600
2021-01-14,20.860001,21.799999,20.719999,21.559999,19.995281,2231000
2021-01-15,21.580000,21.580000,20.660000,21.170000,19.633587,1864400
2021-01-19,21.530001,21.629999,20.250000,20.770000,19.262617,2082400
2021-01-20,20.330000,20.600000,18.780001,18.790001,17.426317,3856300
2021-01-21,18.870001,19.139999,17.719999,17.840000,16.545261,3258900
2021-01-22,17.690001,18.400000,17.580000,17.870001,16.573086,1852200
2021-01-25,17.959999,18.580000,17.590000,17.719999,16.433969,2114200
2021-01-26,17.760000,17.879999,16.969999,17.190001,15.942436,2650900
2021-01-27,16.740000,17.139999,16.209999,16.379999,15.191222,2699600
2021-01-28,16.230000,17.150000,16.209999,16.700001,15.488000,2157700
2021-01-29,16.850000,17.209999,16.290001,16.559999,15.358159,2004000
2021-02-01,16.670000,17.030001,16.340000,16.830000,15.608564,1949800
2021-02-02,17.000000,17.180000,16.420000,16.770000,15.552918,1785500
2021-02-03,16.830000,17.150000,16.559999,16.959999,15.729126,2243200
2021-02-04,17.110001,17.840000,17.020000,17.830000,16.535988,2566300
2021-02-05,17.830000,17.900000,17.059999,17.240000,15.988811,2889500
2021-02-08,17.240000,18.100000,17.160000,17.900000,16.600908,1962500
2021-02-09,17.860001,18.730000,17.799999,18.410000,17.073893,1398800
2021-02-10,18.719999,18.740000,17.520000,18.059999,16.749294,1519700
2021-02-11,18.150000,18.620001,17.860001,18.059999,16.749294,1031100
2021-02-12,18.150000,18.570000,17.750000,18.420000,17.083170,1001700
2021-02-16,18.570000,19.330000,18.440001,18.780001,17.417042,2109100
2021-02-17,18.840000,18.889999,17.959999,18.240000,16.916233,2054200
2021-02-18,18.040001,19.139999,17.760000,18.559999,17.213009,2698700
2021-02-19,18.520000,18.730000,18.250000,18.430000,17.092443,1146200
2021-02-22,18.540001,18.740000,18.160000,18.280001,16.953331,1209200
2021-02-23,17.860001,18.120001,16.420000,17.770000,16.480345,1752500
2021-02-24,18.030001,18.320000,17.629999,17.980000,16.675102,1290200
2021-02-25,17.740000,18.160000,16.820000,17.299999,16.044453,1255700
2021-02-26,17.270000,17.770000,16.959999,17.209999,15.960984,892800
2021-03-01,17.490000,17.990000,17.420000,17.900000,16.600908,978400
2021-03-02,17.990000,18.120001,17.270000,17.330000,16.072279,1497400
2021-03-03,17.469999,17.580000,16.299999,16.309999,15.126302,2264400
2021-03-04,16.420000,16.490000,15.270000,15.790000,14.644041,3227200
2021-03-05,16.110001,16.580000,14.500000,16.070000,14.903721,4421000
2021-03-08,15.960000,17.110001,15.930000,16.690001,15.478724,3044800
2021-03-09,17.000000,18.230000,16.900000,18.090000,16.777121,2930000
2021-03-10,18.480000,18.969999,18.160000,18.770000,17.407768,1716700
2021-03-11,18.959999,19.370001,18.570000,18.950001,17.574705,2341800
2021-03-12,18.639999,18.910000,18.309999,18.660000,17.305754,1472200
2021-03-15,18.709999,18.850000,18.000000,18.600000,17.250107,1463800
2021-03-16,18.590000,19.290001,18.200001,19.010000,17.677872,1435900
2021-03-17,18.980000,18.980000,18.309999,18.799999,17.482588,1285800
2021-03-18,18.480000,20.260000,18.440001,18.510000,17.212908,3005600
2021-03-19,18.410000,19.080000,18.340000,18.700001,17.389595,1761600
2021-03-22,18.730000,18.910000,18.030001,18.139999,16.868839,2018900
2021-03-23,18.200001,18.780001,17.820000,17.940001,16.682850,3325500
2021-03-24,18.209999,18.440001,16.670000,16.700001,15.529746,2837200
2021-03-25,16.559999,17.240000,16.230000,17.080000,15.883114,2193700
2021-03-26,17.530001,18.139999,17.110001,17.530001,16.301584,1651700
2021-03-29,17.500000,17.709999,16.660000,16.690001,15.520446,1492800
2021-03-30,16.709999,16.879999,16.420000,16.750000,15.576242,1684400
2021-03-31,16.750000,17.629999,16.750000,17.450001,16.227188,1425600
2021-04-01,17.650000,18.350000,17.510000,18.160000,16.887438,1513900
2021-04-05,18.320000,18.350000,17.959999,18.190001,16.915337,1061000
2021-04-06,18.230000,18.430000,17.860001,17.969999,16.710749,1215000
2021-04-07,17.990000,18.680000,17.719999,18.389999,17.101318,3521200
2021-04-08,18.620001,18.870001,17.980000,18.280001,16.999027,2214200
2021-04-09,18.280001,18.500000,17.990000,18.180000,16.906033,1290000
2021-04-12,18.209999,18.950001,18.040001,18.910000,17.584879,1186200
2021-04-13,18.959999,19.450001,18.600000,19.049999,17.715067,1601700
2021-04-14,19.020000,19.350000,18.559999,18.620001,17.315205,1022800
2021-04-15,18.719999,18.860001,18.000000,18.209999,16.933931,1077700
2021-04-16,18.280001,18.430000,18.000000,18.270000,16.989729,845100
2021-04-19,18.100000,18.530001,18.010000,18.440001,17.147814,1084000
2021-04-20,18.400000,18.629999,17.600000,17.940001,16.682850,1523300
2021-04-21,17.760000,17.930000,17.549999,17.840000,16.589857,796900
2021-04-22,17.920000,18.100000,17.520000,17.709999,16.468966,766700
2021-04-23,17.809999,17.990000,17.570000,17.780001,16.534063,911800
2021-04-26,17.870001,17.950001,17.490000,17.709999,16.468966,1579400
2021-04-27,17.799999,18.840000,17.680000,18.170000,16.896732,2404000
2021-04-28,18.110001,18.230000,17.549999,17.620001,16.385277,1687500
2021-04-29,17.660000,17.900000,17.540001,17.700001,16.459675,1107500
2021-04-30,17.549999,17.650000,17.110001,17.400000,16.180693,1661200
2021-05-03,17.389999,18.920000,17.360001,18.670000,17.361696,2514900
2021-05-04,18.680000,19.670000,18.350000,19.260000,17.910355,2909700
2021-05-05,19.190001,19.620001,19.000000,19.490000,18.124239,1526200
2021-05-06,19.490000,19.530001,18.600000,19.520000,18.152134,1209500
2021-05-07,19.500000,20.000000,19.410000,19.709999,18.328817,1169800
2021-05-10,19.850000,20.070000,19.490000,19.510000,18.142834,1640200
2021-05-11,19.209999,20.000000,19.090000,19.910000,18.514799,883700
2021-05-12,19.820000,19.900000,19.250000,19.280001,17.928953,1013000
2021-05-13,19.299999,20.000000,19.270000,19.760000,18.375313,944000
2021-05-14,19.879999,20.250000,19.719999,20.219999,18.803078,1545500
2021-05-17,20.219999,20.660000,19.860001,20.389999,18.961170,1777100
2021-05-18,20.450001,20.530001,19.610001,19.629999,18.254425,900600
2021-05-19,19.500000,19.580000,19.000000,19.170000,17.826662,1408500
2021-05-20,19.200001,19.730000,19.020000,19.590000,18.217230,977800
2021-05-21,19.610001,20.270000,19.520000,20.059999,18.654295,920900
2021-05-24,20.180000,20.400000,19.740000,19.830000,18.440409,1057200
2021-05-25,19.950001,19.980000,19.350000,19.480000,18.114935,837400
2021-05-26,19.500000,20.500000,19.480000,20.440001,19.007664,1682900
2021-05-27,20.469999,21.260000,20.420000,21.150000,19.667913,2065600
2021-05-28,21.129999,21.500000,21.070000,21.260000,19.770205,1061600
2021-06-01,21.320000,21.959999,21.190001,21.790001,20.263065,1979600
2021-06-02,21.889999,22.200001,21.379999,21.830000,20.300259,1795900
2021-06-03,21.700001,22.500000,21.540001,21.969999,20.430449,1328900
2021-06-04,22.120001,22.190001,21.440001,21.459999,19.956186,960600
2021-06-07,21.580000,22.209999,21.549999,22.120001,20.569939,791800
2021-06-08,22.120001,22.299999,21.629999,21.730000,20.207264,791700
2021-06-09,21.750000,21.750000,21.260000,21.290001,19.798100,857500
2021-06-10,21.260000,21.450001,20.860001,20.940001,19.472628,1353700
2021-06-11,20.940001,21.340000,20.930000,21.219999,19.733004,676900
2021-06-14,21.360001,21.440001,20.660000,20.780001,19.323841,1049400
2021-06-15,20.840000,20.840000,20.500000,20.510000,19.072763,1459700
2021-06-16,20.600000,20.770000,20.219999,20.549999,19.109955,1667900
2021-06-17,20.410000,20.500000,19.549999,19.920000,18.524103,3275900
2021-06-18,20.850000,23.620001,20.750000,23.350000,21.713749,20949900
2021-06-21,23.500000,28.180000,23.450001,27.680000,25.740320,27437900
2021-06-22,27.340000,28.969999,26.580000,28.860001,26.837629,8594000
2021-06-23,29.049999,29.430000,27.629999,28.760000,26.744638,4138200
2021-06-24,29.000000,30.170000,28.400000,29.990000,27.888445,3108600
2021-06-25,30.170000,31.870001,30.129999,30.420000,28.288313,7336500
2021-06-28,30.879999,31.110001,30.080000,30.410000,28.279018,1857100
2021-06-29,30.370001,32.639999,30.150000,31.719999,29.497217,2938700
2021-06-30,31.900000,35.430000,31.629999,34.700001,32.349979,6026400
2021-07-01,35.490002,39.610001,35.250000,35.400002,33.002583,11776300
2021-07-02,34.849998,34.900002,30.520000,30.959999,28.863266,6609400
2021-07-06,30.090000,31.440001,29.110001,30.090000,28.052185,3822700
2021-07-07,29.510000,30.340000,28.750000,28.889999,26.933455,3143600
2021-07-08,28.450001,28.750000,27.440001,27.469999,25.609623,3022000
2021-07-09,27.850000,29.150000,27.110001,28.889999,26.933455,3459000
2021-07-12,29.320000,29.420000,27.700001,28.280001,26.364771,2217700
2021-07-13,28.299999,28.469999,26.740000,27.100000,25.264681,1895400
2021-07-14,27.059999,27.469999,25.840000,26.209999,24.434954,1586000
2021-07-15,26.129999,26.760000,25.180000,25.690001,23.950176,1980500
2021-07-16,25.490000,25.730000,24.549999,24.680000,23.008575,1814400
2021-07-19,24.330000,25.059999,24.150000,24.610001,22.943316,1933100
2021-07-20,24.600000,25.170000,24.240000,24.700001,23.027224,1600600
2021-07-21,24.700001,25.410000,24.240000,24.459999,22.803474,1680000
2021-07-22,24.370001,24.389999,23.230000,23.570000,21.973747,2262600
2021-07-23,23.580000,23.920000,23.129999,23.379999,21.796612,1563600
2021-07-26,23.360001,24.410000,23.129999,23.330000,21.750002,1383600
2021-07-27,23.379999,23.600000,22.719999,23.440001,21.852552,1507900
2021-07-28,23.400000,24.129999,23.100000,23.870001,22.253433,1251000
2021-07-29,24.370001,24.620001,23.799999,24.230000,22.589050,1611500
2021-07-30,23.950001,24.170000,23.240000,23.450001,21.861876,1643300
2021-08-02,23.580000,24.840000,23.440001,24.469999,22.812796,1370400
2021-08-03,24.469999,25.559999,24.120001,25.240000,23.530649,2532100
2021-08-04,25.170000,26.100000,24.610001,24.930000,23.241646,2215400
2021-08-05,24.889999,25.820000,24.650000,25.219999,23.512003,1631700
2021-08-06,25.240000,25.610001,24.440001,24.670000,22.999252,1051000
2021-08-09,24.700001,25.250000,24.450001,24.889999,23.204351,889700
2021-08-10,24.900000,25.170000,24.610001,24.790001,23.111128,885300
2021-08-11,24.799999,24.980000,24.070000,24.709999,23.036543,860800
2021-08-12,24.709999,25.370001,24.469999,24.610001,22.943316,716100
2021-08-13,24.680000,24.750000,23.790001,24.080000,22.449209,927300
2021-08-16,23.959999,24.360001,23.410000,24.170000,22.533113,901900
2021-08-17,24.090000,24.230000,23.670000,23.940001,22.318691,857600
2021-08-18,23.809999,23.920000,23.280001,23.309999,21.731356,795300
2021-08-19,23.020000,23.650000,22.879999,23.170000,21.600838,736200
2021-08-20,23.280001,23.600000,23.110001,23.500000,21.908489,864200
2021-08-23,23.790001,23.799999,23.129999,23.629999,22.029682,930700
2021-08-24,23.650000,23.870001,23.160000,23.780001,22.169527,1288400
2021-08-25,23.879999,24.910000,23.600000,24.570000,22.906025,1316300
2021-08-26,24.559999,24.950001,24.030001,24.250000,22.607695,1019600
2021-08-27,24.370001,24.530001,23.870001,24.420000,22.766182,1109100
2021-08-30,24.690001,24.690001,23.660000,24.250000,22.607695,1323500
2021-08-31,24.270000,24.469999,23.840000,24.129999,22.495821,1454800
2021-09-01,24.260000,25.490000,23.750000,24.879999,23.195026,3630400
2021-09-02,23.200001,23.850000,21.520000,22.090000,20.593979,6664300
2021-09-03,22.110001,22.799999,22.020000,22.450001,20.929600,2025000
2021-09-07,22.320000,22.900000,21.760000,21.830000,20.351587,1801500
2021-09-08,21.920000,21.920000,21.080000,21.090000,19.661705,1567500
2021-09-09,21.129999,21.590000,20.900000,21.420000,19.969355,1252600
2021-09-10,21.510000,21.930000,21.150000,21.180000,19.745607,1024300
2021-09-13,21.110001,21.240000,20.670000,20.879999,19.539732,878300
2021-09-14,20.920000,21.240000,20.480000,20.660000,19.333853,1085000
2021-09-15,20.790001,21.129999,20.530001,20.879999,19.539732,1013000
2021-09-16,20.990000,21.330000,20.660000,20.809999,19.474222,974600
2021-09-17,20.830000,21.270000,20.670000,21.190001,19.829832,2102100
2021-09-20,20.719999,20.959999,20.510000,20.830000,19.492939,1199300
2021-09-21,20.889999,21.160000,20.559999,20.980000,19.633310,777000
2021-09-22,21.020000,21.610001,21.020000,21.299999,19.932768,733300
2021-09-23,21.420000,21.850000,21.120001,21.510000,20.129292,747500
2021-09-24,21.379999,21.820000,21.010000,21.600000,20.213512,619900
2021-09-27,21.610001,22.000000,21.520000,21.879999,20.475540,794500
2021-09-28,21.870001,22.170000,21.530001,21.590000,20.204155,672500
2021-09-29,21.889999,21.900000,21.430000,21.490000,20.110573,592500
2021-09-30,21.690001,21.730000,20.700001,20.760000,19.427431,1068400
2021-10-01,20.830000,21.100000,20.230000,20.930000,19.586523,896800
2021-10-04,20.920000,21.250000,20.740000,21.020000,19.670744,924900
2021-10-05,21.129999,21.600000,21.030001,21.230000,19.867264,790100
2021-10-06,21.100000,21.200001,20.520000,20.580000,19.258986,751200
2021-10-07,20.799999,21.330000,20.750000,21.250000,19.885979,624100
2021-10-08,21.250000,21.299999,20.809999,20.870001,19.530371,433600
2021-10-11,20.990000,21.139999,20.670000,20.809999,19.474222,445700
2021-10-12,20.900000,21.209999,20.809999,20.980000,19.633310,446000
2021-10-13,21.090000,21.139999,20.750000,21.040001,19.689463,399000
2021-10-14,21.230000,21.959999,21.170000,21.570000,20.185438,752500
2021-10-15,21.820000,21.879999,21.120001,21.129999,19.773684,539100
2021-10-18,21.129999,21.650000,21.070000,21.500000,20.119932,613100
2021-10-19,21.639999,21.700001,21.170000,21.700001,20.307096,480000
2021-10-20,21.700001,21.719999,21.309999,21.340000,19.970205,482900
2021-10-21,21.360001,21.620001,21.240000,21.490000,20.110573,478100
2021-10-22,21.480000,21.660000,21.160000,21.660000,20.269659,444500
2021-10-25,21.709999,22.309999,21.549999,22.180000,20.756285,953100
2021-10-26,22.270000,22.400000,21.420000,21.639999,20.250948,742500
2021-10-27,21.559999,21.719999,21.000000,21.010000,19.661386,549600
2021-10-28,21.150000,21.309999,20.910000,21.219999,19.857904,482700
2021-10-29,21.200001,21.650000,21.190001,21.500000,20.119932,713700
2021-11-01,21.540001,22.280001,21.540001,21.840000,20.438110,792500
2021-11-02,21.840000,21.959999,21.299999,21.900000,20.494255,682000
2021-11-03,21.760000,23.240000,21.760000,23.180000,21.692093,1341800
2021-11-04,23.299999,23.510000,21.900000,22.250000,20.821791,1409900
2021-11-05,22.340000,22.430000,21.850000,21.990000,20.578478,636900
2021-11-08,22.129999,22.340000,21.530001,21.549999,20.166723,583900
2021-11-09,21.580000,22.059999,21.580000,21.959999,20.550404,601700
2021-11-10,21.770000,22.139999,21.400000,21.850000,20.447470,647800
2021-11-11,21.969999,22.459999,21.950001,22.170000,20.746927,610900
2021-11-12,22.110001,22.709999,22.030001,22.549999,21.102533,518000
2021-11-15,22.790001,23.400000,22.700001,23.400000,21.897970,770100
2021-11-16,23.350000,24.120001,23.170000,24.040001,22.496895,879400
2021-11-17,23.990000,23.990000,23.360001,23.930000,22.393951,811600
2021-11-18,24.090000,24.200001,23.340000,23.459999,21.954121,555700
2021-11-19,23.450001,24.260000,23.129999,23.620001,22.103849,1181200
2021-11-22,23.840000,24.040001,22.760000,22.959999,21.486217,838700
2021-11-23,23.110001,23.110001,22.340000,22.600000,21.149324,737100
2021-11-24,22.440001,23.490000,22.440001,23.049999,21.570440,542600
2021-11-26,22.549999,22.910000,22.230000,22.450001,21.008955,637400
2021-11-29,22.930000,23.059999,22.049999,22.219999,20.793715,704200
2021-11-30,22.180000,22.959999,21.900000,22.750000,21.289698,1049400
2021-12-01,23.000000,23.540001,22.480000,22.500000,21.055744,989700
2021-12-02,22.650000,23.000000,22.129999,22.910000,21.439426,1231700
2021-12-03,18.350000,18.670000,16.000000,16.330000,15.281788,9093200
2021-12-06,16.510000,17.320000,15.710000,16.750000,15.674831,3845500
2021-12-07,17.350000,18.309999,17.180000,17.870001,16.722940,2807600
2021-12-08,18.040001,18.170000,17.420000,17.850000,16.704222,1675000
2021-12-09,17.870001,18.590000,17.709999,18.350000,17.172131,2089600
2021-12-10,18.450001,18.900000,17.889999,18.049999,16.891382,1610400
2021-12-13,18.000000,18.520000,17.650000,17.690001,16.554493,1985400
2021-12-14,17.610001,18.170000,17.580000,17.940001,16.788446,1324500
2021-12-15,17.990000,18.250000,17.760000,18.129999,17.042248,1694700
2021-12-16,18.280001,18.290001,17.910000,18.040001,16.957647,1369400
2021-12-17,18.030001,18.270000,17.770000,17.950001,16.873045,1400500
2021-12-20,17.719999,17.719999,16.950001,17.049999,16.027042,1363400
2021-12-21,17.299999,17.580000,17.250000,17.510000,16.459444,971100
2021-12-22,17.559999,17.830000,17.410000,17.620001,16.562847,520500
2021-12-23,17.650000,17.670000,17.430000,17.549999,16.497046,633700
2021-12-27,17.580000,17.870001,17.370001,17.750000,16.685045,609400
2021-12-28,17.750000,17.990000,17.559999,17.590000,16.534641,558300
2021-12-29,17.549999,17.740000,17.400000,17.440001,16.393644,555000
2021-12-30,17.450001,17.950001,17.410000,17.730000,16.666245,692600
2021-12-31,17.840000,17.940001,17.670000,17.799999,16.732046,549100
2022-01-03,17.980000,18.180000,17.650000,18.090000,17.004648,976800
2022-01-04,18.170000,18.860001,18.160000,18.700001,17.578049,1400300
2022-01-05,18.559999,18.940001,17.780001,17.820000,16.750843,1101000
2022-01-06,17.990000,18.129999,17.559999,17.840000,16.769648,814600
2022-01-07,17.930000,17.990000,17.500000,17.629999,16.572245,803400
2022-01-10,17.530001,17.600000,17.200001,17.580000,16.525244,830900
2022-01-11,17.620001,17.820000,17.340000,17.480000,16.431246,907500
2022-01-12,17.600000,17.719999,17.299999,17.330000,16.290247,674200
2022-01-13,17.430000,17.709999,17.280001,17.389999,16.346645,592400
2022-01-14,17.250000,17.469999,17.230000,17.459999,16.412445,721300
2022-01-18,17.459999,17.639999,17.299999,17.350000,16.309044,1280600
2022-01-19,17.370001,17.670000,17.209999,17.219999,16.186842,994200
2022-01-20,17.340000,17.370001,16.540001,16.600000,15.604045,946200
2022-01-21,16.559999,16.719999,16.230000,16.250000,15.275043,1042900
2022-01-24,16.040001,17.270000,15.690000,17.230000,16.196245,1670100
2022-01-25,17.049999,17.219999,16.670000,16.700001,15.698043,1043000
2022-01-26,16.900000,16.990000,16.120001,16.180000,15.209243,992000
2022-01-27,16.389999,16.570000,16.020000,16.080000,15.115241,716000
2022-01-28,16.110001,16.670000,15.880000,16.660000,15.660442,661200
2022-01-31,16.520000,17.100000,16.469999,17.080000,16.055243,802300
2022-02-01,17.139999,17.200001,16.750000,17.190001,16.158642,870700
2022-02-02,17.240000,17.510000,16.950001,17.410000,16.365446,811900
2022-02-03,17.290001,17.680000,17.049999,17.080000,16.055243,785500
2022-02-04,17.110001,17.170000,16.670000,17.030001,16.008244,645800
2022-02-07,17.120001,17.350000,17.049999,17.139999,16.111643,724700
2022-02-08,17.230000,17.410000,17.120001,17.160000,16.130445,589100
2022-02-09,17.250000,17.660000,17.170000,17.650000,16.591045,678600
2022-02-10,17.469999,17.840000,17.250000,17.360001,16.318447,604500
2022-02-11,17.420000,17.629999,17.190001,17.459999,16.412445,486100
2022-02-14,17.420000,17.980000,17.420000,17.760000,16.694447,681200
2022-02-15,17.879999,18.120001,17.709999,17.780001,16.713247,639300
2022-02-16,17.670000,17.809999,17.260000,17.350000,16.309044,611400
2022-02-17,17.260000,17.430000,16.910000,16.959999,15.942442,497900
2022-02-18,17.000000,17.180000,16.719999,16.799999,15.792045,603500
2022-02-22,16.660000,16.860001,16.090000,16.120001,15.152843,883200
2022-02-23,16.170000,16.480000,15.970000,16.010000,15.049442,838100
2022-02-24,15.560000,16.610001,15.500000,16.570000,15.575844,957900
2022-02-25,16.600000,16.990000,16.469999,16.969999,15.951844,799200
2022-02-28,16.870001,17.660000,16.870001,17.629999,16.572245,914300
2022-03-01,17.629999,17.969999,17.370001,17.510000,16.459444,893400
2022-03-02,17.580000,18.160000,17.450001,18.080000,16.995245,944200
2022-03-03,18.160000,18.250000,17.809999,17.889999,16.816645,1703500
2022-03-04,14.270000,15.830000,13.850000,15.650000,14.711040,9109300
2022-03-07,15.970000,16.790001,15.460000,15.660000,14.720440,2266800
2022-03-08,15.600000,15.790000,14.650000,14.780000,13.893237,1711000
2022-03-09,15.110000,16.309999,15.000000,16.200001,15.228043,2173900
2022-03-10,15.890000,16.350000,15.880000,16.200001,15.228043,809400
2022-03-11,16.219999,16.330000,15.720000,15.780000,14.833241,709000
2022-03-14,15.800000,16.500000,15.800000,16.040001,15.077641,1068200
2022-03-15,16.170000,16.280001,15.360000,15.710000,14.767441,749000
2022-03-16,15.810000,16.290001,15.650000,16.260000,15.362674,998500
2022-03-17,16.240000,16.660000,16.040001,16.570000,15.655563,688000
2022-03-18,16.450001,16.889999,16.250000,16.820000,15.891768,1845100
2022-03-21,16.700001,16.969999,16.350000,16.520000,15.608325,818400
2022-03-22,16.610001,16.709999,16.250000,16.450001,15.542191,737600
2022-03-23,16.290001,16.440001,15.800000,15.850000,14.975300,682400
2022-03-24,15.920000,15.970000,15.690000,15.960000,15.079229,574700
2022-03-25,15.910000,16.150000,15.730000,15.730000,14.861921,711200
2022-03-28,15.760000,15.800000,15.460000,15.630000,14.767441,564700
2022-03-29,15.810000,15.950000,15.660000,15.790000,14.918612,590400
2022-03-30,15.720000,15.880000,15.410000,15.450000,14.597374,617400
2022-03-31,15.510000,15.510000,15.100000,15.130000,14.295034,866200
2022-04-01,15.220000,15.440000,15.110000,15.430000,14.578478,707900
2022-04-04,15.460000,15.730000,15.330000,15.560000,14.701304,586600
2022-04-05,15.520000,15.650000,15.070000,15.120000,14.285586,833800
2022-04-06,15.000000,15.130000,14.620000,14.650000,13.841522,812800
2022-04-07,14.700000,14.970000,14.490000,14.910000,14.087175,713700
2022-04-08,14.970000,15.250000,14.890000,14.940000,14.115520,597600
2022-04-11,14.900000,15.080000,14.720000,14.780000,13.964348,832800
2022-04-12,14.880000,15.290000,14.830000,14.890000,14.068278,619700
2022-04-13,14.890000,15.000000,14.770000,14.820000,14.002142,507900
2022-04-14,14.820000,14.930000,14.670000,14.720000,13.907661,519200
2022-04-18,14.670000,14.790000,14.420000,14.710000,13.898212,556900
2022-04-19,14.660000,15.150000,14.570000,15.000000,14.172208,458200
2022-04-20,15.140000,15.240000,14.840000,14.850000,14.030486,518600
2022-04-21,15.020000,15.060000,14.450000,14.550000,13.747042,549700
2022-04-22,14.500000,14.560000,14.160000,14.290000,13.501390,558200
2022-04-25,14.210000,14.730000,14.100000,14.720000,13.907661,652600
2022-04-26,14.570000,14.640000,14.150000,14.170000,13.388013,624600
2022-04-27,14.170000,14.330000,13.790000,13.860000,13.095121,805500
2022-04-28,14.050000,14.140000,13.670000,13.850000,13.085672,653100
2022-04-29,13.870000,14.270000,13.680000,13.730000,12.972294,754400
2022-05-02,13.690000,14.240000,13.620000,14.190000,13.406909,679100
2022-05-03,14.080000,14.710000,14.020000,14.460000,13.662009,769400
2022-05-04,14.500000,14.790000,14.290000,14.750000,13.936004,590900
2022-05-05,14.680000,14.840000,13.920000,14.170000,13.388013,618100
2022-05-06,14.150000,14.200000,13.710000,13.940000,13.170706,440300
2022-05-09,13.740000,14.070000,13.650000,13.920000,13.151809,556200
2022-05-10,13.990000,14.010000,13.490000,13.720000,12.962848,618300
2022-05-11,13.770000,14.090000,13.550000,13.570000,12.821124,651000
2022-05-12,13.490000,13.950000,13.360000,13.810000,13.047881,582600
2022-05-13,13.870000,14.310000,13.870000,14.140000,13.359669,556500
2022-05-16,14.120000,14.750000,14.090000,14.140000,13.359669,617300
2022-05-17,14.350000,14.590000,14.150000,14.310000,13.520288,450300
2022-05-18,14.280000,14.330000,13.340000,13.510000,12.764435,899800
2022-05-19,13.300000,13.860000,13.300000,13.710000,12.953398,568400
2022-05-20,13.790000,14.020000,13.550000,14.000000,13.227394,602800
2022-05-23,14.060000,14.190000,13.640000,13.790000,13.028983,720900
2022-05-24,13.700000,14.210000,13.420000,13.940000,13.170706,1563000
2022-05-25,14.000000,15.400000,13.770000,14.900000,14.077726,2931800
2022-05-26,15.050000,15.490000,15.050000,15.120000,14.285586,1139900
2022-05-27,15.240000,15.500000,14.880000,15.200000,14.361171,1040600
2022-05-31,15.240000,15.680000,14.850000,15.480000,14.625717,1564800
2022-06-01,15.680000,15.710000,15.020000,15.030000,14.200553,871200
2022-06-02,15.180000,15.900000,15.010000,15.890000,15.013092,1479300
2022-06-03,15.670000,15.800000,15.210000,15.250000,14.408411,769000
2022-06-06,15.330000,15.500000,15.060000,15.340000,14.493444,1075600
2022-06-07,15.230000,15.870000,15.210000,15.720000,14.852475,1189700
2022-06-08,15.580000,15.820000,15.250000,15.380000,14.531238,711600
2022-06-09,15.270000,15.490000,15.180000,15.420000,14.569030,557300
2022-06-10,15.190000,15.560000,15.190000,15.280000,14.436756,717700
2022-06-13,14.870000,15.200000,14.370000,14.510000,13.709249,794000
2022-06-14,14.510000,14.700000,14.340000,14.480000,13.680903,628900
2022-06-15,14.570000,14.810000,14.380000,14.530000,13.728147,986000
2022-06-16,14.170000,14.300000,13.400000,13.520000,12.773883,1395600
2022-06-17,13.570000,13.680000,13.170000,13.410000,12.669953,1328500
2022-06-21,13.630000,13.760000,13.330000,13.420000,12.679401,1198300
2022-06-22,13.310000,13.460000,13.020000,13.100000,12.377062,1041500
2022-06-23,13.150000,14.430000,13.150000,14.360000,13.567527,2855500
2022-06-24,14.180000,16.719999,13.900000,16.440001,15.532742,6315500
2022-06-27,16.540001,16.650000,14.270000,14.320000,13.529735,3718900
2022-06-28,14.230000,14.750000,14.130000,14.190000,13.406909,1168600
2022-06-29,14.240000,14.330000,13.520000,13.780000,13.019534,1211000
2022-06-30,13.560000,13.690000,13.020000,13.130000,12.405407,1460400
2022-07-01,13.150000,13.530000,13.010000,13.520000,12.773883,1151300
2022-07-05,13.420000,14.050000,13.340000,14.030000,13.255739,1144600
2022-07-06,13.900000,14.090000,13.220000,13.240000,12.599137,1386700
2022-07-07,13.260000,13.550000,13.260000,13.490000,12.837036,822600
2022-07-08,13.430000,13.500000,13.120000,13.250000,12.608652,974800
2022-07-11,13.190000,13.460000,13.100000,13.380000,12.732362,1209300
2022-07-12,13.280000,13.720000,13.160000,13.280000,12.637200,1022300
2022-07-13,13.010000,13.480000,13.010000,13.340000,12.694297,1186100
2022-07-14,13.180000,13.260000,12.780000,13.000000,12.370754,1148300
2022-07-15,13.200000,13.260000,13.010000,13.150000,12.513493,642100
2022-07-18,13.260000,13.430000,12.960000,12.990000,12.361238,920900
2022-07-19,13.070000,13.490000,13.070000,13.290000,12.646717,694200
2022-07-20,13.310000,13.600000,13.180000,13.560000,12.903648,650800
2022-07-21,13.580000,13.680000,13.310000,13.660000,12.998807,485700
2022-07-22,13.730000,13.760000,13.400000,13.590000,12.932195,449600
2022-07-25,13.620000,13.890000,13.540000,13.840000,13.170095,1280100
2022-07-26,13.700000,13.700000,13.220000,13.620000,12.960744,804900
2022-07-27,13.710000,14.160000,13.550000,14.100000,13.417510,772800
2022-07-28,14.130000,14.410000,13.890000,14.380000,13.683957,501900
2022-07-29,14.440000,14.640000,14.300000,14.550000,13.845728,673400
2022-08-01,14.540000,14.730000,14.360000,14.430000,13.731538,516600
2022-08-02,14.330000,14.470000,14.080000,14.190000,13.503154,516300
2022-08-03,14.300000,14.700000,14.230000,14.590000,13.883792,561300
2022-08-04,14.480000,14.520000,14.010000,14.190000,13.503154,949500
2022-08-05,14.020000,14.280000,13.960000,14.010000,13.331867,780500
2022-08-08,14.100000,14.700000,14.010000,14.290000,13.598313,675800
2022-08-09,14.300000,14.330000,13.960000,14.040000,13.360414,518600
2022-08-10,14.310000,14.910000,14.280000,14.700000,13.988467,790900
2022-08-11,14.840000,15.000000,14.720000,14.740000,14.026532,475200
2022-08-12,14.860000,14.990000,14.670000,14.900000,14.178787,511800
2022-08-15,14.800000,15.160000,14.630000,15.120000,14.388139,589600
2022-08-16,15.100000,15.720000,15.040000,15.510000,14.759261,699000
2022-08-17,15.250000,15.480000,15.160000,15.300000,14.559426,450400
2022-08-18,15.280000,15.400000,15.130000,15.330000,14.587973,402600
2022-08-19,15.130000,15.210000,14.890000,14.990000,14.264431,543400
2022-08-22,14.810000,14.830000,14.220000,14.250000,13.560249,727200
2022-08-23,14.250000,14.450000,14.130000,14.200000,13.512670,541700
2022-08-24,14.220000,14.270000,13.900000,14.030000,13.350899,488300
2022-08-25,14.000000,14.340000,13.900000,14.110000,13.427025,527500
2022-08-26,14.140000,14.140000,13.600000,13.620000,12.960744,577900
2022-08-29,13.560000,13.740000,13.510000,13.590000,12.932195,444500
2022-08-30,13.720000,13.720000,13.460000,13.560000,12.903648,666600
2022-08-31,13.580000,13.620000,13.260000,13.300000,12.656232,494000
2022-09-01,13.230000,13.760000,13.170000,13.740000,13.074935,905400
2022-09-02,13.860000,13.890000,13.230000,13.380000,12.732362,610700
2022-09-06,13.380000,13.540000,13.250000,13.460000,12.808489,421000
2022-09-07,13.470000,13.660000,13.420000,13.570000,12.913164,488200
2022-09-08,13.550000,13.550000,13.220000,13.430000,12.779941,1464300
2022-09-09,13.050000,13.370000,12.470000,12.580000,11.971084,2739900
2022-09-12,12.630000,12.920000,12.370000,12.390000,11.790280,1556200
2022-09-13,12.270000,12.270000,11.590000,11.620000,11.057551,1919900
2022-09-14,11.590000,12.110000,11.420000,12.020000,11.438190,1906300
2022-09-15,11.950000,12.170000,11.730000,11.790000,11.219322,1229400
2022-09-16,11.650000,11.680000,11.190000,11.340000,10.791104,1632800
2022-09-19,11.170000,11.330000,11.090000,11.170000,10.629333,846300
2022-09-20,11.090000,11.090000,10.620000,10.700000,10.182081,1104100
2022-09-21,10.630000,10.660000,10.060000,10.090000,9.692189,1175500
2022-09-22,10.160000,10.450000,9.930000,10.330000,9.922728,1264200
2022-09-23,10.180000,10.360000,10.140000,10.350000,9.941938,980500
2022-09-26,10.290000,10.490000,10.080000,10.120000,9.721006,804600
2022-09-27,10.210000,10.310000,10.110000,10.260000,9.855487,675900
2022-09-28,10.300000,10.410000,10.250000,10.360000,9.951544,516800
2022-09-29,10.260000,10.440000,10.150000,10.430000,10.018785,684800
2022-09-30,10.360000,10.560000,10.240000,10.370000,9.961150,743700
2022-10-03,10.440000,10.450000,10.140000,10.170000,9.769036,804100
2022-10-04,10.330000,10.660000,10.310000,10.350000,9.941938,818500
2022-10-05,10.230000,10.330000,10.040000,10.280000,9.874698,809700
2022-10-06,10.250000,10.490000,10.210000,10.450000,10.037996,575800
2022-10-07,10.350000,10.380000,10.150000,10.280000,9.874698,667600
2022-10-10,10.320000,10.470000,10.180000,10.430000,10.018785,518600
2022-10-11,10.400000,10.470000,10.160000,10.280000,9.874698,667300
2022-10-12,10.240000,10.340000,10.110000,10.210000,9.807459,622900
2022-10-13,10.120000,10.540000,10.010000,10.500000,10.086025,829600
2022-10-14,10.560000,10.650000,10.280000,10.320000,9.913120,441400
2022-10-17,10.490000,10.710000,10.460000,10.590000,10.172476,529200
2022-10-18,10.780000,10.900000,10.550000,10.610000,10.191688,522700
2022-10-19,10.500000,10.670000,10.120000,10.260000,9.855487,689200
2022-10-20,10.260000,10.450000,10.180000,10.230000,9.826669,441000
2022-10-21,10.250000,10.400000,10.140000,10.340000,9.932333,534700
2022-10-24,10.390000,10.480000,10.270000,10.450000,10.037996,602700
2022-10-25,10.450000,10.890000,10.440000,10.840000,10.412620,601600
2022-10-26,10.850000,11.180000,10.770000,10.840000,10.412620,562700
2022-10-27,10.900000,11.280000,10.870000,11.060000,10.623946,568000
2022-10-28,11.050000,11.410000,11.030000,11.300000,10.854484,479300
2022-10-31,11.220000,11.390000,11.180000,11.290000,10.844878,443800
2022-11-01,11.420000,11.500000,11.310000,11.430000,10.979359,370800
2022-11-02,11.380000,11.540000,11.040000,11.080000,10.643156,608900
2022-11-03,11.040000,11.100000,10.650000,10.950000,10.518283,835700
2022-11-04,11.080000,11.440000,10.880000,11.240000,10.796849,732800
2022-11-07,11.310000,11.630000,11.270000,11.580000,11.123445,696000
2022-11-08,11.550000,11.590000,11.330000,11.550000,11.094627,467300
2022-11-09,11.470000,11.470000,10.860000,10.900000,10.470254,646400
2022-11-10,11.280000,11.940000,11.200000,11.710000,11.248319,898600
2022-11-11,11.750000,12.040000,11.630000,11.940000,11.469251,638200
2022-11-14,11.840000,11.940000,11.560000,11.780000,11.315558,496900
2022-11-15,11.830000,12.240000,11.830000,12.180000,11.699788,584200
2022-11-16,12.050000,12.100000,11.580000,11.800000,11.334770,482000
2022-11-17,11.630000,11.950000,11.580000,11.940000,11.469251,431300
2022-11-18,12.030000,12.110000,11.620000,11.650000,11.190684,426800
2022-11-21,11.640000,11.640000,11.260000,11.380000,10.931331,414500
2022-11-22,11.460000,11.610000,11.370000,11.590000,11.133049,327600
2022-11-23,11.580000,11.860000,11.540000,11.850000,11.382799,378700
2022-11-25,11.850000,11.930000,11.760000,11.830000,11.363587,168800
2022-11-28,11.830000,11.880000,11.600000,11.680000,11.219501,370300
2022-11-29,11.660000,11.810000,11.590000,11.680000,11.219501,285700
2022-11-30,11.690000,11.830000,11.500000,11.770000,11.305954,537000
2022-12-01,11.820000,12.180000,11.820000,12.150000,11.670970,499200
2022-12-02,12.100000,12.420000,12.100000,12.390000,11.901509,668300
2022-12-05,12.350000,12.350000,12.020000,12.060000,11.584520,443900
2022-12-06,12.070000,12.100000,11.650000,11.800000,11.334770,718800
2022-12-07,10.820000,10.820000,9.480000,9.490000,9.115846,3436700
2022-12-08,9.600000,9.960000,9.300000,9.690000,9.307961,1646900
2022-12-09,9.560000,9.730000,9.330000,9.340000,8.971759,1405500
2022-12-12,9.390000,9.440000,9.120000,9.240000,8.875702,1041300
2022-12-13,9.490000,9.740000,9.090000,9.120000,8.760433,1382600
2022-12-14,9.090000,9.210000,8.920000,9.060000,8.702799,1114600
2022-12-15,8.900000,8.960000,8.720000,8.770000,8.424232,945000
2022-12-16,8.740000,8.820000,8.540000,8.570000,8.232117,1386100
2022-12-19,8.520000,8.570000,8.320000,8.400000,8.164083,1016600
2022-12-20,8.390000,8.560000,8.290000,8.360000,8.125206,749900
2022-12-21,8.450000,8.480000,8.310000,8.430000,8.193240,611500
2022-12-22,8.350000,8.710000,8.210000,8.690000,8.445938,1042100
2022-12-23,8.760000,8.800000,8.580000,8.720000,8.475096,552500
2022-12-27,8.740000,8.850000,8.570000,8.640000,8.397343,655600
2022-12-28,8.640000,8.710000,8.430000,8.510000,8.270994,577300
2022-12-29,8.640000,8.860000,8.620000,8.780000,8.533410,732600
2022-12-30,8.730000,8.790000,8.600000,8.680000,8.436220,752600
2023-01-03,8.810000,8.940000,8.750000,8.920000,8.669478,802800
2023-01-04,8.990000,9.020000,8.820000,8.890000,8.640322,619600
2023-01-05,8.880000,8.930000,8.720000,8.890000,8.640322,519100
2023-01-06,8.950000,9.170000,8.880000,9.170000,8.912457,575100
2023-01-09,9.180000,9.560000,9.150000,9.460000,9.194313,968600
2023-01-10,9.500000,9.750000,9.480000,9.730000,9.456730,744100
2023-01-11,9.800000,10.050000,9.740000,10.040000,9.758022,677800
2023-01-12,10.110000,10.130000,9.950000,10.060000,9.777463,782200
2023-01-13,9.980000,10.280000,9.950000,10.250000,9.962126,696800
2023-01-17,10.280000,10.520000,10.150000,10.390000,10.098193,718000
2023-01-18,10.400000,10.650000,10.370000,10.500000,10.205104,655900
2023-01-19,10.410000,10.430000,9.900000,9.960000,9.680269,775300
2023-01-20,10.050000,10.300000,9.940000,10.280000,9.991282,627400
2023-01-23,10.300000,10.420000,10.250000,10.350000,10.059317,590600
2023-01-24,10.300000,10.400000,10.190000,10.250000,9.962126,343900
2023-01-25,10.170000,10.600000,10.150000,10.570000,10.273138,480800
2023-01-26,10.630000,10.820000,10.570000,10.800000,10.496678,579800
2023-01-27,10.810000,10.980000,10.760000,10.890000,10.584151,562500
2023-01-30,10.810000,10.900000,10.750000,10.810000,10.506397,350000
2023-01-31,10.890000,11.090000,10.890000,11.080000,10.768814,461000
2023-02-01,11.080000,11.320000,10.890000,11.250000,10.934040,518100
2023-02-02,11.350000,11.600000,11.190000,11.320000,11.002074,708300
2023-02-03,11.190000,11.370000,11.120000,11.170000,10.856287,401600
2023-02-06,11.090000,11.100000,10.810000,10.870000,10.564713,443000
2023-02-07,10.840000,10.970000,10.700000,10.950000,10.642466,388100
2023-02-08,10.870000,10.880000,10.630000,10.750000,10.448082,398300
2023-02-09,10.810000,10.880000,10.550000,10.570000,10.273138,383300
2023-02-10,10.540000,10.560000,10.380000,10.490000,10.195385,439700
2023-02-13,10.510000,10.790000,10.460000,10.740000,10.438363,516200
2023-02-14,10.720000,11.020000,10.590000,10.990000,10.681342,424300
2023-02-15,10.890000,11.150000,10.810000,11.150000,10.836847,319000
2023-02-16,11.010000,11.110000,10.940000,11.010000,10.700781,328000
2023-02-17,11.060000,11.060000,10.780000,11.010000,10.700781,324200
2023-02-21,10.860000,10.920000,10.720000,10.750000,10.448082,595200
2023-02-22,10.740000,10.900000,10.600000,10.860000,10.554994,402900
2023-02-23,10.930000,11.160000,10.750000,11.150000,10.836847,655700
2023-02-24,10.960000,11.020000,10.810000,10.970000,10.661904,363600
2023-02-27,11.030000,11.120000,10.820000,10.820000,10.516115,345900
2023-02-28,10.820000,11.010000,10.730000,10.940000,10.632746,521800
2023-03-01,10.940000,10.950000,10.670000,10.700000,10.399487,365800
2023-03-02,10.640000,10.770000,10.560000,10.750000,10.448082,387900
2023-03-03,10.850000,11.150000,10.700000,11.110000,10.797972,365400
2023-03-06,11.150000,11.230000,10.460000,10.510000,10.214824,597900
2023-03-07,10.520000,10.660000,10.470000,10.560000,10.263419,356100
2023-03-08,10.620000,10.630000,10.410000,10.580000,10.282858,366800
2023-03-09,10.580000,10.610000,10.340000,10.390000,10.098193,774600
2023-03-10,10.850000,11.470000,10.690000,11.030000,10.720219,1310100
2023-03-13,10.800000,10.940000,10.590000,10.760000,10.457801,1175500
2023-03-14,11.030000,11.250000,10.810000,10.940000,10.632746,841300
2023-03-15,10.580000,11.070000,10.430000,11.000000,10.789688,895200
2023-03-16,10.800000,11.170000,10.670000,11.010000,10.799497,756300
2023-03-17,10.930000,11.160000,10.770000,10.810000,10.603321,2322400
2023-03-20,10.870000,11.330000,10.870000,11.240000,11.025099,807400
2023-03-21,11.320000,11.540000,11.070000,11.190000,10.976055,510900
2023-03-22,11.180000,11.300000,10.950000,10.950000,10.740643,455800
2023-03-23,11.210000,11.320000,11.010000,11.170000,10.956438,492200
2023-03-24,11.120000,11.350000,11.060000,11.320000,11.103569,514900
2023-03-27,11.350000,11.400000,11.170000,11.310000,11.093760,621900
2023-03-28,11.290000,11.400000,11.210000,11.380000,11.162422,456700
2023-03-29,11.500000,11.530000,11.400000,11.530000,11.309554,448500
2023-03-30,11.570000,11.750000,11.490000,11.750000,11.525348,385500
2023-03-31,11.850000,12.350000,11.820000,12.310000,12.074641,1999600
2023-04-03,12.390000,12.410000,12.070000,12.250000,12.015789,510900
2023-04-04,12.250000,12.280000,12.020000,12.150000,11.917700,460000
2023-04-05,12.050000,12.090000,11.810000,11.900000,11.672480,363700
2023-04-06,11.820000,11.940000,11.770000,11.850000,11.623437,296000
2023-04-10,11.900000,12.300000,11.900000,12.250000,12.015789,389000
2023-04-11,12.280000,12.620000,12.280000,12.450000,12.211965,507200
2023-04-12,12.520000,12.580000,12.110000,12.150000,11.917700,333100
2023-04-13,12.170000,12.300000,12.140000,12.260000,12.025598,273200
2023-04-14,12.200000,12.350000,12.110000,12.220000,11.986362,283500
2023-04-17,12.240000,12.370000,12.210000,12.290000,12.055023,291500
2023-04-18,12.290000,12.350000,12.160000,12.260000,12.025598,271700
2023-04-19,12.240000,12.290000,12.160000,12.230000,11.996171,257300
2023-04-20,12.160000,12.250000,12.100000,12.210000,11.976554,308300
2023-04-21,12.230000,12.320000,12.140000,12.310000,12.074641,252100
2023-04-24,12.200000,12.450000,12.150000,12.430000,12.192348,368000
2023-04-25,12.290000,12.420000,12.210000,12.360000,12.123685,286300
2023-04-26,12.320000,12.450000,12.270000,12.390000,12.153112,356500
2023-04-27,12.440000,12.440000,11.910000,11.960000,11.731333,408400
2023-04-28,11.940000,12.090000,11.810000,12.020000,11.790186,343800
2023-05-01,11.960000,12.130000,11.890000,12.080000,11.849039,252900
2023-05-02,12.000000,12.050000,11.810000,12.020000,11.790186,345900
2023-05-03,12.020000,12.140000,11.820000,11.820000,11.594009,328000
2023-05-04,11.760000,11.880000,11.510000,11.560000,11.338982,426000
2023-05-05,11.750000,12.110000,11.740000,12.090000,11.858848,342400
2023-05-08,12.110000,12.150000,11.890000,11.910000,11.682289,228600
2023-05-09,11.910000,12.070000,11.850000,11.990000,11.760759,218600
2023-05-10,12.140000,12.170000,11.660000,11.830000,11.603818,402200
2023-05-11,11.770000,12.030000,11.750000,12.020000,11.790186,319300
2023-05-12,12.020000,12.130000,11.950000,12.030000,11.799994,168000
2023-05-15,12.060000,12.070000,11.820000,11.860000,11.633245,235700
2023-05-16,11.800000,11.850000,11.620000,11.800000,11.574392,222100
2023-05-17,11.820000,11.910000,11.720000,11.860000,11.633245,239800
2023-05-18,11.860000,12.010000,11.760000,12.010000,11.780376,278700
2023-05-19,12.030000,12.100000,11.910000,12.050000,11.819613,399300
2023-05-22,12.050000,12.180000,11.940000,12.100000,11.868657,333900
2023-05-23,12.110000,12.440000,12.060000,12.140000,11.907891,392500
2023-05-24,12.130000,12.190000,11.920000,12.070000,11.839230,302000
2023-05-25,12.020000,12.100000,11.960000,12.080000,11.849039,252800
2023-05-26,12.070000,12.260000,12.030000,12.250000,12.015789,222500
2023-05-30,12.320000,12.320000,12.000000,12.100000,11.868657,248300
2023-05-31,12.020000,12.100000,11.540000,11.730000,11.505731,429300
2023-06-01,11.730000,11.750000,11.530000,11.610000,11.388024,266200
2023-06-02,11.720000,12.110000,11.720000,12.110000,11.878465,388200
2023-06-05,12.050000,12.130000,11.870000,11.980000,11.750950,260100
2023-06-06,11.940000,12.540000,11.940000,12.490000,12.251200,501600
2023-06-07,12.520000,12.870000,12.500000,12.590000,12.349288,660500
2023-06-08,12.600000,12.710000,12.530000,12.660000,12.417950,325200
2023-06-09,12.650000,12.700000,12.480000,12.510000,12.270818,278200
2023-06-12,12.590000,12.610000,12.470000,12.510000,12.270818,301700
2023-06-13,12.550000,12.700000,12.450000,12.490000,12.251200,337800
2023-06-14,12.490000,12.590000,12.250000,12.330000,12.094258,398100
2023-06-15,12.290000,12.300000,11.860000,12.120000,11.888274,589000
2023-06-16,12.230000,12.230000,11.810000,11.930000,11.701907,611600
2023-06-20,11.930000,11.980000,11.530000,11.640000,11.417451,544600
2023-06-21,11.620000,11.740000,11.420000,11.700000,11.476304,536200
2023-06-22,11.650000,11.680000,11.180000,11.240000,11.025099,1188500
2023-06-23,12.000000,13.630000,11.900000,13.510000,13.251698,7122400
2023-06-26,13.570000,13.690000,13.100000,13.100000,12.849538,1294500
2023-06-27,13.170000,13.330000,12.680000,12.680000,12.437567,1354100
2023-06-28,12.630000,12.900000,12.560000,12.820000,12.574890,676100
2023-06-29,12.880000,13.580000,12.880000,13.200000,12.947625,546600
2023-06-30,13.450000,13.450000,13.000000,13.040000,12.790684,521500
2023-07-03,13.070000,13.260000,13.050000,13.160000,12.908390,212600
2023-07-05,13.040000,13.100000,12.810000,12.940000,12.692595,375100
2023-07-06,12.870000,13.180000,12.790000,13.090000,12.839728,544900
2023-07-07,13.090000,13.210000,13.020000,13.110000,12.859345,504700
2023-07-10,13.130000,13.390000,13.090000,13.220000,12.967242,387400
2023-07-11,13.250000,13.310000,13.150000,13.310000,13.055523,293700
2023-07-12,13.280000,13.430000,13.190000,13.360000,13.223788,376500
2023-07-13,13.380000,13.460000,13.280000,13.330000,13.194095,288400
2023-07-14,13.330000,13.330000,12.990000,13.150000,13.015929,286600
2023-07-17,13.120000,13.120000,12.730000,12.750000,12.620008,371200
2023-07-18,12.740000,13.010000,12.570000,12.720000,12.590314,380900
2023-07-19,12.770000,12.950000,12.760000,12.860000,12.728887,465100
2023-07-20,12.870000,12.970000,12.710000,12.900000,12.768478,240900
2023-07-21,12.980000,13.000000,12.710000,12.790000,12.659600,270300
2023-07-24,12.790000,12.970000,12.710000,12.950000,12.817969,258900
2023-07-25,12.990000,13.030000,12.800000,12.900000,12.768478,264100
2023-07-26,12.900000,13.030000,12.850000,13.030000,12.897153,199400
2023-07-27,13.060000,13.200000,12.830000,12.910000,12.778377,272900
2023-07-28,12.930000,13.130000,12.770000,12.810000,12.679397,266000
2023-07-31,12.810000,12.900000,12.660000,12.730000,12.600212,310300
2023-08-01,12.680000,12.720000,12.490000,12.600000,12.471538,339500
2023-08-02,12.540000,12.600000,12.420000,12.510000,12.382455,286300
2023-08-03,12.500000,12.640000,12.440000,12.560000,12.431946,248800
2023-08-04,12.600000,12.880000,12.560000,12.690000,12.560619,425100
2023-08-07,12.690000,12.820000,12.390000,12.800000,12.669498,414300
2023-08-08,12.780000,12.880000,12.620000,12.870000,12.738785,254400
2023-08-09,12.900000,13.140000,12.890000,12.960000,12.827868,292500
2023-08-10,13.010000,13.220000,12.730000,12.740000,12.610110,313200
2023-08-11,12.560000,12.920000,12.530000,12.830000,12.699192,281700
2023-08-14,12.830000,12.880000,12.630000,12.660000,12.530926,397300
2023-08-15,12.650000,13.030000,12.590000,12.980000,12.847663,365000
2023-08-16,12.990000,13.190000,12.820000,12.840000,12.709091,316700
2023-08-17,12.840000,12.990000,12.770000,12.910000,12.778377,306900
2023-08-18,12.820000,13.020000,12.820000,12.900000,12.768478,196700
2023-08-21,12.900000,13.010000,12.780000,12.830000,12.699192,230900
2023-08-22,12.840000,12.890000,12.520000,12.620000,12.491334,270200
2023-08-23,12.590000,12.740000,12.400000,12.710000,12.580416,290900
2023-08-24,12.690000,12.740000,12.320000,12.330000,12.204290,290600
2023-08-25,12.380000,12.500000,12.170000,12.210000,12.085514,301000
2023-08-28,12.210000,12.480000,11.940000,11.960000,11.838062,427000
2023-08-29,11.950000,11.970000,11.740000,11.830000,11.709388,484200
2023-08-30,11.790000,11.850000,11.620000,11.660000,11.541121,345600
2023-08-31,11.700000,11.910000,11.680000,11.740000,11.620305,321100
2023-09-01,11.740000,11.860000,11.580000,11.710000,11.590611,274100
2023-09-05,11.680000,11.680000,11.250000,11.260000,11.145200,367500
2023-09-06,11.370000,11.400000,10.810000,10.840000,10.729482,545000
2023-09-07,10.830000,10.840000,10.380000,10.510000,10.402846,1058600
2023-09-08,12.180000,13.180000,11.410000,11.650000,11.531222,3419800
2023-09-11,11.640000,12.110000,11.600000,11.630000,11.511427,919200
2023-09-12,11.650000,11.840000,11.410000,11.410000,11.293670,610900
2023-09-13,11.400000,11.580000,11.330000,11.360000,11.244180,563200
2023-09-14,11.440000,11.690000,11.440000,11.540000,11.422344,506700
2023-09-15,11.540000,11.580000,11.220000,11.470000,11.353059,647800
2023-09-18,11.470000,11.670000,11.320000,11.630000,11.511427,429300
2023-09-19,11.650000,11.840000,11.630000,11.770000,11.650001,417200
2023-09-20,11.980000,12.390000,11.970000,11.990000,11.990000,841000
2023-09-21,11.890000,12.590000,11.840000,12.390000,12.390000,764300
2023-09-22,12.440000,12.570000,12.280000,12.530000,12.530000,604500
2023-09-25,12.510000,12.880000,12.500000,12.820000,12.820000,421400
2023-09-26,12.720000,12.930000,12.670000,12.800000,12.800000,524200
2023-09-27,12.810000,12.910000,12.740000,12.860000,12.860000,400500
2023-09-28,12.870000,12.970000,12.820000,12.830000,12.830000,339000
2023-09-29,12.850000,12.980000,12.820000,12.910000,12.910000,351500
2023-10-02,12.890000,13.370000,12.880000,13.140000,13.140000,679200
2023-10-03,13.200000,13.280000,12.990000,13.040000,13.040000,483000
2023-10-04,12.990000,13.310000,12.990000,13.210000,13.210000,348800
2023-10-05,13.230000,13.300000,13.030000,13.110000,13.110000,485100
2023-10-06,13.100000,13.160000,12.960000,12.980000,12.980000,311200
2023-10-09,13.020000,13.450000,13.010000,13.420000,13.420000,576300
2023-10-10,13.490000,14.070000,13.490000,13.550000,13.550000,637000
2023-10-11,13.580000,13.930000,13.480000,13.830000,13.830000,459400
2023-10-12,13.880000,14.190000,13.560000,13.800000,13.800000,440400
2023-10-13,13.800000,14.370000,13.600000,14.160000,14.160000,874200
2023-10-16,14.050000,14.350000,13.920000,14.180000,14.180000,580600
2023-10-17,14.240000,14.300000,13.900000,14.230000,14.230000,524200
2023-10-18,14.170000,14.550000,14.080000,14.160000,14.160000,503800
2023-10-19,14.110000,14.240000,13.850000,14.090000,14.090000,375200
2023-10-20,14.150000,14.150000,13.900000,13.970000,13.970000,281300
2023-10-23,13.900000,14.000000,13.690000,13.700000,13.700000,318800
2023-10-24,13.770000,13.930000,13.500000,13.700000,13.700000,363900
2023-10-25,13.650000,14.190000,13.540000,14.130000,14.130000,561900
2023-10-26,14.130000,14.820000,14.130000,14.810000,14.810000,834300
2023-10-27,14.830000,14.860000,14.150000,14.240000,14.240000,600600
2023-10-30,14.250000,14.280000,14.010000,14.210000,14.210000,332100
2023-10-31,14.220000,14.830000,14.220000,14.730000,14.730000,556900
2023-11-01,14.670000,14.760000,14.370000,14.610000,14.610000,349600
2023-11-02,14.540000,14.750000,14.020000,14.380000,14.380000,727200
2023-11-03,14.550000,14.740000,14.240000,14.480000,14.480000,483900
2023-11-06,14.400000,14.410000,14.210000,14.290000,14.290000,395600
2023-11-07,14.220000,14.250000,13.880000,14.000000,14.000000,500600
2023-11-08,14.050000,14.050000,13.580000,13.740000,13.740000,391900
2023-11-09,13.760000,13.870000,13.600000,13.680000,13.680000,305300
2023-11-10,13.730000,13.900000,13.600000,13.830000,13.830000,256500
2023-11-13,13.800000,13.940000,13.610000,13.710000,13.710000,400200
2023-11-14,13.790000,14.390000,13.790000,14.230000,14.230000,778500
2023-11-15,14.160000,14.660000,14.160000,14.420000,14.420000,384000
2023-11-16,14.430000,14.430000,13.800000,13.940000,13.940000,343300
2023-11-17,14.030000,14.140000,13.910000,13.990000,13.990000,284300
2023-11-20,13.960000,14.080000,13.880000,14.010000,14.010000,288800
2023-11-21,14.000000,14.050000,13.800000,13.950000,13.950000,296000
2023-11-22,14.020000,14.170000,13.970000,14.040000,14.040000,285700
2023-11-24,14.140000,14.250000,14.000000,14.140000,14.140000,196800
2023-11-27,14.090000,14.150000,14.010000,14.110000,14.110000,329400
2023-11-28,14.090000,14.090000,13.820000,13.830000,13.830000,274700
2023-11-29,13.860000,13.980000,13.660000,13.770000,13.770000,323100
2023-11-30,13.800000,13.800000,13.620000,13.750000,13.750000,362100
2023-12-01,13.700000,13.950000,13.570000,13.910000,13.910000,398600
2023-12-04,13.930000,14.120000,13.860000,14.080000,14.080000,335600
2023-12-05,14.100000,14.600000,14.080000,14.110000,14.110000,857200
2023-12-06,14.150000,14.280000,14.040000,14.220000,14.220000,523300
2023-12-07,14.200000,14.290000,13.780000,13.870000,13.870000,1194400
2023-12-08,12.890000,13.890000,12.480000,12.610000,12.610000,2882300
2023-12-11,12.580000,13.030000,12.100000,12.280000,12.280000,1152800
2023-12-12,12.310000,12.310000,11.960000,12.140000,12.140000,712200
2023-12-13,12.120000,12.770000,12.100000,12.760000,12.760000,763800
2023-12-14,12.850000,13.250000,12.850000,13.050000,13.050000,728900
2023-12-15,13.130000,13.270000,12.980000,13.040000,13.040000,642300