Date,Open,High,Low,Close,Adj Close,Volume
2006-11-15,16.000000,16.000000,13.600000,16.000000,15.840320,5231
2006-11-16,16.639999,17.600000,16.000000,16.000000,15.840320,2569
2006-11-17,16.000000,20.000000,16.000000,18.400000,18.216368,5606
2006-11-20,22.400000,22.400000,17.280001,18.400000,18.216368,4088
2006-11-21,18.400000,19.200001,16.000000,16.000000,15.840320,4900
2006-11-22,16.000000,16.000000,16.000000,16.000000,15.840320,300
2006-11-24,16.000000,16.000000,15.200000,15.200000,15.048304,1625
2006-11-27,15.200000,16.000000,13.600000,13.600000,13.464272,4863
2006-11-28,13.600000,16.160000,8.160000,10.400000,10.296207,1581
2006-11-29,13.600000,16.160000,13.600000,16.160000,15.998723,31
2006-11-30,16.160000,16.160000,16.160000,16.160000,15.998723,0
2006-12-01,14.400000,14.400000,8.320000,8.320000,8.236966,144
2006-12-04,9.600000,12.000000,8.320000,12.000000,11.880239,256
2006-12-05,12.000000,12.000000,6.400000,6.400000,6.336128,2819
2006-12-06,9.600000,9.600000,9.600000,9.600000,9.504192,313
2006-12-07,9.600000,9.600000,6.400000,9.600000,9.504192,606
2006-12-08,9.600000,12.000000,6.400000,12.000000,11.880239,944
2006-12-11,12.000000,12.000000,12.000000,12.000000,11.880239,31
2006-12-12,8.800000,10.400000,8.000000,8.000000,7.920160,2938
2006-12-13,7.520000,9.600000,7.200000,9.600000,9.504192,2313
2006-12-14,9.600000,9.600000,9.600000,9.600000,9.504192,0
2006-12-15,7.680000,8.000000,7.200000,7.200000,7.128144,2969
2006-12-18,7.040000,7.040000,6.400000,6.400000,6.336128,338
2006-12-19,7.040000,7.040000,6.880000,6.880000,6.811337,538
2006-12-20,6.880000,6.880000,6.880000,6.880000,6.811337,0
2006-12-21,6.400000,6.720000,6.400000,6.400000,6.336128,388
2006-12-22,6.400000,6.400000,6.400000,6.400000,6.336128,0
2006-12-26,6.400000,6.400000,6.400000,6.400000,6.336128,0
2006-12-27,6.400000,6.400000,5.600000,6.400000,6.336128,4969
2006-12-28,5.280000,5.280000,5.280000,5.280000,5.227306,63
2006-12-29,5.280000,6.400000,5.280000,6.400000,6.336128,1456
2007-01-03,5.600000,6.400000,5.600000,5.600000,5.544112,3813
2007-01-04,5.760000,5.760000,5.760000,5.760000,5.702515,625
2007-01-05,5.760000,5.760000,5.760000,5.760000,5.702515,656
2007-01-08,5.760000,6.080000,5.440000,5.440000,5.385709,3456
2007-01-09,5.440000,5.440000,3.680000,4.000000,3.960080,4019
2007-01-10,4.320000,4.320000,4.320000,4.320000,4.276886,63
2007-01-11,4.000000,4.000000,4.000000,4.000000,3.960080,594
2007-01-12,3.680000,3.680000,3.680000,3.680000,3.643274,31
2007-01-16,3.680000,3.680000,3.680000,3.680000,3.643274,0
2007-01-17,3.840000,4.800000,3.840000,4.800000,4.752096,3813
2007-01-18,3.680000,4.640000,3.680000,4.320000,4.276886,2144
2007-01-19,4.320000,4.320000,4.320000,4.320000,4.276886,0
2007-01-22,4.640000,4.640000,4.640000,4.640000,4.593693,63
2007-01-23,4.000000,4.640000,4.000000,4.640000,4.593693,438
2007-01-24,4.480000,4.480000,4.480000,4.480000,4.435289,63
2007-01-25,4.000000,4.000000,3.840000,4.000000,3.960080,2063
2007-01-26,4.000000,4.000000,4.000000,4.000000,3.960080,156
2007-01-29,3.680000,4.000000,3.680000,4.000000,3.960080,225
2007-01-30,3.680000,4.000000,3.680000,4.000000,3.960080,1350
2007-01-31,4.000000,4.320000,3.680000,3.680000,3.643274,3294
2007-02-01,4.000000,4.000000,4.000000,4.000000,3.960080,2063
2007-02-02,4.000000,4.000000,4.000000,4.000000,3.960080,0
2007-02-05,3.520000,4.000000,3.520000,4.000000,3.960080,231
2007-02-06,4.000000,4.000000,4.000000,4.000000,3.960080,0
2007-02-07,4.000000,4.160000,4.000000,4.160000,4.118483,4819
2007-02-08,4.160000,4.160000,3.840000,3.840000,3.801677,1563
2007-02-09,3.200000,4.320000,3.200000,4.320000,4.276886,269
2007-02-12,4.320000,4.320000,4.320000,4.320000,4.276886,0
2007-02-13,3.200000,4.320000,3.200000,4.320000,4.276886,375
2007-02-14,3.680000,3.680000,3.680000,3.680000,3.643274,31
2007-02-15,4.320000,4.320000,4.320000,4.320000,4.276886,106
2007-02-16,4.320000,4.320000,4.320000,4.320000,4.276886,94
2007-02-20,4.320000,4.320000,4.320000,4.320000,4.276886,500
2007-02-21,3.840000,3.840000,3.840000,3.840000,3.801677,313
2007-02-22,3.680000,3.680000,3.680000,3.680000,3.643274,313
2007-02-23,3.680000,3.680000,3.680000,3.680000,3.643274,0
2007-02-26,4.000000,4.000000,4.000000,4.000000,3.960080,75
2007-02-27,3.200000,3.200000,3.200000,3.200000,3.168064,638
2007-02-28,3.200000,4.000000,3.200000,4.000000,3.960080,906
2007-03-01,3.200000,3.200000,3.200000,3.200000,3.168064,113
2007-03-02,3.200000,3.840000,3.200000,3.520000,3.484870,1238
2007-03-05,3.520000,3.520000,3.520000,3.520000,3.484870,0
2007-03-06,3.680000,4.160000,3.680000,4.000000,3.960080,2531
2007-03-07,3.200000,4.320000,3.200000,3.200000,3.168064,5544
2007-03-08,3.520000,3.520000,3.200000,3.520000,3.484870,1500
2007-03-09,4.000000,4.000000,4.000000,4.000000,3.960080,63
2007-03-12,4.000000,4.000000,4.000000,4.000000,3.960080,0
2007-03-13,3.680000,3.840000,3.680000,3.840000,3.801677,1875
2007-03-14,3.840000,3.840000,3.840000,3.840000,3.801677,0
2007-03-15,3.680000,3.840000,3.680000,3.840000,3.801677,1375
2007-03-16,3.840000,3.840000,3.840000,3.840000,3.801677,0
2007-03-19,3.680000,3.840000,3.680000,3.680000,3.643274,5969
2007-03-20,3.840000,3.840000,3.680000,3.680000,3.643274,3250
2007-03-21,3.680000,3.680000,3.680000,3.680000,3.643274,0
2007-03-22,3.840000,3.840000,3.840000,3.840000,3.801677,156
2007-03-23,3.680000,3.680000,3.680000,3.680000,3.643274,4063
2007-03-26,3.680000,3.680000,3.680000,3.680000,3.643274,0
2007-03-27,3.840000,3.840000,3.840000,3.840000,3.801677,1869
2007-03-28,4.000000,4.000000,4.000000,4.000000,3.960080,1250
2007-03-29,4.000000,4.000000,4.000000,4.000000,3.960080,0
2007-03-30,4.000000,4.000000,4.000000,4.000000,3.960080,0
2007-04-02,4.000000,4.000000,4.000000,4.000000,3.960080,1250
2007-04-03,4.000000,4.000000,4.000000,4.000000,3.960080,625
2007-04-04,4.000000,4.000000,4.000000,4.000000,3.960080,63
2007-04-05,4.000000,4.000000,4.000000,4.000000,3.960080,81
2007-04-09,4.000000,4.320000,3.680000,4.160000,4.118483,7438
2007-04-10,4.320000,4.320000,4.320000,4.320000,4.276886,625
2007-04-11,4.320000,4.320000,4.320000,4.320000,4.276886,363
2007-04-12,3.520000,3.680000,3.520000,3.680000,3.643274,2625
2007-04-13,3.520000,3.520000,3.520000,3.520000,3.484870,638
2007-04-16,3.520000,3.520000,3.520000,3.520000,3.484870,0
2007-04-17,4.000000,4.000000,4.000000,4.000000,3.960080,225
2007-04-18,4.000000,4.000000,4.000000,4.000000,3.960080,0
2007-04-19,4.000000,4.000000,4.000000,4.000000,3.960080,144
2007-04-20,4.000000,4.000000,4.000000,4.000000,3.960080,125
2007-04-23,3.520000,3.520000,3.520000,3.520000,3.484870,550
2007-04-24,3.520000,3.520000,3.520000,3.520000,3.484870,625
2007-04-25,3.200000,3.200000,3.200000,3.200000,3.168064,125
2007-04-26,3.520000,3.520000,3.520000,3.520000,3.484870,563
2007-04-27,3.520000,3.520000,3.520000,3.520000,3.484870,188
2007-04-30,3.680000,3.680000,3.680000,3.680000,3.643274,313
2007-05-01,3.680000,3.680000,3.680000,3.680000,3.643274,0
2007-05-02,3.680000,3.680000,3.680000,3.680000,3.643274,0
2007-05-03,3.200000,3.200000,3.200000,3.200000,3.168064,1588
2007-05-04,3.200000,3.200000,3.200000,3.200000,3.168064,0
2007-05-07,3.040000,3.040000,2.880000,2.880000,2.851258,1663
2007-05-08,2.720000,2.720000,2.720000,2.720000,2.692854,63
2007-05-09,2.880000,2.880000,2.720000,2.720000,2.692854,3313
2007-05-10,2.720000,2.720000,2.720000,2.720000,2.692854,438
2007-05-11,2.720000,2.720000,2.720000,2.720000,2.692854,0
2007-05-14,2.880000,2.880000,2.720000,2.720000,2.692854,1238
2007-05-15,2.880000,2.880000,2.880000,2.880000,2.851258,1156
2007-05-16,2.880000,2.880000,2.880000,2.880000,2.851258,0
2007-05-17,3.200000,3.200000,3.040000,3.200000,3.168064,2888
2007-05-18,3.200000,3.200000,3.200000,3.200000,3.168064,938
2007-05-21,3.200000,3.200000,3.200000,3.200000,3.168064,0
2007-05-22,3.200000,3.200000,3.200000,3.200000,3.168064,0
2007-05-23,3.200000,3.200000,3.200000,3.200000,3.168064,0
2007-05-24,3.040000,3.040000,3.040000,3.040000,3.009661,625
2007-05-25,3.040000,3.200000,3.040000,3.040000,3.009661,750
2007-05-29,3.200000,3.200000,3.200000,3.200000,3.168064,406
2007-05-30,2.400000,3.040000,2.400000,3.040000,3.009661,406
2007-05-31,3.040000,4.000000,3.040000,4.000000,3.960080,2125
2007-06-01,4.000000,4.000000,4.000000,4.000000,3.960080,0
2007-06-04,4.000000,4.000000,4.000000,4.000000,3.960080,0
2007-06-05,4.000000,4.000000,4.000000,4.000000,3.960080,0
2007-06-06,4.000000,4.000000,4.000000,4.000000,3.960080,0
2007-06-07,3.200000,4.160000,3.200000,3.200000,3.168064,1769
2007-06-08,3.200000,3.200000,3.200000,3.200000,3.168064,0
2007-06-11,3.200000,3.200000,3.200000,3.200000,3.168064,581
2007-06-12,3.200000,3.200000,2.880000,3.200000,3.168064,11881
2007-06-13,3.200000,3.200000,3.200000,3.200000,3.168064,125
2007-06-14,3.200000,3.200000,3.200000,3.200000,3.168064,0
2007-06-15,2.880000,2.880000,2.880000,2.880000,2.851258,3125
2007-06-18,2.880000,2.880000,2.880000,2.880000,2.851258,313
2007-06-19,2.880000,2.880000,2.880000,2.880000,2.851258,0
2007-06-20,2.880000,2.880000,2.880000,2.880000,2.851258,0
2007-06-21,2.880000,2.880000,2.880000,2.880000,2.851258,0
2007-06-22,2.880000,2.880000,2.880000,2.880000,2.851258,88
2007-06-25,2.880000,2.880000,2.880000,2.880000,2.851258,0
2007-06-26,2.880000,2.880000,2.880000,2.880000,2.851258,0
2007-06-27,4.000000,4.000000,4.000000,4.000000,3.960080,6
2007-06-28,4.000000,4.000000,4.000000,4.000000,3.960080,0
2007-06-29,4.000000,4.000000,4.000000,4.000000,3.960080,0
2007-07-02,4.000000,4.000000,4.000000,4.000000,3.960080,0
2007-07-03,4.000000,4.000000,4.000000,4.000000,3.960080,0
2007-07-05,3.200000,3.200000,3.200000,3.200000,3.168064,94
2007-07-06,3.200000,3.200000,3.200000,3.200000,3.168064,0
2007-07-09,3.200000,3.200000,3.200000,3.200000,3.168064,0
2007-07-10,3.040000,3.040000,3.040000,3.040000,3.009661,1313
2007-07-11,3.040000,3.040000,3.040000,3.040000,3.009661,0
2007-07-12,3.040000,3.040000,3.040000,3.040000,3.009661,0
2007-07-13,3.040000,3.040000,3.040000,3.040000,3.009661,594
2007-07-16,3.040000,3.040000,3.040000,3.040000,3.009661,0
2007-07-17,3.040000,3.040000,3.040000,3.040000,3.009661,0
2007-07-18,3.040000,3.040000,3.040000,3.040000,3.009661,0
2007-07-19,3.040000,3.040000,3.040000,3.040000,3.009661,0
2007-07-20,2.400000,3.040000,2.240000,3.040000,3.009661,2313
2007-07-23,3.040000,3.040000,3.040000,3.040000,3.009661,0
2007-07-24,3.040000,3.040000,3.040000,3.040000,3.009661,0
2007-07-25,3.040000,3.040000,3.040000,3.040000,3.009661,0
2007-07-26,2.560000,2.560000,2.560000,2.560000,2.534451,625
2007-07-27,2.560000,2.560000,2.560000,2.560000,2.534451,0
2007-07-30,2.560000,2.560000,2.560000,2.560000,2.534451,0
2007-07-31,2.560000,2.560000,2.560000,2.560000,2.534451,0
2007-08-01,2.560000,2.560000,2.560000,2.560000,2.534451,0
2007-08-02,2.400000,2.400000,2.400000,2.400000,2.376048,1875
2007-08-03,2.400000,2.400000,2.400000,2.400000,2.376048,1594
2007-08-06,2.400000,2.400000,2.400000,2.400000,2.376048,750
2007-08-07,2.400000,2.400000,2.400000,2.400000,2.376048,469
2007-08-08,2.240000,2.560000,2.240000,2.560000,2.534451,2063
2007-08-09,2.560000,2.560000,2.560000,2.560000,2.534451,0
2007-08-10,2.400000,2.400000,2.400000,2.400000,2.376048,938
2007-08-13,2.400000,2.560000,2.400000,2.560000,2.534451,3188
2007-08-14,3.200000,3.200000,2.560000,2.560000,2.534451,1938
2007-08-15,2.560000,3.040000,2.560000,3.040000,3.009661,2063
2007-08-16,2.720000,3.040000,2.560000,3.040000,3.009661,3750
2007-08-17,3.040000,3.040000,3.040000,3.040000,3.009661,625
2007-08-20,2.560000,2.880000,2.400000,2.560000,2.534451,3563
2007-08-21,2.720000,2.720000,2.720000,2.720000,2.692854,625
2007-08-22,2.720000,2.720000,2.720000,2.720000,2.692854,1125
2007-08-23,2.720000,2.720000,2.560000,2.720000,2.692854,1763
2007-08-24,2.720000,2.720000,2.720000,2.720000,2.692854,469
2007-08-27,2.720000,2.720000,2.720000,2.720000,2.692854,625
2007-08-28,2.720000,3.200000,2.720000,2.720000,2.692854,2431
2007-08-29,2.880000,2.880000,2.880000,2.880000,2.851258,625
2007-08-30,2.880000,2.880000,2.880000,2.880000,2.851258,0
2007-08-31,2.880000,2.880000,2.880000,2.880000,2.851258,0
2007-09-04,3.200000,3.200000,2.880000,2.880000,2.851258,2625
2007-09-05,2.880000,3.040000,2.880000,2.880000,2.851258,4625
2007-09-06,2.720000,2.720000,2.720000,2.720000,2.692854,938
2007-09-07,2.560000,2.560000,2.560000,2.560000,2.534451,313
2007-09-10,3.200000,3.200000,2.560000,2.560000,2.534451,944
2007-09-11,2.560000,2.560000,2.560000,2.560000,2.534451,0
2007-09-12,2.560000,2.560000,2.560000,2.560000,2.534451,2188
2007-09-13,2.560000,2.880000,2.560000,2.880000,2.851258,5625
2007-09-14,2.880000,2.880000,2.880000,2.880000,2.851258,0
2007-09-17,2.880000,2.880000,2.880000,2.880000,2.851258,156
2007-09-18,2.880000,2.880000,2.560000,2.880000,2.851258,206
2007-09-19,2.560000,2.560000,2.560000,2.560000,2.534451,625
2007-09-20,2.560000,2.560000,2.560000,2.560000,2.534451,0
2007-09-21,2.560000,2.560000,2.560000,2.560000,2.534451,0
2007-09-24,2.880000,2.880000,2.560000,2.560000,2.534451,750
2007-09-25,2.720000,2.720000,2.720000,2.720000,2.692854,625
2007-09-26,2.880000,2.880000,2.880000,2.880000,2.851258,156
2007-09-27,2.880000,2.880000,2.880000,2.880000,2.851258,156
2007-09-28,2.560000,2.560000,2.560000,2.560000,2.534451,381
2007-10-01,2.560000,2.880000,2.560000,2.880000,2.851258,1156
2007-10-02,2.880000,2.880000,2.880000,2.880000,2.851258,94
2007-10-03,2.880000,2.880000,2.880000,2.880000,2.851258,156
2007-10-04,2.880000,2.880000,2.880000,2.880000,2.851258,156
2007-10-05,2.880000,2.880000,2.880000,2.880000,2.851258,0
2007-10-08,2.560000,2.560000,2.560000,2.560000,2.534451,1563
2007-10-09,2.560000,2.560000,2.560000,2.560000,2.534451,0
2007-10-10,2.560000,2.560000,2.560000,2.560000,2.534451,0
2007-10-11,2.880000,2.880000,2.880000,2.880000,2.851258,488
2007-10-12,2.880000,2.880000,2.880000,2.880000,2.851258,0
2007-10-15,2.880000,2.880000,2.880000,2.880000,2.851258,0
2007-10-16,2.720000,2.720000,2.720000,2.720000,2.692854,625
2007-10-17,2.720000,2.720000,2.720000,2.720000,2.692854,0
2007-10-18,2.720000,2.720000,2.720000,2.720000,2.692854,0
2007-10-19,2.720000,2.720000,2.720000,2.720000,2.692854,0
2007-10-22,2.720000,2.720000,2.560000,2.560000,2.534451,1563
2007-10-23,2.560000,2.560000,2.560000,2.560000,2.534451,0
2007-10-24,2.560000,2.560000,2.560000,2.560000,2.534451,281
2007-10-25,2.560000,2.560000,2.560000,2.560000,2.534451,438
2007-10-26,2.560000,2.560000,2.560000,2.560000,2.534451,238
2007-10-29,2.880000,4.000000,2.720000,4.000000,3.960080,2250
2007-10-30,3.200000,3.200000,3.200000,3.200000,3.168064,313
2007-10-31,3.200000,4.000000,1.920000,3.040000,3.009661,6656
2007-11-01,3.200000,3.200000,3.200000,3.200000,3.168064,331
2007-11-02,3.040000,3.040000,3.040000,3.040000,3.009661,625
2007-11-05,3.200000,3.200000,3.040000,3.200000,3.168064,2375
2007-11-06,3.200000,3.200000,3.200000,3.200000,3.168064,0
2007-11-07,3.200000,3.200000,3.200000,3.200000,3.168064,0
2007-11-08,3.200000,3.200000,3.200000,3.200000,3.168064,0
2007-11-09,3.200000,3.200000,3.200000,3.200000,3.168064,0
2007-11-12,3.040000,3.040000,3.040000,3.040000,3.009661,1250
2007-11-13,3.040000,3.040000,3.040000,3.040000,3.009661,0
2007-11-14,3.040000,3.040000,3.040000,3.040000,3.009661,0
2007-11-15,3.040000,3.040000,3.040000,3.040000,3.009661,0
2007-11-16,2.880000,2.880000,2.880000,2.880000,2.851258,625
2007-11-19,2.880000,2.880000,2.880000,2.880000,2.851258,0
2007-11-20,2.880000,2.880000,2.880000,2.880000,2.851258,0
2007-11-21,2.880000,3.040000,2.880000,3.040000,3.009661,625
2007-11-23,3.040000,3.040000,3.040000,3.040000,3.009661,0
2007-11-26,3.040000,3.040000,3.040000,3.040000,3.009661,625
2007-11-27,2.240000,2.240000,2.240000,2.240000,2.217645,63
2007-11-28,3.040000,3.040000,3.040000,3.040000,3.009661,31
2007-11-29,3.040000,3.040000,3.040000,3.040000,3.009661,0
2007-11-30,2.880000,3.040000,2.880000,3.040000,3.009661,2550
2007-12-03,3.040000,3.040000,3.040000,3.040000,3.009661,0
2007-12-04,3.040000,3.040000,3.040000,3.040000,3.009661,0
2007-12-05,3.040000,3.040000,3.040000,3.040000,3.009661,0
2007-12-06,3.040000,3.040000,3.040000,3.040000,3.009661,0
2007-12-07,2.720000,2.720000,2.720000,2.720000,2.692854,750
2007-12-10,2.720000,3.040000,2.720000,3.040000,3.009661,1156
2007-12-11,3.040000,3.040000,3.040000,3.040000,3.009661,0
2007-12-12,3.040000,3.040000,3.040000,3.040000,3.009661,0
2007-12-13,3.040000,3.040000,3.040000,3.040000,3.009661,0
2007-12-14,3.040000,3.040000,3.040000,3.040000,3.009661,0
2007-12-17,2.880000,2.880000,2.880000,2.880000,2.851258,31
2007-12-18,2.400000,2.880000,1.120000,2.880000,2.851258,5681
2007-12-19,2.880000,2.880000,2.880000,2.880000,2.851258,0
2007-12-20,2.400000,2.400000,2.400000,2.400000,2.376048,363
2007-12-21,2.400000,2.400000,2.400000,2.400000,2.376048,0
2007-12-24,1.440000,2.400000,1.440000,2.400000,2.376048,2281
2007-12-26,2.400000,2.400000,2.400000,2.400000,2.376048,0
2007-12-27,2.400000,2.400000,2.400000,2.400000,2.376048,0
2007-12-28,2.400000,2.400000,1.600000,1.600000,1.584032,644
2007-12-31,1.600000,1.600000,1.600000,1.600000,1.584032,63
2008-01-02,2.240000,2.400000,2.240000,2.400000,2.376048,463
2008-01-03,2.400000,2.400000,2.400000,2.400000,2.376048,0
2008-01-04,1.600000,1.600000,1.600000,1.600000,1.584032,2063
2008-01-07,2.080000,2.560000,1.600000,2.560000,2.534451,1000
2008-01-08,2.560000,2.560000,2.560000,2.560000,2.534451,0
2008-01-09,2.080000,2.080000,2.080000,2.080000,2.059242,313
2008-01-10,2.240000,2.400000,2.240000,2.400000,2.376048,1406
2008-01-11,2.400000,2.400000,2.400000,2.400000,2.376048,0
2008-01-14,2.400000,2.400000,2.400000,2.400000,2.376048,44
2008-01-15,2.400000,2.400000,2.400000,2.400000,2.376048,63
2008-01-16,2.400000,2.400000,2.400000,2.400000,2.376048,0
2008-01-17,2.400000,2.400000,2.400000,2.400000,2.376048,0
2008-01-18,2.400000,2.400000,2.400000,2.400000,2.376048,0
2008-01-22,2.400000,2.720000,1.920000,1.920000,1.900838,6356
2008-01-23,1.920000,1.920000,1.920000,1.920000,1.900838,0
2008-01-24,2.400000,2.400000,2.400000,2.400000,2.376048,313
2008-01-25,2.400000,2.400000,2.400000,2.400000,2.376048,0
2008-01-28,2.400000,2.400000,2.400000,2.400000,2.376048,0
2008-01-29,2.400000,2.400000,2.400000,2.400000,2.376048,0
2008-01-30,2.400000,2.400000,2.400000,2.400000,2.376048,0
2008-01-31,2.400000,2.400000,2.400000,2.400000,2.376048,0
2008-02-01,2.400000,2.400000,2.400000,2.400000,2.376048,0
2008-02-04,2.400000,2.400000,2.400000,2.400000,2.376048,0
2008-02-05,2.400000,2.400000,2.400000,2.400000,2.376048,0
2008-02-06,2.400000,2.400000,2.400000,2.400000,2.376048,0
2008-02-07,2.400000,2.400000,2.400000,2.400000,2.376048,125
2008-02-08,2.400000,2.400000,2.400000,2.400000,2.376048,0
2008-02-11,2.400000,2.400000,2.400000,2.400000,2.376048,250
2008-02-12,2.400000,2.400000,2.400000,2.400000,2.376048,125
2008-02-13,2.400000,2.400000,2.240000,2.400000,2.376048,4531
2008-02-14,2.400000,2.400000,2.400000,2.400000,2.376048,688
2008-02-15,2.240000,2.240000,2.240000,2.240000,2.217645,388
2008-02-19,2.400000,2.400000,2.400000,2.400000,2.376048,313
2008-02-20,2.400000,2.400000,2.400000,2.400000,2.376048,0
2008-02-21,2.400000,2.400000,2.400000,2.400000,2.376048,125
2008-02-22,2.400000,2.400000,2.400000,2.400000,2.376048,0
2008-02-25,2.400000,2.400000,2.400000,2.400000,2.376048,0
2008-02-26,2.080000,2.080000,1.920000,2.080000,2.059242,1563
2008-02-27,2.080000,2.080000,2.080000,2.080000,2.059242,0
2008-02-28,2.080000,2.080000,2.080000,2.080000,2.059242,0
2008-02-29,2.080000,2.080000,2.080000,2.080000,2.059242,0
2008-03-03,1.600000,1.600000,1.600000,1.600000,1.584032,938
2008-03-04,1.600000,1.600000,1.600000,1.600000,1.584032,0
2008-03-05,1.600000,1.600000,1.600000,1.600000,1.584032,3125
2008-03-06,1.760000,1.760000,1.760000,1.760000,1.742435,625
2008-03-07,1.760000,1.760000,1.760000,1.760000,1.742435,0
2008-03-10,1.760000,1.760000,1.760000,1.760000,1.742435,0
2008-03-11,1.760000,1.760000,1.760000,1.760000,1.742435,0
2008-03-12,1.760000,1.760000,1.760000,1.760000,1.742435,0
2008-03-13,1.760000,1.760000,1.760000,1.760000,1.742435,0
2008-03-14,1.920000,1.920000,1.920000,1.920000,1.900838,938
2008-03-17,1.920000,1.920000,1.920000,1.920000,1.900838,313
2008-03-18,1.920000,2.080000,1.920000,2.080000,2.059242,994
2008-03-19,2.080000,2.080000,2.080000,2.080000,2.059242,38
2008-03-20,2.080000,2.080000,2.080000,2.080000,2.059242,0
2008-03-24,2.080000,2.080000,2.080000,2.080000,2.059242,2000
2008-03-25,2.240000,2.240000,1.760000,2.080000,2.059242,656
2008-03-26,2.240000,2.240000,2.240000,2.240000,2.217645,1250
2008-03-27,2.240000,2.240000,2.240000,2.240000,2.217645,0
2008-03-28,2.400000,2.400000,2.400000,2.400000,2.376048,625
2008-03-31,2.080000,5.600000,2.080000,5.280000,5.227306,26619
2008-04-01,4.960000,5.120000,4.000000,4.000000,3.960080,4750
2008-04-02,4.000000,4.000000,3.360000,3.360000,3.326467,4188
2008-04-03,3.200000,3.200000,2.560000,2.720000,2.692854,9600
2008-04-04,2.720000,2.720000,2.720000,2.720000,2.692854,6431
2008-04-07,2.880000,3.840000,2.880000,3.360000,3.326467,6988
2008-04-08,3.360000,3.520000,3.360000,3.520000,3.484870,5781
2008-04-09,3.840000,3.840000,3.360000,3.360000,3.326467,1688
2008-04-10,3.360000,3.680000,3.360000,3.680000,3.643274,3375
2008-04-11,3.680000,3.840000,3.680000,3.840000,3.801677,2544
2008-04-14,3.680000,3.840000,3.680000,3.840000,3.801677,3125
2008-04-15,3.680000,3.680000,3.200000,3.200000,3.168064,5356
2008-04-16,3.200000,3.200000,3.200000,3.200000,3.168064,19
2008-04-17,3.200000,3.200000,3.200000,3.200000,3.168064,0
2008-04-18,3.200000,3.200000,3.200000,3.200000,3.168064,0
2008-04-21,3.200000,3.200000,3.200000,3.200000,3.168064,0
2008-04-22,3.520000,3.520000,3.200000,3.200000,3.168064,463
2008-04-23,3.200000,3.200000,3.200000,3.200000,3.168064,0
2008-04-24,3.200000,3.200000,3.200000,3.200000,3.168064,469
2008-04-25,3.200000,3.200000,3.200000,3.200000,3.168064,0
2008-04-28,3.200000,3.200000,3.200000,3.200000,3.168064,938
2008-04-29,3.200000,3.360000,3.200000,3.360000,3.326467,7188
2008-04-30,3.200000,3.360000,3.200000,3.200000,3.168064,2938
2008-05-01,3.200000,3.200000,3.200000,3.200000,3.168064,3781
2008-05-02,3.200000,3.200000,3.200000,3.200000,3.168064,2675
2008-05-05,3.200000,3.200000,2.880000,2.880000,2.851258,3238
2008-05-06,3.200000,3.200000,3.200000,3.200000,3.168064,250
2008-05-07,3.200000,3.200000,3.200000,3.200000,3.168064,0
2008-05-08,2.880000,3.520000,2.880000,3.520000,3.484870,3313
2008-05-09,3.520000,3.520000,3.520000,3.520000,3.484870,250
2008-05-12,3.520000,3.520000,3.520000,3.520000,3.484870,625
2008-05-13,3.520000,4.000000,3.520000,4.000000,3.960080,2844
2008-05-14,4.000000,4.960000,3.520000,4.800000,4.752096,5819
2008-05-15,3.520000,4.640000,3.520000,4.640000,4.593693,219
2008-05-16,3.520000,3.520000,3.520000,3.520000,3.484870,125
2008-05-19,3.520000,3.520000,3.520000,3.520000,3.484870,456
2008-05-20,3.520000,3.520000,3.520000,3.520000,3.484870,0
2008-05-21,3.520000,3.520000,3.520000,3.520000,3.484870,0
2008-05-22,3.520000,3.520000,3.520000,3.520000,3.484870,0
2008-05-23,3.520000,3.520000,3.520000,3.520000,3.484870,313
2008-05-27,4.000000,4.000000,4.000000,4.000000,3.960080,938
2008-05-28,4.160000,4.640000,4.160000,4.640000,4.593693,469
2008-05-29,3.840000,4.640000,3.840000,3.840000,3.801677,875
2008-05-30,3.840000,4.640000,3.680000,4.640000,4.593693,763
2008-06-02,3.680000,4.640000,3.680000,4.640000,4.593693,344
2008-06-03,4.640000,4.800000,4.640000,4.800000,4.752096,2300
2008-06-04,4.800000,5.440000,4.800000,4.800000,4.752096,350
2008-06-05,4.800000,4.800000,4.800000,4.800000,4.752096,1563
2008-06-06,4.800000,4.800000,4.800000,4.800000,4.752096,19
2008-06-09,4.160000,4.800000,4.160000,4.800000,4.752096,156
2008-06-10,4.800000,4.800000,4.000000,4.800000,4.752096,1556
2008-06-11,4.800000,4.800000,4.800000,4.800000,4.752096,31
2008-06-12,4.800000,4.800000,4.320000,4.320000,4.276886,738
2008-06-13,4.320000,4.800000,4.320000,4.800000,4.752096,31
2008-06-16,4.800000,4.800000,4.800000,4.800000,4.752096,88
2008-06-17,4.800000,4.800000,4.000000,4.000000,3.960080,688
2008-06-18,4.000000,4.000000,3.840000,3.840000,3.801677,1875
2008-06-19,3.840000,3.840000,3.840000,3.840000,3.801677,625
2008-06-20,3.840000,3.840000,3.840000,3.840000,3.801677,0
2008-06-23,3.840000,4.480000,3.840000,4.320000,4.276886,1531
2008-06-24,4.800000,4.800000,3.840000,4.800000,4.752096,1275
2008-06-25,4.800000,4.800000,3.680000,4.800000,4.752096,2188
2008-06-26,4.800000,4.800000,4.160000,4.480000,4.435289,1325
2008-06-27,4.320000,4.480000,4.160000,4.480000,4.435289,2175
2008-06-30,4.160000,4.480000,4.160000,4.480000,4.435289,1844
2008-07-01,4.480000,4.480000,4.160000,4.160000,4.118483,63
2008-07-02,4.160000,4.160000,3.840000,4.160000,4.118483,1531
2008-07-03,4.000000,4.160000,3.680000,4.160000,4.118483,656
2008-07-07,4.480000,4.480000,3.520000,3.520000,3.484870,1300
2008-07-08,3.840000,3.840000,3.840000,3.840000,3.801677,313
2008-07-09,3.840000,3.840000,3.840000,3.840000,3.801677,0
2008-07-10,3.840000,3.840000,3.840000,3.840000,3.801677,0
2008-07-11,3.840000,3.840000,3.840000,3.840000,3.801677,0
2008-07-14,3.840000,3.840000,3.840000,3.840000,3.801677,81
2008-07-15,4.480000,4.480000,3.840000,3.840000,3.801677,238
2008-07-16,3.840000,3.840000,3.840000,3.840000,3.801677,31
2008-07-17,3.840000,4.480000,3.840000,4.480000,4.435289,3438
2008-07-18,4.480000,4.480000,3.200000,3.840000,3.801677,7819
2008-07-21,3.360000,4.000000,3.360000,4.000000,3.960080,506
2008-07-22,3.680000,4.800000,3.680000,4.480000,4.435289,2088
2008-07-23,4.800000,4.800000,4.320000,4.800000,4.752096,781
2008-07-24,4.000000,4.160000,4.000000,4.000000,3.960080,3125
2008-07-25,4.000000,4.000000,2.240000,4.000000,3.960080,2125
2008-07-28,4.800000,5.600000,4.480000,4.640000,4.593693,11725
2008-07-29,5.600000,5.600000,4.800000,4.960000,4.910499,10588
2008-07-30,4.480000,5.120000,4.480000,5.120000,5.068902,5838
2008-07-31,5.120000,5.120000,5.120000,5.120000,5.068902,406
2008-08-01,4.640000,5.120000,4.640000,5.120000,5.068902,275
2008-08-04,5.120000,5.120000,5.120000,5.120000,5.068902,756
2008-08-05,4.800000,4.800000,4.800000,4.800000,4.752096,1750
2008-08-06,4.800000,4.800000,4.800000,4.800000,4.752096,63
2008-08-07,4.640000,5.120000,4.640000,5.120000,5.068902,11788
2008-08-08,4.960000,4.960000,4.960000,4.960000,4.910499,6
2008-08-11,4.160000,5.120000,4.000000,5.120000,5.068902,5188
2008-08-12,5.120000,5.600000,5.120000,5.600000,5.544112,3563
2008-08-13,7.200000,7.200000,5.760000,6.400000,6.336128,2856
2008-08-14,6.880000,6.880000,6.400000,6.400000,6.336128,300
2008-08-15,6.400000,6.400000,6.400000,6.400000,6.336128,675
2008-08-18,6.400000,6.400000,6.400000,6.400000,6.336128,156
2008-08-19,6.400000,6.400000,5.120000,6.400000,6.336128,206
2008-08-20,6.400000,6.400000,6.400000,6.400000,6.336128,31
2008-08-21,6.400000,6.400000,6.400000,6.400000,6.336128,31
2008-08-22,6.400000,6.400000,5.120000,6.400000,6.336128,106
2008-08-25,6.080000,6.080000,6.080000,6.080000,6.019321,206
2008-08-26,6.080000,6.080000,6.080000,6.080000,6.019321,31
2008-08-27,5.760000,7.200000,5.600000,7.200000,7.128144,2194
2008-08-28,7.200000,7.200000,7.200000,7.200000,7.128144,69
2008-08-29,7.200000,7.200000,7.200000,7.200000,7.128144,125
2008-09-02,5.760000,6.400000,5.760000,6.400000,6.336128,413
2008-09-03,6.400000,6.400000,6.400000,6.400000,6.336128,344
2008-09-04,6.400000,6.400000,6.400000,6.400000,6.336128,0
2008-09-05,6.400000,6.400000,6.400000,6.400000,6.336128,0
2008-09-08,6.400000,6.400000,6.400000,6.400000,6.336128,44
2008-09-09,6.400000,6.400000,6.400000,6.400000,6.336128,25
2008-09-10,5.760000,5.760000,5.760000,5.760000,5.702515,625
2008-09-11,5.440000,6.400000,5.440000,6.400000,6.336128,344
2008-09-12,5.440000,6.080000,4.000000,4.000000,3.960080,5263
2008-09-15,6.080000,6.080000,6.080000,6.080000,6.019321,31
2008-09-16,4.160000,4.160000,4.160000,4.160000,4.118483,625
2008-09-17,6.080000,6.080000,6.080000,6.080000,6.019321,463
2008-09-18,6.080000,6.080000,6.080000,6.080000,6.019321,44
2008-09-19,6.080000,6.080000,4.320000,5.120000,5.068902,1288
2008-09-22,5.120000,5.120000,4.960000,5.120000,5.068902,544
2008-09-23,5.120000,5.120000,5.120000,5.120000,5.068902,0
2008-09-24,5.120000,5.120000,5.120000,5.120000,5.068902,425
2008-09-25,4.320000,4.480000,4.000000,4.480000,4.435289,2331
2008-09-26,4.480000,4.480000,4.480000,4.480000,4.435289,156
2008-09-29,4.480000,4.480000,4.000000,4.000000,3.960080,1469
2008-09-30,4.000000,4.000000,4.000000,4.000000,3.960080,125
2008-10-01,4.000000,4.800000,2.560000,4.800000,4.752096,338
2008-10-02,4.800000,4.800000,4.800000,4.800000,4.752096,0
2008-10-03,4.800000,4.800000,4.000000,4.800000,4.752096,344
2008-10-06,4.800000,4.800000,4.000000,4.800000,4.752096,744
2008-10-07,4.800000,4.800000,4.800000,4.800000,4.752096,0
2008-10-08,4.800000,4.800000,4.800000,4.800000,4.752096,0
2008-10-09,4.480000,4.480000,4.480000,4.480000,4.435289,313
2008-10-10,4.800000,4.800000,3.200000,3.200000,3.168064,1331
2008-10-13,3.200000,4.800000,3.200000,4.800000,4.752096,369
2008-10-14,4.000000,4.000000,1.600000,4.000000,3.960080,1500
2008-10-15,4.000000,4.000000,4.000000,4.000000,3.960080,13
2008-10-16,4.000000,4.000000,4.000000,4.000000,3.960080,0
2008-10-17,4.000000,4.800000,3.200000,4.800000,4.752096,938
2008-10-20,4.800000,4.800000,4.800000,4.800000,4.752096,31
2008-10-21,4.800000,4.800000,4.800000,4.800000,4.752096,0
2008-10-22,4.800000,4.800000,4.800000,4.800000,4.752096,0
2008-10-23,4.800000,4.800000,4.800000,4.800000,4.752096,206
2008-10-24,4.800000,4.800000,3.200000,4.800000,4.752096,1181
2008-10-27,4.800000,4.800000,4.800000,4.800000,4.752096,0
2008-10-28,4.800000,4.800000,4.800000,4.800000,4.752096,0
2008-10-29,4.000000,4.800000,4.000000,4.800000,4.752096,338
2008-10-30,4.800000,4.800000,4.800000,4.800000,4.752096,1344
2008-10-31,3.200000,5.600000,3.200000,5.600000,5.544112,231
2008-11-03,5.600000,5.600000,5.600000,5.600000,5.544112,31
2008-11-04,5.600000,5.600000,5.600000,5.600000,5.544112,13
2008-11-05,5.600000,5.600000,5.600000,5.600000,5.544112,31
2008-11-06,5.600000,5.600000,5.600000,5.600000,5.544112,0
2008-11-07,3.200000,5.600000,3.200000,5.600000,5.544112,256
2008-11-10,5.600000,5.600000,5.600000,5.600000,5.544112,0
2008-11-11,4.800000,5.600000,4.800000,5.600000,5.544112,344
2008-11-12,5.600000,5.600000,5.600000,5.600000,5.544112,913
2008-11-13,4.800000,4.800000,4.000000,4.800000,4.752096,1000
2008-11-14,3.200000,4.800000,3.200000,4.800000,4.752096,269
2008-11-17,4.800000,4.800000,4.800000,4.800000,4.752096,0
2008-11-18,4.800000,4.800000,4.800000,4.800000,4.752096,519
2008-11-19,4.800000,4.800000,4.800000,4.800000,4.752096,0
2008-11-20,4.480000,4.480000,3.840000,4.480000,4.435289,506
2008-11-21,3.200000,3.200000,2.560000,2.560000,2.534451,806
2008-11-24,4.000000,4.800000,4.000000,4.800000,4.752096,325
2008-11-25,2.720000,2.720000,2.720000,2.720000,2.692854,413
2008-11-26,4.480000,4.480000,4.480000,4.480000,4.435289,31
2008-11-28,4.480000,4.480000,4.480000,4.480000,4.435289,0
2008-12-01,4.480000,4.480000,2.880000,2.880000,2.851258,450
2008-12-02,3.040000,3.200000,3.040000,3.200000,3.168064,250
2008-12-03,3.200000,3.200000,3.200000,3.200000,3.168064,0
2008-12-04,3.200000,3.200000,3.200000,3.200000,3.168064,0
2008-12-05,3.200000,3.200000,3.200000,3.200000,3.168064,0
2008-12-08,3.200000,3.200000,3.200000,3.200000,3.168064,0
2008-12-09,3.200000,3.200000,3.200000,3.200000,3.168064,0
2008-12-10,3.200000,3.200000,3.200000,3.200000,3.168064,0
2008-12-11,2.720000,2.720000,1.920000,2.080000,2.059242,3450
2008-12-12,2.560000,2.560000,2.560000,2.560000,2.534451,69
2008-12-15,2.240000,2.240000,2.240000,2.240000,2.217645,313
2008-12-16,3.040000,3.040000,3.040000,3.040000,3.009661,94
2008-12-17,3.040000,4.800000,3.040000,4.800000,4.752096,738
2008-12-18,4.800000,4.800000,4.800000,4.800000,4.752096,400
2008-12-19,4.800000,4.800000,2.240000,4.640000,4.593693,63
2008-12-22,4.640000,4.640000,4.640000,4.640000,4.593693,0
2008-12-23,0.960000,4.800000,0.960000,2.720000,2.692854,1375
2008-12-24,4.800000,4.800000,4.800000,4.800000,4.752096,31
2008-12-26,2.720000,2.720000,2.720000,2.720000,2.692854,500
2008-12-29,1.280000,1.280000,1.280000,1.280000,1.267226,13
2008-12-30,4.800000,4.800000,1.280000,4.800000,4.752096,75
2008-12-31,4.800000,4.800000,4.800000,4.800000,4.752096,0
2009-01-02,4.800000,4.800000,4.800000,4.800000,4.752096,0
2009-01-05,4.000000,4.000000,4.000000,4.000000,3.960080,50
2009-01-06,4.000000,4.000000,1.600000,1.600000,1.584032,213
2009-01-07,3.840000,4.000000,3.840000,4.000000,3.960080,69
2009-01-08,4.000000,4.000000,4.000000,4.000000,3.960080,0
2009-01-09,4.000000,4.000000,4.000000,4.000000,3.960080,0
2009-01-12,4.000000,4.000000,4.000000,4.000000,3.960080,0
2009-01-13,4.000000,4.000000,4.000000,4.000000,3.960080,25
2009-01-14,4.000000,4.000000,4.000000,4.000000,3.960080,0
2009-01-15,4.000000,4.000000,4.000000,4.000000,3.960080,0
2009-01-16,4.000000,4.000000,4.000000,4.000000,3.960080,0
2009-01-20,4.000000,4.000000,4.000000,4.000000,3.960080,0
2009-01-21,1.600000,4.000000,1.600000,4.000000,3.960080,575
2009-01-22,4.000000,4.000000,4.000000,4.000000,3.960080,0
2009-01-23,4.000000,4.000000,4.000000,4.000000,3.960080,0
2009-01-26,2.400000,2.400000,2.400000,2.400000,2.376048,6
2009-01-27,4.000000,4.000000,4.000000,4.000000,3.960080,63
2009-01-28,4.000000,4.000000,4.000000,4.000000,3.960080,0
2009-01-29,4.000000,4.000000,4.000000,4.000000,3.960080,0
2009-01-30,4.000000,4.000000,4.000000,4.000000,3.960080,0
2009-02-02,4.000000,4.000000,4.000000,4.000000,3.960080,0
2009-02-03,4.000000,4.000000,4.000000,4.000000,3.960080,0
2009-02-04,4.000000,4.000000,4.000000,4.000000,3.960080,0
2009-02-05,2.400000,2.400000,1.920000,1.920000,1.900838,2938
2009-02-06,2.080000,2.080000,1.120000,2.080000,2.059242,15256
2009-02-09,1.920000,2.560000,1.920000,2.560000,2.534451,938
2009-02-10,1.920000,2.400000,1.920000,2.400000,2.376048,681
2009-02-11,4.000000,4.000000,2.720000,2.720000,2.692854,413
2009-02-12,2.720000,2.720000,2.720000,2.720000,2.692854,0
2009-02-13,2.400000,2.400000,1.760000,1.760000,1.742435,2188
2009-02-17,1.920000,2.560000,1.920000,2.560000,2.534451,125
2009-02-18,2.560000,2.560000,2.560000,2.560000,2.534451,0
2009-02-19,2.240000,2.240000,1.760000,1.760000,1.742435,638
2009-02-20,1.440000,1.440000,1.280000,1.280000,1.267226,2188
2009-02-23,1.600000,1.600000,1.600000,1.600000,1.584032,350
2009-02-24,1.600000,1.600000,1.600000,1.600000,1.584032,0
2009-02-25,1.600000,1.600000,1.600000,1.600000,1.584032,625
2009-02-26,1.280000,1.280000,1.280000,1.280000,1.267226,1844
2009-02-27,1.280000,1.280000,1.280000,1.280000,1.267226,0
2009-03-02,1.280000,1.280000,1.280000,1.280000,1.267226,0
2009-03-03,1.920000,1.920000,1.920000,1.920000,1.900838,313
2009-03-04,1.920000,1.920000,1.920000,1.920000,1.900838,6
2009-03-05,1.280000,1.280000,1.280000,1.280000,1.267226,31
2009-03-06,1.280000,1.280000,1.280000,1.280000,1.267226,0
2009-03-09,1.280000,1.280000,1.280000,1.280000,1.267226,0
2009-03-10,1.280000,1.280000,1.280000,1.280000,1.267226,0
2009-03-11,1.920000,1.920000,1.760000,1.760000,1.742435,1313
2009-03-12,1.760000,1.760000,1.760000,1.760000,1.742435,0
2009-03-13,1.760000,1.760000,1.760000,1.760000,1.742435,313
2009-03-16,2.240000,2.240000,2.240000,2.240000,2.217645,44
2009-03-17,2.240000,2.240000,2.240000,2.240000,2.217645,0
2009-03-18,2.240000,2.240000,2.240000,2.240000,2.217645,0
2009-03-19,2.240000,2.240000,2.240000,2.240000,2.217645,0
2009-03-20,2.240000,2.240000,2.240000,2.240000,2.217645,0
2009-03-23,2.240000,2.240000,2.240000,2.240000,2.217645,0
2009-03-24,1.920000,1.920000,1.280000,1.280000,1.267226,825
2009-03-25,1.280000,1.280000,1.280000,1.280000,1.267226,0
2009-03-26,1.280000,1.280000,1.280000,1.280000,1.267226,0
2009-03-27,1.760000,1.760000,1.760000,1.760000,1.742435,919
2009-03-30,1.760000,1.760000,1.760000,1.760000,1.742435,0
2009-03-31,1.920000,2.080000,1.920000,2.080000,2.059242,675
2009-04-01,2.080000,2.080000,2.080000,2.080000,2.059242,313
2009-04-02,3.200000,3.200000,1.600000,1.600000,1.584032,969
2009-04-03,1.600000,1.600000,1.600000,1.600000,1.584032,0
2009-04-06,1.600000,1.760000,1.600000,1.600000,1.584032,4375
2009-04-07,1.600000,1.600000,1.600000,1.600000,1.584032,0
2009-04-08,1.600000,1.600000,1.600000,1.600000,1.584032,0
2009-04-09,1.920000,1.920000,1.920000,1.920000,1.900838,575
2009-04-13,1.920000,1.920000,1.920000,1.920000,1.900838,0
2009-04-14,2.400000,2.400000,2.400000,2.400000,2.376048,419
2009-04-15,2.400000,2.400000,2.400000,2.400000,2.376048,63
2009-04-16,2.400000,2.400000,2.400000,2.400000,2.376048,0
2009-04-17,2.400000,2.400000,2.400000,2.400000,2.376048,0
2009-04-20,1.920000,1.920000,1.920000,1.920000,1.900838,313
2009-04-21,1.920000,1.920000,1.920000,1.920000,1.900838,0
2009-04-22,1.920000,1.920000,1.920000,1.920000,1.900838,0
2009-04-23,1.920000,1.920000,1.920000,1.920000,1.900838,0
2009-04-24,1.920000,1.920000,1.920000,1.920000,1.900838,0
2009-04-27,2.400000,2.400000,1.920000,1.920000,1.900838,1506
2009-04-28,1.920000,1.920000,1.920000,1.920000,1.900838,0
2009-04-29,1.920000,1.920000,1.920000,1.920000,1.900838,500
2009-04-30,1.600000,1.600000,1.600000,1.600000,1.584032,250
2009-05-01,1.600000,1.600000,1.600000,1.600000,1.584032,0
2009-05-04,1.600000,2.400000,1.600000,1.920000,1.900838,2063
2009-05-05,1.920000,1.920000,1.920000,1.920000,1.900838,0
2009-05-06,1.920000,1.920000,1.920000,1.920000,1.900838,0
2009-05-07,1.920000,1.920000,1.920000,1.920000,1.900838,0
2009-05-08,1.920000,1.920000,1.920000,1.920000,1.900838,0
2009-05-11,1.920000,1.920000,1.920000,1.920000,1.900838,0
2009-05-12,1.920000,1.920000,1.920000,1.920000,1.900838,0
2009-05-13,1.920000,1.920000,1.920000,1.920000,1.900838,0
2009-05-14,1.920000,1.920000,1.920000,1.920000,1.900838,0
2009-05-15,1.920000,1.920000,1.920000,1.920000,1.900838,0
2009-05-18,1.920000,1.920000,1.920000,1.920000,1.900838,0
2009-05-19,1.920000,1.920000,1.920000,1.920000,1.900838,0
2009-05-20,2.240000,2.240000,2.240000,2.240000,2.217645,2525
2009-05-21,2.240000,2.240000,2.240000,2.240000,2.217645,0
2009-05-22,2.240000,2.240000,2.240000,2.240000,2.217645,0
2009-05-26,1.920000,1.920000,1.920000,1.920000,1.900838,375
2009-05-27,1.920000,1.920000,1.920000,1.920000,1.900838,0
2009-05-28,2.400000,2.400000,1.600000,1.600000,1.584032,988
2009-05-29,1.600000,1.600000,1.600000,1.600000,1.584032,0
2009-06-01,1.600000,1.600000,1.600000,1.600000,1.584032,0
2009-06-02,1.600000,1.600000,1.600000,1.600000,1.584032,0
2009-06-03,1.600000,1.600000,1.600000,1.600000,1.584032,625
2009-06-04,1.600000,1.600000,1.600000,1.600000,1.584032,0
2009-06-05,1.600000,1.600000,1.600000,1.600000,1.584032,0
2009-06-08,1.600000,1.600000,1.600000,1.600000,1.584032,0
2009-06-09,1.600000,1.600000,1.600000,1.600000,1.584032,0
2009-06-10,1.600000,1.600000,1.600000,1.600000,1.584032,313
2009-06-11,2.240000,2.240000,1.600000,1.600000,1.584032,1606
2009-06-12,1.600000,1.600000,1.600000,1.600000,1.584032,63
2009-06-15,1.600000,1.600000,1.600000,1.600000,1.584032,313
2009-06-16,1.600000,1.600000,1.600000,1.600000,1.584032,0
2009-06-17,1.600000,1.600000,1.600000,1.600000,1.584032,313
2009-06-18,1.600000,1.600000,1.600000,1.600000,1.584032,0
2009-06-19,1.600000,1.600000,1.600000,1.600000,1.584032,313
2009-06-22,1.440000,1.440000,1.440000,1.440000,1.425629,463
2009-06-23,1.600000,1.600000,1.600000,1.600000,1.584032,144
2009-06-24,1.600000,1.600000,1.600000,1.600000,1.584032,0
2009-06-25,1.600000,1.600000,1.600000,1.600000,1.584032,0
2009-06-26,1.600000,1.600000,1.600000,1.600000,1.584032,0
2009-06-29,1.600000,1.600000,1.440000,1.440000,1.425629,438
2009-06-30,1.440000,1.440000,1.440000,1.440000,1.425629,0
2009-07-01,1.440000,1.440000,1.440000,1.440000,1.425629,0
2009-07-02,1.440000,1.440000,1.440000,1.440000,1.425629,0
2009-07-06,1.440000,1.440000,1.440000,1.440000,1.425629,0
2009-07-07,1.440000,1.440000,1.440000,1.440000,1.425629,0
2009-07-08,1.440000,1.440000,1.440000,1.440000,1.425629,0
2009-07-09,1.440000,1.440000,1.440000,1.440000,1.425629,0
2009-07-10,1.440000,1.440000,1.440000,1.440000,1.425629,0
2009-07-13,1.440000,1.440000,1.440000,1.440000,1.425629,0
2009-07-14,1.440000,1.440000,1.440000,1.440000,1.425629,0
2009-07-15,1.440000,1.440000,1.440000,1.440000,1.425629,0
2009-07-16,1.600000,1.600000,1.600000,1.600000,1.584032,625
2009-07-17,1.600000,1.600000,1.600000,1.600000,1.584032,0
2009-07-20,1.600000,1.600000,1.600000,1.600000,1.584032,0
2009-07-21,1.600000,1.600000,1.600000,1.600000,1.584032,0
2009-07-22,1.600000,1.600000,1.600000,1.600000,1.584032,0
2009-07-23,1.600000,1.600000,1.600000,1.600000,1.584032,0
2009-07-24,1.600000,1.600000,1.600000,1.600000,1.584032,0
2009-07-27,1.600000,1.600000,1.600000,1.600000,1.584032,0
2009-07-28,1.600000,1.600000,1.600000,1.600000,1.584032,625
2009-07-29,1.600000,1.600000,1.600000,1.600000,1.584032,125
2009-07-30,1.920000,2.400000,1.920000,2.400000,2.376048,688
2009-07-31,2.400000,2.400000,2.400000,2.400000,2.376048,0
2009-08-03,2.400000,2.400000,2.400000,2.400000,2.376048,0
2009-08-04,2.080000,2.080000,1.920000,1.920000,1.900838,163
2009-08-05,1.920000,1.920000,1.920000,1.920000,1.900838,0
2009-08-06,1.920000,1.920000,1.920000,1.920000,1.900838,0
2009-08-07,1.920000,1.920000,1.920000,1.920000,1.900838,0
2009-08-10,1.920000,1.920000,1.920000,1.920000,1.900838,0
2009-08-11,1.920000,1.920000,1.920000,1.920000,1.900838,0
2009-08-12,1.920000,1.920000,1.920000,1.920000,1.900838,0
2009-08-13,1.920000,2.080000,1.920000,2.080000,2.059242,438
2009-08-14,2.400000,2.400000,2.400000,2.400000,2.376048,1125
2009-08-17,2.400000,2.400000,2.400000,2.400000,2.376048,63
2009-08-18,2.240000,2.400000,2.240000,2.400000,2.376048,125
2009-08-19,2.400000,2.400000,2.400000,2.400000,2.376048,0
2009-08-20,2.400000,2.400000,2.400000,2.400000,2.376048,313
2009-08-21,2.400000,2.400000,2.400000,2.400000,2.376048,0
2009-08-24,2.400000,2.400000,2.400000,2.400000,2.376048,0
2009-08-25,2.400000,2.400000,2.400000,2.400000,2.376048,0
2009-08-26,2.400000,2.400000,2.400000,2.400000,2.376048,0
2009-08-27,2.400000,2.400000,2.400000,2.400000,2.376048,0
2009-08-28,2.080000,2.080000,2.080000,2.080000,2.059242,425
2009-08-31,2.240000,2.240000,2.240000,2.240000,2.217645,63
2009-09-01,2.240000,2.240000,2.240000,2.240000,2.217645,313
2009-09-02,2.240000,2.240000,2.240000,2.240000,2.217645,0
2009-09-03,2.080000,2.080000,2.080000,2.080000,2.059242,19
2009-09-04,2.080000,2.080000,2.080000,2.080000,2.059242,450
2009-09-08,0.800000,1.600000,0.800000,1.600000,1.584032,188
2009-09-09,1.600000,1.600000,1.600000,1.600000,1.584032,0
2009-09-10,1.600000,1.600000,1.600000,1.600000,1.584032,0
2009-09-11,1.600000,1.600000,1.600000,1.600000,1.584032,0
2009-09-14,1.600000,1.600000,1.600000,1.600000,1.584032,0
2009-09-15,1.600000,1.600000,1.600000,1.600000,1.584032,0
2009-09-16,2.080000,2.080000,2.080000,2.080000,2.059242,125
2009-09-17,2.080000,2.080000,2.080000,2.080000,2.059242,0
2009-09-18,2.080000,2.080000,2.080000,2.080000,2.059242,313
2009-09-21,2.080000,2.080000,2.080000,2.080000,2.059242,0
2009-09-22,2.080000,2.080000,2.080000,2.080000,2.059242,0
2009-09-23,0.800000,0.800000,0.800000,0.800000,0.792016,63
2009-09-24,1.280000,1.280000,1.280000,1.280000,1.267226,169
2009-09-25,1.280000,1.280000,1.280000,1.280000,1.267226,0
2009-09-28,1.280000,1.280000,1.280000,1.280000,1.267226,0
2009-09-29,1.280000,1.280000,1.280000,1.280000,1.267226,0
2009-09-30,1.280000,1.280000,1.280000,1.280000,1.267226,0
2009-10-01,1.280000,1.280000,1.280000,1.280000,1.267226,0
2009-10-02,1.280000,1.280000,1.280000,1.280000,1.267226,0
2009-10-05,1.280000,1.280000,1.280000,1.280000,1.267226,0
2009-10-06,1.280000,1.280000,1.280000,1.280000,1.267226,0
2009-10-07,1.280000,1.280000,1.280000,1.280000,1.267226,0
2009-10-08,1.280000,1.280000,0.960000,1.120000,1.108822,2338
2009-10-09,1.120000,1.120000,1.120000,1.120000,1.108822,0
2009-10-12,1.120000,1.120000,1.120000,1.120000,1.108822,0
2009-10-13,1.120000,1.120000,1.120000,1.120000,1.108822,0
2009-10-14,1.120000,1.120000,1.120000,1.120000,1.108822,0
2009-10-15,1.120000,1.120000,1.120000,1.120000,1.108822,0
2009-10-16,1.120000,1.120000,1.120000,1.120000,1.108822,0
2009-10-19,1.120000,1.120000,1.120000,1.120000,1.108822,0
2009-10-20,1.120000,1.120000,1.120000,1.120000,1.108822,0
2009-10-21,1.600000,1.600000,1.440000,1.600000,1.584032,1375
2009-10-22,1.600000,1.600000,1.280000,1.280000,1.267226,575
2009-10-23,1.280000,1.280000,1.280000,1.280000,1.267226,0
2009-10-26,1.280000,1.280000,1.280000,1.280000,1.267226,0
2009-10-27,1.280000,1.280000,1.280000,1.280000,1.267226,0
2009-10-28,1.600000,2.400000,1.600000,2.400000,2.376048,188
2009-10-29,2.080000,2.080000,2.080000,2.080000,2.059242,881
2009-10-30,2.240000,2.720000,2.240000,2.400000,2.376048,3175
2009-11-02,2.400000,2.400000,2.400000,2.400000,2.376048,750
2009-11-03,2.560000,2.720000,2.560000,2.720000,2.692854,106
2009-11-04,2.720000,2.720000,2.720000,2.720000,2.692854,469
2009-11-05,2.720000,2.720000,2.720000,2.720000,2.692854,0
2009-11-06,2.720000,2.720000,2.720000,2.720000,2.692854,125
2009-11-09,2.720000,2.720000,2.720000,2.720000,2.692854,0
2009-11-10,2.720000,2.720000,2.720000,2.720000,2.692854,94
2009-11-11,2.560000,2.720000,2.560000,2.720000,2.692854,275
2009-11-12,1.920000,2.720000,1.920000,2.720000,2.692854,344
2009-11-13,2.720000,2.720000,2.720000,2.720000,2.692854,375
2009-11-16,2.720000,2.720000,2.720000,2.720000,2.692854,94
2009-11-17,2.720000,2.720000,2.720000,2.720000,2.692854,113
2009-11-18,2.720000,2.720000,2.720000,2.720000,2.692854,0
2009-11-19,2.720000,2.720000,2.720000,2.720000,2.692854,475
2009-11-20,2.400000,2.400000,2.400000,2.400000,2.376048,31
2009-11-23,2.400000,2.400000,2.400000,2.400000,2.376048,0
2009-11-24,2.400000,2.400000,2.400000,2.400000,2.376048,150
2009-11-25,2.400000,2.400000,2.400000,2.400000,2.376048,288
2009-11-27,2.400000,2.400000,2.400000,2.400000,2.376048,0
2009-11-30,2.400000,2.400000,2.400000,2.400000,2.376048,156
2009-12-01,2.400000,2.400000,2.400000,2.400000,2.376048,0
2009-12-02,2.400000,2.400000,2.400000,2.400000,2.376048,0
2009-12-03,2.400000,2.400000,2.400000,2.400000,2.376048,0
2009-12-04,2.400000,2.400000,2.400000,2.400000,2.376048,0
2009-12-07,2.400000,2.400000,2.400000,2.400000,2.376048,156
2009-12-08,2.400000,2.400000,2.400000,2.400000,2.376048,381
2009-12-09,2.400000,2.400000,2.400000,2.400000,2.376048,0
2009-12-10,2.400000,2.400000,2.400000,2.400000,2.376048,313
2009-12-11,2.400000,2.400000,2.400000,2.400000,2.376048,0
2009-12-14,2.400000,2.400000,2.400000,2.400000,2.376048,0
2009-12-15,2.400000,2.400000,2.400000,2.400000,2.376048,0
2009-12-16,2.400000,2.400000,2.400000,2.400000,2.376048,0
2009-12-17,2.400000,2.400000,2.400000,2.400000,2.376048,0
2009-12-18,2.400000,2.400000,2.400000,2.400000,2.376048,1106
2009-12-21,2.400000,2.400000,2.400000,2.400000,2.376048,313
2009-12-22,2.400000,2.720000,2.400000,2.720000,2.692854,731
2009-12-23,2.720000,2.720000,2.400000,2.400000,2.376048,525
2009-12-24,3.040000,3.040000,3.040000,3.040000,3.009661,63
2009-12-28,2.560000,2.560000,2.240000,2.240000,2.217645,1875
2009-12-29,3.040000,3.040000,3.040000,3.040000,3.009661,63
2009-12-30,2.400000,3.040000,2.400000,3.040000,3.009661,1600
2009-12-31,2.880000,2.880000,2.880000,2.880000,2.851258,756
2010-01-04,2.400000,2.400000,2.400000,2.400000,2.376048,125
2010-01-05,2.400000,2.400000,2.400000,2.400000,2.376048,0
2010-01-06,2.400000,2.400000,2.400000,2.400000,2.376048,0
2010-01-07,2.400000,2.400000,2.400000,2.400000,2.376048,125
2010-01-08,2.400000,2.400000,2.400000,2.400000,2.376048,0
2010-01-11,2.400000,2.400000,2.400000,2.400000,2.376048,0
2010-01-12,2.400000,2.400000,2.400000,2.400000,2.376048,0
2010-01-13,2.400000,2.400000,2.400000,2.400000,2.376048,0
2010-01-14,2.720000,2.720000,2.720000,2.720000,2.692854,625
2010-01-15,2.720000,2.720000,2.720000,2.720000,2.692854,0
2010-01-19,2.720000,2.720000,2.720000,2.720000,2.692854,0
2010-01-20,2.720000,2.720000,2.720000,2.720000,2.692854,0
2010-01-21,2.720000,2.720000,2.720000,2.720000,2.692854,681
2010-01-22,2.720000,2.720000,2.720000,2.720000,2.692854,0
2010-01-25,2.720000,2.720000,2.720000,2.720000,2.692854,0
2010-01-26,2.560000,2.560000,2.560000,2.560000,2.534451,706
2010-01-27,2.400000,2.400000,2.240000,2.240000,2.217645,625
2010-01-28,2.240000,2.240000,2.240000,2.240000,2.217645,119
2010-01-29,2.240000,2.240000,2.240000,2.240000,2.217645,281
2010-02-01,2.240000,2.240000,1.920000,1.920000,1.900838,675
2010-02-02,1.920000,1.920000,1.920000,1.920000,1.900838,0
2010-02-03,1.920000,1.920000,1.920000,1.920000,1.900838,0
2010-02-04,1.920000,1.920000,1.920000,1.920000,1.900838,0
2010-02-05,1.920000,1.920000,1.920000,1.920000,1.900838,0
2010-02-08,2.560000,2.560000,1.920000,2.560000,2.534451,1025
2010-02-09,2.400000,2.400000,2.400000,2.400000,2.376048,219
2010-02-10,2.400000,2.400000,2.400000,2.400000,2.376048,0
2010-02-11,2.400000,2.400000,2.400000,2.400000,2.376048,0
2010-02-12,2.400000,2.400000,2.400000,2.400000,2.376048,0
2010-02-16,2.400000,2.400000,2.400000,2.400000,2.376048,0
2010-02-17,1.920000,1.920000,1.920000,1.920000,1.900838,406
2010-02-18,1.920000,1.920000,1.920000,1.920000,1.900838,0
2010-02-19,1.920000,1.920000,1.920000,1.920000,1.900838,0
2010-02-22,1.920000,1.920000,1.920000,1.920000,1.900838,0
2010-02-23,1.920000,1.920000,1.920000,1.920000,1.900838,2319
2010-02-24,1.920000,1.920000,1.920000,1.920000,1.900838,0
2010-02-25,1.920000,1.920000,1.920000,1.920000,1.900838,144
2010-02-26,1.920000,1.920000,1.920000,1.920000,1.900838,0
2010-03-01,1.920000,1.920000,1.920000,1.920000,1.900838,0
2010-03-02,1.920000,1.920000,1.920000,1.920000,1.900838,0
2010-03-03,1.920000,1.920000,1.920000,1.920000,1.900838,0
2010-03-04,1.920000,1.920000,1.600000,1.600000,1.584032,1875
2010-03-05,1.600000,1.600000,1.600000,1.600000,1.584032,0
2010-03-08,1.600000,1.600000,1.600000,1.600000,1.584032,0
2010-03-09,2.400000,2.400000,2.400000,2.400000,2.376048,63
2010-03-10,2.400000,2.400000,2.400000,2.400000,2.376048,0
2010-03-11,2.400000,2.400000,2.400000,2.400000,2.376048,0
2010-03-12,2.400000,2.400000,2.400000,2.400000,2.376048,0
2010-03-15,2.400000,2.400000,2.400000,2.400000,2.376048,0
2010-03-16,2.400000,2.400000,2.400000,2.400000,2.376048,0
2010-03-17,2.400000,2.400000,2.400000,2.400000,2.376048,0
2010-03-18,2.400000,2.400000,2.400000,2.400000,2.376048,0
2010-03-19,2.400000,2.400000,2.400000,2.400000,2.376048,0
2010-03-22,2.400000,2.400000,2.400000,2.400000,2.376048,0
2010-03-23,2.400000,2.400000,2.400000,2.400000,2.376048,0
2010-03-24,2.400000,2.400000,2.400000,2.400000,2.376048,0
2010-03-25,2.400000,2.400000,2.400000,2.400000,2.376048,0
2010-03-26,2.400000,2.400000,2.400000,2.400000,2.376048,0
2010-03-29,2.400000,2.400000,2.400000,2.400000,2.376048,0
2010-03-30,1.920000,2.400000,1.920000,2.400000,2.376048,175
2010-03-31,2.240000,2.400000,2.240000,2.400000,2.376048,63
2010-04-01,2.400000,2.400000,2.400000,2.400000,2.376048,63
2010-04-05,2.400000,2.400000,2.400000,2.400000,2.376048,0
2010-04-06,2.400000,2.400000,2.400000,2.400000,2.376048,0
2010-04-07,2.400000,2.400000,2.400000,2.400000,2.376048,0
2010-04-08,2.400000,2.400000,2.400000,2.400000,2.376048,0
2010-04-09,2.400000,2.400000,2.400000,2.400000,2.376048,0
2010-04-12,2.400000,2.400000,2.400000,2.400000,2.376048,0
2010-04-13,2.400000,2.400000,2.400000,2.400000,2.376048,0
2010-04-14,2.400000,2.400000,2.400000,2.400000,2.376048,0
2010-04-15,2.400000,2.400000,2.400000,2.400000,2.376048,13
2010-04-16,2.400000,2.400000,2.400000,2.400000,2.376048,0
2010-04-19,2.400000,2.400000,2.400000,2.400000,2.376048,0
2010-04-20,2.400000,2.400000,2.400000,2.400000,2.376048,625
2010-04-21,2.400000,2.400000,2.400000,2.400000,2.376048,0
2010-04-22,2.400000,2.400000,2.400000,2.400000,2.376048,0
2010-04-23,2.720000,2.720000,2.720000,2.720000,2.692854,1156
2010-04-26,2.400000,2.400000,2.400000,2.400000,2.376048,275
2010-04-27,2.400000,2.400000,2.400000,2.400000,2.376048,0
2010-04-28,2.400000,2.400000,2.400000,2.400000,2.376048,0
2010-04-29,2.400000,2.400000,2.400000,2.400000,2.376048,0
2010-04-30,2.400000,2.400000,2.400000,2.400000,2.376048,0
2010-05-03,2.400000,2.400000,2.400000,2.400000,2.376048,0
2010-05-04,2.400000,2.400000,2.400000,2.400000,2.376048,0
2010-05-05,2.400000,2.400000,2.400000,2.400000,2.376048,0
2010-05-06,2.560000,2.560000,2.560000,2.560000,2.534451,625
2010-05-07,2.720000,2.720000,2.720000,2.720000,2.692854,844
2010-05-10,2.720000,2.720000,2.720000,2.720000,2.692854,0
2010-05-11,2.720000,2.720000,2.720000,2.720000,2.692854,0
2010-05-12,2.720000,2.720000,2.720000,2.720000,2.692854,0
2010-05-13,2.720000,2.720000,2.720000,2.720000,2.692854,0
2010-05-14,2.560000,2.560000,2.560000,2.560000,2.534451,313
2010-05-17,1.920000,1.920000,1.920000,1.920000,1.900838,50
2010-05-18,2.560000,2.560000,2.560000,2.560000,2.534451,81
2010-05-19,2.560000,2.560000,2.560000,2.560000,2.534451,431
2010-05-20,2.560000,2.560000,2.560000,2.560000,2.534451,44
2010-05-21,2.560000,2.560000,2.560000,2.560000,2.534451,525
2010-05-24,2.560000,2.560000,2.560000,2.560000,2.534451,0
2010-05-25,2.560000,2.560000,2.560000,2.560000,2.534451,0
2010-05-26,2.560000,2.720000,2.560000,2.720000,2.692854,813
2010-05-27,3.040000,3.040000,3.040000,3.040000,3.009661,63
2010-05-28,3.040000,3.040000,3.040000,3.040000,3.009661,313
2010-06-01,3.040000,3.040000,3.040000,3.040000,3.009661,0
2010-06-02,2.880000,2.880000,2.880000,2.880000,2.851258,19
2010-06-03,2.880000,2.880000,2.880000,2.880000,2.851258,0
2010-06-04,2.880000,2.880000,2.880000,2.880000,2.851258,0
2010-06-07,2.880000,2.880000,2.880000,2.880000,2.851258,0
2010-06-08,2.880000,2.880000,2.880000,2.880000,2.851258,0
2010-06-09,2.880000,2.880000,2.880000,2.880000,2.851258,0
2010-06-10,2.880000,2.880000,2.880000,2.880000,2.851258,0
2010-06-11,2.880000,2.880000,2.880000,2.880000,2.851258,0
2010-06-14,2.880000,2.880000,2.880000,2.880000,2.851258,156
2010-06-15,2.880000,2.880000,2.880000,2.880000,2.851258,0
2010-06-16,2.880000,2.880000,2.880000,2.880000,2.851258,0
2010-06-17,2.880000,2.880000,2.880000,2.880000,2.851258,0
2010-06-18,1.920000,1.920000,1.920000,1.920000,1.900838,63
2010-06-21,1.920000,1.920000,1.920000,1.920000,1.900838,0
2010-06-22,1.920000,1.920000,1.920000,1.920000,1.900838,0
2010-06-23,1.920000,1.920000,1.920000,1.920000,1.900838,0
2010-06-24,1.920000,1.920000,1.920000,1.920000,1.900838,0
2010-06-25,1.920000,1.920000,1.920000,1.920000,1.900838,0
2010-06-28,1.920000,1.920000,1.920000,1.920000,1.900838,0
2010-06-29,2.080000,2.080000,2.080000,2.080000,2.059242,500
2010-06-30,2.080000,2.080000,2.080000,2.080000,2.059242,0
2010-07-01,2.080000,2.080000,2.080000,2.080000,2.059242,56
2010-07-02,2.080000,2.080000,2.080000,2.080000,2.059242,0
2010-07-06,2.080000,2.080000,2.080000,2.080000,2.059242,444
2010-07-07,2.080000,2.080000,2.080000,2.080000,2.059242,0
2010-07-08,2.080000,2.080000,2.080000,2.080000,2.059242,0
2010-07-09,2.080000,2.080000,2.080000,2.080000,2.059242,0
2010-07-12,2.240000,2.240000,2.240000,2.240000,2.217645,206
2010-07-13,2.240000,2.240000,2.240000,2.240000,2.217645,0
2010-07-14,2.240000,2.240000,2.240000,2.240000,2.217645,0
2010-07-15,2.240000,2.240000,2.240000,2.240000,2.217645,0
2010-07-16,2.240000,2.240000,2.240000,2.240000,2.217645,0
2010-07-19,2.240000,2.240000,2.240000,2.240000,2.217645,0
2010-07-20,2.240000,2.240000,2.240000,2.240000,2.217645,0
2010-07-21,2.240000,2.240000,2.240000,2.240000,2.217645,0
2010-07-22,2.240000,2.240000,2.240000,2.240000,2.217645,0
2010-07-23,2.400000,2.400000,2.400000,2.400000,2.376048,375
2010-07-26,2.400000,2.400000,2.400000,2.400000,2.376048,863
2010-07-27,2.720000,2.720000,2.720000,2.720000,2.692854,63
2010-07-28,2.080000,2.880000,2.080000,2.880000,2.851258,194
2010-07-29,2.880000,2.880000,2.880000,2.880000,2.851258,0
2010-07-30,2.880000,2.880000,2.880000,2.880000,2.851258,0
2010-08-02,2.880000,2.880000,2.880000,2.880000,2.851258,0
2010-08-03,2.880000,2.880000,2.880000,2.880000,2.851258,0
2010-08-04,2.880000,2.880000,2.880000,2.880000,2.851258,0
2010-08-05,2.880000,2.880000,2.880000,2.880000,2.851258,0
2010-08-06,2.880000,2.880000,2.880000,2.880000,2.851258,0
2010-08-09,2.880000,2.880000,2.880000,2.880000,2.851258,0
2010-08-10,2.880000,2.880000,2.880000,2.880000,2.851258,0
2010-08-11,2.880000,2.880000,2.880000,2.880000,2.851258,0
2010-08-12,2.880000,2.880000,2.880000,2.880000,2.851258,31
2010-08-13,2.880000,2.880000,2.880000,2.880000,2.851258,0
2010-08-16,2.880000,2.880000,2.880000,2.880000,2.851258,0
2010-08-17,2.880000,2.880000,2.880000,2.880000,2.851258,0
2010-08-18,3.520000,3.520000,3.520000,3.520000,3.484870,31
2010-08-19,3.520000,3.520000,3.520000,3.520000,3.484870,0
2010-08-20,2.080000,2.080000,2.080000,2.080000,2.059242,31
2010-08-23,2.080000,2.080000,2.080000,2.080000,2.059242,0
2010-08-24,3.040000,3.040000,3.040000,3.040000,3.009661,63
2010-08-25,2.880000,2.880000,2.720000,2.720000,2.692854,56
2010-08-26,2.080000,2.080000,1.760000,1.920000,1.900838,1363
2010-08-27,1.920000,1.920000,1.920000,1.920000,1.900838,0
2010-08-30,2.080000,2.080000,1.920000,1.920000,1.900838,331
2010-08-31,1.920000,1.920000,1.920000,1.920000,1.900838,0
2010-09-01,1.920000,1.920000,1.920000,1.920000,1.900838,313
2010-09-02,1.920000,1.920000,1.920000,1.920000,1.900838,0
2010-09-03,2.720000,2.720000,2.560000,2.560000,2.534451,206
2010-09-07,2.560000,2.560000,2.560000,2.560000,2.534451,0
2010-09-08,2.560000,2.560000,2.560000,2.560000,2.534451,0
2010-09-09,2.560000,2.560000,2.560000,2.560000,2.534451,0
2010-09-10,2.560000,2.560000,2.560000,2.560000,2.534451,0
2010-09-13,2.560000,2.560000,2.560000,2.560000,2.534451,0
2010-09-14,2.560000,2.560000,2.560000,2.560000,2.534451,1063
2010-09-15,2.560000,2.560000,1.920000,1.920000,1.900838,625
2010-09-16,1.920000,1.920000,1.920000,1.920000,1.900838,0
2010-09-17,1.920000,1.920000,1.920000,1.920000,1.900838,0
2010-09-20,2.080000,2.080000,2.080000,2.080000,2.059242,1913
2010-09-21,2.560000,2.560000,2.400000,2.400000,2.376048,38
2010-09-22,2.560000,2.560000,2.560000,2.560000,2.534451,188
2010-09-23,2.560000,2.560000,2.560000,2.560000,2.534451,0
2010-09-24,2.560000,2.560000,2.560000,2.560000,2.534451,625
2010-09-27,2.560000,2.560000,2.560000,2.560000,2.534451,0
2010-09-28,2.880000,2.880000,2.720000,2.880000,2.851258,125
2010-09-29,2.880000,2.880000,2.880000,2.880000,2.851258,0
2010-09-30,2.720000,2.880000,2.720000,2.880000,2.851258,281
2010-10-01,2.880000,2.880000,2.880000,2.880000,2.851258,0
2010-10-04,2.880000,2.880000,2.880000,2.880000,2.851258,0
2010-10-05,2.880000,2.880000,2.880000,2.880000,2.851258,0
2010-10-06,2.880000,2.880000,2.880000,2.880000,2.851258,0
2010-10-07,2.880000,2.880000,2.720000,2.720000,2.692854,200
2010-10-08,2.720000,2.720000,2.720000,2.720000,2.692854,0
2010-10-11,2.720000,2.880000,2.080000,2.880000,2.851258,400
2010-10-12,2.080000,2.080000,2.080000,2.080000,2.059242,313
2010-10-13,2.080000,2.080000,2.080000,2.080000,2.059242,0
2010-10-14,2.880000,2.880000,2.240000,2.880000,2.851258,281
2010-10-15,2.240000,2.880000,2.240000,2.880000,2.851258,188
2010-10-18,2.880000,2.880000,2.880000,2.880000,2.851258,0
2010-10-19,2.880000,2.880000,2.880000,2.880000,2.851258,63
2010-10-20,2.880000,2.880000,2.880000,2.880000,2.851258,0
2010-10-21,2.880000,2.880000,2.880000,2.880000,2.851258,0
2010-10-22,2.880000,2.880000,2.880000,2.880000,2.851258,0
2010-10-25,2.880000,2.880000,2.880000,2.880000,2.851258,0
2010-10-26,2.240000,2.240000,2.080000,2.080000,2.059242,1250
2010-10-27,2.240000,2.240000,2.240000,2.240000,2.217645,88
2010-10-28,2.560000,2.720000,2.560000,2.720000,2.692854,1656
2010-10-29,2.720000,2.720000,2.720000,2.720000,2.692854,0
2010-11-01,2.880000,2.880000,2.880000,2.880000,2.851258,344
2010-11-02,2.880000,2.880000,2.880000,2.880000,2.851258,0
2010-11-03,2.880000,2.880000,2.880000,2.880000,2.851258,625
2010-11-04,2.560000,2.560000,2.560000,2.560000,2.534451,1063
2010-11-05,2.560000,2.560000,2.560000,2.560000,2.534451,0
2010-11-08,2.720000,2.720000,2.720000,2.720000,2.692854,2188
2010-11-09,3.200000,3.840000,3.200000,3.840000,3.801677,544
2010-11-10,3.840000,3.840000,3.840000,3.840000,3.801677,0
2010-11-11,3.840000,3.840000,3.840000,3.840000,3.801677,0
2010-11-12,3.840000,3.840000,3.840000,3.840000,3.801677,0
2010-11-15,3.360000,3.360000,3.360000,3.360000,3.326467,625
2010-11-16,3.360000,3.360000,3.360000,3.360000,3.326467,0
2010-11-17,3.360000,3.360000,3.360000,3.360000,3.326467,0
2010-11-18,3.360000,3.360000,3.360000,3.360000,3.326467,0
2010-11-19,3.360000,3.360000,3.360000,3.360000,3.326467,0
2010-11-22,3.360000,3.360000,3.360000,3.360000,3.326467,719
2010-11-23,3.360000,3.360000,3.360000,3.360000,3.326467,0
2010-11-24,3.360000,3.360000,1.600000,2.240000,2.217645,10250
2010-11-26,2.240000,2.240000,2.240000,2.240000,2.217645,0
2010-11-29,2.240000,2.240000,2.240000,2.240000,2.217645,0
2010-11-30,2.240000,2.240000,2.240000,2.240000,2.217645,0
2010-12-01,2.240000,2.240000,2.240000,2.240000,2.217645,0
2010-12-02,3.200000,3.200000,3.200000,3.200000,3.168064,31
2010-12-03,3.200000,3.200000,3.200000,3.200000,3.168064,44
2010-12-06,3.200000,3.200000,3.200000,3.200000,3.168064,0
2010-12-07,3.040000,3.040000,2.240000,2.240000,2.217645,156
2010-12-08,2.240000,2.240000,2.240000,2.240000,2.217645,0
2010-12-09,2.880000,2.880000,2.240000,2.240000,2.217645,2800
2010-12-10,2.240000,2.240000,2.240000,2.240000,2.217645,250
2010-12-13,2.240000,2.240000,2.240000,2.240000,2.217645,0
2010-12-14,2.240000,2.240000,2.240000,2.240000,2.217645,0
2010-12-15,2.240000,2.240000,2.240000,2.240000,2.217645,0
2010-12-16,3.040000,3.040000,3.040000,3.040000,3.009661,31
2010-12-17,3.040000,3.040000,3.040000,3.040000,3.009661,0
2010-12-20,1.920000,1.920000,1.920000,1.920000,1.900838,6
2010-12-21,1.920000,1.920000,1.920000,1.920000,1.900838,0
2010-12-22,1.920000,1.920000,1.920000,1.920000,1.900838,0
2010-12-23,1.920000,1.920000,1.920000,1.920000,1.900838,0
2010-12-27,3.040000,3.040000,3.040000,3.040000,3.009661,88
2010-12-28,3.040000,3.040000,2.240000,2.240000,2.217645,825
2010-12-29,1.920000,2.240000,1.920000,2.240000,2.217645,1500
2010-12-30,2.240000,2.240000,2.240000,2.240000,2.217645,0
2010-12-31,2.240000,2.560000,1.920000,2.560000,2.534451,2206
2011-01-03,2.560000,2.560000,2.560000,2.560000,2.534451,0
2011-01-04,2.560000,2.720000,2.560000,2.720000,2.692854,1131
2011-01-05,2.720000,2.720000,2.720000,2.720000,2.692854,0
2011-01-06,2.080000,2.240000,2.080000,2.240000,2.217645,969
2011-01-07,2.240000,2.240000,2.240000,2.240000,2.217645,0
2011-01-10,2.720000,2.720000,2.720000,2.720000,2.692854,831
2011-01-11,2.400000,2.400000,2.400000,2.400000,2.376048,156
2011-01-12,2.880000,2.880000,2.880000,2.880000,2.851258,406
2011-01-13,2.880000,2.880000,2.880000,2.880000,2.851258,0
2011-01-14,3.200000,3.200000,3.200000,3.200000,3.168064,63
2011-01-18,3.200000,3.200000,3.200000,3.200000,3.168064,63
2011-01-19,3.200000,3.200000,3.200000,3.200000,3.168064,388
2011-01-20,2.720000,3.360000,2.720000,3.360000,3.326467,94
2011-01-21,2.720000,2.720000,2.720000,2.720000,2.692854,344
2011-01-24,2.720000,2.720000,2.720000,2.720000,2.692854,0
2011-01-25,2.720000,2.720000,2.720000,2.720000,2.692854,0
2011-01-26,2.720000,2.720000,2.720000,2.720000,2.692854,0
2011-01-27,2.720000,2.720000,2.720000,2.720000,2.692854,0
2011-01-28,2.720000,2.720000,2.720000,2.720000,2.692854,0
2011-01-31,2.720000,2.720000,2.720000,2.720000,2.692854,0
2011-02-01,2.720000,2.720000,2.720000,2.720000,2.692854,0
2011-02-02,3.360000,3.360000,3.360000,3.360000,3.326467,63
2011-02-03,3.360000,3.360000,3.360000,3.360000,3.326467,0
2011-02-04,3.360000,4.000000,2.720000,4.000000,3.960080,3175
2011-02-07,4.000000,4.000000,4.000000,4.000000,3.960080,13
2011-02-08,4.000000,4.000000,4.000000,4.000000,3.960080,0
2011-02-09,2.880000,3.200000,2.880000,3.200000,3.168064,1344
2011-02-10,3.200000,3.200000,3.200000,3.200000,3.168064,0
2011-02-11,3.200000,3.200000,3.200000,3.200000,3.168064,0
2011-02-14,3.200000,4.000000,3.200000,4.000000,3.960080,938
2011-02-15,4.000000,4.000000,3.840000,3.840000,3.801677,1250
2011-02-16,3.200000,4.800000,3.200000,4.800000,4.752096,375
2011-02-17,3.840000,4.800000,3.840000,4.800000,4.752096,375
2011-02-18,4.800000,4.800000,4.800000,4.800000,4.752096,0
2011-02-22,4.480000,4.640000,4.480000,4.640000,4.593693,525
2011-02-23,2.720000,4.480000,2.720000,4.480000,4.435289,50
2011-02-24,4.480000,4.480000,4.480000,4.480000,4.435289,0
2011-02-25,4.000000,4.000000,4.000000,4.000000,3.960080,313
2011-02-28,4.000000,4.000000,4.000000,4.000000,3.960080,344
2011-03-01,4.000000,4.800000,4.000000,4.800000,4.752096,363
2011-03-02,4.800000,6.080000,3.680000,3.680000,3.643274,1750
2011-03-03,3.680000,3.680000,3.680000,3.680000,3.643274,1063
2011-03-04,3.680000,4.000000,3.680000,3.680000,3.643274,4531
2011-03-07,3.680000,3.680000,3.680000,3.680000,3.643274,313
2011-03-08,3.680000,3.680000,3.680000,3.680000,3.643274,0
2011-03-09,3.680000,3.680000,3.680000,3.680000,3.643274,0
2011-03-10,4.000000,4.800000,4.000000,4.800000,4.752096,2688
2011-03-11,4.960000,4.960000,4.960000,4.960000,4.910499,31
2011-03-14,4.960000,4.960000,4.960000,4.960000,4.910499,0
2011-03-15,4.960000,4.960000,4.960000,4.960000,4.910499,0
2011-03-16,4.960000,4.960000,4.960000,4.960000,4.910499,19
2011-03-17,4.960000,4.960000,3.840000,3.840000,3.801677,281
2011-03-18,3.680000,3.680000,3.680000,3.680000,3.643274,31
2011-03-21,3.680000,3.680000,3.680000,3.680000,3.643274,31
2011-03-22,4.800000,4.800000,4.800000,4.800000,4.752096,63
2011-03-23,4.800000,4.800000,4.800000,4.800000,4.752096,0
2011-03-24,4.800000,4.800000,4.800000,4.800000,4.752096,0
2011-03-25,4.640000,4.640000,4.640000,4.640000,4.593693,31
2011-03-28,4.640000,4.640000,4.640000,4.640000,4.593693,0
2011-03-29,4.640000,4.640000,4.640000,4.640000,4.593693,0
2011-03-30,4.640000,4.640000,4.640000,4.640000,4.593693,0
2011-03-31,4.640000,4.640000,4.640000,4.640000,4.593693,0
2011-04-01,3.840000,3.840000,2.880000,3.840000,3.801677,1350
2011-04-04,3.840000,3.840000,3.840000,3.840000,3.801677,0
2011-04-05,3.840000,3.840000,3.840000,3.840000,3.801677,0
2011-04-06,3.840000,3.840000,3.840000,3.840000,3.801677,0
2011-04-07,3.840000,3.840000,3.840000,3.840000,3.801677,0
2011-04-08,3.840000,3.840000,3.840000,3.840000,3.801677,0
2011-04-11,3.840000,3.840000,3.840000,3.840000,3.801677,0
2011-04-12,4.800000,4.800000,4.800000,4.800000,4.752096,219
2011-04-13,4.640000,4.640000,4.160000,4.160000,4.118483,2406
2011-04-14,4.160000,4.160000,4.160000,4.160000,4.118483,0
2011-04-15,4.160000,4.160000,4.160000,4.160000,4.118483,0
2011-04-18,4.160000,4.160000,4.160000,4.160000,4.118483,0
2011-04-19,4.160000,4.160000,4.160000,4.160000,4.118483,0
2011-04-20,4.160000,4.160000,4.160000,4.160000,4.118483,0
2011-04-21,4.160000,4.160000,4.160000,4.160000,4.118483,0
2011-04-25,4.160000,4.160000,4.160000,4.160000,4.118483,0
2011-04-26,4.160000,4.160000,4.160000,4.160000,4.118483,0
2011-04-27,4.800000,5.280000,4.800000,5.280000,5.227306,338
2011-04-28,5.280000,5.280000,5.280000,5.280000,5.227306,31
2011-04-29,5.280000,6.080000,5.280000,6.080000,6.019321,2938
2011-05-02,5.120000,6.080000,5.120000,6.080000,6.019321,1363
2011-05-03,5.440000,6.080000,5.440000,6.080000,6.019321,1281
2011-05-04,6.080000,6.080000,6.080000,6.080000,6.019321,31
2011-05-05,5.600000,6.400000,5.600000,5.760000,5.702515,4850
2011-05-06,5.760000,5.760000,5.760000,5.760000,5.702515,0
2011-05-09,6.400000,6.400000,6.400000,6.400000,6.336128,31
2011-05-10,5.600000,6.400000,5.600000,6.400000,6.336128,156
2011-05-11,6.400000,6.400000,6.400000,6.400000,6.336128,1088
2011-05-12,6.400000,6.400000,6.400000,6.400000,6.336128,744
2011-05-13,6.400000,6.400000,6.400000,6.400000,6.336128,31
2011-05-16,6.400000,6.400000,6.400000,6.400000,6.336128,313
2011-05-17,5.600000,5.600000,5.120000,5.600000,5.544112,1050
2011-05-18,5.600000,5.600000,5.600000,5.600000,5.544112,313
2011-05-19,6.400000,6.400000,6.240000,6.240000,6.177724,63
2011-05-20,5.600000,5.600000,5.600000,5.600000,5.544112,63
2011-05-23,5.600000,5.600000,5.600000,5.600000,5.544112,125
2011-05-24,4.800000,6.400000,4.800000,6.400000,6.336128,113
2011-05-25,6.400000,6.400000,5.600000,5.600000,5.544112,5594
2011-05-26,4.800000,5.600000,4.800000,5.600000,5.544112,406
2011-05-27,5.600000,6.240000,5.120000,5.120000,5.068902,788
2011-05-31,6.400000,6.400000,6.400000,6.400000,6.336128,31
2011-06-01,6.400000,6.400000,6.400000,6.400000,6.336128,0
2011-06-02,6.400000,6.400000,6.400000,6.400000,6.336128,31
2011-06-03,6.400000,6.400000,6.400000,6.400000,6.336128,0
2011-06-06,6.240000,6.240000,6.240000,6.240000,6.177724,6
2011-06-07,5.280000,5.280000,3.520000,4.800000,4.752096,3844
2011-06-08,4.800000,4.800000,4.800000,4.800000,4.752096,0
2011-06-09,5.920000,5.920000,5.920000,5.920000,5.860919,31
2011-06-10,5.920000,5.920000,5.920000,5.920000,5.860919,0
2011-06-13,5.920000,5.920000,5.920000,5.920000,5.860919,0
2011-06-14,5.920000,5.920000,5.920000,5.920000,5.860919,63
2011-06-15,5.920000,5.920000,5.920000,5.920000,5.860919,0
2011-06-16,5.920000,5.920000,5.920000,5.920000,5.860919,0
2011-06-17,5.920000,5.920000,5.920000,5.920000,5.860919,0
2011-06-20,5.920000,5.920000,5.920000,5.920000,5.860919,0
2011-06-21,5.600000,5.600000,5.600000,5.600000,5.544112,31
2011-06-22,5.600000,5.600000,4.000000,5.600000,5.544112,375
2011-06-23,5.600000,5.600000,5.600000,5.600000,5.544112,0
2011-06-24,5.600000,5.600000,5.600000,5.600000,5.544112,0
2011-06-27,5.600000,5.600000,5.600000,5.600000,5.544112,0
2011-06-28,5.600000,5.600000,5.600000,5.600000,5.544112,0
2011-06-29,5.120000,5.600000,5.120000,5.600000,5.544112,56
2011-06-30,5.600000,5.600000,5.600000,5.600000,5.544112,0
2011-07-01,5.600000,5.600000,5.600000,5.600000,5.544112,31
2011-07-05,5.600000,5.600000,5.600000,5.600000,5.544112,0
2011-07-06,5.600000,5.600000,5.600000,5.600000,5.544112,0
2011-07-07,5.600000,5.600000,5.600000,5.600000,5.544112,25
2011-07-08,5.600000,5.600000,5.600000,5.600000,5.544112,0
2011-07-11,5.600000,5.600000,5.600000,5.600000,5.544112,0
2011-07-12,4.000000,5.600000,4.000000,5.600000,5.544112,313
2011-07-13,5.600000,5.600000,5.600000,5.600000,5.544112,0
2011-07-14,4.000000,4.000000,4.000000,4.000000,3.960080,381
2011-07-15,4.000000,4.000000,4.000000,4.000000,3.960080,0
2011-07-18,4.000000,4.000000,4.000000,4.000000,3.960080,0
2011-07-19,5.120000,5.120000,5.120000,5.120000,5.068902,31
2011-07-20,4.000000,4.480000,4.000000,4.480000,4.435289,1056
2011-07-21,4.480000,4.480000,4.480000,4.480000,4.435289,0
2011-07-22,4.480000,4.480000,4.480000,4.480000,4.435289,0
2011-07-25,4.000000,4.000000,4.000000,4.000000,3.960080,431
2011-07-26,4.000000,4.000000,4.000000,4.000000,3.960080,94
2011-07-27,4.000000,4.000000,4.000000,4.000000,3.960080,63
2011-07-28,4.000000,4.000000,3.200000,3.200000,3.168064,1875
2011-07-29,3.200000,3.680000,3.200000,3.360000,3.326467,1638
2011-08-01,3.200000,3.200000,3.200000,3.200000,3.168064,888
2011-08-02,3.200000,4.000000,3.200000,4.000000,3.960080,1469
2011-08-03,4.000000,4.000000,4.000000,4.000000,3.960080,0
2011-08-04,4.000000,4.000000,4.000000,4.000000,3.960080,0
2011-08-05,3.040000,3.040000,2.560000,2.560000,2.534451,2481
2011-08-08,2.080000,2.560000,2.080000,2.560000,2.534451,1700
2011-08-09,2.560000,2.560000,2.560000,2.560000,2.534451,0
2011-08-10,2.560000,2.560000,2.560000,2.560000,2.534451,0
2011-08-11,2.560000,2.560000,2.560000,2.560000,2.534451,0
2011-08-12,2.720000,2.720000,2.720000,2.720000,2.692854,281
2011-08-15,3.680000,5.920000,3.680000,5.920000,5.860919,1056
2011-08-16,3.840000,3.840000,3.840000,3.840000,3.801677,156
2011-08-17,3.840000,3.840000,3.840000,3.840000,3.801677,0
2011-08-18,4.800000,4.800000,4.800000,4.800000,4.752096,313
2011-08-19,5.920000,5.920000,5.920000,5.920000,5.860919,156
2011-08-22,4.640000,5.920000,4.640000,5.920000,5.860919,1769
2011-08-23,5.920000,5.920000,5.920000,5.920000,5.860919,0
2011-08-24,5.920000,5.920000,5.920000,5.920000,5.860919,0
2011-08-25,5.920000,5.920000,5.920000,5.920000,5.860919,0
2011-08-26,5.920000,5.920000,5.920000,5.920000,5.860919,0
2011-08-29,5.920000,5.920000,5.920000,5.920000,5.860919,0
2011-08-30,4.320000,4.320000,4.320000,4.320000,4.276886,2663
2011-08-31,4.160000,4.320000,4.160000,4.320000,4.276886,3306
2011-09-01,4.480000,4.480000,4.160000,4.160000,4.118483,2500
2011-09-02,4.160000,4.160000,4.160000,4.160000,4.118483,0
2011-09-06,4.000000,4.000000,4.000000,4.000000,3.960080,3350
2011-09-07,4.000000,4.000000,4.000000,4.000000,3.960080,0
2011-09-08,4.160000,4.160000,4.160000,4.160000,4.118483,75
2011-09-09,4.160000,4.160000,4.160000,4.160000,4.118483,0
2011-09-12,4.160000,4.160000,4.160000,4.160000,4.118483,0
2011-09-13,4.160000,4.160000,4.160000,4.160000,4.118483,0
2011-09-14,4.160000,4.160000,4.160000,4.160000,4.118483,0
2011-09-15,4.000000,4.000000,4.000000,4.000000,3.960080,781
2011-09-16,4.000000,4.000000,4.000000,4.000000,3.960080,0
2011-09-19,4.000000,4.000000,4.000000,4.000000,3.960080,0
2011-09-20,4.000000,4.000000,4.000000,4.000000,3.960080,0
2011-09-21,4.000000,4.000000,4.000000,4.000000,3.960080,0
2011-09-22,5.440000,5.440000,5.440000,5.440000,5.385709,94
2011-09-23,5.440000,5.440000,5.440000,5.440000,5.385709,0
2011-09-26,5.440000,5.440000,5.440000,5.440000,5.385709,0
2011-09-27,5.440000,5.440000,5.440000,5.440000,5.385709,0
2011-09-28,5.440000,5.440000,5.440000,5.440000,5.385709,0
2011-09-29,5.440000,5.440000,5.440000,5.440000,5.385709,0
2011-09-30,5.440000,5.440000,5.440000,5.440000,5.385709,0
2011-10-03,5.440000,5.440000,5.440000,5.440000,5.385709,0
2011-10-04,4.480000,5.600000,4.480000,5.600000,5.544112,1181
2011-10-05,5.600000,5.600000,5.600000,5.600000,5.544112,0
2011-10-06,5.600000,5.600000,5.600000,5.600000,5.544112,0
2011-10-07,5.600000,5.600000,5.600000,5.600000,5.544112,0
2011-10-10,5.600000,5.600000,5.600000,5.600000,5.544112,0
2011-10-11,5.600000,5.600000,5.600000,5.600000,5.544112,0
2011-10-12,5.600000,5.600000,5.600000,5.600000,5.544112,0
2011-10-13,5.600000,5.600000,5.600000,5.600000,5.544112,0
2011-10-14,4.960000,4.960000,4.960000,4.960000,4.910499,6
2011-10-17,4.960000,4.960000,4.960000,4.960000,4.910499,0
2011-10-18,4.960000,4.960000,4.960000,4.960000,4.910499,0
2011-10-19,4.960000,4.960000,4.960000,4.960000,4.910499,0
2011-10-20,4.960000,4.960000,4.960000,4.960000,4.910499,0
2011-10-21,4.960000,4.960000,4.960000,4.960000,4.910499,294
2011-10-24,4.960000,4.960000,4.960000,4.960000,4.910499,0
2011-10-25,4.960000,4.960000,4.960000,4.960000,4.910499,0
2011-10-26,4.960000,4.960000,4.960000,4.960000,4.910499,0
2011-10-27,6.080000,8.000000,6.080000,6.880000,6.811337,1331
2011-10-28,6.880000,6.880000,6.880000,6.880000,6.811337,6
2011-10-31,6.880000,6.880000,6.880000,6.880000,6.811337,0
2011-11-01,6.880000,6.880000,6.880000,6.880000,6.811337,0
2011-11-02,6.720000,7.040000,6.720000,7.040000,6.969740,325
2011-11-03,7.200000,7.200000,7.200000,7.200000,7.128144,63
2011-11-04,6.720000,7.200000,6.720000,7.200000,7.128144,338
2011-11-07,6.080000,7.200000,6.080000,7.200000,7.128144,644
2011-11-08,7.200000,7.200000,7.200000,7.200000,7.128144,619
2011-11-09,7.200000,7.200000,6.080000,6.080000,6.019321,2188
2011-11-10,6.080000,6.080000,6.080000,6.080000,6.019321,0
2011-11-11,6.080000,6.080000,6.080000,6.080000,6.019321,0
2011-11-14,7.040000,7.040000,7.040000,7.040000,6.969740,63
2011-11-15,7.040000,7.040000,7.040000,7.040000,6.969740,0
2011-11-16,7.040000,7.040000,7.040000,7.040000,6.969740,0
2011-11-17,7.040000,7.040000,7.040000,7.040000,6.969740,0
2011-11-18,7.040000,7.040000,7.040000,7.040000,6.969740,0
2011-11-21,7.040000,7.040000,7.040000,7.040000,6.969740,0
2011-11-22,7.040000,7.040000,7.040000,7.040000,6.969740,0
2011-11-23,7.040000,7.040000,7.040000,7.040000,6.969740,0
2011-11-25,7.040000,7.040000,7.040000,7.040000,6.969740,0
2011-11-28,7.040000,7.040000,7.040000,7.040000,6.969740,0
2011-11-29,7.040000,7.040000,7.040000,7.040000,6.969740,0
2011-11-30,7.040000,7.040000,7.040000,7.040000,6.969740,0
2011-12-01,7.040000,7.040000,7.040000,7.040000,6.969740,0
2011-12-02,5.760000,6.400000,3.200000,6.400000,6.336128,1356
2011-12-05,6.880000,6.880000,6.080000,6.400000,6.336128,506
2011-12-06,6.400000,6.400000,6.400000,6.400000,6.336128,0
2011-12-07,5.600000,5.600000,5.600000,5.600000,5.544112,1250
2011-12-08,5.600000,5.600000,5.600000,5.600000,5.544112,0
2011-12-09,6.720000,6.720000,6.720000,6.720000,6.652934,13
2011-12-12,6.720000,6.720000,6.720000,6.720000,6.652934,0
2011-12-13,6.720000,6.720000,6.720000,6.720000,6.652934,0
2011-12-14,6.720000,6.720000,6.720000,6.720000,6.652934,0
2011-12-15,6.720000,6.720000,6.720000,6.720000,6.652934,0
2011-12-16,5.600000,5.600000,5.600000,5.600000,5.544112,769
2011-12-19,5.600000,5.600000,5.440000,5.440000,5.385709,1063
2011-12-20,4.800000,4.800000,4.800000,4.800000,4.752096,925
2011-12-21,6.720000,6.720000,6.720000,6.720000,6.652934,63
2011-12-22,4.800000,4.800000,4.800000,4.800000,4.752096,25
2011-12-23,4.800000,4.800000,4.800000,4.800000,4.752096,0
2011-12-27,6.400000,6.400000,4.960000,4.960000,4.910499,75
2011-12-28,4.960000,4.960000,4.960000,4.960000,4.910499,0
2011-12-29,4.960000,4.960000,4.960000,4.960000,4.910499,0
2011-12-30,4.960000,4.960000,4.960000,4.960000,4.910499,369
2012-01-03,6.400000,6.400000,6.080000,6.080000,6.019321,81
2012-01-04,6.080000,6.080000,6.080000,6.080000,6.019321,0
2012-01-05,4.960000,4.960000,4.960000,4.960000,4.910499,331
2012-01-06,6.400000,6.400000,6.400000,6.400000,6.336128,125
2012-01-09,6.400000,6.400000,6.400000,6.400000,6.336128,0
2012-01-10,6.400000,6.400000,6.400000,6.400000,6.336128,0
2012-01-11,6.080000,6.560000,6.080000,6.560000,6.494531,269
2012-01-12,6.560000,6.560000,6.560000,6.560000,6.494531,0
2012-01-13,6.560000,6.560000,6.560000,6.560000,6.494531,0
2012-01-17,6.560000,6.560000,6.560000,6.560000,6.494531,0
2012-01-18,6.560000,6.560000,6.560000,6.560000,6.494531,75
2012-01-19,6.560000,6.560000,6.560000,6.560000,6.494531,0
2012-01-20,6.560000,6.560000,6.560000,6.560000,6.494531,0
2012-01-23,6.560000,6.560000,6.560000,6.560000,6.494531,0
2012-01-24,6.560000,6.560000,6.560000,6.560000,6.494531,0
2012-01-25,6.560000,6.560000,6.560000,6.560000,6.494531,0
2012-01-26,6.560000,6.560000,6.560000,6.560000,6.494531,0
2012-01-27,6.560000,6.560000,6.560000,6.560000,6.494531,0
2012-01-30,6.400000,6.400000,6.400000,6.400000,6.336128,331
2012-01-31,5.600000,5.600000,5.600000,5.600000,5.544112,188
2012-02-01,5.600000,5.600000,5.600000,5.600000,5.544112,0
2012-02-02,5.600000,5.600000,5.600000,5.600000,5.544112,0
2012-02-03,5.600000,5.600000,5.600000,5.600000,5.544112,0
2012-02-06,5.600000,5.600000,5.600000,5.600000,5.544112,0
2012-02-07,5.600000,5.600000,5.600000,5.600000,5.544112,0
2012-02-08,6.400000,6.400000,6.400000,6.400000,6.336128,63
2012-02-09,6.400000,6.400000,6.400000,6.400000,6.336128,0
2012-02-10,6.400000,6.400000,6.400000,6.400000,6.336128,0
2012-02-13,6.400000,7.040000,6.400000,6.400000,6.336128,7325
2012-02-14,7.040000,8.000000,7.040000,8.000000,7.920160,1588
2012-02-15,5.760000,7.840000,5.760000,7.840000,7.761757,500
2012-02-16,6.400000,6.400000,6.080000,6.080000,6.019321,644
2012-02-17,6.080000,6.080000,6.080000,6.080000,6.019321,0
2012-02-21,6.720000,7.840000,6.720000,7.200000,7.128144,1556
2012-02-22,7.200000,7.200000,7.200000,7.200000,7.128144,625
2012-02-23,6.400000,7.200000,6.400000,7.200000,7.128144,1188
2012-02-24,7.200000,7.200000,7.200000,7.200000,7.128144,0
2012-02-27,7.200000,7.200000,7.200000,7.200000,7.128144,0
2012-02-28,7.200000,7.200000,7.200000,7.200000,7.128144,0
2012-02-29,7.200000,7.200000,7.200000,7.200000,7.128144,625
2012-03-01,7.840000,9.600000,7.840000,8.160000,8.078563,10394
2012-03-02,8.160000,8.160000,8.000000,8.000000,7.920160,781
2012-03-05,8.000000,8.000000,7.360000,7.360000,7.286547,1925
2012-03-06,7.520000,8.000000,7.360000,8.000000,7.920160,6344
2012-03-07,8.000000,8.000000,8.000000,8.000000,7.920160,313
2012-03-08,8.000000,8.800000,8.000000,8.000000,7.920160,5050
2012-03-09,7.520000,7.520000,7.520000,7.520000,7.444950,469
2012-03-12,7.680000,7.680000,7.040000,7.040000,6.969740,688
2012-03-13,7.040000,7.040000,7.040000,7.040000,6.969740,0
2012-03-14,7.520000,7.520000,7.520000,7.520000,7.444950,3125
2012-03-15,8.000000,8.000000,8.000000,8.000000,7.920160,125
2012-03-16,8.000000,8.000000,8.000000,8.000000,7.920160,0
2012-03-19,8.000000,8.000000,8.000000,8.000000,7.920160,188
2012-03-20,8.000000,8.800000,8.000000,8.000000,7.920160,2238
2012-03-21,8.000000,8.800000,7.680000,8.000000,7.920160,4356
2012-03-22,8.640000,8.800000,8.640000,8.800000,8.712176,625
2012-03-23,8.800000,8.800000,8.800000,8.800000,8.712176,3581
2012-03-26,9.120000,9.120000,7.840000,7.840000,7.761757,6719
2012-03-27,8.000000,8.000000,7.840000,7.840000,7.761757,1313
2012-03-28,7.840000,7.840000,7.840000,7.840000,7.761757,0
2012-03-29,7.840000,7.840000,7.840000,7.840000,7.761757,0
2012-03-30,8.320000,8.320000,8.320000,8.320000,8.236966,31
2012-04-02,8.320000,8.320000,8.320000,8.320000,8.236966,0
2012-04-03,8.000000,8.000000,8.000000,8.000000,7.920160,625
2012-04-04,8.000000,8.000000,8.000000,8.000000,7.920160,0
2012-04-05,7.200000,7.200000,7.200000,7.200000,7.128144,625
2012-04-09,7.200000,7.200000,7.200000,7.200000,7.128144,0
2012-04-10,7.200000,7.200000,6.400000,6.400000,6.336128,3206
2012-04-11,6.400000,6.400000,6.400000,6.400000,6.336128,0
2012-04-12,6.400000,6.400000,6.400000,6.400000,6.336128,0
2012-04-13,6.400000,6.400000,6.400000,6.400000,6.336128,0
2012-04-16,6.400000,7.200000,6.400000,7.200000,7.128144,425
2012-04-17,7.200000,7.200000,7.200000,7.200000,7.128144,0
2012-04-18,8.000000,8.000000,8.000000,8.000000,7.920160,688
2012-04-19,8.000000,8.000000,8.000000,8.000000,7.920160,0
2012-04-20,7.200000,7.200000,7.200000,7.200000,7.128144,244
2012-04-23,7.200000,7.200000,7.200000,7.200000,7.128144,625
2012-04-24,7.200000,7.200000,7.200000,7.200000,7.128144,0
2012-04-25,7.200000,7.200000,6.720000,7.200000,7.128144,1875
2012-04-26,7.200000,7.200000,6.880000,7.200000,7.128144,1563
2012-04-27,7.200000,7.520000,6.880000,7.200000,7.128144,8750
2012-04-30,7.520000,9.440000,7.520000,8.960000,8.870579,14338
2012-05-01,9.440000,10.080000,9.440000,9.600000,9.504192,9063
2012-05-02,10.080000,10.080000,10.080000,10.080000,9.979402,2625
2012-05-03,9.600000,9.600000,9.600000,9.600000,9.504192,650
2012-05-04,10.080000,10.080000,10.080000,10.080000,9.979402,681
2012-05-07,10.080000,10.720000,10.080000,10.720000,10.613014,4169
2012-05-08,10.720000,10.720000,10.560000,10.560000,10.454612,794
2012-05-09,10.560000,10.560000,10.400000,10.400000,10.296207,88
2012-05-10,10.560000,10.560000,9.760000,9.760000,9.662595,438
2012-05-11,9.760000,10.400000,9.760000,10.400000,10.296207,281
2012-05-14,10.400000,10.400000,10.400000,10.400000,10.296207,169
2012-05-15,9.760000,10.400000,9.760000,10.400000,10.296207,606
2012-05-16,10.400000,10.400000,8.160000,8.320000,8.236966,7500
2012-05-17,9.440000,9.600000,8.800000,8.800000,8.712176,2319
2012-05-18,9.440000,9.600000,9.440000,9.600000,9.504192,344
2012-05-21,9.600000,9.600000,9.600000,9.600000,9.504192,0
2012-05-22,8.800000,9.600000,8.800000,9.600000,9.504192,688
2012-05-23,9.600000,9.600000,9.600000,9.600000,9.504192,325
2012-05-24,9.280000,9.280000,8.960000,8.960000,8.870579,625
2012-05-25,9.280000,9.600000,8.960000,9.600000,9.504192,1313
2012-05-29,9.600000,11.040000,9.600000,11.040000,10.929820,7613
2012-05-30,11.040000,11.040000,10.400000,11.040000,10.929820,144
2012-05-31,10.720000,11.520000,10.720000,11.520000,11.405030,6381
2012-06-01,11.520000,12.320000,11.520000,12.320000,12.197046,8531
2012-06-04,12.320000,13.920000,12.320000,13.920000,13.781078,4169
2012-06-05,13.920000,13.920000,13.120000,13.920000,13.781078,1300
2012-06-06,13.920000,14.080000,13.600000,13.920000,13.781078,1113
2012-06-07,14.240000,14.720000,14.240000,14.720000,14.573094,5375
2012-06-08,14.720000,15.200000,14.720000,15.200000,15.048304,2925
2012-06-11,15.200000,15.520000,15.040000,15.520000,15.365110,1338
2012-06-12,15.200000,15.200000,14.400000,15.200000,15.048304,825
2012-06-13,14.400000,15.200000,14.080000,15.200000,15.048304,819
2012-06-14,15.200000,15.200000,14.080000,15.200000,15.048304,513
2012-06-15,14.400000,14.400000,14.080000,14.080000,13.939481,719
2012-06-18,14.400000,15.200000,14.400000,14.560000,14.414691,1475
2012-06-19,14.400000,14.880000,13.920000,14.880000,14.731498,1300
2012-06-20,14.880000,14.880000,14.880000,14.880000,14.731498,0
2012-06-21,14.080000,14.880000,14.080000,14.880000,14.731498,1250
2012-06-22,15.680000,15.680000,14.240000,14.880000,14.731498,1131
2012-06-25,14.400000,14.400000,13.600000,14.400000,14.256288,750
2012-06-26,14.080000,14.080000,14.080000,14.080000,13.939481,781
2012-06-27,13.760000,14.080000,13.760000,14.080000,13.939481,563
2012-06-28,14.400000,14.400000,14.400000,14.400000,14.256288,438
2012-06-29,14.720000,14.720000,14.080000,14.720000,14.573094,1500
2012-07-02,14.880000,15.520000,14.880000,15.520000,15.365110,2431
2012-07-03,15.680000,20.160000,15.680000,19.520000,19.325190,1894
2012-07-05,17.760000,18.879999,17.600000,18.879999,18.691576,825
2012-07-06,16.160000,18.879999,16.160000,17.600000,17.424353,794
2012-07-09,16.959999,17.600000,16.000000,16.000000,15.840320,3581
2012-07-10,16.000000,16.160000,16.000000,16.000000,15.840320,613
2012-07-11,16.000000,16.000000,16.000000,16.000000,15.840320,0
2012-07-12,16.000000,16.799999,14.560000,16.639999,16.473932,1125
2012-07-13,16.480000,16.480000,16.480000,16.480000,16.315529,13
2012-07-16,16.639999,16.639999,16.639999,16.639999,16.473932,500
2012-07-17,16.639999,16.639999,16.639999,16.639999,16.473932,0
2012-07-18,16.000000,16.000000,16.000000,16.000000,15.840320,131
2012-07-19,16.000000,16.000000,16.000000,16.000000,15.840320,0
2012-07-20,16.000000,16.000000,15.680000,15.680000,15.523514,44
2012-07-23,15.680000,15.680000,15.680000,15.680000,15.523514,0
2012-07-24,15.680000,15.680000,15.680000,15.680000,15.523514,0
2012-07-25,15.680000,15.680000,15.680000,15.680000,15.523514,0
2012-07-26,15.680000,15.680000,15.680000,15.680000,15.523514,0
2012-07-27,15.680000,16.799999,15.680000,16.480000,16.315529,2531
2012-07-30,15.680000,17.600000,0.480000,17.600000,17.424353,1094
2012-07-31,17.600000,17.920000,17.600000,17.920000,17.741158,150
2012-08-01,17.280001,17.280001,14.080000,15.200000,15.048304,531
2012-08-02,16.320000,16.959999,14.720000,14.720000,14.573094,94
2012-08-03,14.720000,14.720000,14.720000,14.720000,14.573094,0
2012-08-06,15.200000,16.320000,15.200000,16.000000,15.840320,906
2012-08-07,16.000000,16.320000,16.000000,16.160000,15.998723,450
2012-08-08,16.160000,16.480000,16.160000,16.160000,15.998723,781
2012-08-09,16.480000,17.280001,16.000000,17.280001,17.107546,12000
2012-08-10,17.280001,19.200001,17.280001,19.200001,19.008385,1100
2012-08-13,20.160000,20.160000,20.000000,20.000000,19.800400,156
2012-08-14,20.160000,20.639999,19.200001,20.000000,19.800400,2038
2012-08-15,19.840000,19.840000,19.200001,19.200001,19.008385,519
2012-08-16,19.200001,20.799999,18.240000,20.799999,20.592415,1319
2012-08-17,20.799999,20.799999,20.799999,20.799999,20.592415,0
2012-08-20,19.200001,20.799999,18.400000,20.799999,20.592415,1625
2012-08-21,20.799999,20.799999,20.799999,20.799999,20.592415,0
2012-08-22,18.400000,18.400000,18.400000,18.400000,18.216368,1719
2012-08-23,19.680000,19.680000,18.559999,18.559999,18.374771,575
2012-08-24,19.040001,19.040001,18.559999,18.559999,18.374771,3800
2012-08-27,18.879999,20.000000,18.879999,20.000000,19.800400,1531
2012-08-28,20.000000,20.320000,18.400000,19.520000,19.325190,2194
2012-08-29,18.559999,19.520000,18.559999,19.520000,19.325190,763
2012-08-30,18.559999,19.520000,18.400000,19.520000,19.325190,100
2012-08-31,19.520000,19.520000,17.760000,18.400000,18.216368,969
2012-09-04,19.520000,19.520000,19.520000,19.520000,19.325190,319
2012-09-05,19.520000,19.520000,19.520000,19.520000,19.325190,0
2012-09-06,17.280001,19.200001,17.280001,17.280001,17.107546,2381
2012-09-07,17.440001,17.440001,17.440001,17.440001,17.265949,313
2012-09-10,16.799999,18.080000,16.799999,18.080000,17.899561,1006
2012-09-11,18.080000,18.080000,18.080000,18.080000,17.899561,313
2012-09-12,18.080000,18.080000,18.080000,18.080000,17.899561,0
2012-09-13,17.600000,17.760000,16.959999,17.760000,17.582754,356
2012-09-14,19.520000,20.639999,17.920000,17.920000,17.741158,913
2012-09-17,18.400000,18.400000,17.920000,18.400000,18.216368,1150
2012-09-18,18.879999,18.879999,18.400000,18.400000,18.216368,406
2012-09-19,18.879999,18.879999,18.719999,18.879999,18.691576,1906
2012-09-20,18.879999,20.160000,18.879999,20.160000,19.958803,2375
2012-09-21,20.160000,21.440001,20.160000,21.440001,21.226028,5044
2012-09-24,21.600000,23.520000,21.600000,22.240000,22.018044,1669
2012-09-25,23.520000,24.480000,22.879999,24.480000,24.235689,4300
2012-09-26,22.719999,24.320000,22.719999,24.320000,24.077286,131
2012-09-27,24.000000,24.000000,22.400000,23.840000,23.602076,275
2012-09-28,23.200001,23.200001,20.000000,23.200001,22.968464,1638
2012-10-01,23.200001,23.200001,21.920000,22.879999,22.651657,963
2012-10-02,23.200001,23.200001,20.799999,20.799999,20.592415,563
2012-10-03,21.600000,23.200001,21.600000,23.200001,22.968464,181
2012-10-04,23.840000,25.120001,23.200001,23.200001,22.968464,919
2012-10-05,25.280001,25.280001,25.280001,25.280001,25.027706,31
2012-10-08,25.440001,25.440001,23.200001,24.799999,24.552494,450
2012-10-09,24.799999,24.799999,24.799999,24.799999,24.552494,388
2012-10-10,24.959999,25.120001,24.000000,24.480000,24.235689,1119
2012-10-11,24.000000,24.000000,24.000000,24.000000,23.760479,113
2012-10-12,24.000000,24.000000,24.000000,24.000000,23.760479,0
2012-10-15,24.799999,26.400000,23.680000,24.799999,24.552494,5394
2012-10-16,24.799999,24.799999,24.799999,24.799999,24.552494,431
2012-10-17,24.799999,24.799999,24.799999,24.799999,24.552494,0
2012-10-18,25.120001,25.120001,23.840000,24.799999,24.552494,1381
2012-10-19,24.959999,24.959999,24.959999,24.959999,24.710897,144
2012-10-22,24.959999,24.959999,24.959999,24.959999,24.710897,25
2012-10-23,24.959999,24.959999,24.959999,24.959999,24.710897,338
2012-10-24,24.480000,24.480000,22.400000,24.000000,23.760479,731
2012-10-25,24.000000,24.000000,24.000000,24.000000,23.760479,138
2012-10-26,24.639999,24.639999,24.639999,24.639999,24.394093,88
2012-10-31,23.200001,23.200001,23.200001,23.200001,22.968464,63
2012-11-01,24.639999,24.639999,23.840000,23.840000,23.602076,638
2012-11-02,23.840000,24.639999,23.840000,24.639999,24.394093,181
2012-11-05,23.200001,24.639999,22.400000,24.639999,24.394093,713
2012-11-06,24.799999,24.799999,24.799999,24.799999,24.552494,63
2012-11-07,24.799999,24.799999,24.799999,24.799999,24.552494,0
2012-11-08,23.200001,23.680000,19.200001,23.680000,23.443674,894
2012-11-09,24.000000,24.000000,24.000000,24.000000,23.760479,63
2012-11-12,24.799999,24.799999,23.200001,23.200001,22.968464,369
2012-11-13,23.040001,23.040001,21.600000,22.400000,22.176447,156
2012-11-14,21.120001,21.280001,20.959999,21.280001,21.067625,888
2012-11-15,21.280001,21.280001,20.000000,20.160000,19.958803,1013
2012-11-16,20.000000,20.799999,19.200001,20.799999,20.592415,2831
2012-11-19,19.200001,20.799999,19.200001,19.200001,19.008385,1888
2012-11-20,22.240000,22.240000,18.719999,19.200001,19.008385,1419
2012-11-21,19.200001,21.600000,19.200001,21.600000,21.384432,188
2012-11-23,21.280001,21.280001,21.280001,21.280001,21.067625,31
2012-11-26,20.799999,20.799999,20.000000,20.799999,20.592415,38
2012-11-27,20.000000,20.000000,19.040001,20.000000,19.800400,2581
2012-11-28,20.000000,20.000000,20.000000,20.000000,19.800400,0
2012-11-29,19.200001,19.200001,19.200001,19.200001,19.008385,94
2012-11-30,19.200001,19.200001,19.200001,19.200001,19.008385,0
2012-12-03,18.879999,18.879999,18.879999,18.879999,18.691576,1000
2012-12-04,18.879999,18.879999,18.879999,18.879999,18.691576,0
2012-12-05,19.200001,20.160000,18.400000,18.400000,18.216368,656
2012-12-06,18.400000,20.799999,16.799999,20.799999,20.592415,4025
2012-12-07,20.799999,20.799999,20.799999,20.799999,20.592415,0
2012-12-10,18.400000,19.040001,17.920000,19.040001,18.849981,606
2012-12-11,17.920000,17.920000,16.160000,17.920000,17.741158,2513
2012-12-12,18.400000,18.400000,18.400000,18.400000,18.216368,313
2012-12-13,17.280001,19.200001,17.280001,18.400000,18.216368,4519
2012-12-14,18.080000,18.559999,18.080000,18.559999,18.374771,81
2012-12-17,17.920000,17.920000,17.920000,17.920000,17.741158,13
2012-12-18,17.920000,17.920000,16.959999,16.959999,16.790737,438
2012-12-19,16.959999,18.559999,16.959999,18.559999,18.374771,1806
2012-12-20,17.760000,17.760000,16.160000,17.600000,17.424353,1838
2012-12-21,19.840000,19.840000,16.160000,16.160000,15.998723,163
2012-12-24,16.160000,16.160000,16.000000,16.000000,15.840320,3219
2012-12-26,16.000000,16.000000,16.000000,16.000000,15.840320,0
2012-12-27,16.160000,16.160000,16.160000,16.160000,15.998723,44
2012-12-28,16.799999,16.799999,16.000000,16.000000,15.840320,113
2012-12-31,18.400000,18.400000,16.000000,16.799999,16.632336,1756
2013-01-02,15.520000,19.840000,15.520000,17.440001,17.265949,2013
2013-01-03,19.840000,19.840000,19.520000,19.520000,19.325190,306
2013-01-04,19.520000,19.520000,19.520000,19.520000,19.325190,0
2013-01-07,19.840000,20.000000,17.920000,20.000000,19.800400,1369
2013-01-08,20.639999,22.400000,20.160000,21.440001,21.226028,6506
2013-01-09,21.120001,21.920000,21.120001,21.920000,21.701239,813
2013-01-10,22.240000,22.400000,21.600000,21.920000,21.701239,894
2013-01-11,21.920000,21.920000,18.400000,19.680000,19.483593,575
2013-01-14,19.680000,20.000000,19.360001,20.000000,19.800400,131
2013-01-15,20.000000,20.000000,20.000000,20.000000,19.800400,0
2013-01-16,20.000000,20.000000,17.280001,17.280001,17.107546,850
2013-01-17,17.280001,17.280001,17.280001,17.280001,17.107546,0
2013-01-18,17.120001,19.200001,12.960000,19.200001,19.008385,1919
2013-01-22,19.200001,20.799999,17.600000,20.799999,20.592415,231
2013-01-23,19.200001,20.639999,18.400000,18.400000,18.216368,631
2013-01-24,19.200001,20.639999,19.200001,20.639999,20.434011,1738
2013-01-25,20.639999,20.639999,20.639999,20.639999,20.434011,63
2013-01-28,20.639999,20.639999,19.360001,20.160000,19.958803,438
2013-01-29,19.520000,19.520000,19.520000,19.520000,19.325190,625
2013-01-30,20.000000,20.639999,20.000000,20.639999,20.434011,731
2013-01-31,20.480000,20.480000,20.480000,20.480000,20.275608,63
2013-02-01,20.639999,20.639999,20.639999,20.639999,20.434011,6
2013-02-04,20.000000,20.639999,19.840000,20.639999,20.434011,906
2013-02-05,20.639999,20.639999,20.639999,20.639999,20.434011,0
2013-02-06,20.000000,20.000000,19.200001,19.200001,19.008385,169
2013-02-07,19.360001,20.000000,19.360001,20.000000,19.800400,456
2013-02-08,19.360001,20.000000,16.799999,19.200001,19.008385,781
2013-02-11,17.600000,17.600000,17.440001,17.600000,17.424353,425
2013-02-12,17.600000,17.600000,17.600000,17.600000,17.424353,1419
2013-02-13,18.080000,18.400000,16.160000,18.400000,18.216368,313
2013-02-14,18.400000,18.400000,18.400000,18.400000,18.216368,244
2013-02-15,18.240000,18.240000,18.240000,18.240000,18.057964,19
2013-02-19,18.240000,18.240000,18.240000,18.240000,18.057964,0
2013-02-20,17.440001,19.520000,17.440001,19.520000,19.325190,1325
2013-02-21,19.200001,19.200001,19.200001,19.200001,19.008385,125
2013-02-22,19.200001,19.200001,19.200001,19.200001,19.008385,125
2013-02-25,19.680000,19.680000,19.680000,19.680000,19.483593,38
2013-02-26,19.840000,20.000000,19.840000,20.000000,19.800400,494
2013-02-27,20.000000,20.000000,19.680000,19.680000,19.483593,813
2013-02-28,19.200001,19.840000,17.760000,19.840000,19.641996,319
2013-03-01,19.040001,20.320000,19.040001,20.320000,20.117207,1238
2013-03-04,20.320000,22.400000,20.320000,22.400000,22.176447,1875
2013-03-05,22.400000,23.200001,20.959999,20.959999,20.750818,1100
2013-03-06,21.600000,21.600000,17.600000,19.040001,18.849981,2919
2013-03-07,18.879999,18.879999,18.879999,18.879999,18.691576,88
2013-03-08,18.400000,19.200001,17.920000,17.920000,17.741158,1175
2013-03-11,19.040001,19.040001,18.400000,18.400000,18.216368,588
2013-03-12,18.400000,18.400000,16.799999,17.760000,17.582754,7194
2013-03-13,17.600000,17.920000,16.959999,17.920000,17.741158,1269
2013-03-14,17.120001,17.760000,16.799999,17.600000,17.424353,2475
2013-03-15,17.600000,17.600000,17.600000,17.600000,17.424353,0
2013-03-18,17.600000,17.600000,16.480000,17.600000,17.424353,3950
2013-03-19,17.760000,17.760000,16.639999,17.120001,16.949142,913
2013-03-20,17.120001,17.600000,16.799999,16.799999,16.632336,856
2013-03-21,17.600000,19.200001,8.000000,16.000000,15.840320,9419
2013-03-22,16.000000,16.000000,15.200000,15.680000,15.523514,1838
2013-03-25,16.000000,16.000000,15.360000,16.000000,15.840320,1019
2013-03-26,15.840000,15.840000,15.840000,15.840000,15.681916,200
2013-03-27,16.639999,16.639999,16.639999,16.639999,16.473932,94
2013-03-28,16.639999,16.959999,16.639999,16.959999,16.790737,131
2013-04-01,17.120001,17.120001,15.840000,15.840000,15.681916,863
2013-04-02,19.200001,19.200001,19.200001,19.200001,19.008385,125
2013-04-03,16.000000,16.000000,15.200000,15.200000,15.048304,2531
2013-04-04,15.200000,15.200000,9.600000,14.080000,13.939481,5694
2013-04-05,14.080000,15.200000,14.080000,15.200000,15.048304,963
2013-04-08,14.400000,14.400000,14.400000,14.400000,14.256288,256
2013-04-09,12.000000,15.360000,10.560000,14.400000,14.256288,656
2013-04-10,14.560000,14.560000,14.400000,14.400000,14.256288,444
2013-04-11,13.760000,14.400000,12.800000,13.120000,12.989062,3025
2013-04-12,12.960000,14.080000,12.960000,14.080000,13.939481,1188
2013-04-15,14.400000,14.400000,13.600000,13.600000,13.464272,1031
2013-04-16,14.400000,14.400000,14.080000,14.400000,14.256288,1588
2013-04-17,13.760000,15.200000,13.760000,15.200000,15.048304,888
2013-04-18,16.000000,16.000000,14.400000,14.400000,14.256288,506
2013-04-19,13.920000,14.400000,13.920000,14.400000,14.256288,469
2013-04-22,14.400000,14.400000,13.600000,14.400000,14.256288,1613
2013-04-23,14.400000,15.200000,14.400000,15.200000,15.048304,463
2013-04-24,15.200000,15.200000,15.200000,15.200000,15.048304,0
2013-04-25,15.200000,15.200000,14.400000,15.200000,15.048304,4738
2013-04-26,14.400000,14.400000,14.400000,14.400000,14.256288,1925
2013-04-29,15.200000,15.200000,15.200000,15.200000,15.048304,100
2013-04-30,14.400000,14.400000,14.400000,14.400000,14.256288,2031
2013-05-01,14.400000,14.720000,13.760000,14.720000,14.573094,2000
2013-05-02,15.040000,15.200000,13.600000,14.560000,14.414691,1719
2013-05-03,14.880000,14.880000,14.400000,14.560000,14.414691,1406
2013-05-06,13.760000,15.200000,13.280000,15.040000,14.889900,2881
2013-05-07,14.400000,15.200000,14.400000,15.200000,15.048304,1125
2013-05-08,15.200000,16.000000,14.560000,15.040000,14.889900,3894
2013-05-09,14.560000,16.959999,14.560000,16.959999,16.790737,3669
2013-05-10,16.000000,16.000000,15.200000,15.200000,15.048304,1313
2013-05-13,14.720000,15.200000,14.720000,15.200000,15.048304,319
2013-05-14,15.040000,16.000000,14.880000,16.000000,15.840320,2831
2013-05-15,14.720000,14.720000,14.560000,14.560000,14.414691,813
2013-05-16,14.560000,14.560000,14.560000,14.560000,14.414691,1563
2013-05-17,14.560000,16.480000,14.400000,15.680000,15.523514,2256
2013-05-20,15.520000,16.799999,15.520000,16.799999,16.632336,3056
2013-05-21,16.799999,16.799999,16.000000,16.320000,16.157125,875
2013-05-22,16.320000,16.799999,16.320000,16.799999,16.632336,1094
2013-05-23,16.799999,16.799999,16.799999,16.799999,16.632336,2175
2013-05-24,16.799999,17.600000,16.799999,17.600000,17.424353,1294
2013-05-28,17.600000,17.920000,17.600000,17.920000,17.741158,1038
2013-05-29,17.600000,18.400000,17.600000,18.080000,17.899561,1056
2013-05-30,18.559999,19.200001,17.600000,19.200001,19.008385,2156
2013-05-31,19.200001,23.200001,19.200001,22.240000,22.018044,7394
2013-06-03,22.240000,22.879999,20.000000,22.400000,22.176447,2488
2013-06-04,22.400000,22.559999,22.080000,22.080000,21.859640,1919
2013-06-05,22.240000,22.240000,19.200001,21.440001,21.226028,2488
2013-06-06,21.440001,22.879999,20.799999,20.799999,20.592415,644
2013-06-07,20.799999,22.400000,20.799999,22.400000,22.176447,225
2013-06-10,21.600000,22.400000,21.440001,21.600000,21.384432,338
2013-06-11,22.400000,22.400000,21.600000,21.600000,21.384432,581
2013-06-12,21.600000,22.400000,20.799999,22.400000,22.176447,831
2013-06-13,20.959999,21.600000,20.959999,21.600000,21.384432,88
2013-06-14,21.280001,21.760000,21.280001,21.760000,21.542835,281
2013-06-17,22.240000,22.400000,22.240000,22.400000,22.176447,188
2013-06-18,22.400000,22.400000,22.400000,22.400000,22.176447,188
2013-06-19,22.240000,22.400000,22.240000,22.400000,22.176447,294
2013-06-20,22.400000,22.400000,22.400000,22.400000,22.176447,0
2013-06-21,21.760000,22.080000,21.760000,22.080000,21.859640,106
2013-06-24,22.400000,22.400000,21.760000,21.760000,21.542835,275
2013-06-25,21.760000,21.760000,21.760000,21.760000,21.542835,156
2013-06-26,21.760000,21.760000,21.760000,21.760000,21.542835,131
2013-06-27,21.120001,22.080000,21.120001,22.080000,21.859640,813
2013-06-28,21.120001,21.920000,20.799999,21.920000,21.701239,1263
2013-07-01,20.959999,21.920000,20.959999,21.920000,21.701239,94
2013-07-02,21.920000,22.080000,21.920000,22.080000,21.859640,1131
2013-07-03,22.080000,22.080000,22.080000,22.080000,21.859640,619
2013-07-05,22.080000,22.240000,21.600000,21.760000,21.542835,656
2013-07-08,22.240000,22.400000,21.760000,21.760000,21.542835,7463
2013-07-09,21.760000,21.760000,20.799999,20.799999,20.592415,2219
2013-07-10,21.600000,22.719999,21.440001,22.719999,22.493254,4694
2013-07-11,22.559999,22.719999,22.400000,22.400000,22.176447,400
2013-07-12,22.400000,22.559999,22.400000,22.400000,22.176447,2306
2013-07-15,22.400000,22.719999,21.920000,22.719999,22.493254,1100
2013-07-16,22.719999,23.040001,21.440001,23.040001,22.810061,1550
2013-07-17,22.080000,23.040001,17.920000,23.040001,22.810061,2256
2013-07-18,23.040001,23.040001,23.040001,23.040001,22.810061,31
2013-07-19,22.400000,22.400000,22.400000,22.400000,22.176447,188
2013-07-22,22.400000,23.040001,21.600000,23.040001,22.810061,2131
2013-07-23,23.040001,23.040001,23.040001,23.040001,22.810061,31
2013-07-24,23.040001,23.040001,23.040001,23.040001,22.810061,50
2013-07-25,23.040001,24.000000,23.040001,24.000000,23.760479,4050
2013-07-26,23.200001,23.200001,23.200001,23.200001,22.968464,625
2013-07-29,21.760000,23.200001,21.600000,23.200001,22.968464,813
2013-07-30,21.600000,24.000000,21.600000,23.200001,22.968464,75
2013-07-31,23.360001,23.360001,20.799999,23.040001,22.810061,2944
2013-08-01,21.760000,23.200001,21.760000,22.400000,22.176447,2956
2013-08-02,23.520000,23.520000,22.400000,22.400000,22.176447,650
2013-08-05,23.040001,23.040001,23.040001,23.040001,22.810061,100
2013-08-06,23.040001,23.360001,23.040001,23.360001,23.126867,231
2013-08-07,23.040001,23.040001,22.400000,22.400000,22.176447,644
2013-08-08,22.400000,22.400000,22.400000,22.400000,22.176447,0
2013-08-09,21.760000,23.360001,21.760000,23.360001,23.126867,1569
2013-08-12,23.200001,23.360001,22.400000,23.360001,23.126867,350
2013-08-13,22.400000,22.400000,22.400000,22.400000,22.176447,25
2013-08-14,23.360001,23.360001,22.400000,22.400000,22.176447,1244
2013-08-15,23.360001,23.360001,22.400000,23.200001,22.968464,250
2013-08-16,23.360001,23.360001,22.400000,22.400000,22.176447,144
2013-08-19,22.400000,22.400000,21.920000,21.920000,21.701239,2450
2013-08-20,21.920000,22.080000,21.920000,22.080000,21.859640,300
2013-08-21,22.080000,22.080000,22.080000,22.080000,21.859640,550
2013-08-22,22.240000,22.240000,21.600000,21.600000,21.384432,2950
2013-08-23,21.760000,21.920000,21.600000,21.600000,21.384432,994
2013-08-26,21.600000,21.600000,21.600000,21.600000,21.384432,825
2013-08-27,21.920000,22.080000,21.600000,21.600000,21.384432,1431
2013-08-28,21.600000,21.600000,21.600000,21.600000,21.384432,638
2013-08-29,21.600000,21.600000,21.600000,21.600000,21.384432,0
2013-08-30,21.600000,21.600000,21.600000,21.600000,21.384432,563
2013-09-03,22.080000,22.080000,18.559999,18.559999,18.374771,2138
2013-09-04,22.080000,22.400000,19.840000,20.799999,20.592415,2350
2013-09-05,20.000000,20.000000,20.000000,20.000000,19.800400,31
2013-09-06,20.320000,20.320000,20.160000,20.160000,19.958803,900
2013-09-09,20.000000,20.000000,19.520000,19.680000,19.483593,3900
2013-09-10,20.000000,20.000000,19.680000,19.680000,19.483593,1481
2013-09-11,19.520000,19.520000,19.520000,19.520000,19.325190,1194
2013-09-12,20.000000,20.799999,20.000000,20.639999,20.434011,656
2013-09-13,20.480000,21.600000,20.320000,21.120001,20.909224,1156
2013-09-16,23.040001,23.040001,20.959999,21.120001,20.909224,806
2013-09-17,22.400000,23.680000,22.400000,23.680000,23.443674,3288
2013-09-18,23.200001,26.879999,23.200001,25.760000,25.502914,6369
2013-09-19,25.920000,26.400000,25.760000,25.760000,25.502914,2975
2013-09-20,25.600000,27.200001,25.600000,27.200001,26.928545,806
2013-09-23,27.200001,32.320000,27.200001,30.400000,30.096607,11156
2013-09-24,30.080000,32.320000,29.440001,32.320000,31.997446,1950
2013-09-25,31.200001,31.360001,29.600000,31.360001,31.047028,744
2013-09-26,33.439999,33.439999,28.160000,29.600000,29.304592,1738
2013-09-27,30.719999,30.719999,30.400000,30.719999,30.413412,331
2013-09-30,30.719999,32.000000,29.600000,32.000000,31.680639,1200
2013-10-01,32.799999,35.200001,32.799999,33.119999,32.789459,925
2013-10-02,33.599998,33.599998,32.000000,32.000000,31.680639,844
2013-10-03,32.000000,32.000000,29.600000,30.879999,30.571815,981
2013-10-04,31.520000,33.439999,31.520000,33.439999,33.106266,188
2013-10-07,33.599998,36.320000,32.799999,36.000000,35.640720,3194
2013-10-08,36.799999,36.799999,35.680000,36.000000,35.640720,1050
2013-10-09,35.200001,36.000000,35.200001,36.000000,35.640720,525
2013-10-10,36.000000,36.000000,30.400000,35.200001,34.848705,669
2013-10-11,32.000000,36.000000,31.360001,34.400002,34.056690,744
2013-10-14,32.000000,32.320000,28.000000,31.520000,31.205431,1763
2013-10-15,29.920000,31.840000,29.920000,30.559999,30.255011,306
2013-10-16,29.920000,32.320000,29.920000,30.240000,29.938204,2394
2013-10-17,29.920000,30.240000,29.920000,30.240000,29.938204,950
2013-10-18,32.000000,32.160000,32.000000,32.000000,31.680639,356
2013-10-21,32.160000,32.160000,28.959999,28.959999,28.670979,1688
2013-10-22,29.280001,30.240000,28.959999,28.959999,28.670979,2069
2013-10-23,29.600000,29.600000,29.600000,29.600000,29.304592,163
2013-10-24,29.600000,29.920000,29.600000,29.600000,29.304592,731
2013-10-25,29.920000,30.879999,28.959999,30.400000,30.096607,1150
2013-10-28,30.559999,30.559999,28.959999,29.760000,29.462996,838
2013-10-29,29.760000,29.760000,29.120001,29.760000,29.462996,63
2013-10-30,29.120001,30.400000,26.879999,30.400000,30.096607,2900
2013-10-31,27.360001,28.799999,27.360001,28.799999,28.512575,194
2013-11-01,29.600000,30.240000,28.959999,30.240000,29.938204,581
2013-11-04,29.440001,30.400000,29.440001,29.440001,29.146189,200
2013-11-05,29.600000,30.240000,29.600000,30.240000,29.938204,156
2013-11-06,29.600000,29.600000,28.000000,29.440001,29.146189,1925
2013-11-07,30.240000,30.240000,29.600000,29.600000,29.304592,138
2013-11-08,29.280001,30.240000,29.120001,29.600000,29.304592,444
2013-11-11,29.440001,29.440001,29.440001,29.440001,29.146189,50
2013-11-12,29.440001,29.440001,29.440001,29.440001,29.146189,0
2013-11-13,28.799999,28.799999,28.000000,28.000000,27.720560,938
2013-11-14,28.000000,28.000000,26.879999,28.000000,27.720560,2025
2013-11-15,26.559999,29.600000,26.559999,29.600000,29.304592,531
2013-11-18,28.000000,28.000000,27.680000,27.680000,27.403753,2219
2013-11-19,27.840000,30.879999,27.680000,30.719999,30.413412,700
2013-11-20,31.200001,31.200001,30.400000,30.400000,30.096607,256
2013-11-21,30.400000,30.400000,30.400000,30.400000,30.096607,0
2013-11-22,29.600000,29.600000,28.000000,28.000000,27.720560,775
2013-11-25,27.840000,28.799999,27.200001,28.799999,28.512575,2113
2013-11-26,28.799999,28.799999,28.799999,28.799999,28.512575,50
2013-11-27,28.799999,29.600000,28.799999,29.600000,29.304592,294
2013-11-29,30.080000,30.080000,30.080000,30.080000,29.779800,13
2013-12-02,29.600000,29.600000,28.799999,29.600000,29.304592,781
2013-12-03,29.600000,29.600000,28.799999,28.799999,28.512575,213
2013-12-04,28.799999,30.080000,28.000000,28.160000,27.878962,1031
2013-12-05,28.160000,29.280001,28.160000,28.160000,27.878962,238
2013-12-06,28.160000,29.120001,28.160000,29.120001,28.829382,75
2013-12-09,28.799999,29.600000,28.799999,29.600000,29.304592,238
2013-12-10,28.799999,30.400000,28.799999,30.400000,30.096607,663
2013-12-11,30.400000,33.599998,30.400000,32.000000,31.680639,1744
2013-12-12,32.320000,32.320000,28.799999,30.400000,30.096607,1038
2013-12-13,30.400000,30.400000,30.400000,30.400000,30.096607,188
2013-12-16,28.959999,31.200001,28.959999,29.280001,28.987785,138
2013-12-17,29.280001,31.200001,29.280001,31.200001,30.888624,531
2013-12-18,30.400000,32.000000,30.400000,32.000000,31.680639,119
2013-12-19,32.000000,32.000000,32.000000,32.000000,31.680639,6
2013-12-20,32.000000,32.000000,32.000000,32.000000,31.680639,175
2013-12-23,31.840000,32.000000,31.840000,32.000000,31.680639,606
2013-12-24,32.000000,32.000000,30.080000,30.080000,29.779800,381
2013-12-26,30.080000,32.000000,30.080000,32.000000,31.680639,63
2013-12-27,32.000000,32.000000,30.080000,30.080000,29.779800,44
2013-12-30,30.400000,32.000000,29.600000,32.000000,31.680639,613
2013-12-31,31.360001,32.000000,31.360001,32.000000,31.680639,69
2014-01-02,31.360001,31.360001,31.360001,31.360001,31.047028,75
2014-01-03,32.000000,32.000000,32.000000,32.000000,31.680639,413
2014-01-06,32.000000,32.000000,29.760000,29.760000,29.462996,125
2014-01-07,29.760000,31.200001,29.600000,29.600000,29.304592,556
2014-01-08,29.600000,29.600000,29.600000,29.600000,29.304592,69
2014-01-09,31.200001,32.000000,29.760000,32.000000,31.680639,394
2014-01-10,32.000000,32.000000,32.000000,32.000000,31.680639,0
2014-01-13,32.000000,32.000000,32.000000,32.000000,31.680639,0
2014-01-14,32.000000,32.000000,29.760000,29.760000,29.462996,381
2014-01-15,32.000000,32.000000,29.600000,29.600000,29.304592,25
2014-01-16,29.600000,32.000000,29.600000,32.000000,31.680639,663
2014-01-17,32.000000,32.000000,31.200001,31.200001,30.888624,275
2014-01-21,31.200001,32.799999,31.200001,32.000000,31.680639,5606
2014-01-22,29.600000,32.000000,29.600000,32.000000,31.680639,1275
2014-01-23,30.719999,35.200001,30.559999,35.200001,34.848705,1769
2014-01-24,35.520000,35.520000,32.000000,32.000000,31.680639,1381
2014-01-27,32.000000,32.799999,32.000000,32.320000,31.997446,2450
2014-01-28,30.400000,30.879999,29.600000,30.879999,30.571815,638
2014-01-29,32.320000,34.560001,31.680000,32.160000,31.839043,894
2014-01-30,31.360001,32.000000,31.200001,32.000000,31.680639,506
2014-01-31,32.000000,34.560001,31.680000,32.799999,32.472656,5438
2014-02-03,32.799999,33.279999,32.000000,32.000000,31.680639,1788
2014-02-04,32.000000,33.599998,31.200001,32.000000,31.680639,731
2014-02-05,32.000000,36.000000,31.680000,36.000000,35.640720,2406
2014-02-06,30.559999,39.200001,30.559999,39.200001,38.808784,1469
2014-02-07,40.000000,47.680000,39.840000,42.560001,42.135250,2831
2014-02-10,45.599998,54.400002,44.000000,48.320000,47.837765,2788
2014-02-11,49.599998,49.759998,48.000000,48.160000,47.679363,1431
2014-02-12,48.799999,48.799999,46.400002,47.840000,47.362556,800
2014-02-13,47.840000,48.160000,47.200001,47.200001,46.728943,988
2014-02-14,48.160000,48.160000,47.200001,47.200001,46.728943,369
2014-02-18,48.320000,48.320000,44.799999,48.000000,47.520958,313
2014-02-19,47.680000,48.000000,47.680000,48.000000,47.520958,325
2014-02-20,46.400002,46.400002,41.599998,41.599998,41.184830,2538
2014-02-21,41.759998,43.840000,41.599998,43.200001,42.768864,725
2014-02-24,43.840000,44.000000,42.400002,44.000000,43.560879,1863
2014-02-25,44.799999,48.000000,44.000000,48.000000,47.520958,1988
2014-02-26,46.400002,50.240002,45.599998,49.599998,49.104988,750
2014-02-27,49.599998,49.599998,46.400002,48.000000,47.520958,406
2014-02-28,49.599998,53.599998,48.000000,51.840000,51.322636,2713
2014-03-03,51.840000,52.000000,51.200001,51.360001,50.847427,1644
2014-03-04,53.599998,53.599998,48.000000,48.000000,47.520958,431
2014-03-05,51.200001,52.000000,50.400002,51.520000,51.005829,738
2014-03-06,50.400002,52.000000,48.000000,48.799999,48.312973,1494
2014-03-07,48.799999,49.599998,48.000000,48.000000,47.520958,481
2014-03-10,48.000000,49.599998,46.560001,49.599998,49.104988,275
2014-03-11,48.000000,48.000000,45.599998,45.599998,45.144909,1450
2014-03-12,44.799999,50.400002,44.799999,50.400002,49.897007,588
2014-03-13,48.799999,48.799999,48.000000,48.799999,48.312973,56
2014-03-14,48.799999,48.799999,48.799999,48.799999,48.312973,0
2014-03-17,48.000000,48.000000,48.000000,48.000000,47.520958,50
2014-03-18,46.720001,47.040001,46.720001,47.040001,46.570541,75
2014-03-19,47.200001,50.400002,46.720001,47.200001,46.728943,425
2014-03-20,47.200001,47.200001,46.400002,46.400002,45.936928,638
2014-03-21,46.400002,46.400002,46.400002,46.400002,45.936928,200
2014-03-24,46.400002,46.400002,44.639999,44.799999,44.352894,400
2014-03-25,44.799999,44.799999,40.000000,40.160000,39.759201,1731
2014-03-26,40.000000,40.480000,35.680000,36.000000,35.640720,6625
2014-03-27,36.799999,41.599998,35.200001,40.959999,40.551216,888
2014-03-28,41.599998,43.040001,40.000000,40.000000,39.600800,413
2014-03-31,40.000000,44.639999,36.799999,36.799999,36.432735,288
2014-04-01,37.279999,39.840000,37.279999,39.840000,39.442394,113
2014-04-02,39.680000,39.680000,39.680000,39.680000,39.283993,63
2014-04-03,38.400002,42.080002,38.400002,42.080002,41.660042,269
2014-04-04,40.799999,40.799999,38.400002,39.040001,38.650379,350
2014-04-07,37.919998,37.919998,32.160000,36.000000,35.640720,1969
2014-04-08,35.200001,38.400002,34.400002,38.400002,38.016769,644
2014-04-09,38.400002,38.400002,38.400002,38.400002,38.016769,13
2014-04-10,38.400002,38.400002,38.400002,38.400002,38.016769,19
2014-04-11,38.400002,39.840000,35.200001,35.520000,35.165508,2369
2014-04-14,34.400002,35.200001,34.400002,35.200001,34.848705,169
2014-04-15,36.799999,36.799999,34.400002,34.400002,34.056690,106
2014-04-16,34.720001,36.799999,32.000000,32.799999,32.472656,2563
2014-04-17,33.119999,33.599998,32.160000,32.480000,32.155849,925
2014-04-21,32.480000,32.480000,32.000000,32.000000,31.680639,325
2014-04-22,32.160000,33.599998,31.200001,33.599998,33.264671,1219
2014-04-23,33.599998,33.599998,33.599998,33.599998,33.264671,88
2014-04-24,32.320000,33.599998,32.320000,33.599998,33.264671,19
2014-04-25,33.599998,33.599998,33.599998,33.599998,33.264671,0
2014-04-28,33.599998,33.599998,32.160000,33.119999,32.789459,1025
2014-04-29,32.000000,32.320000,32.000000,32.320000,31.997446,1538
2014-04-30,32.320000,33.599998,32.320000,33.599998,33.264671,169
2014-05-01,33.599998,33.599998,32.000000,32.000000,31.680639,306
2014-05-02,32.000000,32.000000,32.000000,32.000000,31.680639,94
2014-05-05,33.599998,33.599998,32.000000,32.000000,31.680639,675
2014-05-06,33.599998,33.599998,32.799999,32.799999,32.472656,113
2014-05-07,32.000000,33.599998,30.080000,30.719999,30.413412,5256
2014-05-08,31.040001,33.439999,29.760000,29.920000,29.621397,5056
2014-05-09,29.600000,33.599998,29.600000,33.599998,33.264671,394
2014-05-12,33.599998,33.599998,33.599998,33.599998,33.264671,13
2014-05-13,30.879999,31.200001,30.879999,30.879999,30.571815,175
2014-05-14,31.200001,32.000000,26.559999,32.000000,31.680639,556
2014-05-15,32.000000,32.000000,29.120001,30.400000,30.096607,775
2014-05-16,29.600000,30.400000,29.600000,30.400000,30.096607,381
2014-05-19,31.040001,32.000000,31.040001,31.200001,30.888624,88
2014-05-20,31.200001,31.200001,31.200001,31.200001,30.888624,100
2014-05-21,31.200001,31.200001,31.200001,31.200001,30.888624,119
2014-05-22,29.600000,31.200001,29.600000,31.200001,30.888624,1844
2014-05-23,31.200001,32.000000,31.200001,32.000000,31.680639,325
2014-05-27,32.000000,32.000000,29.920000,29.920000,29.621397,750
2014-05-28,31.840000,32.000000,30.400000,32.000000,31.680639,263
2014-05-29,30.559999,30.559999,30.400000,30.400000,30.096607,188
2014-05-30,29.920000,31.200001,29.760000,29.920000,29.621397,475
2014-06-02,32.639999,32.639999,30.240000,32.000000,31.680639,238
2014-06-03,32.160000,32.799999,32.000000,32.000000,31.680639,325
2014-06-04,32.000000,32.000000,32.000000,32.000000,31.680639,0
2014-06-05,32.000000,32.799999,32.000000,32.799999,32.472656,13
2014-06-06,32.799999,32.799999,32.799999,32.799999,32.472656,0
2014-06-09,31.200001,31.200001,31.200001,31.200001,30.888624,6
2014-06-10,32.000000,33.599998,32.000000,33.599998,33.264671,738
2014-06-11,33.599998,34.400002,32.160000,32.160000,31.839043,331
2014-06-12,32.320000,32.959999,32.000000,32.639999,32.314251,194
2014-06-13,32.000000,32.000000,32.000000,32.000000,31.680639,13
2014-06-16,32.799999,33.599998,32.799999,33.599998,33.264671,513
2014-06-17,33.919998,36.160000,33.599998,36.000000,35.640720,988
2014-06-18,36.799999,41.599998,36.799999,39.040001,38.650379,1175
2014-06-19,38.880001,41.599998,35.200001,40.959999,40.551216,406
2014-06-20,41.599998,42.560001,41.279999,42.560001,42.135250,681
2014-06-23,43.200001,44.000000,40.799999,40.799999,40.392815,206
2014-06-24,39.520000,42.880001,34.880001,40.639999,40.234413,425
2014-06-25,40.639999,42.880001,37.119999,41.599998,41.184830,288
2014-06-26,39.520000,39.520000,39.040001,39.040001,38.650379,81
2014-06-27,39.040001,40.799999,37.279999,39.040001,38.650379,88
2014-06-30,36.959999,37.119999,36.639999,36.639999,36.274330,400
2014-07-01,36.959999,36.959999,36.959999,36.959999,36.591137,13
2014-07-02,36.639999,36.799999,36.000000,36.799999,36.432735,106
2014-07-03,35.200001,36.799999,35.200001,36.799999,36.432735,25
2014-07-07,36.320000,43.040001,35.200001,43.040001,42.610462,2300
2014-07-08,42.720001,43.200001,40.799999,41.119999,40.709621,294
2014-07-09,43.200001,43.200001,40.799999,40.799999,40.392815,919
2014-07-10,40.320000,40.320000,40.320000,40.320000,39.917606,38
2014-07-11,42.400002,42.400002,42.400002,42.400002,41.976849,25
2014-07-14,42.400002,42.400002,42.400002,42.400002,41.976849,6
2014-07-15,42.400002,42.400002,42.400002,42.400002,41.976849,0
2014-07-16,40.480000,42.400002,37.759998,42.400002,41.976849,313
2014-07-17,40.000000,40.000000,37.119999,40.000000,39.600800,325
2014-07-18,38.880001,42.400002,37.759998,42.400002,41.976849,344
2014-07-21,39.360001,40.959999,39.360001,40.959999,40.551216,250
2014-07-22,41.599998,41.599998,41.599998,41.599998,41.184830,25
2014-07-23,41.599998,41.599998,39.040001,41.599998,41.184830,381
2014-07-24,41.599998,42.400002,38.560001,38.560001,38.175171,75
2014-07-25,39.840000,40.000000,39.840000,40.000000,39.600800,50
2014-07-28,39.200001,39.200001,39.200001,39.200001,38.808784,31
2014-07-29,38.720001,42.400002,37.599998,40.000000,39.600800,700
2014-07-30,40.000000,42.400002,40.000000,42.400002,41.976849,94
2014-07-31,42.400002,42.400002,39.200001,39.520000,39.125591,631
2014-08-01,39.200001,39.200001,36.320000,38.400002,38.016769,650
2014-08-04,38.720001,42.400002,38.720001,40.320000,39.917606,781
2014-08-05,40.000000,40.000000,37.279999,38.400002,38.016769,238
2014-08-06,38.400002,39.200001,38.400002,39.200001,38.808784,169
2014-08-07,39.200001,39.200001,39.200001,39.200001,38.808784,88
2014-08-08,38.880001,38.880001,37.599998,38.880001,38.491978,181
2014-08-11,38.880001,38.880001,38.880001,38.880001,38.491978,94
2014-08-12,38.880001,39.200001,38.400002,38.400002,38.016769,81
2014-08-13,38.560001,40.000000,38.400002,40.000000,39.600800,138
2014-08-14,39.200001,39.200001,38.400002,38.400002,38.016769,81
2014-08-15,38.240002,38.240002,38.240002,38.240002,37.858364,38
2014-08-18,39.200001,40.000000,39.200001,40.000000,39.600800,50
2014-08-19,39.200001,39.200001,38.400002,39.200001,38.808784,75
2014-08-20,37.919998,37.919998,37.919998,37.919998,37.541557,63
2014-08-21,39.200001,39.200001,39.200001,39.200001,38.808784,38
2014-08-22,40.000000,40.000000,39.200001,39.200001,38.808784,25
2014-08-25,37.919998,39.200001,37.599998,37.759998,37.383152,331
2014-08-26,37.759998,38.400002,36.160000,37.599998,37.224751,319
2014-08-27,36.160000,36.160000,24.480000,35.200001,34.848705,2088
2014-08-28,35.840000,36.799999,35.200001,36.799999,36.432735,263
2014-08-29,36.799999,37.599998,36.799999,37.599998,37.224751,50
2014-09-02,35.360001,35.360001,35.360001,35.360001,35.007107,63
2014-09-03,36.000000,36.000000,32.000000,32.799999,32.472656,1169
2014-09-04,33.599998,34.400002,31.680000,32.000000,31.680639,1481
2014-09-05,32.000000,32.480000,29.600000,32.480000,32.155849,1356
2014-09-08,32.480000,32.480000,32.480000,32.480000,32.155849,6
2014-09-09,31.360001,32.000000,31.200001,32.000000,31.680639,1363
2014-09-10,32.480000,36.000000,32.480000,36.000000,35.640720,275
2014-09-11,35.680000,36.000000,32.799999,33.759998,33.423073,213
2014-09-12,34.720001,34.880001,33.439999,33.439999,33.106266,225
2014-09-15,33.279999,35.040001,33.279999,34.400002,34.056690,144
2014-09-16,32.799999,38.240002,32.799999,36.959999,36.591137,894
2014-09-17,36.959999,36.959999,36.959999,36.959999,36.591137,0
2014-09-18,36.799999,36.799999,36.799999,36.799999,36.432735,219
2014-09-19,36.160000,38.400002,34.400002,38.400002,38.016769,1125
2014-09-22,32.799999,38.400002,32.799999,37.919998,37.541557,188
2014-09-23,38.080002,38.400002,38.080002,38.400002,38.016769,169
2014-09-24,36.799999,38.080002,34.400002,37.119999,36.749542,450
2014-09-25,34.240002,36.480000,33.919998,36.480000,36.115929,163
2014-09-26,36.480000,36.480000,36.480000,36.480000,36.115929,0
2014-09-29,32.799999,35.520000,32.799999,35.520000,35.165508,200
2014-09-30,36.480000,38.400002,34.560001,34.560001,34.215092,163
2014-10-01,37.919998,37.919998,37.919998,37.919998,37.541557,13
2014-10-02,36.160000,36.799999,36.160000,36.799999,36.432735,69
2014-10-03,36.799999,36.799999,36.799999,36.799999,36.432735,0
2014-10-06,37.919998,38.400002,32.320000,38.080002,37.699963,1938
2014-10-07,36.799999,38.400002,36.799999,38.400002,38.016769,481
2014-10-08,38.400002,42.240002,37.599998,39.200001,38.808784,1606
2014-10-09,40.799999,40.799999,38.240002,38.240002,37.858364,1150
2014-10-10,37.599998,38.400002,37.599998,38.400002,38.016769,175
2014-10-13,33.599998,39.200001,33.599998,37.599998,37.224751,1813
2014-10-14,36.799999,37.599998,36.799999,37.599998,37.224751,544
2014-10-15,37.599998,37.599998,36.799999,36.799999,36.432735,169
2014-10-16,36.959999,40.799999,36.959999,39.200001,38.808784,950
2014-10-17,38.400002,39.200001,38.400002,38.400002,38.016769,213
2014-10-20,39.680000,39.680000,36.000000,38.080002,37.699963,69
2014-10-21,36.799999,38.400002,36.799999,36.799999,36.432735,950
2014-10-22,38.400002,39.200001,36.959999,36.959999,36.591137,450
2014-10-23,37.279999,39.680000,36.799999,38.400002,38.016769,331
2014-10-24,37.759998,38.400002,37.759998,38.400002,38.016769,113
2014-10-27,36.799999,39.520000,36.799999,39.520000,39.125591,175
2014-10-28,38.720001,40.000000,37.599998,40.000000,39.600800,425
2014-10-29,39.840000,40.000000,39.840000,40.000000,39.600800,931
2014-10-30,40.000000,40.000000,40.000000,40.000000,39.600800,31
2014-10-31,39.200001,39.200001,37.919998,39.200001,38.808784,50
2014-11-03,37.119999,40.000000,37.119999,40.000000,39.600800,538
2014-11-04,40.000000,42.240002,39.200001,40.000000,39.600800,1169
2014-11-05,39.200001,41.599998,39.200001,41.599998,41.184830,206
2014-11-06,41.599998,41.599998,40.959999,41.599998,41.184830,219
2014-11-07,42.720001,45.759998,41.759998,44.799999,44.352894,3431
2014-11-10,44.000000,44.000000,41.599998,41.599998,41.184830,350
2014-11-11,41.599998,41.599998,41.599998,41.599998,41.184830,25
2014-11-12,44.000000,44.639999,44.000000,44.000000,43.560879,200
2014-11-13,44.000000,47.200001,40.000000,47.200001,46.728943,1394
2014-11-14,47.200001,47.200001,44.000000,44.799999,44.352894,550
2014-11-17,44.000000,46.240002,44.000000,44.959999,44.511299,631
2014-11-18,47.200001,47.200001,45.599998,47.200001,46.728943,1006
2014-11-19,45.119999,46.240002,45.119999,46.080002,45.620121,544
2014-11-20,46.080002,47.200001,45.919998,46.080002,45.620121,469
2014-11-21,46.240002,46.240002,44.959999,44.959999,44.511299,575
2014-11-24,46.240002,47.840000,44.959999,47.840000,47.362556,738
2014-11-25,47.840000,48.799999,46.400002,46.400002,45.936928,375
2014-11-26,46.400002,46.400002,46.400002,46.400002,45.936928,0
2014-11-28,44.959999,46.400002,44.959999,46.400002,45.936928,81
2014-12-01,46.400002,47.200001,45.599998,46.400002,45.936928,744
2014-12-02,48.000000,48.799999,46.400002,48.000000,47.520958,356
2014-12-03,48.000000,49.599998,47.200001,48.000000,47.520958,563
2014-12-04,48.000000,48.000000,48.000000,48.000000,47.520958,63
2014-12-05,47.200001,48.000000,47.200001,48.000000,47.520958,288
2014-12-08,45.599998,47.200001,45.599998,47.200001,46.728943,106
2014-12-09,47.200001,47.200001,47.200001,47.200001,46.728943,13
2014-12-10,48.000000,49.599998,45.919998,48.000000,47.520958,394
2014-12-11,45.599998,47.840000,45.599998,45.599998,45.144909,100
2014-12-12,45.599998,47.680000,45.599998,45.599998,45.144909,88
2014-12-15,44.160000,46.400002,43.360001,46.400002,45.936928,1431
2014-12-16,46.400002,46.400002,46.400002,46.400002,45.936928,44
2014-12-17,43.200001,46.400002,43.200001,46.400002,45.936928,181
2014-12-18,43.200001,46.400002,43.200001,46.400002,45.936928,394
2014-12-19,46.400002,46.400002,46.400002,46.400002,45.936928,6
2014-12-22,43.520000,46.400002,43.200001,46.400002,45.936928,119
2014-12-23,43.200001,46.400002,43.200001,46.400002,45.936928,13
2014-12-24,46.400002,46.400002,46.400002,46.400002,45.936928,0
2014-12-26,46.400002,46.560001,46.400002,46.400002,45.936928,225
2014-12-29,42.080002,47.680000,42.080002,47.680000,47.204151,81
2014-12-30,46.240002,46.400002,46.240002,46.400002,45.936928,88
2014-12-31,44.160000,46.400002,44.160000,46.400002,45.936928,56
2015-01-02,44.799999,44.799999,44.799999,44.799999,44.352894,13
2015-01-05,44.639999,46.400002,41.919998,42.720001,42.293655,563
2015-01-06,46.400002,46.400002,46.080002,46.400002,45.936928,44
2015-01-07,44.799999,46.240002,42.080002,43.680000,43.244072,538
2015-01-08,44.799999,44.799999,44.000000,44.799999,44.352894,319
2015-01-09,44.000000,44.799999,40.320000,43.680000,43.244072,663
2015-01-12,40.639999,44.799999,40.639999,44.000000,43.560879,319
2015-01-13,43.840000,44.000000,43.840000,44.000000,43.560879,38
2015-01-14,41.759998,44.000000,41.759998,44.000000,43.560879,25
2015-01-15,44.000000,44.799999,42.400002,42.400002,41.976849,888
2015-01-16,44.799999,44.799999,42.400002,42.400002,41.976849,56
2015-01-20,43.200001,44.639999,42.400002,44.639999,44.194492,975
2015-01-21,44.799999,44.799999,44.799999,44.799999,44.352894,150
2015-01-22,44.639999,44.639999,44.639999,44.639999,44.194492,44
2015-01-23,44.639999,44.639999,42.720001,42.720001,42.293655,63
2015-01-26,42.560001,44.799999,42.560001,44.799999,44.352894,413
2015-01-27,44.959999,45.279999,42.400002,45.279999,44.828102,338
2015-01-28,44.160000,44.160000,42.400002,42.400002,41.976849,331
2015-01-29,42.400002,42.400002,42.400002,42.400002,41.976849,0
2015-01-30,41.919998,41.919998,41.919998,41.919998,41.501637,56
2015-02-02,41.919998,42.080002,41.919998,41.919998,41.501637,75
2015-02-03,43.200001,44.799999,42.400002,44.799999,44.352894,500
2015-02-04,43.200001,45.599998,43.200001,45.599998,45.144909,131
2015-02-05,45.599998,45.599998,44.799999,44.799999,44.352894,44
2015-02-06,44.639999,45.599998,43.200001,44.799999,44.352894,294
2015-02-09,44.799999,49.599998,44.799999,48.160000,47.679363,6319
2015-02-10,50.400002,52.799999,49.599998,52.799999,52.273052,5931
2015-02-11,53.599998,58.880001,53.599998,58.880001,58.292377,2381
2015-02-12,59.680000,61.279999,57.119999,57.439999,56.866745,1125
2015-02-13,58.080002,58.400002,53.279999,56.000000,55.441120,2506
2015-02-17,52.799999,56.000000,51.360001,52.799999,52.273052,3819
2015-02-18,54.400002,55.680000,48.959999,52.000000,51.481037,1656
2015-02-19,50.400002,54.080002,48.959999,54.080002,53.540283,756
2015-02-20,51.520000,51.520000,50.560001,50.560001,50.055412,144
2015-02-23,50.560001,50.560001,49.599998,49.599998,49.104988,413
2015-02-24,50.720001,52.799999,49.919998,52.799999,52.273052,206
2015-02-25,52.799999,52.799999,51.200001,52.799999,52.273052,119
2015-02-26,52.799999,52.799999,52.799999,52.799999,52.273052,0
2015-02-27,52.639999,52.799999,50.400002,52.799999,52.273052,1250
2015-03-02,52.000000,52.000000,49.279999,49.279999,48.788185,613
2015-03-03,49.279999,51.200001,49.279999,51.200001,50.689022,481
2015-03-04,52.799999,52.799999,48.959999,52.639999,52.114651,75
2015-03-05,52.639999,52.639999,51.200001,51.200001,50.689022,213
2015-03-06,52.000000,52.799999,49.599998,51.840000,51.322636,88
2015-03-09,50.400002,50.400002,48.000000,50.400002,49.897007,650
2015-03-10,48.000000,52.000000,48.000000,52.000000,51.481037,138
2015-03-11,49.599998,49.599998,49.599998,49.599998,49.104988,38
2015-03-12,49.599998,52.000000,49.599998,50.880001,50.372219,556
2015-03-13,51.200001,52.480000,51.200001,52.480000,51.956249,581
2015-03-16,51.200001,52.480000,50.400002,52.480000,51.956249,500
2015-03-17,52.639999,54.400002,52.639999,52.639999,52.114651,94
2015-03-18,52.000000,53.599998,51.200001,53.599998,53.065071,606
2015-03-19,54.080002,54.560001,53.119999,53.599998,53.065071,388
2015-03-20,53.439999,53.599998,52.799999,53.599998,53.065071,613
2015-03-23,52.000000,52.799999,51.040001,52.799999,52.273052,1325
2015-03-24,54.240002,54.400002,52.000000,54.400002,53.857090,306
2015-03-25,53.599998,54.720001,53.599998,54.400002,53.857090,1119
2015-03-26,54.400002,54.400002,52.000000,53.599998,53.065071,2000
2015-03-27,52.000000,53.599998,52.000000,53.119999,52.589859,350
2015-03-30,51.200001,53.119999,51.200001,51.680000,51.164234,381
2015-03-31,51.040001,51.040001,49.599998,50.080002,49.580204,875
2015-04-01,51.200001,51.520000,48.799999,49.599998,49.104988,1325
2015-04-02,49.759998,49.759998,48.639999,48.639999,48.154572,1281
2015-04-06,48.160000,48.160000,47.840000,48.000000,47.520958,456
2015-04-07,48.799999,52.000000,46.720001,48.799999,48.312973,981
2015-04-08,48.799999,48.959999,45.599998,48.799999,48.312973,738
2015-04-09,48.799999,49.599998,46.560001,46.560001,46.095333,344
2015-04-10,47.520000,48.799999,45.439999,48.799999,48.312973,388
2015-04-13,47.840000,48.799999,47.840000,48.799999,48.312973,106
2015-04-14,48.799999,48.799999,48.000000,48.000000,47.520958,194
2015-04-15,48.799999,48.799999,47.840000,48.160000,47.679363,381
2015-04-16,48.160000,48.160000,45.599998,46.400002,45.936928,125
2015-04-17,46.720001,48.160000,46.560001,48.160000,47.679363,88
2015-04-20,45.599998,48.000000,45.599998,47.200001,46.728943,425
2015-04-21,47.200001,47.200001,45.119999,45.119999,44.669701,219
2015-04-22,45.599998,48.799999,45.599998,48.000000,47.520958,644
2015-04-23,48.000000,48.000000,46.880001,46.880001,46.412136,56
2015-04-24,47.360001,47.840000,45.759998,47.840000,47.362556,275
2015-04-27,47.840000,47.840000,47.680000,47.840000,47.362556,138
2015-04-28,47.680000,47.840000,46.400002,47.840000,47.362556,450
2015-04-29,47.840000,48.000000,47.200001,47.200001,46.728943,175
2015-04-30,47.200001,47.200001,46.400002,46.400002,45.936928,150
2015-05-01,46.400002,47.840000,46.400002,47.520000,47.045750,288
2015-05-04,47.360001,48.639999,47.360001,48.000000,47.520958,2813
2015-05-05,48.639999,48.639999,44.799999,45.599998,45.144909,1306
2015-05-06,45.599998,45.599998,45.599998,45.599998,45.144909,0
2015-05-07,46.400002,46.400002,46.400002,46.400002,45.936928,44
2015-05-08,48.000000,48.000000,45.759998,46.400002,45.936928,75
2015-05-11,47.040001,47.200001,46.400002,46.400002,45.936928,63
2015-05-12,45.759998,45.759998,45.759998,45.759998,45.303314,119
2015-05-13,46.400002,46.720001,45.599998,45.599998,45.144909,113
2015-05-14,45.599998,45.599998,45.599998,45.599998,45.144909,31
2015-05-15,44.959999,46.720001,44.799999,46.720001,46.253735,150
2015-05-18,44.959999,46.720001,44.799999,44.799999,44.352894,456
2015-05-19,44.799999,44.799999,44.799999,44.799999,44.352894,0
2015-05-20,45.759998,45.759998,45.759998,45.759998,45.303314,31
2015-05-21,45.599998,46.400002,44.799999,45.599998,45.144909,275
2015-05-22,44.799999,44.959999,44.799999,44.799999,44.352894,44
2015-05-26,45.759998,45.759998,44.799999,44.799999,44.352894,156
2015-05-27,44.799999,46.720001,44.799999,46.720001,46.253735,325
2015-05-28,45.599998,45.599998,45.599998,45.599998,45.144909,31
2015-05-29,46.400002,46.400002,44.799999,45.599998,45.144909,638
2015-06-01,44.799999,45.599998,44.000000,45.599998,45.144909,888
2015-06-02,45.599998,45.599998,44.000000,45.599998,45.144909,50
2015-06-03,45.439999,45.599998,44.160000,45.279999,44.828102,356
2015-06-04,44.160000,45.599998,44.000000,44.000000,43.560879,463
2015-06-05,44.000000,44.480000,43.200001,44.480000,44.036087,131
2015-06-08,44.160000,44.320000,44.160000,44.320000,43.877686,69
2015-06-09,44.000000,44.000000,42.560001,44.000000,43.560879,444
2015-06-10,43.200001,45.599998,43.200001,45.439999,44.986507,413
2015-06-11,44.000000,44.799999,42.560001,44.799999,44.352894,138
2015-06-12,43.680000,45.599998,42.400002,45.599998,45.144909,225
2015-06-15,44.639999,44.639999,44.639999,44.639999,44.194492,25
2015-06-16,43.680000,44.639999,43.680000,44.639999,44.194492,113
2015-06-17,44.000000,44.639999,41.439999,44.000000,43.560879,850
2015-06-18,44.639999,44.639999,40.320000,43.200001,42.768864,1956
2015-06-19,43.200001,44.639999,42.720001,43.840000,43.402477,694
2015-06-22,43.200001,43.200001,40.000000,41.759998,41.343231,1019
2015-06-23,40.959999,43.520000,40.959999,42.400002,41.976849,288
2015-06-24,43.200001,43.200001,41.599998,42.400002,41.976849,506
2015-06-25,42.400002,42.400002,42.400002,42.400002,41.976849,0
2015-06-26,41.599998,41.919998,41.599998,41.599998,41.184830,281
2015-06-29,40.799999,41.599998,40.000000,40.000000,39.600800,575
2015-06-30,40.000000,43.200001,38.400002,42.080002,41.660042,656
2015-07-01,42.080002,42.400002,41.119999,41.599998,41.184830,1494
2015-07-02,42.240002,43.200001,40.799999,42.080002,41.660042,106
2015-07-06,42.080002,43.040001,41.599998,43.040001,42.610462,119
2015-07-07,41.759998,41.759998,41.599998,41.599998,41.184830,413
2015-07-08,41.919998,41.919998,40.799999,41.599998,41.184830,281
2015-07-09,40.799999,41.279999,40.000000,41.279999,40.868023,650
2015-07-10,41.279999,41.279999,41.279999,41.279999,40.868023,0
2015-07-13,41.279999,41.279999,40.480000,41.279999,40.868023,231
2015-07-14,40.799999,41.599998,40.000000,41.599998,41.184830,381
2015-07-15,41.919998,43.200001,41.919998,43.200001,42.768864,163
2015-07-16,43.200001,43.200001,41.599998,43.200001,42.768864,213
2015-07-17,42.880001,43.200001,42.880001,43.200001,42.768864,169
2015-07-20,43.200001,43.200001,41.599998,43.200001,42.768864,113
2015-07-21,42.400002,43.200001,40.799999,42.400002,41.976849,681
2015-07-22,42.400002,42.400002,42.400002,42.400002,41.976849,25
2015-07-23,43.200001,45.599998,43.200001,45.279999,44.828102,1113
2015-07-24,45.439999,45.439999,44.799999,45.119999,44.669701,606
2015-07-27,44.480000,44.639999,44.000000,44.639999,44.194492,300
2015-07-28,44.000000,44.639999,44.000000,44.320000,43.877686,219
2015-07-29,44.799999,44.799999,44.160000,44.639999,44.194492,119
2015-07-30,44.799999,44.959999,43.200001,44.799999,44.352894,650
2015-07-31,46.080002,46.080002,44.160000,44.320000,43.877686,156
2015-08-03,43.200001,44.320000,43.200001,44.000000,43.560879,75
2015-08-04,43.840000,44.000000,42.720001,44.000000,43.560879,388
2015-08-05,44.000000,44.639999,44.000000,44.000000,43.560879,369
2015-08-06,43.840000,43.840000,41.599998,42.720001,42.293655,294
2015-08-07,40.000000,44.000000,39.200001,41.599998,41.184830,681
2015-08-10,40.160000,44.000000,40.160000,42.080002,41.660042,163
2015-08-11,40.799999,42.400002,40.799999,42.400002,41.976849,581
2015-08-12,40.959999,40.959999,40.959999,40.959999,40.551216,25
2015-08-13,42.400002,42.400002,40.959999,41.599998,41.184830,144
2015-08-14,41.599998,41.599998,41.599998,41.599998,41.184830,0
2015-08-17,41.599998,41.599998,41.119999,41.119999,40.709621,19
2015-08-18,40.799999,41.599998,40.799999,41.599998,41.184830,81
2015-08-19,40.959999,40.959999,40.959999,40.959999,40.551216,69
2015-08-20,40.959999,41.119999,40.799999,40.799999,40.392815,375
2015-08-21,40.799999,40.799999,40.000000,40.799999,40.392815,206
2015-08-24,40.799999,42.400002,40.000000,42.400002,41.976849,338
2015-08-25,42.400002,42.400002,42.400002,42.400002,41.976849,144
2015-08-26,41.599998,42.400002,41.599998,42.400002,41.976849,31
2015-08-27,41.599998,41.599998,40.000000,41.599998,41.184830,594
2015-08-28,42.400002,42.400002,42.400002,42.400002,41.976849,63
2015-08-31,42.400002,42.400002,36.000000,41.599998,41.184830,944
2015-09-01,41.599998,41.599998,41.599998,41.599998,41.184830,0
2015-09-02,41.599998,42.400002,41.599998,41.599998,41.184830,544
2015-09-03,42.400002,43.040001,42.400002,43.040001,42.610462,1569
2015-09-04,43.040001,43.040001,40.000000,42.240002,41.818447,400
2015-09-08,42.400002,42.400002,41.599998,42.080002,41.660042,1344
2015-09-09,42.080002,42.080002,41.919998,41.919998,41.501637,406
2015-09-10,41.919998,41.919998,41.279999,41.919998,41.501637,213
2015-09-11,40.799999,41.919998,40.000000,41.919998,41.501637,131
2015-09-14,40.160000,42.080002,40.160000,42.080002,41.660042,275
2015-09-15,41.599998,41.599998,40.160000,40.160000,39.759201,188
2015-09-16,40.160000,42.400002,40.160000,42.400002,41.976849,131
2015-09-17,42.400002,42.400002,42.400002,42.400002,41.976849,0
2015-09-18,41.759998,42.240002,39.200001,41.599998,41.184830,675
2015-09-21,42.240002,42.400002,40.639999,42.400002,41.976849,400
2015-09-22,42.400002,42.400002,42.400002,42.400002,41.976849,0
2015-09-23,40.639999,40.639999,40.160000,40.160000,39.759201,56
2015-09-24,40.799999,43.040001,39.520000,40.799999,40.392815,281
2015-09-25,40.480000,42.080002,40.480000,42.080002,41.660042,31
2015-09-28,42.080002,42.080002,42.080002,42.080002,41.660042,0
2015-09-29,40.000000,41.279999,40.000000,41.119999,40.709621,150
2015-09-30,40.160000,41.599998,40.000000,40.000000,39.600800,750
2015-10-01,40.000000,40.000000,38.080002,39.200001,38.808784,369
2015-10-02,38.080002,39.200001,37.599998,38.400002,38.016769,444
2015-10-05,37.759998,37.759998,34.400002,36.480000,36.115929,2769
2015-10-06,37.119999,37.439999,36.799999,37.279999,36.907944,163
2015-10-07,37.759998,37.759998,37.599998,37.599998,37.224751,331
2015-10-08,37.599998,37.599998,37.599998,37.599998,37.224751,31
2015-10-09,37.919998,44.000000,36.799999,43.840000,43.402477,2194
2015-10-12,43.040001,45.599998,42.080002,42.080002,41.660042,913
2015-10-13,42.400002,43.520000,42.400002,43.520000,43.085670,756
2015-10-14,43.520000,44.799999,43.200001,44.799999,44.352894,1594
2015-10-15,44.799999,45.279999,43.200001,44.799999,44.352894,594
2015-10-16,41.759998,44.799999,41.759998,44.799999,44.352894,131
2015-10-19,44.000000,44.000000,42.400002,42.400002,41.976849,100
2015-10-20,42.400002,42.400002,42.400002,42.400002,41.976849,0
2015-10-21,43.200001,44.000000,40.480000,43.200001,42.768864,713
2015-10-22,43.200001,46.400002,43.200001,46.400002,45.936928,2975
2015-10-23,46.080002,46.400002,45.599998,46.400002,45.936928,744
2015-10-26,46.400002,49.599998,46.400002,48.000000,47.520958,2556
2015-10-27,47.520000,47.520000,45.599998,47.200001,46.728943,281
2015-10-28,47.200001,47.200001,46.400002,47.200001,46.728943,175
2015-10-29,45.599998,46.400002,42.400002,45.599998,45.144909,1213
2015-10-30,43.200001,45.599998,40.000000,44.000000,43.560879,1588
2015-11-02,45.279999,45.279999,42.560001,44.799999,44.352894,381
2015-11-03,44.799999,44.799999,44.799999,44.799999,44.352894,0
2015-11-04,42.400002,44.799999,40.480000,44.320000,43.877686,144
2015-11-05,41.759998,42.720001,40.799999,42.720001,42.293655,256
2015-11-06,42.400002,44.320000,39.680000,42.720001,42.293655,2000
2015-11-09,41.599998,41.599998,40.799999,40.799999,40.392815,106
2015-11-10,41.599998,41.599998,40.160000,40.799999,40.392815,531
2015-11-11,40.799999,40.959999,40.480000,40.799999,40.392815,663
2015-11-12,40.160000,40.799999,40.160000,40.799999,40.392815,119
2015-11-13,40.160000,40.799999,40.160000,40.160000,39.759201,256
2015-11-16,40.799999,40.799999,40.639999,40.799999,40.392815,475
2015-11-17,40.160000,40.160000,39.200001,40.160000,39.759201,1931
2015-11-18,40.320000,40.320000,36.799999,39.200001,38.808784,2800
2015-11-19,39.200001,39.200001,39.200001,39.200001,38.808784,0
2015-11-20,39.200001,40.639999,39.200001,40.639999,40.234413,681
2015-11-23,40.000000,40.000000,40.000000,40.000000,39.600800,31
2015-11-24,40.000000,40.000000,40.000000,40.000000,39.600800,0
2015-11-25,39.360001,39.360001,37.759998,39.040001,38.650379,288
2015-11-27,37.599998,37.599998,36.959999,36.959999,36.591137,106
2015-11-30,38.400002,39.680000,38.400002,39.680000,39.283993,100
2015-12-01,38.400002,38.400002,38.400002,38.400002,38.016769,188
2015-12-02,37.599998,38.400002,36.959999,38.400002,38.016769,144
2015-12-03,38.400002,38.400002,36.959999,36.959999,36.591137,350
2015-12-04,36.160000,37.919998,36.160000,36.959999,36.591137,488
2015-12-07,36.959999,37.599998,35.520000,37.599998,37.224751,1138
2015-12-08,36.799999,36.799999,36.480000,36.639999,36.274330,38
2015-12-09,36.799999,37.599998,36.799999,37.599998,37.224751,44
2015-12-10,37.599998,37.599998,37.599998,37.599998,37.224751,75
2015-12-11,37.919998,37.919998,36.799999,36.799999,36.432735,294
2015-12-14,37.119999,37.279999,33.599998,34.560001,34.215092,2094
2015-12-15,36.799999,37.119999,33.599998,33.599998,33.264671,2388
2015-12-16,33.599998,33.599998,30.719999,31.360001,31.047028,2119
2015-12-17,32.000000,32.160000,28.799999,28.799999,28.512575,1944
2015-12-18,30.559999,30.879999,25.920000,29.600000,29.304592,9188
2015-12-21,30.400000,32.799999,28.160000,31.840000,31.522236,1969
2015-12-22,30.719999,34.880001,30.719999,34.080002,33.739883,475
2015-12-23,34.400002,36.000000,34.400002,34.560001,34.215092,1456
2015-12-24,35.200001,35.200001,34.080002,34.080002,33.739883,225
2015-12-28,32.799999,32.799999,32.799999,32.799999,32.472656,63
2015-12-29,32.799999,40.000000,32.799999,37.599998,37.224751,406
2015-12-30,33.919998,33.919998,33.919998,33.919998,33.581474,69
2015-12-31,39.840000,39.840000,37.599998,38.400002,38.016769,450
2016-01-04,38.400002,38.400002,36.799999,37.599998,37.224751,50
2016-01-05,37.599998,37.599998,36.799999,36.799999,36.432735,25
2016-01-06,36.799999,36.799999,36.799999,36.799999,36.432735,0
2016-01-07,36.000000,36.000000,35.200001,35.200001,34.848705,275
2016-01-08,34.880001,34.880001,34.080002,34.400002,34.056690,925
2016-01-11,34.080002,34.400002,31.840000,32.000000,31.680639,463
2016-01-12,31.840000,33.439999,31.840000,33.439999,33.106266,988
2016-01-13,32.799999,37.599998,32.799999,36.000000,35.640720,213
2016-01-14,35.840000,36.000000,34.400002,34.400002,34.056690,81
2016-01-15,32.000000,35.680000,30.240000,33.599998,33.264671,713
2016-01-19,32.000000,32.000000,32.000000,32.000000,31.680639,6
2016-01-20,32.000000,35.200001,31.840000,33.919998,33.581474,406
2016-01-21,32.160000,34.560001,32.000000,33.599998,33.264671,181
2016-01-22,34.720001,36.000000,34.720001,36.000000,35.640720,219
2016-01-25,34.560001,34.560001,32.799999,32.799999,32.472656,406
2016-01-26,33.599998,36.320000,33.599998,36.320000,35.957527,69
2016-01-27,33.759998,36.000000,33.759998,34.400002,34.056690,144
2016-01-28,36.000000,36.000000,33.279999,33.279999,32.947865,150
2016-01-29,35.040001,35.200001,35.040001,35.200001,34.848705,88
2016-02-01,33.119999,35.840000,33.119999,35.200001,34.848705,594
2016-02-02,35.200001,35.200001,35.200001,35.200001,34.848705,0
2016-02-03,35.200001,35.200001,35.200001,35.200001,34.848705,0
2016-02-04,35.200001,35.200001,33.279999,33.279999,32.947865,125
2016-02-05,35.200001,35.200001,35.200001,35.200001,34.848705,63
2016-02-08,35.200001,35.200001,35.200001,35.200001,34.848705,0
2016-02-09,32.799999,34.400002,32.799999,34.400002,34.056690,175
2016-02-10,32.799999,33.599998,32.799999,33.599998,33.264671,94
2016-02-11,32.799999,32.799999,32.799999,32.799999,32.472656,63
2016-02-12,32.480000,32.480000,32.480000,32.480000,32.155849,44
2016-02-16,32.799999,35.200001,31.840000,33.599998,33.264671,325
2016-02-17,33.119999,34.400002,32.799999,34.400002,34.056690,788
2016-02-18,35.040001,35.200001,34.400002,34.400002,34.056690,681
2016-02-19,34.400002,34.400002,33.279999,34.400002,34.056690,481
2016-02-22,32.160000,34.400002,32.160000,34.400002,34.056690,713
2016-02-23,33.599998,33.599998,32.480000,32.480000,32.155849,444
2016-02-24,34.400002,34.400002,34.400002,34.400002,34.056690,44
2016-02-25,34.240002,35.200001,34.240002,34.400002,34.056690,1569
2016-02-26,33.599998,34.400002,32.480000,34.400002,34.056690,256
2016-02-29,34.400002,34.400002,34.400002,34.400002,34.056690,63
2016-03-01,33.279999,33.599998,33.279999,33.599998,33.264671,56
2016-03-02,33.599998,35.200001,33.279999,35.200001,34.848705,888
2016-03-03,34.880001,35.200001,34.880001,35.200001,34.848705,31
2016-03-04,33.439999,35.200001,33.279999,35.200001,34.848705,25
2016-03-07,34.400002,35.200001,34.400002,35.200001,34.848705,44
2016-03-08,35.200001,35.200001,35.200001,35.200001,34.848705,63
2016-03-09,33.439999,35.200001,33.439999,33.439999,33.106266,188
2016-03-10,33.759998,33.759998,32.799999,33.599998,33.264671,488
2016-03-11,33.439999,34.400002,33.439999,33.599998,33.264671,81
2016-03-14,33.279999,35.200001,32.480000,32.480000,32.155849,2038
2016-03-15,32.799999,34.400002,32.480000,32.799999,32.472656,313
2016-03-16,32.799999,32.799999,32.480000,32.480000,32.155849,231
2016-03-17,32.000000,33.599998,32.000000,33.599998,33.264671,469
2016-03-18,32.160000,34.400002,32.160000,34.400002,34.056690,175
2016-03-21,32.799999,32.799999,32.799999,32.799999,32.472656,63
2016-03-22,32.000000,33.439999,32.000000,32.000000,31.680639,819
2016-03-23,32.000000,32.000000,30.559999,31.360001,31.047028,913
2016-03-24,33.439999,33.439999,33.439999,33.439999,33.106266,6
2016-03-28,33.279999,33.759998,33.279999,33.759998,33.423073,163
2016-03-29,34.400002,34.400002,34.400002,34.400002,34.056690,38
2016-03-30,32.959999,32.959999,32.799999,32.799999,32.472656,44
2016-03-31,34.400002,34.400002,34.400002,34.400002,34.056690,6
2016-04-01,33.919998,33.919998,33.919998,33.919998,33.581474,31
2016-04-04,34.400002,34.560001,34.400002,34.400002,34.056690,75
2016-04-05,33.919998,33.919998,33.919998,33.919998,33.581474,44
2016-04-06,33.919998,33.919998,33.919998,33.919998,33.581474,0
2016-04-07,33.919998,33.919998,33.919998,33.919998,33.581474,13
2016-04-08,33.919998,35.200001,33.919998,35.200001,34.848705,156
2016-04-11,35.200001,35.200001,35.200001,35.200001,34.848705,113
2016-04-12,34.400002,35.200001,33.599998,35.200001,34.848705,263
2016-04-13,35.200001,35.200001,35.200001,35.200001,34.848705,0
2016-04-14,35.200001,35.200001,35.200001,35.200001,34.848705,13
2016-04-15,34.400002,34.400002,34.400002,34.400002,34.056690,94
2016-04-18,34.720001,34.720001,33.599998,33.599998,33.264671,131
2016-04-19,32.320000,33.599998,32.320000,32.799999,32.472656,263
2016-04-20,32.799999,33.599998,32.799999,33.599998,33.264671,25
2016-04-21,33.599998,33.599998,33.599998,33.599998,33.264671,0
2016-04-22,33.119999,33.119999,32.000000,32.799999,32.472656,550
2016-04-25,32.959999,33.119999,32.480000,32.480000,32.155849,356
2016-04-26,32.799999,35.520000,32.639999,35.520000,35.165508,163
2016-04-27,32.799999,35.200001,32.799999,35.200001,34.848705,163
2016-04-28,33.599998,35.520000,33.599998,35.520000,35.165508,388
2016-04-29,35.520000,35.520000,34.720001,35.200001,34.848705,569
2016-05-02,35.360001,36.160000,35.360001,36.000000,35.640720,506
2016-05-03,35.200001,36.799999,35.200001,36.799999,36.432735,969
2016-05-04,36.959999,36.959999,36.160000,36.160000,35.799122,44
2016-05-05,36.959999,37.759998,33.599998,35.360001,35.007107,1113
2016-05-06,35.360001,36.799999,35.360001,35.360001,35.007107,219
2016-05-09,35.360001,35.360001,35.360001,35.360001,35.007107,0
2016-05-10,36.799999,37.919998,36.799999,37.599998,37.224751,963
2016-05-11,38.400002,40.000000,35.680000,37.919998,37.541557,1969
2016-05-12,38.400002,39.520000,38.080002,38.880001,38.491978,1306
2016-05-13,38.880001,44.000000,38.880001,42.400002,41.976849,2269
2016-05-16,43.040001,44.000000,42.240002,44.000000,43.560879,1013
2016-05-17,44.160000,44.799999,37.759998,43.200001,42.768864,856
2016-05-18,42.400002,42.400002,40.320000,40.320000,39.917606,206
2016-05-19,40.799999,40.799999,38.400002,40.639999,40.234413,200
2016-05-20,40.799999,40.799999,40.160000,40.320000,39.917606,550
2016-05-23,40.320000,40.320000,40.320000,40.320000,39.917606,0
2016-05-24,39.840000,40.799999,39.520000,40.480000,40.076008,50
2016-05-25,40.000000,41.599998,38.560001,40.000000,39.600800,625
2016-05-26,38.560001,40.639999,38.560001,40.639999,40.234413,156
2016-05-27,40.000000,40.799999,40.000000,40.799999,40.392815,50
2016-05-31,40.480000,40.799999,40.480000,40.799999,40.392815,75
2016-06-01,40.480000,41.599998,40.160000,40.320000,39.917606,213
2016-06-02,40.160000,40.160000,40.160000,40.160000,39.759201,94
2016-06-03,40.000000,40.000000,39.840000,40.000000,39.600800,75
2016-06-06,37.759998,38.400002,35.520000,38.400002,38.016769,1056
2016-06-07,38.240002,38.400002,37.599998,37.599998,37.224751,144
2016-06-08,38.400002,38.400002,37.439999,37.599998,37.224751,406
2016-06-09,38.400002,38.400002,37.759998,37.759998,37.383152,88
2016-06-10,37.599998,41.119999,36.000000,41.119999,40.709621,606
2016-06-13,41.119999,41.119999,36.799999,36.959999,36.591137,563
2016-06-14,36.160000,38.400002,36.160000,38.400002,38.016769,331
2016-06-15,40.000000,41.119999,36.959999,36.959999,36.591137,725
2016-06-16,37.759998,40.799999,37.759998,40.000000,39.600800,575
2016-06-17,39.360001,39.360001,39.200001,39.200001,38.808784,225
2016-06-20,37.599998,37.759998,37.599998,37.759998,37.383152,475
2016-06-21,39.200001,39.200001,38.720001,38.720001,38.333576,406
2016-06-22,40.000000,40.000000,40.000000,40.000000,39.600800,63
2016-06-23,38.400002,40.000000,37.599998,40.000000,39.600800,350
2016-06-24,39.200001,40.000000,37.599998,37.919998,37.541557,200
2016-06-27,40.000000,40.000000,37.599998,37.599998,37.224751,113
2016-06-28,40.000000,40.000000,38.400002,38.400002,38.016769,88
2016-06-29,37.119999,40.000000,37.119999,40.000000,39.600800,88
2016-06-30,41.119999,41.119999,40.799999,40.799999,40.392815,31
2016-07-01,40.000000,40.000000,40.000000,40.000000,39.600800,56
2016-07-05,37.599998,40.799999,37.599998,40.799999,40.392815,188
2016-07-06,38.400002,41.599998,38.400002,41.119999,40.709621,825
2016-07-07,41.599998,41.599998,39.520000,41.119999,40.709621,94
2016-07-08,39.360001,42.400002,39.360001,42.240002,41.818447,1363
2016-07-11,41.759998,42.240002,41.599998,41.919998,41.501637,581
2016-07-12,42.400002,42.400002,41.599998,41.599998,41.184830,256
2016-07-13,41.599998,42.880001,41.599998,42.880001,42.452057,556
2016-07-14,43.200001,43.200001,39.680000,42.400002,41.976849,306
2016-07-15,42.880001,42.880001,42.880001,42.880001,42.452057,13
2016-07-18,42.720001,42.720001,40.000000,42.560001,42.135250,69
2016-07-19,42.560001,42.560001,42.560001,42.560001,42.135250,0
2016-07-20,42.400002,42.400002,40.000000,40.799999,40.392815,681
2016-07-21,40.799999,43.200001,40.799999,43.200001,42.768864,138
2016-07-22,42.080002,42.080002,42.080002,42.080002,41.660042,150
2016-07-25,42.080002,42.080002,41.599998,41.599998,41.184830,56
2016-07-26,40.000000,41.599998,40.000000,41.599998,41.184830,38
2016-07-27,41.599998,41.599998,41.599998,41.599998,41.184830,0
2016-07-28,41.599998,42.400002,41.599998,42.400002,41.976849,281
2016-07-29,42.240002,42.400002,42.240002,42.400002,41.976849,225
2016-08-01,42.240002,42.400002,42.240002,42.400002,41.976849,63
2016-08-02,42.240002,42.400002,42.240002,42.400002,41.976849,250
2016-08-03,41.599998,41.599998,40.639999,40.639999,40.234413,431
2016-08-04,40.639999,40.639999,40.000000,40.000000,39.600800,113
2016-08-05,40.799999,40.799999,40.799999,40.799999,40.392815,38
2016-08-08,40.000000,40.000000,40.000000,40.000000,39.600800,19
2016-08-09,41.599998,42.400002,41.599998,42.400002,41.976849,13
2016-08-10,42.400002,42.400002,42.400002,42.400002,41.976849,0
2016-08-11,42.400002,42.400002,42.400002,42.400002,41.976849,31
2016-08-12,42.400002,42.400002,42.400002,42.400002,41.976849,63
2016-08-15,40.000000,40.000000,40.000000,40.000000,39.600800,50
2016-08-16,40.000000,40.799999,39.680000,40.799999,40.392815,850
2016-08-17,40.799999,41.439999,40.799999,41.279999,40.868023,350
2016-08-18,41.599998,41.599998,40.000000,40.000000,39.600800,1200
2016-08-19,40.000000,40.000000,40.000000,40.000000,39.600800,113
2016-08-22,40.799999,40.799999,40.799999,40.799999,40.392815,19
2016-08-23,40.000000,40.000000,38.400002,38.400002,38.016769,119
2016-08-24,38.400002,40.000000,38.400002,38.560001,38.175171,900
2016-08-25,39.200001,39.680000,38.400002,38.400002,38.016769,381
2016-08-26,39.200001,40.799999,39.200001,40.000000,39.600800,444
2016-08-29,40.000000,40.000000,40.000000,40.000000,39.600800,0
2016-08-30,39.200001,39.200001,37.119999,38.240002,37.858364,313
2016-08-31,38.240002,38.400002,37.439999,37.439999,37.066345,669
2016-09-01,37.759998,37.759998,37.759998,37.759998,37.383152,131
2016-09-02,39.200001,39.200001,38.400002,38.400002,38.016769,156
2016-09-06,37.759998,37.759998,36.799999,36.799999,36.432735,556
2016-09-07,37.119999,37.599998,36.160000,37.599998,37.224751,1069
2016-09-08,37.599998,37.599998,37.599998,37.599998,37.224751,63
2016-09-09,36.799999,38.400002,35.200001,38.400002,38.016769,819
2016-09-12,38.400002,38.400002,37.599998,37.599998,37.224751,394
2016-09-13,36.959999,36.959999,35.360001,35.680000,35.323914,519
2016-09-14,36.000000,36.799999,36.000000,36.000000,35.640720,256
2016-09-15,36.000000,36.000000,35.520000,35.520000,35.165508,131
2016-09-16,34.720001,37.599998,34.400002,37.599998,37.224751,1419
2016-09-19,42.080002,42.080002,42.080002,42.080002,41.660042,19
2016-09-20,37.599998,39.520000,33.919998,39.520000,39.125591,444
2016-09-21,39.520000,39.520000,39.520000,39.520000,39.125591,0
2016-09-22,38.240002,41.599998,38.240002,41.599998,41.184830,1200
2016-09-23,40.799999,40.799999,35.200001,36.799999,36.432735,644
2016-09-26,37.599998,38.400002,37.599998,37.599998,37.224751,94
2016-09-27,38.400002,38.400002,38.400002,38.400002,38.016769,13
2016-09-28,38.400002,38.400002,38.400002,38.400002,38.016769,94
2016-09-29,38.400002,38.400002,37.919998,37.919998,37.541557,294
2016-09-30,34.240002,38.400002,34.240002,38.400002,38.016769,306
2016-10-03,38.400002,40.000000,37.599998,37.599998,37.224751,613
2016-10-04,37.599998,37.599998,37.599998,37.599998,37.224751,0
2016-10-05,37.599998,37.599998,36.000000,36.000000,35.640720,419
2016-10-06,38.240002,38.240002,38.240002,38.240002,37.858364,69
2016-10-07,36.000000,38.080002,36.000000,38.080002,37.699963,250
2016-10-10,37.599998,38.400002,35.200001,38.400002,38.016769,200
2016-10-11,38.400002,38.400002,35.360001,35.360001,35.007107,94
2016-10-12,35.360001,37.599998,34.720001,36.639999,36.274330,113
2016-10-13,36.799999,36.799999,34.720001,36.639999,36.274330,444
2016-10-14,34.880001,34.880001,34.880001,34.880001,34.531898,19
2016-10-17,36.639999,36.639999,36.639999,36.639999,36.274330,38
2016-10-18,36.639999,36.639999,36.639999,36.639999,36.274330,0
2016-10-19,36.639999,36.639999,36.639999,36.639999,36.274330,56
2016-10-20,36.639999,36.799999,36.000000,36.000000,35.640720,119
2016-10-21,35.360001,35.360001,34.880001,35.200001,34.848705,200
2016-10-24,35.520000,36.320000,33.599998,36.320000,35.957527,1625
2016-10-25,36.639999,36.639999,36.639999,36.639999,36.274330,175
2016-10-26,36.639999,36.639999,34.720001,36.000000,35.640720,256
2016-10-27,36.000000,36.320000,33.599998,33.919998,33.581474,756
2016-10-28,33.919998,36.320000,33.759998,35.840000,35.482315,238
2016-10-31,35.840000,35.840000,33.759998,33.759998,33.423073,331
2016-11-01,35.200001,35.520000,33.599998,33.919998,33.581474,950
2016-11-02,33.919998,35.840000,33.439999,34.720001,34.373493,706
2016-11-03,34.720001,34.720001,34.720001,34.720001,34.373493,0
2016-11-04,34.880001,34.880001,32.160000,34.720001,34.373493,600
2016-11-07,34.720001,34.720001,32.160000,32.160000,31.839043,75
2016-11-08,32.000000,34.720001,32.000000,34.720001,34.373493,788
2016-11-09,34.720001,34.720001,34.720001,34.720001,34.373493,0
2016-11-10,32.000000,34.080002,32.000000,32.799999,32.472656,344
2016-11-11,34.080002,34.080002,34.080002,34.080002,33.739883,50
2016-11-14,33.919998,33.919998,32.000000,32.000000,31.680639,463
2016-11-15,31.680000,33.599998,31.680000,33.599998,33.264671,156
2016-11-16,33.599998,34.560001,31.200001,34.560001,34.215092,338
2016-11-17,32.799999,34.560001,31.200001,34.560001,34.215092,419
2016-11-18,31.200001,34.560001,30.559999,33.599998,33.264671,806
2016-11-21,31.360001,34.080002,31.200001,31.200001,30.888624,331
2016-11-22,31.200001,32.320000,31.200001,32.320000,31.997446,69
2016-11-23,33.759998,34.400002,32.959999,34.400002,34.056690,188
2016-11-25,34.400002,34.400002,34.400002,34.400002,34.056690,0
2016-11-28,32.320000,33.599998,30.719999,33.599998,33.264671,838
2016-11-29,30.879999,32.799999,30.559999,32.799999,32.472656,638
2016-11-30,33.119999,33.119999,32.000000,33.119999,32.789459,500
2016-12-01,32.799999,33.119999,30.879999,32.959999,32.631058,406
2016-12-02,33.119999,33.119999,30.879999,32.639999,32.314251,206
2016-12-05,32.160000,32.160000,31.200001,31.200001,30.888624,88
2016-12-06,32.000000,32.000000,31.520000,32.000000,31.680639,219
2016-12-07,32.000000,32.160000,31.520000,31.520000,31.205431,925
2016-12-08,31.840000,32.000000,31.200001,32.000000,31.680639,275
2016-12-09,31.200001,32.000000,29.280001,32.000000,31.680639,1606
2016-12-12,32.000000,32.000000,30.080000,31.680000,31.363832,981
2016-12-13,32.000000,32.000000,30.240000,30.240000,29.938204,194
2016-12-14,31.200001,31.840000,31.200001,31.840000,31.522236,94
2016-12-15,31.840000,31.840000,29.920000,31.200001,30.888624,375
2016-12-16,29.920000,31.200001,29.600000,30.400000,30.096607,331
2016-12-19,30.400000,31.200001,29.920000,30.559999,30.255011,713
2016-12-20,30.719999,32.000000,30.400000,31.200001,30.888624,819
2016-12-21,32.000000,32.000000,31.040001,31.040001,30.730221,569
2016-12-22,31.040001,32.160000,30.400000,32.160000,31.839043,306
2016-12-23,30.559999,30.559999,30.400000,30.400000,30.096607,438
2016-12-27,32.000000,32.000000,32.000000,32.000000,31.680639,225
2016-12-28,32.000000,32.160000,32.000000,32.160000,31.839043,1013
2016-12-29,32.160000,32.320000,32.000000,32.320000,31.997446,644
2016-12-30,32.320000,32.320000,31.680000,32.320000,31.997446,131
2017-01-03,32.320000,32.320000,31.840000,32.000000,31.680639,506
2017-01-04,32.320000,32.320000,32.000000,32.320000,31.997446,450
2017-01-05,31.200001,32.320000,30.400000,31.840000,31.522236,481
2017-01-06,32.160000,32.320000,32.160000,32.320000,31.997446,19
2017-01-09,32.160000,32.320000,30.400000,31.040001,30.730221,1013
2017-01-10,31.040001,33.599998,31.040001,33.119999,32.789459,594
2017-01-11,33.119999,33.119999,33.119999,33.119999,32.789459,6
2017-01-12,30.080000,30.080000,30.080000,30.080000,29.779800,19
2017-01-13,32.000000,32.000000,32.000000,32.000000,31.680639,444
2017-01-17,32.000000,32.639999,32.000000,32.639999,32.314251,75
2017-01-18,32.320000,32.480000,32.000000,32.000000,31.680639,244
2017-01-19,32.000000,32.000000,31.680000,32.000000,31.680639,263
2017-01-20,32.480000,32.480000,31.520000,31.520000,31.205431,606
2017-01-23,32.000000,32.000000,32.000000,32.000000,31.680639,38
2017-01-24,31.840000,32.000000,31.840000,32.000000,31.680639,150
2017-01-25,32.000000,32.480000,31.360001,32.480000,32.155849,1106
2017-01-26,32.000000,32.160000,32.000000,32.160000,31.839043,188
2017-01-27,31.520000,31.520000,31.520000,31.520000,31.205431,250
2017-01-30,32.000000,32.000000,31.680000,32.000000,31.680639,294
2017-01-31,31.680000,31.840000,31.520000,31.840000,31.522236,344
2017-02-01,31.840000,31.840000,31.680000,31.680000,31.363832,1706
2017-02-02,31.680000,31.840000,31.680000,31.840000,31.522236,106
2017-02-03,31.680000,31.840000,31.680000,31.840000,31.522236,44
2017-02-06,31.840000,31.840000,31.520000,31.520000,31.205431,644
2017-02-07,31.520000,31.520000,31.520000,31.520000,31.205431,13
2017-02-08,31.840000,31.840000,31.520000,31.840000,31.522236,531
2017-02-09,31.840000,31.840000,31.520000,31.520000,31.205431,131
2017-02-10,31.840000,31.840000,31.200001,31.200001,30.888624,275
2017-02-13,31.360001,31.840000,31.360001,31.840000,31.522236,394
2017-02-14,32.000000,32.000000,31.200001,31.360001,31.047028,269
2017-02-15,32.480000,32.480000,31.680000,32.000000,31.680639,894
2017-02-16,31.520000,31.520000,31.360001,31.360001,31.047028,131
2017-02-17,32.000000,32.000000,32.000000,32.000000,31.680639,63
2017-02-21,32.000000,32.000000,31.520000,31.520000,31.205431,200
2017-02-22,31.360001,31.840000,31.360001,31.840000,31.522236,150
2017-02-23,31.360001,32.320000,31.360001,32.000000,31.680639,950
2017-02-24,31.840000,33.919998,31.840000,33.599998,33.264671,1575
2017-02-27,32.320000,35.360001,32.000000,35.200001,34.848705,1744
2017-02-28,33.599998,36.000000,33.599998,35.360001,35.007107,1056
2017-03-01,34.400002,36.000000,34.400002,35.200001,34.848705,725
2017-03-02,35.200001,38.080002,35.200001,36.000000,35.640720,2444
2017-03-03,36.000000,36.799999,35.200001,36.799999,36.432735,875
2017-03-06,35.200001,36.959999,35.200001,36.959999,36.591137,706
2017-03-07,36.959999,36.959999,36.000000,36.000000,35.640720,63
2017-03-08,36.000000,36.000000,36.000000,36.000000,35.640720,94
2017-03-09,36.000000,36.000000,36.000000,36.000000,35.640720,13
2017-03-10,34.720001,36.000000,32.959999,33.599998,33.264671,563
2017-03-13,33.759998,33.759998,33.279999,33.439999,33.106266,938
2017-03-14,33.119999,33.439999,32.000000,33.439999,33.106266,2244
2017-03-15,31.520000,32.160000,31.520000,32.000000,31.680639,181
2017-03-16,31.680000,31.680000,31.520000,31.680000,31.363832,294
2017-03-17,32.000000,32.799999,32.000000,32.799999,32.472656,850
2017-03-20,32.000000,32.639999,30.719999,32.639999,32.314251,2000
2017-03-21,31.040001,31.040001,30.719999,30.719999,30.413412,500
2017-03-22,31.840000,32.639999,31.200001,32.639999,32.314251,406
2017-03-23,31.840000,32.799999,31.680000,32.000000,31.680639,688
2017-03-24,32.000000,32.000000,32.000000,32.000000,31.680639,163
2017-03-27,32.000000,32.000000,31.360001,31.360001,31.047028,388
2017-03-28,32.320000,32.480000,31.200001,31.200001,30.888624,250
2017-03-29,31.840000,31.840000,31.200001,31.200001,30.888624,44
2017-03-30,31.520000,31.520000,31.520000,31.520000,31.205431,63
2017-03-31,31.680000,33.279999,31.680000,33.279999,32.947865,69
2017-04-03,32.000000,32.000000,32.000000,32.000000,31.680639,250
2017-04-04,32.320000,32.799999,32.320000,32.799999,32.472656,225
2017-04-05,32.000000,32.639999,31.680000,32.000000,31.680639,194
2017-04-06,32.160000,32.160000,30.559999,31.200001,30.888624,338
2017-04-07,31.200001,32.000000,31.200001,31.200001,30.888624,194
2017-04-10,32.000000,34.400002,31.680000,32.160000,31.839043,2994
2017-04-11,33.599998,34.400002,33.439999,34.400002,34.056690,1656
2017-04-12,32.799999,34.400002,32.799999,34.400002,34.056690,256
2017-04-13,34.400002,35.200001,33.599998,35.200001,34.848705,400
2017-04-17,34.400002,35.200001,30.719999,35.200001,34.848705,613
2017-04-18,35.200001,35.200001,35.200001,35.200001,34.848705,0
2017-04-19,34.560001,35.200001,33.599998,33.759998,33.423073,63
2017-04-20,35.040001,35.040001,33.599998,34.880001,34.531898,406
2017-04-21,35.040001,35.040001,35.040001,35.040001,34.690300,6
2017-04-24,35.040001,35.200001,32.799999,33.759998,33.423073,188
2017-04-25,33.759998,33.759998,33.759998,33.759998,33.423073,63
2017-04-26,33.919998,33.919998,33.919998,33.919998,33.581474,31
2017-04-27,34.560001,35.200001,33.759998,33.759998,33.423073,200
2017-04-28,35.200001,35.520000,34.720001,35.200001,34.848705,1263
2017-05-01,35.360001,35.360001,32.799999,32.799999,32.472656,313
2017-05-02,32.959999,34.080002,32.480000,32.799999,32.472656,1506
2017-05-03,32.799999,34.400002,32.799999,33.279999,32.947865,69
2017-05-04,32.000000,32.000000,32.000000,32.000000,31.680639,81
2017-05-05,32.160000,32.480000,31.200001,32.480000,32.155849,763
2017-05-08,31.840000,32.000000,31.200001,32.000000,31.680639,1694
2017-05-09,32.000000,34.720001,32.000000,34.400002,34.056690,394
2017-05-10,33.919998,34.080002,32.000000,32.000000,31.680639,381
2017-05-11,32.799999,32.799999,31.520000,32.000000,31.680639,1100
2017-05-12,33.599998,36.000000,32.799999,35.200001,34.848705,2050
2017-05-15,35.840000,36.799999,35.840000,36.799999,36.432735,1044
2017-05-16,37.279999,37.279999,36.799999,36.799999,36.432735,94
2017-05-17,36.000000,36.000000,34.400002,34.400002,34.056690,88
2017-05-18,36.000000,36.000000,35.200001,36.000000,35.640720,200
2017-05-19,35.680000,35.680000,33.599998,33.759998,33.423073,1194
2017-05-22,33.759998,35.040001,33.759998,34.400002,34.056690,1363
2017-05-23,34.400002,35.360001,33.119999,34.080002,33.739883,563
2017-05-24,33.919998,36.799999,33.919998,34.400002,34.056690,588
2017-05-25,34.080002,36.799999,33.919998,34.400002,34.056690,400
2017-05-26,33.759998,35.040001,33.759998,34.400002,34.056690,1269
2017-05-30,34.400002,34.400002,34.400002,34.400002,34.056690,188
2017-05-31,34.400002,35.040001,34.080002,34.400002,34.056690,1838
2017-06-01,34.400002,34.400002,34.400002,34.400002,34.056690,38
2017-06-02,34.880001,36.480000,34.880001,35.040001,34.690300,513
2017-06-05,35.520000,37.919998,35.200001,37.279999,36.907944,2319
2017-06-06,37.759998,39.200001,37.439999,38.400002,38.016769,1669
2017-06-07,38.400002,38.400002,37.119999,37.119999,36.749542,44
2017-06-08,37.119999,37.119999,37.119999,37.119999,36.749542,313
2017-06-09,36.799999,37.599998,36.799999,37.279999,36.907944,219
2017-06-12,38.400002,39.200001,37.919998,38.880001,38.491978,513
2017-06-13,39.680000,39.680000,39.200001,39.200001,38.808784,394
2017-06-14,36.959999,39.200001,36.959999,39.200001,38.808784,750
2017-06-15,39.680000,40.799999,39.680000,40.639999,40.234413,2506
2017-06-16,40.000000,41.599998,40.000000,40.639999,40.234413,606
2017-06-19,40.160000,41.599998,40.000000,41.599998,41.184830,744
2017-06-20,42.720001,43.040001,41.759998,42.080002,41.660042,1331
2017-06-21,41.279999,43.040001,41.279999,41.759998,41.343231,156
2017-06-22,41.759998,41.759998,41.279999,41.759998,41.343231,344
2017-06-23,42.400002,43.040001,42.400002,42.400002,41.976849,381
2017-06-26,41.279999,42.080002,40.799999,40.799999,40.392815,1175
2017-06-27,40.480000,40.799999,40.480000,40.799999,40.392815,300
2017-06-28,40.799999,40.799999,40.639999,40.799999,40.392815,581
2017-06-29,40.320000,40.320000,39.680000,40.000000,39.600800,619
2017-06-30,39.360001,39.360001,36.959999,36.959999,36.591137,475
2017-07-03,36.959999,36.959999,36.959999,36.959999,36.591137,0
2017-07-05,36.959999,36.959999,36.959999,36.959999,36.591137,0
2017-07-06,37.599998,37.599998,36.959999,36.959999,36.591137,138
2017-07-07,38.880001,38.880001,38.880001,38.880001,38.491978,63
2017-07-10,39.680000,39.840000,39.680000,39.680000,39.283993,163
2017-07-11,39.200001,40.000000,36.959999,37.599998,37.224751,256
2017-07-12,39.520000,39.520000,36.959999,39.200001,38.808784,200
2017-07-13,38.400002,38.400002,36.959999,38.400002,38.016769,738
2017-07-14,38.400002,38.400002,38.400002,38.400002,38.016769,25
2017-07-17,36.959999,38.400002,36.959999,38.400002,38.016769,750
2017-07-18,37.439999,38.400002,37.279999,37.279999,36.907944,644
2017-07-19,36.959999,39.040001,36.959999,37.599998,37.224751,1113
2017-07-20,37.599998,37.599998,37.599998,37.599998,37.224751,125
2017-07-21,37.599998,37.599998,36.799999,37.599998,37.224751,756
2017-07-24,36.639999,36.959999,36.639999,36.959999,36.591137,75
2017-07-25,36.959999,36.959999,36.959999,36.959999,36.591137,0
2017-07-26,36.639999,38.720001,36.639999,38.720001,38.333576,525
2017-07-27,38.080002,38.080002,37.599998,37.599998,37.224751,225
2017-07-28,37.119999,37.119999,36.799999,36.799999,36.432735,138
2017-07-31,37.279999,38.400002,37.279999,37.439999,37.066345,150
2017-08-01,37.119999,37.599998,36.639999,37.599998,37.224751,81
2017-08-02,37.439999,37.919998,37.439999,37.919998,37.541557,181
2017-08-03,38.240002,38.240002,36.000000,36.480000,36.115929,513
2017-08-04,36.639999,38.240002,34.880001,38.240002,37.858364,369
2017-08-07,36.799999,37.599998,36.799999,37.599998,37.224751,350
2017-08-08,38.240002,38.240002,37.599998,38.240002,37.858364,688
2017-08-09,37.439999,37.439999,37.439999,37.439999,37.066345,6
2017-08-10,37.599998,37.599998,36.000000,36.000000,35.640720,525
2017-08-11,36.799999,36.799999,35.200001,36.480000,36.115929,1506
2017-08-14,36.480000,37.599998,36.480000,37.599998,37.224751,1425
2017-08-15,35.520000,37.599998,35.520000,37.599998,37.224751,206
2017-08-16,38.240002,38.240002,36.000000,36.000000,35.640720,469
2017-08-17,37.759998,38.240002,33.599998,33.599998,33.264671,2769
2017-08-18,35.200001,36.000000,34.240002,35.200001,34.848705,175
2017-08-21,35.200001,36.799999,35.200001,35.200001,34.848705,475
2017-08-22,35.200001,35.200001,35.200001,35.200001,34.848705,13
2017-08-23,36.799999,37.599998,36.000000,36.000000,35.640720,75
2017-08-24,35.200001,36.000000,35.040001,35.200001,34.848705,913
2017-08-25,36.160000,36.160000,36.000000,36.160000,35.799122,263
2017-08-28,35.200001,35.200001,35.200001,35.200001,34.848705,494
2017-08-29,36.000000,36.160000,35.840000,36.160000,35.799122,250
2017-08-30,36.160000,36.160000,36.160000,36.160000,35.799122,31
2017-08-31,36.000000,36.000000,36.000000,36.000000,35.640720,31
2017-09-01,35.200001,35.200001,35.200001,35.200001,34.848705,31
2017-09-05,36.799999,37.599998,36.000000,37.599998,37.224751,900
2017-09-06,36.799999,38.400002,36.799999,38.400002,38.016769,1356
2017-09-07,38.560001,39.200001,38.400002,38.400002,38.016769,663
2017-09-08,38.400002,38.400002,38.400002,38.400002,38.016769,0
2017-09-11,38.400002,38.400002,38.400002,38.400002,38.016769,63
2017-09-12,38.240002,39.200001,38.240002,39.200001,38.808784,131
2017-09-13,39.040001,39.040001,36.799999,36.799999,36.432735,63
2017-09-14,38.400002,38.400002,37.599998,38.400002,38.016769,450
2017-09-15,36.799999,36.799999,36.480000,36.799999,36.432735,88
2017-09-18,38.240002,39.200001,37.599998,38.080002,37.699963,313
2017-09-19,37.759998,38.080002,37.599998,37.599998,37.224751,75
2017-09-20,37.439999,39.200001,37.439999,39.200001,38.808784,1344
2017-09-21,39.200001,39.200001,39.200001,39.200001,38.808784,0
2017-09-22,39.200001,39.200001,38.720001,38.720001,38.333576,81
2017-09-25,38.720001,38.720001,38.080002,38.400002,38.016769,338
2017-09-26,38.240002,38.240002,38.240002,38.240002,37.858364,44
2017-09-27,38.240002,38.240002,37.919998,38.240002,37.858364,144
2017-09-28,37.919998,38.240002,36.959999,38.240002,37.858364,238
2017-09-29,37.279999,37.279999,37.279999,37.279999,36.907944,50
2017-10-02,38.240002,38.400002,37.759998,38.400002,38.016769,569
2017-10-03,38.400002,38.400002,36.959999,36.959999,36.591137,50
2017-10-04,38.400002,40.959999,37.759998,40.160000,39.759201,1750
2017-10-05,40.160000,40.160000,39.200001,39.200001,38.808784,431
2017-10-06,40.000000,40.000000,40.000000,40.000000,39.600800,6
2017-10-09,38.560001,40.000000,38.560001,40.000000,39.600800,50
2017-10-10,38.560001,39.360001,38.560001,38.720001,38.333576,1269
2017-10-11,39.680000,40.000000,39.680000,40.000000,39.600800,881
2017-10-12,40.639999,42.720001,40.160000,41.919998,41.501637,2156
2017-10-13,42.240002,42.240002,41.599998,41.599998,41.184830,244
2017-10-16,42.400002,42.400002,41.919998,41.919998,41.501637,381
2017-10-17,41.919998,41.919998,41.919998,41.919998,41.501637,0
2017-10-18,41.919998,41.919998,41.599998,41.599998,41.184830,19
2017-10-19,41.599998,41.599998,41.599998,41.599998,41.184830,0
2017-10-20,40.000000,41.599998,40.000000,41.439999,41.026428,150
2017-10-23,41.599998,42.400002,40.000000,41.439999,41.026428,438
2017-10-24,41.439999,41.439999,41.439999,41.439999,41.026428,19
2017-10-25,40.000000,40.799999,36.000000,38.400002,38.016769,1656
2017-10-26,38.400002,40.000000,38.400002,40.000000,39.600800,494
2017-10-27,40.000000,40.000000,39.200001,39.200001,38.808784,113
2017-10-30,38.560001,38.560001,37.759998,38.400002,38.016769,319
2017-10-31,39.200001,41.599998,38.400002,41.599998,41.184830,650
2017-11-01,42.400002,43.840000,40.000000,41.599998,41.184830,3513
2017-11-02,42.240002,43.200001,41.599998,43.200001,42.768864,2063
2017-11-03,43.200001,46.400002,43.040001,46.400002,45.936928,1331
2017-11-06,46.400002,46.400002,43.200001,44.799999,44.352894,463
2017-11-07,45.599998,46.400002,43.200001,43.200001,42.768864,756
2017-11-08,43.200001,46.400002,43.200001,46.400002,45.936928,419
2017-11-09,44.799999,44.799999,44.000000,44.000000,43.560879,175
2017-11-10,43.200001,44.799999,42.400002,43.200001,42.768864,769
2017-11-13,43.200001,46.400002,43.200001,44.799999,44.352894,619
2017-11-14,45.279999,45.599998,43.520000,43.520000,43.085670,231
2017-11-15,43.360001,45.599998,43.200001,43.520000,43.085670,375
2017-11-16,43.520000,43.520000,43.200001,43.200001,42.768864,156
2017-11-17,44.000000,44.799999,44.000000,44.799999,44.352894,275
2017-11-20,43.680000,44.799999,43.680000,44.799999,44.352894,125
2017-11-21,44.639999,47.840000,44.000000,46.400002,45.936928,1294
2017-11-22,46.400002,46.400002,46.400002,46.400002,45.936928,0
2017-11-24,46.080002,47.200001,45.599998,47.200001,46.728943,1975
2017-11-27,46.240002,48.000000,46.240002,47.840000,47.362556,738
2017-11-28,46.240002,47.840000,44.799999,47.840000,47.362556,388
2017-11-29,46.400002,46.400002,44.959999,45.599998,45.144909,88
2017-11-30,46.400002,46.400002,44.799999,44.799999,44.352894,375
2017-12-01,46.400002,46.400002,44.799999,44.799999,44.352894,125
2017-12-04,44.799999,44.959999,41.599998,43.200001,42.768864,963
2017-12-05,43.360001,45.599998,41.759998,45.599998,45.144909,400
2017-12-06,46.400002,46.400002,45.119999,45.119999,44.669701,663
2017-12-07,46.400002,46.400002,43.200001,45.599998,45.144909,331
2017-12-08,43.200001,47.200001,43.200001,45.599998,45.144909,1144
2017-12-11,45.599998,47.200001,43.200001,43.200001,42.768864,544
2017-12-12,44.959999,46.400002,44.959999,46.400002,45.936928,225
2017-12-13,44.000000,44.000000,44.000000,44.000000,43.560879,81
2017-12-14,44.799999,46.400002,44.000000,46.400002,45.936928,331
2017-12-15,46.400002,46.400002,41.599998,46.400002,45.936928,381
2017-12-18,46.400002,46.400002,44.480000,46.400002,45.936928,56
2017-12-19,43.200001,46.400002,42.400002,46.400002,45.936928,194
2017-12-20,44.000000,46.400002,43.840000,46.400002,45.936928,2038
2017-12-21,44.000000,46.400002,43.200001,46.400002,45.936928,500
2017-12-22,44.799999,46.400002,44.799999,46.400002,45.936928,194
2017-12-26,46.400002,47.840000,43.520000,47.840000,47.362556,2719
2017-12-27,47.840000,47.840000,46.400002,47.200001,46.728943,194
2017-12-28,47.680000,48.000000,46.400002,48.000000,47.520958,1644
2017-12-29,48.000000,48.000000,46.400002,47.360001,46.887348,650
2018-01-02,47.680000,48.000000,47.200001,48.000000,47.520958,1181
2018-01-03,48.000000,48.000000,47.520000,48.000000,47.520958,81
2018-01-04,47.680000,48.959999,47.680000,48.799999,48.312973,944
2018-01-05,48.799999,56.000000,48.799999,52.000000,51.481037,3788
2018-01-08,52.799999,54.400002,52.799999,54.400002,53.857090,644
2018-01-09,53.919998,55.040001,52.959999,53.279999,52.748264,500
2018-01-10,53.279999,54.400002,53.279999,54.080002,53.540283,1163
2018-01-11,53.279999,54.400002,52.799999,54.400002,53.857090,688
2018-01-12,54.400002,55.200001,53.279999,55.200001,54.649105,1725
2018-01-16,55.200001,55.360001,52.799999,52.799999,52.273052,713
2018-01-17,52.799999,54.400002,52.000000,52.000000,51.481037,969
2018-01-18,52.000000,54.400002,51.200001,52.000000,51.481037,431
2018-01-19,51.200001,51.200001,48.639999,50.400002,49.897007,350
2018-01-22,53.759998,54.080002,50.400002,51.200001,50.689022,738
2018-01-23,49.599998,50.560001,48.000000,48.959999,48.471378,856
2018-01-24,48.799999,50.080002,48.799999,50.080002,49.580204,750
2018-01-25,48.799999,49.599998,47.680000,48.959999,48.471378,263
2018-01-26,49.279999,50.240002,48.799999,49.599998,49.104988,475
2018-01-29,49.599998,49.599998,47.200001,47.360001,46.887348,1763
2018-01-30,47.840000,48.000000,47.200001,47.200001,46.728943,256
2018-01-31,46.400002,49.119999,46.400002,48.000000,47.520958,456
2018-02-01,47.200001,47.200001,45.599998,46.400002,45.936928,413
2018-02-02,46.400002,48.000000,46.400002,47.200001,46.728943,731
2018-02-05,48.000000,48.000000,46.400002,46.400002,45.936928,381
2018-02-06,46.400002,46.400002,46.400002,46.400002,45.936928,125
2018-02-07,47.200001,48.480000,45.599998,46.720001,46.253735,550
2018-02-08,46.880001,46.880001,45.599998,46.400002,45.936928,400
2018-02-09,45.599998,47.040001,43.680000,46.080002,45.620121,1344
2018-02-12,46.080002,46.080002,46.080002,46.080002,45.620121,0
2018-02-13,46.400002,46.400002,43.200001,43.360001,42.927265,994
2018-02-14,43.360001,45.599998,43.200001,45.119999,44.669701,625
2018-02-15,45.119999,45.119999,43.520000,44.320000,43.877686,144
2018-02-16,45.119999,45.599998,43.200001,44.799999,44.352894,438
2018-02-20,44.959999,45.599998,44.959999,45.599998,45.144909,81
2018-02-21,40.959999,43.360001,40.799999,43.360001,42.927265,213
2018-02-22,41.599998,41.599998,40.799999,41.599998,41.184830,369
2018-02-23,41.599998,42.400002,41.599998,41.599998,41.184830,281
2018-02-26,42.400002,44.160000,40.320000,44.000000,43.560879,1888
2018-02-27,44.000000,44.000000,41.279999,41.279999,40.868023,100
2018-02-28,41.279999,44.320000,41.279999,42.880001,42.452057,1181
2018-03-01,43.680000,44.160000,41.599998,41.599998,41.184830,281
2018-03-02,41.919998,43.040001,40.160000,40.160000,39.759201,1713
2018-03-05,41.919998,42.400002,40.000000,40.480000,40.076008,1325
2018-03-06,40.480000,43.200001,40.160000,40.160000,39.759201,788
2018-03-07,40.000000,43.520000,40.000000,43.520000,43.085670,400
2018-03-08,40.320000,40.799999,40.320000,40.799999,40.392815,513
2018-03-09,40.799999,42.240002,40.000000,41.279999,40.868023,619
2018-03-12,41.279999,41.279999,40.480000,40.799999,40.392815,319
2018-03-13,40.799999,40.799999,40.799999,40.799999,40.392815,306
2018-03-14,41.119999,41.599998,39.200001,39.360001,38.967186,1163
2018-03-15,39.200001,39.680000,36.160000,39.200001,38.808784,1831
2018-03-16,41.919998,42.400002,40.160000,42.080002,41.660042,350
2018-03-19,42.240002,42.240002,40.000000,40.000000,39.600800,213
2018-03-20,39.200001,40.799999,39.200001,40.799999,40.392815,338
2018-03-21,39.840000,40.000000,38.720001,40.000000,39.600800,150
2018-03-22,36.000000,39.680000,36.000000,39.200001,38.808784,3344
2018-03-23,36.799999,39.840000,36.799999,39.680000,39.283993,2613
2018-03-26,38.400002,40.799999,38.400002,39.360001,38.967186,1588
2018-03-27,39.360001,40.799999,35.200001,37.599998,37.224751,3175
2018-03-28,36.160000,40.000000,36.000000,36.799999,36.432735,388
2018-03-29,38.400002,39.840000,36.000000,39.840000,39.442394,781
2018-04-02,37.439999,38.400002,37.439999,38.400002,38.016769,250
2018-04-03,37.599998,37.919998,36.799999,36.799999,36.432735,731
2018-04-04,37.439999,37.439999,32.000000,34.400002,34.056690,4275
2018-04-05,36.799999,36.799999,33.279999,34.080002,33.739883,488
2018-04-06,34.400002,34.400002,32.959999,33.599998,33.264671,1625
2018-04-09,33.599998,37.119999,33.599998,37.119999,36.749542,1081
2018-04-10,34.400002,36.000000,34.400002,36.000000,35.640720,588
2018-04-11,35.200001,36.000000,34.080002,34.400002,34.056690,1556
2018-04-12,34.880001,34.880001,33.759998,33.759998,33.423073,363
2018-04-13,34.560001,34.720001,32.799999,32.799999,32.472656,2250
2018-04-16,34.720001,34.880001,31.360001,33.279999,32.947865,7325
2018-04-17,32.959999,32.959999,31.520000,32.000000,31.680639,5494
2018-04-18,32.799999,33.599998,32.000000,33.119999,32.789459,525
2018-04-19,32.480000,32.480000,32.160000,32.160000,31.839043,163
2018-04-20,33.279999,40.799999,32.799999,35.200001,34.848705,856
2018-04-23,33.599998,33.599998,33.279999,33.279999,32.947865,125
2018-04-24,33.919998,36.000000,33.599998,33.759998,33.423073,888
2018-04-25,36.000000,36.000000,33.919998,33.919998,33.581474,144
2018-04-26,34.400002,35.200001,33.919998,33.919998,33.581474,1213
2018-04-27,33.599998,33.599998,32.799999,33.599998,33.264671,988
2018-04-30,33.919998,35.360001,33.599998,33.599998,33.264671,269
2018-05-01,33.599998,33.599998,32.799999,33.599998,33.264671,263
2018-05-02,33.279999,33.599998,32.799999,32.799999,32.472656,363
2018-05-03,32.799999,32.799999,32.799999,32.799999,32.472656,700
2018-05-04,33.119999,33.279999,32.799999,33.279999,32.947865,169
2018-05-07,33.279999,33.279999,32.799999,32.799999,32.472656,519
2018-05-08,32.799999,33.119999,32.000000,32.480000,32.155849,2025
2018-05-09,32.320000,33.599998,31.840000,32.480000,32.155849,4831
2018-05-10,32.799999,32.799999,31.840000,32.000000,31.680639,1181
2018-05-11,31.680000,32.000000,31.360001,32.000000,31.680639,2263
2018-05-14,32.799999,32.799999,32.000000,32.799999,32.472656,725
2018-05-15,33.759998,33.759998,32.000000,32.160000,31.839043,563
2018-05-16,32.320000,32.320000,30.879999,31.840000,31.522236,1775
2018-05-17,31.840000,32.799999,31.840000,32.320000,31.997446,356
2018-05-18,32.799999,34.400002,32.320000,34.400002,34.056690,663
2018-05-21,34.080002,34.560001,33.279999,33.599998,33.264671,2050
2018-05-22,33.279999,33.279999,32.639999,32.799999,32.472656,569
2018-05-23,32.639999,32.799999,32.000000,32.160000,31.839043,1294
2018-05-24,32.320000,32.799999,32.320000,32.639999,32.314251,1600
2018-05-25,32.480000,32.639999,32.000000,32.639999,32.314251,644
2018-05-29,32.799999,32.799999,31.680000,31.840000,31.522236,225
2018-05-30,32.160000,32.320000,31.520000,31.520000,31.205431,444
2018-05-31,31.680000,32.000000,31.680000,32.000000,31.680639,138
2018-06-01,32.000000,32.160000,31.840000,32.000000,31.680639,406
2018-06-04,32.000000,33.599998,32.000000,32.639999,32.314251,413
2018-06-05,32.799999,32.799999,32.160000,32.799999,32.472656,863
2018-06-06,32.799999,32.799999,32.000000,32.000000,31.680639,856
2018-06-07,31.840000,32.320000,30.559999,32.000000,31.680639,1844
2018-06-08,32.799999,32.799999,30.879999,32.480000,32.155849,625
2018-06-11,32.480000,32.480000,32.000000,32.000000,31.680639,738
2018-06-12,32.000000,32.000000,31.840000,31.840000,31.522236,350
2018-06-13,31.520000,31.840000,31.520000,31.520000,31.205431,150
2018-06-14,31.680000,31.840000,30.879999,31.840000,31.522236,1419
2018-06-15,31.200001,31.840000,30.559999,31.840000,31.522236,719
2018-06-18,30.719999,31.360001,30.719999,31.360001,31.047028,63
2018-06-19,31.200001,31.200001,30.559999,30.559999,30.255011,175
2018-06-20,30.400000,30.559999,29.600000,29.600000,29.304592,2156
2018-06-21,31.360001,31.360001,29.600000,30.240000,29.938204,1281
2018-06-22,29.920000,30.400000,29.920000,30.240000,29.938204,1656
2018-06-25,30.080000,30.559999,30.080000,30.400000,30.096607,488
2018-06-26,30.400000,30.400000,29.600000,29.760000,29.462996,1006
2018-06-27,29.600000,29.600000,29.600000,29.600000,29.304592,475
2018-06-28,29.600000,29.600000,28.320000,29.440001,29.146189,1638
2018-06-29,29.920000,29.920000,29.920000,29.920000,29.621397,19
2018-07-02,28.160000,29.440001,28.160000,29.440001,29.146189,288
2018-07-03,29.440001,29.440001,28.320000,28.799999,28.512575,131
2018-07-05,28.320000,28.639999,28.160000,28.639999,28.354172,775
2018-07-06,28.799999,28.799999,28.160000,28.320000,28.037365,744
2018-07-09,28.639999,28.799999,28.639999,28.799999,28.512575,1400
2018-07-10,28.799999,31.200001,28.799999,31.200001,30.888624,4763
2018-07-11,31.360001,31.840000,29.760000,31.360001,31.047028,450
2018-07-12,31.360001,31.840000,29.600000,31.520000,31.205431,575
2018-07-13,31.520000,31.520000,30.400000,31.200001,30.888624,419
2018-07-16,31.200001,34.560001,31.200001,34.080002,33.739883,1594
2018-07-17,34.240002,34.560001,33.439999,34.400002,34.056690,550
2018-07-18,34.400002,34.400002,33.439999,33.599998,33.264671,419
2018-07-19,32.320000,33.119999,32.320000,33.119999,32.789459,2038
2018-07-20,33.279999,33.279999,33.119999,33.119999,32.789459,250
2018-07-23,32.799999,32.959999,32.799999,32.959999,32.631058,281
2018-07-24,32.959999,32.959999,31.200001,32.000000,31.680639,706
2018-07-25,32.000000,32.799999,32.000000,32.320000,31.997446,313
2018-07-26,32.320000,32.320000,32.320000,32.320000,31.997446,0
2018-07-27,31.200001,32.000000,30.400000,32.000000,31.680639,38
2018-07-30,31.360001,32.000000,30.559999,30.559999,30.255011,181
2018-07-31,32.000000,32.959999,32.000000,32.799999,32.472656,1663
2018-08-01,31.680000,32.480000,30.400000,30.400000,30.096607,1069
2018-08-02,31.200001,31.200001,30.400000,30.400000,30.096607,919
2018-08-03,31.040001,31.360001,30.240000,30.400000,30.096607,556
2018-08-06,29.920000,29.920000,28.959999,29.760000,29.462996,1094
2018-08-07,28.959999,29.760000,28.959999,29.760000,29.462996,106
2018-08-08,29.760000,29.760000,29.760000,29.760000,29.462996,19
2018-08-09,29.280001,29.280001,28.959999,28.959999,28.670979,575
2018-08-10,29.760000,31.200001,29.760000,30.400000,30.096607,319
2018-08-13,29.760000,29.760000,28.480000,28.959999,28.670979,2644
2018-08-14,28.639999,32.000000,28.639999,29.760000,29.462996,825
2018-08-15,28.480000,29.760000,28.480000,28.959999,28.670979,900
2018-08-16,30.879999,31.040001,30.879999,31.040001,30.730221,1075
2018-08-17,31.040001,31.040001,30.400000,30.400000,30.096607,238
2018-08-20,31.520000,32.320000,31.200001,31.200001,30.888624,1169
2018-08-21,31.520000,31.520000,31.520000,31.520000,31.205431,144
2018-08-22,31.040001,31.200001,29.120001,31.040001,30.730221,1319
2018-08-23,30.879999,31.840000,29.760000,30.400000,30.096607,313
2018-08-24,31.040001,31.040001,29.920000,29.920000,29.621397,438
2018-08-27,31.200001,31.840000,30.080000,31.840000,31.522236,363
2018-08-28,31.200001,31.840000,31.200001,31.840000,31.522236,688
2018-08-29,31.840000,31.840000,31.840000,31.840000,31.522236,19
2018-08-30,31.840000,31.840000,31.520000,31.840000,31.522236,219
2018-08-31,32.000000,32.639999,32.000000,32.320000,31.997446,556
2018-09-04,32.320000,32.480000,31.520000,32.320000,31.997446,1325
2018-09-05,32.639999,34.400002,32.639999,33.599998,33.264671,3031
2018-09-06,34.240002,35.840000,34.240002,35.200001,34.848705,1781
2018-09-07,35.200001,35.840000,35.200001,35.200001,34.848705,313
2018-09-10,35.840000,36.639999,35.520000,36.000000,35.640720,1231
2018-09-11,36.639999,40.000000,35.520000,37.599998,37.224751,3075
2018-09-12,36.799999,36.799999,36.000000,36.480000,36.115929,281
2018-09-13,36.799999,38.720001,36.799999,38.080002,37.699963,1469
2018-09-14,36.000000,38.720001,36.000000,37.599998,37.224751,2056
2018-09-17,38.720001,39.200001,38.560001,38.720001,38.333576,3188
2018-09-18,36.959999,38.880001,36.799999,38.880001,38.491978,250
2018-09-19,36.160000,38.400002,36.000000,38.400002,38.016769,531
2018-09-20,37.759998,38.720001,36.480000,38.720001,38.333576,3456
2018-09-21,38.720001,38.720001,36.799999,38.720001,38.333576,506
2018-09-24,37.599998,39.360001,37.599998,39.360001,38.967186,188
2018-09-25,38.080002,38.720001,37.279999,38.720001,38.333576,475
2018-09-26,38.400002,40.000000,38.400002,38.400002,38.016769,294
2018-09-27,39.200001,40.000000,37.119999,38.720001,38.333576,769
2018-09-28,37.919998,40.000000,37.599998,40.000000,39.600800,813
2018-10-01,40.000000,40.000000,37.919998,37.919998,37.541557,544
2018-10-02,37.759998,37.919998,37.759998,37.919998,37.541557,19
2018-10-03,39.520000,39.520000,39.200001,39.200001,38.808784,681
2018-10-04,38.880001,38.880001,38.080002,38.080002,37.699963,244
2018-10-05,38.720001,38.880001,38.720001,38.880001,38.491978,63
2018-10-08,38.880001,38.880001,38.880001,38.880001,38.491978,63
2018-10-09,37.759998,38.240002,37.759998,37.759998,37.383152,175
2018-10-10,37.759998,37.759998,33.759998,36.639999,36.274330,1406
2018-10-11,36.000000,36.000000,33.919998,34.560001,34.215092,506
2018-10-12,34.560001,36.000000,34.400002,36.000000,35.640720,406
2018-10-15,34.240002,36.000000,34.240002,36.000000,35.640720,38
2018-10-16,35.040001,35.040001,33.919998,34.880001,34.531898,88
2018-10-17,33.599998,36.000000,33.599998,36.000000,35.640720,275
2018-10-18,34.880001,36.000000,33.759998,34.880001,34.531898,806
2018-10-19,33.759998,35.840000,33.759998,35.840000,35.482315,50
2018-10-22,33.599998,34.400002,33.599998,34.240002,33.898285,263
2018-10-23,33.919998,34.400002,32.480000,33.439999,33.106266,1475
2018-10-24,32.320000,33.599998,30.559999,33.599998,33.264671,1119
2018-10-25,33.599998,33.599998,33.599998,33.599998,33.264671,0
2018-10-26,31.360001,32.799999,31.200001,32.799999,32.472656,450
2018-10-29,33.599998,33.599998,32.000000,32.000000,31.680639,431
2018-10-30,31.680000,32.639999,31.200001,32.000000,31.680639,538
2018-10-31,32.799999,32.799999,32.799999,32.799999,32.472656,13
2018-11-01,31.360001,32.000000,31.360001,32.000000,31.680639,681
2018-11-02,32.000000,32.000000,32.000000,32.000000,31.680639,306
2018-11-05,31.200001,32.799999,31.200001,31.200001,30.888624,256
2018-11-06,31.040001,32.639999,31.040001,32.639999,32.314251,788
2018-11-07,32.799999,32.799999,32.639999,32.639999,32.314251,75
2018-11-08,32.480000,32.480000,32.000000,32.000000,31.680639,613
2018-11-09,32.320000,32.480000,31.200001,31.200001,30.888624,756
2018-11-12,31.680000,31.680000,31.680000,31.680000,31.363832,125
2018-11-13,31.680000,31.680000,28.639999,30.400000,30.096607,4356
2018-11-14,29.440001,32.320000,28.959999,29.600000,29.304592,650
2018-11-15,28.799999,32.480000,28.799999,32.320000,31.997446,469
2018-11-16,30.080000,31.840000,30.080000,31.840000,31.522236,100
2018-11-19,32.639999,32.639999,31.840000,31.840000,31.522236,450
2018-11-20,29.760000,31.840000,29.760000,31.840000,31.522236,400
2018-11-21,29.600000,31.200001,29.600000,31.200001,30.888624,25
2018-11-23,31.200001,31.200001,31.200001,31.200001,30.888624,0
2018-11-26,29.600000,31.520000,29.600000,31.520000,31.205431,1113
2018-11-27,30.559999,30.719999,29.760000,29.760000,29.462996,363
2018-11-28,30.080000,32.000000,30.080000,31.840000,31.522236,531
2018-11-29,31.200001,32.000000,31.200001,32.000000,31.680639,125
2018-11-30,32.000000,32.000000,32.000000,32.000000,31.680639,19
2018-12-03,30.719999,32.000000,29.760000,32.000000,31.680639,881
2018-12-04,32.000000,32.000000,29.600000,30.240000,29.938204,1781
2018-12-06,30.240000,32.000000,30.240000,31.520000,31.205431,213
2018-12-07,31.520000,31.520000,31.520000,31.520000,31.205431,6
2018-12-10,30.879999,31.200001,30.080000,31.200001,30.888624,156
2018-12-11,30.400000,31.040001,30.400000,30.719999,30.413412,481
2018-12-12,30.400000,31.200001,30.400000,31.200001,30.888624,156
2018-12-13,31.200001,31.200001,29.600000,29.600000,29.304592,506
2018-12-14,28.959999,30.400000,28.959999,30.400000,30.096607,169
2018-12-17,30.400000,30.400000,29.440001,29.440001,29.146189,619
2018-12-18,31.200001,31.200001,31.200001,31.200001,30.888624,25
2018-12-19,28.959999,30.400000,28.799999,28.799999,28.512575,31
2018-12-20,28.799999,30.400000,28.799999,29.760000,29.462996,1019
2018-12-21,30.240000,30.879999,28.959999,29.760000,29.462996,813
2018-12-24,30.080000,30.080000,28.480000,28.480000,28.195768,844
2018-12-26,29.440001,30.719999,28.000000,29.280001,28.987785,713
2018-12-27,30.080000,32.000000,28.639999,32.000000,31.680639,1244
2018-12-28,31.040001,32.000000,29.280001,32.000000,31.680639,256
2018-12-31,31.520000,31.840000,31.520000,31.840000,31.522236,125
2019-01-02,31.520000,31.840000,31.200001,31.840000,31.522236,144
2019-01-03,31.680000,31.680000,31.680000,31.680000,31.363832,13
2019-01-04,31.040001,31.200001,30.080000,30.080000,29.779800,331
2019-01-07,31.040001,31.840000,30.240000,30.240000,29.938204,875
2019-01-08,30.240000,30.240000,30.240000,30.240000,29.938204,0
2019-01-09,31.200001,31.200001,31.200001,31.200001,30.888624,31
2019-01-10,30.400000,30.879999,29.920000,30.879999,30.571815,356
2019-01-11,31.200001,31.200001,30.879999,30.879999,30.571815,119
2019-01-14,31.040001,31.040001,31.040001,31.040001,30.730221,19
2019-01-15,31.040001,31.040001,31.040001,31.040001,30.730221,63
2019-01-16,31.040001,31.840000,31.040001,31.360001,31.047028,494
2019-01-17,31.200001,32.000000,30.080000,32.000000,31.680639,475
2019-01-18,32.320000,32.320000,30.400000,30.400000,30.096607,1500
2019-01-22,30.400000,30.400000,29.120001,29.120001,28.829382,125
2019-01-23,30.719999,30.719999,30.719999,30.719999,30.413412,31
2019-01-24,30.719999,30.719999,30.719999,30.719999,30.413412,0
2019-01-25,29.920000,30.400000,29.920000,30.240000,29.938204,638
2019-01-28,30.719999,30.719999,30.719999,30.719999,30.413412,6
2019-01-29,29.760000,30.400000,29.600000,30.240000,29.938204,731
2019-01-30,30.400000,30.400000,29.600000,29.600000,29.304592,94
2019-01-31,29.600000,30.240000,29.600000,30.240000,29.938204,63
2019-02-01,30.400000,30.879999,29.600000,29.920000,29.621397,325
2019-02-04,29.920000,30.240000,29.600000,29.760000,29.462996,231
2019-02-05,30.719999,31.200001,29.760000,31.200001,30.888624,288
2019-02-06,31.040001,31.200001,30.240000,30.400000,30.096607,613
2019-02-07,29.600000,30.719999,29.600000,30.719999,30.413412,275
2019-02-08,30.719999,30.719999,30.719999,30.719999,30.413412,0
2019-02-11,30.719999,30.719999,30.719999,30.719999,30.413412,6
2019-02-12,29.600000,31.520000,28.799999,28.799999,28.512575,956
2019-02-13,29.120001,29.600000,28.639999,29.600000,29.304592,456
2019-02-14,29.600000,29.600000,29.600000,29.600000,29.304592,6
2019-02-15,28.959999,29.600000,28.959999,29.600000,29.304592,94
2019-02-19,29.120001,31.520000,28.959999,31.520000,31.205431,725
2019-02-20,31.520000,31.520000,31.520000,31.520000,31.205431,0
2019-02-21,31.200001,31.200001,31.040001,31.040001,30.730221,381
2019-02-22,30.879999,30.879999,30.879999,30.879999,30.571815,188
2019-02-25,30.559999,30.879999,28.799999,30.719999,30.413412,156
2019-02-26,29.600000,29.600000,28.799999,29.440001,29.146189,1356
2019-02-27,29.440001,32.000000,29.440001,32.000000,31.680639,181
2019-02-28,30.240000,30.240000,28.480000,29.440001,29.146189,694
2019-03-01,29.440001,29.600000,28.320000,29.120001,28.829382,2088
2019-03-04,29.280001,31.520000,29.280001,31.520000,31.205431,494
2019-03-05,31.200001,31.680000,29.120001,30.719999,30.413412,1756
2019-03-06,31.200001,31.520000,31.200001,31.200001,30.888624,450
2019-03-07,30.400000,31.040001,30.400000,31.040001,30.730221,256
2019-03-08,29.440001,30.719999,28.799999,30.719999,30.413412,113
2019-03-11,31.040001,31.040001,31.040001,31.040001,30.730221,81
2019-03-12,31.040001,31.200001,31.040001,31.200001,30.888624,113
2019-03-13,30.400000,31.200001,29.280001,31.200001,30.888624,225
2019-03-14,30.400000,30.400000,29.760000,29.760000,29.462996,438
2019-03-15,29.760000,29.760000,29.760000,29.760000,29.462996,0
2019-03-18,30.400000,30.400000,28.480000,28.799999,28.512575,3163
2019-03-19,28.799999,28.799999,28.639999,28.799999,28.512575,1175
2019-03-20,28.799999,29.600000,28.799999,28.799999,28.512575,2013
2019-03-21,29.280001,29.600000,28.160000,28.799999,28.512575,3500
2019-03-22,28.799999,30.400000,28.799999,30.400000,30.096607,944
2019-03-25,30.400000,31.680000,30.400000,31.680000,31.363832,2119
2019-03-26,31.680000,31.840000,30.400000,30.559999,30.255011,938
2019-03-27,31.680000,32.000000,30.400000,31.360001,31.047028,1438
2019-03-28,32.000000,32.799999,31.360001,31.360001,31.047028,813
2019-03-29,31.360001,32.160000,31.200001,31.680000,31.363832,244
2019-04-01,31.200001,32.000000,28.959999,31.680000,31.363832,1544
2019-04-02,31.200001,32.000000,31.200001,32.000000,31.680639,775
2019-04-03,30.240000,32.480000,30.240000,32.000000,31.680639,1125
2019-04-04,31.200001,32.000000,31.200001,31.200001,30.888624,81
2019-04-05,30.719999,34.400002,30.719999,32.320000,31.997446,2306
2019-04-08,32.799999,33.759998,32.639999,33.599998,33.264671,600
2019-04-09,32.799999,33.279999,32.320000,32.320000,31.997446,750
2019-04-10,32.320000,32.320000,31.680000,32.320000,31.997446,613
2019-04-11,32.320000,32.320000,29.600000,30.240000,29.938204,1481
2019-04-12,30.080000,33.599998,29.920000,32.639999,32.314251,1350
2019-04-15,32.480000,32.480000,32.000000,32.000000,31.680639,506
2019-04-16,32.639999,32.639999,29.920000,32.000000,31.680639,181
2019-04-17,32.639999,32.639999,32.000000,32.000000,31.680639,125
2019-04-18,32.480000,32.799999,32.000000,32.799999,32.472656,281
2019-04-22,32.799999,32.799999,32.160000,32.160000,31.839043,200
2019-04-23,30.879999,31.200001,30.879999,31.200001,30.888624,19
2019-04-24,30.879999,32.639999,30.559999,32.639999,32.314251,738
2019-04-25,32.639999,32.639999,31.520000,31.520000,31.205431,119
2019-04-26,31.200001,31.200001,29.920000,30.879999,30.571815,106
2019-04-29,30.559999,31.200001,30.400000,30.879999,30.571815,994
2019-04-30,32.320000,32.320000,32.000000,32.160000,31.839043,1100
2019-05-01,32.000000,32.000000,31.840000,31.840000,31.522236,844
2019-05-02,31.840000,31.840000,31.200001,31.200001,30.888624,569
2019-05-03,31.200001,31.520000,30.879999,30.879999,30.571815,550
2019-05-06,30.879999,30.879999,29.920000,30.080000,29.779800,881
2019-05-07,30.080000,30.080000,30.080000,30.080000,29.779800,0
2019-05-08,30.400000,32.000000,30.400000,31.200001,30.888624,519
2019-05-09,30.400000,30.400000,30.400000,30.400000,30.096607,156
2019-05-10,30.400000,32.000000,30.400000,32.000000,31.680639,600
2019-05-13,32.000000,32.000000,32.000000,32.000000,31.680639,6
2019-05-14,32.000000,32.000000,27.840000,28.000000,27.720560,4156
2019-05-15,28.000000,30.400000,28.000000,28.799999,28.512575,894
2019-05-16,27.680000,29.280001,27.680000,29.280001,28.987785,125
2019-05-17,29.120001,29.280001,29.120001,29.280001,28.987785,38
2019-05-20,28.000000,29.280001,28.000000,29.280001,28.987785,206
2019-05-21,28.799999,28.799999,27.200001,28.799999,28.512575,1119
2019-05-22,29.600000,29.600000,26.719999,27.520000,27.245350,2213
2019-05-23,27.200001,28.639999,27.040001,28.639999,28.354172,219
2019-05-24,28.799999,28.799999,26.879999,27.200001,26.928545,788
2019-05-28,26.559999,28.000000,26.559999,28.000000,27.720560,1944
2019-05-29,27.360001,28.000000,27.360001,28.000000,27.720560,1431
2019-05-30,27.360001,28.000000,27.360001,28.000000,27.720560,844
2019-05-31,27.520000,28.000000,27.520000,27.520000,27.245350,344
2019-06-03,27.840000,28.000000,27.360001,27.360001,27.086946,263
2019-06-04,29.600000,29.600000,27.360001,28.000000,27.720560,363
2019-06-05,27.840000,28.000000,27.840000,28.000000,27.720560,1094
2019-06-06,27.360001,27.360001,27.200001,27.200001,26.928545,319
2019-06-07,27.200001,27.200001,27.200001,27.200001,26.928545,38
2019-06-10,27.200001,28.000000,27.200001,27.200001,26.928545,1363
2019-06-11,27.360001,27.360001,27.360001,27.360001,27.086946,44
2019-06-12,27.360001,27.360001,27.360001,27.360001,27.086946,119
2019-06-13,27.360001,27.360001,27.200001,27.200001,26.928545,131
2019-06-14,27.200001,27.360001,25.920000,25.920000,25.661318,400
2019-06-17,27.040001,27.360001,27.040001,27.200001,26.928545,338
2019-06-18,27.040001,27.200001,26.719999,26.719999,26.453333,263
2019-06-19,26.719999,26.719999,26.719999,26.719999,26.453333,0
2019-06-20,26.879999,27.040001,26.879999,26.879999,26.611736,619
2019-06-21,27.040001,28.160000,27.040001,28.000000,27.720560,1025
2019-06-24,27.200001,28.000000,27.200001,28.000000,27.720560,131
2019-06-25,27.680000,27.680000,27.200001,27.200001,26.928545,63
2019-06-26,28.160000,28.160000,28.000000,28.000000,27.720560,56
2019-06-27,27.200001,28.480000,27.200001,28.320000,28.037365,156
2019-06-28,28.320000,28.320000,28.320000,28.320000,28.037365,6
2019-07-01,27.200001,27.200001,27.200001,27.200001,26.928545,31
2019-07-02,27.200001,27.200001,27.200001,27.200001,26.928545,6
2019-07-03,27.200001,27.200001,27.200001,27.200001,26.928545,0
2019-07-05,27.520000,28.799999,27.360001,28.000000,27.720560,456
2019-07-08,27.200001,27.840000,27.200001,27.840000,27.562157,19
2019-07-09,27.200001,27.840000,27.200001,27.840000,27.562157,44
2019-07-10,28.000000,28.000000,27.840000,27.840000,27.562157,194
2019-07-11,27.360001,27.680000,27.200001,27.200001,26.928545,731
2019-07-12,27.200001,27.200001,27.200001,27.200001,26.928545,63
2019-07-15,27.360001,27.840000,27.200001,27.840000,27.562157,588
2019-07-16,28.000000,29.600000,27.360001,29.600000,29.304592,900
2019-07-17,28.000000,30.400000,28.000000,28.000000,27.720560,794
2019-07-18,28.320000,28.320000,27.680000,28.000000,27.720560,131
2019-07-19,28.480000,30.240000,28.000000,30.240000,29.938204,369
2019-07-22,28.000000,28.799999,28.000000,28.000000,27.720560,1669
2019-07-23,28.000000,28.480000,28.000000,28.000000,27.720560,506
2019-07-24,28.000000,28.320000,26.719999,27.840000,27.562157,344
2019-07-25,28.000000,28.639999,28.000000,28.000000,27.720560,188
2019-07-26,28.000000,28.000000,28.000000,28.000000,27.720560,369
2019-07-29,27.840000,28.799999,26.719999,28.000000,27.720560,263
2019-07-30,28.480000,28.799999,28.000000,28.000000,27.720560,138
2019-07-31,27.200001,29.600000,25.920000,26.080000,25.819721,2250
2019-08-01,27.200001,28.959999,27.200001,28.000000,27.720560,550
2019-08-02,28.000000,29.280001,28.000000,28.000000,27.720560,163
2019-08-05,27.200001,28.000000,27.200001,28.000000,27.720560,625
2019-08-06,27.200001,28.000000,27.200001,28.000000,27.720560,6
2019-08-07,28.000000,28.000000,28.000000,28.000000,27.720560,500
2019-08-08,28.000000,28.000000,28.000000,28.000000,27.720560,0
2019-08-09,25.920000,29.600000,25.920000,29.600000,29.304592,1219
2019-08-12,29.920000,29.920000,29.760000,29.760000,29.462996,63
2019-08-13,29.760000,29.760000,28.799999,29.760000,29.462996,1713
2019-08-14,29.120001,29.760000,28.799999,28.799999,28.512575,781
2019-08-15,28.639999,28.799999,28.639999,28.799999,28.512575,1250
2019-08-16,28.639999,28.799999,28.639999,28.639999,28.354172,344
2019-08-19,28.320000,28.799999,28.320000,28.799999,28.512575,331
2019-08-20,28.799999,28.799999,28.799999,28.799999,28.512575,0
2019-08-21,28.320000,29.600000,28.320000,29.600000,29.304592,213
2019-08-22,28.320000,28.320000,28.320000,28.320000,28.037365,38
2019-08-23,28.000000,28.959999,28.000000,28.000000,27.720560,1113
2019-08-26,28.000000,28.000000,28.000000,28.000000,27.720560,0
2019-08-27,28.799999,28.799999,28.000000,28.000000,27.720560,356
2019-08-28,28.000000,28.000000,28.000000,28.000000,27.720560,13
2019-08-29,28.320000,28.320000,28.000000,28.000000,27.720560,194
2019-08-30,28.000000,28.480000,28.000000,28.480000,28.195768,69
2019-09-03,28.000000,28.480000,28.000000,28.000000,27.720560,688
2019-09-04,28.000000,28.799999,25.280001,28.799999,28.512575,938
2019-09-05,28.799999,28.799999,28.799999,28.799999,28.512575,63
2019-09-06,26.400000,27.200001,26.400000,27.200001,26.928545,156
2019-09-09,26.879999,26.879999,26.400000,26.400000,26.136526,100
2019-09-10,26.400000,27.200001,26.240000,27.200001,26.928545,113
2019-09-11,27.200001,27.200001,27.200001,27.200001,26.928545,313
2019-09-12,28.320000,29.440001,27.200001,27.200001,26.928545,275
2019-09-13,27.200001,27.200001,27.200001,27.200001,26.928545,0
2019-09-16,27.200001,27.200001,27.200001,27.200001,26.928545,6
2019-09-17,28.160000,28.959999,27.200001,27.360001,27.086946,1081
2019-09-18,27.680000,27.680000,27.360001,27.360001,27.086946,44
2019-09-19,27.200001,27.520000,26.879999,27.360001,27.086946,1225
2019-09-20,27.520000,27.680000,27.360001,27.520000,27.245350,456
2019-09-23,27.200001,27.360001,27.200001,27.360001,27.086946,269
2019-09-24,26.400000,26.400000,26.400000,26.400000,26.136526,19
2019-09-25,27.200001,27.200001,27.200001,27.200001,26.928545,125
2019-09-26,27.200001,27.200001,26.879999,26.879999,26.611736,1031
2019-09-27,26.879999,26.879999,26.400000,26.400000,26.136526,31
2019-09-30,27.200001,27.360001,27.200001,27.360001,27.086946,188
2019-10-01,27.200001,27.200001,27.200001,27.200001,26.928545,469
2019-10-02,26.400000,27.200001,26.400000,27.200001,26.928545,888
2019-10-03,27.200001,27.200001,27.200001,27.200001,26.928545,0
2019-10-04,26.719999,26.719999,26.719999,26.719999,26.453333,19
2019-10-07,26.719999,27.200001,26.400000,27.200001,26.928545,650
2019-10-08,26.400000,26.400000,25.280001,26.400000,26.136526,488
2019-10-09,26.080000,26.080000,25.440001,26.080000,25.819721,750
2019-10-10,26.080000,27.200001,26.080000,26.719999,26.453333,2038
2019-10-11,26.719999,26.719999,26.080000,26.400000,26.136526,313
2019-10-14,26.400000,26.400000,26.400000,26.400000,26.136526,0
2019-10-15,26.240000,26.240000,26.240000,26.240000,25.978125,6
2019-10-16,26.240000,26.240000,26.240000,26.240000,25.978125,0
2019-10-17,26.559999,26.559999,26.400000,26.400000,26.136526,56
2019-10-18,26.879999,26.879999,26.879999,26.879999,26.611736,19
2019-10-21,26.879999,26.879999,26.879999,26.879999,26.611736,0
2019-10-22,26.719999,26.719999,26.719999,26.719999,26.453333,1581
2019-10-23,26.400000,26.719999,26.400000,26.719999,26.453333,713
2019-10-24,26.719999,26.719999,25.440001,25.600000,25.344511,1700
2019-10-25,25.440001,25.440001,25.120001,25.440001,25.186110,450
2019-10-28,25.760000,26.400000,24.799999,26.400000,26.136526,856
2019-10-29,26.080000,26.719999,24.799999,25.920000,25.661318,463
2019-10-30,25.920000,25.920000,25.920000,25.920000,25.661318,0
2019-10-31,25.920000,25.920000,25.920000,25.920000,25.661318,0
2019-11-01,25.760000,25.920000,25.760000,25.920000,25.661318,325
2019-11-04,26.240000,26.400000,24.480000,25.440001,25.186110,706
2019-11-05,24.480000,24.799999,24.000000,24.000000,23.760479,1644
2019-11-06,24.320000,24.320000,24.320000,24.320000,24.077286,6
2019-11-07,24.000000,24.000000,22.400000,22.400000,22.176447,1788
2019-11-08,23.680000,24.320000,22.400000,22.400000,22.176447,2481
2019-11-11,22.719999,25.120001,22.400000,22.559999,22.334850,2375
2019-11-12,22.559999,25.280001,22.559999,24.000000,23.760479,1856
2019-11-13,24.320000,25.120001,22.719999,23.040001,22.810061,1875
2019-11-14,23.840000,27.200001,23.840000,24.959999,24.710897,7469
2019-11-15,24.959999,26.559999,23.520000,23.520000,23.285271,5325
2019-11-18,24.799999,25.600000,23.520000,24.480000,24.235689,988
2019-11-19,24.799999,26.240000,24.320000,24.320000,24.077286,1569
2019-11-20,24.160000,24.320000,23.200001,24.000000,23.760479,756
2019-11-21,23.680000,25.120001,23.680000,24.320000,24.077286,1000
2019-11-22,25.440001,25.600000,25.280001,25.600000,25.344511,638
2019-11-25,26.080000,26.080000,25.280001,25.280001,25.027706,819
2019-11-26,25.440001,25.600000,24.320000,24.799999,24.552494,175
2019-11-27,25.600000,25.920000,25.280001,25.600000,25.344511,900
2019-11-29,25.600000,25.600000,25.600000,25.600000,25.344511,0
2019-12-02,25.920000,25.920000,25.600000,25.920000,25.661318,1881
2019-12-03,25.760000,26.080000,25.120001,25.280001,25.027706,156
2019-12-04,25.600000,26.080000,25.600000,25.920000,25.661318,1594
2019-12-05,24.799999,25.920000,24.000000,25.920000,25.661318,1800
2019-12-06,25.600000,27.200001,25.280001,27.200001,26.928545,1138
2019-12-09,27.040001,27.200001,25.600000,27.200001,26.928545,963
2019-12-10,27.200001,27.200001,27.200001,27.200001,26.928545,0
2019-12-11,27.040001,28.799999,27.040001,28.799999,28.512575,4006
2019-12-12,28.639999,29.440001,28.639999,29.440001,29.146189,3319
2019-12-13,29.440001,30.400000,28.959999,29.600000,29.304592,4694
2019-12-16,28.480000,29.920000,28.480000,29.920000,29.621397,1019
2019-12-17,29.920000,29.920000,28.799999,28.799999,28.512575,775
2019-12-18,29.440001,29.920000,28.799999,29.440001,29.146189,1031
2019-12-19,29.280001,29.280001,27.200001,28.480000,28.195768,2006
2019-12-20,27.520000,27.520000,25.920000,25.920000,25.661318,581
2019-12-23,26.400000,28.000000,26.080000,26.400000,26.136526,356
2019-12-24,26.559999,26.559999,26.559999,26.559999,26.294930,206
2019-12-26,26.559999,26.559999,26.559999,26.559999,26.294930,0
2019-12-27,27.680000,27.680000,26.559999,26.559999,26.294930,706
2019-12-30,27.680000,27.680000,26.719999,27.200001,26.928545,6775
2019-12-31,27.200001,27.840000,26.559999,27.520000,27.245350,1613
2020-01-02,27.520000,30.400000,27.200001,30.400000,30.096607,1650
2020-01-03,30.400000,31.360001,27.840000,31.040001,30.730221,4475
2020-01-06,31.040001,31.360001,28.000000,30.080000,29.779800,2256
2020-01-07,28.639999,29.600000,28.639999,29.600000,29.304592,206
2020-01-08,28.959999,32.799999,28.959999,32.799999,32.472656,8106
2020-01-09,32.799999,34.400002,30.080000,30.080000,29.779800,894
2020-01-10,30.879999,32.000000,30.879999,31.520000,31.205431,38
2020-01-13,31.520000,31.680000,31.200001,31.200001,30.888624,1181
2020-01-14,31.360001,31.360001,30.400000,30.559999,30.255011,194
2020-01-15,30.240000,30.559999,30.240000,30.559999,30.255011,119
2020-01-16,30.559999,30.559999,30.559999,30.559999,30.255011,100
2020-01-17,32.000000,32.000000,29.280001,29.280001,28.987785,338
2020-01-21,28.959999,29.120001,28.799999,28.799999,28.512575,775
2020-01-22,28.799999,28.799999,28.799999,28.799999,28.512575,0
2020-01-23,30.080000,32.000000,30.080000,32.000000,31.680639,2363
2020-01-24,30.400000,35.360001,30.400000,35.200001,34.848705,1613
2020-01-27,35.040001,36.799999,32.799999,35.040001,34.690300,1750
2020-01-28,35.040001,36.000000,35.040001,35.200001,34.848705,300
2020-01-29,36.000000,36.000000,32.959999,32.959999,32.631058,450
2020-01-30,33.599998,36.000000,33.599998,35.680000,35.323914,813
2020-01-31,35.680000,40.000000,35.680000,39.040001,38.650379,1031
2020-02-03,38.080002,39.200001,37.599998,39.200001,38.808784,913
2020-02-04,39.200001,39.200001,36.799999,36.799999,36.432735,725
2020-02-05,36.959999,36.959999,36.799999,36.959999,36.591137,100
2020-02-06,37.279999,37.279999,36.799999,36.799999,36.432735,250
2020-02-07,38.080002,38.080002,36.799999,37.439999,37.066345,388
2020-02-10,38.400002,38.400002,35.040001,35.040001,34.690300,881
2020-02-11,40.000000,40.000000,36.799999,37.439999,37.066345,375
2020-02-12,36.480000,37.279999,35.840000,37.279999,36.907944,94
2020-02-13,36.799999,36.799999,35.520000,35.520000,35.165508,131
2020-02-14,35.680000,35.680000,35.200001,35.360001,35.007107,150
2020-02-18,35.360001,35.520000,34.720001,34.720001,34.373493,306
2020-02-19,35.040001,35.840000,35.040001,35.520000,35.165508,700
2020-02-20,35.840000,35.840000,35.520000,35.520000,35.165508,294
2020-02-21,35.680000,35.680000,32.160000,32.799999,32.472656,1181
2020-02-24,33.119999,33.119999,28.799999,32.639999,32.314251,875
2020-02-25,31.680000,35.200001,31.520000,32.000000,31.680639,269
2020-02-26,30.400000,32.000000,30.400000,30.400000,30.096607,3100
2020-02-27,30.080000,32.000000,28.799999,32.000000,31.680639,569
2020-02-28,31.200001,31.200001,28.799999,28.799999,28.512575,775
2020-03-02,28.799999,32.320000,28.799999,32.000000,31.680639,869
2020-03-03,31.520000,31.520000,31.520000,31.520000,31.205431,6
2020-03-04,30.240000,32.320000,29.920000,30.879999,30.571815,444
2020-03-05,29.920000,35.200001,29.920000,34.720001,34.373493,1481
2020-03-06,35.040001,36.959999,34.880001,36.799999,36.432735,2875
2020-03-09,36.799999,36.799999,30.559999,33.439999,33.106266,1825
2020-03-10,32.799999,32.799999,31.520000,31.520000,31.205431,281
2020-03-11,32.000000,32.000000,29.920000,30.559999,30.255011,1056
2020-03-12,30.400000,30.400000,28.000000,28.160000,27.878962,1356
2020-03-13,29.440001,31.040001,27.200001,31.040001,30.730221,2138
2020-03-16,29.120001,29.600000,27.520000,29.600000,29.304592,394
2020-03-17,29.600000,29.920000,29.280001,29.920000,29.621397,519
2020-03-18,28.160000,28.160000,26.719999,26.719999,26.453333,719
2020-03-19,29.760000,30.080000,27.200001,29.920000,29.621397,750
2020-03-20,27.040001,27.040001,27.040001,27.040001,26.770142,19
2020-03-23,28.000000,30.080000,28.000000,28.799999,28.512575,706
2020-03-24,28.799999,29.760000,28.799999,28.799999,28.512575,781
2020-03-25,30.080000,30.080000,28.799999,29.760000,29.462996,531
2020-03-26,28.799999,29.120001,28.799999,29.120001,28.829382,750
2020-03-27,29.760000,29.760000,28.799999,29.440001,29.146189,2531
2020-03-30,29.600000,29.600000,28.959999,29.120001,28.829382,275
2020-03-31,29.600000,29.760000,29.600000,29.600000,29.304592,288
2020-04-01,29.600000,30.240000,28.959999,30.240000,29.938204,813
2020-04-02,30.240000,30.240000,29.920000,30.240000,29.938204,175
2020-04-03,29.760000,31.040001,28.799999,29.600000,29.304592,138
2020-04-06,31.040001,31.520000,31.040001,31.200001,30.888624,1494
2020-04-07,31.040001,31.200001,28.959999,29.920000,29.621397,638
2020-04-08,30.719999,30.719999,30.719999,30.719999,30.413412,25
2020-04-09,30.879999,31.040001,30.719999,31.040001,30.730221,38
2020-04-13,29.920000,29.920000,29.120001,29.120001,28.829382,694
2020-04-14,29.440001,29.600000,29.120001,29.600000,29.304592,844
2020-04-15,31.200001,31.200001,29.600000,29.760000,29.462996,325
2020-04-16,30.080000,30.080000,28.799999,29.600000,29.304592,500
2020-04-17,29.600000,29.600000,28.959999,28.959999,28.670979,19
2020-04-20,29.440001,30.400000,29.440001,30.080000,29.779800,963
2020-04-21,29.760000,29.760000,29.760000,29.760000,29.462996,25
2020-04-22,29.920000,29.920000,28.799999,28.799999,28.512575,394
2020-04-23,29.120001,29.280001,28.320000,28.320000,28.037365,2094
2020-04-24,28.799999,29.920000,28.000000,28.000000,27.720560,3694
2020-04-27,28.000000,28.000000,28.000000,28.000000,27.720560,50
2020-04-28,28.160000,29.600000,28.160000,28.320000,28.037365,500
2020-04-29,28.480000,29.920000,28.480000,29.920000,29.621397,44
2020-04-30,29.920000,31.200001,29.760000,30.400000,30.096607,1844
2020-05-01,29.600000,29.600000,28.639999,28.639999,28.354172,369
2020-05-04,28.799999,29.120001,28.320000,28.799999,28.512575,681
2020-05-05,28.799999,28.799999,28.320000,28.799999,28.512575,144
2020-05-06,29.280001,29.280001,28.000000,28.320000,28.037365,525
2020-05-07,28.320000,28.320000,27.200001,28.000000,27.720560,606
2020-05-08,31.200001,31.200001,27.520000,28.000000,27.720560,663
2020-05-11,28.480000,29.600000,28.000000,29.280001,28.987785,2869
2020-05-12,29.120001,29.120001,28.639999,28.639999,28.354172,88
2020-05-13,28.639999,28.639999,27.840000,28.000000,27.720560,544
2020-05-14,28.000000,28.639999,24.480000,24.799999,24.552494,3569
2020-05-15,27.200001,27.680000,25.920000,26.080000,25.819721,181
2020-05-18,26.240000,26.400000,24.799999,26.400000,26.136526,1231
2020-05-19,26.400000,26.400000,26.400000,26.400000,26.136526,0
2020-05-20,26.240000,26.240000,26.240000,26.240000,25.978125,13
2020-05-21,25.280001,26.879999,24.799999,26.879999,26.611736,169
2020-05-22,27.200001,27.200001,26.879999,26.879999,26.611736,700
2020-05-26,25.760000,28.000000,24.959999,25.760000,25.502914,1600
2020-05-27,25.440001,25.920000,25.440001,25.920000,25.661318,319
2020-05-28,25.600000,26.240000,25.600000,26.240000,25.978125,200
2020-05-29,25.600000,25.600000,25.600000,25.600000,25.344511,6
2020-06-01,25.920000,26.240000,25.440001,26.240000,25.978125,300
2020-06-02,26.240000,27.200001,26.240000,27.200001,26.928545,238
2020-06-03,26.400000,28.000000,25.600000,26.559999,26.294930,381
2020-06-04,26.559999,28.000000,25.600000,27.200001,26.928545,500
2020-06-05,26.879999,26.879999,26.240000,26.400000,26.136526,794
2020-06-08,25.760000,27.200001,25.760000,27.200001,26.928545,563
2020-06-09,27.200001,27.200001,26.879999,26.879999,26.611736,456
2020-06-10,26.240000,28.000000,26.240000,28.000000,27.720560,525
2020-06-11,28.320000,28.639999,26.080000,28.000000,27.720560,1606
2020-06-12,28.000000,29.120001,28.000000,28.000000,27.720560,369
2020-06-15,26.080000,28.639999,25.920000,28.000000,27.720560,706
2020-06-16,26.559999,28.160000,26.559999,27.200001,26.928545,2100
2020-06-17,28.480000,28.480000,27.200001,27.520000,27.245350,469
2020-06-18,28.480000,29.920000,28.000000,29.120001,28.829382,1544
2020-06-19,28.480000,28.799999,28.320000,28.480000,28.195768,500
2020-06-22,28.639999,28.799999,26.400000,26.400000,26.136526,1113
2020-06-23,26.400000,28.799999,26.400000,28.639999,28.354172,569
2020-06-24,26.559999,26.559999,26.559999,26.559999,26.294930,13
2020-06-25,26.559999,26.559999,26.559999,26.559999,26.294930,0
2020-06-26,28.000000,29.920000,26.879999,27.200001,26.928545,538
2020-06-29,27.200001,27.200001,27.200001,27.200001,26.928545,0
2020-06-30,29.440001,29.440001,27.200001,27.840000,27.562157,400
2020-07-01,28.959999,28.959999,28.799999,28.799999,28.512575,175
2020-07-02,28.799999,28.799999,28.799999,28.799999,28.512575,0
2020-07-06,28.000000,28.000000,26.879999,27.040001,26.770142,319
2020-07-07,27.200001,27.200001,26.719999,26.719999,26.453333,131
2020-07-08,27.040001,27.840000,25.920000,27.680000,27.403753,1000
2020-07-09,26.240000,26.879999,24.480000,24.480000,24.235689,1288
2020-07-10,24.480000,26.240000,24.480000,26.080000,25.819721,281
2020-07-13,25.120001,28.000000,24.480000,25.440001,25.186110,1763
2020-07-14,25.440001,25.440001,25.440001,25.440001,25.186110,0
2020-07-15,24.639999,25.600000,24.639999,25.280001,25.027706,144
2020-07-16,27.200001,27.200001,24.639999,24.799999,24.552494,888
2020-07-17,24.799999,25.120001,24.799999,24.799999,24.552494,269
2020-07-20,24.959999,25.440001,24.480000,24.959999,24.710897,656
2020-07-21,24.480000,24.799999,20.799999,21.760000,21.542835,6831
2020-07-22,25.120001,25.120001,22.719999,23.680000,23.443674,2481
2020-07-23,23.840000,23.840000,21.760000,21.920000,21.701239,2419
2020-07-24,23.680000,23.840000,23.200001,23.200001,22.968464,1294
2020-07-27,23.040001,23.840000,22.080000,23.840000,23.602076,806
2020-07-28,23.360001,24.959999,22.879999,24.959999,24.710897,850
2020-07-29,24.480000,24.480000,24.320000,24.320000,24.077286,188
2020-07-30,24.639999,24.639999,24.480000,24.639999,24.394093,319
2020-07-31,24.959999,24.959999,24.799999,24.959999,24.710897,394
2020-08-03,24.959999,24.959999,24.639999,24.639999,24.394093,406
2020-08-04,24.480000,25.120001,23.040001,23.200001,22.968464,1875
2020-08-05,24.160000,25.120001,22.879999,24.480000,24.235689,1363
2020-08-06,23.040001,24.639999,22.080000,22.400000,22.176447,4281
2020-08-07,23.840000,24.480000,23.680000,24.320000,24.077286,463
2020-08-10,24.320000,24.639999,23.200001,24.480000,24.235689,531
2020-08-11,23.200001,25.120001,23.200001,23.360001,23.126867,375
2020-08-12,24.160000,25.600000,24.000000,25.600000,25.344511,694
2020-08-13,25.600000,26.559999,25.600000,26.080000,25.819721,738
2020-08-14,24.160000,25.600000,24.160000,25.280001,25.027706,231
2020-08-17,26.400000,26.400000,26.400000,26.400000,26.136526,50
2020-08-18,26.719999,26.719999,25.120001,26.719999,26.453333,119
2020-08-19,26.400000,27.200001,26.080000,26.080000,25.819721,644
2020-08-20,25.760000,28.799999,25.760000,27.520000,27.245350,800
2020-08-21,27.840000,30.400000,27.840000,29.600000,29.304592,563
2020-08-24,29.440001,30.400000,27.520000,29.920000,29.621397,1675
2020-08-25,29.920000,31.040001,29.600000,29.600000,29.304592,550
2020-08-26,30.240000,30.240000,26.400000,26.879999,26.611736,325
2020-08-27,27.200001,29.280001,27.200001,27.360001,27.086946,450
2020-08-28,27.360001,29.600000,27.360001,29.120001,28.829382,281
2020-08-31,28.959999,29.120001,27.200001,27.200001,26.928545,413
2020-09-01,28.000000,29.440001,27.200001,29.440001,29.146189,175
2020-09-02,28.799999,28.799999,27.200001,27.200001,26.928545,825
2020-09-03,27.200001,28.000000,27.200001,28.000000,27.720560,138
2020-09-04,27.200001,28.480000,27.200001,28.480000,28.195768,150
2020-09-08,28.480000,29.600000,28.480000,29.280001,28.987785,281
2020-09-09,29.280001,29.600000,29.280001,29.280001,28.987785,738
2020-09-10,28.799999,30.559999,27.360001,29.600000,29.304592,1344
2020-09-11,28.799999,29.760000,28.799999,29.760000,29.462996,225
2020-09-14,30.719999,30.719999,27.680000,28.000000,27.720560,1219
2020-09-15,27.200001,30.240000,27.200001,30.240000,29.938204,150
2020-09-16,30.400000,32.000000,30.400000,31.840000,31.522236,2581
2020-09-17,31.840000,32.000000,31.200001,31.200001,30.888624,869
2020-09-18,31.200001,31.360001,30.400000,31.360001,31.047028,538
2020-09-21,31.200001,31.360001,31.040001,31.040001,30.730221,131
2020-09-22,31.520000,31.680000,30.240000,30.240000,29.938204,688
2020-09-23,30.240000,30.240000,29.120001,29.120001,28.829382,225
2020-09-24,29.120001,29.600000,29.120001,29.120001,28.829382,144
2020-09-25,29.120001,29.120001,29.120001,29.120001,28.829382,19
2020-09-28,29.120001,29.120001,29.120001,29.120001,28.829382,56
2020-09-29,28.959999,29.120001,28.799999,28.959999,28.670979,394
2020-09-30,29.280001,29.280001,28.799999,28.799999,28.512575,69
2020-10-01,29.280001,29.280001,26.400000,26.400000,26.136526,3913
2020-10-02,29.120001,29.120001,27.520000,28.959999,28.670979,444
2020-10-05,28.959999,30.400000,28.799999,30.400000,30.096607,813
2020-10-06,30.559999,32.000000,30.400000,30.879999,30.571815,506
2020-10-07,32.000000,33.599998,31.840000,32.000000,31.680639,2338
2020-10-08,31.360001,36.000000,31.360001,33.599998,33.264671,5081
2020-10-09,32.320000,35.200001,31.680000,33.599998,33.264671,2294
2020-10-12,32.799999,32.799999,31.200001,31.840000,31.522236,10044
2020-10-13,31.680000,32.000000,31.200001,32.000000,31.680639,1213
2020-10-14,31.360001,32.000000,31.200001,31.200001,30.888624,156
2020-10-15,32.000000,32.000000,31.520000,32.000000,31.680639,719
2020-10-16,32.000000,32.160000,31.040001,31.680000,31.363832,6619
2020-10-19,31.680000,32.160000,31.680000,32.000000,31.680639,381
2020-10-20,31.680000,31.680000,31.200001,31.200001,30.888624,19
2020-10-21,31.680000,32.160000,31.360001,31.520000,31.205431,325
2020-10-22,31.520000,31.520000,30.400000,30.400000,30.096607,4419
2020-10-23,29.600000,30.719999,29.600000,30.559999,30.255011,2919
2020-10-26,29.600000,30.719999,29.600000,29.760000,29.462996,3344
2020-10-27,29.760000,29.920000,28.799999,29.120001,28.829382,6213
2020-10-28,29.120001,29.120001,28.799999,28.799999,28.512575,500
2020-10-29,29.440001,29.760000,29.440001,29.760000,29.462996,644
2020-10-30,29.760000,29.920000,28.799999,28.799999,28.512575,363
2020-11-02,31.680000,31.680000,29.440001,30.240000,29.938204,1369
2020-11-03,30.240000,34.720001,30.080000,33.279999,32.947865,706
2020-11-04,30.879999,31.520000,29.920000,30.879999,30.571815,313
2020-11-05,31.840000,31.840000,30.400000,30.400000,30.096607,794
2020-11-06,29.920000,32.000000,29.920000,30.400000,30.096607,1125
2020-11-09,30.240000,32.320000,30.240000,31.200001,30.888624,1638
2020-11-10,31.200001,32.000000,31.200001,31.200001,30.888624,550
2020-11-11,31.200001,31.200001,30.879999,31.200001,30.888624,119
2020-11-12,31.200001,31.520000,30.400000,31.040001,30.730221,2413
2020-11-13,30.400000,32.320000,30.400000,32.320000,31.997446,506
2020-11-16,33.439999,33.439999,31.840000,32.959999,32.631058,269
2020-11-17,33.119999,33.599998,32.799999,33.279999,32.947865,1194
2020-11-18,33.439999,33.599998,32.959999,33.599998,33.264671,419
2020-11-19,33.279999,35.040001,32.000000,35.040001,34.690300,469
2020-11-20,35.200001,44.959999,35.040001,37.599998,37.224751,2463
2020-11-23,40.000000,40.000000,38.720001,39.040001,38.650379,644
2020-11-24,40.799999,43.840000,39.040001,41.599998,41.184830,3856
2020-11-25,43.200001,43.200001,40.000000,42.560001,42.135250,1900
2020-11-27,42.400002,46.240002,41.599998,43.520000,43.085670,6494
2020-11-30,44.480000,44.480000,41.599998,43.200001,42.768864,8613
2020-12-01,11.000000,11.600000,10.800000,11.480000,11.365429,20875
2020-12-02,11.560000,11.680000,11.520000,11.680000,11.563434,4025
2020-12-03,11.480000,11.680000,11.480000,11.680000,11.563434,2975
2020-12-04,11.920000,12.000000,11.480000,11.800000,11.682236,14400
2020-12-07,2.950000,2.950000,2.950000,2.950000,2.920559,0
2020-12-08,12.000000,12.000000,11.800000,11.800000,11.682236,600
2020-12-09,11.800000,12.000000,11.800000,12.000000,11.880239,700
2020-12-10,12.000000,12.500000,12.000000,12.300000,12.177246,3000
2020-12-11,12.300000,12.350000,12.250000,12.250000,12.127745,2400
2020-12-14,12.250000,16.459999,11.450000,13.750000,13.612775,6900
2020-12-15,13.750000,14.170000,12.150000,13.100000,12.969262,5600
2020-12-16,13.750000,13.750000,13.500000,13.500000,13.365270,6600
2020-12-17,13.500000,13.750000,13.500000,13.700000,13.563273,6800
2020-12-18,13.700000,13.850000,13.700000,13.700000,13.563273,2500
2020-12-21,13.700000,13.750000,13.700000,13.730000,13.592974,1100
2020-12-22,13.730000,13.730000,13.500000,13.500000,13.365270,5400
2020-12-23,13.500000,13.610000,13.500000,13.500000,13.365270,27900
2020-12-24,13.500000,13.980000,13.300000,13.500000,13.365270,18000
2020-12-28,13.500000,13.700000,13.000000,13.700000,13.563273,48000
2020-12-29,14.000000,14.200000,12.600000,13.750000,13.612775,26000
2020-12-30,14.000000,14.250000,13.680000,14.250000,14.107784,6000
2020-12-31,13.500000,14.000000,12.300000,14.000000,13.860280,4900
2021-01-04,14.000000,14.000000,13.800000,13.800000,13.662276,1000
2021-01-05,13.800000,13.800000,12.800000,13.550000,13.414771,1400
2021-01-06,13.550000,13.700000,12.550000,13.700000,13.563273,2900
2021-01-07,12.550000,13.750000,12.550000,13.500000,13.365270,2200
2021-01-08,13.300000,13.500000,13.300000,13.500000,13.365270,600
2021-01-11,12.030000,13.500000,8.030000,12.500000,12.375250,4200
2021-01-12,12.350000,14.000000,12.350000,13.050000,12.919761,7700
2021-01-13,12.000000,13.480000,12.000000,13.150000,13.018763,7300
2021-01-14,13.150000,13.500000,13.000000,13.220000,13.088064,45500
2021-01-15,12.150000,13.250000,12.150000,13.250000,13.117764,4100
2021-01-19,13.250000,14.050000,13.250000,13.750000,13.612775,13600
2021-01-20,13.500000,13.700000,13.500000,13.500000,13.365270,2900
2021-01-21,13.600000,13.800000,12.790000,13.600000,13.464272,2400
2021-01-22,12.750000,12.750000,12.750000,12.750000,12.622755,300
2021-01-25,12.750000,14.000000,12.500000,13.750000,13.612775,4600
2021-01-26,13.730000,14.000000,13.730000,13.800000,13.662276,1200
2021-01-27,13.800000,15.000000,12.500000,14.000000,13.860280,7700
2021-01-28,12.880000,14.350000,12.880000,14.350000,14.206787,1600
2021-01-29,13.500000,13.800000,13.450000,13.800000,13.662276,1400
2021-02-01,13.700000,14.350000,13.460000,13.460000,13.325669,2400
2021-02-02,13.950000,14.000000,13.450000,13.950000,13.810779,800
2021-02-03,14.000000,14.960000,13.870000,13.870000,13.731577,4900
2021-02-04,14.200000,14.500000,13.450000,14.500000,14.355289,3100
2021-02-05,14.630000,14.750000,14.000000,14.410000,14.266188,1400
2021-02-08,14.750000,14.750000,14.030000,14.500000,14.355289,5800
2021-02-09,14.180000,15.000000,13.600000,14.180000,14.038484,5300
2021-02-10,13.800000,14.750000,13.700000,14.700000,14.553293,7300
2021-02-11,14.450000,14.500000,13.730000,14.030000,13.889980,6500
2021-02-12,14.000000,14.350000,13.810000,14.080000,13.939481,3100
2021-02-16,14.090000,14.350000,14.080000,14.220000,14.078084,2300
2021-02-17,14.220000,14.230000,13.600000,14.230000,14.087984,1300
2021-02-18,14.220000,14.220000,12.800000,13.000000,12.870259,28700
2021-02-19,13.450000,14.600000,13.450000,14.250000,14.107784,8400
2021-02-22,13.900000,14.200000,13.900000,14.150000,14.008782,3400
2021-02-23,14.010000,14.400000,14.010000,14.250000,14.107784,1500
2021-02-24,14.400000,14.400000,14.250000,14.270000,14.127585,1100
2021-02-25,14.170000,14.300000,13.100000,13.900000,13.761277,4600
2021-02-26,14.130000,14.190000,13.900000,14.180000,14.038484,2200
2021-03-01,14.040000,14.180000,14.040000,14.100000,13.959282,5900
2021-03-02,14.000000,14.000000,13.960000,13.960000,13.820679,1900
2021-03-03,13.900000,14.100000,13.600000,13.800000,13.662276,5900
2021-03-04,13.800000,13.950000,13.500000,13.950000,13.810779,6200
2021-03-05,13.850000,14.200000,13.500000,14.200000,14.058284,15300
2021-03-08,14.240000,14.400000,14.240000,14.400000,14.256288,1300
2021-03-09,13.500000,15.000000,13.500000,13.700000,13.563273,10200
2021-03-10,13.700000,13.800000,13.700000,13.800000,13.662276,2300
2021-03-11,13.700000,13.810000,13.600000,13.810000,13.672176,1400
2021-03-12,13.600000,13.810000,13.500000,13.500000,13.365270,3900
2021-03-15,13.550000,13.750000,13.550000,13.750000,13.612775,2000
2021-03-16,13.650000,13.650000,13.650000,13.650000,13.513772,500
2021-03-17,13.750000,13.750000,13.450000,13.580000,13.444471,2700
2021-03-18,13.510000,14.770000,13.500000,13.500000,13.365270,9100
2021-03-19,13.500000,14.700000,13.500000,14.500000,14.355289,3200
2021-03-22,14.000000,14.700000,13.600000,14.700000,14.553293,7500
2021-03-23,14.000000,14.420000,14.000000,14.000000,13.860280,4000
2021-03-24,14.400000,14.730000,13.250000,13.750000,13.612775,5100
2021-03-25,13.880000,14.500000,13.010000,13.950000,13.810779,2900
2021-03-26,14.500000,14.500000,13.100000,13.100000,12.969262,800
2021-03-29,14.000000,14.000000,13.100000,13.250000,13.117764,6700
2021-03-30,13.030000,13.990000,13.000000,13.350000,13.216767,10900
2021-03-31,13.500000,13.500000,13.500000,13.500000,13.365270,200
2021-04-01,13.280000,14.000000,13.250000,13.900000,13.761277,2200
2021-04-05,13.800000,14.200000,13.800000,14.200000,14.058284,10100
2021-04-06,14.130000,14.700000,13.950000,14.700000,14.553293,5700
2021-04-07,14.700000,14.730000,12.700000,13.850000,13.711777,6300
2021-04-08,13.950000,13.950000,13.800000,13.900000,13.761277,2000
2021-04-09,13.950000,14.880000,13.950000,14.250000,14.107784,3600
2021-04-12,14.880000,14.880000,14.380000,14.380000,14.236487,4400
2021-04-13,14.070000,14.750000,14.070000,14.500000,14.355289,3500
2021-04-14,14.880000,15.390000,13.840000,15.120000,14.969102,19200
2021-04-15,14.830000,15.400000,14.830000,14.850000,14.701797,7100
2021-04-16,14.520000,15.800000,14.520000,15.660000,15.503713,3400
2021-04-19,15.370000,15.370000,14.000000,14.700000,14.553293,5600
2021-04-20,14.140000,15.670000,14.020000,15.600000,15.444312,4300
2021-04-21,15.510000,15.510000,14.370000,15.010000,14.860200,1600
2021-04-22,14.180000,15.750000,14.150000,15.260000,15.107705,2900
2021-04-23,14.560000,15.420000,14.560000,15.070000,14.919600,1600
2021-04-26,15.140000,15.740000,15.140000,15.160000,15.008702,3900
2021-04-27,15.070000,15.370000,15.070000,15.150000,14.998802,800
2021-04-28,15.430000,15.650000,15.030000,15.600000,15.444312,4300
2021-04-29,15.000000,15.500000,14.310000,15.500000,15.345309,8700
2021-04-30,15.000000,15.000000,13.580000,13.580000,13.444471,12000
2021-05-03,13.580000,13.580000,13.580000,13.580000,13.444471,400
2021-05-04,14.060000,14.930000,14.000000,14.930000,14.780998,9000
2021-05-05,14.940000,15.000000,14.000000,14.850000,14.701797,2000
2021-05-06,15.250000,15.250000,14.150000,14.150000,14.008782,1600
2021-05-07,14.870000,14.900000,13.860000,13.860000,13.721677,2200
2021-05-10,14.080000,14.080000,14.080000,14.080000,13.939481,500
2021-05-11,14.150000,14.250000,14.000000,14.190000,14.048383,1700
2021-05-12,14.190000,14.190000,14.190000,14.190000,14.048383,0
2021-05-13,14.140000,14.140000,13.700000,13.980000,13.840479,4000
2021-05-14,14.500000,14.500000,13.940000,13.940000,13.800879,800
2021-05-17,13.970000,13.970000,13.700000,13.700000,13.563273,900
2021-05-18,13.850000,13.910000,13.000000,13.450000,13.315768,7200
2021-05-19,13.260000,15.500000,13.000000,15.500000,15.345309,17200
2021-05-20,14.630000,14.990000,13.800000,14.450000,14.305788,11000
2021-05-21,13.480000,14.500000,13.480000,14.490000,14.345389,5600
2021-05-24,13.610000,14.610000,13.610000,13.840000,13.701877,3500
2021-05-25,13.890000,14.750000,13.890000,14.320000,14.177086,2400
2021-05-26,14.500000,14.500000,14.500000,14.500000,14.355289,2600
2021-05-27,14.670000,14.670000,14.670000,14.670000,14.523593,900
2021-05-28,15.000000,15.000000,14.030000,14.910000,14.761198,2900
2021-06-01,14.500000,14.990000,14.460000,14.840000,14.691896,2900
2021-06-02,14.870000,14.870000,14.120000,14.790000,14.642395,1800
2021-06-03,14.740000,15.000000,14.560000,14.560000,14.414691,6500
2021-06-04,14.700000,15.480000,14.440000,15.480000,15.325509,5000
2021-06-07,15.000000,15.000000,14.400000,14.900000,14.751297,4400
2021-06-08,14.270000,15.250000,14.270000,15.000000,14.850300,3300
2021-06-09,14.510000,14.830000,14.460000,14.460000,14.315689,2600
2021-06-10,14.670000,14.850000,14.670000,14.850000,14.701797,1700
2021-06-11,14.170000,15.250000,14.170000,15.250000,15.097805,6400
2021-06-14,15.250000,16.270000,14.660000,16.049999,15.889820,21600
2021-06-15,15.030000,16.080000,14.770000,16.000000,15.840320,22500
2021-06-16,15.260000,16.500000,14.630000,14.630000,14.483993,31800
2021-06-17,15.200000,15.890000,14.900000,15.200000,15.048304,29600
2021-06-18,15.500000,15.930000,14.430000,14.480000,14.335489,66200
2021-06-21,15.250000,15.820000,15.000000,15.230000,15.078004,19600
2021-06-22,15.930000,15.960000,14.500000,14.930000,14.780998,20600
2021-06-23,15.060000,15.250000,14.820000,15.120000,14.969102,4600
2021-06-24,15.180000,15.500000,15.000000,15.440000,15.285908,6800
2021-06-25,15.270000,15.550000,14.500000,15.550000,15.394811,14900
2021-06-28,15.510000,15.750000,14.220000,15.130000,14.979002,4600
2021-06-29,14.910000,14.910000,14.770000,14.770000,14.622596,600
2021-06-30,15.220000,16.000000,14.750000,15.470000,15.315609,7300
2021-07-01,15.460000,15.460000,15.230000,15.250000,15.097805,2000
2021-07-02,15.120000,15.450000,14.700000,15.450000,15.295809,2300
2021-07-06,15.500000,15.500000,15.000000,15.000000,14.850300,2400
2021-07-07,15.450000,15.920000,15.060000,15.660000,15.503713,4800
2021-07-08,15.410000,15.620000,15.360000,15.360000,15.206706,1600
2021-07-09,15.420000,15.420000,15.360000,15.370000,15.216607,900
2021-07-12,15.080000,15.500000,15.080000,15.500000,15.345309,1200
2021-07-13,15.500000,15.500000,15.260000,15.460000,15.305709,1100
2021-07-14,15.460000,15.460000,15.460000,15.460000,15.305709,200
2021-07-15,15.150000,15.400000,15.000000,15.400000,15.246307,2000
2021-07-16,15.500000,15.500000,15.400000,15.500000,15.345309,2300
2021-07-19,15.030000,15.330000,15.030000,15.100000,14.949302,2800
2021-07-20,15.150000,15.200000,15.000000,15.000000,14.850300,3100
2021-07-21,15.200000,15.500000,14.940000,14.960000,14.810699,3500
2021-07-22,15.250000,15.460000,15.240000,15.300000,15.147305,2000
2021-07-23,15.000000,15.300000,15.000000,15.030000,14.880000,3100
2021-07-26,15.450000,15.500000,15.200000,15.300000,15.300000,2900
2021-07-27,15.200000,15.250000,14.840000,14.840000,14.840000,5900
2021-07-28,14.800000,15.050000,14.800000,15.050000,15.050000,1000
2021-07-29,15.150000,15.150000,15.150000,15.150000,15.150000,900
2021-07-30,14.780000,14.780000,14.340000,14.340000,14.340000,800
2021-08-02,15.000000,15.000000,14.400000,14.880000,14.880000,3600
2021-08-03,14.880000,14.880000,14.430000,14.850000,14.850000,2200
2021-08-04,14.720000,14.850000,14.720000,14.850000,14.850000,1700
2021-08-05,14.200000,14.540000,14.200000,14.540000,14.540000,4300
2021-08-06,14.520000,14.520000,14.020000,14.500000,14.500000,2700
2021-08-09,14.220000,14.430000,13.360000,14.050000,14.050000,900
2021-08-10,14.000000,14.000000,13.850000,13.850000,13.850000,500
2021-08-11,13.690000,14.460000,13.690000,14.250000,14.250000,15200
2021-08-12,14.240000,14.300000,13.670000,14.300000,14.300000,8300
2021-08-13,14.300000,14.300000,13.690000,13.690000,13.690000,900
2021-08-16,13.600000,13.910000,13.220000,13.800000,13.800000,7000
2021-08-17,13.840000,14.000000,13.240000,14.000000,14.000000,3500
2021-08-18,13.840000,14.000000,13.170000,13.750000,13.750000,2600
2021-08-19,13.500000,13.740000,13.220000,13.700000,13.700000,1500
2021-08-20,13.700000,13.700000,13.700000,13.700000,13.700000,0
2021-08-23,13.500000,13.500000,13.300000,13.440000,13.440000,3300
2021-08-24,13.400000,13.400000,13.350000,13.350000,13.350000,1600
2021-08-25,13.130000,13.130000,13.130000,13.130000,13.130000,500
2021-08-26,13.500000,13.500000,13.500000,13.500000,13.500000,600
2021-08-27,13.460000,13.480000,13.210000,13.210000,13.210000,1100
2021-08-30,13.390000,13.390000,13.200000,13.200000,13.200000,1200
2021-08-31,13.340000,13.340000,13.200000,13.200000,13.200000,1100
2021-09-01,13.500000,13.500000,13.500000,13.500000,13.500000,400
2021-09-02,13.320000,13.320000,13.180000,13.180000,13.180000,600
2021-09-03,12.460000,12.650000,12.350000,12.540000,12.540000,1900
2021-09-07,12.730000,13.100000,12.500000,12.580000,12.580000,2800
2021-09-08,12.350000,12.590000,12.170000,12.470000,12.470000,3700
2021-09-09,11.930000,11.930000,11.860000,11.860000,11.860000,5100
2021-09-10,11.350000,12.000000,11.000000,12.000000,12.000000,4900
2021-09-13,11.670000,13.250000,10.900000,13.250000,13.250000,5300
2021-09-14,13.250000,13.250000,11.660000,12.620000,12.620000,2600
2021-09-15,12.750000,13.500000,12.140000,13.500000,13.500000,8800
2021-09-16,13.500000,14.000000,12.680000,14.000000,14.000000,11900
2021-09-17,13.800000,14.280000,13.610000,14.280000,14.280000,4800
2021-09-20,13.770000,14.000000,13.300000,14.000000,14.000000,2200
2021-09-21,13.060000,13.820000,13.060000,13.820000,13.820000,4500
2021-09-22,13.770000,13.900000,12.730000,13.550000,13.550000,13400
2021-09-23,13.710000,13.850000,13.360000,13.850000,13.850000,5400
2021-09-24,13.250000,14.250000,13.000000,14.050000,14.050000,6400
2021-09-27,13.510000,14.000000,13.450000,13.890000,13.890000,12000
2021-09-28,13.720000,13.750000,13.000000,13.500000,13.500000,5600
2021-09-29,13.450000,13.500000,13.450000,13.500000,13.500000,2200
2021-09-30,13.000000,13.520000,13.000000,13.500000,13.500000,6100
2021-10-01,13.130000,13.850000,12.160000,13.350000,13.350000,20200
2021-10-04,13.510000,13.540000,13.250000,13.250000,13.250000,800
2021-10-05,13.250000,13.250000,13.250000,13.250000,13.250000,1100
2021-10-06,13.450000,13.700000,13.320000,13.320000,13.320000,7500
2021-10-07,13.250000,13.660000,13.030000,13.660000,13.660000,2000
2021-10-08,13.710000,13.710000,13.410000,13.480000,13.480000,500
2021-10-11,13.480000,13.500000,12.860000,13.110000,13.110000,1800
2021-10-12,13.000000,13.500000,13.000000,13.100000,13.100000,4100
2021-10-13,13.150000,13.150000,13.150000,13.150000,13.150000,700
2021-10-14,13.250000,13.400000,13.250000,13.400000,13.400000,1600
2021-10-15,13.300000,13.300000,12.800000,13.160000,13.160000,1700
2021-10-18,13.160000,13.160000,13.160000,13.160000,13.160000,0
2021-10-19,13.060000,13.560000,12.580000,13.000000,13.000000,23200
2021-10-20,13.350000,13.500000,12.520000,12.520000,12.520000,4500
2021-10-21,12.920000,12.950000,12.920000,12.950000,12.950000,400
2021-10-22,12.900000,13.030000,12.750000,12.750000,12.750000,1800
2021-10-25,12.750000,12.960000,12.610000,12.710000,12.710000,2600
2021-10-26,12.600000,13.000000,12.600000,12.750000,12.750000,3500
2021-10-27,12.750000,12.750000,12.750000,12.750000,12.750000,1100
2021-10-28,12.650000,12.730000,12.500000,12.500000,12.500000,2700
2021-10-29,12.520000,12.770000,11.710000,11.710000,11.710000,4300
2021-11-01,11.890000,12.800000,11.660000,12.340000,12.340000,7400
2021-11-02,12.440000,12.510000,12.010000,12.390000,12.390000,5800
2021-11-03,12.420000,12.800000,12.080000,12.750000,12.750000,11600
2021-11-04,12.850000,12.850000,11.370000,11.560000,11.560000,8000
2021-11-05,11.650000,11.750000,11.320000,11.700000,11.700000,4200
2021-11-08,11.290000,11.290000,10.830000,10.950000,10.950000,3200
2021-11-09,11.000000,11.010000,9.810000,9.990000,9.990000,35500
2021-11-10,10.950000,12.040000,10.680000,11.450000,11.450000,5600
2021-11-11,11.420000,11.420000,11.420000,11.420000,11.420000,1100
2021-11-12,11.560000,11.850000,11.120000,11.610000,11.610000,8600
2021-11-15,11.330000,11.480000,11.260000,11.480000,11.480000,3900
2021-11-16,11.420000,12.030000,11.250000,11.290000,11.290000,3600
2021-11-17,11.650000,15.000000,11.140000,14.600000,14.600000,239700
2021-11-18,14.990000,15.000000,14.000000,14.430000,14.430000,55900
2021-11-19,15.000000,15.500000,14.400000,14.500000,14.500000,35000
2021-11-22,15.000000,15.200000,14.750000,15.000000,15.000000,17300
2021-11-23,15.240000,15.240000,14.720000,15.060000,15.060000,16000
2021-11-24,15.080000,15.250000,14.950000,15.240000,15.240000,9500
2021-11-26,15.250000,15.320000,15.120000,15.230000,15.230000,7300
2021-11-29,15.500000,15.500000,15.110000,15.470000,15.470000,12200
2021-11-30,15.500000,15.500000,15.350000,15.370000,15.370000,10100
2021-12-01,15.500000,15.940000,15.250000,15.530000,15.530000,13800
2021-12-02,15.550000,15.890000,15.500000,15.790000,15.790000,8400
2021-12-03,15.350000,15.500000,15.200000,15.350000,15.350000,7200
2021-12-06,15.350000,15.450000,15.350000,15.360000,15.360000,3900
2021-12-07,15.500000,15.500000,15.480000,15.500000,15.500000,2300
2021-12-08,15.500000,15.500000,15.460000,15.480000,15.480000,2900
2021-12-09,15.450000,15.500000,15.300000,15.300000,15.300000,3700
2021-12-10,15.400000,15.430000,15.350000,15.430000,15.430000,4600
2021-12-13,15.500000,15.500000,14.710000,14.710000,14.710000,10700
2021-12-14,14.870000,14.870000,14.650000,14.650000,14.650000,3200
2021-12-15,15.470000,15.570000,14.690000,15.570000,15.570000,12300
2021-12-16,14.980000,15.570000,14.500000,15.570000,15.570000,29200
2021-12-17,14.730000,15.470000,14.600000,15.470000,15.470000,19100
2021-12-20,15.000000,15.100000,15.000000,15.070000,15.070000,1400
2021-12-21,15.400000,15.400000,15.060000,15.230000,15.230000,3000
2021-12-22,15.060000,15.200000,15.060000,15.200000,15.200000,1800
2021-12-23,15.000000,15.000000,14.800000,14.800000,14.800000,6000
2021-12-27,14.900000,15.000000,14.900000,14.970000,14.970000,2500
2021-12-28,14.890000,15.310000,14.870000,15.310000,15.310000,4100
2021-12-29,15.230000,15.250000,15.050000,15.050000,15.050000,1400
2021-12-30,14.910000,15.230000,14.680000,15.160000,15.160000,2700
2021-12-31,14.710000,15.250000,14.110000,14.510000,14.510000,30700
2022-01-03,14.570000,14.880000,14.570000,14.880000,14.880000,1000
2022-01-04,14.950000,14.950000,14.550000,14.600000,14.600000,2000
2022-01-05,14.740000,14.940000,14.370000,14.420000,14.420000,2200
2022-01-06,14.490000,14.950000,14.490000,14.950000,14.950000,800
2022-01-07,14.910000,14.910000,14.390000,14.900000,14.900000,1800
2022-01-10,14.740000,15.200000,14.310000,15.200000,15.200000,19200
2022-01-11,15.700000,15.700000,15.450000,15.610000,15.610000,6400
2022-01-12,15.690000,15.690000,15.520000,15.680000,15.680000,5100
2022-01-13,15.700000,15.750000,15.280000,15.280000,15.280000,4300
2022-01-14,15.030000,15.700000,14.950000,15.300000,15.300000,7000
2022-01-18,15.300000,15.300000,14.950000,15.190000,15.190000,5000
2022-01-19,15.200000,15.200000,15.060000,15.150000,15.150000,1100
2022-01-20,15.200000,15.200000,13.700000,13.700000,13.700000,11100
2022-01-21,13.900000,14.950000,13.900000,14.100000,14.100000,8200
2022-01-24,13.900000,13.970000,13.600000,13.840000,13.840000,2900
2022-01-25,13.840000,13.980000,13.840000,13.980000,13.980000,2200
2022-01-26,13.800000,13.890000,13.610000,13.610000,13.610000,4800
2022-01-27,13.650000,13.650000,12.400000,13.090000,13.090000,14100
2022-01-28,12.560000,13.780000,12.000000,12.340000,12.340000,8500
2022-01-31,12.610000,12.610000,11.320000,11.660000,11.660000,17300
2022-02-01,12.390000,12.390000,12.090000,12.360000,12.360000,4100
2022-02-02,12.840000,13.190000,11.680000,12.060000,12.060000,69200
2022-02-03,12.540000,12.540000,11.520000,12.520000,12.520000,8300
2022-02-04,12.500000,13.000000,12.130000,12.870000,12.870000,7200
2022-02-07,12.870000,13.450000,12.310000,13.450000,13.450000,7200
2022-02-08,13.090000,13.090000,12.160000,12.850000,12.850000,5600
2022-02-09,12.860000,13.450000,12.860000,13.000000,13.000000,3700
2022-02-10,12.660000,13.250000,12.310000,13.250000,13.250000,4600
2022-02-11,13.000000,13.180000,12.250000,12.500000,12.500000,3400
2022-02-14,12.440000,13.230000,12.260000,13.170000,13.170000,2300
2022-02-15,12.910000,12.910000,12.010000,12.450000,12.450000,11300
2022-02-16,12.380000,12.510000,12.200000,12.300000,12.300000,5400
2022-02-17,12.150000,12.250000,11.760000,11.760000,11.760000,4200
2022-02-18,12.000000,12.190000,11.100000,11.100000,11.100000,5300
2022-02-22,11.500000,12.430000,11.160000,11.500000,11.500000,7100
2022-02-23,12.300000,12.300000,11.610000,11.710000,11.710000,4600
2022-02-24,10.920000,11.160000,8.430000,10.870000,10.870000,25300
2022-02-25,10.780000,13.390000,10.780000,13.220000,13.220000,16600
2022-02-28,13.390000,13.970000,12.670000,13.260000,13.260000,12500
2022-03-01,13.400000,13.500000,12.640000,13.010000,13.010000,16200
2022-03-02,12.850000,13.100000,12.850000,12.980000,12.980000,4400
2022-03-03,13.100000,13.100000,12.200000,12.810000,12.810000,11500
2022-03-04,12.450000,12.850000,12.430000,12.850000,12.850000,4200
2022-03-07,12.560000,13.000000,12.300000,12.300000,12.300000,6400
2022-03-08,12.340000,12.510000,11.910000,12.130000,12.130000,6200
2022-03-09,12.330000,12.500000,11.970000,11.970000,11.970000,6300
2022-03-10,12.930000,12.930000,11.240000,11.770000,11.770000,11400
2022-03-11,11.980000,11.990000,11.740000,11.750000,11.750000,4000
2022-03-14,11.750000,11.750000,11.250000,11.300000,11.300000,2200
2022-03-15,11.520000,11.750000,11.260000,11.260000,11.260000,9700
2022-03-16,11.280000,11.740000,11.280000,11.630000,11.630000,3800
2022-03-17,11.610000,12.630000,11.240000,11.680000,11.680000,24000
2022-03-18,11.700000,11.900000,11.700000,11.900000,11.900000,19300
2022-03-21,12.380000,12.500000,12.020000,12.350000,12.350000,9200
2022-03-22,12.000000,12.090000,11.810000,12.050000,12.050000,9300
2022-03-23,11.740000,11.740000,11.740000,11.740000,11.740000,600
2022-03-24,12.250000,12.490000,11.300000,11.320000,11.320000,14200
2022-03-25,11.800000,11.940000,11.240000,11.560000,11.560000,2300
2022-03-28,11.490000,11.930000,11.010000,11.150000,11.150000,11000
2022-03-29,11.070000,11.880000,11.070000,11.470000,11.470000,1300
2022-03-30,11.400000,11.940000,11.000000,11.940000,11.940000,15900
2022-03-31,11.600000,11.600000,11.270000,11.450000,11.450000,4300
2022-04-01,11.320000,11.320000,11.060000,11.060000,11.060000,1900
2022-04-04,11.320000,11.320000,10.800000,10.970000,10.970000,7200
2022-04-05,10.500000,11.000000,10.500000,10.960000,10.960000,2800
2022-04-06,10.290000,11.160000,10.000000,10.700000,10.700000,10400
2022-04-07,10.480000,11.100000,10.030000,11.100000,11.100000,3600
2022-04-08,10.430000,11.310000,10.430000,11.310000,11.310000,800
2022-04-11,10.980000,10.980000,10.400000,10.690000,10.690000,2300
2022-04-12,10.500000,10.580000,10.500000,10.580000,10.580000,1100
2022-04-13,10.600000,10.910000,10.030000,10.150000,10.150000,17500
2022-04-14,10.020000,10.250000,9.800000,10.010000,10.010000,6900
2022-04-18,10.120000,10.250000,10.020000,10.030000,10.030000,6400
2022-04-19,10.280000,10.280000,10.020000,10.020000,10.020000,8600
2022-04-20,9.640000,10.150000,9.640000,9.960000,9.960000,3700
2022-04-21,9.710000,10.300000,9.710000,9.950000,9.950000,5200
2022-04-22,10.050000,10.150000,9.960000,10.140000,10.140000,5000
2022-04-25,10.040000,10.280000,9.840000,10.280000,10.280000,3200
2022-04-26,10.300000,10.300000,9.700000,9.850000,9.850000,6300
2022-04-27,10.000000,10.300000,9.710000,9.720000,9.720000,3700
2022-04-28,9.600000,10.090000,9.600000,9.680000,9.680000,2500
2022-04-29,9.650000,9.860000,9.620000,9.620000,9.620000,3400
2022-05-02,9.640000,10.300000,9.640000,9.810000,9.810000,4600
2022-05-03,9.900000,10.090000,9.690000,9.690000,9.690000,2900
2022-05-04,9.760000,10.300000,9.710000,10.090000,10.090000,1700
2022-05-05,10.180000,10.200000,9.820000,9.880000,9.880000,2000
2022-05-06,9.970000,10.250000,9.850000,9.860000,9.860000,2800
2022-05-09,9.910000,10.600000,9.880000,10.240000,10.240000,4400
2022-05-10,10.190000,10.190000,9.880000,9.890000,9.890000,2700
2022-05-11,9.920000,10.400000,9.920000,9.920000,9.920000,2000
2022-05-12,10.260000,11.120000,10.100000,10.900000,10.900000,8500
2022-05-13,10.900000,11.260000,10.800000,11.030000,11.030000,3800
2022-05-16,11.030000,11.800000,11.030000,11.800000,11.800000,3500
2022-05-17,11.680000,11.920000,11.550000,11.920000,11.920000,900
2022-05-18,11.770000,11.770000,11.770000,11.770000,11.770000,500
2022-05-19,11.120000,11.920000,11.110000,11.550000,11.550000,4500
2022-05-20,11.310000,11.530000,10.670000,10.670000,10.670000,9000
2022-05-23,11.360000,11.360000,11.040000,11.040000,11.040000,1700
2022-05-24,10.540000,10.980000,10.290000,10.710000,10.710000,7300
2022-05-25,10.000000,10.690000,10.000000,10.100000,10.100000,18700
2022-05-26,10.090000,10.920000,10.090000,10.430000,10.430000,4500
2022-05-27,10.280000,10.700000,10.100000,10.100000,10.100000,7400
2022-05-31,10.000000,10.370000,10.000000,10.210000,10.210000,3900
2022-06-01,10.350000,10.500000,10.210000,10.210000,10.210000,4000
2022-06-02,10.210000,10.470000,9.960000,10.130000,10.130000,11100
2022-06-03,9.950000,10.470000,9.950000,10.390000,10.390000,6600
2022-06-06,10.360000,10.430000,9.950000,10.130000,10.130000,12200
2022-06-07,10.030000,10.390000,10.020000,10.200000,10.200000,3400
2022-06-08,9.680000,10.540000,9.680000,10.350000,10.350000,17700
2022-06-09,10.010000,10.830000,10.010000,10.600000,10.600000,3100
2022-06-10,10.720000,11.250000,10.570000,11.000000,11.000000,4700
2022-06-13,10.940000,10.940000,10.660000,10.750000,10.750000,4000
2022-06-14,10.750000,11.300000,10.740000,10.990000,10.990000,7000
2022-06-15,11.300000,11.850000,11.030000,11.030000,11.030000,9700
2022-06-16,10.840000,11.200000,10.150000,11.180000,11.180000,9700
2022-06-17,11.350000,11.950000,10.610000,11.950000,11.950000,10800
2022-06-21,11.790000,12.420000,11.790000,12.220000,12.220000,3000
2022-06-22,12.200000,12.500000,11.900000,11.930000,11.930000,5200
2022-06-23,12.000000,12.500000,11.870000,11.870000,11.870000,4500
2022-06-24,11.710000,12.370000,11.270000,12.050000,12.050000,3600
2022-06-27,12.400000,12.500000,12.120000,12.200000,12.200000,3200
2022-06-28,12.200000,12.200000,11.900000,12.150000,12.150000,5300
2022-06-29,12.000000,12.000000,11.200000,11.200000,11.200000,2900
2022-06-30,12.320000,12.500000,10.310000,10.800000,10.800000,33600
2022-07-01,11.210000,11.210000,10.600000,10.790000,10.790000,7000
2022-07-05,10.300000,10.450000,9.600000,9.870000,9.870000,40000
2022-07-06,9.920000,10.160000,9.550000,9.590000,9.590000,14400
2022-07-07,9.600000,10.790000,9.600000,10.340000,10.340000,7600
2022-07-08,10.270000,10.270000,10.270000,10.270000,10.270000,500
2022-07-11,10.180000,10.400000,10.000000,10.340000,10.340000,3800
2022-07-12,10.000000,10.150000,10.000000,10.060000,10.060000,3900
2022-07-13,9.900000,10.700000,9.880000,10.210000,10.210000,2700
2022-07-14,10.380000,10.950000,10.100000,10.830000,10.830000,3200
2022-07-15,10.000000,11.990000,10.000000,11.700000,11.700000,5800
2022-07-18,11.410000,11.740000,10.620000,11.020000,11.020000,14800
2022-07-19,10.660000,11.000000,10.140000,11.000000,11.000000,10200
2022-07-20,10.700000,11.320000,10.370000,10.890000,10.890000,10400
2022-07-21,10.800000,11.400000,10.800000,11.380000,11.380000,5600
2022-07-22,11.230000,11.300000,10.450000,10.450000,10.450000,5200
2022-07-25,10.690000,11.070000,10.350000,10.430000,10.430000,12200
2022-07-26,10.400000,10.940000,10.380000,10.830000,10.830000,13200
2022-07-27,10.940000,11.490000,10.940000,11.040000,11.040000,2000
2022-07-28,10.500000,11.150000,10.500000,10.900000,10.900000,3000
2022-07-29,10.680000,10.680000,10.680000,10.680000,10.680000,1600
2022-08-01,10.900000,11.400000,10.740000,11.400000,11.400000,5800
2022-08-02,11.400000,11.400000,11.010000,11.010000,11.010000,2700
2022-08-03,11.240000,11.350000,10.740000,11.350000,11.350000,8400
2022-08-04,11.290000,11.290000,10.850000,11.150000,11.150000,1400
2022-08-05,11.300000,11.550000,10.900000,10.900000,10.900000,2600
2022-08-08,10.900000,11.660000,10.900000,11.220000,11.220000,2700
2022-08-09,11.010000,11.400000,11.000000,11.400000,11.400000,2000
2022-08-10,11.450000,11.590000,11.350000,11.570000,11.570000,3600
2022-08-11,11.650000,12.000000,11.290000,11.290000,11.290000,7700
2022-08-12,11.650000,11.920000,11.600000,11.800000,11.800000,5100
2022-08-15,11.530000,11.830000,11.300000,11.500000,11.500000,8800
2022-08-16,11.500000,11.500000,11.250000,11.400000,11.400000,8200
2022-08-17,11.280000,11.550000,11.000000,11.010000,11.010000,14100
2022-08-18,11.100000,11.360000,10.490000,10.520000,10.520000,17600
2022-08-19,10.310000,11.390000,10.310000,11.080000,11.080000,7200
2022-08-22,11.250000,11.400000,9.970000,10.260000,10.260000,17400
2022-08-23,10.390000,10.570000,10.000000,10.390000,10.390000,14800
2022-08-24,9.910000,10.630000,9.790000,10.630000,10.630000,16200
2022-08-25,10.500000,10.630000,10.310000,10.500000,10.500000,6400
2022-08-26,10.770000,11.000000,10.200000,10.490000,10.490000,12300
2022-08-29,10.430000,11.040000,10.330000,10.510000,10.510000,4700
2022-08-30,10.650000,11.100000,10.500000,11.100000,11.100000,16000
2022-08-31,11.000000,11.000000,10.600000,10.750000,10.750000,2700
2022-09-01,10.580000,11.000000,10.410000,10.580000,10.580000,6900
2022-09-02,10.510000,10.900000,10.220000,10.220000,10.220000,4000
2022-09-06,10.010000,10.170000,9.680000,10.000000,10.000000,15100
2022-09-07,10.200000,10.500000,10.200000,10.350000,10.350000,7700
2022-09-08,10.450000,10.500000,10.230000,10.300000,10.300000,4900
2022-09-09,10.400000,10.480000,10.300000,10.300000,10.300000,5800
2022-09-12,10.300000,10.400000,9.800000,9.900000,9.900000,15500
2022-09-13,9.950000,10.400000,9.700000,10.200000,10.200000,14300
2022-09-14,10.180000,10.300000,9.800000,10.010000,10.010000,5000
2022-09-15,10.230000,10.230000,10.230000,10.230000,10.230000,700
2022-09-16,10.020000,10.300000,9.680000,9.680000,9.680000,9200
2022-09-19,9.730000,9.800000,9.520000,9.750000,9.750000,5200
2022-09-20,9.710000,10.000000,9.290000,9.630000,9.630000,5600
2022-09-21,9.630000,9.970000,9.570000,9.570000,9.570000,1100
2022-09-22,9.600000,9.610000,9.260000,9.260000,9.260000,4500
2022-09-23,8.910000,8.950000,8.510000,8.650000,8.650000,15500
2022-09-26,8.650000,8.900000,8.510000,8.650000,8.650000,12800
2022-09-27,8.790000,9.310000,8.750000,9.110000,9.110000,13100
2022-09-28,8.860000,9.680000,8.560000,9.350000,9.350000,14100
2022-09-29,9.500000,10.000000,9.500000,9.510000,9.510000,4700
2022-09-30,9.920000,9.950000,9.280000,9.610000,9.610000,4800
2022-10-03,9.710000,10.300000,9.710000,10.060000,10.060000,8000
2022-10-04,10.210000,10.250000,9.930000,10.100000,10.100000,5300
2022-10-05,10.050000,10.400000,10.000000,10.070000,10.070000,4300
2022-10-06,10.400000,10.700000,10.400000,10.650000,10.650000,5400
2022-10-07,10.600000,10.970000,10.090000,10.790000,10.790000,14300
2022-10-10,10.790000,11.200000,10.790000,11.200000,11.200000,4500
2022-10-11,11.100000,11.360000,10.700000,11.260000,11.260000,13900
2022-10-12,11.240000,11.880000,11.150000,11.530000,11.530000,12800
2022-10-13,11.320000,11.880000,11.320000,11.590000,11.590000,8800
2022-10-14,11.650000,11.790000,11.040000,11.530000,11.530000,16100
2022-10-17,11.520000,11.760000,11.380000,11.760000,11.760000,2300
2022-10-18,11.740000,12.650000,11.590000,11.590000,11.590000,10600
2022-10-19,11.830000,12.030000,11.550000,11.550000,11.550000,20300
2022-10-20,12.030000,12.030000,11.110000,11.450000,11.450000,9300
2022-10-21,11.570000,11.570000,10.950000,11.250000,11.250000,10500
2022-10-24,11.110000,11.130000,10.280000,10.650000,10.650000,12100
2022-10-25,10.990000,11.000000,10.270000,10.600000,10.600000,22700
2022-10-26,10.500000,10.800000,10.400000,10.500000,10.500000,14800
2022-10-27,10.470000,10.720000,10.440000,10.700000,10.700000,4300
2022-10-28,10.830000,10.980000,10.830000,10.980000,10.980000,1100
2022-10-31,10.980000,11.600000,10.950000,11.180000,11.180000,10900
2022-11-01,11.200000,11.690000,10.660000,10.970000,10.970000,5100
2022-11-02,10.970000,12.000000,10.970000,11.740000,11.740000,9400
2022-11-03,11.490000,12.000000,11.490000,11.940000,11.940000,6400
2022-11-04,11.900000,12.230000,11.580000,11.580000,11.580000,13800
2022-11-07,11.700000,12.000000,11.610000,11.730000,11.730000,3500
2022-11-08,11.730000,11.730000,11.730000,11.730000,11.730000,0
2022-11-09,11.710000,11.760000,11.650000,11.650000,11.650000,7200
2022-11-10,11.950000,12.000000,11.950000,12.000000,12.000000,800
2022-11-11,11.990000,12.050000,11.230000,11.680000,11.680000,5500
2022-11-14,11.420000,11.420000,10.700000,11.080000,11.080000,1800
2022-11-15,11.000000,11.440000,10.570000,11.090000,11.090000,10300
2022-11-16,10.980000,11.360000,10.960000,11.250000,11.250000,10100
2022-11-17,10.990000,11.440000,10.990000,11.320000,11.320000,4900
2022-11-18,11.340000,13.800000,11.050000,13.300000,13.300000,123200
2022-11-21,14.380000,14.380000,13.390000,14.300000,14.300000,49900
2022-11-22,14.000000,14.260000,13.600000,14.100000,14.100000,26900
2022-11-23,14.290000,14.530000,13.500000,14.400000,14.400000,20300
2022-11-25,14.370000,14.910000,13.890000,14.120000,14.120000,5900
2022-11-28,14.150000,14.160000,13.740000,13.850000,13.850000,24000
2022-11-29,13.800000,14.050000,13.620000,13.870000,13.870000,12000
2022-11-30,14.160000,14.500000,13.870000,14.490000,14.490000,16200
2022-12-01,14.470000,14.650000,14.100000,14.560000,14.560000,8400
2022-12-02,14.400000,14.600000,14.230000,14.600000,14.600000,5400
2022-12-05,14.320000,14.500000,13.750000,14.400000,14.400000,3900
2022-12-06,14.160000,14.300000,13.860000,14.100000,14.100000,5400
2022-12-07,14.100000,14.290000,13.560000,13.960000,13.960000,14100
2022-12-08,13.710000,14.000000,13.510000,13.950000,13.950000,7200
2022-12-09,14.000000,14.000000,13.810000,13.880000,13.880000,4700
2022-12-12,13.880000,13.900000,13.580000,13.900000,13.900000,6900
2022-12-13,14.000000,14.300000,13.900000,13.930000,13.930000,7100
2022-12-14,14.200000,14.250000,13.930000,14.080000,14.080000,3000
2022-12-15,14.000000,14.240000,13.800000,14.230000,14.230000,15200
2022-12-16,14.030000,15.200000,13.920000,15.200000,15.200000,20000
2022-12-19,15.270000,15.700000,14.350000,14.840000,14.840000,17800
2022-12-20,14.850000,14.850000,14.130000,14.570000,14.570000,4700
2022-12-21,14.500000,14.790000,14.500000,14.560000,14.560000,3100
2022-12-22,14.250000,14.380000,14.080000,14.330000,14.330000,1800
2022-12-23,13.750000,14.400000,13.750000,14.400000,14.400000,2800
2022-12-27,13.900000,14.240000,13.780000,14.240000,14.240000,2900
2022-12-28,13.960000,13.960000,12.820000,13.110000,13.110000,20900
2022-12-29,13.570000,14.100000,13.190000,14.000000,14.000000,6600
2022-12-30,13.450000,13.970000,13.450000,13.970000,13.970000,4800
2023-01-03,13.720000,14.000000,13.650000,13.650000,13.650000,4000
2023-01-04,13.650000,13.890000,13.020000,13.400000,13.400000,5600
2023-01-05,13.430000,13.560000,13.160000,13.350000,13.350000,3200
2023-01-06,12.800000,13.600000,12.800000,13.600000,13.600000,5200
2023-01-09,13.500000,13.500000,13.050000,13.090000,13.090000,8200
2023-01-10,13.100000,13.800000,13.100000,13.620000,13.620000,6200
2023-01-11,13.450000,13.450000,13.450000,13.450000,13.450000,400
2023-01-12,13.700000,13.800000,13.480000,13.650000,13.650000,5800
2023-01-13,13.650000,14.000000,13.650000,13.930000,13.930000,7700
2023-01-17,13.890000,14.600000,13.750000,14.100000,14.100000,4800
2023-01-18,14.120000,14.450000,13.740000,14.000000,14.000000,6200
2023-01-19,14.000000,14.000000,13.330000,13.590000,13.590000,7300
2023-01-20,13.600000,13.870000,13.380000,13.600000,13.600000,8500
2023-01-23,13.470000,13.630000,13.310000,13.630000,13.630000,13300
2023-01-24,13.310000,13.650000,13.300000,13.640000,13.640000,3600
2023-01-25,13.680000,13.900000,13.520000,13.660000,13.660000,6900
2023-01-26,13.820000,13.850000,13.790000,13.800000,13.800000,2600
2023-01-27,13.850000,13.900000,13.700000,13.850000,13.850000,3300
2023-01-30,13.610000,13.950000,13.510000,13.720000,13.720000,5600
2023-01-31,13.890000,14.000000,13.440000,14.000000,14.000000,3600
2023-02-01,14.100000,14.250000,13.900000,14.150000,14.150000,2900
2023-02-02,14.250000,14.440000,14.020000,14.030000,14.030000,8100
2023-02-03,14.230000,14.500000,13.990000,14.360000,14.360000,8500
2023-02-06,14.550000,14.550000,13.880000,14.250000,14.250000,2900
2023-02-07,14.180000,14.200000,13.810000,14.020000,14.020000,6300
2023-02-08,14.070000,14.200000,13.620000,14.130000,14.130000,6600
2023-02-09,13.810000,13.810000,13.110000,13.380000,13.380000,24600
2023-02-10,13.460000,14.250000,13.220000,14.250000,14.250000,41400
2023-02-13,14.060000,14.220000,13.750000,14.220000,14.220000,3100
2023-02-14,13.790000,14.010000,13.440000,13.700000,13.700000,11500
2023-02-15,13.410000,13.860000,13.410000,13.790000,13.790000,12600
2023-02-16,13.840000,14.190000,13.700000,14.190000,14.190000,11500
2023-02-17,14.250000,14.400000,14.100000,14.250000,14.250000,3500
2023-02-21,14.140000,14.220000,13.710000,14.220000,14.220000,7300
2023-02-22,14.370000,14.400000,13.880000,13.880000,13.880000,2200
2023-02-23,13.850000,14.200000,13.680000,14.000000,14.000000,5700
2023-02-24,13.760000,14.200000,13.730000,14.010000,14.010000,16400
2023-02-27,14.010000,14.010000,13.400000,13.650000,13.650000,11200
2023-02-28,13.830000,13.830000,13.250000,13.650000,13.650000,8700
2023-03-01,13.520000,13.700000,13.240000,13.310000,13.310000,4500
2023-03-02,13.760000,13.760000,13.760000,13.760000,13.760000,700
2023-03-03,13.450000,13.800000,13.450000,13.690000,13.690000,4500
2023-03-06,13.470000,13.690000,13.450000,13.650000,13.650000,5900
2023-03-07,13.690000,13.690000,13.550000,13.550000,13.550000,4100
2023-03-08,13.410000,13.410000,13.060000,13.130000,13.130000,1700
2023-03-09,13.050000,13.480000,13.050000,13.480000,13.480000,2500
2023-03-10,13.450000,13.500000,13.200000,13.470000,13.470000,6300
2023-03-13,13.010000,13.460000,13.010000,13.020000,13.020000,3500
2023-03-14,13.160000,13.470000,13.160000,13.200000,13.200000,6700
2023-03-15,13.200000,13.350000,13.000000,13.350000,13.350000,2900
2023-03-16,13.360000,13.700000,13.220000,13.220000,13.220000,10600
2023-03-17,13.170000,13.330000,12.920000,12.920000,12.920000,7600
2023-03-20,13.280000,13.560000,13.220000,13.460000,13.460000,4300
2023-03-21,13.240000,13.650000,13.000000,13.050000,13.050000,10300
2023-03-22,13.050000,13.050000,13.050000,13.050000,13.050000,1600
2023-03-23,13.190000,13.290000,13.160000,13.250000,13.250000,2700
2023-03-24,13.030000,13.480000,13.000000,13.470000,13.470000,4100
2023-03-27,13.470000,13.470000,13.470000,13.470000,13.470000,300
2023-03-28,13.250000,13.500000,13.250000,13.400000,13.400000,4600
2023-03-29,13.030000,13.390000,12.890000,13.220000,13.220000,8100
2023-03-30,13.200000,13.200000,12.880000,13.090000,13.090000,3100
2023-03-31,12.880000,13.350000,12.880000,13.350000,13.350000,6300
2023-04-03,13.000000,13.400000,12.830000,12.830000,12.830000,7100
2023-04-04,13.100000,13.340000,12.830000,13.280000,13.280000,2300
2023-04-05,13.000000,13.140000,12.980000,12.990000,12.990000,1600
2023-04-06,12.900000,13.280000,12.900000,13.220000,13.220000,6300
2023-04-10,13.150000,13.440000,12.950000,13.390000,13.390000,4700
2023-04-11,13.380000,13.570000,13.380000,13.570000,13.570000,1500
2023-04-12,13.460000,13.590000,13.250000,13.440000,13.440000,5900
2023-04-13,13.310000,13.400000,13.310000,13.400000,13.400000,300
2023-04-14,13.280000,13.490000,13.180000,13.180000,13.180000,3500
2023-04-17,13.400000,13.500000,13.270000,13.310000,13.310000,2900
2023-04-18,13.440000,13.500000,13.440000,13.500000,13.500000,2300
2023-04-19,13.080000,13.440000,13.080000,13.320000,13.320000,2000
2023-04-20,13.330000,13.330000,13.330000,13.330000,13.330000,400
2023-04-21,13.380000,13.380000,13.380000,13.380000,13.380000,300
2023-04-24,13.220000,13.500000,13.220000,13.290000,13.290000,3000
2023-04-25,12.900000,13.400000,12.900000,13.290000,13.290000,3600
2023-04-26,13.260000,13.490000,13.130000,13.130000,13.130000,3800
2023-04-27,13.470000,13.700000,13.450000,13.600000,13.600000,2900
2023-04-28,13.600000,13.810000,13.600000,13.800000,13.800000,5600
2023-05-01,13.720000,13.810000,13.380000,13.610000,13.610000,4000
2023-05-02,13.520000,13.950000,13.500000,13.640000,13.640000,1700
2023-05-03,13.000000,13.780000,13.000000,13.610000,13.610000,3300
2023-05-04,13.980000,13.980000,13.760000,13.880000,13.880000,3200
2023-05-05,13.750000,13.780000,13.750000,13.780000,13.780000,400
2023-05-08,13.950000,14.020000,13.850000,14.010000,14.010000,5800
2023-05-09,13.720000,13.950000,13.690000,13.950000,13.950000,700
2023-05-10,14.120000,14.120000,13.550000,13.550000,13.550000,800
2023-05-11,13.920000,13.920000,13.390000,13.880000,13.880000,2500
2023-05-12,13.510000,14.050000,13.510000,14.010000,14.010000,5300
2023-05-15,13.680000,13.970000,13.520000,13.700000,13.700000,4300
2023-05-16,13.600000,13.650000,13.540000,13.540000,13.540000,2400
2023-05-17,13.420000,13.570000,13.420000,13.570000,13.570000,1500
2023-05-18,13.730000,13.730000,13.600000,13.600000,13.600000,400
2023-05-19,13.720000,14.390000,13.720000,14.270000,14.270000,1900
2023-05-22,14.000000,14.380000,14.000000,14.250000,14.250000,3200
2023-05-23,14.020000,14.180000,13.800000,14.180000,14.180000,3100
2023-05-24,14.020000,14.150000,14.020000,14.150000,14.150000,800
2023-05-25,13.970000,14.000000,13.810000,13.900000,13.900000,2200
2023-05-26,13.890000,14.060000,13.890000,13.990000,13.990000,3700
2023-05-30,13.990000,13.990000,13.710000,13.750000,13.750000,4100
2023-05-31,13.850000,14.100000,13.700000,14.000000,14.000000,3000
2023-06-01,14.000000,14.000000,13.810000,13.810000,13.810000,1300
2023-06-02,13.820000,14.070000,13.720000,14.030000,14.030000,7200
2023-06-05,13.870000,14.000000,13.830000,13.830000,13.830000,3200
2023-06-06,13.880000,13.880000,13.650000,13.720000,13.720000,1300
2023-06-07,13.780000,14.150000,13.780000,14.150000,14.150000,3200
2023-06-08,13.810000,14.000000,13.640000,14.000000,14.000000,3900
2023-06-09,13.660000,13.820000,13.660000,13.710000,13.710000,1100
2023-06-12,13.650000,14.000000,13.620000,13.800000,13.800000,5200
2023-06-13,13.650000,13.880000,13.650000,13.710000,13.710000,2000
2023-06-14,13.700000,14.000000,13.600000,13.600000,13.600000,2900
2023-06-15,13.600000,13.600000,13.580000,13.580000,13.580000,1000
2023-06-16,13.500000,13.920000,13.500000,13.870000,13.870000,7200
2023-06-20,13.860000,13.970000,13.520000,13.520000,13.520000,3400
2023-06-21,13.500000,13.920000,13.500000,13.910000,13.910000,4300
2023-06-22,13.610000,14.000000,13.460000,14.000000,14.000000,2300
2023-06-23,13.850000,14.000000,13.820000,13.960000,13.960000,2600
2023-06-26,13.670000,13.850000,13.670000,13.850000,13.850000,700
2023-06-27,14.000000,14.050000,13.950000,14.000000,14.000000,1600
2023-06-28,13.810000,14.100000,13.620000,13.630000,13.630000,1500
2023-06-29,13.740000,13.740000,13.740000,13.740000,13.740000,400
2023-06-30,13.600000,14.000000,13.600000,13.830000,13.830000,3900
2023-07-03,13.850000,14.000000,13.520000,14.000000,14.000000,3900
2023-07-05,13.450000,13.790000,13.450000,13.670000,13.670000,2100
2023-07-06,13.600000,14.000000,13.590000,13.700000,13.700000,6600
2023-07-07,13.790000,14.000000,13.790000,13.950000,13.950000,900
2023-07-10,13.300000,13.990000,13.300000,13.880000,13.880000,6600
2023-07-11,13.710000,13.950000,13.710000,13.900000,13.900000,3100
2023-07-12,13.900000,14.100000,13.880000,14.100000,14.100000,9100
2023-07-13,13.930000,14.250000,13.540000,14.150000,14.150000,7200
2023-07-14,14.110000,14.530000,14.110000,14.300000,14.300000,5600
2023-07-17,14.310000,14.550000,14.150000,14.200000,14.200000,7200
2023-07-18,14.320000,14.500000,14.220000,14.470000,14.470000,5200
2023-07-19,14.270000,14.270000,14.030000,14.040000,14.040000,1700
2023-07-20,14.040000,14.040000,14.040000,14.040000,14.040000,400
2023-07-21,14.110000,14.500000,13.970000,14.020000,14.020000,1700
2023-07-24,13.990000,14.360000,13.530000,13.950000,13.950000,4200
2023-07-25,13.670000,14.250000,13.670000,14.130000,14.130000,3300
2023-07-26,14.100000,14.100000,13.840000,14.030000,14.030000,3200
2023-07-27,13.750000,14.180000,13.750000,14.180000,14.180000,900
2023-07-28,13.760000,14.140000,13.760000,13.830000,13.830000,4100
2023-07-31,13.830000,14.100000,13.600000,14.010000,14.010000,7400
2023-08-01,13.810000,14.050000,13.500000,14.050000,14.050000,1700
2023-08-02,14.000000,14.250000,13.840000,13.930000,13.930000,4900
2023-08-03,14.070000,14.130000,14.040000,14.130000,14.130000,1100
2023-08-04,13.950000,14.250000,13.950000,14.250000,14.250000,1100
2023-08-07,13.880000,14.250000,13.880000,14.140000,14.140000,1400
2023-08-08,14.000000,14.500000,13.910000,14.500000,14.500000,5400
2023-08-09,14.450000,14.450000,14.030000,14.050000,14.050000,2200
2023-08-10,14.000000,14.500000,14.000000,14.170000,14.170000,34100
2023-08-11,14.250000,14.480000,14.000000,14.160000,14.160000,21600
2023-08-14,14.160000,14.740000,14.160000,14.600000,14.600000,5800
2023-08-15,14.560000,14.730000,14.310000,14.310000,14.310000,5900
2023-08-16,14.300000,14.720000,14.040000,14.040000,14.040000,2100
2023-08-17,14.200000,14.200000,13.950000,13.950000,13.950000,3000
2023-08-18,13.950000,14.440000,13.850000,14.100000,14.100000,12400
2023-08-21,14.040000,14.090000,13.750000,13.910000,13.910000,10600
2023-08-22,13.640000,14.260000,13.640000,14.240000,14.240000,8600
2023-08-23,14.080000,14.250000,13.960000,13.960000,13.960000,7300
2023-08-24,13.960000,13.960000,13.950000,13.950000,13.950000,1500
2023-08-25,13.650000,14.060000,13.650000,14.060000,14.060000,2800
2023-08-28,13.860000,14.050000,13.810000,13.810000,13.810000,2100
2023-08-29,14.030000,14.230000,13.980000,14.050000,14.050000,2600
2023-08-30,14.050000,14.050000,14.050000,14.050000,14.050000,100
2023-08-31,14.120000,14.220000,14.120000,14.220000,14.220000,1300
2023-09-01,14.190000,14.330000,14.000000,14.000000,14.000000,4100
2023-09-05,13.840000,13.850000,13.840000,13.850000,13.850000,1000
2023-09-06,13.950000,14.000000,13.950000,14.000000,14.000000,3300
2023-09-07,14.000000,14.130000,13.900000,13.900000,13.900000,3100
2023-09-08,14.240000,14.240000,14.040000,14.130000,14.130000,2700
2023-09-11,14.000000,14.000000,14.000000,14.000000,14.000000,1300
2023-09-12,14.000000,14.000000,14.000000,14.000000,14.000000,300
2023-09-13,13.750000,14.020000,13.750000,14.000000,14.000000,3600
2023-09-14,14.100000,14.170000,14.100000,14.170000,14.170000,500
2023-09-15,14.160000,14.770000,13.930000,14.770000,14.770000,9000
2023-09-18,14.390000,14.410000,14.300000,14.400000,14.400000,4500
2023-09-19,14.000000,14.410000,14.000000,14.410000,14.410000,1000
2023-09-20,14.420000,14.420000,14.300000,14.300000,14.300000,3300
2023-09-21,14.110000,14.110000,14.100000,14.110000,14.110000,1700
2023-09-22,13.960000,14.250000,13.730000,14.150000,14.150000,1400
2023-09-25,13.700000,14.030000,13.500000,14.030000,14.030000,1700
2023-09-26,13.980000,13.980000,13.600000,13.980000,13.980000,3300
2023-09-27,14.050000,14.130000,14.050000,14.090000,14.090000,4800
2023-09-28,14.000000,14.040000,14.000000,14.000000,14.000000,3700
2023-09-29,14.000000,14.360000,13.980000,13.980000,13.980000,2400
2023-10-02,13.980000,13.980000,13.600000,13.860000,13.860000,1100
2023-10-03,13.860000,13.860000,13.860000,13.860000,13.860000,0
2023-10-04,13.840000,13.850000,13.610000,13.850000,13.850000,12200
2023-10-05,13.800000,13.800000,13.610000,13.610000,13.610000,3000
2023-10-06,13.690000,13.850000,13.500000,13.600000,13.600000,5800
2023-10-09,13.690000,13.780000,13.640000,13.780000,13.780000,3400
2023-10-10,13.630000,13.800000,13.630000,13.630000,13.630000,6600
2023-10-11,13.630000,13.630000,13.390000,13.510000,13.510000,5600
2023-10-12,13.520000,13.640000,13.290000,13.600000,13.600000,5300
2023-10-13,13.500000,13.600000,13.400000,13.600000,13.600000,2800
2023-10-16,13.500000,13.600000,13.500000,13.560000,13.560000,3600
2023-10-17,13.620000,13.620000,13.170000,13.170000,13.170000,5200
2023-10-18,13.200000,13.240000,13.150000,13.240000,13.240000,1400
2023-10-19,13.250000,13.500000,13.250000,13.360000,13.360000,1900
2023-10-20,13.490000,13.500000,13.400000,13.460000,13.460000,3200
2023-10-23,13.460000,13.460000,13.460000,13.460000,13.460000,0
2023-10-24,13.590000,13.920000,13.530000,13.700000,13.700000,4200
2023-10-25,13.700000,13.950000,13.250000,13.250000,13.250000,3000
2023-10-26,13.250000,13.850000,13.250000,13.720000,13.720000,1900
2023-10-27,13.720000,13.720000,13.720000,13.720000,13.720000,2800
2023-10-30,13.720000,13.860000,13.640000,13.640000,13.640000,5800
2023-10-31,13.400000,13.500000,13.400000,13.500000,13.500000,1300
2023-11-01,13.430000,13.430000,13.430000,13.430000,13.430000,400
2023-11-02,13.340000,13.900000,13.340000,13.720000,13.720000,2800
2023-11-03,13.420000,13.700000,13.420000,13.470000,13.470000,1600
2023-11-06,13.370000,13.740000,13.370000,13.420000,13.420000,2500
2023-11-07,13.350000,13.650000,13.350000,13.350000,13.350000,900
2023-11-08,13.740000,13.740000,13.740000,13.740000,13.740000,1100
2023-11-09,13.520000,13.740000,13.520000,13.740000,13.740000,37000
2023-11-10,13.360000,13.600000,13.360000,13.600000,13.600000,1800
2023-11-13,13.600000,13.650000,13.300000,13.600000,13.600000,6600
2023-11-14,13.500000,13.650000,13.500000,13.650000,13.650000,2300
2023-11-15,13.500000,13.690000,13.500000,13.650000,13.650000,3000
2023-11-16,13.310000,13.310000,13.310000,13.310000,13.310000,400
2023-11-17,13.540000,13.540000,13.540000,13.540000,13.540000,400
2023-11-20,13.350000,13.410000,13.120000,13.400000,13.400000,6400
2023-11-21,13.400000,13.410000,13.330000,13.330000,13.330000,2700
2023-11-22,13.420000,13.500000,13.420000,13.500000,13.500000,800
2023-11-24,13.360000,13.360000,13.360000,13.360000,13.360000,400
2023-11-27,13.500000,13.720000,13.200000,13.200000,13.200000,9400
2023-11-28,13.220000,13.500000,13.040000,13.190000,13.190000,3100
2023-11-29,13.380000,13.410000,13.060000,13.060000,13.060000,8300
2023-11-30,12.510000,13.500000,12.510000,13.230000,13.230000,5200
2023-12-01,12.900000,13.510000,12.900000,13.470000,13.470000,7700
2023-12-04,13.070000,13.470000,13.070000,13.140000,13.140000,5700
2023-12-05,13.480000,13.560000,13.480000,13.560000,13.560000,800
2023-12-06,13.500000,13.530000,13.480000,13.520000,13.520000,3100
2023-12-07,13.480000,13.570000,13.480000,13.570000,13.570000,5800
2023-12-08,13.580000,13.580000,13.570000,13.570000,13.570000,1800
2023-12-11,13.620000,13.720000,13.620000,13.720000,13.720000,300
2023-12-12,13.100000,13.580000,13.100000,13.570000,13.570000,1600
2023-12-13,13.610000,13.630000,13.280000,13.350000,13.350000,6000
2023-12-14,12.410000,13.500000,12.410000,13.220000,13.220000,8500
2023-12-15,13.150000,13.400000,13.110000,13.400000,13.400000,3300